Channel              :,CH1
Frequency            :,	?
Period               :,  ?
PK-PK                :,468.0mV?
Average              :,-1.026mV?
Vertical pos         :,-35.000000mV
Probe attenuation    :,1X
Voltage per ADC value:,0.125000mV
Time interval        :,2000.00000uS

index,CH1_Voltage(mV)
1,13.000000
2,13.000000
3,1.000000
4,21.000000
5,-3.000000
6,-5.000000
7,-3.000000
8,-1.000000
9,-3.000000
10,5.000000
11,7.000000
12,13.000000
13,3.000000
14,-1.000000
15,1.000000
16,-5.000000
17,-5.000000
18,-5.000000
19,1.000000
20,1.000000
21,3.000000
22,15.000000
23,-3.000000
24,-1.000000
25,1.000000
26,-1.000000
27,-3.000000
28,-3.000000
29,-3.000000
30,-1.000000
31,9.000000
32,5.000000
33,7.000000
34,1.000000
35,1.000000
36,-3.000000
37,-13.000000
38,-7.000000
39,-7.000000
40,1.000000
41,5.000000
42,7.000000
43,1.000000
44,-1.000000
45,3.000000
46,-3.000000
47,-7.000000
48,-5.000000
49,5.000000
50,-1.000000
51,7.000000
52,5.000000
53,7.000000
54,-1.000000
55,1.000000
56,-7.000000
57,-7.000000
58,-9.000000
59,-7.000000
60,-5.000000
61,1.000000
62,5.000000
63,3.000000
64,3.000000
65,1.000000
66,-7.000000
67,-5.000000
68,-7.000000
69,-3.000000
70,-3.000000
71,3.000000
72,3.000000
73,1.000000
74,-5.000000
75,9.000000
76,-5.000000
77,-7.000000
78,-7.000000
79,1.000000
80,-1.000000
81,5.000000
82,3.000000
83,7.000000
84,3.000000
85,5.000000
86,-1.000000
87,-5.000000
88,1.000000
89,-3.000000
90,-1.000000
91,5.000000
92,9.000000
93,1.000000
94,21.000000
95,3.000000
96,-5.000000
97,-5.000000
98,-3.000000
99,-1.000000
100,-1.000000
101,11.000000
102,7.000000
103,3.000000
104,-9.000000
105,-3.000000
106,-3.000000
107,-5.000000
108,13.000000
109,-3.000000
110,-3.000000
111,5.000000
112,25.000000
113,21.000000
114,1.000000
115,1.000000
116,-1.000000
117,-3.000000
118,-5.000000
119,-1.000000
120,-3.000000
121,7.000000
122,13.000000
123,17.000000
124,1.000000
125,5.000000
126,-5.000000
127,-33.000000
128,-5.000000
129,-1.000000
130,-1.000000
131,-11.000000
132,3.000000
133,5.000000
134,-1.000000
135,1.000000
136,-3.000000
137,-9.000000
138,-7.000000
139,-7.000000
140,-3.000000
141,-17.000000
142,5.000000
143,-3.000000
144,-1.000000
145,1.000000
146,-43.000000
147,-5.000000
148,-9.000000
149,-7.000000
150,1.000000
151,3.000000
152,7.000000
153,-1.000000
154,-1.000000
155,-1.000000
156,-1.000000
157,-9.000000
158,-7.000000
159,-1.000000
160,-7.000000
161,3.000000
162,3.000000
163,13.000000
164,1.000000
165,3.000000
166,11.000000
167,-5.000000
168,-1.000000
169,1.000000
170,-1.000000
171,9.000000
172,9.000000
173,-5.000000
174,5.000000
175,-1.000000
176,-11.000000
177,-5.000000
178,-9.000000
179,-3.000000
180,-3.000000
181,3.000000
182,-1.000000
183,19.000000
184,31.000000
185,3.000000
186,-5.000000
187,-1.000000
188,-11.000000
189,-3.000000
190,-1.000000
191,5.000000
192,25.000000
193,-11.000000
194,1.000000
195,-1.000000
196,-3.000000
197,-9.000000
198,-3.000000
199,1.000000
200,1.000000
201,1.000000
202,3.000000
203,9.000000
204,1.000000
205,1.000000
206,-7.000000
207,-1.000000
208,-5.000000
209,-1.000000
210,1.000000
211,7.000000
212,3.000000
213,1.000000
214,1.000000
215,-1.000000
216,1.000000
217,-27.000000
218,-7.000000
219,-3.000000
220,-1.000000
221,7.000000
222,1.000000
223,-1.000000
224,1.000000
225,1.000000
226,-3.000000
227,-11.000000
228,-7.000000
229,-7.000000
230,-1.000000
231,5.000000
232,3.000000
233,7.000000
234,-1.000000
235,7.000000
236,-7.000000
237,-7.000000
238,1.000000
239,13.000000
240,-1.000000
241,1.000000
242,5.000000
243,-1.000000
244,1.000000
245,1.000000
246,-5.000000
247,-9.000000
248,-5.000000
249,1.000000
250,-1.000000
251,7.000000
252,5.000000
253,1.000000
254,-21.000000
255,1.000000
256,-5.000000
257,-7.000000
258,13.000000
259,-3.000000
260,-1.000000
261,9.000000
262,5.000000
263,3.000000
264,-5.000000
265,7.000000
266,-7.000000
267,-7.000000
268,25.000000
269,-3.000000
270,1.000000
271,1.000000
272,-1.000000
273,-3.000000
274,3.000000
275,-3.000000
276,-3.000000
277,-9.000000
278,-5.000000
279,-3.000000
280,1.000000
281,3.000000
282,-3.000000
283,3.000000
284,3.000000
285,-3.000000
286,-1.000000
287,-13.000000
288,-1.000000
289,-3.000000
290,-3.000000
291,3.000000
292,15.000000
293,7.000000
294,-1.000000
295,-1.000000
296,-7.000000
297,1.000000
298,-7.000000
299,-1.000000
300,1.000000
301,15.000000
302,7.000000
303,-1.000000
304,1.000000
305,-1.000000
306,-5.000000
307,-5.000000
308,5.000000
309,1.000000
310,3.000000
311,7.000000
312,1.000000
313,1.000000
314,-1.000000
315,-1.000000
316,-5.000000
317,-7.000000
318,-11.000000
319,-1.000000
320,13.000000
321,-1.000000
322,7.000000
323,5.000000
324,-1.000000
325,3.000000
326,-7.000000
327,-11.000000
328,-11.000000
329,-21.000000
330,-1.000000
331,3.000000
332,5.000000
333,23.000000
334,-5.000000
335,-1.000000
336,-1.000000
337,-5.000000
338,-5.000000
339,-3.000000
340,-3.000000
341,3.000000
342,5.000000
343,23.000000
344,15.000000
345,-3.000000
346,-7.000000
347,-3.000000
348,-11.000000
349,-1.000000
350,-3.000000
351,1.000000
352,1.000000
353,1.000000
354,7.000000
355,-5.000000
356,-1.000000
357,-9.000000
358,-3.000000
359,-1.000000
360,5.000000
361,7.000000
362,7.000000
363,1.000000
364,-1.000000
365,1.000000
366,1.000000
367,-11.000000
368,-1.000000
369,-1.000000
370,-5.000000
371,1.000000
372,-29.000000
373,5.000000
374,-3.000000
375,5.000000
376,-7.000000
377,-7.000000
378,-3.000000
379,-1.000000
380,1.000000
381,11.000000
382,3.000000
383,3.000000
384,5.000000
385,1.000000
386,-5.000000
387,-5.000000
388,-7.000000
389,-7.000000
390,-3.000000
391,5.000000
392,3.000000
393,1.000000
394,1.000000
395,19.000000
396,-7.000000
397,-5.000000
398,13.000000
399,-1.000000
400,-1.000000
401,3.000000
402,1.000000
403,-7.000000
404,-1.000000
405,-3.000000
406,-7.000000
407,-7.000000
408,-19.000000
409,3.000000
410,1.000000
411,-3.000000
412,9.000000
413,-1.000000
414,11.000000
415,3.000000
416,-5.000000
417,-7.000000
418,-5.000000
419,-1.000000
420,1.000000
421,3.000000
422,9.000000
423,3.000000
424,-7.000000
425,1.000000
426,-3.000000
427,-7.000000
428,-13.000000
429,-3.000000
430,1.000000
431,3.000000
432,1.000000
433,11.000000
434,31.000000
435,1.000000
436,-5.000000
437,-9.000000
438,-3.000000
439,1.000000
440,-5.000000
441,5.000000
442,-1.000000
443,1.000000
444,1.000000
445,-1.000000
446,-3.000000
447,-11.000000
448,-7.000000
449,-3.000000
450,-5.000000
451,5.000000
452,27.000000
453,1.000000
454,1.000000
455,-1.000000
456,-1.000000
457,11.000000
458,-11.000000
459,-3.000000
460,1.000000
461,5.000000
462,3.000000
463,5.000000
464,-3.000000
465,-1.000000
466,-3.000000
467,7.000000
468,-9.000000
469,-7.000000
470,5.000000
471,3.000000
472,5.000000
473,-1.000000
474,1.000000
475,-1.000000
476,-5.000000
477,-11.000000
478,-11.000000
479,-1.000000
480,-1.000000
481,5.000000
482,3.000000
483,7.000000
484,1.000000
485,-3.000000
486,-3.000000
487,-5.000000
488,1.000000
489,-3.000000
490,-3.000000
491,-9.000000
492,1.000000
493,1.000000
494,5.000000
495,5.000000
496,3.000000
497,-3.000000
498,-9.000000
499,-3.000000
500,-1.000000
501,13.000000
502,5.000000
503,-1.000000
504,17.000000
505,1.000000
506,-21.000000
507,-5.000000
508,-7.000000
509,-1.000000
510,1.000000
511,9.000000
512,5.000000
513,3.000000
514,35.000000
515,-1.000000
516,35.000000
517,-9.000000
518,-3.000000
519,-3.000000
520,-3.000000
521,7.000000
522,7.000000
523,7.000000
524,1.000000
525,-3.000000
526,25.000000
527,-7.000000
528,-3.000000
529,-3.000000
530,-1.000000
531,1.000000
532,-3.000000
533,5.000000
534,-1.000000
535,5.000000
536,-11.000000
537,-7.000000
538,-11.000000
539,-1.000000
540,-3.000000
541,7.000000
542,-1.000000
543,3.000000
544,-3.000000
545,-5.000000
546,-5.000000
547,1.000000
548,-7.000000
549,-1.000000
550,-3.000000
551,5.000000
552,9.000000
553,-7.000000
554,-3.000000
555,-1.000000
556,-5.000000
557,-11.000000
558,-3.000000
559,-5.000000
560,1.000000
561,1.000000
562,1.000000
563,3.000000
564,-1.000000
565,-3.000000
566,-3.000000
567,-9.000000
568,-7.000000
569,-3.000000
570,-1.000000
571,3.000000
572,7.000000
573,9.000000
574,-7.000000
575,3.000000
576,3.000000
577,-7.000000
578,-11.000000
579,-5.000000
580,-3.000000
581,3.000000
582,5.000000
583,-1.000000
584,1.000000
585,1.000000
586,-5.000000
587,-5.000000
588,-7.000000
589,-7.000000
590,-7.000000
591,1.000000
592,1.000000
593,-1.000000
594,-11.000000
595,-7.000000
596,-7.000000
597,-7.000000
598,-7.000000
599,-5.000000
600,-3.000000
601,7.000000
602,1.000000
603,1.000000
604,7.000000
605,-1.000000
606,-7.000000
607,-3.000000
608,-3.000000
609,3.000000
610,-5.000000
611,7.000000
612,13.000000
613,3.000000
614,3.000000
615,-1.000000
616,-5.000000
617,-9.000000
618,-3.000000
619,-1.000000
620,-3.000000
621,3.000000
622,-3.000000
623,13.000000
624,-3.000000
625,-3.000000
626,-7.000000
627,-3.000000
628,-1.000000
629,-5.000000
630,1.000000
631,5.000000
632,7.000000
633,-9.000000
634,1.000000
635,-1.000000
636,-1.000000
637,-3.000000
638,-5.000000
639,-5.000000
640,-3.000000
641,5.000000
642,3.000000
643,13.000000
644,1.000000
645,1.000000
646,-7.000000
647,-9.000000
648,-15.000000
649,-1.000000
650,-1.000000
651,3.000000
652,1.000000
653,-3.000000
654,-1.000000
655,1.000000
656,-3.000000
657,-7.000000
658,-17.000000
659,-1.000000
660,-3.000000
661,3.000000
662,3.000000
663,7.000000
664,5.000000
665,3.000000
666,-7.000000
667,-139.000000
668,5.000000
669,67.000000
670,13.000000
671,9.000000
672,5.000000
673,1.000000
674,3.000000
675,3.000000
676,-3.000000
677,-3.000000
678,-5.000000
679,-3.000000
680,-1.000000
681,1.000000
682,7.000000
683,1.000000
684,1.000000
685,1.000000
686,-5.000000
687,-7.000000
688,-15.000000
689,1.000000
690,-1.000000
691,5.000000
692,7.000000
693,13.000000
694,1.000000
695,-3.000000
696,-7.000000
697,-5.000000
698,-7.000000
699,-1.000000
700,1.000000
701,-11.000000
702,31.000000
703,7.000000
704,3.000000
705,-1.000000
706,-1.000000
707,-9.000000
708,1.000000
709,-3.000000
710,7.000000
711,7.000000
712,7.000000
713,7.000000
714,3.000000
715,-1.000000
716,-1.000000
717,-11.000000
718,-15.000000
719,-3.000000
720,-3.000000
721,7.000000
722,5.000000
723,-5.000000
724,17.000000
725,1.000000
726,-1.000000
727,-33.000000
728,1.000000
729,-3.000000
730,-7.000000
731,7.000000
732,3.000000
733,5.000000
734,-1.000000
735,-1.000000
736,-17.000000
737,-7.000000
738,-5.000000
739,1.000000
740,-3.000000
741,3.000000
742,5.000000
743,5.000000
744,-1.000000
745,1.000000
746,-3.000000
747,-3.000000
748,-3.000000
749,-1.000000
750,-1.000000
751,7.000000
752,7.000000
753,7.000000
754,-7.000000
755,3.000000
756,-1.000000
757,-13.000000
758,-7.000000
759,-5.000000
760,-3.000000
761,1.000000
762,1.000000
763,-1.000000
764,1.000000
765,-1.000000
766,-7.000000
767,-1.000000
768,-1.000000
769,-1.000000
770,1.000000
771,1.000000
772,-1.000000
773,1.000000
774,1.000000
775,1.000000
776,-3.000000
777,-1.000000
778,-1.000000
779,1.000000
780,-1.000000
781,5.000000
782,7.000000
783,3.000000
784,3.000000
785,-7.000000
786,-3.000000
787,-5.000000
788,-5.000000
789,-1.000000
790,1.000000
791,-1.000000
792,7.000000
793,-1.000000
794,1.000000
795,-3.000000
796,-1.000000
797,-1.000000
798,-7.000000
799,-3.000000
800,1.000000
801,7.000000
802,27.000000
803,-3.000000
804,-1.000000
805,-5.000000
806,-7.000000
807,-13.000000
808,-3.000000
809,-3.000000
810,1.000000
811,3.000000
812,7.000000
813,3.000000
814,1.000000
815,-3.000000
816,-7.000000
817,1.000000
818,-3.000000
819,-5.000000
820,-1.000000
821,1.000000
822,1.000000
823,1.000000
824,3.000000
825,1.000000
826,1.000000
827,-9.000000
828,21.000000
829,-3.000000
830,1.000000
831,1.000000
832,1.000000
833,-23.000000
834,1.000000
835,3.000000
836,-7.000000
837,-5.000000
838,-7.000000
839,-11.000000
840,-1.000000
841,3.000000
842,1.000000
843,27.000000
844,1.000000
845,-5.000000
846,-7.000000
847,-11.000000
848,-7.000000
849,11.000000
850,-1.000000
851,3.000000
852,5.000000
853,-1.000000
854,1.000000
855,1.000000
856,-1.000000
857,-7.000000
858,-5.000000
859,1.000000
860,-3.000000
861,9.000000
862,5.000000
863,3.000000
864,-1.000000
865,1.000000
866,-1.000000
867,-7.000000
868,-9.000000
869,-3.000000
870,-3.000000
871,1.000000
872,3.000000
873,5.000000
874,-1.000000
875,1.000000
876,-5.000000
877,-9.000000
878,1.000000
879,-3.000000
880,13.000000
881,3.000000
882,-1.000000
883,-3.000000
884,3.000000
885,-1.000000
886,-3.000000
887,-9.000000
888,-15.000000
889,-3.000000
890,-5.000000
891,-3.000000
892,9.000000
893,-15.000000
894,5.000000
895,-1.000000
896,-1.000000
897,-11.000000
898,-5.000000
899,-1.000000
900,-3.000000
901,-1.000000
902,11.000000
903,-21.000000
904,1.000000
905,1.000000
906,-3.000000
907,-3.000000
908,-5.000000
909,3.000000
910,1.000000
911,3.000000
912,5.000000
913,1.000000
914,1.000000
915,1.000000
916,-1.000000
917,-3.000000
918,-9.000000
919,17.000000
920,1.000000
921,-3.000000
922,9.000000
923,1.000000
924,5.000000
925,-3.000000
926,-9.000000
927,-7.000000
928,1.000000
929,1.000000
930,23.000000
931,1.000000
932,3.000000
933,1.000000
934,7.000000
935,1.000000
936,-7.000000
937,-5.000000
938,-3.000000
939,-1.000000
940,-1.000000
941,3.000000
942,1.000000
943,3.000000
944,19.000000
945,-3.000000
946,-3.000000
947,-7.000000
948,-7.000000
949,-7.000000
950,1.000000
951,-3.000000
952,1.000000
953,3.000000
954,-3.000000
955,-1.000000
956,-15.000000
957,-5.000000
958,-5.000000
959,19.000000
960,3.000000
961,7.000000
962,-15.000000
963,-17.000000
964,7.000000
965,1.000000
966,13.000000
967,1.000000
968,1.000000
969,-7.000000
970,1.000000
971,17.000000
972,1.000000
973,5.000000
974,-1.000000
975,-1.000000
976,-71.000000
977,1.000000
978,-7.000000
979,-3.000000
980,-3.000000
981,-29.000000
982,3.000000
983,7.000000
984,-1.000000
985,-1.000000
986,-5.000000
987,23.000000
988,-5.000000
989,-1.000000
990,-1.000000
991,35.000000
992,5.000000
993,7.000000
994,-3.000000
995,9.000000
996,-7.000000
997,-3.000000
998,-11.000000
999,-5.000000
1000,1.000000
1001,5.000000
1002,11.000000
1003,9.000000
1004,1.000000
1005,-1.000000
1006,-13.000000
1007,-3.000000
1008,-9.000000
1009,-3.000000
1010,-5.000000
1011,7.000000
1012,9.000000
1013,1.000000
1014,3.000000
1015,-3.000000
1016,-5.000000
1017,-11.000000
1018,1.000000
1019,-1.000000
1020,21.000000
1021,3.000000
1022,-1.000000
1023,-9.000000
1024,-29.000000
1025,-1.000000
1026,-3.000000
1027,-11.000000
1028,-15.000000
1029,1.000000
1030,1.000000
1031,1.000000
1032,7.000000
1033,-41.000000
1034,-1.000000
1035,-1.000000
1036,-5.000000
1037,-7.000000
1038,-9.000000
1039,1.000000
1040,1.000000
1041,-1.000000
1042,7.000000
1043,17.000000
1044,1.000000
1045,3.000000
1046,-5.000000
1047,-5.000000
1048,-5.000000
1049,-3.000000
1050,-3.000000
1051,-1.000000
1052,5.000000
1053,5.000000
1054,3.000000
1055,-1.000000
1056,-5.000000
1057,-3.000000
1058,-9.000000
1059,-11.000000
1060,-1.000000
1061,1.000000
1062,13.000000
1063,-1.000000
1064,3.000000
1065,-7.000000
1066,-7.000000
1067,1.000000
1068,-9.000000
1069,39.000000
1070,-1.000000
1071,3.000000
1072,7.000000
1073,1.000000
1074,23.000000
1075,-3.000000
1076,-5.000000
1077,-9.000000
1078,-15.000000
1079,-1.000000
1080,-1.000000
1081,5.000000
1082,9.000000
1083,7.000000
1084,-7.000000
1085,-3.000000
1086,-9.000000
1087,-5.000000
1088,-11.000000
1089,-5.000000
1090,1.000000
1091,-1.000000
1092,7.000000
1093,3.000000
1094,-21.000000
1095,3.000000
1096,-3.000000
1097,-7.000000
1098,19.000000
1099,-3.000000
1100,3.000000
1101,3.000000
1102,9.000000
1103,-1.000000
1104,-3.000000
1105,-1.000000
1106,-13.000000
1107,-15.000000
1108,-7.000000
1109,-7.000000
1110,-1.000000
1111,5.000000
1112,5.000000
1113,3.000000
1114,3.000000
1115,7.000000
1116,1.000000
1117,-3.000000
1118,-9.000000
1119,7.000000
1120,-3.000000
1121,3.000000
1122,1.000000
1123,7.000000
1124,-1.000000
1125,-3.000000
1126,-3.000000
1127,-3.000000
1128,-7.000000
1129,-11.000000
1130,-1.000000
1131,5.000000
1132,3.000000
1133,7.000000
1134,3.000000
1135,-3.000000
1136,1.000000
1137,-15.000000
1138,-7.000000
1139,-3.000000
1140,1.000000
1141,-1.000000
1142,3.000000
1143,3.000000
1144,7.000000
1145,-1.000000
1146,-1.000000
1147,-7.000000
1148,-11.000000
1149,-3.000000
1150,-1.000000
1151,-1.000000
1152,35.000000
1153,-3.000000
1154,-33.000000
1155,1.000000
1156,-1.000000
1157,-11.000000
1158,41.000000
1159,-3.000000
1160,-1.000000
1161,1.000000
1162,3.000000
1163,17.000000
1164,1.000000
1165,-3.000000
1166,-5.000000
1167,-1.000000
1168,-3.000000
1169,-5.000000
1170,1.000000
1171,1.000000
1172,7.000000
1173,3.000000
1174,-1.000000
1175,1.000000
1176,-3.000000
1177,-11.000000
1178,-7.000000
1179,1.000000
1180,-1.000000
1181,7.000000
1182,3.000000
1183,13.000000
1184,-3.000000
1185,1.000000
1186,1.000000
1187,-7.000000
1188,-5.000000
1189,7.000000
1190,-3.000000
1191,1.000000
1192,5.000000
1193,-1.000000
1194,7.000000
1195,-21.000000
1196,-5.000000
1197,-15.000000
1198,-11.000000
1199,-7.000000
1200,1.000000
1201,3.000000
1202,5.000000
1203,9.000000
1204,3.000000
1205,29.000000
1206,-1.000000
1207,-3.000000
1208,7.000000
1209,-1.000000
1210,-3.000000
1211,3.000000
1212,9.000000
1213,13.000000
1214,-9.000000
1215,-5.000000
1216,-5.000000
1217,-7.000000
1218,31.000000
1219,-7.000000
1220,-3.000000
1221,1.000000
1222,13.000000
1223,-15.000000
1224,-3.000000
1225,1.000000
1226,1.000000
1227,-3.000000
1228,-7.000000
1229,-1.000000
1230,1.000000
1231,1.000000
1232,15.000000
1233,-3.000000
1234,-7.000000
1235,1.000000
1236,-1.000000
1237,7.000000
1238,-3.000000
1239,-5.000000
1240,-3.000000
1241,3.000000
1242,7.000000
1243,5.000000
1244,3.000000
1245,1.000000
1246,-7.000000
1247,-39.000000
1248,-1.000000
1249,-7.000000
1250,35.000000
1251,1.000000
1252,7.000000
1253,5.000000
1254,1.000000
1255,1.000000
1256,-1.000000
1257,-11.000000
1258,-7.000000
1259,-17.000000
1260,1.000000
1261,5.000000
1262,3.000000
1263,5.000000
1264,-1.000000
1265,1.000000
1266,-3.000000
1267,-7.000000
1268,1.000000
1269,-1.000000
1270,1.000000
1271,3.000000
1272,5.000000
1273,-1.000000
1274,7.000000
1275,-3.000000
1276,1.000000
1277,-15.000000
1278,-1.000000
1279,-3.000000
1280,-1.000000
1281,1.000000
1282,1.000000
1283,5.000000
1284,-17.000000
1285,-3.000000
1286,-5.000000
1287,-9.000000
1288,-3.000000
1289,-3.000000
1290,1.000000
1291,9.000000
1292,5.000000
1293,9.000000
1294,1.000000
1295,1.000000
1296,-17.000000
1297,-7.000000
1298,-1.000000
1299,-7.000000
1300,1.000000
1301,9.000000
1302,5.000000
1303,1.000000
1304,1.000000
1305,1.000000
1306,-1.000000
1307,-5.000000
1308,-9.000000
1309,-7.000000
1310,-3.000000
1311,-11.000000
1312,-1.000000
1313,1.000000
1314,1.000000
1315,3.000000
1316,-1.000000
1317,-5.000000
1318,-7.000000
1319,1.000000
1320,-1.000000
1321,5.000000
1322,3.000000
1323,-3.000000
1324,1.000000
1325,-1.000000
1326,21.000000
1327,9.000000
1328,-1.000000
1329,17.000000
1330,1.000000
1331,1.000000
1332,9.000000
1333,3.000000
1334,3.000000
1335,-1.000000
1336,-23.000000
1337,-3.000000
1338,-3.000000
1339,-1.000000
1340,-1.000000
1341,11.000000
1342,9.000000
1343,1.000000
1344,-23.000000
1345,1.000000
1346,-3.000000
1347,-11.000000
1348,-1.000000
1349,-1.000000
1350,1.000000
1351,3.000000
1352,3.000000
1353,-1.000000
1354,21.000000
1355,-1.000000
1356,-7.000000
1357,-7.000000
1358,-9.000000
1359,-5.000000
1360,3.000000
1361,-7.000000
1362,5.000000
1363,-7.000000
1364,1.000000
1365,-1.000000
1366,-5.000000
1367,-11.000000
1368,-7.000000
1369,7.000000
1370,-3.000000
1371,3.000000
1372,-1.000000
1373,1.000000
1374,1.000000
1375,-1.000000
1376,1.000000
1377,-1.000000
1378,-7.000000
1379,-7.000000
1380,1.000000
1381,-1.000000
1382,-23.000000
1383,-1.000000
1384,7.000000
1385,1.000000
1386,-7.000000
1387,-3.000000
1388,-5.000000
1389,-5.000000
1390,-3.000000
1391,5.000000
1392,9.000000
1393,9.000000
1394,1.000000
1395,-27.000000
1396,-3.000000
1397,-1.000000
1398,-5.000000
1399,-5.000000
1400,-1.000000
1401,5.000000
1402,-11.000000
1403,-9.000000
1404,-13.000000
1405,-5.000000
1406,-3.000000
1407,-5.000000
1408,-1.000000
1409,-1.000000
1410,-3.000000
1411,1.000000
1412,9.000000
1413,3.000000
1414,1.000000
1415,1.000000
1416,5.000000
1417,-5.000000
1418,-7.000000
1419,-7.000000
1420,-3.000000
1421,1.000000
1422,3.000000
1423,-3.000000
1424,-1.000000
1425,1.000000
1426,-3.000000
1427,-7.000000
1428,-1.000000
1429,1.000000
1430,-1.000000
1431,5.000000
1432,9.000000
1433,1.000000
1434,1.000000
1435,3.000000
1436,-1.000000
1437,-5.000000
1438,-3.000000
1439,31.000000
1440,-3.000000
1441,1.000000
1442,3.000000
1443,3.000000
1444,9.000000
1445,1.000000
1446,-5.000000
1447,-1.000000
1448,-7.000000
1449,-1.000000
1450,1.000000
1451,5.000000
1452,3.000000
1453,17.000000
1454,1.000000
1455,3.000000
1456,-3.000000
1457,-5.000000
1458,-7.000000
1459,-3.000000
1460,-3.000000
1461,1.000000
1462,-3.000000
1463,-1.000000
1464,-7.000000
1465,-1.000000
1466,-3.000000
1467,3.000000
1468,-3.000000
1469,-1.000000
1470,1.000000
1471,1.000000
1472,-3.000000
1473,1.000000
1474,-1.000000
1475,-3.000000
1476,-1.000000
1477,-9.000000
1478,-1.000000
1479,-1.000000
1480,3.000000
1481,1.000000
1482,3.000000
1483,1.000000
1484,1.000000
1485,-3.000000
1486,-1.000000
1487,-7.000000
1488,-7.000000
1489,-3.000000
1490,-1.000000
1491,1.000000
1492,-1.000000
1493,9.000000
1494,-1.000000
1495,31.000000
1496,-1.000000
1497,-7.000000
1498,-1.000000
1499,-5.000000
1500,-1.000000
1501,3.000000
1502,1.000000
1503,-3.000000
1504,-5.000000
1505,-5.000000
1506,1.000000
1507,-7.000000
1508,-5.000000
1509,-5.000000
1510,1.000000
1511,-1.000000
1512,3.000000
1513,-31.000000
1514,-13.000000
1515,3.000000
1516,-1.000000
1517,-7.000000
1518,-7.000000
1519,-7.000000
1520,-3.000000
1521,-3.000000
1522,7.000000
1523,7.000000
1524,1.000000
1525,-1.000000
1526,1.000000
1527,-5.000000
1528,-1.000000
1529,-1.000000
1530,1.000000
1531,-1.000000
1532,-3.000000
1533,1.000000
1534,-3.000000
1535,1.000000
1536,-1.000000
1537,-1.000000
1538,-7.000000
1539,-7.000000
1540,1.000000
1541,1.000000
1542,5.000000
1543,1.000000
1544,1.000000
1545,-1.000000
1546,1.000000
1547,-7.000000
1548,-3.000000
1549,-15.000000
1550,-5.000000
1551,1.000000
1552,3.000000
1553,7.000000
1554,-1.000000
1555,1.000000
1556,-1.000000
1557,-11.000000
1558,13.000000
1559,-7.000000
1560,-3.000000
1561,1.000000
1562,3.000000
1563,17.000000
1564,1.000000
1565,-5.000000
1566,-3.000000
1567,3.000000
1568,-7.000000
1569,-9.000000
1570,1.000000
1571,3.000000
1572,5.000000
1573,3.000000
1574,-11.000000
1575,-1.000000
1576,1.000000
1577,1.000000
1578,-3.000000
1579,-1.000000
1580,-1.000000
1581,-1.000000
1582,7.000000
1583,7.000000
1584,3.000000
1585,-3.000000
1586,-3.000000
1587,-3.000000
1588,-3.000000
1589,5.000000
1590,1.000000
1591,3.000000
1592,9.000000
1593,1.000000
1594,1.000000
1595,3.000000
1596,3.000000
1597,-7.000000
1598,-1.000000
1599,7.000000
1600,1.000000
1601,-1.000000
1602,5.000000
1603,9.000000
1604,-5.000000
1605,1.000000
1606,-1.000000
1607,-3.000000
1608,-1.000000
1609,31.000000
1610,-5.000000
1611,-1.000000
1612,1.000000
1613,27.000000
1614,-11.000000
1615,-11.000000
1616,-1.000000
1617,-5.000000
1618,-5.000000
1619,-1.000000
1620,1.000000
1621,1.000000
1622,5.000000
1623,-7.000000
1624,17.000000
1625,11.000000
1626,-5.000000
1627,-3.000000
1628,17.000000
1629,-7.000000
1630,-17.000000
1631,1.000000
1632,9.000000
1633,5.000000
1634,-1.000000
1635,7.000000
1636,-5.000000
1637,-7.000000
1638,-1.000000
1639,-1.000000
1640,-7.000000
1641,3.000000
1642,-1.000000
1643,3.000000
1644,-5.000000
1645,3.000000
1646,-7.000000
1647,-7.000000
1648,-7.000000
1649,-5.000000
1650,-1.000000
1651,1.000000
1652,3.000000
1653,3.000000
1654,9.000000
1655,-1.000000
1656,-1.000000
1657,-11.000000
1658,-7.000000
1659,-5.000000
1660,1.000000
1661,1.000000
1662,7.000000
1663,9.000000
1664,-3.000000
1665,-1.000000
1666,-1.000000
1667,-3.000000
1668,-3.000000
1669,-3.000000
1670,5.000000
1671,1.000000
1672,1.000000
1673,1.000000
1674,9.000000
1675,1.000000
1676,-7.000000
1677,-7.000000
1678,-3.000000
1679,-3.000000
1680,-1.000000
1681,-1.000000
1682,1.000000
1683,5.000000
1684,1.000000
1685,21.000000
1686,1.000000
1687,-1.000000
1688,-7.000000
1689,-3.000000
1690,-1.000000
1691,-1.000000
1692,1.000000
1693,5.000000
1694,1.000000
1695,1.000000
1696,1.000000
1697,-7.000000
1698,-11.000000
1699,-15.000000
1700,-1.000000
1701,-3.000000
1702,9.000000
1703,-1.000000
1704,-1.000000
1705,-5.000000
1706,1.000000
1707,-11.000000
1708,-15.000000
1709,-3.000000
1710,-3.000000
1711,3.000000
1712,-23.000000
1713,13.000000
1714,-21.000000
1715,1.000000
1716,1.000000
1717,-1.000000
1718,-3.000000
1719,-3.000000
1720,-5.000000
1721,3.000000
1722,5.000000
1723,7.000000
1724,-23.000000
1725,-1.000000
1726,-3.000000
1727,-11.000000
1728,-5.000000
1729,5.000000
1730,1.000000
1731,3.000000
1732,-1.000000
1733,1.000000
1734,1.000000
1735,-1.000000
1736,-1.000000
1737,-5.000000
1738,-5.000000
1739,-3.000000
1740,3.000000
1741,-1.000000
1742,1.000000
1743,7.000000
1744,1.000000
1745,-3.000000
1746,1.000000
1747,-1.000000
1748,-5.000000
1749,1.000000
1750,-1.000000
1751,1.000000
1752,3.000000
1753,-1.000000
1754,-3.000000
1755,-23.000000
1756,1.000000
1757,-5.000000
1758,5.000000
1759,7.000000
1760,-3.000000
1761,-3.000000
1762,7.000000
1763,-5.000000
1764,17.000000
1765,1.000000
1766,3.000000
1767,-7.000000
1768,-7.000000
1769,1.000000
1770,-3.000000
1771,5.000000
1772,9.000000
1773,-15.000000
1774,17.000000
1775,-3.000000
1776,-3.000000
1777,-7.000000
1778,-7.000000
1779,1.000000
1780,3.000000
1781,3.000000
1782,-3.000000
1783,3.000000
1784,3.000000
1785,-1.000000
1786,-5.000000
1787,-3.000000
1788,-3.000000
1789,-3.000000
1790,3.000000
1791,3.000000
1792,3.000000
1793,3.000000
1794,-1.000000
1795,1.000000
1796,-5.000000
1797,-1.000000
1798,-7.000000
1799,-9.000000
1800,3.000000
1801,-1.000000
1802,7.000000
1803,-3.000000
1804,-3.000000
1805,5.000000
1806,1.000000
1807,-7.000000
1808,-15.000000
1809,15.000000
1810,-1.000000
1811,-3.000000
1812,5.000000
1813,-11.000000
1814,19.000000
1815,-15.000000
1816,-3.000000
1817,-5.000000
1818,-7.000000
1819,-1.000000
1820,1.000000
1821,-3.000000
1822,-1.000000
1823,5.000000
1824,5.000000
1825,-21.000000
1826,-1.000000
1827,-7.000000
1828,-3.000000
1829,-1.000000
1830,1.000000
1831,1.000000
1832,3.000000
1833,-1.000000
1834,-1.000000
1835,3.000000
1836,1.000000
1837,-5.000000
1838,-5.000000
1839,-1.000000
1840,1.000000
1841,-1.000000
1842,7.000000
1843,1.000000
1844,-7.000000
1845,-1.000000
1846,-3.000000
1847,-5.000000
1848,-5.000000
1849,13.000000
1850,-1.000000
1851,1.000000
1852,-3.000000
1853,-7.000000
1854,7.000000
1855,1.000000
1856,1.000000
1857,-9.000000
1858,3.000000
1859,-3.000000
1860,1.000000
1861,-23.000000
1862,7.000000
1863,1.000000
1864,-11.000000
1865,1.000000
1866,-3.000000
1867,-3.000000
1868,-5.000000
1869,-3.000000
1870,1.000000
1871,3.000000
1872,-1.000000
1873,1.000000
1874,3.000000
1875,-3.000000
1876,-1.000000
1877,-7.000000
1878,-3.000000
1879,-3.000000
1880,-7.000000
1881,-7.000000
1882,5.000000
1883,1.000000
1884,5.000000
1885,13.000000
1886,-5.000000
1887,-9.000000
1888,-7.000000
1889,7.000000
1890,3.000000
1891,1.000000
1892,7.000000
1893,5.000000
1894,1.000000
1895,-1.000000
1896,-3.000000
1897,-11.000000
1898,-3.000000
1899,-19.000000
1900,3.000000
1901,13.000000
1902,1.000000
1903,-1.000000
1904,1.000000
1905,1.000000
1906,-1.000000
1907,-7.000000
1908,-17.000000
1909,-3.000000
1910,-15.000000
1911,5.000000
1912,11.000000
1913,1.000000
1914,5.000000
1915,-5.000000
1916,1.000000
1917,-7.000000
1918,-5.000000
1919,1.000000
1920,-3.000000
1921,-1.000000
1922,13.000000
1923,3.000000
1924,1.000000
1925,-1.000000
1926,-5.000000
1927,-19.000000
1928,-7.000000
1929,-9.000000
1930,1.000000
1931,-7.000000
1932,9.000000
1933,5.000000
1934,-1.000000
1935,13.000000
1936,-1.000000
1937,-3.000000
1938,-1.000000
1939,3.000000
1940,-1.000000
1941,-1.000000
1942,3.000000
1943,1.000000
1944,-1.000000
1945,7.000000
1946,-1.000000
1947,-9.000000
1948,-7.000000
1949,-1.000000
1950,-3.000000
1951,3.000000
1952,7.000000
1953,-11.000000
1954,-1.000000
1955,-5.000000
1956,1.000000
1957,-11.000000
1958,35.000000
1959,1.000000
1960,-1.000000
1961,11.000000
1962,11.000000
1963,9.000000
1964,-3.000000
1965,-3.000000
1966,-3.000000
1967,-5.000000
1968,-7.000000
1969,-5.000000
1970,-5.000000
1971,3.000000
1972,7.000000
1973,3.000000
1974,3.000000
1975,5.000000
1976,-3.000000
1977,-5.000000
1978,-7.000000
1979,1.000000
1980,-3.000000
1981,5.000000
1982,9.000000
1983,3.000000
1984,3.000000
1985,-1.000000
1986,-11.000000
1987,-9.000000
1988,-3.000000
1989,-3.000000
1990,-1.000000
1991,3.000000
1992,-15.000000
1993,5.000000
1994,1.000000
1995,3.000000
1996,-1.000000
1997,-11.000000
1998,-1.000000
1999,-1.000000
2000,-1.000000
2001,-1.000000
2002,5.000000
2003,21.000000
2004,3.000000
2005,3.000000
2006,1.000000
2007,3.000000
2008,-5.000000
2009,7.000000
2010,-3.000000
2011,3.000000
2012,3.000000
2013,3.000000
2014,1.000000
2015,-27.000000
2016,-7.000000
2017,-11.000000
2018,-7.000000
2019,-1.000000
2020,1.000000
2021,-1.000000
2022,7.000000
2023,5.000000
2024,1.000000
2025,1.000000
2026,-1.000000
2027,-7.000000
2028,-3.000000
2029,3.000000
2030,1.000000
2031,3.000000
2032,3.000000
2033,5.000000
2034,1.000000
2035,3.000000
2036,13.000000
2037,-3.000000
2038,-5.000000
2039,25.000000
2040,-13.000000
2041,-3.000000
2042,5.000000
2043,7.000000
2044,1.000000
2045,-1.000000
2046,-3.000000
2047,-5.000000
2048,-3.000000
2049,-5.000000
2050,-23.000000
2051,1.000000
2052,-3.000000
2053,15.000000
2054,-11.000000
2055,1.000000
2056,1.000000
2057,-5.000000
2058,-15.000000
2059,-3.000000
2060,-17.000000
2061,5.000000
2062,5.000000
2063,5.000000
2064,3.000000
2065,-9.000000
2066,1.000000
2067,-1.000000
2068,-7.000000
2069,-5.000000
2070,1.000000
2071,1.000000
2072,35.000000
2073,7.000000
2074,3.000000
2075,-7.000000
2076,1.000000
2077,-15.000000
2078,-7.000000
2079,3.000000
2080,1.000000
2081,-1.000000
2082,3.000000
2083,7.000000
2084,-1.000000
2085,3.000000
2086,-3.000000
2087,-9.000000
2088,-7.000000
2089,13.000000
2090,-3.000000
2091,1.000000
2092,7.000000
2093,3.000000
2094,-9.000000
2095,3.000000
2096,-1.000000
2097,-3.000000
2098,-1.000000
2099,-1.000000
2100,-3.000000
2101,1.000000
2102,7.000000
2103,-15.000000
2104,1.000000
2105,-11.000000
2106,9.000000
2107,3.000000
2108,-3.000000
2109,-3.000000
2110,1.000000
2111,7.000000
2112,5.000000
2113,1.000000
2114,1.000000
2115,-3.000000
2116,1.000000
2117,-3.000000
2118,-7.000000
2119,7.000000
2120,1.000000
2121,15.000000
2122,-1.000000
2123,7.000000
2124,1.000000
2125,-9.000000
2126,-1.000000
2127,-9.000000
2128,-5.000000
2129,-5.000000
2130,-1.000000
2131,3.000000
2132,3.000000
2133,3.000000
2134,3.000000
2135,-7.000000
2136,-1.000000
2137,-3.000000
2138,-5.000000
2139,-1.000000
2140,-3.000000
2141,-1.000000
2142,17.000000
2143,7.000000
2144,-3.000000
2145,-1.000000
2146,-7.000000
2147,1.000000
2148,-7.000000
2149,-1.000000
2150,-5.000000
2151,11.000000
2152,7.000000
2153,-17.000000
2154,-1.000000
2155,1.000000
2156,-1.000000
2157,-7.000000
2158,-5.000000
2159,-1.000000
2160,1.000000
2161,7.000000
2162,-1.000000
2163,5.000000
2164,1.000000
2165,-1.000000
2166,1.000000
2167,-9.000000
2168,-7.000000
2169,3.000000
2170,-3.000000
2171,1.000000
2172,9.000000
2173,5.000000
2174,1.000000
2175,1.000000
2176,1.000000
2177,-11.000000
2178,-5.000000
2179,-3.000000
2180,-5.000000
2181,5.000000
2182,3.000000
2183,7.000000
2184,-11.000000
2185,1.000000
2186,5.000000
2187,-1.000000
2188,-7.000000
2189,-1.000000
2190,1.000000
2191,-1.000000
2192,3.000000
2193,-11.000000
2194,-1.000000
2195,5.000000
2196,-21.000000
2197,-3.000000
2198,27.000000
2199,5.000000
2200,-1.000000
2201,1.000000
2202,7.000000
2203,3.000000
2204,-1.000000
2205,1.000000
2206,-7.000000
2207,-1.000000
2208,-3.000000
2209,-1.000000
2210,1.000000
2211,-1.000000
2212,3.000000
2213,1.000000
2214,-3.000000
2215,-3.000000
2216,-1.000000
2217,-3.000000
2218,-9.000000
2219,-5.000000
2220,3.000000
2221,3.000000
2222,5.000000
2223,5.000000
2224,1.000000
2225,1.000000
2226,-1.000000
2227,-7.000000
2228,9.000000
2229,-1.000000
2230,-3.000000
2231,7.000000
2232,5.000000
2233,7.000000
2234,3.000000
2235,-1.000000
2236,-3.000000
2237,-5.000000
2238,-7.000000
2239,-11.000000
2240,-1.000000
2241,3.000000
2242,9.000000
2243,-5.000000
2244,3.000000
2245,7.000000
2246,-15.000000
2247,-33.000000
2248,-11.000000
2249,21.000000
2250,-7.000000
2251,5.000000
2252,5.000000
2253,5.000000
2254,1.000000
2255,-1.000000
2256,-1.000000
2257,-9.000000
2258,-3.000000
2259,-13.000000
2260,-5.000000
2261,-3.000000
2262,1.000000
2263,5.000000
2264,1.000000
2265,1.000000
2266,3.000000
2267,-7.000000
2268,-5.000000
2269,-5.000000
2270,-1.000000
2271,1.000000
2272,-7.000000
2273,3.000000
2274,3.000000
2275,-11.000000
2276,-1.000000
2277,-15.000000
2278,9.000000
2279,1.000000
2280,-1.000000
2281,1.000000
2282,17.000000
2283,5.000000
2284,3.000000
2285,1.000000
2286,3.000000
2287,-9.000000
2288,-7.000000
2289,-3.000000
2290,-3.000000
2291,7.000000
2292,-7.000000
2293,-11.000000
2294,-7.000000
2295,3.000000
2296,5.000000
2297,-1.000000
2298,-7.000000
2299,-13.000000
2300,-3.000000
2301,-3.000000
2302,3.000000
2303,11.000000
2304,-3.000000
2305,-1.000000
2306,-3.000000
2307,-9.000000
2308,-7.000000
2309,-5.000000
2310,-3.000000
2311,3.000000
2312,7.000000
2313,5.000000
2314,-3.000000
2315,3.000000
2316,-3.000000
2317,-1.000000
2318,-7.000000
2319,-7.000000
2320,-7.000000
2321,1.000000
2322,3.000000
2323,7.000000
2324,17.000000
2325,-1.000000
2326,1.000000
2327,-7.000000
2328,-7.000000
2329,-7.000000
2330,-5.000000
2331,1.000000
2332,11.000000
2333,3.000000
2334,17.000000
2335,1.000000
2336,-1.000000
2337,-5.000000
2338,-7.000000
2339,-5.000000
2340,-5.000000
2341,-3.000000
2342,9.000000
2343,-23.000000
2344,7.000000
2345,1.000000
2346,1.000000
2347,-3.000000
2348,1.000000
2349,-19.000000
2350,-19.000000
2351,-1.000000
2352,3.000000
2353,-21.000000
2354,-1.000000
2355,1.000000
2356,-1.000000
2357,-3.000000
2358,-5.000000
2359,-7.000000
2360,1.000000
2361,-3.000000
2362,3.000000
2363,3.000000
2364,-3.000000
2365,1.000000
2366,1.000000
2367,-3.000000
2368,-5.000000
2369,-1.000000
2370,1.000000
2371,-7.000000
2372,-15.000000
2373,9.000000
2374,35.000000
2375,1.000000
2376,-1.000000
2377,-15.000000
2378,-7.000000
2379,-5.000000
2380,-11.000000
2381,1.000000
2382,23.000000
2383,21.000000
2384,-3.000000
2385,5.000000
2386,1.000000
2387,25.000000
2388,-19.000000
2389,1.000000
2390,-43.000000
2391,-3.000000
2392,1.000000
2393,-9.000000
2394,-3.000000
2395,-1.000000
2396,3.000000
2397,-11.000000
2398,-7.000000
2399,-21.000000
2400,-3.000000
2401,-5.000000
2402,5.000000
2403,5.000000
2404,-1.000000
2405,3.000000
2406,9.000000
2407,-5.000000
2408,-7.000000
2409,-7.000000
2410,-15.000000
2411,1.000000
2412,-1.000000
2413,7.000000
2414,17.000000
2415,-15.000000
2416,-11.000000
2417,-9.000000
2418,-11.000000
2419,-11.000000
2420,-7.000000
2421,-5.000000
2422,7.000000
2423,5.000000
2424,-3.000000
2425,-1.000000
2426,-7.000000
2427,1.000000
2428,-7.000000
2429,-5.000000
2430,-13.000000
2431,-11.000000
2432,-3.000000
2433,7.000000
2434,-1.000000
2435,-5.000000
2436,-1.000000
2437,-5.000000
2438,-9.000000
2439,-15.000000
2440,-7.000000
2441,-3.000000
2442,9.000000
2443,7.000000
2444,3.000000
2445,5.000000
2446,3.000000
2447,1.000000
2448,-1.000000
2449,-7.000000
2450,-3.000000
2451,7.000000
2452,23.000000
2453,7.000000
2454,-17.000000
2455,-11.000000
2456,-9.000000
2457,-1.000000
2458,-3.000000
2459,-5.000000
2460,-1.000000
2461,-1.000000
2462,-27.000000
2463,5.000000
2464,-7.000000
2465,5.000000
2466,-1.000000
2467,13.000000
2468,-7.000000
2469,-1.000000
2470,-1.000000
2471,-3.000000
2472,3.000000
2473,3.000000
2474,5.000000
2475,1.000000
2476,-1.000000
2477,-7.000000
2478,1.000000
2479,-5.000000
2480,-5.000000
2481,-1.000000
2482,7.000000
2483,23.000000
2484,7.000000
2485,1.000000
2486,3.000000
2487,-1.000000
2488,-21.000000
2489,3.000000
2490,-3.000000
2491,1.000000
2492,7.000000
2493,5.000000
2494,13.000000
2495,-3.000000
2496,-3.000000
2497,-7.000000
2498,-7.000000
2499,-5.000000
2500,1.000000
2501,-1.000000
2502,7.000000
2503,9.000000
2504,7.000000
2505,7.000000
2506,-3.000000
2507,-7.000000
2508,-3.000000
2509,-9.000000
2510,1.000000
2511,-5.000000
2512,3.000000
2513,3.000000
2514,1.000000
2515,-3.000000
2516,1.000000
2517,-9.000000
2518,-3.000000
2519,-1.000000
2520,-1.000000
2521,-1.000000
2522,5.000000
2523,7.000000
2524,-3.000000
2525,-1.000000
2526,3.000000
2527,-7.000000
2528,-9.000000
2529,-15.000000
2530,1.000000
2531,-3.000000
2532,-1.000000
2533,-29.000000
2534,7.000000
2535,1.000000
2536,-1.000000
2537,-11.000000
2538,-9.000000
2539,-11.000000
2540,3.000000
2541,1.000000
2542,17.000000
2543,5.000000
2544,5.000000
2545,1.000000
2546,-1.000000
2547,-11.000000
2548,-5.000000
2549,1.000000
2550,-1.000000
2551,-3.000000
2552,7.000000
2553,3.000000
2554,3.000000
2555,-1.000000
2556,-1.000000
2557,-7.000000
2558,-7.000000
2559,-5.000000
2560,-3.000000
2561,-31.000000
2562,11.000000
2563,5.000000
2564,-3.000000
2565,1.000000
2566,7.000000
2567,-5.000000
2568,-11.000000
2569,-7.000000
2570,-1.000000
2571,-1.000000
2572,9.000000
2573,1.000000
2574,1.000000
2575,19.000000
2576,1.000000
2577,1.000000
2578,-7.000000
2579,-23.000000
2580,-3.000000
2581,-3.000000
2582,5.000000
2583,-31.000000
2584,17.000000
2585,5.000000
2586,-1.000000
2587,1.000000
2588,-7.000000
2589,-9.000000
2590,-23.000000
2591,-5.000000
2592,7.000000
2593,3.000000
2594,-3.000000
2595,-1.000000
2596,3.000000
2597,-9.000000
2598,-7.000000
2599,-1.000000
2600,-3.000000
2601,-1.000000
2602,7.000000
2603,5.000000
2604,5.000000
2605,3.000000
2606,1.000000
2607,-11.000000
2608,1.000000
2609,-1.000000
2610,1.000000
2611,-3.000000
2612,3.000000
2613,5.000000
2614,3.000000
2615,1.000000
2616,1.000000
2617,-11.000000
2618,-7.000000
2619,-3.000000
2620,-5.000000
2621,-3.000000
2622,1.000000
2623,11.000000
2624,1.000000
2625,-1.000000
2626,3.000000
2627,-3.000000
2628,-3.000000
2629,-5.000000
2630,-9.000000
2631,7.000000
2632,-3.000000
2633,3.000000
2634,13.000000
2635,1.000000
2636,13.000000
2637,-7.000000
2638,-7.000000
2639,-1.000000
2640,-3.000000
2641,-7.000000
2642,7.000000
2643,7.000000
2644,1.000000
2645,1.000000
2646,3.000000
2647,-5.000000
2648,-1.000000
2649,-17.000000
2650,-1.000000
2651,-1.000000
2652,9.000000
2653,5.000000
2654,3.000000
2655,1.000000
2656,1.000000
2657,-5.000000
2658,-7.000000
2659,-3.000000
2660,-3.000000
2661,-3.000000
2662,1.000000
2663,-5.000000
2664,5.000000
2665,-1.000000
2666,1.000000
2667,-7.000000
2668,-7.000000
2669,-7.000000
2670,-1.000000
2671,1.000000
2672,3.000000
2673,-1.000000
2674,7.000000
2675,-23.000000
2676,-1.000000
2677,-3.000000
2678,-9.000000
2679,-9.000000
2680,1.000000
2681,1.000000
2682,9.000000
2683,7.000000
2684,1.000000
2685,3.000000
2686,5.000000
2687,-3.000000
2688,-3.000000
2689,-3.000000
2690,-7.000000
2691,1.000000
2692,3.000000
2693,3.000000
2694,1.000000
2695,7.000000
2696,7.000000
2697,-7.000000
2698,-5.000000
2699,-7.000000
2700,-5.000000
2701,-3.000000
2702,7.000000
2703,7.000000
2704,-5.000000
2705,-13.000000
2706,3.000000
2707,-1.000000
2708,-11.000000
2709,9.000000
2710,-1.000000
2711,-1.000000
2712,1.000000
2713,9.000000
2714,5.000000
2715,1.000000
2716,1.000000
2717,-3.000000
2718,1.000000
2719,-1.000000
2720,-1.000000
2721,-1.000000
2722,-11.000000
2723,3.000000
2724,1.000000
2725,1.000000
2726,3.000000
2727,-19.000000
2728,-3.000000
2729,-5.000000
2730,1.000000
2731,1.000000
2732,17.000000
2733,3.000000
2734,5.000000
2735,1.000000
2736,1.000000
2737,-5.000000
2738,-5.000000
2739,-11.000000
2740,-3.000000
2741,-7.000000
2742,5.000000
2743,5.000000
2744,5.000000
2745,-1.000000
2746,-1.000000
2747,-7.000000
2748,-9.000000
2749,-9.000000
2750,-5.000000
2751,1.000000
2752,7.000000
2753,13.000000
2754,3.000000
2755,1.000000
2756,1.000000
2757,-9.000000
2758,13.000000
2759,-7.000000
2760,-7.000000
2761,-3.000000
2762,3.000000
2763,7.000000
2764,7.000000
2765,1.000000
2766,1.000000
2767,-7.000000
2768,-21.000000
2769,3.000000
2770,-1.000000
2771,-3.000000
2772,3.000000
2773,3.000000
2774,-1.000000
2775,5.000000
2776,-5.000000
2777,-7.000000
2778,-7.000000
2779,-9.000000
2780,-7.000000
2781,1.000000
2782,1.000000
2783,5.000000
2784,5.000000
2785,1.000000
2786,-3.000000
2787,1.000000
2788,-15.000000
2789,-1.000000
2790,-3.000000
2791,-1.000000
2792,5.000000
2793,7.000000
2794,13.000000
2795,7.000000
2796,-11.000000
2797,-3.000000
2798,-9.000000
2799,11.000000
2800,-5.000000
2801,-3.000000
2802,5.000000
2803,-1.000000
2804,1.000000
2805,1.000000
2806,-1.000000
2807,-7.000000
2808,-7.000000
2809,-5.000000
2810,1.000000
2811,1.000000
2812,11.000000
2813,1.000000
2814,7.000000
2815,1.000000
2816,1.000000
2817,-3.000000
2818,-3.000000
2819,-7.000000
2820,-1.000000
2821,1.000000
2822,13.000000
2823,5.000000
2824,5.000000
2825,1.000000
2826,3.000000
2827,-7.000000
2828,-3.000000
2829,-21.000000
2830,-1.000000
2831,5.000000
2832,3.000000
2833,3.000000
2834,9.000000
2835,1.000000
2836,-1.000000
2837,-5.000000
2838,-9.000000
2839,-7.000000
2840,-1.000000
2841,1.000000
2842,11.000000
2843,11.000000
2844,1.000000
2845,11.000000
2846,3.000000
2847,-5.000000
2848,-7.000000
2849,-7.000000
2850,-5.000000
2851,1.000000
2852,7.000000
2853,-9.000000
2854,-1.000000
2855,3.000000
2856,-1.000000
2857,-1.000000
2858,-9.000000
2859,-5.000000
2860,1.000000
2861,-1.000000
2862,1.000000
2863,1.000000
2864,7.000000
2865,-1.000000
2866,-5.000000
2867,-1.000000
2868,-7.000000
2869,-11.000000
2870,-7.000000
2871,-1.000000
2872,-1.000000
2873,3.000000
2874,-5.000000
2875,-5.000000
2876,1.000000
2877,-7.000000
2878,-7.000000
2879,-11.000000
2880,-1.000000
2881,-5.000000
2882,1.000000
2883,5.000000
2884,1.000000
2885,-1.000000
2886,-3.000000
2887,-11.000000
2888,-5.000000
2889,-7.000000
2890,-3.000000
2891,-5.000000
2892,3.000000
2893,3.000000
2894,5.000000
2895,3.000000
2896,3.000000
2897,-5.000000
2898,-7.000000
2899,23.000000
2900,25.000000
2901,-3.000000
2902,9.000000
2903,25.000000
2904,-15.000000
2905,1.000000
2906,1.000000
2907,-1.000000
2908,-3.000000
2909,-17.000000
2910,-3.000000
2911,9.000000
2912,9.000000
2913,7.000000
2914,1.000000
2915,-1.000000
2916,7.000000
2917,-3.000000
2918,-7.000000
2919,-3.000000
2920,-3.000000
2921,-3.000000
2922,1.000000
2923,3.000000
2924,-15.000000
2925,1.000000
2926,1.000000
2927,9.000000
2928,1.000000
2929,-7.000000
2930,3.000000
2931,-7.000000
2932,3.000000
2933,5.000000
2934,9.000000
2935,-1.000000
2936,3.000000
2937,-3.000000
2938,1.000000
2939,-11.000000
2940,-5.000000
2941,1.000000
2942,5.000000
2943,13.000000
2944,-3.000000
2945,1.000000
2946,-5.000000
2947,-7.000000
2948,-1.000000
2949,-7.000000
2950,27.000000
2951,-1.000000
2952,5.000000
2953,-3.000000
2954,3.000000
2955,3.000000
2956,-1.000000
2957,-3.000000
2958,-5.000000
2959,-1.000000
2960,1.000000
2961,1.000000
2962,7.000000
2963,3.000000
2964,7.000000
2965,3.000000
2966,-1.000000
2967,-9.000000
2968,-3.000000
2969,-1.000000
2970,1.000000
2971,3.000000
2972,7.000000
2973,3.000000
2974,3.000000
2975,1.000000
2976,1.000000
2977,-7.000000
2978,-7.000000
2979,-3.000000
2980,-1.000000
2981,-3.000000
2982,5.000000
2983,3.000000
2984,1.000000
2985,1.000000
2986,-1.000000
2987,-5.000000
2988,-7.000000
2989,-3.000000
2990,-1.000000
2991,-1.000000
2992,7.000000
2993,7.000000
2994,1.000000
2995,-1.000000
2996,-1.000000
2997,-5.000000
2998,-3.000000
2999,-5.000000
3000,5.000000
3001,-3.000000
3002,7.000000
3003,27.000000
3004,9.000000
3005,1.000000
3006,1.000000
3007,-11.000000
3008,-3.000000
3009,-1.000000
3010,-7.000000
3011,-3.000000
3012,7.000000
3013,3.000000
3014,-1.000000
3015,7.000000
3016,-1.000000
3017,-9.000000
3018,-3.000000
3019,-3.000000
3020,1.000000
3021,-1.000000
3022,5.000000
3023,3.000000
3024,7.000000
3025,3.000000
3026,-1.000000
3027,-5.000000
3028,-7.000000
3029,1.000000
3030,-5.000000
3031,1.000000
3032,9.000000
3033,3.000000
3034,13.000000
3035,-1.000000
3036,3.000000
3037,-7.000000
3038,-5.000000
3039,-37.000000
3040,1.000000
3041,1.000000
3042,5.000000
3043,5.000000
3044,3.000000
3045,3.000000
3046,1.000000
3047,-5.000000
3048,-7.000000
3049,-5.000000
3050,-7.000000
3051,3.000000
3052,5.000000
3053,3.000000
3054,3.000000
3055,1.000000
3056,-1.000000
3057,-19.000000
3058,-29.000000
3059,-9.000000
3060,-3.000000
3061,23.000000
3062,7.000000
3063,9.000000
3064,7.000000
3065,1.000000
3066,3.000000
3067,-1.000000
3068,-3.000000
3069,-7.000000
3070,-3.000000
3071,-1.000000
3072,3.000000
3073,7.000000
3074,7.000000
3075,3.000000
3076,11.000000
3077,-7.000000
3078,-7.000000
3079,-21.000000
3080,-7.000000
3081,1.000000
3082,3.000000
3083,5.000000
3084,9.000000
3085,1.000000
3086,-7.000000
3087,-5.000000
3088,-5.000000
3089,-7.000000
3090,-7.000000
3091,1.000000
3092,3.000000
3093,9.000000
3094,3.000000
3095,-3.000000
3096,-5.000000
3097,-3.000000
3098,-7.000000
3099,-3.000000
3100,-5.000000
3101,1.000000
3102,1.000000
3103,-21.000000
3104,7.000000
3105,-1.000000
3106,-1.000000
3107,-7.000000
3108,13.000000
3109,-7.000000
3110,-3.000000
3111,1.000000
3112,1.000000
3113,5.000000
3114,3.000000
3115,-1.000000
3116,1.000000
3117,-9.000000
3118,-5.000000
3119,-19.000000
3120,-5.000000
3121,1.000000
3122,7.000000
3123,5.000000
3124,-3.000000
3125,-1.000000
3126,1.000000
3127,-5.000000
3128,-3.000000
3129,-3.000000
3130,-3.000000
3131,1.000000
3132,1.000000
3133,5.000000
3134,5.000000
3135,-1.000000
3136,-7.000000
3137,-3.000000
3138,-13.000000
3139,-5.000000
3140,-3.000000
3141,1.000000
3142,7.000000
3143,1.000000
3144,5.000000
3145,13.000000
3146,-7.000000
3147,-5.000000
3148,-3.000000
3149,-5.000000
3150,-1.000000
3151,-1.000000
3152,5.000000
3153,17.000000
3154,3.000000
3155,1.000000
3156,-11.000000
3157,-3.000000
3158,-1.000000
3159,-3.000000
3160,-1.000000
3161,3.000000
3162,3.000000
3163,1.000000
3164,15.000000
3165,-1.000000
3166,9.000000
3167,-3.000000
3168,-5.000000
3169,-5.000000
3170,-1.000000
3171,-3.000000
3172,1.000000
3173,5.000000
3174,3.000000
3175,-3.000000
3176,9.000000
3177,-3.000000
3178,-7.000000
3179,-15.000000
3180,-1.000000
3181,1.000000
3182,7.000000
3183,5.000000
3184,7.000000
3185,5.000000
3186,5.000000
3187,-9.000000
3188,-7.000000
3189,-7.000000
3190,-3.000000
3191,-1.000000
3192,7.000000
3193,5.000000
3194,3.000000
3195,-1.000000
3196,3.000000
3197,-1.000000
3198,-7.000000
3199,-3.000000
3200,5.000000
3201,-1.000000
3202,7.000000
3203,17.000000
3204,23.000000
3205,5.000000
3206,-1.000000
3207,-3.000000
3208,-5.000000
3209,-7.000000
3210,-5.000000
3211,1.000000
3212,3.000000
3213,3.000000
3214,3.000000
3215,-1.000000
3216,-5.000000
3217,-5.000000
3218,-1.000000
3219,-11.000000
3220,-5.000000
3221,3.000000
3222,1.000000
3223,-1.000000
3224,1.000000
3225,-17.000000
3226,-1.000000
3227,-3.000000
3228,-13.000000
3229,-15.000000
3230,-1.000000
3231,1.000000
3232,3.000000
3233,7.000000
3234,21.000000
3235,-1.000000
3236,-1.000000
3237,-7.000000
3238,-5.000000
3239,-7.000000
3240,-5.000000
3241,-1.000000
3242,1.000000
3243,7.000000
3244,11.000000
3245,3.000000
3246,1.000000
3247,65.000000
3248,-221.000000
3249,27.000000
3250,33.000000
3251,3.000000
3252,7.000000
3253,39.000000
3254,-1.000000
3255,5.000000
3256,-1.000000
3257,-5.000000
3258,-11.000000
3259,-7.000000
3260,-1.000000
3261,-1.000000
3262,3.000000
3263,9.000000
3264,3.000000
3265,1.000000
3266,-3.000000
3267,-5.000000
3268,-7.000000
3269,-3.000000
3270,-1.000000
3271,1.000000
3272,7.000000
3273,11.000000
3274,1.000000
3275,-7.000000
3276,-1.000000
3277,-7.000000
3278,-5.000000
3279,-11.000000
3280,-5.000000
3281,1.000000
3282,3.000000
3283,9.000000
3284,-31.000000
3285,5.000000
3286,3.000000
3287,-3.000000
3288,3.000000
3289,-3.000000
3290,-3.000000
3291,-3.000000
3292,-1.000000
3293,7.000000
3294,1.000000
3295,-1.000000
3296,-1.000000
3297,-7.000000
3298,-9.000000
3299,-1.000000
3300,-9.000000
3301,-1.000000
3302,3.000000
3303,17.000000
3304,-1.000000
3305,1.000000
3306,-1.000000
3307,-1.000000
3308,-7.000000
3309,-9.000000
3310,-1.000000
3311,-3.000000
3312,-1.000000
3313,1.000000
3314,-1.000000
3315,7.000000
3316,3.000000
3317,1.000000
3318,-11.000000
3319,1.000000
3320,-3.000000
3321,1.000000
3322,5.000000
3323,5.000000
3324,9.000000
3325,-3.000000
3326,1.000000
3327,-3.000000
3328,-9.000000
3329,-7.000000
3330,-1.000000
3331,3.000000
3332,7.000000
3333,3.000000
3334,7.000000
3335,3.000000
3336,-3.000000
3337,-9.000000
3338,-9.000000
3339,15.000000
3340,-3.000000
3341,-3.000000
3342,-1.000000
3343,9.000000
3344,1.000000
3345,5.000000
3346,1.000000
3347,-1.000000
3348,-7.000000
3349,-7.000000
3350,-5.000000
3351,-1.000000
3352,5.000000
3353,7.000000
3354,3.000000
3355,11.000000
3356,-3.000000
3357,-11.000000
3358,-13.000000
3359,-3.000000
3360,-3.000000
3361,9.000000
3362,5.000000
3363,23.000000
3364,3.000000
3365,-3.000000
3366,5.000000
3367,-7.000000
3368,-7.000000
3369,-5.000000
3370,-3.000000
3371,3.000000
3372,3.000000
3373,5.000000
3374,3.000000
3375,1.000000
3376,17.000000
3377,-5.000000
3378,-7.000000
3379,-1.000000
3380,-9.000000
3381,1.000000
3382,3.000000
3383,5.000000
3384,3.000000
3385,1.000000
3386,1.000000
3387,-3.000000
3388,-7.000000
3389,-11.000000
3390,-1.000000
3391,1.000000
3392,5.000000
3393,7.000000
3394,-3.000000
3395,1.000000
3396,3.000000
3397,-1.000000
3398,-5.000000
3399,-5.000000
3400,-3.000000
3401,-1.000000
3402,19.000000
3403,-1.000000
3404,9.000000
3405,-21.000000
3406,-1.000000
3407,-11.000000
3408,-15.000000
3409,-1.000000
3410,-1.000000
3411,-3.000000
3412,-1.000000
3413,7.000000
3414,1.000000
3415,-11.000000
3416,-3.000000
3417,-11.000000
3418,-15.000000
3419,-11.000000
3420,-13.000000
3421,5.000000
3422,9.000000
3423,3.000000
3424,13.000000
3425,9.000000
3426,-5.000000
3427,1.000000
3428,-11.000000
3429,31.000000
3430,-1.000000
3431,11.000000
3432,-5.000000
3433,7.000000
3434,3.000000
3435,5.000000
3436,11.000000
3437,-7.000000
3438,-5.000000
3439,-7.000000
3440,-7.000000
3441,-1.000000
3442,5.000000
3443,11.000000
3444,3.000000
3445,-1.000000
3446,-3.000000
3447,1.000000
3448,-7.000000
3449,-7.000000
3450,-1.000000
3451,-1.000000
3452,5.000000
3453,1.000000
3454,3.000000
3455,-3.000000
3456,9.000000
3457,1.000000
3458,-7.000000
3459,1.000000
3460,-7.000000
3461,1.000000
3462,5.000000
3463,19.000000
3464,1.000000
3465,5.000000
3466,1.000000
3467,-1.000000
3468,-1.000000
3469,-1.000000
3470,-3.000000
3471,-7.000000
3472,3.000000
3473,5.000000
3474,3.000000
3475,5.000000
3476,5.000000
3477,-1.000000
3478,15.000000
3479,1.000000
3480,-3.000000
3481,-15.000000
3482,-3.000000
3483,5.000000
3484,1.000000
3485,-3.000000
3486,-7.000000
3487,-3.000000
3488,-1.000000
3489,-7.000000
3490,9.000000
3491,3.000000
3492,-1.000000
3493,9.000000
3494,5.000000
3495,3.000000
3496,-3.000000
3497,1.000000
3498,-7.000000
3499,-7.000000
3500,1.000000
3501,-1.000000
3502,3.000000
3503,-9.000000
3504,3.000000
3505,1.000000
3506,-3.000000
3507,-1.000000
3508,-7.000000
3509,3.000000
3510,-7.000000
3511,-13.000000
3512,5.000000
3513,5.000000
3514,5.000000
3515,17.000000
3516,1.000000
3517,1.000000
3518,-11.000000
3519,-9.000000
3520,5.000000
3521,-1.000000
3522,7.000000
3523,1.000000
3524,7.000000
3525,1.000000
3526,-1.000000
3527,-3.000000
3528,-11.000000
3529,-3.000000
3530,-3.000000
3531,-1.000000
3532,-1.000000
3533,3.000000
3534,3.000000
3535,-3.000000
3536,7.000000
3537,-1.000000
3538,-3.000000
3539,-7.000000
3540,-7.000000
3541,-1.000000
3542,1.000000
3543,1.000000
3544,3.000000
3545,-1.000000
3546,3.000000
3547,-1.000000
3548,-1.000000
3549,-7.000000
3550,-5.000000
3551,-1.000000
3552,1.000000
3553,-1.000000
3554,5.000000
3555,3.000000
3556,-1.000000
3557,-5.000000
3558,-7.000000
3559,-11.000000
3560,-1.000000
3561,1.000000
3562,1.000000
3563,3.000000
3564,1.000000
3565,1.000000
3566,-13.000000
3567,1.000000
3568,-1.000000
3569,-9.000000
3570,-33.000000
3571,-3.000000
3572,1.000000
3573,-13.000000
3574,11.000000
3575,-1.000000
3576,5.000000
3577,1.000000
3578,-3.000000
3579,-7.000000
3580,-7.000000
3581,-1.000000
3582,3.000000
3583,3.000000
3584,-27.000000
3585,1.000000
3586,-23.000000
3587,-1.000000
3588,-9.000000
3589,-5.000000
3590,-17.000000
3591,-3.000000
3592,1.000000
3593,3.000000
3594,7.000000
3595,9.000000
3596,3.000000
3597,-1.000000
3598,-1.000000
3599,-11.000000
3600,-1.000000
3601,-15.000000
3602,3.000000
3603,7.000000
3604,3.000000
3605,-1.000000
3606,-13.000000
3607,-3.000000
3608,1.000000
3609,1.000000
3610,-11.000000
3611,-3.000000
3612,1.000000
3613,1.000000
3614,7.000000
3615,3.000000
3616,1.000000
3617,-5.000000
3618,-3.000000
3619,-3.000000
3620,-1.000000
3621,-1.000000
3622,-1.000000
3623,15.000000
3624,1.000000
3625,1.000000
3626,-3.000000
3627,-1.000000
3628,-7.000000
3629,-7.000000
3630,-9.000000
3631,1.000000
3632,5.000000
3633,3.000000
3634,-1.000000
3635,1.000000
3636,-1.000000
3637,-3.000000
3638,-5.000000
3639,-7.000000
3640,3.000000
3641,-3.000000
3642,-1.000000
3643,7.000000
3644,3.000000
3645,3.000000
3646,-1.000000
3647,1.000000
3648,-1.000000
3649,-7.000000
3650,-7.000000
3651,-1.000000
3652,1.000000
3653,7.000000
3654,3.000000
3655,27.000000
3656,-7.000000
3657,-5.000000
3658,-7.000000
3659,-5.000000
3660,-1.000000
3661,-1.000000
3662,3.000000
3663,9.000000
3664,9.000000
3665,7.000000
3666,17.000000
3667,-3.000000
3668,-7.000000
3669,-7.000000
3670,-3.000000
3671,3.000000
3672,-7.000000
3673,-3.000000
3674,1.000000
3675,-3.000000
3676,1.000000
3677,1.000000
3678,-13.000000
3679,-1.000000
3680,9.000000
3681,7.000000
3682,1.000000
3683,23.000000
3684,7.000000
3685,3.000000
3686,-3.000000
3687,-1.000000
3688,21.000000
3689,43.000000
3690,-7.000000
3691,3.000000
3692,3.000000
3693,3.000000
3694,5.000000
3695,-1.000000
3696,-1.000000
3697,1.000000
3698,-7.000000
3699,-7.000000
3700,-9.000000
3701,1.000000
3702,5.000000
3703,3.000000
3704,1.000000
3705,3.000000
3706,3.000000
3707,-3.000000
3708,-3.000000
3709,-9.000000
3710,3.000000
3711,-5.000000
3712,-3.000000
3713,3.000000
3714,1.000000
3715,5.000000
3716,-15.000000
3717,1.000000
3718,-1.000000
3719,-1.000000
3720,-1.000000
3721,1.000000
3722,3.000000
3723,11.000000
3724,17.000000
3725,-11.000000
3726,-1.000000
3727,-5.000000
3728,-5.000000
3729,-9.000000
3730,-13.000000
3731,-3.000000
3732,5.000000
3733,17.000000
3734,5.000000
3735,-1.000000
3736,1.000000
3737,-3.000000
3738,-1.000000
3739,-7.000000
3740,-1.000000
3741,3.000000
3742,-3.000000
3743,5.000000
3744,1.000000
3745,3.000000
3746,1.000000
3747,1.000000
3748,-5.000000
3749,-7.000000
3750,7.000000
3751,-1.000000
3752,3.000000
3753,7.000000
3754,11.000000
3755,-5.000000
3756,-5.000000
3757,-1.000000
3758,-1.000000
3759,5.000000
3760,-23.000000
3761,1.000000
3762,7.000000
3763,7.000000
3764,5.000000
3765,1.000000
3766,1.000000
3767,-1.000000
3768,-7.000000
3769,-3.000000
3770,-3.000000
3771,-1.000000
3772,3.000000
3773,3.000000
3774,3.000000
3775,1.000000
3776,1.000000
3777,3.000000
3778,-3.000000
3779,-7.000000
3780,1.000000
3781,-1.000000
3782,1.000000
3783,11.000000
3784,3.000000
3785,-3.000000
3786,1.000000
3787,-3.000000
3788,17.000000
3789,-7.000000
3790,-21.000000
3791,-5.000000
3792,3.000000
3793,-19.000000
3794,13.000000
3795,-7.000000
3796,1.000000
3797,-5.000000
3798,-1.000000
3799,3.000000
3800,-1.000000
3801,1.000000
3802,1.000000
3803,1.000000
3804,7.000000
3805,9.000000
3806,-5.000000
3807,-3.000000
3808,-5.000000
3809,-5.000000
3810,-1.000000
3811,-1.000000
3812,-1.000000
3813,1.000000
3814,3.000000
3815,1.000000
3816,15.000000
3817,-3.000000
3818,-1.000000
3819,-5.000000
3820,-5.000000
3821,1.000000
3822,5.000000
3823,7.000000
3824,7.000000
3825,-11.000000
3826,-1.000000
3827,1.000000
3828,-5.000000
3829,-1.000000
3830,-5.000000
3831,-1.000000
3832,31.000000
3833,3.000000
3834,-9.000000
3835,-23.000000
3836,3.000000
3837,-1.000000
3838,-9.000000
3839,-3.000000
3840,-3.000000
3841,-11.000000
3842,3.000000
3843,3.000000
3844,7.000000
3845,5.000000
3846,-7.000000
3847,-7.000000
3848,-3.000000
3849,-7.000000
3850,-7.000000
3851,1.000000
3852,1.000000
3853,1.000000
3854,1.000000
3855,3.000000
3856,-3.000000
3857,-1.000000
3858,-9.000000
3859,-7.000000
3860,9.000000
3861,-3.000000
3862,11.000000
3863,5.000000
3864,3.000000
3865,7.000000
3866,1.000000
3867,1.000000
3868,-1.000000
3869,-47.000000
3870,-11.000000
3871,-1.000000
3872,1.000000
3873,9.000000
3874,1.000000
3875,1.000000
3876,3.000000
3877,1.000000
3878,-3.000000
3879,-7.000000
3880,-1.000000
3881,-3.000000
3882,3.000000
3883,3.000000
3884,5.000000
3885,3.000000
3886,7.000000
3887,-3.000000
3888,-5.000000
3889,-7.000000
3890,1.000000
3891,-1.000000
3892,3.000000
3893,5.000000
3894,1.000000
3895,-5.000000
3896,-3.000000
3897,-3.000000
3898,-7.000000
3899,3.000000
3900,-3.000000
3901,1.000000
3902,-1.000000
3903,9.000000
3904,9.000000
3905,-1.000000
3906,-3.000000
3907,-17.000000
3908,-5.000000
3909,-9.000000
3910,-5.000000
3911,-1.000000
3912,5.000000
3913,7.000000
3914,1.000000
3915,5.000000
3916,-3.000000
3917,13.000000
3918,-7.000000
3919,-7.000000
3920,-7.000000
3921,-1.000000
3922,3.000000
3923,3.000000
3924,5.000000
3925,5.000000
3926,1.000000
3927,-3.000000
3928,-5.000000
3929,-5.000000
3930,-5.000000
3931,-3.000000
3932,1.000000
3933,1.000000
3934,1.000000
3935,-7.000000
3936,-5.000000
3937,5.000000
3938,-5.000000
3939,-21.000000
3940,-7.000000
3941,-3.000000
3942,-1.000000
3943,11.000000
3944,5.000000
3945,-5.000000
3946,-5.000000
3947,-1.000000
3948,-3.000000
3949,-7.000000
3950,-1.000000
3951,-1.000000
3952,-1.000000
3953,3.000000
3954,3.000000
3955,3.000000
3956,3.000000
3957,-5.000000
3958,-1.000000
3959,-1.000000
3960,11.000000
3961,-3.000000
3962,1.000000
3963,1.000000
3964,1.000000
3965,5.000000
3966,-7.000000
3967,-3.000000
3968,-7.000000
3969,1.000000
3970,-3.000000
3971,-3.000000
3972,1.000000
3973,3.000000
3974,15.000000
3975,15.000000
3976,1.000000
3977,-1.000000
3978,-7.000000
3979,-3.000000
3980,-1.000000
3981,-1.000000
3982,1.000000
3983,3.000000
3984,3.000000
3985,1.000000
3986,3.000000
3987,-3.000000
3988,-9.000000
3989,-5.000000
3990,3.000000
3991,-1.000000
3992,-1.000000
3993,1.000000
3994,1.000000
3995,1.000000
3996,-15.000000
3997,-3.000000
3998,-3.000000
3999,-7.000000
4000,-3.000000
4001,-3.000000
4002,5.000000
4003,13.000000
4004,3.000000
4005,5.000000
4006,29.000000
4007,-1.000000
4008,-5.000000
4009,-7.000000
4010,-3.000000
4011,-1.000000
4012,5.000000
4013,5.000000
4014,27.000000
4015,11.000000
4016,-1.000000
4017,5.000000
4018,-1.000000
4019,-5.000000
4020,5.000000
4021,1.000000
4022,-3.000000
4023,3.000000
4024,7.000000
4025,1.000000
4026,1.000000
4027,1.000000
4028,-3.000000
4029,-15.000000
4030,-3.000000
4031,1.000000
4032,3.000000
4033,3.000000
4034,3.000000
4035,7.000000
4036,-3.000000
4037,-3.000000
4038,-3.000000
4039,-7.000000
4040,-7.000000
4041,-1.000000
4042,-1.000000
4043,7.000000
4044,1.000000
4045,-7.000000
4046,7.000000
4047,-1.000000
4048,-5.000000
4049,-7.000000
4050,-9.000000
4051,13.000000
4052,1.000000
4053,-1.000000
4054,7.000000
4055,-5.000000
4056,-1.000000
4057,-1.000000
4058,-9.000000
4059,-5.000000
4060,-5.000000
4061,1.000000
4062,1.000000
4063,5.000000
4064,5.000000
4065,-1.000000
4066,-1.000000
4067,-5.000000
4068,-21.000000
4069,-7.000000
4070,-23.000000
4071,-3.000000
4072,-1.000000
4073,1.000000
4074,9.000000
4075,-7.000000
4076,7.000000
4077,-11.000000
4078,-7.000000
4079,-11.000000
4080,-1.000000
4081,-3.000000
4082,3.000000
4083,7.000000
4084,19.000000
4085,-1.000000
4086,1.000000
4087,-3.000000
4088,-7.000000
4089,-3.000000
4090,1.000000
4091,1.000000
4092,-1.000000
4093,3.000000
4094,5.000000
4095,5.000000
4096,-1.000000
4097,-3.000000
4098,-1.000000
4099,-9.000000
4100,-7.000000
4101,1.000000
4102,3.000000
4103,7.000000
4104,3.000000
4105,3.000000
4106,-3.000000
4107,-1.000000
4108,-3.000000
4109,-5.000000
4110,-3.000000
4111,3.000000
4112,1.000000
4113,3.000000
4114,5.000000
4115,17.000000
4116,1.000000
4117,-7.000000
4118,-1.000000
4119,-5.000000
4120,1.000000
4121,-1.000000
4122,1.000000
4123,3.000000
4124,-3.000000
4125,5.000000
4126,3.000000
4127,7.000000
4128,-3.000000
4129,-5.000000
4130,-1.000000
4131,-1.000000
4132,3.000000
4133,7.000000
4134,3.000000
4135,-5.000000
4136,-33.000000
4137,-1.000000
4138,-9.000000
4139,-5.000000
4140,-33.000000
4141,-1.000000
4142,1.000000
4143,1.000000
4144,7.000000
4145,3.000000
4146,9.000000
4147,1.000000
4148,-5.000000
4149,-3.000000
4150,1.000000
4151,1.000000
4152,1.000000
4153,1.000000
4154,23.000000
4155,1.000000
4156,1.000000
4157,1.000000
4158,-7.000000
4159,-21.000000
4160,-3.000000
4161,1.000000
4162,1.000000
4163,9.000000
4164,1.000000
4165,5.000000
4166,-15.000000
4167,-1.000000
4168,-7.000000
4169,-7.000000
4170,-9.000000
4171,3.000000
4172,1.000000
4173,3.000000
4174,3.000000
4175,-7.000000
4176,1.000000
4177,-3.000000
4178,-7.000000
4179,-7.000000
4180,-5.000000
4181,-3.000000
4182,1.000000
4183,-11.000000
4184,5.000000
4185,-31.000000
4186,1.000000
4187,1.000000
4188,-9.000000
4189,-5.000000
4190,-5.000000
4191,-3.000000
4192,5.000000
4193,5.000000
4194,-3.000000
4195,3.000000
4196,-1.000000
4197,-1.000000
4198,-7.000000
4199,11.000000
4200,1.000000
4201,1.000000
4202,-1.000000
4203,1.000000
4204,5.000000
4205,1.000000
4206,-3.000000
4207,-3.000000
4208,-1.000000
4209,-7.000000
4210,-7.000000
4211,-1.000000
4212,-1.000000
4213,7.000000
4214,3.000000
4215,-17.000000
4216,-1.000000
4217,1.000000
4218,-7.000000
4219,-3.000000
4220,-5.000000
4221,-3.000000
4222,1.000000
4223,3.000000
4224,1.000000
4225,1.000000
4226,1.000000
4227,3.000000
4228,-3.000000
4229,-15.000000
4230,-3.000000
4231,1.000000
4232,-5.000000
4233,9.000000
4234,-23.000000
4235,3.000000
4236,-1.000000
4237,1.000000
4238,-3.000000
4239,-7.000000
4240,1.000000
4241,11.000000
4242,-11.000000
4243,19.000000
4244,3.000000
4245,-5.000000
4246,-5.000000
4247,-1.000000
4248,-5.000000
4249,-3.000000
4250,3.000000
4251,-3.000000
4252,5.000000
4253,-7.000000
4254,7.000000
4255,1.000000
4256,3.000000
4257,-3.000000
4258,-11.000000
4259,-3.000000
4260,-3.000000
4261,-3.000000
4262,-1.000000
4263,1.000000
4264,-3.000000
4265,7.000000
4266,-3.000000
4267,1.000000
4268,-1.000000
4269,-1.000000
4270,3.000000
4271,-1.000000
4272,1.000000
4273,3.000000
4274,17.000000
4275,7.000000
4276,-1.000000
4277,-1.000000
4278,-5.000000
4279,3.000000
4280,1.000000
4281,1.000000
4282,1.000000
4283,3.000000
4284,9.000000
4285,3.000000
4286,1.000000
4287,-1.000000
4288,-11.000000
4289,-13.000000
4290,-5.000000
4291,-1.000000
4292,1.000000
4293,3.000000
4294,5.000000
4295,1.000000
4296,-5.000000
4297,1.000000
4298,-5.000000
4299,-5.000000
4300,-33.000000
4301,-5.000000
4302,1.000000
4303,-11.000000
4304,11.000000
4305,5.000000
4306,-1.000000
4307,-3.000000
4308,-9.000000
4309,-1.000000
4310,-1.000000
4311,-3.000000
4312,-3.000000
4313,-9.000000
4314,3.000000
4315,13.000000
4316,1.000000
4317,1.000000
4318,-15.000000
4319,-5.000000
4320,-1.000000
4321,13.000000
4322,-3.000000
4323,9.000000
4324,5.000000
4325,5.000000
4326,-3.000000
4327,-1.000000
4328,-33.000000
4329,-5.000000
4330,-7.000000
4331,-5.000000
4332,-11.000000
4333,9.000000
4334,3.000000
4335,9.000000
4336,1.000000
4337,-1.000000
4338,-3.000000
4339,-5.000000
4340,-7.000000
4341,-1.000000
4342,1.000000
4343,1.000000
4344,21.000000
4345,5.000000
4346,-1.000000
4347,3.000000
4348,-7.000000
4349,-15.000000
4350,-23.000000
4351,-3.000000
4352,-3.000000
4353,1.000000
4354,1.000000
4355,11.000000
4356,1.000000
4357,1.000000
4358,-5.000000
4359,-3.000000
4360,-11.000000
4361,-7.000000
4362,-1.000000
4363,1.000000
4364,3.000000
4365,-1.000000
4366,5.000000
4367,-11.000000
4368,-5.000000
4369,-5.000000
4370,-5.000000
4371,-1.000000
4372,-3.000000
4373,5.000000
4374,7.000000
4375,5.000000
4376,3.000000
4377,3.000000
4378,-5.000000
4379,-7.000000
4380,-1.000000
4381,-1.000000
4382,-1.000000
4383,3.000000
4384,-1.000000
4385,1.000000
4386,5.000000
4387,3.000000
4388,-15.000000
4389,5.000000
4390,-7.000000
4391,-1.000000
4392,-1.000000
4393,-5.000000
4394,5.000000
4395,-9.000000
4396,1.000000
4397,-3.000000
4398,-17.000000
4399,-3.000000
4400,-1.000000
4401,3.000000
4402,-5.000000
4403,3.000000
4404,3.000000
4405,-1.000000
4406,-1.000000
4407,1.000000
4408,-3.000000
4409,-17.000000
4410,15.000000
4411,1.000000
4412,-1.000000
4413,5.000000
4414,13.000000
4415,3.000000
4416,-1.000000
4417,-1.000000
4418,-7.000000
4419,-5.000000
4420,-7.000000
4421,-1.000000
4422,-3.000000
4423,3.000000
4424,-1.000000
4425,-7.000000
4426,3.000000
4427,1.000000
4428,-3.000000
4429,9.000000
4430,-15.000000
4431,-3.000000
4432,3.000000
4433,5.000000
4434,5.000000
4435,1.000000
4436,-5.000000
4437,1.000000
4438,-7.000000
4439,-5.000000
4440,-7.000000
4441,1.000000
4442,-1.000000
4443,1.000000
4444,7.000000
4445,1.000000
4446,-3.000000
4447,-1.000000
4448,-11.000000
4449,-5.000000
4450,-7.000000
4451,-3.000000
4452,1.000000
4453,7.000000
4454,3.000000
4455,5.000000
4456,-5.000000
4457,-9.000000
4458,1.000000
4459,-7.000000
4460,7.000000
4461,-3.000000
4462,1.000000
4463,1.000000
4464,9.000000
4465,-13.000000
4466,-1.000000
4467,-3.000000
4468,-3.000000
4469,-1.000000
4470,-1.000000
4471,-3.000000
4472,-1.000000
4473,-1.000000
4474,1.000000
4475,3.000000
4476,3.000000
4477,-3.000000
4478,-1.000000
4479,-9.000000
4480,-11.000000
4481,-3.000000
4482,1.000000
4483,5.000000
4484,3.000000
4485,3.000000
4486,-3.000000
4487,1.000000
4488,-11.000000
4489,-7.000000
4490,-1.000000
4491,-1.000000
4492,-3.000000
4493,5.000000
4494,7.000000
4495,5.000000
4496,-3.000000
4497,-1.000000
4498,-5.000000
4499,-9.000000
4500,-23.000000
4501,-3.000000
4502,1.000000
4503,5.000000
4504,7.000000
4505,1.000000
4506,5.000000
4507,-1.000000
4508,-1.000000
4509,-3.000000
4510,-3.000000
4511,1.000000
4512,-3.000000
4513,3.000000
4514,3.000000
4515,5.000000
4516,-1.000000
4517,1.000000
4518,-1.000000
4519,-3.000000
4520,-11.000000
4521,-1.000000
4522,1.000000
4523,3.000000
4524,3.000000
4525,5.000000
4526,1.000000
4527,1.000000
4528,-5.000000
4529,-3.000000
4530,5.000000
4531,-5.000000
4532,1.000000
4533,5.000000
4534,1.000000
4535,1.000000
4536,5.000000
4537,3.000000
4538,-7.000000
4539,-11.000000
4540,-11.000000
4541,-3.000000
4542,-1.000000
4543,3.000000
4544,1.000000
4545,1.000000
4546,1.000000
4547,1.000000
4548,-7.000000
4549,-5.000000
4550,1.000000
4551,1.000000
4552,-3.000000
4553,1.000000
4554,21.000000
4555,3.000000
4556,1.000000
4557,1.000000
4558,1.000000
4559,-7.000000
4560,-11.000000
4561,3.000000
4562,-3.000000
4563,7.000000
4564,7.000000
4565,1.000000
4566,-3.000000
4567,3.000000
4568,-7.000000
4569,-5.000000
4570,7.000000
4571,9.000000
4572,-15.000000
4573,-1.000000
4574,5.000000
4575,15.000000
4576,15.000000
4577,1.000000
4578,-1.000000
4579,-7.000000
4580,-3.000000
4581,-1.000000
4582,-3.000000
4583,5.000000
4584,-1.000000
4585,1.000000
4586,19.000000
4587,1.000000
4588,-7.000000
4589,-5.000000
4590,-7.000000
4591,-143.000000
4592,-27.000000
4593,5.000000
4594,11.000000
4595,13.000000
4596,-1.000000
4597,3.000000
4598,-5.000000
4599,31.000000
4600,3.000000
4601,3.000000
4602,1.000000
4603,1.000000
4604,3.000000
4605,3.000000
4606,-1.000000
4607,1.000000
4608,-7.000000
4609,-1.000000
4610,25.000000
4611,1.000000
4612,3.000000
4613,5.000000
4614,3.000000
4615,7.000000
4616,-7.000000
4617,-1.000000
4618,-5.000000
4619,-3.000000
4620,-5.000000
4621,-3.000000
4622,-1.000000
4623,7.000000
4624,3.000000
4625,-1.000000
4626,5.000000
4627,5.000000
4628,-1.000000
4629,-1.000000
4630,-1.000000
4631,-1.000000
4632,-3.000000
4633,1.000000
4634,13.000000
4635,9.000000
4636,-1.000000
4637,-1.000000
4638,-5.000000
4639,3.000000
4640,1.000000
4641,3.000000
4642,11.000000
4643,7.000000
4644,5.000000
4645,3.000000
4646,-5.000000
4647,-1.000000
4648,-9.000000
4649,-7.000000
4650,13.000000
4651,15.000000
4652,3.000000
4653,13.000000
4654,1.000000
4655,25.000000
4656,-1.000000
4657,-1.000000
4658,-7.000000
4659,-7.000000
4660,-3.000000
4661,-3.000000
4662,1.000000
4663,-11.000000
4664,3.000000
4665,1.000000
4666,1.000000
4667,1.000000
4668,-21.000000
4669,-5.000000
4670,-1.000000
4671,-3.000000
4672,1.000000
4673,9.000000
4674,1.000000
4675,3.000000
4676,-1.000000
4677,1.000000
4678,-7.000000
4679,-1.000000
4680,-57.000000
4681,-75.000000
4682,-15.000000
4683,15.000000
4684,31.000000
4685,11.000000
4686,3.000000
4687,3.000000
4688,-3.000000
4689,-1.000000
4690,-5.000000
4691,-3.000000
4692,-3.000000
4693,5.000000
4694,1.000000
4695,-3.000000
4696,-3.000000
4697,3.000000
4698,-5.000000
4699,-1.000000
4700,-3.000000
4701,-1.000000
4702,1.000000
4703,5.000000
4704,3.000000
4705,3.000000
4706,1.000000
4707,3.000000
4708,-3.000000
4709,-5.000000
4710,-1.000000
4711,-3.000000
4712,-3.000000
4713,5.000000
4714,1.000000
4715,1.000000
4716,3.000000
4717,-1.000000
4718,-9.000000
4719,-5.000000
4720,-7.000000
4721,-3.000000
4722,-1.000000
4723,7.000000
4724,-7.000000
4725,-15.000000
4726,-1.000000
4727,-9.000000
4728,-7.000000
4729,-33.000000
4730,-31.000000
4731,7.000000
4732,13.000000
4733,19.000000
4734,5.000000
4735,3.000000
4736,1.000000
4737,1.000000
4738,-9.000000
4739,-5.000000
4740,-1.000000
4741,-1.000000
4742,-1.000000
4743,3.000000
4744,7.000000
4745,1.000000
4746,-1.000000
4747,1.000000
4748,-5.000000
4749,-11.000000
4750,-5.000000
4751,-5.000000
4752,-3.000000
4753,7.000000
4754,1.000000
4755,11.000000
4756,-7.000000
4757,-17.000000
4758,-13.000000
4759,-11.000000
4760,-5.000000
4761,1.000000
4762,1.000000
4763,3.000000
4764,-5.000000
4765,-1.000000
4766,13.000000
4767,-1.000000
4768,-3.000000
4769,-5.000000
4770,-3.000000
4771,3.000000
4772,-1.000000
4773,3.000000
4774,17.000000
4775,9.000000
4776,17.000000
4777,1.000000
4778,-5.000000
4779,15.000000
4780,3.000000
4781,-3.000000
4782,-27.000000
4783,3.000000
4784,3.000000
4785,3.000000
4786,1.000000
4787,1.000000
4788,-5.000000
4789,-7.000000
4790,-1.000000
4791,-3.000000
4792,-1.000000
4793,5.000000
4794,3.000000
4795,15.000000
4796,3.000000
4797,-19.000000
4798,-13.000000
4799,-11.000000
4800,-5.000000
4801,-7.000000
4802,-1.000000
4803,3.000000
4804,5.000000
4805,27.000000
4806,1.000000
4807,1.000000
4808,-3.000000
4809,-3.000000
4810,5.000000
4811,-3.000000
4812,-7.000000
4813,5.000000
4814,-1.000000
4815,3.000000
4816,1.000000
4817,9.000000
4818,-15.000000
4819,15.000000
4820,-33.000000
4821,9.000000
4822,-3.000000
4823,7.000000
4824,5.000000
4825,-17.000000
4826,3.000000
4827,1.000000
4828,-7.000000
4829,-3.000000
4830,-7.000000
4831,-7.000000
4832,-5.000000
4833,3.000000
4834,5.000000
4835,1.000000
4836,9.000000
4837,-3.000000
4838,-1.000000
4839,-1.000000
4840,-1.000000
4841,31.000000
4842,-5.000000
4843,5.000000
4844,7.000000
4845,7.000000
4846,7.000000
4847,1.000000
4848,-9.000000
4849,-11.000000
4850,5.000000
4851,-3.000000
4852,-3.000000
4853,5.000000
4854,-1.000000
4855,-15.000000
4856,7.000000
4857,1.000000
4858,-1.000000
4859,-5.000000
4860,-5.000000
4861,-1.000000
4862,-1.000000
4863,1.000000
4864,-1.000000
4865,3.000000
4866,-5.000000
4867,-3.000000
4868,-1.000000
4869,-7.000000
4870,-3.000000
4871,7.000000
4872,27.000000
4873,3.000000
4874,5.000000
4875,9.000000
4876,-1.000000
4877,-5.000000
4878,-5.000000
4879,-11.000000
4880,-3.000000
4881,-1.000000
4882,-3.000000
4883,3.000000
4884,3.000000
4885,17.000000
4886,-1.000000
4887,5.000000
4888,-1.000000
4889,-13.000000
4890,-3.000000
4891,-1.000000
4892,3.000000
4893,3.000000
4894,7.000000
4895,7.000000
4896,-1.000000
4897,1.000000
4898,1.000000
4899,-7.000000
4900,-7.000000
4901,-3.000000
4902,-1.000000
4903,13.000000
4904,7.000000
4905,-19.000000
4906,1.000000
4907,13.000000
4908,-3.000000
4909,-7.000000
4910,-11.000000
4911,-15.000000
4912,-1.000000
4913,5.000000
4914,13.000000
4915,11.000000
4916,-3.000000
4917,5.000000
4918,-7.000000
4919,-1.000000
4920,-1.000000
4921,1.000000
4922,-5.000000
4923,5.000000
4924,13.000000
4925,11.000000
4926,-1.000000
4927,3.000000
4928,-3.000000
4929,-9.000000
4930,-7.000000
4931,-13.000000
4932,-1.000000
4933,9.000000
4934,5.000000
4935,1.000000
4936,31.000000
4937,5.000000
4938,-5.000000
4939,-3.000000
4940,-1.000000
4941,-1.000000
4942,5.000000
4943,9.000000
4944,7.000000
4945,-19.000000
4946,1.000000
4947,-5.000000
4948,-7.000000
4949,-7.000000
4950,-9.000000
4951,-7.000000
4952,-3.000000
4953,7.000000
4954,1.000000
4955,1.000000
4956,5.000000
4957,3.000000
4958,1.000000
4959,-7.000000
4960,-5.000000
4961,-13.000000
4962,-33.000000
4963,9.000000
4964,-15.000000
4965,3.000000
4966,3.000000
4967,3.000000
4968,-15.000000
4969,-17.000000
4970,-17.000000
4971,-13.000000
4972,-3.000000
4973,-1.000000
4974,5.000000
4975,11.000000
4976,11.000000
4977,-1.000000
4978,-3.000000
4979,-9.000000
4980,-11.000000
4981,1.000000
4982,-1.000000
4983,7.000000
4984,1.000000
4985,15.000000
4986,11.000000
4987,1.000000
4988,-5.000000
4989,-3.000000
4990,-1.000000
4991,-9.000000
4992,-1.000000
4993,3.000000
4994,11.000000
4995,-3.000000
4996,1.000000
4997,-23.000000
4998,-1.000000
4999,-7.000000
5000,57.000000
5001,-3.000000
5002,1.000000
5003,9.000000
5004,29.000000
5005,3.000000
5006,1.000000
5007,-1.000000
5008,-1.000000
5009,-7.000000
5010,-3.000000
5011,-1.000000
5012,9.000000
5013,5.000000
5014,11.000000
5015,-1.000000
5016,15.000000
5017,-3.000000
5018,-5.000000
5019,-11.000000
5020,-7.000000
5021,-1.000000
5022,-5.000000
5023,3.000000
5024,15.000000
5025,33.000000
5026,19.000000
5027,-3.000000
5028,-7.000000
5029,-11.000000
5030,-7.000000
5031,-3.000000
5032,-3.000000
5033,3.000000
5034,7.000000
5035,-1.000000
5036,-1.000000
5037,-1.000000
5038,7.000000
5039,-5.000000
5040,-1.000000
5041,15.000000
5042,1.000000
5043,1.000000
5044,13.000000
5045,9.000000
5046,3.000000
5047,1.000000
5048,-3.000000
5049,-5.000000
5050,5.000000
5051,3.000000
5052,1.000000
5053,3.000000
5054,5.000000
5055,11.000000
5056,5.000000
5057,-3.000000
5058,-3.000000
5059,-15.000000
5060,-7.000000
5061,-3.000000
5062,1.000000
5063,-1.000000
5064,-7.000000
5065,-1.000000
5066,5.000000
5067,3.000000
5068,-5.000000
5069,1.000000
5070,-7.000000
5071,-7.000000
5072,-27.000000
5073,3.000000
5074,9.000000
5075,1.000000
5076,5.000000
5077,1.000000
5078,-1.000000
5079,-7.000000
5080,-9.000000
5081,-5.000000
5082,1.000000
5083,3.000000
5084,11.000000
5085,3.000000
5086,9.000000
5087,3.000000
5088,-1.000000
5089,-11.000000
5090,-5.000000
5091,-7.000000
5092,-1.000000
5093,9.000000
5094,1.000000
5095,-37.000000
5096,5.000000
5097,3.000000
5098,-1.000000
5099,-9.000000
5100,-5.000000
5101,-3.000000
5102,3.000000
5103,1.000000
5104,3.000000
5105,9.000000
5106,1.000000
5107,-5.000000
5108,1.000000
5109,-9.000000
5110,-7.000000
5111,-11.000000
5112,-3.000000
5113,-1.000000
5114,15.000000
5115,7.000000
5116,-1.000000
5117,3.000000
5118,-11.000000
5119,-5.000000
5120,3.000000
5121,-5.000000
5122,-1.000000
5123,3.000000
5124,5.000000
5125,-3.000000
5126,11.000000
5127,5.000000
5128,-1.000000
5129,-11.000000
5130,-7.000000
5131,-1.000000
5132,-1.000000
5133,5.000000
5134,1.000000
5135,-1.000000
5136,-1.000000
5137,1.000000
5138,-5.000000
5139,1.000000
5140,-7.000000
5141,-7.000000
5142,-5.000000
5143,3.000000
5144,3.000000
5145,-1.000000
5146,3.000000
5147,-9.000000
5148,-3.000000
5149,-5.000000
5150,-7.000000
5151,-5.000000
5152,1.000000
5153,3.000000
5154,1.000000
5155,-1.000000
5156,1.000000
5157,1.000000
5158,-3.000000
5159,-1.000000
5160,-11.000000
5161,-1.000000
5162,-1.000000
5163,3.000000
5164,9.000000
5165,3.000000
5166,11.000000
5167,1.000000
5168,-5.000000
5169,-5.000000
5170,-3.000000
5171,1.000000
5172,-1.000000
5173,7.000000
5174,5.000000
5175,3.000000
5176,1.000000
5177,-3.000000
5178,13.000000
5179,-7.000000
5180,1.000000
5181,-3.000000
5182,3.000000
5183,9.000000
5184,3.000000
5185,-1.000000
5186,3.000000
5187,-3.000000
5188,-3.000000
5189,-3.000000
5190,-3.000000
5191,3.000000
5192,3.000000
5193,1.000000
5194,3.000000
5195,1.000000
5196,-1.000000
5197,-1.000000
5198,-5.000000
5199,-5.000000
5200,-7.000000
5201,-7.000000
5202,3.000000
5203,1.000000
5204,-7.000000
5205,7.000000
5206,1.000000
5207,1.000000
5208,-1.000000
5209,-11.000000
5210,-3.000000
5211,1.000000
5212,-1.000000
5213,5.000000
5214,15.000000
5215,5.000000
5216,-1.000000
5217,-3.000000
5218,-3.000000
5219,-9.000000
5220,-7.000000
5221,-3.000000
5222,-5.000000
5223,3.000000
5224,5.000000
5225,3.000000
5226,3.000000
5227,-1.000000
5228,-1.000000
5229,-11.000000
5230,-5.000000
5231,-5.000000
5232,-1.000000
5233,1.000000
5234,1.000000
5235,5.000000
5236,1.000000
5237,3.000000
5238,-3.000000
5239,-7.000000
5240,-7.000000
5241,-3.000000
5242,3.000000
5243,3.000000
5244,7.000000
5245,5.000000
5246,1.000000
5247,-1.000000
5248,-7.000000
5249,-9.000000
5250,-3.000000
5251,-5.000000
5252,5.000000
5253,3.000000
5254,5.000000
5255,3.000000
5256,1.000000
5257,-1.000000
5258,-5.000000
5259,-1.000000
5260,-9.000000
5261,-7.000000
5262,1.000000
5263,1.000000
5264,5.000000
5265,-3.000000
5266,1.000000
5267,9.000000
5268,-3.000000
5269,5.000000
5270,-9.000000
5271,-5.000000
5272,-1.000000
5273,-1.000000
5274,3.000000
5275,3.000000
5276,1.000000
5277,-1.000000
5278,-1.000000
5279,-5.000000
5280,-7.000000
5281,-5.000000
5282,-1.000000
5283,1.000000
5284,3.000000
5285,3.000000
5286,11.000000
5287,-1.000000
5288,-1.000000
5289,-5.000000
5290,-9.000000
5291,5.000000
5292,-5.000000
5293,-1.000000
5294,1.000000
5295,7.000000
5296,1.000000
5297,1.000000
5298,-3.000000
5299,-5.000000
5300,-7.000000
5301,-1.000000
5302,-1.000000
5303,1.000000
5304,5.000000
5305,-1.000000
5306,1.000000
5307,1.000000
5308,-3.000000
5309,-5.000000
5310,-3.000000
5311,-5.000000
5312,1.000000
5313,3.000000
5314,13.000000
5315,7.000000
5316,19.000000
5317,-1.000000
5318,1.000000
5319,-7.000000
5320,-33.000000
5321,17.000000
5322,-1.000000
5323,3.000000
5324,3.000000
5325,3.000000
5326,-5.000000
5327,-1.000000
5328,1.000000
5329,-5.000000
5330,-5.000000
5331,-7.000000
5332,-21.000000
5333,3.000000
5334,7.000000
5335,3.000000
5336,3.000000
5337,3.000000
5338,-5.000000
5339,-3.000000
5340,-3.000000
5341,-9.000000
5342,5.000000
5343,-1.000000
5344,5.000000
5345,3.000000
5346,-1.000000
5347,-7.000000
5348,5.000000
5349,-7.000000
5350,-7.000000
5351,-1.000000
5352,-1.000000
5353,-1.000000
5354,1.000000
5355,23.000000
5356,-1.000000
5357,-1.000000
5358,-7.000000
5359,-1.000000
5360,-1.000000
5361,5.000000
5362,-1.000000
5363,-1.000000
5364,1.000000
5365,3.000000
5366,-3.000000
5367,21.000000
5368,-1.000000
5369,-3.000000
5370,-1.000000
5371,-5.000000
5372,-3.000000
5373,1.000000
5374,3.000000
5375,-1.000000
5376,1.000000
5377,3.000000
5378,-1.000000
5379,-5.000000
5380,-1.000000
5381,27.000000
5382,-1.000000
5383,1.000000
5384,9.000000
5385,9.000000
5386,7.000000
5387,3.000000
5388,17.000000
5389,-7.000000
5390,-5.000000
5391,-3.000000
5392,-3.000000
5393,-3.000000
5394,3.000000
5395,3.000000
5396,17.000000
5397,3.000000
5398,-7.000000
5399,1.000000
5400,-7.000000
5401,-1.000000
5402,-5.000000
5403,-1.000000
5404,3.000000
5405,1.000000
5406,3.000000
5407,-1.000000
5408,-3.000000
5409,-1.000000
5410,-1.000000
5411,-1.000000
5412,3.000000
5413,-1.000000
5414,3.000000
5415,3.000000
5416,-1.000000
5417,1.000000
5418,-1.000000
5419,-11.000000
5420,-3.000000
5421,-3.000000
5422,-5.000000
5423,7.000000
5424,35.000000
5425,7.000000
5426,-15.000000
5427,-7.000000
5428,-7.000000
5429,-9.000000
5430,-5.000000
5431,-5.000000
5432,9.000000
5433,-1.000000
5434,15.000000
5435,5.000000
5436,1.000000
5437,-3.000000
5438,-1.000000
5439,-7.000000
5440,-11.000000
5441,5.000000
5442,1.000000
5443,1.000000
5444,3.000000
5445,1.000000
5446,1.000000
5447,1.000000
5448,-9.000000
5449,-3.000000
5450,-7.000000
5451,-1.000000
5452,-3.000000
5453,1.000000
5454,1.000000
5455,9.000000
5456,-1.000000
5457,-3.000000
5458,-1.000000
5459,-1.000000
5460,9.000000
5461,-3.000000
5462,-5.000000
5463,3.000000
5464,1.000000
5465,15.000000
5466,-11.000000
5467,7.000000
5468,-3.000000
5469,-7.000000
5470,-5.000000
5471,-3.000000
5472,-3.000000
5473,-3.000000
5474,1.000000
5475,5.000000
5476,1.000000
5477,9.000000
5478,1.000000
5479,-7.000000
5480,-5.000000
5481,1.000000
5482,3.000000
5483,-1.000000
5484,-5.000000
5485,3.000000
5486,-1.000000
5487,-13.000000
5488,-1.000000
5489,-11.000000
5490,-3.000000
5491,3.000000
5492,1.000000
5493,5.000000
5494,7.000000
5495,19.000000
5496,-13.000000
5497,1.000000
5498,1.000000
5499,-19.000000
5500,31.000000
5501,-3.000000
5502,-1.000000
5503,1.000000
5504,7.000000
5505,5.000000
5506,-31.000000
5507,1.000000
5508,-1.000000
5509,-11.000000
5510,7.000000
5511,11.000000
5512,-5.000000
5513,-7.000000
5514,3.000000
5515,3.000000
5516,-1.000000
5517,1.000000
5518,-1.000000
5519,-3.000000
5520,-1.000000
5521,1.000000
5522,7.000000
5523,-221.000000
5524,-33.000000
5525,247.000000
5526,13.000000
5527,19.000000
5528,-1.000000
5529,1.000000
5530,1.000000
5531,1.000000
5532,13.000000
5533,5.000000
5534,7.000000
5535,3.000000
5536,-5.000000
5537,-3.000000
5538,1.000000
5539,-5.000000
5540,-11.000000
5541,1.000000
5542,3.000000
5543,1.000000
5544,11.000000
5545,5.000000
5546,1.000000
5547,-1.000000
5548,-3.000000
5549,-11.000000
5550,-7.000000
5551,13.000000
5552,1.000000
5553,1.000000
5554,5.000000
5555,3.000000
5556,1.000000
5557,3.000000
5558,-3.000000
5559,1.000000
5560,-7.000000
5561,-3.000000
5562,-1.000000
5563,1.000000
5564,5.000000
5565,7.000000
5566,3.000000
5567,-5.000000
5568,-1.000000
5569,-9.000000
5570,-7.000000
5571,-1.000000
5572,5.000000
5573,-1.000000
5574,-1.000000
5575,21.000000
5576,-7.000000
5577,3.000000
5578,-9.000000
5579,-1.000000
5580,-5.000000
5581,-1.000000
5582,1.000000
5583,-1.000000
5584,3.000000
5585,7.000000
5586,-5.000000
5587,-5.000000
5588,-1.000000
5589,-15.000000
5590,-5.000000
5591,-23.000000
5592,-1.000000
5593,1.000000
5594,7.000000
5595,5.000000
5596,1.000000
5597,1.000000
5598,-1.000000
5599,-5.000000
5600,-7.000000
5601,5.000000
5602,-1.000000
5603,-1.000000
5604,29.000000
5605,3.000000
5606,3.000000
5607,3.000000
5608,-3.000000
5609,1.000000
5610,-5.000000
5611,1.000000
5612,-1.000000
5613,29.000000
5614,9.000000
5615,9.000000
5616,17.000000
5617,-11.000000
5618,-3.000000
5619,-11.000000
5620,3.000000
5621,3.000000
5622,-3.000000
5623,1.000000
5624,3.000000
5625,-1.000000
5626,1.000000
5627,1.000000
5628,1.000000
5629,-7.000000
5630,-1.000000
5631,-3.000000
5632,-1.000000
5633,1.000000
5634,3.000000
5635,-1.000000
5636,-3.000000
5637,-1.000000
5638,1.000000
5639,1.000000
5640,-3.000000
5641,3.000000
5642,1.000000
5643,1.000000
5644,3.000000
5645,5.000000
5646,-7.000000
5647,-1.000000
5648,-9.000000
5649,-1.000000
5650,-1.000000
5651,1.000000
5652,-1.000000
5653,3.000000
5654,-3.000000
5655,-17.000000
5656,5.000000
5657,-3.000000
5658,1.000000
5659,1.000000
5660,-3.000000
5661,-1.000000
5662,1.000000
5663,1.000000
5664,-15.000000
5665,5.000000
5666,-1.000000
5667,-1.000000
5668,-1.000000
5669,-7.000000
5670,-5.000000
5671,1.000000
5672,1.000000
5673,3.000000
5674,-7.000000
5675,9.000000
5676,1.000000
5677,-1.000000
5678,-5.000000
5679,-5.000000
5680,-5.000000
5681,11.000000
5682,-1.000000
5683,1.000000
5684,7.000000
5685,7.000000
5686,13.000000
5687,-1.000000
5688,1.000000
5689,-7.000000
5690,-11.000000
5691,3.000000
5692,-7.000000
5693,1.000000
5694,11.000000
5695,21.000000
5696,-31.000000
5697,1.000000
5698,-1.000000
5699,1.000000
5700,-15.000000
5701,1.000000
5702,-7.000000
5703,3.000000
5704,1.000000
5705,5.000000
5706,3.000000
5707,3.000000
5708,-3.000000
5709,-3.000000
5710,-5.000000
5711,27.000000
5712,1.000000
5713,1.000000
5714,7.000000
5715,5.000000
5716,-1.000000
5717,1.000000
5718,-7.000000
5719,-7.000000
5720,-5.000000
5721,-1.000000
5722,17.000000
5723,-1.000000
5724,-1.000000
5725,7.000000
5726,-1.000000
5727,-9.000000
5728,1.000000
5729,-5.000000
5730,-7.000000
5731,-3.000000
5732,-13.000000
5733,-1.000000
5734,3.000000
5735,3.000000
5736,-1.000000
5737,1.000000
5738,-3.000000
5739,-5.000000
5740,-3.000000
5741,11.000000
5742,-3.000000
5743,3.000000
5744,3.000000
5745,3.000000
5746,1.000000
5747,1.000000
5748,-1.000000
5749,-7.000000
5750,-7.000000
5751,-1.000000
5752,-3.000000
5753,1.000000
5754,5.000000
5755,3.000000
5756,1.000000
5757,1.000000
5758,-3.000000
5759,-7.000000
5760,-5.000000
5761,-7.000000
5762,-1.000000
5763,3.000000
5764,3.000000
5765,7.000000
5766,1.000000
5767,-1.000000
5768,-3.000000
5769,-5.000000
5770,-7.000000
5771,-7.000000
5772,1.000000
5773,1.000000
5774,5.000000
5775,1.000000
5776,1.000000
5777,-3.000000
5778,-1.000000
5779,-1.000000
5780,-5.000000
5781,1.000000
5782,-1.000000
5783,1.000000
5784,-11.000000
5785,5.000000
5786,3.000000
5787,-1.000000
5788,-3.000000
5789,-13.000000
5790,-5.000000
5791,-23.000000
5792,-3.000000
5793,-1.000000
5794,3.000000
5795,7.000000
5796,-7.000000
5797,-1.000000
5798,-3.000000
5799,-5.000000
5800,-7.000000
5801,-7.000000
5802,-3.000000
5803,3.000000
5804,9.000000
5805,3.000000
5806,15.000000
5807,1.000000
5808,-1.000000
5809,-7.000000
5810,-5.000000
5811,7.000000
5812,5.000000
5813,-1.000000
5814,3.000000
5815,13.000000
5816,-11.000000
5817,-3.000000
5818,-7.000000
5819,-1.000000
5820,-5.000000
5821,-3.000000
5822,-3.000000
5823,-1.000000
5824,5.000000
5825,3.000000
5826,-1.000000
5827,1.000000
5828,-1.000000
5829,-3.000000
5830,-7.000000
5831,-15.000000
5832,3.000000
5833,3.000000
5834,1.000000
5835,7.000000
5836,1.000000
5837,1.000000
5838,-1.000000
5839,-5.000000
5840,-11.000000
5841,-3.000000
5842,-1.000000
5843,3.000000
5844,1.000000
5845,1.000000
5846,-1.000000
5847,-11.000000
5848,-1.000000
5849,-5.000000
5850,-1.000000
5851,-7.000000
5852,1.000000
5853,-7.000000
5854,3.000000
5855,5.000000
5856,5.000000
5857,1.000000
5858,-3.000000
5859,-5.000000
5860,-5.000000
5861,-1.000000
5862,-1.000000
5863,-1.000000
5864,3.000000
5865,3.000000
5866,-3.000000
5867,1.000000
5868,-3.000000
5869,-7.000000
5870,-5.000000
5871,-5.000000
5872,-3.000000
5873,1.000000
5874,7.000000
5875,5.000000
5876,-29.000000
5877,1.000000
5878,-3.000000
5879,1.000000
5880,-7.000000
5881,-1.000000
5882,-1.000000
5883,1.000000
5884,1.000000
5885,-1.000000
5886,5.000000
5887,-1.000000
5888,-1.000000
5889,-3.000000
5890,1.000000
5891,-1.000000
5892,1.000000
5893,-1.000000
5894,-3.000000
5895,1.000000
5896,-3.000000
5897,1.000000
5898,-5.000000
5899,-1.000000
5900,-7.000000
5901,-3.000000
5902,-1.000000
5903,1.000000
5904,1.000000
5905,1.000000
5906,-7.000000
5907,-3.000000
5908,3.000000
5909,-7.000000
5910,-3.000000
5911,-3.000000
5912,1.000000
5913,-1.000000
5914,7.000000
5915,3.000000
5916,3.000000
5917,1.000000
5918,-5.000000
5919,-7.000000
5920,-1.000000
5921,-5.000000
5922,-27.000000
5923,1.000000
5924,-1.000000
5925,27.000000
5926,1.000000
5927,1.000000
5928,-13.000000
5929,-5.000000
5930,-7.000000
5931,7.000000
5932,1.000000
5933,-3.000000
5934,1.000000
5935,3.000000
5936,3.000000
5937,-3.000000
5938,-1.000000
5939,-7.000000
5940,-7.000000
5941,-5.000000
5942,-1.000000
5943,-1.000000
5944,5.000000
5945,1.000000
5946,-7.000000
5947,-7.000000
5948,-1.000000
5949,-5.000000
5950,-5.000000
5951,-7.000000
5952,-3.000000
5953,7.000000
5954,1.000000
5955,7.000000
5956,1.000000
5957,3.000000
5958,-5.000000
5959,-9.000000
5960,-3.000000
5961,-1.000000
5962,-3.000000
5963,-5.000000
5964,-1.000000
5965,11.000000
5966,3.000000
5967,1.000000
5968,-3.000000
5969,-7.000000
5970,-11.000000
5971,3.000000
5972,-3.000000
5973,3.000000
5974,17.000000
5975,3.000000
5976,1.000000
5977,1.000000
5978,1.000000
5979,-3.000000
5980,-5.000000
5981,-3.000000
5982,-7.000000
5983,1.000000
5984,5.000000
5985,3.000000
5986,-5.000000
5987,3.000000
5988,1.000000
5989,-7.000000
5990,-17.000000
5991,-9.000000
5992,-5.000000
5993,-1.000000
5994,7.000000
5995,7.000000
5996,-1.000000
5997,-1.000000
5998,-7.000000
5999,-7.000000
6000,-5.000000
6001,-15.000000
6002,1.000000
6003,-11.000000
6004,5.000000
6005,25.000000
6006,3.000000
6007,3.000000
6008,17.000000
6009,-3.000000
6010,-5.000000
6011,-15.000000
6012,-1.000000
6013,3.000000
6014,3.000000
6015,3.000000
6016,-1.000000
6017,1.000000
6018,-1.000000
6019,-5.000000
6020,-11.000000
6021,9.000000
6022,-1.000000
6023,1.000000
6024,11.000000
6025,5.000000
6026,3.000000
6027,3.000000
6028,1.000000
6029,-7.000000
6030,-1.000000
6031,-5.000000
6032,-3.000000
6033,-1.000000
6034,3.000000
6035,9.000000
6036,3.000000
6037,1.000000
6038,-1.000000
6039,-5.000000
6040,-7.000000
6041,-13.000000
6042,-3.000000
6043,-3.000000
6044,-1.000000
6045,3.000000
6046,-5.000000
6047,-1.000000
6048,1.000000
6049,-7.000000
6050,-5.000000
6051,5.000000
6052,5.000000
6053,-1.000000
6054,-19.000000
6055,3.000000
6056,5.000000
6057,-1.000000
6058,-1.000000
6059,1.000000
6060,-3.000000
6061,-5.000000
6062,-3.000000
6063,-3.000000
6064,-1.000000
6065,3.000000
6066,7.000000
6067,15.000000
6068,1.000000
6069,-1.000000
6070,-7.000000
6071,-1.000000
6072,-3.000000
6073,1.000000
6074,9.000000
6075,1.000000
6076,7.000000
6077,5.000000
6078,-1.000000
6079,-1.000000
6080,-5.000000
6081,-5.000000
6082,-3.000000
6083,1.000000
6084,3.000000
6085,-1.000000
6086,1.000000
6087,-3.000000
6088,1.000000
6089,-17.000000
6090,-3.000000
6091,1.000000
6092,15.000000
6093,-3.000000
6094,3.000000
6095,5.000000
6096,-11.000000
6097,1.000000
6098,-1.000000
6099,27.000000
6100,-3.000000
6101,3.000000
6102,-3.000000
6103,-1.000000
6104,3.000000
6105,3.000000
6106,-1.000000
6107,3.000000
6108,-3.000000
6109,-3.000000
6110,-1.000000
6111,-7.000000
6112,1.000000
6113,-11.000000
6114,7.000000
6115,3.000000
6116,17.000000
6117,5.000000
6118,-1.000000
6119,-3.000000
6120,-7.000000
6121,-7.000000
6122,1.000000
6123,7.000000
6124,15.000000
6125,1.000000
6126,-1.000000
6127,3.000000
6128,3.000000
6129,-1.000000
6130,-3.000000
6131,-7.000000
6132,-1.000000
6133,-3.000000
6134,3.000000
6135,3.000000
6136,1.000000
6137,-1.000000
6138,1.000000
6139,-5.000000
6140,-7.000000
6141,-7.000000
6142,-3.000000
6143,-1.000000
6144,5.000000
6145,1.000000
6146,1.000000
6147,-1.000000
6148,-7.000000
6149,-5.000000
6150,5.000000
6151,-7.000000
6152,1.000000
6153,1.000000
6154,1.000000
6155,13.000000
6156,7.000000
6157,1.000000
6158,1.000000
6159,-7.000000
6160,-11.000000
6161,-7.000000
6162,-3.000000
6163,5.000000
6164,1.000000
6165,1.000000
6166,-1.000000
6167,-1.000000
6168,-1.000000
6169,-5.000000
6170,-7.000000
6171,1.000000
6172,3.000000
6173,-1.000000
6174,7.000000
6175,5.000000
6176,1.000000
6177,3.000000
6178,-1.000000
6179,-3.000000
6180,-3.000000
6181,-5.000000
6182,1.000000
6183,-3.000000
6184,3.000000
6185,3.000000
6186,1.000000
6187,3.000000
6188,-11.000000
6189,-3.000000
6190,-7.000000
6191,-15.000000
6192,1.000000
6193,-1.000000
6194,5.000000
6195,1.000000
6196,1.000000
6197,5.000000
6198,-3.000000
6199,-1.000000
6200,-11.000000
6201,-7.000000
6202,-1.000000
6203,-1.000000
6204,-1.000000
6205,-5.000000
6206,13.000000
6207,-1.000000
6208,-1.000000
6209,-7.000000
6210,-7.000000
6211,-3.000000
6212,-3.000000
6213,3.000000
6214,3.000000
6215,5.000000
6216,1.000000
6217,1.000000
6218,-3.000000
6219,1.000000
6220,-7.000000
6221,-7.000000
6222,1.000000
6223,-1.000000
6224,7.000000
6225,5.000000
6226,-3.000000
6227,-1.000000
6228,-3.000000
6229,-7.000000
6230,-3.000000
6231,3.000000
6232,1.000000
6233,-7.000000
6234,-1.000000
6235,1.000000
6236,-1.000000
6237,3.000000
6238,1.000000
6239,-7.000000
6240,-7.000000
6241,-11.000000
6242,-3.000000
6243,1.000000
6244,3.000000
6245,-1.000000
6246,-1.000000
6247,1.000000
6248,-1.000000
6249,-5.000000
6250,-5.000000
6251,-7.000000
6252,1.000000
6253,1.000000
6254,5.000000
6255,3.000000
6256,5.000000
6257,-3.000000
6258,-1.000000
6259,-3.000000
6260,-5.000000
6261,-7.000000
6262,-7.000000
6263,1.000000
6264,3.000000
6265,3.000000
6266,1.000000
6267,-3.000000
6268,-3.000000
6269,-3.000000
6270,-9.000000
6271,-7.000000
6272,15.000000
6273,-5.000000
6274,5.000000
6275,7.000000
6276,-15.000000
6277,-7.000000
6278,5.000000
6279,-1.000000
6280,-3.000000
6281,-13.000000
6282,-1.000000
6283,-1.000000
6284,7.000000
6285,-15.000000
6286,3.000000
6287,1.000000
6288,-15.000000
6289,-11.000000
6290,1.000000
6291,-1.000000
6292,-3.000000
6293,1.000000
6294,11.000000
6295,1.000000
6296,3.000000
6297,-3.000000
6298,3.000000
6299,-1.000000
6300,-7.000000
6301,1.000000
6302,1.000000
6303,9.000000
6304,7.000000
6305,1.000000
6306,-1.000000
6307,-1.000000
6308,-11.000000
6309,-3.000000
6310,-7.000000
6311,-3.000000
6312,-1.000000
6313,1.000000
6314,7.000000
6315,3.000000
6316,3.000000
6317,-3.000000
6318,-3.000000
6319,17.000000
6320,-7.000000
6321,-5.000000
6322,1.000000
6323,-1.000000
6324,7.000000
6325,13.000000
6326,1.000000
6327,-1.000000
6328,1.000000
6329,-1.000000
6330,-5.000000
6331,-7.000000
6332,-7.000000
6333,-1.000000
6334,1.000000
6335,1.000000
6336,3.000000
6337,-1.000000
6338,-1.000000
6339,1.000000
6340,-5.000000
6341,-7.000000
6342,-1.000000
6343,1.000000
6344,5.000000
6345,3.000000
6346,3.000000
6347,-3.000000
6348,-1.000000
6349,-11.000000
6350,-7.000000
6351,-3.000000
6352,1.000000
6353,-1.000000
6354,-1.000000
6355,3.000000
6356,-1.000000
6357,-3.000000
6358,-3.000000
6359,-5.000000
6360,-7.000000
6361,-13.000000
6362,-11.000000
6363,-1.000000
6364,1.000000
6365,3.000000
6366,3.000000
6367,-3.000000
6368,-1.000000
6369,-7.000000
6370,-3.000000
6371,-5.000000
6372,-3.000000
6373,-1.000000
6374,1.000000
6375,7.000000
6376,5.000000
6377,1.000000
6378,-3.000000
6379,1.000000
6380,-1.000000
6381,-5.000000
6382,-1.000000
6383,-1.000000
6384,5.000000
6385,3.000000
6386,3.000000
6387,3.000000
6388,-1.000000
6389,-7.000000
6390,1.000000
6391,11.000000
6392,-7.000000
6393,11.000000
6394,5.000000
6395,3.000000
6396,-1.000000
6397,-3.000000
6398,3.000000
6399,-11.000000
6400,-7.000000
6401,-1.000000
6402,-7.000000
6403,-1.000000
6404,3.000000
6405,1.000000
6406,1.000000
6407,-3.000000
6408,-1.000000
6409,-7.000000
6410,3.000000
6411,-15.000000
6412,1.000000
6413,1.000000
6414,1.000000
6415,7.000000
6416,3.000000
6417,-5.000000
6418,-1.000000
6419,-5.000000
6420,-7.000000
6421,-7.000000
6422,9.000000
6423,-1.000000
6424,3.000000
6425,3.000000
6426,1.000000
6427,1.000000
6428,-3.000000
6429,-3.000000
6430,-9.000000
6431,-1.000000
6432,3.000000
6433,-1.000000
6434,3.000000
6435,3.000000
6436,7.000000
6437,-1.000000
6438,-1.000000
6439,-5.000000
6440,-3.000000
6441,-7.000000
6442,1.000000
6443,1.000000
6444,1.000000
6445,3.000000
6446,3.000000
6447,1.000000
6448,-1.000000
6449,-11.000000
6450,-7.000000
6451,-1.000000
6452,-1.000000
6453,1.000000
6454,5.000000
6455,3.000000
6456,3.000000
6457,-1.000000
6458,-1.000000
6459,-5.000000
6460,-5.000000
6461,-3.000000
6462,1.000000
6463,-1.000000
6464,3.000000
6465,1.000000
6466,7.000000
6467,1.000000
6468,1.000000
6469,-7.000000
6470,-7.000000
6471,-3.000000
6472,19.000000
6473,-1.000000
6474,3.000000
6475,3.000000
6476,5.000000
6477,3.000000
6478,-3.000000
6479,-11.000000
6480,-3.000000
6481,1.000000
6482,1.000000
6483,-1.000000
6484,3.000000
6485,5.000000
6486,1.000000
6487,-3.000000
6488,-1.000000
6489,-5.000000
6490,-3.000000
6491,3.000000
6492,-3.000000
6493,1.000000
6494,5.000000
6495,3.000000
6496,11.000000
6497,-1.000000
6498,-3.000000
6499,-7.000000
6500,-7.000000
6501,-19.000000
6502,-1.000000
6503,1.000000
6504,5.000000
6505,9.000000
6506,3.000000
6507,-1.000000
6508,-1.000000
6509,1.000000
6510,-7.000000
6511,-5.000000
6512,-1.000000
6513,-7.000000
6514,23.000000
6515,3.000000
6516,3.000000
6517,1.000000
6518,5.000000
6519,-5.000000
6520,-5.000000
6521,-3.000000
6522,-1.000000
6523,-1.000000
6524,3.000000
6525,7.000000
6526,-3.000000
6527,3.000000
6528,-3.000000
6529,-1.000000
6530,-7.000000
6531,-17.000000
6532,1.000000
6533,-3.000000
6534,3.000000
6535,3.000000
6536,3.000000
6537,-9.000000
6538,-1.000000
6539,-39.000000
6540,-5.000000
6541,-1.000000
6542,-1.000000
6543,-1.000000
6544,3.000000
6545,9.000000
6546,-7.000000
6547,17.000000
6548,3.000000
6549,-11.000000
6550,-3.000000
6551,-5.000000
6552,-1.000000
6553,3.000000
6554,5.000000
6555,5.000000
6556,1.000000
6557,-1.000000
6558,3.000000
6559,-3.000000
6560,-5.000000
6561,-37.000000
6562,-5.000000
6563,-1.000000
6564,3.000000
6565,3.000000
6566,7.000000
6567,3.000000
6568,5.000000
6569,-3.000000
6570,-5.000000
6571,1.000000
6572,-11.000000
6573,1.000000
6574,1.000000
6575,-7.000000
6576,1.000000
6577,9.000000
6578,-1.000000
6579,-5.000000
6580,-7.000000
6581,-5.000000
6582,-3.000000
6583,-1.000000
6584,3.000000
6585,-1.000000
6586,3.000000
6587,15.000000
6588,-1.000000
6589,-5.000000
6590,5.000000
6591,-3.000000
6592,-7.000000
6593,-3.000000
6594,3.000000
6595,7.000000
6596,7.000000
6597,3.000000
6598,1.000000
6599,-7.000000
6600,-7.000000
6601,17.000000
6602,-3.000000
6603,-1.000000
6604,3.000000
6605,5.000000
6606,13.000000
6607,3.000000
6608,-3.000000
6609,-3.000000
6610,-3.000000
6611,-3.000000
6612,-5.000000
6613,-1.000000
6614,3.000000
6615,9.000000
6616,-1.000000
6617,5.000000
6618,-11.000000
6619,-3.000000
6620,-3.000000
6621,-7.000000
6622,-1.000000
6623,3.000000
6624,7.000000
6625,7.000000
6626,-3.000000
6627,-7.000000
6628,-15.000000
6629,-3.000000
6630,-7.000000
6631,-11.000000
6632,-3.000000
6633,1.000000
6634,3.000000
6635,5.000000
6636,1.000000
6637,3.000000
6638,13.000000
6639,-5.000000
6640,-5.000000
6641,-31.000000
6642,-7.000000
6643,-3.000000
6644,3.000000
6645,-3.000000
6646,-21.000000
6647,3.000000
6648,-1.000000
6649,-3.000000
6650,-7.000000
6651,-7.000000
6652,-3.000000
6653,1.000000
6654,7.000000
6655,1.000000
6656,-1.000000
6657,-1.000000
6658,1.000000
6659,-3.000000
6660,-7.000000
6661,-3.000000
6662,-3.000000
6663,1.000000
6664,3.000000
6665,-1.000000
6666,5.000000
6667,-1.000000
6668,1.000000
6669,-3.000000
6670,-3.000000
6671,-3.000000
6672,-1.000000
6673,1.000000
6674,11.000000
6675,5.000000
6676,1.000000
6677,3.000000
6678,1.000000
6679,-7.000000
6680,-5.000000
6681,-3.000000
6682,-5.000000
6683,1.000000
6684,3.000000
6685,1.000000
6686,3.000000
6687,1.000000
6688,-7.000000
6689,-1.000000
6690,1.000000
6691,-7.000000
6692,3.000000
6693,-3.000000
6694,-3.000000
6695,-13.000000
6696,-13.000000
6697,3.000000
6698,-1.000000
6699,-5.000000
6700,-7.000000
6701,-5.000000
6702,-1.000000
6703,1.000000
6704,1.000000
6705,3.000000
6706,1.000000
6707,3.000000
6708,-1.000000
6709,-5.000000
6710,-3.000000
6711,-19.000000
6712,-5.000000
6713,-5.000000
6714,3.000000
6715,11.000000
6716,1.000000
6717,-1.000000
6718,-5.000000
6719,-5.000000
6720,-1.000000
6721,-7.000000
6722,-11.000000
6723,-3.000000
6724,-1.000000
6725,1.000000
6726,3.000000
6727,3.000000
6728,-19.000000
6729,-1.000000
6730,-7.000000
6731,-3.000000
6732,-3.000000
6733,-15.000000
6734,1.000000
6735,9.000000
6736,15.000000
6737,-1.000000
6738,-1.000000
6739,-5.000000
6740,-5.000000
6741,-5.000000
6742,-3.000000
6743,1.000000
6744,9.000000
6745,-7.000000
6746,3.000000
6747,-3.000000
6748,1.000000
6749,-3.000000
6750,-9.000000
6751,5.000000
6752,-5.000000
6753,-7.000000
6754,3.000000
6755,7.000000
6756,5.000000
6757,1.000000
6758,1.000000
6759,-3.000000
6760,-9.000000
6761,-5.000000
6762,-3.000000
6763,1.000000
6764,3.000000
6765,7.000000
6766,19.000000
6767,-27.000000
6768,-1.000000
6769,-5.000000
6770,-9.000000
6771,11.000000
6772,-5.000000
6773,-1.000000
6774,3.000000
6775,7.000000
6776,15.000000
6777,3.000000
6778,-11.000000
6779,-7.000000
6780,-7.000000
6781,-11.000000
6782,-1.000000
6783,1.000000
6784,1.000000
6785,7.000000
6786,1.000000
6787,3.000000
6788,1.000000
6789,-5.000000
6790,-9.000000
6791,-9.000000
6792,-11.000000
6793,1.000000
6794,1.000000
6795,7.000000
6796,1.000000
6797,-1.000000
6798,-1.000000
6799,-3.000000
6800,-7.000000
6801,-199.000000
6802,-53.000000
6803,-3.000000
6804,201.000000
6805,13.000000
6806,7.000000
6807,3.000000
6808,1.000000
6809,-3.000000
6810,-7.000000
6811,-1.000000
6812,13.000000
6813,7.000000
6814,5.000000
6815,7.000000
6816,-3.000000
6817,1.000000
6818,-1.000000
6819,-1.000000
6820,-7.000000
6821,-3.000000
6822,1.000000
6823,-1.000000
6824,1.000000
6825,9.000000
6826,9.000000
6827,9.000000
6828,-3.000000
6829,-1.000000
6830,-9.000000
6831,-3.000000
6832,-1.000000
6833,-1.000000
6834,1.000000
6835,1.000000
6836,7.000000
6837,1.000000
6838,1.000000
6839,-3.000000
6840,-11.000000
6841,9.000000
6842,-5.000000
6843,1.000000
6844,1.000000
6845,5.000000
6846,1.000000
6847,-1.000000
6848,-3.000000
6849,-5.000000
6850,-5.000000
6851,-7.000000
6852,-1.000000
6853,-1.000000
6854,5.000000
6855,7.000000
6856,7.000000
6857,-1.000000
6858,-7.000000
6859,-1.000000
6860,-11.000000
6861,-3.000000
6862,-3.000000
6863,-1.000000
6864,1.000000
6865,7.000000
6866,1.000000
6867,-1.000000
6868,3.000000
6869,-7.000000
6870,17.000000
6871,-11.000000
6872,-1.000000
6873,-7.000000
6874,3.000000
6875,17.000000
6876,-11.000000
6877,3.000000
6878,1.000000
6879,1.000000
6880,-3.000000
6881,-5.000000
6882,-9.000000
6883,-1.000000
6884,1.000000
6885,1.000000
6886,1.000000
6887,-1.000000
6888,1.000000
6889,-9.000000
6890,-13.000000
6891,-3.000000
6892,-3.000000
6893,7.000000
6894,15.000000
6895,5.000000
6896,-5.000000
6897,-5.000000
6898,-3.000000
6899,1.000000
6900,-5.000000
6901,-5.000000
6902,1.000000
6903,1.000000
6904,-1.000000
6905,3.000000
6906,1.000000
6907,1.000000
6908,-3.000000
6909,-7.000000
6910,-7.000000
6911,-1.000000
6912,-5.000000
6913,5.000000
6914,-1.000000
6915,1.000000
6916,5.000000
6917,-1.000000
6918,1.000000
6919,1.000000
6920,-1.000000
6921,-1.000000
6922,-1.000000
6923,-3.000000
6924,1.000000
6925,-5.000000
6926,-3.000000
6927,-1.000000
6928,-1.000000
6929,7.000000
6930,-3.000000
6931,-7.000000
6932,-3.000000
6933,-1.000000
6934,3.000000
6935,-15.000000
6936,1.000000
6937,5.000000
6938,-3.000000
6939,-3.000000
6940,-5.000000
6941,-3.000000
6942,-15.000000
6943,1.000000
6944,1.000000
6945,3.000000
6946,-15.000000
6947,-3.000000
6948,-3.000000
6949,-7.000000
6950,-11.000000
6951,-39.000000
6952,-1.000000
6953,7.000000
6954,1.000000
6955,1.000000
6956,-1.000000
6957,3.000000
6958,1.000000
6959,-5.000000
6960,-11.000000
6961,-5.000000
6962,-1.000000
6963,-3.000000
6964,3.000000
6965,1.000000
6966,1.000000
6967,1.000000
6968,-7.000000
6969,-1.000000
6970,-11.000000
6971,-7.000000
6972,1.000000
6973,1.000000
6974,3.000000
6975,5.000000
6976,3.000000
6977,-3.000000
6978,5.000000
6979,-3.000000
6980,-3.000000
6981,-7.000000
6982,-3.000000
6983,7.000000
6984,3.000000
6985,11.000000
6986,-1.000000
6987,-1.000000
6988,-3.000000
6989,-3.000000
6990,-9.000000
6991,-5.000000
6992,1.000000
6993,1.000000
6994,3.000000
6995,5.000000
6996,1.000000
6997,1.000000
6998,-1.000000
6999,-3.000000
7000,-21.000000
7001,-1.000000
7002,-7.000000
7003,1.000000
7004,3.000000
7005,5.000000
7006,1.000000
7007,-15.000000
7008,-5.000000
7009,-5.000000
7010,-5.000000
7011,-5.000000
7012,-7.000000
7013,1.000000
7014,5.000000
7015,9.000000
7016,1.000000
7017,-1.000000
7018,-3.000000
7019,-1.000000
7020,-5.000000
7021,1.000000
7022,5.000000
7023,11.000000
7024,3.000000
7025,7.000000
7026,11.000000
7027,5.000000
7028,-5.000000
7029,-5.000000
7030,-7.000000
7031,-1.000000
7032,-1.000000
7033,1.000000
7034,-5.000000
7035,5.000000
7036,23.000000
7037,7.000000
7038,-11.000000
7039,-5.000000
7040,-3.000000
7041,-5.000000
7042,-1.000000
7043,-1.000000
7044,-1.000000
7045,3.000000
7046,7.000000
7047,5.000000
7048,1.000000
7049,-3.000000
7050,-5.000000
7051,-3.000000
7052,-3.000000
7053,1.000000
7054,-3.000000
7055,3.000000
7056,-3.000000
7057,1.000000
7058,-3.000000
7059,-5.000000
7060,1.000000
7061,-7.000000
7062,-1.000000
7063,-1.000000
7064,7.000000
7065,-1.000000
7066,-1.000000
7067,1.000000
7068,1.000000
7069,-5.000000
7070,-7.000000
7071,-1.000000
7072,-1.000000
7073,-11.000000
7074,1.000000
7075,5.000000
7076,-1.000000
7077,3.000000
7078,1.000000
7079,-7.000000
7080,-5.000000
7081,-15.000000
7082,-7.000000
7083,-1.000000
7084,-1.000000
7085,7.000000
7086,11.000000
7087,-11.000000
7088,1.000000
7089,-1.000000
7090,-1.000000
7091,-5.000000
7092,-3.000000
7093,-1.000000
7094,1.000000
7095,5.000000
7096,1.000000
7097,-5.000000
7098,-1.000000
7099,-7.000000
7100,-7.000000
7101,-7.000000
7102,1.000000
7103,-1.000000
7104,3.000000
7105,3.000000
7106,-1.000000
7107,-1.000000
7108,-1.000000
7109,1.000000
7110,-7.000000
7111,-9.000000
7112,-1.000000
7113,1.000000
7114,3.000000
7115,-7.000000
7116,7.000000
7117,-1.000000
7118,1.000000
7119,-3.000000
7120,-3.000000
7121,3.000000
7122,-7.000000
7123,1.000000
7124,9.000000
7125,27.000000
7126,3.000000
7127,-19.000000
7128,-5.000000
7129,1.000000
7130,-23.000000
7131,-3.000000
7132,-5.000000
7133,1.000000
7134,1.000000
7135,3.000000
7136,1.000000
7137,-1.000000
7138,3.000000
7139,-7.000000
7140,-7.000000
7141,-3.000000
7142,-7.000000
7143,1.000000
7144,-1.000000
7145,5.000000
7146,5.000000
7147,-3.000000
7148,-3.000000
7149,-1.000000
7150,-5.000000
7151,-3.000000
7152,3.000000
7153,-1.000000
7154,-1.000000
7155,-3.000000
7156,5.000000
7157,1.000000
7158,-5.000000
7159,-1.000000
7160,-3.000000
7161,-7.000000
7162,17.000000
7163,1.000000
7164,1.000000
7165,1.000000
7166,1.000000
7167,-3.000000
7168,-7.000000
7169,-1.000000
7170,1.000000
7171,17.000000
7172,-3.000000
7173,-1.000000
7174,-1.000000
7175,-1.000000
7176,3.000000
7177,-7.000000
7178,3.000000
7179,1.000000
7180,-9.000000
7181,-5.000000
7182,-5.000000
7183,-1.000000
7184,1.000000
7185,-9.000000
7186,3.000000
7187,-1.000000
7188,3.000000
7189,-1.000000
7190,-3.000000
7191,-7.000000
7192,1.000000
7193,-1.000000
7194,3.000000
7195,3.000000
7196,1.000000
7197,1.000000
7198,3.000000
7199,-5.000000
7200,15.000000
7201,-3.000000
7202,-5.000000
7203,1.000000
7204,-1.000000
7205,1.000000
7206,3.000000
7207,3.000000
7208,1.000000
7209,1.000000
7210,-5.000000
7211,-1.000000
7212,-31.000000
7213,1.000000
7214,1.000000
7215,3.000000
7216,-9.000000
7217,-1.000000
7218,1.000000
7219,1.000000
7220,1.000000
7221,-5.000000
7222,-3.000000
7223,-1.000000
7224,1.000000
7225,3.000000
7226,3.000000
7227,9.000000
7228,-1.000000
7229,-3.000000
7230,-1.000000
7231,-5.000000
7232,-7.000000
7233,-1.000000
7234,-1.000000
7235,1.000000
7236,-1.000000
7237,1.000000
7238,1.000000
7239,-1.000000
7240,-9.000000
7241,-7.000000
7242,1.000000
7243,-3.000000
7244,-5.000000
7245,-1.000000
7246,7.000000
7247,1.000000
7248,-1.000000
7249,-1.000000
7250,-7.000000
7251,-3.000000
7252,-7.000000
7253,-1.000000
7254,3.000000
7255,11.000000
7256,5.000000
7257,-5.000000
7258,-1.000000
7259,-1.000000
7260,-7.000000
7261,-15.000000
7262,23.000000
7263,-3.000000
7264,3.000000
7265,3.000000
7266,-19.000000
7267,15.000000
7268,5.000000
7269,-3.000000
7270,-9.000000
7271,-3.000000
7272,-5.000000
7273,-1.000000
7274,1.000000
7275,3.000000
7276,5.000000
7277,7.000000
7278,-1.000000
7279,-7.000000
7280,-1.000000
7281,-5.000000
7282,13.000000
7283,3.000000
7284,1.000000
7285,5.000000
7286,3.000000
7287,1.000000
7288,1.000000
7289,1.000000
7290,-1.000000
7291,-3.000000
7292,-1.000000
7293,-1.000000
7294,-1.000000
7295,5.000000
7296,3.000000
7297,3.000000
7298,-3.000000
7299,-1.000000
7300,-7.000000
7301,-3.000000
7302,3.000000
7303,-1.000000
7304,3.000000
7305,5.000000
7306,11.000000
7307,5.000000
7308,1.000000
7309,-1.000000
7310,-5.000000
7311,-5.000000
7312,-3.000000
7313,1.000000
7314,3.000000
7315,5.000000
7316,-7.000000
7317,1.000000
7318,1.000000
7319,-3.000000
7320,-1.000000
7321,-7.000000
7322,-5.000000
7323,1.000000
7324,1.000000
7325,-1.000000
7326,1.000000
7327,1.000000
7328,1.000000
7329,-5.000000
7330,-7.000000
7331,-1.000000
7332,-7.000000
7333,-15.000000
7334,1.000000
7335,1.000000
7336,1.000000
7337,3.000000
7338,1.000000
7339,-1.000000
7340,-5.000000
7341,13.000000
7342,-5.000000
7343,-3.000000
7344,3.000000
7345,7.000000
7346,17.000000
7347,5.000000
7348,-1.000000
7349,-5.000000
7350,-7.000000
7351,-7.000000
7352,-9.000000
7353,-1.000000
7354,3.000000
7355,1.000000
7356,-1.000000
7357,1.000000
7358,3.000000
7359,-1.000000
7360,-7.000000
7361,-5.000000
7362,1.000000
7363,1.000000
7364,5.000000
7365,3.000000
7366,3.000000
7367,1.000000
7368,-3.000000
7369,-3.000000
7370,-7.000000
7371,-7.000000
7372,-3.000000
7373,-1.000000
7374,5.000000
7375,1.000000
7376,-1.000000
7377,-3.000000
7378,-3.000000
7379,1.000000
7380,-13.000000
7381,-3.000000
7382,-1.000000
7383,1.000000
7384,1.000000
7385,9.000000
7386,1.000000
7387,1.000000
7388,-3.000000
7389,1.000000
7390,-3.000000
7391,-7.000000
7392,23.000000
7393,1.000000
7394,1.000000
7395,-1.000000
7396,3.000000
7397,1.000000
7398,-3.000000
7399,-1.000000
7400,-9.000000
7401,-5.000000
7402,-1.000000
7403,-1.000000
7404,7.000000
7405,-1.000000
7406,3.000000
7407,1.000000
7408,9.000000
7409,1.000000
7410,-9.000000
7411,-7.000000
7412,1.000000
7413,-1.000000
7414,3.000000
7415,5.000000
7416,-1.000000
7417,5.000000
7418,5.000000
7419,-3.000000
7420,-3.000000
7421,-1.000000
7422,-1.000000
7423,3.000000
7424,1.000000
7425,5.000000
7426,3.000000
7427,1.000000
7428,3.000000
7429,-1.000000
7430,-3.000000
7431,-7.000000
7432,-1.000000
7433,-3.000000
7434,5.000000
7435,5.000000
7436,5.000000
7437,1.000000
7438,1.000000
7439,-3.000000
7440,-7.000000
7441,-11.000000
7442,-5.000000
7443,3.000000
7444,-3.000000
7445,7.000000
7446,1.000000
7447,-1.000000
7448,-1.000000
7449,-1.000000
7450,-3.000000
7451,-15.000000
7452,1.000000
7453,-3.000000
7454,-1.000000
7455,1.000000
7456,-1.000000
7457,-11.000000
7458,-1.000000
7459,-3.000000
7460,-11.000000
7461,-17.000000
7462,1.000000
7463,-1.000000
7464,-1.000000
7465,5.000000
7466,3.000000
7467,-1.000000
7468,5.000000
7469,-1.000000
7470,1.000000
7471,-5.000000
7472,-3.000000
7473,1.000000
7474,1.000000
7475,11.000000
7476,5.000000
7477,-3.000000
7478,1.000000
7479,1.000000
7480,17.000000
7481,-5.000000
7482,-1.000000
7483,1.000000
7484,-7.000000
7485,3.000000
7486,3.000000
7487,-1.000000
7488,1.000000
7489,-1.000000
7490,-1.000000
7491,-7.000000
7492,-13.000000
7493,-1.000000
7494,1.000000
7495,3.000000
7496,7.000000
7497,3.000000
7498,-11.000000
7499,-5.000000
7500,-11.000000
7501,-7.000000
7502,-1.000000
7503,-3.000000
7504,1.000000
7505,7.000000
7506,15.000000
7507,-3.000000
7508,-1.000000
7509,-3.000000
7510,-3.000000
7511,-3.000000
7512,-7.000000
7513,5.000000
7514,-1.000000
7515,3.000000
7516,13.000000
7517,3.000000
7518,1.000000
7519,-3.000000
7520,-1.000000
7521,-31.000000
7522,-3.000000
7523,-3.000000
7524,1.000000
7525,1.000000
7526,3.000000
7527,1.000000
7528,3.000000
7529,-1.000000
7530,3.000000
7531,-5.000000
7532,-5.000000
7533,-1.000000
7534,1.000000
7535,15.000000
7536,5.000000
7537,3.000000
7538,1.000000
7539,-3.000000
7540,-5.000000
7541,-5.000000
7542,1.000000
7543,-5.000000
7544,-3.000000
7545,5.000000
7546,3.000000
7547,1.000000
7548,-1.000000
7549,-7.000000
7550,-3.000000
7551,-7.000000
7552,-3.000000
7553,1.000000
7554,3.000000
7555,7.000000
7556,1.000000
7557,-3.000000
7558,3.000000
7559,-11.000000
7560,-7.000000
7561,-7.000000
7562,5.000000
7563,-5.000000
7564,-19.000000
7565,-1.000000
7566,3.000000
7567,-1.000000
7568,-7.000000
7569,-15.000000
7570,-7.000000
7571,-5.000000
7572,-7.000000
7573,1.000000
7574,5.000000
7575,-1.000000
7576,3.000000
7577,-5.000000
7578,1.000000
7579,-1.000000
7580,-3.000000
7581,-3.000000
7582,-1.000000
7583,-1.000000
7584,3.000000
7585,3.000000
7586,3.000000
7587,7.000000
7588,-1.000000
7589,-3.000000
7590,3.000000
7591,-5.000000
7592,-3.000000
7593,-3.000000
7594,3.000000
7595,11.000000
7596,13.000000
7597,-3.000000
7598,-5.000000
7599,-7.000000
7600,-5.000000
7601,5.000000
7602,-3.000000
7603,1.000000
7604,7.000000
7605,3.000000
7606,3.000000
7607,-3.000000
7608,3.000000
7609,-1.000000
7610,-7.000000
7611,-5.000000
7612,-1.000000
7613,-5.000000
7614,-3.000000
7615,7.000000
7616,3.000000
7617,7.000000
7618,3.000000
7619,1.000000
7620,1.000000
7621,-5.000000
7622,-7.000000
7623,1.000000
7624,1.000000
7625,9.000000
7626,3.000000
7627,5.000000
7628,3.000000
7629,-5.000000
7630,-5.000000
7631,-5.000000
7632,15.000000
7633,-1.000000
7634,-1.000000
7635,5.000000
7636,3.000000
7637,-5.000000
7638,1.000000
7639,-1.000000
7640,-1.000000
7641,-5.000000
7642,-1.000000
7643,-5.000000
7644,1.000000
7645,3.000000
7646,3.000000
7647,1.000000
7648,1.000000
7649,1.000000
7650,-3.000000
7651,-5.000000
7652,-1.000000
7653,1.000000
7654,-1.000000
7655,3.000000
7656,11.000000
7657,-15.000000
7658,1.000000
7659,-3.000000
7660,-1.000000
7661,-5.000000
7662,-3.000000
7663,-7.000000
7664,1.000000
7665,7.000000
7666,3.000000
7667,-3.000000
7668,3.000000
7669,1.000000
7670,-9.000000
7671,-5.000000
7672,-1.000000
7673,-1.000000
7674,3.000000
7675,7.000000
7676,1.000000
7677,5.000000
7678,1.000000
7679,3.000000
7680,-5.000000
7681,-5.000000
7682,-7.000000
7683,-5.000000
7684,1.000000
7685,3.000000
7686,1.000000
7687,7.000000
7688,3.000000
7689,-3.000000
7690,-9.000000
7691,-5.000000
7692,11.000000
7693,-3.000000
7694,-1.000000
7695,13.000000
7696,-1.000000
7697,3.000000
7698,1.000000
7699,-3.000000
7700,-7.000000
7701,1.000000
7702,3.000000
7703,-1.000000
7704,-5.000000
7705,1.000000
7706,17.000000
7707,-1.000000
7708,-1.000000
7709,-7.000000
7710,-11.000000
7711,-7.000000
7712,1.000000
7713,-15.000000
7714,3.000000
7715,5.000000
7716,3.000000
7717,1.000000
7718,-1.000000
7719,-5.000000
7720,-7.000000
7721,-5.000000
7722,-3.000000
7723,-3.000000
7724,1.000000
7725,3.000000
7726,3.000000
7727,-1.000000
7728,1.000000
7729,1.000000
7730,-3.000000
7731,-13.000000
7732,1.000000
7733,-3.000000
7734,3.000000
7735,1.000000
7736,5.000000
7737,-29.000000
7738,-1.000000
7739,-3.000000
7740,-5.000000
7741,-7.000000
7742,7.000000
7743,1.000000
7744,-3.000000
7745,3.000000
7746,1.000000
7747,-3.000000
7748,1.000000
7749,1.000000
7750,-7.000000
7751,-7.000000
7752,-1.000000
7753,-3.000000
7754,1.000000
7755,5.000000
7756,9.000000
7757,5.000000
7758,3.000000
7759,1.000000
7760,-9.000000
7761,-7.000000
7762,-3.000000
7763,-11.000000
7764,1.000000
7765,15.000000
7766,-1.000000
7767,1.000000
7768,-17.000000
7769,-1.000000
7770,-7.000000
7771,-7.000000
7772,-3.000000
7773,-5.000000
7774,3.000000
7775,3.000000
7776,1.000000
7777,1.000000
7778,1.000000
7779,1.000000
7780,-7.000000
7781,1.000000
7782,-1.000000
7783,1.000000
7784,-1.000000
7785,1.000000
7786,3.000000
7787,1.000000
7788,-3.000000
7789,-3.000000
7790,-5.000000
7791,-7.000000
7792,-3.000000
7793,-3.000000
7794,3.000000
7795,3.000000
7796,7.000000
7797,-1.000000
7798,-1.000000
7799,-3.000000
7800,-5.000000
7801,-7.000000
7802,3.000000
7803,-1.000000
7804,-33.000000
7805,5.000000
7806,5.000000
7807,-1.000000
7808,-7.000000
7809,-1.000000
7810,-7.000000
7811,-3.000000
7812,-1.000000
7813,-3.000000
7814,5.000000
7815,1.000000
7816,3.000000
7817,1.000000
7818,-3.000000
7819,1.000000
7820,-13.000000
7821,-5.000000
7822,1.000000
7823,7.000000
7824,-1.000000
7825,3.000000
7826,3.000000
7827,-1.000000
7828,-5.000000
7829,-1.000000
7830,-3.000000
7831,-11.000000
7832,-5.000000
7833,-3.000000
7834,5.000000
7835,-1.000000
7836,5.000000
7837,1.000000
7838,1.000000
7839,-7.000000
7840,-7.000000
7841,-29.000000
7842,-5.000000
7843,-1.000000
7844,3.000000
7845,5.000000
7846,5.000000
7847,7.000000
7848,1.000000
7849,-5.000000
7850,-3.000000
7851,5.000000
7852,-3.000000
7853,-1.000000
7854,-3.000000
7855,17.000000
7856,-3.000000
7857,-3.000000
7858,1.000000
7859,5.000000
7860,-3.000000
7861,-3.000000
7862,-5.000000
7863,-1.000000
7864,3.000000
7865,5.000000
7866,3.000000
7867,1.000000
7868,1.000000
7869,-1.000000
7870,-23.000000
7871,-9.000000
7872,1.000000
7873,-1.000000
7874,-7.000000
7875,7.000000
7876,5.000000
7877,3.000000
7878,1.000000
7879,-1.000000
7880,-3.000000
7881,-7.000000
7882,5.000000
7883,-1.000000
7884,1.000000
7885,9.000000
7886,3.000000
7887,7.000000
7888,1.000000
7889,-5.000000
7890,-5.000000
7891,-3.000000
7892,1.000000
7893,3.000000
7894,-1.000000
7895,1.000000
7896,3.000000
7897,1.000000
7898,1.000000
7899,-7.000000
7900,-7.000000
7901,-5.000000
7902,-3.000000
7903,-1.000000
7904,1.000000
7905,3.000000
7906,5.000000
7907,1.000000
7908,-3.000000
7909,-3.000000
7910,-5.000000
7911,-21.000000
7912,-3.000000
7913,-3.000000
7914,-1.000000
7915,3.000000
7916,5.000000
7917,-1.000000
7918,1.000000
7919,-1.000000
7920,-7.000000
7921,-5.000000
7922,-11.000000
7923,-1.000000
7924,1.000000
7925,-1.000000
7926,1.000000
7927,1.000000
7928,1.000000
7929,1.000000
7930,-3.000000
7931,-7.000000
7932,-11.000000
7933,-5.000000
7934,-1.000000
7935,-5.000000
7936,3.000000
7937,11.000000
7938,-1.000000
7939,3.000000
7940,-3.000000
7941,-5.000000
7942,-5.000000
7943,-3.000000
7944,5.000000
7945,9.000000
7946,1.000000
7947,-19.000000
7948,1.000000
7949,9.000000
7950,1.000000
7951,-7.000000
7952,-7.000000
7953,-1.000000
7954,-1.000000
7955,5.000000
7956,1.000000
7957,1.000000
7958,1.000000
7959,-1.000000
7960,-1.000000
7961,-7.000000
7962,-5.000000
7963,-1.000000
7964,-1.000000
7965,3.000000
7966,11.000000
7967,1.000000
7968,3.000000
7969,-1.000000
7970,-5.000000
7971,-7.000000
7972,-7.000000
7973,13.000000
7974,-1.000000
7975,1.000000
7976,3.000000
7977,3.000000
7978,-7.000000
7979,-3.000000
7980,-3.000000
7981,-7.000000
7982,3.000000
7983,-3.000000
7984,1.000000
7985,3.000000
7986,3.000000
7987,7.000000
7988,-1.000000
7989,-1.000000
7990,-5.000000
7991,-5.000000
7992,-3.000000
7993,-3.000000
7994,-1.000000
7995,1.000000
7996,7.000000
7997,3.000000
7998,1.000000
7999,-1.000000
8000,-9.000000
8001,-7.000000
8002,-3.000000
8003,-3.000000
8004,3.000000
8005,3.000000
8006,3.000000
8007,-5.000000
8008,1.000000
8009,1.000000
8010,-5.000000
8011,-3.000000
8012,-5.000000
8013,1.000000
8014,1.000000
8015,15.000000
8016,3.000000
8017,-7.000000
8018,1.000000
8019,-7.000000
8020,-5.000000
8021,-11.000000
8022,-7.000000
8023,-7.000000
8024,-3.000000
8025,-1.000000
8026,1.000000
8027,1.000000
8028,3.000000
8029,-7.000000
8030,-7.000000
8031,-5.000000
8032,-17.000000
8033,-5.000000
8034,9.000000
8035,17.000000
8036,1.000000
8037,5.000000
8038,1.000000
8039,5.000000
8040,-3.000000
8041,-5.000000
8042,1.000000
8043,-1.000000
8044,-1.000000
8045,-1.000000
8046,5.000000
8047,1.000000
8048,5.000000
8049,-1.000000
8050,-1.000000
8051,-7.000000
8052,-5.000000
8053,-1.000000
8054,-1.000000
8055,3.000000
8056,-1.000000
8057,-5.000000
8058,1.000000
8059,-1.000000
8060,-7.000000
8061,-1.000000
8062,-7.000000
8063,-5.000000
8064,1.000000
8065,3.000000
8066,11.000000
8067,3.000000
8068,3.000000
8069,1.000000
8070,-7.000000
8071,-29.000000
8072,-7.000000
8073,1.000000
8074,1.000000
8075,7.000000
8076,3.000000
8077,7.000000
8078,5.000000
8079,1.000000
8080,-9.000000
8081,-5.000000
8082,-3.000000
8083,-1.000000
8084,-3.000000
8085,5.000000
8086,3.000000
8087,-29.000000
8088,3.000000
8089,1.000000
8090,-5.000000
8091,-5.000000
8092,-7.000000
8093,1.000000
8094,-1.000000
8095,3.000000
8096,-1.000000
8097,1.000000
8098,-11.000000
8099,-15.000000
8100,-5.000000
8101,-7.000000
8102,-5.000000
8103,1.000000
8104,1.000000
8105,3.000000
8106,1.000000
8107,1.000000
8108,1.000000
8109,-1.000000
8110,-7.000000
8111,-15.000000
8112,-7.000000
8113,1.000000
8114,-1.000000
8115,3.000000
8116,17.000000
8117,-1.000000
8118,1.000000
8119,-1.000000
8120,-7.000000
8121,-11.000000
8122,3.000000
8123,-1.000000
8124,1.000000
8125,-3.000000
8126,3.000000
8127,1.000000
8128,1.000000
8129,1.000000
8130,-1.000000
8131,-7.000000
8132,-3.000000
8133,-1.000000
8134,17.000000
8135,3.000000
8136,3.000000
8137,3.000000
8138,1.000000
8139,-1.000000
8140,7.000000
8141,-7.000000
8142,-7.000000
8143,-1.000000
8144,1.000000
8145,5.000000
8146,1.000000
8147,1.000000
8148,3.000000
8149,3.000000
8150,-3.000000
8151,-5.000000
8152,-5.000000
8153,3.000000
8154,-1.000000
8155,1.000000
8156,7.000000
8157,5.000000
8158,1.000000
8159,1.000000
8160,-7.000000
8161,-3.000000
8162,-7.000000
8163,-3.000000
8164,-1.000000
8165,5.000000
8166,3.000000
8167,1.000000
8168,-1.000000
8169,1.000000
8170,-3.000000
8171,-7.000000
8172,-5.000000
8173,1.000000
8174,-1.000000
8175,1.000000
8176,3.000000
8177,9.000000
8178,1.000000
8179,-1.000000
8180,-3.000000
8181,-3.000000
8182,5.000000
8183,-1.000000
8184,-3.000000
8185,3.000000
8186,1.000000
8187,3.000000
8188,1.000000
8189,5.000000
8190,-9.000000
8191,-5.000000
8192,-3.000000
8193,-1.000000
8194,-1.000000
8195,3.000000
8196,1.000000
8197,1.000000
8198,1.000000
8199,3.000000
8200,-5.000000
8201,-5.000000
8202,1.000000
8203,-1.000000
8204,-1.000000
8205,7.000000
8206,1.000000
8207,1.000000
8208,1.000000
8209,-1.000000
8210,-1.000000
8211,-5.000000
8212,1.000000
8213,-3.000000
8214,-1.000000
8215,3.000000
8216,1.000000
8217,3.000000
8218,1.000000
8219,-5.000000
8220,-1.000000
8221,-7.000000
8222,-9.000000
8223,-1.000000
8224,-1.000000
8225,7.000000
8226,3.000000
8227,3.000000
8228,1.000000
8229,3.000000
8230,-5.000000
8231,-3.000000
8232,1.000000
8233,-1.000000
8234,-1.000000
8235,-1.000000
8236,3.000000
8237,1.000000
8238,-3.000000
8239,1.000000
8240,-1.000000
8241,-7.000000
8242,-3.000000
8243,1.000000
8244,3.000000
8245,1.000000
8246,7.000000
8247,3.000000
8248,-3.000000
8249,1.000000
8250,-5.000000
8251,-5.000000
8252,1.000000
8253,-1.000000
8254,1.000000
8255,1.000000
8256,1.000000
8257,3.000000
8258,-7.000000
8259,3.000000
8260,-3.000000
8261,-3.000000
8262,-5.000000
8263,-1.000000
8264,1.000000
8265,5.000000
8266,7.000000
8267,1.000000
8268,-5.000000
8269,-1.000000
8270,-5.000000
8271,-7.000000
8272,-3.000000
8273,-1.000000
8274,-1.000000
8275,5.000000
8276,3.000000
8277,1.000000
8278,1.000000
8279,1.000000
8280,-3.000000
8281,-7.000000
8282,-1.000000
8283,1.000000
8284,3.000000
8285,9.000000
8286,3.000000
8287,5.000000
8288,1.000000
8289,-1.000000
8290,-7.000000
8291,-7.000000
8292,-1.000000
8293,-3.000000
8294,-1.000000
8295,1.000000
8296,3.000000
8297,1.000000
8298,1.000000
8299,-3.000000
8300,-3.000000
8301,-7.000000
8302,-5.000000
8303,-1.000000
8304,-1.000000
8305,5.000000
8306,1.000000
8307,1.000000
8308,1.000000
8309,-1.000000
8310,-5.000000
8311,-5.000000
8312,-7.000000
8313,-3.000000
8314,3.000000
8315,-7.000000
8316,15.000000
8317,1.000000
8318,1.000000
8319,-7.000000
8320,-5.000000
8321,-15.000000
8322,-5.000000
8323,-3.000000
8324,-1.000000
8325,-1.000000
8326,1.000000
8327,-7.000000
8328,-3.000000
8329,-3.000000
8330,-3.000000
8331,-23.000000
8332,1.000000
8333,-3.000000
8334,-1.000000
8335,3.000000
8336,3.000000
8337,1.000000
8338,-3.000000
8339,1.000000
8340,-5.000000
8341,-5.000000
8342,-15.000000
8343,1.000000
8344,-157.000000
8345,-19.000000
8346,27.000000
8347,45.000000
8348,13.000000
8349,7.000000
8350,-5.000000
8351,3.000000
8352,3.000000
8353,1.000000
8354,3.000000
8355,3.000000
8356,-1.000000
8357,-3.000000
8358,3.000000
8359,1.000000
8360,1.000000
8361,-5.000000
8362,-7.000000
8363,-1.000000
8364,-3.000000
8365,1.000000
8366,3.000000
8367,-1.000000
8368,1.000000
8369,3.000000
8370,-9.000000
8371,-5.000000
8372,-7.000000
8373,1.000000
8374,-3.000000
8375,3.000000
8376,3.000000
8377,-9.000000
8378,11.000000
8379,-1.000000
8380,-7.000000
8381,-5.000000
8382,-7.000000
8383,-7.000000
8384,-1.000000
8385,1.000000
8386,5.000000
8387,7.000000
8388,-1.000000
8389,-1.000000
8390,-3.000000
8391,-7.000000
8392,-1.000000
8393,-3.000000
8394,-3.000000
8395,3.000000
8396,1.000000
8397,3.000000
8398,1.000000
8399,1.000000
8400,-7.000000
8401,-7.000000
8402,-3.000000
8403,-9.000000
8404,1.000000
8405,3.000000
8406,3.000000
8407,3.000000
8408,1.000000
8409,-1.000000
8410,-3.000000
8411,-5.000000
8412,-3.000000
8413,-3.000000
8414,-3.000000
8415,5.000000
8416,1.000000
8417,11.000000
8418,-5.000000
8419,-1.000000
8420,-7.000000
8421,-3.000000
8422,11.000000
8423,1.000000
8424,-5.000000
8425,3.000000
8426,7.000000
8427,-41.000000
8428,-1.000000
8429,-11.000000
8430,-3.000000
8431,-5.000000
8432,-15.000000
8433,7.000000
8434,23.000000
8435,-3.000000
8436,9.000000
8437,3.000000
8438,-1.000000
8439,-11.000000
8440,-7.000000
8441,-7.000000
8442,-13.000000
8443,-5.000000
8444,1.000000
8445,-1.000000
8446,1.000000
8447,7.000000
8448,1.000000
8449,-1.000000
8450,-3.000000
8451,-3.000000
8452,-5.000000
8453,-5.000000
8454,1.000000
8455,-1.000000
8456,5.000000
8457,3.000000
8458,1.000000
8459,-1.000000
8460,-1.000000
8461,-5.000000
8462,-7.000000
8463,1.000000
8464,1.000000
8465,3.000000
8466,3.000000
8467,-15.000000
8468,5.000000
8469,1.000000
8470,-7.000000
8471,-5.000000
8472,-7.000000
8473,-1.000000
8474,-1.000000
8475,1.000000
8476,-7.000000
8477,1.000000
8478,7.000000
8479,-1.000000
8480,-5.000000
8481,-13.000000
8482,1.000000
8483,1.000000
8484,-1.000000
8485,3.000000
8486,-7.000000
8487,1.000000
8488,-7.000000
8489,-7.000000
8490,-1.000000
8491,-1.000000
8492,1.000000
8493,-3.000000
8494,1.000000
8495,1.000000
8496,3.000000
8497,5.000000
8498,1.000000
8499,-3.000000
8500,-1.000000
8501,-5.000000
8502,-3.000000
8503,-1.000000
8504,-3.000000
8505,3.000000
8506,3.000000
8507,3.000000
8508,5.000000
8509,1.000000
8510,-1.000000
8511,-5.000000
8512,-29.000000
8513,-1.000000
8514,-3.000000
8515,3.000000
8516,1.000000
8517,27.000000
8518,-15.000000
8519,3.000000
8520,-17.000000
8521,-15.000000
8522,-15.000000
8523,-1.000000
8524,7.000000
8525,13.000000
8526,5.000000
8527,3.000000
8528,1.000000
8529,-3.000000
8530,-11.000000
8531,-7.000000
8532,-13.000000
8533,1.000000
8534,-1.000000
8535,7.000000
8536,1.000000
8537,1.000000
8538,-1.000000
8539,1.000000
8540,-9.000000
8541,-1.000000
8542,-7.000000
8543,-1.000000
8544,3.000000
8545,7.000000
8546,1.000000
8547,7.000000
8548,3.000000
8549,-3.000000
8550,-3.000000
8551,-1.000000
8552,3.000000
8553,1.000000
8554,-1.000000
8555,5.000000
8556,3.000000
8557,1.000000
8558,1.000000
8559,-3.000000
8560,1.000000
8561,-9.000000
8562,-7.000000
8563,-5.000000
8564,-3.000000
8565,7.000000
8566,5.000000
8567,23.000000
8568,1.000000
8569,3.000000
8570,17.000000
8571,-5.000000
8572,-7.000000
8573,-1.000000
8574,-1.000000
8575,1.000000
8576,9.000000
8577,3.000000
8578,1.000000
8579,-3.000000
8580,-7.000000
8581,-7.000000
8582,-7.000000
8583,-3.000000
8584,-1.000000
8585,-3.000000
8586,9.000000
8587,1.000000
8588,-9.000000
8589,5.000000
8590,-7.000000
8591,-7.000000
8592,-43.000000
8593,-1.000000
8594,1.000000
8595,3.000000
8596,3.000000
8597,5.000000
8598,-1.000000
8599,3.000000
8600,-3.000000
8601,-7.000000
8602,-3.000000
8603,-5.000000
8604,-5.000000
8605,1.000000
8606,9.000000
8607,9.000000
8608,-1.000000
8609,1.000000
8610,-5.000000
8611,-5.000000
8612,-5.000000
8613,-1.000000
8614,21.000000
8615,5.000000
8616,9.000000
8617,17.000000
8618,1.000000
8619,-3.000000
8620,-3.000000
8621,-3.000000
8622,-7.000000
8623,-5.000000
8624,-5.000000
8625,3.000000
8626,7.000000
8627,11.000000
8628,3.000000
8629,-3.000000
8630,-1.000000
8631,-9.000000
8632,-3.000000
8633,-3.000000
8634,7.000000
8635,1.000000
8636,3.000000
8637,-1.000000
8638,-5.000000
8639,3.000000
8640,-11.000000
8641,-9.000000
8642,-5.000000
8643,-7.000000
8644,-3.000000
8645,9.000000
8646,3.000000
8647,-5.000000
8648,-23.000000
8649,3.000000
8650,-3.000000
8651,-11.000000
8652,-1.000000
8653,-3.000000
8654,-1.000000
8655,3.000000
8656,29.000000
8657,1.000000
8658,-1.000000
8659,1.000000
8660,19.000000
8661,-9.000000
8662,-13.000000
8663,-7.000000
8664,-7.000000
8665,1.000000
8666,-23.000000
8667,-13.000000
8668,-1.000000
8669,1.000000
8670,-3.000000
8671,-3.000000
8672,-3.000000
8673,-3.000000
8674,-3.000000
8675,1.000000
8676,5.000000
8677,9.000000
8678,1.000000
8679,-1.000000
8680,-3.000000
8681,-5.000000
8682,-5.000000
8683,-23.000000
8684,1.000000
8685,5.000000
8686,5.000000
8687,3.000000
8688,1.000000
8689,1.000000
8690,-1.000000
8691,-7.000000
8692,-13.000000
8693,-9.000000
8694,-5.000000
8695,-1.000000
8696,5.000000
8697,9.000000
8698,-1.000000
8699,-7.000000
8700,1.000000
8701,-7.000000
8702,-17.000000
8703,-15.000000
8704,-3.000000
8705,3.000000
8706,5.000000
8707,-7.000000
8708,3.000000
8709,-11.000000
8710,-3.000000
8711,-5.000000
8712,-13.000000
8713,-3.000000
8714,1.000000
8715,7.000000
8716,-3.000000
8717,3.000000
8718,1.000000
8719,1.000000
8720,13.000000
8721,-5.000000
8722,-9.000000
8723,-11.000000
8724,-1.000000
8725,3.000000
8726,37.000000
8727,-1.000000
8728,-1.000000
8729,1.000000
8730,-17.000000
8731,9.000000
8732,-3.000000
8733,-3.000000
8734,-5.000000
8735,3.000000
8736,5.000000
8737,3.000000
8738,21.000000
8739,1.000000
8740,17.000000
8741,-7.000000
8742,-13.000000
8743,-1.000000
8744,13.000000
8745,3.000000
8746,5.000000
8747,-5.000000
8748,3.000000
8749,1.000000
8750,-9.000000
8751,-3.000000
8752,5.000000
8753,-7.000000
8754,-1.000000
8755,-1.000000
8756,3.000000
8757,1.000000
8758,-1.000000
8759,1.000000
8760,-1.000000
8761,-7.000000
8762,-5.000000
8763,-5.000000
8764,-3.000000
8765,-1.000000
8766,3.000000
8767,3.000000
8768,3.000000
8769,-5.000000
8770,-1.000000
8771,-5.000000
8772,-5.000000
8773,-13.000000
8774,-3.000000
8775,1.000000
8776,3.000000
8777,3.000000
8778,5.000000
8779,-21.000000
8780,-5.000000
8781,-7.000000
8782,-7.000000
8783,-3.000000
8784,-3.000000
8785,1.000000
8786,27.000000
8787,3.000000
8788,1.000000
8789,3.000000
8790,-9.000000
8791,-7.000000
8792,-27.000000
8793,3.000000
8794,3.000000
8795,-3.000000
8796,7.000000
8797,7.000000
8798,1.000000
8799,3.000000
8800,-1.000000
8801,-9.000000
8802,-7.000000
8803,-5.000000
8804,-7.000000
8805,1.000000
8806,1.000000
8807,27.000000
8808,-1.000000
8809,-5.000000
8810,-5.000000
8811,-7.000000
8812,-7.000000
8813,-9.000000
8814,-3.000000
8815,5.000000
8816,7.000000
8817,1.000000
8818,1.000000
8819,3.000000
8820,-7.000000
8821,-3.000000
8822,-1.000000
8823,-5.000000
8824,1.000000
8825,3.000000
8826,5.000000
8827,3.000000
8828,7.000000
8829,3.000000
8830,-5.000000
8831,-3.000000
8832,13.000000
8833,-1.000000
8834,-1.000000
8835,1.000000
8836,13.000000
8837,5.000000
8838,1.000000
8839,-3.000000
8840,-5.000000
8841,-5.000000
8842,-9.000000
8843,-3.000000
8844,1.000000
8845,9.000000
8846,1.000000
8847,7.000000
8848,21.000000
8849,-3.000000
8850,-5.000000
8851,-5.000000
8852,-5.000000
8853,-3.000000
8854,-1.000000
8855,7.000000
8856,5.000000
8857,1.000000
8858,7.000000
8859,-3.000000
8860,-7.000000
8861,-5.000000
8862,-3.000000
8863,-7.000000
8864,3.000000
8865,1.000000
8866,3.000000
8867,-13.000000
8868,17.000000
8869,-1.000000
8870,-15.000000
8871,-7.000000
8872,-7.000000
8873,-5.000000
8874,1.000000
8875,3.000000
8876,3.000000
8877,1.000000
8878,1.000000
8879,1.000000
8880,1.000000
8881,-3.000000
8882,-11.000000
8883,-7.000000
8884,-3.000000
8885,-1.000000
8886,-1.000000
8887,3.000000
8888,-1.000000
8889,1.000000
8890,-3.000000
8891,-7.000000
8892,-3.000000
8893,-15.000000
8894,1.000000
8895,9.000000
8896,-3.000000
8897,5.000000
8898,3.000000
8899,-1.000000
8900,-17.000000
8901,-7.000000
8902,-11.000000
8903,-5.000000
8904,-5.000000
8905,3.000000
8906,9.000000
8907,13.000000
8908,1.000000
8909,-1.000000
8910,-5.000000
8911,-11.000000
8912,-1.000000
8913,3.000000
8914,-1.000000
8915,17.000000
8916,3.000000
8917,-15.000000
8918,1.000000
8919,3.000000
8920,-7.000000
8921,-13.000000
8922,1.000000
8923,-3.000000
8924,-1.000000
8925,5.000000
8926,7.000000
8927,1.000000
8928,5.000000
8929,-1.000000
8930,-5.000000
8931,-1.000000
8932,-15.000000
8933,-1.000000
8934,-7.000000
8935,3.000000
8936,7.000000
8937,7.000000
8938,1.000000
8939,3.000000
8940,1.000000
8941,-11.000000
8942,-3.000000
8943,-3.000000
8944,-1.000000
8945,1.000000
8946,5.000000
8947,11.000000
8948,5.000000
8949,3.000000
8950,-5.000000
8951,-7.000000
8952,-7.000000
8953,7.000000
8954,1.000000
8955,1.000000
8956,3.000000
8957,-1.000000
8958,3.000000
8959,-1.000000
8960,-11.000000
8961,-3.000000
8962,-5.000000
8963,-9.000000
8964,-3.000000
8965,1.000000
8966,3.000000
8967,5.000000
8968,5.000000
8969,1.000000
8970,-5.000000
8971,-3.000000
8972,-9.000000
8973,-5.000000
8974,-5.000000
8975,1.000000
8976,3.000000
8977,1.000000
8978,3.000000
8979,-1.000000
8980,-5.000000
8981,-23.000000
8982,-3.000000
8983,-1.000000
8984,1.000000
8985,1.000000
8986,-3.000000
8987,-1.000000
8988,1.000000
8989,-1.000000
8990,-7.000000
8991,-9.000000
8992,-5.000000
8993,-5.000000
8994,-1.000000
8995,3.000000
8996,15.000000
8997,3.000000
8998,-1.000000
8999,1.000000
9000,-5.000000
9001,-3.000000
9002,-7.000000
9003,-7.000000
9004,-7.000000
9005,1.000000
9006,11.000000
9007,5.000000
9008,3.000000
9009,-1.000000
9010,-3.000000
9011,-17.000000
9012,-9.000000
9013,-3.000000
9014,3.000000
9015,3.000000
9016,3.000000
9017,-3.000000
9018,3.000000
9019,31.000000
9020,-1.000000
9021,-11.000000
9022,-5.000000
9023,-1.000000
9024,-1.000000
9025,1.000000
9026,7.000000
9027,7.000000
9028,5.000000
9029,-13.000000
9030,-3.000000
9031,-11.000000
9032,1.000000
9033,-5.000000
9034,-7.000000
9035,9.000000
9036,9.000000
9037,3.000000
9038,1.000000
9039,-1.000000
9040,-1.000000
9041,-7.000000
9042,-15.000000
9043,-7.000000
9044,5.000000
9045,5.000000
9046,3.000000
9047,-3.000000
9048,-5.000000
9049,5.000000
9050,-13.000000
9051,-11.000000
9052,-5.000000
9053,-3.000000
9054,-1.000000
9055,5.000000
9056,7.000000
9057,1.000000
9058,-3.000000
9059,3.000000
9060,-13.000000
9061,-7.000000
9062,-9.000000
9063,-13.000000
9064,1.000000
9065,-1.000000
9066,13.000000
9067,-15.000000
9068,-23.000000
9069,-1.000000
9070,-3.000000
9071,-13.000000
9072,-11.000000
9073,-5.000000
9074,-3.000000
9075,-23.000000
9076,1.000000
9077,1.000000
9078,-1.000000
9079,-15.000000
9080,-3.000000
9081,-3.000000
9082,-7.000000
9083,-5.000000
9084,-7.000000
9085,7.000000
9086,9.000000
9087,13.000000
9088,1.000000
9089,11.000000
9090,-3.000000
9091,-5.000000
9092,-11.000000
9093,-15.000000
9094,-3.000000
9095,1.000000
9096,7.000000
9097,-3.000000
9098,1.000000
9099,31.000000
9100,-5.000000
9101,-17.000000
9102,-9.000000
9103,1.000000
9104,-3.000000
9105,7.000000
9106,1.000000
9107,3.000000
9108,-21.000000
9109,-1.000000
9110,-5.000000
9111,-11.000000
9112,-5.000000
9113,-3.000000
9114,1.000000
9115,1.000000
9116,3.000000
9117,21.000000
9118,-7.000000
9119,-1.000000
9120,-1.000000
9121,-7.000000
9122,-5.000000
9123,1.000000
9124,-1.000000
9125,7.000000
9126,7.000000
9127,1.000000
9128,3.000000
9129,3.000000
9130,-3.000000
9131,-15.000000
9132,-15.000000
9133,-7.000000
9134,3.000000
9135,-1.000000
9136,3.000000
9137,1.000000
9138,1.000000
9139,1.000000
9140,-5.000000
9141,-11.000000
9142,-3.000000
9143,-13.000000
9144,-1.000000
9145,-1.000000
9146,7.000000
9147,3.000000
9148,3.000000
9149,1.000000
9150,5.000000
9151,-7.000000
9152,-3.000000
9153,-3.000000
9154,-1.000000
9155,1.000000
9156,9.000000
9157,3.000000
9158,9.000000
9159,3.000000
9160,-9.000000
9161,-7.000000
9162,-11.000000
9163,-1.000000
9164,3.000000
9165,9.000000
9166,5.000000
9167,-11.000000
9168,-3.000000
9169,3.000000
9170,-1.000000
9171,-3.000000
9172,-7.000000
9173,-5.000000
9174,-1.000000
9175,11.000000
9176,3.000000
9177,-1.000000
9178,3.000000
9179,-1.000000
9180,-5.000000
9181,-3.000000
9182,-5.000000
9183,-7.000000
9184,-1.000000
9185,11.000000
9186,-7.000000
9187,5.000000
9188,1.000000
9189,1.000000
9190,1.000000
9191,-7.000000
9192,-11.000000
9193,-7.000000
9194,3.000000
9195,1.000000
9196,11.000000
9197,-1.000000
9198,-3.000000
9199,-1.000000
9200,-7.000000
9201,-7.000000
9202,-7.000000
9203,13.000000
9204,-5.000000
9205,3.000000
9206,7.000000
9207,-1.000000
9208,5.000000
9209,1.000000
9210,-5.000000
9211,-11.000000
9212,1.000000
9213,-3.000000
9214,15.000000
9215,-13.000000
9216,7.000000
9217,7.000000
9218,1.000000
9219,-3.000000
9220,-1.000000
9221,-7.000000
9222,-3.000000
9223,-3.000000
9224,1.000000
9225,1.000000
9226,3.000000
9227,3.000000
9228,1.000000
9229,3.000000
9230,1.000000
9231,-7.000000
9232,-5.000000
9233,-1.000000
9234,1.000000
9235,3.000000
9236,1.000000
9237,3.000000
9238,-1.000000
9239,3.000000
9240,-7.000000
9241,-11.000000
9242,-7.000000
9243,1.000000
9244,-3.000000
9245,9.000000
9246,5.000000
9247,5.000000
9248,1.000000
9249,-1.000000
9250,-1.000000
9251,-9.000000
9252,-11.000000
9253,-9.000000
9254,1.000000
9255,3.000000
9256,13.000000
9257,-1.000000
9258,1.000000
9259,1.000000
9260,-1.000000
9261,-7.000000
9262,-5.000000
9263,-5.000000
9264,-1.000000
9265,1.000000
9266,3.000000
9267,5.000000
9268,-3.000000
9269,13.000000
9270,-7.000000
9271,-9.000000
9272,-7.000000
9273,-3.000000
9274,-1.000000
9275,1.000000
9276,-3.000000
9277,29.000000
9278,5.000000
9279,5.000000
9280,-1.000000
9281,-3.000000
9282,-5.000000
9283,-15.000000
9284,-7.000000
9285,3.000000
9286,3.000000
9287,11.000000
9288,1.000000
9289,1.000000
9290,-5.000000
9291,-7.000000
9292,-13.000000
9293,13.000000
9294,-1.000000
9295,1.000000
9296,1.000000
9297,1.000000
9298,-1.000000
9299,-1.000000
9300,-3.000000
9301,-5.000000
9302,-5.000000
9303,-5.000000
9304,1.000000
9305,1.000000
9306,3.000000
9307,3.000000
9308,3.000000
9309,1.000000
9310,-5.000000
9311,-7.000000
9312,-7.000000
9313,-3.000000
9314,-1.000000
9315,3.000000
9316,-9.000000
9317,1.000000
9318,3.000000
9319,1.000000
9320,-7.000000
9321,-5.000000
9322,-7.000000
9323,-21.000000
9324,7.000000
9325,5.000000
9326,3.000000
9327,15.000000
9328,1.000000
9329,-3.000000
9330,-7.000000
9331,-11.000000
9332,-1.000000
9333,-7.000000
9334,3.000000
9335,1.000000
9336,5.000000
9337,-1.000000
9338,-1.000000
9339,-3.000000
9340,-3.000000
9341,-5.000000
9342,-5.000000
9343,-1.000000
9344,-5.000000
9345,1.000000
9346,21.000000
9347,3.000000
9348,3.000000
9349,-5.000000
9350,-1.000000
9351,-27.000000
9352,-11.000000
9353,-3.000000
9354,-7.000000
9355,-1.000000
9356,3.000000
9357,5.000000
9358,1.000000
9359,-1.000000
9360,-3.000000
9361,-1.000000
9362,-3.000000
9363,-17.000000
9364,-1.000000
9365,1.000000
9366,5.000000
9367,17.000000
9368,1.000000
9369,-3.000000
9370,-3.000000
9371,-5.000000
9372,-9.000000
9373,-7.000000
9374,-5.000000
9375,-3.000000
9376,1.000000
9377,3.000000
9378,11.000000
9379,-3.000000
9380,-5.000000
9381,-1.000000
9382,-9.000000
9383,-7.000000
9384,-3.000000
9385,3.000000
9386,-1.000000
9387,3.000000
9388,-1.000000
9389,1.000000
9390,1.000000
9391,-9.000000
9392,-7.000000
9393,-3.000000
9394,-1.000000
9395,1.000000
9396,3.000000
9397,5.000000
9398,3.000000
9399,-3.000000
9400,-3.000000
9401,-5.000000
9402,-7.000000
9403,-1.000000
9404,-3.000000
9405,1.000000
9406,9.000000
9407,9.000000
9408,1.000000
9409,1.000000
9410,-1.000000
9411,-3.000000
9412,1.000000
9413,-9.000000
9414,-1.000000
9415,-1.000000
9416,25.000000
9417,-7.000000
9418,15.000000
9419,-1.000000
9420,-1.000000
9421,-19.000000
9422,13.000000
9423,1.000000
9424,-1.000000
9425,1.000000
9426,1.000000
9427,-1.000000
9428,1.000000
9429,-1.000000
9430,1.000000
9431,3.000000
9432,-3.000000
9433,-5.000000
9434,1.000000
9435,1.000000
9436,3.000000
9437,3.000000
9438,1.000000
9439,1.000000
9440,-5.000000
9441,-5.000000
9442,-9.000000
9443,-3.000000
9444,7.000000
9445,-1.000000
9446,7.000000
9447,1.000000
9448,-1.000000
9449,1.000000
9450,-5.000000
9451,-5.000000
9452,-3.000000
9453,1.000000
9454,-1.000000
9455,3.000000
9456,3.000000
9457,1.000000
9458,-1.000000
9459,-5.000000
9460,-1.000000
9461,-5.000000
9462,1.000000
9463,-19.000000
9464,-1.000000
9465,1.000000
9466,1.000000
9467,11.000000
9468,5.000000
9469,1.000000
9470,-7.000000
9471,-5.000000
9472,-37.000000
9473,-7.000000
9474,1.000000
9475,5.000000
9476,3.000000
9477,17.000000
9478,15.000000
9479,-1.000000
9480,1.000000
9481,-11.000000
9482,-7.000000
9483,-3.000000
9484,-3.000000
9485,-1.000000
9486,3.000000
9487,3.000000
9488,-3.000000
9489,-5.000000
9490,-3.000000
9491,-3.000000
9492,-7.000000
9493,-3.000000
9494,-5.000000
9495,1.000000
9496,-1.000000
9497,3.000000
9498,1.000000
9499,-3.000000
9500,-3.000000
9501,-3.000000
9502,-7.000000
9503,3.000000
9504,-17.000000
9505,-1.000000
9506,3.000000
9507,9.000000
9508,3.000000
9509,-5.000000
9510,-5.000000
9511,-9.000000
9512,-3.000000
9513,-5.000000
9514,1.000000
9515,-1.000000
9516,3.000000
9517,5.000000
9518,-1.000000
9519,1.000000
9520,-7.000000
9521,-1.000000
9522,-5.000000
9523,-1.000000
9524,-1.000000
9525,1.000000
9526,3.000000
9527,1.000000
9528,3.000000
9529,1.000000
9530,-3.000000
9531,-1.000000
9532,5.000000
9533,-1.000000
9534,-3.000000
9535,3.000000
9536,3.000000
9537,1.000000
9538,1.000000
9539,3.000000
9540,3.000000
9541,-7.000000
9542,-3.000000
9543,-7.000000
9544,1.000000
9545,3.000000
9546,-15.000000
9547,1.000000
9548,1.000000
9549,3.000000
9550,1.000000
9551,-7.000000
9552,-7.000000
9553,-3.000000
9554,-3.000000
9555,-1.000000
9556,9.000000
9557,1.000000
9558,-1.000000
9559,3.000000
9560,-3.000000
9561,-5.000000
9562,-5.000000
9563,-5.000000
9564,-21.000000
9565,-1.000000
9566,1.000000
9567,5.000000
9568,1.000000
9569,-1.000000
9570,-7.000000
9571,-9.000000
9572,-7.000000
9573,-3.000000
9574,-3.000000
9575,1.000000
9576,3.000000
9577,-1.000000
9578,1.000000
9579,1.000000
9580,-1.000000
9581,-7.000000
9582,-7.000000
9583,-1.000000
9584,-7.000000
9585,5.000000
9586,3.000000
9587,7.000000
9588,1.000000
9589,-1.000000
9590,-3.000000
9591,-7.000000
9592,-11.000000
9593,-7.000000
9594,-1.000000
9595,1.000000
9596,-3.000000
9597,1.000000
9598,1.000000
9599,-3.000000
9600,1.000000
9601,-7.000000
9602,-5.000000
9603,-3.000000
9604,-1.000000
9605,1.000000
9606,1.000000
9607,3.000000
9608,-3.000000
9609,-1.000000
9610,-3.000000
9611,-7.000000
9612,-5.000000
9613,-1.000000
9614,1.000000
9615,3.000000
9616,3.000000
9617,1.000000
9618,1.000000
9619,1.000000
9620,-3.000000
9621,-5.000000
9622,-1.000000
9623,-15.000000
9624,-3.000000
9625,3.000000
9626,-1.000000
9627,1.000000
9628,3.000000
9629,-1.000000
9630,1.000000
9631,-7.000000
9632,-15.000000
9633,1.000000
9634,-1.000000
9635,-1.000000
9636,9.000000
9637,-5.000000
9638,11.000000
9639,-1.000000
9640,1.000000
9641,-3.000000
9642,-7.000000
9643,1.000000
9644,-7.000000
9645,-3.000000
9646,9.000000
9647,1.000000
9648,9.000000
9649,-3.000000
9650,-5.000000
9651,1.000000
9652,-37.000000
9653,3.000000
9654,-3.000000
9655,13.000000
9656,3.000000
9657,1.000000
9658,1.000000
9659,-1.000000
9660,-3.000000
9661,-5.000000
9662,-9.000000
9663,-1.000000
9664,-5.000000
9665,3.000000
9666,5.000000
9667,1.000000
9668,3.000000
9669,1.000000
9670,-3.000000
9671,-7.000000
9672,-5.000000
9673,-11.000000
9674,-3.000000
9675,3.000000
9676,7.000000
9677,11.000000
9678,1.000000
9679,-1.000000
9680,-7.000000
9681,-3.000000
9682,-3.000000
9683,-7.000000
9684,-1.000000
9685,-1.000000
9686,5.000000
9687,17.000000
9688,-13.000000
9689,1.000000
9690,-1.000000
9691,-3.000000
9692,-9.000000
9693,-1.000000
9694,1.000000
9695,1.000000
9696,3.000000
9697,1.000000
9698,1.000000
9699,-1.000000
9700,-5.000000
9701,-3.000000
9702,-5.000000
9703,-1.000000
9704,-1.000000
9705,3.000000
9706,3.000000
9707,3.000000
9708,-3.000000
9709,-1.000000
9710,-1.000000
9711,-7.000000
9712,-9.000000
9713,1.000000
9714,-1.000000
9715,1.000000
9716,11.000000
9717,5.000000
9718,1.000000
9719,1.000000
9720,1.000000
9721,-5.000000
9722,-5.000000
9723,-7.000000
9724,-7.000000
9725,-1.000000
9726,-1.000000
9727,3.000000
9728,-1.000000
9729,3.000000
9730,-1.000000
9731,-11.000000
9732,-5.000000
9733,13.000000
9734,-11.000000
9735,-1.000000
9736,7.000000
9737,3.000000
9738,-11.000000
9739,3.000000
9740,-3.000000
9741,9.000000
9742,-23.000000
9743,-1.000000
9744,-3.000000
9745,1.000000
9746,3.000000
9747,-1.000000
9748,-1.000000
9749,-5.000000
9750,-1.000000
9751,-7.000000
9752,-9.000000
9753,-1.000000
9754,-1.000000
9755,-7.000000
9756,1.000000
9757,3.000000
9758,1.000000
9759,-3.000000
9760,5.000000
9761,-7.000000
9762,-7.000000
9763,-7.000000
9764,-7.000000
9765,3.000000
9766,7.000000
9767,5.000000
9768,1.000000
9769,1.000000
9770,-7.000000
9771,-1.000000
9772,-3.000000
9773,-7.000000
9774,1.000000
9775,9.000000
9776,3.000000
9777,1.000000
9778,-1.000000
9779,-1.000000
9780,-1.000000
9781,-7.000000
9782,-7.000000
9783,3.000000
9784,-1.000000
9785,17.000000
9786,3.000000
9787,7.000000
9788,13.000000
9789,1.000000
9790,-1.000000
9791,-11.000000
9792,-5.000000
9793,-5.000000
9794,-1.000000
9795,9.000000
9796,-1.000000
9797,3.000000
9798,1.000000
9799,1.000000
9800,1.000000
9801,-7.000000
9802,-9.000000
9803,-1.000000
9804,-1.000000
9805,1.000000
9806,1.000000
9807,7.000000
9808,-15.000000
9809,1.000000
9810,1.000000
9811,-7.000000
9812,-1.000000
9813,-5.000000
9814,-5.000000
9815,-1.000000
9816,3.000000
9817,5.000000
9818,3.000000
9819,1.000000
9820,1.000000
9821,-5.000000
9822,-7.000000
9823,-3.000000
9824,5.000000
9825,7.000000
9826,3.000000
9827,7.000000
9828,13.000000
9829,1.000000
9830,-1.000000
9831,-1.000000
9832,-7.000000
9833,1.000000
9834,-3.000000
9835,-1.000000
9836,-1.000000
9837,3.000000
9838,3.000000
9839,-1.000000
9840,-1.000000
9841,-11.000000
9842,-9.000000
9843,-7.000000
9844,-3.000000
9845,-1.000000
9846,3.000000
9847,5.000000
9848,-5.000000
9849,9.000000
9850,1.000000
9851,-5.000000
9852,-5.000000
9853,3.000000
9854,3.000000
9855,-1.000000
9856,1.000000
9857,1.000000
9858,13.000000
9859,-7.000000
9860,-3.000000
9861,1.000000
9862,-5.000000
9863,-5.000000
9864,-5.000000
9865,1.000000
9866,-1.000000
9867,1.000000
9868,-1.000000
9869,3.000000
9870,-3.000000
9871,-7.000000
9872,-7.000000
9873,-1.000000
9874,-3.000000
9875,1.000000
9876,-11.000000
9877,5.000000
9878,3.000000
9879,-1.000000
9880,1.000000
9881,-7.000000
9882,-5.000000
9883,1.000000
9884,-1.000000
9885,3.000000
9886,7.000000
9887,5.000000
9888,7.000000
9889,-1.000000
9890,-3.000000
9891,-5.000000
9892,-5.000000
9893,-1.000000
9894,1.000000
9895,1.000000
9896,9.000000
9897,-1.000000
9898,13.000000
9899,-7.000000
9900,-1.000000
9901,5.000000
9902,3.000000
9903,-3.000000
9904,-3.000000
9905,3.000000
9906,1.000000
9907,27.000000
9908,-1.000000
9909,15.000000
9910,-1.000000
9911,-7.000000
9912,-7.000000
9913,-1.000000
9914,-1.000000
9915,1.000000
9916,5.000000
9917,1.000000
9918,1.000000
9919,1.000000
9920,-7.000000
9921,-3.000000
9922,-7.000000
9923,-3.000000
9924,1.000000
9925,1.000000
9926,7.000000
9927,5.000000
9928,3.000000
9929,-1.000000
9930,-15.000000
9931,-5.000000
9932,-7.000000
9933,1.000000
9934,-3.000000
9935,-1.000000
9936,5.000000
9937,3.000000
9938,1.000000
9939,3.000000
9940,-3.000000
9941,-15.000000
9942,-7.000000
9943,7.000000
9944,-3.000000
9945,1.000000
9946,1.000000
9947,3.000000
9948,11.000000
9949,1.000000
9950,1.000000
9951,-7.000000
9952,-3.000000
9953,1.000000
9954,-1.000000
9955,5.000000
9956,5.000000
9957,13.000000
9958,7.000000
9959,1.000000
9960,-3.000000
9961,-7.000000
9962,-11.000000
9963,1.000000
9964,-5.000000
9965,-1.000000
9966,1.000000
9967,27.000000
9968,13.000000
9969,1.000000
9970,-5.000000
9971,-5.000000
9972,-7.000000
9973,-3.000000
9974,-1.000000
9975,-13.000000
9976,7.000000
9977,21.000000
9978,1.000000
9979,3.000000
9980,-3.000000
9981,-7.000000
9982,-5.000000
9983,-19.000000
9984,-3.000000
9985,1.000000
9986,-1.000000
9987,5.000000
9988,1.000000
9989,1.000000
9990,-5.000000
9991,-7.000000
9992,3.000000
9993,-5.000000
9994,-15.000000
9995,-11.000000
9996,1.000000
9997,1.000000
9998,1.000000
9999,1.000000
10000,-9.000000
