Channel              :,CH1
Frequency            :,"	?"
Period               :,  ?
PK-PK                :,193.6mV?
Average              :,-0.353mV?
Vertical pos         :,0.000000mV
Probe attenuation    :,1X
Voltage per ADC value:,0.050000mV
Time interval        :,400.00000uS
,
index,CH1_Voltage(mV)
1,4
2,4
3,0
4,2.4
5,-1.6
6,0
7,6.4
8,0
9,0
10,0
11,0
12,0.8
13,-3.2
14,2.4
15,0.8
16,0.8
17,0
18,0.8
19,0
20,2.4
21,-3.2
22,2.4
23,0.8
24,0
25,0.8
26,0
27,2.4
28,0.8
29,2.4
30,0.8
31,-0.8
32,-2.4
33,0.8
34,-1.6
35,-0.8
36,-1.6
37,-5.6
38,-0.8
39,-0.8
40,2.4
41,0.8
42,-0.8
43,-15.2
44,1.6
45,2.4
46,2.4
47,2.4
48,0.8
49,0
50,0.8
51,0
52,-6.4
53,0
54,-0.8
55,-3.2
56,0
57,-0.8
58,-3.2
59,0
60,-0.8
61,-1.6
62,0
63,4
64,4
65,11.2
66,0
67,2.4
68,-0.8
69,-3.2
70,0
71,0
72,0.8
73,-1.6
74,0.8
75,0.8
76,0
77,-0.8
78,-2.4
79,0
80,1.6
81,0
82,0.8
83,-0.8
84,-0.8
85,-3.2
86,0
87,-1.6
88,-3.2
89,0
90,-4
91,0
92,0
93,-1.6
94,0
95,0
96,-0.8
97,8.8
98,-2.4
99,0
100,2.4
101,0
102,0.8
103,-0.8
104,0.8
105,3.2
106,0
107,0.8
108,-3.2
109,-3.2
110,-1.6
111,1.6
112,2.4
113,-0.8
114,-1.6
115,0
116,0.8
117,0
118,0.8
119,-2.4
120,1.6
121,-2.4
122,0
123,0
124,0
125,-3.2
126,0
127,0.8
128,-3.2
129,-0.8
130,-0.8
131,0
132,0.8
133,-0.8
134,-2.4
135,2.4
136,2.4
137,2.4
138,-0.8
139,0
140,-1.6
141,3.2
142,-0.8
143,-0.8
144,-4
145,-1.6
146,-0.8
147,0.8
148,0
149,2.4
150,1.6
151,-0.8
152,-7.2
153,1.6
154,0
155,-8.8
156,2.4
157,0.8
158,0.8
159,-0.8
160,-3.2
161,0.8
162,2.4
163,-3.2
164,2.4
165,0.8
166,0.8
167,0.8
168,-0.8
169,0
170,0.8
171,2.4
172,2.4
173,0
174,2.4
175,0.8
176,1.6
177,2.4
178,-3.2
179,0
180,-6.4
181,0.8
182,4
183,-0.8
184,0
185,2.4
186,-0.8
187,0
188,-0.8
189,-0.8
190,0.8
191,-0.8
192,-3.2
193,4
194,1.6
195,0
196,1.6
197,5.6
198,0
199,-2.4
200,0.8
201,0
202,0
203,0
204,0
205,2.4
206,-3.2
207,-0.8
208,-0.8
209,0
210,-0.8
211,-1.6
212,0
213,-2.4
214,0.8
215,0.8
216,0.8
217,2.4
218,0.8
219,2.4
220,0.8
221,-1.6
222,0.8
223,-0.8
224,2.4
225,0.8
226,-2.4
227,2.4
228,-0.8
229,0.8
230,-1.6
231,0.8
232,2.4
233,-2.4
234,1.6
235,-1.6
236,-1.6
237,2.4
238,4
239,0
240,-1.6
241,-0.8
242,-3.2
243,0
244,-1.6
245,0
246,-0.8
247,2.4
248,-2.4
249,-2.4
250,0.8
251,0
252,-3.2
253,-4
254,-3.2
255,0
256,3.2
257,1.6
258,-0.8
259,0.8
260,0
261,0.8
262,0
263,0
264,2.4
265,-1.6
266,-1.6
267,2.4
268,0
269,2.4
270,0.8
271,1.6
272,0
273,2.4
274,1.6
275,0.8
276,1.6
277,0.8
278,0.8
279,-3.2
280,0
281,1.6
282,-3.2
283,0.8
284,0.8
285,0.8
286,2.4
287,-0.8
288,-0.8
289,0.8
290,-1.6
291,-3.2
292,2.4
293,0
294,2.4
295,-0.8
296,-2.4
297,-4.8
298,0.8
299,-0.8
300,0.8
301,0.8
302,-0.8
303,2.4
304,-6.4
305,2.4
306,0.8
307,-1.6
308,-0.8
309,0.8
310,-0.8
311,0.8
312,2.4
313,2.4
314,2.4
315,0
316,0.8
317,0
318,2.4
319,2.4
320,0
321,-0.8
322,0.8
323,-0.8
324,0
325,0.8
326,0.8
327,1.6
328,0.8
329,-1.6
330,0.8
331,2.4
332,0
333,-1.6
334,-4
335,-3.2
336,-2.4
337,-2.4
338,-1.6
339,0
340,0
341,-1.6
342,-2.4
343,0
344,0
345,2.4
346,-0.8
347,-2.4
348,2.4
349,0.8
350,0
351,-1.6
352,2.4
353,0.8
354,1.6
355,0
356,0.8
357,0.8
358,-1.6
359,-2.4
360,-3.2
361,0
362,0.8
363,0.8
364,-3.2
365,-0.8
366,-2.4
367,0.8
368,2.4
369,4
370,0.8
371,2.4
372,0.8
373,0
374,1.6
375,2.4
376,1.6
377,0.8
378,1.6
379,-2.4
380,0.8
381,-4
382,-2.4
383,-1.6
384,0.8
385,2.4
386,2.4
387,-3.2
388,0
389,-2.4
390,-4
391,-1.6
392,0
393,0
394,-1.6
395,0.8
396,0
397,2.4
398,0.8
399,-2.4
400,2.4
401,0.8
402,0.8
403,-1.6
404,-3.2
405,-0.8
406,0.8
407,-2.4
408,-0.8
409,-6.4
410,-1.6
411,-4
412,-0.8
413,-1.6
414,0
415,-3.2
416,-2.4
417,0
418,-3.2
419,-3.2
420,2.4
421,0
422,-0.8
423,4
424,2.4
425,0.8
426,-1.6
427,2.4
428,0
429,-0.8
430,3.2
431,4
432,2.4
433,-0.8
434,-2.4
435,-0.8
436,0
437,-1.6
438,4
439,-1.6
440,-0.8
441,0.8
442,-0.8
443,-0.8
444,-1.6
445,-1.6
446,0
447,-3.2
448,-0.8
449,-1.6
450,0.8
451,0.8
452,-1.6
453,-2.4
454,2.4
455,-3.2
456,0
457,3.2
458,-3.2
459,-4.8
460,-1.6
461,1.6
462,2.4
463,-0.8
464,4
465,0.8
466,0
467,0.8
468,2.4
469,0.8
470,-1.6
471,-0.8
472,0.8
473,2.4
474,4
475,0.8
476,-3.2
477,0
478,-0.8
479,0.8
480,-1.6
481,2.4
482,0
483,-0.8
484,0
485,0.8
486,0.8
487,1.6
488,2.4
489,0
490,1.6
491,0
492,-0.8
493,-1.6
494,0
495,0.8
496,0.8
497,0.8
498,2.4
499,-0.8
500,0
501,0
502,0.8
503,0.8
504,2.4
505,0.8
506,-3.2
507,-0.8
508,-2.4
509,-0.8
510,0
511,0
512,0
513,-3.2
514,0
515,0.8
516,2.4
517,0
518,-0.8
519,0
520,-1.6
521,-3.2
522,2.4
523,0
524,-1.6
525,0
526,0
527,0
528,-0.8
529,0.8
530,2.4
531,-5.6
532,2.4
533,0
534,-2.4
535,-0.8
536,0.8
537,0.8
538,-4
539,-3.2
540,-0.8
541,0
542,-0.8
543,2.4
544,-0.8
545,2.4
546,1.6
547,-0.8
548,2.4
549,0.8
550,0
551,0
552,0
553,-1.6
554,-0.8
555,-3.2
556,0
557,-0.8
558,-0.8
559,0
560,0
561,0
562,1.6
563,0
564,1.6
565,-4
566,2.4
567,2.4
568,0
569,-0.8
570,-1.6
571,2.4
572,2.4
573,2.4
574,2.4
575,0.8
576,5.6
577,2.4
578,-2.4
579,-3.2
580,2.4
581,-3.2
582,-3.2
583,0.8
584,0
585,-2.4
586,0.8
587,0
588,0.8
589,-3.2
590,0.8
591,-0.8
592,-1.6
593,0
594,-0.8
595,0
596,-3.2
597,-8.8
598,-0.8
599,0.8
600,-1.6
601,-0.8
602,-1.6
603,-0.8
604,-4
605,-0.8
606,2.4
607,-0.8
608,-1.6
609,-1.6
610,-0.8
611,-3.2
612,-0.8
613,-5.6
614,0.8
615,-0.8
616,0.8
617,0
618,-1.6
619,-4
620,-1.6
621,0
622,2.4
623,0
624,0
625,-0.8
626,0
627,-3.2
628,4
629,0
630,0
631,2.4
632,-0.8
633,0.8
634,-2.4
635,-0.8
636,-0.8
637,-0.8
638,-5.6
639,-3.2
640,0
641,0
642,0
643,2.4
644,-0.8
645,-1.6
646,0.8
647,-1.6
648,0
649,-1.6
650,-0.8
651,2.4
652,-2.4
653,-0.8
654,0
655,-0.8
656,2.4
657,-1.6
658,-3.2
659,0.8
660,0
661,1.6
662,0
663,0
664,0
665,0
666,2.4
667,5.6
668,3.2
669,0
670,0
671,-1.6
672,0
673,3.2
674,2.4
675,-0.8
676,2.4
677,3.2
678,0.8
679,0.8
680,0
681,-9.6
682,2.4
683,-3.2
684,0
685,0.8
686,2.4
687,-3.2
688,-1.6
689,-3.2
690,0
691,0
692,0.8
693,0.8
694,-0.8
695,0.8
696,0.8
697,2.4
698,2.4
699,0.8
700,0.8
701,0.8
702,-0.8
703,0
704,-1.6
705,0
706,1.6
707,3.2
708,-0.8
709,2.4
710,-1.6
711,0.8
712,-0.8
713,0
714,0.8
715,-1.6
716,-1.6
717,-0.8
718,-4
719,-3.2
720,0
721,0.8
722,-3.2
723,0
724,2.4
725,0.8
726,-5.6
727,-3.2
728,-3.2
729,-3.2
730,-0.8
731,-4
732,-3.2
733,0
734,-3.2
735,-2.4
736,0
737,0.8
738,-0.8
739,-4
740,0
741,0
742,0.8
743,-0.8
744,2.4
745,0
746,0
747,0.8
748,0
749,-1.6
750,-0.8
751,0.8
752,0
753,-0.8
754,3.2
755,-0.8
756,0.8
757,-0.8
758,0.8
759,2.4
760,-1.6
761,-3.2
762,2.4
763,0.8
764,0.8
765,-0.8
766,0.8
767,0.8
768,-1.6
769,0.8
770,2.4
771,0
772,-0.8
773,-2.4
774,0
775,-3.2
776,-3.2
777,2.4
778,-0.8
779,-3.2
780,0
781,-8
782,-1.6
783,-0.8
784,-0.8
785,0.8
786,0.8
787,1.6
788,2.4
789,-1.6
790,0
791,0
792,-0.8
793,-2.4
794,0
795,-0.8
796,-0.8
797,1.6
798,-0.8
799,-1.6
800,0.8
801,0
802,-0.8
803,2.4
804,5.6
805,0
806,-1.6
807,-0.8
808,-0.8
809,-3.2
810,0.8
811,0
812,0
813,-2.4
814,0.8
815,0.8
816,0.8
817,0
818,0
819,2.4
820,-2.4
821,2.4
822,0
823,-2.4
824,-0.8
825,1.6
826,-0.8
827,-1.6
828,0
829,-4
830,0
831,-0.8
832,0
833,0
834,0
835,0.8
836,0.8
837,0.8
838,-0.8
839,0.8
840,-2.4
841,-0.8
842,0
843,0
844,-0.8
845,0
846,0
847,-0.8
848,-1.6
849,0.8
850,2.4
851,0
852,-1.6
853,0
854,8
855,-0.8
856,3.2
857,0
858,0
859,0
860,0
861,0.8
862,-0.8
863,0.8
864,-3.2
865,0
866,3.2
867,4
868,0
869,0.8
870,0.8
871,-0.8
872,-0.8
873,2.4
874,2.4
875,0.8
876,4
877,0
878,-1.6
879,2.4
880,2.4
881,-0.8
882,-5.6
883,0.8
884,0
885,0.8
886,0.8
887,-4
888,1.6
889,-0.8
890,-2.4
891,-0.8
892,3.2
893,-1.6
894,-0.8
895,0
896,2.4
897,2.4
898,-1.6
899,-0.8
900,2.4
901,2.4
902,-3.2
903,-0.8
904,0.8
905,-3.2
906,2.4
907,0
908,-1.6
909,0
910,-2.4
911,2.4
912,4
913,0.8
914,0.8
915,-3.2
916,2.4
917,0.8
918,-1.6
919,-3.2
920,0.8
921,4
922,2.4
923,2.4
924,2.4
925,0
926,-4
927,0
928,0.8
929,2.4
930,0.8
931,2.4
932,0
933,0
934,0.8
935,1.6
936,0
937,0.8
938,4
939,-3.2
940,-1.6
941,0
942,2.4
943,1.6
944,-3.2
945,-0.8
946,3.2
947,-0.8
948,1.6
949,1.6
950,-1.6
951,-4
952,1.6
953,-1.6
954,1.6
955,-0.8
956,2.4
957,2.4
958,-2.4
959,2.4
960,-0.8
961,1.6
962,-6.4
963,0.8
964,0.8
965,-0.8
966,1.6
967,0.8
968,0.8
969,2.4
970,0.8
971,0
972,-3.2
973,1.6
974,2.4
975,1.6
976,2.4
977,1.6
978,2.4
979,-11.2
980,0.8
981,0
982,0.8
983,0.8
984,-0.8
985,0
986,-3.2
987,-1.6
988,0.8
989,-4
990,-1.6
991,1.6
992,-1.6
993,-0.8
994,2.4
995,2.4
996,-0.8
997,0.8
998,-0.8
999,2.4
1000,0
1001,-3.2
1002,0.8
1003,-1.6
1004,-0.8
1005,-3.2
1006,4
1007,0.8
1008,-1.6
1009,-1.6
1010,0
1011,0
1012,-1.6
1013,-1.6
1014,0.8
1015,0
1016,-0.8
1017,0.8
1018,1.6
1019,-0.8
1020,2.4
1021,-0.8
1022,-0.8
1023,-3.2
1024,2.4
1025,4
1026,-4
1027,0.8
1028,0.8
1029,5.6
1030,2.4
1031,-5.6
1032,-1.6
1033,0
1034,-2.4
1035,0.8
1036,0.8
1037,3.2
1038,5.6
1039,-3.2
1040,2.4
1041,-0.8
1042,-3.2
1043,0
1044,-0.8
1045,-0.8
1046,0
1047,0.8
1048,1.6
1049,0
1050,-0.8
1051,0.8
1052,0.8
1053,-3.2
1054,-0.8
1055,7.2
1056,3.2
1057,-4.8
1058,-1.6
1059,-2.4
1060,-2.4
1061,-2.4
1062,-2.4
1063,-3.2
1064,0
1065,-0.8
1066,0.8
1067,0
1068,-2.4
1069,0
1070,2.4
1071,3.2
1072,-0.8
1073,4
1074,0.8
1075,-1.6
1076,-4
1077,0
1078,-1.6
1079,5.6
1080,0.8
1081,-2.4
1082,0
1083,2.4
1084,-2.4
1085,-0.8
1086,0.8
1087,0
1088,-1.6
1089,-3.2
1090,1.6
1091,0
1092,-1.6
1093,-2.4
1094,-0.8
1095,1.6
1096,0.8
1097,0
1098,-0.8
1099,-0.8
1100,0.8
1101,7.2
1102,-4.8
1103,-0.8
1104,-0.8
1105,-0.8
1106,0
1107,1.6
1108,-3.2
1109,2.4
1110,-3.2
1111,2.4
1112,0
1113,1.6
1114,4
1115,2.4
1116,-0.8
1117,0
1118,-0.8
1119,2.4
1120,4
1121,0.8
1122,-3.2
1123,0
1124,-1.6
1125,0
1126,-1.6
1127,0
1128,0
1129,2.4
1130,2.4
1131,1.6
1132,-0.8
1133,-2.4
1134,-0.8
1135,0
1136,0
1137,0.8
1138,-4
1139,2.4
1140,2.4
1141,2.4
1142,0
1143,-3.2
1144,0.8
1145,0.8
1146,0
1147,0
1148,-3.2
1149,0
1150,0
1151,0
1152,-1.6
1153,-2.4
1154,-7.2
1155,-3.2
1156,0
1157,0
1158,0
1159,-1.6
1160,2.4
1161,0.8
1162,0.8
1163,0
1164,2.4
1165,0
1166,0.8
1167,0
1168,0.8
1169,0.8
1170,0.8
1171,0.8
1172,3.2
1173,0.8
1174,0.8
1175,0.8
1176,2.4
1177,-0.8
1178,-1.6
1179,0.8
1180,-3.2
1181,2.4
1182,-0.8
1183,3.2
1184,2.4
1185,2.4
1186,-0.8
1187,0.8
1188,-1.6
1189,0.8
1190,0.8
1191,-3.2
1192,-3.2
1193,-0.8
1194,2.4
1195,0
1196,-0.8
1197,0.8
1198,-2.4
1199,0.8
1200,0.8
1201,2.4
1202,0.8
1203,2.4
1204,0.8
1205,-3.2
1206,0.8
1207,2.4
1208,-1.6
1209,0
1210,-3.2
1211,2.4
1212,0
1213,0.8
1214,1.6
1215,0
1216,0.8
1217,-0.8
1218,-0.8
1219,2.4
1220,-0.8
1221,0
1222,4
1223,0.8
1224,-0.8
1225,0.8
1226,-1.6
1227,0
1228,2.4
1229,0
1230,2.4
1231,-4
1232,2.4
1233,-3.2
1234,-3.2
1235,0
1236,-1.6
1237,-0.8
1238,-3.2
1239,-0.8
1240,0
1241,-3.2
1242,-1.6
1243,-1.6
1244,1.6
1245,-0.8
1246,0.8
1247,0.8
1248,-3.2
1249,-0.8
1250,-7.2
1251,0
1252,2.4
1253,0.8
1254,-0.8
1255,0.8
1256,2.4
1257,-4
1258,2.4
1259,1.6
1260,-1.6
1261,-1.6
1262,-0.8
1263,-3.2
1264,0.8
1265,0.8
1266,0
1267,0.8
1268,2.4
1269,-3.2
1270,2.4
1271,0.8
1272,0
1273,0.8
1274,-2.4
1275,2.4
1276,-7.2
1277,0.8
1278,-0.8
1279,2.4
1280,-3.2
1281,1.6
1282,2.4
1283,-0.8
1284,0.8
1285,2.4
1286,2.4
1287,-0.8
1288,-3.2
1289,-2.4
1290,4
1291,-0.8
1292,-1.6
1293,-1.6
1294,-4
1295,-0.8
1296,0
1297,2.4
1298,-0.8
1299,0.8
1300,0
1301,0
1302,0
1303,0.8
1304,-3.2
1305,3.2
1306,2.4
1307,0
1308,-3.2
1309,0
1310,-3.2
1311,0.8
1312,0.8
1313,-0.8
1314,-1.6
1315,0
1316,1.6
1317,0.8
1318,-1.6
1319,1.6
1320,4
1321,-2.4
1322,-0.8
1323,2.4
1324,0.8
1325,-11.2
1326,-0.8
1327,2.4
1328,2.4
1329,9.6
1330,0
1331,-0.8
1332,-0.8
1333,0
1334,-0.8
1335,-1.6
1336,0.8
1337,-4
1338,0
1339,-5.6
1340,-0.8
1341,0.8
1342,-3.2
1343,2.4
1344,-0.8
1345,0.8
1346,-0.8
1347,2.4
1348,0
1349,0.8
1350,-3.2
1351,0
1352,-1.6
1353,-0.8
1354,2.4
1355,0.8
1356,0.8
1357,7.2
1358,-2.4
1359,0
1360,0.8
1361,-0.8
1362,0
1363,-0.8
1364,-1.6
1365,0
1366,0.8
1367,-1.6
1368,-3.2
1369,-0.8
1370,5.6
1371,-3.2
1372,1.6
1373,1.6
1374,-1.6
1375,0
1376,0
1377,-0.8
1378,-1.6
1379,8
1380,2.4
1381,-3.2
1382,-0.8
1383,0
1384,-0.8
1385,0
1386,-3.2
1387,-3.2
1388,0.8
1389,-2.4
1390,-3.2
1391,-0.8
1392,-3.2
1393,0
1394,0.8
1395,1.6
1396,-0.8
1397,-1.6
1398,-0.8
1399,-0.8
1400,0
1401,4
1402,0
1403,0
1404,0.8
1405,0.8
1406,-3.2
1407,-2.4
1408,-0.8
1409,0
1410,-0.8
1411,0.8
1412,0.8
1413,0.8
1414,0.8
1415,1.6
1416,0.8
1417,-3.2
1418,-0.8
1419,0.8
1420,3.2
1421,-0.8
1422,0.8
1423,0.8
1424,-4
1425,1.6
1426,0
1427,1.6
1428,0
1429,-5.6
1430,0
1431,0.8
1432,-0.8
1433,0
1434,-0.8
1435,0
1436,2.4
1437,0.8
1438,-0.8
1439,-2.4
1440,-3.2
1441,-4
1442,-0.8
1443,0
1444,-2.4
1445,0.8
1446,-3.2
1447,-0.8
1448,-0.8
1449,-2.4
1450,0.8
1451,0
1452,-0.8
1453,7.2
1454,-0.8
1455,2.4
1456,0.8
1457,-3.2
1458,-0.8
1459,0
1460,-0.8
1461,0
1462,4
1463,-0.8
1464,0
1465,0.8
1466,0.8
1467,-2.4
1468,-3.2
1469,-0.8
1470,2.4
1471,0
1472,0
1473,0.8
1474,1.6
1475,2.4
1476,-3.2
1477,0.8
1478,-0.8
1479,3.2
1480,5.6
1481,-3.2
1482,0
1483,-2.4
1484,0
1485,0.8
1486,0
1487,-1.6
1488,-1.6
1489,-2.4
1490,0
1491,-1.6
1492,-0.8
1493,-0.8
1494,-0.8
1495,-1.6
1496,-1.6
1497,2.4
1498,-3.2
1499,-0.8
1500,-3.2
1501,-1.6
1502,2.4
1503,-3.2
1504,-0.8
1505,2.4
1506,0.8
1507,2.4
1508,-0.8
1509,0
1510,-0.8
1511,-0.8
1512,2.4
1513,-3.2
1514,4
1515,4
1516,4
1517,0
1518,-0.8
1519,-3.2
1520,-0.8
1521,0
1522,1.6
1523,0.8
1524,-0.8
1525,0
1526,0.8
1527,-4
1528,-0.8
1529,0
1530,2.4
1531,2.4
1532,1.6
1533,0.8
1534,-3.2
1535,0
1536,2.4
1537,-4
1538,3.2
1539,-0.8
1540,-0.8
1541,-0.8
1542,0.8
1543,0
1544,0
1545,0.8
1546,-0.8
1547,0
1548,-1.6
1549,0.8
1550,0
1551,-0.8
1552,-0.8
1553,0
1554,2.4
1555,0
1556,-0.8
1557,4
1558,2.4
1559,0.8
1560,1.6
1561,-0.8
1562,-1.6
1563,-2.4
1564,2.4
1565,2.4
1566,0
1567,-4
1568,0
1569,0
1570,0.8
1571,0
1572,0
1573,0.8
1574,-0.8
1575,-1.6
1576,0
1577,2.4
1578,1.6
1579,-0.8
1580,-2.4
1581,-0.8
1582,-3.2
1583,0
1584,0
1585,-3.2
1586,-0.8
1587,-3.2
1588,-0.8
1589,-0.8
1590,0.8
1591,-2.4
1592,0.8
1593,0.8
1594,0
1595,0.8
1596,-2.4
1597,-3.2
1598,-3.2
1599,0.8
1600,-0.8
1601,-3.2
1602,-8.8
1603,-3.2
1604,-0.8
1605,4
1606,-0.8
1607,2.4
1608,0.8
1609,0
1610,-1.6
1611,0.8
1612,-0.8
1613,0
1614,0.8
1615,0.8
1616,2.4
1617,2.4
1618,0.8
1619,-1.6
1620,0.8
1621,0.8
1622,0
1623,4
1624,-0.8
1625,0.8
1626,0
1627,-1.6
1628,3.2
1629,2.4
1630,0.8
1631,-0.8
1632,2.4
1633,2.4
1634,0.8
1635,-0.8
1636,-5.6
1637,2.4
1638,-0.8
1639,-6.4
1640,-1.6
1641,-3.2
1642,-0.8
1643,0.8
1644,1.6
1645,0.8
1646,-0.8
1647,0
1648,-1.6
1649,0.8
1650,0
1651,-1.6
1652,7.2
1653,-1.6
1654,-0.8
1655,-8
1656,2.4
1657,2.4
1658,0.8
1659,0.8
1660,-4
1661,0
1662,1.6
1663,-2.4
1664,2.4
1665,-0.8
1666,0
1667,0
1668,0
1669,-4
1670,2.4
1671,0.8
1672,-4
1673,2.4
1674,-3.2
1675,-3.2
1676,0
1677,4
1678,2.4
1679,1.6
1680,0.8
1681,-1.6
1682,-0.8
1683,-0.8
1684,0
1685,-0.8
1686,-1.6
1687,-1.6
1688,0.8
1689,-4
1690,0.8
1691,0
1692,0
1693,-4
1694,1.6
1695,1.6
1696,-0.8
1697,0
1698,0
1699,0
1700,4
1701,0.8
1702,-4.8
1703,-0.8
1704,-7.2
1705,-3.2
1706,2.4
1707,0
1708,2.4
1709,1.6
1710,-1.6
1711,-3.2
1712,0
1713,-3.2
1714,2.4
1715,2.4
1716,0
1717,-0.8
1718,-2.4
1719,0
1720,-4
1721,2.4
1722,0
1723,0.8
1724,-1.6
1725,0.8
1726,0
1727,-4
1728,-1.6
1729,0.8
1730,-2.4
1731,-3.2
1732,2.4
1733,0.8
1734,-4
1735,-1.6
1736,0
1737,0
1738,0
1739,-3.2
1740,1.6
1741,0
1742,-3.2
1743,-1.6
1744,0.8
1745,0.8
1746,0.8
1747,0
1748,-2.4
1749,1.6
1750,0
1751,-1.6
1752,0
1753,-4
1754,-4
1755,-1.6
1756,0
1757,2.4
1758,0
1759,-1.6
1760,2.4
1761,0.8
1762,2.4
1763,-3.2
1764,2.4
1765,1.6
1766,0
1767,2.4
1768,0.8
1769,2.4
1770,2.4
1771,2.4
1772,0
1773,-3.2
1774,-2.4
1775,-0.8
1776,2.4
1777,0.8
1778,0
1779,0.8
1780,2.4
1781,-3.2
1782,0.8
1783,1.6
1784,2.4
1785,0.8
1786,-3.2
1787,-0.8
1788,-4
1789,-4
1790,0.8
1791,-4
1792,-3.2
1793,-0.8
1794,1.6
1795,0.8
1796,2.4
1797,1.6
1798,-0.8
1799,-3.2
1800,0
1801,0
1802,0.8
1803,2.4
1804,-1.6
1805,0
1806,2.4
1807,0
1808,-1.6
1809,0
1810,-0.8
1811,0.8
1812,-0.8
1813,2.4
1814,0
1815,2.4
1816,0.8
1817,0
1818,-1.6
1819,-1.6
1820,-3.2
1821,1.6
1822,0.8
1823,-0.8
1824,-3.2
1825,0
1826,0.8
1827,-4
1828,3.2
1829,0
1830,-3.2
1831,-1.6
1832,-3.2
1833,2.4
1834,-2.4
1835,2.4
1836,-0.8
1837,-1.6
1838,0
1839,-0.8
1840,-0.8
1841,-2.4
1842,0
1843,0
1844,-3.2
1845,-2.4
1846,0
1847,0
1848,-1.6
1849,0
1850,0.8
1851,-0.8
1852,1.6
1853,-3.2
1854,-1.6
1855,-3.2
1856,0
1857,2.4
1858,0.8
1859,0.8
1860,-1.6
1861,0
1862,-1.6
1863,-4
1864,0.8
1865,2.4
1866,-3.2
1867,0
1868,2.4
1869,1.6
1870,0.8
1871,-2.4
1872,0.8
1873,0.8
1874,-1.6
1875,0.8
1876,1.6
1877,-4
1878,4
1879,4
1880,-0.8
1881,-2.4
1882,0
1883,0
1884,-4
1885,-1.6
1886,-3.2
1887,-0.8
1888,-3.2
1889,0.8
1890,-0.8
1891,0
1892,-0.8
1893,2.4
1894,0
1895,2.4
1896,0.8
1897,3.2
1898,-1.6
1899,-0.8
1900,0.8
1901,0.8
1902,0
1903,-1.6
1904,-4
1905,-1.6
1906,2.4
1907,2.4
1908,-0.8
1909,0.8
1910,-0.8
1911,0
1912,2.4
1913,3.2
1914,2.4
1915,0.8
1916,0
1917,0.8
1918,-0.8
1919,-0.8
1920,-3.2
1921,-2.4
1922,1.6
1923,-0.8
1924,0.8
1925,0
1926,2.4
1927,0.8
1928,0
1929,0
1930,0
1931,0
1932,-2.4
1933,0
1934,2.4
1935,0
1936,-3.2
1937,-1.6
1938,2.4
1939,-3.2
1940,-0.8
1941,-2.4
1942,-1.6
1943,-1.6
1944,3.2
1945,-5.6
1946,-0.8
1947,0.8
1948,0.8
1949,0
1950,-1.6
1951,-0.8
1952,-2.4
1953,0
1954,-2.4
1955,0
1956,-4
1957,0
1958,0
1959,-3.2
1960,-0.8
1961,-3.2
1962,4
1963,2.4
1964,2.4
1965,-0.8
1966,1.6
1967,0.8
1968,0
1969,0.8
1970,-0.8
1971,0
1972,0
1973,7.2
1974,-0.8
1975,0
1976,-0.8
1977,0.8
1978,-1.6
1979,0
1980,3.2
1981,-0.8
1982,-4
1983,-0.8
1984,-1.6
1985,0
1986,0
1987,0.8
1988,0.8
1989,0
1990,-0.8
1991,-0.8
1992,2.4
1993,0
1994,-5.6
1995,0.8
1996,-3.2
1997,-0.8
1998,0
1999,0.8
2000,0
2001,0.8
2002,0
2003,0.8
2004,1.6
2005,-0.8
2006,0
2007,2.4
2008,-0.8
2009,0.8
2010,2.4
2011,-1.6
2012,0
2013,2.4
2014,0
2015,0.8
2016,2.4
2017,1.6
2018,2.4
2019,-5.6
2020,-0.8
2021,0.8
2022,2.4
2023,0.8
2024,-2.4
2025,-3.2
2026,4
2027,4
2028,-3.2
2029,2.4
2030,-4.8
2031,0
2032,0.8
2033,0
2034,-1.6
2035,0.8
2036,1.6
2037,-0.8
2038,-1.6
2039,-2.4
2040,0
2041,0
2042,0
2043,0
2044,5.6
2045,-3.2
2046,-4
2047,1.6
2048,-3.2
2049,0
2050,0
2051,0.8
2052,-0.8
2053,5.6
2054,0
2055,-2.4
2056,-0.8
2057,-0.8
2058,-0.8
2059,0
2060,-3.2
2061,0.8
2062,0.8
2063,-0.8
2064,-2.4
2065,-0.8
2066,2.4
2067,2.4
2068,4
2069,-4
2070,0
2071,-0.8
2072,-0.8
2073,2.4
2074,-0.8
2075,0.8
2076,2.4
2077,-0.8
2078,-3.2
2079,-1.6
2080,0.8
2081,0.8
2082,-3.2
2083,0
2084,-4
2085,0
2086,-0.8
2087,-0.8
2088,1.6
2089,-4
2090,2.4
2091,-0.8
2092,2.4
2093,3.2
2094,4
2095,-4
2096,-0.8
2097,4
2098,1.6
2099,0
2100,0
2101,0
2102,-0.8
2103,-1.6
2104,-3.2
2105,-3.2
2106,2.4
2107,2.4
2108,0
2109,-0.8
2110,-0.8
2111,2.4
2112,0.8
2113,0.8
2114,0
2115,3.2
2116,2.4
2117,0.8
2118,2.4
2119,0.8
2120,-1.6
2121,2.4
2122,-0.8
2123,3.2
2124,-4
2125,0
2126,-1.6
2127,-1.6
2128,3.2
2129,-3.2
2130,3.2
2131,-1.6
2132,0.8
2133,1.6
2134,2.4
2135,-3.2
2136,-1.6
2137,-2.4
2138,-2.4
2139,-1.6
2140,-1.6
2141,-0.8
2142,-3.2
2143,0
2144,-2.4
2145,-0.8
2146,-0.8
2147,-0.8
2148,0
2149,0
2150,2.4
2151,-4.8
2152,0.8
2153,0
2154,3.2
2155,-3.2
2156,-2.4
2157,0.8
2158,0
2159,0
2160,0.8
2161,0.8
2162,-1.6
2163,0
2164,0
2165,0
2166,0.8
2167,2.4
2168,0.8
2169,-3.2
2170,0
2171,7.2
2172,0
2173,5.6
2174,0.8
2175,-0.8
2176,2.4
2177,0
2178,2.4
2179,-0.8
2180,2.4
2181,0.8
2182,-2.4
2183,-3.2
2184,0.8
2185,0.8
2186,0.8
2187,0
2188,0
2189,-5.6
2190,0.8
2191,-1.6
2192,0.8
2193,2.4
2194,-0.8
2195,0
2196,0
2197,-4
2198,-1.6
2199,0.8
2200,-0.8
2201,1.6
2202,-0.8
2203,0
2204,4
2205,0.8
2206,2.4
2207,4
2208,-0.8
2209,0
2210,0
2211,2.4
2212,-0.8
2213,0
2214,-0.8
2215,-3.2
2216,2.4
2217,0
2218,0
2219,-4
2220,0
2221,-4
2222,0.8
2223,4
2224,0
2225,-0.8
2226,2.4
2227,0.8
2228,-0.8
2229,-3.2
2230,2.4
2231,-0.8
2232,11.2
2233,0
2234,2.4
2235,0
2236,0.8
2237,-4.8
2238,-3.2
2239,-4
2240,2.4
2241,0
2242,-3.2
2243,0.8
2244,0
2245,0
2246,-2.4
2247,0.8
2248,-2.4
2249,-1.6
2250,0
2251,-4
2252,-0.8
2253,0.8
2254,-4
2255,2.4
2256,2.4
2257,1.6
2258,0.8
2259,-1.6
2260,-0.8
2261,-3.2
2262,2.4
2263,-1.6
2264,-0.8
2265,-1.6
2266,-1.6
2267,0.8
2268,0.8
2269,0.8
2270,0
2271,0
2272,0.8
2273,0
2274,0.8
2275,2.4
2276,0
2277,0.8
2278,0
2279,-0.8
2280,4
2281,-0.8
2282,0.8
2283,0
2284,0
2285,0
2286,-1.6
2287,0
2288,2.4
2289,-0.8
2290,0
2291,0.8
2292,1.6
2293,0.8
2294,-3.2
2295,0.8
2296,1.6
2297,2.4
2298,0
2299,-3.2
2300,0.8
2301,0
2302,5.6
2303,-4
2304,-1.6
2305,2.4
2306,0
2307,-2.4
2308,0
2309,0.8
2310,0.8
2311,-4.8
2312,0
2313,2.4
2314,0
2315,2.4
2316,-3.2
2317,1.6
2318,0
2319,0.8
2320,2.4
2321,-0.8
2322,-0.8
2323,-0.8
2324,0.8
2325,0.8
2326,-0.8
2327,-3.2
2328,0
2329,-3.2
2330,0
2331,-1.6
2332,-3.2
2333,0.8
2334,-0.8
2335,1.6
2336,0.8
2337,-0.8
2338,-0.8
2339,-0.8
2340,0.8
2341,0
2342,0
2343,-0.8
2344,-0.8
2345,2.4
2346,-0.8
2347,2.4
2348,-2.4
2349,-0.8
2350,-0.8
2351,-0.8
2352,-0.8
2353,4
2354,2.4
2355,0.8
2356,2.4
2357,2.4
2358,-1.6
2359,0
2360,0
2361,0.8
2362,-1.6
2363,-0.8
2364,2.4
2365,1.6
2366,3.2
2367,-5.6
2368,-3.2
2369,-4
2370,0
2371,0.8
2372,2.4
2373,0
2374,0
2375,0
2376,0
2377,0
2378,0.8
2379,0.8
2380,0
2381,-2.4
2382,-2.4
2383,-1.6
2384,-0.8
2385,-1.6
2386,2.4
2387,0
2388,0
2389,-2.4
2390,2.4
2391,0.8
2392,-0.8
2393,0
2394,-1.6
2395,-0.8
2396,-4.8
2397,2.4
2398,-3.2
2399,0.8
2400,0.8
2401,0
2402,-0.8
2403,-0.8
2404,4
2405,-0.8
2406,2.4
2407,2.4
2408,0.8
2409,0.8
2410,0.8
2411,0
2412,0
2413,0.8
2414,2.4
2415,-0.8
2416,-11.2
2417,0.8
2418,0
2419,-0.8
2420,5.6
2421,0
2422,-0.8
2423,2.4
2424,3.2
2425,1.6
2426,0
2427,0
2428,4
2429,37.599998
2430,30.4
2431,-28
2432,-48.799999
2433,-26.4
2434,-1.6
2435,19.200001
2436,-8.8
2437,-33.599998
2438,-36.799999
2439,-22.4
2440,2.4
2441,12.8
2442,14.4
2443,9.6
2444,2.4
2445,2.4
2446,0
2447,-3.2
2448,-3.2
2449,2.4
2450,4
2451,-0.8
2452,3.2
2453,0
2454,0.8
2455,1.6
2456,0.8
2457,-0.8
2458,2.4
2459,4
2460,0
2461,0.8
2462,2.4
2463,2.4
2464,2.4
2465,3.2
2466,2.4
2467,-1.6
2468,-0.8
2469,0
2470,3.2
2471,4
2472,3.2
2473,3.2
2474,4
2475,0.8
2476,0
2477,-0.8
2478,4
2479,0
2480,2.4
2481,-0.8
2482,-4
2483,-0.8
2484,0
2485,0
2486,0.8
2487,3.2
2488,0.8
2489,-3.2
2490,3.2
2491,-0.8
2492,2.4
2493,0
2494,0
2495,3.2
2496,2.4
2497,0.8
2498,0.8
2499,0.8
2500,0
2501,0.8
2502,0
2503,-0.8
2504,5.6
2505,0.8
2506,-4.8
2507,1.6
2508,0.8
2509,0
2510,0
2511,-3.2
2512,-7.2
2513,-0.8
2514,0.8
2515,2.4
2516,0.8
2517,2.4
2518,-0.8
2519,1.6
2520,0.8
2521,-1.6
2522,-1.6
2523,1.6
2524,0
2525,0
2526,2.4
2527,-1.6
2528,0
2529,0
2530,2.4
2531,0
2532,-0.8
2533,5.6
2534,2.4
2535,0
2536,-3.2
2537,2.4
2538,2.4
2539,-4.8
2540,4
2541,0
2542,0
2543,0
2544,-1.6
2545,3.2
2546,0.8
2547,1.6
2548,0
2549,-3.2
2550,2.4
2551,2.4
2552,2.4
2553,0
2554,1.6
2555,1.6
2556,4
2557,-4
2558,0.8
2559,-3.2
2560,-0.8
2561,-0.8
2562,2.4
2563,0
2564,2.4
2565,-2.4
2566,1.6
2567,0.8
2568,0.8
2569,2.4
2570,2.4
2571,0.8
2572,5.6
2573,3.2
2574,5.6
2575,0.8
2576,0
2577,-0.8
2578,-5.6
2579,0.8
2580,-0.8
2581,-0.8
2582,0
2583,-3.2
2584,-0.8
2585,1.6
2586,-3.2
2587,2.4
2588,-0.8
2589,0
2590,0.8
2591,-1.6
2592,-1.6
2593,-0.8
2594,-1.6
2595,0
2596,2.4
2597,0.8
2598,-3.2
2599,-0.8
2600,4
2601,0.8
2602,-3.2
2603,-3.2
2604,-0.8
2605,1.6
2606,0.8
2607,3.2
2608,-4.8
2609,-2.4
2610,0.8
2611,0
2612,2.4
2613,1.6
2614,0.8
2615,-3.2
2616,0
2617,0
2618,-0.8
2619,0.8
2620,0
2621,0
2622,4
2623,3.2
2624,1.6
2625,0
2626,2.4
2627,-1.6
2628,-1.6
2629,0
2630,2.4
2631,-0.8
2632,-0.8
2633,1.6
2634,-2.4
2635,0
2636,-2.4
2637,2.4
2638,-3.2
2639,0
2640,0
2641,0.8
2642,-3.2
2643,0
2644,0
2645,2.4
2646,0
2647,2.4
2648,0
2649,0
2650,1.6
2651,-0.8
2652,0
2653,-3.2
2654,0
2655,-1.6
2656,0
2657,-3.2
2658,-3.2
2659,-0.8
2660,4
2661,-0.8
2662,4
2663,2.4
2664,-6.4
2665,0
2666,0.8
2667,1.6
2668,2.4
2669,0
2670,-0.8
2671,-0.8
2672,4
2673,2.4
2674,-1.6
2675,2.4
2676,0
2677,2.4
2678,-3.2
2679,5.6
2680,-3.2
2681,-4
2682,-4
2683,-3.2
2684,-2.4
2685,-1.6
2686,-3.2
2687,0.8
2688,-1.6
2689,3.2
2690,2.4
2691,1.6
2692,-0.8
2693,0
2694,-0.8
2695,-0.8
2696,0
2697,2.4
2698,0
2699,-5.6
2700,0.8
2701,0
2702,-1.6
2703,-3.2
2704,0
2705,-0.8
2706,0
2707,4
2708,0
2709,2.4
2710,-4
2711,-2.4
2712,-0.8
2713,-4.8
2714,0
2715,0.8
2716,0
2717,-0.8
2718,0.8
2719,0
2720,2.4
2721,3.2
2722,-0.8
2723,-0.8
2724,-3.2
2725,-0.8
2726,-0.8
2727,0
2728,1.6
2729,2.4
2730,0.8
2731,0.8
2732,-1.6
2733,0.8
2734,-1.6
2735,-1.6
2736,-0.8
2737,3.2
2738,-8
2739,0
2740,2.4
2741,-2.4
2742,0
2743,-0.8
2744,2.4
2745,2.4
2746,0.8
2747,0.8
2748,-3.2
2749,-5.6
2750,0
2751,0.8
2752,-1.6
2753,1.6
2754,-3.2
2755,-0.8
2756,-2.4
2757,2.4
2758,1.6
2759,0.8
2760,-0.8
2761,-1.6
2762,0
2763,-4
2764,0.8
2765,-2.4
2766,2.4
2767,-1.6
2768,0
2769,0.8
2770,0.8
2771,0
2772,2.4
2773,2.4
2774,0
2775,-1.6
2776,2.4
2777,0.8
2778,2.4
2779,2.4
2780,0
2781,0
2782,0
2783,0.8
2784,0
2785,2.4
2786,-1.6
2787,2.4
2788,-1.6
2789,0
2790,-0.8
2791,-3.2
2792,-3.2
2793,-0.8
2794,2.4
2795,2.4
2796,2.4
2797,-1.6
2798,-4
2799,-0.8
2800,0.8
2801,-1.6
2802,0
2803,3.2
2804,0.8
2805,-4
2806,-0.8
2807,-2.4
2808,0
2809,2.4
2810,0.8
2811,1.6
2812,5.6
2813,2.4
2814,0
2815,-1.6
2816,0
2817,-1.6
2818,-3.2
2819,1.6
2820,1.6
2821,3.2
2822,2.4
2823,0.8
2824,-3.2
2825,-1.6
2826,0.8
2827,12.8
2828,15.2
2829,-7.2
2830,-17.6
2831,-15.2
2832,-5.6
2833,-5.6
2834,-4
2835,0
2836,0.8
2837,2.4
2838,3.2
2839,2.4
2840,-2.4
2841,0
2842,1.6
2843,0
2844,1.6
2845,-3.2
2846,0.8
2847,-3.2
2848,-7.2
2849,5.6
2850,0
2851,-4.8
2852,-4
2853,-6.4
2854,-4
2855,-5.6
2856,0.8
2857,-0.8
2858,-4
2859,-0.8
2860,0.8
2861,-2.4
2862,1.6
2863,1.6
2864,-1.6
2865,-1.6
2866,-3.2
2867,3.2
2868,2.4
2869,0.8
2870,4
2871,2.4
2872,0
2873,2.4
2874,-2.4
2875,-3.2
2876,2.4
2877,2.4
2878,0.8
2879,2.4
2880,-0.8
2881,-0.8
2882,-1.6
2883,3.2
2884,-3.2
2885,4
2886,1.6
2887,0.8
2888,-1.6
2889,1.6
2890,-0.8
2891,1.6
2892,0.8
2893,-1.6
2894,-3.2
2895,0
2896,-1.6
2897,0
2898,0
2899,1.6
2900,0.8
2901,-0.8
2902,-0.8
2903,-1.6
2904,-3.2
2905,-3.2
2906,4
2907,1.6
2908,-2.4
2909,0
2910,-1.6
2911,-0.8
2912,-3.2
2913,2.4
2914,4
2915,-3.2
2916,2.4
2917,0.8
2918,-0.8
2919,-3.2
2920,-1.6
2921,0
2922,-0.8
2923,0.8
2924,0.8
2925,0.8
2926,-1.6
2927,0
2928,-0.8
2929,2.4
2930,-4.8
2931,0.8
2932,0
2933,3.2
2934,0.8
2935,-0.8
2936,0
2937,-4
2938,-0.8
2939,-3.2
2940,0
2941,0.8
2942,-3.2
2943,-1.6
2944,-0.8
2945,0.8
2946,-1.6
2947,0.8
2948,-0.8
2949,-0.8
2950,0
2951,-1.6
2952,2.4
2953,1.6
2954,0
2955,2.4
2956,5.6
2957,0.8
2958,2.4
2959,4
2960,0
2961,1.6
2962,0
2963,-0.8
2964,0
2965,-0.8
2966,0.8
2967,2.4
2968,0
2969,-0.8
2970,2.4
2971,-2.4
2972,4
2973,0.8
2974,0.8
2975,-1.6
2976,-3.2
2977,0.8
2978,-2.4
2979,-4
2980,1.6
2981,-1.6
2982,-0.8
2983,0.8
2984,0
2985,0
2986,0.8
2987,-3.2
2988,-1.6
2989,-1.6
2990,0
2991,-3.2
2992,-3.2
2993,2.4
2994,-2.4
2995,0
2996,1.6
2997,0.8
2998,-0.8
2999,0
3000,-0.8
3001,-0.8
3002,-0.8
3003,-3.2
3004,-4.8
3005,5.6
3006,9.6
3007,4
3008,-0.8
3009,-3.2
3010,-3.2
3011,-1.6
3012,0
3013,-0.8
3014,0
3015,-0.8
3016,2.4
3017,2.4
3018,0.8
3019,2.4
3020,0.8
3021,0.8
3022,3.2
3023,3.2
3024,0.8
3025,-1.6
3026,-3.2
3027,-2.4
3028,3.2
3029,-7.2
3030,2.4
3031,2.4
3032,0
3033,2.4
3034,0
3035,-3.2
3036,-0.8
3037,2.4
3038,-2.4
3039,0
3040,-0.8
3041,-0.8
3042,2.4
3043,4
3044,-0.8
3045,2.4
3046,-4.8
3047,0.8
3048,-5.6
3049,-2.4
3050,1.6
3051,2.4
3052,-3.2
3053,-3.2
3054,-3.2
3055,-3.2
3056,2.4
3057,-4.8
3058,-3.2
3059,2.4
3060,0
3061,0.8
3062,0
3063,0
3064,0
3065,0.8
3066,2.4
3067,-0.8
3068,-3.2
3069,2.4
3070,2.4
3071,-1.6
3072,0.8
3073,3.2
3074,-0.8
3075,0.8
3076,0
3077,0.8
3078,-0.8
3079,-3.2
3080,-0.8
3081,-0.8
3082,-1.6
3083,-0.8
3084,-0.8
3085,0.8
3086,-0.8
3087,-0.8
3088,0.8
3089,0
3090,0
3091,-1.6
3092,2.4
3093,0.8
3094,0
3095,0.8
3096,6.4
3097,-0.8
3098,-1.6
3099,-3.2
3100,0
3101,7.2
3102,-0.8
3103,2.4
3104,-1.6
3105,-1.6
3106,0.8
3107,-3.2
3108,0.8
3109,0
3110,-3.2
3111,-2.4
3112,0.8
3113,-2.4
3114,0
3115,0
3116,0
3117,1.6
3118,-2.4
3119,-0.8
3120,3.2
3121,1.6
3122,0.8
3123,2.4
3124,-0.8
3125,5.6
3126,-0.8
3127,3.2
3128,-0.8
3129,5.6
3130,-1.6
3131,-3.2
3132,1.6
3133,0
3134,0
3135,0.8
3136,2.4
3137,2.4
3138,-3.2
3139,0
3140,1.6
3141,-0.8
3142,0.8
3143,0
3144,2.4
3145,1.6
3146,-2.4
3147,-3.2
3148,-4.8
3149,0.8
3150,-0.8
3151,-3.2
3152,1.6
3153,0
3154,0.8
3155,0.8
3156,2.4
3157,-1.6
3158,-3.2
3159,-4
3160,-0.8
3161,-3.2
3162,2.4
3163,4
3164,0
3165,-1.6
3166,0.8
3167,-0.8
3168,1.6
3169,2.4
3170,3.2
3171,0.8
3172,1.6
3173,1.6
3174,0.8
3175,6.4
3176,-6.4
3177,-0.8
3178,0.8
3179,0
3180,0.8
3181,-4
3182,-3.2
3183,-4
3184,-3.2
3185,-1.6
3186,-0.8
3187,-0.8
3188,-3.2
3189,-0.8
3190,0
3191,-4
3192,-1.6
3193,-0.8
3194,0.8
3195,-0.8
3196,-1.6
3197,2.4
3198,-3.2
3199,0
3200,-1.6
3201,-1.6
3202,-0.8
3203,0
3204,0.8
3205,-4
3206,4
3207,0.8
3208,-0.8
3209,1.6
3210,-2.4
3211,-3.2
3212,0
3213,0
3214,-2.4
3215,0
3216,0.8
3217,-3.2
3218,0.8
3219,2.4
3220,0.8
3221,1.6
3222,0
3223,0
3224,-3.2
3225,0
3226,-0.8
3227,-4.8
3228,-0.8
3229,1.6
3230,0
3231,-3.2
3232,0
3233,0.8
3234,-1.6
3235,2.4
3236,-3.2
3237,0.8
3238,-2.4
3239,0
3240,1.6
3241,0.8
3242,0
3243,-3.2
3244,2.4
3245,-0.8
3246,0
3247,2.4
3248,0.8
3249,0.8
3250,-7.2
3251,0
3252,2.4
3253,0
3254,2.4
3255,-1.6
3256,-2.4
3257,3.2
3258,1.6
3259,0.8
3260,0.8
3261,0
3262,2.4
3263,-3.2
3264,0.8
3265,-1.6
3266,0.8
3267,2.4
3268,0
3269,-3.2
3270,-0.8
3271,0
3272,3.2
3273,5.6
3274,0
3275,2.4
3276,0.8
3277,2.4
3278,-1.6
3279,-0.8
3280,0.8
3281,-3.2
3282,-0.8
3283,-3.2
3284,-3.2
3285,-0.8
3286,0
3287,0
3288,0.8
3289,0
3290,2.4
3291,-0.8
3292,-1.6
3293,-1.6
3294,0
3295,0.8
3296,1.6
3297,3.2
3298,-3.2
3299,0
3300,-5.6
3301,0
3302,2.4
3303,0
3304,-1.6
3305,-1.6
3306,3.2
3307,0
3308,0
3309,-1.6
3310,-3.2
3311,-0.8
3312,0
3313,0
3314,0.8
3315,0
3316,2.4
3317,2.4
3318,0
3319,3.2
3320,0.8
3321,5.6
3322,2.4
3323,2.4
3324,1.6
3325,0
3326,0.8
3327,-0.8
3328,-3.2
3329,-0.8
3330,-4
3331,-3.2
3332,2.4
3333,-1.6
3334,-3.2
3335,-0.8
3336,-0.8
3337,-3.2
3338,0.8
3339,-1.6
3340,2.4
3341,0
3342,-0.8
3343,-0.8
3344,0
3345,0.8
3346,-1.6
3347,8
3348,0.8
3349,0.8
3350,-3.2
3351,-0.8
3352,-3.2
3353,-1.6
3354,-3.2
3355,1.6
3356,7.2
3357,-1.6
3358,-1.6
3359,-0.8
3360,-3.2
3361,0
3362,2.4
3363,-0.8
3364,0
3365,-4
3366,3.2
3367,2.4
3368,0.8
3369,0.8
3370,2.4
3371,0
3372,0
3373,4
3374,2.4
3375,0.8
3376,0.8
3377,6.4
3378,-0.8
3379,0.8
3380,0.8
3381,-5.6
3382,3.2
3383,0.8
3384,-2.4
3385,0
3386,0
3387,-0.8
3388,-1.6
3389,-3.2
3390,3.2
3391,-0.8
3392,-3.2
3393,-3.2
3394,0
3395,-0.8
3396,-2.4
3397,4
3398,-4
3399,-0.8
3400,-0.8
3401,-2.4
3402,2.4
3403,-0.8
3404,-3.2
3405,-0.8
3406,3.2
3407,3.2
3408,1.6
3409,0.8
3410,-0.8
3411,0.8
3412,2.4
3413,-1.6
3414,3.2
3415,-1.6
3416,1.6
3417,-0.8
3418,0.8
3419,2.4
3420,-0.8
3421,-2.4
3422,0
3423,2.4
3424,0.8
3425,0
3426,0
3427,-8.8
3428,4
3429,2.4
3430,-5.6
3431,-1.6
3432,-3.2
3433,0.8
3434,0
3435,-3.2
3436,0.8
3437,-2.4
3438,4
3439,0
3440,-0.8
3441,-3.2
3442,3.2
3443,-0.8
3444,-2.4
3445,4
3446,-0.8
3447,0.8
3448,0
3449,0
3450,-1.6
3451,-3.2
3452,0
3453,-3.2
3454,-0.8
3455,-0.8
3456,0.8
3457,-3.2
3458,2.4
3459,0.8
3460,-1.6
3461,0
3462,0
3463,0
3464,0
3465,0.8
3466,0
3467,0
3468,0.8
3469,-1.6
3470,0.8
3471,0
3472,4
3473,2.4
3474,0.8
3475,0
3476,-1.6
3477,0
3478,1.6
3479,0.8
3480,0.8
3481,2.4
3482,-0.8
3483,-5.6
3484,-4.8
3485,0.8
3486,-1.6
3487,-0.8
3488,-0.8
3489,-0.8
3490,2.4
3491,0.8
3492,0.8
3493,-0.8
3494,-0.8
3495,3.2
3496,-3.2
3497,1.6
3498,-4
3499,0
3500,0.8
3501,-1.6
3502,0
3503,3.2
3504,2.4
3505,-0.8
3506,0.8
3507,-3.2
3508,0.8
3509,1.6
3510,-3.2
3511,-1.6
3512,0
3513,0
3514,-1.6
3515,-0.8
3516,-0.8
3517,1.6
3518,-1.6
3519,-0.8
3520,-0.8
3521,2.4
3522,0
3523,5.6
3524,0
3525,-2.4
3526,1.6
3527,-0.8
3528,-2.4
3529,0
3530,-2.4
3531,-2.4
3532,2.4
3533,-3.2
3534,0.8
3535,3.2
3536,-1.6
3537,-3.2
3538,0.8
3539,2.4
3540,0.8
3541,-4.8
3542,-2.4
3543,-3.2
3544,0
3545,0
3546,-0.8
3547,0.8
3548,-0.8
3549,0.8
3550,0
3551,-0.8
3552,0.8
3553,3.2
3554,-0.8
3555,-0.8
3556,0
3557,-0.8
3558,-3.2
3559,-1.6
3560,1.6
3561,0
3562,-0.8
3563,0.8
3564,0
3565,0
3566,0.8
3567,2.4
3568,0
3569,0.8
3570,0.8
3571,-3.2
3572,0.8
3573,4
3574,0
3575,2.4
3576,0
3577,1.6
3578,-0.8
3579,-0.8
3580,-1.6
3581,-3.2
3582,0.8
3583,0
3584,-7.2
3585,0.8
3586,-3.2
3587,-0.8
3588,0
3589,-4.8
3590,0
3591,1.6
3592,-3.2
3593,-0.8
3594,-0.8
3595,-2.4
3596,0.8
3597,0
3598,-3.2
3599,-0.8
3600,0.8
3601,-0.8
3602,2.4
3603,1.6
3604,-1.6
3605,0
3606,-2.4
3607,-0.8
3608,0
3609,-1.6
3610,0
3611,0.8
3612,0
3613,0.8
3614,0
3615,0
3616,0
3617,2.4
3618,0
3619,-1.6
3620,-2.4
3621,0
3622,0.8
3623,4
3624,-4
3625,2.4
3626,0.8
3627,0.8
3628,0.8
3629,0
3630,-3.2
3631,-1.6
3632,-0.8
3633,0
3634,-4
3635,-1.6
3636,-0.8
3637,0.8
3638,-1.6
3639,-3.2
3640,-2.4
3641,-3.2
3642,-1.6
3643,0.8
3644,-3.2
3645,-2.4
3646,-0.8
3647,0
3648,-2.4
3649,2.4
3650,0
3651,-3.2
3652,-1.6
3653,0.8
3654,0
3655,-3.2
3656,2.4
3657,-1.6
3658,0.8
3659,-0.8
3660,0
3661,-0.8
3662,1.6
3663,0
3664,0
3665,0
3666,0.8
3667,2.4
3668,0
3669,-0.8
3670,-3.2
3671,0
3672,2.4
3673,2.4
3674,0
3675,0
3676,2.4
3677,0
3678,5.6
3679,0
3680,-8.8
3681,0.8
3682,0.8
3683,2.4
3684,-8.8
3685,0
3686,-2.4
3687,-0.8
3688,0
3689,0
3690,-0.8
3691,-1.6
3692,0
3693,-3.2
3694,0.8
3695,-3.2
3696,-0.8
3697,0
3698,-2.4
3699,0
3700,-1.6
3701,0
3702,0.8
3703,-3.2
3704,2.4
3705,-0.8
3706,2.4
3707,-1.6
3708,0
3709,0
3710,-0.8
3711,2.4
3712,0.8
3713,-0.8
3714,-0.8
3715,0
3716,1.6
3717,1.6
3718,0.8
3719,-0.8
3720,-0.8
3721,0.8
3722,3.2
3723,2.4
3724,-1.6
3725,-1.6
3726,0.8
3727,0.8
3728,-3.2
3729,-1.6
3730,0.8
3731,0
3732,0
3733,0.8
3734,0
3735,-0.8
3736,-0.8
3737,0.8
3738,0
3739,0.8
3740,3.2
3741,2.4
3742,0.8
3743,0.8
3744,0
3745,-1.6
3746,0
3747,0
3748,-2.4
3749,0.8
3750,0
3751,-0.8
3752,-1.6
3753,0
3754,0
3755,0
3756,1.6
3757,0.8
3758,-0.8
3759,0
3760,0.8
3761,-0.8
3762,4
3763,-0.8
3764,0.8
3765,-1.6
3766,-1.6
3767,1.6
3768,0.8
3769,0.8
3770,0
3771,1.6
3772,3.2
3773,4
3774,-1.6
3775,0.8
3776,0.8
3777,1.6
3778,-3.2
3779,0.8
3780,-0.8
3781,0
3782,-1.6
3783,0
3784,-0.8
3785,0
3786,5.6
3787,-0.8
3788,0
3789,-3.2
3790,2.4
3791,0
3792,-0.8
3793,2.4
3794,1.6
3795,0.8
3796,0.8
3797,2.4
3798,0
3799,2.4
3800,0
3801,-0.8
3802,2.4
3803,-3.2
3804,-0.8
3805,0.8
3806,0
3807,2.4
3808,-3.2
3809,-0.8
3810,-0.8
3811,0
3812,0.8
3813,0
3814,-3.2
3815,-2.4
3816,2.4
3817,0
3818,1.6
3819,0
3820,0.8
3821,-1.6
3822,0
3823,2.4
3824,-1.6
3825,0.8
3826,0.8
3827,1.6
3828,1.6
3829,-0.8
3830,2.4
3831,-3.2
3832,-2.4
3833,-0.8
3834,-0.8
3835,0
3836,-1.6
3837,-0.8
3838,2.4
3839,-4
3840,-1.6
3841,-0.8
3842,-2.4
3843,0
3844,-3.2
3845,-1.6
3846,-0.8
3847,-0.8
3848,-0.8
3849,-0.8
3850,0
3851,0.8
3852,-0.8
3853,-0.8
3854,0
3855,-1.6
3856,0.8
3857,0
3858,0
3859,0.8
3860,-0.8
3861,-3.2
3862,0.8
3863,-3.2
3864,-0.8
3865,-0.8
3866,2.4
3867,-0.8
3868,-0.8
3869,0.8
3870,0
3871,-4
3872,0.8
3873,1.6
3874,2.4
3875,-0.8
3876,0
3877,0.8
3878,1.6
3879,0.8
3880,2.4
3881,-0.8
3882,2.4
3883,0
3884,0
3885,0
3886,-0.8
3887,0
3888,0.8
3889,-1.6
3890,3.2
3891,0.8
3892,2.4
3893,0
3894,0
3895,2.4
3896,0.8
3897,-3.2
3898,-3.2
3899,-0.8
3900,0
3901,-0.8
3902,-0.8
3903,-1.6
3904,-1.6
3905,-3.2
3906,0
3907,-0.8
3908,0
3909,-0.8
3910,0
3911,0.8
3912,0.8
3913,-1.6
3914,-1.6
3915,-0.8
3916,-0.8
3917,2.4
3918,1.6
3919,3.2
3920,-0.8
3921,0
3922,-2.4
3923,2.4
3924,0.8
3925,2.4
3926,2.4
3927,-1.6
3928,2.4
3929,-2.4
3930,-3.2
3931,-1.6
3932,0
3933,-0.8
3934,0.8
3935,0.8
3936,-0.8
3937,-1.6
3938,-3.2
3939,0
3940,0.8
3941,-4
3942,0.8
3943,0.8
3944,0
3945,-1.6
3946,-0.8
3947,2.4
3948,-3.2
3949,0.8
3950,0
3951,0
3952,2.4
3953,0
3954,0.8
3955,-5.6
3956,-0.8
3957,-0.8
3958,-1.6
3959,-0.8
3960,-0.8
3961,0
3962,-3.2
3963,-0.8
3964,0.8
3965,0
3966,0
3967,0.8
3968,2.4
3969,2.4
3970,0.8
3971,-3.2
3972,3.2
3973,0.8
3974,2.4
3975,0
3976,-1.6
3977,-1.6
3978,-11.2
3979,2.4
3980,-1.6
3981,-1.6
3982,0
3983,0
3984,0
3985,-1.6
3986,-0.8
3987,-1.6
3988,-3.2
3989,0.8
3990,0.8
3991,-4
3992,0.8
3993,2.4
3994,2.4
3995,0
3996,0.8
3997,0
3998,-0.8
3999,1.6
4000,0.8
4001,0
4002,0
4003,0
4004,-0.8
4005,0
4006,2.4
4007,1.6
4008,0
4009,-1.6
4010,0
4011,-0.8
4012,0
4013,-0.8
4014,2.4
4015,-1.6
4016,0
4017,0.8
4018,0
4019,2.4
4020,0.8
4021,0
4022,0
4023,0
4024,-3.2
4025,0.8
4026,2.4
4027,0.8
4028,0.8
4029,-0.8
4030,-0.8
4031,-3.2
4032,0.8
4033,0
4034,-0.8
4035,-1.6
4036,0.8
4037,2.4
4038,0.8
4039,1.6
4040,2.4
4041,1.6
4042,0
4043,-1.6
4044,0.8
4045,0
4046,0
4047,0.8
4048,-1.6
4049,0
4050,0.8
4051,0
4052,-0.8
4053,-0.8
4054,0.8
4055,0
4056,4
4057,4
4058,1.6
4059,0.8
4060,0.8
4061,-0.8
4062,0.8
4063,3.2
4064,0
4065,-0.8
4066,-0.8
4067,0.8
4068,0
4069,4
4070,2.4
4071,0.8
4072,0
4073,4
4074,0
4075,0.8
4076,0.8
4077,0
4078,2.4
4079,-1.6
4080,-4
4081,0
4082,0.8
4083,0
4084,-3.2
4085,2.4
4086,-4
4087,-3.2
4088,0
4089,2.4
4090,7.2
4091,-1.6
4092,-1.6
4093,-0.8
4094,0
4095,0
4096,0
4097,0
4098,-3.2
4099,-0.8
4100,0
4101,-0.8
4102,0
4103,-2.4
4104,-3.2
4105,2.4
4106,0.8
4107,-1.6
4108,-0.8
4109,-2.4
4110,-0.8
4111,2.4
4112,-0.8
4113,6.4
4114,0.8
4115,-0.8
4116,-3.2
4117,0.8
4118,0
4119,0.8
4120,-1.6
4121,0
4122,-0.8
4123,2.4
4124,-0.8
4125,0
4126,-0.8
4127,-0.8
4128,0
4129,0.8
4130,2.4
4131,0
4132,-0.8
4133,-0.8
4134,-1.6
4135,-1.6
4136,2.4
4137,0.8
4138,0.8
4139,-3.2
4140,0.8
4141,-3.2
4142,2.4
4143,0
4144,-0.8
4145,-0.8
4146,-0.8
4147,0
4148,4
4149,0.8
4150,1.6
4151,-1.6
4152,-0.8
4153,-0.8
4154,2.4
4155,-3.2
4156,2.4
4157,2.4
4158,-0.8
4159,-3.2
4160,0
4161,0
4162,0
4163,-0.8
4164,0
4165,-0.8
4166,0.8
4167,0
4168,0
4169,-0.8
4170,0.8
4171,2.4
4172,0.8
4173,0
4174,-1.6
4175,-0.8
4176,3.2
4177,0.8
4178,0.8
4179,0.8
4180,2.4
4181,-0.8
4182,2.4
4183,-0.8
4184,2.4
4185,2.4
4186,0.8
4187,0
4188,2.4
4189,1.6
4190,2.4
4191,-1.6
4192,0
4193,-0.8
4194,-0.8
4195,-0.8
4196,0.8
4197,0
4198,2.4
4199,0
4200,0.8
4201,2.4
4202,-2.4
4203,1.6
4204,7.2
4205,-2.4
4206,0
4207,0
4208,-0.8
4209,-3.2
4210,1.6
4211,1.6
4212,-0.8
4213,2.4
4214,-1.6
4215,-3.2
4216,0
4217,0
4218,0
4219,-0.8
4220,-1.6
4221,0
4222,2.4
4223,2.4
4224,0
4225,0.8
4226,-0.8
4227,-0.8
4228,-1.6
4229,-0.8
4230,0.8
4231,2.4
4232,1.6
4233,0
4234,0.8
4235,0
4236,-2.4
4237,0
4238,-0.8
4239,0
4240,0.8
4241,-4
4242,-0.8
4243,2.4
4244,-1.6
4245,-0.8
4246,0
4247,1.6
4248,-2.4
4249,2.4
4250,2.4
4251,0
4252,-3.2
4253,-3.2
4254,2.4
4255,-0.8
4256,0.8
4257,3.2
4258,-0.8
4259,0.8
4260,-0.8
4261,0
4262,-1.6
4263,1.6
4264,-0.8
4265,-1.6
4266,2.4
4267,-1.6
4268,0.8
4269,0
4270,0.8
4271,-0.8
4272,-2.4
4273,2.4
4274,4
4275,0.8
4276,3.2
4277,1.6
4278,-1.6
4279,4
4280,5.6
4281,0.8
4282,0
4283,-3.2
4284,0
4285,2.4
4286,0
4287,-1.6
4288,1.6
4289,0
4290,2.4
4291,0
4292,-0.8
4293,0
4294,-2.4
4295,-1.6
4296,-0.8
4297,2.4
4298,-0.8
4299,2.4
4300,-0.8
4301,-0.8
4302,0.8
4303,-0.8
4304,-1.6
4305,0
4306,4
4307,2.4
4308,-0.8
4309,-0.8
4310,-0.8
4311,0
4312,0
4313,0
4314,-0.8
4315,2.4
4316,0.8
4317,0
4318,0
4319,5.6
4320,2.4
4321,0.8
4322,1.6
4323,-0.8
4324,13.6
4325,0.8
4326,0
4327,2.4
4328,-0.8
4329,-13.6
4330,-0.8
4331,-3.2
4332,0
4333,0.8
4334,0.8
4335,-0.8
4336,-1.6
4337,0
4338,0
4339,-0.8
4340,1.6
4341,3.2
4342,0.8
4343,0
4344,0.8
4345,0.8
4346,-1.6
4347,0.8
4348,0
4349,1.6
4350,0
4351,2.4
4352,0
4353,-0.8
4354,0
4355,-1.6
4356,-0.8
4357,0.8
4358,0
4359,-7.2
4360,-0.8
4361,0.8
4362,2.4
4363,0.8
4364,-2.4
4365,-3.2
4366,-1.6
4367,-0.8
4368,0.8
4369,0.8
4370,0.8
4371,1.6
4372,-0.8
4373,-0.8
4374,2.4
4375,4
4376,-2.4
4377,-0.8
4378,-2.4
4379,-5.6
4380,0.8
4381,0
4382,0
4383,0.8
4384,0.8
4385,0.8
4386,-0.8
4387,-0.8
4388,-1.6
4389,0.8
4390,0.8
4391,-4
4392,0
4393,-0.8
4394,2.4
4395,0
4396,0
4397,0
4398,-1.6
4399,-4
4400,0.8
4401,6.4
4402,-3.2
4403,-0.8
4404,0
4405,2.4
4406,1.6
4407,-3.2
4408,0
4409,-0.8
4410,-0.8
4411,0.8
4412,0.8
4413,2.4
4414,-0.8
4415,-2.4
4416,0.8
4417,0
4418,0.8
4419,0.8
4420,0.8
4421,-1.6
4422,0
4423,0
4424,-1.6
4425,-4
4426,-3.2
4427,0.8
4428,4
4429,5.6
4430,-2.4
4431,0
4432,0.8
4433,0
4434,0
4435,-1.6
4436,-0.8
4437,4
4438,0
4439,0.8
4440,2.4
4441,-3.2
4442,-0.8
4443,-1.6
4444,-1.6
4445,0
4446,-3.2
4447,0.8
4448,-2.4
4449,2.4
4450,0
4451,-0.8
4452,5.6
4453,-0.8
4454,0.8
4455,4
4456,2.4
4457,-1.6
4458,-1.6
4459,0
4460,1.6
4461,0
4462,0.8
4463,0
4464,-3.2
4465,-0.8
4466,0.8
4467,0
4468,2.4
4469,0
4470,-0.8
4471,-0.8
4472,-3.2
4473,1.6
4474,-1.6
4475,-5.6
4476,-2.4
4477,2.4
4478,-0.8
4479,4
4480,-2.4
4481,-4
4482,0.8
4483,-3.2
4484,0.8
4485,0.8
4486,0
4487,0.8
4488,0
4489,-0.8
4490,0
4491,-3.2
4492,2.4
4493,0.8
4494,-3.2
4495,0
4496,-0.8
4497,-2.4
4498,-3.2
4499,2.4
4500,0
4501,-0.8
4502,0
4503,-0.8
4504,-0.8
4505,-0.8
4506,2.4
4507,-0.8
4508,-4
4509,-2.4
4510,0
4511,0
4512,2.4
4513,0
4514,0
4515,1.6
4516,3.2
4517,0.8
4518,0.8
4519,0
4520,-2.4
4521,2.4
4522,0
4523,-0.8
4524,0
4525,2.4
4526,1.6
4527,-4
4528,-0.8
4529,1.6
4530,2.4
4531,0.8
4532,2.4
4533,-3.2
4534,-1.6
4535,0
4536,0
4537,0
4538,-1.6
4539,-2.4
4540,2.4
4541,-1.6
4542,2.4
4543,-3.2
4544,0
4545,1.6
4546,-0.8
4547,-2.4
4548,-0.8
4549,0.8
4550,-6.4
4551,-0.8
4552,-2.4
4553,2.4
4554,0
4555,-0.8
4556,-1.6
4557,-1.6
4558,0.8
4559,0.8
4560,0.8
4561,0
4562,-1.6
4563,-0.8
4564,-3.2
4565,-1.6
4566,0
4567,-1.6
4568,-0.8
4569,0
4570,-5.6
4571,0.8
4572,0
4573,3.2
4574,0
4575,-1.6
4576,0.8
4577,-13.6
4578,0.8
4579,0.8
4580,0.8
4581,0
4582,-3.2
4583,3.2
4584,2.4
4585,1.6
4586,0.8
4587,-0.8
4588,-2.4
4589,-3.2
4590,2.4
4591,0
4592,-0.8
4593,0
4594,0
4595,-1.6
4596,-0.8
4597,0.8
4598,-3.2
4599,0.8
4600,-10.4
4601,-0.8
4602,0
4603,-0.8
4604,-0.8
4605,-4
4606,-0.8
4607,0.8
4608,7.2
4609,-1.6
4610,-1.6
4611,-0.8
4612,3.2
4613,0
4614,0
4615,0.8
4616,0.8
4617,0.8
4618,3.2
4619,0
4620,-1.6
4621,2.4
4622,2.4
4623,2.4
4624,0.8
4625,4
4626,1.6
4627,8
4628,0
4629,0.8
4630,-3.2
4631,-0.8
4632,-1.6
4633,-2.4
4634,0
4635,-0.8
4636,0
4637,0.8
4638,0
4639,3.2
4640,2.4
4641,-0.8
4642,-3.2
4643,0.8
4644,0.8
4645,0
4646,0
4647,0.8
4648,-2.4
4649,-0.8
4650,4
4651,-0.8
4652,0
4653,-2.4
4654,-2.4
4655,0.8
4656,-3.2
4657,0
4658,-8.8
4659,-0.8
4660,0
4661,0.8
4662,-0.8
4663,-0.8
4664,-0.8
4665,0.8
4666,1.6
4667,0.8
4668,3.2
4669,-0.8
4670,-2.4
4671,0
4672,-0.8
4673,4
4674,0.8
4675,0
4676,2.4
4677,-16
4678,2.4
4679,0.8
4680,0
4681,-0.8
4682,-7.2
4683,0.8
4684,2.4
4685,0
4686,0
4687,0
4688,-0.8
4689,-1.6
4690,2.4
4691,-0.8
4692,0
4693,0.8
4694,-0.8
4695,0
4696,0
4697,-1.6
4698,0
4699,0.8
4700,-0.8
4701,-0.8
4702,-0.8
4703,-1.6
4704,2.4
4705,-0.8
4706,0
4707,2.4
4708,0
4709,0
4710,0
4711,0.8
4712,-0.8
4713,0
4714,0.8
4715,0.8
4716,1.6
4717,0
4718,-0.8
4719,0.8
4720,-2.4
4721,0.8
4722,0
4723,0.8
4724,0
4725,-1.6
4726,0.8
4727,0
4728,0.8
4729,1.6
4730,-3.2
4731,0.8
4732,-0.8
4733,-0.8
4734,-2.4
4735,-0.8
4736,0
4737,-2.4
4738,0.8
4739,0
4740,0
4741,0
4742,0.8
4743,-0.8
4744,-2.4
4745,0
4746,0
4747,-2.4
4748,0
4749,0
4750,0
4751,-0.8
4752,0
4753,-0.8
4754,-0.8
4755,0
4756,-1.6
4757,-3.2
4758,-1.6
4759,-1.6
4760,0
4761,5.6
4762,-1.6
4763,-3.2
4764,0
4765,0
4766,2.4
4767,0
4768,0.8
4769,0.8
4770,2.4
4771,0
4772,-3.2
4773,0.8
4774,2.4
4775,-0.8
4776,-2.4
4777,-0.8
4778,0.8
4779,2.4
4780,0.8
4781,-0.8
4782,-8.8
4783,0
4784,-3.2
4785,0.8
4786,-0.8
4787,-0.8
4788,-0.8
4789,2.4
4790,0
4791,-0.8
4792,-2.4
4793,-0.8
4794,0.8
4795,0
4796,0
4797,0.8
4798,-4
4799,-0.8
4800,0
4801,0
4802,-1.6
4803,-3.2
4804,0.8
4805,-1.6
4806,0.8
4807,0.8
4808,0
4809,0
4810,-1.6
4811,-3.2
4812,0
4813,2.4
4814,-0.8
4815,-3.2
4816,-0.8
4817,-3.2
4818,-0.8
4819,-0.8
4820,13.6
4821,2.4
4822,-4.8
4823,0.8
4824,0
4825,0.8
4826,0
4827,2.4
4828,1.6
4829,2.4
4830,2.4
4831,-1.6
4832,-0.8
4833,0.8
4834,-5.6
4835,-0.8
4836,0
4837,-3.2
4838,0
4839,2.4
4840,0.8
4841,0.8
4842,-0.8
4843,-1.6
4844,2.4
4845,0
4846,0
4847,0.8
4848,0
4849,0.8
4850,0
4851,0
4852,-1.6
4853,-2.4
4854,0
4855,1.6
4856,0.8
4857,0.8
4858,0.8
4859,-0.8
4860,-3.2
4861,5.6
4862,2.4
4863,-0.8
4864,1.6
4865,0
4866,1.6
4867,0
4868,0
4869,0
4870,2.4
4871,4
4872,-0.8
4873,0.8
4874,0
4875,0
4876,0.8
4877,0.8
4878,0
4879,2.4
4880,-4.8
4881,0.8
4882,2.4
4883,-3.2
4884,0.8
4885,0.8
4886,-0.8
4887,-0.8
4888,-3.2
4889,-1.6
4890,-2.4
4891,-0.8
4892,-2.4
4893,-1.6
4894,0
4895,-2.4
4896,0.8
4897,0.8
4898,-3.2
4899,-3.2
4900,-1.6
4901,-0.8
4902,2.4
4903,-0.8
4904,-0.8
4905,0
4906,-0.8
4907,0.8
4908,4
4909,0
4910,0
4911,-0.8
4912,-1.6
4913,-3.2
4914,-3.2
4915,0
4916,2.4
4917,-0.8
4918,0
4919,0.8
4920,-5.6
4921,3.2
4922,1.6
4923,2.4
4924,0
4925,0.8
4926,0
4927,0
4928,-4
4929,0
4930,-1.6
4931,0.8
4932,0.8
4933,-2.4
4934,-0.8
4935,0
4936,-0.8
4937,0.8
4938,0
4939,-0.8
4940,0
4941,-4
4942,0
4943,2.4
4944,0.8
4945,-0.8
4946,-1.6
4947,2.4
4948,0.8
4949,2.4
4950,0
4951,0.8
4952,0.8
4953,0
4954,-4
4955,0
4956,0.8
4957,0
4958,0
4959,-0.8
4960,0.8
4961,-0.8
4962,0.8
4963,-0.8
4964,0.8
4965,-3.2
4966,3.2
4967,4
4968,0
4969,-4.8
4970,-1.6
4971,2.4
4972,0
4973,0
4974,2.4
4975,0
4976,-1.6
4977,0.8
4978,9.6
4979,1.6
4980,0.8
4981,2.4
4982,0.8
4983,7.2
4984,0
4985,-3.2
4986,0.8
4987,-0.8
4988,-1.6
4989,0.8
4990,0.8
4991,0.8
4992,0
4993,0.8
4994,0.8
4995,-0.8
4996,0
4997,0
4998,-3.2
4999,-3.2
5000,0.8
5001,0
5002,0
5003,-8
5004,2.4
5005,-0.8
5006,-3.2
5007,0.8
5008,0.8
5009,0
5010,0
5011,4
5012,-1.6
5013,-3.2
5014,-1.6
5015,0
5016,0.8
5017,0
5018,0.8
5019,2.4
5020,-0.8
5021,-0.8
5022,-3.2
5023,0
5024,-0.8
5025,-3.2
5026,0.8
5027,1.6
5028,0.8
5029,-1.6
5030,0.8
5031,-1.6
5032,-1.6
5033,0
5034,0.8
5035,0
5036,-0.8
5037,0
5038,3.2
5039,0.8
5040,0
5041,-1.6
5042,0.8
5043,-4
5044,0.8
5045,-8.8
5046,2.4
5047,4
5048,-0.8
5049,-3.2
5050,-2.4
5051,-0.8
5052,-2.4
5053,0
5054,2.4
5055,0.8
5056,-11.2
5057,0
5058,0.8
5059,0
5060,-4.8
5061,0
5062,-0.8
5063,2.4
5064,-1.6
5065,-1.6
5066,2.4
5067,0.8
5068,0
5069,-0.8
5070,0
5071,0.8
5072,-0.8
5073,4
5074,0.8
5075,0.8
5076,0
5077,-0.8
5078,4
5079,0
5080,0.8
5081,-2.4
5082,-1.6
5083,-7.2
5084,-3.2
5085,-0.8
5086,0
5087,-0.8
5088,-3.2
5089,-0.8
5090,-0.8
5091,-0.8
5092,0.8
5093,0
5094,0
5095,4
5096,-3.2
5097,2.4
5098,0
5099,0.8
5100,-0.8
5101,0
5102,-1.6
5103,0
5104,-1.6
5105,0.8
5106,0
5107,0
5108,0.8
5109,0
5110,1.6
5111,4
5112,-0.8
5113,-1.6
5114,-1.6
5115,0
5116,1.6
5117,0.8
5118,0.8
5119,2.4
5120,-1.6
5121,-3.2
5122,0
5123,0.8
5124,-0.8
5125,0.8
5126,-0.8
5127,2.4
5128,0
5129,0.8
5130,2.4
5131,5.6
5132,3.2
5133,0
5134,-0.8
5135,-0.8
5136,0
5137,0.8
5138,0
5139,-0.8
5140,-3.2
5141,-2.4
5142,0.8
5143,0
5144,-2.4
5145,0.8
5146,-3.2
5147,0
5148,-2.4
5149,2.4
5150,0
5151,-0.8
5152,0
5153,0
5154,2.4
5155,-0.8
5156,0.8
5157,0
5158,0
5159,2.4
5160,-0.8
5161,0
5162,-0.8
5163,-0.8
5164,-0.8
5165,-1.6
5166,0
5167,0.8
5168,0
5169,0
5170,-0.8
5171,0
5172,-0.8
5173,0.8
5174,0.8
5175,-0.8
5176,0.8
5177,-1.6
5178,2.4
5179,2.4
5180,-0.8
5181,0
5182,0.8
5183,-1.6
5184,0
5185,0
5186,0
5187,0
5188,2.4
5189,-1.6
5190,0.8
5191,0.8
5192,-0.8
5193,-0.8
5194,1.6
5195,0
5196,-0.8
5197,0
5198,-0.8
5199,-2.4
5200,-1.6
5201,-0.8
5202,-1.6
5203,2.4
5204,1.6
5205,0
5206,4
5207,-0.8
5208,0.8
5209,0.8
5210,0.8
5211,0
5212,0
5213,1.6
5214,0
5215,0
5216,0
5217,-1.6
5218,1.6
5219,0
5220,0.8
5221,1.6
5222,-0.8
5223,0
5224,-1.6
5225,-2.4
5226,-1.6
5227,-1.6
5228,-1.6
5229,0
5230,0.8
5231,0.8
5232,-0.8
5233,-0.8
5234,2.4
5235,-0.8
5236,0.8
5237,2.4
5238,-4
5239,0
5240,-0.8
5241,-8
5242,-0.8
5243,-3.2
5244,0
5245,-0.8
5246,0.8
5247,-2.4
5248,-2.4
5249,0.8
5250,-0.8
5251,0
5252,-0.8
5253,0.8
5254,9.6
5255,-0.8
5256,0
5257,-2.4
5258,0
5259,-0.8
5260,-2.4
5261,0
5262,-0.8
5263,0.8
5264,0.8
5265,-0.8
5266,-0.8
5267,1.6
5268,0.8
5269,2.4
5270,4
5271,-2.4
5272,2.4
5273,0
5274,0
5275,0.8
5276,0
5277,-3.2
5278,-3.2
5279,-0.8
5280,0
5281,2.4
5282,0
5283,0.8
5284,-2.4
5285,0.8
5286,-0.8
5287,2.4
5288,4
5289,0.8
5290,0.8
5291,2.4
5292,0
5293,2.4
5294,2.4
5295,0.8
5296,0
5297,-1.6
5298,-3.2
5299,0.8
5300,0.8
5301,0
5302,0
5303,-0.8
5304,-4.8
5305,0.8
5306,0
5307,2.4
5308,0
5309,2.4
5310,0.8
5311,2.4
5312,0
5313,2.4
5314,0
5315,-0.8
5316,2.4
5317,1.6
5318,2.4
5319,2.4
5320,2.4
5321,0
5322,0.8
5323,2.4
5324,0
5325,-0.8
5326,2.4
5327,2.4
5328,0.8
5329,-1.6
5330,0
5331,-11.2
5332,0
5333,0.8
5334,0.8
5335,0.8
5336,-3.2
5337,-0.8
5338,2.4
5339,-0.8
5340,0.8
5341,2.4
5342,-1.6
5343,2.4
5344,-0.8
5345,0
5346,-3.2
5347,0
5348,-3.2
5349,0.8
5350,0
5351,0.8
5352,0
5353,0
5354,0
5355,-0.8
5356,-0.8
5357,-3.2
5358,-0.8
5359,-2.4
5360,0
5361,-2.4
5362,-0.8
5363,-0.8
5364,-0.8
5365,-0.8
5366,-1.6
5367,0
5368,0
5369,-0.8
5370,-0.8
5371,-0.8
5372,-1.6
5373,2.4
5374,-0.8
5375,0
5376,-0.8
5377,0
5378,-2.4
5379,5.6
5380,1.6
5381,8
5382,0.8
5383,2.4
5384,0
5385,0.8
5386,-1.6
5387,-1.6
5388,-4
5389,1.6
5390,2.4
5391,0
5392,-0.8
5393,-3.2
5394,0.8
5395,0.8
5396,0.8
5397,-2.4
5398,0
5399,2.4
5400,-0.8
5401,0
5402,0.8
5403,-0.8
5404,-1.6
5405,-0.8
5406,-3.2
5407,-0.8
5408,0.8
5409,-0.8
5410,0.8
5411,0
5412,-2.4
5413,0.8
5414,-0.8
5415,-0.8
5416,4
5417,0
5418,-0.8
5419,-1.6
5420,2.4
5421,0
5422,1.6
5423,-1.6
5424,-0.8
5425,0
5426,0.8
5427,0
5428,0
5429,0.8
5430,-0.8
5431,0
5432,-1.6
5433,-2.4
5434,0.8
5435,-1.6
5436,-0.8
5437,0
5438,-0.8
5439,-6.4
5440,0.8
5441,-1.6
5442,1.6
5443,-0.8
5444,-1.6
5445,-0.8
5446,0
5447,-0.8
5448,-1.6
5449,-1.6
5450,0
5451,0
5452,2.4
5453,-0.8
5454,-0.8
5455,0.8
5456,-2.4
5457,-0.8
5458,-0.8
5459,0
5460,0
5461,-3.2
5462,0
5463,-0.8
5464,0
5465,-3.2
5466,1.6
5467,2.4
5468,0
5469,4
5470,-0.8
5471,0.8
5472,0
5473,0.8
5474,-9.6
5475,0.8
5476,0.8
5477,0
5478,-7.2
5479,0
5480,-1.6
5481,0
5482,-1.6
5483,-1.6
5484,0.8
5485,-1.6
5486,-0.8
5487,-1.6
5488,-4
5489,0
5490,0
5491,-0.8
5492,-3.2
5493,-0.8
5494,0
5495,-3.2
5496,0
5497,0.8
5498,-2.4
5499,-2.4
5500,-1.6
5501,0
5502,0
5503,-7.2
5504,-3.2
5505,0
5506,-4.8
5507,1.6
5508,0
5509,0
5510,0
5511,0.8
5512,1.6
5513,0.8
5514,-3.2
5515,0
5516,-0.8
5517,-2.4
5518,-0.8
5519,-0.8
5520,0.8
5521,0.8
5522,-1.6
5523,0
5524,-0.8
5525,-8
5526,2.4
5527,5.6
5528,0
5529,-0.8
5530,0
5531,0
5532,-0.8
5533,1.6
5534,0
5535,4
5536,-3.2
5537,0
5538,-1.6
5539,2.4
5540,0
5541,0
5542,0.8
5543,0
5544,-3.2
5545,-2.4
5546,-0.8
5547,0.8
5548,0.8
5549,2.4
5550,0
5551,0
5552,-0.8
5553,0.8
5554,-12.8
5555,-0.8
5556,1.6
5557,0
5558,0.8
5559,-3.2
5560,-8
5561,0
5562,0
5563,0
5564,0.8
5565,0
5566,3.2
5567,2.4
5568,0
5569,2.4
5570,0.8
5571,0
5572,0
5573,1.6
5574,-5.6
5575,4
5576,2.4
5577,-1.6
5578,1.6
5579,-1.6
5580,1.6
5581,2.4
5582,0.8
5583,-3.2
5584,1.6
5585,0
5586,0.8
5587,-4.8
5588,2.4
5589,-0.8
5590,-3.2
5591,0
5592,0
5593,0.8
5594,1.6
5595,0
5596,-0.8
5597,3.2
5598,-3.2
5599,-1.6
5600,1.6
5601,-1.6
5602,-6.4
5603,-3.2
5604,-0.8
5605,-3.2
5606,-0.8
5607,6.4
5608,-1.6
5609,0
5610,-1.6
5611,-2.4
5612,-2.4
5613,-1.6
5614,0
5615,-3.2
5616,0
5617,0.8
5618,-2.4
5619,4
5620,4
5621,0.8
5622,0.8
5623,4
5624,3.2
5625,-3.2
5626,0.8
5627,2.4
5628,-2.4
5629,0
5630,-3.2
5631,-2.4
5632,4
5633,-3.2
5634,0
5635,-0.8
5636,2.4
5637,1.6
5638,-1.6
5639,0
5640,0
5641,0.8
5642,0
5643,2.4
5644,2.4
5645,-0.8
5646,0
5647,-1.6
5648,-2.4
5649,0.8
5650,0.8
5651,0
5652,-3.2
5653,-1.6
5654,-1.6
5655,-1.6
5656,0.8
5657,2.4
5658,-4.8
5659,-0.8
5660,0.8
5661,0.8
5662,1.6
5663,0
5664,0
5665,-0.8
5666,0.8
5667,0.8
5668,-0.8
5669,-1.6
5670,2.4
5671,-0.8
5672,0.8
5673,2.4
5674,0
5675,2.4
5676,0.8
5677,-0.8
5678,-1.6
5679,2.4
5680,2.4
5681,0
5682,7.2
5683,2.4
5684,0
5685,-1.6
5686,-1.6
5687,2.4
5688,-0.8
5689,0
5690,0
5691,-0.8
5692,0
5693,-1.6
5694,2.4
5695,0
5696,-1.6
5697,-0.8
5698,-0.8
5699,5.6
5700,-3.2
5701,0
5702,0.8
5703,-0.8
5704,-1.6
5705,-0.8
5706,0.8
5707,-0.8
5708,6.4
5709,2.4
5710,0
5711,-0.8
5712,-0.8
5713,-0.8
5714,0.8
5715,-1.6
5716,0
5717,-1.6
5718,-0.8
5719,-3.2
5720,0.8
5721,0.8
5722,-0.8
5723,2.4
5724,-0.8
5725,0
5726,0
5727,0.8
5728,-1.6
5729,2.4
5730,2.4
5731,0
5732,0
5733,-0.8
5734,2.4
5735,0
5736,-1.6
5737,0
5738,0
5739,0.8
5740,2.4
5741,-1.6
5742,0
5743,-0.8
5744,2.4
5745,-1.6
5746,-1.6
5747,2.4
5748,1.6
5749,2.4
5750,4
5751,-1.6
5752,0.8
5753,0.8
5754,-0.8
5755,0.8
5756,2.4
5757,0.8
5758,0
5759,0
5760,0
5761,-0.8
5762,-3.2
5763,-0.8
5764,0.8
5765,0.8
5766,0.8
5767,0.8
5768,0
5769,-5.6
5770,-1.6
5771,3.2
5772,-0.8
5773,0.8
5774,0.8
5775,-0.8
5776,0
5777,-0.8
5778,2.4
5779,2.4
5780,0
5781,0.8
5782,4
5783,0
5784,-0.8
5785,0.8
5786,0
5787,-3.2
5788,-1.6
5789,0
5790,0.8
5791,0.8
5792,-0.8
5793,-1.6
5794,0
5795,2.4
5796,-1.6
5797,2.4
5798,-1.6
5799,0
5800,0.8
5801,-0.8
5802,-1.6
5803,0
5804,0
5805,2.4
5806,0
5807,0.8
5808,-0.8
5809,-0.8
5810,0.8
5811,0.8
5812,-1.6
5813,-0.8
5814,-0.8
5815,0
5816,-0.8
5817,0.8
5818,0
5819,-8.8
5820,0
5821,0.8
5822,0.8
5823,0.8
5824,2.4
5825,0
5826,2.4
5827,0.8
5828,0.8
5829,-0.8
5830,-4
5831,0.8
5832,0
5833,0
5834,2.4
5835,0
5836,-0.8
5837,-3.2
5838,-0.8
5839,-1.6
5840,0
5841,-1.6
5842,-1.6
5843,-1.6
5844,-6.4
5845,-0.8
5846,0.8
5847,0
5848,0
5849,0
5850,-0.8
5851,-0.8
5852,0
5853,3.2
5854,-0.8
5855,-1.6
5856,-0.8
5857,-0.8
5858,-3.2
5859,-1.6
5860,2.4
5861,-1.6
5862,0
5863,3.2
5864,0
5865,0
5866,0.8
5867,3.2
5868,-3.2
5869,-1.6
5870,1.6
5871,0
5872,-0.8
5873,-0.8
5874,2.4
5875,0.8
5876,0
5877,-1.6
5878,1.6
5879,0
5880,0.8
5881,0
5882,0
5883,1.6
5884,4
5885,-1.6
5886,0
5887,-0.8
5888,2.4
5889,0.8
5890,-0.8
5891,-1.6
5892,2.4
5893,0
5894,0
5895,0.8
5896,-2.4
5897,-0.8
5898,0
5899,-1.6
5900,-0.8
5901,-0.8
5902,-0.8
5903,-6.4
5904,-1.6
5905,0
5906,-0.8
5907,0
5908,-2.4
5909,-0.8
5910,0
5911,0.8
5912,2.4
5913,-1.6
5914,0.8
5915,-3.2
5916,1.6
5917,0
5918,-2.4
5919,0.8
5920,1.6
5921,-1.6
5922,0
5923,2.4
5924,-1.6
5925,0
5926,2.4
5927,0.8
5928,-3.2
5929,0.8
5930,0.8
5931,-3.2
5932,-3.2
5933,0.8
5934,0
5935,-1.6
5936,0
5937,0.8
5938,0
5939,0
5940,-0.8
5941,-3.2
5942,0
5943,-3.2
5944,-3.2
5945,0.8
5946,0.8
5947,0
5948,0
5949,-1.6
5950,0.8
5951,0.8
5952,0.8
5953,-0.8
5954,-1.6
5955,0
5956,-0.8
5957,0.8
5958,-0.8
5959,0.8
5960,-2.4
5961,2.4
5962,-1.6
5963,0
5964,-0.8
5965,0
5966,2.4
5967,0
5968,0.8
5969,0
5970,-0.8
5971,-2.4
5972,0.8
5973,1.6
5974,0.8
5975,-0.8
5976,-2.4
5977,-0.8
5978,1.6
5979,0
5980,2.4
5981,0.8
5982,0
5983,4
5984,2.4
5985,0.8
5986,0
5987,-2.4
5988,-1.6
5989,0.8
5990,-0.8
5991,-0.8
5992,-0.8
5993,-2.4
5994,0.8
5995,-0.8
5996,0.8
5997,0
5998,0.8
5999,-0.8
6000,0
6001,-1.6
6002,-2.4
6003,-2.4
6004,-4
6005,4
6006,2.4
6007,0
6008,0
6009,0.8
6010,-0.8
6011,0.8
6012,-1.6
6013,1.6
6014,-0.8
6015,-0.8
6016,2.4
6017,0.8
6018,1.6
6019,0
6020,0.8
6021,0.8
6022,0.8
6023,0.8
6024,0.8
6025,0
6026,-0.8
6027,0.8
6028,0
6029,-0.8
6030,0
6031,4
6032,-3.2
6033,-1.6
6034,-2.4
6035,0.8
6036,0.8
6037,0.8
6038,-4
6039,-0.8
6040,0.8
6041,-3.2
6042,2.4
6043,2.4
6044,0
6045,0
6046,-1.6
6047,-3.2
6048,0
6049,0.8
6050,0.8
6051,0
6052,-0.8
6053,0.8
6054,-0.8
6055,0
6056,2.4
6057,0
6058,0
6059,-1.6
6060,0.8
6061,3.2
6062,0.8
6063,-0.8
6064,0
6065,-3.2
6066,-1.6
6067,0
6068,0
6069,-0.8
6070,-1.6
6071,-0.8
6072,-0.8
6073,0
6074,0.8
6075,2.4
6076,0.8
6077,0.8
6078,0
6079,2.4
6080,3.2
6081,-0.8
6082,0
6083,0
6084,-0.8
6085,-0.8
6086,1.6
6087,2.4
6088,-1.6
6089,0
6090,0.8
6091,-0.8
6092,0.8
6093,0.8
6094,0.8
6095,1.6
6096,0
6097,0
6098,0
6099,0
6100,0.8
6101,0
6102,0.8
6103,-2.4
6104,2.4
6105,1.6
6106,1.6
6107,0.8
6108,0
6109,-3.2
6110,0.8
6111,-4
6112,0.8
6113,2.4
6114,0
6115,-0.8
6116,0.8
6117,0.8
6118,2.4
6119,0
6120,2.4
6121,-0.8
6122,1.6
6123,0.8
6124,0.8
6125,0
6126,0.8
6127,-0.8
6128,0
6129,0
6130,-3.2
6131,-3.2
6132,-0.8
6133,-1.6
6134,-1.6
6135,-0.8
6136,-1.6
6137,0.8
6138,2.4
6139,0
6140,0.8
6141,-0.8
6142,0.8
6143,-1.6
6144,-0.8
6145,-0.8
6146,1.6
6147,-1.6
6148,0
6149,-2.4
6150,0
6151,0
6152,0.8
6153,-1.6
6154,4
6155,-1.6
6156,-3.2
6157,1.6
6158,0.8
6159,-0.8
6160,-0.8
6161,-1.6
6162,-3.2
6163,-1.6
6164,0
6165,0.8
6166,0.8
6167,-2.4
6168,2.4
6169,0.8
6170,0
6171,0
6172,-4.8
6173,0
6174,3.2
6175,0
6176,-3.2
6177,0
6178,-0.8
6179,2.4
6180,0.8
6181,-1.6
6182,0
6183,0
6184,0
6185,0
6186,0
6187,0.8
6188,-1.6
6189,0
6190,0
6191,0
6192,0
6193,0.8
6194,0
6195,2.4
6196,0
6197,-3.2
6198,0
6199,1.6
6200,0
6201,0.8
6202,-0.8
6203,0.8
6204,-3.2
6205,-1.6
6206,0.8
6207,0
6208,0
6209,0
6210,0.8
6211,-0.8
6212,2.4
6213,0.8
6214,0
6215,0.8
6216,0
6217,0
6218,0.8
6219,1.6
6220,-0.8
6221,-0.8
6222,-1.6
6223,2.4
6224,1.6
6225,0.8
6226,0
6227,0.8
6228,0
6229,-3.2
6230,2.4
6231,0.8
6232,0
6233,0.8
6234,0.8
6235,0
6236,0
6237,-1.6
6238,-1.6
6239,-3.2
6240,2.4
6241,-2.4
6242,-0.8
6243,0.8
6244,-2.4
6245,0.8
6246,0
6247,-1.6
6248,-0.8
6249,0.8
6250,-3.2
6251,0.8
6252,0
6253,0
6254,-0.8
6255,0
6256,-0.8
6257,0.8
6258,2.4
6259,1.6
6260,0
6261,-3.2
6262,0
6263,-0.8
6264,-1.6
6265,-0.8
6266,0
6267,0
6268,-5.6
6269,0.8
6270,-2.4
6271,-0.8
6272,9.6
6273,4
6274,0
6275,-0.8
6276,0
6277,0.8
6278,2.4
6279,3.2
6280,-3.2
6281,-2.4
6282,-0.8
6283,0
6284,0
6285,0.8
6286,0
6287,-1.6
6288,0
6289,-0.8
6290,2.4
6291,0.8
6292,0.8
6293,-0.8
6294,1.6
6295,1.6
6296,-1.6
6297,-3.2
6298,-2.4
6299,-0.8
6300,-0.8
6301,-2.4
6302,0
6303,0.8
6304,-0.8
6305,-0.8
6306,0
6307,0
6308,-3.2
6309,0.8
6310,0
6311,0
6312,-1.6
6313,-0.8
6314,0.8
6315,-0.8
6316,7.2
6317,-2.4
6318,0
6319,0
6320,-1.6
6321,5.6
6322,0.8
6323,0.8
6324,0
6325,0.8
6326,-3.2
6327,0
6328,2.4
6329,-5.6
6330,0
6331,2.4
6332,-4
6333,0.8
6334,2.4
6335,2.4
6336,2.4
6337,1.6
6338,-2.4
6339,0.8
6340,0
6341,0
6342,-1.6
6343,-0.8
6344,2.4
6345,0
6346,0
6347,7.2
6348,-1.6
6349,0
6350,2.4
6351,2.4
6352,0.8
6353,-0.8
6354,0.8
6355,1.6
6356,0.8
6357,0
6358,0.8
6359,-0.8
6360,-0.8
6361,0
6362,1.6
6363,0.8
6364,-3.2
6365,0
6366,0.8
6367,0.8
6368,0
6369,0
6370,2.4
6371,3.2
6372,-3.2
6373,0
6374,0
6375,0
6376,3.2
6377,-1.6
6378,0
6379,-2.4
6380,0.8
6381,-4
6382,-4
6383,-2.4
6384,-0.8
6385,4
6386,-1.6
6387,0
6388,4
6389,-3.2
6390,-4
6391,0.8
6392,0
6393,0
6394,0
6395,0
6396,-1.6
6397,-5.6
6398,-4
6399,-3.2
6400,0
6401,-6.4
6402,-8
6403,-0.8
6404,0
6405,8
6406,-0.8
6407,0
6408,-4
6409,-7.2
6410,0
6411,0
6412,0
6413,-0.8
6414,-1.6
6415,-3.2
6416,-0.8
6417,0.8
6418,0.8
6419,-1.6
6420,1.6
6421,0.8
6422,-0.8
6423,0
6424,0.8
6425,0.8
6426,-3.2
6427,-3.2
6428,-0.8
6429,-1.6
6430,-1.6
6431,2.4
6432,-3.2
6433,-0.8
6434,1.6
6435,-3.2
6436,-3.2
6437,-0.8
6438,-3.2
6439,4
6440,4
6441,-1.6
6442,0
6443,0
6444,3.2
6445,0
6446,2.4
6447,-0.8
6448,-0.8
6449,0.8
6450,0
6451,0.8
6452,2.4
6453,0.8
6454,0
6455,0
6456,-0.8
6457,0.8
6458,-4
6459,0
6460,1.6
6461,-0.8
6462,-1.6
6463,0.8
6464,-0.8
6465,0
6466,1.6
6467,-4.8
6468,-1.6
6469,-0.8
6470,0.8
6471,5.6
6472,2.4
6473,4
6474,0.8
6475,0.8
6476,0.8
6477,2.4
6478,2.4
6479,1.6
6480,2.4
6481,-0.8
6482,4
6483,-1.6
6484,-0.8
6485,4
6486,-0.8
6487,0
6488,0.8
6489,-0.8
6490,0.8
6491,-0.8
6492,0.8
6493,0
6494,0
6495,0
6496,-1.6
6497,-1.6
6498,0
6499,-0.8
6500,-0.8
6501,-0.8
6502,3.2
6503,0
6504,-1.6
6505,-3.2
6506,-3.2
6507,-0.8
6508,-1.6
6509,0
6510,0
6511,0
6512,2.4
6513,0
6514,-3.2
6515,0.8
6516,2.4
6517,0
6518,0.8
6519,2.4
6520,0.8
6521,0
6522,0
6523,1.6
6524,-0.8
6525,-3.2
6526,0
6527,-3.2
6528,2.4
6529,2.4
6530,4
6531,0
6532,2.4
6533,-1.6
6534,1.6
6535,0
6536,4
6537,0
6538,-6.4
6539,-3.2
6540,0.8
6541,0.8
6542,0.8
6543,-3.2
6544,-3.2
6545,-0.8
6546,-3.2
6547,0
6548,0.8
6549,0.8
6550,-2.4
6551,-0.8
6552,0.8
6553,0
6554,0
6555,0.8
6556,-4.8
6557,0.8
6558,-1.6
6559,0
6560,0.8
6561,0
6562,0
6563,1.6
6564,-3.2
6565,0
6566,2.4
6567,0.8
6568,0.8
6569,-0.8
6570,-0.8
6571,2.4
6572,2.4
6573,1.6
6574,0
6575,2.4
6576,0.8
6577,0.8
6578,2.4
6579,-0.8
6580,-4
6581,-4
6582,4
6583,2.4
6584,0
6585,0
6586,-6.4
6587,0
6588,-0.8
6589,-0.8
6590,0.8
6591,-1.6
6592,-0.8
6593,0
6594,-2.4
6595,-0.8
6596,-4
6597,-0.8
6598,2.4
6599,0
6600,0.8
6601,-0.8
6602,0
6603,2.4
6604,1.6
6605,-0.8
6606,-4
6607,1.6
6608,-3.2
6609,0.8
6610,2.4
6611,-0.8
6612,0.8
6613,0
6614,1.6
6615,0.8
6616,-5.6
6617,-3.2
6618,0
6619,0.8
6620,-0.8
6621,0.8
6622,2.4
6623,-0.8
6624,-0.8
6625,-0.8
6626,-0.8
6627,-1.6
6628,0.8
6629,0.8
6630,0
6631,-0.8
6632,-3.2
6633,2.4
6634,2.4
6635,0
6636,0
6637,-3.2
6638,1.6
6639,-0.8
6640,-0.8
6641,0.8
6642,-2.4
6643,0
6644,-2.4
6645,0
6646,-1.6
6647,0
6648,-3.2
6649,2.4
6650,2.4
6651,0
6652,0
6653,5.6
6654,0
6655,-3.2
6656,0
6657,-1.6
6658,0
6659,0
6660,2.4
6661,0.8
6662,-3.2
6663,0.8
6664,0
6665,-1.6
6666,-0.8
6667,2.4
6668,2.4
6669,0.8
6670,0.8
6671,-3.2
6672,2.4
6673,4
6674,-0.8
6675,2.4
6676,0
6677,2.4
6678,2.4
6679,-0.8
6680,7.2
6681,0.8
6682,-3.2
6683,0.8
6684,0.8
6685,0.8
6686,-0.8
6687,0
6688,-0.8
6689,0.8
6690,-1.6
6691,-1.6
6692,-0.8
6693,-0.8
6694,-2.4
6695,2.4
6696,0.8
6697,2.4
6698,0.8
6699,2.4
6700,7.2
6701,0.8
6702,2.4
6703,2.4
6704,-3.2
6705,-1.6
6706,1.6
6707,1.6
6708,2.4
6709,0.8
6710,0
6711,2.4
6712,0.8
6713,2.4
6714,2.4
6715,-1.6
6716,3.2
6717,2.4
6718,4
6719,-0.8
6720,-4
6721,0
6722,2.4
6723,-2.4
6724,3.2
6725,-1.6
6726,0.8
6727,2.4
6728,5.6
6729,2.4
6730,0
6731,0.8
6732,-4.8
6733,0
6734,-1.6
6735,0
6736,-0.8
6737,-3.2
6738,0.8
6739,-4
6740,0
6741,-3.2
6742,0.8
6743,-3.2
6744,-0.8
6745,0
6746,0.8
6747,0
6748,0
6749,0
6750,0
6751,0
6752,-1.6
6753,-3.2
6754,-3.2
6755,4
6756,0.8
6757,2.4
6758,0
6759,0.8
6760,1.6
6761,-0.8
6762,0.8
6763,-0.8
6764,0
6765,0.8
6766,5.6
6767,-1.6
6768,0
6769,-4
6770,0.8
6771,0.8
6772,0
6773,0.8
6774,0
6775,-1.6
6776,0
6777,0.8
6778,3.2
6779,-1.6
6780,1.6
6781,-0.8
6782,-0.8
6783,4
6784,4
6785,-0.8
6786,-0.8
6787,-7.2
6788,2.4
6789,-0.8
6790,0
6791,-1.6
6792,-0.8
6793,0
6794,0
6795,-0.8
6796,-0.8
6797,1.6
6798,-0.8
6799,-3.2
6800,-0.8
6801,0.8
6802,-0.8
6803,-3.2
6804,0
6805,-0.8
6806,0
6807,-3.2
6808,-3.2
6809,1.6
6810,1.6
6811,0
6812,0.8
6813,-3.2
6814,2.4
6815,-0.8
6816,2.4
6817,-1.6
6818,-1.6
6819,0.8
6820,-1.6
6821,0.8
6822,2.4
6823,2.4
6824,0
6825,0
6826,0
6827,0
6828,3.2
6829,7.2
6830,0.8
6831,0
6832,0.8
6833,-6.4
6834,5.6
6835,0
6836,-2.4
6837,-2.4
6838,0
6839,-0.8
6840,0.8
6841,-1.6
6842,0.8
6843,0.8
6844,0
6845,-2.4
6846,-3.2
6847,0.8
6848,-3.2
6849,4
6850,2.4
6851,0
6852,0.8
6853,0
6854,0.8
6855,-4
6856,2.4
6857,2.4
6858,0.8
6859,0.8
6860,0.8
6861,0.8
6862,0
6863,0.8
6864,0
6865,-0.8
6866,0
6867,-1.6
6868,-1.6
6869,-0.8
6870,4
6871,2.4
6872,-0.8
6873,2.4
6874,-1.6
6875,-0.8
6876,-0.8
6877,0.8
6878,1.6
6879,-3.2
6880,-1.6
6881,0
6882,-0.8
6883,-1.6
6884,0
6885,-0.8
6886,0
6887,-3.2
6888,-2.4
6889,0
6890,-2.4
6891,-4
6892,0.8
6893,-3.2
6894,0.8
6895,-2.4
6896,-2.4
6897,2.4
6898,-4
6899,-1.6
6900,-1.6
6901,-0.8
6902,-0.8
6903,1.6
6904,0.8
6905,-0.8
6906,0
6907,-0.8
6908,2.4
6909,-1.6
6910,0.8
6911,0
6912,-3.2
6913,-2.4
6914,0.8
6915,-0.8
6916,-0.8
6917,2.4
6918,1.6
6919,-0.8
6920,0
6921,0
6922,0
6923,2.4
6924,-0.8
6925,0
6926,-3.2
6927,1.6
6928,2.4
6929,0
6930,-1.6
6931,2.4
6932,-2.4
6933,-5.6
6934,-1.6
6935,0
6936,0
6937,-1.6
6938,0
6939,-1.6
6940,2.4
6941,-0.8
6942,-1.6
6943,-3.2
6944,0
6945,0
6946,-0.8
6947,-1.6
6948,-4
6949,0.8
6950,2.4
6951,0
6952,0
6953,2.4
6954,-3.2
6955,2.4
6956,2.4
6957,1.6
6958,-0.8
6959,-0.8
6960,-0.8
6961,0.8
6962,-0.8
6963,-3.2
6964,-0.8
6965,0
6966,-0.8
6967,0.8
6968,-0.8
6969,0
6970,0.8
6971,0.8
6972,0.8
6973,2.4
6974,0.8
6975,-3.2
6976,-0.8
6977,0
6978,2.4
6979,0
6980,0
6981,0
6982,-4.8
6983,1.6
6984,0
6985,1.6
6986,0.8
6987,-0.8
6988,-0.8
6989,0
6990,-1.6
6991,-3.2
6992,-0.8
6993,0.8
6994,-0.8
6995,0
6996,0.8
6997,0.8
6998,0
6999,0
7000,0
7001,0
7002,-1.6
7003,0.8
7004,8
7005,-0.8
7006,3.2
7007,-3.2
7008,-3.2
7009,0.8
7010,0
7011,0.8
7012,-3.2
7013,-4
7014,-5.6
7015,-4
7016,1.6
7017,-1.6
7018,0.8
7019,1.6
7020,2.4
7021,-0.8
7022,-1.6
7023,0.8
7024,-3.2
7025,2.4
7026,0.8
7027,1.6
7028,0
7029,-4
7030,-1.6
7031,0
7032,-4
7033,2.4
7034,3.2
7035,0.8
7036,0
7037,0
7038,0
7039,-0.8
7040,-4
7041,-0.8
7042,-1.6
7043,-2.4
7044,-1.6
7045,0
7046,1.6
7047,4
7048,0
7049,-2.4
7050,0.8
7051,0
7052,0.8
7053,-0.8
7054,0
7055,0
7056,-1.6
7057,-4
7058,0
7059,-2.4
7060,0
7061,-1.6
7062,2.4
7063,0
7064,0.8
7065,-1.6
7066,2.4
7067,-0.8
7068,0.8
7069,0.8
7070,0.8
7071,1.6
7072,0.8
7073,0.8
7074,0.8
7075,0
7076,0.8
7077,2.4
7078,0
7079,-3.2
7080,1.6
7081,0.8
7082,0
7083,-1.6
7084,0
7085,-0.8
7086,-0.8
7087,-0.8
7088,0
7089,0
7090,-0.8
7091,0.8
7092,-0.8
7093,-1.6
7094,0
7095,-1.6
7096,0
7097,0
7098,0.8
7099,-1.6
7100,0.8
7101,-1.6
7102,0.8
7103,0
7104,0
7105,4
7106,0
7107,2.4
7108,2.4
7109,-0.8
7110,0.8
7111,0.8
7112,0.8
7113,0.8
7114,0
7115,-1.6
7116,2.4
7117,2.4
7118,0
7119,0
7120,-0.8
7121,-3.2
7122,0
7123,-0.8
7124,0
7125,-0.8
7126,-0.8
7127,0
7128,-3.2
7129,-5.6
7130,2.4
7131,-0.8
7132,-3.2
7133,-3.2
7134,0.8
7135,-0.8
7136,-3.2
7137,-2.4
7138,-3.2
7139,-0.8
7140,-0.8
7141,0
7142,0
7143,0.8
7144,0
7145,-0.8
7146,-0.8
7147,-0.8
7148,0.8
7149,-3.2
7150,0
7151,-3.2
7152,0
7153,0
7154,-0.8
7155,0.8
7156,0.8
7157,9.6
7158,-0.8
7159,-3.2
7160,0
7161,-3.2
7162,1.6
7163,-0.8
7164,2.4
7165,0
7166,2.4
7167,0.8
7168,0.8
7169,0.8
7170,-0.8
7171,-3.2
7172,-0.8
7173,0
7174,0
7175,-0.8
7176,1.6
7177,0
7178,2.4
7179,9.6
7180,0.8
7181,0.8
7182,-4.8
7183,-2.4
7184,2.4
7185,2.4
7186,0
7187,0
7188,-4
7189,2.4
7190,0
7191,-0.8
7192,1.6
7193,0
7194,0
7195,-1.6
7196,0
7197,0
7198,0.8
7199,-0.8
7200,-1.6
7201,0
7202,0
7203,-0.8
7204,1.6
7205,-3.2
7206,-0.8
7207,5.6
7208,-2.4
7209,-1.6
7210,-1.6
7211,-3.2
7212,4
7213,-7.2
7214,0
7215,-0.8
7216,-2.4
7217,-0.8
7218,0.8
7219,2.4
7220,-3.2
7221,0
7222,0.8
7223,0.8
7224,0
7225,0
7226,4
7227,-1.6
7228,0.8
7229,-2.4
7230,1.6
7231,-0.8
7232,-4
7233,0
7234,0.8
7235,4
7236,0
7237,2.4
7238,-0.8
7239,-1.6
7240,1.6
7241,-2.4
7242,1.6
7243,0
7244,-0.8
7245,0.8
7246,1.6
7247,-0.8
7248,-1.6
7249,0
7250,2.4
7251,-0.8
7252,-0.8
7253,0.8
7254,-0.8
7255,2.4
7256,0
7257,0
7258,1.6
7259,-0.8
7260,0.8
7261,2.4
7262,4
7263,-1.6
7264,-3.2
7265,0
7266,-0.8
7267,1.6
7268,2.4
7269,-0.8
7270,-3.2
7271,-3.2
7272,2.4
7273,1.6
7274,2.4
7275,0
7276,9.6
7277,-1.6
7278,-1.6
7279,0
7280,-2.4
7281,0
7282,0.8
7283,2.4
7284,0
7285,0.8
7286,-0.8
7287,0
7288,-0.8
7289,2.4
7290,0.8
7291,-1.6
7292,-1.6
7293,0
7294,0
7295,-0.8
7296,0.8
7297,0
7298,-3.2
7299,0.8
7300,0.8
7301,4
7302,6.4
7303,-3.2
7304,0
7305,0
7306,0
7307,2.4
7308,4
7309,0.8
7310,0
7311,-1.6
7312,3.2
7313,0.8
7314,-1.6
7315,3.2
7316,0
7317,2.4
7318,2.4
7319,2.4
7320,2.4
7321,-0.8
7322,0
7323,0.8
7324,1.6
7325,-0.8
7326,-10.4
7327,-4
7328,-1.6
7329,0
7330,-0.8
7331,-0.8
7332,-2.4
7333,2.4
7334,2.4
7335,-3.2
7336,-3.2
7337,-0.8
7338,0
7339,-2.4
7340,4
7341,-0.8
7342,0
7343,-0.8
7344,-3.2
7345,0.8
7346,-0.8
7347,-3.2
7348,-5.6
7349,0
7350,-1.6
7351,-1.6
7352,0.8
7353,0.8
7354,-3.2
7355,2.4
7356,0
7357,2.4
7358,7.2
7359,0.8
7360,-0.8
7361,-4
7362,-3.2
7363,0
7364,0.8
7365,0.8
7366,-0.8
7367,-3.2
7368,0.8
7369,1.6
7370,1.6
7371,-1.6
7372,-1.6
7373,2.4
7374,0
7375,-0.8
7376,-0.8
7377,0.8
7378,0.8
7379,-0.8
7380,0.8
7381,-3.2
7382,2.4
7383,0.8
7384,0
7385,2.4
7386,-1.6
7387,-0.8
7388,0.8
7389,-1.6
7390,0
7391,-4.8
7392,-4
7393,0
7394,-3.2
7395,0
7396,-1.6
7397,1.6
7398,-1.6
7399,-1.6
7400,0.8
7401,-0.8
7402,0.8
7403,-3.2
7404,-1.6
7405,2.4
7406,2.4
7407,0
7408,5.6
7409,0
7410,0
7411,-0.8
7412,-6.4
7413,3.2
7414,-3.2
7415,0.8
7416,0
7417,-1.6
7418,0
7419,0.8
7420,1.6
7421,0
7422,1.6
7423,2.4
7424,-0.8
7425,-5.6
7426,0
7427,0.8
7428,0.8
7429,0.8
7430,-3.2
7431,0
7432,5.6
7433,0
7434,-1.6
7435,-3.2
7436,-1.6
7437,0
7438,0.8
7439,0
7440,-0.8
7441,0
7442,-2.4
7443,-1.6
7444,-0.8
7445,-0.8
7446,-1.6
7447,-1.6
7448,-1.6
7449,0
7450,0
7451,-0.8
7452,0
7453,-3.2
7454,-2.4
7455,0.8
7456,-0.8
7457,2.4
7458,-2.4
7459,-1.6
7460,-0.8
7461,2.4
7462,-0.8
7463,2.4
7464,0.8
7465,0.8
7466,-0.8
7467,1.6
7468,2.4
7469,0
7470,0
7471,2.4
7472,3.2
7473,-3.2
7474,1.6
7475,5.6
7476,0
7477,0.8
7478,-0.8
7479,0.8
7480,3.2
7481,0
7482,0.8
7483,-0.8
7484,4
7485,0
7486,4
7487,0
7488,-2.4
7489,1.6
7490,0.8
7491,-1.6
7492,0.8
7493,-1.6
7494,-0.8
7495,-0.8
7496,-1.6
7497,0.8
7498,2.4
7499,0
7500,-1.6
7501,-0.8
7502,0.8
7503,2.4
7504,-1.6
7505,0.8
7506,-1.6
7507,2.4
7508,0
7509,-1.6
7510,0.8
7511,-0.8
7512,-0.8
7513,-0.8
7514,0.8
7515,0.8
7516,0
7517,0.8
7518,1.6
7519,0.8
7520,0
7521,-0.8
7522,-4
7523,2.4
7524,-0.8
7525,2.4
7526,0.8
7527,1.6
7528,0
7529,-3.2
7530,0
7531,2.4
7532,-3.2
7533,4
7534,-4
7535,-1.6
7536,-3.2
7537,-0.8
7538,-3.2
7539,-3.2
7540,0
7541,-3.2
7542,0
7543,0.8
7544,-0.8
7545,-0.8
7546,-0.8
7547,-3.2
7548,-3.2
7549,0
7550,0.8
7551,-1.6
7552,0
7553,2.4
7554,1.6
7555,-3.2
7556,-2.4
7557,0.8
7558,0.8
7559,0
7560,0.8
7561,-3.2
7562,0.8
7563,0.8
7564,0
7565,-0.8
7566,0.8
7567,0.8
7568,-3.2
7569,0
7570,-0.8
7571,3.2
7572,0
7573,2.4
7574,0.8
7575,0.8
7576,0.8
7577,0
7578,2.4
7579,2.4
7580,-3.2
7581,0
7582,-0.8
7583,0.8
7584,-3.2
7585,-0.8
7586,0.8
7587,0.8
7588,0.8
7589,0
7590,-1.6
7591,-3.2
7592,2.4
7593,3.2
7594,0
7595,0
7596,0.8
7597,-3.2
7598,0.8
7599,-0.8
7600,-3.2
7601,0.8
7602,0.8
7603,6.4
7604,-1.6
7605,1.6
7606,0.8
7607,0
7608,0.8
7609,0
7610,0
7611,-0.8
7612,0.8
7613,0.8
7614,0.8
7615,0
7616,-1.6
7617,0
7618,0
7619,0
7620,2.4
7621,0.8
7622,2.4
7623,1.6
7624,3.2
7625,-1.6
7626,0.8
7627,3.2
7628,-3.2
7629,-0.8
7630,0
7631,1.6
7632,-2.4
7633,2.4
7634,-3.2
7635,0.8
7636,0.8
7637,-0.8
7638,-4
7639,-0.8
7640,0
7641,-3.2
7642,-0.8
7643,2.4
7644,-3.2
7645,2.4
7646,0
7647,-3.2
7648,-0.8
7649,0
7650,0
7651,0.8
7652,0.8
7653,1.6
7654,0.8
7655,0
7656,-3.2
7657,2.4
7658,-0.8
7659,-0.8
7660,0
7661,0.8
7662,1.6
7663,0
7664,0.8
7665,-2.4
7666,-1.6
7667,-0.8
7668,0
7669,0
7670,-1.6
7671,-1.6
7672,0.8
7673,2.4
7674,4
7675,0.8
7676,0
7677,0
7678,0.8
7679,0.8
7680,-0.8
7681,4
7682,-0.8
7683,-0.8
7684,-2.4
7685,-1.6
7686,-2.4
7687,0.8
7688,-3.2
7689,0
7690,0
7691,-3.2
7692,0.8
7693,0.8
7694,0.8
7695,-0.8
7696,-0.8
7697,0
7698,2.4
7699,-0.8
7700,0
7701,2.4
7702,-2.4
7703,1.6
7704,-0.8
7705,-0.8
7706,-0.8
7707,4
7708,2.4
7709,-0.8
7710,0
7711,0
7712,-0.8
7713,0
7714,-0.8
7715,2.4
7716,0.8
7717,0
7718,2.4
7719,0
7720,0
7721,2.4
7722,2.4
7723,0.8
7724,4
7725,0.8
7726,0.8
7727,-2.4
7728,3.2
7729,-2.4
7730,0.8
7731,-5.6
7732,0
7733,0.8
7734,0
7735,-0.8
7736,-0.8
7737,-1.6
7738,8.8
7739,3.2
7740,1.6
7741,-0.8
7742,0.8
7743,-0.8
7744,0.8
7745,0.8
7746,-1.6
7747,-3.2
7748,-3.2
7749,2.4
7750,-0.8
7751,-1.6
7752,0.8
7753,2.4
7754,0.8
7755,2.4
7756,0
7757,2.4
7758,0
7759,2.4
7760,0
7761,0.8
7762,0.8
7763,0.8
7764,-0.8
7765,0
7766,0
7767,0
7768,0
7769,2.4
7770,0
7771,0.8
7772,-1.6
7773,0
7774,2.4
7775,0.8
7776,-1.6
7777,0.8
7778,0.8
7779,-0.8
7780,0
7781,2.4
7782,-0.8
7783,-0.8
7784,-2.4
7785,0.8
7786,-1.6
7787,-1.6
7788,0
7789,0
7790,0
7791,-0.8
7792,-0.8
7793,-0.8
7794,0
7795,0.8
7796,-1.6
7797,0.8
7798,-2.4
7799,0
7800,0
7801,0
7802,-3.2
7803,0
7804,0.8
7805,4
7806,-4
7807,-4.8
7808,0.8
7809,0
7810,-0.8
7811,0.8
7812,-0.8
7813,2.4
7814,0
7815,-3.2
7816,1.6
7817,0.8
7818,0.8
7819,2.4
7820,0.8
7821,2.4
7822,-0.8
7823,0.8
7824,2.4
7825,0.8
7826,2.4
7827,0
7828,-0.8
7829,-0.8
7830,4
7831,3.2
7832,0
7833,-0.8
7834,0
7835,0.8
7836,0
7837,2.4
7838,-3.2
7839,1.6
7840,-0.8
7841,2.4
7842,0
7843,-0.8
7844,0
7845,-0.8
7846,1.6
7847,-1.6
7848,-3.2
7849,-4.8
7850,0
7851,-0.8
7852,0.8
7853,-0.8
7854,-0.8
7855,0
7856,3.2
7857,2.4
7858,0
7859,-0.8
7860,0.8
7861,-2.4
7862,3.2
7863,0
7864,0
7865,-1.6
7866,0.8
7867,0.8
7868,0.8
7869,0.8
7870,-0.8
7871,2.4
7872,0.8
7873,-0.8
7874,0.8
7875,-0.8
7876,0
7877,-0.8
7878,0
7879,-5.6
7880,0
7881,1.6
7882,2.4
7883,0
7884,-1.6
7885,0.8
7886,0.8
7887,2.4
7888,-3.2
7889,-3.2
7890,0.8
7891,1.6
7892,0
7893,0.8
7894,-0.8
7895,-0.8
7896,-0.8
7897,-0.8
7898,-1.6
7899,0.8
7900,0
7901,0.8
7902,0
7903,-2.4
7904,0
7905,-0.8
7906,1.6
7907,0
7908,0
7909,-1.6
7910,-1.6
7911,2.4
7912,2.4
7913,-0.8
7914,0
7915,-0.8
7916,0
7917,2.4
7918,0.8
7919,0
7920,-0.8
7921,0.8
7922,0.8
7923,-1.6
7924,-0.8
7925,-1.6
7926,0
7927,2.4
7928,0
7929,-0.8
7930,-1.6
7931,2.4
7932,-2.4
7933,-1.6
7934,-0.8
7935,-2.4
7936,0
7937,-1.6
7938,-3.2
7939,3.2
7940,0.8
7941,0
7942,-0.8
7943,0.8
7944,0.8
7945,0
7946,-0.8
7947,0
7948,-0.8
7949,0
7950,0
7951,0
7952,1.6
7953,-2.4
7954,-4
7955,-0.8
7956,3.2
7957,0
7958,2.4
7959,-0.8
7960,2.4
7961,2.4
7962,0.8
7963,1.6
7964,0.8
7965,4
7966,3.2
7967,-0.8
7968,-3.2
7969,0.8
7970,1.6
7971,-3.2
7972,2.4
7973,-0.8
7974,0.8
7975,-1.6
7976,-3.2
7977,2.4
7978,0
7979,-1.6
7980,-0.8
7981,4
7982,-2.4
7983,2.4
7984,-0.8
7985,-3.2
7986,-2.4
7987,-0.8
7988,2.4
7989,2.4
7990,-4
7991,1.6
7992,-0.8
7993,-0.8
7994,-0.8
7995,0.8
7996,2.4
7997,0.8
7998,-0.8
7999,2.4
8000,0.8
8001,-0.8
8002,5.6
8003,0.8
8004,0.8
8005,0.8
8006,-0.8
8007,-0.8
8008,1.6
8009,-0.8
8010,0
8011,0
8012,-0.8
8013,0.8
8014,0
8015,-1.6
8016,0
8017,2.4
8018,-2.4
8019,0.8
8020,-0.8
8021,-1.6
8022,0.8
8023,-0.8
8024,2.4
8025,-0.8
8026,-4
8027,-3.2
8028,0
8029,0
8030,-0.8
8031,0
8032,-3.2
8033,0.8
8034,0.8
8035,-3.2
8036,-1.6
8037,0
8038,-0.8
8039,-0.8
8040,-3.2
8041,-0.8
8042,-0.8
8043,-3.2
8044,0
8045,-0.8
8046,-0.8
8047,0.8
8048,-4.8
8049,0
8050,-0.8
8051,0
8052,0.8
8053,3.2
8054,-2.4
8055,1.6
8056,2.4
8057,0.8
8058,0
8059,-0.8
8060,-1.6
8061,-0.8
8062,2.4
8063,-0.8
8064,0
8065,-0.8
8066,0
8067,-0.8
8068,0.8
8069,0
8070,0
8071,0
8072,-4
8073,0
8074,1.6
8075,1.6
8076,-3.2
8077,-1.6
8078,2.4
8079,2.4
8080,3.2
8081,0.8
8082,0
8083,0.8
8084,0.8
8085,-4
8086,0
8087,-4
8088,0
8089,1.6
8090,5.6
8091,-0.8
8092,-0.8
8093,0
8094,0.8
8095,0.8
8096,-0.8
8097,0
8098,0.8
8099,0.8
8100,0.8
8101,0.8
8102,-4.8
8103,1.6
8104,-0.8
8105,0
8106,0.8
8107,0.8
8108,1.6
8109,0.8
8110,-0.8
8111,0
8112,0.8
8113,1.6
8114,0
8115,-1.6
8116,0
8117,2.4
8118,2.4
8119,0
8120,0
8121,0.8
8122,-0.8
8123,-0.8
8124,1.6
8125,0.8
8126,-0.8
8127,-1.6
8128,0.8
8129,-1.6
8130,-5.6
8131,-3.2
8132,-0.8
8133,0
8134,0
8135,-0.8
8136,0
8137,-0.8
8138,-3.2
8139,1.6
8140,0
8141,1.6
8142,2.4
8143,-0.8
8144,0.8
8145,-3.2
8146,0.8
8147,0
8148,0
8149,0.8
8150,0
8151,0
8152,0
8153,0
8154,-3.2
8155,2.4
8156,0.8
8157,-3.2
8158,-2.4
8159,-1.6
8160,0
8161,-0.8
8162,0.8
8163,-0.8
8164,5.6
8165,0
8166,-0.8
8167,0.8
8168,-0.8
8169,0
8170,-0.8
8171,1.6
8172,0.8
8173,0
8174,-0.8
8175,2.4
8176,0.8
8177,0
8178,0
8179,-3.2
8180,1.6
8181,-1.6
8182,-3.2
8183,-0.8
8184,0
8185,0.8
8186,2.4
8187,1.6
8188,0.8
8189,-1.6
8190,0.8
8191,0
8192,-0.8
8193,-1.6
8194,0
8195,0
8196,0.8
8197,0.8
8198,-3.2
8199,2.4
8200,0
8201,-2.4
8202,-0.8
8203,1.6
8204,0.8
8205,0
8206,2.4
8207,-1.6
8208,0
8209,0.8
8210,0.8
8211,0
8212,2.4
8213,0
8214,-4
8215,-1.6
8216,0
8217,2.4
8218,-0.8
8219,-4
8220,-3.2
8221,0
8222,0.8
8223,-2.4
8224,-0.8
8225,1.6
8226,0
8227,0
8228,0.8
8229,2.4
8230,8
8231,2.4
8232,-0.8
8233,-3.2
8234,0.8
8235,-0.8
8236,-0.8
8237,0
8238,0.8
8239,-1.6
8240,0.8
8241,-1.6
8242,-0.8
8243,0
8244,-0.8
8245,0
8246,0.8
8247,-0.8
8248,-2.4
8249,-0.8
8250,-1.6
8251,-2.4
8252,0.8
8253,2.4
8254,-1.6
8255,0.8
8256,2.4
8257,-0.8
8258,-1.6
8259,4
8260,0.8
8261,-1.6
8262,1.6
8263,2.4
8264,-0.8
8265,-0.8
8266,1.6
8267,0
8268,0
8269,0
8270,2.4
8271,0
8272,-1.6
8273,0
8274,0
8275,-1.6
8276,0
8277,-2.4
8278,-3.2
8279,-3.2
8280,-3.2
8281,4
8282,0.8
8283,2.4
8284,4
8285,0.8
8286,-3.2
8287,-3.2
8288,-0.8
8289,0.8
8290,0
8291,-0.8
8292,0
8293,-0.8
8294,-0.8
8295,0
8296,0
8297,-1.6
8298,0
8299,0.8
8300,0
8301,0
8302,0
8303,-2.4
8304,-1.6
8305,0.8
8306,-9.6
8307,1.6
8308,1.6
8309,-0.8
8310,0
8311,-0.8
8312,0
8313,0
8314,-0.8
8315,2.4
8316,2.4
8317,0.8
8318,0
8319,2.4
8320,0
8321,2.4
8322,-2.4
8323,2.4
8324,0.8
8325,-0.8
8326,0
8327,0.8
8328,2.4
8329,0
8330,0
8331,0
8332,-0.8
8333,3.2
8334,-3.2
8335,0
8336,0
8337,0
8338,-3.2
8339,-0.8
8340,0.8
8341,2.4
8342,-0.8
8343,0
8344,-4
8345,0
8346,-0.8
8347,0.8
8348,-3.2
8349,-1.6
8350,-1.6
8351,-0.8
8352,-0.8
8353,-0.8
8354,0
8355,4
8356,-4
8357,0.8
8358,-3.2
8359,0
8360,0
8361,0.8
8362,0.8
8363,0
8364,-3.2
8365,-2.4
8366,-1.6
8367,1.6
8368,0
8369,1.6
8370,0.8
8371,-3.2
8372,0
8373,1.6
8374,0.8
8375,2.4
8376,-0.8
8377,0
8378,-3.2
8379,-2.4
8380,1.6
8381,4
8382,-1.6
8383,-3.2
8384,2.4
8385,0
8386,0
8387,0
8388,-2.4
8389,-2.4
8390,0
8391,-3.2
8392,-1.6
8393,0
8394,0.8
8395,0.8
8396,-2.4
8397,2.4
8398,-1.6
8399,0.8
8400,-6.4
8401,0.8
8402,0
8403,0
8404,-1.6
8405,-0.8
8406,1.6
8407,0
8408,-1.6
8409,-0.8
8410,0
8411,0
8412,0
8413,0
8414,-3.2
8415,-2.4
8416,0.8
8417,0
8418,-1.6
8419,1.6
8420,0.8
8421,0.8
8422,2.4
8423,0.8
8424,-1.6
8425,0.8
8426,-3.2
8427,-0.8
8428,0
8429,0.8
8430,-1.6
8431,2.4
8432,0
8433,0
8434,-4
8435,-3.2
8436,1.6
8437,0.8
8438,-2.4
8439,0
8440,0
8441,0
8442,-1.6
8443,-0.8
8444,-3.2
8445,-0.8
8446,-0.8
8447,0.8
8448,0
8449,-0.8
8450,2.4
8451,0.8
8452,-2.4
8453,0
8454,-1.6
8455,-0.8
8456,0
8457,2.4
8458,-0.8
8459,-0.8
8460,0
8461,0
8462,2.4
8463,0.8
8464,-3.2
8465,-0.8
8466,-3.2
8467,0
8468,-0.8
8469,2.4
8470,-3.2
8471,-0.8
8472,3.2
8473,0.8
8474,2.4
8475,1.6
8476,0.8
8477,0
8478,-3.2
8479,2.4
8480,1.6
8481,2.4
8482,4
8483,-0.8
8484,0.8
8485,-2.4
8486,0
8487,2.4
8488,0.8
8489,-2.4
8490,-2.4
8491,-1.6
8492,0.8
8493,2.4
8494,0.8
8495,-1.6
8496,0
8497,0.8
8498,-0.8
8499,0
8500,-0.8
8501,-1.6
8502,-0.8
8503,-0.8
8504,-9.6
8505,-2.4
8506,2.4
8507,1.6
8508,2.4
8509,0
8510,0.8
8511,0
8512,0
8513,-3.2
8514,0.8
8515,0.8
8516,-0.8
8517,-1.6
8518,-1.6
8519,-2.4
8520,-2.4
8521,0
8522,-6.4
8523,0.8
8524,1.6
8525,0
8526,2.4
8527,0.8
8528,2.4
8529,2.4
8530,1.6
8531,2.4
8532,-3.2
8533,-0.8
8534,-1.6
8535,0
8536,-1.6
8537,0.8
8538,2.4
8539,3.2
8540,-0.8
8541,0
8542,-0.8
8543,0
8544,-3.2
8545,0
8546,0
8547,-0.8
8548,2.4
8549,-0.8
8550,2.4
8551,-0.8
8552,0.8
8553,-1.6
8554,0
8555,-1.6
8556,3.2
8557,11.2
8558,0.8
8559,0
8560,0
8561,-1.6
8562,1.6
8563,0
8564,-1.6
8565,-0.8
8566,4
8567,0.8
8568,0
8569,2.4
8570,0.8
8571,0.8
8572,0
8573,0.8
8574,-0.8
8575,0.8
8576,0.8
8577,0
8578,0
8579,-4.8
8580,-0.8
8581,0
8582,-7.2
8583,0.8
8584,0
8585,-2.4
8586,-0.8
8587,-0.8
8588,-0.8
8589,0
8590,0.8
8591,0
8592,-1.6
8593,0
8594,-0.8
8595,2.4
8596,0
8597,1.6
8598,-0.8
8599,0.8
8600,0
8601,0.8
8602,0.8
8603,-3.2
8604,-4.8
8605,-1.6
8606,2.4
8607,-0.8
8608,-1.6
8609,-0.8
8610,0.8
8611,0.8
8612,-1.6
8613,-0.8
8614,0
8615,-0.8
8616,0.8
8617,0
8618,-0.8
8619,2.4
8620,-6.4
8621,-0.8
8622,0.8
8623,0.8
8624,-4
8625,-0.8
8626,0
8627,2.4
8628,-0.8
8629,11.2
8630,-2.4
8631,0.8
8632,-0.8
8633,0.8
8634,-0.8
8635,-3.2
8636,0
8637,0.8
8638,-4
8639,-1.6
8640,-0.8
8641,0.8
8642,-0.8
8643,-0.8
8644,2.4
8645,0.8
8646,0
8647,2.4
8648,-1.6
8649,1.6
8650,-1.6
8651,-0.8
8652,0
8653,1.6
8654,-1.6
8655,0
8656,-0.8
8657,0.8
8658,0.8
8659,0
8660,4
8661,0
8662,0
8663,0.8
8664,0.8
8665,-4
8666,0.8
8667,2.4
8668,0
8669,-3.2
8670,8.8
8671,0
8672,2.4
8673,2.4
8674,0
8675,0
8676,-3.2
8677,-0.8
8678,2.4
8679,-0.8
8680,-0.8
8681,-2.4
8682,0
8683,0.8
8684,2.4
8685,0
8686,-1.6
8687,0.8
8688,-2.4
8689,3.2
8690,0
8691,2.4
8692,0.8
8693,-3.2
8694,1.6
8695,-0.8
8696,0.8
8697,-2.4
8698,-0.8
8699,0
8700,0.8
8701,0.8
8702,0
8703,-0.8
8704,0.8
8705,-3.2
8706,-3.2
8707,-1.6
8708,0.8
8709,-0.8
8710,0
8711,3.2
8712,0
8713,0
8714,0.8
8715,-0.8
8716,-0.8
8717,0
8718,-1.6
8719,-3.2
8720,-3.2
8721,2.4
8722,0.8
8723,2.4
8724,2.4
8725,-3.2
8726,1.6
8727,2.4
8728,0.8
8729,3.2
8730,2.4
8731,0.8
8732,0
8733,-1.6
8734,2.4
8735,0
8736,0
8737,-3.2
8738,0.8
8739,0
8740,-3.2
8741,-2.4
8742,-1.6
8743,-0.8
8744,2.4
8745,-1.6
8746,-1.6
8747,0
8748,0
8749,-3.2
8750,-3.2
8751,0
8752,-0.8
8753,0.8
8754,-3.2
8755,-1.6
8756,0.8
8757,-3.2
8758,-1.6
8759,0.8
8760,-0.8
8761,-1.6
8762,1.6
8763,4
8764,0
8765,-0.8
8766,2.4
8767,0
8768,2.4
8769,2.4
8770,-0.8
8771,-0.8
8772,-0.8
8773,0
8774,-0.8
8775,0
8776,-3.2
8777,-1.6
8778,0.8
8779,-0.8
8780,-4
8781,-1.6
8782,-4
8783,-4
8784,-0.8
8785,-0.8
8786,0
8787,-0.8
8788,1.6
8789,-0.8
8790,-3.2
8791,0.8
8792,-3.2
8793,-0.8
8794,-3.2
8795,-4
8796,-0.8
8797,-0.8
8798,1.6
8799,0
8800,0.8
8801,0.8
8802,-3.2
8803,0
8804,-1.6
8805,0
8806,0.8
8807,-0.8
8808,-4
8809,-0.8
8810,4
8811,-0.8
8812,0
8813,2.4
8814,-1.6
8815,0
8816,0.8
8817,0
8818,0
8819,2.4
8820,-0.8
8821,0
8822,-0.8
8823,0
8824,-0.8
8825,-0.8
8826,-4
8827,0.8
8828,0.8
8829,4
8830,2.4
8831,0
8832,-0.8
8833,0.8
8834,0
8835,0.8
8836,0
8837,0
8838,0
8839,-2.4
8840,2.4
8841,-3.2
8842,-1.6
8843,-1.6
8844,-2.4
8845,-0.8
8846,-4
8847,-1.6
8848,1.6
8849,0.8
8850,0.8
8851,0.8
8852,0.8
8853,0
8854,0
8855,-0.8
8856,0
8857,0.8
8858,0
8859,2.4
8860,0
8861,0.8
8862,-0.8
8863,-3.2
8864,2.4
8865,0
8866,2.4
8867,2.4
8868,0.8
8869,-4
8870,-0.8
8871,-0.8
8872,0
8873,-3.2
8874,-1.6
8875,-1.6
8876,-3.2
8877,-0.8
8878,0
8879,0.8
8880,-3.2
8881,0.8
8882,3.2
8883,0
8884,-2.4
8885,0
8886,0
8887,-2.4
8888,-3.2
8889,-0.8
8890,-1.6
8891,0
8892,-0.8
8893,0.8
8894,-1.6
8895,0.8
8896,0
8897,0
8898,5.6
8899,-1.6
8900,-3.2
8901,0.8
8902,-1.6
8903,0
8904,-0.8
8905,-0.8
8906,-3.2
8907,2.4
8908,0
8909,-0.8
8910,-0.8
8911,-0.8
8912,2.4
8913,-2.4
8914,-1.6
8915,0.8
8916,2.4
8917,-0.8
8918,0
8919,0.8
8920,-3.2
8921,5.6
8922,0.8
8923,-0.8
8924,-1.6
8925,0.8
8926,-3.2
8927,-2.4
8928,2.4
8929,2.4
8930,3.2
8931,-4
8932,-1.6
8933,-0.8
8934,2.4
8935,-0.8
8936,0.8
8937,0
8938,-7.2
8939,0.8
8940,0
8941,0
8942,1.6
8943,2.4
8944,0
8945,0.8
8946,0.8
8947,0.8
8948,2.4
8949,-0.8
8950,-0.8
8951,-0.8
8952,0
8953,0.8
8954,-0.8
8955,-0.8
8956,-0.8
8957,-1.6
8958,0
8959,0.8
8960,2.4
8961,-0.8
8962,0
8963,0.8
8964,-3.2
8965,-0.8
8966,2.4
8967,3.2
8968,0
8969,-1.6
8970,0.8
8971,0
8972,-3.2
8973,0
8974,0.8
8975,0
8976,-2.4
8977,0.8
8978,2.4
8979,-3.2
8980,-1.6
8981,0.8
8982,0
8983,6.4
8984,3.2
8985,0.8
8986,-0.8
8987,0
8988,-1.6
8989,-3.2
8990,0.8
8991,1.6
8992,0.8
8993,0
8994,-1.6
8995,-2.4
8996,0.8
8997,-1.6
8998,-3.2
8999,-3.2
9000,0
9001,2.4
9002,1.6
9003,2.4
9004,-2.4
9005,-1.6
9006,0.8
9007,-1.6
9008,0.8
9009,0.8
9010,-0.8
9011,0
9012,-1.6
9013,-4
9014,-0.8
9015,0.8
9016,0
9017,0
9018,2.4
9019,1.6
9020,1.6
9021,-4
9022,4
9023,2.4
9024,-1.6
9025,0.8
9026,-0.8
9027,4
9028,0.8
9029,2.4
9030,-0.8
9031,0.8
9032,2.4
9033,-0.8
9034,0.8
9035,1.6
9036,-0.8
9037,0.8
9038,-3.2
9039,0
9040,-1.6
9041,-1.6
9042,-3.2
9043,0
9044,0.8
9045,3.2
9046,-0.8
9047,-1.6
9048,-1.6
9049,-1.6
9050,-0.8
9051,0.8
9052,0
9053,-1.6
9054,-0.8
9055,-0.8
9056,0
9057,0
9058,0.8
9059,0
9060,0.8
9061,0
9062,0
9063,-2.4
9064,0
9065,0
9066,0.8
9067,-0.8
9068,-0.8
9069,0
9070,0
9071,-5.6
9072,0.8
9073,0.8
9074,0
9075,-0.8
9076,-0.8
9077,0
9078,0
9079,0.8
9080,0.8
9081,-5.6
9082,0
9083,-9.6
9084,4
9085,0
9086,2.4
9087,-0.8
9088,-0.8
9089,0
9090,-1.6
9091,0.8
9092,-0.8
9093,-2.4
9094,0
9095,0
9096,2.4
9097,2.4
9098,-3.2
9099,2.4
9100,0.8
9101,1.6
9102,-0.8
9103,0
9104,0
9105,2.4
9106,0.8
9107,0
9108,1.6
9109,1.6
9110,0.8
9111,0
9112,0.8
9113,-1.6
9114,-0.8
9115,2.4
9116,-2.4
9117,1.6
9118,-0.8
9119,0.8
9120,-3.2
9121,-3.2
9122,0
9123,0
9124,0
9125,0
9126,-0.8
9127,0
9128,-3.2
9129,0.8
9130,-0.8
9131,-0.8
9132,0.8
9133,0
9134,0.8
9135,-1.6
9136,0
9137,0
9138,-1.6
9139,-2.4
9140,5.6
9141,-0.8
9142,2.4
9143,-1.6
9144,-3.2
9145,0
9146,0.8
9147,0
9148,-0.8
9149,-0.8
9150,2.4
9151,-0.8
9152,-1.6
9153,-0.8
9154,4
9155,0.8
9156,0.8
9157,-3.2
9158,-0.8
9159,-1.6
9160,0
9161,0.8
9162,-0.8
9163,0
9164,-1.6
9165,0
9166,0.8
9167,0
9168,0.8
9169,0
9170,-4
9171,-3.2
9172,0
9173,1.6
9174,0.8
9175,-0.8
9176,-0.8
9177,0
9178,-3.2
9179,0.8
9180,0
9181,2.4
9182,-0.8
9183,-4
9184,0.8
9185,2.4
9186,-1.6
9187,3.2
9188,0
9189,-1.6
9190,-1.6
9191,0.8
9192,0
9193,-0.8
9194,-0.8
9195,0.8
9196,-3.2
9197,-1.6
9198,-1.6
9199,3.2
9200,0
9201,0.8
9202,-0.8
9203,0
9204,2.4
9205,0
9206,-0.8
9207,2.4
9208,-1.6
9209,0
9210,-0.8
9211,0.8
9212,0.8
9213,-0.8
9214,2.4
9215,-4
9216,0
9217,0.8
9218,0
9219,4
9220,0.8
9221,0
9222,0
9223,0.8
9224,-0.8
9225,0
9226,2.4
9227,0
9228,-0.8
9229,2.4
9230,3.2
9231,-0.8
9232,-4
9233,-1.6
9234,0.8
9235,0
9236,2.4
9237,0.8
9238,-2.4
9239,-1.6
9240,-4.8
9241,0
9242,0
9243,0
9244,0
9245,0
9246,0
9247,0.8
9248,-0.8
9249,2.4
9250,0.8
9251,0.8
9252,-0.8
9253,0.8
9254,0.8
9255,-3.2
9256,-3.2
9257,5.6
9258,0.8
9259,-0.8
9260,0
9261,-1.6
9262,2.4
9263,-2.4
9264,-3.2
9265,0
9266,3.2
9267,0.8
9268,-0.8
9269,0.8
9270,0.8
9271,0
9272,2.4
9273,0.8
9274,0
9275,-2.4
9276,-0.8
9277,0.8
9278,0
9279,0.8
9280,0
9281,2.4
9282,-0.8
9283,-0.8
9284,0
9285,0
9286,-1.6
9287,0
9288,-3.2
9289,-0.8
9290,0
9291,0
9292,1.6
9293,0
9294,-0.8
9295,-1.6
9296,-1.6
9297,0
9298,0.8
9299,-0.8
9300,-3.2
9301,0
9302,-1.6
9303,-1.6
9304,0
9305,1.6
9306,-3.2
9307,-2.4
9308,-3.2
9309,0
9310,-0.8
9311,0.8
9312,0
9313,0
9314,0.8
9315,-0.8
9316,-0.8
9317,0.8
9318,-3.2
9319,-0.8
9320,-3.2
9321,0.8
9322,-0.8
9323,2.4
9324,0.8
9325,0
9326,-3.2
9327,1.6
9328,2.4
9329,0
9330,2.4
9331,-1.6
9332,-0.8
9333,0
9334,0
9335,-3.2
9336,-2.4
9337,0.8
9338,-3.2
9339,0
9340,-1.6
9341,-0.8
9342,-1.6
9343,-0.8
9344,0
9345,0.8
9346,-0.8
9347,0.8
9348,-3.2
9349,-1.6
9350,2.4
9351,-0.8
9352,-0.8
9353,0
9354,1.6
9355,-3.2
9356,0.8
9357,2.4
9358,2.4
9359,1.6
9360,-2.4
9361,0
9362,-2.4
9363,1.6
9364,-3.2
9365,-3.2
9366,-1.6
9367,4
9368,0.8
9369,-1.6
9370,0.8
9371,-3.2
9372,0
9373,-0.8
9374,-0.8
9375,0
9376,2.4
9377,-0.8
9378,2.4
9379,0.8
9380,-0.8
9381,-0.8
9382,0
9383,0
9384,-0.8
9385,0
9386,0
9387,-1.6
9388,0
9389,-2.4
9390,-1.6
9391,0
9392,0.8
9393,-3.2
9394,1.6
9395,0.8
9396,0.8
9397,-2.4
9398,0
9399,0.8
9400,-0.8
9401,-3.2
9402,-3.2
9403,-0.8
9404,-1.6
9405,2.4
9406,3.2
9407,-3.2
9408,0.8
9409,-1.6
9410,-0.8
9411,1.6
9412,-0.8
9413,1.6
9414,-1.6
9415,0.8
9416,-0.8
9417,-0.8
9418,-3.2
9419,0.8
9420,2.4
9421,0.8
9422,-2.4
9423,-0.8
9424,0.8
9425,0
9426,4
9427,0.8
9428,-2.4
9429,2.4
9430,0
9431,-7.2
9432,-0.8
9433,0.8
9434,0
9435,0
9436,-0.8
9437,-2.4
9438,2.4
9439,-0.8
9440,-0.8
9441,-2.4
9442,0.8
9443,-1.6
9444,0.8
9445,-0.8
9446,-0.8
9447,-0.8
9448,0.8
9449,-1.6
9450,-0.8
9451,0
9452,0.8
9453,-0.8
9454,4
9455,0.8
9456,-3.2
9457,2.4
9458,-0.8
9459,-0.8
9460,-0.8
9461,0
9462,-1.6
9463,2.4
9464,-1.6
9465,-0.8
9466,-3.2
9467,2.4
9468,-1.6
9469,2.4
9470,2.4
9471,0
9472,3.2
9473,0.8
9474,1.6
9475,0
9476,-8.8
9477,-4.8
9478,0
9479,-0.8
9480,0.8
9481,0
9482,0
9483,-0.8
9484,0.8
9485,-2.4
9486,2.4
9487,-1.6
9488,0.8
9489,0
9490,-0.8
9491,0
9492,2.4
9493,-1.6
9494,0
9495,2.4
9496,2.4
9497,0.8
9498,0.8
9499,0
9500,-3.2
9501,-1.6
9502,-0.8
9503,-0.8
9504,9.6
9505,-1.6
9506,-4
9507,2.4
9508,2.4
9509,0
9510,2.4
9511,0
9512,0.8
9513,0.8
9514,0
9515,2.4
9516,0.8
9517,0
9518,0.8
9519,2.4
9520,-0.8
9521,-2.4
9522,2.4
9523,0.8
9524,2.4
9525,-0.8
9526,-1.6
9527,-0.8
9528,7.2
9529,0
9530,-8.8
9531,-0.8
9532,0
9533,-0.8
9534,1.6
9535,0.8
9536,0.8
9537,2.4
9538,-2.4
9539,-3.2
9540,0
9541,-1.6
9542,0
9543,0.8
9544,-0.8
9545,-0.8
9546,-0.8
9547,0
9548,-0.8
9549,-0.8
9550,-1.6
9551,0
9552,-0.8
9553,-0.8
9554,1.6
9555,-3.2
9556,0.8
9557,4
9558,0.8
9559,0
9560,0.8
9561,0.8
9562,0.8
9563,0.8
9564,-0.8
9565,-0.8
9566,2.4
9567,-0.8
9568,0.8
9569,0.8
9570,0.8
9571,-1.6
9572,-0.8
9573,-0.8
9574,0
9575,-3.2
9576,-3.2
9577,0
9578,-2.4
9579,-0.8
9580,-0.8
9581,2.4
9582,-4
9583,0
9584,2.4
9585,0
9586,-0.8
9587,-1.6
9588,0.8
9589,-1.6
9590,-3.2
9591,-3.2
9592,-1.6
9593,0.8
9594,0.8
9595,0
9596,-2.4
9597,0
9598,-0.8
9599,0
9600,0
9601,-0.8
9602,-1.6
9603,-1.6
9604,0.8
9605,-3.2
9606,0.8
9607,2.4
9608,-0.8
9609,-0.8
9610,0
9611,-3.2
9612,-0.8
9613,0.8
9614,-1.6
9615,0.8
9616,-2.4
9617,-3.2
9618,-3.2
9619,2.4
9620,-1.6
9621,2.4
9622,-2.4
9623,-3.2
9624,0
9625,0
9626,2.4
9627,0
9628,-0.8
9629,1.6
9630,1.6
9631,2.4
9632,0.8
9633,-4
9634,-2.4
9635,0.8
9636,-0.8
9637,0.8
9638,-3.2
9639,0.8
9640,1.6
9641,-0.8
9642,0
9643,0
9644,0.8
9645,0.8
9646,9.6
9647,-3.2
9648,0
9649,0.8
9650,0
9651,0
9652,-0.8
9653,2.4
9654,0.8
9655,-3.2
9656,0
9657,-0.8
9658,-0.8
9659,0
9660,-3.2
9661,0.8
9662,0
9663,1.6
9664,0
9665,-0.8
9666,0.8
9667,-0.8
9668,0.8
9669,0.8
9670,-0.8
9671,4
9672,0.8
9673,-2.4
9674,0
9675,2.4
9676,0.8
9677,4
9678,2.4
9679,-0.8
9680,2.4
9681,-4
9682,0
9683,0
9684,0
9685,-4
9686,0.8
9687,-0.8
9688,-2.4
9689,-0.8
9690,0.8
9691,-0.8
9692,0.8
9693,-3.2
9694,-4
9695,-4
9696,-2.4
9697,-3.2
9698,0.8
9699,1.6
9700,1.6
9701,0
9702,-0.8
9703,2.4
9704,0
9705,1.6
9706,-1.6
9707,-8
9708,0
9709,-1.6
9710,0
9711,-1.6
9712,-3.2
9713,-0.8
9714,-3.2
9715,-2.4
9716,0.8
9717,0
9718,0
9719,-2.4
9720,0
9721,0
9722,2.4
9723,-3.2
9724,2.4
9725,0
9726,0
9727,0
9728,2.4
9729,0.8
9730,2.4
9731,0
9732,-0.8
9733,-8.8
9734,-1.6
9735,-0.8
9736,0.8
9737,-4
9738,-0.8
9739,2.4
9740,-0.8
9741,2.4
9742,0
9743,0.8
9744,-0.8
9745,0
9746,0
9747,-1.6
9748,1.6
9749,-3.2
9750,-0.8
9751,0.8
9752,0
9753,-3.2
9754,-0.8
9755,-3.2
9756,-1.6
9757,-8
9758,-3.2
9759,-3.2
9760,0
9761,0.8
9762,-2.4
9763,2.4
9764,0
9765,2.4
9766,2.4
9767,0.8
9768,2.4
9769,0.8
9770,0.8
9771,2.4
9772,2.4
9773,2.4
9774,4
9775,0
9776,0
9777,0
9778,0
9779,-0.8
9780,0.8
9781,1.6
9782,-0.8
9783,-0.8
9784,2.4
9785,0.8
9786,-3.2
9787,-3.2
9788,-2.4
9789,0
9790,-3.2
9791,3.2
9792,-2.4
9793,0
9794,-2.4
9795,-2.4
9796,2.4
9797,-0.8
9798,4
9799,-3.2
9800,-0.8
9801,-0.8
9802,-4
9803,-3.2
9804,0.8
9805,0
9806,-3.2
9807,-0.8
9808,-0.8
9809,-0.8
9810,0
9811,1.6
9812,-0.8
9813,4
9814,0.8
9815,-1.6
9816,0
9817,0
9818,0
9819,0.8
9820,1.6
9821,2.4
9822,-1.6
9823,-1.6
9824,0
9825,3.2
9826,0
9827,-0.8
9828,0
9829,3.2
9830,0.8
9831,2.4
9832,0.8
9833,2.4
9834,-2.4
9835,-0.8
9836,-0.8
9837,-0.8
9838,0.8
9839,-2.4
9840,2.4
9841,-3.2
9842,-0.8
9843,-0.8
9844,-2.4
9845,-1.6
9846,2.4
9847,-3.2
9848,0.8
9849,-4
9850,0
9851,-1.6
9852,-0.8
9853,0.8
9854,4
9855,0
9856,0.8
9857,0
9858,0
9859,-0.8
9860,0
9861,0.8
9862,-3.2
9863,2.4
9864,-1.6
9865,-3.2
9866,-0.8
9867,-0.8
9868,0.8
9869,0
9870,1.6
9871,-0.8
9872,-0.8
9873,1.6
9874,0
9875,0
9876,-0.8
9877,-0.8
9878,0.8
9879,-0.8
9880,0.8
9881,-3.2
9882,4
9883,-0.8
9884,-0.8
9885,0.8
9886,2.4
9887,0
9888,0
9889,-4.8
9890,0
9891,-3.2
9892,-0.8
9893,0
9894,-2.4
9895,-1.6
9896,0
9897,-1.6
9898,0.8
9899,0
9900,0.8
9901,0.8
9902,0.8
9903,-0.8
9904,0.8
9905,-4
9906,5.6
9907,0
9908,-3.2
9909,-0.8
9910,0.8
9911,-3.2
9912,2.4
9913,0.8
9914,-2.4
9915,0
9916,-1.6
9917,0
9918,0
9919,1.6
9920,4
9921,-0.8
9922,-3.2
9923,0.8
9924,2.4
9925,0.8
9926,0.8
9927,-2.4
9928,-0.8
9929,1.6
9930,4
9931,-1.6
9932,-0.8
9933,0.8
9934,0
9935,-1.6
9936,0
9937,0
9938,0.8
9939,-0.8
9940,-3.2
9941,0
9942,0.8
9943,-0.8
9944,-1.6
9945,2.4
9946,2.4
9947,2.4
9948,0
9949,-3.2
9950,-0.8
9951,0.8
9952,4
9953,0
9954,1.6
9955,0
9956,0.8
9957,0
9958,-1.6
9959,-2.4
9960,-6.4
9961,0.8
9962,2.4
9963,-7.2
9964,-5.6
9965,0.8
9966,-0.8
9967,-1.6
9968,0.8
9969,2.4
9970,-0.8
9971,0
9972,-0.8
9973,-1.6
9974,2.4
9975,0.8
9976,2.4
9977,-3.2
9978,2.4
9979,0
9980,2.4
9981,-1.6
9982,-4.8
9983,-3.2
9984,0
9985,-0.8
9986,0.8
9987,0.8
9988,-2.4
9989,0
9990,-0.8
9991,-0.8
9992,-0.8
9993,0
9994,-0.8
9995,-2.4
9996,-1.6
9997,-0.8
9998,-0.8
9999,-0.8
10000,0.8
10001,2.4
10002,-8.8
10003,0
10004,-0.8
10005,0.8
10006,2.4
10007,-1.6
10008,1.6
10009,-0.8
10010,0
10011,2.4
10012,0
10013,0.8
10014,-2.4
10015,4
10016,-2.4
10017,-0.8
10018,0.8
10019,2.4
10020,0
10021,1.6
10022,-0.8
10023,-2.4
10024,0
10025,0
10026,0
10027,5.6
10028,0
10029,0
10030,-3.2
10031,0
10032,-1.6
10033,0
10034,0
10035,0
10036,-0.8
10037,0.8
10038,0.8
10039,0
10040,0
10041,2.4
10042,0.8
10043,0.8
10044,0
10045,-0.8
10046,0.8
10047,2.4
10048,-0.8
10049,0.8
10050,0.8
10051,0.8
10052,3.2
10053,0
10054,0
10055,-0.8
10056,0
10057,1.6
10058,2.4
10059,0
10060,0.8
10061,-0.8
10062,-0.8
10063,1.6
10064,-1.6
10065,2.4
10066,0.8
10067,4
10068,-0.8
10069,-4
10070,0
10071,4
10072,0.8
10073,1.6
10074,1.6
10075,2.4
10076,-4.8
10077,2.4
10078,1.6
10079,0
10080,-4
10081,0
10082,0.8
10083,2.4
10084,-3.2
10085,0.8
10086,0
10087,2.4
10088,2.4
10089,0
10090,0
10091,2.4
10092,0
10093,-0.8
10094,-0.8
10095,0.8
10096,0.8
10097,0
10098,0.8
10099,-0.8
10100,2.4
10101,7.2
10102,-0.8
10103,-1.6
10104,-0.8
10105,-2.4
10106,0
10107,1.6
10108,0.8
10109,2.4
10110,2.4
10111,0
10112,-0.8
10113,2.4
10114,-3.2
10115,2.4
10116,0
10117,0
10118,0
10119,-3.2
10120,-1.6
10121,0
10122,0
10123,-0.8
10124,2.4
10125,2.4
10126,-0.8
10127,0
10128,5.6
10129,2.4
10130,2.4
10131,-6.4
10132,-3.2
10133,4
10134,0.8
10135,4
10136,0
10137,0
10138,0
10139,0
10140,0
10141,1.6
10142,0
10143,1.6
10144,2.4
10145,-3.2
10146,1.6
10147,0
10148,0.8
10149,-0.8
10150,0
10151,-1.6
10152,-1.6
10153,-3.2
10154,0
10155,2.4
10156,4
10157,-1.6
10158,0
10159,1.6
10160,0.8
10161,0.8
10162,2.4
10163,0.8
10164,0.8
10165,0.8
10166,-3.2
10167,0.8
10168,0.8
10169,0.8
10170,-0.8
10171,-3.2
10172,0.8
10173,0.8
10174,0
10175,-0.8
10176,-0.8
10177,2.4
10178,-1.6
10179,0.8
10180,0
10181,-4.8
10182,-3.2
10183,0.8
10184,0.8
10185,-3.2
10186,1.6
10187,0
10188,-2.4
10189,-3.2
10190,0
10191,2.4
10192,-3.2
10193,2.4
10194,0.8
10195,0.8
10196,0.8
10197,-0.8
10198,-0.8
10199,-0.8
10200,0.8
10201,0
10202,0
10203,0.8
10204,0
10205,0
10206,2.4
10207,0
10208,2.4
10209,0.8
10210,1.6
10211,-2.4
10212,1.6
10213,-3.2
10214,-2.4
10215,-1.6
10216,0.8
10217,0.8
10218,-3.2
10219,0.8
10220,0
10221,0.8
10222,0.8
10223,-0.8
10224,4
10225,0
10226,0.8
10227,0
10228,0
10229,0.8
10230,2.4
10231,0
10232,2.4
10233,-3.2
10234,0.8
10235,2.4
10236,-0.8
10237,0
10238,-3.2
10239,-1.6
10240,-0.8
10241,2.4
10242,-3.2
10243,-2.4
10244,-0.8
10245,-0.8
10246,2.4
10247,2.4
10248,0
10249,-2.4
10250,0.8
10251,0
10252,0
10253,-0.8
10254,-0.8
10255,-4
10256,3.2
10257,5.6
10258,0.8
10259,-1.6
10260,-1.6
10261,0.8
10262,0.8
10263,0.8
10264,-1.6
10265,0.8
10266,0
10267,0
10268,2.4
10269,0
10270,-2.4
10271,2.4
10272,0
10273,1.6
10274,-3.2
10275,2.4
10276,2.4
10277,2.4
10278,-0.8
10279,4
10280,2.4
10281,0.8
10282,-4
10283,2.4
10284,0.8
10285,-1.6
10286,2.4
10287,0
10288,-0.8
10289,-0.8
10290,-1.6
10291,4
10292,0
10293,-1.6
10294,-0.8
10295,0
10296,-0.8
10297,1.6
10298,-0.8
10299,-0.8
10300,-0.8
10301,2.4
10302,-3.2
10303,7.2
10304,0.8
10305,-3.2
10306,0
10307,0
10308,0
10309,0
10310,1.6
10311,0.8
10312,0.8
10313,-1.6
10314,2.4
10315,-0.8
10316,0
10317,0.8
10318,0.8
10319,0
10320,-0.8
10321,0.8
10322,0.8
10323,0.8
10324,3.2
10325,-0.8
10326,0.8
10327,2.4
10328,2.4
10329,-0.8
10330,0.8
10331,0.8
10332,-0.8
10333,-0.8
10334,-6.4
10335,-1.6
10336,2.4
10337,0
10338,0
10339,0.8
10340,-3.2
10341,4
10342,-4
10343,-0.8
10344,0
10345,2.4
10346,0
10347,0
10348,2.4
10349,4
10350,0
10351,0
10352,0
10353,0
10354,-0.8
10355,-0.8
10356,0.8
10357,-7.2
10358,-0.8
10359,0
10360,0
10361,0
10362,0.8
10363,1.6
10364,0
10365,-0.8
10366,0.8
10367,0.8
10368,-2.4
10369,-0.8
10370,2.4
10371,0.8
10372,2.4
10373,0.8
10374,2.4
10375,-3.2
10376,-1.6
10377,-1.6
10378,-1.6
10379,-1.6
10380,0.8
10381,1.6
10382,1.6
10383,0
10384,0
10385,2.4
10386,-0.8
10387,0
10388,0
10389,-1.6
10390,-4
10391,-1.6
10392,-1.6
10393,0.8
10394,-2.4
10395,0.8
10396,2.4
10397,0.8
10398,0
10399,-0.8
10400,0
10401,0.8
10402,-0.8
10403,2.4
10404,-0.8
10405,0.8
10406,-3.2
10407,0.8
10408,-0.8
10409,0
10410,0.8
10411,0
10412,0.8
10413,0.8
10414,0.8
10415,3.2
10416,-0.8
10417,3.2
10418,-1.6
10419,0
10420,2.4
10421,0.8
10422,4
10423,-2.4
10424,2.4
10425,3.2
10426,-0.8
10427,0.8
10428,-0.8
10429,0.8
10430,-3.2
10431,-3.2
10432,-0.8
10433,2.4
10434,0
10435,-0.8
10436,2.4
10437,2.4
10438,-0.8
10439,-1.6
10440,0.8
10441,3.2
10442,-0.8
10443,-0.8
10444,1.6
10445,0
10446,-2.4
10447,0
10448,1.6
10449,-3.2
10450,-0.8
10451,0.8
10452,-0.8
10453,2.4
10454,-4
10455,0
10456,-2.4
10457,2.4
10458,1.6
10459,4
10460,0
10461,0
10462,-0.8
10463,0.8
10464,-2.4
10465,0.8
10466,0.8
10467,-3.2
10468,-3.2
10469,-1.6
10470,0.8
10471,0.8
10472,3.2
10473,-0.8
10474,0.8
10475,0
10476,0.8
10477,2.4
10478,-0.8
10479,0
10480,-1.6
10481,1.6
10482,-1.6
10483,-0.8
10484,1.6
10485,0
10486,0.8
10487,-6.4
10488,-1.6
10489,0
10490,-1.6
10491,0.8
10492,-1.6
10493,-0.8
10494,-0.8
10495,-2.4
10496,0.8
10497,-0.8
10498,0
10499,-0.8
10500,-1.6
10501,0
10502,-1.6
10503,-1.6
10504,-0.8
10505,1.6
10506,-0.8
10507,0.8
10508,-2.4
10509,-1.6
10510,0.8
10511,0
10512,-1.6
10513,-0.8
10514,0.8
10515,0.8
10516,-0.8
10517,0.8
10518,2.4
10519,0
10520,-0.8
10521,0
10522,-0.8
10523,-0.8
10524,-0.8
10525,-0.8
10526,1.6
10527,0
10528,0.8
10529,-4
10530,4
10531,1.6
10532,-3.2
10533,-3.2
10534,0.8
10535,-1.6
10536,0
10537,1.6
10538,-1.6
10539,2.4
10540,0.8
10541,0
10542,-3.2
10543,-0.8
10544,-1.6
10545,-1.6
10546,-1.6
10547,-4.8
10548,0.8
10549,0.8
10550,0.8
10551,-0.8
10552,-3.2
10553,-3.2
10554,0
10555,-3.2
10556,3.2
10557,2.4
10558,5.6
10559,0.8
10560,-2.4
10561,-1.6
10562,2.4
10563,0.8
10564,0.8
10565,0.8
10566,-2.4
10567,7.2
10568,0.8
10569,3.2
10570,0.8
10571,1.6
10572,0.8
10573,0.8
10574,2.4
10575,0
10576,-2.4
10577,0
10578,0
10579,2.4
10580,-7.2
10581,0
10582,0.8
10583,4
10584,2.4
10585,0
10586,0
10587,-3.2
10588,-1.6
10589,0.8
10590,0
10591,0
10592,-2.4
10593,-0.8
10594,-0.8
10595,0.8
10596,0.8
10597,0.8
10598,1.6
10599,-3.2
10600,0.8
10601,4
10602,0
10603,3.2
10604,0
10605,-0.8
10606,-0.8
10607,0.8
10608,0.8
10609,2.4
10610,0.8
10611,-0.8
10612,0
10613,-0.8
10614,-1.6
10615,-1.6
10616,0.8
10617,-1.6
10618,-0.8
10619,0.8
10620,0
10621,2.4
10622,-0.8
10623,-4
10624,2.4
10625,-1.6
10626,3.2
10627,0.8
10628,0.8
10629,0.8
10630,-3.2
10631,-0.8
10632,-1.6
10633,-2.4
10634,0.8
10635,0
10636,0
10637,0.8
10638,-1.6
10639,1.6
10640,-0.8
10641,-1.6
10642,0
10643,-1.6
10644,0
10645,0
10646,0.8
10647,0
10648,0
10649,0.8
10650,0
10651,5.6
10652,0.8
10653,3.2
10654,-4
10655,0.8
10656,-4
10657,0.8
10658,-1.6
10659,2.4
10660,0
10661,-3.2
10662,2.4
10663,0.8
10664,2.4
10665,-3.2
10666,-0.8
10667,0.8
10668,0
10669,0
10670,0
10671,-0.8
10672,1.6
10673,1.6
10674,2.4
10675,0
10676,-0.8
10677,0.8
10678,-0.8
10679,0.8
10680,0
10681,0
10682,-7.2
10683,4
10684,0
10685,0
10686,0
10687,0.8
10688,0.8
10689,-1.6
10690,-1.6
10691,-0.8
10692,-0.8
10693,-2.4
10694,-1.6
10695,-1.6
10696,-0.8
10697,-1.6
10698,2.4
10699,0
10700,-3.2
10701,0
10702,0
10703,0.8
10704,-1.6
10705,0
10706,-4
10707,0
10708,0.8
10709,0
10710,0.8
10711,1.6
10712,0.8
10713,0
10714,2.4
10715,2.4
10716,-0.8
10717,2.4
10718,0
10719,2.4
10720,0.8
10721,0.8
10722,0
10723,2.4
10724,0
10725,-0.8
10726,-1.6
10727,-0.8
10728,0.8
10729,0
10730,0
10731,2.4
10732,-4
10733,-0.8
10734,0.8
10735,2.4
10736,-0.8
10737,-3.2
10738,-2.4
10739,-3.2
10740,0
10741,-1.6
10742,-3.2
10743,0.8
10744,-0.8
10745,0
10746,-1.6
10747,-0.8
10748,1.6
10749,0
10750,-0.8
10751,-0.8
10752,-0.8
10753,2.4
10754,-0.8
10755,-1.6
10756,-1.6
10757,3.2
10758,-0.8
10759,-1.6
10760,0.8
10761,4
10762,2.4
10763,0
10764,-0.8
10765,7.2
10766,-1.6
10767,0
10768,0
10769,0.8
10770,2.4
10771,0.8
10772,1.6
10773,2.4
10774,4
10775,0.8
10776,-0.8
10777,0
10778,2.4
10779,-0.8
10780,2.4
10781,2.4
10782,-3.2
10783,-1.6
10784,5.6
10785,0
10786,-1.6
10787,0.8
10788,0
10789,-2.4
10790,0
10791,-3.2
10792,-2.4
10793,-1.6
10794,-0.8
10795,1.6
10796,0.8
10797,2.4
10798,0.8
10799,-3.2
10800,-0.8
10801,0
10802,-0.8
10803,-0.8
10804,8.8
10805,0.8
10806,-1.6
10807,0
10808,0
10809,-0.8
10810,0.8
10811,0.8
10812,0
10813,0
10814,0
10815,0.8
10816,-0.8
10817,2.4
10818,2.4
10819,0.8
10820,1.6
10821,2.4
10822,2.4
10823,-3.2
10824,0.8
10825,1.6
10826,2.4
10827,1.6
10828,2.4
10829,7.2
10830,1.6
10831,-3.2
10832,-0.8
10833,-1.6
10834,7.2
10835,-0.8
10836,0
10837,0.8
10838,2.4
10839,-0.8
10840,0
10841,0
10842,0
10843,-3.2
10844,0.8
10845,-1.6
10846,2.4
10847,-3.2
10848,0
10849,-0.8
10850,-0.8
10851,2.4
10852,0
10853,0
10854,-1.6
10855,-1.6
10856,2.4
10857,-1.6
10858,0
10859,0.8
10860,2.4
10861,1.6
10862,0
10863,0
10864,0.8
10865,0
10866,2.4
10867,2.4
10868,0.8
10869,-1.6
10870,-1.6
10871,-1.6
10872,0.8
10873,0
10874,2.4
10875,0
10876,0.8
10877,2.4
10878,0
10879,-3.2
10880,3.2
10881,0
10882,-0.8
10883,0
10884,0.8
10885,0
10886,2.4
10887,0.8
10888,-2.4
10889,-0.8
10890,0.8
10891,4
10892,-0.8
10893,-0.8
10894,0
10895,-4
10896,0
10897,0
10898,-2.4
10899,-2.4
10900,-0.8
10901,0
10902,-0.8
10903,-0.8
10904,-3.2
10905,-0.8
10906,-0.8
10907,1.6
10908,1.6
10909,0
10910,-1.6
10911,-2.4
10912,-2.4
10913,0.8
10914,-1.6
10915,2.4
10916,0
10917,2.4
10918,0
10919,-0.8
10920,0.8
10921,2.4
10922,0
10923,-0.8
10924,0
10925,0.8
10926,0
10927,-1.6
10928,-2.4
10929,0.8
10930,0
10931,2.4
10932,-13.6
10933,-0.8
10934,0.8
10935,-1.6
10936,4
10937,0.8
10938,0
10939,2.4
10940,0
10941,-0.8
10942,0
10943,0
10944,0
10945,-0.8
10946,0
10947,0
10948,1.6
10949,-4
10950,-0.8
10951,2.4
10952,-1.6
10953,0
10954,0.8
10955,8.8
10956,-0.8
10957,-3.2
10958,1.6
10959,2.4
10960,0.8
10961,0
10962,0
10963,2.4
10964,2.4
10965,-3.2
10966,-3.2
10967,-1.6
10968,2.4
10969,-1.6
10970,-3.2
10971,-0.8
10972,-0.8
10973,-1.6
10974,2.4
10975,4
10976,0
10977,-3.2
10978,0
10979,0
10980,-1.6
10981,0.8
10982,-3.2
10983,0.8
10984,-2.4
10985,-2.4
10986,0
10987,-1.6
10988,0
10989,-0.8
10990,0
10991,-3.2
10992,-0.8
10993,-3.2
10994,0.8
10995,-0.8
10996,0.8
10997,-0.8
10998,0
10999,-3.2
11000,-0.8
11001,0.8
11002,4
11003,-3.2
11004,-1.6
11005,2.4
11006,0.8
11007,-1.6
11008,-0.8
11009,-1.6
11010,-9.6
11011,0.8
11012,1.6
11013,-1.6
11014,0.8
11015,-2.4
11016,-3.2
11017,1.6
11018,-0.8
11019,0
11020,1.6
11021,0.8
11022,0.8
11023,0
11024,2.4
11025,0.8
11026,-1.6
11027,4
11028,-0.8
11029,-1.6
11030,-5.6
11031,2.4
11032,-1.6
11033,-1.6
11034,2.4
11035,-0.8
11036,0
11037,0.8
11038,3.2
11039,-0.8
11040,1.6
11041,3.2
11042,-3.2
11043,2.4
11044,0.8
11045,0.8
11046,-0.8
11047,0
11048,0.8
11049,-3.2
11050,-4
11051,1.6
11052,6.4
11053,-0.8
11054,-1.6
11055,-1.6
11056,2.4
11057,0.8
11058,-1.6
11059,-3.2
11060,-0.8
11061,0.8
11062,0.8
11063,0.8
11064,0
11065,-0.8
11066,-4
11067,1.6
11068,0.8
11069,0
11070,0.8
11071,0.8
11072,-4
11073,1.6
11074,0.8
11075,3.2
11076,-1.6
11077,0
11078,0
11079,2.4
11080,0.8
11081,2.4
11082,-2.4
11083,0.8
11084,1.6
11085,0.8
11086,0.8
11087,0
11088,1.6
11089,-2.4
11090,0.8
11091,-0.8
11092,-1.6
11093,2.4
11094,0
11095,-2.4
11096,-1.6
11097,1.6
11098,2.4
11099,-2.4
11100,-0.8
11101,-1.6
11102,0
11103,-4
11104,-1.6
11105,-3.2
11106,-0.8
11107,2.4
11108,0.8
11109,0.8
11110,-1.6
11111,-3.2
11112,-1.6
11113,0.8
11114,0
11115,-0.8
11116,0
11117,0.8
11118,-1.6
11119,-1.6
11120,0
11121,-3.2
11122,-0.8
11123,0
11124,-4
11125,-1.6
11126,-3.2
11127,-0.8
11128,-8.8
11129,0
11130,0.8
11131,0
11132,-0.8
11133,1.6
11134,-0.8
11135,2.4
11136,0
11137,0
11138,0.8
11139,-0.8
11140,0
11141,0
11142,-0.8
11143,1.6
11144,0.8
11145,0
11146,0
11147,-0.8
11148,0
11149,-1.6
11150,-3.2
11151,4
11152,-0.8
11153,0
11154,-3.2
11155,-3.2
11156,-0.8
11157,0.8
11158,-3.2
11159,-1.6
11160,0
11161,-0.8
11162,-1.6
11163,0
11164,1.6
11165,0
11166,-0.8
11167,0
11168,0
11169,0
11170,-1.6
11171,-4
11172,-1.6
11173,2.4
11174,0.8
11175,2.4
11176,0
11177,0.8
11178,0.8
11179,3.2
11180,0
11181,3.2
11182,0.8
11183,0
11184,2.4
11185,0.8
11186,0.8
11187,1.6
11188,0
11189,0
11190,-4
11191,0
11192,-3.2
11193,-0.8
11194,0
11195,-1.6
11196,0
11197,0
11198,1.6
11199,-3.2
11200,-1.6
11201,0
11202,-0.8
11203,-1.6
11204,2.4
11205,-0.8
11206,2.4
11207,-0.8
11208,0.8
11209,0
11210,-0.8
11211,-0.8
11212,4
11213,0
11214,-0.8
11215,0.8
11216,-0.8
11217,-1.6
11218,1.6
11219,2.4
11220,0.8
11221,8
11222,-4
11223,-0.8
11224,1.6
11225,2.4
11226,-0.8
11227,1.6
11228,2.4
11229,1.6
11230,-3.2
11231,8.8
11232,-0.8
11233,-0.8
11234,-0.8
11235,-4.8
11236,-1.6
11237,0
11238,1.6
11239,1.6
11240,0
11241,0
11242,0
11243,2.4
11244,-3.2
11245,0
11246,0.8
11247,-1.6
11248,-0.8
11249,-4
11250,0
11251,0.8
11252,-0.8
11253,0
11254,7.2
11255,0
11256,-0.8
11257,-5.6
11258,0.8
11259,-1.6
11260,-0.8
11261,4
11262,0
11263,-3.2
11264,0
11265,-0.8
11266,1.6
11267,0
11268,-0.8
11269,2.4
11270,0
11271,-3.2
11272,2.4
11273,4
11274,4
11275,0.8
11276,0.8
11277,0.8
11278,0
11279,-3.2
11280,0.8
11281,0
11282,0.8
11283,-2.4
11284,-3.2
11285,0
11286,2.4
11287,-2.4
11288,0
11289,0.8
11290,3.2
11291,2.4
11292,-0.8
11293,-0.8
11294,-2.4
11295,0
11296,-2.4
11297,-3.2
11298,3.2
11299,-1.6
11300,-1.6
11301,0.8
11302,-0.8
11303,2.4
11304,0
11305,0.8
11306,-0.8
11307,2.4
11308,2.4
11309,0.8
11310,2.4
11311,0
11312,-4.8
11313,-3.2
11314,0.8
11315,0
11316,-1.6
11317,2.4
11318,-3.2
11319,0.8
11320,-0.8
11321,2.4
11322,0.8
11323,-4
11324,4
11325,0
11326,-3.2
11327,0
11328,0
11329,2.4
11330,4
11331,0.8
11332,-0.8
11333,-4
11334,0.8
11335,0
11336,-0.8
11337,0.8
11338,-0.8
11339,0
11340,-2.4
11341,1.6
11342,2.4
11343,0
11344,-3.2
11345,-0.8
11346,0
11347,0
11348,0
11349,-2.4
11350,0
11351,0.8
11352,0.8
11353,-0.8
11354,-0.8
11355,-1.6
11356,0.8
11357,-3.2
11358,1.6
11359,0
11360,-0.8
11361,-3.2
11362,32
11363,43.200001
11364,-6.4
11365,-44
11366,-26.4
11367,-4.8
11368,15.2
11369,14.4
11370,-4
11371,-34.400002
11372,-28
11373,-11.2
11374,2.4
11375,9.6
11376,9.6
11377,5.6
11378,-3.2
11379,-3.2
11380,-2.4
11381,-1.6
11382,-4
11383,4
11384,0.8
11385,0.8
11386,2.4
11387,0.8
11388,0
11389,5.6
11390,-0.8
11391,0.8
11392,-0.8
11393,0
11394,2.4
11395,4
11396,-0.8
11397,2.4
11398,-4
11399,-0.8
11400,-3.2
11401,2.4
11402,0.8
11403,0
11404,0.8
11405,1.6
11406,0.8
11407,0
11408,2.4
11409,2.4
11410,0
11411,0
11412,2.4
11413,0.8
11414,0.8
11415,2.4
11416,0.8
11417,1.6
11418,2.4
11419,0.8
11420,0.8
11421,2.4
11422,2.4
11423,0
11424,-0.8
11425,2.4
11426,0.8
11427,0
11428,-0.8
11429,-0.8
11430,0.8
11431,0.8
11432,4
11433,0
11434,0
11435,2.4
11436,0.8
11437,0
11438,-0.8
11439,3.2
11440,-2.4
11441,2.4
11442,-3.2
11443,-0.8
11444,-2.4
11445,-0.8
11446,0
11447,0.8
11448,0
11449,-0.8
11450,0.8
11451,1.6
11452,-0.8
11453,0.8
11454,0.8
11455,1.6
11456,0
11457,4
11458,1.6
11459,0
11460,0
11461,0
11462,-1.6
11463,-3.2
11464,-1.6
11465,-2.4
11466,-3.2
11467,0.8
11468,-0.8
11469,4
11470,4
11471,0.8
11472,0
11473,0
11474,-0.8
11475,0.8
11476,2.4
11477,0.8
11478,-1.6
11479,0.8
11480,-3.2
11481,0
11482,4
11483,0.8
11484,0
11485,-0.8
11486,-0.8
11487,-0.8
11488,2.4
11489,8.8
11490,-1.6
11491,0.8
11492,-2.4
11493,0.8
11494,-0.8
11495,4
11496,0
11497,-1.6
11498,3.2
11499,-1.6
11500,2.4
11501,2.4
11502,0.8
11503,0.8
11504,5.6
11505,0
11506,-2.4
11507,-1.6
11508,1.6
11509,0
11510,-0.8
11511,0
11512,0
11513,2.4
11514,2.4
11515,0
11516,0
11517,2.4
11518,2.4
11519,2.4
11520,3.2
11521,0.8
11522,-1.6
11523,-4
11524,0.8
11525,0
11526,4
11527,-14.4
11528,0
11529,2.4
11530,5.6
11531,0
11532,-0.8
11533,1.6
11534,-0.8
11535,2.4
11536,0.8
11537,-0.8
11538,0.8
11539,2.4
11540,0.8
11541,-3.2
11542,-0.8
11543,-3.2
11544,-3.2
11545,0
11546,1.6
11547,0
11548,0.8
11549,0
11550,-1.6
11551,0
11552,-0.8
11553,-0.8
11554,2.4
11555,0
11556,0.8
11557,-3.2
11558,2.4
11559,-1.6
11560,-0.8
11561,-3.2
11562,0
11563,0.8
11564,-0.8
11565,2.4
11566,0
11567,3.2
11568,-10.4
11569,-0.8
11570,2.4
11571,-0.8
11572,0
11573,3.2
11574,2.4
11575,0.8
11576,0
11577,2.4
11578,0.8
11579,0
11580,-2.4
11581,-0.8
11582,-0.8
11583,-0.8
11584,0
11585,0
11586,0
11587,0.8
11588,-1.6
11589,-3.2
11590,0.8
11591,1.6
11592,-2.4
11593,0.8
11594,-0.8
11595,0
11596,-1.6
11597,0.8
11598,-3.2
11599,0.8
11600,0
11601,-0.8
11602,-0.8
11603,-1.6
11604,0
11605,0.8
11606,0.8
11607,0.8
11608,0
11609,-1.6
11610,0.8
11611,2.4
11612,0.8
11613,-0.8
11614,-1.6
11615,4
11616,-0.8
11617,2.4
11618,0.8
11619,-0.8
11620,2.4
11621,0
11622,0
11623,-0.8
11624,0
11625,-1.6
11626,-4
11627,0.8
11628,4
11629,-3.2
11630,-3.2
11631,-1.6
11632,-4
11633,-4
11634,2.4
11635,0.8
11636,-1.6
11637,-3.2
11638,2.4
11639,2.4
11640,-4
11641,0.8
11642,0
11643,-0.8
11644,0.8
11645,0.8
11646,-1.6
11647,0
11648,0
11649,4
11650,-1.6
11651,2.4
11652,0
11653,0.8
11654,-3.2
11655,1.6
11656,-3.2
11657,-0.8
11658,-0.8
11659,2.4
11660,0.8
11661,1.6
11662,-0.8
11663,2.4
11664,-3.2
11665,0
11666,-0.8
11667,1.6
11668,0.8
11669,-3.2
11670,3.2
11671,-0.8
11672,-0.8
11673,2.4
11674,2.4
11675,1.6
11676,0
11677,-3.2
11678,0
11679,-1.6
11680,3.2
11681,0.8
11682,0
11683,-1.6
11684,0.8
11685,0.8
11686,0.8
11687,0
11688,2.4
11689,-1.6
11690,0
11691,0.8
11692,-1.6
11693,2.4
11694,0
11695,-3.2
11696,-1.6
11697,0
11698,-3.2
11699,-2.4
11700,1.6
11701,-0.8
11702,0
11703,0
11704,1.6
11705,1.6
11706,0.8
11707,0.8
11708,0.8
11709,-0.8
11710,0
11711,0
11712,2.4
11713,0.8
11714,0.8
11715,4
11716,0
11717,0.8
11718,2.4
11719,-3.2
11720,-0.8
11721,-0.8
11722,-1.6
11723,-1.6
11724,2.4
11725,2.4
11726,-1.6
11727,-0.8
11728,-0.8
11729,0.8
11730,2.4
11731,2.4
11732,0
11733,0.8
11734,0
11735,-1.6
11736,0
11737,0.8
11738,-0.8
11739,-2.4
11740,0.8
11741,0
11742,-0.8
11743,-3.2
11744,-5.6
11745,-2.4
11746,0
11747,-3.2
11748,-0.8
11749,-3.2
11750,0.8
11751,2.4
11752,-0.8
11753,-0.8
11754,-0.8
11755,-3.2
11756,-3.2
11757,2.4
11758,2.4
11759,2.4
11760,-0.8
11761,4
11762,4
11763,-0.8
11764,-1.6
11765,-3.2
11766,18.4
11767,20
11768,4
11769,-14.4
11770,-12
11771,-11.2
11772,-11.2
11773,-5.6
11774,0
11775,1.6
11776,2.4
11777,6.4
11778,8.8
11779,5.6
11780,0.8
11781,0.8
11782,-0.8
11783,-2.4
11784,-0.8
11785,-3.2
11786,-3.2
11787,-0.8
11788,-3.2
11789,-3.2
11790,-2.4
11791,-4
11792,-7.2
11793,-5.6
11794,-3.2
11795,-6.4
11796,-3.2
11797,-1.6
11798,-3.2
11799,-5.6
11800,-1.6
11801,-0.8
11802,-0.8
11803,0
11804,-3.2
11805,-0.8
11806,-0.8
11807,-3.2
11808,0
11809,0.8
11810,-2.4
11811,-0.8
11812,0
11813,0
11814,2.4
11815,2.4
11816,-1.6
11817,-9.6
11818,0
11819,2.4
11820,0.8
11821,0
11822,4
11823,3.2
11824,0
11825,-0.8
11826,0
11827,1.6
11828,2.4
11829,0.8
11830,2.4
11831,-0.8
11832,-3.2
11833,0
11834,2.4
11835,0.8
11836,-0.8
11837,-0.8
11838,2.4
11839,-0.8
11840,0
11841,2.4
11842,1.6
11843,1.6
11844,-2.4
11845,0
11846,-0.8
11847,-0.8
11848,0.8
11849,-0.8
11850,-3.2
11851,-0.8
11852,0
11853,0
11854,-0.8
11855,-6.4
11856,-0.8
11857,-4
11858,-0.8
11859,2.4
11860,2.4
11861,0
11862,-3.2
11863,0.8
11864,2.4
11865,-1.6
11866,-3.2
11867,9.6
11868,0.8
11869,1.6
11870,-0.8
11871,-3.2
11872,1.6
11873,-1.6
11874,0.8
11875,0
11876,0.8
11877,-1.6
11878,0.8
11879,0
11880,-3.2
11881,2.4
11882,-3.2
11883,-0.8
11884,1.6
11885,0.8
11886,0
11887,-3.2
11888,-0.8
11889,0
11890,-3.2
11891,0
11892,-0.8
11893,-0.8
11894,-3.2
11895,-0.8
11896,0
11897,0
11898,2.4
11899,-3.2
11900,1.6
11901,-0.8
11902,-3.2
11903,0.8
11904,-0.8
11905,0
11906,0.8
11907,0
11908,0.8
11909,0.8
11910,-1.6
11911,0
11912,0
11913,-0.8
11914,0
11915,1.6
11916,0
11917,5.6
11918,0.8
11919,-2.4
11920,-1.6
11921,0
11922,-4
11923,0.8
11924,5.6
11925,-0.8
11926,0.8
11927,3.2
11928,0.8
11929,-1.6
11930,6.4
11931,2.4
11932,0
11933,-5.6
11934,0.8
11935,0.8
11936,0.8
11937,-1.6
11938,-2.4
11939,0.8
11940,-2.4
11941,-3.2
11942,-4
11943,-3.2
11944,7.2
11945,7.2
11946,2.4
11947,0
11948,-0.8
11949,-4
11950,-3.2
11951,-4
11952,-5.6
11953,-3.2
11954,-3.2
11955,-3.2
11956,-1.6
11957,2.4
11958,5.6
11959,-3.2
11960,4
11961,4
11962,2.4
11963,0
11964,-0.8
11965,0.8
11966,-3.2
11967,0
11968,-0.8
11969,2.4
11970,2.4
11971,0
11972,3.2
11973,0
11974,0.8
11975,2.4
11976,0.8
11977,-0.8
11978,0
11979,2.4
11980,2.4
11981,0
11982,3.2
11983,-1.6
11984,-3.2
11985,-4
11986,-4
11987,-3.2
11988,0
11989,-4
11990,-5.6
11991,0
11992,-0.8
11993,-0.8
11994,-0.8
11995,-0.8
11996,-3.2
11997,-0.8
11998,-6.4
11999,-3.2
12000,-3.2
12001,-0.8
12002,0
12003,-3.2
12004,2.4
12005,-1.6
12006,-0.8
12007,0.8
12008,0.8
12009,-1.6
12010,0
12011,0
12012,0
12013,-0.8
12014,2.4
12015,-3.2
12016,-0.8
12017,0.8
12018,0
12019,3.2
12020,2.4
12021,0
12022,0
12023,-4.8
12024,0.8
12025,1.6
12026,-4
12027,2.4
12028,-0.8
12029,0.8
12030,2.4
12031,2.4
12032,-0.8
12033,2.4
12034,2.4
12035,1.6
12036,-0.8
12037,0
12038,0
12039,0.8
12040,-4
12041,-4
12042,-1.6
12043,0.8
12044,-0.8
12045,0
12046,1.6
12047,3.2
12048,0
12049,0
12050,-3.2
12051,0
12052,0.8
12053,0
12054,-1.6
12055,0
12056,-1.6
12057,-0.8
12058,0.8
12059,-8.8
12060,0.8
12061,0
12062,0
12063,-0.8
12064,-3.2
12065,-0.8
12066,0.8
12067,0.8
12068,0
12069,1.6
12070,2.4
12071,0
12072,2.4
12073,0
12074,0.8
12075,4
12076,-4
12077,0.8
12078,2.4
12079,0.8
12080,-3.2
12081,-1.6
12082,4
12083,-1.6
12084,0.8
12085,-4
12086,0.8
12087,0.8
12088,-3.2
12089,-1.6
12090,-0.8
12091,-1.6
12092,-0.8
12093,-0.8
12094,-0.8
12095,0
12096,0
12097,-1.6
12098,-0.8
12099,0.8
12100,-0.8
12101,-4
12102,0.8
12103,-0.8
12104,-3.2
12105,0.8
12106,2.4
12107,0.8
12108,4
12109,2.4
12110,-3.2
12111,-0.8
12112,-0.8
12113,-0.8
12114,-0.8
12115,-0.8
12116,0
12117,0
12118,5.6
12119,1.6
12120,0
12121,-3.2
12122,-0.8
12123,0.8
12124,0
12125,0
12126,-1.6
12127,-0.8
12128,0
12129,4
12130,-4
12131,2.4
12132,0.8
12133,0.8
12134,-1.6
12135,5.6
12136,0.8
12137,0.8
12138,-4
12139,-2.4
12140,0
12141,0.8
12142,0
12143,0
12144,0.8
12145,0
12146,1.6
12147,0.8
12148,-3.2
12149,-3.2
12150,-1.6
12151,0.8
12152,-0.8
12153,0
12154,-1.6
12155,-2.4
12156,0
12157,-8.8
12158,2.4
12159,2.4
12160,-0.8
12161,1.6
12162,0.8
12163,-0.8
12164,2.4
12165,0.8
12166,2.4
12167,0
12168,0.8
12169,0
12170,-0.8
12171,1.6
12172,-0.8
12173,0.8
12174,4
12175,4
12176,-2.4
12177,-0.8
12178,2.4
12179,0.8
12180,-3.2
12181,-3.2
12182,0.8
12183,-2.4
12184,-1.6
12185,0
12186,0
12187,-0.8
12188,-2.4
12189,0
12190,0
12191,0
12192,-2.4
12193,-0.8
12194,0
12195,0.8
12196,-3.2
12197,2.4
12198,-2.4
12199,-4
12200,-0.8
12201,0
12202,0
12203,-3.2
12204,-4.8
12205,-4
12206,-0.8
12207,0.8
12208,-0.8
12209,-1.6
12210,-0.8
12211,4
12212,2.4
12213,-4
12214,6.4
12215,6.4
12216,-5.6
12217,-3.2
12218,-0.8
12219,0
12220,0.8
12221,4
12222,2.4
12223,-3.2
12224,0.8
12225,-0.8
12226,0
12227,0.8
12228,-0.8
12229,0
12230,0.8
12231,-0.8
12232,0.8
12233,-1.6
12234,-0.8
12235,2.4
12236,0.8
12237,0.8
12238,-3.2
12239,0.8
12240,0
12241,1.6
12242,-1.6
12243,-0.8
12244,1.6
12245,0.8
12246,-12.8
12247,0.8
12248,-0.8
12249,0
12250,0.8
12251,2.4
12252,-1.6
12253,0
12254,3.2
12255,0
12256,2.4
12257,0
12258,0
12259,0.8
12260,0
12261,3.2
12262,-3.2
12263,0.8
12264,-0.8
12265,0.8
12266,-1.6
12267,2.4
12268,0.8
12269,-0.8
12270,1.6
12271,1.6
12272,0
12273,-2.4
12274,-1.6
12275,0.8
12276,0
12277,2.4
12278,0.8
12279,0.8
12280,2.4
12281,-1.6
12282,0.8
12283,0.8
12284,0
12285,0
12286,-0.8
12287,0
12288,-3.2
12289,1.6
12290,-3.2
12291,-0.8
12292,0
12293,0
12294,0
12295,-3.2
12296,2.4
12297,-0.8
12298,0
12299,-1.6
12300,-1.6
12301,-0.8
12302,0
12303,-1.6
12304,-1.6
12305,0.8
12306,-2.4
12307,0
12308,1.6
12309,0.8
12310,0.8
12311,-0.8
12312,0.8
12313,0
12314,0
12315,0.8
12316,8
12317,0.8
12318,-11.2
12319,-0.8
12320,2.4
12321,-0.8
12322,0
12323,2.4
12324,0.8
12325,-3.2
12326,-0.8
12327,-3.2
12328,0.8
12329,1.6
12330,-4.8
12331,0.8
12332,-1.6
12333,-1.6
12334,0
12335,0
12336,-0.8
12337,-0.8
12338,-2.4
12339,-0.8
12340,-0.8
12341,0
12342,-1.6
12343,0.8
12344,0
12345,-1.6
12346,-0.8
12347,0.8
12348,0.8
12349,0.8
12350,0.8
12351,-0.8
12352,0
12353,0
12354,0.8
12355,0.8
12356,-4
12357,3.2
12358,-4
12359,-2.4
12360,0
12361,-0.8
12362,-3.2
12363,0
12364,0.8
12365,0
12366,0
12367,0.8
12368,0
12369,0
12370,0.8
12371,-1.6
12372,2.4
12373,-0.8
12374,-3.2
12375,1.6
12376,1.6
12377,4
12378,-0.8
12379,1.6
12380,0
12381,-3.2
12382,-0.8
12383,0.8
12384,0.8
12385,-0.8
12386,0.8
12387,0.8
12388,2.4
12389,-1.6
12390,1.6
12391,-2.4
12392,-2.4
12393,-1.6
12394,-0.8
12395,-1.6
12396,0
12397,1.6
12398,-0.8
12399,-1.6
12400,-0.8
12401,3.2
12402,0
12403,0.8
12404,-1.6
12405,0
12406,-2.4
12407,0
12408,0.8
12409,2.4
12410,0
12411,-1.6
12412,-1.6
12413,0.8
12414,-0.8
12415,-0.8
12416,-0.8
12417,-3.2
12418,2.4
12419,0
12420,-0.8
12421,-2.4
12422,-1.6
12423,0
12424,0
12425,0
12426,-0.8
12427,0.8
12428,0
12429,-3.2
12430,-3.2
12431,0.8
12432,2.4
12433,-0.8
12434,0.8
12435,0.8
12436,0
12437,-0.8
12438,0
12439,-0.8
12440,-0.8
12441,-3.2
12442,-4
12443,-0.8
12444,0.8
12445,-4
12446,0.8
12447,1.6
12448,-1.6
12449,-3.2
12450,0
12451,1.6
12452,0
12453,-0.8
12454,-1.6
12455,5.6
12456,-3.2
12457,-3.2
12458,0
12459,-2.4
12460,-3.2
12461,0.8
12462,0
12463,-0.8
12464,-0.8
12465,0
12466,-1.6
12467,0
12468,0.8
12469,2.4
12470,-1.6
12471,0
12472,2.4
12473,0.8
12474,1.6
12475,4
12476,7.2
12477,0.8
12478,9.6
12479,0.8
12480,0.8
12481,-3.2
12482,4
12483,-4
12484,-4
12485,0.8
12486,0
12487,0
12488,-1.6
12489,0
12490,0
12491,0.8
12492,0
12493,2.4
12494,2.4
12495,0.8
12496,-0.8
12497,0.8
12498,0
12499,-1.6
12500,0
12501,2.4
12502,-0.8
12503,0
12504,0
12505,1.6
12506,0.8
12507,0
12508,2.4
12509,4
12510,2.4
12511,0
12512,0
12513,-0.8
12514,2.4
12515,-1.6
12516,-3.2
12517,0.8
12518,-1.6
12519,-0.8
12520,0
12521,-0.8
12522,-1.6
12523,2.4
12524,2.4
12525,-0.8
12526,2.4
12527,2.4
12528,0
12529,5.6
12530,-2.4
12531,0
12532,4
12533,-2.4
12534,-4
12535,-0.8
12536,-2.4
12537,-0.8
12538,-3.2
12539,-4
12540,-5.6
12541,0
12542,-1.6
12543,0.8
12544,0
12545,-0.8
12546,0
12547,0.8
12548,-3.2
12549,-0.8
12550,2.4
12551,-8
12552,0.8
12553,2.4
12554,0
12555,0.8
12556,0.8
12557,-8.8
12558,4
12559,2.4
12560,-0.8
12561,0
12562,0
12563,3.2
12564,1.6
12565,-1.6
12566,-0.8
12567,0.8
12568,-3.2
12569,-1.6
12570,0.8
12571,2.4
12572,0.8
12573,1.6
12574,0
12575,1.6
12576,0
12577,2.4
12578,0
12579,0
12580,0
12581,1.6
12582,-0.8
12583,0
12584,2.4
12585,7.2
12586,0.8
12587,-1.6
12588,-0.8
12589,0
12590,-1.6
12591,-3.2
12592,-2.4
12593,-1.6
12594,-4
12595,-3.2
12596,-0.8
12597,0.8
12598,0
12599,-2.4
12600,2.4
12601,0.8
12602,0
12603,0.8
12604,-2.4
12605,-4
12606,-2.4
12607,-5.6
12608,3.2
12609,0.8
12610,-1.6
12611,-0.8
12612,-0.8
12613,-0.8
12614,-1.6
12615,-3.2
12616,0.8
12617,-1.6
12618,-3.2
12619,-4
12620,0.8
12621,3.2
12622,2.4
12623,-1.6
12624,5.6
12625,-4
12626,-0.8
12627,2.4
12628,0.8
12629,0
12630,-4
12631,-0.8
12632,0
12633,-0.8
12634,0.8
12635,0.8
12636,-0.8
12637,0
12638,-2.4
12639,-1.6
12640,2.4
12641,0.8
12642,-1.6
12643,0
12644,0.8
12645,-0.8
12646,0.8
12647,0.8
12648,-3.2
12649,-0.8
12650,-0.8
12651,-1.6
12652,0.8
12653,2.4
12654,1.6
12655,3.2
12656,2.4
12657,-1.6
12658,0
12659,2.4
12660,2.4
12661,2.4
12662,0
12663,-0.8
12664,2.4
12665,0.8
12666,2.4
12667,0.8
12668,0
12669,0.8
12670,4
12671,2.4
12672,0
12673,1.6
12674,-3.2
12675,-1.6
12676,0.8
12677,2.4
12678,2.4
12679,0.8
12680,2.4
12681,0
12682,-0.8
12683,-4
12684,0
12685,0
12686,-0.8
12687,0
12688,-0.8
12689,-3.2
12690,-1.6
12691,2.4
12692,1.6
12693,0
12694,0.8
12695,2.4
12696,2.4
12697,4
12698,-2.4
12699,-0.8
12700,0.8
12701,1.6
12702,-1.6
12703,0
12704,-1.6
12705,0.8
12706,4
12707,-0.8
12708,0.8
12709,-0.8
12710,-0.8
12711,-3.2
12712,-1.6
12713,0
12714,-5.6
12715,1.6
12716,-0.8
12717,1.6
12718,1.6
12719,1.6
12720,-2.4
12721,0.8
12722,-3.2
12723,0.8
12724,-5.6
12725,0
12726,0
12727,-3.2
12728,2.4
12729,4
12730,-3.2
12731,-3.2
12732,2.4
12733,0
12734,-3.2
12735,0.8
12736,-0.8
12737,0.8
12738,-1.6
12739,-3.2
12740,0
12741,1.6
12742,0.8
12743,-3.2
12744,0
12745,0
12746,0
12747,0.8
12748,-0.8
12749,-3.2
12750,-1.6
12751,-0.8
12752,-1.6
12753,4
12754,2.4
12755,-1.6
12756,3.2
12757,0.8
12758,-0.8
12759,0.8
12760,-0.8
12761,0.8
12762,-0.8
12763,-0.8
12764,-1.6
12765,0
12766,0
12767,1.6
12768,0
12769,-0.8
12770,0
12771,1.6
12772,-0.8
12773,5.6
12774,2.4
12775,0.8
12776,1.6
12777,-0.8
12778,-4
12779,0
12780,3.2
12781,0
12782,0.8
12783,-5.6
12784,-3.2
12785,0
12786,0.8
12787,0.8
12788,-0.8
12789,-1.6
12790,0
12791,2.4
12792,-4
12793,4
12794,-0.8
12795,-3.2
12796,0
12797,0.8
12798,2.4
12799,-0.8
12800,0
12801,0.8
12802,-0.8
12803,-1.6
12804,0.8
12805,-1.6
12806,-1.6
12807,-2.4
12808,0
12809,-4
12810,-4.8
12811,1.6
12812,0.8
12813,0
12814,0
12815,-1.6
12816,-4
12817,2.4
12818,1.6
12819,-3.2
12820,0.8
12821,0
12822,0.8
12823,0
12824,2.4
12825,-3.2
12826,0.8
12827,2.4
12828,0
12829,0.8
12830,0.8
12831,-0.8
12832,2.4
12833,-2.4
12834,-3.2
12835,0.8
12836,-4.8
12837,0
12838,-1.6
12839,2.4
12840,-0.8
12841,-4
12842,1.6
12843,1.6
12844,-0.8
12845,-0.8
12846,0
12847,0.8
12848,2.4
12849,0.8
12850,-3.2
12851,-1.6
12852,1.6
12853,-0.8
12854,-2.4
12855,-3.2
12856,-6.4
12857,-3.2
12858,0.8
12859,-0.8
12860,-0.8
12861,-1.6
12862,0
12863,-0.8
12864,-0.8
12865,-1.6
12866,0.8
12867,-0.8
12868,3.2
12869,-0.8
12870,0.8
12871,0.8
12872,-0.8
12873,-1.6
12874,-0.8
12875,0.8
12876,0.8
12877,-0.8
12878,-1.6
12879,0.8
12880,-3.2
12881,-3.2
12882,-2.4
12883,0
12884,4
12885,-2.4
12886,-0.8
12887,-3.2
12888,-1.6
12889,2.4
12890,1.6
12891,0
12892,2.4
12893,0
12894,2.4
12895,0.8
12896,0
12897,1.6
12898,0.8
12899,0.8
12900,0.8
12901,0
12902,-0.8
12903,-0.8
12904,-3.2
12905,-3.2
12906,-3.2
12907,2.4
12908,2.4
12909,-1.6
12910,-0.8
12911,0
12912,-0.8
12913,0.8
12914,0.8
12915,-0.8
12916,-0.8
12917,1.6
12918,-1.6
12919,-0.8
12920,2.4
12921,0
12922,-3.2
12923,2.4
12924,0.8
12925,0
12926,-0.8
12927,0.8
12928,-0.8
12929,-3.2
12930,0
12931,2.4
12932,-4.8
12933,0
12934,0.8
12935,-4
12936,-1.6
12937,-0.8
12938,0
12939,-3.2
12940,-2.4
12941,-2.4
12942,-2.4
12943,-0.8
12944,0
12945,2.4
12946,0
12947,-0.8
12948,0
12949,0
12950,0
12951,2.4
12952,-0.8
12953,0
12954,-3.2
12955,-0.8
12956,-5.6
12957,0.8
12958,2.4
12959,0
12960,0
12961,0
12962,3.2
12963,0.8
12964,-1.6
12965,-1.6
12966,0
12967,2.4
12968,0
12969,1.6
12970,-0.8
12971,1.6
12972,0
12973,-1.6
12974,2.4
12975,2.4
12976,1.6
12977,-0.8
12978,0.8
12979,0.8
12980,2.4
12981,1.6
12982,-3.2
12983,0.8
12984,-3.2
12985,-0.8
12986,0.8
12987,-0.8
12988,0.8
12989,0
12990,-1.6
12991,-3.2
12992,-0.8
12993,-0.8
12994,0.8
12995,1.6
12996,-1.6
12997,-3.2
12998,-0.8
12999,0
13000,0.8
13001,2.4
13002,-0.8
13003,0.8
13004,0
13005,-0.8
13006,-3.2
13007,0
13008,3.2
13009,0.8
13010,-0.8
13011,2.4
13012,0
13013,-3.2
13014,-0.8
13015,-3.2
13016,0.8
13017,0
13018,-3.2
13019,-0.8
13020,-3.2
13021,-1.6
13022,0.8
13023,0.8
13024,-1.6
13025,2.4
13026,2.4
13027,0
13028,0.8
13029,-0.8
13030,-3.2
13031,3.2
13032,-4
13033,-4.8
13034,0
13035,-0.8
13036,-2.4
13037,-2.4
13038,-2.4
13039,-1.6
13040,-4
13041,-4
13042,0.8
13043,-3.2
13044,-0.8
13045,-0.8
13046,-1.6
13047,-2.4
13048,1.6
13049,-0.8
13050,0.8
13051,-0.8
13052,0
13053,-2.4
13054,0
13055,-4
13056,-2.4
13057,-2.4
13058,-1.6
13059,2.4
13060,0.8
13061,0.8
13062,-2.4
13063,-3.2
13064,0.8
13065,-0.8
13066,-1.6
13067,0
13068,-3.2
13069,1.6
13070,-0.8
13071,-2.4
13072,4
13073,2.4
13074,-1.6
13075,1.6
13076,-0.8
13077,0
13078,1.6
13079,-0.8
13080,-0.8
13081,0.8
13082,-3.2
13083,-3.2
13084,0.8
13085,-0.8
13086,-1.6
13087,2.4
13088,3.2
13089,-2.4
13090,0.8
13091,2.4
13092,0.8
13093,0
13094,1.6
13095,2.4
13096,2.4
13097,0
13098,2.4
13099,-0.8
13100,-3.2
13101,0
13102,0
13103,-1.6
13104,0.8
13105,-3.2
13106,5.6
13107,-0.8
13108,-0.8
13109,-0.8
13110,-0.8
13111,-0.8
13112,-2.4
13113,-2.4
13114,-3.2
13115,-2.4
13116,-1.6
13117,-0.8
13118,0
13119,0
13120,1.6
13121,-3.2
13122,-0.8
13123,0.8
13124,0.8
13125,-1.6
13126,-2.4
13127,-4.8
13128,-5.6
13129,0
13130,0.8
13131,-0.8
13132,-2.4
13133,-4
13134,0.8
13135,-1.6
13136,2.4
13137,2.4
13138,3.2
13139,0
13140,-1.6
13141,0
13142,0
13143,0.8
13144,-1.6
13145,-3.2
13146,-3.2
13147,-1.6
13148,-0.8
13149,-3.2
13150,0.8
13151,-0.8
13152,-10.4
13153,0.8
13154,0
13155,-0.8
13156,0.8
13157,2.4
13158,-2.4
13159,6.4
13160,0.8
13161,0.8
13162,4
13163,1.6
13164,-0.8
13165,3.2
13166,2.4
13167,0
13168,2.4
13169,-2.4
13170,5.6
13171,2.4
13172,-3.2
13173,0
13174,-6.4
13175,0
13176,2.4
13177,-0.8
13178,0
13179,-3.2
13180,-3.2
13181,4
13182,0.8
13183,4
13184,2.4
13185,0
13186,4
13187,2.4
13188,0
13189,-1.6
13190,-4.8
13191,0
13192,0
13193,-1.6
13194,-1.6
13195,0
13196,-0.8
13197,0
13198,-1.6
13199,-1.6
13200,2.4
13201,-0.8
13202,1.6
13203,0.8
13204,-5.6
13205,-3.2
13206,-0.8
13207,-0.8
13208,0.8
13209,-0.8
13210,-0.8
13211,-3.2
13212,2.4
13213,-3.2
13214,0.8
13215,-0.8
13216,-1.6
13217,-1.6
13218,0
13219,1.6
13220,0
13221,-0.8
13222,-3.2
13223,0
13224,4
13225,2.4
13226,2.4
13227,-0.8
13228,-2.4
13229,0.8
13230,0
13231,-3.2
13232,0.8
13233,-3.2
13234,-0.8
13235,0.8
13236,4
13237,-2.4
13238,-4
13239,0.8
13240,-0.8
13241,0
13242,-3.2
13243,-0.8
13244,-4
13245,-3.2
13246,0
13247,-3.2
13248,0
13249,2.4
13250,2.4
13251,-1.6
13252,-3.2
13253,-2.4
13254,-3.2
13255,-3.2
13256,5.6
13257,0.8
13258,0.8
13259,0
13260,0
13261,-1.6
13262,-0.8
13263,2.4
13264,2.4
13265,-3.2
13266,-2.4
13267,-3.2
13268,2.4
13269,0
13270,1.6
13271,0.8
13272,8
13273,2.4
13274,-2.4
13275,0
13276,-3.2
13277,-0.8
13278,0
13279,-0.8
13280,1.6
13281,6.4
13282,2.4
13283,0
13284,-1.6
13285,2.4
13286,3.2
13287,-1.6
13288,-0.8
13289,0
13290,5.6
13291,0
13292,-1.6
13293,-0.8
13294,3.2
13295,-3.2
13296,-3.2
13297,0
13298,-6.4
13299,2.4
13300,0
13301,-0.8
13302,4
13303,-1.6
13304,2.4
13305,-0.8
13306,0.8
13307,2.4
13308,-2.4
13309,-3.2
13310,-2.4
13311,-0.8
13312,0.8
13313,-0.8
13314,0
13315,-0.8
13316,-4
13317,-1.6
13318,0.8
13319,0
13320,0
13321,3.2
13322,0
13323,-0.8
13324,-0.8
13325,0
13326,2.4
13327,0.8
13328,0
13329,-0.8
13330,9.6
13331,-1.6
13332,2.4
13333,-0.8
13334,-1.6
13335,-0.8
13336,-3.2
13337,0
13338,-0.8
13339,2.4
13340,-0.8
13341,-1.6
13342,-2.4
13343,0
13344,-0.8
13345,0
13346,0
13347,-5.6
13348,-0.8
13349,-1.6
13350,2.4
13351,-2.4
13352,0.8
13353,1.6
13354,0
13355,-11.2
13356,-3.2
13357,2.4
13358,1.6
13359,0
13360,1.6
13361,0
13362,-1.6
13363,0
13364,0
13365,-2.4
13366,3.2
13367,-6.4
13368,1.6
13369,0.8
13370,0.8
13371,0
13372,0.8
13373,-0.8
13374,0
13375,-1.6
13376,2.4
13377,0
13378,-3.2
13379,0
13380,4
13381,1.6
13382,1.6
13383,2.4
13384,-0.8
13385,-0.8
13386,-1.6
13387,0
13388,0
13389,-3.2
13390,0
13391,-4
13392,-2.4
13393,-0.8
13394,0
13395,-0.8
13396,0
13397,0
13398,-3.2
13399,-3.2
13400,-0.8
13401,0.8
13402,-0.8
13403,2.4
13404,0
13405,-1.6
13406,-5.6
13407,-1.6
13408,-4
13409,1.6
13410,0
13411,-0.8
13412,0
13413,0.8
13414,-0.8
13415,-0.8
13416,3.2
13417,0.8
13418,-0.8
13419,-0.8
13420,0
13421,-0.8
13422,-3.2
13423,0
13424,2.4
13425,0
13426,2.4
13427,2.4
13428,0.8
13429,0
13430,-0.8
13431,0.8
13432,-2.4
13433,5.6
13434,0.8
13435,-0.8
13436,0
13437,0.8
13438,0.8
13439,-2.4
13440,-4
13441,-1.6
13442,0
13443,-0.8
13444,-2.4
13445,0
13446,0
13447,2.4
13448,0
13449,-3.2
13450,0.8
13451,-0.8
13452,2.4
13453,-2.4
13454,0
13455,2.4
13456,11.2
13457,0
13458,-1.6
13459,1.6
13460,0
13461,0
13462,-1.6
13463,-1.6
13464,0.8
13465,2.4
13466,2.4
13467,0
13468,-0.8
13469,0
13470,-0.8
13471,2.4
13472,-2.4
13473,-4
13474,0
13475,-3.2
13476,-0.8
13477,-12
13478,-1.6
13479,1.6
13480,-1.6
13481,8
13482,-4.8
13483,2.4
13484,-1.6
13485,-0.8
13486,2.4
13487,-3.2
13488,-3.2
13489,-4.8
13490,0
13491,-2.4
13492,0
13493,-4
13494,1.6
13495,-3.2
13496,0.8
13497,-2.4
13498,-3.2
13499,0
13500,-3.2
13501,-0.8
13502,-12
13503,-0.8
13504,-0.8
13505,-0.8
13506,-4
13507,-0.8
13508,4
13509,1.6
13510,0
13511,-3.2
13512,0.8
13513,0
13514,0
13515,2.4
13516,0.8
13517,1.6
13518,-0.8
13519,-0.8
13520,-3.2
13521,0
13522,2.4
13523,-0.8
13524,0.8
13525,-0.8
13526,-3.2
13527,-0.8
13528,0
13529,-6.4
13530,-3.2
13531,-4.8
13532,1.6
13533,0.8
13534,4
13535,0.8
13536,3.2
13537,0.8
13538,1.6
13539,-4
13540,1.6
13541,-1.6
13542,0.8
13543,0.8
13544,-1.6
13545,-1.6
13546,-0.8
13547,-1.6
13548,2.4
13549,-0.8
13550,4
13551,0.8
13552,0
13553,0
13554,-0.8
13555,-0.8
13556,2.4
13557,9.6
13558,-1.6
13559,2.4
13560,0.8
13561,1.6
13562,-0.8
13563,0
13564,-1.6
13565,-3.2
13566,4
13567,0.8
13568,-0.8
13569,-3.2
13570,-0.8
13571,-2.4
13572,-0.8
13573,2.4
13574,0.8
13575,0.8
13576,-2.4
13577,2.4
13578,1.6
13579,12
13580,-0.8
13581,-3.2
13582,-2.4
13583,0.8
13584,5.6
13585,-1.6
13586,4
13587,-0.8
13588,16.799999
13589,-1.6
13590,-4
13591,-1.6
13592,7.2
13593,7.2
13594,1.6
13595,-0.8
13596,0
13597,-1.6
13598,-8
13599,-3.2
13600,3.2
13601,-0.8
13602,0
13603,-2.4
13604,1.6
13605,-2.4
13606,2.4
13607,-1.6
13608,-9.6
13609,-0.8
13610,1.6
13611,2.4
13612,0.8
13613,-1.6
13614,4
13615,0
13616,-6.4
13617,2.4
13618,2.4
13619,2.4
13620,2.4
13621,-4
13622,3.2
13623,-8
13624,7.2
13625,-3.2
13626,-4.8
13627,0.8
13628,-3.2
13629,-2.4
13630,13.6
13631,2.4
13632,12
13633,-0.8
13634,0.8
13635,23.200001
13636,-3.2
13637,0.8
13638,-3.2
13639,-4
13640,-0.8
13641,-3.2
13642,5.6
13643,0.8
13644,-3.2
13645,3.2
13646,-3.2
13647,-3.2
13648,-0.8
13649,0
13650,5.6
13651,0.8
13652,-3.2
13653,-2.4
13654,2.4
13655,-36.799999
13656,-3.2
13657,-8
13658,-20.799999
13659,-2.4
13660,2.4
13661,-0.8
13662,-5.6
13663,0
13664,5.6
13665,-0.8
13666,28
13667,0.8
13668,-2.4
13669,7.2
13670,2.4
13671,-8
13672,0
13673,2.4
13674,-0.8
13675,4
13676,-15.2
13677,-1.6
13678,-7.2
13679,0.8
13680,-16.799999
13681,9.6
13682,7.2
13683,-4.8
13684,-0.8
13685,-7.2
13686,0.8
13687,-12
13688,-3.2
13689,4
13690,18.4
13691,0
13692,-0.8
13693,-0.8
13694,0.8
13695,2.4
13696,3.2
13697,0.8
13698,-5.6
13699,-0.8
13700,5.6
13701,-3.2
13702,-0.8
13703,2.4
13704,2.4
13705,-3.2
13706,4
13707,0
13708,-8.8
13709,-5.6
13710,1.6
13711,-1.6
13712,-3.2
13713,-3.2
13714,12.8
13715,1.6
13716,2.4
13717,0.8
13718,0.8
13719,2.4
13720,-3.2
13721,0.8
13722,0.8
13723,5.6
13724,-3.2
13725,4
13726,-1.6
13727,0
13728,0
13729,-3.2
13730,15.2
13731,0.8
13732,2.4
13733,-5.6
13734,0
13735,0.8
13736,2.4
13737,-20.799999
13738,-0.8
13739,-2.4
13740,3.2
13741,5.6
13742,-8.8
13743,0
13744,-8.8
13745,0.8
13746,2.4
13747,-3.2
13748,-0.8
13749,0
13750,0
13751,-4
13752,0
13753,0
13754,-0.8
13755,-3.2
13756,-3.2
13757,-4
13758,-4.8
13759,-4
13760,-7.2
13761,0
13762,7.2
13763,0
13764,5.6
13765,4
13766,5.6
13767,-1.6
13768,0.8
13769,2.4
13770,3.2
13771,0.8
13772,8
13773,-3.2
13774,-0.8
13775,7.2
13776,-0.8
13777,1.6
13778,8.8
13779,0
13780,-3.2
13781,4
13782,3.2
13783,5.6
13784,0.8
13785,5.6
13786,0
13787,-19.200001
13788,0
13789,-3.2
13790,9.6
13791,-0.8
13792,4
13793,2.4
13794,1.6
13795,-10.4
13796,3.2
13797,0.8
13798,-5.6
13799,4
13800,-17.6
13801,1.6
13802,4
13803,-3.2
13804,0.8
13805,5.6
13806,0
13807,4
13808,-5.6
13809,5.6
13810,0
13811,2.4
13812,0.8
13813,0
13814,7.2
13815,0.8
13816,7.2
13817,0.8
13818,0.8
13819,1.6
13820,-1.6
13821,-1.6
13822,2.4
13823,0.8
13824,-0.8
13825,-12.8
13826,0.8
13827,18.4
13828,7.2
13829,2.4
13830,-0.8
13831,2.4
13832,-5.6
13833,-5.6
13834,1.6
13835,-3.2
13836,-2.4
13837,-0.8
13838,-0.8
13839,0.8
13840,-0.8
13841,3.2
13842,2.4
13843,2.4
13844,0.8
13845,0
13846,0
13847,-4
13848,-3.2
13849,-3.2
13850,2.4
13851,0.8
13852,4
13853,0.8
13854,1.6
13855,9.6
13856,-6.4
13857,0.8
13858,-2.4
13859,4
13860,1.6
13861,6.4
13862,-3.2
13863,1.6
13864,-1.6
13865,11.2
13866,4
13867,-21.6
13868,15.2
13869,0
13870,-2.4
13871,1.6
13872,-3.2
13873,0
13874,0.8
13875,3.2
13876,0.8
13877,-2.4
13878,-0.8
13879,-8.8
13880,-3.2
13881,-6.4
13882,0
13883,-5.6
13884,-3.2
13885,-0.8
13886,-6.4
13887,2.4
13888,2.4
13889,0
13890,0.8
13891,-3.2
13892,2.4
13893,-3.2
13894,0.8
13895,-0.8
13896,0.8
13897,2.4
13898,-0.8
13899,5.6
13900,-2.4
13901,2.4
13902,0.8
13903,-3.2
13904,4
13905,-5.6
13906,-4
13907,4
13908,0
13909,30.4
13910,0.8
13911,7.2
13912,-3.2
13913,2.4
13914,-4.8
13915,-0.8
13916,2.4
13917,-2.4
13918,0.8
13919,7.2
13920,0
13921,19.200001
13922,19.200001
13923,-3.2
13924,0
13925,9.6
13926,-0.8
13927,0
13928,6.4
13929,18.4
13930,-4
13931,7.2
13932,3.2
13933,5.6
13934,-7.2
13935,-1.6
13936,2.4
13937,4
13938,2.4
13939,-4.8
13940,0
13941,0
13942,0.8
13943,-1.6
13944,0.8
13945,2.4
13946,4
13947,0
13948,4
13949,7.2
13950,0.8
13951,5.6
13952,0
13953,-1.6
13954,0.8
13955,-3.2
13956,4
13957,0
13958,-4
13959,2.4
13960,0.8
13961,1.6
13962,-3.2
13963,-0.8
13964,-0.8
13965,-4.8
13966,0
13967,-0.8
13968,-3.2
13969,4
13970,2.4
13971,2.4
13972,4
13973,-0.8
13974,-8.8
13975,0.8
13976,-6.4
13977,4
13978,2.4
13979,-6.4
13980,1.6
13981,5.6
13982,5.6
13983,-8.8
13984,28
13985,-4.8
13986,-15.2
13987,-4
13988,3.2
13989,-5.6
13990,-2.4
13991,-0.8
13992,3.2
13993,0
13994,-5.6
13995,8
13996,-1.6
13997,0
13998,-2.4
13999,4
14000,-4
14001,-0.8
14002,0.8
14003,-4
14004,12.8
14005,0.8
14006,4
14007,0.8
14008,5.6
14009,2.4
14010,-12.8
14011,0
14012,-3.2
14013,-17.6
14014,24.799999
14015,-2.4
14016,7.2
14017,-4
14018,6.4
14019,7.2
14020,5.6
14021,-2.4
14022,-6.4
14023,-4
14024,-0.8
14025,2.4
14026,0
14027,-2.4
14028,-4.8
14029,0.8
14030,5.6
14031,3.2
14032,-0.8
14033,0.8
14034,-6.4
14035,2.4
14036,-2.4
14037,4
14038,12.8
14039,2.4
14040,1.6
14041,1.6
14042,4
14043,-2.4
14044,3.2
14045,-3.2
14046,-4.8
14047,2.4
14048,4
14049,2.4
14050,-0.8
14051,30.4
14052,2.4
14053,-3.2
14054,-3.2
14055,-0.8
14056,-2.4
14057,7.2
14058,4
14059,2.4
14060,0
14061,-0.8
14062,3.2
14063,5.6
14064,12.8
14065,-0.8
14066,-2.4
14067,0.8
14068,0.8
14069,0.8
14070,2.4
14071,0.8
14072,2.4
14073,0.8
14074,11.2
14075,3.2
14076,0
14077,-4
14078,9.6
14079,0
14080,2.4
14081,-3.2
14082,0
14083,-6.4
14084,0.8
14085,-24
14086,-40
14087,-2.4
14088,-8.8
14089,-4.8
14090,4
14091,0
14092,6.4
14093,0
14094,5.6
14095,4
14096,-0.8
14097,0
14098,7.2
14099,0.8
14100,-2.4
14101,-0.8
14102,2.4
14103,-3.2
14104,-5.6
14105,2.4
14106,-3.2
14107,26.4
14108,3.2
14109,-4
14110,8.8
14111,-4.8
14112,2.4
14113,-3.2
14114,0.8
14115,0.8
14116,-0.8
14117,-3.2
14118,-4
14119,0.8
14120,4
14121,-0.8
14122,9.6
14123,2.4
14124,8
14125,1.6
14126,4
14127,3.2
14128,18.4
14129,5.6
14130,6.4
14131,-0.8
14132,0
14133,-26.4
14134,-4
14135,0.8
14136,1.6
14137,4
14138,-31.200001
14139,-4.8
14140,3.2
14141,-3.2
14142,1.6
14143,-0.8
14144,-4
14145,4
14146,-3.2
14147,-2.4
14148,-0.8
14149,2.4
14150,-1.6
14151,-5.6
14152,0.8
14153,-4
14154,0.8
14155,-5.6
14156,-8
14157,-5.6
14158,36.799999
14159,2.4
14160,-3.2
14161,2.4
14162,0.8
14163,-1.6
14164,-4
14165,0
14166,-6.4
14167,-3.2
14168,0
14169,0
14170,-8.8
14171,-4
14172,0.8
14173,2.4
14174,-3.2
14175,2.4
14176,-0.8
14177,-3.2
14178,-1.6
14179,8
14180,3.2
14181,7.2
14182,0
14183,-3.2
14184,-5.6
14185,-3.2
14186,1.6
14187,1.6
14188,1.6
14189,-8
14190,-5.6
14191,-4.8
14192,0
14193,2.4
14194,-8
14195,2.4
14196,2.4
14197,-2.4
14198,-1.6
14199,1.6
14200,-4.8
14201,1.6
14202,1.6
14203,24.799999
14204,5.6
14205,-5.6
14206,-11.2
14207,-1.6
14208,19.200001
14209,0
14210,-3.2
14211,0
14212,-0.8
14213,4
14214,7.2
14215,2.4
14216,0
14217,-3.2
14218,-6.4
14219,3.2
14220,0
14221,5.6
14222,-3.2
14223,-6.4
14224,2.4
14225,4
14226,-4.8
14227,-1.6
14228,5.6
14229,-4.8
14230,-7.2
14231,-3.2
14232,-16.799999
14233,-7.2
14234,-15.2
14235,-5.6
14236,-1.6
14237,-4
14238,2.4
14239,-4
14240,-13.6
14241,-2.4
14242,0
14243,-3.2
14244,7.2
14245,-2.4
14246,-11.2
14247,4
14248,2.4
14249,5.6
14250,0
14251,13.6
14252,5.6
14253,-5.6
14254,-5.6
14255,-4
14256,22.4
14257,0.8
14258,0
14259,-0.8
14260,2.4
14261,-3.2
14262,-3.2
14263,-3.2
14264,0.8
14265,-8
14266,5.6
14267,3.2
14268,4
14269,0
14270,0.8
14271,6.4
14272,4
14273,4
14274,-7.2
14275,0
14276,2.4
14277,0
14278,-0.8
14279,-5.6
14280,0
14281,5.6
14282,0.8
14283,11.2
14284,-16
14285,-8.8
14286,-11.2
14287,2.4
14288,3.2
14289,5.6
14290,3.2
14291,7.2
14292,7.2
14293,-4
14294,-4.8
14295,-3.2
14296,0
14297,-5.6
14298,-8.8
14299,4
14300,-5.6
14301,4
14302,-1.6
14303,-3.2
14304,2.4
14305,-1.6
14306,4
14307,8
14308,0
14309,-1.6
14310,-4
14311,-4
14312,-1.6
14313,0.8
14314,3.2
14315,-4
14316,9.6
14317,5.6
14318,-3.2
14319,-8.8
14320,-2.4
14321,5.6
14322,3.2
14323,7.2
14324,-5.6
14325,2.4
14326,4
14327,-1.6
14328,2.4
14329,0.8
14330,5.6
14331,2.4
14332,-15.2
14333,-6.4
14334,-1.6
14335,-4
14336,0.8
14337,0.8
14338,-0.8
14339,-0.8
14340,-2.4
14341,7.2
14342,0
14343,-5.6
14344,0
14345,-4
14346,0.8
14347,0.8
14348,-3.2
14349,-2.4
14350,-4
14351,-10.4
14352,0
14353,0
14354,0
14355,5.6
14356,7.2
14357,-3.2
14358,4
14359,-1.6
14360,-3.2
14361,0.8
14362,1.6
14363,-3.2
14364,2.4
14365,1.6
14366,0.8
14367,-4
14368,-0.8
14369,-1.6
14370,-4
14371,-1.6
14372,0.8
14373,-5.6
14374,1.6
14375,2.4
14376,4
14377,2.4
14378,-0.8
14379,2.4
14380,-1.6
14381,6.4
14382,2.4
14383,-12
14384,-4.8
14385,8
14386,-25.6
14387,2.4
14388,-3.2
14389,2.4
14390,-0.8
14391,8
14392,-4
14393,8
14394,4
14395,-5.6
14396,0.8
14397,0.8
14398,-4
14399,2.4
14400,-6.4
14401,-16
14402,-5.6
14403,-20
14404,4
14405,-0.8
14406,2.4
14407,-12
14408,4
14409,2.4
14410,-0.8
14411,0.8
14412,0
14413,-4.8
14414,1.6
14415,0
14416,32.799999
14417,-4
14418,-14.4
14419,0.8
14420,0
14421,-3.2
14422,-5.6
14423,-1.6
14424,3.2
14425,7.2
14426,23.200001
14427,-3.2
14428,30.4
14429,-8
14430,0
14431,7.2
14432,4
14433,2.4
14434,-8.8
14435,-0.8
14436,-3.2
14437,-1.6
14438,-3.2
14439,-3.2
14440,0.8
14441,-11.2
14442,0.8
14443,4
14444,2.4
14445,-3.2
14446,-3.2
14447,-2.4
14448,-0.8
14449,0.8
14450,-6.4
14451,-30.4
14452,-8.8
14453,-4
14454,-3.2
14455,0
14456,7.2
14457,-1.6
14458,-0.8
14459,-2.4
14460,5.6
14461,-19.200001
14462,-3.2
14463,-4.8
14464,-2.4
14465,-5.6
14466,-3.2
14467,0
14468,-3.2
14469,-1.6
14470,-3.2
14471,-0.8
14472,14.4
14473,-2.4
14474,2.4
14475,4
14476,-0.8
14477,12
14478,0.8
14479,-32
14480,-9.6
14481,2.4
14482,4
14483,0.8
14484,0.8
14485,-0.8
14486,0.8
14487,-1.6
14488,1.6
14489,-0.8
14490,1.6
14491,-14.4
14492,2.4
14493,0
14494,2.4
14495,-1.6
14496,-1.6
14497,0.8
14498,-3.2
14499,2.4
14500,0
14501,4
14502,9.6
14503,0
14504,-0.8
14505,-5.6
14506,2.4
14507,0
14508,1.6
14509,0
14510,-4
14511,-0.8
14512,-0.8
14513,-5.6
14514,2.4
14515,0.8
14516,1.6
14517,-3.2
14518,-0.8
14519,2.4
14520,1.6
14521,5.6
14522,7.2
14523,-1.6
14524,2.4
14525,-2.4
14526,0
14527,-0.8
14528,2.4
14529,1.6
14530,-3.2
14531,0
14532,4
14533,-3.2
14534,-3.2
14535,-0.8
14536,2.4
14537,0.8
14538,0.8
14539,-4
14540,-0.8
14541,-5.6
14542,-3.2
14543,-2.4
14544,0
14545,0
14546,2.4
14547,0.8
14548,2.4
14549,4
14550,-0.8
14551,-2.4
14552,-1.6
14553,0
14554,-2.4
14555,-14.4
14556,-3.2
14557,-0.8
14558,0
14559,-3.2
14560,-2.4
14561,-4
14562,-7.2
14563,-1.6
14564,9.6
14565,0
14566,2.4
14567,-0.8
14568,2.4
14569,0
14570,-3.2
14571,-2.4
14572,-2.4
14573,0.8
14574,-3.2
14575,-3.2
14576,-3.2
14577,2.4
14578,0.8
14579,0
14580,2.4
14581,-5.6
14582,-0.8
14583,-4.8
14584,0
14585,4
14586,9.6
14587,1.6
14588,0
14589,2.4
14590,-3.2
14591,-4.8
14592,-0.8
14593,-2.4
14594,-0.8
14595,2.4
14596,0
14597,0.8
14598,2.4
14599,12.8
14600,0
14601,0.8
14602,-0.8
14603,0
14604,1.6
14605,-1.6
14606,-3.2
14607,-8.8
14608,2.4
14609,1.6
14610,2.4
14611,-1.6
14612,0
14613,1.6
14614,4
14615,-2.4
14616,2.4
14617,-1.6
14618,2.4
14619,0.8
14620,2.4
14621,4
14622,1.6
14623,-1.6
14624,4
14625,-3.2
14626,2.4
14627,-1.6
14628,0
14629,1.6
14630,3.2
14631,-2.4
14632,1.6
14633,-2.4
14634,0
14635,-4.8
14636,-14.4
14637,0
14638,-0.8
14639,0.8
14640,-3.2
14641,0.8
14642,0.8
14643,-2.4
14644,2.4
14645,1.6
14646,4
14647,-1.6
14648,0
14649,2.4
14650,0
14651,0
14652,-8.8
14653,0
14654,0
14655,0
14656,-2.4
14657,-3.2
14658,-3.2
14659,-0.8
14660,-0.8
14661,0
14662,0
14663,1.6
14664,5.6
14665,2.4
14666,0
14667,-3.2
14668,0.8
14669,-4
14670,-0.8
14671,8
14672,-0.8
14673,-3.2
14674,-0.8
14675,0.8
14676,-0.8
14677,0.8
14678,-2.4
14679,-0.8
14680,-2.4
14681,0
14682,-0.8
14683,3.2
14684,0
14685,-0.8
14686,0
14687,0.8
14688,-3.2
14689,-3.2
14690,-4
14691,-6.4
14692,-3.2
14693,-3.2
14694,2.4
14695,0
14696,0
14697,0.8
14698,-0.8
14699,4
14700,-3.2
14701,-0.8
14702,0
14703,-0.8
14704,0
14705,7.2
14706,0
14707,-2.4
14708,0
14709,2.4
14710,-0.8
14711,0
14712,0
14713,-3.2
14714,-1.6
14715,2.4
14716,-0.8
14717,0
14718,-0.8
14719,-3.2
14720,-0.8
14721,1.6
14722,-0.8
14723,0.8
14724,0
14725,0.8
14726,-1.6
14727,2.4
14728,0
14729,-3.2
14730,2.4
14731,3.2
14732,-2.4
14733,4
14734,-3.2
14735,0.8
14736,-0.8
14737,-3.2
14738,-4
14739,-0.8
14740,2.4
14741,0
14742,2.4
14743,-0.8
14744,-1.6
14745,-3.2
14746,0
14747,2.4
14748,-0.8
14749,2.4
14750,-0.8
14751,-3.2
14752,0.8
14753,-4
14754,0
14755,-1.6
14756,0.8
14757,-0.8
14758,-4
14759,0.8
14760,0.8
14761,2.4
14762,-0.8
14763,0.8
14764,-2.4
14765,-0.8
14766,2.4
14767,4
14768,0.8
14769,0
14770,-4
14771,2.4
14772,0.8
14773,2.4
14774,0
14775,4
14776,1.6
14777,-4
14778,2.4
14779,4
14780,-3.2
14781,2.4
14782,0.8
14783,1.6
14784,7.2
14785,-0.8
14786,4
14787,0.8
14788,-1.6
14789,-3.2
14790,0.8
14791,1.6
14792,1.6
14793,-1.6
14794,0
14795,0
14796,-0.8
14797,-0.8
14798,0
14799,0.8
14800,-4
14801,-0.8
14802,-3.2
14803,-0.8
14804,0.8
14805,-1.6
14806,0
14807,-0.8
14808,2.4
14809,-0.8
14810,-3.2
14811,0
14812,-0.8
14813,-1.6
14814,0.8
14815,0.8
14816,0.8
14817,2.4
14818,1.6
14819,2.4
14820,-3.2
14821,-0.8
14822,0
14823,2.4
14824,-1.6
14825,0.8
14826,-1.6
14827,1.6
14828,0.8
14829,0.8
14830,0
14831,-2.4
14832,4
14833,-0.8
14834,-1.6
14835,2.4
14836,0
14837,-0.8
14838,-0.8
14839,-3.2
14840,-1.6
14841,0
14842,2.4
14843,0
14844,0.8
14845,0
14846,4
14847,2.4
14848,0
14849,0
14850,-0.8
14851,0
14852,0
14853,-1.6
14854,-0.8
14855,8
14856,2.4
14857,0
14858,-4
14859,-1.6
14860,0.8
14861,0
14862,-0.8
14863,-1.6
14864,0.8
14865,0.8
14866,-0.8
14867,0.8
14868,2.4
14869,0
14870,0.8
14871,-0.8
14872,-2.4
14873,-0.8
14874,0.8
14875,-1.6
14876,-0.8
14877,0
14878,1.6
14879,-1.6
14880,-2.4
14881,0.8
14882,0.8
14883,0.8
14884,-0.8
14885,-1.6
14886,-6.4
14887,-1.6
14888,0
14889,1.6
14890,0
14891,0
14892,0.8
14893,0
14894,-0.8
14895,5.6
14896,0
14897,1.6
14898,0
14899,0
14900,-3.2
14901,0
14902,-0.8
14903,-0.8
14904,0.8
14905,0.8
14906,0
14907,0
14908,1.6
14909,0.8
14910,0
14911,0.8
14912,0
14913,1.6
14914,0
14915,2.4
14916,0.8
14917,2.4
14918,0.8
14919,-0.8
14920,0.8
14921,0
14922,0.8
14923,2.4
14924,-4
14925,0
14926,2.4
14927,0.8
14928,2.4
14929,-0.8
14930,2.4
14931,-0.8
14932,-3.2
14933,0
14934,-0.8
14935,-3.2
14936,0.8
14937,0
14938,0
14939,-0.8
14940,-0.8
14941,-0.8
14942,2.4
14943,-2.4
14944,0
14945,-1.6
14946,-0.8
14947,1.6
14948,2.4
14949,-3.2
14950,0.8
14951,2.4
14952,0
14953,1.6
14954,0.8
14955,3.2
14956,-3.2
14957,0.8
14958,-0.8
14959,-2.4
14960,1.6
14961,0.8
14962,0.8
14963,2.4
14964,5.6
14965,-0.8
14966,-1.6
14967,-1.6
14968,2.4
14969,0.8
14970,2.4
14971,0.8
14972,2.4
14973,0.8
14974,-1.6
14975,0
14976,1.6
14977,-0.8
14978,0
14979,0
14980,2.4
14981,-4
14982,-5.6
14983,0.8
14984,2.4
14985,2.4
14986,0
14987,-1.6
14988,0
14989,-3.2
14990,2.4
14991,-4
14992,1.6
14993,-0.8
14994,-0.8
14995,4
14996,0
14997,0.8
14998,0
14999,-0.8
15000,-3.2
15001,-1.6
15002,0
15003,0.8
15004,-1.6
15005,-0.8
15006,-0.8
15007,4
15008,2.4
15009,-2.4
15010,-1.6
15011,2.4
15012,0
15013,-0.8
15014,0.8
15015,-3.2
15016,-3.2
15017,3.2
15018,3.2
15019,-16
15020,0
15021,-3.2
15022,-0.8
15023,4
15024,1.6
15025,4
15026,0
15027,-2.4
15028,0.8
15029,3.2
15030,0
15031,-0.8
15032,-4.8
15033,-3.2
15034,4
15035,-2.4
15036,0
15037,0.8
15038,0
15039,-0.8
15040,-0.8
15041,0.8
15042,-1.6
15043,-3.2
15044,2.4
15045,2.4
15046,0.8
15047,2.4
15048,0
15049,-0.8
15050,-0.8
15051,2.4
15052,-2.4
15053,-0.8
15054,-1.6
15055,-2.4
15056,0.8
15057,-0.8
15058,0.8
15059,-0.8
15060,-1.6
15061,2.4
15062,2.4
15063,-0.8
15064,-2.4
15065,2.4
15066,-0.8
15067,2.4
15068,2.4
15069,-3.2
15070,2.4
15071,-0.8
15072,-1.6
15073,0
15074,2.4
15075,4
15076,0.8
15077,-4
15078,1.6
15079,0.8
15080,2.4
15081,-2.4
15082,-1.6
15083,-0.8
15084,-8
15085,-3.2
15086,0
15087,-1.6
15088,-3.2
15089,2.4
15090,3.2
15091,-6.4
15092,-0.8
15093,-1.6
15094,0.8
15095,-2.4
15096,-0.8
15097,0.8
15098,2.4
15099,-0.8
15100,-0.8
15101,0
15102,2.4
15103,-1.6
15104,-3.2
15105,0.8
15106,-0.8
15107,0
15108,5.6
15109,1.6
15110,-4
15111,-0.8
15112,-0.8
15113,-1.6
15114,0.8
15115,0
15116,-0.8
15117,0
15118,2.4
15119,-3.2
15120,0
15121,1.6
15122,-4
15123,0
15124,-1.6
15125,0.8
15126,0.8
15127,0.8
15128,0.8
15129,1.6
15130,2.4
15131,0
15132,0
15133,3.2
15134,-4
15135,-3.2
15136,5.6
15137,0.8
15138,-0.8
15139,-1.6
15140,-2.4
15141,-0.8
15142,2.4
15143,1.6
15144,-1.6
15145,0
15146,2.4
15147,-1.6
15148,-1.6
15149,0.8
15150,-4
15151,-4
15152,0
15153,0
15154,-0.8
15155,0
15156,0.8
15157,0.8
15158,0.8
15159,2.4
15160,-1.6
15161,-0.8
15162,0
15163,0.8
15164,1.6
15165,0
15166,0
15167,2.4
15168,2.4
15169,4
15170,2.4
15171,2.4
15172,0
15173,2.4
15174,1.6
15175,0
15176,0
15177,0.8
15178,0.8
15179,2.4
15180,2.4
15181,3.2
15182,-3.2
15183,0.8
15184,-0.8
15185,-1.6
15186,-4
15187,0
15188,1.6
15189,-4
15190,-0.8
15191,0.8
15192,-1.6
15193,-1.6
15194,2.4
15195,1.6
15196,0
15197,2.4
15198,1.6
15199,0
15200,-8.8
15201,-3.2
15202,1.6
15203,2.4
15204,0
15205,0.8
15206,-0.8
15207,-0.8
15208,2.4
15209,4
15210,0
15211,-0.8
15212,0
15213,0
15214,4
15215,-0.8
15216,-3.2
15217,-0.8
15218,0.8
15219,-1.6
15220,-0.8
15221,0.8
15222,0.8
15223,0.8
15224,-3.2
15225,0
15226,0
15227,0.8
15228,0
15229,0.8
15230,-0.8
15231,-3.2
15232,-2.4
15233,-1.6
15234,-0.8
15235,0
15236,0
15237,0
15238,0
15239,-1.6
15240,-1.6
15241,-0.8
15242,-1.6
15243,1.6
15244,-1.6
15245,0.8
15246,-2.4
15247,0
15248,0.8
15249,-1.6
15250,-2.4
15251,0.8
15252,0
15253,0
15254,0
15255,0
15256,-3.2
15257,-0.8
15258,-0.8
15259,2.4
15260,0.8
15261,0.8
15262,0
15263,0.8
15264,2.4
15265,0
15266,1.6
15267,0.8
15268,2.4
15269,0
15270,-0.8
15271,0.8
15272,0.8
15273,0
15274,0.8
15275,0.8
15276,0.8
15277,-0.8
15278,4
15279,0.8
15280,-1.6
15281,7.2
15282,-0.8
15283,0.8
15284,-3.2
15285,0
15286,-0.8
15287,0.8
15288,0
15289,-2.4
15290,0.8
15291,0
15292,0.8
15293,-1.6
15294,0
15295,0
15296,0.8
15297,2.4
15298,0
15299,0.8
15300,0.8
15301,-2.4
15302,-0.8
15303,-1.6
15304,1.6
15305,-0.8
15306,0
15307,2.4
15308,0
15309,0
15310,0
15311,2.4
15312,-0.8
15313,0
15314,-0.8
15315,0
15316,0
15317,-3.2
15318,2.4
15319,1.6
15320,2.4
15321,0.8
15322,0
15323,-0.8
15324,-3.2
15325,3.2
15326,2.4
15327,0
15328,-0.8
15329,-0.8
15330,-1.6
15331,2.4
15332,2.4
15333,1.6
15334,4
15335,2.4
15336,1.6
15337,-2.4
15338,-3.2
15339,4
15340,-1.6
15341,0
15342,-0.8
15343,-3.2
15344,0
15345,-1.6
15346,0
15347,0.8
15348,2.4
15349,-0.8
15350,-3.2
15351,-3.2
15352,-2.4
15353,0
15354,3.2
15355,-0.8
15356,0
15357,3.2
15358,-4
15359,-3.2
15360,0.8
15361,-4.8
15362,0.8
15363,0
15364,0
15365,0
15366,2.4
15367,-0.8
15368,0.8
15369,-2.4
15370,0
15371,0.8
15372,0
15373,-1.6
15374,0
15375,2.4
15376,-0.8
15377,-4.8
15378,0.8
15379,2.4
15380,0
15381,0.8
15382,0
15383,-0.8
15384,0
15385,2.4
15386,2.4
15387,-0.8
15388,-3.2
15389,1.6
15390,-0.8
15391,0
15392,-3.2
15393,0
15394,0
15395,-3.2
15396,0.8
15397,4
15398,1.6
15399,-0.8
15400,-2.4
15401,2.4
15402,0
15403,0.8
15404,-0.8
15405,-0.8
15406,-3.2
15407,2.4
15408,0
15409,2.4
15410,0.8
15411,0
15412,-1.6
15413,-1.6
15414,4
15415,0
15416,-3.2
15417,0.8
15418,4
15419,0
15420,2.4
15421,0
15422,2.4
15423,0
15424,2.4
15425,0.8
15426,0
15427,0
15428,0.8
15429,-3.2
15430,-4
15431,-4
15432,2.4
15433,0.8
15434,-0.8
15435,0.8
15436,0
15437,-3.2
15438,-3.2
15439,-0.8
15440,-0.8
15441,5.6
15442,2.4
15443,-1.6
15444,-1.6
15445,-1.6
15446,0
15447,-2.4
15448,2.4
15449,-3.2
15450,-2.4
15451,0
15452,-0.8
15453,0.8
15454,-0.8
15455,-1.6
15456,-0.8
15457,4
15458,-2.4
15459,-0.8
15460,0
15461,-2.4
15462,0
15463,-0.8
15464,-0.8
15465,2.4
15466,2.4
15467,0.8
15468,2.4
15469,0
15470,0
15471,0
15472,0.8
15473,4
15474,-2.4
15475,2.4
15476,-4
15477,0
15478,-0.8
15479,-4
15480,-3.2
15481,5.6
15482,-4.8
15483,0.8
15484,-3.2
15485,2.4
15486,2.4
15487,-1.6
15488,2.4
15489,-0.8
15490,-3.2
15491,-4
15492,0.8
15493,-0.8
15494,-3.2
15495,-3.2
15496,-0.8
15497,-3.2
15498,-0.8
15499,4
15500,-2.4
15501,-3.2
15502,-0.8
15503,0
15504,-0.8
15505,0
15506,-1.6
15507,0
15508,-7.2
15509,-0.8
15510,-0.8
15511,2.4
15512,4
15513,0
15514,-2.4
15515,-4
15516,2.4
15517,0
15518,0.8
15519,2.4
15520,0.8
15521,-1.6
15522,0
15523,3.2
15524,0
15525,1.6
15526,2.4
15527,0.8
15528,-1.6
15529,-0.8
15530,-0.8
15531,-1.6
15532,0.8
15533,4
15534,-0.8
15535,3.2
15536,0.8
15537,0
15538,-2.4
15539,2.4
15540,-0.8
15541,-1.6
15542,4
15543,1.6
15544,0.8
15545,0.8
15546,0
15547,0.8
15548,-2.4
15549,0
15550,-3.2
15551,-8.8
15552,0
15553,-1.6
15554,0
15555,-0.8
15556,2.4
15557,0
15558,0
15559,1.6
15560,0
15561,-0.8
15562,-4
15563,1.6
15564,-0.8
15565,3.2
15566,-3.2
15567,-1.6
15568,2.4
15569,0.8
15570,0.8
15571,-0.8
15572,-3.2
15573,-5.6
15574,-1.6
15575,6.4
15576,0.8
15577,0
15578,-3.2
15579,2.4
15580,0
15581,-4
15582,-3.2
15583,-2.4
15584,0.8
15585,1.6
15586,1.6
15587,2.4
15588,0.8
15589,-1.6
15590,-0.8
15591,-1.6
15592,0
15593,0
15594,-1.6
15595,0
15596,-0.8
15597,-2.4
15598,-1.6
15599,-1.6
15600,-4
15601,-0.8
15602,0.8
15603,-0.8
15604,-5.6
15605,-0.8
15606,-1.6
15607,-0.8
15608,-3.2
15609,0
15610,-4
15611,-3.2
15612,-0.8
15613,-3.2
15614,-3.2
15615,2.4
15616,-0.8
15617,0
15618,0.8
15619,-0.8
15620,2.4
15621,1.6
15622,-4.8
15623,-2.4
15624,-0.8
15625,2.4
15626,3.2
15627,-0.8
15628,2.4
15629,1.6
15630,-1.6
15631,-3.2
15632,2.4
15633,-3.2
15634,0
15635,0.8
15636,0.8
15637,0
15638,-0.8
15639,2.4
15640,-0.8
15641,-3.2
15642,0
15643,2.4
15644,2.4
15645,-0.8
15646,0
15647,0
15648,0
15649,-3.2
15650,-3.2
15651,-3.2
15652,0.8
15653,-1.6
15654,-2.4
15655,-2.4
15656,-3.2
15657,0
15658,-3.2
15659,-0.8
15660,4
15661,-3.2
15662,0
15663,2.4
15664,2.4
15665,-3.2
15666,0.8
15667,-0.8
15668,-0.8
15669,0
15670,2.4
15671,0
15672,-0.8
15673,0.8
15674,0.8
15675,-0.8
15676,-1.6
15677,2.4
15678,2.4
15679,-2.4
15680,-3.2
15681,-3.2
15682,-1.6
15683,-0.8
15684,2.4
15685,2.4
15686,0
15687,-1.6
15688,0
15689,-0.8
15690,-0.8
15691,-3.2
15692,2.4
15693,-0.8
15694,0
15695,-3.2
15696,0
15697,-0.8
15698,0.8
15699,-2.4
15700,-1.6
15701,-4.8
15702,-5.6
15703,0
15704,0
15705,-2.4
15706,-3.2
15707,-4.8
15708,-0.8
15709,0.8
15710,1.6
15711,-1.6
15712,0
15713,0.8
15714,-0.8
15715,-0.8
15716,0
15717,-0.8
15718,2.4
15719,0.8
15720,0
15721,0.8
15722,-3.2
15723,0
15724,-0.8
15725,1.6
15726,-3.2
15727,-4
15728,-1.6
15729,0.8
15730,-0.8
15731,0
15732,0
15733,-0.8
15734,-4.8
15735,2.4
15736,1.6
15737,-1.6
15738,-0.8
15739,-0.8
15740,2.4
15741,-0.8
15742,0.8
15743,-0.8
15744,-0.8
15745,-1.6
15746,-0.8
15747,3.2
15748,2.4
15749,-3.2
15750,-1.6
15751,1.6
15752,-5.6
15753,0
15754,-3.2
15755,0
15756,2.4
15757,-5.6
15758,2.4
15759,-4.8
15760,0.8
15761,0
15762,1.6
15763,0
15764,-0.8
15765,2.4
15766,0
15767,0.8
15768,2.4
15769,0
15770,-1.6
15771,2.4
15772,-0.8
15773,-1.6
15774,-0.8
15775,2.4
15776,-0.8
15777,2.4
15778,1.6
15779,0
15780,1.6
15781,0
15782,-3.2
15783,-4
15784,2.4
15785,2.4
15786,0.8
15787,-0.8
15788,-1.6
15789,-1.6
15790,-1.6
15791,0
15792,0.8
15793,-0.8
15794,-1.6
15795,0
15796,0
15797,-3.2
15798,-0.8
15799,-2.4
15800,-2.4
15801,-3.2
15802,-0.8
15803,0
15804,0.8
15805,-0.8
15806,-1.6
15807,-1.6
15808,0.8
15809,2.4
15810,0
15811,0
15812,-0.8
15813,-3.2
15814,-3.2
15815,0
15816,-0.8
15817,2.4
15818,0
15819,-1.6
15820,0
15821,-0.8
15822,-1.6
15823,0.8
15824,-2.4
15825,-1.6
15826,-4.8
15827,-2.4
15828,-0.8
15829,0.8
15830,0
15831,-0.8
15832,-1.6
15833,-0.8
15834,0.8
15835,-0.8
15836,0
15837,0
15838,0.8
15839,-1.6
15840,-0.8
15841,-3.2
15842,1.6
15843,-0.8
15844,0
15845,0.8
15846,-3.2
15847,-3.2
15848,-1.6
15849,-4
15850,2.4
15851,0
15852,-0.8
15853,0.8
15854,2.4
15855,-2.4
15856,-1.6
15857,-1.6
15858,-5.6
15859,-3.2
15860,-0.8
15861,0
15862,0
15863,2.4
15864,0
15865,-3.2
15866,2.4
15867,3.2
15868,3.2
15869,-0.8
15870,0
15871,-3.2
15872,-4.8
15873,0
15874,0.8
15875,2.4
15876,0
15877,-1.6
15878,-3.2
15879,-0.8
15880,-0.8
15881,0
15882,-2.4
15883,-1.6
15884,2.4
15885,-3.2
15886,0
15887,1.6
15888,0.8
15889,-1.6
15890,-3.2
15891,0.8
15892,-3.2
15893,0.8
15894,-3.2
15895,0.8
15896,0
15897,0.8
15898,-0.8
15899,-0.8
15900,-1.6
15901,2.4
15902,0
15903,3.2
15904,0
15905,-3.2
15906,0.8
15907,0.8
15908,-0.8
15909,0.8
15910,1.6
15911,0.8
15912,-1.6
15913,0.8
15914,0
15915,2.4
15916,0.8
15917,-0.8
15918,0
15919,-0.8
15920,-4
15921,-2.4
15922,-3.2
15923,0.8
15924,4
15925,5.6
15926,-0.8
15927,0
15928,0
15929,-3.2
15930,-3.2
15931,0
15932,2.4
15933,0
15934,2.4
15935,-0.8
15936,2.4
15937,-0.8
15938,-1.6
15939,-0.8
15940,-0.8
15941,-2.4
15942,-1.6
15943,-1.6
15944,-0.8
15945,-2.4
15946,-1.6
15947,-0.8
15948,0
15949,-3.2
15950,-3.2
15951,0
15952,-1.6
15953,0.8
15954,-0.8
15955,-0.8
15956,-3.2
15957,0.8
15958,2.4
15959,2.4
15960,0.8
15961,-3.2
15962,-2.4
15963,0
15964,2.4
15965,-2.4
15966,1.6
15967,-0.8
15968,-2.4
15969,1.6
15970,-1.6
15971,0
15972,0
15973,-1.6
15974,-3.2
15975,-1.6
15976,0.8
15977,2.4
15978,0
15979,-0.8
15980,4
15981,0.8
15982,-0.8
15983,-1.6
15984,3.2
15985,-3.2
15986,-3.2
15987,-3.2
15988,-1.6
15989,-0.8
15990,-0.8
15991,-1.6
15992,-4
15993,-1.6
15994,0.8
15995,0.8
15996,0
15997,0
15998,0
15999,-4
16000,-3.2
16001,-0.8
16002,-0.8
16003,2.4
16004,-1.6
16005,-0.8
16006,-1.6
16007,0
16008,-5.6
16009,2.4
16010,0.8
16011,-2.4
16012,1.6
16013,-1.6
16014,2.4
16015,0.8
16016,-3.2
16017,-1.6
16018,1.6
16019,0.8
16020,2.4
16021,1.6
16022,1.6
16023,0
16024,0
16025,2.4
16026,0
16027,-0.8
16028,-3.2
16029,0
16030,0
16031,0
16032,0
16033,2.4
16034,-0.8
16035,-0.8
16036,1.6
16037,0.8
16038,-3.2
16039,-0.8
16040,-4.8
16041,0.8
16042,0.8
16043,0
16044,-0.8
16045,0.8
16046,0.8
16047,-1.6
16048,2.4
16049,0
16050,-1.6
16051,1.6
16052,0
16053,0.8
16054,0
16055,2.4
16056,4
16057,-3.2
16058,2.4
16059,3.2
16060,0.8
16061,-0.8
16062,0
16063,0
16064,-1.6
16065,-0.8
16066,0
16067,-2.4
16068,1.6
16069,2.4
16070,0.8
16071,0.8
16072,-3.2
16073,-1.6
16074,-0.8
16075,2.4
16076,1.6
16077,0.8
16078,-1.6
16079,0
16080,0
16081,4
16082,0.8
16083,0.8
16084,-0.8
16085,0.8
16086,-0.8
16087,0.8
16088,-0.8
16089,-0.8
16090,0
16091,-3.2
16092,-3.2
16093,5.6
16094,0
16095,-3.2
16096,-3.2
16097,-1.6
16098,2.4
16099,2.4
16100,0
16101,-0.8
16102,0.8
16103,0
16104,-2.4
16105,2.4
16106,-0.8
16107,0
16108,-4
16109,1.6
16110,0
16111,0.8
16112,2.4
16113,-1.6
16114,-0.8
16115,2.4
16116,0
16117,0
16118,-0.8
16119,-0.8
16120,-0.8
16121,3.2
16122,0.8
16123,0
16124,-0.8
16125,2.4
16126,-3.2
16127,-2.4
16128,-1.6
16129,-4
16130,-4
16131,0.8
16132,-1.6
16133,-0.8
16134,-4
16135,-3.2
16136,0.8
16137,-1.6
16138,-3.2
16139,-3.2
16140,1.6
16141,-3.2
16142,2.4
16143,-1.6
16144,-1.6
16145,-1.6
16146,2.4
16147,2.4
16148,0.8
16149,-0.8
16150,-1.6
16151,-3.2
16152,-0.8
16153,0
16154,2.4
16155,-0.8
16156,0.8
16157,-4
16158,-2.4
16159,0
16160,2.4
16161,0.8
16162,0.8
16163,0.8
16164,0.8
16165,2.4
16166,0
16167,-0.8
16168,0.8
16169,0
16170,0
16171,-0.8
16172,-0.8
16173,0.8
16174,-1.6
16175,-0.8
16176,0
16177,1.6
16178,4
16179,0
16180,0.8
16181,0
16182,-8.8
16183,-0.8
16184,0.8
16185,-1.6
16186,-0.8
16187,4
16188,2.4
16189,0.8
16190,0
16191,-4
16192,0
16193,0
16194,-1.6
16195,-1.6
16196,0.8
16197,2.4
16198,0.8
16199,-2.4
16200,0.8
16201,-3.2
16202,2.4
16203,0.8
16204,1.6
16205,0.8
16206,-2.4
16207,-0.8
16208,0
16209,0
16210,0.8
16211,0
16212,-1.6
16213,-2.4
16214,-0.8
16215,3.2
16216,0
16217,0.8
16218,3.2
16219,0
16220,-0.8
16221,0
16222,-0.8
16223,0
16224,-0.8
16225,-0.8
16226,0.8
16227,-0.8
16228,0.8
16229,0
16230,5.6
16231,-2.4
16232,-0.8
16233,-4
16234,-0.8
16235,-3.2
16236,0.8
16237,3.2
16238,0
16239,-0.8
16240,0.8
16241,0
16242,1.6
16243,-2.4
16244,0
16245,-2.4
16246,1.6
16247,-3.2
16248,-1.6
16249,-3.2
16250,-1.6
16251,-0.8
16252,0.8
16253,0
16254,0
16255,-1.6
16256,-3.2
16257,-3.2
16258,0.8
16259,2.4
16260,2.4
16261,-2.4
16262,0.8
16263,0
16264,0
16265,2.4
16266,-0.8
16267,-2.4
16268,0
16269,0.8
16270,-2.4
16271,0
16272,-1.6
16273,2.4
16274,0
16275,0.8
16276,-2.4
16277,0
16278,0
16279,-0.8
16280,0.8
16281,5.6
16282,-3.2
16283,-3.2
16284,0.8
16285,0.8
16286,2.4
16287,0
16288,0.8
16289,-0.8
16290,0
16291,0.8
16292,0
16293,-3.2
16294,-0.8
16295,0
16296,-0.8
16297,-1.6
16298,-0.8
16299,0.8
16300,-0.8
16301,2.4
16302,2.4
16303,-0.8
16304,0
16305,0
16306,5.6
16307,0
16308,-0.8
16309,3.2
16310,0
16311,0
16312,2.4
16313,0
16314,2.4
16315,-1.6
16316,0
16317,-3.2
16318,-1.6
16319,0
16320,1.6
16321,1.6
16322,2.4
16323,0.8
16324,0.8
16325,0.8
16326,4
16327,1.6
16328,2.4
16329,-0.8
16330,0
16331,-1.6
16332,-4
16333,0.8
16334,-1.6
16335,1.6
16336,2.4
16337,0.8
16338,2.4
16339,-0.8
16340,-0.8
16341,0
16342,-0.8
16343,0.8
16344,0.8
16345,-0.8
16346,-0.8
16347,0
16348,0
16349,0
16350,0.8
16351,-3.2
16352,-1.6
16353,0.8
16354,-0.8
16355,3.2
16356,2.4
16357,4
16358,0
16359,-0.8
16360,0.8
16361,0
16362,0
16363,2.4
16364,0
16365,0.8
16366,-1.6
16367,5.6
16368,0
16369,0.8
16370,0.8
16371,2.4
16372,4
16373,-3.2
16374,0.8
16375,-0.8
16376,0
16377,-0.8
16378,-0.8
16379,-0.8
16380,2.4
16381,5.6
16382,0
16383,-0.8
16384,-2.4
16385,0.8
16386,0
16387,-0.8
16388,2.4
16389,0
16390,0.8
16391,0
16392,-0.8
16393,0
16394,-0.8
16395,-2.4
16396,-0.8
16397,0
16398,-1.6
16399,-1.6
16400,-1.6
16401,-1.6
16402,0
16403,1.6
16404,-1.6
16405,0
16406,2.4
16407,1.6
16408,-2.4
16409,0.8
16410,2.4
16411,-1.6
16412,0.8
16413,-0.8
16414,-1.6
16415,4
16416,1.6
16417,0.8
16418,-0.8
16419,0.8
16420,2.4
16421,0
16422,-1.6
16423,-3.2
16424,0
16425,1.6
16426,5.6
16427,2.4
16428,-2.4
16429,0.8
16430,-0.8
16431,-3.2
16432,0.8
16433,0
16434,1.6
16435,0.8
16436,0
16437,0
16438,-3.2
16439,0.8
16440,2.4
16441,0.8
16442,0.8
16443,0.8
16444,-2.4
16445,0.8
16446,0.8
16447,0.8
16448,2.4
16449,2.4
16450,1.6
16451,-1.6
16452,0.8
16453,0.8
16454,0
16455,-0.8
16456,0.8
16457,0.8
16458,0
16459,-1.6
16460,0.8
16461,-3.2
16462,0
16463,-3.2
16464,0.8
16465,-1.6
16466,0.8
16467,1.6
16468,-3.2
16469,0
16470,0
16471,-0.8
16472,-1.6
16473,-3.2
16474,0.8
16475,2.4
16476,2.4
16477,-0.8
16478,2.4
16479,0.8
16480,0.8
16481,-0.8
16482,0
16483,0
16484,-0.8
16485,-3.2
16486,-3.2
16487,0.8
16488,0.8
16489,1.6
16490,2.4
16491,2.4
16492,0
16493,0.8
16494,0.8
16495,0.8
16496,-3.2
16497,-0.8
16498,-1.6
16499,0
16500,-1.6
16501,0
16502,4
16503,-0.8
16504,2.4
16505,0
16506,2.4
16507,0.8
16508,-0.8
16509,1.6
16510,2.4
16511,2.4
16512,0.8
16513,0
16514,0.8
16515,-0.8
16516,0.8
16517,4
16518,0
16519,-0.8
16520,0
16521,0
16522,0.8
16523,0.8
16524,0.8
16525,-0.8
16526,2.4
16527,-0.8
16528,-0.8
16529,-0.8
16530,-0.8
16531,-3.2
16532,0
16533,-3.2
16534,0
16535,-0.8
16536,2.4
16537,-1.6
16538,0.8
16539,-4
16540,0.8
16541,-0.8
16542,-2.4
16543,0.8
16544,-0.8
16545,-0.8
16546,0
16547,2.4
16548,2.4
16549,-1.6
16550,-1.6
16551,4
16552,0
16553,0
16554,-1.6
16555,0.8
16556,-4
16557,-4
16558,-4
16559,0.8
16560,0.8
16561,0.8
16562,0
16563,-0.8
16564,-3.2
16565,0.8
16566,2.4
16567,2.4
16568,-8.8
16569,0.8
16570,1.6
16571,0
16572,-3.2
16573,0.8
16574,0.8
16575,-0.8
16576,3.2
16577,0.8
16578,0
16579,0
16580,-3.2
16581,-1.6
16582,-0.8
16583,-1.6
16584,-1.6
16585,-1.6
16586,-3.2
16587,0
16588,-2.4
16589,0
16590,0
16591,-0.8
16592,-0.8
16593,0.8
16594,0.8
16595,-2.4
16596,-2.4
16597,-3.2
16598,1.6
16599,0
16600,-0.8
16601,-4
16602,2.4
16603,0
16604,-1.6
16605,-2.4
16606,0
16607,0
16608,0.8
16609,0.8
16610,-4.8
16611,0.8
16612,-0.8
16613,-0.8
16614,-0.8
16615,-0.8
16616,-0.8
16617,0.8
16618,-2.4
16619,2.4
16620,0
16621,-0.8
16622,2.4
16623,0.8
16624,-0.8
16625,2.4
16626,1.6
16627,-1.6
16628,0
16629,1.6
16630,-1.6
16631,-0.8
16632,2.4
16633,-1.6
16634,-1.6
16635,-0.8
16636,-0.8
16637,0
16638,0.8
16639,2.4
16640,0.8
16641,-3.2
16642,-3.2
16643,2.4
16644,2.4
16645,-0.8
16646,0.8
16647,-1.6
16648,0
16649,0
16650,1.6
16651,-1.6
16652,0
16653,-0.8
16654,-0.8
16655,0
16656,0.8
16657,1.6
16658,0
16659,4
16660,-0.8
16661,-1.6
16662,0.8
16663,-0.8
16664,-1.6
16665,4
16666,-2.4
16667,0.8
16668,-1.6
16669,0
16670,1.6
16671,0
16672,0.8
16673,-0.8
16674,-0.8
16675,2.4
16676,0
16677,0
16678,2.4
16679,-3.2
16680,1.6
16681,2.4
16682,2.4
16683,0
16684,-8
16685,-4
16686,-8.8
16687,-1.6
16688,0.8
16689,0
16690,0
16691,0.8
16692,0
16693,0.8
16694,-4
16695,0
16696,2.4
16697,0.8
16698,2.4
16699,2.4
16700,0.8
16701,0
16702,0
16703,0
16704,0
16705,0.8
16706,0
16707,0
16708,4
16709,3.2
16710,0.8
16711,0
16712,0.8
16713,-1.6
16714,0
16715,0
16716,0.8
16717,-2.4
16718,0.8
16719,0.8
16720,-1.6
16721,0
16722,2.4
16723,0
16724,-0.8
16725,0
16726,0.8
16727,-0.8
16728,0
16729,2.4
16730,-4
16731,1.6
16732,-0.8
16733,0
16734,-3.2
16735,-3.2
16736,-1.6
16737,-0.8
16738,-1.6
16739,0
16740,0.8
16741,-0.8
16742,0.8
16743,-1.6
16744,-0.8
16745,-3.2
16746,0
16747,-3.2
16748,0
16749,0.8
16750,-0.8
16751,-3.2
16752,-2.4
16753,-0.8
16754,-0.8
16755,-0.8
16756,0
16757,0
16758,1.6
16759,2.4
16760,0
16761,-0.8
16762,0
16763,0.8
16764,0
16765,-0.8
16766,-0.8
16767,0.8
16768,-2.4
16769,4
16770,1.6
16771,2.4
16772,0
16773,-3.2
16774,-1.6
16775,0.8
16776,6.4
16777,1.6
16778,0.8
16779,0.8
16780,0
16781,0
16782,2.4
16783,2.4
16784,0
16785,2.4
16786,0
16787,0
16788,-1.6
16789,-2.4
16790,-0.8
16791,0
16792,-3.2
16793,3.2
16794,0
16795,-1.6
16796,2.4
16797,-1.6
16798,-1.6
16799,0
16800,0.8
16801,-2.4
16802,-0.8
16803,-0.8
16804,-3.2
16805,0
16806,0.8
16807,-0.8
16808,5.6
16809,0
16810,2.4
16811,2.4
16812,2.4
16813,0.8
16814,0
16815,0.8
16816,-3.2
16817,-2.4
16818,-1.6
16819,0.8
16820,2.4
16821,3.2
16822,0
16823,0.8
16824,-1.6
16825,-0.8
16826,4
16827,-3.2
16828,0
16829,1.6
16830,1.6
16831,4
16832,0
16833,-0.8
16834,-3.2
16835,-1.6
16836,0.8
16837,1.6
16838,-0.8
16839,1.6
16840,1.6
16841,-0.8
16842,-0.8
16843,0
16844,-0.8
16845,-3.2
16846,-1.6
16847,-0.8
16848,-0.8
16849,0
16850,0
16851,-0.8
16852,0.8
16853,0.8
16854,-1.6
16855,2.4
16856,-3.2
16857,4
16858,0.8
16859,-4
16860,-0.8
16861,0.8
16862,0
16863,0
16864,-2.4
16865,-2.4
16866,-3.2
16867,-0.8
16868,0
16869,0.8
16870,-3.2
16871,0
16872,0.8
16873,-0.8
16874,0
16875,0
16876,0
16877,0.8
16878,0
16879,4
16880,0.8
16881,5.6
16882,0
16883,0.8
16884,-0.8
16885,0
16886,-0.8
16887,4
16888,-0.8
16889,0.8
16890,0
16891,0
16892,-5.6
16893,2.4
16894,-3.2
16895,-1.6
16896,-0.8
16897,-0.8
16898,0.8
16899,0
16900,-0.8
16901,-1.6
16902,0
16903,0.8
16904,4
16905,-0.8
16906,-0.8
16907,-1.6
16908,-2.4
16909,0
16910,-3.2
16911,-0.8
16912,-1.6
16913,0.8
16914,0
16915,0
16916,5.6
16917,2.4
16918,-0.8
16919,2.4
16920,-2.4
16921,-3.2
16922,2.4
16923,0.8
16924,2.4
16925,-0.8
16926,0.8
16927,0
16928,-4.8
16929,2.4
16930,2.4
16931,1.6
16932,4
16933,-0.8
16934,-4
16935,-3.2
16936,-3.2
16937,0
16938,0
16939,0.8
16940,1.6
16941,-1.6
16942,-3.2
16943,0
16944,-3.2
16945,-0.8
16946,0
16947,-4
16948,0
16949,0.8
16950,-0.8
16951,-3.2
16952,1.6
16953,-0.8
16954,0
16955,2.4
16956,-3.2
16957,1.6
16958,0
16959,2.4
16960,-0.8
16961,-0.8
16962,4
16963,-1.6
16964,-3.2
16965,-0.8
16966,-0.8
16967,-4
16968,-6.4
16969,-1.6
16970,2.4
16971,1.6
16972,-0.8
16973,-0.8
16974,-2.4
16975,-0.8
16976,0.8
16977,3.2
16978,2.4
16979,2.4
16980,4
16981,0.8
16982,0.8
16983,1.6
16984,-3.2
16985,0
16986,-0.8
16987,-3.2
16988,-3.2
16989,-4.8
16990,-4
16991,1.6
16992,0.8
16993,3.2
16994,-3.2
16995,0
16996,0.8
16997,-0.8
16998,0.8
16999,0
17000,2.4
17001,-0.8
17002,-3.2
17003,0
17004,-0.8
17005,-3.2
17006,0
17007,-2.4
17008,0.8
17009,0.8
17010,3.2
17011,0
17012,-1.6
17013,-3.2
17014,0
17015,-3.2
17016,0.8
17017,2.4
17018,-2.4
17019,2.4
17020,4
17021,2.4
17022,0
17023,0
17024,0.8
17025,0
17026,2.4
17027,2.4
17028,2.4
17029,2.4
17030,0.8
17031,0.8
17032,1.6
17033,0
17034,0.8
17035,2.4
17036,-2.4
17037,-1.6
17038,0
17039,0
17040,-3.2
17041,-2.4
17042,0.8
17043,1.6
17044,-0.8
17045,1.6
17046,0
17047,-0.8
17048,0.8
17049,0
17050,-3.2
17051,-3.2
17052,0.8
17053,-0.8
17054,-0.8
17055,0
17056,-3.2
17057,5.6
17058,0
17059,0.8
17060,0
17061,-1.6
17062,0
17063,0
17064,-4
17065,-1.6
17066,-1.6
17067,0.8
17068,-2.4
17069,-0.8
17070,-1.6
17071,-2.4
17072,-0.8
17073,0
17074,0.8
17075,3.2
17076,-0.8
17077,-1.6
17078,0.8
17079,0
17080,-0.8
17081,-6.4
17082,-4
17083,1.6
17084,0
17085,2.4
17086,1.6
17087,-3.2
17088,0.8
17089,0
17090,-0.8
17091,-0.8
17092,0.8
17093,0.8
17094,-3.2
17095,-3.2
17096,-1.6
17097,-0.8
17098,-1.6
17099,0
17100,2.4
17101,0.8
17102,-0.8
17103,-3.2
17104,5.6
17105,-1.6
17106,-0.8
17107,-3.2
17108,2.4
17109,0
17110,0
17111,1.6
17112,-3.2
17113,0.8
17114,0
17115,3.2
17116,-0.8
17117,-0.8
17118,-2.4
17119,-3.2
17120,-2.4
17121,0
17122,0.8
17123,-3.2
17124,2.4
17125,0.8
17126,3.2
17127,0.8
17128,-0.8
17129,2.4
17130,-1.6
17131,2.4
17132,2.4
17133,0
17134,0.8
17135,0.8
17136,2.4
17137,-1.6
17138,-0.8
17139,-4
17140,0
17141,0
17142,-0.8
17143,0
17144,-3.2
17145,-1.6
17146,0.8
17147,1.6
17148,0
17149,0
17150,2.4
17151,-3.2
17152,-0.8
17153,0.8
17154,-0.8
17155,0.8
17156,0
17157,-0.8
17158,-4
17159,0
17160,2.4
17161,2.4
17162,0
17163,0
17164,-0.8
17165,0
17166,0.8
17167,0.8
17168,0
17169,0
17170,-4
17171,-1.6
17172,0
17173,-0.8
17174,-1.6
17175,0
17176,0
17177,-2.4
17178,0
17179,0
17180,0
17181,0.8
17182,-3.2
17183,2.4
17184,4
17185,0
17186,-1.6
17187,-2.4
17188,0
17189,0.8
17190,0
17191,-1.6
17192,2.4
17193,0.8
17194,0
17195,-1.6
17196,-0.8
17197,0
17198,-4
17199,-0.8
17200,0
17201,0
17202,0.8
17203,-0.8
17204,0
17205,0
17206,5.6
17207,0.8
17208,0.8
17209,0.8
17210,2.4
17211,-0.8
17212,-1.6
17213,-1.6
17214,2.4
17215,-0.8
17216,0
17217,0
17218,-3.2
17219,-0.8
17220,0.8
17221,0
17222,-2.4
17223,-0.8
17224,-0.8
17225,-0.8
17226,2.4
17227,8.8
17228,-0.8
17229,0
17230,4
17231,2.4
17232,4
17233,1.6
17234,0.8
17235,-1.6
17236,0.8
17237,0
17238,0
17239,1.6
17240,-0.8
17241,-3.2
17242,0.8
17243,2.4
17244,-2.4
17245,0
17246,-0.8
17247,0.8
17248,0.8
17249,0
17250,0
17251,-3.2
17252,0
17253,0
17254,-3.2
17255,2.4
17256,-1.6
17257,2.4
17258,4
17259,-3.2
17260,5.6
17261,0
17262,-1.6
17263,0.8
17264,1.6
17265,4
17266,1.6
17267,-0.8
17268,0.8
17269,2.4
17270,0.8
17271,1.6
17272,3.2
17273,1.6
17274,1.6
17275,-3.2
17276,-1.6
17277,7.2
17278,0.8
17279,2.4
17280,3.2
17281,0
17282,-3.2
17283,4
17284,-0.8
17285,-4
17286,0.8
17287,0
17288,-0.8
17289,0.8
17290,0.8
17291,0.8
17292,0
17293,-4.8
17294,-2.4
17295,-3.2
17296,-0.8
17297,-1.6
17298,-3.2
17299,0.8
17300,1.6
17301,0.8
17302,-0.8
17303,0
17304,0
17305,0
17306,-0.8
17307,-2.4
17308,0
17309,-4
17310,-3.2
17311,3.2
17312,-1.6
17313,0
17314,1.6
17315,0
17316,0.8
17317,-3.2
17318,2.4
17319,0.8
17320,-1.6
17321,0
17322,-2.4
17323,-0.8
17324,-1.6
17325,0
17326,2.4
17327,2.4
17328,2.4
17329,0
17330,1.6
17331,0.8
17332,0.8
17333,2.4
17334,0.8
17335,0
17336,8
17337,0
17338,1.6
17339,1.6
17340,0
17341,0
17342,-0.8
17343,0.8
17344,-0.8
17345,0.8
17346,1.6
17347,0
17348,2.4
17349,-0.8
17350,0.8
17351,-3.2
17352,0
17353,-0.8
17354,0
17355,-0.8
17356,0.8
17357,4
17358,-0.8
17359,-0.8
17360,0
17361,-0.8
17362,0.8
17363,0
17364,-0.8
17365,2.4
17366,-0.8
17367,0
17368,-0.8
17369,0
17370,0.8
17371,5.6
17372,0.8
17373,0
17374,-0.8
17375,-0.8
17376,-0.8
17377,-0.8
17378,0
17379,-0.8
17380,0
17381,0
17382,-0.8
17383,-0.8
17384,1.6
17385,0.8
17386,2.4
17387,-0.8
17388,-3.2
17389,-0.8
17390,0
17391,0
17392,0.8
17393,4
17394,2.4
17395,-3.2
17396,-3.2
17397,-3.2
17398,0.8
17399,0.8
17400,2.4
17401,-0.8
17402,0
17403,0
17404,0
17405,2.4
17406,1.6
17407,9.6
17408,1.6
17409,-1.6
17410,0.8
17411,-0.8
17412,-2.4
17413,0
17414,0
17415,2.4
17416,0
17417,0
17418,0
17419,0.8
17420,0.8
17421,2.4
17422,0.8
17423,-3.2
17424,-0.8
17425,2.4
17426,0
17427,0
17428,-1.6
17429,-3.2
17430,0.8
17431,2.4
17432,-3.2
17433,0.8
17434,0.8
17435,-1.6
17436,0
17437,0.8
17438,0.8
17439,-1.6
17440,-4
17441,0
17442,0
17443,-2.4
17444,0.8
17445,-4
17446,-1.6
17447,-1.6
17448,-1.6
17449,0
17450,0
17451,-1.6
17452,0
17453,-1.6
17454,-0.8
17455,-0.8
17456,-1.6
17457,-1.6
17458,-0.8
17459,2.4
17460,0
17461,-3.2
17462,0.8
17463,-0.8
17464,0
17465,-0.8
17466,0.8
17467,2.4
17468,-0.8
17469,4
17470,2.4
17471,1.6
17472,-0.8
17473,0
17474,1.6
17475,-3.2
17476,4
17477,0
17478,0.8
17479,7.2
17480,-3.2
17481,0
17482,0
17483,0
17484,0
17485,4
17486,-0.8
17487,2.4
17488,-4.8
17489,-2.4
17490,-0.8
17491,-7.2
17492,1.6
17493,-0.8
17494,0.8
17495,2.4
17496,2.4
17497,0.8
17498,0
17499,0.8
17500,-5.6
17501,-0.8
17502,-0.8
17503,0
17504,0
17505,-1.6
17506,-1.6
17507,-0.8
17508,0.8
17509,5.6
17510,2.4
17511,2.4
17512,-0.8
17513,0
17514,0
17515,2.4
17516,-0.8
17517,0
17518,0
17519,2.4
17520,-0.8
17521,-2.4
17522,0
17523,0
17524,-0.8
17525,2.4
17526,-1.6
17527,-4.8
17528,6.4
17529,0.8
17530,-1.6
17531,2.4
17532,0.8
17533,0.8
17534,-0.8
17535,-3.2
17536,-2.4
17537,2.4
17538,4
17539,0.8
17540,0.8
17541,0.8
17542,1.6
17543,-0.8
17544,-0.8
17545,2.4
17546,-3.2
17547,-1.6
17548,0.8
17549,-1.6
17550,1.6
17551,-0.8
17552,4
17553,-0.8
17554,0.8
17555,5.6
17556,-0.8
17557,0
17558,-3.2
17559,0.8
17560,4
17561,-0.8
17562,-8.8
17563,0.8
17564,0.8
17565,4
17566,-3.2
17567,-0.8
17568,0
17569,2.4
17570,0.8
17571,-2.4
17572,0.8
17573,1.6
17574,0.8
17575,0
17576,0.8
17577,0.8
17578,0.8
17579,-0.8
17580,-1.6
17581,0
17582,0.8
17583,-3.2
17584,1.6
17585,2.4
17586,0.8
17587,-0.8
17588,-2.4
17589,-3.2
17590,-2.4
17591,-0.8
17592,2.4
17593,0
17594,-3.2
17595,-1.6
17596,0
17597,0.8
17598,-0.8
17599,0.8
17600,-3.2
17601,-1.6
17602,-4
17603,0
17604,2.4
17605,0
17606,2.4
17607,3.2
17608,0.8
17609,0
17610,7.2
17611,-0.8
17612,-1.6
17613,-0.8
17614,0.8
17615,0
17616,0
17617,2.4
17618,2.4
17619,1.6
17620,0
17621,0.8
17622,2.4
17623,0
17624,0.8
17625,0
17626,0
17627,0
17628,0.8
17629,-2.4
17630,-0.8
17631,2.4
17632,0
17633,-0.8
17634,0
17635,2.4
17636,-1.6
17637,-3.2
17638,0.8
17639,0.8
17640,0.8
17641,-1.6
17642,0.8
17643,0
17644,0.8
17645,-3.2
17646,-3.2
17647,0
17648,3.2
17649,-0.8
17650,0.8
17651,-4
17652,-1.6
17653,-0.8
17654,0
17655,0.8
17656,0.8
17657,2.4
17658,2.4
17659,5.6
17660,-3.2
17661,0
17662,0.8
17663,2.4
17664,0.8
17665,-4
17666,-2.4
17667,0.8
17668,0.8
17669,0
17670,0
17671,2.4
17672,0
17673,-0.8
17674,0
17675,0.8
17676,-3.2
17677,-1.6
17678,-1.6
17679,0
17680,0
17681,0
17682,4
17683,0.8
17684,0
17685,-3.2
17686,-3.2
17687,0
17688,0
17689,0
17690,2.4
17691,0.8
17692,-4
17693,0.8
17694,-0.8
17695,-1.6
17696,0
17697,-3.2
17698,-2.4
17699,0
17700,-3.2
17701,-4
17702,-0.8
17703,0.8
17704,-3.2
17705,-0.8
17706,2.4
17707,-0.8
17708,0
17709,-1.6
17710,3.2
17711,-0.8
17712,-3.2
17713,-0.8
17714,-1.6
17715,-0.8
17716,0.8
17717,1.6
17718,-5.6
17719,0.8
17720,2.4
17721,2.4
17722,-0.8
17723,-1.6
17724,-1.6
17725,0.8
17726,0
17727,2.4
17728,-1.6
17729,1.6
17730,-0.8
17731,0
17732,2.4
17733,3.2
17734,-0.8
17735,-3.2
17736,-0.8
17737,0.8
17738,-2.4
17739,0.8
17740,-0.8
17741,0
17742,-0.8
17743,0.8
17744,0
17745,4
17746,0
17747,-0.8
17748,1.6
17749,0.8
17750,-3.2
17751,-2.4
17752,-0.8
17753,-3.2
17754,0
17755,0.8
17756,-0.8
17757,-4
17758,2.4
17759,0
17760,2.4
17761,2.4
17762,0.8
17763,0
17764,-0.8
17765,2.4
17766,2.4
17767,-0.8
17768,1.6
17769,0.8
17770,0.8
17771,0.8
17772,4
17773,2.4
17774,0.8
17775,0.8
17776,-0.8
17777,0
17778,1.6
17779,-1.6
17780,2.4
17781,-3.2
17782,-1.6
17783,0
17784,4
17785,0
17786,0
17787,2.4
17788,-1.6
17789,0
17790,0
17791,-0.8
17792,-4
17793,0.8
17794,0.8
17795,0
17796,0.8
17797,-1.6
17798,0
17799,-3.2
17800,-3.2
17801,0
17802,-4
17803,-1.6
17804,-0.8
17805,0.8
17806,0.8
17807,-3.2
17808,-0.8
17809,4
17810,0
17811,2.4
17812,-1.6
17813,-2.4
17814,0.8
17815,-3.2
17816,-0.8
17817,-0.8
17818,-0.8
17819,0.8
17820,0
17821,0
17822,0.8
17823,0.8
17824,2.4
17825,2.4
17826,-0.8
17827,0
17828,-3.2
17829,-0.8
17830,2.4
17831,-4.8
17832,-0.8
17833,-3.2
17834,0.8
17835,-3.2
17836,-0.8
17837,4
17838,-0.8
17839,0
17840,0
17841,-5.6
17842,5.6
17843,0.8
17844,2.4
17845,2.4
17846,-2.4
17847,0
17848,-0.8
17849,-0.8
17850,0.8
17851,-3.2
17852,0
17853,0.8
17854,0
17855,-0.8
17856,0.8
17857,0
17858,-0.8
17859,-3.2
17860,0.8
17861,0.8
17862,0
17863,-2.4
17864,-0.8
17865,4
17866,2.4
17867,-1.6
17868,-1.6
17869,0
17870,-4
17871,1.6
17872,1.6
17873,-0.8
17874,-3.2
17875,1.6
17876,-1.6
17877,5.6
17878,0.8
17879,0
17880,0.8
17881,1.6
17882,2.4
17883,2.4
17884,4
17885,-2.4
17886,2.4
17887,0
17888,2.4
17889,0
17890,0
17891,-0.8
17892,-0.8
17893,2.4
17894,5.6
17895,0
17896,0.8
17897,-3.2
17898,0
17899,0.8
17900,-0.8
17901,-0.8
17902,-3.2
17903,3.2
17904,-0.8
17905,-0.8
17906,-1.6
17907,-4
17908,0.8
17909,-4
17910,0
17911,0.8
17912,-0.8
17913,-2.4
17914,-0.8
17915,0
17916,0
17917,-3.2
17918,-2.4
17919,0
17920,2.4
17921,-0.8
17922,-3.2
17923,-1.6
17924,-0.8
17925,0
17926,1.6
17927,-0.8
17928,0
17929,-0.8
17930,0.8
17931,-0.8
17932,0.8
17933,0.8
17934,-4.8
17935,4
17936,-1.6
17937,0.8
17938,-0.8
17939,-1.6
17940,0
17941,0.8
17942,-1.6
17943,-1.6
17944,-0.8
17945,-0.8
17946,-0.8
17947,-2.4
17948,-0.8
17949,-3.2
17950,-1.6
17951,-0.8
17952,0.8
17953,-1.6
17954,0.8
17955,-0.8
17956,-3.2
17957,0
17958,-3.2
17959,-2.4
17960,5.6
17961,-1.6
17962,-3.2
17963,-0.8
17964,0
17965,-2.4
17966,0.8
17967,-0.8
17968,-1.6
17969,0
17970,0
17971,-3.2
17972,0
17973,-1.6
17974,0.8
17975,-1.6
17976,2.4
17977,2.4
17978,3.2
17979,0
17980,4
17981,0.8
17982,2.4
17983,-4
17984,-2.4
17985,2.4
17986,0.8
17987,0.8
17988,-0.8
17989,-3.2
17990,2.4
17991,-1.6
17992,-2.4
17993,2.4
17994,-0.8
17995,1.6
17996,0.8
17997,-0.8
17998,0.8
17999,-0.8
18000,0
18001,-1.6
18002,-0.8
18003,-0.8
18004,0
18005,-0.8
18006,0
18007,4
18008,-1.6
18009,1.6
18010,0.8
18011,4
18012,5.6
18013,0.8
18014,-3.2
18015,0
18016,1.6
18017,0
18018,-3.2
18019,1.6
18020,0.8
18021,-1.6
18022,0
18023,3.2
18024,-1.6
18025,-0.8
18026,1.6
18027,0.8
18028,0
18029,-0.8
18030,0.8
18031,2.4
18032,0
18033,5.6
18034,0
18035,0.8
18036,0
18037,0.8
18038,-0.8
18039,0.8
18040,0
18041,0.8
18042,-1.6
18043,-0.8
18044,-1.6
18045,0
18046,0.8
18047,-2.4
18048,-3.2
18049,1.6
18050,0
18051,2.4
18052,1.6
18053,-1.6
18054,1.6
18055,-0.8
18056,0.8
18057,-0.8
18058,-0.8
18059,-5.6
18060,-4.8
18061,0.8
18062,-1.6
18063,-3.2
18064,-0.8
18065,-4
18066,0.8
18067,-0.8
18068,0.8
18069,0.8
18070,2.4
18071,0
18072,-3.2
18073,0
18074,2.4
18075,0
18076,1.6
18077,0
18078,0
18079,0
18080,1.6
18081,0
18082,-0.8
18083,-3.2
18084,2.4
18085,-0.8
18086,2.4
18087,7.2
18088,-3.2
18089,0.8
18090,2.4
18091,0
18092,2.4
18093,-0.8
18094,2.4
18095,-0.8
18096,-0.8
18097,0.8
18098,2.4
18099,0.8
18100,-0.8
18101,-0.8
18102,0
18103,1.6
18104,2.4
18105,0.8
18106,0
18107,7.2
18108,2.4
18109,-1.6
18110,2.4
18111,0
18112,0
18113,1.6
18114,-1.6
18115,-3.2
18116,-2.4
18117,3.2
18118,-3.2
18119,0
18120,-3.2
18121,0
18122,3.2
18123,0
18124,0.8
18125,0.8
18126,-0.8
18127,-3.2
18128,1.6
18129,0
18130,0.8
18131,2.4
18132,0.8
18133,0.8
18134,-1.6
18135,-4
18136,4
18137,0
18138,0.8
18139,-1.6
18140,0.8
18141,-3.2
18142,-0.8
18143,0
18144,0
18145,0.8
18146,-0.8
18147,1.6
18148,-0.8
18149,1.6
18150,-0.8
18151,-0.8
18152,-0.8
18153,2.4
18154,0
18155,0
18156,-0.8
18157,2.4
18158,0
18159,2.4
18160,2.4
18161,-2.4
18162,-0.8
18163,-5.6
18164,2.4
18165,0
18166,-0.8
18167,-0.8
18168,-7.2
18169,2.4
18170,0
18171,0
18172,2.4
18173,-3.2
18174,2.4
18175,-0.8
18176,0
18177,-4
18178,-1.6
18179,1.6
18180,-1.6
18181,-4
18182,-13.6
18183,-3.2
18184,-1.6
18185,2.4
18186,-0.8
18187,0.8
18188,0
18189,2.4
18190,0
18191,0
18192,-3.2
18193,0
18194,0
18195,1.6
18196,0
18197,-0.8
18198,2.4
18199,-2.4
18200,-0.8
18201,-4.8
18202,-0.8
18203,0
18204,0
18205,0.8
18206,0.8
18207,-3.2
18208,0
18209,-0.8
18210,0.8
18211,-1.6
18212,-1.6
18213,-3.2
18214,-2.4
18215,-3.2
18216,4
18217,2.4
18218,0
18219,2.4
18220,0.8
18221,0
18222,0
18223,1.6
18224,-3.2
18225,-3.2
18226,2.4
18227,0
18228,2.4
18229,0
18230,0.8
18231,-1.6
18232,0
18233,-4
18234,0
18235,0.8
18236,0
18237,0.8
18238,-1.6
18239,-0.8
18240,-0.8
18241,0
18242,-1.6
18243,0.8
18244,-4
18245,-2.4
18246,-0.8
18247,1.6
18248,2.4
18249,0
18250,0
18251,-2.4
18252,-0.8
18253,-1.6
18254,0
18255,0
18256,-1.6
18257,-3.2
18258,-0.8
18259,-0.8
18260,0
18261,0
18262,-3.2
18263,-0.8
18264,0
18265,0.8
18266,5.6
18267,6.4
18268,0.8
18269,0.8
18270,0
18271,-0.8
18272,0.8
18273,0.8
18274,0.8
18275,2.4
18276,-1.6
18277,-4
18278,2.4
18279,-1.6
18280,-3.2
18281,-3.2
18282,0.8
18283,-3.2
18284,1.6
18285,2.4
18286,-5.6
18287,2.4
18288,0
18289,0
18290,0
18291,-0.8
18292,2.4
18293,4
18294,0.8
18295,0
18296,-4
18297,0.8
18298,-0.8
18299,2.4
18300,-3.2
18301,-0.8
18302,0
18303,-2.4
18304,0.8
18305,0
18306,-0.8
18307,0
18308,-3.2
18309,-2.4
18310,-3.2
18311,0
18312,-0.8
18313,0.8
18314,0.8
18315,-0.8
18316,2.4
18317,-1.6
18318,2.4
18319,-0.8
18320,0
18321,-1.6
18322,-1.6
18323,-0.8
18324,3.2
18325,-0.8
18326,2.4
18327,1.6
18328,2.4
18329,1.6
18330,3.2
18331,2.4
18332,-1.6
18333,-3.2
18334,-0.8
18335,0
18336,0
18337,0
18338,-0.8
18339,-3.2
18340,0
18341,0
18342,3.2
18343,-3.2
18344,0.8
18345,0
18346,-0.8
18347,-0.8
18348,-0.8
18349,-3.2
18350,-1.6
18351,-2.4
18352,1.6
18353,2.4
18354,0.8
18355,-3.2
18356,0
18357,2.4
18358,-1.6
18359,0.8
18360,-3.2
18361,2.4
18362,2.4
18363,0
18364,-0.8
18365,0
18366,0
18367,0
18368,2.4
18369,1.6
18370,0.8
18371,0
18372,-0.8
18373,-2.4
18374,-3.2
18375,2.4
18376,-0.8
18377,-1.6
18378,0.8
18379,-2.4
18380,0.8
18381,-0.8
18382,-0.8
18383,0.8
18384,-3.2
18385,0.8
18386,0
18387,0
18388,0
18389,-4.8
18390,-0.8
18391,0
18392,-1.6
18393,0
18394,-1.6
18395,0
18396,-0.8
18397,-3.2
18398,-3.2
18399,0
18400,-3.2
18401,0.8
18402,-3.2
18403,-0.8
18404,0
18405,2.4
18406,-0.8
18407,-3.2
18408,-4.8
18409,-3.2
18410,-4
18411,0.8
18412,0.8
18413,-3.2
18414,0.8
18415,-0.8
18416,0
18417,0.8
18418,1.6
18419,0
18420,1.6
18421,0.8
18422,5.6
18423,0.8
18424,0.8
18425,-0.8
18426,0
18427,-3.2
18428,-1.6
18429,-0.8
18430,4
18431,-3.2
18432,0.8
18433,4
18434,1.6
18435,-3.2
18436,1.6
18437,0.8
18438,0.8
18439,1.6
18440,-0.8
18441,-4
18442,0
18443,-3.2
18444,0
18445,-3.2
18446,-2.4
18447,-1.6
18448,0.8
18449,-1.6
18450,0
18451,1.6
18452,2.4
18453,-1.6
18454,-4
18455,0
18456,-0.8
18457,2.4
18458,0.8
18459,-0.8
18460,0
18461,-3.2
18462,0
18463,0.8
18464,-0.8
18465,0.8
18466,0.8
18467,-3.2
18468,1.6
18469,-3.2
18470,-1.6
18471,-1.6
18472,-0.8
18473,-3.2
18474,1.6
18475,0.8
18476,-2.4
18477,2.4
18478,-2.4
18479,0
18480,2.4
18481,0
18482,-1.6
18483,-0.8
18484,-0.8
18485,-3.2
18486,-3.2
18487,0
18488,-0.8
18489,2.4
18490,-1.6
18491,-0.8
18492,0
18493,0
18494,1.6
18495,-2.4
18496,-1.6
18497,-0.8
18498,1.6
18499,-0.8
18500,-0.8
18501,1.6
18502,-0.8
18503,-3.2
18504,0.8
18505,-0.8
18506,0
18507,0
18508,0
18509,-3.2
18510,-3.2
18511,0
18512,-3.2
18513,-2.4
18514,-0.8
18515,0.8
18516,0
18517,0.8
18518,0.8
18519,0
18520,-0.8
18521,0.8
18522,0
18523,2.4
18524,0
18525,4
18526,0
18527,-2.4
18528,0
18529,0.8
18530,2.4
18531,0
18532,-1.6
18533,-3.2
18534,-1.6
18535,0.8
18536,0.8
18537,0
18538,0.8
18539,2.4
18540,2.4
18541,0
18542,2.4
18543,-3.2
18544,-4
18545,0.8
18546,0.8
18547,-0.8
18548,-0.8
18549,-3.2
18550,0
18551,4
18552,2.4
18553,-3.2
18554,0.8
18555,0.8
18556,0
18557,1.6
18558,-2.4
18559,0.8
18560,-1.6
18561,0
18562,-0.8
18563,0
18564,0.8
18565,0
18566,0.8
18567,0
18568,1.6
18569,0
18570,0
18571,1.6
18572,0.8
18573,0
18574,0.8
18575,-3.2
18576,0.8
18577,-1.6
18578,-3.2
18579,0.8
18580,0.8
18581,-4
18582,-8.8
18583,-4
18584,-2.4
18585,-2.4
18586,0
18587,0
18588,-0.8
18589,-0.8
18590,0.8
18591,-0.8
18592,-0.8
18593,0.8
18594,0
18595,-3.2
18596,-1.6
18597,0.8
18598,-0.8
18599,0
18600,0.8
18601,1.6
18602,0
18603,0.8
18604,2.4
18605,0.8
18606,0.8
18607,-0.8
18608,0
18609,-0.8
18610,4
18611,3.2
18612,1.6
18613,0.8
18614,-2.4
18615,-0.8
18616,-0.8
18617,2.4
18618,4
18619,-1.6
18620,-3.2
18621,0
18622,2.4
18623,1.6
18624,0
18625,-3.2
18626,4
18627,0
18628,2.4
18629,2.4
18630,2.4
18631,-1.6
18632,3.2
18633,2.4
18634,3.2
18635,-1.6
18636,0
18637,0.8
18638,-1.6
18639,0
18640,0.8
18641,-0.8
18642,1.6
18643,-4
18644,-1.6
18645,0.8
18646,-0.8
18647,-1.6
18648,3.2
18649,2.4
18650,2.4
18651,4
18652,-0.8
18653,2.4
18654,2.4
18655,0
18656,0.8
18657,0.8
18658,0
18659,2.4
18660,0
18661,4
18662,3.2
18663,0.8
18664,-0.8
18665,-2.4
18666,0.8
18667,0
18668,2.4
18669,0.8
18670,0
18671,0.8
18672,0.8
18673,4
18674,0.8
18675,0.8
18676,-0.8
18677,0.8
18678,1.6
18679,4
18680,0
18681,-1.6
18682,0.8
18683,0.8
18684,0.8
18685,2.4
18686,0
18687,-0.8
18688,0
18689,0
18690,0
18691,-1.6
18692,1.6
18693,0.8
18694,-3.2
18695,2.4
18696,0
18697,0.8
18698,-4
18699,0
18700,-0.8
18701,3.2
18702,-1.6
18703,-0.8
18704,2.4
18705,-0.8
18706,5.6
18707,-0.8
18708,1.6
18709,0.8
18710,-4
18711,0.8
18712,0.8
18713,0
18714,0.8
18715,1.6
18716,0
18717,2.4
18718,4
18719,-0.8
18720,-0.8
18721,0
18722,0.8
18723,-1.6
18724,-0.8
18725,2.4
18726,2.4
18727,5.6
18728,0
18729,2.4
18730,0.8
18731,1.6
18732,1.6
18733,1.6
18734,-0.8
18735,2.4
18736,2.4
18737,0
18738,0
18739,0
18740,0.8
18741,-3.2
18742,0
18743,-1.6
18744,-0.8
18745,1.6
18746,0.8
18747,3.2
18748,-3.2
18749,-0.8
18750,-0.8
18751,0.8
18752,-0.8
18753,0
18754,3.2
18755,-4
18756,0
18757,0.8
18758,-0.8
18759,0.8
18760,2.4
18761,0
18762,0.8
18763,-2.4
18764,2.4
18765,-1.6
18766,0.8
18767,0
18768,0
18769,-0.8
18770,0
18771,4
18772,0
18773,0
18774,2.4
18775,0
18776,-0.8
18777,1.6
18778,0
18779,0
18780,-0.8
18781,-4
18782,-3.2
18783,0
18784,-3.2
18785,5.6
18786,1.6
18787,-3.2
18788,-6.4
18789,-0.8
18790,0
18791,-2.4
18792,-2.4
18793,1.6
18794,5.6
18795,-0.8
18796,0
18797,0
18798,-3.2
18799,0.8
18800,-2.4
18801,2.4
18802,-0.8
18803,0.8
18804,0
18805,-4.8
18806,-1.6
18807,-1.6
18808,0.8
18809,-0.8
18810,0.8
18811,0.8
18812,3.2
18813,0.8
18814,-0.8
18815,-0.8
18816,0
18817,0.8
18818,0
18819,2.4
18820,0
18821,0
18822,-0.8
18823,2.4
18824,0
18825,-2.4
18826,-0.8
18827,0
18828,-4.8
18829,0
18830,0.8
18831,0.8
18832,2.4
18833,-1.6
18834,-3.2
18835,-4
18836,2.4
18837,2.4
18838,-1.6
18839,-0.8
18840,0
18841,0
18842,0
18843,-0.8
18844,0.8
18845,0.8
18846,2.4
18847,2.4
18848,0.8
18849,6.4
18850,2.4
18851,-3.2
18852,-3.2
18853,2.4
18854,2.4
18855,0.8
18856,2.4
18857,2.4
18858,2.4
18859,4
18860,2.4
18861,2.4
18862,0
18863,2.4
18864,0
18865,1.6
18866,-2.4
18867,0
18868,1.6
18869,-0.8
18870,2.4
18871,0
18872,-3.2
18873,0.8
18874,2.4
18875,-1.6
18876,1.6
18877,4
18878,-4
18879,2.4
18880,0
18881,-1.6
18882,0
18883,-4
18884,2.4
18885,-3.2
18886,0
18887,0
18888,-2.4
18889,5.6
18890,-3.2
18891,0
18892,-2.4
18893,-5.6
18894,0.8
18895,0
18896,-0.8
18897,0.8
18898,0
18899,0
18900,-2.4
18901,-1.6
18902,-0.8
18903,-2.4
18904,-0.8
18905,-0.8
18906,0
18907,0.8
18908,-0.8
18909,0.8
18910,3.2
18911,0
18912,0
18913,0
18914,0.8
18915,0.8
18916,-3.2
18917,0.8
18918,-3.2
18919,0
18920,2.4
18921,0.8
18922,0.8
18923,-3.2
18924,0.8
18925,-1.6
18926,0
18927,2.4
18928,0
18929,0
18930,2.4
18931,1.6
18932,4
18933,0.8
18934,-0.8
18935,0.8
18936,2.4
18937,0.8
18938,-0.8
18939,0
18940,0
18941,0
18942,-0.8
18943,0
18944,0
18945,-1.6
18946,-1.6
18947,0
18948,0.8
18949,-0.8
18950,-0.8
18951,0
18952,2.4
18953,0
18954,0
18955,-0.8
18956,-3.2
18957,1.6
18958,-4
18959,2.4
18960,0
18961,0.8
18962,-1.6
18963,-1.6
18964,-0.8
18965,-4
18966,0.8
18967,-0.8
18968,-4.8
18969,-2.4
18970,0
18971,0
18972,0
18973,2.4
18974,2.4
18975,0.8
18976,-0.8
18977,2.4
18978,0.8
18979,0.8
18980,-1.6
18981,-1.6
18982,2.4
18983,2.4
18984,0.8
18985,0
18986,2.4
18987,0
18988,0.8
18989,0
18990,3.2
18991,2.4
18992,0.8
18993,0
18994,0
18995,-2.4
18996,-3.2
18997,0
18998,-2.4
18999,-5.6
19000,0
19001,1.6
19002,0.8
19003,0
19004,0.8
19005,-5.6
19006,1.6
19007,0
19008,-2.4
19009,4
19010,2.4
19011,0
19012,-1.6
19013,4
19014,0.8
19015,0
19016,0
19017,-0.8
19018,0.8
19019,0
19020,0
19021,0
19022,0
19023,2.4
19024,0.8
19025,0.8
19026,2.4
19027,-0.8
19028,1.6
19029,0
19030,0.8
19031,1.6
19032,-0.8
19033,-2.4
19034,-1.6
19035,0.8
19036,-1.6
19037,0.8
19038,0
19039,0
19040,-3.2
19041,-1.6
19042,0.8
19043,0.8
19044,0
19045,-1.6
19046,-1.6
19047,-3.2
19048,1.6
19049,0.8
19050,-2.4
19051,-0.8
19052,0.8
19053,-1.6
19054,1.6
19055,0
19056,-1.6
19057,-3.2
19058,-1.6
19059,2.4
19060,0.8
19061,4
19062,1.6
19063,-0.8
19064,-0.8
19065,0
19066,2.4
19067,2.4
19068,0.8
19069,-0.8
19070,-0.8
19071,0.8
19072,2.4
19073,0
19074,2.4
19075,2.4
19076,0
19077,4
19078,2.4
19079,3.2
19080,-5.6
19081,0
19082,2.4
19083,2.4
19084,-0.8
19085,5.6
19086,0.8
19087,-0.8
19088,-0.8
19089,-0.8
19090,-0.8
19091,-0.8
19092,4
19093,0
19094,0
19095,0.8
19096,-0.8
19097,-1.6
19098,-1.6
19099,0.8
19100,0.8
19101,-3.2
19102,-5.6
19103,0
19104,0.8
19105,0
19106,-2.4
19107,5.6
19108,-2.4
19109,4
19110,2.4
19111,-3.2
19112,0.8
19113,0.8
19114,2.4
19115,-3.2
19116,-0.8
19117,0.8
19118,1.6
19119,-1.6
19120,-0.8
19121,2.4
19122,0.8
19123,0.8
19124,-0.8
19125,-0.8
19126,-0.8
19127,-0.8
19128,0
19129,2.4
19130,0
19131,0.8
19132,-3.2
19133,-5.6
19134,-11.2
19135,2.4
19136,-1.6
19137,0.8
19138,2.4
19139,0.8
19140,-0.8
19141,1.6
19142,2.4
19143,-3.2
19144,-0.8
19145,0
19146,0
19147,-2.4
19148,-0.8
19149,2.4
19150,-3.2
19151,0.8
19152,-3.2
19153,-0.8
19154,-6.4
19155,-3.2
19156,-3.2
19157,-2.4
19158,0
19159,-1.6
19160,0.8
19161,0
19162,2.4
19163,-0.8
19164,-0.8
19165,-3.2
19166,-0.8
19167,-3.2
19168,2.4
19169,-1.6
19170,0.8
19171,-1.6
19172,2.4
19173,2.4
19174,-3.2
19175,0.8
19176,4
19177,0
19178,0.8
19179,1.6
19180,0.8
19181,0
19182,1.6
19183,0
19184,8
19185,-3.2
19186,-1.6
19187,-3.2
19188,-3.2
19189,1.6
19190,0
19191,0.8
19192,1.6
19193,0.8
19194,2.4
19195,-1.6
19196,0
19197,-2.4
19198,-0.8
19199,1.6
19200,-0.8
19201,-0.8
19202,-3.2
19203,0.8
19204,0
19205,-1.6
19206,-0.8
19207,4
19208,0.8
19209,-3.2
19210,-3.2
19211,-2.4
19212,-1.6
19213,0.8
19214,0
19215,3.2
19216,2.4
19217,3.2
19218,-0.8
19219,-4.8
19220,-0.8
19221,-0.8
19222,4
19223,-3.2
19224,0.8
19225,-3.2
19226,0
19227,2.4
19228,0
19229,0.8
19230,0
19231,-1.6
19232,2.4
19233,0.8
19234,-1.6
19235,0
19236,0
19237,-1.6
19238,-0.8
19239,0
19240,-3.2
19241,0
19242,3.2
19243,0.8
19244,-0.8
19245,-0.8
19246,0.8
19247,0.8
19248,-1.6
19249,-0.8
19250,-0.8
19251,-0.8
19252,-4
19253,-1.6
19254,-0.8
19255,0
19256,1.6
19257,-3.2
19258,-4
19259,-0.8
19260,-1.6
19261,-3.2
19262,0
19263,-3.2
19264,-0.8
19265,0
19266,2.4
19267,1.6
19268,0.8
19269,-1.6
19270,2.4
19271,-1.6
19272,-4
19273,0
19274,0
19275,-0.8
19276,-3.2
19277,-3.2
19278,-3.2
19279,-0.8
19280,-0.8
19281,-2.4
19282,-3.2
19283,2.4
19284,0
19285,0
19286,0.8
19287,0
19288,0.8
19289,1.6
19290,0.8
19291,-0.8
19292,-3.2
19293,0
19294,2.4
19295,-0.8
19296,-1.6
19297,-0.8
19298,0
19299,0
19300,0.8
19301,0
19302,0
19303,-0.8
19304,0.8
19305,-1.6
19306,-1.6
19307,0
19308,-1.6
19309,-4
19310,-0.8
19311,0
19312,-0.8
19313,0
19314,-3.2
19315,0
19316,-0.8
19317,3.2
19318,2.4
19319,5.6
19320,2.4
19321,4
19322,0.8
19323,-1.6
19324,2.4
19325,-3.2
19326,-4
19327,4
19328,-0.8
19329,-5.6
19330,0.8
19331,0.8
19332,-3.2
19333,2.4
19334,-5.6
19335,-3.2
19336,0
19337,-0.8
19338,3.2
19339,-0.8
19340,0
19341,0
19342,0.8
19343,0.8
19344,0
19345,-2.4
19346,1.6
19347,2.4
19348,-3.2
19349,-1.6
19350,-0.8
19351,-1.6
19352,-3.2
19353,0
19354,0.8
19355,-0.8
19356,-1.6
19357,0.8
19358,0
19359,0.8
19360,-0.8
19361,-0.8
19362,-3.2
19363,-0.8
19364,2.4
19365,-1.6
19366,-0.8
19367,-4
19368,-3.2
19369,-0.8
19370,4
19371,0.8
19372,2.4
19373,-3.2
19374,0
19375,0
19376,0.8
19377,0.8
19378,0.8
19379,-2.4
19380,-2.4
19381,-1.6
19382,-0.8
19383,-0.8
19384,0
19385,-4.8
19386,0
19387,2.4
19388,-0.8
19389,0.8
19390,0
19391,3.2
19392,-0.8
19393,-3.2
19394,-0.8
19395,0
19396,-0.8
19397,2.4
19398,-3.2
19399,0.8
19400,-1.6
19401,0
19402,0.8
19403,-3.2
19404,-1.6
19405,-0.8
19406,0
19407,-1.6
19408,-0.8
19409,-5.6
19410,0
19411,-2.4
19412,0.8
19413,4
19414,0
19415,-0.8
19416,3.2
19417,0.8
19418,-3.2
19419,0
19420,-3.2
19421,-3.2
19422,-2.4
19423,-0.8
19424,0.8
19425,-1.6
19426,0.8
19427,3.2
19428,2.4
19429,-0.8
19430,-0.8
19431,-1.6
19432,-0.8
19433,0
19434,0
19435,-0.8
19436,-0.8
19437,-3.2
19438,-0.8
19439,0
19440,0.8
19441,-1.6
19442,0.8
19443,-0.8
19444,2.4
19445,1.6
19446,1.6
19447,-2.4
19448,0
19449,2.4
19450,-2.4
19451,-0.8
19452,-1.6
19453,-0.8
19454,-0.8
19455,-0.8
19456,0.8
19457,0.8
19458,2.4
19459,-0.8
19460,-5.6
19461,4
19462,0
19463,-0.8
19464,2.4
19465,2.4
19466,0
19467,0
19468,-0.8
19469,0
19470,-3.2
19471,0.8
19472,0
19473,0
19474,1.6
19475,0
19476,-2.4
19477,0
19478,0
19479,0.8
19480,2.4
19481,0.8
19482,-3.2
19483,0
19484,-3.2
19485,2.4
19486,-3.2
19487,-3.2
19488,-0.8
19489,0.8
19490,0
19491,-3.2
19492,2.4
19493,-4
19494,2.4
19495,-1.6
19496,-0.8
19497,-4
19498,-0.8
19499,-2.4
19500,-0.8
19501,-0.8
19502,-3.2
19503,-0.8
19504,-1.6
19505,-0.8
19506,-1.6
19507,2.4
19508,0.8
19509,2.4
19510,-0.8
19511,2.4
19512,-3.2
19513,-1.6
19514,0.8
19515,0
19516,2.4
19517,0
19518,-0.8
19519,0
19520,0.8
19521,0.8
19522,-0.8
19523,-4
19524,0
19525,2.4
19526,-0.8
19527,0
19528,2.4
19529,-0.8
19530,-1.6
19531,2.4
19532,-1.6
19533,0.8
19534,-2.4
19535,-1.6
19536,-0.8
19537,-3.2
19538,0.8
19539,-5.6
19540,-1.6
19541,0
19542,3.2
19543,2.4
19544,2.4
19545,0.8
19546,-0.8
19547,0
19548,0.8
19549,-1.6
19550,0.8
19551,-3.2
19552,0.8
19553,0
19554,0
19555,2.4
19556,-1.6
19557,-0.8
19558,2.4
19559,-1.6
19560,0
19561,-0.8
19562,5.6
19563,0.8
19564,-1.6
19565,0
19566,0
19567,0.8
19568,0
19569,0
19570,2.4
19571,0.8
19572,-0.8
19573,0
19574,-4
19575,0
19576,-1.6
19577,0.8
19578,-2.4
19579,-3.2
19580,0.8
19581,2.4
19582,0
19583,-3.2
19584,4
19585,-2.4
19586,-3.2
19587,0
19588,0
19589,-2.4
19590,2.4
19591,-1.6
19592,-4.8
19593,-3.2
19594,3.2
19595,-4
19596,-0.8
19597,0
19598,-3.2
19599,0
19600,0.8
19601,-1.6
19602,-3.2
19603,-2.4
19604,0
19605,-0.8
19606,0.8
19607,-0.8
19608,-3.2
19609,2.4
19610,0.8
19611,0
19612,-3.2
19613,-0.8
19614,0
19615,0
19616,-3.2
19617,-2.4
19618,-1.6
19619,0
19620,1.6
19621,-4
19622,0
19623,0
19624,0
19625,0.8
19626,-0.8
19627,2.4
19628,-1.6
19629,0
19630,0
19631,-1.6
19632,-8.8
19633,2.4
19634,2.4
19635,0.8
19636,-1.6
19637,2.4
19638,1.6
19639,0
19640,-3.2
19641,0.8
19642,2.4
19643,4
19644,-0.8
19645,0
19646,0
19647,-3.2
19648,-5.6
19649,0.8
19650,-1.6
19651,2.4
19652,-3.2
19653,-4
19654,0
19655,-0.8
19656,0.8
19657,2.4
19658,0.8
19659,0.8
19660,-1.6
19661,2.4
19662,0.8
19663,0.8
19664,1.6
19665,-1.6
19666,-0.8
19667,0
19668,-0.8
19669,-1.6
19670,0
19671,0
19672,-0.8
19673,-0.8
19674,0
19675,2.4
19676,0.8
19677,0.8
19678,-1.6
19679,-1.6
19680,1.6
19681,-1.6
19682,-0.8
19683,0.8
19684,0.8
19685,-3.2
19686,-1.6
19687,-0.8
19688,-0.8
19689,0.8
19690,-0.8
19691,1.6
19692,0.8
19693,-0.8
19694,2.4
19695,-0.8
19696,-0.8
19697,0
19698,0
19699,1.6
19700,-0.8
19701,0
19702,0
19703,-1.6
19704,0
19705,0
19706,-0.8
19707,-1.6
19708,-4
19709,0
19710,0
19711,2.4
19712,2.4
19713,-1.6
19714,0
19715,-1.6
19716,-1.6
19717,-3.2
19718,0.8
19719,0
19720,0.8
19721,-3.2
19722,0
19723,-1.6
19724,2.4
19725,0
19726,0.8
19727,0
19728,0.8
19729,-0.8
19730,0
19731,0
19732,4
19733,0.8
19734,1.6
19735,5.6
19736,0
19737,3.2
19738,0
19739,2.4
19740,0.8
19741,-1.6
19742,-2.4
19743,2.4
19744,-0.8
19745,-0.8
19746,-1.6
19747,-0.8
19748,0
19749,-3.2
19750,-0.8
19751,2.4
19752,-3.2
19753,-0.8
19754,-0.8
19755,-3.2
19756,5.6
19757,1.6
19758,-0.8
19759,-4
19760,2.4
19761,1.6
19762,2.4
19763,0
19764,0
19765,-3.2
19766,2.4
19767,0.8
19768,-0.8
19769,2.4
19770,0.8
19771,0
19772,-0.8
19773,-0.8
19774,2.4
19775,-0.8
19776,0.8
19777,0.8
19778,0.8
19779,-3.2
19780,-1.6
19781,0.8
19782,-1.6
19783,-1.6
19784,-15.2
19785,1.6
19786,-3.2
19787,-0.8
19788,-1.6
19789,-0.8
19790,0.8
19791,-3.2
19792,-0.8
19793,-0.8
19794,0
19795,-3.2
19796,2.4
19797,-0.8
19798,-3.2
19799,0
19800,0
19801,2.4
19802,-0.8
19803,0
19804,-1.6
19805,0.8
19806,-0.8
19807,2.4
19808,1.6
19809,-0.8
19810,-2.4
19811,2.4
19812,-0.8
19813,-1.6
19814,-3.2
19815,-0.8
19816,-1.6
19817,1.6
19818,0
19819,0.8
19820,0
19821,0
19822,1.6
19823,-1.6
19824,2.4
19825,-0.8
19826,0.8
19827,1.6
19828,4
19829,-0.8
19830,-0.8
19831,0
19832,-1.6
19833,-0.8
19834,-2.4
19835,-3.2
19836,0.8
19837,0
19838,0
19839,0
19840,0.8
19841,-0.8
19842,2.4
19843,-2.4
19844,2.4
19845,-1.6
19846,-0.8
19847,-1.6
19848,2.4
19849,0
19850,-0.8
19851,-1.6
19852,-0.8
19853,0
19854,0
19855,0
19856,0
19857,1.6
19858,0.8
19859,1.6
19860,0
19861,0.8
19862,0.8
19863,-0.8
19864,0
19865,0.8
19866,-0.8
19867,-1.6
19868,0
19869,-1.6
19870,3.2
19871,-0.8
19872,0.8
19873,1.6
19874,2.4
19875,-7.2
19876,0
19877,4
19878,-1.6
19879,2.4
19880,2.4
19881,-0.8
19882,-1.6
19883,-1.6
19884,-0.8
19885,0
19886,-0.8
19887,2.4
19888,-0.8
19889,-0.8
19890,-1.6
19891,-4
19892,0
19893,-4
19894,-0.8
19895,-4.8
19896,0
19897,2.4
19898,3.2
19899,-0.8
19900,0.8
19901,2.4
19902,0
19903,0.8
19904,2.4
19905,2.4
19906,0.8
19907,2.4
19908,-2.4
19909,0.8
19910,-0.8
19911,1.6
19912,0
19913,0
19914,-1.6
19915,-0.8
19916,0
19917,-24
19918,81.599998
19919,38.400002
19920,-29.6
19921,-77.599998
19922,-28.799999
19923,-8.8
19924,-24
19925,-20
19926,-44.799999
19927,-51.200001
19928,-25.6
19929,19.200001
19930,48.799999
19931,30.4
19932,14.4
19933,9.6
19934,2.4
19935,7.2
19936,0
19937,0
19938,7.2
19939,-0.8
19940,-1.6
19941,-1.6
19942,-1.6
19943,2.4
19944,0.8
19945,0
19946,2.4
19947,0.8
19948,2.4
19949,0.8
19950,0.8
19951,4
19952,0.8
19953,4
19954,2.4
19955,-4.8
19956,2.4
19957,0
19958,0.8
19959,-1.6
19960,-1.6
19961,4
19962,0.8
19963,0
19964,0.8
19965,0
19966,2.4
19967,2.4
19968,4
19969,0.8
19970,2.4
19971,0.8
19972,-0.8
19973,-3.2
19974,2.4
19975,0.8
19976,2.4
19977,2.4
19978,-0.8
19979,2.4
19980,2.4
19981,-0.8
19982,0
19983,0
19984,0
19985,-0.8
19986,-3.2
19987,6.4
19988,0
19989,0.8
19990,-0.8
19991,0
19992,0
19993,0
19994,4
19995,0
19996,-1.6
19997,-2.4
19998,-1.6
19999,0
20000,0.8
20001,2.4
20002,0.8
20003,0.8
20004,2.4
20005,0.8
20006,0.8
20007,0
20008,2.4
20009,-2.4
20010,4
20011,-0.8
20012,0
20013,2.4
20014,2.4
20015,1.6
20016,2.4
20017,2.4
20018,3.2
20019,-0.8
20020,1.6
20021,-3.2
20022,-0.8
20023,0.8
20024,1.6
20025,0
20026,0
20027,0
20028,-3.2
20029,-0.8
20030,0.8
20031,2.4
20032,0.8
20033,-0.8
20034,-0.8
20035,5.6
20036,0
20037,0.8
20038,0.8
20039,2.4
20040,-3.2
20041,4
20042,0.8
20043,-4
20044,3.2
20045,-0.8
20046,-1.6
20047,0.8
20048,-0.8
20049,2.4
20050,2.4
20051,-0.8
20052,-3.2
20053,0.8
20054,2.4
20055,0
20056,0
20057,0.8
20058,-4
20059,0
20060,0.8
20061,-0.8
20062,0
20063,0.8
20064,-0.8
20065,-0.8
20066,-0.8
20067,2.4
20068,-0.8
20069,-2.4
20070,0
20071,1.6
20072,4
20073,0
20074,2.4
20075,-1.6
20076,-3.2
20077,-0.8
20078,0
20079,2.4
20080,1.6
20081,-1.6
20082,2.4
20083,1.6
20084,3.2
20085,-0.8
20086,2.4
20087,2.4
20088,2.4
20089,0
20090,-0.8
20091,0
20092,-3.2
20093,-0.8
20094,1.6
20095,-3.2
20096,-0.8
20097,0
20098,2.4
20099,2.4
20100,0
20101,2.4
20102,0.8
20103,0
20104,-2.4
20105,0.8
20106,0
20107,-1.6
20108,-2.4
20109,-0.8
20110,-3.2
20111,-0.8
20112,-2.4
20113,4
20114,2.4
20115,0.8
20116,0.8
20117,-0.8
20118,4
20119,1.6
20120,0
20121,2.4
20122,-0.8
20123,2.4
20124,-4
20125,-2.4
20126,0.8
20127,2.4
20128,-0.8
20129,0
20130,0.8
20131,1.6
20132,2.4
20133,4
20134,4
20135,-1.6
20136,0
20137,0
20138,0.8
20139,-0.8
20140,0.8
20141,0
20142,-1.6
20143,0
20144,-3.2
20145,0.8
20146,-1.6
20147,0
20148,-2.4
20149,-2.4
20150,0
20151,0.8
20152,0
20153,2.4
20154,-5.6
20155,0.8
20156,2.4
20157,0.8
20158,0.8
20159,-4
20160,0.8
20161,-3.2
20162,0
20163,0
20164,0
20165,0
20166,2.4
20167,0
20168,2.4
20169,0
20170,0
20171,-1.6
20172,0
20173,2.4
20174,0.8
20175,-1.6
20176,-3.2
20177,0.8
20178,-0.8
20179,2.4
20180,0.8
20181,9.6
20182,0.8
20183,-8.8
20184,0.8
20185,0.8
20186,-1.6
20187,3.2
20188,1.6
20189,2.4
20190,-0.8
20191,-0.8
20192,-5.6
20193,0
20194,-1.6
20195,-2.4
20196,-1.6
20197,-2.4
20198,-1.6
20199,-0.8
20200,0.8
20201,0.8
20202,0.8
20203,-0.8
20204,-0.8
20205,2.4
20206,0
20207,0
20208,-2.4
20209,0
20210,0.8
20211,0
20212,0.8
20213,0
20214,0
20215,1.6
20216,0.8
20217,0.8
20218,0.8
20219,0
20220,2.4
20221,2.4
20222,0
20223,0
20224,-1.6
20225,0.8
20226,3.2
20227,-0.8
20228,0
20229,2.4
20230,0
20231,-0.8
20232,0
20233,4
20234,-1.6
20235,2.4
20236,2.4
20237,-0.8
20238,-0.8
20239,0.8
20240,1.6
20241,0.8
20242,-1.6
20243,0.8
20244,2.4
20245,2.4
20246,0
20247,-0.8
20248,-0.8
20249,-0.8
20250,2.4
20251,0.8
20252,-0.8
20253,2.4
20254,3.2
20255,0
20256,0
20257,-1.6
20258,-4.8
20259,-0.8
20260,4
20261,-0.8
20262,1.6
20263,0
20264,1.6
20265,0
20266,-3.2
20267,-0.8
20268,0
20269,-3.2
20270,-2.4
20271,-0.8
20272,0.8
20273,1.6
20274,0.8
20275,-0.8
20276,2.4
20277,2.4
20278,2.4
20279,2.4
20280,2.4
20281,3.2
20282,2.4
20283,1.6
20284,-1.6
20285,0.8
20286,-2.4
20287,-4
20288,4
20289,0.8
20290,-0.8
20291,-3.2
20292,0.8
20293,5.6
20294,14.4
20295,-2.4
20296,-15.2
20297,-12
20298,-7.2
20299,-0.8
20300,-4
20301,4
20302,0.8
20303,1.6
20304,2.4
20305,3.2
20306,0
20307,-7.2
20308,-4
20309,-1.6
20310,-4
20311,-1.6
20312,-2.4
20313,2.4
20314,-3.2
20315,0
20316,-3.2
20317,0.8
20318,-1.6
20319,-3.2
20320,-4
20321,0
20322,-0.8
20323,-0.8
20324,-0.8
20325,-0.8
20326,2.4
20327,-1.6
20328,0
20329,1.6
20330,5.6
20331,7.2
20332,0.8
20333,1.6
20334,4
20335,0.8
20336,-0.8
20337,-1.6
20338,2.4
20339,0.8
20340,0
20341,0
20342,-0.8
20343,2.4
20344,-0.8
20345,0.8
20346,-0.8
20347,0
20348,0.8
20349,-0.8
20350,-1.6
20351,-0.8
20352,-0.8
20353,0
20354,-1.6
20355,-0.8
20356,2.4
20357,0.8
20358,-3.2
20359,-3.2
20360,3.2
20361,4
20362,-0.8
20363,-0.8
20364,2.4
20365,-0.8
20366,0
20367,-3.2
20368,0
20369,-2.4
20370,-1.6
20371,4
20372,0
20373,0.8
20374,4
20375,0
20376,3.2
20377,4
20378,0.8
20379,4
20380,-0.8
20381,0.8
20382,-0.8
20383,2.4
20384,0.8
20385,4
20386,-1.6
20387,0
20388,2.4
20389,2.4
20390,1.6
20391,6.4
20392,-3.2
20393,-5.6
20394,0.8
20395,-2.4
20396,1.6
20397,0
20398,0
20399,0
20400,4
20401,3.2
20402,0
20403,-3.2
20404,0
20405,0.8
20406,0.8
20407,0
20408,0.8
20409,0
20410,2.4
20411,0.8
20412,0.8
20413,0.8
20414,-0.8
20415,0.8
20416,0.8
20417,3.2
20418,0
20419,0
20420,2.4
20421,0.8
20422,0
20423,-0.8
20424,0
20425,-3.2
20426,0
20427,2.4
20428,2.4
20429,2.4
20430,0
20431,2.4
20432,0.8
20433,-1.6
20434,0
20435,7.2
20436,-0.8
20437,-0.8
20438,0.8
20439,0
20440,0
20441,3.2
20442,0.8
20443,0
20444,-3.2
20445,-3.2
20446,-3.2
20447,0
20448,-0.8
20449,2.4
20450,2.4
20451,0
20452,-3.2
20453,-4.8
20454,-1.6
20455,0.8
20456,0
20457,-3.2
20458,0.8
20459,0
20460,-4
20461,2.4
20462,0.8
20463,0.8
20464,-2.4
20465,-0.8
20466,-1.6
20467,-3.2
20468,-0.8
20469,-3.2
20470,-3.2
20471,-4.8
20472,-2.4
20473,-1.6
20474,0.8
20475,-0.8
20476,-0.8
20477,-1.6
20478,-0.8
20479,0
20480,0.8
20481,0
20482,-3.2
20483,-3.2
20484,-4
20485,0.8
20486,2.4
20487,0
20488,1.6
20489,2.4
20490,-3.2
20491,0.8
20492,-3.2
20493,-4.8
20494,0.8
20495,0.8
20496,-1.6
20497,0.8
20498,-1.6
20499,0.8
20500,-3.2
20501,3.2
20502,-5.6
20503,0
20504,0
20505,-0.8
20506,-3.2
20507,0.8
20508,2.4
20509,0.8
20510,-0.8
20511,0
20512,0.8
20513,-1.6
20514,-0.8
20515,0
20516,0
20517,-2.4
20518,-3.2
20519,2.4
20520,-1.6
20521,0.8
20522,-0.8
20523,0.8
20524,-2.4
20525,0
20526,-0.8
20527,0
20528,4
20529,1.6
20530,2.4
20531,-0.8
20532,0
20533,0
20534,0.8
20535,0.8
20536,-2.4
20537,0
20538,0
20539,0
20540,0
20541,-2.4
20542,0
20543,2.4
20544,2.4
20545,2.4
20546,-0.8
20547,0.8
20548,-2.4
20549,-0.8
20550,0.8
20551,0
20552,0
20553,0
20554,2.4
20555,0
20556,5.6
20557,2.4
20558,0
20559,-3.2
20560,-1.6
20561,-0.8
20562,4
20563,-3.2
20564,0
20565,0.8
20566,3.2
20567,2.4
20568,4
20569,0.8
20570,0
20571,0.8
20572,2.4
20573,0
20574,-0.8
20575,2.4
20576,-1.6
20577,-1.6
20578,0
20579,-2.4
20580,-1.6
20581,0
20582,-0.8
20583,-3.2
20584,-0.8
20585,-3.2
20586,-4.8
20587,-4.8
20588,2.4
20589,0
20590,0
20591,0
20592,-2.4
20593,0.8
20594,2.4
20595,0.8
20596,0
20597,-3.2
20598,0
20599,0.8
20600,0.8
20601,-0.8
20602,0.8
20603,-3.2
20604,1.6
20605,0.8
20606,-0.8
20607,-0.8
20608,-0.8
20609,-3.2
20610,-2.4
20611,2.4
20612,-0.8
20613,0.8
20614,-0.8
20615,0
20616,0
20617,0.8
20618,2.4
20619,-1.6
20620,0
20621,-0.8
20622,0
20623,0
20624,-4
20625,1.6
20626,2.4
20627,0
20628,-0.8
20629,2.4
20630,-0.8
20631,0
20632,-3.2
20633,0.8
20634,-2.4
20635,-0.8
20636,-3.2
20637,0.8
20638,-4
20639,-0.8
20640,-0.8
20641,1.6
20642,-4
20643,-3.2
20644,0.8
20645,2.4
20646,0
20647,-0.8
20648,0.8
20649,2.4
20650,-4
20651,0
20652,0
20653,-3.2
20654,-1.6
20655,0.8
20656,-0.8
20657,-0.8
20658,7.2
20659,-0.8
20660,-1.6
20661,7.2
20662,-1.6
20663,-3.2
20664,1.6
20665,0
20666,0.8
20667,2.4
20668,0.8
20669,-1.6
20670,-4.8
20671,2.4
20672,0.8
20673,-0.8
20674,0
20675,2.4
20676,2.4
20677,-1.6
20678,-0.8
20679,0
20680,0.8
20681,1.6
20682,2.4
20683,-5.6
20684,-0.8
20685,-2.4
20686,-4.8
20687,0
20688,2.4
20689,-2.4
20690,4
20691,0
20692,-1.6
20693,1.6
20694,0
20695,0
20696,0
20697,0.8
20698,-0.8
20699,-0.8
20700,-2.4
20701,-0.8
20702,0
20703,-4
20704,0
20705,0
20706,0.8
20707,0.8
20708,2.4
20709,-4.8
20710,4
20711,-1.6
20712,0.8
20713,0.8
20714,2.4
20715,-1.6
20716,-2.4
20717,0.8
20718,0.8
20719,2.4
20720,-3.2
20721,3.2
20722,1.6
20723,-0.8
20724,-3.2
20725,0
20726,-0.8
20727,2.4
20728,4
20729,0
20730,0.8
20731,-3.2
20732,2.4
20733,2.4
20734,-3.2
20735,0
20736,-4
20737,-3.2
20738,-3.2
20739,-2.4
20740,-0.8
20741,-0.8
20742,-3.2
20743,0.8
20744,-4
20745,-0.8
20746,-1.6
20747,-4
20748,-3.2
20749,-0.8
20750,0
20751,0.8
20752,0.8
20753,-5.6
20754,-0.8
20755,-0.8
20756,0.8
20757,-3.2
20758,0.8
20759,-0.8
20760,0.8
20761,0
20762,0
20763,2.4
20764,1.6
20765,-3.2
20766,0
20767,0
20768,0.8
20769,0
20770,-3.2
20771,-3.2
20772,-1.6
20773,-0.8
20774,0
20775,0
20776,0.8
20777,0
20778,3.2
20779,-2.4
20780,0
20781,2.4
20782,0.8
20783,-1.6
20784,2.4
20785,2.4
20786,-4.8
20787,7.2
20788,1.6
20789,-1.6
20790,0
20791,0.8
20792,0.8
20793,2.4
20794,-0.8
20795,0.8
20796,-2.4
20797,0
20798,-1.6
20799,0
20800,0
20801,3.2
20802,0
20803,-1.6
20804,-2.4
20805,-3.2
20806,-0.8
20807,-1.6
20808,0
20809,0.8
20810,-0.8
20811,7.2
20812,-1.6
20813,-1.6
20814,0.8
20815,2.4
20816,0.8
20817,0.8
20818,-2.4
20819,1.6
20820,-4.8
20821,1.6
20822,1.6
20823,0.8
20824,-0.8
20825,3.2
20826,-0.8
20827,-0.8
20828,2.4
20829,-0.8
20830,0
20831,0.8
20832,-0.8
20833,-1.6
20834,0.8
20835,0
20836,-3.2
20837,0
20838,0
20839,-0.8
20840,0
20841,-3.2
20842,0
20843,-2.4
20844,1.6
20845,2.4
20846,-3.2
20847,0
20848,0
20849,-2.4
20850,-3.2
20851,0.8
20852,-0.8
20853,-2.4
20854,-3.2
20855,0
20856,-1.6
20857,0.8
20858,0
20859,-4.8
20860,-4.8
20861,8
20862,-1.6
20863,0
20864,2.4
20865,-0.8
20866,0
20867,0.8
20868,1.6
20869,-2.4
20870,-0.8
20871,2.4
20872,-0.8
20873,-0.8
20874,0
20875,-0.8
20876,0.8
20877,-1.6
20878,-4
20879,0
20880,-0.8
20881,0
20882,0.8
20883,0.8
20884,0
20885,0
20886,-4
20887,4
20888,-0.8
20889,0.8
20890,0.8
20891,1.6
20892,-3.2
20893,-4
20894,0
20895,2.4
20896,-0.8
20897,0
20898,0.8
20899,-1.6
20900,2.4
20901,-1.6
20902,0
20903,-3.2
20904,2.4
20905,-0.8
20906,0
20907,0.8
20908,-3.2
20909,-0.8
20910,-3.2
20911,-0.8
20912,0.8
20913,2.4
20914,-0.8
20915,-2.4
20916,-2.4
20917,-0.8
20918,0.8
20919,0.8
20920,2.4
20921,4
20922,2.4
20923,0.8
20924,0
20925,0.8
20926,-0.8
20927,2.4
20928,-1.6
20929,0
20930,4
20931,2.4
20932,0
20933,-0.8
20934,5.6
20935,0.8
20936,2.4
20937,0.8
20938,-0.8
20939,-3.2
20940,0
20941,-0.8
20942,2.4
20943,0.8
20944,-0.8
20945,0.8
20946,-3.2
20947,0.8
20948,4
20949,-0.8
20950,5.6
20951,-5.6
20952,0.8
20953,-0.8
20954,-0.8
20955,2.4
20956,0.8
20957,0
20958,0
20959,1.6
20960,-1.6
20961,0.8
20962,4
20963,0
20964,-1.6
20965,-1.6
20966,-0.8
20967,2.4
20968,-0.8
20969,-1.6
20970,-3.2
20971,0
20972,0
20973,-1.6
20974,-4
20975,0
20976,1.6
20977,2.4
20978,0.8
20979,0
20980,-0.8
20981,2.4
20982,-3.2
20983,-0.8
20984,0.8
20985,2.4
20986,-1.6
20987,-1.6
20988,0
20989,-0.8
20990,0.8
20991,0.8
20992,2.4
20993,0.8
20994,-0.8
20995,1.6
20996,-7.2
20997,0
20998,4
20999,1.6
21000,0.8
21001,-1.6
21002,0
21003,0
21004,-3.2
21005,0
21006,-0.8
21007,2.4
21008,2.4
21009,-1.6
21010,-0.8
21011,-0.8
21012,0
21013,2.4
21014,0.8
21015,0.8
21016,0.8
21017,2.4
21018,0
21019,0
21020,-0.8
21021,2.4
21022,2.4
21023,-1.6
21024,0
21025,0.8
21026,-1.6
21027,-1.6
21028,0
21029,1.6
21030,0.8
21031,2.4
21032,1.6
21033,4
21034,0
21035,-0.8
21036,-0.8
21037,1.6
21038,-6.4
21039,0.8
21040,0.8
21041,0.8
21042,0.8
21043,-1.6
21044,0.8
21045,2.4
21046,-0.8
21047,-3.2
21048,-0.8
21049,-1.6
21050,2.4
21051,4
21052,-4
21053,-3.2
21054,-2.4
21055,0
21056,-0.8
21057,0
21058,-1.6
21059,0.8
21060,0.8
21061,2.4
21062,0.8
21063,0.8
21064,1.6
21065,0.8
21066,0
21067,-4
21068,2.4
21069,0.8
21070,-1.6
21071,-0.8
21072,-3.2
21073,-4.8
21074,-1.6
21075,-1.6
21076,2.4
21077,1.6
21078,-3.2
21079,-1.6
21080,-1.6
21081,0.8
21082,0
21083,-3.2
21084,0
21085,4
21086,2.4
21087,-1.6
21088,0
21089,0.8
21090,-2.4
21091,-0.8
21092,2.4
21093,-0.8
21094,2.4
21095,0.8
21096,0.8
21097,-0.8
21098,-8.8
21099,-0.8
21100,-2.4
21101,2.4
21102,0
21103,0
21104,-1.6
21105,0
21106,-0.8
21107,0.8
21108,0.8
21109,-5.6
21110,-3.2
21111,2.4
21112,0.8
21113,1.6
21114,0
21115,1.6
21116,0.8
21117,0.8
21118,-1.6
21119,3.2
21120,-3.2
21121,-1.6
21122,5.6
21123,-3.2
21124,-0.8
21125,2.4
21126,0.8
21127,-0.8
21128,-3.2
21129,0.8
21130,1.6
21131,1.6
21132,3.2
21133,1.6
21134,0
21135,-1.6
21136,3.2
21137,3.2
21138,4
21139,2.4
21140,0
21141,-1.6
21142,1.6
21143,0.8
21144,0
21145,2.4
21146,-3.2
21147,-0.8
21148,0.8
21149,-0.8
21150,2.4
21151,-2.4
21152,0
21153,-0.8
21154,3.2
21155,0.8
21156,-0.8
21157,8
21158,-1.6
21159,-2.4
21160,5.6
21161,0.8
21162,2.4
21163,-0.8
21164,-4
21165,-2.4
21166,-0.8
21167,2.4
21168,0
21169,-0.8
21170,-0.8
21171,1.6
21172,0.8
21173,2.4
21174,-2.4
21175,-0.8
21176,-0.8
21177,2.4
21178,2.4
21179,0.8
21180,0.8
21181,0.8
21182,0.8
21183,2.4
21184,0
21185,-11.2
21186,0.8
21187,-3.2
21188,2.4
21189,2.4
21190,-0.8
21191,-1.6
21192,-1.6
21193,-0.8
21194,0
21195,2.4
21196,-4
21197,-0.8
21198,-16.799999
21199,-1.6
21200,-1.6
21201,-0.8
21202,0.8
21203,-3.2
21204,-3.2
21205,0
21206,-0.8
21207,0.8
21208,-3.2
21209,2.4
21210,0
21211,-0.8
21212,3.2
21213,-0.8
21214,-0.8
21215,-0.8
21216,-1.6
21217,-3.2
21218,-0.8
21219,3.2
21220,2.4
21221,0
21222,-3.2
21223,3.2
21224,2.4
21225,-0.8
21226,0
21227,-0.8
21228,0.8
21229,2.4
21230,2.4
21231,2.4
21232,0.8
21233,7.2
21234,0
21235,0.8
21236,-3.2
21237,-3.2
21238,-3.2
21239,-1.6
21240,0
21241,0
21242,-3.2
21243,4
21244,0.8
21245,0.8
21246,0
21247,-1.6
21248,-1.6
21249,0.8
21250,0
21251,0
21252,0
21253,-0.8
21254,-1.6
21255,0
21256,0
21257,0.8
21258,-0.8
21259,-2.4
21260,-3.2
21261,3.2
21262,0
21263,-0.8
21264,-0.8
21265,4
21266,-1.6
21267,0.8
21268,-3.2
21269,-0.8
21270,-1.6
21271,0.8
21272,0
21273,-3.2
21274,0.8
21275,-1.6
21276,0
21277,-0.8
21278,2.4
21279,0.8
21280,0.8
21281,0.8
21282,2.4
21283,-4
21284,-0.8
21285,-0.8
21286,-2.4
21287,-0.8
21288,-3.2
21289,2.4
21290,-4.8
21291,0
21292,0
21293,-3.2
21294,0.8
21295,4
21296,-3.2
21297,0
21298,0.8
21299,0
21300,-2.4
21301,0
21302,-3.2
21303,-0.8
21304,-0.8
21305,0
21306,0
21307,0.8
21308,-1.6
21309,0
21310,0.8
21311,0.8
21312,2.4
21313,0
21314,0
21315,0.8
21316,0.8
21317,-0.8
21318,0.8
21319,2.4
21320,2.4
21321,0
21322,2.4
21323,0
21324,0
21325,0
21326,-2.4
21327,-0.8
21328,0.8
21329,-0.8
21330,-0.8
21331,-3.2
21332,8.8
21333,2.4
21334,-0.8
21335,-1.6
21336,-4
21337,-0.8
21338,-3.2
21339,3.2
21340,2.4
21341,-4
21342,-0.8
21343,-4
21344,-0.8
21345,0.8
21346,-2.4
21347,2.4
21348,-1.6
21349,-1.6
21350,0.8
21351,-1.6
21352,0.8
21353,-0.8
21354,0.8
21355,0.8
21356,-1.6
21357,2.4
21358,-2.4
21359,-3.2
21360,-4.8
21361,2.4
21362,3.2
21363,2.4
21364,-0.8
21365,0.8
21366,0
21367,2.4
21368,5.6
21369,2.4
21370,0.8
21371,3.2
21372,2.4
21373,0.8
21374,1.6
21375,-4
21376,0
21377,0
21378,2.4
21379,2.4
21380,0.8
21381,2.4
21382,2.4
21383,-5.6
21384,0.8
21385,-1.6
21386,0
21387,-3.2
21388,0
21389,3.2
21390,2.4
21391,0.8
21392,3.2
21393,0.8
21394,-3.2
21395,-2.4
21396,-1.6
21397,0
21398,0
21399,1.6
21400,0
21401,-0.8
21402,-1.6
21403,0
21404,2.4
21405,-0.8
21406,0
21407,-0.8
21408,-3.2
21409,-4
21410,-3.2
21411,0.8
21412,4
21413,0.8
21414,-0.8
21415,-2.4
21416,0.8
21417,-0.8
21418,-0.8
21419,-3.2
21420,4
21421,2.4
21422,3.2
21423,-1.6
21424,1.6
21425,0.8
21426,0
21427,4
21428,2.4
21429,0.8
21430,2.4
21431,2.4
21432,-1.6
21433,0
21434,4
21435,-0.8
21436,-3.2
21437,-1.6
21438,-1.6
21439,0
21440,-2.4
21441,-0.8
21442,2.4
21443,0.8
21444,-0.8
21445,-2.4
21446,-3.2
21447,0
21448,-0.8
21449,-3.2
21450,-3.2
21451,0.8
21452,2.4
21453,-3.2
21454,-3.2
21455,-0.8
21456,0
21457,0.8
21458,2.4
21459,-0.8
21460,-0.8
21461,0.8
21462,-0.8
21463,0.8
21464,-3.2
21465,0.8
21466,0
21467,-0.8
21468,-1.6
21469,0
21470,2.4
21471,0.8
21472,0
21473,0
21474,0.8
21475,-2.4
21476,-0.8
21477,2.4
21478,-0.8
21479,0.8
21480,2.4
21481,0.8
21482,0
21483,0.8
21484,4
21485,4
21486,-3.2
21487,-0.8
21488,-3.2
21489,0.8
21490,0.8
21491,0
21492,4
21493,-0.8
21494,-3.2
21495,-0.8
21496,1.6
21497,2.4
21498,0.8
21499,-1.6
21500,-0.8
21501,-2.4
21502,0
21503,-4.8
21504,-3.2
21505,2.4
21506,0.8
21507,0
21508,0.8
21509,0
21510,-1.6
21511,-0.8
21512,-0.8
21513,0
21514,-3.2
21515,-2.4
21516,0
21517,0.8
21518,-3.2
21519,0.8
21520,-3.2
21521,3.2
21522,2.4
21523,2.4
21524,-0.8
21525,1.6
21526,-2.4
21527,-3.2
21528,0.8
21529,2.4
21530,-4
21531,-3.2
21532,4
21533,2.4
21534,-0.8
21535,0.8
21536,5.6
21537,3.2
21538,0
21539,-0.8
21540,-0.8
21541,-0.8
21542,2.4
21543,-0.8
21544,4
21545,-3.2
21546,-3.2
21547,-1.6
21548,2.4
21549,1.6
21550,-0.8
21551,-1.6
21552,2.4
21553,-2.4
21554,-3.2
21555,-1.6
21556,5.6
21557,0
21558,1.6
21559,2.4
21560,3.2
21561,0
21562,-3.2
21563,2.4
21564,-0.8
21565,2.4
21566,0.8
21567,-0.8
21568,0.8
21569,0
21570,-2.4
21571,0.8
21572,0
21573,-0.8
21574,-0.8
21575,2.4
21576,2.4
21577,-0.8
21578,2.4
21579,-2.4
21580,0.8
21581,-3.2
21582,0
21583,0
21584,0.8
21585,-4
21586,5.6
21587,-3.2
21588,-1.6
21589,-2.4
21590,-0.8
21591,0.8
21592,0
21593,-3.2
21594,2.4
21595,2.4
21596,0
21597,-0.8
21598,0.8
21599,-0.8
21600,-0.8
21601,9.6
21602,0.8
21603,-2.4
21604,5.6
21605,-1.6
21606,-2.4
21607,-0.8
21608,0
21609,0
21610,2.4
21611,-2.4
21612,3.2
21613,-0.8
21614,-1.6
21615,1.6
21616,0
21617,2.4
21618,5.6
21619,-2.4
21620,0.8
21621,0.8
21622,-1.6
21623,0
21624,0.8
21625,0
21626,0
21627,-0.8
21628,4
21629,0
21630,0.8
21631,0
21632,2.4
21633,1.6
21634,-0.8
21635,3.2
21636,2.4
21637,0
21638,0.8
21639,-0.8
21640,-1.6
21641,-3.2
21642,3.2
21643,0
21644,-0.8
21645,0
21646,-3.2
21647,-4
21648,0.8
21649,-2.4
21650,0
21651,-0.8
21652,2.4
21653,-3.2
21654,5.6
21655,0.8
21656,-3.2
21657,5.6
21658,2.4
21659,-1.6
21660,4
21661,0.8
21662,-0.8
21663,0.8
21664,-0.8
21665,-5.6
21666,-2.4
21667,0
21668,2.4
21669,-0.8
21670,-0.8
21671,-0.8
21672,0
21673,3.2
21674,0.8
21675,-2.4
21676,-1.6
21677,-1.6
21678,9.6
21679,-0.8
21680,1.6
21681,2.4
21682,-0.8
21683,0.8
21684,-10.4
21685,2.4
21686,3.2
21687,-3.2
21688,0
21689,1.6
21690,0
21691,-0.8
21692,-4
21693,-0.8
21694,0
21695,-0.8
21696,-2.4
21697,-1.6
21698,-2.4
21699,1.6
21700,-0.8
21701,-3.2
21702,-5.6
21703,3.2
21704,0
21705,-1.6
21706,0.8
21707,0
21708,0
21709,-0.8
21710,-0.8
21711,-3.2
21712,-2.4
21713,-2.4
21714,0.8
21715,0.8
21716,0.8
21717,-5.6
21718,-5.6
21719,-2.4
21720,-3.2
21721,2.4
21722,2.4
21723,2.4
21724,1.6
21725,0
21726,4
21727,0.8
21728,0.8
21729,-0.8
21730,0
21731,-0.8
21732,0.8
21733,0
21734,-0.8
21735,0
21736,2.4
21737,0.8
21738,0.8
21739,2.4
21740,0
21741,0
21742,1.6
21743,-5.6
21744,1.6
21745,0
21746,0.8
21747,0.8
21748,-0.8
21749,0
21750,-1.6
21751,0.8
21752,-0.8
21753,-0.8
21754,-3.2
21755,-5.6
21756,0.8
21757,-0.8
21758,-1.6
21759,-1.6
21760,2.4
21761,0.8
21762,0.8
21763,0.8
21764,-3.2
21765,-0.8
21766,0
21767,4
21768,0.8
21769,-3.2
21770,0.8
21771,2.4
21772,-1.6
21773,2.4
21774,-2.4
21775,0.8
21776,0
21777,0.8
21778,0
21779,-1.6
21780,-14.4
21781,-0.8
21782,0
21783,-4.8
21784,2.4
21785,2.4
21786,-1.6
21787,0.8
21788,-5.6
21789,-0.8
21790,-3.2
21791,-3.2
21792,0
21793,-1.6
21794,-0.8
21795,-4
21796,-8.8
21797,0
21798,2.4
21799,0
21800,-3.2
21801,-0.8
21802,0.8
21803,-0.8
21804,-3.2
21805,-0.8
21806,0
21807,-3.2
21808,-3.2
21809,0
21810,0
21811,-4.8
21812,0
21813,2.4
21814,-1.6
21815,-1.6
21816,2.4
21817,-3.2
21818,0
21819,-3.2
21820,0
21821,-3.2
21822,2.4
21823,2.4
21824,-0.8
21825,2.4
21826,-0.8
21827,-1.6
21828,4
21829,0.8
21830,1.6
21831,0.8
21832,-1.6
21833,-3.2
21834,2.4
21835,0
21836,0.8
21837,-1.6
21838,2.4
21839,0.8
21840,0.8
21841,-4
21842,-3.2
21843,-1.6
21844,2.4
21845,0.8
21846,-1.6
21847,-0.8
21848,-3.2
21849,0
21850,1.6
21851,-0.8
21852,0
21853,-8
21854,0
21855,-0.8
21856,0.8
21857,0
21858,-6.4
21859,-1.6
21860,0.8
21861,0
21862,0
21863,-4.8
21864,5.6
21865,0
21866,0.8
21867,-3.2
21868,0.8
21869,0
21870,-3.2
21871,2.4
21872,0.8
21873,-4.8
21874,-4
21875,0.8
21876,-0.8
21877,2.4
21878,-3.2
21879,0
21880,-0.8
21881,4
21882,-3.2
21883,-3.2
21884,-3.2
21885,0.8
21886,1.6
21887,-4
21888,-0.8
21889,0.8
21890,0
21891,-0.8
21892,-4
21893,0.8
21894,-1.6
21895,-0.8
21896,-0.8
21897,-3.2
21898,-4.8
21899,-3.2
21900,0
21901,-4
21902,0
21903,0
21904,0
21905,-3.2
21906,0
21907,-2.4
21908,-3.2
21909,0
21910,-1.6
21911,0.8
21912,0
21913,-3.2
21914,0
21915,-1.6
21916,0.8
21917,-1.6
21918,5.6
21919,0
21920,-3.2
21921,0
21922,2.4
21923,3.2
21924,2.4
21925,-1.6
21926,0.8
21927,0.8
21928,0.8
21929,-0.8
21930,0
21931,0.8
21932,4
21933,-0.8
21934,0
21935,0.8
21936,-0.8
21937,0
21938,2.4
21939,0
21940,4
21941,-1.6
21942,0.8
21943,0.8
21944,5.6
21945,-2.4
21946,1.6
21947,1.6
21948,0.8
21949,1.6
21950,0.8
21951,-3.2
21952,0
21953,0
21954,1.6
21955,0
21956,0.8
21957,-0.8
21958,0
21959,0
21960,2.4
21961,-0.8
21962,0
21963,-1.6
21964,-1.6
21965,-1.6
21966,-0.8
21967,1.6
21968,0
21969,-1.6
21970,-3.2
21971,-0.8
21972,2.4
21973,1.6
21974,2.4
21975,-3.2
21976,4
21977,-1.6
21978,2.4
21979,-3.2
21980,5.6
21981,-0.8
21982,-0.8
21983,-4
21984,5.6
21985,0
21986,4
21987,0.8
21988,0.8
21989,5.6
21990,-0.8
21991,2.4
21992,-1.6
21993,-4
21994,-0.8
21995,2.4
21996,0.8
21997,2.4
21998,-1.6
21999,-0.8
22000,0.8
22001,-3.2
22002,-3.2
22003,-3.2
22004,0
22005,-4
22006,-3.2
22007,0
22008,0
22009,5.6
22010,7.2
22011,2.4
22012,0.8
22013,-1.6
22014,-0.8
22015,-3.2
22016,-0.8
22017,2.4
22018,0.8
22019,3.2
22020,-1.6
22021,0
22022,0.8
22023,2.4
22024,1.6
22025,-1.6
22026,2.4
22027,0.8
22028,2.4
22029,-1.6
22030,2.4
22031,0.8
22032,4
22033,0
22034,-4
22035,-1.6
22036,4
22037,1.6
22038,-0.8
22039,-1.6
22040,-1.6
22041,0.8
22042,4
22043,2.4
22044,11.2
22045,-8.8
22046,2.4
22047,11.2
22048,-2.4
22049,-1.6
22050,0
22051,-4.8
22052,1.6
22053,0
22054,0
22055,-6.4
22056,4
22057,-3.2
22058,-3.2
22059,3.2
22060,-4.8
22061,-2.4
22062,2.4
22063,4
22064,5.6
22065,0.8
22066,-8
22067,2.4
22068,5.6
22069,0.8
22070,0.8
22071,0
22072,-3.2
22073,-3.2
22074,0.8
22075,-0.8
22076,0
22077,5.6
22078,-5.6
22079,-14.4
22080,4
22081,-0.8
22082,-24
22083,0.8
22084,3.2
22085,-8.8
22086,-12
22087,16.799999
22088,6.4
22089,4
22090,-0.8
22091,0
22092,2.4
22093,-6.4
22094,-3.2
22095,0.8
22096,-1.6
22097,-1.6
22098,-3.2
22099,4
22100,0.8
22101,0
22102,-1.6
22103,-0.8
22104,-0.8
22105,-2.4
22106,-32
22107,-20.799999
22108,-4
22109,-9.6
22110,-1.6
22111,0.8
22112,-4.8
22113,2.4
22114,16.799999
22115,2.4
22116,-3.2
22117,8.8
22118,4
22119,-14.4
22120,5.6
22121,-7.2
22122,-8.8
22123,2.4
22124,2.4
22125,-0.8
22126,5.6
22127,0.8
22128,2.4
22129,-0.8
22130,0.8
22131,5.6
22132,5.6
22133,7.2
22134,-5.6
22135,2.4
22136,-5.6
22137,5.6
22138,5.6
22139,4
22140,-14.4
22141,2.4
22142,9.6
22143,13.6
22144,11.2
22145,-4.8
22146,-3.2
22147,-0.8
22148,-0.8
22149,0
22150,-3.2
22151,1.6
22152,2.4
22153,0.8
22154,-0.8
22155,-4
22156,-0.8
22157,0.8
22158,2.4
22159,-0.8
22160,-1.6
22161,-14.4
22162,5.6
22163,-0.8
22164,31.200001
22165,9.6
22166,3.2
22167,4
22168,1.6
22169,19.200001
22170,11.2
22171,-4.8
22172,5.6
22173,0.8
22174,-5.6
22175,0
22176,0
22177,2.4
22178,-5.6
22179,0
22180,8
22181,-0.8
22182,0
22183,-5.6
22184,0.8
22185,4
22186,-13.6
22187,-6.4
22188,17.6
22189,-5.6
22190,-3.2
22191,-3.2
22192,-20
22193,-0.8
22194,-5.6
22195,-1.6
22196,0
22197,9.6
22198,-1.6
22199,-3.2
22200,6.4
22201,3.2
22202,-1.6
22203,4
22204,2.4
22205,-0.8
22206,-4
22207,2.4
22208,5.6
22209,4
22210,0
22211,-3.2
22212,-1.6
22213,7.2
22214,8
22215,-1.6
22216,-3.2
22217,-2.4
22218,-3.2
22219,-0.8
22220,1.6
22221,13.6
22222,2.4
22223,-0.8
22224,-0.8
22225,2.4
22226,-11.2
22227,1.6
22228,4
22229,3.2
22230,-0.8
22231,2.4
22232,-1.6
22233,0
22234,2.4
22235,4
22236,-11.2
22237,0
22238,-4
22239,-1.6
22240,-0.8
22241,-20.799999
22242,11.2
22243,2.4
22244,9.6
22245,-1.6
22246,11.2
22247,-0.8
22248,2.4
22249,0
22250,-0.8
22251,11.2
22252,1.6
22253,-3.2
22254,2.4
22255,-3.2
22256,-5.6
22257,-4.8
22258,0.8
22259,-12.8
22260,-3.2
22261,1.6
22262,3.2
22263,0.8
22264,0.8
22265,4
22266,0
22267,-3.2
22268,-0.8
22269,0.8
22270,2.4
22271,0.8
22272,0
22273,-6.4
22274,2.4
22275,3.2
22276,-8.8
22277,-7.2
22278,-1.6
22279,0.8
22280,-3.2
22281,4
22282,2.4
22283,13.6
22284,-3.2
22285,4
22286,0
22287,-42.400002
22288,2.4
22289,7.2
22290,-1.6
22291,39.200001
22292,2.4
22293,3.2
22294,5.6
22295,-8.8
22296,0
22297,-3.2
22298,-3.2
22299,-0.8
22300,-11.2
22301,2.4
22302,-13.6
22303,7.2
22304,-2.4
22305,-3.2
22306,-0.8
22307,-0.8
22308,-6.4
22309,24.799999
22310,0.8
22311,-3.2
22312,-4.8
22313,2.4
22314,4
22315,-0.8
22316,-4
22317,-3.2
22318,4
22319,-2.4
22320,0.8
22321,-1.6
22322,-6.4
22323,0
22324,0
22325,15.2
22326,-5.6
22327,11.2
22328,-4
22329,-24.799999
22330,-5.6
22331,0.8
22332,4
22333,-4
22334,-3.2
22335,4
22336,-20.799999
22337,-8.8
22338,-3.2
22339,-4
22340,7.2
22341,0.8
22342,-0.8
22343,-6.4
22344,-0.8
22345,-3.2
22346,-1.6
22347,0.8
22348,5.6
22349,-5.6
22350,0
22351,-6.4
22352,4
22353,4
22354,4
22355,0.8
22356,0.8
22357,-0.8
22358,-17.6
22359,2.4
22360,15.2
22361,-7.2
22362,8.8
22363,4
22364,2.4
22365,-3.2
22366,-2.4
22367,29.6
22368,-0.8
22369,8
22370,5.6
22371,4
22372,4
22373,4
22374,2.4
22375,0
22376,-2.4
22377,0.8
22378,11.2
22379,5.6
22380,-23.200001
22381,-0.8
22382,-0.8
22383,-36
22384,6.4
22385,13.6
22386,-0.8
22387,-4.8
22388,-16
22389,-1.6
22390,-5.6
22391,-1.6
22392,0
22393,-1.6
22394,8
22395,-7.2
22396,0.8
22397,-3.2
22398,-3.2
22399,-0.8
22400,0.8
22401,5.6
22402,-11.2
22403,-0.8
22404,-4
22405,8
22406,0
22407,-0.8
22408,5.6
22409,0
22410,5.6
22411,4
22412,-6.4
22413,0.8
22414,0
22415,2.4
22416,-3.2
22417,0.8
22418,-4
22419,5.6
22420,-0.8
22421,1.6
22422,0
22423,3.2
22424,-4.8
22425,-11.2
22426,-8.8
22427,-0.8
22428,5.6
22429,4
22430,2.4
22431,5.6
22432,12
22433,7.2
22434,-6.4
22435,2.4
22436,9.6
22437,-6.4
22438,-8.8
22439,-3.2
22440,-0.8
22441,3.2
22442,7.2
22443,-0.8
22444,-4
22445,-10.4
22446,3.2
22447,-12
22448,8
22449,32.799999
22450,-0.8
22451,0
22452,0
22453,0.8
22454,-2.4
22455,2.4
22456,0
22457,-4.8
22458,0
22459,12.8
22460,7.2
22461,3.2
22462,2.4
22463,-0.8
22464,3.2
22465,3.2
22466,5.6
22467,0
22468,-7.2
22469,4
22470,-16
22471,0
22472,0.8
22473,6.4
22474,0
22475,0
22476,-5.6
22477,0.8
22478,-3.2
22479,9.6
22480,9.6
22481,9.6
22482,5.6
22483,-4
22484,0
22485,-4.8
22486,2.4
22487,-6.4
22488,-4.8
22489,5.6
22490,4
22491,0
22492,9.6
22493,2.4
22494,-0.8
22495,3.2
22496,-3.2
22497,-8
22498,-8.8
22499,-5.6
22500,0
22501,-3.2
22502,-1.6
22503,8
22504,4
22505,-3.2
22506,0.8
22507,2.4
22508,2.4
22509,0.8
22510,-3.2
22511,8.8
22512,2.4
22513,13.6
22514,0
22515,6.4
22516,2.4
22517,4
22518,2.4
22519,-4
22520,-22.4
22521,0.8
22522,3.2
22523,0
22524,0.8
22525,0.8
22526,-5.6
22527,4
22528,0.8
22529,1.6
22530,0
22531,0
22532,4
22533,7.2
22534,14.4
22535,0
22536,0.8
22537,-6.4
22538,-1.6
22539,-3.2
22540,4
22541,5.6
22542,0.8
22543,-21.6
22544,-10.4
22545,-4
22546,0
22547,8.8
22548,5.6
22549,-4.8
22550,-5.6
22551,-0.8
22552,-3.2
22553,0
22554,-6.4
22555,5.6
22556,-2.4
22557,0
22558,4
22559,-3.2
22560,0
22561,-3.2
22562,-20
22563,-6.4
22564,-3.2
22565,-3.2
22566,5.6
22567,1.6
22568,-1.6
22569,0.8
22570,2.4
22571,2.4
22572,5.6
22573,-3.2
22574,5.6
22575,-2.4
22576,-7.2
22577,-0.8
22578,2.4
22579,8.8
22580,-5.6
22581,-4
22582,-2.4
22583,0
22584,4
22585,2.4
22586,-4
22587,8.8
22588,4
22589,0.8
22590,0.8
22591,1.6
22592,-16
22593,7.2
22594,4
22595,2.4
22596,4
22597,0.8
22598,0.8
22599,0
22600,0.8
22601,-4.8
22602,-4
22603,2.4
22604,-13.6
22605,-2.4
22606,0.8
22607,5.6
22608,-0.8
22609,0.8
22610,-1.6
22611,-0.8
22612,4
22613,-4
22614,0.8
22615,0
22616,-3.2
22617,4
22618,-0.8
22619,0.8
22620,24.799999
22621,0.8
22622,11.2
22623,-2.4
22624,3.2
22625,4
22626,0
22627,-4
22628,-5.6
22629,5.6
22630,-5.6
22631,2.4
22632,7.2
22633,5.6
22634,8.8
22635,25.6
22636,2.4
22637,-3.2
22638,0
22639,-0.8
22640,-1.6
22641,2.4
22642,-0.8
22643,-8.8
22644,3.2
22645,-8.8
22646,4
22647,2.4
22648,-0.8
22649,-1.6
22650,0
22651,0.8
22652,-3.2
22653,0
22654,-0.8
22655,7.2
22656,0.8
22657,-1.6
22658,24.799999
22659,3.2
22660,-0.8
22661,5.6
22662,0
22663,0
22664,-13.6
22665,0.8
22666,0.8
22667,2.4
22668,0.8
22669,0
22670,-6.4
22671,-3.2
22672,2.4
22673,2.4
22674,2.4
22675,0.8
22676,5.6
22677,-5.6
22678,-3.2
22679,6.4
22680,1.6
22681,1.6
22682,5.6
22683,7.2
22684,7.2
22685,-4.8
22686,7.2
22687,-1.6
22688,5.6
22689,0.8
22690,0
22691,0
22692,2.4
22693,-4.8
22694,0
22695,-0.8
22696,-1.6
22697,-4
22698,-6.4
22699,-3.2
22700,-1.6
22701,0
22702,1.6
22703,-5.6
22704,-4.8
22705,2.4
22706,2.4
22707,0.8
22708,-0.8
22709,2.4
22710,2.4
22711,3.2
22712,-3.2
22713,4
22714,1.6
22715,1.6
22716,-8
22717,-3.2
22718,-2.4
22719,2.4
22720,-3.2
22721,-4
22722,2.4
22723,4
22724,0
22725,0.8
22726,-3.2
22727,-8.8
22728,-3.2
22729,2.4
22730,2.4
22731,0
22732,0.8
22733,0
22734,-1.6
22735,4
22736,-3.2
22737,-0.8
22738,0.8
22739,5.6
22740,0.8
22741,0.8
22742,0
22743,-1.6
22744,7.2
22745,-9.6
22746,1.6
22747,-0.8
22748,-0.8
22749,-0.8
22750,-1.6
22751,-12
22752,-0.8
22753,-0.8
22754,-4
22755,0
22756,-0.8
22757,-0.8
22758,-0.8
22759,0
22760,1.6
22761,0
22762,5.6
22763,3.2
22764,1.6
22765,0
22766,-0.8
22767,-1.6
22768,0
22769,2.4
22770,-1.6
22771,4
22772,4
22773,0
22774,-2.4
22775,0.8
22776,0.8
22777,0.8
22778,0
22779,4
22780,2.4
22781,0.8
22782,0.8
22783,2.4
22784,2.4
22785,-4
22786,7.2
22787,3.2
22788,-0.8
22789,0
22790,-1.6
22791,-4.8
22792,-2.4
22793,-1.6
22794,0.8
22795,-3.2
22796,0.8
22797,1.6
22798,0
22799,-2.4
22800,-0.8
22801,0
22802,0.8
22803,0.8
22804,-0.8
22805,1.6
22806,0.8
22807,-1.6
22808,2.4
22809,0.8
22810,0.8
22811,4
22812,0
22813,-5.6
22814,1.6
22815,4.8
22816,-0.8
22817,2.4
22818,-1.6
22819,2.4
22820,4
22821,0
22822,5.6
22823,0
22824,-0.8
22825,-8.8
22826,-3.2
22827,2.4
22828,3.2
22829,11.2
22830,-4
22831,0.8
22832,2.4
22833,-6.4
22834,0.8
22835,0.8
22836,-1.6
22837,4
22838,-2.4
22839,0.8
22840,-3.2
22841,-3.2
22842,-0.8
22843,-3.2
22844,-0.8
22845,0
22846,0.8
22847,-0.8
22848,0
22849,-4
22850,-4.8
22851,-1.6
22852,-3.2
22853,2.4
22854,5.6
22855,1.6
22856,0
22857,-0.8
22858,2.4
22859,0.8
22860,0
22861,-1.6
22862,0.8
22863,0
22864,2.4
22865,-0.8
22866,-2.4
22867,-0.8
22868,-1.6
22869,-3.2
22870,2.4
22871,0.8
22872,2.4
22873,0
22874,-0.8
22875,-0.8
22876,-0.8
22877,-1.6
22878,0.8
22879,3.2
22880,0
22881,-0.8
22882,0.8
22883,2.4
22884,1.6
22885,-3.2
22886,-1.6
22887,0
22888,-0.8
22889,-2.4
22890,-6.4
22891,0.8
22892,0
22893,0
22894,-0.8
22895,2.4
22896,-0.8
22897,-3.2
22898,2.4
22899,-25.6
22900,-0.8
22901,-0.8
22902,0
22903,-0.8
22904,3.2
22905,2.4
22906,0
22907,0.8
22908,1.6
22909,-0.8
22910,0
22911,-3.2
22912,0
22913,3.2
22914,0.8
22915,0
22916,7.2
22917,5.6
22918,0
22919,-4
22920,2.4
22921,0.8
22922,2.4
22923,2.4
22924,1.6
22925,0.8
22926,0
22927,0.8
22928,0.8
22929,2.4
22930,2.4
22931,0.8
22932,-0.8
22933,0.8
22934,0
22935,0.8
22936,-1.6
22937,-3.2
22938,-0.8
22939,-0.8
22940,0.8
22941,-0.8
22942,0
22943,-1.6
22944,-0.8
22945,0
22946,-1.6
22947,0
22948,0.8
22949,-1.6
22950,0.8
22951,0.8
22952,2.4
22953,-1.6
22954,-0.8
22955,2.4
22956,0.8
22957,0
22958,2.4
22959,1.6
22960,-2.4
22961,-1.6
22962,3.2
22963,-1.6
22964,-0.8
22965,0
22966,4
22967,0.8
22968,0.8
22969,0
22970,-3.2
22971,-3.2
22972,0.8
22973,0
22974,4
22975,-1.6
22976,2.4
22977,2.4
22978,4
22979,0.8
22980,0
22981,0
22982,4
22983,-1.6
22984,-0.8
22985,-0.8
22986,-4
22987,1.6
22988,-8.8
22989,0
22990,0.8
22991,0
22992,0
22993,-2.4
22994,0
22995,-1.6
22996,2.4
22997,-0.8
22998,-0.8
22999,0.8
23000,-3.2
23001,0
23002,1.6
23003,-3.2
23004,-3.2
23005,2.4
23006,2.4
23007,0
23008,-0.8
23009,-3.2
23010,-1.6
23011,0.8
23012,5.6
23013,-4
23014,2.4
23015,0.8
23016,-4
23017,-3.2
23018,0.8
23019,2.4
23020,-2.4
23021,-3.2
23022,2.4
23023,-2.4
23024,2.4
23025,0.8
23026,0
23027,2.4
23028,-0.8
23029,1.6
23030,9.6
23031,-5.6
23032,0
23033,-3.2
23034,-1.6
23035,0
23036,0
23037,-4
23038,-2.4
23039,-5.6
23040,2.4
23041,0
23042,-4
23043,-0.8
23044,7.2
23045,0
23046,0
23047,-0.8
23048,0
23049,-1.6
23050,-0.8
23051,0
23052,-3.2
23053,-1.6
23054,-2.4
23055,-2.4
23056,0
23057,-1.6
23058,-2.4
23059,-3.2
23060,0
23061,-0.8
23062,0.8
23063,2.4
23064,0.8
23065,0.8
23066,-0.8
23067,-2.4
23068,1.6
23069,-1.6
23070,4
23071,0.8
23072,0
23073,-3.2
23074,2.4
23075,-0.8
23076,-4
23077,-1.6
23078,2.4
23079,3.2
23080,1.6
23081,-0.8
23082,0
23083,0
23084,9.6
23085,-0.8
23086,0.8
23087,0.8
23088,-3.2
23089,5.6
23090,5.6
23091,2.4
23092,0.8
23093,2.4
23094,-3.2
23095,-1.6
23096,2.4
23097,-3.2
23098,-0.8
23099,0
23100,-0.8
23101,2.4
23102,-0.8
23103,-1.6
23104,-3.2
23105,0
23106,0
23107,0.8
23108,-0.8
23109,-0.8
23110,0.8
23111,-3.2
23112,1.6
23113,-0.8
23114,0
23115,-0.8
23116,0.8
23117,-0.8
23118,0
23119,-4
23120,-0.8
23121,2.4
23122,0.8
23123,0
23124,2.4
23125,1.6
23126,0
23127,1.6
23128,0
23129,2.4
23130,2.4
23131,-0.8
23132,0.8
23133,3.2
23134,3.2
23135,2.4
23136,-1.6
23137,-6.4
23138,-3.2
23139,0.8
23140,1.6
23141,2.4
23142,0.8
23143,-4
23144,-0.8
23145,-3.2
23146,3.2
23147,0.8
23148,4
23149,-0.8
23150,-1.6
23151,-2.4
23152,-1.6
23153,0
23154,-1.6
23155,-1.6
23156,-3.2
23157,0
23158,-1.6
23159,0
23160,1.6
23161,-4
23162,1.6
23163,-0.8
23164,0
23165,-1.6
23166,2.4
23167,-1.6
23168,0
23169,3.2
23170,4
23171,0.8
23172,2.4
23173,0
23174,0.8
23175,0.8
23176,0.8
23177,0.8
23178,-3.2
23179,0.8
23180,-3.2
23181,2.4
23182,0
23183,0.8
23184,2.4
23185,3.2
23186,3.2
23187,-0.8
23188,4
23189,0
23190,2.4
23191,4
23192,2.4
23193,2.4
23194,0.8
23195,-2.4
23196,0.8
23197,2.4
23198,-0.8
23199,0
23200,0
23201,2.4
23202,-1.6
23203,0.8
23204,-0.8
23205,0.8
23206,-1.6
23207,-2.4
23208,-1.6
23209,0
23210,2.4
23211,0
23212,0
23213,2.4
23214,0
23215,0.8
23216,0.8
23217,2.4
23218,5.6
23219,-0.8
23220,-0.8
23221,-3.2
23222,2.4
23223,0.8
23224,0.8
23225,0.8
23226,0
23227,1.6
23228,-1.6
23229,4
23230,0
23231,-4
23232,0
23233,-0.8
23234,-4.8
23235,-0.8
23236,2.4
23237,0.8
23238,-0.8
23239,2.4
23240,0
23241,-1.6
23242,7.2
23243,0
23244,0
23245,-0.8
23246,3.2
23247,0
23248,0
23249,0.8
23250,-0.8
23251,-0.8
23252,0
23253,-6.4
23254,-1.6
23255,0.8
23256,2.4
23257,0
23258,0.8
23259,0.8
23260,2.4
23261,0.8
23262,-4
23263,0
23264,0.8
23265,0
23266,-0.8
23267,0.8
23268,0.8
23269,-0.8
23270,1.6
23271,0.8
23272,0.8
23273,1.6
23274,-1.6
23275,0
23276,0.8
23277,-1.6
23278,2.4
23279,0
23280,-6.4
23281,0
23282,-1.6
23283,-1.6
23284,-1.6
23285,-2.4
23286,1.6
23287,-3.2
23288,-3.2
23289,4
23290,0.8
23291,-0.8
23292,0.8
23293,0
23294,3.2
23295,1.6
23296,1.6
23297,-0.8
23298,0.8
23299,4
23300,0
23301,-2.4
23302,-0.8
23303,-0.8
23304,-0.8
23305,0
23306,0
23307,0
23308,0.8
23309,0.8
23310,-1.6
23311,-1.6
23312,0.8
23313,-1.6
23314,0
23315,-1.6
23316,-7.2
23317,-0.8
23318,0
23319,0.8
23320,2.4
23321,0.8
23322,1.6
23323,4
23324,2.4
23325,2.4
23326,-1.6
23327,0.8
23328,-0.8
23329,1.6
23330,0.8
23331,2.4
23332,2.4
23333,0
23334,-1.6
23335,2.4
23336,-3.2
23337,0
23338,1.6
23339,1.6
23340,2.4
23341,0.8
23342,0
23343,-0.8
23344,-0.8
23345,-0.8
23346,0.8
23347,-3.2
23348,-0.8
23349,0
23350,2.4
23351,0.8
23352,-0.8
23353,0
23354,-2.4
23355,-3.2
23356,0
23357,2.4
23358,-8.8
23359,0
23360,0.8
23361,4
23362,2.4
23363,-0.8
23364,-4
23365,-4
23366,0
23367,-0.8
23368,0.8
23369,2.4
23370,2.4
23371,0.8
23372,0.8
23373,0
23374,0
23375,0.8
23376,0
23377,0
23378,2.4
23379,0
23380,-1.6
23381,-1.6
23382,-1.6
23383,1.6
23384,0.8
23385,4
23386,2.4
23387,-3.2
23388,-1.6
23389,0
23390,-0.8
23391,2.4
23392,-0.8
23393,-2.4
23394,-1.6
23395,2.4
23396,0.8
23397,-3.2
23398,-3.2
23399,0.8
23400,-1.6
23401,2.4
23402,-0.8
23403,-4
23404,-4.8
23405,0
23406,-1.6
23407,0
23408,-0.8
23409,5.6
23410,0.8
23411,-4
23412,0.8
23413,0.8
23414,0.8
23415,-0.8
23416,-0.8
23417,0
23418,-3.2
23419,3.2
23420,0
23421,-0.8
23422,0
23423,2.4
23424,2.4
23425,1.6
23426,0.8
23427,0
23428,-1.6
23429,3.2
23430,-1.6
23431,0
23432,2.4
23433,-0.8
23434,-0.8
23435,-0.8
23436,2.4
23437,-2.4
23438,1.6
23439,-2.4
23440,4
23441,0
23442,2.4
23443,-0.8
23444,-0.8
23445,1.6
23446,0
23447,1.6
23448,-1.6
23449,-3.2
23450,-3.2
23451,0.8
23452,1.6
23453,0
23454,0
23455,-1.6
23456,0
23457,0
23458,0
23459,2.4
23460,0
23461,2.4
23462,0
23463,1.6
23464,-0.8
23465,-0.8
23466,0.8
23467,2.4
23468,2.4
23469,-2.4
23470,-2.4
23471,-4
23472,-4
23473,0
23474,0.8
23475,0.8
23476,5.6
23477,-0.8
23478,0.8
23479,2.4
23480,2.4
23481,-3.2
23482,0.8
23483,2.4
23484,0.8
23485,0
23486,2.4
23487,-3.2
23488,-1.6
23489,-0.8
23490,0.8
23491,-0.8
23492,-0.8
23493,-0.8
23494,0.8
23495,-4
23496,2.4
23497,-0.8
23498,2.4
23499,-0.8
23500,-2.4
23501,-3.2
23502,0
23503,0.8
23504,0.8
23505,1.6
23506,0
23507,0.8
23508,2.4
23509,0
23510,0
23511,-0.8
23512,0
23513,2.4
23514,-0.8
23515,-0.8
23516,5.6
23517,2.4
23518,1.6
23519,1.6
23520,-3.2
23521,0
23522,2.4
23523,0
23524,0.8
23525,-0.8
23526,-3.2
23527,-4.8
23528,0.8
23529,2.4
23530,0
23531,0.8
23532,0
23533,0
23534,-0.8
23535,2.4
23536,-9.6
23537,0
23538,-6.4
23539,2.4
23540,0
23541,-2.4
23542,0
23543,-4
23544,-1.6
23545,-4.8
23546,-2.4
23547,0.8
23548,-2.4
23549,-2.4
23550,2.4
23551,2.4
23552,-1.6
23553,0
23554,-3.2
23555,0.8
23556,-0.8
23557,-6.4
23558,1.6
23559,-2.4
23560,1.6
23561,5.6
23562,-1.6
23563,2.4
23564,-0.8
23565,-0.8
23566,0
23567,-0.8
23568,0
23569,0.8
23570,-8.8
23571,-0.8
23572,2.4
23573,0.8
23574,-1.6
23575,-0.8
23576,-0.8
23577,-1.6
23578,-4
23579,2.4
23580,0.8
23581,5.6
23582,0
23583,0
23584,-4
23585,-4
23586,0.8
23587,0
23588,0
23589,0
23590,-2.4
23591,-3.2
23592,-0.8
23593,0.8
23594,-0.8
23595,0
23596,0
23597,0.8
23598,-3.2
23599,0
23600,-0.8
23601,-3.2
23602,-0.8
23603,-0.8
23604,0.8
23605,-0.8
23606,0
23607,-2.4
23608,-0.8
23609,2.4
23610,0.8
23611,-0.8
23612,0.8
23613,0.8
23614,-3.2
23615,-2.4
23616,0
23617,-0.8
23618,0.8
23619,2.4
23620,0
23621,-4
23622,-0.8
23623,0.8
23624,-1.6
23625,0.8
23626,-0.8
23627,-3.2
23628,0.8
23629,0
23630,-0.8
23631,1.6
23632,2.4
23633,0.8
23634,-4.8
23635,0.8
23636,2.4
23637,-0.8
23638,-4
23639,2.4
23640,-3.2
23641,-3.2
23642,3.2
23643,-0.8
23644,2.4
23645,0.8
23646,0
23647,-0.8
23648,0
23649,0.8
23650,0
23651,0
23652,-1.6
23653,-0.8
23654,0.8
23655,0
23656,0
23657,0.8
23658,-1.6
23659,-4
23660,-0.8
23661,-3.2
23662,0
23663,-0.8
23664,-1.6
23665,-0.8
23666,1.6
23667,2.4
23668,0.8
23669,1.6
23670,-0.8
23671,0
23672,0
23673,4
23674,4
23675,0
23676,-1.6
23677,3.2
23678,5.6
23679,2.4
23680,-0.8
23681,-0.8
23682,2.4
23683,0.8
23684,-1.6
23685,0
23686,0
23687,-1.6
23688,-1.6
23689,-0.8
23690,0.8
23691,-0.8
23692,-0.8
23693,-3.2
23694,-4
23695,-0.8
23696,2.4
23697,-0.8
23698,-1.6
23699,-1.6
23700,0
23701,0
23702,0.8
23703,-0.8
23704,0
23705,2.4
23706,0
23707,-0.8
23708,-1.6
23709,0
23710,-0.8
23711,0
23712,2.4
23713,2.4
23714,-1.6
23715,0
23716,2.4
23717,0
23718,0.8
23719,0.8
23720,-4
23721,0.8
23722,-1.6
23723,-0.8
23724,-0.8
23725,2.4
23726,2.4
23727,0.8
23728,2.4
23729,0.8
23730,2.4
23731,-0.8
23732,0.8
23733,0.8
23734,-3.2
23735,-1.6
23736,0
23737,-3.2
23738,-3.2
23739,-1.6
23740,1.6
23741,-3.2
23742,2.4
23743,0.8
23744,-0.8
23745,-1.6
23746,-0.8
23747,0
23748,2.4
23749,-3.2
23750,-0.8
23751,-3.2
23752,-4
23753,0
23754,0
23755,0.8
23756,-1.6
23757,0
23758,3.2
23759,-0.8
23760,0
23761,0
23762,0
23763,0
23764,0
23765,-0.8
23766,-0.8
23767,-0.8
23768,-1.6
23769,5.6
23770,-0.8
23771,0.8
23772,-3.2
23773,-0.8
23774,2.4
23775,0.8
23776,-0.8
23777,1.6
23778,0
23779,0
23780,0
23781,1.6
23782,0.8
23783,1.6
23784,0
23785,-0.8
23786,2.4
23787,0.8
23788,0.8
23789,3.2
23790,0.8
23791,0.8
23792,2.4
23793,0
23794,-1.6
23795,0.8
23796,0.8
23797,2.4
23798,0
23799,0
23800,0
23801,-2.4
23802,-0.8
23803,2.4
23804,0.8
23805,-1.6
23806,-3.2
23807,0.8
23808,-0.8
23809,0
23810,-0.8
23811,-2.4
23812,0
23813,0.8
23814,0.8
23815,-3.2
23816,-1.6
23817,-0.8
23818,1.6
23819,0
23820,-0.8
23821,0.8
23822,0.8
23823,1.6
23824,0.8
23825,0
23826,0.8
23827,0.8
23828,0.8
23829,-0.8
23830,-0.8
23831,0
23832,2.4
23833,0
23834,-0.8
23835,0
23836,-0.8
23837,3.2
23838,0
23839,-4
23840,-1.6
23841,2.4
23842,0
23843,-0.8
23844,-3.2
23845,0.8
23846,-1.6
23847,0
23848,0.8
23849,0.8
23850,-0.8
23851,0
23852,0
23853,-0.8
23854,0
23855,-1.6
23856,-0.8
23857,0
23858,-2.4
23859,0
23860,-0.8
23861,0.8
23862,-0.8
23863,2.4
23864,-3.2
23865,-0.8
23866,2.4
23867,2.4
23868,0.8
23869,0.8
23870,0
23871,2.4
23872,2.4
23873,2.4
23874,0.8
23875,0
23876,-0.8
23877,-1.6
23878,-0.8
23879,0.8
23880,0
23881,0.8
23882,2.4
23883,2.4
23884,2.4
23885,-3.2
23886,-3.2
23887,0
23888,-0.8
23889,-3.2
23890,-0.8
23891,0
23892,0
23893,-0.8
23894,-3.2
23895,2.4
23896,0
23897,0.8
23898,0
23899,0
23900,0
23901,-3.2
23902,-0.8
23903,-0.8
23904,-0.8
23905,-1.6
23906,2.4
23907,0.8
23908,0
23909,9.6
23910,-0.8
23911,-4
23912,-2.4
23913,0.8
23914,0
23915,-4
23916,0.8
23917,-1.6
23918,-0.8
23919,-0.8
23920,0
23921,-1.6
23922,-1.6
23923,0.8
23924,0.8
23925,-0.8
23926,0.8
23927,0.8
23928,0.8
23929,3.2
23930,-0.8
23931,-1.6
23932,0
23933,-1.6
23934,-2.4
23935,0.8
23936,2.4
23937,-1.6
23938,-2.4
23939,-3.2
23940,-3.2
23941,0.8
23942,0.8
23943,0.8
23944,-1.6
23945,-1.6
23946,-3.2
23947,0.8
23948,0
23949,0.8
23950,-2.4
23951,-0.8
23952,-4
23953,-0.8
23954,-3.2
23955,-0.8
23956,0.8
23957,0
23958,0
23959,-0.8
23960,-8.8
23961,-2.4
23962,-2.4
23963,0.8
23964,0.8
23965,-0.8
23966,0.8
23967,0.8
23968,0.8
23969,0
23970,-0.8
23971,0.8
23972,0.8
23973,0
23974,2.4
23975,2.4
23976,-0.8
23977,-2.4
23978,-0.8
23979,0.8
23980,0.8
23981,-2.4
23982,2.4
23983,4
23984,3.2
23985,0
23986,2.4
23987,0
23988,-3.2
23989,0.8
23990,0.8
23991,0
23992,-1.6
23993,-0.8
23994,0.8
23995,0.8
23996,-0.8
23997,0.8
23998,-2.4
23999,0
24000,-0.8
24001,-1.6
24002,0
24003,-1.6
24004,0
24005,-1.6
24006,0.8
24007,0.8
24008,0.8
24009,0
24010,0.8
24011,0.8
24012,-1.6
24013,-0.8
24014,-0.8
24015,0.8
24016,-0.8
24017,0
24018,0
24019,4
24020,-0.8
24021,0
24022,-0.8
24023,-0.8
24024,0.8
24025,2.4
24026,-1.6
24027,0
24028,0
24029,3.2
24030,2.4
24031,-1.6
24032,-3.2
24033,-0.8
24034,1.6
24035,4
24036,0
24037,0
24038,-0.8
24039,2.4
24040,-0.8
24041,-0.8
24042,0
24043,-1.6
24044,-0.8
24045,1.6
24046,-1.6
24047,0
24048,-1.6
24049,0.8
24050,0.8
24051,-0.8
24052,0
24053,-0.8
24054,-0.8
24055,-4.8
24056,0
24057,2.4
24058,-0.8
24059,2.4
24060,-0.8
24061,4
24062,-0.8
24063,0
24064,0
24065,0
24066,-1.6
24067,2.4
24068,2.4
24069,2.4
24070,0
24071,0
24072,-2.4
24073,-0.8
24074,-3.2
24075,0.8
24076,0
24077,0
24078,1.6
24079,2.4
24080,0
24081,0.8
24082,0.8
24083,0.8
24084,-1.6
24085,-0.8
24086,-1.6
24087,0
24088,0
24089,0
24090,2.4
24091,-0.8
24092,0.8
24093,0
24094,-1.6
24095,3.2
24096,1.6
24097,2.4
24098,-1.6
24099,-0.8
24100,0.8
24101,0.8
24102,-0.8
24103,2.4
24104,0
24105,-3.2
24106,0
24107,0.8
24108,-1.6
24109,0
24110,8.8
24111,2.4
24112,2.4
24113,-3.2
24114,0
24115,0
24116,-0.8
24117,0.8
24118,0
24119,-0.8
24120,-2.4
24121,-1.6
24122,-3.2
24123,0
24124,-1.6
24125,-0.8
24126,0.8
24127,0
24128,0.8
24129,0
24130,2.4
24131,1.6
24132,-0.8
24133,0.8
24134,0
24135,-4
24136,1.6
24137,0
24138,0
24139,2.4
24140,-0.8
24141,-0.8
24142,0
24143,0
24144,-3.2
24145,0
24146,2.4
24147,0
24148,-1.6
24149,0
24150,0.8
24151,0
24152,0
24153,0.8
24154,0
24155,-3.2
24156,3.2
24157,0
24158,0
24159,0
24160,0.8
24161,3.2
24162,0.8
24163,1.6
24164,0.8
24165,-0.8
24166,-3.2
24167,-0.8
24168,-0.8
24169,0
24170,2.4
24171,-4
24172,-4.8
24173,-0.8
24174,-0.8
24175,0
24176,-0.8
24177,-0.8
24178,-0.8
24179,0
24180,2.4
24181,2.4
24182,-3.2
24183,4
24184,0
24185,0.8
24186,-0.8
24187,-5.6
24188,-8.8
24189,0.8
24190,0
24191,0
24192,-0.8
24193,-4
24194,0
24195,-1.6
24196,0
24197,0.8
24198,-3.2
24199,-0.8
24200,-0.8
24201,-2.4
24202,1.6
24203,0
24204,-1.6
24205,-5.6
24206,-5.6
24207,-3.2
24208,2.4
24209,0.8
24210,-3.2
24211,-1.6
24212,0.8
24213,0
24214,0
24215,1.6
24216,0.8
24217,-3.2
24218,-0.8
24219,-0.8
24220,0.8
24221,0.8
24222,-0.8
24223,0
24224,-0.8
24225,0.8
24226,-1.6
24227,2.4
24228,-0.8
24229,-0.8
24230,0.8
24231,-3.2
24232,2.4
24233,2.4
24234,2.4
24235,-4
24236,0
24237,0
24238,-0.8
24239,-0.8
24240,1.6
24241,0
24242,-0.8
24243,1.6
24244,-2.4
24245,0.8
24246,0
24247,0.8
24248,0.8
24249,-4.8
24250,0
24251,-3.2
24252,-0.8
24253,-1.6
24254,0.8
24255,-1.6
24256,0.8
24257,-0.8
24258,-0.8
24259,-0.8
24260,-1.6
24261,2.4
24262,-1.6
24263,0
24264,1.6
24265,-1.6
24266,-2.4
24267,0
24268,0.8
24269,2.4
24270,0.8
24271,2.4
24272,-2.4
24273,-0.8
24274,-3.2
24275,0
24276,0.8
24277,0.8
24278,-0.8
24279,-0.8
24280,0.8
24281,-2.4
24282,1.6
24283,0
24284,-3.2
24285,-0.8
24286,0
24287,-3.2
24288,4
24289,-2.4
24290,0.8
24291,1.6
24292,-0.8
24293,0.8
24294,0.8
24295,0
24296,0.8
24297,0
24298,-0.8
24299,-1.6
24300,-3.2
24301,-0.8
24302,0
24303,-0.8
24304,-0.8
24305,2.4
24306,0
24307,0
24308,-2.4
24309,0
24310,-0.8
24311,-1.6
24312,-3.2
24313,0.8
24314,2.4
24315,-0.8
24316,2.4
24317,0
24318,-0.8
24319,0.8
24320,0
24321,0
24322,-1.6
24323,2.4
24324,0
24325,0
24326,-2.4
24327,-0.8
24328,0
24329,0
24330,4
24331,-0.8
24332,-1.6
24333,-1.6
24334,0.8
24335,0.8
24336,2.4
24337,3.2
24338,0
24339,-2.4
24340,0
24341,4
24342,0
24343,0
24344,-2.4
24345,2.4
24346,0.8
24347,-0.8
24348,-3.2
24349,0
24350,-0.8
24351,-0.8
24352,0
24353,0
24354,-0.8
24355,-2.4
24356,-0.8
24357,0
24358,-3.2
24359,-1.6
24360,-0.8
24361,0.8
24362,-1.6
24363,-0.8
24364,0.8
24365,-0.8
24366,2.4
24367,0
24368,0
24369,0
24370,0
24371,-0.8
24372,-2.4
24373,2.4
24374,0
24375,0
24376,1.6
24377,0.8
24378,0
24379,1.6
24380,0.8
24381,0
24382,-3.2
24383,-5.6
24384,0.8
24385,-1.6
24386,-4.8
24387,-1.6
24388,-1.6
24389,0
24390,4
24391,0
24392,-0.8
24393,-0.8
24394,-0.8
24395,-3.2
24396,2.4
24397,0.8
24398,-5.6
24399,0.8
24400,2.4
24401,0.8
24402,-0.8
24403,0
24404,-2.4
24405,-7.2
24406,2.4
24407,-0.8
24408,0
24409,4
24410,0
24411,0
24412,-1.6
24413,0
24414,0
24415,2.4
24416,0.8
24417,-0.8
24418,-1.6
24419,0
24420,-4
24421,0
24422,0.8
24423,1.6
24424,0.8
24425,0
24426,1.6
24427,1.6
24428,0
24429,0.8
24430,0.8
24431,0.8
24432,0
24433,0.8
24434,-0.8
24435,1.6
24436,-1.6
24437,4
24438,-3.2
24439,-4
24440,-3.2
24441,0
24442,0
24443,0
24444,-3.2
24445,-0.8
24446,0.8
24447,2.4
24448,-3.2
24449,0
24450,-3.2
24451,0
24452,11.2
24453,0
24454,0
24455,-0.8
24456,0
24457,-1.6
24458,-4
24459,2.4
24460,0.8
24461,0
24462,0.8
24463,0
24464,0.8
24465,-0.8
24466,-0.8
24467,-1.6
24468,0
24469,0.8
24470,1.6
24471,0.8
24472,0
24473,2.4
24474,2.4
24475,0
24476,0
24477,0.8
24478,1.6
24479,2.4
24480,0.8
24481,0.8
24482,0
24483,-0.8
24484,0
24485,0.8
24486,1.6
24487,-3.2
24488,-5.6
24489,2.4
24490,-1.6
24491,-1.6
24492,0.8
24493,0
24494,-0.8
24495,0
24496,-0.8
24497,0
24498,-4
24499,0.8
24500,0.8
24501,0
24502,-0.8
24503,-0.8
24504,0
24505,-2.4
24506,3.2
24507,0.8
24508,-0.8
24509,0.8
24510,4
24511,0.8
24512,0
24513,0
24514,4
24515,0.8
24516,-1.6
24517,0
24518,-1.6
24519,-1.6
24520,-0.8
24521,0.8
24522,-0.8
24523,0
24524,-1.6
24525,1.6
24526,2.4
24527,-3.2
24528,0
24529,4
24530,-0.8
24531,0
24532,-4
24533,4
24534,3.2
24535,0
24536,0.8
24537,0
24538,-3.2
24539,1.6
24540,2.4
24541,2.4
24542,-4
24543,0.8
24544,-0.8
24545,-2.4
24546,-3.2
24547,0
24548,-2.4
24549,-0.8
24550,-0.8
24551,0
24552,2.4
24553,0.8
24554,0.8
24555,-1.6
24556,0.8
24557,1.6
24558,0.8
24559,-0.8
24560,0
24561,-4
24562,-1.6
24563,-0.8
24564,0
24565,2.4
24566,-0.8
24567,-0.8
24568,2.4
24569,0
24570,2.4
24571,0
24572,-1.6
24573,-0.8
24574,-0.8
24575,0
24576,-3.2
24577,-1.6
24578,0
24579,0.8
24580,-1.6
24581,5.6
24582,0
24583,-1.6
24584,-1.6
24585,-6.4
24586,-0.8
24587,-3.2
24588,-2.4
24589,0.8
24590,0.8
24591,-0.8
24592,-0.8
24593,-6.4
24594,0.8
24595,1.6
24596,8
24597,2.4
24598,-1.6
24599,0
24600,-3.2
24601,-3.2
24602,-0.8
24603,2.4
24604,-2.4
24605,-2.4
24606,0.8
24607,1.6
24608,5.6
24609,5.6
24610,-1.6
24611,-4
24612,-0.8
24613,-3.2
24614,-0.8
24615,0.8
24616,-4
24617,0
24618,0
24619,0.8
24620,0.8
24621,0
24622,0.8
24623,0.8
24624,-3.2
24625,-1.6
24626,2.4
24627,0.8
24628,2.4
24629,-1.6
24630,4
24631,1.6
24632,0.8
24633,1.6
24634,2.4
24635,0
24636,2.4
24637,0
24638,-4
24639,-3.2
24640,2.4
24641,2.4
24642,-0.8
24643,0
24644,3.2
24645,0
24646,-0.8
24647,0
24648,0.8
24649,-0.8
24650,0
24651,9.6
24652,-0.8
24653,2.4
24654,-0.8
24655,-3.2
24656,0.8
24657,4
24658,-3.2
24659,-0.8
24660,0.8
24661,-3.2
24662,-2.4
24663,0
24664,0.8
24665,-0.8
24666,0.8
24667,1.6
24668,-1.6
24669,0
24670,3.2
24671,0
24672,0.8
24673,0
24674,-0.8
24675,0.8
24676,3.2
24677,-0.8
24678,0
24679,-0.8
24680,0.8
24681,-0.8
24682,0.8
24683,2.4
24684,-4.8
24685,-0.8
24686,0
24687,0.8
24688,0.8
24689,-3.2
24690,-1.6
24691,0.8
24692,1.6
24693,0
24694,-0.8
24695,0.8
24696,0.8
24697,0.8
24698,-2.4
24699,-0.8
24700,0.8
24701,0
24702,-2.4
24703,-1.6
24704,-2.4
24705,0.8
24706,-1.6
24707,0.8
24708,-0.8
24709,0
24710,-3.2
24711,-3.2
24712,-3.2
24713,-3.2
24714,0
24715,-0.8
24716,-3.2
24717,-0.8
24718,-2.4
24719,2.4
24720,2.4
24721,0.8
24722,-3.2
24723,0
24724,4
24725,0
24726,-0.8
24727,-3.2
24728,2.4
24729,-3.2
24730,2.4
24731,0.8
24732,-3.2
24733,0.8
24734,-1.6
24735,-4
24736,0
24737,0.8
24738,0
24739,-2.4
24740,0.8
24741,0.8
24742,0
24743,4
24744,0.8
24745,0.8
24746,0
24747,1.6
24748,0
24749,0
24750,-0.8
24751,0.8
24752,-0.8
24753,-0.8
24754,0
24755,-0.8
24756,-3.2
24757,-2.4
24758,-0.8
24759,0.8
24760,0.8
24761,0
24762,-0.8
24763,0.8
24764,0
24765,0.8
24766,-1.6
24767,-0.8
24768,0
24769,2.4
24770,-0.8
24771,0
24772,-2.4
24773,-1.6
24774,-0.8
24775,0
24776,2.4
24777,-4
24778,0
24779,0.8
24780,2.4
24781,3.2
24782,0
24783,-2.4
24784,0.8
24785,1.6
24786,0.8
24787,-0.8
24788,2.4
24789,-4
24790,-3.2
24791,0
24792,0.8
24793,0.8
24794,-0.8
24795,-0.8
24796,-3.2
24797,0.8
24798,1.6
24799,-2.4
24800,0.8
24801,0.8
24802,0
24803,1.6
24804,0
24805,-3.2
24806,-0.8
24807,0
24808,-0.8
24809,1.6
24810,-0.8
24811,-0.8
24812,-3.2
24813,0.8
24814,0
24815,-0.8
24816,-0.8
24817,-0.8
24818,-0.8
24819,0
24820,-3.2
24821,0
24822,-2.4
24823,0
24824,0.8
24825,0.8
24826,2.4
24827,0
24828,0
24829,0
24830,2.4
24831,2.4
24832,2.4
24833,-2.4
24834,-4
24835,2.4
24836,4
24837,-0.8
24838,-1.6
24839,0
24840,0.8
24841,0.8
24842,0
24843,0
24844,3.2
24845,-0.8
24846,0
24847,-3.2
24848,1.6
24849,-1.6
24850,-0.8
24851,0
24852,-0.8
24853,0.8
24854,0
24855,-0.8
24856,0.8
24857,0.8
24858,-4.8
24859,5.6
24860,0
24861,-0.8
24862,-0.8
24863,1.6
24864,0.8
24865,-3.2
24866,-0.8
24867,0
24868,-0.8
24869,-0.8
24870,0
24871,-0.8
24872,-1.6
24873,0.8
24874,2.4
24875,-0.8
24876,-0.8
24877,0
24878,-1.6
24879,-3.2
24880,0.8
24881,2.4
24882,0.8
24883,1.6
24884,1.6
24885,5.6
24886,2.4
24887,2.4
24888,0.8
24889,-0.8
24890,0
24891,0.8
24892,-0.8
24893,2.4
24894,-0.8
24895,-2.4
24896,-1.6
24897,0
24898,-0.8
24899,0.8
24900,-2.4
24901,0.8
24902,-0.8
24903,0.8
24904,-0.8
24905,-0.8
24906,0.8
24907,0
24908,0
24909,0.8
24910,0.8
24911,-0.8
24912,-0.8
24913,0.8
24914,1.6
24915,0
24916,-1.6
24917,0.8
24918,-0.8
24919,-4
24920,-3.2
24921,0.8
24922,1.6
24923,0.8
24924,-1.6
24925,0.8
24926,-0.8
24927,-0.8
24928,-1.6
24929,0
24930,1.6
24931,0
24932,0.8
24933,0.8
24934,1.6
24935,0.8
24936,-0.8
24937,2.4
24938,-3.2
24939,0
24940,2.4
24941,1.6
24942,2.4
24943,2.4
24944,-0.8
24945,-3.2
24946,0
24947,0.8
24948,0
24949,-1.6
24950,-0.8
24951,-1.6
24952,0
24953,0
24954,0.8
24955,-0.8
24956,0.8
24957,0
24958,-2.4
24959,0
24960,0.8
24961,-3.2
24962,0
24963,0.8
24964,-8
24965,-1.6
24966,-1.6
24967,-3.2
24968,-1.6
24969,0.8
24970,0.8
24971,-0.8
24972,-4.8
24973,-0.8
24974,2.4
24975,0
24976,2.4
24977,8.8
24978,-0.8
24979,0.8
24980,0
24981,0.8
24982,0
24983,0
24984,-4
24985,0
24986,4
24987,2.4
24988,2.4
24989,0.8
24990,0
24991,0.8
24992,-0.8
24993,0
24994,0.8
24995,-3.2
24996,2.4
24997,0
24998,-1.6
24999,-1.6
25000,0
25001,-4
25002,2.4
25003,0.8
25004,2.4
25005,0
25006,0.8
25007,0
25008,-2.4
25009,0
25010,0
25011,0.8
25012,-1.6
25013,0.8
25014,0
25015,-0.8
25016,-0.8
25017,0.8
25018,2.4
25019,-0.8
25020,1.6
25021,-1.6
25022,-0.8
25023,1.6
25024,2.4
25025,2.4
25026,0.8
25027,2.4
25028,2.4
25029,-4
25030,2.4
25031,0.8
25032,0
25033,2.4
25034,4
25035,0
25036,4
25037,0.8
25038,0.8
25039,0
25040,2.4
25041,0
25042,-0.8
25043,0
25044,-0.8
25045,-1.6
25046,0.8
25047,1.6
25048,-0.8
25049,0.8
25050,1.6
25051,0
25052,1.6
25053,0
25054,-0.8
25055,-2.4
25056,-1.6
25057,1.6
25058,-0.8
25059,-8.8
25060,-1.6
25061,-2.4
25062,0
25063,-0.8
25064,0.8
25065,0
25066,-1.6
25067,-1.6
25068,-0.8
25069,0
25070,-3.2
25071,0
25072,0.8
25073,0
25074,0.8
25075,-1.6
25076,0
25077,0.8
25078,0.8
25079,0
25080,0
25081,-0.8
25082,-4
25083,-1.6
25084,0
25085,-1.6
25086,2.4
25087,-0.8
25088,-2.4
25089,2.4
25090,2.4
25091,1.6
25092,2.4
25093,-0.8
25094,2.4
25095,-0.8
25096,0.8
25097,0
25098,-3.2
25099,0.8
25100,0
25101,0
25102,-0.8
25103,0
25104,-0.8
25105,-0.8
25106,-0.8
25107,0
25108,-0.8
25109,-3.2
25110,1.6
25111,0.8
25112,2.4
25113,2.4
25114,0
25115,2.4
25116,0
25117,2.4
25118,-1.6
25119,0
25120,0.8
25121,-1.6
25122,0
25123,-0.8
25124,-0.8
25125,-1.6
25126,0
25127,-0.8
25128,-0.8
25129,-3.2
25130,0.8
25131,-0.8
25132,0.8
25133,0
25134,2.4
25135,0
25136,2.4
25137,0
25138,2.4
25139,2.4
25140,0
25141,-0.8
25142,-0.8
25143,-0.8
25144,-2.4
25145,-3.2
25146,0.8
25147,0
25148,0.8
25149,0.8
25150,0
25151,-1.6
25152,-0.8
25153,-0.8
25154,0
25155,-0.8
25156,0
25157,0
25158,0
25159,-0.8
25160,0
25161,1.6
25162,0
25163,1.6
25164,2.4
25165,0.8
25166,-0.8
25167,0.8
25168,0
25169,0
25170,-1.6
25171,2.4
25172,0.8
25173,0.8
25174,-3.2
25175,0.8
25176,0.8
25177,-3.2
25178,-0.8
25179,-2.4
25180,-0.8
25181,-4.8
25182,0.8
25183,0.8
25184,-1.6
25185,0.8
25186,1.6
25187,6.4
25188,0
25189,-3.2
25190,-0.8
25191,0.8
25192,0
25193,0
25194,0
25195,-0.8
25196,-1.6
25197,-1.6
25198,-0.8
25199,-1.6
25200,1.6
25201,0
25202,0.8
25203,-0.8
25204,-1.6
25205,0.8
25206,0
25207,0
25208,-1.6
25209,0
25210,0.8
25211,-3.2
25212,2.4
25213,0.8
25214,-0.8
25215,0.8
25216,0.8
25217,0
25218,-1.6
25219,0
25220,0.8
25221,-0.8
25222,0
25223,0.8
25224,0.8
25225,2.4
25226,0
25227,0.8
25228,-0.8
25229,-0.8
25230,2.4
25231,0.8
25232,0.8
25233,0
25234,-0.8
25235,-3.2
25236,0.8
25237,-1.6
25238,4
25239,-1.6
25240,0
25241,-3.2
25242,-8.8
25243,-0.8
25244,-3.2
25245,-3.2
25246,-2.4
25247,-0.8
25248,0
25249,0.8
25250,0.8
25251,-3.2
25252,0.8
25253,1.6
25254,-2.4
25255,0
25256,-1.6
25257,0
25258,0.8
25259,0
25260,7.2
25261,-0.8
25262,0.8
25263,-2.4
25264,4
25265,-0.8
25266,-2.4
25267,0
25268,0
25269,0
25270,-0.8
25271,-0.8
25272,1.6
25273,2.4
25274,0
25275,-2.4
25276,1.6
25277,0
25278,0
25279,2.4
25280,-2.4
25281,0.8
25282,2.4
25283,-1.6
25284,0
25285,2.4
25286,3.2
25287,4
25288,-3.2
25289,2.4
25290,0.8
25291,2.4
25292,-4
25293,0
25294,-2.4
25295,0.8
25296,-1.6
25297,0
25298,0
25299,-0.8
25300,-2.4
25301,2.4
25302,-0.8
25303,0.8
25304,-1.6
25305,-0.8
25306,-2.4
25307,-0.8
25308,1.6
25309,-2.4
25310,0
25311,2.4
25312,0.8
25313,-0.8
25314,-1.6
25315,0
25316,-0.8
25317,-0.8
25318,0.8
25319,-1.6
25320,1.6
25321,-2.4
25322,1.6
25323,-3.2
25324,0.8
25325,1.6
25326,-0.8
25327,-0.8
25328,3.2
25329,2.4
25330,-0.8
25331,-4
25332,2.4
25333,0
25334,0.8
25335,1.6
25336,0.8
25337,5.6
25338,0.8
25339,0
25340,-0.8
25341,0
25342,0.8
25343,-0.8
25344,-1.6
25345,-0.8
25346,0.8
25347,-4
25348,-0.8
25349,-0.8
25350,-1.6
25351,-1.6
25352,2.4
25353,0.8
25354,0
25355,-0.8
25356,-3.2
25357,0
25358,0
25359,-0.8
25360,-9.6
25361,0.8
25362,-0.8
25363,-3.2
25364,0.8
25365,-0.8
25366,2.4
25367,0.8
25368,2.4
25369,-0.8
25370,-0.8
25371,4
25372,2.4
25373,-1.6
25374,-0.8
25375,0.8
25376,-2.4
25377,3.2
25378,0
25379,0
25380,2.4
25381,-4
25382,-3.2
25383,-0.8
25384,2.4
25385,0.8
25386,0
25387,-0.8
25388,4
25389,-0.8
25390,-3.2
25391,7.2
25392,-0.8
25393,0.8
25394,7.2
25395,-0.8
25396,0
25397,2.4
25398,0
25399,-4
25400,0
25401,0
25402,0.8
25403,3.2
25404,-3.2
25405,0
25406,-1.6
25407,-0.8
25408,0.8
25409,-0.8
25410,0.8
25411,-0.8
25412,-0.8
25413,-0.8
25414,0
25415,2.4
25416,-0.8
25417,0.8
25418,0
25419,2.4
25420,-4
25421,0
25422,0.8
25423,-0.8
25424,1.6
25425,-0.8
25426,-0.8
25427,-1.6
25428,-1.6
25429,-3.2
25430,2.4
25431,4
25432,-1.6
25433,-2.4
25434,0.8
25435,2.4
25436,0.8
25437,0
25438,-1.6
25439,-0.8
25440,-2.4
25441,0
25442,0.8
25443,5.6
25444,-3.2
25445,0
25446,-2.4
25447,-2.4
25448,2.4
25449,-3.2
25450,-1.6
25451,-1.6
25452,0.8
25453,-0.8
25454,-0.8
25455,0.8
25456,-1.6
25457,-3.2
25458,0
25459,0
25460,2.4
25461,0
25462,7.2
25463,0
25464,4
25465,2.4
25466,0.8
25467,-0.8
25468,-0.8
25469,2.4
25470,2.4
25471,3.2
25472,0.8
25473,-3.2
25474,0.8
25475,2.4
25476,2.4
25477,0.8
25478,0.8
25479,-0.8
25480,0
25481,2.4
25482,2.4
25483,-3.2
25484,2.4
25485,1.6
25486,0
25487,-0.8
25488,-4
25489,0.8
25490,1.6
25491,1.6
25492,-3.2
25493,-0.8
25494,-0.8
25495,-0.8
25496,-0.8
25497,0.8
25498,2.4
25499,-1.6
25500,-4
25501,0
25502,-1.6
25503,-1.6
25504,-0.8
25505,2.4
25506,-4
25507,0
25508,-1.6
25509,0
25510,0.8
25511,-3.2
25512,-3.2
25513,0
25514,2.4
25515,0.8
25516,0
25517,0
25518,-0.8
25519,-1.6
25520,-1.6
25521,0
25522,4
25523,0
25524,0.8
25525,-0.8
25526,-4
25527,-2.4
25528,2.4
25529,-0.8
25530,1.6
25531,2.4
25532,1.6
25533,-1.6
25534,2.4
25535,0
25536,-1.6
25537,-3.2
25538,-0.8
25539,-3.2
25540,0.8
25541,4
25542,2.4
25543,-0.8
25544,0
25545,-4
25546,0
25547,0.8
25548,1.6
25549,-2.4
25550,2.4
25551,0
25552,-3.2
25553,0.8
25554,0
25555,0.8
25556,-0.8
25557,-2.4
25558,0.8
25559,0
25560,-0.8
25561,-2.4
25562,1.6
25563,0
25564,9.6
25565,0.8
25566,-0.8
25567,0
25568,0.8
25569,-0.8
25570,-0.8
25571,-4
25572,-4
25573,-0.8
25574,-2.4
25575,0
25576,2.4
25577,2.4
25578,0.8
25579,0.8
25580,-2.4
25581,2.4
25582,1.6
25583,0.8
25584,-1.6
25585,-1.6
25586,-4.8
25587,-0.8
25588,3.2
25589,0
25590,0
25591,0.8
25592,-1.6
25593,0
25594,-0.8
25595,-3.2
25596,-0.8
25597,0.8
25598,2.4
25599,0
25600,-2.4
25601,2.4
25602,0.8
25603,2.4
25604,0
25605,2.4
25606,-0.8
25607,-0.8
25608,0
25609,0.8
25610,-0.8
25611,-0.8
25612,-0.8
25613,-0.8
25614,0.8
25615,-0.8
25616,0.8
25617,-0.8
25618,-0.8
25619,-1.6
25620,1.6
25621,0
25622,2.4
25623,0
25624,2.4
25625,-0.8
25626,0
25627,2.4
25628,2.4
25629,-0.8
25630,-0.8
25631,0.8
25632,0
25633,-0.8
25634,-0.8
25635,0.8
25636,2.4
25637,0
25638,-0.8
25639,0.8
25640,3.2
25641,-0.8
25642,0.8
25643,2.4
25644,0
25645,-3.2
25646,-0.8
25647,1.6
25648,-0.8
25649,-1.6
25650,0.8
25651,2.4
25652,-0.8
25653,0
25654,0
25655,2.4
25656,0
25657,0.8
25658,0
25659,-7.2
25660,-2.4
25661,-0.8
25662,0
25663,0.8
25664,-2.4
25665,0.8
25666,2.4
25667,0
25668,-0.8
25669,-3.2
25670,-3.2
25671,-3.2
25672,0.8
25673,0.8
25674,-0.8
25675,-5.6
25676,-0.8
25677,-1.6
25678,0
25679,-0.8
25680,-3.2
25681,0
25682,0
25683,-0.8
25684,1.6
25685,-3.2
25686,-4
25687,-0.8
25688,-4
25689,-4.8
25690,-0.8
25691,-1.6
25692,-1.6
25693,2.4
25694,-1.6
25695,0
25696,0.8
25697,-0.8
25698,3.2
25699,-4
25700,0
25701,-2.4
25702,0
25703,0.8
25704,-0.8
25705,-3.2
25706,-2.4
25707,0.8
25708,0.8
25709,0.8
25710,-0.8
25711,-2.4
25712,0.8
25713,-1.6
25714,2.4
25715,0.8
25716,-0.8
25717,-0.8
25718,-1.6
25719,0
25720,-2.4
25721,0
25722,0.8
25723,-3.2
25724,1.6
25725,0.8
25726,-2.4
25727,0
25728,-0.8
25729,-3.2
25730,-4
25731,0.8
25732,0
25733,-0.8
25734,0
25735,0.8
25736,-2.4
25737,2.4
25738,-0.8
25739,0.8
25740,-0.8
25741,-1.6
25742,3.2
25743,0.8
25744,-0.8
25745,-4
25746,0.8
25747,0
25748,-4
25749,0
25750,0
25751,-2.4
25752,-3.2
25753,-1.6
25754,-0.8
25755,0
25756,-3.2
25757,-4.8
25758,1.6
25759,-1.6
25760,0
25761,0.8
25762,-0.8
25763,0
25764,-4
25765,2.4
25766,2.4
25767,0
25768,0.8
25769,2.4
25770,0.8
25771,-0.8
25772,0
25773,-0.8
25774,0
25775,0.8
25776,-0.8
25777,4
25778,0
25779,-0.8
25780,0.8
25781,1.6
25782,-4
25783,2.4
25784,4
25785,0.8
25786,0.8
25787,2.4
25788,-3.2
25789,3.2
25790,2.4
25791,0
25792,0.8
25793,1.6
25794,-1.6
25795,-4
25796,-3.2
25797,0.8
25798,1.6
25799,-4
25800,-4.8
25801,-4
25802,0.8
25803,0
25804,0
25805,0
25806,0.8
25807,2.4
25808,-1.6
25809,-0.8
25810,-0.8
25811,0
25812,0
25813,0.8
25814,-1.6
25815,0.8
25816,0
25817,0
25818,-1.6
25819,1.6
25820,1.6
25821,0
25822,-3.2
25823,-2.4
25824,-0.8
25825,0.8
25826,7.2
25827,-3.2
25828,0
25829,-0.8
25830,0
25831,4
25832,0.8
25833,0.8
25834,0
25835,0
25836,0
25837,2.4
25838,0.8
25839,-0.8
25840,-3.2
25841,-0.8
25842,0
25843,-0.8
25844,-1.6
25845,-1.6
25846,-0.8
25847,-0.8
25848,2.4
25849,-2.4
25850,0
25851,-1.6
25852,-1.6
25853,0.8
25854,-4
25855,0
25856,-4
25857,1.6
25858,2.4
25859,-0.8
25860,2.4
25861,0
25862,-3.2
25863,-0.8
25864,0
25865,6.4
25866,-1.6
25867,-0.8
25868,0
25869,0.8
25870,2.4
25871,3.2
25872,2.4
25873,-0.8
25874,2.4
25875,0
25876,2.4
25877,2.4
25878,2.4
25879,0.8
25880,2.4
25881,-1.6
25882,-0.8
25883,0.8
25884,0.8
25885,-0.8
25886,0
25887,2.4
25888,0
25889,-2.4
25890,-3.2
25891,2.4
25892,0
25893,0
25894,-1.6
25895,2.4
25896,2.4
25897,0.8
25898,0.8
25899,-1.6
25900,-0.8
25901,0
25902,-0.8
25903,-0.8
25904,-0.8
25905,0.8
25906,-4
25907,-6.4
25908,0
25909,-0.8
25910,0.8
25911,-4
25912,-2.4
25913,-0.8
25914,1.6
25915,0
25916,-5.6
25917,-1.6
25918,-0.8
25919,-0.8
25920,0
25921,-3.2
25922,-1.6
25923,0
25924,0
25925,2.4
25926,2.4
25927,0.8
25928,1.6
25929,0.8
25930,0.8
25931,0
25932,0.8
25933,0.8
25934,3.2
25935,0
25936,0.8
25937,-3.2
25938,-0.8
25939,-0.8
25940,-0.8
25941,-1.6
25942,0.8
25943,-0.8
25944,-0.8
25945,-2.4
25946,0.8
25947,1.6
25948,0.8
25949,0
25950,0
25951,-0.8
25952,1.6
25953,0
25954,-1.6
25955,-0.8
25956,-3.2
25957,-3.2
25958,0
25959,0
25960,-1.6
25961,-1.6
25962,2.4
25963,0.8
25964,-4.8
25965,0
25966,-3.2
25967,-1.6
25968,0.8
25969,0
25970,-1.6
25971,-0.8
25972,-1.6
25973,-3.2
25974,0.8
25975,0
25976,0
25977,0
25978,-0.8
25979,0.8
25980,0
25981,2.4
25982,0.8
25983,0
25984,1.6
25985,1.6
25986,2.4
25987,3.2
25988,2.4
25989,-8.8
25990,-3.2
25991,-1.6
25992,0
25993,0
25994,2.4
25995,2.4
25996,0.8
25997,1.6
25998,2.4
25999,-0.8
26000,0.8
26001,0.8
26002,-0.8
26003,1.6
26004,0
26005,3.2
26006,-3.2
26007,0
26008,-0.8
26009,0.8
26010,-1.6
26011,-2.4
26012,0.8
26013,-1.6
26014,0
26015,1.6
26016,0
26017,0
26018,0.8
26019,0.8
26020,-0.8
26021,-1.6
26022,0
26023,0
26024,0.8
26025,-1.6
26026,-3.2
26027,0.8
26028,0
26029,-0.8
26030,-1.6
26031,1.6
26032,-1.6
26033,0
26034,2.4
26035,-0.8
26036,-1.6
26037,-3.2
26038,0.8
26039,-3.2
26040,-2.4
26041,0.8
26042,0.8
26043,-1.6
26044,-3.2
26045,2.4
26046,-0.8
26047,0.8
26048,0
26049,-4.8
26050,-0.8
26051,-3.2
26052,0
26053,0
26054,-1.6
26055,0
26056,-0.8
26057,0
26058,-2.4
26059,-0.8
26060,-1.6
26061,0.8
26062,0.8
26063,-3.2
26064,0
26065,0.8
26066,-4
26067,0
26068,0.8
26069,2.4
26070,0.8
26071,-4
26072,-4
26073,1.6
26074,0.8
26075,0.8
26076,4
26077,1.6
26078,0
26079,-0.8
26080,0
26081,0.8
26082,2.4
26083,2.4
26084,2.4
26085,3.2
26086,2.4
26087,2.4
26088,4
26089,4
26090,-0.8
26091,-1.6
26092,-0.8
26093,-4.8
26094,0.8
26095,1.6
26096,0.8
26097,0.8
26098,0.8
26099,0
26100,-1.6
26101,-0.8
26102,0
26103,-3.2
26104,1.6
26105,0
26106,-2.4
26107,-0.8
26108,0
26109,2.4
26110,0
26111,0
26112,0
26113,-0.8
26114,0.8
26115,0
26116,0.8
26117,2.4
26118,-3.2
26119,0.8
26120,2.4
26121,0.8
26122,1.6
26123,-0.8
26124,3.2
26125,-0.8
26126,2.4
26127,0
26128,-3.2
26129,-0.8
26130,2.4
26131,2.4
26132,0
26133,0
26134,0
26135,2.4
26136,-3.2
26137,-2.4
26138,-4
26139,0
26140,-1.6
26141,-2.4
26142,2.4
26143,2.4
26144,-0.8
26145,-1.6
26146,-1.6
26147,-1.6
26148,0.8
26149,-3.2
26150,-1.6
26151,0
26152,-1.6
26153,-3.2
26154,-0.8
26155,0.8
26156,0.8
26157,0
26158,0
26159,0
26160,2.4
26161,0
26162,-0.8
26163,2.4
26164,-3.2
26165,0
26166,-0.8
26167,-0.8
26168,-0.8
26169,1.6
26170,0
26171,-3.2
26172,-1.6
26173,-3.2
26174,0
26175,2.4
26176,2.4
26177,0
26178,-1.6
26179,-0.8
26180,-3.2
26181,4
26182,0
26183,-0.8
26184,0.8
26185,1.6
26186,4
26187,-3.2
26188,-1.6
26189,1.6
26190,-3.2
26191,0.8
26192,0.8
26193,0.8
26194,0.8
26195,3.2
26196,-2.4
26197,0.8
26198,0
26199,0
26200,0
26201,-0.8
26202,-0.8
26203,-0.8
26204,-1.6
26205,1.6
26206,-3.2
26207,4
26208,-0.8
26209,0.8
26210,0
26211,2.4
26212,1.6
26213,0
26214,-4
26215,2.4
26216,-4
26217,-7.2
26218,-0.8
26219,2.4
26220,0.8
26221,0
26222,5.6
26223,2.4
26224,0
26225,0.8
26226,1.6
26227,-2.4
26228,0
26229,2.4
26230,4
26231,5.6
26232,0.8
26233,-0.8
26234,-0.8
26235,1.6
26236,2.4
26237,4
26238,2.4
26239,2.4
26240,0.8
26241,-0.8
26242,0
26243,-1.6
26244,0.8
26245,0
26246,-3.2
26247,4
26248,-0.8
26249,-0.8
26250,5.6
26251,2.4
26252,2.4
26253,-0.8
26254,-2.4
26255,0
26256,0
26257,0.8
26258,-1.6
26259,-0.8
26260,0
26261,0
26262,0.8
26263,-3.2
26264,-1.6
26265,0.8
26266,-0.8
26267,-0.8
26268,0
26269,-0.8
26270,0
26271,0.8
26272,0.8
26273,4
26274,0.8
26275,0
26276,1.6
26277,-5.6
26278,-3.2
26279,-0.8
26280,1.6
26281,0
26282,-0.8
26283,-2.4
26284,-0.8
26285,0
26286,2.4
26287,-3.2
26288,0
26289,0
26290,-3.2
26291,-1.6
26292,-2.4
26293,1.6
26294,0.8
26295,0.8
26296,0
26297,0
26298,-3.2
26299,0
26300,0
26301,0
26302,0
26303,0
26304,-0.8
26305,-0.8
26306,-2.4
26307,2.4
26308,4
26309,-0.8
26310,0
26311,-2.4
26312,0
26313,0.8
26314,-0.8
26315,-0.8
26316,0.8
26317,4
26318,2.4
26319,-4
26320,4
26321,0.8
26322,-4
26323,0
26324,0
26325,0.8
26326,2.4
26327,0.8
26328,0
26329,-0.8
26330,0
26331,-0.8
26332,-0.8
26333,0.8
26334,0
26335,2.4
26336,0
26337,2.4
26338,0.8
26339,2.4
26340,-0.8
26341,-3.2
26342,-1.6
26343,0
26344,0
26345,0.8
26346,0.8
26347,0
26348,4
26349,2.4
26350,-2.4
26351,-0.8
26352,-3.2
26353,-3.2
26354,1.6
26355,-0.8
26356,0.8
26357,0
26358,1.6
26359,2.4
26360,1.6
26361,0
26362,-0.8
26363,-2.4
26364,-3.2
26365,2.4
26366,-3.2
26367,-0.8
26368,0.8
26369,3.2
26370,1.6
26371,-1.6
26372,-0.8
26373,-0.8
26374,-1.6
26375,4
26376,0
26377,1.6
26378,-0.8
26379,0
26380,-0.8
26381,0.8
26382,2.4
26383,-0.8
26384,4
26385,-3.2
26386,0
26387,2.4
26388,-3.2
26389,-1.6
26390,-0.8
26391,-0.8
26392,-0.8
26393,2.4
26394,0.8
26395,-0.8
26396,-0.8
26397,0
26398,2.4
26399,0.8
26400,-0.8
26401,0.8
26402,-4
26403,-1.6
26404,0
26405,0.8
26406,0.8
26407,0
26408,0
26409,0
26410,-1.6
26411,-2.4
26412,2.4
26413,0.8
26414,-1.6
26415,2.4
26416,0.8
26417,-0.8
26418,0.8
26419,-2.4
26420,-1.6
26421,-3.2
26422,2.4
26423,2.4
26424,-0.8
26425,0.8
26426,-0.8
26427,1.6
26428,0.8
26429,-1.6
26430,2.4
26431,0.8
26432,-0.8
26433,2.4
26434,-0.8
26435,-0.8
26436,4
26437,2.4
26438,-3.2
26439,-2.4
26440,0.8
26441,3.2
26442,0
26443,2.4
26444,-0.8
26445,-5.6
26446,0.8
26447,0
26448,0.8
26449,0
26450,0
26451,-0.8
26452,-0.8
26453,0
26454,-0.8
26455,-0.8
26456,-1.6
26457,0
26458,-0.8
26459,2.4
26460,-0.8
26461,0.8
26462,-0.8
26463,0
26464,0
26465,-0.8
26466,0
26467,0.8
26468,2.4
26469,-3.2
26470,-0.8
26471,0
26472,-0.8
26473,2.4
26474,0.8
26475,0
26476,0
26477,-1.6
26478,-3.2
26479,-1.6
26480,-1.6
26481,-1.6
26482,1.6
26483,-0.8
26484,-0.8
26485,0
26486,2.4
26487,2.4
26488,0
26489,-4
26490,-3.2
26491,4
26492,4
26493,0.8
26494,0
26495,-0.8
26496,-0.8
26497,-5.6
26498,-2.4
26499,-0.8
26500,0.8
26501,0.8
26502,-1.6
26503,0.8
26504,0
26505,-4
26506,-0.8
26507,-3.2
26508,-3.2
26509,-0.8
26510,0.8
26511,0
26512,2.4
26513,1.6
26514,5.6
26515,2.4
26516,2.4
26517,0
26518,0
26519,0
26520,0.8
26521,-1.6
26522,0.8
26523,-2.4
26524,-0.8
26525,2.4
26526,0
26527,-0.8
26528,0.8
26529,0
26530,-1.6
26531,-0.8
26532,-0.8
26533,0
26534,2.4
26535,1.6
26536,0
26537,4
26538,0
26539,3.2
26540,-1.6
26541,0.8
26542,-1.6
26543,-3.2
26544,-0.8
26545,0.8
26546,0.8
26547,0
26548,1.6
26549,0
26550,-0.8
26551,2.4
26552,0.8
26553,0
26554,0
26555,0
26556,0
26557,-0.8
26558,-1.6
26559,0
26560,-2.4
26561,2.4
26562,0
26563,0
26564,0
26565,0
26566,0
26567,2.4
26568,0
26569,0
26570,-0.8
26571,-1.6
26572,0.8
26573,0.8
26574,2.4
26575,0
26576,0.8
26577,1.6
26578,0
26579,-0.8
26580,0
26581,0
26582,-3.2
26583,-2.4
26584,0.8
26585,0
26586,0.8
26587,-4
26588,-1.6
26589,0
26590,-4.8
26591,0.8
26592,-0.8
26593,-1.6
26594,-0.8
26595,0.8
26596,-0.8
26597,-2.4
26598,2.4
26599,1.6
26600,-2.4
26601,-0.8
26602,0
26603,0
26604,-0.8
26605,0
26606,0
26607,0.8
26608,-3.2
26609,0.8
26610,1.6
26611,-0.8
26612,0
26613,-0.8
26614,0
26615,-3.2
26616,2.4
26617,-1.6
26618,0.8
26619,0
26620,1.6
26621,1.6
26622,0.8
26623,0.8
26624,0
26625,0.8
26626,-0.8
26627,0
26628,0.8
26629,-2.4
26630,-0.8
26631,-4
26632,2.4
26633,-5.6
26634,0
26635,0
26636,-2.4
26637,-3.2
26638,0
26639,0.8
26640,-4
26641,-0.8
26642,-2.4
26643,-1.6
26644,0
26645,2.4
26646,-2.4
26647,0
26648,-4
26649,0.8
26650,-0.8
26651,-3.2
26652,-3.2
26653,-0.8
26654,0
26655,-1.6
26656,0.8
26657,0
26658,-1.6
26659,0.8
26660,0
26661,-1.6
26662,0
26663,0.8
26664,-3.2
26665,0.8
26666,4
26667,0
26668,0
26669,-1.6
26670,-3.2
26671,-0.8
26672,0
26673,2.4
26674,2.4
26675,-0.8
26676,0
26677,0
26678,0.8
26679,-3.2
26680,0
26681,0
26682,-0.8
26683,2.4
26684,5.6
26685,6.4
26686,1.6
26687,3.2
26688,-0.8
26689,0.8
26690,-7.2
26691,-0.8
26692,-1.6
26693,0
26694,0
26695,-1.6
26696,2.4
26697,3.2
26698,-0.8
26699,2.4
26700,0.8
26701,-3.2
26702,0.8
26703,2.4
26704,-1.6
26705,-2.4
26706,-1.6
26707,-3.2
26708,2.4
26709,0.8
26710,-1.6
26711,0.8
26712,-0.8
26713,-0.8
26714,-0.8
26715,-2.4
26716,-0.8
26717,-0.8
26718,0.8
26719,2.4
26720,0
26721,0.8
26722,0.8
26723,2.4
26724,4
26725,0
26726,0
26727,-1.6
26728,2.4
26729,2.4
26730,2.4
26731,0.8
26732,2.4
26733,2.4
26734,0
26735,0.8
26736,4
26737,2.4
26738,2.4
26739,2.4
26740,-3.2
26741,0.8
26742,0
26743,0.8
26744,0
26745,2.4
26746,0
26747,-3.2
26748,0
26749,3.2
26750,0
26751,-5.6
26752,0
26753,1.6
26754,-0.8
26755,1.6
26756,-3.2
26757,-0.8
26758,-0.8
26759,0
26760,0.8
26761,2.4
26762,0.8
26763,-4
26764,0
26765,3.2
26766,0.8
26767,1.6
26768,-0.8
26769,-0.8
26770,-0.8
26771,-0.8
26772,0.8
26773,0
26774,-1.6
26775,3.2
26776,-2.4
26777,0
26778,-0.8
26779,0
26780,1.6
26781,3.2
26782,0
26783,0
26784,-3.2
26785,2.4
26786,-4
26787,-0.8
26788,-3.2
26789,-0.8
26790,-6.4
26791,-4
26792,0
26793,-2.4
26794,0.8
26795,0
26796,-0.8
26797,-0.8
26798,-1.6
26799,2.4
26800,-2.4
26801,-0.8
26802,-2.4
26803,-0.8
26804,1.6
26805,0.8
26806,0.8
26807,-4
26808,-0.8
26809,0
26810,-0.8
26811,0.8
26812,-2.4
26813,-3.2
26814,-6.4
26815,2.4
26816,2.4
26817,0.8
26818,0
26819,-2.4
26820,-3.2
26821,2.4
26822,0
26823,4
26824,-0.8
26825,2.4
26826,0.8
26827,0.8
26828,-0.8
26829,-0.8
26830,0.8
26831,3.2
26832,1.6
26833,0
26834,0
26835,-1.6
26836,-1.6
26837,-3.2
26838,-4
26839,0.8
26840,0
26841,0
26842,0.8
26843,0
26844,1.6
26845,-4
26846,-3.2
26847,0
26848,0
26849,0
26850,0.8
26851,-0.8
26852,0
26853,0
26854,0.8
26855,0.8
26856,2.4
26857,-3.2
26858,0.8
26859,0
26860,-1.6
26861,-0.8
26862,-4
26863,-1.6
26864,-0.8
26865,-3.2
26866,-1.6
26867,0
26868,-1.6
26869,-0.8
26870,0
26871,2.4
26872,2.4
26873,0
26874,1.6
26875,2.4
26876,-1.6
26877,-1.6
26878,-3.2
26879,-3.2
26880,0
26881,0
26882,2.4
26883,2.4
26884,-0.8
26885,-1.6
26886,-3.2
26887,-5.6
26888,2.4
26889,-1.6
26890,-6.4
26891,0
26892,-0.8
26893,-0.8
26894,0
26895,0
26896,1.6
26897,0
26898,-1.6
26899,-1.6
26900,-1.6
26901,0
26902,0.8
26903,-0.8
26904,0
26905,-0.8
26906,0.8
26907,-2.4
26908,-3.2
26909,0
26910,0.8
26911,0.8
26912,-0.8
26913,0.8
26914,-1.6
26915,5.6
26916,0
26917,-0.8
26918,-1.6
26919,-1.6
26920,-1.6
26921,-0.8
26922,0
26923,1.6
26924,0
26925,2.4
26926,-4
26927,0.8
26928,0
26929,0.8
26930,2.4
26931,-0.8
26932,-1.6
26933,0.8
26934,0
26935,0.8
26936,0
26937,-11.2
26938,0.8
26939,-1.6
26940,-3.2
26941,0.8
26942,1.6
26943,-1.6
26944,-1.6
26945,0.8
26946,2.4
26947,-1.6
26948,-1.6
26949,2.4
26950,-1.6
26951,-4
26952,-3.2
26953,-1.6
26954,2.4
26955,0.8
26956,0
26957,-4
26958,0
26959,0
26960,0
26961,-0.8
26962,0.8
26963,0.8
26964,-3.2
26965,0
26966,-1.6
26967,1.6
26968,0
26969,0.8
26970,0.8
26971,-3.2
26972,2.4
26973,0
26974,0
26975,0.8
26976,0
26977,0
26978,-0.8
26979,2.4
26980,0
26981,1.6
26982,0
26983,0.8
26984,0
26985,0
26986,-2.4
26987,2.4
26988,7.2
26989,2.4
26990,2.4
26991,2.4
26992,0.8
26993,0.8
26994,0.8
26995,0
26996,-3.2
26997,0
26998,-2.4
26999,2.4
27000,-3.2
27001,0.8
27002,1.6
27003,-0.8
27004,0.8
27005,-0.8
27006,0.8
27007,-0.8
27008,6.4
27009,-1.6
27010,-1.6
27011,2.4
27012,0
27013,-3.2
27014,-4
27015,0
27016,1.6
27017,3.2
27018,-0.8
27019,-1.6
27020,2.4
27021,0
27022,2.4
27023,-0.8
27024,0.8
27025,2.4
27026,-0.8
27027,-0.8
27028,3.2
27029,-0.8
27030,-0.8
27031,-0.8
27032,0.8
27033,-3.2
27034,-0.8
27035,2.4
27036,2.4
27037,0
27038,0.8
27039,-3.2
27040,-2.4
27041,2.4
27042,2.4
27043,0
27044,-0.8
27045,-1.6
27046,-0.8
27047,-3.2
27048,0.8
27049,0.8
27050,-1.6
27051,0
27052,-0.8
27053,-4
27054,-3.2
27055,-2.4
27056,2.4
27057,0.8
27058,0.8
27059,-0.8
27060,-1.6
27061,0.8
27062,-0.8
27063,-3.2
27064,-2.4
27065,0
27066,0.8
27067,0.8
27068,2.4
27069,2.4
27070,0.8
27071,0
27072,-2.4
27073,0
27074,0.8
27075,2.4
27076,-2.4
27077,0
27078,-1.6
27079,-4
27080,0.8
27081,-1.6
27082,4
27083,0.8
27084,-2.4
27085,0
27086,1.6
27087,5.6
27088,-4
27089,1.6
27090,-3.2
27091,-1.6
27092,2.4
27093,0
27094,0
27095,0
27096,0
27097,0.8
27098,-1.6
27099,0
27100,0.8
27101,-0.8
27102,-0.8
27103,0
27104,0
27105,2.4
27106,-3.2
27107,0.8
27108,-0.8
27109,-1.6
27110,0
27111,0
27112,-1.6
27113,-1.6
27114,2.4
27115,-3.2
27116,-2.4
27117,1.6
27118,2.4
27119,0
27120,0
27121,-3.2
27122,0
27123,-0.8
27124,0
27125,0
27126,0.8
27127,2.4
27128,-0.8
27129,-2.4
27130,0.8
27131,-1.6
27132,-0.8
27133,0
27134,0.8
27135,4
27136,0.8
27137,0
27138,3.2
27139,-0.8
27140,0.8
27141,0.8
27142,-0.8
27143,0
27144,2.4
27145,-3.2
27146,0.8
27147,-0.8
27148,0.8
27149,2.4
27150,-3.2
27151,-3.2
27152,-2.4
27153,-0.8
27154,0
27155,1.6
27156,-0.8
27157,2.4
27158,-3.2
27159,-0.8
27160,6.4
27161,-3.2
27162,0.8
27163,-0.8
27164,2.4
27165,0
27166,1.6
27167,0.8
27168,-3.2
27169,0
27170,0
27171,2.4
27172,2.4
27173,-3.2
27174,0
27175,0.8
27176,-2.4
27177,-6.4
27178,0
27179,-1.6
27180,0
27181,4
27182,-2.4
27183,4
27184,-1.6
27185,4
27186,0.8
27187,1.6
27188,0
27189,0
27190,0.8
27191,-0.8
27192,-1.6
27193,1.6
27194,0.8
27195,0.8
27196,-3.2
27197,0.8
27198,2.4
27199,0.8
27200,0.8
27201,0
27202,-0.8
27203,-2.4
27204,-0.8
27205,-1.6
27206,-4
27207,0
27208,-2.4
27209,0.8
27210,-0.8
27211,0
27212,4
27213,-1.6
27214,0.8
27215,2.4
27216,3.2
27217,2.4
27218,0.8
27219,1.6
27220,0
27221,2.4
27222,0.8
27223,0.8
27224,-1.6
27225,2.4
27226,-0.8
27227,-1.6
27228,-0.8
27229,-1.6
27230,0
27231,0
27232,0
27233,2.4
27234,-0.8
27235,-1.6
27236,0.8
27237,0.8
27238,0
27239,-1.6
27240,-3.2
27241,-3.2
27242,0.8
27243,0.8
27244,2.4
27245,0
27246,-0.8
27247,-1.6
27248,0
27249,-3.2
27250,-1.6
27251,0
27252,-3.2
27253,0.8
27254,0
27255,0
27256,-0.8
27257,0
27258,-0.8
27259,2.4
27260,0
27261,0.8
27262,0.8
27263,-3.2
27264,-3.2
27265,2.4
27266,-1.6
27267,0.8
27268,-0.8
27269,-0.8
27270,0.8
27271,0.8
27272,0.8
27273,-1.6
27274,1.6
27275,4
27276,0
27277,0
27278,-1.6
27279,-0.8
27280,2.4
27281,0
27282,2.4
27283,0
27284,-1.6
27285,0.8
27286,2.4
27287,-0.8
27288,2.4
27289,-3.2
27290,2.4
27291,-1.6
27292,0
27293,0
27294,0
27295,0.8
27296,-0.8
27297,-1.6
27298,-0.8
27299,2.4
27300,-0.8
27301,-0.8
27302,-1.6
27303,0
27304,-2.4
27305,-0.8
27306,0.8
27307,0
27308,-3.2
27309,-2.4
27310,-0.8
27311,-0.8
27312,0.8
27313,-0.8
27314,2.4
27315,2.4
27316,-1.6
27317,-0.8
27318,0
27319,0.8
27320,0.8
27321,2.4
27322,0
27323,-1.6
27324,-3.2
27325,0.8
27326,1.6
27327,0.8
27328,0.8
27329,2.4
27330,0
27331,0.8
27332,2.4
27333,-2.4
27334,-8.8
27335,2.4
27336,-0.8
27337,0
27338,0.8
27339,0
27340,-1.6
27341,0.8
27342,2.4
27343,0.8
27344,0.8
27345,-3.2
27346,2.4
27347,2.4
27348,0.8
27349,0
27350,-0.8
27351,-0.8
27352,0
27353,-1.6
27354,0
27355,0
27356,0
27357,-0.8
27358,0
27359,0.8
27360,-0.8
27361,0
27362,2.4
27363,-4.8
27364,0.8
27365,0
27366,2.4
27367,0
27368,0
27369,2.4
27370,-0.8
27371,2.4
27372,0.8
27373,-2.4
27374,-2.4
27375,1.6
27376,2.4
27377,1.6
27378,-1.6
27379,-3.2
27380,0.8
27381,-3.2
27382,-0.8
27383,0
27384,0.8
27385,2.4
27386,0
27387,0
27388,0
27389,-1.6
27390,-3.2
27391,-4
27392,-2.4
27393,0.8
27394,2.4
27395,0
27396,-1.6
27397,-3.2
27398,-1.6
27399,2.4
27400,-1.6
27401,-3.2
27402,-0.8
27403,-1.6
27404,0
27405,0.8
27406,-0.8
27407,-4
27408,-1.6
27409,0.8
27410,0
27411,0.8
27412,-1.6
27413,-0.8
27414,-3.2
27415,-0.8
27416,0
27417,-0.8
27418,-1.6
27419,0.8
27420,-1.6
27421,2.4
27422,0
27423,2.4
27424,-0.8
27425,-2.4
27426,-0.8
27427,0
27428,-0.8
27429,2.4
27430,-3.2
27431,-0.8
27432,1.6
27433,0.8
27434,1.6
27435,0
27436,2.4
27437,2.4
27438,-3.2
27439,-1.6
27440,3.2
27441,-2.4
27442,0
27443,5.6
27444,0
27445,-3.2
27446,-0.8
27447,2.4
27448,2.4
27449,2.4
27450,-0.8
27451,-1.6
27452,-2.4
27453,-1.6
27454,-0.8
27455,-0.8
27456,0
27457,-3.2
27458,-4.8
27459,-1.6
27460,0.8
27461,0
27462,-2.4
27463,-1.6
27464,-1.6
27465,0
27466,0.8
27467,2.4
27468,-0.8
27469,2.4
27470,0
27471,0
27472,0.8
27473,2.4
27474,0
27475,0.8
27476,-0.8
27477,0
27478,0.8
27479,1.6
27480,1.6
27481,2.4
27482,0
27483,0.8
27484,2.4
27485,0
27486,1.6
27487,2.4
27488,-3.2
27489,-0.8
27490,3.2
27491,-4.8
27492,0
27493,0.8
27494,2.4
27495,0
27496,-0.8
27497,-0.8
27498,-0.8
27499,4
27500,2.4
27501,-1.6
27502,-0.8
27503,0.8
27504,1.6
27505,0
27506,0.8
27507,-0.8
27508,0
27509,2.4
27510,0.8
27511,0.8
27512,0.8
27513,-0.8
27514,3.2
27515,-0.8
27516,2.4
27517,-0.8
27518,-3.2
27519,0
27520,-3.2
27521,0
27522,0
27523,2.4
27524,-1.6
27525,0
27526,0.8
27527,0.8
27528,-0.8
27529,-0.8
27530,0
27531,3.2
27532,4
27533,-2.4
27534,0.8
27535,1.6
27536,-3.2
27537,-3.2
27538,-3.2
27539,-3.2
27540,6.4
27541,-0.8
27542,1.6
27543,1.6
27544,-0.8
27545,0.8
27546,0
27547,-0.8
27548,0
27549,0.8
27550,-0.8
27551,-0.8
27552,-2.4
27553,-2.4
27554,-0.8
27555,0
27556,-0.8
27557,-0.8
27558,-1.6
27559,-3.2
27560,0
27561,0.8
27562,0
27563,-1.6
27564,-3.2
27565,-0.8
27566,-0.8
27567,3.2
27568,-0.8
27569,1.6
27570,0.8
27571,0
27572,0.8
27573,-0.8
27574,-1.6
27575,0.8
27576,0.8
27577,1.6
27578,0.8
27579,0.8
27580,-0.8
27581,0.8
27582,0
27583,-0.8
27584,-0.8
27585,-0.8
27586,2.4
27587,0
27588,0.8
27589,-2.4
27590,0.8
27591,0
27592,-4
27593,0
27594,0
27595,0.8
27596,-3.2
27597,-3.2
27598,2.4
27599,0
27600,-2.4
27601,1.6
27602,-3.2
27603,0
27604,-2.4
27605,-1.6
27606,0.8
27607,0
27608,-0.8
27609,-0.8
27610,0.8
27611,2.4
27612,-0.8
27613,-3.2
27614,0
27615,0.8
27616,-0.8
27617,-1.6
27618,-3.2
27619,-0.8
27620,-0.8
27621,0.8
27622,0.8
27623,-0.8
27624,1.6
27625,2.4
27626,0
27627,0
27628,0
27629,0
27630,0.8
27631,0
27632,0
27633,-0.8
27634,4
27635,0
27636,-0.8
27637,0.8
27638,2.4
27639,1.6
27640,4
27641,2.4
27642,4
27643,1.6
27644,-0.8
27645,0
27646,0.8
27647,-1.6
27648,-0.8
27649,2.4
27650,1.6
27651,-1.6
27652,0
27653,0.8
27654,-1.6
27655,-0.8
27656,0
27657,-3.2
27658,-1.6
27659,2.4
27660,0
27661,-2.4
27662,-9.6
27663,0
27664,-0.8
27665,4
27666,-1.6
27667,0.8
27668,0
27669,2.4
27670,-0.8
27671,0.8
27672,2.4
27673,0
27674,2.4
27675,-0.8
27676,0.8
27677,0
27678,2.4
27679,0
27680,0
27681,0
27682,-1.6
27683,2.4
27684,0.8
27685,0
27686,0
27687,0
27688,2.4
27689,2.4
27690,-4
27691,-0.8
27692,0
27693,0.8
27694,-0.8
27695,0
27696,0.8
27697,0.8
27698,-0.8
27699,2.4
27700,1.6
27701,0.8
27702,0
27703,2.4
27704,0
27705,0.8
27706,-0.8
27707,-0.8
27708,-3.2
27709,-2.4
27710,0.8
27711,-0.8
27712,0
27713,5.6
27714,-1.6
27715,-0.8
27716,3.2
27717,-0.8
27718,-3.2
27719,0.8
27720,0.8
27721,2.4
27722,0.8
27723,0
27724,-3.2
27725,0
27726,-0.8
27727,0.8
27728,0
27729,-0.8
27730,0
27731,4
27732,0.8
27733,2.4
27734,0
27735,0
27736,2.4
27737,0
27738,-3.2
27739,0.8
27740,-0.8
27741,2.4
27742,0.8
27743,2.4
27744,-1.6
27745,-0.8
27746,0.8
27747,0
27748,-3.2
27749,-0.8
27750,0
27751,0
27752,0
27753,-11.2
27754,4
27755,-0.8
27756,2.4
27757,-1.6
27758,2.4
27759,-0.8
27760,0
27761,0.8
27762,-0.8
27763,-3.2
27764,1.6
27765,1.6
27766,0.8
27767,3.2
27768,-3.2
27769,-4
27770,0.8
27771,0
27772,-1.6
27773,0
27774,0
27775,0.8
27776,0
27777,0.8
27778,-1.6
27779,0.8
27780,0
27781,-3.2
27782,-4
27783,2.4
27784,0
27785,0
27786,0
27787,-4
27788,0
27789,0.8
27790,-0.8
27791,2.4
27792,2.4
27793,-1.6
27794,-0.8
27795,0.8
27796,-0.8
27797,0
27798,0
27799,0
27800,-1.6
27801,-0.8
27802,0
27803,0
27804,0
27805,-0.8
27806,-0.8
27807,-1.6
27808,0
27809,0.8
27810,0
27811,-0.8
27812,-4
27813,0.8
27814,1.6
27815,-3.2
27816,2.4
27817,-2.4
27818,0
27819,-0.8
27820,-1.6
27821,-1.6
27822,-1.6
27823,-0.8
27824,0
27825,0
27826,-0.8
27827,-1.6
27828,0.8
27829,0.8
27830,5.6
27831,-3.2
27832,2.4
27833,2.4
27834,1.6
27835,-0.8
27836,-3.2
27837,-2.4
27838,0
27839,0
27840,-3.2
27841,0.8
27842,0.8
27843,3.2
27844,0
27845,0.8
27846,0
27847,-0.8
27848,-1.6
27849,0
27850,-4
27851,-0.8
27852,-2.4
27853,-0.8
27854,0
27855,3.2
27856,0
27857,-1.6
27858,-2.4
27859,0.8
27860,-1.6
27861,-1.6
27862,0.8
27863,0.8
27864,-2.4
27865,-4
27866,2.4
27867,-2.4
27868,0
27869,2.4
27870,0
27871,-3.2
27872,2.4
27873,-2.4
27874,-0.8
27875,0
27876,0.8
27877,0.8
27878,2.4
27879,-0.8
27880,0
27881,2.4
27882,-4
27883,-0.8
27884,-0.8
27885,-1.6
27886,0.8
27887,0
27888,3.2
27889,2.4
27890,4
27891,-2.4
27892,0
27893,0
27894,0
27895,0.8
27896,-1.6
27897,0.8
27898,0
27899,0
27900,2.4
27901,0
27902,0.8
27903,0.8
27904,1.6
27905,-0.8
27906,0
27907,0.8
27908,0
27909,0.8
27910,-0.8
27911,0
27912,0.8
27913,7.2
27914,1.6
27915,-3.2
27916,0.8
27917,-0.8
27918,0.8
27919,0
27920,0
27921,-3.2
27922,2.4
27923,-0.8
27924,0
27925,0
27926,0.8
27927,2.4
27928,-0.8
27929,2.4
27930,0
27931,0.8
27932,1.6
27933,-1.6
27934,-0.8
27935,2.4
27936,4
27937,0.8
27938,-0.8
27939,2.4
27940,0
27941,6.4
27942,-3.2
27943,0
27944,-0.8
27945,0
27946,0.8
27947,-2.4
27948,-2.4
27949,0.8
27950,0.8
27951,0
27952,2.4
27953,-1.6
27954,7.2
27955,-0.8
27956,2.4
27957,-2.4
27958,0
27959,0
27960,-0.8
27961,-0.8
27962,0
27963,0
27964,0
27965,-1.6
27966,2.4
27967,-0.8
27968,0
27969,2.4
27970,-1.6
27971,1.6
27972,-4
27973,-3.2
27974,0
27975,0
27976,0.8
27977,1.6
27978,0
27979,0.8
27980,2.4
27981,0.8
27982,-0.8
27983,1.6
27984,0
27985,-0.8
27986,-3.2
27987,0
27988,2.4
27989,0.8
27990,-3.2
27991,2.4
27992,-1.6
27993,0
27994,-0.8
27995,-0.8
27996,1.6
27997,-0.8
27998,-1.6
27999,0
28000,0.8
28001,-1.6
28002,-0.8
28003,-0.8
28004,0.8
28005,6.4
28006,0
28007,0
28008,0
28009,0
28010,-3.2
28011,0
28012,-1.6
28013,-0.8
28014,0
28015,2.4
28016,1.6
28017,0
28018,-1.6
28019,5.6
28020,0
28021,-3.2
28022,3.2
28023,0.8
28024,1.6
28025,0.8
28026,2.4
28027,0.8
28028,0.8
28029,0.8
28030,0.8
28031,0.8
28032,0
28033,1.6
28034,0.8
28035,0
28036,2.4
28037,0
28038,0
28039,2.4
28040,-2.4
28041,-1.6
28042,0.8
28043,0
28044,0
28045,3.2
28046,-1.6
28047,1.6
28048,2.4
28049,2.4
28050,0.8
28051,0
28052,-0.8
28053,-1.6
28054,-0.8
28055,-2.4
28056,-1.6
28057,1.6
28058,-3.2
28059,0
28060,1.6
28061,0.8
28062,-0.8
28063,0
28064,0
28065,0
28066,-1.6
28067,1.6
28068,-0.8
28069,0.8
28070,0.8
28071,-3.2
28072,0
28073,0
28074,0
28075,-1.6
28076,0
28077,0
28078,-0.8
28079,2.4
28080,-0.8
28081,-0.8
28082,2.4
28083,0
28084,0
28085,4
28086,-3.2
28087,0
28088,-3.2
28089,-1.6
28090,-0.8
28091,-4
28092,2.4
28093,-8.8
28094,-1.6
28095,0
28096,-1.6
28097,1.6
28098,-1.6
28099,2.4
28100,-1.6
28101,-1.6
28102,-1.6
28103,0
28104,-3.2
28105,-0.8
28106,0
28107,-0.8
28108,0.8
28109,0.8
28110,-0.8
28111,-0.8
28112,-1.6
28113,0
28114,0.8
28115,0
28116,0.8
28117,2.4
28118,0.8
28119,0.8
28120,2.4
28121,-1.6
28122,2.4
28123,-0.8
28124,0
28125,0.8
28126,-0.8
28127,0.8
28128,-2.4
28129,0.8
28130,-3.2
28131,-3.2
28132,0.8
28133,1.6
28134,-0.8
28135,0
28136,-1.6
28137,0.8
28138,0.8
28139,0.8
28140,8
28141,0
28142,2.4
28143,0
28144,-1.6
28145,0.8
28146,0.8
28147,0
28148,0
28149,-4
28150,2.4
28151,-1.6
28152,-0.8
28153,-3.2
28154,-0.8
28155,-1.6
28156,-0.8
28157,2.4
28158,-3.2
28159,0.8
28160,-0.8
28161,-3.2
28162,2.4
28163,0.8
28164,3.2
28165,0
28166,2.4
28167,0
28168,-1.6
28169,-0.8
28170,0
28171,2.4
28172,-0.8
28173,-1.6
28174,0
28175,0.8
28176,0
28177,2.4
28178,0
28179,3.2
28180,0
28181,-0.8
28182,0
28183,0.8
28184,8.8
28185,1.6
28186,0
28187,0.8
28188,0
28189,3.2
28190,2.4
28191,-1.6
28192,0.8
28193,0.8
28194,0
28195,-0.8
28196,-1.6
28197,-3.2
28198,1.6
28199,-3.2
28200,2.4
28201,0
28202,1.6
28203,-0.8
28204,-2.4
28205,-0.8
28206,-3.2
28207,0.8
28208,0
28209,0.8
28210,-2.4
28211,-1.6
28212,0
28213,0.8
28214,-0.8
28215,0.8
28216,2.4
28217,-2.4
28218,-0.8
28219,-0.8
28220,2.4
28221,0.8
28222,0
28223,0
28224,2.4
28225,-2.4
28226,0.8
28227,0
28228,0
28229,2.4
28230,0
28231,0.8
28232,0
28233,2.4
28234,-0.8
28235,6.4
28236,-0.8
28237,-1.6
28238,-0.8
28239,-5.6
28240,1.6
28241,-3.2
28242,2.4
28243,0
28244,0.8
28245,-2.4
28246,2.4
28247,-0.8
28248,0
28249,-1.6
28250,2.4
28251,0.8
28252,-0.8
28253,-1.6
28254,-3.2
28255,-1.6
28256,-0.8
28257,0
28258,0
28259,-1.6
28260,2.4
28261,-0.8
28262,-1.6
28263,0
28264,2.4
28265,1.6
28266,0.8
28267,-0.8
28268,0
28269,0.8
28270,0.8
28271,0.8
28272,0
28273,0.8
28274,-4
28275,-1.6
28276,0.8
28277,2.4
28278,0.8
28279,2.4
28280,0
28281,0
28282,-1.6
28283,0.8
28284,-0.8
28285,-1.6
28286,0
28287,0
28288,0
28289,-0.8
28290,-40.799999
28291,65.599998
28292,56
28293,-18.4
28294,-82.400002
28295,-40
28296,-14.4
28297,-30.4
28298,-27.200001
28299,-48.799999
28300,-58.400002
28301,-11.2
28302,52
28303,43.200001
28304,28
28305,15.2
28306,12
28307,5.6
28308,4
28309,2.4
28310,2.4
28311,4
28312,0.8
28313,0.8
28314,4
28315,5.6
28316,2.4
28317,4
28318,2.4
28319,2.4
28320,2.4
28321,2.4
28322,-0.8
28323,2.4
28324,2.4
28325,0.8
28326,2.4
28327,0.8
28328,2.4
28329,5.6
28330,2.4
28331,2.4
28332,0
28333,0.8
28334,0
28335,0
28336,1.6
28337,0.8
28338,8.8
28339,4
28340,1.6
28341,2.4
28342,4
28343,-4
28344,0.8
28345,0.8
28346,0.8
28347,0.8
28348,2.4
28349,0.8
28350,0.8
28351,-0.8
28352,2.4
28353,-0.8
28354,4
28355,0.8
28356,-6.4
28357,0.8
28358,-3.2
28359,0.8
28360,2.4
28361,-0.8
28362,0.8
28363,0.8
28364,0
28365,2.4
28366,0.8
28367,-1.6
28368,-1.6
28369,0
28370,0.8
28371,2.4
28372,1.6
28373,2.4
28374,-0.8
28375,-5.6
28376,0.8
28377,2.4
28378,4
28379,0.8
28380,-0.8
28381,-5.6
28382,2.4
28383,2.4
28384,0.8
28385,2.4
28386,0.8
28387,5.6
28388,0.8
28389,0.8
28390,4
28391,0.8
28392,0.8
28393,0
28394,0.8
28395,-0.8
28396,0.8
28397,0.8
28398,0.8
28399,-4
28400,0
28401,-1.6
28402,-0.8
28403,0
28404,0
28405,0
28406,-0.8
28407,0.8
28408,-3.2
28409,2.4
28410,2.4
28411,1.6
28412,0.8
28413,2.4
28414,-0.8
28415,0.8
28416,1.6
28417,0
28418,1.6
28419,0
28420,0
28421,4
28422,2.4
28423,1.6
28424,2.4
28425,-0.8
28426,0
28427,0.8
28428,-1.6
28429,0.8
28430,0.8
28431,-3.2
28432,4
28433,-0.8
28434,-4
28435,-0.8
28436,0.8
28437,0.8
28438,1.6
28439,0.8
28440,5.6
28441,-1.6
28442,-5.6
28443,-0.8
28444,2.4
28445,0
28446,2.4
28447,2.4
28448,0
28449,2.4
28450,1.6
28451,0
28452,-3.2
28453,-0.8
28454,0
28455,0.8
28456,-0.8
28457,-1.6
28458,0
28459,0
28460,0
28461,2.4
28462,-1.6
28463,-0.8
28464,2.4
28465,0
28466,-2.4
28467,-3.2
28468,-1.6
28469,0.8
28470,0.8
28471,-0.8
28472,2.4
28473,4
28474,-1.6
28475,0.8
28476,1.6
28477,4
28478,0
28479,0
28480,-1.6
28481,3.2
28482,1.6
28483,0.8
28484,0
28485,0
28486,0.8
28487,2.4
28488,0
28489,-2.4
28490,2.4
28491,0
28492,-0.8
28493,0.8
28494,0.8
28495,0.8
28496,2.4
28497,0.8
28498,-0.8
28499,-1.6
28500,2.4
28501,4
28502,0.8
28503,0.8
28504,0
28505,1.6
28506,0.8
28507,-0.8
28508,0
28509,0
28510,2.4
28511,0
28512,-0.8
28513,0.8
28514,-3.2
28515,-3.2
28516,-0.8
28517,2.4
28518,0.8
28519,0.8
28520,-0.8
28521,0
28522,1.6
28523,-0.8
28524,0
28525,-1.6
28526,0.8
28527,0
28528,-0.8
28529,0.8
28530,-0.8
28531,-0.8
28532,-0.8
28533,2.4
28534,-0.8
28535,0
28536,0
28537,1.6
28538,-0.8
28539,-0.8
28540,-0.8
28541,-2.4
28542,2.4
28543,-0.8
28544,0.8
28545,0
28546,-1.6
28547,-4.8
28548,-4
28549,0.8
28550,-0.8
28551,-7.2
28552,0
28553,-0.8
28554,-0.8
28555,0
28556,0
28557,0
28558,-1.6
28559,-0.8
28560,-0.8
28561,-1.6
28562,-0.8
28563,0.8
28564,0
28565,4
28566,2.4
28567,0
28568,-0.8
28569,2.4
28570,-0.8
28571,0
28572,0.8
28573,-1.6
28574,2.4
28575,-1.6
28576,2.4
28577,0.8
28578,0.8
28579,-0.8
28580,-0.8
28581,4
28582,-0.8
28583,0
28584,-3.2
28585,0
28586,0.8
28587,-0.8
28588,4
28589,2.4
28590,-1.6
28591,-0.8
28592,-0.8
28593,-3.2
28594,0
28595,-0.8
28596,-1.6
28597,0
28598,-0.8
28599,2.4
28600,0
28601,0.8
28602,0.8
28603,0
28604,1.6
28605,0.8
28606,0
28607,1.6
28608,-0.8
28609,1.6
28610,0
28611,0
28612,0
28613,1.6
28614,0.8
28615,-1.6
28616,-0.8
28617,2.4
28618,0
28619,0
28620,-0.8
28621,2.4
28622,0
28623,0
28624,0.8
28625,2.4
28626,0.8
28627,1.6
28628,3.2
28629,-0.8
28630,-3.2
28631,2.4
28632,-3.2
28633,2.4
28634,-0.8
28635,-1.6
28636,-0.8
28637,0.8
28638,1.6
28639,4
28640,1.6
28641,0
28642,0
28643,0.8
28644,1.6
28645,-0.8
28646,-1.6
28647,0
28648,-1.6
28649,1.6
28650,-3.2
28651,-3.2
28652,1.6
28653,0.8
28654,2.4
28655,0.8
28656,-0.8
28657,2.4
28658,-2.4
28659,1.6
28660,-0.8
28661,0.8
28662,-3.2
28663,0
28664,0
28665,-0.8
28666,2.4
28667,12.8
28668,7.2
28669,4
28670,-2.4
28671,-5.6
28672,0
28673,-3.2
28674,-3.2
28675,0
28676,1.6
28677,4
28678,5.6
28679,2.4
28680,4
28681,5.6
28682,-3.2
28683,-1.6
28684,-1.6
28685,-2.4
28686,-8.8
28687,-0.8
28688,0.8
28689,-0.8
28690,0
28691,-3.2
28692,-3.2
28693,-2.4
28694,-3.2
28695,-4
28696,0.8
28697,0
28698,0.8
28699,-1.6
28700,0.8
28701,0
28702,-1.6
28703,-3.2
28704,-0.8
28705,-3.2
28706,0.8
28707,-3.2
28708,2.4
28709,-1.6
28710,0.8
28711,0
28712,0.8
28713,3.2
28714,0.8
28715,0.8
28716,0
28717,4
28718,0.8
28719,0
28720,2.4
28721,0.8
28722,0.8
28723,1.6
28724,0.8
28725,2.4
28726,2.4
28727,0.8
28728,2.4
28729,-3.2
28730,-0.8
28731,2.4
28732,2.4
28733,4
28734,2.4
28735,0.8
28736,0
28737,0.8
28738,0
28739,-4
28740,1.6
28741,2.4
28742,1.6
28743,1.6
28744,0.8
28745,0
28746,0.8
28747,0.8
28748,-1.6
28749,-0.8
28750,2.4
28751,-0.8
28752,-2.4
28753,0
28754,0
28755,0.8
28756,0.8
28757,0.8
28758,-4
28759,-2.4
28760,-0.8
28761,-0.8
28762,0.8
28763,-0.8
28764,0.8
28765,2.4
28766,0
28767,0.8
28768,-0.8
28769,-1.6
28770,0.8
28771,0
28772,1.6
28773,2.4
28774,0.8
28775,0.8
28776,2.4
28777,-0.8
28778,0
28779,0
28780,-3.2
28781,0.8
28782,2.4
28783,2.4
28784,0
28785,0
28786,2.4
28787,-1.6
28788,0
28789,4
28790,0
28791,5.6
28792,-1.6
28793,2.4
28794,-0.8
28795,0.8
28796,2.4
28797,0
28798,0
28799,-0.8
28800,0.8
28801,0.8
28802,-3.2
28803,0
28804,0
28805,-0.8
28806,0.8
28807,0.8
28808,0.8
28809,-1.6
28810,0
28811,0
28812,0
28813,-1.6
28814,0
28815,0
28816,0
28817,4
28818,0
28819,0
28820,0
28821,-4
28822,-0.8
28823,-3.2
28824,0.8
28825,-3.2
28826,5.6
28827,2.4
28828,0
28829,-1.6
28830,2.4
28831,-0.8
28832,-1.6
28833,2.4
28834,3.2
28835,0
28836,-3.2
28837,4
28838,0.8
28839,-0.8
28840,-1.6
28841,-2.4
28842,-5.6
28843,2.4
28844,0
28845,4
28846,0
28847,0.8
28848,-3.2
28849,2.4
28850,0
28851,-3.2
28852,2.4
28853,-0.8
28854,-0.8
28855,0.8
28856,1.6
28857,0
28858,-0.8
28859,0.8
28860,0.8
28861,2.4
28862,6.4
28863,2.4
28864,2.4
28865,4
28866,-1.6
28867,0.8
28868,-3.2
28869,0.8
28870,0
28871,0
28872,0.8
28873,-2.4
28874,0
28875,1.6
28876,0
28877,0.8
28878,-0.8
28879,0
28880,2.4
28881,0.8
28882,-3.2
28883,2.4
28884,0
28885,0.8
28886,-0.8
28887,2.4
28888,1.6
28889,0
28890,0.8
28891,-0.8
28892,-3.2
28893,4
28894,2.4
28895,0
28896,0
28897,2.4
28898,0.8
28899,-3.2
28900,2.4
28901,0
28902,2.4
28903,0
28904,0
28905,4
28906,0.8
28907,-0.8
28908,-1.6
28909,-0.8
28910,2.4
28911,0.8
28912,0
28913,-10.4
28914,0
28915,5.6
28916,-6.4
28917,0.8
28918,-0.8
28919,-1.6
28920,0.8
28921,0
28922,2.4
28923,2.4
28924,3.2
28925,0.8
28926,0.8
28927,1.6
28928,4
28929,2.4
28930,-0.8
28931,0.8
28932,-3.2
28933,0
28934,4
28935,0
28936,0.8
28937,0.8
28938,0.8
28939,-1.6
28940,0.8
28941,7.2
28942,2.4
28943,1.6
28944,2.4
28945,0.8
28946,0
28947,-0.8
28948,2.4
28949,2.4
28950,2.4
28951,2.4
28952,-3.2
28953,0.8
28954,2.4
28955,2.4
28956,-2.4
28957,-1.6
28958,0
28959,-4
28960,2.4
28961,-1.6
28962,0.8
28963,0.8
28964,0.8
28965,0
28966,2.4
28967,0
28968,0.8
28969,0.8
28970,0
28971,0
28972,0
28973,2.4
28974,-0.8
28975,0
28976,-0.8
28977,-0.8
28978,-0.8
28979,-3.2
28980,-0.8
28981,-4
28982,-0.8
28983,0
28984,0
28985,-0.8
28986,0
28987,2.4
28988,-1.6
28989,2.4
28990,-1.6
28991,3.2
28992,0.8
28993,0
28994,-1.6
28995,-4.8
28996,0
28997,0.8
28998,-3.2
28999,1.6
29000,0.8
29001,-1.6
29002,-1.6
29003,0
29004,0
29005,1.6
29006,-0.8
29007,-0.8
29008,-2.4
29009,-2.4
29010,-0.8
29011,7.2
29012,0
29013,-0.8
29014,1.6
29015,0.8
29016,-3.2
29017,0
29018,4
29019,7.2
29020,0.8
29021,0.8
29022,2.4
29023,-3.2
29024,0
29025,-0.8
29026,0.8
29027,-0.8
29028,-2.4
29029,0
29030,0
29031,-0.8
29032,4
29033,0
29034,-0.8
29035,-3.2
29036,2.4
29037,0
29038,0
29039,-0.8
29040,-4
29041,2.4
29042,-0.8
29043,4
29044,2.4
29045,-3.2
29046,3.2
29047,-0.8
29048,-3.2
29049,1.6
29050,2.4
29051,0.8
29052,-0.8
29053,0.8
29054,-0.8
29055,-3.2
29056,-3.2
29057,-3.2
29058,3.2
29059,3.2
29060,-2.4
29061,-0.8
29062,0
29063,4
29064,-0.8
29065,-3.2
29066,0.8
29067,-2.4
29068,-1.6
29069,0
29070,1.6
29071,0
29072,-0.8
29073,0.8
29074,0.8
29075,0
29076,-1.6
29077,0
29078,-0.8
29079,0
29080,-3.2
29081,0
29082,2.4
29083,1.6
29084,0.8
29085,0
29086,-0.8
29087,2.4
29088,3.2
29089,-0.8
29090,0
29091,-0.8
29092,0.8
29093,1.6
29094,2.4
29095,2.4
29096,0.8
29097,0.8
29098,1.6
29099,0
29100,1.6
29101,0.8
29102,-0.8
29103,-2.4
29104,-0.8
29105,3.2
29106,0.8
29107,0
29108,-0.8
29109,-0.8
29110,0
29111,2.4
29112,0
29113,-2.4
29114,-4
29115,-2.4
29116,0.8
29117,0.8
29118,-0.8
29119,-3.2
29120,0
29121,2.4
29122,2.4
29123,0.8
29124,-2.4
29125,-0.8
29126,0
29127,0
29128,-0.8
29129,0
29130,0
29131,0
29132,0
29133,0.8
29134,0.8
29135,2.4
29136,0.8
29137,2.4
29138,5.6
29139,7.2
29140,3.2
29141,0.8
29142,2.4
29143,-0.8
29144,2.4
29145,-3.2
29146,1.6
29147,-0.8
29148,2.4
29149,0.8
29150,-2.4
29151,-0.8
29152,-0.8
29153,0.8
29154,2.4
29155,-0.8
29156,0
29157,2.4
29158,0
29159,-5.6
29160,0
29161,0.8
29162,-4
29163,0
29164,-0.8
29165,2.4
29166,-0.8
29167,0
29168,-3.2
29169,-3.2
29170,2.4
29171,-3.2
29172,-3.2
29173,2.4
29174,0
29175,0
29176,0.8
29177,0
29178,0.8
29179,4
29180,4
29181,-0.8
29182,-2.4
29183,2.4
29184,2.4
29185,0
29186,0.8
29187,0.8
29188,-1.6
29189,-3.2
29190,4
29191,1.6
29192,-1.6
29193,2.4
29194,1.6
29195,-0.8
29196,-1.6
29197,0.8
29198,-0.8
29199,-3.2
29200,0.8
29201,0
29202,0
29203,2.4
29204,2.4
29205,0
29206,0
29207,0
29208,0
29209,2.4
29210,0
29211,-0.8
29212,-1.6
29213,0
29214,2.4
29215,1.6
29216,0
29217,0
29218,0.8
29219,-0.8
29220,0
29221,-0.8
29222,-1.6
29223,2.4
29224,-3.2
29225,-1.6
29226,0
29227,-1.6
29228,-3.2
29229,0
29230,0.8
29231,4
29232,0
29233,0.8
29234,-0.8
29235,4
29236,0.8
29237,0
29238,-0.8
29239,0
29240,1.6
29241,-0.8
29242,-3.2
29243,6.4
29244,0
29245,-0.8
29246,2.4
29247,0
29248,0.8
29249,-3.2
29250,-0.8
29251,0
29252,-2.4
29253,-2.4
29254,0
29255,-2.4
29256,2.4
29257,0
29258,-0.8
29259,-0.8
29260,-2.4
29261,1.6
29262,0
29263,0.8
29264,7.2
29265,0.8
29266,-2.4
29267,4
29268,0
29269,-1.6
29270,0
29271,-2.4
29272,0
29273,0.8
29274,-3.2
29275,0.8
29276,0.8
29277,0
29278,0
29279,0.8
29280,0.8
29281,0.8
29282,4
29283,0.8
29284,-0.8
29285,0.8
29286,0.8
29287,3.2
29288,1.6
29289,0
29290,2.4
29291,2.4
29292,-1.6
29293,-0.8
29294,0
29295,0.8
29296,0.8
29297,0
29298,-3.2
29299,0
29300,-2.4
29301,0.8
29302,-0.8
29303,0.8
29304,-1.6
29305,-0.8
29306,-1.6
29307,0
29308,0.8
29309,1.6
29310,0.8
29311,-1.6
29312,0
29313,0.8
29314,2.4
29315,0.8
29316,2.4
29317,0
29318,0
29319,0.8
29320,0
29321,0.8
29322,0.8
29323,0
29324,0
29325,2.4
29326,0.8
29327,-3.2
29328,0
29329,-3.2
29330,-0.8
29331,0.8
29332,1.6
29333,-0.8
29334,0.8
29335,-1.6
29336,-5.6
29337,2.4
29338,2.4
29339,4
29340,4
29341,-4.8
29342,2.4
29343,-0.8
29344,0.8
29345,0.8
29346,-0.8
29347,-0.8
29348,-4
29349,0.8
29350,-1.6
29351,0
29352,-1.6
29353,-1.6
29354,-0.8
29355,0.8
29356,0
29357,-3.2
29358,0
29359,-1.6
29360,-0.8
29361,0
29362,-0.8
29363,7.2
29364,-0.8
29365,-0.8
29366,5.6
29367,0
29368,0.8
29369,-1.6
29370,0
29371,0.8
29372,0.8
29373,-0.8
29374,2.4
29375,1.6
29376,0.8
29377,0.8
29378,-0.8
29379,2.4
29380,2.4
29381,1.6
29382,2.4
29383,-0.8
29384,1.6
29385,2.4
29386,2.4
29387,0
29388,2.4
29389,1.6
29390,-0.8
29391,2.4
29392,-3.2
29393,2.4
29394,2.4
29395,-0.8
29396,0.8
29397,2.4
29398,5.6
29399,0.8
29400,-0.8
29401,0
29402,-3.2
29403,-2.4
29404,0
29405,0.8
29406,-1.6
29407,0.8
29408,-0.8
29409,0.8
29410,1.6
29411,0.8
29412,0.8
29413,-4
29414,-0.8
29415,-3.2
29416,3.2
29417,0.8
29418,-1.6
29419,2.4
29420,0.8
29421,-0.8
29422,-1.6
29423,-0.8
29424,-3.2
29425,2.4
29426,-2.4
29427,2.4
29428,0.8
29429,2.4
29430,-0.8
29431,0
29432,0.8
29433,-0.8
29434,-1.6
29435,-0.8
29436,-0.8
29437,1.6
29438,0
29439,4
29440,0
29441,-2.4
29442,-3.2
29443,-0.8
29444,4
29445,0
29446,0
29447,0
29448,-0.8
29449,0
29450,0.8
29451,0.8
29452,2.4
29453,0
29454,0
29455,-3.2
29456,-1.6
29457,3.2
29458,-0.8
29459,-2.4
29460,-3.2
29461,-1.6
29462,-1.6
29463,-0.8
29464,0.8
29465,2.4
29466,-0.8
29467,2.4
29468,0
29469,-1.6
29470,0
29471,0.8
29472,-3.2
29473,0
29474,2.4
29475,-1.6
29476,0
29477,0
29478,-0.8
29479,0
29480,-3.2
29481,5.6
29482,0
29483,0
29484,0.8
29485,-0.8
29486,1.6
29487,-3.2
29488,0
29489,0
29490,0.8
29491,0.8
29492,-3.2
29493,-4
29494,-1.6
29495,0.8
29496,0.8
29497,-0.8
29498,0
29499,-4
29500,1.6
29501,0.8
29502,0.8
29503,0
29504,1.6
29505,-3.2
29506,0.8
29507,-0.8
29508,-3.2
29509,0.8
29510,-0.8
29511,2.4
29512,-0.8
29513,0
29514,0.8
29515,2.4
29516,-0.8
29517,-2.4
29518,0
29519,-1.6
29520,0.8
29521,0
29522,0.8
29523,-0.8
29524,2.4
29525,0
29526,0.8
29527,-0.8
29528,1.6
29529,0
29530,0
29531,-0.8
29532,0.8
29533,-0.8
29534,2.4
29535,0
29536,0
29537,0
29538,-0.8
29539,-1.6
29540,-0.8
29541,2.4
29542,-3.2
29543,-3.2
29544,0.8
29545,-4
29546,-0.8
29547,0.8
29548,2.4
29549,-0.8
29550,-0.8
29551,-2.4
29552,-1.6
29553,0.8
29554,0
29555,0
29556,0.8
29557,-3.2
29558,-0.8
29559,-1.6
29560,-4.8
29561,-0.8
29562,-1.6
29563,-0.8
29564,-3.2
29565,-4.8
29566,0.8
29567,1.6
29568,-1.6
29569,0
29570,0
29571,0
29572,0.8
29573,2.4
29574,0.8
29575,-0.8
29576,0.8
29577,2.4
29578,0
29579,2.4
29580,-0.8
29581,2.4
29582,-1.6
29583,2.4
29584,3.2
29585,0.8
29586,1.6
29587,2.4
29588,2.4
29589,4
29590,0
29591,2.4
29592,-0.8
29593,0
29594,2.4
29595,-0.8
29596,-0.8
29597,0
29598,0
29599,-3.2
29600,0
29601,0.8
29602,-1.6
29603,-0.8
29604,2.4
29605,-2.4
29606,0
29607,-1.6
29608,0
29609,-3.2
29610,0
29611,0.8
29612,0.8
29613,0.8
29614,-1.6
29615,2.4
29616,-1.6
29617,-1.6
29618,0.8
29619,5.6
29620,0
29621,-1.6
29622,-1.6
29623,2.4
29624,-0.8
29625,-4
29626,-3.2
29627,0.8
29628,0
29629,-1.6
29630,-0.8
29631,-0.8
29632,1.6
29633,0.8
29634,1.6
29635,0.8
29636,7.2
29637,0.8
29638,0.8
29639,-3.2
29640,0.8
29641,0.8
29642,-3.2
29643,4
29644,0
29645,0
29646,-0.8
29647,0.8
29648,0
29649,0.8
29650,2.4
29651,2.4
29652,-1.6
29653,4
29654,2.4
29655,-0.8
29656,-0.8
29657,-0.8
29658,-0.8
29659,-2.4
29660,1.6
29661,-1.6
29662,-3.2
29663,0
29664,0.8
29665,0.8
29666,-2.4
29667,0
29668,0
29669,2.4
29670,-1.6
29671,0.8
29672,0.8
29673,0.8
29674,2.4
29675,0
29676,0
29677,0
29678,0
29679,-0.8
29680,2.4
29681,2.4
29682,-0.8
29683,0.8
29684,2.4
29685,-1.6
29686,0.8
29687,0.8
29688,-2.4
29689,0
29690,2.4
29691,0.8
29692,-3.2
29693,0.8
29694,-0.8
29695,0.8
29696,0
29697,-0.8
29698,-0.8
29699,-0.8
29700,-1.6
29701,2.4
29702,-1.6
29703,1.6
29704,-1.6
29705,-3.2
29706,-0.8
29707,0.8
29708,-2.4
29709,-3.2
29710,0
29711,0.8
29712,0
29713,-0.8
29714,0
29715,0
29716,-1.6
29717,2.4
29718,0
29719,-1.6
29720,3.2
29721,-0.8
29722,-1.6
29723,0
29724,-0.8
29725,2.4
29726,-0.8
29727,0.8
29728,0.8
29729,-1.6
29730,-1.6
29731,-0.8
29732,0.8
29733,-0.8
29734,0.8
29735,-4
29736,0.8
29737,2.4
29738,0
29739,-0.8
29740,0
29741,-0.8
29742,7.2
29743,2.4
29744,-0.8
29745,0.8
29746,0.8
29747,0
29748,-0.8
29749,-0.8
29750,-0.8
29751,2.4
29752,-0.8
29753,1.6
29754,0.8
29755,2.4
29756,0.8
29757,0
29758,0.8
29759,-3.2
29760,2.4
29761,0.8
29762,0
29763,0.8
29764,-0.8
29765,-3.2
29766,-0.8
29767,0.8
29768,0.8
29769,1.6
29770,1.6
29771,0
29772,0.8
29773,3.2
29774,0
29775,0
29776,-0.8
29777,0
29778,0
29779,-0.8
29780,-0.8
29781,-0.8
29782,0.8
29783,1.6
29784,2.4
29785,-4
29786,-1.6
29787,-4
29788,-0.8
29789,1.6
29790,-0.8
29791,0.8
29792,-0.8
29793,1.6
29794,0
29795,0.8
29796,0
29797,0.8
29798,-3.2
29799,2.4
29800,0.8
29801,1.6
29802,-2.4
29803,-0.8
29804,-0.8
29805,0.8
29806,0.8
29807,-1.6
29808,0
29809,0
29810,-3.2
29811,0.8
29812,-5.6
29813,0.8
29814,0.8
29815,0
29816,-3.2
29817,0.8
29818,2.4
29819,-3.2
29820,0.8
29821,-0.8
29822,0
29823,0
29824,4
29825,0.8
29826,-0.8
29827,0.8
29828,0.8
29829,0
29830,0.8
29831,0.8
29832,0
29833,4
29834,0
29835,1.6
29836,0
29837,2.4
29838,-1.6
29839,-3.2
29840,-2.4
29841,0
29842,-3.2
29843,4
29844,2.4
29845,-0.8
29846,-0.8
29847,0
29848,2.4
29849,-0.8
29850,-3.2
29851,1.6
29852,-1.6
29853,0
29854,0
29855,0.8
29856,4
29857,-0.8
29858,0.8
29859,0
29860,0.8
29861,1.6
29862,-0.8
29863,0.8
29864,0.8
29865,0
29866,-1.6
29867,-0.8
29868,2.4
29869,0.8
29870,0
29871,-3.2
29872,4
29873,-1.6
29874,-0.8
29875,-0.8
29876,-1.6
29877,2.4
29878,0.8
29879,0.8
29880,0.8
29881,-4
29882,0
29883,-1.6
29884,2.4
29885,0
29886,0
29887,0.8
29888,0
29889,-3.2
29890,0.8
29891,2.4
29892,-3.2
29893,0
29894,0.8
29895,0.8
29896,1.6
29897,2.4
29898,-1.6
29899,2.4
29900,0
29901,1.6
29902,0
29903,0
29904,2.4
29905,0.8
29906,0
29907,0
29908,2.4
29909,-3.2
29910,0
29911,-1.6
29912,0
29913,0
29914,-1.6
29915,-8
29916,0
29917,0
29918,-3.2
29919,0.8
29920,0.8
29921,0.8
29922,0
29923,0
29924,0.8
29925,0.8
29926,2.4
29927,2.4
29928,-0.8
29929,2.4
29930,2.4
29931,0.8
29932,-1.6
29933,0.8
29934,0
29935,0.8
29936,-1.6
29937,0
29938,-0.8
29939,-1.6
29940,0
29941,-0.8
29942,-0.8
29943,-1.6
29944,-0.8
29945,-0.8
29946,-0.8
29947,-0.8
29948,-1.6
29949,-5.6
29950,-0.8
29951,2.4
29952,1.6
29953,0
29954,0.8
29955,1.6
29956,0.8
29957,0.8
29958,0.8
29959,0
29960,0.8
29961,0
29962,-2.4
29963,-0.8
29964,-0.8
29965,0.8
29966,-2.4
29967,-3.2
29968,-3.2
29969,0
29970,0
29971,-1.6
29972,-1.6
29973,-1.6
29974,0.8
29975,0.8
29976,-0.8
29977,-0.8
29978,0
29979,2.4
29980,-2.4
29981,0
29982,0
29983,0.8
29984,2.4
29985,0.8
29986,2.4
29987,2.4
29988,0
29989,0
29990,2.4
29991,-0.8
29992,-0.8
29993,0
29994,-3.2
29995,0
29996,-0.8
29997,-0.8
29998,-0.8
29999,-1.6
30000,2.4
30001,0
30002,-0.8
30003,2.4
30004,0.8
30005,-10.4
30006,-1.6
30007,0.8
30008,0.8
30009,0
30010,0.8
30011,0
30012,0.8
30013,0
30014,0
30015,0.8
30016,5.6
30017,-3.2
30018,2.4
30019,0.8
30020,0.8
30021,0
30022,0
30023,2.4
30024,3.2
30025,0
30026,0.8
30027,0
30028,0
30029,0
30030,-0.8
30031,0.8
30032,4
30033,3.2
30034,2.4
30035,1.6
30036,0
30037,3.2
30038,-0.8
30039,1.6
30040,-2.4
30041,0
30042,0
30043,-1.6
30044,-3.2
30045,0.8
30046,-0.8
30047,-0.8
30048,0.8
30049,0.8
30050,-0.8
30051,-3.2
30052,-1.6
30053,2.4
30054,-1.6
30055,-4
30056,0
30057,-4
30058,-1.6
30059,0.8
30060,0.8
30061,0
30062,0
30063,-0.8
30064,0.8
30065,0
30066,0
30067,-3.2
30068,2.4
30069,0
30070,-3.2
30071,0
30072,-0.8
30073,-3.2
30074,-0.8
30075,1.6
30076,-0.8
30077,2.4
30078,0
30079,0.8
30080,0
30081,-1.6
30082,0.8
30083,-0.8
30084,-2.4
30085,0
30086,0.8
30087,0
30088,0.8
30089,0.8
30090,0
30091,3.2
30092,-3.2
30093,2.4
30094,2.4
30095,1.6
30096,0
30097,0
30098,0.8
30099,0
30100,-2.4
30101,-0.8
30102,-0.8
30103,1.6
30104,0.8
30105,2.4
30106,2.4
30107,0.8
30108,-0.8
30109,-0.8
30110,0
30111,0
30112,-0.8
30113,1.6
30114,-3.2
30115,0
30116,0
30117,2.4
30118,0
30119,0
30120,-0.8
30121,-1.6
30122,-0.8
30123,0.8
30124,3.2
30125,0.8
30126,-0.8
30127,-1.6
30128,0
30129,-0.8
30130,0
30131,0
30132,0.8
30133,-0.8
30134,5.6
30135,-4
30136,0.8
30137,0.8
30138,0
30139,-0.8
30140,2.4
30141,0.8
30142,0
30143,-1.6
30144,0
30145,0.8
30146,0
30147,0
30148,-0.8
30149,-0.8
30150,0
30151,2.4
30152,1.6
30153,-3.2
30154,-1.6
30155,0
30156,0.8
30157,-2.4
30158,-3.2
30159,-2.4
30160,-0.8
30161,-4
30162,-0.8
30163,-0.8
30164,-0.8
30165,-1.6
30166,0
30167,2.4
30168,0.8
30169,-2.4
30170,0
30171,0
30172,0
30173,2.4
30174,0
30175,-0.8
30176,-1.6
30177,0
30178,0.8
30179,1.6
30180,1.6
30181,-1.6
30182,2.4
30183,0
30184,-1.6
30185,-8
30186,1.6
30187,0.8
30188,-1.6
30189,-1.6
30190,0.8
30191,4
30192,1.6
30193,-0.8
30194,-0.8
30195,-3.2
30196,0
30197,-1.6
30198,0.8
30199,0
30200,0
30201,0.8
30202,0
30203,-1.6
30204,0.8
30205,-1.6
30206,0
30207,-0.8
30208,-0.8
30209,-2.4
30210,0.8
30211,0
30212,0
30213,0
30214,-0.8
30215,-2.4
30216,1.6
30217,4
30218,1.6
30219,-1.6
30220,0
30221,-1.6
30222,0.8
30223,0.8
30224,0.8
30225,0
30226,-0.8
30227,-0.8
30228,0
30229,-0.8
30230,0.8
30231,-0.8
30232,0
30233,0.8
30234,-0.8
30235,0
30236,0
30237,-0.8
30238,0
30239,0
30240,5.6
30241,1.6
30242,0.8
30243,-0.8
30244,0.8
30245,-0.8
30246,0
30247,-0.8
30248,-1.6
30249,0
30250,0
30251,-1.6
30252,0
30253,0
30254,-1.6
30255,0.8
30256,1.6
30257,0.8
30258,2.4
30259,-3.2
30260,0
30261,0
30262,0.8
30263,0.8
30264,0
30265,0
30266,-3.2
30267,0
30268,5.6
30269,1.6
30270,0
30271,0
30272,0
30273,1.6
30274,-8.8
30275,2.4
30276,-0.8
30277,0.8
30278,2.4
30279,2.4
30280,0.8
30281,-0.8
30282,0
30283,0.8
30284,4
30285,1.6
30286,0.8
30287,0.8
30288,5.6
30289,-0.8
30290,0
30291,-3.2
30292,2.4
30293,-3.2
30294,-0.8
30295,0.8
30296,0
30297,-4
30298,-3.2
30299,-1.6
30300,-1.6
30301,0.8
30302,0
30303,-0.8
30304,-0.8
30305,-0.8
30306,-0.8
30307,0
30308,-0.8
30309,0.8
30310,-3.2
30311,0.8
30312,0.8
30313,0
30314,0
30315,1.6
30316,-1.6
30317,-3.2
30318,-1.6
30319,0
30320,1.6
30321,0
30322,0
30323,4
30324,0.8
30325,-2.4
30326,0.8
30327,0
30328,-0.8
30329,1.6
30330,0
30331,0
30332,0.8
30333,1.6
30334,0.8
30335,2.4
30336,-8
30337,0
30338,0
30339,0
30340,2.4
30341,2.4
30342,0.8
30343,0
30344,-4
30345,0.8
30346,-0.8
30347,-9.6
30348,-0.8
30349,-0.8
30350,0
30351,0
30352,0
30353,-3.2
30354,0
30355,1.6
30356,0.8
30357,0
30358,0
30359,0
30360,0
30361,-1.6
30362,0.8
30363,0
30364,0.8
30365,0.8
30366,2.4
30367,0.8
30368,3.2
30369,0.8
30370,0
30371,0
30372,0.8
30373,-0.8
30374,0.8
30375,0
30376,2.4
30377,-1.6
30378,0.8
30379,2.4
30380,0
30381,-1.6
30382,4
30383,-3.2
30384,0.8
30385,-0.8
30386,0.8
30387,0.8
30388,0.8
30389,0
30390,0
30391,0.8
30392,5.6
30393,-1.6
30394,0.8
30395,1.6
30396,0
30397,-1.6
30398,0
30399,-3.2
30400,0.8
30401,2.4
30402,-0.8
30403,0
30404,-0.8
30405,-3.2
30406,0.8
30407,0.8
30408,2.4
30409,-1.6
30410,0.8
30411,4
30412,-0.8
30413,0.8
30414,5.6
30415,0.8
30416,-0.8
30417,-3.2
30418,0.8
30419,-1.6
30420,-0.8
30421,0.8
30422,0
30423,-0.8
30424,-0.8
30425,2.4
30426,-1.6
30427,4
30428,1.6
30429,0
30430,0.8
30431,5.6
30432,0
30433,2.4
30434,0
30435,0
30436,-4.8
30437,-3.2
30438,-1.6
30439,-1.6
30440,2.4
30441,9.6
30442,0.8
30443,-3.2
30444,0
30445,-0.8
30446,0.8
30447,0
30448,-3.2
30449,-0.8
30450,2.4
30451,-0.8
30452,0.8
30453,2.4
30454,-0.8
30455,0.8
30456,0
30457,-0.8
30458,-0.8
30459,-3.2
30460,0.8
30461,-0.8
30462,0
30463,-0.8
30464,-0.8
30465,1.6
30466,3.2
30467,-1.6
30468,0
30469,0
30470,-0.8
30471,2.4
30472,-1.6
30473,0.8
30474,0.8
30475,-4
30476,0
30477,0
30478,0.8
30479,-2.4
30480,-0.8
30481,0.8
30482,0
30483,0
30484,0.8
30485,2.4
30486,-1.6
30487,0
30488,0.8
30489,3.2
30490,-1.6
30491,0.8
30492,2.4
30493,0.8
30494,-0.8
30495,-0.8
30496,0
30497,0
30498,0
30499,0
30500,-0.8
30501,0
30502,-1.6
30503,0
30504,-3.2
30505,-12.8
30506,-3.2
30507,0
30508,-1.6
30509,0.8
30510,0
30511,0
30512,-0.8
30513,1.6
30514,-1.6
30515,-6.4
30516,-1.6
30517,-0.8
30518,5.6
30519,1.6
30520,0
30521,-0.8
30522,-0.8
30523,-0.8
30524,0
30525,0.8
30526,2.4
30527,-0.8
30528,0
30529,0
30530,1.6
30531,0.8
30532,0.8
30533,-3.2
30534,0
30535,2.4
30536,0.8
30537,2.4
30538,3.2
30539,0.8
30540,-4
30541,-1.6
30542,0
30543,0.8
30544,3.2
30545,0
30546,-0.8
30547,-0.8
30548,-1.6
30549,0
30550,0.8
30551,0
30552,-0.8
30553,0
30554,-3.2
30555,-1.6
30556,2.4
30557,0.8
30558,-2.4
30559,-0.8
30560,-3.2
30561,0
30562,0.8
30563,-3.2
30564,0.8
30565,-3.2
30566,0.8
30567,-3.2
30568,0
30569,-0.8
30570,0.8
30571,2.4
30572,-3.2
30573,2.4
30574,0
30575,-1.6
30576,-0.8
30577,9.6
30578,0.8
30579,0.8
30580,2.4
30581,0.8
30582,2.4
30583,-1.6
30584,0.8
30585,-0.8
30586,-3.2
30587,-6.4
30588,0.8
30589,-0.8
30590,0.8
30591,2.4
30592,-3.2
30593,-6.4
30594,0
30595,0.8
30596,-0.8
30597,0
30598,-0.8
30599,0
30600,0.8
30601,0.8
30602,0
30603,-0.8
30604,-0.8
30605,-0.8
30606,-1.6
30607,0
30608,0.8
30609,2.4
30610,0.8
30611,-0.8
30612,0
30613,0
30614,-1.6
30615,0.8
30616,0.8
30617,0
30618,0.8
30619,0
30620,1.6
30621,1.6
30622,2.4
30623,2.4
30624,0.8
30625,-0.8
30626,0
30627,0.8
30628,1.6
30629,0.8
30630,-0.8
30631,-0.8
30632,-0.8
30633,2.4
30634,7.2
30635,0
30636,-0.8
30637,0
30638,0.8
30639,2.4
30640,2.4
30641,0.8
30642,0
30643,-0.8
30644,-4
30645,0
30646,4
30647,2.4
30648,-1.6
30649,-0.8
30650,4
30651,-0.8
30652,-0.8
30653,2.4
30654,0
30655,0.8
30656,-0.8
30657,0.8
30658,0
30659,-1.6
30660,0.8
30661,-1.6
30662,0.8
30663,-1.6
30664,-0.8
30665,-3.2
30666,2.4
30667,-1.6
30668,0
30669,-0.8
30670,0.8
30671,0.8
30672,0.8
30673,0
30674,0.8
30675,2.4
30676,0
30677,0
30678,0.8
30679,1.6
30680,-0.8
30681,-0.8
30682,-3.2
30683,1.6
30684,0.8
30685,2.4
30686,0.8
30687,0.8
30688,0
30689,2.4
30690,-3.2
30691,-2.4
30692,4
30693,0.8
30694,-1.6
30695,2.4
30696,0
30697,0.8
30698,-0.8
30699,-0.8
30700,-0.8
30701,3.2
30702,0
30703,-1.6
30704,2.4
30705,2.4
30706,-3.2
30707,0
30708,-2.4
30709,-2.4
30710,0.8
30711,0
30712,0.8
30713,0
30714,0
30715,-0.8
30716,-2.4
30717,-1.6
30718,-1.6
30719,-2.4
30720,0
30721,0.8
30722,0.8
30723,-0.8
30724,0.8
30725,-0.8
30726,1.6
30727,1.6
30728,0.8
30729,-1.6
30730,-0.8
30731,0.8
30732,0
30733,0
30734,-3.2
30735,-2.4
30736,0
30737,-0.8
30738,-5.6
30739,-0.8
30740,1.6
30741,-1.6
30742,0
30743,0
30744,-1.6
30745,0.8
30746,1.6
30747,-0.8
30748,0
30749,-1.6
30750,-2.4
30751,4
30752,0
30753,-1.6
30754,-0.8
30755,-1.6
30756,-1.6
30757,-0.8
30758,0.8
30759,-1.6
30760,0.8
30761,1.6
30762,-5.6
30763,0
30764,0.8
30765,1.6
30766,0
30767,2.4
30768,0.8
30769,-4.8
30770,-1.6
30771,-0.8
30772,2.4
30773,2.4
30774,0.8
30775,2.4
30776,0.8
30777,3.2
30778,2.4
30779,0.8
30780,0
30781,0
30782,-3.2
30783,5.6
30784,0
30785,2.4
30786,-0.8
30787,0
30788,0.8
30789,-3.2
30790,0.8
30791,0
30792,-0.8
30793,0.8
30794,-5.6
30795,-4
30796,-0.8
30797,-0.8
30798,1.6
30799,2.4
30800,0
30801,-1.6
30802,-1.6
30803,0.8
30804,0
30805,2.4
30806,0.8
30807,-0.8
30808,-0.8
30809,-0.8
30810,-0.8
30811,0
30812,0
30813,0
30814,0.8
30815,2.4
30816,0
30817,-0.8
30818,4
30819,0
30820,-0.8
30821,0
30822,-0.8
30823,0.8
30824,1.6
30825,-0.8
30826,-1.6
30827,0
30828,0
30829,0.8
30830,2.4
30831,0
30832,-3.2
30833,-3.2
30834,-0.8
30835,0
30836,-3.2
30837,0
30838,0.8
30839,0.8
30840,4
30841,0.8
30842,0.8
30843,0
30844,4
30845,-1.6
30846,0.8
30847,4
30848,0
30849,2.4
30850,2.4
30851,0
30852,2.4
30853,-0.8
30854,-0.8
30855,-1.6
30856,0.8
30857,0
30858,0
30859,0.8
30860,-1.6
30861,-3.2
30862,-0.8
30863,-1.6
30864,-1.6
30865,-1.6
30866,-4
30867,-2.4
30868,0
30869,0
30870,-0.8
30871,0.8
30872,0.8
30873,2.4
30874,0
30875,0.8
30876,-2.4
30877,0
30878,0.8
30879,0
30880,0.8
30881,2.4
30882,0
30883,0
30884,-0.8
30885,0.8
30886,2.4
30887,2.4
30888,2.4
30889,2.4
30890,0.8
30891,-3.2
30892,1.6
30893,0
30894,-4
30895,2.4
30896,2.4
30897,1.6
30898,-0.8
30899,0.8
30900,0.8
30901,-0.8
30902,0.8
30903,-1.6
30904,-0.8
30905,0.8
30906,-0.8
30907,-0.8
30908,2.4
30909,2.4
30910,0.8
30911,1.6
30912,-1.6
30913,7.2
30914,0.8
30915,-3.2
30916,-0.8
30917,-4
30918,0
30919,-7.2
30920,2.4
30921,0.8
30922,0
30923,4
30924,1.6
30925,5.6
30926,2.4
30927,-1.6
30928,0.8
30929,-1.6
30930,-0.8
30931,-2.4
30932,-1.6
30933,0
30934,0.8
30935,2.4
30936,1.6
30937,0
30938,0.8
30939,7.2
30940,0
30941,0.8
30942,4
30943,2.4
30944,0
30945,0.8
30946,-1.6
30947,-0.8
30948,-4
30949,-0.8
30950,0.8
30951,-4
30952,0
30953,-0.8
30954,0.8
30955,0.8
30956,7.2
30957,2.4
30958,0
30959,-0.8
30960,0.8
30961,-0.8
30962,-0.8
30963,-1.6
30964,-0.8
30965,1.6
30966,0.8
30967,-2.4
30968,1.6
30969,0
30970,0
30971,0.8
30972,2.4
30973,2.4
30974,-3.2
30975,0.8
30976,0.8
30977,-0.8
30978,4
30979,0.8
30980,0.8
30981,-0.8
30982,0.8
30983,2.4
30984,0
30985,0.8
30986,0
30987,-1.6
30988,2.4
30989,0
30990,5.6
30991,0
30992,2.4
30993,-3.2
30994,0
30995,0.8
30996,0.8
30997,0.8
30998,0
30999,-1.6
31000,-0.8
31001,1.6
31002,0
31003,-0.8
31004,-3.2
31005,-1.6
31006,-0.8
31007,-0.8
31008,-0.8
31009,-2.4
31010,-3.2
31011,0.8
31012,0
31013,0
31014,-0.8
31015,0.8
31016,0.8
31017,0
31018,0.8
31019,0
31020,0.8
31021,0.8
31022,0.8
31023,0
31024,-3.2
31025,0
31026,0.8
31027,0
31028,-0.8
31029,-0.8
31030,0.8
31031,1.6
31032,0
31033,-6.4
31034,-0.8
31035,-0.8
31036,0.8
31037,-1.6
31038,-3.2
31039,0
31040,-0.8
31041,-4
31042,-2.4
31043,-1.6
31044,0.8
31045,0
31046,-0.8
31047,0
31048,2.4
31049,0
31050,-3.2
31051,-3.2
31052,-0.8
31053,0.8
31054,-2.4
31055,-0.8
31056,0.8
31057,0
31058,5.6
31059,-0.8
31060,-2.4
31061,-3.2
31062,1.6
31063,-0.8
31064,-2.4
31065,0.8
31066,-0.8
31067,-1.6
31068,2.4
31069,-0.8
31070,2.4
31071,0
31072,-2.4
31073,0.8
31074,0
31075,-1.6
31076,-0.8
31077,-1.6
31078,0.8
31079,0
31080,0
31081,0
31082,-0.8
31083,1.6
31084,2.4
31085,2.4
31086,-3.2
31087,-1.6
31088,0.8
31089,-5.6
31090,2.4
31091,5.6
31092,-2.4
31093,0
31094,0
31095,0
31096,-2.4
31097,2.4
31098,2.4
31099,-0.8
31100,3.2
31101,1.6
31102,2.4
31103,-1.6
31104,0.8
31105,0.8
31106,0.8
31107,-1.6
31108,-3.2
31109,0
31110,-1.6
31111,0.8
31112,0
31113,0
31114,2.4
31115,-2.4
31116,-3.2
31117,0.8
31118,3.2
31119,0
31120,0
31121,-1.6
31122,0
31123,1.6
31124,-5.6
31125,-2.4
31126,0
31127,-3.2
31128,-1.6
31129,-2.4
31130,-0.8
31131,-0.8
31132,-0.8
31133,1.6
31134,-3.2
31135,-2.4
31136,-1.6
31137,0
31138,2.4
31139,0.8
31140,-6.4
31141,-2.4
31142,0
31143,-3.2
31144,-1.6
31145,0
31146,-1.6
31147,0.8
31148,5.6
31149,-0.8
31150,-1.6
31151,-0.8
31152,-2.4
31153,-0.8
31154,-3.2
31155,-3.2
31156,-1.6
31157,-0.8
31158,-1.6
31159,0.8
31160,-3.2
31161,-1.6
31162,0
31163,0
31164,-1.6
31165,0
31166,3.2
31167,0.8
31168,1.6
31169,-1.6
31170,1.6
31171,-0.8
31172,2.4
31173,0
31174,0
31175,-0.8
31176,0.8
31177,0
31178,0.8
31179,2.4
31180,-0.8
31181,-3.2
31182,0
31183,-2.4
31184,-0.8
31185,0
31186,3.2
31187,2.4
31188,2.4
31189,-2.4
31190,-0.8
31191,2.4
31192,2.4
31193,2.4
31194,0.8
31195,0.8
31196,-0.8
31197,-1.6
31198,-1.6
31199,0
31200,0
31201,1.6
31202,2.4
31203,-4
31204,2.4
31205,-3.2
31206,1.6
31207,1.6
31208,0.8
31209,-1.6
31210,-1.6
31211,-4
31212,0.8
31213,-11.2
31214,-1.6
31215,0
31216,0
31217,-3.2
31218,0
31219,-0.8
31220,3.2
31221,0
31222,0.8
31223,2.4
31224,1.6
31225,-0.8
31226,2.4
31227,-0.8
31228,0.8
31229,0.8
31230,2.4
31231,-0.8
31232,-2.4
31233,-0.8
31234,0
31235,0.8
31236,0.8
31237,-1.6
31238,0
31239,4
31240,-0.8
31241,-3.2
31242,1.6
31243,2.4
31244,-3.2
31245,-1.6
31246,-0.8
31247,0.8
31248,2.4
31249,-1.6
31250,-3.2
31251,-0.8
31252,0.8
31253,-0.8
31254,0.8
31255,0.8
31256,-0.8
31257,-0.8
31258,-2.4
31259,2.4
31260,0
31261,0
31262,0
31263,-0.8
31264,-1.6
31265,2.4
31266,-0.8
31267,0
31268,0
31269,0
31270,2.4
31271,0.8
31272,0
31273,3.2
31274,0.8
31275,-0.8
31276,0
31277,0
31278,0.8
31279,0.8
31280,0
31281,-0.8
31282,-0.8
31283,3.2
31284,2.4
31285,2.4
31286,0
31287,-0.8
31288,0
31289,0
31290,-6.4
31291,1.6
31292,0
31293,0
31294,2.4
31295,7.2
31296,-1.6
31297,0.8
31298,0
31299,0
31300,-4
31301,-0.8
31302,2.4
31303,-1.6
31304,0
31305,2.4
31306,-1.6
31307,1.6
31308,-11.2
31309,-3.2
31310,-1.6
31311,0
31312,0.8
31313,2.4
31314,0
31315,-1.6
31316,-3.2
31317,0
31318,-3.2
31319,-0.8
31320,0
31321,-0.8
31322,-0.8
31323,0.8
31324,3.2
31325,0
31326,0
31327,-3.2
31328,-0.8
31329,0
31330,1.6
31331,1.6
31332,0
31333,0
31334,-1.6
31335,-2.4
31336,0.8
31337,0
31338,1.6
31339,-0.8
31340,0
31341,0.8
31342,0
31343,-3.2
31344,-0.8
31345,-1.6
31346,0.8
31347,0
31348,0.8
31349,0
31350,1.6
31351,-2.4
31352,0.8
31353,-3.2
31354,-3.2
31355,-0.8
31356,-4
31357,-0.8
31358,2.4
31359,0.8
31360,0.8
31361,0
31362,-3.2
31363,-0.8
31364,2.4
31365,0
31366,1.6
31367,1.6
31368,-1.6
31369,0.8
31370,2.4
31371,0.8
31372,2.4
31373,0.8
31374,-1.6
31375,0
31376,0
31377,-0.8
31378,-0.8
31379,-0.8
31380,0
31381,0
31382,2.4
31383,2.4
31384,0.8
31385,2.4
31386,0.8
31387,-0.8
31388,-0.8
31389,0.8
31390,2.4
31391,9.6
31392,1.6
31393,0
31394,0
31395,0
31396,0
31397,-0.8
31398,0
31399,0
31400,8
31401,0.8
31402,0
31403,0
31404,0
31405,0
31406,-1.6
31407,0
31408,-1.6
31409,-3.2
31410,-0.8
31411,-0.8
31412,0.8
31413,-0.8
31414,0.8
31415,2.4
31416,-1.6
31417,-0.8
31418,-2.4
31419,-3.2
31420,0.8
31421,2.4
31422,1.6
31423,0
31424,-10.4
31425,0
31426,-1.6
31427,0.8
31428,0.8
31429,0
31430,-3.2
31431,0
31432,0
31433,-0.8
31434,-3.2
31435,1.6
31436,0.8
31437,-1.6
31438,0
31439,-0.8
31440,0
31441,2.4
31442,0.8
31443,4
31444,0
31445,0.8
31446,-0.8
31447,-1.6
31448,-0.8
31449,-0.8
31450,-1.6
31451,0
31452,1.6
31453,-0.8
31454,-3.2
31455,0
31456,0
31457,0
31458,2.4
31459,-0.8
31460,-3.2
31461,0.8
31462,-0.8
31463,-1.6
31464,0
31465,0
31466,-0.8
31467,1.6
31468,4
31469,-0.8
31470,2.4
31471,0
31472,0
31473,2.4
31474,-0.8
31475,-0.8
31476,1.6
31477,2.4
31478,2.4
31479,-2.4
31480,-3.2
31481,0
31482,0.8
31483,-0.8
31484,0.8
31485,0
31486,-0.8
31487,-0.8
31488,-0.8
31489,0
31490,0.8
31491,0.8
31492,2.4
31493,2.4
31494,0.8
31495,-0.8
31496,-0.8
31497,0
31498,0
31499,-3.2
31500,0.8
31501,0.8
31502,0
31503,-2.4
31504,-0.8
31505,0.8
31506,-1.6
31507,0
31508,-3.2
31509,4
31510,0
31511,0
31512,-0.8
31513,4
31514,2.4
31515,0.8
31516,-0.8
31517,1.6
31518,-0.8
31519,0
31520,2.4
31521,0.8
31522,0
31523,0.8
31524,-0.8
31525,-0.8
31526,-0.8
31527,2.4
31528,0.8
31529,-1.6
31530,-2.4
31531,0
31532,0.8
31533,4
31534,-8.8
31535,2.4
31536,0
31537,0
31538,-3.2
31539,-4
31540,0
31541,0
31542,0
31543,0.8
31544,-3.2
31545,0
31546,-0.8
31547,-3.2
31548,-1.6
31549,0
31550,-3.2
31551,-2.4
31552,2.4
31553,-1.6
31554,-0.8
31555,-1.6
31556,-0.8
31557,0.8
31558,0
31559,-0.8
31560,0
31561,0
31562,-1.6
31563,-0.8
31564,-0.8
31565,0
31566,0
31567,-1.6
31568,0.8
31569,0.8
31570,2.4
31571,0
31572,0
31573,0
31574,-0.8
31575,-0.8
31576,-3.2
31577,-0.8
31578,0.8
31579,0
31580,-1.6
31581,0
31582,-3.2
31583,0
31584,2.4
31585,3.2
31586,4
31587,-0.8
31588,-1.6
31589,-0.8
31590,2.4
31591,-3.2
31592,0
31593,-3.2
31594,-0.8
31595,4
31596,2.4
31597,-0.8
31598,-0.8
31599,0
31600,0
31601,-2.4
31602,-2.4
31603,0.8
31604,0.8
31605,-1.6
31606,0
31607,-3.2
31608,0.8
31609,0.8
31610,2.4
31611,-8.8
31612,0
31613,0
31614,0
31615,0.8
31616,0
31617,0
31618,-0.8
31619,1.6
31620,0
31621,-2.4
31622,0
31623,0
31624,0.8
31625,2.4
31626,-1.6
31627,0
31628,0
31629,-0.8
31630,1.6
31631,2.4
31632,-1.6
31633,0
31634,0.8
31635,2.4
31636,0
31637,-1.6
31638,0
31639,0.8
31640,-0.8
31641,0.8
31642,0.8
31643,5.6
31644,0.8
31645,-1.6
31646,0.8
31647,1.6
31648,0.8
31649,0
31650,1.6
31651,0
31652,4
31653,-2.4
31654,1.6
31655,0
31656,0
31657,2.4
31658,2.4
31659,-3.2
31660,-3.2
31661,0
31662,0
31663,0
31664,0
31665,2.4
31666,0.8
31667,0.8
31668,0.8
31669,-1.6
31670,-0.8
31671,0
31672,1.6
31673,-0.8
31674,-0.8
31675,0.8
31676,-3.2
31677,0.8
31678,1.6
31679,0
31680,0.8
31681,-0.8
31682,-2.4
31683,-0.8
31684,0
31685,2.4
31686,0
31687,-1.6
31688,-4
31689,2.4
31690,0.8
31691,0
31692,0.8
31693,-5.6
31694,0
31695,1.6
31696,-1.6
31697,0.8
31698,-3.2
31699,0.8
31700,-1.6
31701,-0.8
31702,2.4
31703,-2.4
31704,0.8
31705,-1.6
31706,0
31707,0
31708,-3.2
31709,-3.2
31710,-1.6
31711,0
31712,-0.8
31713,-4
31714,-3.2
31715,-1.6
31716,0.8
31717,-0.8
31718,2.4
31719,0
31720,0.8
31721,-3.2
31722,-3.2
31723,-0.8
31724,2.4
31725,-1.6
31726,0
31727,0
31728,0
31729,4
31730,0.8
31731,1.6
31732,0
31733,0.8
31734,-1.6
31735,4
31736,-0.8
31737,0
31738,0
31739,0
31740,-0.8
31741,2.4
31742,2.4
31743,-4
31744,-3.2
31745,2.4
31746,0.8
31747,-0.8
31748,1.6
31749,0.8
31750,0.8
31751,-0.8
31752,0.8
31753,0.8
31754,-0.8
31755,2.4
31756,0
31757,-0.8
31758,0.8
31759,-4.8
31760,-1.6
31761,0.8
31762,2.4
31763,0
31764,-0.8
31765,0
31766,0
31767,-1.6
31768,-1.6
31769,-1.6
31770,0
31771,-0.8
31772,2.4
31773,0.8
31774,-0.8
31775,-1.6
31776,-0.8
31777,0.8
31778,0
31779,2.4
31780,2.4
31781,0
31782,0
31783,0.8
31784,-3.2
31785,2.4
31786,8.8
31787,0.8
31788,-0.8
31789,0
31790,1.6
31791,2.4
31792,-4
31793,-2.4
31794,-1.6
31795,-3.2
31796,-1.6
31797,-0.8
31798,0
31799,0
31800,-0.8
31801,9.6
31802,2.4
31803,-1.6
31804,-0.8
31805,-2.4
31806,-0.8
31807,-1.6
31808,2.4
31809,-3.2
31810,0.8
31811,5.6
31812,0
31813,0.8
31814,2.4
31815,0.8
31816,0.8
31817,-3.2
31818,2.4
31819,2.4
31820,-3.2
31821,0.8
31822,0
31823,-1.6
31824,-0.8
31825,0
31826,0
31827,2.4
31828,0.8
31829,0.8
31830,0.8
31831,-3.2
31832,-0.8
31833,0.8
31834,-0.8
31835,3.2
31836,0
31837,-0.8
31838,-4
31839,-3.2
31840,0.8
31841,-1.6
31842,-4
31843,4
31844,-0.8
31845,0.8
31846,0
31847,0
31848,-0.8
31849,-5.6
31850,-0.8
31851,0
31852,1.6
31853,0
31854,-0.8
31855,-0.8
31856,0
31857,-2.4
31858,2.4
31859,-3.2
31860,-0.8
31861,0
31862,0.8
31863,4
31864,3.2
31865,0
31866,0
31867,0
31868,0
31869,0
31870,2.4
31871,-2.4
31872,0.8
31873,0.8
31874,-2.4
31875,-0.8
31876,0.8
31877,-3.2
31878,2.4
31879,-3.2
31880,-0.8
31881,-2.4
31882,0
31883,0.8
31884,0
31885,2.4
31886,-1.6
31887,-0.8
31888,-0.8
31889,2.4
31890,2.4
31891,-3.2
31892,-2.4
31893,0
31894,-3.2
31895,-0.8
31896,-3.2
31897,-3.2
31898,-1.6
31899,0.8
31900,0.8
31901,-3.2
31902,1.6
31903,2.4
31904,-1.6
31905,0
31906,-0.8
31907,0
31908,-0.8
31909,-1.6
31910,-0.8
31911,1.6
31912,-0.8
31913,0
31914,-1.6
31915,-1.6
31916,2.4
31917,0.8
31918,1.6
31919,0
31920,-0.8
31921,0
31922,-1.6
31923,-0.8
31924,0
31925,-1.6
31926,0
31927,0
31928,-3.2
31929,-2.4
31930,0
31931,0.8
31932,-0.8
31933,2.4
31934,0.8
31935,2.4
31936,-3.2
31937,2.4
31938,2.4
31939,0
31940,0.8
31941,0
31942,-2.4
31943,-1.6
31944,0.8
31945,7.2
31946,2.4
31947,0
31948,-3.2
31949,0
31950,0.8
31951,2.4
31952,-3.2
31953,0
31954,0
31955,-3.2
31956,-0.8
31957,-2.4
31958,-1.6
31959,-1.6
31960,-3.2
31961,1.6
31962,-3.2
31963,-0.8
31964,-0.8
31965,0.8
31966,-3.2
31967,-0.8
31968,-2.4
31969,-1.6
31970,0.8
31971,-0.8
31972,0
31973,5.6
31974,-3.2
31975,0
31976,0
31977,-2.4
31978,1.6
31979,4
31980,2.4
31981,0
31982,2.4
31983,0.8
31984,2.4
31985,1.6
31986,-0.8
31987,0
31988,4
31989,2.4
31990,2.4
31991,1.6
31992,0
31993,0
31994,-8.8
31995,-4
31996,-2.4
31997,0.8
31998,0
31999,0
32000,2.4
32001,1.6
32002,-4
32003,-1.6
32004,0
32005,0.8
32006,-2.4
32007,2.4
32008,0
32009,0.8
32010,-3.2
32011,4
32012,-1.6
32013,1.6
32014,0.8
32015,0.8
32016,4
32017,0
32018,-3.2
32019,0
32020,-0.8
32021,-0.8
32022,-0.8
32023,1.6
32024,0.8
32025,0
32026,-1.6
32027,-3.2
32028,0
32029,0.8
32030,0
32031,-0.8
32032,0
32033,-0.8
32034,-2.4
32035,-2.4
32036,-3.2
32037,0
32038,0.8
32039,-1.6
32040,4
32041,1.6
32042,2.4
32043,1.6
32044,4
32045,-0.8
32046,-0.8
32047,0.8
32048,0
32049,-0.8
32050,1.6
32051,0.8
32052,0
32053,0.8
32054,0.8
32055,-2.4
32056,0
32057,0.8
32058,0
32059,-3.2
32060,-0.8
32061,0
32062,-0.8
32063,0
32064,0
32065,0
32066,-3.2
32067,0.8
32068,-0.8
32069,-0.8
32070,1.6
32071,2.4
32072,0.8
32073,-0.8
32074,-3.2
32075,2.4
32076,-0.8
32077,0.8
32078,1.6
32079,2.4
32080,2.4
32081,2.4
32082,-3.2
32083,-1.6
32084,-0.8
32085,0.8
32086,4
32087,0.8
32088,0
32089,-1.6
32090,1.6
32091,-0.8
32092,5.6
32093,2.4
32094,-1.6
32095,2.4
32096,0
32097,0
32098,-0.8
32099,-3.2
32100,0.8
32101,-4
32102,0
32103,0
32104,0.8
32105,0.8
32106,0
32107,-0.8
32108,-0.8
32109,-1.6
32110,2.4
32111,-0.8
32112,4
32113,0
32114,-0.8
32115,0
32116,0.8
32117,0
32118,0
32119,0
32120,-0.8
32121,0.8
32122,0
32123,-0.8
32124,-0.8
32125,-1.6
32126,0.8
32127,1.6
32128,-5.6
32129,-3.2
32130,-2.4
32131,-1.6
32132,0
32133,-4
32134,0
32135,2.4
32136,0.8
32137,0.8
32138,0.8
32139,2.4
32140,0.8
32141,0.8
32142,3.2
32143,-0.8
32144,-6.4
32145,0
32146,-0.8
32147,0.8
32148,0.8
32149,2.4
32150,3.2
32151,0.8
32152,-5.6
32153,2.4
32154,-3.2
32155,0
32156,-1.6
32157,-1.6
32158,-3.2
32159,0.8
32160,-0.8
32161,2.4
32162,2.4
32163,0
32164,-4
32165,0.8
32166,0
32167,-1.6
32168,-0.8
32169,2.4
32170,0
32171,2.4
32172,0
32173,-0.8
32174,-1.6
32175,-3.2
32176,2.4
32177,-0.8
32178,-3.2
32179,0.8
32180,0
32181,-0.8
32182,0
32183,0
32184,-0.8
32185,2.4
32186,-3.2
32187,-0.8
32188,-1.6
32189,-8.8
32190,-3.2
32191,-1.6
32192,-4
32193,2.4
32194,4
32195,-3.2
32196,0
32197,0
32198,0
32199,-1.6
32200,-0.8
32201,0.8
32202,0.8
32203,-2.4
32204,-1.6
32205,-3.2
32206,0
32207,0
32208,0
32209,0.8
32210,0
32211,-6.4
32212,0
32213,-4.8
32214,-3.2
32215,-0.8
32216,1.6
32217,2.4
32218,-3.2
32219,-0.8
32220,-0.8
32221,2.4
32222,2.4
32223,0
32224,-0.8
32225,0
32226,0
32227,0.8
32228,-0.8
32229,0
32230,-0.8
32231,0
32232,2.4
32233,0.8
32234,2.4
32235,-0.8
32236,-5.6
32237,2.4
32238,0.8
32239,-1.6
32240,-6.4
32241,0.8
32242,-0.8
32243,-0.8
32244,2.4
32245,-0.8
32246,-3.2
32247,-0.8
32248,-1.6
32249,-1.6
32250,-3.2
32251,-0.8
32252,0
32253,-2.4
32254,0.8
32255,2.4
32256,-0.8
32257,0.8
32258,0.8
32259,3.2
32260,-0.8
32261,1.6
32262,0
32263,0.8
32264,-1.6
32265,-1.6
32266,-0.8
32267,-2.4
32268,-1.6
32269,0.8
32270,0
32271,-0.8
32272,-1.6
32273,-0.8
32274,-0.8
32275,2.4
32276,4
32277,-3.2
32278,0
32279,0.8
32280,1.6
32281,2.4
32282,5.6
32283,0
32284,-1.6
32285,-0.8
32286,-1.6
32287,4
32288,0.8
32289,0.8
32290,-3.2
32291,-0.8
32292,-1.6
32293,2.4
32294,-0.8
32295,-0.8
32296,7.2
32297,0.8
32298,-1.6
32299,0
32300,0.8
32301,1.6
32302,-1.6
32303,0
32304,0
32305,0.8
32306,5.6
32307,0
32308,0
32309,-0.8
32310,0
32311,-3.2
32312,0
32313,0
32314,-0.8
32315,-1.6
32316,0
32317,2.4
32318,-0.8
32319,1.6
32320,0
32321,1.6
32322,-0.8
32323,0.8
32324,2.4
32325,2.4
32326,0
32327,3.2
32328,-1.6
32329,0
32330,-1.6
32331,-3.2
32332,0.8
32333,-4
32334,1.6
32335,0
32336,1.6
32337,0.8
32338,-2.4
32339,4
32340,0
32341,-1.6
32342,-0.8
32343,2.4
32344,8
32345,0
32346,-1.6
32347,-3.2
32348,-1.6
32349,0
32350,2.4
32351,-3.2
32352,2.4
32353,0.8
32354,0
32355,-1.6
32356,0.8
32357,0
32358,0
32359,0.8
32360,0.8
32361,-3.2
32362,0.8
32363,-0.8
32364,0.8
32365,-0.8
32366,4
32367,-3.2
32368,-3.2
32369,-0.8
32370,2.4
32371,0
32372,2.4
32373,0
32374,0.8
32375,2.4
32376,0.8
32377,1.6
32378,-0.8
32379,2.4
32380,0
32381,-1.6
32382,0
32383,0.8
32384,4
32385,-2.4
32386,3.2
32387,-2.4
32388,0
32389,0.8
32390,0
32391,0.8
32392,1.6
32393,-4
32394,-1.6
32395,-4.8
32396,0
32397,-0.8
32398,-0.8
32399,0.8
32400,0
32401,-3.2
32402,-1.6
32403,2.4
32404,-2.4
32405,0.8
32406,5.6
32407,-0.8
32408,0
32409,0.8
32410,0
32411,-1.6
32412,-1.6
32413,0
32414,0
32415,2.4
32416,1.6
32417,-4
32418,0
32419,-0.8
32420,0.8
32421,2.4
32422,2.4
32423,0
32424,2.4
32425,2.4
32426,0.8
32427,-1.6
32428,2.4
32429,1.6
32430,2.4
32431,0
32432,0.8
32433,0.8
32434,0
32435,0.8
32436,3.2
32437,1.6
32438,0.8
32439,-1.6
32440,1.6
32441,0.8
32442,0.8
32443,-3.2
32444,-0.8
32445,-1.6
32446,3.2
32447,0
32448,0.8
32449,-2.4
32450,0
32451,0
32452,-0.8
32453,0.8
32454,-1.6
32455,0.8
32456,-3.2
32457,0.8
32458,0.8
32459,-3.2
32460,-0.8
32461,0
32462,0.8
32463,-1.6
32464,0
32465,5.6
32466,0
32467,0
32468,-5.6
32469,0.8
32470,0
32471,-8
32472,2.4
32473,0
32474,-1.6
32475,-0.8
32476,-3.2
32477,-0.8
32478,-0.8
32479,2.4
32480,0
32481,-3.2
32482,-3.2
32483,0
32484,-0.8
32485,0.8
32486,2.4
32487,0.8
32488,-3.2
32489,1.6
32490,-1.6
32491,3.2
32492,0.8
32493,0
32494,-3.2
32495,0.8
32496,2.4
32497,2.4
32498,-0.8
32499,0.8
32500,-6.4
32501,-2.4
32502,0
32503,-1.6
32504,0
32505,0.8
32506,0
32507,-0.8
32508,0
32509,-8.8
32510,0
32511,-3.2
32512,-1.6
32513,0
32514,-4
32515,-3.2
32516,-0.8
32517,2.4
32518,-0.8
32519,2.4
32520,1.6
32521,0.8
32522,-0.8
32523,-0.8
32524,-0.8
32525,2.4
32526,0
32527,0.8
32528,-0.8
32529,2.4
32530,-3.2
32531,-0.8
32532,0
32533,0.8
32534,0
32535,0.8
32536,2.4
32537,0.8
32538,2.4
32539,2.4
32540,0.8
32541,-0.8
32542,0.8
32543,2.4
32544,-0.8
32545,-4
32546,-1.6
32547,-3.2
32548,0.8
32549,0
32550,-3.2
32551,-3.2
32552,-1.6
32553,2.4
32554,-3.2
32555,-1.6
32556,0.8
32557,0
32558,0
32559,0
32560,0
32561,-0.8
32562,0.8
32563,-0.8
32564,-0.8
32565,-0.8
32566,0.8
32567,0.8
32568,1.6
32569,3.2
32570,0.8
32571,-1.6
32572,0.8
32573,0
32574,0
32575,-3.2
32576,-3.2
32577,0
32578,0
32579,-0.8
32580,-0.8
32581,0.8
32582,0
32583,-3.2
32584,-0.8
32585,1.6
32586,0.8
32587,-0.8
32588,2.4
32589,0.8
32590,2.4
32591,2.4
32592,2.4
32593,0
32594,0.8
32595,-2.4
32596,0.8
32597,2.4
32598,-1.6
32599,1.6
32600,-1.6
32601,0
32602,0
32603,8.8
32604,-3.2
32605,-0.8
32606,-2.4
32607,-0.8
32608,0.8
32609,1.6
32610,-1.6
32611,0.8
32612,-0.8
32613,0
32614,0
32615,-1.6
32616,-3.2
32617,-1.6
32618,0
32619,-3.2
32620,1.6
32621,-1.6
32622,0.8
32623,-1.6
32624,2.4
32625,-3.2
32626,-3.2
32627,0
32628,-3.2
32629,2.4
32630,-0.8
32631,0
32632,-0.8
32633,2.4
32634,0
32635,-3.2
32636,-0.8
32637,0.8
32638,-0.8
32639,1.6
32640,0
32641,-3.2
32642,2.4
32643,0
32644,-3.2
32645,0.8
32646,2.4
32647,0.8
32648,3.2
32649,0.8
32650,-0.8
32651,2.4
32652,-1.6
32653,2.4
32654,-1.6
32655,-0.8
32656,0
32657,0
32658,-0.8
32659,2.4
32660,1.6
32661,-7.2
32662,-3.2
32663,-0.8
32664,0
32665,-0.8
32666,-1.6
32667,-0.8
32668,1.6
32669,4
32670,0
32671,-2.4
32672,0
32673,0.8
32674,-0.8
32675,2.4
32676,3.2
32677,-0.8
32678,-3.2
32679,-0.8
32680,0
32681,0.8
32682,-1.6
32683,-1.6
32684,0.8
32685,0
32686,0
32687,4
32688,3.2
32689,3.2
32690,5.6
32691,2.4
32692,-3.2
32693,2.4
32694,2.4
32695,-1.6
32696,0.8
32697,0
32698,2.4
32699,0
32700,-1.6
32701,0
32702,4
32703,0
32704,-3.2
32705,0
32706,-0.8
32707,2.4
32708,1.6
32709,-0.8
32710,0.8
32711,-3.2
32712,0.8
32713,-0.8
32714,0
32715,-0.8
32716,0.8
32717,-0.8
32718,2.4
32719,3.2
32720,1.6
32721,-1.6
32722,-0.8
32723,0
32724,0.8
32725,0.8
32726,3.2
32727,-1.6
32728,0
32729,0.8
32730,0
32731,-1.6
32732,-2.4
32733,-1.6
32734,2.4
32735,-4.8
32736,4
32737,2.4
32738,0
32739,2.4
32740,2.4
32741,0.8
32742,0.8
32743,-4
32744,0.8
32745,-0.8
32746,0
32747,-0.8
32748,0.8
32749,2.4
32750,0.8
32751,0
32752,1.6
32753,-0.8
32754,0
32755,0
32756,0
32757,-2.4
32758,2.4
32759,2.4
32760,-0.8
32761,-3.2
32762,1.6
32763,0
32764,0
32765,0.8
32766,-8.8
32767,-0.8
32768,2.4
32769,-0.8
32770,2.4
32771,3.2
32772,0
32773,-0.8
32774,-0.8
32775,-0.8
32776,5.6
32777,-3.2
32778,0.8
32779,-1.6
32780,-1.6
32781,0.8
32782,0.8
32783,-2.4
32784,-1.6
32785,0
32786,-0.8
32787,0.8
32788,0.8
32789,0
32790,0
32791,1.6
32792,0.8
32793,2.4
32794,-0.8
32795,1.6
32796,-4.8
32797,0.8
32798,2.4
32799,0.8
32800,2.4
32801,0.8
32802,0
32803,0.8
32804,-0.8
32805,0.8
32806,-2.4
32807,0.8
32808,-4
32809,-3.2
32810,0.8
32811,0.8
32812,-2.4
32813,-3.2
32814,-0.8
32815,-3.2
32816,0
32817,0
32818,-0.8
32819,2.4
32820,1.6
32821,2.4
32822,0
32823,0
32824,0
32825,-0.8
32826,2.4
32827,2.4
32828,1.6
32829,0.8
32830,0
32831,-0.8
32832,-1.6
32833,0
32834,3.2
32835,-1.6
32836,1.6
32837,-2.4
32838,0.8
32839,-0.8
32840,0
32841,4
32842,-0.8
32843,1.6
32844,4
32845,0
32846,2.4
32847,2.4
32848,0
32849,0.8
32850,0.8
32851,0
32852,0.8
32853,2.4
32854,4
32855,2.4
32856,0.8
32857,0
32858,-1.6
32859,0
32860,-1.6
32861,-2.4
32862,0
32863,-3.2
32864,0
32865,0.8
32866,-0.8
32867,0
32868,0.8
32869,0
32870,-3.2
32871,0
32872,4
32873,1.6
32874,0
32875,-4
32876,0
32877,-0.8
32878,-0.8
32879,-0.8
32880,0
32881,0
32882,-0.8
32883,0
32884,0
32885,-1.6
32886,1.6
32887,-3.2
32888,0.8
32889,-5.6
32890,8
32891,2.4
32892,-8.8
32893,-0.8
32894,0
32895,3.2
32896,4
32897,-2.4
32898,0.8
32899,0.8
32900,0.8
32901,0.8
32902,-0.8
32903,0
32904,-8.8
32905,1.6
32906,-0.8
32907,-0.8
32908,0
32909,-1.6
32910,1.6
32911,2.4
32912,2.4
32913,-0.8
32914,0.8
32915,-0.8
32916,0
32917,-0.8
32918,-4
32919,0.8
32920,0
32921,-3.2
32922,1.6
32923,0
32924,0
32925,0
32926,0.8
32927,2.4
32928,0
32929,0
32930,0
32931,0.8
32932,2.4
32933,-0.8
32934,-0.8
32935,-0.8
32936,2.4
32937,-1.6
32938,0.8
32939,0
32940,-3.2
32941,-1.6
32942,-1.6
32943,1.6
32944,1.6
32945,4
32946,0
32947,0
32948,-1.6
32949,0.8
32950,-1.6
32951,-0.8
32952,-1.6
32953,1.6
32954,0
32955,0.8
32956,-1.6
32957,0
32958,-19.200001
32959,-3.2
32960,-0.8
32961,0
32962,-0.8
32963,-0.8
32964,0
32965,-0.8
32966,0
32967,-0.8
32968,0.8
32969,2.4
32970,2.4
32971,-4
32972,-1.6
32973,-0.8
32974,-3.2
32975,0.8
32976,0
32977,0
32978,2.4
32979,0
32980,-0.8
32981,1.6
32982,0.8
32983,2.4
32984,1.6
32985,1.6
32986,0.8
32987,-2.4
32988,3.2
32989,2.4
32990,0
32991,0.8
32992,0
32993,3.2
32994,0.8
32995,4
32996,-0.8
32997,0
32998,-1.6
32999,-0.8
33000,-3.2
33001,-0.8
33002,-3.2
33003,0.8
33004,2.4
33005,-4
33006,0
33007,0
33008,2.4
33009,-3.2
33010,2.4
33011,0
33012,-4
33013,0
33014,-3.2
33015,0.8
33016,2.4
33017,0.8
33018,0
33019,0
33020,0.8
33021,0
33022,0.8
33023,-0.8
33024,0
33025,0.8
33026,2.4
33027,0
33028,0.8
33029,-2.4
33030,0.8
33031,-1.6
33032,0
33033,-1.6
33034,-1.6
33035,0.8
33036,-3.2
33037,2.4
33038,4
33039,-0.8
33040,2.4
33041,0.8
33042,2.4
33043,0.8
33044,0
33045,-3.2
33046,-3.2
33047,-3.2
33048,0
33049,3.2
33050,0
33051,-0.8
33052,0.8
33053,-1.6
33054,-5.6
33055,-1.6
33056,-0.8
33057,-1.6
33058,2.4
33059,-2.4
33060,0.8
33061,5.6
33062,0
33063,0.8
33064,-1.6
33065,0
33066,-3.2
33067,-0.8
33068,-4
33069,0.8
33070,-0.8
33071,-1.6
33072,-2.4
33073,-8
33074,-0.8
33075,0
33076,2.4
33077,-0.8
33078,0
33079,-3.2
33080,-1.6
33081,0
33082,2.4
33083,0.8
33084,0.8
33085,2.4
33086,0
33087,4
33088,0
33089,-4
33090,-0.8
33091,1.6
33092,0.8
33093,-1.6
33094,-2.4
33095,2.4
33096,2.4
33097,0.8
33098,0
33099,2.4
33100,0
33101,-3.2
33102,0.8
33103,-0.8
33104,-1.6
33105,0.8
33106,-1.6
33107,-0.8
33108,-3.2
33109,0
33110,0.8
33111,1.6
33112,0.8
33113,0.8
33114,-1.6
33115,1.6
33116,0.8
33117,-0.8
33118,-1.6
33119,-3.2
33120,3.2
33121,4
33122,-0.8
33123,-2.4
33124,-0.8
33125,0.8
33126,0
33127,2.4
33128,2.4
33129,5.6
33130,1.6
33131,0
33132,0
33133,0
33134,0.8
33135,2.4
33136,0
33137,0.8
33138,0.8
33139,2.4
33140,0
33141,-1.6
33142,-1.6
33143,0.8
33144,-1.6
33145,0.8
33146,-4
33147,0
33148,0
33149,1.6
33150,0
33151,0
33152,0
33153,-1.6
33154,0
33155,0.8
33156,-6.4
33157,-0.8
33158,0.8
33159,-3.2
33160,-0.8
33161,0
33162,-3.2
33163,-4
33164,0.8
33165,0
33166,-3.2
33167,-2.4
33168,0.8
33169,-0.8
33170,0.8
33171,2.4
33172,2.4
33173,0.8
33174,0.8
33175,0
33176,0
33177,0.8
33178,-0.8
33179,0.8
33180,0
33181,4
33182,0
33183,0.8
33184,0.8
33185,0
33186,2.4
33187,0
33188,4
33189,0
33190,0.8
33191,2.4
33192,-1.6
33193,3.2
33194,1.6
33195,2.4
33196,-3.2
33197,-4
33198,0
33199,0
33200,2.4
33201,0
33202,0.8
33203,0.8
33204,2.4
33205,0
33206,0.8
33207,2.4
33208,-3.2
33209,-1.6
33210,2.4
33211,-3.2
33212,-0.8
33213,-1.6
33214,-3.2
33215,0.8
33216,0
33217,-0.8
33218,2.4
33219,0
33220,0
33221,-1.6
33222,-0.8
33223,0.8
33224,-0.8
33225,0
33226,0
33227,5.6
33228,-3.2
33229,-0.8
33230,-0.8
33231,-3.2
33232,0.8
33233,0.8
33234,-3.2
33235,-1.6
33236,-3.2
33237,-3.2
33238,0
33239,-1.6
33240,4
33241,2.4
33242,0.8
33243,2.4
33244,-0.8
33245,-0.8
33246,-1.6
33247,-4
33248,-3.2
33249,-3.2
33250,0.8
33251,0
33252,0.8
33253,-3.2
33254,-5.6
33255,1.6
33256,2.4
33257,-0.8
33258,-4
33259,-2.4
33260,2.4
33261,-1.6
33262,-6.4
33263,-0.8
33264,-4
33265,0.8
33266,-0.8
33267,0
33268,0.8
33269,2.4
33270,-0.8
33271,0.8
33272,-0.8
33273,0
33274,2.4
33275,-0.8
33276,2.4
33277,0
33278,0.8
33279,3.2
33280,0
33281,1.6
33282,2.4
33283,2.4
33284,3.2
33285,2.4
33286,-2.4
33287,-2.4
33288,-0.8
33289,-0.8
33290,0.8
33291,2.4
33292,0.8
33293,3.2
33294,2.4
33295,0.8
33296,0
33297,-3.2
33298,0.8
33299,0.8
33300,2.4
33301,0.8
33302,-2.4
33303,-0.8
33304,0.8
33305,3.2
33306,-1.6
33307,0
33308,0
33309,0
33310,0
33311,-0.8
33312,-4
33313,-1.6
33314,0.8
33315,0
33316,0.8
33317,-0.8
33318,-1.6
33319,-3.2
33320,-0.8
33321,-0.8
33322,-1.6
33323,0.8
33324,-1.6
33325,3.2
33326,0
33327,0
33328,1.6
33329,0
33330,-0.8
33331,2.4
33332,0
33333,0.8
33334,2.4
33335,-0.8
33336,0.8
33337,-1.6
33338,2.4
33339,0.8
33340,2.4
33341,-0.8
33342,-3.2
33343,-3.2
33344,5.6
33345,0.8
33346,2.4
33347,1.6
33348,0.8
33349,0
33350,0
33351,-0.8
33352,-3.2
33353,0
33354,-0.8
33355,-1.6
33356,0.8
33357,-1.6
33358,0.8
33359,2.4
33360,3.2
33361,2.4
33362,0.8
33363,-1.6
33364,-2.4
33365,0.8
33366,2.4
33367,4
33368,0.8
33369,4
33370,0
33371,3.2
33372,-0.8
33373,-4
33374,2.4
33375,0
33376,0
33377,0.8
33378,0
33379,0
33380,-0.8
33381,-0.8
33382,0
33383,0.8
33384,2.4
33385,2.4
33386,0
33387,-1.6
33388,-2.4
33389,1.6
33390,4
33391,2.4
33392,1.6
33393,0
33394,1.6
33395,4
33396,2.4
33397,2.4
33398,-0.8
33399,-0.8
33400,2.4
33401,0
33402,0.8
33403,1.6
33404,2.4
33405,0.8
33406,-0.8
33407,2.4
33408,-3.2
33409,-2.4
33410,-2.4
33411,0.8
33412,-0.8
33413,-1.6
33414,0.8
33415,0.8
33416,0.8
33417,1.6
33418,-5.6
33419,-2.4
33420,-0.8
33421,4
33422,2.4
33423,2.4
33424,0
33425,0
33426,2.4
33427,2.4
33428,-0.8
33429,0.8
33430,2.4
33431,0.8
33432,4
33433,0
33434,4
33435,0.8
33436,-1.6
33437,-1.6
33438,2.4
33439,0.8
33440,-2.4
33441,0.8
33442,0.8
33443,1.6
33444,-1.6
33445,-1.6
33446,7.2
33447,0
33448,0
33449,0.8
33450,-0.8
33451,0
33452,-1.6
33453,2.4
33454,0
33455,0.8
33456,0.8
33457,0
33458,0
33459,-0.8
33460,-0.8
33461,-3.2
33462,0
33463,0.8
33464,-1.6
33465,-1.6
33466,0
33467,0.8
33468,-2.4
33469,2.4
33470,0
33471,-3.2
33472,2.4
33473,2.4
33474,1.6
33475,-1.6
33476,-0.8
33477,1.6
33478,-0.8
33479,1.6
33480,-0.8
33481,-0.8
33482,-0.8
33483,0.8
33484,2.4
33485,-0.8
33486,2.4
33487,-1.6
33488,4
33489,0.8
33490,0
33491,0.8
33492,0
33493,0
33494,-4.8
33495,-0.8
33496,2.4
33497,-0.8
33498,-0.8
33499,0.8
33500,2.4
33501,2.4
33502,-0.8
33503,-0.8
33504,-4
33505,0
33506,0
33507,-1.6
33508,-3.2
33509,-4
33510,-3.2
33511,2.4
33512,0.8
33513,-0.8
33514,2.4
33515,0
33516,2.4
33517,0
33518,-0.8
33519,0
33520,-1.6
33521,0
33522,4
33523,0
33524,-0.8
33525,-1.6
33526,0
33527,-3.2
33528,-2.4
33529,1.6
33530,0
33531,2.4
33532,2.4
33533,0.8
33534,-5.6
33535,-3.2
33536,0
33537,-0.8
33538,-0.8
33539,-0.8
33540,0
33541,-3.2
33542,-3.2
33543,-0.8
33544,0
33545,2.4
33546,0
33547,-3.2
33548,-0.8
33549,0.8
33550,-4
33551,0
33552,1.6
33553,0
33554,0
33555,0.8
33556,-3.2
33557,-1.6
33558,-0.8
33559,0.8
33560,-0.8
33561,0
33562,-0.8
33563,0.8
33564,-1.6
33565,-0.8
33566,0.8
33567,0
33568,-2.4
33569,-1.6
33570,-3.2
33571,-3.2
33572,-2.4
33573,-3.2
33574,0
33575,0.8
33576,-0.8
33577,-3.2
33578,-3.2
33579,0
33580,-0.8
33581,-0.8
33582,4
33583,0.8
33584,0.8
33585,-0.8
33586,3.2
33587,-3.2
33588,-0.8
33589,0.8
33590,2.4
33591,-0.8
33592,1.6
33593,4
33594,-3.2
33595,0.8
33596,0.8
33597,0
33598,2.4
33599,0.8
33600,0
33601,0
33602,-1.6
33603,1.6
33604,2.4
33605,-0.8
33606,0.8
33607,0
33608,0
33609,0.8
33610,0
33611,-3.2
33612,0.8
33613,0
33614,-0.8
33615,0
33616,0
33617,0.8
33618,0.8
33619,-4
33620,-0.8
33621,7.2
33622,0
33623,1.6
33624,0
33625,-0.8
33626,-0.8
33627,0
33628,2.4
33629,0
33630,-1.6
33631,-0.8
33632,2.4
33633,2.4
33634,-1.6
33635,-0.8
33636,5.6
33637,-4
33638,-3.2
33639,0.8
33640,2.4
33641,-0.8
33642,2.4
33643,1.6
33644,-5.6
33645,0
33646,0.8
33647,-3.2
33648,0
33649,2.4
33650,0.8
33651,-0.8
33652,0.8
33653,2.4
33654,0
33655,0
33656,2.4
33657,-0.8
33658,-3.2
33659,-0.8
33660,-0.8
33661,2.4
33662,-3.2
33663,-0.8
33664,-1.6
33665,0.8
33666,0
33667,1.6
33668,-2.4
33669,-1.6
33670,-1.6
33671,-3.2
33672,-3.2
33673,-0.8
33674,0.8
33675,-0.8
33676,0
33677,-0.8
33678,0
33679,0.8
33680,0
33681,0.8
33682,-3.2
33683,1.6
33684,0.8
33685,0.8
33686,1.6
33687,3.2
33688,-3.2
33689,1.6
33690,2.4
33691,-1.6
33692,-3.2
33693,-1.6
33694,-1.6
33695,-4.8
33696,-3.2
33697,-5.6
33698,0.8
33699,1.6
33700,0
33701,-1.6
33702,0.8
33703,2.4
33704,-1.6
33705,0.8
33706,-0.8
33707,-1.6
33708,0.8
33709,2.4
33710,-3.2
33711,-3.2
33712,-0.8
33713,-3.2
33714,0.8
33715,0.8
33716,4
33717,-0.8
33718,0
33719,0.8
33720,-3.2
33721,-3.2
33722,0.8
33723,-0.8
33724,0
33725,1.6
33726,0
33727,2.4
33728,2.4
33729,-1.6
33730,0.8
33731,0
33732,0.8
33733,0.8
33734,0
33735,1.6
33736,0
33737,2.4
33738,0.8
33739,-0.8
33740,0
33741,-2.4
33742,0
33743,-1.6
33744,-3.2
33745,-3.2
33746,-3.2
33747,-0.8
33748,-5.6
33749,3.2
33750,0
33751,-2.4
33752,2.4
33753,2.4
33754,1.6
33755,-4
33756,-0.8
33757,-3.2
33758,-4
33759,-0.8
33760,-2.4
33761,-0.8
33762,-0.8
33763,-3.2
33764,-4
33765,-0.8
33766,0
33767,0.8
33768,0.8
33769,0
33770,-0.8
33771,-1.6
33772,-0.8
33773,2.4
33774,-0.8
33775,2.4
33776,0
33777,0
33778,-1.6
33779,-1.6
33780,3.2
33781,1.6
33782,0
33783,0
33784,2.4
33785,0
33786,-1.6
33787,2.4
33788,-0.8
33789,-2.4
33790,0.8
33791,0
33792,0
33793,2.4
33794,0
33795,0
33796,2.4
33797,-0.8
33798,-2.4
33799,0.8
33800,0
33801,0.8
33802,0.8
33803,-1.6
33804,0.8
33805,0.8
33806,-0.8
33807,0.8
33808,0.8
33809,-0.8
33810,0.8
33811,0.8
33812,1.6
33813,-0.8
33814,-3.2
33815,-4
33816,-0.8
33817,-0.8
33818,0.8
33819,0.8
33820,0
33821,-3.2
33822,0
33823,-0.8
33824,0
33825,0.8
33826,0.8
33827,-0.8
33828,2.4
33829,-0.8
33830,2.4
33831,-0.8
33832,0
33833,0.8
33834,0
33835,0
33836,2.4
33837,0.8
33838,0
33839,-3.2
33840,-1.6
33841,-1.6
33842,2.4
33843,-0.8
33844,1.6
33845,2.4
33846,0.8
33847,-3.2
33848,0.8
33849,-0.8
33850,0
33851,-1.6
33852,-2.4
33853,2.4
33854,-0.8
33855,-0.8
33856,0.8
33857,-0.8
33858,-1.6
33859,-0.8
33860,-3.2
33861,-0.8
33862,-3.2
33863,0
33864,0.8
33865,0.8
33866,0
33867,0
33868,1.6
33869,-0.8
33870,4
33871,-2.4
33872,2.4
33873,0
33874,2.4
33875,-0.8
33876,-0.8
33877,-2.4
33878,-1.6
33879,-3.2
33880,-2.4
33881,-3.2
33882,1.6
33883,0
33884,2.4
33885,0
33886,0.8
33887,-0.8
33888,0
33889,4
33890,1.6
33891,2.4
33892,1.6
33893,-1.6
33894,0.8
33895,0
33896,0
33897,-0.8
33898,-4
33899,2.4
33900,0.8
33901,-0.8
33902,0.8
33903,0
33904,-3.2
33905,-1.6
33906,1.6
33907,-0.8
33908,-3.2
33909,-3.2
33910,-3.2
33911,0
33912,0.8
33913,-0.8
33914,0
33915,-3.2
33916,5.6
33917,-0.8
33918,-1.6
33919,-0.8
33920,0
33921,-3.2
33922,0
33923,-0.8
33924,0
33925,0.8
33926,5.6
33927,2.4
33928,0
33929,-1.6
33930,2.4
33931,0
33932,-0.8
33933,0.8
33934,0
33935,-1.6
33936,0
33937,2.4
33938,2.4
33939,1.6
33940,-3.2
33941,2.4
33942,3.2
33943,-2.4
33944,0.8
33945,0
33946,1.6
33947,-2.4
33948,8
33949,0
33950,2.4
33951,0
33952,1.6
33953,-0.8
33954,0.8
33955,2.4
33956,0.8
33957,0
33958,-0.8
33959,-1.6
33960,-3.2
33961,-0.8
33962,3.2
33963,0
33964,1.6
33965,0.8
33966,0
33967,1.6
33968,0.8
33969,-1.6
33970,0
33971,-0.8
33972,0
33973,0
33974,3.2
33975,0.8
33976,-1.6
33977,0
33978,-3.2
33979,0.8
33980,-0.8
33981,-1.6
33982,2.4
33983,0
33984,2.4
33985,-4
33986,2.4
33987,2.4
33988,-1.6
33989,-0.8
33990,0
33991,0
33992,2.4
33993,-1.6
33994,2.4
33995,4
33996,-0.8
33997,-3.2
33998,-0.8
33999,0
34000,1.6
34001,0.8
34002,0
34003,-3.2
34004,0.8
34005,-1.6
34006,2.4
34007,-3.2
34008,0
34009,-3.2
34010,0.8
34011,0
34012,0
34013,2.4
34014,-1.6
34015,-2.4
34016,1.6
34017,0.8
34018,-0.8
34019,-0.8
34020,-1.6
34021,-3.2
34022,0
34023,-0.8
34024,-1.6
34025,0
34026,2.4
34027,-0.8
34028,0
34029,-1.6
34030,-1.6
34031,-3.2
34032,0
34033,0.8
34034,0
34035,0.8
34036,0.8
34037,0
34038,-1.6
34039,0
34040,0
34041,-2.4
34042,-3.2
34043,4
34044,3.2
34045,-0.8
34046,-1.6
34047,-1.6
34048,-2.4
34049,1.6
34050,0
34051,0
34052,0
34053,0.8
34054,-0.8
34055,0
34056,0.8
34057,-0.8
34058,0.8
34059,0
34060,-0.8
34061,2.4
34062,2.4
34063,0
34064,-3.2
34065,0
34066,0.8
34067,-8
34068,-1.6
34069,-0.8
34070,0.8
34071,-3.2
34072,2.4
34073,0.8
34074,-0.8
34075,0.8
34076,-0.8
34077,0.8
34078,0.8
34079,2.4
34080,0.8
34081,-0.8
34082,-1.6
34083,2.4
34084,-0.8
34085,0.8
34086,0.8
34087,-0.8
34088,0.8
34089,1.6
34090,0
34091,-3.2
34092,1.6
34093,-0.8
34094,-4
34095,-2.4
34096,2.4
34097,-4.8
34098,-1.6
34099,0
34100,2.4
34101,0
34102,-0.8
34103,-3.2
34104,-0.8
34105,0.8
34106,0
34107,-2.4
34108,-3.2
34109,0
34110,-0.8
34111,0
34112,2.4
34113,0
34114,-2.4
34115,-0.8
34116,0
34117,0
34118,-0.8
34119,-0.8
34120,0
34121,0
34122,3.2
34123,0
34124,0
34125,2.4
34126,-0.8
34127,0.8
34128,-0.8
34129,4
34130,0
34131,0.8
34132,2.4
34133,2.4
34134,0.8
34135,0.8
34136,-0.8
34137,0
34138,2.4
34139,2.4
34140,0.8
34141,-0.8
34142,1.6
34143,-0.8
34144,2.4
34145,3.2
34146,8
34147,-0.8
34148,0
34149,-0.8
34150,-3.2
34151,-0.8
34152,0
34153,1.6
34154,0.8
34155,0.8
34156,0.8
34157,-0.8
34158,0.8
34159,0
34160,2.4
34161,-1.6
34162,2.4
34163,3.2
34164,-0.8
34165,0.8
34166,0
34167,-3.2
34168,0.8
34169,0.8
34170,4
34171,-1.6
34172,4
34173,0.8
34174,2.4
34175,1.6
34176,-1.6
34177,0
34178,1.6
34179,-0.8
34180,0.8
34181,0
34182,2.4
34183,1.6
34184,0
34185,-0.8
34186,0
34187,-0.8
34188,-1.6
34189,2.4
34190,2.4
34191,-1.6
34192,2.4
34193,2.4
34194,0.8
34195,0.8
34196,2.4
34197,-0.8
34198,-3.2
34199,2.4
34200,-0.8
34201,-3.2
34202,0.8
34203,0
34204,-0.8
34205,-0.8
34206,0.8
34207,-2.4
34208,0
34209,-0.8
34210,0
34211,-0.8
34212,0
34213,5.6
34214,-3.2
34215,0.8
34216,-0.8
34217,-2.4
34218,0.8
34219,-0.8
34220,0.8
34221,-1.6
34222,0.8
34223,0.8
34224,-1.6
34225,0
34226,0.8
34227,-3.2
34228,-1.6
34229,2.4
34230,1.6
34231,0.8
34232,2.4
34233,2.4
34234,-0.8
34235,0
34236,-0.8
34237,-0.8
34238,-3.2
34239,0
34240,3.2
34241,0.8
34242,1.6
34243,0.8
34244,0.8
34245,-4
34246,-1.6
34247,0
34248,-3.2
34249,0.8
34250,1.6
34251,-1.6
34252,-0.8
34253,-1.6
34254,0
34255,0.8
34256,0.8
34257,-1.6
34258,-3.2
34259,-1.6
34260,-0.8
34261,-1.6
34262,0
34263,2.4
34264,0
34265,-1.6
34266,0
34267,0
34268,-1.6
34269,-0.8
34270,-4
34271,-0.8
34272,5.6
34273,-2.4
34274,-3.2
34275,0
34276,0
34277,2.4
34278,2.4
34279,0
34280,2.4
34281,0.8
34282,0
34283,0
34284,2.4
34285,2.4
34286,0.8
34287,0
34288,0
34289,0.8
34290,2.4
34291,1.6
34292,0
34293,-2.4
34294,2.4
34295,-1.6
34296,-4
34297,-0.8
34298,-1.6
34299,0
34300,-3.2
34301,2.4
34302,-0.8
34303,-0.8
34304,-2.4
34305,0
34306,0.8
34307,-3.2
34308,0.8
34309,0.8
34310,0
34311,-0.8
34312,0.8
34313,0
34314,-0.8
34315,2.4
34316,0.8
34317,0.8
34318,0
34319,-5.6
34320,0.8
34321,2.4
34322,0.8
34323,0.8
34324,0
34325,0.8
34326,-0.8
34327,-0.8
34328,0
34329,-4
34330,0
34331,-3.2
34332,-1.6
34333,0.8
34334,2.4
34335,1.6
34336,0
34337,-0.8
34338,-0.8
34339,2.4
34340,2.4
34341,-0.8
34342,-0.8
34343,0
34344,0
34345,4
34346,-0.8
34347,0.8
34348,-0.8
34349,-2.4
34350,0
34351,0
34352,0.8
34353,0
34354,5.6
34355,-0.8
34356,2.4
34357,-4
34358,-2.4
34359,0.8
34360,0
34361,2.4
34362,0.8
34363,0.8
34364,-0.8
34365,0
34366,-0.8
34367,-0.8
34368,0
34369,-1.6
34370,1.6
34371,0.8
34372,0.8
34373,0
34374,0
34375,-0.8
34376,-1.6
34377,0.8
34378,0.8
34379,0.8
34380,-0.8
34381,6.4
34382,4
34383,0.8
34384,0
34385,0.8
34386,0.8
34387,2.4
34388,-1.6
34389,-0.8
34390,-0.8
34391,0
34392,2.4
34393,-1.6
34394,0.8
34395,2.4
34396,2.4
34397,-0.8
34398,-4.8
34399,-0.8
34400,2.4
34401,-3.2
34402,0
34403,-1.6
34404,0
34405,0
34406,0
34407,2.4
34408,2.4
34409,4
34410,-1.6
34411,0
34412,1.6
34413,-1.6
34414,-1.6
34415,-0.8
34416,0.8
34417,3.2
34418,-2.4
34419,0.8
34420,0.8
34421,5.6
34422,2.4
34423,3.2
34424,1.6
34425,0.8
34426,0
34427,0
34428,0.8
34429,-1.6
34430,0
34431,2.4
34432,0.8
34433,-1.6
34434,-0.8
34435,-1.6
34436,-2.4
34437,-1.6
34438,2.4
34439,-0.8
34440,-3.2
34441,-5.6
34442,0.8
34443,-2.4
34444,0.8
34445,2.4
34446,-0.8
34447,-1.6
34448,7.2
34449,-0.8
34450,-1.6
34451,-0.8
34452,-0.8
34453,0
34454,-0.8
34455,-0.8
34456,-1.6
34457,-1.6
34458,0.8
34459,0.8
34460,-0.8
34461,0
34462,0
34463,-0.8
34464,-2.4
34465,4
34466,1.6
34467,0
34468,-4.8
34469,-1.6
34470,1.6
34471,3.2
34472,-1.6
34473,-3.2
34474,2.4
34475,0
34476,0.8
34477,0.8
34478,0
34479,1.6
34480,-1.6
34481,0.8
34482,0.8
34483,0.8
34484,0
34485,-8.8
34486,0
34487,2.4
34488,-0.8
34489,1.6
34490,0.8
34491,-4
34492,-0.8
34493,0
34494,4
34495,2.4
34496,0.8
34497,-2.4
34498,-4
34499,-0.8
34500,-3.2
34501,-0.8
34502,-0.8
34503,0
34504,0.8
34505,0
34506,0
34507,0.8
34508,0
34509,0
34510,0
34511,5.6
34512,0
34513,-1.6
34514,-0.8
34515,0
34516,2.4
34517,-2.4
34518,0
34519,0.8
34520,0.8
34521,-4
34522,0
34523,0.8
34524,0.8
34525,-1.6
34526,0
34527,0.8
34528,0
34529,-0.8
34530,2.4
34531,0.8
34532,0.8
34533,-1.6
34534,-0.8
34535,-0.8
34536,5.6
34537,-1.6
34538,2.4
34539,2.4
34540,0.8
34541,-0.8
34542,3.2
34543,-4.8
34544,-0.8
34545,9.6
34546,0.8
34547,3.2
34548,-0.8
34549,1.6
34550,2.4
34551,2.4
34552,0
34553,-1.6
34554,0
34555,0.8
34556,0.8
34557,-0.8
34558,-0.8
34559,0
34560,-3.2
34561,1.6
34562,0
34563,1.6
34564,-2.4
34565,-1.6
34566,-2.4
34567,0.8
34568,0
34569,0
34570,2.4
34571,2.4
34572,2.4
34573,0.8
34574,-3.2
34575,0
34576,0.8
34577,0.8
34578,0
34579,1.6
34580,0
34581,0
34582,0.8
34583,0
34584,0.8
34585,0.8
34586,-0.8
34587,0.8
34588,-3.2
34589,0
34590,2.4
34591,-0.8
34592,0.8
34593,-4.8
34594,-3.2
34595,-3.2
34596,1.6
34597,0.8
34598,1.6
34599,-1.6
34600,1.6
34601,0
34602,0
34603,0
34604,0.8
34605,-0.8
34606,1.6
34607,-1.6
34608,-0.8
34609,-1.6
34610,0
34611,-3.2
34612,-3.2
34613,-1.6
34614,-0.8
34615,0.8
34616,0.8
34617,0
34618,0
34619,-3.2
34620,0.8
34621,-0.8
34622,0
34623,4
34624,-3.2
34625,-0.8
34626,0
34627,0.8
34628,0.8
34629,0
34630,0.8
34631,-1.6
34632,0
34633,-3.2
34634,-1.6
34635,0.8
34636,-0.8
34637,0
34638,0
34639,4
34640,0.8
34641,0.8
34642,0
34643,-0.8
34644,-1.6
34645,1.6
34646,-0.8
34647,-2.4
34648,-2.4
34649,3.2
34650,-2.4
34651,-1.6
34652,2.4
34653,-0.8
34654,0
34655,2.4
34656,0.8
34657,0
34658,-0.8
34659,-0.8
34660,-0.8
34661,-0.8
34662,-0.8
34663,2.4
34664,2.4
34665,2.4
34666,0
34667,0
34668,0.8
34669,5.6
34670,2.4
34671,0.8
34672,-3.2
34673,0
34674,-1.6
34675,2.4
34676,0
34677,1.6
34678,0
34679,2.4
34680,-1.6
34681,0
34682,1.6
34683,2.4
34684,0.8
34685,1.6
34686,0
34687,-0.8
34688,0
34689,-3.2
34690,-1.6
34691,-1.6
34692,-1.6
34693,-0.8
34694,0.8
34695,1.6
34696,-3.2
34697,-0.8
34698,-0.8
34699,-3.2
34700,0
34701,-1.6
34702,-0.8
34703,-3.2
34704,-2.4
34705,0.8
34706,0
34707,-0.8
34708,-3.2
34709,-0.8
34710,-1.6
34711,0.8
34712,0
34713,-2.4
34714,0
34715,-0.8
34716,0
34717,2.4
34718,0.8
34719,-2.4
34720,-1.6
34721,-5.6
34722,-2.4
34723,2.4
34724,-0.8
34725,-2.4
34726,-0.8
34727,0
34728,-3.2
34729,-3.2
34730,0
34731,-1.6
34732,-3.2
34733,0.8
34734,0
34735,0
34736,2.4
34737,-2.4
34738,1.6
34739,0
34740,2.4
34741,-0.8
34742,-2.4
34743,3.2
34744,0.8
34745,-1.6
34746,-4
34747,0
34748,-2.4
34749,2.4
34750,2.4
34751,5.6
34752,0
34753,2.4
34754,-1.6
34755,-1.6
34756,-1.6
34757,2.4
34758,2.4
34759,-3.2
34760,0
34761,0
34762,-1.6
34763,0.8
34764,1.6
34765,0.8
34766,0.8
34767,-0.8
34768,0
34769,0.8
34770,0.8
34771,0.8
34772,0.8
34773,2.4
34774,0.8
34775,-1.6
34776,0.8
34777,-0.8
34778,4
34779,0.8
34780,1.6
34781,-3.2
34782,-0.8
34783,-0.8
34784,0
34785,0
34786,-2.4
34787,-1.6
34788,0
34789,1.6
34790,-0.8
34791,-0.8
34792,0.8
34793,0.8
34794,0.8
34795,-0.8
34796,-2.4
34797,-4
34798,-0.8
34799,0.8
34800,-3.2
34801,-0.8
34802,4
34803,-1.6
34804,0
34805,0.8
34806,0.8
34807,2.4
34808,0
34809,0
34810,-3.2
34811,0
34812,-4
34813,-0.8
34814,-1.6
34815,-0.8
34816,0
34817,0.8
34818,0.8
34819,0.8
34820,-0.8
34821,0.8
34822,-3.2
34823,-1.6
34824,-1.6
34825,0
34826,0.8
34827,0
34828,0.8
34829,-0.8
34830,2.4
34831,0
34832,-1.6
34833,-0.8
34834,0.8
34835,0.8
34836,-1.6
34837,-1.6
34838,3.2
34839,1.6
34840,3.2
34841,0.8
34842,-1.6
34843,-1.6
34844,0
34845,0.8
34846,2.4
34847,7.2
34848,-0.8
34849,-2.4
34850,0
34851,1.6
34852,-0.8
34853,-0.8
34854,0
34855,-0.8
34856,1.6
34857,2.4
34858,0
34859,0
34860,0.8
34861,-0.8
34862,-0.8
34863,-3.2
34864,-2.4
34865,-3.2
34866,0.8
34867,-1.6
34868,0.8
34869,-3.2
34870,-0.8
34871,-2.4
34872,-3.2
34873,0.8
34874,0
34875,-0.8
34876,0
34877,0.8
34878,-0.8
34879,-0.8
34880,0.8
34881,-0.8
34882,0.8
34883,0
34884,0
34885,0
34886,0.8
34887,-2.4
34888,0
34889,-2.4
34890,0.8
34891,2.4
34892,0
34893,2.4
34894,0.8
34895,-4
34896,-3.2
34897,2.4
34898,-4
34899,-2.4
34900,0
34901,2.4
34902,0.8
34903,2.4
34904,-0.8
34905,2.4
34906,1.6
34907,2.4
34908,0
34909,-0.8
34910,2.4
34911,0
34912,0
34913,2.4
34914,-0.8
34915,-1.6
34916,0.8
34917,1.6
34918,0.8
34919,0
34920,-0.8
34921,-0.8
34922,0
34923,2.4
34924,2.4
34925,-1.6
34926,-1.6
34927,0
34928,0.8
34929,0.8
34930,0
34931,0
34932,2.4
34933,0
34934,-0.8
34935,-2.4
34936,0.8
34937,2.4
34938,1.6
34939,2.4
34940,0
34941,-2.4
34942,-1.6
34943,4
34944,-3.2
34945,-3.2
34946,-4
34947,2.4
34948,0
34949,2.4
34950,1.6
34951,-5.6
34952,-3.2
34953,0
34954,-0.8
34955,-1.6
34956,-1.6
34957,-0.8
34958,0
34959,0.8
34960,-0.8
34961,-1.6
34962,2.4
34963,0
34964,0
34965,1.6
34966,-1.6
34967,-1.6
34968,0.8
34969,-0.8
34970,-1.6
34971,-2.4
34972,-1.6
34973,4
34974,2.4
34975,-0.8
34976,0.8
34977,-0.8
34978,-0.8
34979,-1.6
34980,-4
34981,0
34982,0.8
34983,0.8
34984,0.8
34985,1.6
34986,1.6
34987,-1.6
34988,2.4
34989,-0.8
34990,0.8
34991,-3.2
34992,-0.8
34993,0
34994,-1.6
34995,-0.8
34996,1.6
34997,-0.8
34998,0.8
34999,-1.6
35000,1.6
35001,-0.8
35002,0.8
35003,-3.2
35004,0
35005,-3.2
35006,-0.8
35007,-0.8
35008,0
35009,2.4
35010,0
35011,0
35012,0
35013,-2.4
35014,0
35015,1.6
35016,0
35017,-0.8
35018,0.8
35019,-0.8
35020,0.8
35021,2.4
35022,-1.6
35023,0.8
35024,0
35025,-0.8
35026,0.8
35027,-0.8
35028,-3.2
35029,0.8
35030,-3.2
35031,-1.6
35032,-3.2
35033,0
35034,-2.4
35035,0
35036,0
35037,2.4
35038,0
35039,2.4
35040,-1.6
35041,2.4
35042,-1.6
35043,-0.8
35044,-0.8
35045,0.8
35046,0
35047,2.4
35048,-0.8
35049,-2.4
35050,0
35051,0
35052,-0.8
35053,0
35054,2.4
35055,-1.6
35056,0
35057,-2.4
35058,-3.2
35059,-0.8
35060,0
35061,0.8
35062,2.4
35063,0.8
35064,0.8
35065,0
35066,0
35067,-0.8
35068,-0.8
35069,-0.8
35070,-4
35071,-0.8
35072,0
35073,-1.6
35074,0.8
35075,-0.8
35076,-3.2
35077,-0.8
35078,2.4
35079,1.6
35080,-0.8
35081,-0.8
35082,0
35083,-2.4
35084,0.8
35085,0.8
35086,-0.8
35087,2.4
35088,-4.8
35089,0
35090,0
35091,0
35092,0
35093,0
35094,0
35095,-3.2
35096,1.6
35097,3.2
35098,0
35099,0.8
35100,2.4
35101,-0.8
35102,0.8
35103,-1.6
35104,-3.2
35105,1.6
35106,0
35107,-0.8
35108,2.4
35109,0
35110,0
35111,-1.6
35112,0.8
35113,0
35114,-2.4
35115,2.4
35116,0.8
35117,2.4
35118,-4
35119,-0.8
35120,-0.8
35121,0.8
35122,-1.6
35123,0.8
35124,-1.6
35125,0
35126,0.8
35127,-3.2
35128,0
35129,0
35130,0
35131,-0.8
35132,2.4
35133,0
35134,0.8
35135,4
35136,2.4
35137,-1.6
35138,0.8
35139,-3.2
35140,-0.8
35141,0
35142,2.4
35143,-0.8
35144,-0.8
35145,0.8
35146,-3.2
35147,0.8
35148,-3.2
35149,2.4
35150,2.4
35151,-4
35152,0
35153,-3.2
35154,-0.8
35155,-2.4
35156,0
35157,0.8
35158,0
35159,-0.8
35160,-3.2
35161,-1.6
35162,-1.6
35163,0.8
35164,-3.2
35165,0.8
35166,0
35167,0.8
35168,0
35169,0
35170,0.8
35171,0.8
35172,3.2
35173,0
35174,-0.8
35175,0.8
35176,0.8
35177,0
35178,0.8
35179,-1.6
35180,2.4
35181,-1.6
35182,0.8
35183,2.4
35184,0.8
35185,-1.6
35186,0.8
35187,-2.4
35188,2.4
35189,-2.4
35190,0.8
35191,2.4
35192,2.4
35193,0
35194,0
35195,5.6
35196,-0.8
35197,-3.2
35198,2.4
35199,-0.8
35200,3.2
35201,0
35202,-1.6
35203,2.4
35204,0.8
35205,2.4
35206,-3.2
35207,-4
35208,0.8
35209,-0.8
35210,1.6
35211,0.8
35212,-1.6
35213,0.8
35214,-6.4
35215,-3.2
35216,2.4
35217,1.6
35218,0
35219,-0.8
35220,0
35221,0
35222,2.4
35223,-4
35224,0
35225,-0.8
35226,0
35227,0
35228,0.8
35229,1.6
35230,0.8
35231,0.8
35232,0.8
35233,0.8
35234,0
35235,1.6
35236,-2.4
35237,2.4
35238,-0.8
35239,2.4
35240,-1.6
35241,-1.6
35242,0
35243,1.6
35244,0
35245,9.6
35246,0.8
35247,0
35248,1.6
35249,0.8
35250,2.4
35251,-0.8
35252,0.8
35253,0
35254,-2.4
35255,0.8
35256,-1.6
35257,2.4
35258,-0.8
35259,0.8
35260,0
35261,0
35262,-0.8
35263,0
35264,-0.8
35265,0
35266,-1.6
35267,0.8
35268,-0.8
35269,-0.8
35270,-3.2
35271,-3.2
35272,-0.8
35273,0.8
35274,0.8
35275,0.8
35276,5.6
35277,0.8
35278,-3.2
35279,0
35280,0
35281,2.4
35282,1.6
35283,0.8
35284,-3.2
35285,2.4
35286,-3.2
35287,0
35288,0
35289,2.4
35290,0
35291,1.6
35292,-0.8
35293,-4.8
35294,-0.8
35295,-1.6
35296,-4
35297,2.4
35298,-8
35299,0
35300,0.8
35301,0.8
35302,0.8
35303,0.8
35304,2.4
35305,-0.8
35306,0
35307,0
35308,0.8
35309,0.8
35310,0.8
35311,-3.2
35312,-1.6
35313,0.8
35314,0
35315,-0.8
35316,-0.8
35317,-4
35318,0
35319,0
35320,-0.8
35321,0
35322,-2.4
35323,2.4
35324,7.2
35325,0
35326,3.2
35327,0.8
35328,-3.2
35329,-0.8
35330,0
35331,-0.8
35332,0
35333,2.4
35334,0
35335,0
35336,0.8
35337,2.4
35338,4
35339,2.4
35340,3.2
35341,0.8
35342,-0.8
35343,-0.8
35344,-3.2
35345,0
35346,-0.8
35347,0.8
35348,-2.4
35349,0
35350,4
35351,0
35352,-0.8
35353,0
35354,0.8
35355,0
35356,0
35357,2.4
35358,0
35359,0.8
35360,2.4
35361,0
35362,-1.6
35363,0
35364,-0.8
35365,-0.8
35366,0
35367,0.8
35368,-1.6
35369,4
35370,3.2
35371,2.4
35372,-1.6
35373,1.6
35374,-3.2
35375,-0.8
35376,0.8
35377,-0.8
35378,-0.8
35379,0
35380,-1.6
35381,-0.8
35382,0
35383,2.4
35384,-0.8
35385,0.8
35386,0.8
35387,-0.8
35388,-0.8
35389,4
35390,-1.6
35391,0.8
35392,0
35393,2.4
35394,0
35395,0
35396,0.8
35397,1.6
35398,-0.8
35399,0
35400,0
35401,-1.6
35402,0.8
35403,0.8
35404,0
35405,0.8
35406,-0.8
35407,0
35408,-0.8
35409,0
35410,-3.2
35411,0
35412,-1.6
35413,-0.8
35414,0
35415,-0.8
35416,-2.4
35417,0
35418,0.8
35419,0
35420,-0.8
35421,0
35422,-0.8
35423,-0.8
35424,-2.4
35425,2.4
35426,-1.6
35427,-1.6
35428,0.8
35429,3.2
35430,0.8
35431,2.4
35432,0
35433,-0.8
35434,0
35435,0.8
35436,0.8
35437,-2.4
35438,2.4
35439,0
35440,0
35441,-0.8
35442,0.8
35443,-0.8
35444,0
35445,-2.4
35446,2.4
35447,-0.8
35448,-1.6
35449,-0.8
35450,0
35451,0
35452,0.8
35453,-0.8
35454,-0.8
35455,5.6
35456,0.8
35457,1.6
35458,0
35459,-2.4
35460,0
35461,0.8
35462,0
35463,-0.8
35464,2.4
35465,0
35466,0.8
35467,1.6
35468,0
35469,-2.4
35470,0
35471,2.4
35472,-0.8
35473,2.4
35474,2.4
35475,0.8
35476,-0.8
35477,-0.8
35478,-0.8
35479,2.4
35480,2.4
35481,-3.2
35482,-0.8
35483,0.8
35484,1.6
35485,2.4
35486,3.2
35487,0
35488,0
35489,2.4
35490,0
35491,-1.6
35492,0
35493,0.8
35494,0
35495,0
35496,0
35497,-1.6
35498,0
35499,-4
35500,0
35501,0
35502,0
35503,0.8
35504,0
35505,0
35506,0
35507,0
35508,-1.6
35509,-0.8
35510,-1.6
35511,-3.2
35512,0.8
35513,0.8
35514,2.4
35515,-3.2
35516,-0.8
35517,0
35518,0
35519,0
35520,-1.6
35521,0
35522,-0.8
35523,3.2
35524,0.8
35525,-1.6
35526,0.8
35527,-4
35528,2.4
35529,0.8
35530,-0.8
35531,0.8
35532,-3.2
35533,2.4
35534,0
35535,3.2
35536,0
35537,2.4
35538,0.8
35539,0
35540,0.8
35541,-0.8
35542,-0.8
35543,2.4
35544,0
35545,2.4
35546,1.6
35547,-5.6
35548,-0.8
35549,4
35550,1.6
35551,-8
35552,0.8
35553,-0.8
35554,-0.8
35555,0.8
35556,-1.6
35557,0.8
35558,-2.4
35559,-0.8
35560,-3.2
35561,11.2
35562,0.8
35563,-0.8
35564,0.8
35565,-3.2
35566,0
35567,0
35568,-0.8
35569,0
35570,-0.8
35571,-0.8
35572,0
35573,5.6
35574,0
35575,0.8
35576,0.8
35577,0.8
35578,-0.8
35579,-0.8
35580,-4
35581,0.8
35582,-8.8
35583,0.8
35584,-1.6
35585,0.8
35586,0
35587,0.8
35588,0.8
35589,0
35590,2.4
35591,4
35592,0
35593,2.4
35594,-3.2
35595,0
35596,-3.2
35597,1.6
35598,0
35599,2.4
35600,1.6
35601,0.8
35602,1.6
35603,0
35604,-0.8
35605,0
35606,-1.6
35607,0.8
35608,0
35609,-1.6
35610,-0.8
35611,-0.8
35612,-0.8
35613,-2.4
35614,0.8
35615,-3.2
35616,1.6
35617,0
35618,-1.6
35619,-0.8
35620,1.6
35621,1.6
35622,-0.8
35623,-0.8
35624,-3.2
35625,-1.6
35626,0
35627,-0.8
35628,-0.8
35629,0.8
35630,0.8
35631,0
35632,-4
35633,0.8
35634,0.8
35635,-3.2
35636,0
35637,-1.6
35638,0.8
35639,0.8
35640,0.8
35641,0.8
35642,0
35643,3.2
35644,0
35645,3.2
35646,5.6
35647,1.6
35648,0
35649,-3.2
35650,2.4
35651,-0.8
35652,0
35653,2.4
35654,-2.4
35655,1.6
35656,2.4
35657,0.8
35658,-1.6
35659,0
35660,0
35661,0
35662,-1.6
35663,4
35664,-0.8
35665,-0.8
35666,0
35667,-0.8
35668,-7.2
35669,-0.8
35670,0
35671,1.6
35672,0.8
35673,0.8
35674,2.4
35675,-2.4
35676,2.4
35677,1.6
35678,0.8
35679,-3.2
35680,2.4
35681,-3.2
35682,2.4
35683,3.2
35684,-0.8
35685,0
35686,-1.6
35687,-0.8
35688,-0.8
35689,0.8
35690,0.8
35691,0
35692,0.8
35693,0
35694,-3.2
35695,2.4
35696,0.8
35697,2.4
35698,0.8
35699,4
35700,-1.6
35701,0
35702,-0.8
35703,0.8
35704,0.8
35705,0
35706,-3.2
35707,0.8
35708,-0.8
35709,0
35710,1.6
35711,-0.8
35712,0.8
35713,-0.8
35714,0
35715,-0.8
35716,-0.8
35717,0.8
35718,0.8
35719,-0.8
35720,0.8
35721,-0.8
35722,0.8
35723,0.8
35724,2.4
35725,-0.8
35726,-1.6
35727,-3.2
35728,0.8
35729,-4.8
35730,1.6
35731,-3.2
35732,-2.4
35733,0
35734,-0.8
35735,-0.8
35736,0.8
35737,0
35738,-3.2
35739,0
35740,-0.8
35741,-3.2
35742,2.4
35743,0
35744,0.8
35745,-0.8
35746,0.8
35747,0.8
35748,0
35749,0
35750,6.4
35751,0
35752,0.8
35753,2.4
35754,0.8
35755,0.8
35756,0
35757,3.2
35758,0.8
35759,-0.8
35760,-2.4
35761,0.8
35762,1.6
35763,0.8
35764,0.8
35765,-2.4
35766,-1.6
35767,0.8
35768,-0.8
35769,0
35770,0
35771,2.4
35772,-2.4
35773,2.4
35774,0.8
35775,0
35776,1.6
35777,-0.8
35778,-3.2
35779,0
35780,2.4
35781,-5.6
35782,-0.8
35783,0.8
35784,0.8
35785,0.8
35786,0
35787,-0.8
35788,-3.2
35789,-3.2
35790,4
35791,2.4
35792,0.8
35793,-0.8
35794,0
35795,-1.6
35796,0.8
35797,4
35798,0
35799,0.8
35800,-38.400002
35801,99.199997
35802,40.799999
35803,-44.799999
35804,-92
35805,-28.799999
35806,-17.6
35807,-40
35808,-10.4
35809,-26.4
35810,-61.599998
35811,-9.6
35812,32
35813,26.4
35814,38.400002
35815,24
35816,13.6
35817,9.6
35818,7.2
35819,-0.8
35820,4
35821,2.4
35822,4
35823,0
35824,5.6
35825,0.8
35826,3.2
35827,2.4
35828,1.6
35829,0
35830,4
35831,2.4
35832,0
35833,0.8
35834,2.4
35835,3.2
35836,5.6
35837,1.6
35838,0.8
35839,-0.8
35840,5.6
35841,5.6
35842,0
35843,2.4
35844,-0.8
35845,3.2
35846,4
35847,2.4
35848,0.8
35849,0.8
35850,1.6
35851,0
35852,1.6
35853,2.4
35854,2.4
35855,0.8
35856,-0.8
35857,0.8
35858,0
35859,0
35860,0.8
35861,0
35862,1.6
35863,0.8
35864,2.4
35865,-1.6
35866,2.4
35867,0
35868,0.8
35869,-4.8
35870,0.8
35871,0
35872,7.2
35873,0.8
35874,-0.8
35875,1.6
35876,0.8
35877,0.8
35878,-0.8
35879,1.6
35880,-0.8
35881,0.8
35882,-2.4
35883,0
35884,0.8
35885,0
35886,1.6
35887,2.4
35888,-1.6
35889,0
35890,0.8
35891,0.8
35892,0
35893,2.4
35894,0.8
35895,-2.4
35896,2.4
35897,-4
35898,-1.6
35899,0.8
35900,-0.8
35901,2.4
35902,0
35903,0.8
35904,2.4
35905,0.8
35906,0.8
35907,2.4
35908,-3.2
35909,-0.8
35910,-3.2
35911,0
35912,2.4
35913,-1.6
35914,-0.8
35915,-3.2
35916,-2.4
35917,1.6
35918,0
35919,-2.4
35920,-6.4
35921,0.8
35922,1.6
35923,-1.6
35924,2.4
35925,-0.8
35926,0
35927,0.8
35928,2.4
35929,2.4
35930,1.6
35931,0
35932,-0.8
35933,0.8
35934,0
35935,-0.8
35936,-0.8
35937,2.4
35938,2.4
35939,-2.4
35940,-4
35941,1.6
35942,0
35943,-0.8
35944,-0.8
35945,0.8
35946,2.4
35947,-0.8
35948,-1.6
35949,4
35950,0
35951,0
35952,-3.2
35953,2.4
35954,-0.8
35955,-2.4
35956,0
35957,0.8
35958,-3.2
35959,0
35960,0
35961,2.4
35962,0
35963,0
35964,0.8
35965,-5.6
35966,-1.6
35967,-0.8
35968,-1.6
35969,0.8
35970,0.8
35971,2.4
35972,-2.4
35973,2.4
35974,0
35975,0.8
35976,1.6
35977,0
35978,-2.4
35979,-0.8
35980,0.8
35981,0
35982,4
35983,1.6
35984,2.4
35985,2.4
35986,0
35987,0.8
35988,0
35989,-1.6
35990,-1.6
35991,-0.8
35992,0
35993,0
35994,-0.8
35995,2.4
35996,-3.2
35997,-0.8
35998,4
35999,-0.8
36000,-0.8
36001,0
36002,4
36003,-2.4
36004,-0.8
36005,-1.6
36006,-0.8
36007,0
36008,0
36009,0.8
36010,-4
36011,-0.8
36012,-1.6
36013,0
36014,2.4
36015,-1.6
36016,2.4
36017,0.8
36018,0
36019,-1.6
36020,0
36021,-3.2
36022,-1.6
36023,2.4
36024,0.8
36025,-3.2
36026,-0.8
36027,-1.6
36028,-0.8
36029,3.2
36030,2.4
36031,-1.6
36032,1.6
36033,-0.8
36034,0.8
36035,-3.2
36036,0.8
36037,-0.8
36038,-1.6
36039,-3.2
36040,2.4
36041,1.6
36042,0
36043,0.8
36044,2.4
36045,-0.8
36046,-1.6
36047,0.8
36048,4
36049,4
36050,0
36051,2.4
36052,0
36053,-3.2
36054,0.8
36055,-0.8
36056,0
36057,2.4
36058,-3.2
36059,0
36060,0.8
36061,2.4
36062,-0.8
36063,0
36064,-0.8
36065,0.8
36066,-5.6
36067,-2.4
36068,-1.6
36069,-0.8
36070,0.8
36071,0.8
36072,2.4
36073,-0.8
36074,0
36075,-2.4
36076,0
36077,0
36078,0
36079,3.2
36080,2.4
36081,0
36082,-1.6
36083,0.8
36084,0.8
36085,0
36086,5.6
36087,0
36088,0
36089,3.2
36090,2.4
36091,2.4
36092,-3.2
36093,-1.6
36094,0.8
36095,1.6
36096,3.2
36097,0
36098,-0.8
36099,-3.2
36100,-3.2
36101,-3.2
36102,-0.8
36103,0
36104,0
36105,2.4
36106,-0.8
36107,0
36108,0.8
36109,-3.2
36110,5.6
36111,-0.8
36112,-1.6
36113,-0.8
36114,2.4
36115,-4
36116,-3.2
36117,0
36118,-3.2
36119,0
36120,-0.8
36121,-3.2
36122,-0.8
36123,-3.2
36124,0
36125,2.4
36126,0.8
36127,0
36128,-0.8
36129,0
36130,0
36131,-1.6
36132,0
36133,0.8
36134,-1.6
36135,0.8
36136,0
36137,0
36138,0.8
36139,-1.6
36140,0
36141,2.4
36142,2.4
36143,0
36144,-1.6
36145,2.4
36146,-4
36147,-4.8
36148,11.2
36149,-0.8
36150,0
36151,0
36152,0.8
36153,0.8
36154,-0.8
36155,0
36156,-2.4
36157,0
36158,-3.2
36159,0
36160,-1.6
36161,-2.4
36162,-1.6
36163,-3.2
36164,0.8
36165,-2.4
36166,0
36167,-11.2
36168,11.2
36169,15.2
36170,4
36171,-9.6
36172,-12.8
36173,-6.4
36174,-3.2
36175,-2.4
36176,-5.6
36177,-5.6
36178,-4
36179,-0.8
36180,-1.6
36181,-4.8
36182,-5.6
36183,-5.6
36184,-7.2
36185,-4
36186,-6.4
36187,-5.6
36188,-3.2
36189,-4
36190,-4
36191,-0.8
36192,0.8
36193,4
36194,0
36195,1.6
36196,0
36197,0
36198,0
36199,0.8
36200,0.8
36201,2.4
36202,2.4
36203,2.4
36204,4
36205,2.4
36206,4
36207,0
36208,1.6
36209,0
36210,-1.6
36211,0
36212,0.8
36213,0.8
36214,0
36215,0
36216,2.4
36217,1.6
36218,2.4
36219,2.4
36220,-1.6
36221,2.4
36222,-2.4
36223,1.6
36224,-0.8
36225,-3.2
36226,4
36227,1.6
36228,0
36229,0.8
36230,2.4
36231,1.6
36232,-0.8
36233,2.4
36234,0.8
36235,2.4
36236,2.4
36237,1.6
36238,0.8
36239,0
36240,2.4
36241,1.6
36242,-0.8
36243,-0.8
36244,0
36245,3.2
36246,0.8
36247,0.8
36248,0.8
36249,0
36250,5.6
36251,4
36252,-0.8
36253,0
36254,4
36255,1.6
36256,0.8
36257,-0.8
36258,-2.4
36259,-3.2
36260,-0.8
36261,-0.8
36262,0.8
36263,0.8
36264,-1.6
36265,-0.8
36266,0.8
36267,0
36268,-0.8
36269,0
36270,5.6
36271,-1.6
36272,-0.8
36273,-1.6
36274,-2.4
36275,-0.8
36276,0
36277,0
36278,-1.6
36279,-3.2
36280,0
36281,0
36282,-1.6
36283,0
36284,0
36285,-1.6
36286,-0.8
36287,4
36288,0.8
36289,0
36290,2.4
36291,-0.8
36292,0.8
36293,0.8
36294,2.4
36295,2.4
36296,-4
36297,-2.4
36298,-4
36299,-4
36300,-1.6
36301,-1.6
36302,-0.8
36303,0.8
36304,-0.8
36305,-0.8
36306,0
36307,0.8
36308,0.8
36309,-2.4
36310,0
36311,-3.2
36312,-0.8
36313,-4.8
36314,0
36315,-0.8
36316,-0.8
36317,-1.6
36318,-2.4
36319,-1.6
36320,2.4
36321,0.8
36322,0
36323,-3.2
36324,0
36325,-0.8
36326,-1.6
36327,0
36328,-2.4
36329,0
36330,-9.6
36331,-0.8
36332,-0.8
36333,-4
36334,0.8
36335,0
36336,0.8
36337,0
36338,-0.8
36339,-2.4
36340,-0.8
36341,-0.8
36342,0.8
36343,0.8
36344,-4
36345,-0.8
36346,-6.4
36347,-1.6
36348,0.8
36349,0
36350,0
36351,0
36352,0.8
36353,0
36354,-3.2
36355,-0.8
36356,-3.2
36357,0
36358,0.8
36359,-2.4
36360,-5.6
36361,-2.4
36362,0
36363,0.8
36364,-0.8
36365,-0.8
36366,0
36367,-1.6
36368,1.6
36369,0
36370,0.8
36371,2.4
36372,0
36373,-0.8
36374,2.4
36375,0
36376,-0.8
36377,1.6
36378,2.4
36379,0
36380,-2.4
36381,-0.8
36382,0.8
36383,12
36384,2.4
36385,4
36386,2.4
36387,2.4
36388,0.8
36389,0.8
36390,1.6
36391,0.8
36392,-0.8
36393,-4
36394,2.4
36395,0.8
36396,-3.2
36397,-2.4
36398,4
36399,1.6
36400,0.8
36401,-0.8
36402,-4
36403,0
36404,0.8
36405,0.8
36406,2.4
36407,-0.8
36408,0
36409,0.8
36410,-3.2
36411,-0.8
36412,2.4
36413,0.8
36414,-0.8
36415,0
36416,0.8
36417,3.2
36418,-4.8
36419,-4.8
36420,-2.4
36421,1.6
36422,0
36423,-1.6
36424,2.4
36425,-0.8
36426,-0.8
36427,0
36428,0.8
36429,-0.8
36430,0.8
36431,-3.2
36432,0
36433,-1.6
36434,1.6
36435,-0.8
36436,0
36437,-3.2
36438,-0.8
36439,5.6
36440,0
36441,2.4
36442,2.4
36443,0.8
36444,-3.2
36445,-2.4
36446,-1.6
36447,-0.8
36448,3.2
36449,-3.2
36450,-3.2
36451,0.8
36452,1.6
36453,-3.2
36454,-1.6
36455,-1.6
36456,0.8
36457,0.8
36458,4
36459,-0.8
36460,-2.4
36461,1.6
36462,0
36463,-1.6
36464,-0.8
36465,0
36466,-1.6
36467,0.8
36468,0
36469,-7.2
36470,0.8
36471,0.8
36472,0.8
36473,0
36474,2.4
36475,2.4
36476,1.6
36477,-0.8
36478,-1.6
36479,3.2
36480,8
36481,-1.6
36482,-3.2
36483,-0.8
36484,-0.8
36485,0.8
36486,0.8
36487,0
36488,-1.6
36489,2.4
36490,0.8
36491,0
36492,1.6
36493,-1.6
36494,0
36495,1.6
36496,-1.6
36497,0.8
36498,0.8
36499,-4
36500,-3.2
36501,-1.6
36502,-0.8
36503,-3.2
36504,-3.2
36505,2.4
36506,-6.4
36507,0
36508,0
36509,-3.2
36510,0
36511,-1.6
36512,0
36513,5.6
36514,2.4
36515,-4
36516,-1.6
36517,-0.8
36518,0
36519,-0.8
36520,0
36521,0.8
36522,2.4
36523,-6.4
36524,2.4
36525,-4
36526,-1.6
36527,-0.8
36528,0.8
36529,0
36530,0.8
36531,-1.6
36532,1.6
36533,1.6
36534,-2.4
36535,-0.8
36536,-3.2
36537,-3.2
36538,1.6
36539,0
36540,2.4
36541,-1.6
36542,0
36543,0.8
36544,-0.8
36545,2.4
36546,2.4
36547,0.8
36548,2.4
36549,2.4
36550,1.6
36551,1.6
36552,0.8
36553,-1.6
36554,-1.6
36555,-4.8
36556,1.6
36557,-0.8
36558,-3.2
36559,0
36560,0.8
36561,0
36562,-2.4
36563,-0.8
36564,-3.2
36565,0.8
36566,-0.8
36567,4
36568,0
36569,-2.4
36570,0.8
36571,0
36572,-1.6
36573,0.8
36574,0.8
36575,-0.8
36576,0.8
36577,0.8
36578,0.8
36579,0.8
36580,2.4
36581,0.8
36582,-1.6
36583,2.4
36584,-1.6
36585,0.8
36586,2.4
36587,4
36588,-0.8
36589,0
36590,0
36591,0.8
36592,1.6
36593,0
36594,2.4
36595,-0.8
36596,0.8
36597,4
36598,2.4
36599,-0.8
36600,-4
36601,0.8
36602,0.8
36603,-1.6
36604,1.6
36605,-1.6
36606,0.8
36607,0.8
36608,-3.2
36609,-1.6
36610,0.8
36611,-0.8
36612,0
36613,-0.8
36614,0.8
36615,-3.2
36616,2.4
36617,1.6
36618,-0.8
36619,0
36620,2.4
36621,-5.6
36622,-4
36623,2.4
36624,-2.4
36625,0.8
36626,0.8
36627,0
36628,1.6
36629,0
36630,0
36631,0.8
36632,0
36633,-0.8
36634,0.8
36635,-3.2
36636,2.4
36637,0.8
36638,-0.8
36639,2.4
36640,0.8
36641,-0.8
36642,1.6
36643,0.8
36644,0.8
36645,0
36646,2.4
36647,3.2
36648,-4.8
36649,-2.4
36650,0.8
36651,2.4
36652,-0.8
36653,2.4
36654,2.4
36655,-3.2
36656,2.4
36657,-1.6
36658,0
36659,0.8
36660,-0.8
36661,-2.4
36662,0
36663,-0.8
36664,1.6
36665,0
36666,-3.2
36667,0
36668,0
36669,0
36670,0.8
36671,0
36672,2.4
36673,-0.8
36674,-1.6
36675,0.8
36676,0
36677,0
36678,4
36679,4
36680,2.4
36681,0.8
36682,1.6
36683,1.6
36684,0
36685,2.4
36686,0
36687,-2.4
36688,0.8
36689,4
36690,-2.4
36691,0.8
36692,0
36693,-0.8
36694,0.8
36695,2.4
36696,4
36697,0
36698,-0.8
36699,0.8
36700,-4.8
36701,0
36702,2.4
36703,0.8
36704,0
36705,0.8
36706,-1.6
36707,0
36708,-3.2
36709,-2.4
36710,-0.8
36711,0
36712,-3.2
36713,1.6
36714,-0.8
36715,0.8
36716,0
36717,0.8
36718,-1.6
36719,-0.8
36720,0
36721,0.8
36722,0
36723,-4.8
36724,1.6
36725,-1.6
36726,0
36727,-1.6
36728,0
36729,0
36730,2.4
36731,-2.4
36732,3.2
36733,2.4
36734,0.8
36735,0.8
36736,0.8
36737,4
36738,-3.2
36739,0.8
36740,-3.2
36741,0.8
36742,0.8
36743,0.8
36744,5.6
36745,-3.2
36746,0.8
36747,-4
36748,-0.8
36749,2.4
36750,2.4
36751,-1.6
36752,0.8
36753,0
36754,0
36755,0
36756,4
36757,0
36758,0
36759,-1.6
36760,0
36761,0
36762,0.8
36763,-1.6
36764,0.8
36765,-0.8
36766,0.8
36767,0
36768,2.4
36769,-1.6
36770,0.8
36771,0
36772,-3.2
36773,0
36774,0.8
36775,2.4
36776,-8.8
36777,2.4
36778,2.4
36779,0
36780,0.8
36781,-3.2
36782,0.8
36783,0.8
36784,2.4
36785,0
36786,-1.6
36787,0
36788,-3.2
36789,1.6
36790,-0.8
36791,-0.8
36792,-0.8
36793,0.8
36794,0
36795,0
36796,-0.8
36797,2.4
36798,-4
36799,-0.8
36800,0
36801,0
36802,2.4
36803,2.4
36804,-0.8
36805,-2.4
36806,0.8
36807,0.8
36808,-0.8
36809,-0.8
36810,0.8
36811,-3.2
36812,-3.2
36813,-2.4
36814,0
36815,0
36816,0
36817,-3.2
36818,2.4
36819,-1.6
36820,2.4
36821,0
36822,2.4
36823,2.4
36824,0.8
36825,1.6
36826,-0.8
36827,0
36828,0
36829,-0.8
36830,0
36831,0.8
36832,2.4
36833,-1.6
36834,0
36835,1.6
36836,2.4
36837,0
36838,2.4
36839,3.2
36840,1.6
36841,-0.8
36842,0.8
36843,2.4
36844,-0.8
36845,2.4
36846,1.6
36847,0.8
36848,2.4
36849,-2.4
36850,0.8
36851,0.8
36852,-0.8
36853,-3.2
36854,-0.8
36855,0
36856,0.8
36857,-0.8
36858,2.4
36859,0.8
36860,0
36861,-0.8
36862,-1.6
36863,0.8
36864,0
36865,-3.2
36866,-0.8
36867,0
36868,2.4
36869,0
36870,-3.2
36871,0
36872,-4.8
36873,4
36874,2.4
36875,-2.4
36876,-0.8
36877,0.8
36878,-0.8
36879,-4
36880,0.8
36881,0
36882,-0.8
36883,0
36884,0.8
36885,-0.8
36886,1.6
36887,0
36888,0
36889,-0.8
36890,3.2
36891,0
36892,2.4
36893,-0.8
36894,0
36895,0
36896,0.8
36897,0.8
36898,0
36899,4
36900,1.6
36901,0
36902,-0.8
36903,0
36904,0
36905,-1.6
36906,-1.6
36907,-1.6
36908,0
36909,2.4
36910,-3.2
36911,0
36912,-0.8
36913,-0.8
36914,-1.6
36915,0
36916,-3.2
36917,2.4
36918,-1.6
36919,4
36920,0.8
36921,2.4
36922,0
36923,-0.8
36924,2.4
36925,2.4
36926,0
36927,0
36928,0
36929,0
36930,0.8
36931,-0.8
36932,1.6
36933,2.4
36934,0.8
36935,0
36936,-1.6
36937,-0.8
36938,2.4
36939,2.4
36940,2.4
36941,0.8
36942,0
36943,-3.2
36944,0
36945,2.4
36946,0
36947,2.4
36948,-1.6
36949,-3.2
36950,-4
36951,0.8
36952,-1.6
36953,2.4
36954,1.6
36955,4
36956,-4.8
36957,-4
36958,-0.8
36959,0
36960,2.4
36961,0
36962,0
36963,-0.8
36964,0
36965,-0.8
36966,-6.4
36967,0
36968,-0.8
36969,-2.4
36970,2.4
36971,-3.2
36972,0.8
36973,2.4
36974,0
36975,0
36976,-0.8
36977,0
36978,0.8
36979,2.4
36980,3.2
36981,-1.6
36982,1.6
36983,0.8
36984,-1.6
36985,2.4
36986,2.4
36987,-3.2
36988,0.8
36989,-4.8
36990,0.8
36991,0.8
36992,2.4
36993,-1.6
36994,0.8
36995,-0.8
36996,-0.8
36997,4
36998,-4
36999,1.6
37000,0.8
37001,0
37002,0.8
37003,2.4
37004,1.6
37005,-1.6
37006,1.6
37007,0
37008,0
37009,-0.8
37010,0.8
37011,-3.2
37012,0
37013,2.4
37014,-3.2
37015,-0.8
37016,0
37017,0.8
37018,0.8
37019,0.8
37020,0
37021,-3.2
37022,0
37023,2.4
37024,0.8
37025,2.4
37026,0.8
37027,0.8
37028,2.4
37029,-1.6
37030,-0.8
37031,-3.2
37032,0.8
37033,0
37034,-1.6
37035,-1.6
37036,-0.8
37037,-2.4
37038,0.8
37039,0
37040,2.4
37041,1.6
37042,4
37043,0
37044,2.4
37045,-3.2
37046,5.6
37047,3.2
37048,-0.8
37049,-2.4
37050,-2.4
37051,-0.8
37052,0
37053,0.8
37054,-4
37055,-2.4
37056,-5.6
37057,-3.2
37058,-1.6
37059,-1.6
37060,-0.8
37061,0
37062,0
37063,-0.8
37064,2.4
37065,-4
37066,-1.6
37067,-4
37068,0.8
37069,-2.4
37070,0.8
37071,4
37072,-0.8
37073,-4
37074,0
37075,-3.2
37076,-0.8
37077,2.4
37078,0
37079,0
37080,-1.6
37081,-0.8
37082,2.4
37083,0
37084,-0.8
37085,0.8
37086,0.8
37087,1.6
37088,0.8
37089,-3.2
37090,2.4
37091,3.2
37092,2.4
37093,-3.2
37094,-0.8
37095,-1.6
37096,-4.8
37097,-4
37098,-2.4
37099,-7.2
37100,-3.2
37101,0
37102,0.8
37103,2.4
37104,0.8
37105,-1.6
37106,-3.2
37107,-0.8
37108,2.4
37109,-2.4
37110,2.4
37111,0
37112,0.8
37113,-3.2
37114,2.4
37115,-0.8
37116,0.8
37117,2.4
37118,-4
37119,0
37120,0.8
37121,0.8
37122,0.8
37123,4
37124,0
37125,0
37126,-4.8
37127,0
37128,-0.8
37129,1.6
37130,1.6
37131,-3.2
37132,0.8
37133,-3.2
37134,-4
37135,0
37136,4
37137,3.2
37138,0.8
37139,0
37140,-2.4
37141,-0.8
37142,-0.8
37143,-3.2
37144,-0.8
37145,2.4
37146,0.8
37147,0.8
37148,0.8
37149,-4
37150,-4
37151,2.4
37152,0
37153,-0.8
37154,0.8
37155,3.2
37156,0
37157,0
37158,-1.6
37159,-0.8
37160,-3.2
37161,-3.2
37162,-5.6
37163,-1.6
37164,0.8
37165,2.4
37166,-3.2
37167,0
37168,0.8
37169,-1.6
37170,0
37171,-0.8
37172,-1.6
37173,-1.6
37174,3.2
37175,0
37176,-0.8
37177,0.8
37178,0.8
37179,0.8
37180,0
37181,-1.6
37182,3.2
37183,-0.8
37184,-3.2
37185,2.4
37186,0.8
37187,0.8
37188,0
37189,0.8
37190,2.4
37191,0.8
37192,-2.4
37193,0
37194,2.4
37195,-0.8
37196,3.2
37197,0
37198,1.6
37199,0
37200,-0.8
37201,3.2
37202,-2.4
37203,-0.8
37204,1.6
37205,-1.6
37206,0.8
37207,0
37208,-1.6
37209,-3.2
37210,0
37211,2.4
37212,4
37213,-6.4
37214,0
37215,2.4
37216,-4.8
37217,-0.8
37218,0.8
37219,-2.4
37220,-0.8
37221,-2.4
37222,1.6
37223,-1.6
37224,0
37225,0
37226,-0.8
37227,0
37228,-2.4
37229,-3.2
37230,-3.2
37231,2.4
37232,-0.8
37233,0.8
37234,0.8
37235,0
37236,-0.8
37237,0
37238,0.8
37239,1.6
37240,-2.4
37241,2.4
37242,2.4
37243,-1.6
37244,0
37245,-2.4
37246,-1.6
37247,-0.8
37248,0
37249,3.2
37250,-0.8
37251,-0.8
37252,-2.4
37253,-1.6
37254,-0.8
37255,-2.4
37256,2.4
37257,-0.8
37258,0.8
37259,-1.6
37260,0
37261,0.8
37262,0.8
37263,-1.6
37264,-1.6
37265,0.8
37266,-0.8
37267,0
37268,-2.4
37269,-3.2
37270,-1.6
37271,-1.6
37272,-6.4
37273,-0.8
37274,1.6
37275,0.8
37276,0
37277,-1.6
37278,-0.8
37279,0
37280,2.4
37281,-0.8
37282,0
37283,2.4
37284,0.8
37285,-3.2
37286,0
37287,1.6
37288,2.4
37289,0.8
37290,-1.6
37291,0.8
37292,-0.8
37293,4
37294,-3.2
37295,4
37296,1.6
37297,2.4
37298,0
37299,-0.8
37300,-2.4
37301,0.8
37302,0
37303,-0.8
37304,0
37305,-0.8
37306,0.8
37307,0
37308,-0.8
37309,2.4
37310,-0.8
37311,-3.2
37312,0
37313,-0.8
37314,0.8
37315,-0.8
37316,-3.2
37317,-3.2
37318,-4.8
37319,0
37320,0.8
37321,-3.2
37322,-1.6
37323,2.4
37324,0.8
37325,0
37326,2.4
37327,0
37328,-4
37329,-4
37330,7.2
37331,0.8
37332,4
37333,-0.8
37334,2.4
37335,-3.2
37336,0.8
37337,0.8
37338,-0.8
37339,-3.2
37340,0
37341,7.2
37342,-2.4
37343,0.8
37344,0.8
37345,2.4
37346,-2.4
37347,2.4
37348,5.6
37349,0
37350,7.2
37351,3.2
37352,-0.8
37353,0.8
37354,2.4
37355,0.8
37356,4
37357,-0.8
37358,3.2
37359,-0.8
37360,-3.2
37361,0.8
37362,0.8
37363,-1.6
37364,-0.8
37365,0
37366,-2.4
37367,-0.8
37368,1.6
37369,0
37370,-0.8
37371,0.8
37372,-3.2
37373,-2.4
37374,0.8
37375,2.4
37376,2.4
37377,0.8
37378,2.4
37379,-1.6
37380,-1.6
37381,-0.8
37382,2.4
37383,0
37384,4
37385,-3.2
37386,-0.8
37387,0.8
37388,-1.6
37389,0.8
37390,0
37391,0
37392,0
37393,0
37394,0.8
37395,-3.2
37396,2.4
37397,-3.2
37398,0
37399,2.4
37400,0
37401,-0.8
37402,0
37403,2.4
37404,0
37405,-2.4
37406,-0.8
37407,3.2
37408,1.6
37409,-1.6
37410,0
37411,-0.8
37412,-0.8
37413,0
37414,2.4
37415,-2.4
37416,0
37417,-4
37418,0
37419,0
37420,0
37421,-1.6
37422,4
37423,-1.6
37424,-0.8
37425,-1.6
37426,-0.8
37427,0
37428,0
37429,0.8
37430,4
37431,4
37432,-1.6
37433,2.4
37434,-0.8
37435,0
37436,0
37437,0
37438,2.4
37439,0.8
37440,0.8
37441,2.4
37442,2.4
37443,0.8
37444,-0.8
37445,-0.8
37446,-3.2
37447,0
37448,0
37449,4
37450,2.4
37451,0
37452,0
37453,-2.4
37454,-1.6
37455,0
37456,-3.2
37457,0
37458,-3.2
37459,-1.6
37460,-0.8
37461,0.8
37462,-1.6
37463,0
37464,0
37465,0
37466,-3.2
37467,0
37468,-2.4
37469,-4
37470,-0.8
37471,-0.8
37472,-2.4
37473,0.8
37474,0.8
37475,-1.6
37476,-0.8
37477,-0.8
37478,-0.8
37479,2.4
37480,1.6
37481,0
37482,0
37483,-0.8
37484,0
37485,-1.6
37486,2.4
37487,0
37488,-3.2
37489,-1.6
37490,-0.8
37491,2.4
37492,2.4
37493,-3.2
37494,2.4
37495,2.4
37496,4
37497,0
37498,0
37499,0
37500,-1.6
37501,-2.4
37502,-1.6
37503,0.8
37504,2.4
37505,-1.6
37506,-1.6
37507,2.4
37508,-0.8
37509,2.4
37510,0
37511,-1.6
37512,-0.8
37513,0.8
37514,0
37515,0
37516,-3.2
37517,-0.8
37518,-1.6
37519,0
37520,0.8
37521,0
37522,-0.8
37523,2.4
37524,1.6
37525,-0.8
37526,0.8
37527,2.4
37528,-0.8
37529,0.8
37530,2.4
37531,-1.6
37532,-3.2
37533,0
37534,0.8
37535,0
37536,2.4
37537,1.6
37538,0
37539,-1.6
37540,2.4
37541,2.4
37542,0
37543,-2.4
37544,2.4
37545,0
37546,0
37547,0
37548,-3.2
37549,2.4
37550,-1.6
37551,-1.6
37552,-2.4
37553,0
37554,-1.6
37555,-0.8
37556,2.4
37557,-0.8
37558,2.4
37559,3.2
37560,2.4
37561,-4
37562,0
37563,-3.2
37564,0
37565,-1.6
37566,-1.6
37567,0
37568,-1.6
37569,0
37570,0.8
37571,0
37572,0.8
37573,0.8
37574,-4
37575,2.4
37576,-2.4
37577,0
37578,0
37579,1.6
37580,0
37581,0
37582,0
37583,-0.8
37584,0
37585,0.8
37586,0
37587,0.8
37588,0
37589,0.8
37590,-0.8
37591,-0.8
37592,2.4
37593,-1.6
37594,0.8
37595,-0.8
37596,2.4
37597,3.2
37598,2.4
37599,-1.6
37600,2.4
37601,2.4
37602,0.8
37603,-0.8
37604,-0.8
37605,-1.6
37606,-0.8
37607,0
37608,0.8
37609,-5.6
37610,-0.8
37611,-1.6
37612,-0.8
37613,0
37614,0.8
37615,0.8
37616,-1.6
37617,-2.4
37618,0
37619,0
37620,-0.8
37621,-0.8
37622,2.4
37623,-0.8
37624,0
37625,0.8
37626,0.8
37627,-0.8
37628,0
37629,0
37630,0.8
37631,-0.8
37632,2.4
37633,-3.2
37634,0.8
37635,0
37636,2.4
37637,0
37638,-1.6
37639,0.8
37640,0
37641,4
37642,0.8
37643,2.4
37644,2.4
37645,2.4
37646,-3.2
37647,-4
37648,0
37649,0
37650,-4.8
37651,2.4
37652,-0.8
37653,0
37654,0.8
37655,2.4
37656,-1.6
37657,2.4
37658,-0.8
37659,-3.2
37660,-1.6
37661,-0.8
37662,3.2
37663,-0.8
37664,0
37665,0.8
37666,-3.2
37667,-2.4
37668,-0.8
37669,-0.8
37670,-0.8
37671,-0.8
37672,2.4
37673,0.8
37674,0.8
37675,0.8
37676,1.6
37677,-1.6
37678,-3.2
37679,-0.8
37680,0
37681,2.4
37682,2.4
37683,3.2
37684,0
37685,0
37686,1.6
37687,0
37688,2.4
37689,0
37690,2.4
37691,1.6
37692,-4.8
37693,5.6
37694,0.8
37695,0
37696,-0.8
37697,2.4
37698,-0.8
37699,-0.8
37700,2.4
37701,0.8
37702,0
37703,0
37704,2.4
37705,4
37706,0.8
37707,0
37708,2.4
37709,-0.8
37710,2.4
37711,0
37712,-3.2
37713,0.8
37714,0.8
37715,0.8
37716,-6.4
37717,0
37718,3.2
37719,1.6
37720,0
37721,-0.8
37722,0
37723,-1.6
37724,3.2
37725,-0.8
37726,0.8
37727,0
37728,0.8
37729,0.8
37730,2.4
37731,0
37732,0
37733,-1.6
37734,1.6
37735,-1.6
37736,0.8
37737,0.8
37738,0.8
37739,-3.2
37740,0.8
37741,-1.6
37742,0.8
37743,0.8
37744,0.8
37745,-0.8
37746,-1.6
37747,0
37748,-2.4
37749,0
37750,0
37751,0
37752,6.4
37753,0.8
37754,-3.2
37755,-1.6
37756,0.8
37757,0.8
37758,0
37759,0.8
37760,0
37761,0.8
37762,0
37763,4
37764,2.4
37765,-1.6
37766,0
37767,0.8
37768,0
37769,-3.2
37770,0.8
37771,-3.2
37772,1.6
37773,-3.2
37774,-3.2
37775,-1.6
37776,-1.6
37777,-0.8
37778,-3.2
37779,4
37780,3.2
37781,-1.6
37782,0.8
37783,2.4
37784,0.8
37785,-2.4
37786,-3.2
37787,0
37788,2.4
37789,-1.6
37790,2.4
37791,0
37792,2.4
37793,2.4
37794,0
37795,0.8
37796,0.8
37797,-0.8
37798,0
37799,4
37800,-0.8
37801,0.8
37802,0.8
37803,0
37804,-0.8
37805,0
37806,-4
37807,2.4
37808,0
37809,-3.2
37810,0.8
37811,-0.8
37812,0
37813,0
37814,0
37815,2.4
37816,-0.8
37817,-1.6
37818,2.4
37819,-2.4
37820,-0.8
37821,0
37822,-3.2
37823,0.8
37824,-1.6
37825,4
37826,-1.6
37827,-1.6
37828,0.8
37829,0.8
37830,0.8
37831,-1.6
37832,0
37833,0
37834,1.6
37835,0
37836,2.4
37837,0
37838,-0.8
37839,4
37840,0
37841,0.8
37842,0.8
37843,0.8
37844,-5.6
37845,0.8
37846,2.4
37847,2.4
37848,2.4
37849,-1.6
37850,-5.6
37851,0
37852,0.8
37853,0
37854,0
37855,-1.6
37856,2.4
37857,0
37858,0
37859,-1.6
37860,0
37861,2.4
37862,-0.8
37863,-0.8
37864,-3.2
37865,0
37866,-3.2
37867,0.8
37868,-3.2
37869,-1.6
37870,0
37871,-0.8
37872,-0.8
37873,-0.8
37874,-2.4
37875,2.4
37876,-4
37877,-0.8
37878,-1.6
37879,-1.6
37880,0.8
37881,-0.8
37882,0
37883,0.8
37884,2.4
37885,-0.8
37886,2.4
37887,0
37888,0.8
37889,0.8
37890,-0.8
37891,3.2
37892,-0.8
37893,-4.8
37894,0
37895,-3.2
37896,2.4
37897,2.4
37898,-3.2
37899,2.4
37900,-0.8
37901,1.6
37902,0
37903,-0.8
37904,0.8
37905,-1.6
37906,0.8
37907,0.8
37908,0
37909,-3.2
37910,0.8
37911,0
37912,-3.2
37913,-0.8
37914,0
37915,-1.6
37916,-0.8
37917,-3.2
37918,0
37919,0
37920,-0.8
37921,-3.2
37922,0
37923,3.2
37924,2.4
37925,2.4
37926,0.8
37927,-1.6
37928,1.6
37929,2.4
37930,0
37931,0.8
37932,-4
37933,1.6
37934,0.8
37935,-0.8
37936,4
37937,0
37938,-3.2
37939,0
37940,0
37941,2.4
37942,0.8
37943,2.4
37944,0
37945,-0.8
37946,-8.8
37947,-3.2
37948,0
37949,-2.4
37950,-4
37951,-0.8
37952,2.4
37953,0.8
37954,-0.8
37955,0.8
37956,-0.8
37957,-1.6
37958,0.8
37959,-1.6
37960,0
37961,-1.6
37962,-3.2
37963,0.8
37964,-0.8
37965,-0.8
37966,-3.2
37967,0.8
37968,0.8
37969,0
37970,-1.6
37971,0
37972,-0.8
37973,3.2
37974,-0.8
37975,0
37976,0.8
37977,-1.6
37978,-2.4
37979,0.8
37980,0.8
37981,0
37982,2.4
37983,2.4
37984,0
37985,-0.8
37986,5.6
37987,2.4
37988,2.4
37989,0.8
37990,0
37991,0.8
37992,1.6
37993,1.6
37994,2.4
37995,1.6
37996,0
37997,4
37998,0.8
37999,-2.4
38000,0
38001,-1.6
38002,0.8
38003,0.8
38004,-0.8
38005,-3.2
38006,0
38007,0
38008,-0.8
38009,-0.8
38010,-2.4
38011,-2.4
38012,-4
38013,0
38014,0
38015,-3.2
38016,-1.6
38017,0.8
38018,0
38019,0
38020,-0.8
38021,0
38022,3.2
38023,0.8
38024,-1.6
38025,0.8
38026,1.6
38027,-0.8
38028,3.2
38029,0.8
38030,0
38031,4
38032,2.4
38033,-1.6
38034,2.4
38035,0
38036,0.8
38037,4
38038,2.4
38039,0.8
38040,-3.2
38041,1.6
38042,0.8
38043,2.4
38044,2.4
38045,5.6
38046,-0.8
38047,2.4
38048,0
38049,-0.8
38050,0
38051,2.4
38052,2.4
38053,6.4
38054,2.4
38055,0
38056,-3.2
38057,-3.2
38058,0
38059,0.8
38060,-0.8
38061,-3.2
38062,0.8
38063,1.6
38064,0.8
38065,-0.8
38066,0.8
38067,0
38068,-1.6
38069,-0.8
38070,0
38071,0
38072,0.8
38073,-0.8
38074,0.8
38075,0.8
38076,0.8
38077,-1.6
38078,0.8
38079,0
38080,2.4
38081,0.8
38082,2.4
38083,0
38084,0
38085,0.8
38086,-1.6
38087,0.8
38088,0.8
38089,0.8
38090,3.2
38091,-0.8
38092,0.8
38093,-0.8
38094,0.8
38095,-3.2
38096,-4
38097,-3.2
38098,-1.6
38099,-0.8
38100,0.8
38101,0
38102,-0.8
38103,1.6
38104,-3.2
38105,-1.6
38106,1.6
38107,-1.6
38108,0
38109,0.8
38110,0
38111,-1.6
38112,0
38113,0.8
38114,0.8
38115,-4
38116,-2.4
38117,2.4
38118,0.8
38119,0.8
38120,0
38121,2.4
38122,0.8
38123,0
38124,-3.2
38125,1.6
38126,-1.6
38127,-0.8
38128,0.8
38129,0.8
38130,0.8
38131,-1.6
38132,-3.2
38133,0
38134,-0.8
38135,2.4
38136,1.6
38137,2.4
38138,-1.6
38139,-3.2
38140,0
38141,0.8
38142,0
38143,0.8
38144,0
38145,0
38146,0
38147,0.8
38148,0
38149,-0.8
38150,-2.4
38151,-2.4
38152,4
38153,0
38154,0
38155,-0.8
38156,0
38157,2.4
38158,0
38159,-0.8
38160,-0.8
38161,-0.8
38162,-4
38163,0.8
38164,3.2
38165,0
38166,0
38167,-3.2
38168,-0.8
38169,0
38170,-0.8
38171,0
38172,0
38173,-1.6
38174,-5.6
38175,-0.8
38176,0.8
38177,0
38178,0.8
38179,2.4
38180,-2.4
38181,0.8
38182,-0.8
38183,0
38184,1.6
38185,0
38186,0.8
38187,-0.8
38188,-0.8
38189,-3.2
38190,-1.6
38191,7.2
38192,0.8
38193,0
38194,0.8
38195,0.8
38196,0
38197,0
38198,0.8
38199,-0.8
38200,-3.2
38201,0.8
38202,-0.8
38203,0
38204,-0.8
38205,0
38206,-0.8
38207,0.8
38208,2.4
38209,0.8
38210,-4
38211,-3.2
38212,-2.4
38213,-1.6
38214,-6.4
38215,1.6
38216,1.6
38217,0
38218,0.8
38219,0
38220,0.8
38221,2.4
38222,0
38223,-1.6
38224,3.2
38225,-1.6
38226,-1.6
38227,-0.8
38228,0.8
38229,-2.4
38230,-3.2
38231,0
38232,0.8
38233,0
38234,0.8
38235,0
38236,-0.8
38237,-2.4
38238,2.4
38239,-3.2
38240,0
38241,-0.8
38242,0
38243,0
38244,0
38245,-9.6
38246,-4.8
38247,-1.6
38248,-1.6
38249,0.8
38250,-3.2
38251,2.4
38252,1.6
38253,0.8
38254,0.8
38255,4
38256,0.8
38257,-0.8
38258,0.8
38259,0.8
38260,-4
38261,0
38262,0.8
38263,2.4
38264,0
38265,4
38266,0
38267,2.4
38268,-0.8
38269,-1.6
38270,-0.8
38271,0.8
38272,4
38273,-0.8
38274,0
38275,0
38276,-0.8
38277,0.8
38278,0.8
38279,-1.6
38280,-2.4
38281,2.4
38282,-0.8
38283,-5.6
38284,2.4
38285,0
38286,-0.8
38287,0.8
38288,3.2
38289,-0.8
38290,1.6
38291,0
38292,0
38293,0
38294,-3.2
38295,0
38296,0.8
38297,2.4
38298,-3.2
38299,2.4
38300,-4
38301,-0.8
38302,2.4
38303,-0.8
38304,-3.2
38305,-3.2
38306,-4
38307,0.8
38308,0.8
38309,-3.2
38310,-3.2
38311,0
38312,-3.2
38313,0.8
38314,-1.6
38315,-0.8
38316,1.6
38317,0
38318,9.6
38319,0
38320,-1.6
38321,-0.8
38322,0
38323,0
38324,0.8
38325,3.2
38326,-0.8
38327,-0.8
38328,-0.8
38329,0
38330,0.8
38331,0
38332,0
38333,-0.8
38334,2.4
38335,0
38336,-0.8
38337,-2.4
38338,0
38339,1.6
38340,-3.2
38341,1.6
38342,0
38343,0
38344,-1.6
38345,0
38346,-1.6
38347,-0.8
38348,-3.2
38349,3.2
38350,0.8
38351,-1.6
38352,0.8
38353,0.8
38354,0
38355,1.6
38356,-4
38357,0
38358,0.8
38359,0.8
38360,-4
38361,-0.8
38362,-2.4
38363,-0.8
38364,-1.6
38365,-3.2
38366,-0.8
38367,0.8
38368,0
38369,0
38370,-0.8
38371,-0.8
38372,-1.6
38373,0
38374,-2.4
38375,-7.2
38376,-0.8
38377,-0.8
38378,1.6
38379,-1.6
38380,1.6
38381,4
38382,-0.8
38383,-3.2
38384,0.8
38385,-0.8
38386,2.4
38387,-1.6
38388,-1.6
38389,-1.6
38390,-0.8
38391,0
38392,-4.8
38393,-0.8
38394,-3.2
38395,2.4
38396,-0.8
38397,0
38398,-0.8
38399,2.4
38400,-0.8
38401,-1.6
38402,-0.8
38403,0
38404,0
38405,0.8
38406,-0.8
38407,-2.4
38408,-1.6
38409,-3.2
38410,-3.2
38411,0.8
38412,9.6
38413,0
38414,2.4
38415,-1.6
38416,0.8
38417,-4
38418,0.8
38419,0
38420,2.4
38421,0
38422,1.6
38423,0.8
38424,2.4
38425,0.8
38426,-3.2
38427,0
38428,-0.8
38429,0.8
38430,0
38431,0.8
38432,-0.8
38433,0.8
38434,-4
38435,1.6
38436,0
38437,0.8
38438,0.8
38439,0.8
38440,-1.6
38441,0.8
38442,-1.6
38443,-2.4
38444,0.8
38445,0
38446,-1.6
38447,0
38448,3.2
38449,0
38450,2.4
38451,2.4
38452,2.4
38453,-5.6
38454,-1.6
38455,-0.8
38456,-2.4
38457,-1.6
38458,0.8
38459,0
38460,2.4
38461,-3.2
38462,-3.2
38463,-0.8
38464,0.8
38465,-2.4
38466,-4
38467,-2.4
38468,-0.8
38469,-1.6
38470,0
38471,0.8
38472,-0.8
38473,1.6
38474,0
38475,1.6
38476,0
38477,-1.6
38478,0.8
38479,-1.6
38480,-0.8
38481,0.8
38482,1.6
38483,0.8
38484,0
38485,0
38486,2.4
38487,2.4
38488,0
38489,1.6
38490,-2.4
38491,0.8
38492,-2.4
38493,-0.8
38494,1.6
38495,3.2
38496,0
38497,-1.6
38498,0.8
38499,-4
38500,-3.2
38501,-0.8
38502,2.4
38503,0
38504,0.8
38505,-0.8
38506,-0.8
38507,2.4
38508,-0.8
38509,1.6
38510,-1.6
38511,0.8
38512,-1.6
38513,-4
38514,-2.4
38515,-1.6
38516,0.8
38517,-1.6
38518,0
38519,2.4
38520,0.8
38521,1.6
38522,2.4
38523,1.6
38524,0
38525,-3.2
38526,-3.2
38527,1.6
38528,2.4
38529,-0.8
38530,-0.8
38531,-1.6
38532,-2.4
38533,2.4
38534,0
38535,-1.6
38536,0.8
38537,-0.8
38538,-1.6
38539,3.2
38540,0.8
38541,0.8
38542,0
38543,0.8
38544,1.6
38545,0.8
38546,0.8
38547,-4
38548,1.6
38549,-4
38550,-1.6
38551,2.4
38552,-2.4
38553,0
38554,0
38555,0
38556,-4
38557,-4
38558,2.4
38559,0
38560,0.8
38561,-0.8
38562,0
38563,0.8
38564,-1.6
38565,-1.6
38566,0
38567,-0.8
38568,0
38569,2.4
38570,0.8
38571,0.8
38572,0.8
38573,-0.8
38574,2.4
38575,2.4
38576,2.4
38577,-0.8
38578,0
38579,0
38580,0.8
38581,-0.8
38582,-1.6
38583,0.8
38584,-0.8
38585,2.4
38586,1.6
38587,-4
38588,0
38589,-0.8
38590,-3.2
38591,-0.8
38592,4
38593,0
38594,-0.8
38595,0
38596,-2.4
38597,-4
38598,0
38599,2.4
38600,0
38601,-2.4
38602,0.8
38603,3.2
38604,2.4
38605,2.4
38606,1.6
38607,-2.4
38608,-0.8
38609,-3.2
38610,0.8
38611,0
38612,-2.4
38613,-0.8
38614,-1.6
38615,0
38616,2.4
38617,-2.4
38618,0.8
38619,-4
38620,-1.6
38621,-1.6
38622,0.8
38623,0
38624,-3.2
38625,3.2
38626,-0.8
38627,-1.6
38628,-0.8
38629,-0.8
38630,-3.2
38631,4
38632,0.8
38633,0
38634,1.6
38635,-1.6
38636,-1.6
38637,0
38638,0
38639,-1.6
38640,0
38641,-1.6
38642,2.4
38643,0.8
38644,0
38645,0.8
38646,-3.2
38647,-1.6
38648,0.8
38649,3.2
38650,0
38651,-2.4
38652,-5.6
38653,1.6
38654,3.2
38655,1.6
38656,-0.8
38657,0
38658,-3.2
38659,1.6
38660,0.8
38661,2.4
38662,0.8
38663,0
38664,-3.2
38665,-0.8
38666,2.4
38667,1.6
38668,-0.8
38669,-0.8
38670,-2.4
38671,-0.8
38672,0
38673,0.8
38674,-3.2
38675,-3.2
38676,0.8
38677,0
38678,0.8
38679,0
38680,-3.2
38681,2.4
38682,0.8
38683,1.6
38684,-0.8
38685,-0.8
38686,0.8
38687,2.4
38688,2.4
38689,0
38690,-1.6
38691,-5.6
38692,0
38693,0.8
38694,2.4
38695,-0.8
38696,-4.8
38697,-3.2
38698,4
38699,0.8
38700,-1.6
38701,0
38702,-3.2
38703,0
38704,0
38705,-1.6
38706,-0.8
38707,-0.8
38708,-0.8
38709,-3.2
38710,-1.6
38711,0
38712,0
38713,0.8
38714,-0.8
38715,0
38716,-1.6
38717,-1.6
38718,1.6
38719,0.8
38720,-0.8
38721,0
38722,2.4
38723,-3.2
38724,-3.2
38725,-0.8
38726,0
38727,-0.8
38728,-0.8
38729,0.8
38730,-1.6
38731,0
38732,-1.6
38733,1.6
38734,-1.6
38735,0.8
38736,1.6
38737,-1.6
38738,-3.2
38739,-3.2
38740,-0.8
38741,0.8
38742,0.8
38743,0.8
38744,-0.8
38745,0
38746,2.4
38747,2.4
38748,4
38749,-4.8
38750,2.4
38751,-4
38752,-1.6
38753,0.8
38754,0
38755,-0.8
38756,-3.2
38757,-3.2
38758,0.8
38759,0.8
38760,-1.6
38761,0.8
38762,0
38763,-4
38764,-1.6
38765,2.4
38766,5.6
38767,-3.2
38768,-1.6
38769,2.4
38770,2.4
38771,0
38772,-3.2
38773,-1.6
38774,-2.4
38775,2.4
38776,-3.2
38777,-1.6
38778,-3.2
38779,2.4
38780,0.8
38781,2.4
38782,0
38783,-2.4
38784,-1.6
38785,-0.8
38786,1.6
38787,0.8
38788,4
38789,-1.6
38790,0.8
38791,-0.8
38792,0.8
38793,1.6
38794,0
38795,-3.2
38796,-2.4
38797,0
38798,-1.6
38799,-2.4
38800,-3.2
38801,2.4
38802,0.8
38803,-1.6
38804,-3.2
38805,-3.2
38806,1.6
38807,2.4
38808,-4
38809,0
38810,0
38811,0
38812,1.6
38813,1.6
38814,0.8
38815,-3.2
38816,0
38817,-3.2
38818,-1.6
38819,4
38820,-3.2
38821,-0.8
38822,0.8
38823,2.4
38824,-0.8
38825,0
38826,-0.8
38827,0
38828,2.4
38829,-1.6
38830,-0.8
38831,-0.8
38832,0
38833,2.4
38834,0
38835,-0.8
38836,0
38837,1.6
38838,0.8
38839,-4
38840,2.4
38841,0.8
38842,5.6
38843,0
38844,-1.6
38845,0
38846,2.4
38847,1.6
38848,0.8
38849,-4.8
38850,-0.8
38851,0.8
38852,-0.8
38853,-0.8
38854,0.8
38855,0
38856,3.2
38857,0.8
38858,0.8
38859,1.6
38860,-1.6
38861,0
38862,-1.6
38863,2.4
38864,2.4
38865,0.8
38866,0
38867,0
38868,0
38869,0
38870,-1.6
38871,2.4
38872,-1.6
38873,-3.2
38874,1.6
38875,0
38876,-3.2
38877,0
38878,0.8
38879,0
38880,0.8
38881,0.8
38882,0.8
38883,0.8
38884,-0.8
38885,1.6
38886,1.6
38887,-0.8
38888,2.4
38889,0
38890,-1.6
38891,1.6
38892,2.4
38893,-3.2
38894,0
38895,3.2
38896,0.8
38897,-0.8
38898,-0.8
38899,-0.8
38900,-1.6
38901,0
38902,2.4
38903,0
38904,0
38905,-0.8
38906,0.8
38907,0.8
38908,0.8
38909,0.8
38910,-3.2
38911,-2.4
38912,0.8
38913,-1.6
38914,0.8
38915,-1.6
38916,-0.8
38917,-3.2
38918,0
38919,0
38920,-0.8
38921,0
38922,-0.8
38923,0
38924,1.6
38925,2.4
38926,0.8
38927,-0.8
38928,0
38929,-1.6
38930,-3.2
38931,-2.4
38932,2.4
38933,2.4
38934,-3.2
38935,0.8
38936,2.4
38937,2.4
38938,0.8
38939,-0.8
38940,-0.8
38941,2.4
38942,4
38943,5.6
38944,0.8
38945,-0.8
38946,0
38947,0.8
38948,0.8
38949,0.8
38950,-5.6
38951,-1.6
38952,0
38953,0.8
38954,-5.6
38955,-0.8
38956,0
38957,0
38958,-0.8
38959,2.4
38960,-3.2
38961,-3.2
38962,-0.8
38963,-0.8
38964,-0.8
38965,0
38966,-1.6
38967,-1.6
38968,2.4
38969,-0.8
38970,-0.8
38971,0
38972,0.8
38973,0.8
38974,0
38975,-0.8
38976,-4
38977,-0.8
38978,5.6
38979,1.6
38980,-4
38981,-0.8
38982,0.8
38983,0.8
38984,-0.8
38985,2.4
38986,0
38987,-0.8
38988,0.8
38989,-4
38990,0.8
38991,3.2
38992,0.8
38993,0.8
38994,0.8
38995,0
38996,2.4
38997,-0.8
38998,-8.8
38999,-1.6
39000,-4.8
39001,-1.6
39002,-0.8
39003,1.6
39004,0
39005,0.8
39006,-1.6
39007,-3.2
39008,-1.6
39009,1.6
39010,0
39011,-4
39012,-1.6
39013,-1.6
39014,-1.6
39015,0
39016,6.4
39017,-3.2
39018,0.8
39019,-0.8
39020,-0.8
39021,-3.2
39022,0.8
39023,-3.2
39024,0
39025,1.6
39026,0.8
39027,0
39028,0
39029,-1.6
39030,-3.2
39031,-0.8
39032,2.4
39033,-1.6
39034,-2.4
39035,0.8
39036,1.6
39037,3.2
39038,4
39039,1.6
39040,-1.6
39041,2.4
39042,0.8
39043,0
39044,3.2
39045,0.8
39046,-0.8
39047,-1.6
39048,-0.8
39049,1.6
39050,-4
39051,-2.4
39052,0
39053,-1.6
39054,-1.6
39055,0
39056,0
39057,-5.6
39058,0
39059,-1.6
39060,-1.6
39061,0
39062,-0.8
39063,1.6
39064,-3.2
39065,-0.8
39066,0
39067,-3.2
39068,3.2
39069,1.6
39070,-2.4
39071,0
39072,0
39073,0.8
39074,-0.8
39075,5.6
39076,-0.8
39077,-0.8
39078,1.6
39079,0.8
39080,-0.8
39081,0
39082,-0.8
39083,-2.4
39084,-0.8
39085,0
39086,0
39087,2.4
39088,0.8
39089,0
39090,-4
39091,2.4
39092,-0.8
39093,2.4
39094,-0.8
39095,-0.8
39096,0.8
39097,-3.2
39098,4
39099,-1.6
39100,-3.2
39101,2.4
39102,1.6
39103,-3.2
39104,0.8
39105,-1.6
39106,-0.8
39107,0
39108,2.4
39109,0.8
39110,-4
39111,0.8
39112,0
39113,2.4
39114,0
39115,-0.8
39116,0.8
39117,-3.2
39118,3.2
39119,0.8
39120,0.8
39121,0
39122,-3.2
39123,2.4
39124,0
39125,0
39126,2.4
39127,-0.8
39128,-0.8
39129,0.8
39130,1.6
39131,0
39132,-0.8
39133,2.4
39134,-0.8
39135,2.4
39136,1.6
39137,0
39138,0.8
39139,0
39140,0
39141,0.8
39142,2.4
39143,0
39144,0
39145,0
39146,2.4
39147,0.8
39148,-1.6
39149,2.4
39150,-3.2
39151,-2.4
39152,-0.8
39153,-0.8
39154,-3.2
39155,0
39156,-0.8
39157,2.4
39158,2.4
39159,-4
39160,0
39161,2.4
39162,0.8
39163,-1.6
39164,-3.2
39165,0.8
39166,0
39167,-3.2
39168,0.8
39169,0.8
39170,-0.8
39171,0
39172,0
39173,2.4
39174,-0.8
39175,0.8
39176,2.4
39177,0.8
39178,2.4
39179,0
39180,-3.2
39181,3.2
39182,-0.8
39183,0
39184,-3.2
39185,0.8
39186,0
39187,-2.4
39188,0.8
39189,-2.4
39190,-0.8
39191,2.4
39192,4
39193,0
39194,5.6
39195,-0.8
39196,2.4
39197,-2.4
39198,-0.8
39199,2.4
39200,-3.2
39201,0
39202,3.2
39203,-0.8
39204,0
39205,0
39206,0.8
39207,0.8
39208,2.4
39209,0.8
39210,-4.8
39211,0
39212,-1.6
39213,0.8
39214,0.8
39215,-1.6
39216,-0.8
39217,-5.6
39218,-0.8
39219,4
39220,-0.8
39221,5.6
39222,0.8
39223,2.4
39224,3.2
39225,-3.2
39226,0
39227,4
39228,0.8
39229,-0.8
39230,0.8
39231,0
39232,0
39233,1.6
39234,0
39235,-0.8
39236,0.8
39237,0
39238,2.4
39239,2.4
39240,0
39241,-1.6
39242,0.8
39243,0.8
39244,1.6
39245,2.4
39246,2.4
39247,1.6
39248,4
39249,-0.8
39250,-3.2
39251,-0.8
39252,-1.6
39253,-3.2
39254,0
39255,1.6
39256,1.6
39257,0
39258,-0.8
39259,0.8
39260,0
39261,0.8
39262,-1.6
39263,1.6
39264,-0.8
39265,0.8
39266,2.4
39267,-2.4
39268,-0.8
39269,-1.6
39270,0
39271,-1.6
39272,-6.4
39273,0.8
39274,2.4
39275,2.4
39276,0.8
39277,-0.8
39278,0
39279,-1.6
39280,0.8
39281,2.4
39282,0.8
39283,-1.6
39284,-0.8
39285,1.6
39286,2.4
39287,1.6
39288,2.4
39289,-1.6
39290,-1.6
39291,-4
39292,4
39293,0.8
39294,0.8
39295,-0.8
39296,0
39297,2.4
39298,0.8
39299,0.8
39300,-4
39301,-4
39302,0
39303,-1.6
39304,0
39305,-1.6
39306,0
39307,1.6
39308,-0.8
39309,2.4
39310,-2.4
39311,-3.2
39312,0.8
39313,0.8
39314,-3.2
39315,0
39316,3.2
39317,-2.4
39318,-1.6
39319,0.8
39320,-3.2
39321,0
39322,0
39323,-2.4
39324,1.6
39325,-0.8
39326,2.4
39327,-0.8
39328,0.8
39329,-2.4
39330,-2.4
39331,0.8
39332,2.4
39333,1.6
39334,-1.6
39335,0
39336,0.8
39337,-3.2
39338,0.8
39339,1.6
39340,1.6
39341,-4
39342,2.4
39343,1.6
39344,-1.6
39345,0
39346,0
39347,0.8
39348,0
39349,-2.4
39350,1.6
39351,0
39352,1.6
39353,0.8
39354,0.8
39355,0.8
39356,0.8
39357,1.6
39358,-1.6
39359,0
39360,-0.8
39361,0
39362,-2.4
39363,-1.6
39364,0.8
39365,-1.6
39366,0.8
39367,-3.2
39368,2.4
39369,0
39370,0.8
39371,0.8
39372,-0.8
39373,-1.6
39374,0.8
39375,0
39376,0
39377,3.2
39378,-1.6
39379,0
39380,-1.6
39381,0.8
39382,4
39383,-0.8
39384,0.8
39385,0
39386,0
39387,-0.8
39388,-4
39389,2.4
39390,0
39391,-0.8
39392,0.8
39393,2.4
39394,-3.2
39395,3.2
39396,-2.4
39397,2.4
39398,2.4
39399,-0.8
39400,-4
39401,-2.4
39402,0
39403,0.8
39404,0
39405,-0.8
39406,-3.2
39407,0
39408,-0.8
39409,-1.6
39410,-1.6
39411,0
39412,0.8
39413,-3.2
39414,-0.8
39415,0
39416,0
39417,0
39418,4
39419,0.8
39420,-0.8
39421,-0.8
39422,-0.8
39423,0.8
39424,0.8
39425,-1.6
39426,-0.8
39427,-1.6
39428,0
39429,-0.8
39430,-2.4
39431,-4
39432,3.2
39433,-3.2
39434,2.4
39435,0.8
39436,0.8
39437,-0.8
39438,0
39439,-3.2
39440,0
39441,2.4
39442,4
39443,0.8
39444,-0.8
39445,-0.8
39446,-2.4
39447,0.8
39448,4
39449,9.6
39450,0.8
39451,-0.8
39452,-1.6
39453,1.6
39454,2.4
39455,0
39456,6.4
39457,4
39458,-4
39459,2.4
39460,-3.2
39461,0.8
39462,2.4
39463,0.8
39464,0.8
39465,-3.2
39466,0
39467,0
39468,0.8
39469,0
39470,-1.6
39471,-1.6
39472,-0.8
39473,-3.2
39474,0
39475,0.8
39476,1.6
39477,-0.8
39478,-1.6
39479,2.4
39480,5.6
39481,-3.2
39482,0.8
39483,0.8
39484,-1.6
39485,0
39486,0
39487,-1.6
39488,0
39489,0
39490,2.4
39491,0.8
39492,4
39493,-0.8
39494,0.8
39495,0
39496,0
39497,3.2
39498,-1.6
39499,2.4
39500,2.4
39501,-2.4
39502,-2.4
39503,0.8
39504,-0.8
39505,-1.6
39506,-1.6
39507,0
39508,3.2
39509,-3.2
39510,-3.2
39511,0.8
39512,0
39513,0
39514,0
39515,0.8
39516,0
39517,-2.4
39518,-0.8
39519,0
39520,-0.8
39521,-0.8
39522,-2.4
39523,-4
39524,-4
39525,2.4
39526,0
39527,-2.4
39528,-0.8
39529,0
39530,-3.2
39531,0
39532,0.8
39533,-0.8
39534,0
39535,2.4
39536,-4
39537,0
39538,0
39539,-0.8
39540,2.4
39541,0.8
39542,2.4
39543,-2.4
39544,-0.8
39545,0
39546,-0.8
39547,-0.8
39548,3.2
39549,0
39550,2.4
39551,-4.8
39552,0
39553,0.8
39554,0.8
39555,-0.8
39556,-0.8
39557,-0.8
39558,2.4
39559,2.4
39560,0.8
39561,-0.8
39562,0.8
39563,-3.2
39564,2.4
39565,0.8
39566,0
39567,-6.4
39568,-0.8
39569,0
39570,2.4
39571,0.8
39572,0.8
39573,-0.8
39574,0.8
39575,3.2
39576,0
39577,0.8
39578,-4
39579,0.8
39580,-0.8
39581,0
39582,2.4
39583,0.8
39584,2.4
39585,3.2
39586,0
39587,0
39588,-0.8
39589,0.8
39590,2.4
39591,-0.8
39592,0.8
39593,-4
39594,-1.6
39595,0
39596,-4.8
39597,0.8
39598,1.6
39599,1.6
39600,-3.2
39601,0
39602,-1.6
39603,0
39604,0
39605,-0.8
39606,0
39607,0.8
39608,0
39609,0
39610,-0.8
39611,0.8
39612,-3.2
39613,-3.2
39614,-0.8
39615,5.6
39616,0.8
39617,-0.8
39618,-2.4
39619,-2.4
39620,-0.8
39621,-1.6
39622,-1.6
39623,1.6
39624,0
39625,-0.8
39626,0.8
39627,2.4
39628,2.4
39629,0
39630,0
39631,0.8
39632,-0.8
39633,1.6
39634,-0.8
39635,0.8
39636,-0.8
39637,1.6
39638,-2.4
39639,0.8
39640,-1.6
39641,2.4
39642,-2.4
39643,-7.2
39644,-2.4
39645,-0.8
39646,0.8
39647,0.8
39648,0
39649,-1.6
39650,-3.2
39651,0
39652,3.2
39653,2.4
39654,-2.4
39655,-2.4
39656,-3.2
39657,-2.4
39658,0
39659,0.8
39660,0.8
39661,0
39662,-0.8
39663,0
39664,-1.6
39665,-0.8
39666,-0.8
39667,0
39668,0
39669,-3.2
39670,0
39671,2.4
39672,-0.8
39673,0.8
39674,-0.8
39675,-2.4
39676,0
39677,0
39678,-0.8
39679,0
39680,0
39681,0.8
39682,0
39683,4
39684,-3.2
39685,-0.8
39686,0
39687,-0.8
39688,2.4
39689,-0.8
39690,-3.2
39691,1.6
39692,-2.4
39693,-1.6
39694,-2.4
39695,-3.2
39696,0
39697,2.4
39698,-1.6
39699,0
39700,0
39701,-4
39702,-4.8
39703,-9.6
39704,0
39705,0.8
39706,0
39707,-0.8
39708,2.4
39709,-1.6
39710,-0.8
39711,-1.6
39712,0.8
39713,0.8
39714,-4.8
39715,-4
39716,0
39717,2.4
39718,0.8
39719,0
39720,-0.8
39721,0
39722,0.8
39723,-1.6
39724,-3.2
39725,-1.6
39726,2.4
39727,0.8
39728,0.8
39729,0
39730,0.8
39731,0.8
39732,-3.2
39733,2.4
39734,0.8
39735,0.8
39736,0.8
39737,-0.8
39738,-0.8
39739,0
39740,-0.8
39741,1.6
39742,0.8
39743,-0.8
39744,0.8
39745,0
39746,0.8
39747,0.8
39748,-1.6
39749,0
39750,-0.8
39751,-1.6
39752,2.4
39753,2.4
39754,0
39755,-0.8
39756,-3.2
39757,1.6
39758,0.8
39759,0
39760,-0.8
39761,0.8
39762,1.6
39763,0.8
39764,-2.4
39765,0.8
39766,-1.6
39767,-3.2
39768,2.4
39769,0.8
39770,0
39771,0
39772,-0.8
39773,-0.8
39774,0
39775,-1.6
39776,0.8
39777,0
39778,-0.8
39779,1.6
39780,-0.8
39781,0.8
39782,0
39783,0
39784,0
39785,0
39786,-3.2
39787,0.8
39788,-0.8
39789,-1.6
39790,-0.8
39791,1.6
39792,0
39793,0
39794,0.8
39795,0
39796,2.4
39797,-4
39798,0
39799,0.8
39800,-0.8
39801,0.8
39802,-1.6
39803,0.8
39804,-1.6
39805,-0.8
39806,0.8
39807,0.8
39808,-5.6
39809,-0.8
39810,-1.6
39811,-3.2
39812,-3.2
39813,-1.6
39814,-0.8
39815,-0.8
39816,-0.8
39817,-4
39818,0.8
39819,0.8
39820,-0.8
39821,-0.8
39822,-1.6
39823,2.4
39824,-1.6
39825,0.8
39826,-1.6
39827,0.8
39828,0
39829,-0.8
39830,0.8
39831,-0.8
39832,0
39833,1.6
39834,0.8
39835,-0.8
39836,2.4
39837,1.6
39838,0.8
39839,0.8
39840,0
39841,2.4
39842,1.6
39843,-4
39844,-0.8
39845,0
39846,-3.2
39847,-2.4
39848,-0.8
39849,-3.2
39850,0.8
39851,0
39852,3.2
39853,0.8
39854,-0.8
39855,1.6
39856,-1.6
39857,2.4
39858,-3.2
39859,0
39860,-2.4
39861,-2.4
39862,-0.8
39863,0.8
39864,0
39865,0
39866,0
39867,-1.6
39868,0.8
39869,-3.2
39870,0.8
39871,0.8
39872,-0.8
39873,-3.2
39874,-0.8
39875,0
39876,-4
39877,-3.2
39878,0
39879,0.8
39880,-1.6
39881,1.6
39882,0
39883,-3.2
39884,-5.6
39885,-0.8
39886,2.4
39887,0.8
39888,2.4
39889,4
39890,0.8
39891,0
39892,-4
39893,-0.8
39894,0
39895,-1.6
39896,-2.4
39897,0
39898,2.4
39899,2.4
39900,-1.6
39901,1.6
39902,0
39903,0.8
39904,0
39905,0
39906,0.8
39907,-5.6
39908,-1.6
39909,-1.6
39910,-0.8
39911,-2.4
39912,0.8
39913,-3.2
39914,0
39915,0.8
39916,0
39917,-0.8
39918,2.4
39919,-2.4
39920,-0.8
39921,-1.6
39922,-2.4
39923,-4
39924,-0.8
39925,-4
39926,0.8
39927,-1.6
39928,0.8
39929,-0.8
39930,-0.8
39931,-2.4
39932,2.4
39933,-3.2
39934,2.4
39935,1.6
39936,2.4
39937,0.8
39938,2.4
39939,1.6
39940,2.4
39941,0
39942,0
39943,2.4
39944,0.8
39945,-0.8
39946,0
39947,0.8
39948,0.8
39949,2.4
39950,0
39951,0.8
39952,1.6
39953,2.4
39954,0
39955,0
39956,-1.6
39957,0.8
39958,0.8
39959,0
39960,0.8
39961,0.8
39962,-0.8
39963,-3.2
39964,0
39965,3.2
39966,-1.6
39967,-0.8
39968,0
39969,-2.4
39970,-0.8
39971,0.8
39972,0.8
39973,-0.8
39974,2.4
39975,-0.8
39976,-0.8
39977,-2.4
39978,-0.8
39979,0.8
39980,-0.8
39981,-0.8
39982,0
39983,0.8
39984,1.6
39985,0
39986,2.4
39987,0.8
39988,0
39989,-1.6
39990,0
39991,2.4
39992,1.6
39993,0.8
39994,-0.8
39995,-0.8
39996,1.6
39997,-1.6
39998,-3.2
39999,1.6
40000,-0.8
40001,-2.4
40002,-1.6
40003,0.8
40004,-0.8
40005,0
40006,-1.6
40007,0.8
40008,-1.6
40009,2.4
40010,-0.8
40011,-0.8
40012,-0.8
40013,-0.8
40014,-0.8
40015,1.6
40016,-1.6
40017,-1.6
40018,-2.4
40019,-0.8
40020,2.4
40021,-6.4
40022,1.6
40023,0
40024,-1.6
40025,-0.8
40026,0.8
40027,-1.6
40028,0.8
40029,0
40030,0.8
40031,1.6
40032,0
40033,0
40034,-3.2
40035,0.8
40036,2.4
40037,1.6
40038,4
40039,0
40040,2.4
40041,-0.8
40042,-1.6
40043,0
40044,0
40045,0.8
40046,-1.6
40047,-2.4
40048,2.4
40049,4
40050,2.4
40051,2.4
40052,2.4
40053,0.8
40054,5.6
40055,-0.8
40056,-1.6
40057,-0.8
40058,2.4
40059,0.8
40060,-0.8
40061,0
40062,2.4
40063,0.8
40064,-0.8
40065,0
40066,0.8
40067,0.8
40068,-0.8
40069,-1.6
40070,0.8
40071,-2.4
40072,-3.2
40073,0.8
40074,2.4
40075,0.8
40076,-3.2
40077,-0.8
40078,0
40079,2.4
40080,0
40081,-1.6
40082,0
40083,-2.4
40084,1.6
40085,2.4
40086,0.8
40087,2.4
40088,0
40089,-1.6
40090,-3.2
40091,2.4
40092,0
40093,0
40094,-0.8
40095,-0.8
40096,0.8
40097,2.4
40098,8
40099,3.2
40100,1.6
40101,0.8
40102,-1.6
40103,-0.8
40104,0
40105,-1.6
40106,-0.8
40107,2.4
40108,-4
40109,-3.2
40110,0.8
40111,0.8
40112,1.6
40113,-1.6
40114,0
40115,0
40116,-0.8
40117,-1.6
40118,0
40119,1.6
40120,-1.6
40121,1.6
40122,-1.6
40123,0.8
40124,-0.8
40125,2.4
40126,-3.2
40127,-3.2
40128,2.4
40129,-1.6
40130,-0.8
40131,-3.2
40132,0.8
40133,-1.6
40134,1.6
40135,-3.2
40136,0.8
40137,-1.6
40138,-2.4
40139,-1.6
40140,-3.2
40141,0
40142,-0.8
40143,-2.4
40144,-1.6
40145,0.8
40146,0.8
40147,-0.8
40148,0.8
40149,-0.8
40150,0
40151,2.4
40152,-1.6
40153,0.8
40154,0
40155,-2.4
40156,2.4
40157,-0.8
40158,1.6
40159,-0.8
40160,-2.4
40161,2.4
40162,-4
40163,-3.2
40164,4
40165,2.4
40166,-0.8
40167,0.8
40168,0
40169,0
40170,0
40171,-0.8
40172,-0.8
40173,-3.2
40174,0.8
40175,2.4
40176,3.2
40177,-0.8
40178,-0.8
40179,-2.4
40180,1.6
40181,2.4
40182,-3.2
40183,-0.8
40184,1.6
40185,-0.8
40186,2.4
40187,0.8
40188,0
40189,0
40190,-2.4
40191,0
40192,-0.8
40193,3.2
40194,0.8
40195,-1.6
40196,0.8
40197,0.8
40198,1.6
40199,1.6
40200,0
40201,-3.2
40202,1.6
40203,0.8
40204,-0.8
40205,0
40206,1.6
40207,1.6
40208,-3.2
40209,0.8
40210,0.8
40211,2.4
40212,0
40213,0
40214,0.8
40215,0.8
40216,-0.8
40217,-3.2
40218,2.4
40219,-0.8
40220,0
40221,0
40222,-1.6
40223,-3.2
40224,2.4
40225,0.8
40226,0
40227,2.4
40228,-1.6
40229,1.6
40230,0.8
40231,0.8
40232,2.4
40233,-3.2
40234,0
40235,0.8
40236,0.8
40237,0
40238,0
40239,0
40240,-4.8
40241,0
40242,-0.8
40243,0.8
40244,-0.8
40245,0
40246,0.8
40247,0.8
40248,-3.2
40249,-0.8
40250,2.4
40251,-2.4
40252,2.4
40253,2.4
40254,0
40255,2.4
40256,0
40257,-0.8
40258,0.8
40259,3.2
40260,0
40261,-5.6
40262,-1.6
40263,-3.2
40264,0.8
40265,3.2
40266,0.8
40267,2.4
40268,0
40269,-0.8
40270,-3.2
40271,0
40272,-4
40273,1.6
40274,0
40275,0.8
40276,4
40277,0.8
40278,-1.6
40279,0
40280,0
40281,-1.6
40282,-0.8
40283,2.4
40284,0.8
40285,0
40286,-0.8
40287,0
40288,1.6
40289,0.8
40290,2.4
40291,-0.8
40292,0
40293,0.8
40294,0
40295,-0.8
40296,-2.4
40297,0.8
40298,4
40299,-3.2
40300,-0.8
40301,0
40302,2.4
40303,0.8
40304,0
40305,0.8
40306,1.6
40307,-1.6
40308,2.4
40309,-0.8
40310,-1.6
40311,-0.8
40312,0.8
40313,-2.4
40314,0
40315,1.6
40316,0.8
40317,1.6
40318,1.6
40319,2.4
40320,0.8
40321,-1.6
40322,0
40323,0.8
40324,-3.2
40325,0
40326,-4
40327,-1.6
40328,-0.8
40329,0
40330,-1.6
40331,1.6
40332,0.8
40333,0.8
40334,-0.8
40335,-0.8
40336,2.4
40337,0
40338,-0.8
40339,-1.6
40340,0.8
40341,-0.8
40342,4
40343,1.6
40344,0
40345,1.6
40346,0
40347,-0.8
40348,1.6
40349,-0.8
40350,-1.6
40351,-5.6
40352,0.8
40353,0.8
40354,-0.8
40355,0
40356,0
40357,-1.6
40358,0
40359,0.8
40360,0
40361,0
40362,0
40363,-0.8
40364,-3.2
40365,0.8
40366,0.8
40367,-2.4
40368,0
40369,-3.2
40370,0
40371,-0.8
40372,0
40373,-2.4
40374,6.4
40375,0
40376,0.8
40377,-1.6
40378,-0.8
40379,-5.6
40380,0
40381,1.6
40382,0.8
40383,-2.4
40384,2.4
40385,0.8
40386,2.4
40387,0
40388,0.8
40389,-3.2
40390,2.4
40391,0.8
40392,0.8
40393,0.8
40394,0.8
40395,0.8
40396,0.8
40397,-1.6
40398,-3.2
40399,-1.6
40400,-3.2
40401,-1.6
40402,-0.8
40403,0.8
40404,-1.6
40405,0.8
40406,-0.8
40407,1.6
40408,-1.6
40409,-0.8
40410,-0.8
40411,0
40412,-0.8
40413,0.8
40414,-1.6
40415,0.8
40416,0
40417,-0.8
40418,0
40419,0.8
40420,0
40421,0.8
40422,0.8
40423,-0.8
40424,-3.2
40425,0.8
40426,2.4
40427,-0.8
40428,0
40429,0.8
40430,2.4
40431,-0.8
40432,0
40433,0.8
40434,0
40435,-1.6
40436,2.4
40437,0
40438,0
40439,-0.8
40440,0
40441,-0.8
40442,0
40443,-0.8
40444,-1.6
40445,-0.8
40446,-0.8
40447,-6.4
40448,3.2
40449,1.6
40450,2.4
40451,-3.2
40452,0
40453,0
40454,2.4
40455,0.8
40456,0.8
40457,2.4
40458,0
40459,-1.6
40460,-0.8
40461,0.8
40462,-0.8
40463,-0.8
40464,-3.2
40465,0.8
40466,-1.6
40467,-0.8
40468,0
40469,-0.8
40470,0
40471,0
40472,0
40473,4
40474,0.8
40475,0.8
40476,-3.2
40477,0
40478,2.4
40479,2.4
40480,3.2
40481,0
40482,-0.8
40483,0.8
40484,0.8
40485,0.8
40486,1.6
40487,-0.8
40488,0
40489,0.8
40490,0.8
40491,0.8
40492,-0.8
40493,2.4
40494,-3.2
40495,-1.6
40496,2.4
40497,0
40498,5.6
40499,0.8
40500,2.4
40501,-2.4
40502,0
40503,1.6
40504,1.6
40505,0.8
40506,-2.4
40507,-3.2
40508,4
40509,-3.2
40510,0
40511,0.8
40512,-0.8
40513,-0.8
40514,0.8
40515,0.8
40516,-0.8
40517,0
40518,0.8
40519,2.4
40520,0
40521,0
40522,0
40523,0
40524,-1.6
40525,-0.8
40526,-3.2
40527,0
40528,0.8
40529,2.4
40530,0.8
40531,-0.8
40532,0
40533,0
40534,0.8
40535,-0.8
40536,-3.2
40537,-3.2
40538,-1.6
40539,-0.8
40540,1.6
40541,0.8
40542,-3.2
40543,0.8
40544,0.8
40545,-1.6
40546,0.8
40547,0.8
40548,-1.6
40549,0.8
40550,0.8
40551,-0.8
40552,-0.8
40553,0
40554,-1.6
40555,-0.8
40556,0.8
40557,0.8
40558,-0.8
40559,0.8
40560,0.8
40561,-2.4
40562,-4
40563,-0.8
40564,-0.8
40565,-1.6
40566,-3.2
40567,-3.2
40568,-3.2
40569,-1.6
40570,-1.6
40571,-1.6
40572,0.8
40573,-1.6
40574,-0.8
40575,-3.2
40576,5.6
40577,-0.8
40578,-2.4
40579,0.8
40580,0
40581,0.8
40582,2.4
40583,0.8
40584,0.8
40585,1.6
40586,0
40587,-1.6
40588,2.4
40589,-0.8
40590,0
40591,-3.2
40592,1.6
40593,-0.8
40594,0.8
40595,2.4
40596,-2.4
40597,-3.2
40598,-3.2
40599,-3.2
40600,-2.4
40601,-1.6
40602,0
40603,2.4
40604,-2.4
40605,3.2
40606,0.8
40607,-1.6
40608,3.2
40609,-2.4
40610,2.4
40611,-3.2
40612,-3.2
40613,0.8
40614,2.4
40615,0.8
40616,0
40617,-1.6
40618,0
40619,-0.8
40620,-6.4
40621,-3.2
40622,0.8
40623,0
40624,0
40625,-5.6
40626,0
40627,0.8
40628,-1.6
40629,-0.8
40630,-3.2
40631,-0.8
40632,2.4
40633,2.4
40634,2.4
40635,0
40636,2.4
40637,0.8
40638,0
40639,2.4
40640,2.4
40641,-3.2
40642,0.8
40643,0.8
40644,0
40645,0
40646,-0.8
40647,0.8
40648,2.4
40649,-0.8
40650,-1.6
40651,-1.6
40652,0
40653,-0.8
40654,-4.8
40655,0.8
40656,0.8
40657,-3.2
40658,0
40659,-3.2
40660,-3.2
40661,0
40662,0
40663,0.8
40664,-0.8
40665,-2.4
40666,0
40667,-2.4
40668,-1.6
40669,0
40670,-0.8
40671,-1.6
40672,-2.4
40673,-2.4
40674,2.4
40675,-3.2
40676,4
40677,0
40678,-0.8
40679,-1.6
40680,-0.8
40681,-1.6
40682,0
40683,-0.8
40684,0
40685,-3.2
40686,1.6
40687,-3.2
40688,-2.4
40689,-3.2
40690,-1.6
40691,-1.6
40692,0.8
40693,4
40694,0.8
40695,-0.8
40696,0
40697,3.2
40698,-4
40699,-1.6
40700,2.4
40701,0
40702,-3.2
40703,2.4
40704,0.8
40705,0.8
40706,3.2
40707,-3.2
40708,-0.8
40709,1.6
40710,0
40711,-0.8
40712,0
40713,-1.6
40714,-3.2
40715,-4
40716,2.4
40717,-0.8
40718,-0.8
40719,0
40720,-0.8
40721,-3.2
40722,0
40723,0
40724,-4
40725,0.8
40726,5.6
40727,0.8
40728,-0.8
40729,0.8
40730,-0.8
40731,-0.8
40732,1.6
40733,-0.8
40734,0
40735,-0.8
40736,-1.6
40737,0
40738,-1.6
40739,-2.4
40740,-0.8
40741,-1.6
40742,2.4
40743,1.6
40744,2.4
40745,1.6
40746,0.8
40747,0
40748,1.6
40749,-3.2
40750,2.4
40751,-1.6
40752,0
40753,0
40754,0
40755,-1.6
40756,0.8
40757,0.8
40758,1.6
40759,-0.8
40760,0.8
40761,0
40762,-0.8
40763,0.8
40764,-0.8
40765,-3.2
40766,-1.6
40767,0.8
40768,0
40769,-4.8
40770,-1.6
40771,0
40772,-2.4
40773,-1.6
40774,0
40775,2.4
40776,2.4
40777,-1.6
40778,-0.8
40779,0
40780,-0.8
40781,0
40782,0
40783,-3.2
40784,-2.4
40785,0
40786,-3.2
40787,0
40788,2.4
40789,0.8
40790,0.8
40791,-3.2
40792,2.4
40793,0.8
40794,0
40795,2.4
40796,-2.4
40797,-1.6
40798,-1.6
40799,3.2
40800,0
40801,-3.2
40802,0
40803,2.4
40804,0
40805,2.4
40806,1.6
40807,3.2
40808,-1.6
40809,-3.2
40810,0
40811,-2.4
40812,-4
40813,-0.8
40814,-0.8
40815,0
40816,2.4
40817,-4.8
40818,-0.8
40819,-3.2
40820,4
40821,0
40822,-0.8
40823,-3.2
40824,-1.6
40825,-3.2
40826,1.6
40827,0.8
40828,2.4
40829,2.4
40830,-2.4
40831,0.8
40832,4
40833,-1.6
40834,2.4
40835,-3.2
40836,0
40837,-0.8
40838,0
40839,0
40840,2.4
40841,0
40842,1.6
40843,0
40844,4
40845,0.8
40846,0
40847,-6.4
40848,-2.4
40849,3.2
40850,0.8
40851,-4
40852,1.6
40853,0.8
40854,-0.8
40855,0.8
40856,-0.8
40857,-2.4
40858,4
40859,4
40860,0
40861,-1.6
40862,0
40863,0
40864,-2.4
40865,0.8
40866,-1.6
40867,-3.2
40868,-6.4
40869,0
40870,-2.4
40871,0
40872,-1.6
40873,0
40874,0.8
40875,0.8
40876,-3.2
40877,-2.4
40878,0
40879,0.8
40880,-0.8
40881,-3.2
40882,-0.8
40883,-4
40884,0
40885,-0.8
40886,0
40887,-1.6
40888,0.8
40889,0.8
40890,1.6
40891,-3.2
40892,-1.6
40893,2.4
40894,-0.8
40895,-1.6
40896,0.8
40897,-1.6
40898,4
40899,0.8
40900,-1.6
40901,-1.6
40902,1.6
40903,4
40904,2.4
40905,0
40906,0
40907,-0.8
40908,-0.8
40909,2.4
40910,0
40911,-0.8
40912,0.8
40913,0.8
40914,0.8
40915,0
40916,2.4
40917,1.6
40918,-3.2
40919,0.8
40920,-0.8
40921,-1.6
40922,-1.6
40923,0
40924,2.4
40925,0.8
40926,-1.6
40927,-3.2
40928,-2.4
40929,0
40930,-2.4
40931,-1.6
40932,0
40933,-3.2
40934,-1.6
40935,-0.8
40936,0.8
40937,0
40938,0.8
40939,0.8
40940,0.8
40941,-0.8
40942,2.4
40943,-0.8
40944,1.6
40945,0
40946,0.8
40947,3.2
40948,0.8
40949,0.8
40950,1.6
40951,-0.8
40952,-4.8
40953,-1.6
40954,0.8
40955,0
40956,-0.8
40957,2.4
40958,2.4
40959,-3.2
40960,-6.4
40961,-3.2
40962,-1.6
40963,-1.6
40964,-3.2
40965,-1.6
40966,-1.6
40967,-1.6
40968,0
40969,3.2
40970,0
40971,-2.4
40972,0.8
40973,-0.8
40974,-2.4
40975,-0.8
40976,0
40977,-3.2
40978,0.8
40979,-1.6
40980,-0.8
40981,-3.2
40982,-0.8
40983,1.6
40984,0.8
40985,-0.8
40986,0.8
40987,-0.8
40988,-2.4
40989,2.4
40990,-0.8
40991,0.8
40992,2.4
40993,3.2
40994,-3.2
40995,-0.8
40996,0.8
40997,0.8
40998,2.4
40999,-1.6
41000,0.8
41001,-0.8
41002,0.8
41003,0.8
41004,0.8
41005,0
41006,2.4
41007,2.4
41008,0.8
41009,0
41010,-0.8
41011,-3.2
41012,-0.8
41013,0.8
41014,0
41015,1.6
41016,0.8
41017,-0.8
41018,0.8
41019,3.2
41020,-0.8
41021,-2.4
41022,3.2
41023,0
41024,-3.2
41025,0
41026,-0.8
41027,1.6
41028,0
41029,0.8
41030,-1.6
41031,-0.8
41032,-0.8
41033,1.6
41034,-0.8
41035,0
41036,1.6
41037,0.8
41038,-1.6
41039,0.8
41040,-3.2
41041,-0.8
41042,0.8
41043,2.4
41044,0
41045,0
41046,0.8
41047,8.8
41048,2.4
41049,2.4
41050,0.8
41051,-3.2
41052,5.6
41053,0.8
41054,2.4
41055,0
41056,-0.8
41057,-1.6
41058,-4
41059,-0.8
41060,0
41061,0.8
41062,-0.8
41063,-0.8
41064,0
41065,2.4
41066,-1.6
41067,0
41068,-2.4
41069,1.6
41070,-1.6
41071,0.8
41072,0
41073,2.4
41074,-1.6
41075,2.4
41076,5.6
41077,0
41078,0
41079,0.8
41080,-2.4
41081,-1.6
41082,1.6
41083,-1.6
41084,-4
41085,-0.8
41086,2.4
41087,0
41088,0.8
41089,0
41090,2.4
41091,8
41092,-4
41093,0.8
41094,0
41095,-1.6
41096,0.8
41097,-0.8
41098,0.8
41099,3.2
41100,-3.2
41101,0
41102,0.8
41103,0.8
41104,-1.6
41105,-1.6
41106,0.8
41107,-1.6
41108,2.4
41109,0
41110,0.8
41111,2.4
41112,0
41113,2.4
41114,-3.2
41115,-3.2
41116,2.4
41117,0
41118,-0.8
41119,0
41120,-1.6
41121,-2.4
41122,0.8
41123,0
41124,-4
41125,-4.8
41126,0.8
41127,-3.2
41128,1.6
41129,-0.8
41130,0.8
41131,-4
41132,0
41133,-1.6
41134,4
41135,2.4
41136,0
41137,-0.8
41138,0
41139,-1.6
41140,0
41141,0.8
41142,2.4
41143,0
41144,-0.8
41145,-2.4
41146,0.8
41147,0.8
41148,2.4
41149,-2.4
41150,0.8
41151,-0.8
41152,0
41153,0
41154,0
41155,-2.4
41156,-2.4
41157,-4
41158,-3.2
41159,0
41160,0.8
41161,-0.8
41162,0.8
41163,-1.6
41164,0
41165,0.8
41166,0.8
41167,0
41168,-1.6
41169,1.6
41170,-0.8
41171,-3.2
41172,0
41173,0
41174,-0.8
41175,0
41176,1.6
41177,0
41178,0
41179,0.8
41180,0
41181,3.2
41182,2.4
41183,1.6
41184,-0.8
41185,-4
41186,2.4
41187,2.4
41188,0.8
41189,0
41190,2.4
41191,2.4
41192,-0.8
41193,-3.2
41194,-0.8
41195,0.8
41196,-0.8
41197,0.8
41198,1.6
41199,-5.6
41200,-5.6
41201,-1.6
41202,-3.2
41203,-3.2
41204,0.8
41205,-1.6
41206,0
41207,-1.6
41208,0
41209,-3.2
41210,-0.8
41211,0
41212,-0.8
41213,0
41214,-3.2
41215,-0.8
41216,-0.8
41217,0
41218,-0.8
41219,0
41220,0
41221,-6.4
41222,0
41223,0
41224,-0.8
41225,-2.4
41226,0.8
41227,0.8
41228,-2.4
41229,-3.2
41230,-3.2
41231,-3.2
41232,0.8
41233,0
41234,0.8
41235,-4
41236,1.6
41237,0
41238,0
41239,0
41240,0.8
41241,1.6
41242,4
41243,2.4
41244,-4
41245,1.6
41246,0.8
41247,-0.8
41248,-0.8
41249,0.8
41250,-1.6
41251,-1.6
41252,0
41253,4
41254,4
41255,0
41256,0.8
41257,-0.8
41258,-0.8
41259,1.6
41260,0.8
41261,0
41262,0
41263,-3.2
41264,0.8
41265,-0.8
41266,0.8
41267,0
41268,-0.8
41269,-0.8
41270,0
41271,0
41272,0.8
41273,0
41274,-3.2
41275,2.4
41276,0
41277,-0.8
41278,0.8
41279,0
41280,0
41281,-0.8
41282,0
41283,2.4
41284,-1.6
41285,1.6
41286,0.8
41287,0.8
41288,-2.4
41289,1.6
41290,2.4
41291,-3.2
41292,-2.4
41293,2.4
41294,0
41295,0.8
41296,2.4
41297,0
41298,-2.4
41299,-3.2
41300,-4
41301,-1.6
41302,2.4
41303,4
41304,-1.6
41305,-0.8
41306,-1.6
41307,-1.6
41308,0.8
41309,-2.4
41310,0.8
41311,-0.8
41312,-3.2
41313,-6.4
41314,2.4
41315,-1.6
41316,0.8
41317,0.8
41318,-0.8
41319,-0.8
41320,0.8
41321,-0.8
41322,0
41323,0
41324,-1.6
41325,-3.2
41326,1.6
41327,0.8
41328,-1.6
41329,-1.6
41330,-2.4
41331,-0.8
41332,3.2
41333,-3.2
41334,2.4
41335,-3.2
41336,3.2
41337,-1.6
41338,-0.8
41339,2.4
41340,0.8
41341,0.8
41342,0.8
41343,0.8
41344,-0.8
41345,0.8
41346,0
41347,-1.6
41348,-1.6
41349,2.4
41350,-2.4
41351,5.6
41352,0
41353,0
41354,-0.8
41355,0
41356,0
41357,-2.4
41358,-3.2
41359,0.8
41360,0.8
41361,-1.6
41362,-1.6
41363,2.4
41364,-0.8
41365,0
41366,1.6
41367,-1.6
41368,0
41369,0
41370,-3.2
41371,0
41372,0.8
41373,0
41374,-5.6
41375,-4
41376,-0.8
41377,-0.8
41378,0
41379,-0.8
41380,2.4
41381,2.4
41382,-3.2
41383,-0.8
41384,0
41385,-1.6
41386,0
41387,0
41388,2.4
41389,0.8
41390,-0.8
41391,2.4
41392,0
41393,2.4
41394,0
41395,-0.8
41396,0.8
41397,-0.8
41398,2.4
41399,3.2
41400,2.4
41401,0
41402,-0.8
41403,1.6
41404,0
41405,-5.6
41406,0.8
41407,-0.8
41408,-0.8
41409,2.4
41410,0.8
41411,-0.8
41412,-3.2
41413,1.6
41414,-2.4
41415,-3.2
41416,0.8
41417,7.2
41418,-3.2
41419,0.8
41420,-1.6
41421,4
41422,-3.2
41423,-3.2
41424,-0.8
41425,7.2
41426,3.2
41427,-0.8
41428,-1.6
41429,-7.2
41430,0
41431,0.8
41432,0
41433,1.6
41434,0.8
41435,-0.8
41436,0.8
41437,0.8
41438,0
41439,0.8
41440,0
41441,2.4
41442,-1.6
41443,2.4
41444,0
41445,4
41446,0
41447,1.6
41448,0
41449,2.4
41450,-1.6
41451,-1.6
41452,-3.2
41453,-0.8
41454,1.6
41455,0.8
41456,0
41457,-3.2
41458,-1.6
41459,-0.8
41460,-3.2
41461,-0.8
41462,0
41463,-1.6
41464,-0.8
41465,-0.8
41466,-8.8
41467,-3.2
41468,-0.8
41469,0
41470,0
41471,-0.8
41472,-2.4
41473,-0.8
41474,0
41475,3.2
41476,2.4
41477,4
41478,0
41479,-0.8
41480,0
41481,0
41482,0
41483,-1.6
41484,2.4
41485,-2.4
41486,-1.6
41487,0.8
41488,0.8
41489,0.8
41490,-0.8
41491,-0.8
41492,1.6
41493,2.4
41494,0.8
41495,-0.8
41496,-0.8
41497,0
41498,-3.2
41499,0
41500,2.4
41501,0
41502,3.2
41503,4
41504,0
41505,-2.4
41506,-1.6
41507,0
41508,-1.6
41509,-3.2
41510,0.8
41511,-0.8
41512,-3.2
41513,-2.4
41514,0
41515,2.4
41516,2.4
41517,-1.6
41518,-1.6
41519,0
41520,0
41521,0.8
41522,0
41523,0.8
41524,0
41525,-0.8
41526,0.8
41527,0
41528,-0.8
41529,-0.8
41530,1.6
41531,0.8
41532,2.4
41533,-0.8
41534,-0.8
41535,-0.8
41536,1.6
41537,0
41538,2.4
41539,2.4
41540,0.8
41541,-1.6
41542,2.4
41543,3.2
41544,1.6
41545,0.8
41546,0
41547,0
41548,4
41549,3.2
41550,-0.8
41551,2.4
41552,-0.8
41553,-6.4
41554,2.4
41555,0.8
41556,0.8
41557,-3.2
41558,0.8
41559,2.4
41560,-0.8
41561,-1.6
41562,-0.8
41563,-1.6
41564,-0.8
41565,0
41566,-3.2
41567,-1.6
41568,-1.6
41569,2.4
41570,-0.8
41571,-1.6
41572,0
41573,-3.2
41574,-0.8
41575,0.8
41576,-2.4
41577,-0.8
41578,-3.2
41579,-3.2
41580,-0.8
41581,-0.8
41582,0
41583,3.2
41584,0
41585,-0.8
41586,0.8
41587,2.4
41588,2.4
41589,2.4
41590,3.2
41591,1.6
41592,0
41593,2.4
41594,2.4
41595,-0.8
41596,0.8
41597,0.8
41598,0.8
41599,-0.8
41600,-1.6
41601,-3.2
41602,0.8
41603,0.8
41604,-0.8
41605,-0.8
41606,-1.6
41607,-3.2
41608,-0.8
41609,0
41610,2.4
41611,0
41612,0.8
41613,0.8
41614,3.2
41615,-2.4
41616,0
41617,0.8
41618,0
41619,0.8
41620,-1.6
41621,0
41622,-0.8
41623,-0.8
41624,-0.8
41625,-3.2
41626,-3.2
41627,-0.8
41628,-0.8
41629,-0.8
41630,0
41631,-0.8
41632,2.4
41633,0.8
41634,-1.6
41635,0
41636,0
41637,0.8
41638,-3.2
41639,4
41640,0
41641,0
41642,2.4
41643,4
41644,2.4
41645,-0.8
41646,-0.8
41647,0.8
41648,2.4
41649,2.4
41650,4
41651,-4
41652,-1.6
41653,-1.6
41654,0
41655,0
41656,0.8
41657,3.2
41658,2.4
41659,0
41660,-4
41661,0
41662,1.6
41663,0.8
41664,0.8
41665,0
41666,1.6
41667,-1.6
41668,0
41669,0
41670,-3.2
41671,-0.8
41672,0
41673,0
41674,3.2
41675,-3.2
41676,-1.6
41677,0.8
41678,0
41679,2.4
41680,-0.8
41681,0.8
41682,0
41683,-1.6
41684,-0.8
41685,-1.6
41686,-0.8
41687,0.8
41688,2.4
41689,0.8
41690,-1.6
41691,-4
41692,1.6
41693,0.8
41694,-0.8
41695,-4
41696,0.8
41697,1.6
41698,0.8
41699,2.4
41700,0.8
41701,-2.4
41702,-1.6
41703,2.4
41704,2.4
41705,-1.6
41706,1.6
41707,0
41708,0
41709,-2.4
41710,0.8
41711,-3.2
41712,0.8
41713,0.8
41714,0
41715,1.6
41716,-2.4
41717,0.8
41718,-0.8
41719,0
41720,0
41721,0
41722,-2.4
41723,-0.8
41724,0
41725,0.8
41726,0
41727,1.6
41728,0
41729,0
41730,-1.6
41731,0.8
41732,2.4
41733,2.4
41734,0
41735,0.8
41736,0
41737,0.8
41738,0
41739,1.6
41740,0.8
41741,1.6
41742,-3.2
41743,2.4
41744,0
41745,4
41746,0
41747,-0.8
41748,-2.4
41749,2.4
41750,2.4
41751,4
41752,0.8
41753,0.8
41754,2.4
41755,0
41756,2.4
41757,0
41758,0
41759,-0.8
41760,0.8
41761,-1.6
41762,-3.2
41763,0.8
41764,-1.6
41765,-2.4
41766,-0.8
41767,0.8
41768,-3.2
41769,-3.2
41770,0
41771,0
41772,0.8
41773,0.8
41774,2.4
41775,-0.8
41776,-2.4
41777,-0.8
41778,0
41779,2.4
41780,-0.8
41781,2.4
41782,0
41783,-0.8
41784,1.6
41785,0
41786,4
41787,2.4
41788,2.4
41789,-1.6
41790,0.8
41791,0
41792,-0.8
41793,-1.6
41794,0
41795,-1.6
41796,0
41797,0.8
41798,2.4
41799,0.8
41800,-0.8
41801,-1.6
41802,2.4
41803,0
41804,-0.8
41805,0
41806,0
41807,-2.4
41808,-2.4
41809,0
41810,0.8
41811,0
41812,0
41813,0
41814,2.4
41815,-0.8
41816,1.6
41817,0
41818,-0.8
41819,-0.8
41820,-2.4
41821,-1.6
41822,-0.8
41823,0.8
41824,4
41825,2.4
41826,1.6
41827,0.8
41828,3.2
41829,-2.4
41830,0.8
41831,0
41832,0
41833,0.8
41834,0.8
41835,0
41836,0
41837,0
41838,0
41839,0.8
41840,0
41841,2.4
41842,-0.8
41843,0
41844,2.4
41845,-0.8
41846,7.2
41847,1.6
41848,0.8
41849,0
41850,-0.8
41851,0
41852,2.4
41853,0
41854,0.8
41855,-0.8
41856,0.8
41857,0
41858,-0.8
41859,2.4
41860,4
41861,0.8
41862,-4
41863,1.6
41864,0.8
41865,0
41866,-0.8
41867,-0.8
41868,0
41869,-0.8
41870,-0.8
41871,0
41872,-0.8
41873,-3.2
41874,-0.8
41875,-3.2
41876,-0.8
41877,1.6
41878,2.4
41879,-6.4
41880,0
41881,-0.8
41882,-1.6
41883,-3.2
41884,2.4
41885,-3.2
41886,-3.2
41887,0.8
41888,-1.6
41889,-1.6
41890,0
41891,1.6
41892,-1.6
41893,2.4
41894,0.8
41895,-0.8
41896,-2.4
41897,0
41898,1.6
41899,0.8
41900,-2.4
41901,-0.8
41902,-4
41903,-1.6
41904,2.4
41905,0
41906,-0.8
41907,-1.6
41908,-3.2
41909,0
41910,0
41911,0
41912,0.8
41913,-3.2
41914,0.8
41915,0
41916,-3.2
41917,0
41918,-0.8
41919,2.4
41920,-0.8
41921,-1.6
41922,0.8
41923,0
41924,-0.8
41925,-1.6
41926,0
41927,3.2
41928,0.8
41929,-1.6
41930,0.8
41931,-0.8
41932,0
41933,-1.6
41934,0
41935,-0.8
41936,0
41937,-1.6
41938,0
41939,1.6
41940,-0.8
41941,0
41942,-0.8
41943,0.8
41944,0
41945,2.4
41946,0
41947,0
41948,1.6
41949,-1.6
41950,-3.2
41951,0
41952,1.6
41953,0
41954,5.6
41955,0
41956,-1.6
41957,2.4
41958,0
41959,0
41960,0.8
41961,0
41962,-0.8
41963,-1.6
41964,0.8
41965,0
41966,-2.4
41967,-4
41968,-0.8
41969,0.8
41970,0
41971,-0.8
41972,0.8
41973,-1.6
41974,-4
41975,-0.8
41976,0.8
41977,3.2
41978,-1.6
41979,-1.6
41980,0
41981,0.8
41982,0
41983,2.4
41984,-0.8
41985,2.4
41986,0.8
41987,0.8
41988,0
41989,0.8
41990,0
41991,-3.2
41992,-0.8
41993,2.4
41994,3.2
41995,0.8
41996,0.8
41997,0.8
41998,2.4
41999,-1.6
42000,2.4
42001,0.8
42002,0.8
42003,2.4
42004,-0.8
42005,0.8
42006,0.8
42007,0
42008,-1.6
42009,0
42010,0.8
42011,-0.8
42012,-0.8
42013,-1.6
42014,-0.8
42015,0
42016,0.8
42017,-2.4
42018,1.6
42019,0
42020,-1.6
42021,-3.2
42022,0
42023,-2.4
42024,3.2
42025,1.6
42026,0.8
42027,-2.4
42028,2.4
42029,-3.2
42030,-3.2
42031,2.4
42032,-6.4
42033,2.4
42034,-1.6
42035,-3.2
42036,-1.6
42037,-3.2
42038,0
42039,-3.2
42040,-3.2
42041,-0.8
42042,0
42043,-2.4
42044,0.8
42045,0.8
42046,0
42047,0.8
42048,-1.6
42049,0
42050,0
42051,0.8
42052,0
42053,2.4
42054,0.8
42055,1.6
42056,-0.8
42057,0.8
42058,0.8
42059,2.4
42060,0
42061,-3.2
42062,0
42063,0.8
42064,-0.8
42065,-1.6
42066,-0.8
42067,-0.8
42068,0
42069,0
42070,-2.4
42071,-3.2
42072,0
42073,0.8
42074,-3.2
42075,-0.8
42076,4
42077,2.4
42078,1.6
42079,-0.8
42080,-2.4
42081,-1.6
42082,1.6
42083,0
42084,0.8
42085,-0.8
42086,-0.8
42087,0
42088,0
42089,0.8
42090,1.6
42091,0
42092,-2.4
42093,-1.6
42094,0.8
42095,-0.8
42096,0
42097,0
42098,2.4
42099,0
42100,2.4
42101,-3.2
42102,-0.8
42103,1.6
42104,0
42105,0
42106,1.6
42107,-1.6
42108,0
42109,0.8
42110,0
42111,-1.6
42112,-3.2
42113,0
42114,-3.2
42115,-0.8
42116,0
42117,0
42118,-1.6
42119,0.8
42120,0
42121,-0.8
42122,-1.6
42123,0.8
42124,-1.6
42125,-1.6
42126,-3.2
42127,0.8
42128,-1.6
42129,-0.8
42130,2.4
42131,-0.8
42132,0
42133,0.8
42134,0
42135,0.8
42136,0.8
42137,0.8
42138,-0.8
42139,-0.8
42140,0
42141,0
42142,0.8
42143,-1.6
42144,-1.6
42145,-1.6
42146,0.8
42147,1.6
42148,-1.6
42149,0
42150,-2.4
42151,2.4
42152,-0.8
42153,0
42154,2.4
42155,0.8
42156,-1.6
42157,0
42158,1.6
42159,0.8
42160,-4.8
42161,0
42162,-0.8
42163,-3.2
42164,-0.8
42165,2.4
42166,0.8
42167,-1.6
42168,-1.6
42169,-0.8
42170,0
42171,1.6
42172,-0.8
42173,1.6
42174,0
42175,-1.6
42176,0.8
42177,-4
42178,0
42179,0.8
42180,2.4
42181,-0.8
42182,-3.2
42183,0.8
42184,0
42185,-1.6
42186,-2.4
42187,0
42188,0.8
42189,0
42190,-4.8
42191,-3.2
42192,2.4
42193,0.8
42194,1.6
42195,0
42196,-0.8
42197,0.8
42198,0
42199,2.4
42200,4
42201,0
42202,0.8
42203,-2.4
42204,-0.8
42205,-0.8
42206,-0.8
42207,0
42208,0
42209,-3.2
42210,0
42211,-0.8
42212,-1.6
42213,0.8
42214,-0.8
42215,0
42216,0
42217,-3.2
42218,-0.8
42219,-1.6
42220,0.8
42221,0.8
42222,2.4
42223,0.8
42224,0
42225,-3.2
42226,0
42227,0
42228,-0.8
42229,-0.8
42230,0.8
42231,0
42232,2.4
42233,-0.8
42234,-0.8
42235,0
42236,0
42237,2.4
42238,2.4
42239,0.8
42240,-3.2
42241,-2.4
42242,-3.2
42243,0.8
42244,1.6
42245,0
42246,-1.6
42247,2.4
42248,0
42249,2.4
42250,3.2
42251,-4
42252,2.4
42253,0.8
42254,0
42255,0
42256,5.6
42257,-4.8
42258,-1.6
42259,-0.8
42260,-1.6
42261,-2.4
42262,-0.8
42263,0.8
42264,0
42265,-3.2
42266,-0.8
42267,0
42268,0
42269,-1.6
42270,-0.8
42271,-0.8
42272,-0.8
42273,0
42274,1.6
42275,-2.4
42276,-1.6
42277,0.8
42278,-1.6
42279,-0.8
42280,0
42281,0.8
42282,0.8
42283,2.4
42284,1.6
42285,-1.6
42286,0
42287,0
42288,-1.6
42289,2.4
42290,0.8
42291,-0.8
42292,2.4
42293,-1.6
42294,4
42295,-3.2
42296,0
42297,1.6
42298,2.4
42299,2.4
42300,-0.8
42301,0
42302,-4
42303,0
42304,0
42305,1.6
42306,0.8
42307,0.8
42308,3.2
42309,-1.6
42310,3.2
42311,-0.8
42312,-2.4
42313,0
42314,0.8
42315,1.6
42316,0.8
42317,0
42318,0.8
42319,-4
42320,0.8
42321,0
42322,0
42323,2.4
42324,2.4
42325,-5.6
42326,2.4
42327,0
42328,-2.4
42329,-0.8
42330,0.8
42331,-0.8
42332,-1.6
42333,0.8
42334,4
42335,0.8
42336,0
42337,-0.8
42338,0.8
42339,0.8
42340,0
42341,0
42342,-4
42343,-0.8
42344,1.6
42345,0
42346,0
42347,-0.8
42348,0
42349,-2.4
42350,-3.2
42351,-2.4
42352,4
42353,0.8
42354,-1.6
42355,-3.2
42356,-0.8
42357,0
42358,0
42359,0.8
42360,0.8
42361,-0.8
42362,2.4
42363,2.4
42364,-2.4
42365,-0.8
42366,-0.8
42367,0
42368,0.8
42369,-2.4
42370,0.8
42371,-0.8
42372,-1.6
42373,4
42374,-0.8
42375,-2.4
42376,0
42377,5.6
42378,-0.8
42379,0
42380,-0.8
42381,0.8
42382,-0.8
42383,-0.8
42384,0.8
42385,1.6
42386,-1.6
42387,0
42388,-1.6
42389,0.8
42390,0
42391,0.8
42392,0
42393,-3.2
42394,0.8
42395,-5.6
42396,0.8
42397,-0.8
42398,-2.4
42399,0.8
42400,0
42401,0
42402,2.4
42403,-1.6
42404,1.6
42405,-3.2
42406,1.6
42407,-1.6
42408,2.4
42409,2.4
42410,0.8
42411,0
42412,-0.8
42413,-0.8
42414,0
42415,-0.8
42416,0
42417,2.4
42418,-3.2
42419,-0.8
42420,-0.8
42421,-0.8
42422,-0.8
42423,-5.6
42424,-0.8
42425,-1.6
42426,-3.2
42427,0.8
42428,1.6
42429,-0.8
42430,0.8
42431,-0.8
42432,0
42433,0.8
42434,0.8
42435,1.6
42436,-0.8
42437,0.8
42438,0
42439,-0.8
42440,0.8
42441,0.8
42442,0
42443,2.4
42444,2.4
42445,0
42446,2.4
42447,7.2
42448,0.8
42449,-0.8
42450,-4.8
42451,0
42452,-1.6
42453,-0.8
42454,0.8
42455,-1.6
42456,-1.6
42457,-2.4
42458,0
42459,2.4
42460,0
42461,0
42462,-1.6
42463,-3.2
42464,-0.8
42465,-2.4
42466,0
42467,0.8
42468,-2.4
42469,-3.2
42470,0
42471,-1.6
42472,-3.2
42473,0.8
42474,0.8
42475,0.8
42476,-0.8
42477,0
42478,1.6
42479,0.8
42480,0
42481,0
42482,2.4
42483,4
42484,0.8
42485,0
42486,-0.8
42487,2.4
42488,0
42489,-2.4
42490,-0.8
42491,1.6
42492,0.8
42493,0.8
42494,2.4
42495,-0.8
42496,0
42497,0.8
42498,0
42499,0
42500,-4.8
42501,-1.6
42502,-3.2
42503,-1.6
42504,0.8
42505,-1.6
42506,0.8
42507,0.8
42508,0.8
42509,-1.6
42510,1.6
42511,2.4
42512,-2.4
42513,-0.8
42514,-1.6
42515,-4
42516,-4
42517,-0.8
42518,-3.2
42519,2.4
42520,0
42521,-0.8
42522,0.8
42523,-5.6
42524,2.4
42525,0
42526,0
42527,0
42528,1.6
42529,-0.8
42530,0.8
42531,2.4
42532,-1.6
42533,-2.4
42534,0.8
42535,-2.4
42536,0.8
42537,2.4
42538,0.8
42539,1.6
42540,-3.2
42541,0
42542,-0.8
42543,0
42544,2.4
42545,-1.6
42546,2.4
42547,0.8
42548,2.4
42549,1.6
42550,-3.2
42551,-0.8
42552,-3.2
42553,4
42554,0
42555,-3.2
42556,-1.6
42557,0
42558,0.8
42559,0
42560,-3.2
42561,-0.8
42562,-0.8
42563,0.8
42564,0.8
42565,4
42566,2.4
42567,-0.8
42568,0
42569,-2.4
42570,0
42571,0
42572,-1.6
42573,-0.8
42574,0
42575,2.4
42576,-4
42577,-2.4
42578,-0.8
42579,0.8
42580,-0.8
42581,0
42582,3.2
42583,0.8
42584,-1.6
42585,0
42586,-3.2
42587,-1.6
42588,1.6
42589,0.8
42590,0.8
42591,-7.2
42592,-0.8
42593,0.8
42594,0.8
42595,0
42596,0.8
42597,2.4
42598,0.8
42599,2.4
42600,4
42601,-1.6
42602,0.8
42603,4
42604,-2.4
42605,0
42606,1.6
42607,0.8
42608,-1.6
42609,0
42610,-0.8
42611,1.6
42612,0
42613,0
42614,-0.8
42615,-1.6
42616,0.8
42617,0
42618,-0.8
42619,-0.8
42620,-1.6
42621,0.8
42622,0
42623,2.4
42624,-0.8
42625,0
42626,2.4
42627,-0.8
42628,-0.8
42629,0.8
42630,2.4
42631,2.4
42632,2.4
42633,0
42634,3.2
42635,0.8
42636,-0.8
42637,-1.6
42638,2.4
42639,-0.8
42640,-0.8
42641,0.8
42642,4
42643,-2.4
42644,0
42645,0
42646,-1.6
42647,1.6
42648,-1.6
42649,-3.2
42650,-0.8
42651,0.8
42652,-4
42653,2.4
42654,0.8
42655,0.8
42656,0.8
42657,0
42658,0.8
42659,-1.6
42660,0
42661,0
42662,-2.4
42663,0
42664,-2.4
42665,-4
42666,-1.6
42667,0
42668,0
42669,-1.6
42670,2.4
42671,-0.8
42672,-3.2
42673,0
42674,-0.8
42675,-3.2
42676,0.8
42677,2.4
42678,1.6
42679,0.8
42680,0.8
42681,0.8
42682,-1.6
42683,0
42684,0.8
42685,2.4
42686,-1.6
42687,1.6
42688,0.8
42689,2.4
42690,0.8
42691,0.8
42692,-3.2
42693,-6.4
42694,5.6
42695,2.4
42696,1.6
42697,1.6
42698,0.8
42699,2.4
42700,3.2
42701,0
42702,0
42703,1.6
42704,0.8
42705,0.8
42706,0
42707,0.8
42708,0
42709,0.8
42710,0.8
42711,0
42712,0
42713,-2.4
42714,0
42715,1.6
42716,0
42717,0
42718,4
42719,-3.2
42720,2.4
42721,0.8
42722,-0.8
42723,2.4
42724,-0.8
42725,0.8
42726,0
42727,-4
42728,0
42729,2.4
42730,0.8
42731,0.8
42732,0
42733,1.6
42734,-0.8
42735,-1.6
42736,0
42737,4
42738,-0.8
42739,1.6
42740,0.8
42741,0
42742,-4
42743,-3.2
42744,4
42745,2.4
42746,1.6
42747,2.4
42748,4
42749,-1.6
42750,0
42751,0.8
42752,-5.6
42753,3.2
42754,0.8
42755,-2.4
42756,0
42757,-1.6
42758,-0.8
42759,-1.6
42760,0.8
42761,0.8
42762,-1.6
42763,-0.8
42764,0
42765,-0.8
42766,-0.8
42767,0
42768,2.4
42769,-3.2
42770,0
42771,-1.6
42772,0
42773,0
42774,0.8
42775,0
42776,2.4
42777,2.4
42778,-0.8
42779,-0.8
42780,0
42781,0
42782,0
42783,0
42784,-0.8
42785,2.4
42786,0
42787,5.6
42788,0.8
42789,0
42790,-0.8
42791,-3.2
42792,-1.6
42793,0
42794,2.4
42795,0
42796,0.8
42797,0.8
42798,0
42799,-1.6
42800,0.8
42801,-1.6
42802,1.6
42803,-1.6
42804,2.4
42805,0
42806,0.8
42807,0
42808,0.8
42809,-0.8
42810,-1.6
42811,1.6
42812,2.4
42813,0.8
42814,0.8
42815,-3.2
42816,-0.8
42817,0
42818,2.4
42819,-0.8
42820,-3.2
42821,1.6
42822,0.8
42823,0.8
42824,0.8
42825,-0.8
42826,0
42827,1.6
42828,0
42829,0
42830,0
42831,1.6
42832,-0.8
42833,4
42834,0
42835,0
42836,-1.6
42837,0.8
42838,0.8
42839,-0.8
42840,2.4
42841,0
42842,0.8
42843,0.8
42844,6.4
42845,0
42846,0.8
42847,-0.8
42848,2.4
42849,-1.6
42850,-3.2
42851,0.8
42852,0.8
42853,0
42854,0.8
42855,0.8
42856,0.8
42857,0.8
42858,-0.8
42859,-1.6
42860,1.6
42861,0.8
42862,-0.8
42863,-0.8
42864,-3.2
42865,0.8
42866,0
42867,0
42868,0.8
42869,-1.6
42870,0
42871,0
42872,-0.8
42873,-0.8
42874,0
42875,-1.6
42876,-4.8
42877,3.2
42878,0.8
42879,0
42880,-3.2
42881,0.8
42882,0.8
42883,0.8
42884,0.8
42885,-1.6
42886,0
42887,0
42888,0.8
42889,-0.8
42890,0.8
42891,0
42892,2.4
42893,0.8
42894,-0.8
42895,-0.8
42896,1.6
42897,0.8
42898,0.8
42899,-0.8
42900,-1.6
42901,-3.2
42902,-9.6
42903,-1.6
42904,1.6
42905,-0.8
42906,-3.2
42907,-3.2
42908,2.4
42909,3.2
42910,-1.6
42911,-1.6
42912,-3.2
42913,-0.8
42914,0
42915,-1.6
42916,-0.8
42917,0
42918,2.4
42919,-4
42920,4
42921,0
42922,0.8
42923,2.4
42924,1.6
42925,0
42926,-1.6
42927,2.4
42928,-0.8
42929,0
42930,-0.8
42931,0.8
42932,0
42933,0.8
42934,1.6
42935,2.4
42936,-1.6
42937,0.8
42938,0.8
42939,2.4
42940,2.4
42941,0
42942,0.8
42943,0.8
42944,2.4
42945,2.4
42946,2.4
42947,2.4
42948,0.8
42949,2.4
42950,9.6
42951,0.8
42952,0
42953,0
42954,0.8
42955,0
42956,-3.2
42957,-3.2
42958,0
42959,0
42960,-0.8
42961,-1.6
42962,-1.6
42963,0.8
42964,-0.8
42965,-4
42966,0.8
42967,-1.6
42968,2.4
42969,-2.4
42970,0.8
42971,-0.8
42972,-0.8
42973,0
42974,0.8
42975,-0.8
42976,0.8
42977,2.4
42978,0.8
42979,0
42980,-1.6
42981,-0.8
42982,0
42983,-0.8
42984,0.8
42985,0.8
42986,0
42987,2.4
42988,-4
42989,0
42990,0.8
42991,0.8
42992,0
42993,1.6
42994,0.8
42995,0
42996,0.8
42997,0.8
42998,-0.8
42999,1.6
43000,4
43001,0.8
43002,2.4
43003,-3.2
43004,-6.4
43005,1.6
43006,-0.8
43007,-1.6
43008,-3.2
43009,-1.6
43010,0
43011,0.8
43012,-3.2
43013,-0.8
43014,-1.6
43015,-0.8
43016,-1.6
43017,-0.8
43018,0
43019,-2.4
43020,-0.8
43021,-1.6
43022,-0.8
43023,-4.8
43024,-0.8
43025,0
43026,0.8
43027,-4
43028,0
43029,0
43030,-3.2
43031,-1.6
43032,-0.8
43033,-3.2
43034,0.8
43035,-2.4
43036,-3.2
43037,0.8
43038,2.4
43039,0.8
43040,-1.6
43041,-0.8
43042,-0.8
43043,-2.4
43044,0
43045,1.6
43046,0
43047,0
43048,-1.6
43049,3.2
43050,1.6
43051,0.8
43052,-3.2
43053,1.6
43054,2.4
43055,0
43056,-1.6
43057,0.8
43058,1.6
43059,0.8
43060,-3.2
43061,0
43062,-0.8
43063,-0.8
43064,0
43065,-9.6
43066,0.8
43067,-0.8
43068,1.6
43069,-2.4
43070,-0.8
43071,-0.8
43072,0
43073,-1.6
43074,-0.8
43075,0.8
43076,0.8
43077,-4
43078,1.6
43079,0
43080,0
43081,0.8
43082,-1.6
43083,-1.6
43084,0.8
43085,0
43086,1.6
43087,2.4
43088,2.4
43089,2.4
43090,0.8
43091,0
43092,0
43093,1.6
43094,2.4
43095,0.8
43096,-1.6
43097,0
43098,-1.6
43099,0.8
43100,2.4
43101,-1.6
43102,0
43103,0
43104,0
43105,0.8
43106,0
43107,-2.4
43108,0
43109,0
43110,-4
43111,0
43112,-3.2
43113,0
43114,0
43115,-1.6
43116,0.8
43117,-1.6
43118,2.4
43119,-3.2
43120,-3.2
43121,-0.8
43122,-0.8
43123,-3.2
43124,2.4
43125,-0.8
43126,2.4
43127,-4
43128,4
43129,0
43130,0
43131,2.4
43132,2.4
43133,-0.8
43134,-3.2
43135,-0.8
43136,0
43137,0.8
43138,-1.6
43139,1.6
43140,0.8
43141,0.8
43142,-0.8
43143,-0.8
43144,2.4
43145,-0.8
43146,-0.8
43147,0
43148,-4.8
43149,2.4
43150,0
43151,-3.2
43152,2.4
43153,0.8
43154,-4
43155,0
43156,-0.8
43157,0.8
43158,-3.2
43159,-0.8
43160,2.4
43161,3.2
43162,-4
43163,-2.4
43164,0.8
43165,0.8
43166,-0.8
43167,-0.8
43168,0
43169,-0.8
43170,0.8
43171,-0.8
43172,-1.6
43173,-1.6
43174,-0.8
43175,-1.6
43176,-3.2
43177,3.2
43178,2.4
43179,-0.8
43180,-1.6
43181,0
43182,1.6
43183,2.4
43184,0.8
43185,2.4
43186,-0.8
43187,0
43188,-0.8
43189,-0.8
43190,2.4
43191,2.4
43192,-0.8
43193,0.8
43194,2.4
43195,0.8
43196,2.4
43197,0.8
43198,0
43199,1.6
43200,0.8
43201,-0.8
43202,0.8
43203,-0.8
43204,-1.6
43205,0
43206,-0.8
43207,2.4
43208,0.8
43209,0
43210,0
43211,0
43212,2.4
43213,1.6
43214,0
43215,0.8
43216,0
43217,-0.8
43218,-2.4
43219,0.8
43220,0
43221,-0.8
43222,0.8
43223,0
43224,0.8
43225,2.4
43226,-0.8
43227,-1.6
43228,0.8
43229,0
43230,-0.8
43231,0
43232,-2.4
43233,0.8
43234,0.8
43235,0
43236,0
43237,-2.4
43238,2.4
43239,0
43240,-1.6
43241,-0.8
43242,0
43243,0
43244,0.8
43245,1.6
43246,0
43247,-1.6
43248,0.8
43249,-3.2
43250,0
43251,-3.2
43252,2.4
43253,-4
43254,-1.6
43255,2.4
43256,0
43257,-0.8
43258,0.8
43259,0
43260,-0.8
43261,1.6
43262,-4
43263,0
43264,-3.2
43265,-1.6
43266,-3.2
43267,0
43268,-2.4
43269,0
43270,-1.6
43271,-1.6
43272,0
43273,-1.6
43274,0
43275,-4.8
43276,0
43277,-3.2
43278,2.4
43279,0
43280,-0.8
43281,2.4
43282,-0.8
43283,0
43284,2.4
43285,-1.6
43286,-0.8
43287,1.6
43288,2.4
43289,2.4
43290,2.4
43291,0.8
43292,4
43293,0.8
43294,0.8
43295,-3.2
43296,0
43297,0
43298,-3.2
43299,-1.6
43300,-8.8
43301,0
43302,7.2
43303,-0.8
43304,2.4
43305,2.4
43306,-1.6
43307,-0.8
43308,0.8
43309,-0.8
43310,0.8
43311,-1.6
43312,1.6
43313,0
43314,-0.8
43315,1.6
43316,-2.4
43317,-0.8
43318,0
43319,-4
43320,-4
43321,0
43322,-1.6
43323,-0.8
43324,1.6
43325,-0.8
43326,0.8
43327,-0.8
43328,-0.8
43329,4
43330,0.8
43331,1.6
43332,0
43333,0
43334,2.4
43335,0.8
43336,-0.8
43337,-0.8
43338,0.8
43339,0.8
43340,2.4
43341,1.6
43342,-3.2
43343,0
43344,0.8
43345,-2.4
43346,0.8
43347,0
43348,0
43349,0
43350,-1.6
43351,0
43352,0.8
43353,-0.8
43354,0.8
43355,-0.8
43356,-2.4
43357,-0.8
43358,3.2
43359,0
43360,0
43361,-3.2
43362,-1.6
43363,0
43364,1.6
43365,0.8
43366,0
43367,-1.6
43368,-2.4
43369,-3.2
43370,0
43371,-0.8
43372,-0.8
43373,0
43374,-1.6
43375,1.6
43376,-3.2
43377,0.8
43378,-1.6
43379,-0.8
43380,-1.6
43381,-4
43382,-3.2
43383,0
43384,0
43385,-3.2
43386,-5.6
43387,2.4
43388,0
43389,-2.4
43390,0
43391,0
43392,0.8
43393,0
43394,2.4
43395,-1.6
43396,7.2
43397,-3.2
43398,2.4
43399,-0.8
43400,-1.6
43401,2.4
43402,0.8
43403,4
43404,-4
43405,0
43406,-2.4
43407,-3.2
43408,-1.6
43409,-3.2
43410,1.6
43411,1.6
43412,0.8
43413,-1.6
43414,-1.6
43415,0
43416,0
43417,2.4
43418,-0.8
43419,-1.6
43420,-2.4
43421,0.8
43422,-0.8
43423,1.6
43424,0.8
43425,0
43426,0
43427,-0.8
43428,0
43429,0.8
43430,0
43431,-0.8
43432,0.8
43433,1.6
43434,1.6
43435,0
43436,-3.2
43437,-3.2
43438,-1.6
43439,0
43440,-1.6
43441,2.4
43442,-3.2
43443,1.6
43444,-6.4
43445,2.4
43446,0
43447,0.8
43448,1.6
43449,0
43450,-1.6
43451,-0.8
43452,2.4
43453,0
43454,2.4
43455,0
43456,-0.8
43457,-3.2
43458,-1.6
43459,-3.2
43460,-1.6
43461,3.2
43462,-2.4
43463,2.4
43464,-0.8
43465,0.8
43466,0.8
43467,0.8
43468,0.8
43469,-3.2
43470,-1.6
43471,0
43472,-3.2
43473,-1.6
43474,-1.6
43475,-2.4
43476,0
43477,-2.4
43478,0.8
43479,1.6
43480,0
43481,-1.6
43482,0.8
43483,-0.8
43484,-1.6
43485,0
43486,0.8
43487,0
43488,1.6
43489,-1.6
43490,-0.8
43491,1.6
43492,0.8
43493,0
43494,1.6
43495,2.4
43496,0
43497,0
43498,0.8
43499,4
43500,-1.6
43501,2.4
43502,-1.6
43503,-1.6
43504,2.4
43505,0.8
43506,0
43507,-0.8
43508,-0.8
43509,-1.6
43510,-3.2
43511,4
43512,-3.2
43513,-0.8
43514,-0.8
43515,-0.8
43516,0
43517,0
43518,0
43519,0.8
43520,2.4
43521,0
43522,-1.6
43523,0.8
43524,0
43525,0
43526,0
43527,0.8
43528,2.4
43529,0
43530,-0.8
43531,-0.8
43532,-1.6
43533,0.8
43534,2.4
43535,1.6
43536,0
43537,0
43538,0
43539,0
43540,2.4
43541,0.8
43542,2.4
43543,0.8
43544,2.4
43545,0
43546,0
43547,0
43548,-1.6
43549,-1.6
43550,0.8
43551,-1.6
43552,-3.2
43553,0
43554,3.2
43555,2.4
43556,-1.6
43557,0
43558,-1.6
43559,2.4
43560,-2.4
43561,1.6
43562,-2.4
43563,0.8
43564,-2.4
43565,-0.8
43566,-0.8
43567,-0.8
43568,0
43569,-3.2
43570,0.8
43571,0
43572,-3.2
43573,-1.6
43574,0
43575,-0.8
43576,5.6
43577,-1.6
43578,0.8
43579,2.4
43580,1.6
43581,2.4
43582,0
43583,1.6
43584,2.4
43585,0.8
43586,-2.4
43587,0
43588,-1.6
43589,0
43590,0
43591,0
43592,-1.6
43593,0
43594,0
43595,0.8
43596,-1.6
43597,2.4
43598,-3.2
43599,0
43600,0.8
43601,2.4
43602,-0.8
43603,0
43604,2.4
43605,2.4
43606,-4
43607,-0.8
43608,0
43609,0
43610,-1.6
43611,0
43612,0.8
43613,-1.6
43614,-2.4
43615,1.6
43616,3.2
43617,-0.8
43618,0.8
43619,-2.4
43620,-0.8
43621,0.8
43622,-0.8
43623,0
43624,0
43625,-0.8
43626,4
43627,2.4
43628,-1.6
43629,7.2
43630,-4.8
43631,0.8
43632,2.4
43633,0
43634,1.6
43635,2.4
43636,2.4
43637,0.8
43638,0
43639,2.4
43640,-0.8
43641,0.8
43642,0
43643,3.2
43644,5.6
43645,0
43646,-0.8
43647,0
43648,2.4
43649,-4
43650,2.4
43651,0
43652,0.8
43653,0
43654,-6.4
43655,-4
43656,0
43657,-0.8
43658,-0.8
43659,1.6
43660,-3.2
43661,-1.6
43662,-0.8
43663,0
43664,-0.8
43665,0
43666,0
43667,-0.8
43668,-6.4
43669,0.8
43670,0
43671,2.4
43672,0
43673,-1.6
43674,0.8
43675,0
43676,0
43677,3.2
43678,2.4
43679,0
43680,-0.8
43681,0
43682,0.8
43683,0
43684,0.8
43685,2.4
43686,-1.6
43687,0.8
43688,-1.6
43689,0
43690,0.8
43691,2.4
43692,0.8
43693,-3.2
43694,-2.4
43695,-1.6
43696,0
43697,1.6
43698,-0.8
43699,-4
43700,2.4
43701,-2.4
43702,0
43703,-3.2
43704,-4
43705,-3.2
43706,0
43707,0
43708,0
43709,0.8
43710,-1.6
43711,-1.6
43712,-0.8
43713,1.6
43714,2.4
43715,-0.8
43716,0.8
43717,-3.2
43718,-1.6
43719,0
43720,2.4
43721,0
43722,-1.6
43723,0.8
43724,2.4
43725,-0.8
43726,-4
43727,0
43728,-1.6
43729,-1.6
43730,0
43731,0.8
43732,0
43733,-1.6
43734,-3.2
43735,0
43736,0
43737,2.4
43738,-0.8
43739,-1.6
43740,-0.8
43741,-0.8
43742,-2.4
43743,-0.8
43744,0.8
43745,-0.8
43746,-0.8
43747,0.8
43748,0
43749,-2.4
43750,2.4
43751,5.6
43752,-1.6
43753,0
43754,2.4
43755,0.8
43756,-1.6
43757,0.8
43758,-3.2
43759,3.2
43760,0.8
43761,-0.8
43762,-1.6
43763,-0.8
43764,-1.6
43765,0
43766,0
43767,2.4
43768,0.8
43769,1.6
43770,-0.8
43771,-3.2
43772,-1.6
43773,-0.8
43774,5.6
43775,-0.8
43776,-4
43777,0
43778,0
43779,-1.6
43780,-4.8
43781,0.8
43782,0
43783,4
43784,2.4
43785,-0.8
43786,-1.6
43787,0.8
43788,0
43789,2.4
43790,-0.8
43791,-1.6
43792,1.6
43793,0
43794,0
43795,-1.6
43796,0
43797,-4
43798,-0.8
43799,2.4
43800,5.6
43801,2.4
43802,-4
43803,2.4
43804,0.8
43805,0
43806,0
43807,0.8
43808,0.8
43809,-3.2
43810,-3.2
43811,-1.6
43812,-3.2
43813,-0.8
43814,-0.8
43815,0.8
43816,-0.8
43817,-1.6
43818,0
43819,-3.2
43820,0.8
43821,-0.8
43822,-0.8
43823,0
43824,0.8
43825,0
43826,-1.6
43827,0.8
43828,2.4
43829,0
43830,0
43831,0
43832,0.8
43833,2.4
43834,0
43835,-1.6
43836,-9.6
43837,0
43838,0.8
43839,0
43840,-0.8
43841,0.8
43842,2.4
43843,-4
43844,-3.2
43845,0.8
43846,0
43847,0
43848,-1.6
43849,3.2
43850,0
43851,0.8
43852,1.6
43853,3.2
43854,-11.2
43855,5.6
43856,0.8
43857,-8.8
43858,0
43859,-4
43860,-1.6
43861,1.6
43862,0
43863,1.6
43864,-0.8
43865,-0.8
43866,0.8
43867,0
43868,-1.6
43869,-1.6
43870,-0.8
43871,-3.2
43872,0.8
43873,-1.6
43874,7.2
43875,1.6
43876,0
43877,7.2
43878,0.8
43879,0
43880,-0.8
43881,0
43882,-0.8
43883,3.2
43884,-0.8
43885,2.4
43886,-1.6
43887,-0.8
43888,0.8
43889,0
43890,0.8
43891,0.8
43892,0
43893,2.4
43894,1.6
43895,2.4
43896,-1.6
43897,0.8
43898,1.6
43899,2.4
43900,0.8
43901,-3.2
43902,0
43903,0.8
43904,0
43905,0.8
43906,0
43907,0.8
43908,2.4
43909,-0.8
43910,-3.2
43911,0.8
43912,0.8
43913,1.6
43914,-1.6
43915,-3.2
43916,-1.6
43917,0.8
43918,-1.6
43919,0.8
43920,2.4
43921,0
43922,0
43923,0
43924,-1.6
43925,-3.2
43926,-3.2
43927,4
43928,-0.8
43929,-0.8
43930,2.4
43931,-2.4
43932,-0.8
43933,-3.2
43934,0
43935,0.8
43936,0
43937,-2.4
43938,1.6
43939,0
43940,2.4
43941,2.4
43942,2.4
43943,4
43944,2.4
43945,0
43946,2.4
43947,0
43948,-0.8
43949,-1.6
43950,-0.8
43951,-3.2
43952,2.4
43953,0.8
43954,-0.8
43955,2.4
43956,1.6
43957,2.4
43958,0
43959,-0.8
43960,-0.8
43961,4
43962,-0.8
43963,-3.2
43964,-0.8
43965,-0.8
43966,-1.6
43967,2.4
43968,-0.8
43969,-3.2
43970,0
43971,-1.6
43972,0
43973,-0.8
43974,0.8
43975,0
43976,-1.6
43977,0
43978,-3.2
43979,2.4
43980,0
43981,-3.2
43982,-0.8
43983,2.4
43984,0.8
43985,2.4
43986,-3.2
43987,0.8
43988,0
43989,0
43990,-1.6
43991,0.8
43992,-0.8
43993,0
43994,0
43995,-3.2
43996,0
43997,-0.8
43998,-0.8
43999,2.4
44000,0.8
44001,4
44002,-1.6
44003,4
44004,4
44005,0
44006,0.8
44007,0
44008,0
44009,0
44010,-1.6
44011,0.8
44012,0
44013,-3.2
44014,0
44015,6.4
44016,-1.6
44017,-0.8
44018,0
44019,-2.4
44020,8
44021,0
44022,2.4
44023,2.4
44024,-4
44025,-0.8
44026,-4
44027,-2.4
44028,0.8
44029,2.4
44030,-3.2
44031,-3.2
44032,0
44033,-2.4
44034,-1.6
44035,3.2
44036,-3.2
44037,0.8
44038,2.4
44039,-0.8
44040,0.8
44041,-0.8
44042,2.4
44043,-3.2
44044,-1.6
44045,-2.4
44046,-1.6
44047,-0.8
44048,0
44049,-0.8
44050,1.6
44051,0.8
44052,-3.2
44053,-0.8
44054,-0.8
44055,0.8
44056,2.4
44057,-0.8
44058,-3.2
44059,2.4
44060,2.4
44061,-2.4
44062,0.8
44063,0.8
44064,-0.8
44065,-4
44066,-1.6
44067,-0.8
44068,1.6
44069,-3.2
44070,-1.6
44071,2.4
44072,0.8
44073,-3.2
44074,2.4
44075,2.4
44076,-1.6
44077,-0.8
44078,0.8
44079,0
44080,-0.8
44081,2.4
44082,0
44083,-1.6
44084,2.4
44085,2.4
44086,-0.8
44087,0.8
44088,-1.6
44089,-0.8
44090,0.8
44091,0.8
44092,2.4
44093,-0.8
44094,0.8
44095,-1.6
44096,2.4
44097,0.8
44098,0.8
44099,-0.8
44100,4
44101,-3.2
44102,3.2
44103,-2.4
44104,-0.8
44105,0.8
44106,3.2
44107,0.8
44108,0.8
44109,-0.8
44110,-5.6
44111,0.8
44112,0
44113,0
44114,2.4
44115,0.8
44116,-0.8
44117,-2.4
44118,0.8
44119,0.8
44120,0
44121,-2.4
44122,0.8
44123,-0.8
44124,-1.6
44125,3.2
44126,-0.8
44127,-1.6
44128,0.8
44129,-1.6
44130,-1.6
44131,0
44132,0
44133,-1.6
44134,0.8
44135,-4
44136,2.4
44137,-3.2
44138,1.6
44139,-3.2
44140,-0.8
44141,0.8
44142,-0.8
44143,0.8
44144,-0.8
44145,2.4
44146,-8.8
44147,-0.8
44148,1.6
44149,2.4
44150,2.4
44151,0.8
44152,-1.6
44153,-3.2
44154,0
44155,5.6
44156,0.8
44157,0.8
44158,-0.8
44159,0
44160,0.8
44161,0.8
44162,0
44163,2.4
44164,-3.2
44165,-4
44166,-0.8
44167,-4
44168,-4
44169,0
44170,-0.8
44171,-4
44172,0
44173,0
44174,0.8
44175,-1.6
44176,-1.6
44177,-2.4
44178,0.8
44179,-3.2
44180,-0.8
44181,2.4
44182,0
44183,-4
44184,1.6
44185,-4
44186,-1.6
44187,0
44188,0
44189,-3.2
44190,2.4
44191,3.2
44192,2.4
44193,-0.8
44194,-1.6
44195,2.4
44196,0.8
44197,0.8
44198,0.8
44199,0.8
44200,1.6
44201,0
44202,-2.4
44203,-5.6
44204,0.8
44205,0.8
44206,-0.8
44207,-0.8
44208,-2.4
44209,0
44210,-0.8
44211,2.4
44212,-0.8
44213,4
44214,0
44215,-0.8
44216,0.8
44217,0
44218,0
44219,-1.6
44220,-0.8
44221,-0.8
44222,-0.8
44223,-2.4
44224,0.8
44225,0.8
44226,4
44227,0
44228,2.4
44229,0
44230,0.8
44231,-0.8
44232,0.8
44233,0
44234,3.2
44235,2.4
44236,0
44237,0.8
44238,1.6
44239,1.6
44240,0
44241,0
44242,0.8
44243,-3.2
44244,0
44245,-0.8
44246,-0.8
44247,4
44248,3.2
44249,-0.8
44250,2.4
44251,0
44252,-0.8
44253,1.6
44254,-3.2
44255,0
44256,0
44257,0.8
44258,-0.8
44259,-1.6
44260,-2.4
44261,-3.2
44262,0.8
44263,-1.6
44264,1.6
44265,2.4
44266,-2.4
44267,0.8
44268,-3.2
44269,1.6
44270,-1.6
44271,2.4
44272,-0.8
44273,5.6
44274,0
44275,0.8
44276,-0.8
44277,0
44278,-3.2
44279,-0.8
44280,-1.6
44281,-1.6
44282,2.4
44283,-2.4
44284,0
44285,2.4
44286,0
44287,0.8
44288,0.8
44289,2.4
44290,0
44291,0
44292,0.8
44293,0
44294,-3.2
44295,5.6
44296,2.4
44297,0
44298,-0.8
44299,-0.8
44300,-0.8
44301,-4
44302,0
44303,-1.6
44304,0.8
44305,-0.8
44306,-3.2
44307,-0.8
44308,1.6
44309,-1.6
44310,-0.8
44311,-2.4
44312,-3.2
44313,-0.8
44314,2.4
44315,-1.6
44316,-3.2
44317,-0.8
44318,-4
44319,0
44320,-3.2
44321,2.4
44322,0.8
44323,-0.8
44324,0
44325,0
44326,1.6
44327,-0.8
44328,0.8
44329,-2.4
44330,0.8
44331,0.8
44332,0
44333,0
44334,0.8
44335,2.4
44336,-0.8
44337,-0.8
44338,0
44339,0.8
44340,0
44341,0.8
44342,-3.2
44343,-3.2
44344,0.8
44345,0.8
44346,-1.6
44347,0.8
44348,2.4
44349,1.6
44350,1.6
44351,2.4
44352,-3.2
44353,1.6
44354,3.2
44355,-3.2
44356,-0.8
44357,-1.6
44358,2.4
44359,-1.6
44360,2.4
44361,0
44362,4
44363,0
44364,0.8
44365,0.8
44366,-1.6
44367,0.8
44368,2.4
44369,0
44370,-3.2
44371,2.4
44372,0
44373,0
44374,-0.8
44375,-1.6
44376,-1.6
44377,0.8
44378,2.4
44379,0.8
44380,0.8
44381,0
44382,-0.8
44383,1.6
44384,0
44385,-2.4
44386,2.4
44387,0
44388,-0.8
44389,0
44390,0.8
44391,0.8
44392,2.4
44393,0.8
44394,-5.6
44395,1.6
44396,2.4
44397,-0.8
44398,0.8
44399,0
44400,4
44401,-1.6
44402,-1.6
44403,-0.8
44404,-0.8
44405,-1.6
44406,-1.6
44407,-5.6
44408,0
44409,-0.8
44410,4
44411,-3.2
44412,2.4
44413,-0.8
44414,1.6
44415,2.4
44416,-0.8
44417,-1.6
44418,-1.6
44419,-1.6
44420,-0.8
44421,-4.8
44422,-0.8
44423,-1.6
44424,-2.4
44425,-1.6
44426,-4
44427,0
44428,1.6
44429,0.8
44430,0
44431,0.8
44432,0
44433,0.8
44434,4
44435,0.8
44436,0.8
44437,-1.6
44438,2.4
44439,2.4
44440,-1.6
44441,0.8
44442,0
44443,0.8
44444,-0.8
44445,0
44446,-1.6
44447,-0.8
44448,-1.6
44449,-0.8
44450,0
44451,-2.4
44452,-3.2
44453,0.8
44454,-0.8
44455,0
44456,-0.8
44457,-2.4
44458,0
44459,0.8
44460,0.8
44461,0
44462,-0.8
44463,0
44464,0.8
44465,0.8
44466,0
44467,-0.8
44468,0.8
44469,-1.6
44470,-1.6
44471,0
44472,-0.8
44473,2.4
44474,-0.8
44475,-0.8
44476,-2.4
44477,0.8
44478,-0.8
44479,2.4
44480,0
44481,2.4
44482,0.8
44483,0
44484,0.8
44485,2.4
44486,0
44487,1.6
44488,0
44489,0
44490,-0.8
44491,0
44492,0
44493,0
44494,-2.4
44495,-0.8
44496,-0.8
44497,-2.4
44498,0
44499,2.4
44500,1.6
44501,-0.8
44502,0
44503,0.8
44504,0.8
44505,-0.8
44506,-0.8
44507,2.4
44508,0
44509,-1.6
44510,-0.8
44511,-1.6
44512,0.8
44513,-4
44514,-0.8
44515,-3.2
44516,0
44517,0.8
44518,-0.8
44519,0
44520,0
44521,1.6
44522,2.4
44523,-1.6
44524,-3.2
44525,0.8
44526,-0.8
44527,2.4
44528,4
44529,4
44530,0
44531,-0.8
44532,-3.2
44533,-4
44534,2.4
44535,2.4
44536,0.8
44537,-12
44538,-3.2
44539,-0.8
44540,0.8
44541,0.8
44542,-0.8
44543,2.4
44544,0
44545,2.4
44546,-0.8
44547,0.8
44548,0
44549,-0.8
44550,0.8
44551,0
44552,0.8
44553,-1.6
44554,2.4
44555,0.8
44556,3.2
44557,0.8
44558,0.8
44559,1.6
44560,1.6
44561,-0.8
44562,-0.8
44563,-0.8
44564,0.8
44565,-3.2
44566,0.8
44567,-3.2
44568,-0.8
44569,2.4
44570,0.8
44571,-0.8
44572,-0.8
44573,0
44574,0.8
44575,-4
44576,-3.2
44577,0.8
44578,0.8
44579,0
44580,1.6
44581,-3.2
44582,-3.2
44583,-3.2
44584,-1.6
44585,-0.8
44586,0.8
44587,0
44588,-0.8
44589,-0.8
44590,1.6
44591,0.8
44592,-0.8
44593,-0.8
44594,2.4
44595,3.2
44596,-0.8
44597,0.8
44598,2.4
44599,-0.8
44600,2.4
44601,-1.6
44602,0
44603,-0.8
44604,0
44605,-3.2
44606,-1.6
44607,0
44608,-2.4
44609,-4.8
44610,0.8
44611,-1.6
44612,0.8
44613,-0.8
44614,4
44615,2.4
44616,0.8
44617,0
44618,-0.8
44619,2.4
44620,-0.8
44621,-1.6
44622,0.8
44623,0
44624,2.4
44625,1.6
44626,0
44627,-1.6
44628,0
44629,1.6
44630,0
44631,-1.6
44632,-0.8
44633,0.8
44634,0.8
44635,4
44636,2.4
44637,0.8
44638,2.4
44639,-0.8
44640,1.6
44641,-0.8
44642,0
44643,-1.6
44644,2.4
44645,0.8
44646,-5.6
44647,2.4
44648,0.8
44649,2.4
44650,0.8
44651,-1.6
44652,0.8
44653,-0.8
44654,-1.6
44655,0.8
44656,-0.8
44657,-1.6
44658,-0.8
44659,1.6
44660,0.8
44661,-0.8
44662,2.4
44663,-0.8
44664,0.8
44665,0
44666,0
44667,0
44668,0
44669,-0.8
44670,-3.2
44671,-1.6
44672,0.8
44673,-0.8
44674,-0.8
44675,-0.8
44676,0.8
44677,0
44678,5.6
44679,3.2
44680,-1.6
44681,-2.4
44682,-2.4
44683,0.8
44684,-1.6
44685,-0.8
44686,0
44687,-0.8
44688,1.6
44689,0
44690,-2.4
44691,1.6
44692,0.8
44693,5.6
44694,-3.2
44695,0.8
44696,0.8
44697,-0.8
44698,-5.6
44699,-3.2
44700,-2.4
44701,4
44702,2.4
44703,0.8
44704,-0.8
44705,2.4
44706,0
44707,0
44708,-1.6
44709,-3.2
44710,0.8
44711,-2.4
44712,-0.8
44713,-3.2
44714,-3.2
44715,0
44716,-3.2
44717,0
44718,4
44719,-1.6
44720,-0.8
44721,-0.8
44722,1.6
44723,0.8
44724,0
44725,-0.8
44726,-3.2
44727,-6.4
44728,2.4
44729,5.6
44730,0
44731,5.6
44732,-1.6
44733,-0.8
44734,-1.6
44735,-0.8
44736,-4
44737,0.8
44738,0.8
44739,0.8
44740,0.8
44741,-0.8
44742,-1.6
44743,-3.2
44744,6.4
44745,3.2
44746,0.8
44747,6.4
44748,0.8
44749,-5.6
44750,-0.8
44751,0.8
44752,2.4
44753,-1.6
44754,0.8
44755,2.4
44756,-3.2
44757,0
44758,0
44759,0.8
44760,5.6
44761,0
44762,-1.6
44763,2.4
44764,-2.4
44765,-3.2
44766,0
44767,0
44768,-3.2
44769,5.6
44770,-2.4
44771,-0.8
44772,-1.6
44773,-3.2
44774,0.8
44775,-1.6
44776,3.2
44777,2.4
44778,2.4
44779,0.8
44780,-4
44781,0
44782,1.6
44783,-4.8
44784,0.8
44785,-3.2
44786,0
44787,0.8
44788,2.4
44789,0
44790,2.4
44791,0
44792,2.4
44793,-0.8
44794,-3.2
44795,-0.8
44796,0.8
44797,0.8
44798,0
44799,0
44800,0
44801,4
44802,0
44803,2.4
44804,-2.4
44805,-3.2
44806,-4
44807,-0.8
44808,2.4
44809,0.8
44810,0
44811,-1.6
44812,0.8
44813,0
44814,-1.6
44815,0.8
44816,0
44817,0.8
44818,-1.6
44819,2.4
44820,-1.6
44821,0
44822,0
44823,0
44824,-0.8
44825,-8
44826,0.8
44827,0.8
44828,2.4
44829,4
44830,1.6
44831,0
44832,4
44833,-3.2
44834,2.4
44835,-0.8
44836,-3.2
44837,0.8
44838,0.8
44839,0.8
44840,-0.8
44841,0.8
44842,2.4
44843,0.8
44844,-3.2
44845,0.8
44846,-1.6
44847,1.6
44848,2.4
44849,-0.8
44850,-3.2
44851,0.8
44852,-3.2
44853,-2.4
44854,3.2
44855,2.4
44856,0
44857,-0.8
44858,2.4
44859,-0.8
44860,-4.8
44861,5.6
44862,-3.2
44863,0
44864,-0.8
44865,0
44866,-1.6
44867,-3.2
44868,-3.2
44869,2.4
44870,-0.8
44871,-1.6
44872,-1.6
44873,-0.8
44874,-0.8
44875,-0.8
44876,0
44877,-0.8
44878,0.8
44879,-0.8
44880,-2.4
44881,0
44882,0
44883,0.8
44884,2.4
44885,-3.2
44886,0
44887,-0.8
44888,-0.8
44889,2.4
44890,-1.6
44891,0
44892,2.4
44893,-0.8
44894,0.8
44895,0
44896,-1.6
44897,0.8
44898,0.8
44899,0.8
44900,0
44901,4
44902,-3.2
44903,0
44904,0
44905,-2.4
44906,-0.8
44907,-3.2
44908,-4
44909,-1.6
44910,2.4
44911,0
44912,2.4
44913,-2.4
44914,2.4
44915,-1.6
44916,-2.4
44917,-0.8
44918,-3.2
44919,0
44920,-3.2
44921,0
44922,-0.8
44923,-1.6
44924,-1.6
44925,-4
44926,-3.2
44927,-0.8
44928,6.4
44929,2.4
44930,0
44931,0
44932,0.8
44933,-3.2
44934,4
44935,-2.4
44936,-0.8
44937,0.8
44938,-0.8
44939,0
44940,0
44941,0
44942,-0.8
44943,0
44944,0
44945,0
44946,3.2
44947,0
44948,4
44949,-3.2
44950,1.6
44951,-3.2
44952,3.2
44953,2.4
44954,-3.2
44955,0.8
44956,0
44957,0
44958,-1.6
44959,0.8
44960,-0.8
44961,2.4
44962,2.4
44963,-1.6
44964,0
44965,-0.8
44966,0
44967,2.4
44968,-1.6
44969,0
44970,-0.8
44971,-6.4
44972,0
44973,-0.8
44974,-3.2
44975,-2.4
44976,0
44977,2.4
44978,2.4
44979,0
44980,1.6
44981,-1.6
44982,0
44983,-3.2
44984,1.6
44985,1.6
44986,-1.6
44987,-3.2
44988,0
44989,-0.8
44990,0
44991,1.6
44992,0
44993,0.8
44994,-3.2
44995,0.8
44996,0.8
44997,0
44998,2.4
44999,0
45000,2.4
45001,0.8
45002,1.6
45003,-3.2
45004,0
45005,3.2
45006,-3.2
45007,0
45008,-0.8
45009,0
45010,-0.8
45011,0
45012,-0.8
45013,-3.2
45014,-0.8
45015,0.8
45016,0.8
45017,0
45018,-3.2
45019,0
45020,-1.6
45021,-0.8
45022,-1.6
45023,0.8
45024,-1.6
45025,-3.2
45026,-0.8
45027,-0.8
45028,1.6
45029,0.8
45030,0
45031,-1.6
45032,0.8
45033,-2.4
45034,1.6
45035,0.8
45036,0
45037,0
45038,0
45039,1.6
45040,-1.6
45041,0
45042,0.8
45043,5.6
45044,0
45045,0
45046,-0.8
45047,0.8
45048,-2.4
45049,0.8
45050,-4.8
45051,2.4
45052,5.6
45053,0.8
45054,0
45055,-5.6
45056,0
45057,-0.8
45058,0
45059,0.8
45060,1.6
45061,1.6
45062,0.8
45063,-2.4
45064,-4
45065,0
45066,1.6
45067,-0.8
45068,2.4
45069,-3.2
45070,0
45071,-3.2
45072,0
45073,-1.6
45074,0.8
45075,2.4
45076,0.8
45077,-0.8
45078,-0.8
45079,-0.8
45080,0
45081,2.4
45082,2.4
45083,2.4
45084,-3.2
45085,0
45086,0
45087,-1.6
45088,0.8
45089,0.8
45090,0
45091,-1.6
45092,2.4
45093,-1.6
45094,-3.2
45095,0.8
45096,0
45097,2.4
45098,0
45099,0.8
45100,2.4
45101,-3.2
45102,0.8
45103,5.6
45104,0
45105,-1.6
45106,0.8
45107,0.8
45108,1.6
45109,0
45110,-3.2
45111,0
45112,-3.2
45113,0
45114,-0.8
45115,0.8
45116,-1.6
45117,1.6
45118,-0.8
45119,0.8
45120,-0.8
45121,0.8
45122,-0.8
45123,-3.2
45124,-1.6
45125,-0.8
45126,9.6
45127,-1.6
45128,-3.2
45129,2.4
45130,-1.6
45131,-1.6
45132,-0.8
45133,-0.8
45134,0.8
45135,0.8
45136,1.6
45137,4
45138,2.4
45139,-0.8
45140,0.8
45141,-3.2
45142,0.8
45143,2.4
45144,2.4
45145,1.6
45146,0.8
45147,-1.6
45148,-1.6
45149,4
45150,0.8
45151,-0.8
45152,4
45153,0.8
45154,-3.2
45155,0
45156,-0.8
45157,2.4
45158,4
45159,0.8
45160,2.4
45161,-1.6
45162,2.4
45163,-1.6
45164,0.8
45165,0.8
45166,2.4
45167,0.8
45168,-1.6
45169,0
45170,-1.6
45171,-4
45172,1.6
45173,-3.2
45174,-0.8
45175,-1.6
45176,-3.2
45177,-0.8
45178,-0.8
45179,7.2
45180,1.6
45181,0.8
45182,-1.6
45183,-0.8
45184,0.8
45185,0
45186,-0.8
45187,2.4
45188,1.6
45189,-0.8
45190,0
45191,-0.8
45192,-0.8
45193,0
45194,3.2
45195,0
45196,-2.4
45197,-1.6
45198,-8.8
45199,-1.6
45200,-0.8
45201,-0.8
45202,0
45203,0
45204,0
45205,0
45206,0.8
45207,0
45208,-1.6
45209,4
45210,2.4
45211,-1.6
45212,0
45213,-3.2
45214,-0.8
45215,-0.8
45216,2.4
45217,-0.8
45218,-0.8
45219,-0.8
45220,-2.4
45221,0
45222,-1.6
45223,-0.8
45224,0.8
45225,-1.6
45226,-3.2
45227,5.6
45228,0.8
45229,2.4
45230,2.4
45231,-1.6
45232,-1.6
45233,0
45234,2.4
45235,-0.8
45236,-1.6
45237,0.8
45238,2.4
45239,0
45240,2.4
45241,2.4
45242,0.8
45243,1.6
45244,-0.8
45245,2.4
45246,2.4
45247,-0.8
45248,0
45249,-2.4
45250,-1.6
45251,2.4
45252,4
45253,0.8
45254,3.2
45255,2.4
45256,3.2
45257,0.8
45258,0
45259,0
45260,4
45261,-0.8
45262,2.4
45263,-0.8
45264,2.4
45265,-1.6
45266,7.2
45267,0
45268,0
45269,0.8
45270,-0.8
45271,-2.4
45272,0
45273,0
45274,0
45275,-0.8
45276,0.8
45277,-0.8
45278,4
45279,-0.8
45280,-0.8
45281,0.8
45282,2.4
45283,1.6
45284,-3.2
45285,-1.6
45286,1.6
45287,0.8
45288,0
45289,2.4
45290,0
45291,-1.6
45292,0.8
45293,-3.2
45294,-0.8
45295,0.8
45296,0.8
45297,2.4
45298,0.8
45299,-1.6
45300,2.4
45301,0
45302,0.8
45303,0.8
45304,0
45305,-4
45306,-2.4
45307,0.8
45308,0
45309,0.8
45310,-3.2
45311,-3.2
45312,0
45313,-1.6
45314,0.8
45315,-4.8
45316,-20
45317,-0.8
45318,0
45319,2.4
45320,-0.8
45321,-1.6
45322,-2.4
45323,0
45324,0.8
45325,-3.2
45326,0.8
45327,0
45328,-0.8
45329,2.4
45330,-0.8
45331,-1.6
45332,2.4
45333,-0.8
45334,-0.8
45335,-0.8
45336,2.4
45337,0.8
45338,-3.2
45339,-1.6
45340,0.8
45341,-3.2
45342,-0.8
45343,2.4
45344,2.4
45345,0.8
45346,0.8
45347,-1.6
45348,0
45349,-0.8
45350,-0.8
45351,2.4
45352,-1.6
45353,0
45354,0
45355,3.2
45356,0
45357,0
45358,0
45359,0
45360,0.8
45361,0
45362,0.8
45363,0.8
45364,-0.8
45365,2.4
45366,0
45367,-0.8
45368,2.4
45369,2.4
45370,1.6
45371,0
45372,-0.8
45373,-0.8
45374,-0.8
45375,0.8
45376,-0.8
45377,0.8
45378,3.2
45379,2.4
45380,0
45381,0.8
45382,2.4
45383,0.8
45384,0
45385,0.8
45386,2.4
45387,-1.6
45388,1.6
45389,1.6
45390,0
45391,2.4
45392,2.4
45393,3.2
45394,0.8
45395,2.4
45396,0.8
45397,0.8
45398,2.4
45399,-5.6
45400,-1.6
45401,-1.6
45402,-0.8
45403,2.4
45404,-1.6
45405,7.2
45406,7.2
45407,0
45408,-1.6
45409,-0.8
45410,-3.2
45411,0
45412,-0.8
45413,0
45414,2.4
45415,-0.8
45416,0.8
45417,-2.4
45418,-1.6
45419,0.8
45420,0.8
45421,0.8
45422,0
45423,0
45424,2.4
45425,-3.2
45426,-1.6
45427,0.8
45428,0.8
45429,0.8
45430,-4
45431,-3.2
45432,-3.2
45433,-0.8
45434,0
45435,-1.6
45436,-1.6
45437,0
45438,2.4
45439,0
45440,2.4
45441,2.4
45442,2.4
45443,-0.8
45444,0.8
45445,3.2
45446,-3.2
45447,-6.4
45448,-0.8
45449,-8.8
45450,-1.6
45451,0.8
45452,4
45453,-0.8
45454,-4
45455,2.4
45456,0.8
45457,5.6
45458,-0.8
45459,-3.2
45460,4
45461,-2.4
45462,2.4
45463,-0.8
45464,2.4
45465,-0.8
45466,0
45467,-1.6
45468,-0.8
45469,0
45470,-1.6
45471,2.4
45472,1.6
45473,-0.8
45474,0
45475,-3.2
45476,3.2
45477,0
45478,7.2
45479,1.6
45480,0.8
45481,-2.4
45482,-0.8
45483,1.6
45484,4
45485,0
45486,-0.8
45487,0.8
45488,0
45489,-1.6
45490,4
45491,1.6
45492,-0.8
45493,0.8
45494,-0.8
45495,-2.4
45496,-4
45497,-0.8
45498,-0.8
45499,3.2
45500,4
45501,3.2
45502,-1.6
45503,0.8
45504,0
45505,-2.4
45506,-2.4
45507,-0.8
45508,-8.8
45509,-1.6
45510,9.6
45511,-7.2
45512,-4.8
45513,0
45514,0
45515,-2.4
45516,2.4
45517,-1.6
45518,-3.2
45519,0.8
45520,-1.6
45521,0
45522,0.8
45523,-3.2
45524,-3.2
45525,-1.6
45526,-3.2
45527,-4
45528,-1.6
45529,3.2
45530,0.8
45531,-0.8
45532,0.8
45533,0
45534,0
45535,-2.4
45536,0
45537,0
45538,1.6
45539,0.8
45540,0.8
45541,2.4
45542,0
45543,0
45544,-0.8
45545,2.4
45546,2.4
45547,2.4
45548,2.4
45549,1.6
45550,-0.8
45551,-2.4
45552,-0.8
45553,-0.8
45554,2.4
45555,-4
45556,-1.6
45557,-2.4
45558,0
45559,-1.6
45560,2.4
45561,-1.6
45562,2.4
45563,-3.2
45564,-0.8
45565,2.4
45566,-1.6
45567,-3.2
45568,-1.6
45569,4
45570,0
45571,0
45572,2.4
45573,-2.4
45574,-0.8
45575,2.4
45576,-2.4
45577,-4
45578,-4
45579,2.4
45580,0
45581,-0.8
45582,2.4
45583,0
45584,2.4
45585,-0.8
45586,-3.2
45587,-0.8
45588,2.4
45589,2.4
45590,0.8
45591,-0.8
45592,-1.6
45593,0
45594,5.6
45595,2.4
45596,-1.6
45597,-0.8
45598,0.8
45599,-1.6
45600,0
45601,-0.8
45602,0.8
45603,0
45604,-5.6
45605,-3.2
45606,-1.6
45607,-0.8
45608,-0.8
45609,0
45610,-2.4
45611,-0.8
45612,0
45613,0.8
45614,0
45615,0
45616,-1.6
45617,-2.4
45618,0.8
45619,-2.4
45620,0
45621,0.8
45622,-0.8
45623,-0.8
45624,0
45625,0
45626,-1.6
45627,-0.8
45628,-3.2
45629,0
45630,0
45631,0
45632,-1.6
45633,0
45634,-0.8
45635,0
45636,2.4
45637,0
45638,2.4
45639,-1.6
45640,1.6
45641,2.4
45642,0.8
45643,-1.6
45644,-0.8
45645,0.8
45646,-3.2
45647,2.4
45648,-1.6
45649,-8.8
45650,2.4
45651,-0.8
45652,4
45653,0.8
45654,-8.8
45655,0
45656,0.8
45657,0.8
45658,-0.8
45659,-0.8
45660,-0.8
45661,-0.8
45662,0
45663,0
45664,0.8
45665,0.8
45666,0
45667,0.8
45668,0.8
45669,-3.2
45670,-3.2
45671,-0.8
45672,-0.8
45673,0
45674,0.8
45675,-2.4
45676,2.4
45677,0.8
45678,-1.6
45679,0.8
45680,5.6
45681,0.8
45682,0
45683,-0.8
45684,-3.2
45685,-2.4
45686,-0.8
45687,2.4
45688,-0.8
45689,2.4
45690,0.8
45691,2.4
45692,0.8
45693,0
45694,-1.6
45695,0.8
45696,-3.2
45697,-2.4
45698,0
45699,0.8
45700,1.6
45701,0.8
45702,-4
45703,-1.6
45704,0
45705,-1.6
45706,-3.2
45707,-0.8
45708,0
45709,0.8
45710,-1.6
45711,2.4
45712,-4
45713,-4
45714,0
45715,0
45716,-1.6
45717,-0.8
45718,0
45719,-1.6
45720,-3.2
45721,-0.8
45722,2.4
45723,2.4
45724,-0.8
45725,0
45726,3.2
45727,0
45728,-8.8
45729,0
45730,0
45731,-0.8
45732,-0.8
45733,-1.6
45734,0.8
45735,0
45736,-1.6
45737,-0.8
45738,2.4
45739,-3.2
45740,0.8
45741,0
45742,0.8
45743,0.8
45744,2.4
45745,0.8
45746,2.4
45747,2.4
45748,0
45749,1.6
45750,-13.6
45751,-1.6
45752,0
45753,4
45754,-2.4
45755,0
45756,-3.2
45757,-0.8
45758,-0.8
45759,0.8
45760,-3.2
45761,0
45762,0.8
45763,-1.6
45764,2.4
45765,1.6
45766,0
45767,-3.2
45768,2.4
45769,-2.4
45770,0.8
45771,0.8
45772,1.6
45773,0
45774,0.8
45775,1.6
45776,1.6
45777,0.8
45778,0.8
45779,3.2
45780,0
45781,0
45782,1.6
45783,0
45784,0.8
45785,-0.8
45786,-0.8
45787,-1.6
45788,0
45789,1.6
45790,0
45791,-3.2
45792,-0.8
45793,2.4
45794,0.8
45795,0.8
45796,0.8
45797,0.8
45798,0
45799,3.2
45800,0.8
45801,2.4
45802,0
45803,2.4
45804,-4.8
45805,2.4
45806,0.8
45807,0.8
45808,0
45809,-1.6
45810,0
45811,0
45812,0
45813,-6.4
45814,0
45815,-0.8
45816,0
45817,2.4
45818,-0.8
45819,-0.8
45820,-4.8
45821,0.8
45822,0.8
45823,-0.8
45824,0
45825,-4
45826,0.8
45827,-0.8
45828,0.8
45829,-3.2
45830,-0.8
45831,-3.2
45832,4
45833,-0.8
45834,0.8
45835,-0.8
45836,-4
45837,0.8
45838,-0.8
45839,-1.6
45840,2.4
45841,0.8
45842,-2.4
45843,-1.6
45844,0.8
45845,2.4
45846,0
45847,-0.8
45848,0
45849,1.6
45850,0
45851,-4.8
45852,-1.6
45853,2.4
45854,2.4
45855,2.4
45856,-0.8
45857,-1.6
45858,-1.6
45859,2.4
45860,-0.8
45861,0.8
45862,2.4
45863,-0.8
45864,-0.8
45865,0
45866,0
45867,0
45868,2.4
45869,-0.8
45870,0.8
45871,0.8
45872,0
45873,-0.8
45874,0.8
45875,-1.6
45876,0.8
45877,5.6
45878,0
45879,0
45880,-0.8
45881,-1.6
45882,0
45883,0.8
45884,-1.6
45885,2.4
45886,-0.8
45887,0.8
45888,0
45889,2.4
45890,1.6
45891,-3.2
45892,0
45893,0
45894,0.8
45895,-1.6
45896,-1.6
45897,-3.2
45898,-2.4
45899,4
45900,-1.6
45901,-3.2
45902,4
45903,1.6
45904,-13.6
45905,-0.8
45906,-1.6
45907,2.4
45908,-1.6
45909,-0.8
45910,-3.2
45911,1.6
45912,-4.8
45913,-3.2
45914,-2.4
45915,-3.2
45916,-3.2
45917,-2.4
45918,-2.4
45919,0
45920,0
45921,0.8
45922,0.8
45923,-0.8
45924,0
45925,1.6
45926,0.8
45927,-0.8
45928,2.4
45929,0.8
45930,0.8
45931,-1.6
45932,0.8
45933,-0.8
45934,-1.6
45935,-0.8
45936,2.4
45937,0
45938,0.8
45939,0
45940,-3.2
45941,0
45942,0
45943,-0.8
45944,0.8
45945,-3.2
45946,-0.8
45947,-4
45948,0
45949,-2.4
45950,1.6
45951,4
45952,-4
45953,5.6
45954,-0.8
45955,0.8
45956,-1.6
45957,-0.8
45958,-3.2
45959,1.6
45960,1.6
45961,0
45962,0
45963,0
45964,-3.2
45965,0.8
45966,-3.2
45967,0.8
45968,0
45969,-0.8
45970,0.8
45971,2.4
45972,0
45973,-0.8
45974,2.4
45975,1.6
45976,0.8
45977,-4
45978,0.8
45979,-0.8
45980,2.4
45981,0
45982,0
45983,-3.2
45984,3.2
45985,2.4
45986,0.8
45987,0
45988,0.8
45989,-0.8
45990,-0.8
45991,3.2
45992,0.8
45993,-3.2
45994,0.8
45995,2.4
45996,-3.2
45997,0.8
45998,0.8
45999,0.8
46000,0.8
46001,0.8
46002,0
46003,-3.2
46004,-3.2
46005,0
46006,2.4
46007,0.8
46008,2.4
46009,0.8
46010,-0.8
46011,0
46012,2.4
46013,-0.8
46014,0
46015,-3.2
46016,0
46017,2.4
46018,0
46019,-3.2
46020,0
46021,2.4
46022,0
46023,-3.2
46024,0.8
46025,-4
46026,-4.8
46027,-1.6
46028,-3.2
46029,0
46030,0
46031,2.4
46032,1.6
46033,-3.2
46034,2.4
46035,2.4
46036,1.6
46037,0
46038,0.8
46039,0
46040,0.8
46041,0
46042,-0.8
46043,0
46044,-1.6
46045,1.6
46046,-0.8
46047,-2.4
46048,-1.6
46049,0
46050,2.4
46051,-3.2
46052,0
46053,-1.6
46054,0
46055,-0.8
46056,0.8
46057,-3.2
46058,0.8
46059,0
46060,-5.6
46061,3.2
46062,0.8
46063,1.6
46064,0
46065,2.4
46066,2.4
46067,0
46068,2.4
46069,-1.6
46070,0
46071,-0.8
46072,0
46073,-1.6
46074,0.8
46075,-1.6
46076,0.8
46077,4
46078,0.8
46079,0.8
46080,-5.6
46081,-3.2
46082,-1.6
46083,-3.2
46084,0
46085,0
46086,0
46087,-0.8
46088,0.8
46089,2.4
46090,1.6
46091,0
46092,1.6
46093,0
46094,0
46095,3.2
46096,0.8
46097,-0.8
46098,3.2
46099,-8
46100,0
46101,-3.2
46102,-3.2
46103,-3.2
46104,4
46105,0
46106,0.8
46107,0.8
46108,0.8
46109,0
46110,0.8
46111,-0.8
46112,1.6
46113,-0.8
46114,-1.6
46115,-1.6
46116,-1.6
46117,-1.6
46118,2.4
46119,0.8
46120,-0.8
46121,-1.6
46122,0.8
46123,2.4
46124,-0.8
46125,-4
46126,-3.2
46127,-2.4
46128,-2.4
46129,2.4
46130,1.6
46131,-1.6
46132,-0.8
46133,-0.8
46134,2.4
46135,-1.6
46136,1.6
46137,0.8
46138,0
46139,0
46140,2.4
46141,3.2
46142,0
46143,2.4
46144,0
46145,-3.2
46146,2.4
46147,0
46148,0.8
46149,-0.8
46150,-0.8
46151,2.4
46152,-4.8
46153,0
46154,-7.2
46155,0.8
46156,0
46157,0
46158,0
46159,2.4
46160,-5.6
46161,0
46162,0
46163,2.4
46164,2.4
46165,0.8
46166,-1.6
46167,1.6
46168,0.8
46169,0.8
46170,-1.6
46171,0.8
46172,0.8
46173,-0.8
46174,0
46175,-0.8
46176,-1.6
46177,-4
46178,-3.2
46179,3.2
46180,0
46181,-0.8
46182,-3.2
46183,0.8
46184,0.8
46185,2.4
46186,0
46187,0
46188,-3.2
46189,2.4
46190,0.8
46191,0.8
46192,1.6
46193,0
46194,0
46195,-0.8
46196,4
46197,5.6
46198,-0.8
46199,-0.8
46200,2.4
46201,4
46202,-4.8
46203,1.6
46204,0.8
46205,-0.8
46206,2.4
46207,0.8
46208,0
46209,0.8
46210,-3.2
46211,-1.6
46212,0
46213,-0.8
46214,-0.8
46215,-4.8
46216,0
46217,0.8
46218,2.4
46219,0.8
46220,2.4
46221,0.8
46222,-0.8
46223,0
46224,1.6
46225,0
46226,-0.8
46227,-0.8
46228,-3.2
46229,-1.6
46230,-0.8
46231,0
46232,0
46233,0
46234,0
46235,1.6
46236,0
46237,0.8
46238,-3.2
46239,4
46240,-4
46241,-1.6
46242,-1.6
46243,0.8
46244,0.8
46245,-0.8
46246,0.8
46247,1.6
46248,-0.8
46249,2.4
46250,0
46251,0
46252,0
46253,1.6
46254,-0.8
46255,0.8
46256,-0.8
46257,0.8
46258,-1.6
46259,-0.8
46260,-3.2
46261,0.8
46262,-1.6
46263,2.4
46264,-1.6
46265,-3.2
46266,-3.2
46267,-3.2
46268,2.4
46269,0
46270,1.6
46271,-1.6
46272,-0.8
46273,0
46274,2.4
46275,0
46276,-1.6
46277,0.8
46278,0
46279,3.2
46280,1.6
46281,0
46282,0
46283,1.6
46284,0
46285,0
46286,0
46287,-3.2
46288,2.4
46289,-1.6
46290,2.4
46291,0
46292,2.4
46293,-0.8
46294,2.4
46295,0
46296,0.8
46297,-1.6
46298,0.8
46299,2.4
46300,0
46301,-3.2
46302,2.4
46303,0.8
46304,3.2
46305,-1.6
46306,-2.4
46307,0
46308,0
46309,0
46310,3.2
46311,-1.6
46312,-3.2
46313,-3.2
46314,0.8
46315,2.4
46316,0.8
46317,0
46318,-0.8
46319,0.8
46320,-0.8
46321,-5.6
46322,-2.4
46323,3.2
46324,0
46325,2.4
46326,-3.2
46327,0
46328,-4
46329,2.4
46330,0
46331,0
46332,2.4
46333,0
46334,0
46335,-3.2
46336,-3.2
46337,0.8
46338,-0.8
46339,3.2
46340,0.8
46341,1.6
46342,0.8
46343,3.2
46344,-3.2
46345,0
46346,2.4
46347,3.2
46348,2.4
46349,4
46350,0.8
46351,5.6
46352,2.4
46353,0.8
46354,0.8
46355,-1.6
46356,-0.8
46357,0
46358,0.8
46359,2.4
46360,4
46361,3.2
46362,0
46363,3.2
46364,0
46365,-1.6
46366,2.4
46367,-0.8
46368,-0.8
46369,0.8
46370,0
46371,3.2
46372,0
46373,0.8
46374,-3.2
46375,0.8
46376,-3.2
46377,-2.4
46378,-1.6
46379,2.4
46380,0.8
46381,-1.6
46382,0
46383,0
46384,0
46385,2.4
46386,-1.6
46387,0.8
46388,2.4
46389,0
46390,0
46391,3.2
46392,0
46393,0.8
46394,2.4
46395,-1.6
46396,0.8
46397,0.8
46398,0
46399,0.8
46400,4
46401,4
46402,0.8
46403,3.2
46404,-0.8
46405,-3.2
46406,0
46407,-2.4
46408,0
46409,0.8
46410,-4
46411,-1.6
46412,-4
46413,-0.8
46414,1.6
46415,1.6
46416,2.4
46417,-0.8
46418,-1.6
46419,-1.6
46420,5.6
46421,2.4
46422,-4
46423,0
46424,-1.6
46425,0
46426,0
46427,-3.2
46428,0
46429,4
46430,3.2
46431,-0.8
46432,0.8
46433,2.4
46434,0.8
46435,-0.8
46436,0
46437,0
46438,-0.8
46439,4
46440,0
46441,-0.8
46442,-0.8
46443,-0.8
46444,-1.6
46445,-1.6
46446,0
46447,4
46448,0
46449,0.8
46450,0.8
46451,-0.8
46452,0
46453,-4.8
46454,0
46455,-0.8
46456,1.6
46457,0
46458,1.6
46459,0
46460,0.8
46461,-0.8
46462,-4
46463,0.8
46464,-2.4
46465,-0.8
46466,4
46467,0.8
46468,2.4
46469,-3.2
46470,0
46471,-1.6
46472,-1.6
46473,0
46474,2.4
46475,-4
46476,-1.6
46477,-2.4
46478,-0.8
46479,-0.8
46480,9.6
46481,0
46482,0
46483,0.8
46484,0.8
46485,0.8
46486,1.6
46487,1.6
46488,-4
46489,-0.8
46490,0.8
46491,0.8
46492,3.2
46493,4
46494,0.8
46495,0
46496,-0.8
46497,0
46498,-4
46499,2.4
46500,0
46501,2.4
46502,0
46503,0.8
46504,-2.4
46505,-1.6
46506,-1.6
46507,-0.8
46508,-10.4
46509,0
46510,-2.4
46511,0.8
46512,-0.8
46513,4
46514,-3.2
46515,1.6
46516,0
46517,-3.2
46518,0
46519,2.4
46520,0
46521,0
46522,-1.6
46523,0.8
46524,-0.8
46525,-0.8
46526,2.4
46527,-3.2
46528,2.4
46529,5.6
46530,3.2
46531,-0.8
46532,-1.6
46533,0
46534,0
46535,-3.2
46536,-5.6
46537,2.4
46538,-0.8
46539,-3.2
46540,2.4
46541,0
46542,0.8
46543,0
46544,0
46545,-1.6
46546,0.8
46547,1.6
46548,0
46549,-0.8
46550,-2.4
46551,-3.2
46552,-2.4
46553,2.4
46554,-4
46555,-3.2
46556,-6.4
46557,0
46558,-0.8
46559,7.2
46560,8.8
46561,0
46562,-4.8
46563,2.4
46564,-0.8
46565,-4
46566,-1.6
46567,-3.2
46568,-8.8
46569,0
46570,1.6
46571,2.4
46572,0.8
46573,-1.6
46574,-3.2
46575,4
46576,0.8
46577,0
46578,0
46579,4
46580,-0.8
46581,2.4
46582,2.4
46583,4
46584,0
46585,0
46586,-3.2
46587,-1.6
46588,-3.2
46589,0
46590,-1.6
46591,0.8
46592,2.4
46593,4
46594,4
46595,0.8
46596,3.2
46597,2.4
46598,0
46599,2.4
46600,5.6
46601,-1.6
46602,5.6
46603,2.4
46604,-3.2
46605,-1.6
46606,0
46607,0.8
46608,0
46609,2.4
46610,0
46611,4
46612,0
46613,0.8
46614,1.6
46615,-4
46616,-3.2
46617,2.4
46618,0.8
46619,-3.2
46620,2.4
46621,-1.6
46622,2.4
46623,0.8
46624,0
46625,-0.8
46626,-1.6
46627,0
46628,2.4
46629,2.4
46630,-3.2
46631,-0.8
46632,-3.2
46633,0
46634,-0.8
46635,2.4
46636,0
46637,0.8
46638,-1.6
46639,0
46640,5.6
46641,2.4
46642,-3.2
46643,0.8
46644,2.4
46645,0
46646,2.4
46647,-0.8
46648,0
46649,0.8
46650,-1.6
46651,0
46652,4
46653,0
46654,-3.2
46655,-0.8
46656,0.8
46657,-1.6
46658,0.8
46659,-1.6
46660,2.4
46661,-3.2
46662,0
46663,-0.8
46664,-3.2
46665,-3.2
46666,-0.8
46667,-3.2
46668,-4
46669,0
46670,3.2
46671,-1.6
46672,-0.8
46673,1.6
46674,-0.8
46675,0
46676,-4
46677,-0.8
46678,-0.8
46679,5.6
46680,-1.6
46681,-0.8
46682,0.8
46683,-0.8
46684,0.8
46685,0.8
46686,0
46687,0.8
46688,-0.8
46689,0.8
46690,1.6
46691,-0.8
46692,-0.8
46693,-0.8
46694,2.4
46695,0.8
46696,0.8
46697,2.4
46698,2.4
46699,0.8
46700,2.4
46701,0.8
46702,0.8
46703,0.8
46704,-3.2
46705,-3.2
46706,0
46707,0
46708,2.4
46709,4
46710,-1.6
46711,0
46712,0
46713,-0.8
46714,0
46715,0
46716,0
46717,-1.6
46718,0
46719,2.4
46720,3.2
46721,-0.8
46722,0.8
46723,-0.8
46724,0
46725,0
46726,3.2
46727,0
46728,0
46729,2.4
46730,-0.8
46731,-3.2
46732,-3.2
46733,0.8
46734,0.8
46735,2.4
46736,2.4
46737,0
46738,-0.8
46739,0.8
46740,-0.8
46741,0
46742,0.8
46743,-0.8
46744,-0.8
46745,4
46746,2.4
46747,0
46748,0.8
46749,2.4
46750,0
46751,-1.6
46752,-5.6
46753,4
46754,2.4
46755,-1.6
46756,-3.2
46757,-2.4
46758,5.6
46759,-0.8
46760,-1.6
46761,-1.6
46762,0.8
46763,0.8
46764,0
46765,0.8
46766,0.8
46767,0.8
46768,0
46769,0.8
46770,0
46771,-0.8
46772,-8.8
46773,0.8
46774,-0.8
46775,-1.6
46776,0.8
46777,-0.8
46778,4
46779,1.6
46780,-5.6
46781,-3.2
46782,-3.2
46783,0
46784,-0.8
46785,-0.8
46786,-3.2
46787,0.8
46788,2.4
46789,-0.8
46790,2.4
46791,-0.8
46792,0
46793,-0.8
46794,2.4
46795,-0.8
46796,1.6
46797,-0.8
46798,-4.8
46799,0
46800,2.4
46801,2.4
46802,-5.6
46803,-0.8
46804,3.2
46805,-1.6
46806,1.6
46807,-0.8
46808,-0.8
46809,2.4
46810,0
46811,-0.8
46812,0.8
46813,2.4
46814,-2.4
46815,0
46816,-3.2
46817,-1.6
46818,2.4
46819,2.4
46820,-3.2
46821,0
46822,-0.8
46823,1.6
46824,-0.8
46825,0.8
46826,0
46827,0
46828,2.4
46829,5.6
46830,0
46831,0
46832,2.4
46833,0.8
46834,0.8
46835,-2.4
46836,-2.4
46837,2.4
46838,-2.4
46839,2.4
46840,3.2
46841,3.2
46842,0
46843,-3.2
46844,1.6
46845,0.8
46846,4
46847,0
46848,-0.8
46849,0.8
46850,1.6
46851,2.4
46852,5.6
46853,-2.4
46854,-0.8
46855,0
46856,0
46857,0
46858,-2.4
46859,0.8
46860,-9.6
46861,-1.6
46862,-1.6
46863,3.2
46864,-0.8
46865,2.4
46866,0
46867,0
46868,-1.6
46869,-1.6
46870,0
46871,-3.2
46872,0
46873,0.8
46874,-1.6
46875,2.4
46876,-0.8
46877,7.2
46878,71.199997
46879,12.8
46880,-56
46881,-53.599998
46882,-24
46883,-14.4
46884,-16.799999
46885,-25.6
46886,-44.799999
46887,-49.599998
46888,-3.2
46889,30.4
46890,31.200001
46891,22.4
46892,9.6
46893,4
46894,0.8
46895,1.6
46896,-3.2
46897,0.8
46898,2.4
46899,2.4
46900,2.4
46901,2.4
46902,-12.8
46903,-0.8
46904,-13.6
46905,2.4
46906,0.8
46907,-0.8
46908,2.4
46909,4
46910,1.6
46911,0
46912,4
46913,4
46914,-0.8
46915,1.6
46916,0
46917,1.6
46918,0.8
46919,0.8
46920,0.8
46921,0
46922,0.8
46923,0.8
46924,0
46925,2.4
46926,2.4
46927,0
46928,4
46929,7.2
46930,0.8
46931,0
46932,1.6
46933,2.4
46934,2.4
46935,-0.8
46936,0.8
46937,0
46938,-3.2
46939,4
46940,0
46941,0
46942,2.4
46943,-4
46944,2.4
46945,-0.8
46946,-0.8
46947,2.4
46948,3.2
46949,1.6
46950,0
46951,2.4
46952,-0.8
46953,4
46954,0.8
46955,-3.2
46956,1.6
46957,0.8
46958,0
46959,2.4
46960,-1.6
46961,0.8
46962,-4
46963,0.8
46964,-0.8
46965,-0.8
46966,0
46967,0
46968,0.8
46969,0
46970,0
46971,-3.2
46972,-0.8
46973,1.6
46974,-0.8
46975,0.8
46976,-0.8
46977,-0.8
46978,-1.6
46979,-0.8
46980,0
46981,0
46982,-2.4
46983,0
46984,1.6
46985,-1.6
46986,7.2
46987,-0.8
46988,0
46989,-0.8
46990,-0.8
46991,0.8
46992,-0.8
46993,-0.8
46994,2.4
46995,2.4
46996,4
46997,0
46998,1.6
46999,5.6
47000,1.6
47001,0
47002,4
47003,0.8
47004,-1.6
47005,0.8
47006,0
47007,1.6
47008,0
47009,-1.6
47010,1.6
47011,2.4
47012,0
47013,0.8
47014,-3.2
47015,-4.8
47016,0
47017,-2.4
47018,0.8
47019,0.8
47020,1.6
47021,-4
47022,-9.6
47023,2.4
47024,-0.8
47025,2.4
47026,-0.8
47027,-1.6
47028,5.6
47029,2.4
47030,0.8
47031,-3.2
47032,0
47033,0
47034,0.8
47035,-0.8
47036,2.4
47037,2.4
47038,0
47039,2.4
47040,2.4
47041,0.8
47042,0
47043,3.2
47044,0.8
47045,-3.2
47046,2.4
47047,-0.8
47048,-2.4
47049,-3.2
47050,7.2
47051,1.6
47052,0.8
47053,0.8
47054,-4
47055,-0.8
47056,0
47057,-1.6
47058,0
47059,0.8
47060,-1.6
47061,2.4
47062,-0.8
47063,0.8
47064,0.8
47065,3.2
47066,3.2
47067,0
47068,-3.2
47069,1.6
47070,0.8
47071,2.4
47072,0
47073,-3.2
47074,-1.6
47075,0.8
47076,2.4
47077,-2.4
47078,0
47079,0.8
47080,0.8
47081,0.8
47082,-0.8
47083,0.8
47084,-0.8
47085,0.8
47086,2.4
47087,-0.8
47088,-4
47089,0
47090,3.2
47091,0.8
47092,-3.2
47093,0.8
47094,-1.6
47095,-5.6
47096,0
47097,-1.6
47098,-2.4
47099,-1.6
47100,0
47101,-3.2
47102,2.4
47103,-1.6
47104,-0.8
47105,-5.6
47106,-3.2
47107,0
47108,0
47109,0
47110,0
47111,-0.8
47112,-0.8
47113,3.2
47114,0
47115,4
47116,2.4
47117,0
47118,4
47119,1.6
47120,0
47121,-1.6
47122,-0.8
47123,2.4
47124,0
47125,-1.6
47126,-1.6
47127,-1.6
47128,-0.8
47129,0
47130,-1.6
47131,-3.2
47132,-2.4
47133,-1.6
47134,-0.8
47135,2.4
47136,0
47137,2.4
47138,-0.8
47139,-0.8
47140,0
47141,0
47142,0
47143,0.8
47144,1.6
47145,-0.8
47146,0.8
47147,-2.4
47148,0.8
47149,0.8
47150,0.8
47151,-1.6
47152,2.4
47153,-1.6
47154,-3.2
47155,-1.6
47156,0
47157,0
47158,0
47159,0
47160,0
47161,3.2
47162,0.8
47163,0
47164,4
47165,-0.8
47166,0.8
47167,0
47168,-2.4
47169,0
47170,2.4
47171,-0.8
47172,0
47173,0
47174,-0.8
47175,0
47176,-3.2
47177,-0.8
47178,2.4
47179,2.4
47180,-1.6
47181,-1.6
47182,-0.8
47183,-0.8
47184,2.4
47185,-0.8
47186,0
47187,0
47188,-1.6
47189,2.4
47190,1.6
47191,0.8
47192,0
47193,0
47194,-1.6
47195,-2.4
47196,-1.6
47197,0.8
47198,2.4
47199,0.8
47200,-1.6
47201,0.8
47202,4
47203,4
47204,0
47205,-3.2
47206,2.4
47207,1.6
47208,-1.6
47209,-0.8
47210,-1.6
47211,-3.2
47212,1.6
47213,-3.2
47214,-4
47215,-3.2
47216,-1.6
47217,-0.8
47218,-0.8
47219,-1.6
47220,0
47221,0.8
47222,-0.8
47223,-0.8
47224,2.4
47225,-3.2
47226,-0.8
47227,-3.2
47228,2.4
47229,0.8
47230,-3.2
47231,0
47232,0.8
47233,-1.6
47234,0.8
47235,-0.8
47236,1.6
47237,-1.6
47238,0
47239,2.4
47240,-0.8
47241,3.2
47242,-4.8
47243,-0.8
47244,0
47245,-0.8
47246,2.4
47247,-2.4
47248,0
47249,0
47250,-5.6
47251,1.6
47252,0.8
47253,-0.8
47254,2.4
47255,-7.2
47256,-1.6
47257,-0.8
47258,-14.4
47259,12
47260,15.2
47261,-0.8
47262,-16.799999
47263,-15.2
47264,-5.6
47265,-2.4
47266,-3.2
47267,0.8
47268,-4
47269,-8.8
47270,-8.8
47271,-3.2
47272,-6.4
47273,-7.2
47274,-9.6
47275,-8
47276,-4
47277,-0.8
47278,-3.2
47279,2.4
47280,4
47281,2.4
47282,4
47283,3.2
47284,4
47285,3.2
47286,0
47287,0.8
47288,2.4
47289,2.4
47290,2.4
47291,2.4
47292,-4
47293,2.4
47294,3.2
47295,2.4
47296,2.4
47297,1.6
47298,0.8
47299,0
47300,5.6
47301,2.4
47302,-0.8
47303,-3.2
47304,6.4
47305,2.4
47306,0
47307,0.8
47308,1.6
47309,0
47310,-3.2
47311,0
47312,2.4
47313,4
47314,2.4
47315,0
47316,2.4
47317,-3.2
47318,-0.8
47319,0.8
47320,-1.6
47321,-2.4
47322,-3.2
47323,0.8
47324,0
47325,0
47326,2.4
47327,2.4
47328,0
47329,0
47330,2.4
47331,2.4
47332,0.8
47333,0
47334,0.8
47335,0.8
47336,-4
47337,0.8
47338,-0.8
47339,0
47340,-0.8
47341,5.6
47342,0
47343,-1.6
47344,-0.8
47345,-1.6
47346,2.4
47347,0
47348,0
47349,4
47350,0
47351,-0.8
47352,0.8
47353,-2.4
47354,-1.6
47355,0.8
47356,-4
47357,0.8
47358,2.4
47359,0.8
47360,-0.8
47361,0.8
47362,0
47363,-0.8
47364,0
47365,-3.2
47366,-4
47367,-4
47368,0
47369,-0.8
47370,-3.2
47371,0
47372,0
47373,-0.8
47374,0
47375,2.4
47376,0.8
47377,-0.8
47378,1.6
47379,0
47380,-1.6
47381,-0.8
47382,-3.2
47383,0.8
47384,-1.6
47385,2.4
47386,0
47387,-0.8
47388,0.8
47389,0.8
47390,2.4
47391,0.8
47392,0
47393,0
47394,-3.2
47395,2.4
47396,0.8
47397,0.8
47398,-0.8
47399,2.4
47400,0
47401,-5.6
47402,0
47403,1.6
47404,-3.2
47405,-1.6
47406,-2.4
47407,-3.2
47408,-2.4
47409,-1.6
47410,-0.8
47411,0.8
47412,-1.6
47413,0.8
47414,-0.8
47415,0.8
47416,2.4
47417,-3.2
47418,0
47419,-3.2
47420,0.8
47421,-1.6
47422,0
47423,0
47424,-1.6
47425,-2.4
47426,2.4
47427,0
47428,-3.2
47429,-3.2
47430,0
47431,-0.8
47432,0
47433,2.4
47434,-0.8
47435,0.8
47436,0
47437,-4
47438,0.8
47439,2.4
47440,0
47441,0
47442,0
47443,-1.6
47444,1.6
47445,0
47446,0.8
47447,-1.6
47448,-0.8
47449,4
47450,0
47451,1.6
47452,2.4
47453,2.4
47454,-1.6
47455,-0.8
47456,-3.2
47457,0
47458,2.4
47459,2.4
47460,-1.6
47461,-2.4
47462,-4
47463,-3.2
47464,-0.8
47465,0
47466,0
47467,2.4
47468,-1.6
47469,-4
47470,7.2
47471,2.4
47472,0.8
47473,-1.6
47474,0
47475,4
47476,1.6
47477,0.8
47478,0
47479,0
47480,2.4
47481,-8.8
47482,-0.8
47483,0
47484,-1.6
47485,-2.4
47486,3.2
47487,2.4
47488,-0.8
47489,0.8
47490,1.6
47491,0
47492,-1.6
47493,3.2
47494,0
47495,0.8
47496,-1.6
47497,0.8
47498,5.6
47499,1.6
47500,0
47501,0.8
47502,2.4
47503,-3.2
47504,4
47505,2.4
47506,0.8
47507,-0.8
47508,-1.6
47509,-0.8
47510,2.4
47511,3.2
47512,-0.8
47513,0
47514,-0.8
47515,-2.4
47516,-0.8
47517,-3.2
47518,0.8
47519,1.6
47520,-2.4
47521,-3.2
47522,-0.8
47523,-0.8
47524,-0.8
47525,-2.4
47526,-0.8
47527,0.8
47528,2.4
47529,2.4
47530,-0.8
47531,2.4
47532,0
47533,1.6
47534,0.8
47535,2.4
47536,0
47537,0
47538,0
47539,0.8
47540,0
47541,0.8
47542,1.6
47543,-0.8
47544,-0.8
47545,-3.2
47546,0
47547,2.4
47548,0.8
47549,0
47550,0.8
47551,-3.2
47552,-1.6
47553,-0.8
47554,0
47555,0
47556,2.4
47557,0.8
47558,0
47559,0
47560,0.8
47561,0
47562,2.4
47563,-0.8
47564,-1.6
47565,-0.8
47566,0
47567,0
47568,-0.8
47569,0.8
47570,-0.8
47571,0.8
47572,-4
47573,-4
47574,0
47575,-0.8
47576,1.6
47577,0
47578,0
47579,9.6
47580,0.8
47581,0.8
47582,0
47583,-0.8
47584,2.4
47585,1.6
47586,0
47587,-0.8
47588,-4
47589,1.6
47590,0
47591,-1.6
47592,0
47593,-1.6
47594,-2.4
47595,-0.8
47596,-3.2
47597,-0.8
47598,0.8
47599,-0.8
47600,-0.8
47601,-3.2
47602,-0.8
47603,0
47604,-3.2
47605,-4.8
47606,0
47607,-3.2
47608,-0.8
47609,0
47610,0.8
47611,-4
47612,0
47613,-2.4
47614,-0.8
47615,-3.2
47616,-1.6
47617,0.8
47618,-1.6
47619,1.6
47620,0
47621,-4.8
47622,-0.8
47623,-1.6
47624,0
47625,-0.8
47626,-0.8
47627,-5.6
47628,-3.2
47629,2.4
47630,0.8
47631,-0.8
47632,0
47633,2.4
47634,4
47635,0.8
47636,0
47637,0
47638,-3.2
47639,0
47640,0
47641,0
47642,0.8
47643,1.6
47644,0
47645,0.8
47646,2.4
47647,-0.8
47648,-1.6
47649,-0.8
47650,-0.8
47651,1.6
47652,0.8
47653,-1.6
47654,0
47655,-4
47656,0.8
47657,-1.6
47658,-0.8
47659,-0.8
47660,-0.8
47661,0
47662,1.6
47663,-1.6
47664,0.8
47665,-0.8
47666,0.8
47667,-0.8
47668,-0.8
47669,-0.8
47670,1.6
47671,0
47672,-4
47673,-1.6
47674,0
47675,-3.2
47676,0.8
47677,3.2
47678,2.4
47679,2.4
47680,0
47681,0.8
47682,-0.8
47683,-1.6
47684,-0.8
47685,0
47686,-1.6
47687,0.8
47688,-3.2
47689,-1.6
47690,-1.6
47691,1.6
47692,2.4
47693,0.8
47694,0.8
47695,-0.8
47696,0
47697,2.4
47698,0
47699,-9.6
47700,5.6
47701,2.4
47702,0
47703,0
47704,0
47705,0
47706,-3.2
47707,2.4
47708,2.4
47709,-0.8
47710,-1.6
47711,-0.8
47712,-0.8
47713,0
47714,0.8
47715,-1.6
47716,1.6
47717,-1.6
47718,0
47719,0.8
47720,0
47721,0.8
47722,-0.8
47723,-0.8
47724,0.8
47725,-0.8
47726,-0.8
47727,0
47728,0.8
47729,-3.2
47730,0
47731,-1.6
47732,-5.6
47733,-0.8
47734,0
47735,-3.2
47736,0
47737,-2.4
47738,0.8
47739,1.6
47740,-1.6
47741,-1.6
47742,0.8
47743,-0.8
47744,-0.8
47745,1.6
47746,0.8
47747,-0.8
47748,-3.2
47749,0.8
47750,0
47751,-1.6
47752,-3.2
47753,-1.6
47754,0
47755,0.8
47756,4
47757,0.8
47758,-0.8
47759,0.8
47760,1.6
47761,-3.2
47762,-3.2
47763,1.6
47764,2.4
47765,-0.8
47766,0
47767,-1.6
47768,-1.6
47769,-3.2
47770,-2.4
47771,-0.8
47772,2.4
47773,1.6
47774,1.6
47775,0
47776,2.4
47777,2.4
47778,-2.4
47779,-3.2
47780,-0.8
47781,-0.8
47782,-0.8
47783,-0.8
47784,2.4
47785,1.6
47786,0
47787,-3.2
47788,-3.2
47789,0.8
47790,4
47791,2.4
47792,0
47793,-0.8
47794,0.8
47795,0.8
47796,2.4
47797,0.8
47798,0.8
47799,-0.8
47800,0
47801,-4
47802,0.8
47803,2.4
47804,2.4
47805,2.4
47806,-0.8
47807,4
47808,-0.8
47809,-1.6
47810,0
47811,4
47812,-1.6
47813,0
47814,-0.8
47815,0
47816,-3.2
47817,1.6
47818,-0.8
47819,2.4
47820,-8.8
47821,-3.2
47822,0
47823,0
47824,0.8
47825,0.8
47826,0
47827,0
47828,2.4
47829,2.4
47830,-0.8
47831,0
47832,0
47833,0
47834,2.4
47835,-2.4
47836,0
47837,-0.8
47838,0.8
47839,2.4
47840,-12.8
47841,2.4
47842,2.4
47843,0
47844,-3.2
47845,0.8
47846,-1.6
47847,2.4
47848,0.8
47849,-0.8
47850,-3.2
47851,0.8
47852,2.4
47853,0
47854,2.4
47855,3.2
47856,4
47857,2.4
47858,2.4
47859,0
47860,2.4
47861,0.8
47862,0.8
47863,-1.6
47864,0.8
47865,-0.8
47866,0.8
47867,0.8
47868,0.8
47869,-0.8
47870,-0.8
47871,-2.4
47872,-4
47873,2.4
47874,0.8
47875,-1.6
47876,-0.8
47877,0
47878,0
47879,-0.8
47880,-4
47881,0
47882,-4
47883,0.8
47884,2.4
47885,0.8
47886,4
47887,-0.8
47888,-0.8
47889,0
47890,0
47891,0.8
47892,1.6
47893,0.8
47894,0.8
47895,-1.6
47896,-0.8
47897,0
47898,1.6
47899,5.6
47900,-3.2
47901,0
47902,0.8
47903,2.4
47904,0
47905,0.8
47906,0
47907,0
47908,0.8
47909,1.6
47910,0.8
47911,2.4
47912,-1.6
47913,4
47914,0
47915,-0.8
47916,-2.4
47917,-1.6
47918,-0.8
47919,-0.8
47920,0.8
47921,0.8
47922,1.6
47923,2.4
47924,4
47925,-4.8
47926,-1.6
47927,0.8
47928,4
47929,2.4
47930,0.8
47931,-0.8
47932,-0.8
47933,0
47934,2.4
47935,-1.6
47936,0.8
47937,-1.6
47938,0
47939,0.8
47940,0.8
47941,0.8
47942,0.8
47943,2.4
47944,0.8
47945,-0.8
47946,0
47947,2.4
47948,2.4
47949,2.4
47950,-0.8
47951,-2.4
47952,-1.6
47953,-0.8
47954,2.4
47955,-3.2
47956,0
47957,0
47958,-1.6
47959,-1.6
47960,0
47961,-1.6
47962,0.8
47963,-0.8
47964,0.8
47965,-2.4
47966,-1.6
47967,0.8
47968,-0.8
47969,-0.8
47970,-0.8
47971,-2.4
47972,-0.8
47973,-1.6
47974,-2.4
47975,-0.8
47976,0
47977,2.4
47978,-2.4
47979,-2.4
47980,2.4
47981,0.8
47982,-0.8
47983,0
47984,-0.8
47985,0
47986,2.4
47987,-1.6
47988,-0.8
47989,-0.8
47990,0
47991,-0.8
47992,0
47993,0.8
47994,-1.6
47995,3.2
47996,-0.8
47997,0.8
47998,2.4
47999,1.6
48000,0
48001,0.8
48002,2.4
48003,0.8
48004,-1.6
48005,0.8
48006,-4
48007,-2.4
48008,-3.2
48009,-1.6
48010,0.8
48011,-0.8
48012,2.4
48013,0
48014,-3.2
48015,0
48016,-0.8
48017,0.8
48018,-1.6
48019,-0.8
48020,-1.6
48021,0.8
48022,0
48023,2.4
48024,0
48025,-3.2
48026,0
48027,0.8
48028,-0.8
48029,0.8
48030,0
48031,0
48032,-0.8
48033,0.8
48034,-4
48035,-2.4
48036,-1.6
48037,0
48038,-2.4
48039,2.4
48040,0
48041,-0.8
48042,-0.8
48043,0.8
48044,1.6
48045,1.6
48046,0
48047,-0.8
48048,-3.2
48049,-0.8
48050,0.8
48051,0.8
48052,0.8
48053,0
48054,0
48055,3.2
48056,2.4
48057,-3.2
48058,2.4
48059,0.8
48060,2.4
48061,-1.6
48062,0
48063,0.8
48064,0
48065,-0.8
48066,-0.8
48067,2.4
48068,0.8
48069,-0.8
48070,0
48071,-3.2
48072,0
48073,-1.6
48074,0.8
48075,0.8
48076,0.8
48077,-3.2
48078,-4
48079,0
48080,-1.6
48081,1.6
48082,0
48083,-3.2
48084,-3.2
48085,0.8
48086,0.8
48087,0
48088,2.4
48089,0.8
48090,-0.8
48091,-1.6
48092,1.6
48093,0.8
48094,2.4
48095,2.4
48096,0
48097,1.6
48098,2.4
48099,3.2
48100,0.8
48101,0.8
48102,-0.8
48103,0.8
48104,0.8
48105,-1.6
48106,0
48107,2.4
48108,0.8
48109,2.4
48110,-0.8
48111,2.4
48112,4
48113,2.4
48114,-1.6
48115,0.8
48116,0
48117,2.4
48118,0
48119,0
48120,2.4
48121,0
48122,-0.8
48123,0.8
48124,0.8
48125,0.8
48126,-0.8
48127,-1.6
48128,0.8
48129,-0.8
48130,-4
48131,0.8
48132,-1.6
48133,0
48134,-1.6
48135,2.4
48136,1.6
48137,4
48138,0
48139,0.8
48140,2.4
48141,0.8
48142,-1.6
48143,-3.2
48144,1.6
48145,2.4
48146,3.2
48147,2.4
48148,0
48149,0
48150,3.2
48151,0
48152,-0.8
48153,4
48154,2.4
48155,-3.2
48156,-4
48157,1.6
48158,0.8
48159,2.4
48160,-1.6
48161,0
48162,-1.6
48163,1.6
48164,0.8
48165,-0.8
48166,2.4
48167,-0.8
48168,0
48169,0
48170,0.8
48171,0.8
48172,-0.8
48173,0
48174,-8.8
48175,0.8
48176,-3.2
48177,2.4
48178,0
48179,-0.8
48180,2.4
48181,0
48182,0.8
48183,-0.8
48184,-1.6
48185,-3.2
48186,-3.2
48187,-1.6
48188,-0.8
48189,0.8
48190,0.8
48191,0.8
48192,-0.8
48193,-1.6
48194,0.8
48195,-0.8
48196,-5.6
48197,-3.2
48198,-0.8
48199,0.8
48200,-0.8
48201,-5.6
48202,-4
48203,-0.8
48204,-0.8
48205,0.8
48206,0
48207,-0.8
48208,-0.8
48209,0
48210,0
48211,-0.8
48212,-4
48213,1.6
48214,1.6
48215,-3.2
48216,0
48217,0.8
48218,-3.2
48219,0
48220,0
48221,0.8
48222,-2.4
48223,0
48224,0.8
48225,0
48226,-0.8
48227,0
48228,-1.6
48229,4
48230,-0.8
48231,-1.6
48232,-1.6
48233,1.6
48234,-0.8
48235,-3.2
48236,0.8
48237,1.6
48238,0.8
48239,-1.6
48240,2.4
48241,2.4
48242,2.4
48243,2.4
48244,-0.8
48245,-0.8
48246,0
48247,2.4
48248,0
48249,0
48250,2.4
48251,0.8
48252,0
48253,2.4
48254,-1.6
48255,-1.6
48256,2.4
48257,2.4
48258,-0.8
48259,0.8
48260,0.8
48261,0.8
48262,2.4
48263,-0.8
48264,0
48265,-1.6
48266,2.4
48267,0
48268,-0.8
48269,0.8
48270,0.8
48271,0
48272,-1.6
48273,3.2
48274,0.8
48275,-0.8
48276,0
48277,2.4
48278,0.8
48279,0.8
48280,-0.8
48281,0
48282,0.8
48283,2.4
48284,0.8
48285,-0.8
48286,0
48287,-1.6
48288,1.6
48289,0
48290,2.4
48291,2.4
48292,3.2
48293,0.8
48294,-0.8
48295,0.8
48296,0.8
48297,0.8
48298,1.6
48299,0
48300,0
48301,2.4
48302,0.8
48303,3.2
48304,-2.4
48305,0.8
48306,2.4
48307,2.4
48308,-2.4
48309,-1.6
48310,2.4
48311,0.8
48312,0
48313,2.4
48314,-1.6
48315,-0.8
48316,-2.4
48317,-0.8
48318,0
48319,1.6
48320,-1.6
48321,-0.8
48322,-3.2
48323,0
48324,0
48325,0
48326,0
48327,1.6
48328,2.4
48329,0.8
48330,2.4
48331,0
48332,-3.2
48333,0
48334,-0.8
48335,0
48336,-0.8
48337,-0.8
48338,-1.6
48339,0.8
48340,2.4
48341,1.6
48342,2.4
48343,-0.8
48344,0
48345,0
48346,0
48347,1.6
48348,0
48349,0
48350,-0.8
48351,0
48352,0.8
48353,2.4
48354,2.4
48355,4
48356,0.8
48357,-1.6
48358,0.8
48359,-0.8
48360,0
48361,-1.6
48362,-0.8
48363,0.8
48364,0.8
48365,-3.2
48366,-1.6
48367,0
48368,-0.8
48369,-3.2
48370,-1.6
48371,0
48372,-0.8
48373,-1.6
48374,-3.2
48375,-1.6
48376,0
48377,-0.8
48378,1.6
48379,0
48380,-2.4
48381,0
48382,-2.4
48383,-0.8
48384,0.8
48385,-0.8
48386,1.6
48387,1.6
48388,-0.8
48389,-0.8
48390,0.8
48391,2.4
48392,-1.6
48393,0
48394,-0.8
48395,-3.2
48396,2.4
48397,-0.8
48398,0.8
48399,-8.8
48400,0
48401,-1.6
48402,2.4
48403,-1.6
48404,0
48405,-0.8
48406,0.8
48407,0
48408,-1.6
48409,1.6
48410,2.4
48411,-0.8
48412,-0.8
48413,0
48414,-1.6
48415,4
48416,1.6
48417,0
48418,-0.8
48419,-1.6
48420,0
48421,2.4
48422,0
48423,-4
48424,2.4
48425,-1.6
48426,3.2
48427,-4
48428,-1.6
48429,0
48430,-1.6
48431,0.8
48432,-0.8
48433,-2.4
48434,-1.6
48435,2.4
48436,0
48437,0.8
48438,-0.8
48439,1.6
48440,2.4
48441,0.8
48442,0
48443,-1.6
48444,-0.8
48445,-1.6
48446,0
48447,-1.6
48448,0.8
48449,0
48450,-0.8
48451,-9.6
48452,3.2
48453,0.8
48454,0.8
48455,-0.8
48456,4
48457,0
48458,2.4
48459,0.8
48460,0
48461,2.4
48462,-0.8
48463,-2.4
48464,2.4
48465,-1.6
48466,0.8
48467,0
48468,0.8
48469,0
48470,4
48471,1.6
48472,-4
48473,-2.4
48474,0
48475,0
48476,0.8
48477,-3.2
48478,-0.8
48479,2.4
48480,1.6
48481,2.4
48482,0.8
48483,0.8
48484,0
48485,0.8
48486,0
48487,2.4
48488,-2.4
48489,-1.6
48490,0
48491,0
48492,-1.6
48493,-3.2
48494,0.8
48495,2.4
48496,0.8
48497,1.6
48498,1.6
48499,-1.6
48500,2.4
48501,0
48502,-0.8
48503,-0.8
48504,0.8
48505,1.6
48506,0
48507,2.4
48508,1.6
48509,-0.8
48510,2.4
48511,0
48512,-0.8
48513,-1.6
48514,0
48515,1.6
48516,1.6
48517,-0.8
48518,-1.6
48519,0
48520,0
48521,-0.8
48522,-3.2
48523,-0.8
48524,-0.8
48525,0
48526,0.8
48527,4
48528,-1.6
48529,-0.8
48530,5.6
48531,3.2
48532,-0.8
48533,1.6
48534,2.4
48535,-1.6
48536,0.8
48537,2.4
48538,2.4
48539,0.8
48540,-0.8
48541,-2.4
48542,0.8
48543,-0.8
48544,-0.8
48545,-0.8
48546,-1.6
48547,0
48548,0
48549,0
48550,2.4
48551,-0.8
48552,-0.8
48553,0
48554,0
48555,-1.6
48556,-0.8
48557,0
48558,0.8
48559,0
48560,0.8
48561,0.8
48562,0.8
48563,-1.6
48564,0.8
48565,-3.2
48566,-1.6
48567,-2.4
48568,2.4
48569,0
48570,0
48571,0
48572,-1.6
48573,-1.6
48574,0.8
48575,-4
48576,-1.6
48577,-0.8
48578,4
48579,-2.4
48580,-2.4
48581,-1.6
48582,0
48583,0
48584,0.8
48585,2.4
48586,2.4
48587,0.8
48588,3.2
48589,0
48590,-0.8
48591,0
48592,0.8
48593,0.8
48594,1.6
48595,0
48596,2.4
48597,2.4
48598,1.6
48599,-2.4
48600,1.6
48601,0.8
48602,4
48603,5.6
48604,-1.6
48605,0
48606,-3.2
48607,0.8
48608,0
48609,0.8
48610,0
48611,2.4
48612,1.6
48613,-4
48614,-0.8
48615,-0.8
48616,0
48617,-0.8
48618,0.8
48619,-2.4
48620,-0.8
48621,0.8
48622,-1.6
48623,0
48624,0
48625,0
48626,0
48627,0.8
48628,0.8
48629,-4
48630,0.8
48631,-0.8
48632,2.4
48633,-0.8
48634,-1.6
48635,0.8
48636,3.2
48637,0.8
48638,0.8
48639,-1.6
48640,0.8
48641,0
48642,2.4
48643,0.8
48644,1.6
48645,0
48646,0.8
48647,2.4
48648,0
48649,0
48650,0
48651,0
48652,2.4
48653,-0.8
48654,0
48655,-0.8
48656,0
48657,0
48658,1.6
48659,2.4
48660,-0.8
48661,-1.6
48662,0.8
48663,-0.8
48664,0
48665,0.8
48666,0.8
48667,-0.8
48668,-0.8
48669,0
48670,0.8
48671,0.8
48672,-0.8
48673,-1.6
48674,0
48675,0
48676,0.8
48677,-0.8
48678,0.8
48679,-4
48680,0.8
48681,0
48682,0.8
48683,0.8
48684,-5.6
48685,0
48686,0.8
48687,-3.2
48688,5.6
48689,-2.4
48690,0
48691,0
48692,0
48693,-1.6
48694,3.2
48695,0
48696,2.4
48697,-1.6
48698,0.8
48699,-1.6
48700,1.6
48701,-0.8
48702,1.6
48703,0
48704,2.4
48705,2.4
48706,0.8
48707,-3.2
48708,0
48709,0
48710,-3.2
48711,-0.8
48712,0.8
48713,-4
48714,0
48715,0
48716,-0.8
48717,-1.6
48718,-0.8
48719,-2.4
48720,-3.2
48721,-0.8
48722,-2.4
48723,2.4
48724,0.8
48725,0
48726,0.8
48727,-6.4
48728,-2.4
48729,-0.8
48730,-1.6
48731,0.8
48732,0
48733,0
48734,-1.6
48735,-2.4
48736,-0.8
48737,1.6
48738,0.8
48739,-0.8
48740,-1.6
48741,0
48742,-1.6
48743,2.4
48744,2.4
48745,0.8
48746,0.8
48747,0
48748,1.6
48749,-0.8
48750,0.8
48751,2.4
48752,-3.2
48753,2.4
48754,2.4
48755,0
48756,-3.2
48757,0.8
48758,0.8
48759,0
48760,-0.8
48761,-4.8
48762,0
48763,-0.8
48764,2.4
48765,0.8
48766,-1.6
48767,0.8
48768,-0.8
48769,-0.8
48770,-1.6
48771,1.6
48772,-3.2
48773,-0.8
48774,0
48775,-1.6
48776,0.8
48777,0
48778,-3.2
48779,-0.8
48780,-0.8
48781,0.8
48782,-2.4
48783,0.8
48784,0.8
48785,-0.8
48786,0
48787,2.4
48788,-4
48789,2.4
48790,0
48791,3.2
48792,-0.8
48793,-1.6
48794,-0.8
48795,2.4
48796,1.6
48797,4
48798,-0.8
48799,-1.6
48800,2.4
48801,2.4
48802,2.4
48803,0
48804,2.4
48805,-2.4
48806,-0.8
48807,-0.8
48808,0
48809,-1.6
48810,0
48811,-0.8
48812,-1.6
48813,-0.8
48814,1.6
48815,-0.8
48816,-0.8
48817,-0.8
48818,-0.8
48819,-1.6
48820,-3.2
48821,-2.4
48822,-0.8
48823,0
48824,-2.4
48825,4
48826,-1.6
48827,0.8
48828,2.4
48829,0
48830,0.8
48831,-2.4
48832,0
48833,-0.8
48834,1.6
48835,0
48836,0.8
48837,1.6
48838,2.4
48839,0.8
48840,2.4
48841,-1.6
48842,0.8
48843,-0.8
48844,-3.2
48845,-2.4
48846,0.8
48847,-0.8
48848,-0.8
48849,-4
48850,0.8
48851,0.8
48852,-2.4
48853,0.8
48854,4
48855,-7.2
48856,-3.2
48857,0.8
48858,0
48859,0
48860,1.6
48861,0
48862,0
48863,0
48864,2.4
48865,0
48866,0
48867,0.8
48868,0
48869,0
48870,0.8
48871,4
48872,0
48873,2.4
48874,0.8
48875,-0.8
48876,2.4
48877,1.6
48878,0.8
48879,0
48880,1.6
48881,2.4
48882,-0.8
48883,0
48884,0.8
48885,0
48886,0
48887,-0.8
48888,0
48889,0.8
48890,2.4
48891,0
48892,0
48893,0
48894,0.8
48895,1.6
48896,0.8
48897,0
48898,0.8
48899,0
48900,3.2
48901,0
48902,0
48903,2.4
48904,11.2
48905,-2.4
48906,3.2
48907,-0.8
48908,-1.6
48909,0.8
48910,0.8
48911,0
48912,0.8
48913,-0.8
48914,5.6
48915,-2.4
48916,0
48917,0.8
48918,0.8
48919,0.8
48920,-0.8
48921,0
48922,-3.2
48923,2.4
48924,0.8
48925,0
48926,-1.6
48927,0
48928,-2.4
48929,-0.8
48930,4
48931,0
48932,0
48933,0
48934,-1.6
48935,-0.8
48936,-1.6
48937,-3.2
48938,5.6
48939,-1.6
48940,-0.8
48941,0.8
48942,0
48943,1.6
48944,0.8
48945,-0.8
48946,-2.4
48947,-0.8
48948,-3.2
48949,-0.8
48950,2.4
48951,-1.6
48952,0
48953,-0.8
48954,4
48955,2.4
48956,2.4
48957,0.8
48958,-0.8
48959,0
48960,0.8
48961,0.8
48962,-3.2
48963,-1.6
48964,2.4
48965,-1.6
48966,-0.8
48967,-2.4
48968,-1.6
48969,0
48970,0
48971,0
48972,-0.8
48973,-0.8
48974,0
48975,0
48976,-1.6
48977,-3.2
48978,-3.2
48979,-1.6
48980,-1.6
48981,-4
48982,-1.6
48983,-0.8
48984,0.8
48985,-0.8
48986,0.8
48987,-3.2
48988,-1.6
48989,-3.2
48990,2.4
48991,2.4
48992,0
48993,-0.8
48994,0
48995,2.4
48996,0
48997,1.6
48998,-3.2
48999,0
49000,2.4
49001,-0.8
49002,6.4
49003,0.8
49004,2.4
49005,-2.4
49006,0
49007,0
49008,1.6
49009,0
49010,-0.8
49011,2.4
49012,-0.8
49013,2.4
49014,2.4
49015,-1.6
49016,-0.8
49017,-0.8
49018,-5.6
49019,2.4
49020,-8
49021,1.6
49022,-3.2
49023,0.8
49024,2.4
49025,0
49026,-2.4
49027,-4
49028,-1.6
49029,-1.6
49030,-0.8
49031,2.4
49032,0
49033,0
49034,0
49035,0.8
49036,-0.8
49037,0.8
49038,-0.8
49039,0
49040,2.4
49041,0.8
49042,1.6
49043,0
49044,4
49045,4
49046,2.4
49047,0.8
49048,-3.2
49049,-2.4
49050,1.6
49051,0.8
49052,2.4
49053,2.4
49054,2.4
49055,-0.8
49056,-0.8
49057,-1.6
49058,-0.8
49059,4
49060,4
49061,0
49062,0.8
49063,2.4
49064,1.6
49065,-3.2
49066,-1.6
49067,-3.2
49068,0
49069,0.8
49070,-0.8
49071,1.6
49072,-0.8
49073,1.6
49074,0.8
49075,-0.8
49076,-0.8
49077,0.8
49078,0
49079,-1.6
49080,-0.8
49081,0
49082,0
49083,0
49084,0
49085,0.8
49086,0.8
49087,2.4
49088,-2.4
49089,-1.6
49090,2.4
49091,0.8
49092,-3.2
49093,-2.4
49094,0
49095,0
49096,0.8
49097,0
49098,0.8
49099,-1.6
49100,2.4
49101,-3.2
49102,0.8
49103,0.8
49104,2.4
49105,-1.6
49106,2.4
49107,-3.2
49108,-1.6
49109,4
49110,0
49111,-3.2
49112,2.4
49113,-3.2
49114,0.8
49115,0
49116,-1.6
49117,0
49118,0
49119,-0.8
49120,-3.2
49121,-0.8
49122,-3.2
49123,0
49124,0
49125,-2.4
49126,-0.8
49127,0
49128,2.4
49129,0
49130,-1.6
49131,0
49132,-0.8
49133,-0.8
49134,-0.8
49135,-1.6
49136,1.6
49137,0
49138,-3.2
49139,-3.2
49140,2.4
49141,0
49142,2.4
49143,-0.8
49144,0
49145,-0.8
49146,1.6
49147,2.4
49148,0
49149,-3.2
49150,-0.8
49151,2.4
49152,0.8
49153,1.6
49154,-0.8
49155,1.6
49156,-3.2
49157,-3.2
49158,-4
49159,-0.8
49160,-0.8
49161,-0.8
49162,-2.4
49163,-0.8
49164,2.4
49165,0
49166,-0.8
49167,1.6
49168,0.8
49169,0.8
49170,-0.8
49171,0.8
49172,-4
49173,-3.2
49174,-0.8
49175,-3.2
49176,0
49177,-1.6
49178,0.8
49179,-1.6
49180,1.6
49181,0.8
49182,0.8
49183,0.8
49184,-1.6
49185,-1.6
49186,4
49187,1.6
49188,5.6
49189,-0.8
49190,2.4
49191,0
49192,-3.2
49193,1.6
49194,0.8
49195,-1.6
49196,2.4
49197,0.8
49198,0
49199,-1.6
49200,1.6
49201,0
49202,-1.6
49203,2.4
49204,-1.6
49205,0
49206,-1.6
49207,3.2
49208,0.8
49209,0.8
49210,2.4
49211,2.4
49212,-3.2
49213,1.6
49214,2.4
49215,-1.6
49216,0
49217,0.8
49218,-2.4
49219,0
49220,-0.8
49221,3.2
49222,0
49223,-1.6
49224,-0.8
49225,-0.8
49226,0.8
49227,-3.2
49228,-4.8
49229,1.6
49230,-1.6
49231,0
49232,-1.6
49233,2.4
49234,-1.6
49235,-1.6
49236,-0.8
49237,-5.6
49238,0
49239,3.2
49240,0.8
49241,0
49242,-1.6
49243,2.4
49244,0
49245,1.6
49246,-0.8
49247,-0.8
49248,0
49249,-0.8
49250,1.6
49251,0.8
49252,-3.2
49253,-0.8
49254,2.4
49255,-3.2
49256,0
49257,1.6
49258,2.4
49259,1.6
49260,0.8
49261,0
49262,0
49263,0
49264,4
49265,0
49266,2.4
49267,1.6
49268,0.8
49269,-0.8
49270,-2.4
49271,0.8
49272,-0.8
49273,-2.4
49274,-1.6
49275,-1.6
49276,0.8
49277,0.8
49278,-1.6
49279,-0.8
49280,2.4
49281,0
49282,3.2
49283,-1.6
49284,2.4
49285,-3.2
49286,4
49287,-3.2
49288,-0.8
49289,-0.8
49290,-0.8
49291,0.8
49292,1.6
49293,0.8
49294,-4.8
49295,-0.8
49296,1.6
49297,0
49298,-4
49299,-1.6
49300,-5.6
49301,-4
49302,-1.6
49303,2.4
49304,-0.8
49305,-2.4
49306,-4
49307,-0.8
49308,-0.8
49309,-0.8
49310,2.4
49311,0.8
49312,0.8
49313,2.4
49314,-0.8
49315,-4
49316,-0.8
49317,3.2
49318,0
49319,-0.8
49320,2.4
49321,0
49322,-0.8
49323,-0.8
49324,0.8
49325,-1.6
49326,0.8
49327,-3.2
49328,-4
49329,0
49330,-1.6
49331,0.8
49332,1.6
49333,-0.8
49334,-3.2
49335,-4.8
49336,-0.8
49337,-1.6
49338,-1.6
49339,1.6
49340,0.8
49341,-0.8
49342,2.4
49343,-0.8
49344,0.8
49345,0
49346,0
49347,0
49348,-0.8
49349,0.8
49350,0
49351,-3.2
49352,1.6
49353,2.4
49354,-4
49355,0
49356,2.4
49357,-0.8
49358,-3.2
49359,-1.6
49360,-1.6
49361,-1.6
49362,-1.6
49363,0.8
49364,2.4
49365,-0.8
49366,0
49367,0
49368,0
49369,-1.6
49370,0
49371,0
49372,-1.6
49373,2.4
49374,-1.6
49375,0.8
49376,2.4
49377,0
49378,0
49379,1.6
49380,2.4
49381,2.4
49382,0.8
49383,-4
49384,-4
49385,0
49386,3.2
49387,-0.8
49388,0.8
49389,2.4
49390,0.8
49391,1.6
49392,0
49393,0
49394,0
49395,0
49396,2.4
49397,-0.8
49398,-0.8
49399,0.8
49400,-0.8
49401,-2.4
49402,1.6
49403,0.8
49404,0.8
49405,2.4
49406,-1.6
49407,2.4
49408,-4
49409,-3.2
49410,0
49411,0.8
49412,0.8
49413,-1.6
49414,3.2
49415,-0.8
49416,0
49417,0
49418,-1.6
49419,2.4
49420,-1.6
49421,-1.6
49422,-3.2
49423,-3.2
49424,0
49425,-1.6
49426,0.8
49427,-3.2
49428,2.4
49429,-1.6
49430,-0.8
49431,-3.2
49432,0.8
49433,1.6
49434,0
49435,0.8
49436,-3.2
49437,1.6
49438,-0.8
49439,-1.6
49440,0.8
49441,-3.2
49442,-3.2
49443,0.8
49444,-5.6
49445,0
49446,0.8
49447,-1.6
49448,0
49449,-0.8
49450,-2.4
49451,-0.8
49452,-1.6
49453,0
49454,-0.8
49455,2.4
49456,-3.2
49457,3.2
49458,-2.4
49459,-1.6
49460,-0.8
49461,0.8
49462,0
49463,-0.8
49464,0.8
49465,-3.2
49466,-0.8
49467,-0.8
49468,-4
49469,0
49470,-0.8
49471,-2.4
49472,-0.8
49473,-0.8
49474,0
49475,-0.8
49476,-0.8
49477,-0.8
49478,-3.2
49479,-3.2
49480,0
49481,-0.8
49482,0.8
49483,-0.8
49484,2.4
49485,2.4
49486,-2.4
49487,2.4
49488,2.4
49489,0.8
49490,2.4
49491,-0.8
49492,-0.8
49493,0.8
49494,-0.8
49495,0
49496,-1.6
49497,3.2
49498,-0.8
49499,0
49500,0.8
49501,0
49502,2.4
49503,0.8
49504,0.8
49505,0
49506,-3.2
49507,-0.8
49508,0
49509,1.6
49510,0
49511,3.2
49512,0.8
49513,-5.6
49514,0.8
49515,-0.8
49516,-3.2
49517,-0.8
49518,-3.2
49519,0
49520,0.8
49521,0
49522,-0.8
49523,-0.8
49524,-1.6
49525,-0.8
49526,-0.8
49527,0
49528,-5.6
49529,2.4
49530,0
49531,-0.8
49532,-3.2
49533,1.6
49534,-1.6
49535,-3.2
49536,-4
49537,-4
49538,0.8
49539,-0.8
49540,0.8
49541,0
49542,4
49543,0.8
49544,-3.2
49545,-1.6
49546,0
49547,2.4
49548,-2.4
49549,-0.8
49550,-2.4
49551,0
49552,2.4
49553,0.8
49554,2.4
49555,-3.2
49556,-1.6
49557,1.6
49558,-1.6
49559,-0.8
49560,-1.6
49561,-2.4
49562,4
49563,3.2
49564,-0.8
49565,-0.8
49566,0
49567,-2.4
49568,2.4
49569,-3.2
49570,-3.2
49571,-0.8
49572,-0.8
49573,0
49574,-1.6
49575,-0.8
49576,2.4
49577,1.6
49578,1.6
49579,-0.8
49580,1.6
49581,7.2
49582,0
49583,0
49584,2.4
49585,0
49586,-1.6
49587,0.8
49588,2.4
49589,-3.2
49590,2.4
49591,0
49592,-0.8
49593,-3.2
49594,0
49595,-0.8
49596,0
49597,0.8
49598,-0.8
49599,-3.2
49600,2.4
49601,2.4
49602,0.8
49603,-0.8
49604,-3.2
49605,-3.2
49606,-3.2
49607,0
49608,0.8
49609,0
49610,-4
49611,-3.2
49612,0.8
49613,-0.8
49614,2.4
49615,0.8
49616,-2.4
49617,-4
49618,0
49619,0
49620,2.4
49621,-2.4
49622,-4
49623,-1.6
49624,-2.4
49625,0
49626,2.4
49627,2.4
49628,2.4
49629,0.8
49630,-3.2
49631,0.8
49632,-5.6
49633,-3.2
49634,0.8
49635,-0.8
49636,-1.6
49637,-0.8
49638,0.8
49639,-3.2
49640,0.8
49641,1.6
49642,0.8
49643,-3.2
49644,-0.8
49645,-0.8
49646,1.6
49647,0
49648,0.8
49649,-2.4
49650,-0.8
49651,-11.2
49652,-1.6
49653,-4.8
49654,0.8
49655,5.6
49656,0.8
49657,1.6
49658,-0.8
49659,-0.8
49660,-0.8
49661,0
49662,0
49663,1.6
49664,2.4
49665,0
49666,0
49667,-0.8
49668,0
49669,0
49670,1.6
49671,0
49672,-3.2
49673,-0.8
49674,0
49675,0
49676,-0.8
49677,-4
49678,0
49679,0
49680,-1.6
49681,0
49682,0.8
49683,0.8
49684,2.4
49685,0.8
49686,0.8
49687,0.8
49688,0.8
49689,-3.2
49690,2.4
49691,0.8
49692,2.4
49693,-0.8
49694,0.8
49695,0
49696,2.4
49697,1.6
49698,-2.4
49699,1.6
49700,-0.8
49701,0.8
49702,0.8
49703,-0.8
49704,-3.2
49705,0.8
49706,2.4
49707,-1.6
49708,0.8
49709,0.8
49710,-0.8
49711,-0.8
49712,0
49713,-3.2
49714,-0.8
49715,-0.8
49716,0
49717,-3.2
49718,0.8
49719,0.8
49720,2.4
49721,4
49722,-1.6
49723,-3.2
49724,-0.8
49725,-0.8
49726,-0.8
49727,2.4
49728,-4
49729,4
49730,-0.8
49731,0
49732,4
49733,-4
49734,-0.8
49735,-0.8
49736,-2.4
49737,-2.4
49738,-0.8
49739,0
49740,1.6
49741,0
49742,-0.8
49743,-5.6
49744,2.4
49745,-1.6
49746,0
49747,-0.8
49748,-1.6
49749,-0.8
49750,2.4
49751,-1.6
49752,0.8
49753,-3.2
49754,-0.8
49755,-4.8
49756,2.4
49757,0.8
49758,1.6
49759,1.6
49760,-3.2
49761,-3.2
49762,0
49763,-0.8
49764,0.8
49765,-4
49766,0.8
49767,0
49768,-3.2
49769,-0.8
49770,1.6
49771,-3.2
49772,0
49773,-3.2
49774,0.8
49775,-1.6
49776,-1.6
49777,0
49778,-1.6
49779,2.4
49780,2.4
49781,1.6
49782,0
49783,-2.4
49784,1.6
49785,1.6
49786,2.4
49787,4
49788,1.6
49789,0.8
49790,2.4
49791,2.4
49792,0.8
49793,-2.4
49794,-0.8
49795,0
49796,-1.6
49797,0
49798,2.4
49799,-0.8
49800,0
49801,2.4
49802,0.8
49803,-3.2
49804,0.8
49805,-0.8
49806,-3.2
49807,-0.8
49808,0
49809,-0.8
49810,-3.2
49811,2.4
49812,-0.8
49813,1.6
49814,-1.6
49815,2.4
49816,-0.8
49817,-0.8
49818,-0.8
49819,-3.2
49820,-1.6
49821,-2.4
49822,-2.4
49823,0
49824,-3.2
49825,0
49826,2.4
49827,2.4
49828,-3.2
49829,-0.8
49830,0.8
49831,1.6
49832,2.4
49833,-5.6
49834,1.6
49835,-1.6
49836,1.6
49837,0
49838,-1.6
49839,2.4
49840,0.8
49841,-0.8
49842,0.8
49843,0.8
49844,-0.8
49845,-1.6
49846,2.4
49847,-0.8
49848,-1.6
49849,-0.8
49850,-3.2
49851,-1.6
49852,0
49853,-3.2
49854,-0.8
49855,1.6
49856,-2.4
49857,2.4
49858,0.8
49859,-0.8
49860,0
49861,0
49862,-3.2
49863,2.4
49864,2.4
49865,0.8
49866,-2.4
49867,-1.6
49868,-1.6
49869,-0.8
49870,-0.8
49871,-3.2
49872,-0.8
49873,-0.8
49874,0.8
49875,-0.8
49876,0
49877,-4
49878,-5.6
49879,-3.2
49880,-3.2
49881,2.4
49882,2.4
49883,-1.6
49884,-0.8
49885,0
49886,0.8
49887,2.4
49888,-0.8
49889,2.4
49890,2.4
49891,-0.8
49892,1.6
49893,1.6
49894,0
49895,4
49896,2.4
49897,0.8
49898,0.8
49899,0.8
49900,-0.8
49901,-2.4
49902,-0.8
49903,4
49904,-4
49905,2.4
49906,1.6
49907,0
49908,-0.8
49909,-1.6
49910,-0.8
49911,-3.2
49912,0
49913,4
49914,4
49915,-2.4
49916,-2.4
49917,0
49918,-2.4
49919,-0.8
49920,-0.8
49921,-2.4
49922,-3.2
49923,-1.6
49924,-0.8
49925,-0.8
49926,0.8
49927,0
49928,-2.4
49929,-0.8
49930,-4.8
49931,0.8
49932,2.4
49933,0
49934,0.8
49935,0.8
49936,0
49937,2.4
49938,2.4
49939,-0.8
49940,0
49941,2.4
49942,1.6
49943,0
49944,0
49945,-3.2
49946,2.4
49947,-3.2
49948,-4
49949,-0.8
49950,0
49951,-2.4
49952,-3.2
49953,0
49954,-4
49955,0
49956,-0.8
49957,1.6
49958,-0.8
49959,2.4
49960,0.8
49961,-4.8
49962,-0.8
49963,2.4
49964,0.8
49965,1.6
49966,-3.2
49967,-0.8
49968,-4
49969,0.8
49970,0.8
49971,1.6
49972,-3.2
49973,-3.2
49974,0
49975,0
49976,-1.6
49977,-1.6
49978,-4
49979,-0.8
49980,-0.8
49981,2.4
49982,0.8
49983,-1.6
49984,-0.8
49985,-1.6
49986,-4
49987,2.4
49988,-0.8
49989,0
49990,2.4
49991,2.4
49992,0.8
49993,1.6
49994,2.4
49995,-2.4
49996,0.8
49997,-1.6
49998,-2.4
49999,2.4
50000,0.8
50001,-3.2
50002,-0.8
50003,-3.2
50004,0.8
50005,2.4
50006,0
50007,2.4
50008,-0.8
50009,-3.2
50010,-1.6
50011,0
50012,-3.2
50013,0.8
50014,4
50015,-2.4
50016,-1.6
50017,0.8
50018,-3.2
50019,-0.8
50020,0
50021,0.8
50022,-1.6
50023,-1.6
50024,-0.8
50025,-3.2
50026,5.6
50027,-0.8
50028,-3.2
50029,-4
50030,0
50031,1.6
50032,0
50033,-0.8
50034,0.8
50035,-0.8
50036,-0.8
50037,0.8
50038,2.4
50039,0.8
50040,0
50041,-3.2
50042,-4
50043,-0.8
50044,0
50045,0
50046,-1.6
50047,0
50048,-3.2
50049,0
50050,0
50051,-0.8
50052,-3.2
50053,-3.2
50054,4
50055,2.4
50056,-3.2
50057,2.4
50058,0
50059,0
50060,-0.8
50061,0.8
50062,2.4
50063,0
50064,0.8
50065,-4
50066,-4.8
50067,-3.2
50068,-3.2
50069,-0.8
50070,0.8
50071,-2.4
50072,-3.2
50073,-0.8
50074,-3.2
50075,-0.8
50076,0
50077,-4
50078,-3.2
50079,-0.8
50080,0.8
50081,1.6
50082,0
50083,-3.2
50084,2.4
50085,-0.8
50086,-1.6
50087,0.8
50088,3.2
50089,0
50090,-0.8
50091,3.2
50092,0
50093,-1.6
50094,2.4
50095,-0.8
50096,-1.6
50097,2.4
50098,-3.2
50099,1.6
50100,2.4
50101,0
50102,-4.8
50103,0.8
50104,-0.8
50105,2.4
50106,4
50107,-0.8
50108,-4
50109,0.8
50110,2.4
50111,-1.6
50112,0.8
50113,0
50114,0
50115,0.8
50116,-0.8
50117,1.6
50118,0
50119,-1.6
50120,-1.6
50121,0.8
50122,-0.8
50123,0
50124,-1.6
50125,1.6
50126,-1.6
50127,0
50128,-0.8
50129,-4
50130,-3.2
50131,-4
50132,-1.6
50133,-0.8
50134,2.4
50135,-0.8
50136,0.8
50137,2.4
50138,-1.6
50139,-0.8
50140,1.6
50141,-0.8
50142,0.8
50143,-0.8
50144,-1.6
50145,0
50146,-3.2
50147,0.8
50148,-2.4
50149,-0.8
50150,-2.4
50151,-3.2
50152,-3.2
50153,-0.8
50154,-2.4
50155,-4
50156,-0.8
50157,-8.8
50158,5.6
50159,0.8
50160,7.2
50161,0
50162,3.2
50163,0
50164,-3.2
50165,-1.6
50166,-2.4
50167,0
50168,-0.8
50169,-1.6
50170,-4
50171,-1.6
50172,0
50173,-3.2
50174,-0.8
50175,-1.6
50176,0
50177,2.4
50178,0.8
50179,-1.6
50180,0
50181,-4.8
50182,4
50183,-0.8
50184,0
50185,0
50186,0
50187,1.6
50188,2.4
50189,0.8
50190,2.4
50191,-1.6
50192,0
50193,-1.6
50194,-1.6
50195,0.8
50196,2.4
50197,3.2
50198,-4.8
50199,-0.8
50200,0.8
50201,0.8
50202,0.8
50203,-0.8
50204,2.4
50205,0.8
50206,-3.2
50207,-0.8
50208,2.4
50209,0
50210,1.6
50211,0.8
50212,2.4
50213,-2.4
50214,0
50215,-3.2
50216,-3.2
50217,-1.6
50218,-0.8
50219,-3.2
50220,-2.4
50221,0.8
50222,0
50223,-0.8
50224,-1.6
50225,-2.4
50226,0
50227,-0.8
50228,-4
50229,0.8
50230,1.6
50231,5.6
50232,-0.8
50233,0.8
50234,0.8
50235,0
50236,0
50237,1.6
50238,0
50239,-3.2
50240,-1.6
50241,0
50242,-1.6
50243,1.6
50244,2.4
50245,0
50246,2.4
50247,2.4
50248,-0.8
50249,-0.8
50250,0
50251,1.6
50252,0.8
50253,4
50254,2.4
50255,4
50256,0
50257,0
50258,-0.8
50259,-3.2
50260,-0.8
50261,-0.8
50262,-6.4
50263,-3.2
50264,0
50265,-2.4
50266,-2.4
50267,-1.6
50268,-1.6
50269,-1.6
50270,-2.4
50271,1.6
50272,0
50273,-2.4
50274,-3.2
50275,3.2
50276,0
50277,0.8
50278,-2.4
50279,-1.6
50280,-0.8
50281,-0.8
50282,1.6
50283,0.8
50284,0.8
50285,1.6
50286,0.8
50287,2.4
50288,2.4
50289,-3.2
50290,-1.6
50291,0.8
50292,0.8
50293,-0.8
50294,-3.2
50295,0.8
50296,2.4
50297,-2.4
50298,-3.2
50299,-3.2
50300,-1.6
50301,-2.4
50302,0
50303,-4
50304,0
50305,0.8
50306,0.8
50307,2.4
50308,0.8
50309,-1.6
50310,0
50311,-0.8
50312,0.8
50313,-0.8
50314,-0.8
50315,-2.4
50316,-3.2
50317,-2.4
50318,-4.8
50319,-3.2
50320,-3.2
50321,0.8
50322,-1.6
50323,0.8
50324,0
50325,-0.8
50326,0.8
50327,-0.8
50328,-4
50329,2.4
50330,-1.6
50331,1.6
50332,2.4
50333,-3.2
50334,0
50335,2.4
50336,2.4
50337,0.8
50338,-1.6
50339,1.6
50340,-1.6
50341,0
50342,0.8
50343,2.4
50344,0
50345,0.8
50346,0
50347,2.4
50348,0.8
50349,0
50350,0.8
50351,0
50352,-0.8
50353,1.6
50354,-0.8
50355,4
50356,3.2
50357,0
50358,0.8
50359,0.8
50360,-2.4
50361,-3.2
50362,-1.6
50363,-3.2
50364,0.8
50365,-0.8
50366,0.8
50367,-0.8
50368,-1.6
50369,-0.8
50370,-1.6
50371,-2.4
50372,2.4
50373,-0.8
50374,0.8
50375,2.4
50376,-0.8
50377,1.6
50378,-0.8
50379,0
50380,0
50381,2.4
50382,2.4
50383,-3.2
50384,1.6
50385,0
50386,0
50387,-4
50388,0.8
50389,-0.8
50390,-0.8
50391,0.8
50392,0
50393,0.8
50394,2.4
50395,2.4
50396,0
50397,0
50398,0
50399,-0.8
50400,0
50401,0.8
50402,0.8
50403,-0.8
50404,-1.6
50405,4
50406,-0.8
50407,1.6
50408,2.4
50409,0.8
50410,0.8
50411,0.8
50412,-1.6
50413,-0.8
50414,-2.4
50415,-0.8
50416,-3.2
50417,0.8
50418,-3.2
50419,0
50420,-2.4
50421,0
50422,0.8
50423,0
50424,-0.8
50425,0.8
50426,0.8
50427,1.6
50428,0.8
50429,0.8
50430,0
50431,0.8
50432,2.4
50433,0
50434,0.8
50435,-3.2
50436,-2.4
50437,-3.2
50438,-3.2
50439,-0.8
50440,0.8
50441,0.8
50442,0.8
50443,-0.8
50444,-0.8
50445,1.6
50446,0
50447,0.8
50448,0.8
50449,-2.4
50450,2.4
50451,-1.6
50452,0
50453,-0.8
50454,-3.2
50455,0.8
50456,-3.2
50457,-1.6
50458,-0.8
50459,0
50460,0.8
50461,0
50462,-3.2
50463,2.4
50464,0.8
50465,-3.2
50466,-1.6
50467,-1.6
50468,-0.8
50469,-3.2
50470,-0.8
50471,0.8
50472,-1.6
50473,2.4
50474,-0.8
50475,0.8
50476,-0.8
50477,0
50478,0
50479,1.6
50480,0
50481,-1.6
50482,-3.2
50483,-2.4
50484,3.2
50485,0.8
50486,2.4
50487,3.2
50488,2.4
50489,0.8
50490,2.4
50491,0
50492,0.8
50493,0.8
50494,0.8
50495,2.4
50496,-2.4
50497,0.8
50498,0.8
50499,0.8
50500,-1.6
50501,-4
50502,-1.6
50503,-4.8
50504,-1.6
50505,-0.8
50506,-4
50507,-2.4
50508,1.6
50509,0
50510,2.4
50511,-0.8
50512,0
50513,-0.8
50514,-0.8
50515,0
50516,-3.2
50517,-1.6
50518,0
50519,-2.4
50520,0.8
50521,0
50522,-0.8
50523,-1.6
50524,0.8
50525,-4
50526,-0.8
50527,0
50528,-0.8
50529,0
50530,-0.8
50531,-1.6
50532,4
50533,2.4
50534,0.8
50535,-0.8
50536,0
50537,0
50538,-0.8
50539,-0.8
50540,0
50541,2.4
50542,0.8
50543,-0.8
50544,-3.2
50545,0
50546,3.2
50547,2.4
50548,3.2
50549,0.8
50550,-2.4
50551,0.8
50552,4
50553,0
50554,2.4
50555,-4
50556,1.6
50557,-4.8
50558,0.8
50559,-2.4
50560,2.4
50561,2.4
50562,-3.2
50563,0
50564,-4.8
50565,0
50566,-1.6
50567,-0.8
50568,0
50569,-3.2
50570,-1.6
50571,4
50572,1.6
50573,-4.8
50574,0
50575,0
50576,0
50577,5.6
50578,2.4
50579,-1.6
50580,-0.8
50581,0
50582,2.4
50583,-3.2
50584,2.4
50585,0.8
50586,1.6
50587,-3.2
50588,-1.6
50589,-2.4
50590,-1.6
50591,0.8
50592,2.4
50593,2.4
50594,-0.8
50595,0
50596,3.2
50597,0
50598,1.6
50599,0.8
50600,-1.6
50601,-1.6
50602,-1.6
50603,0
50604,0.8
50605,1.6
50606,0
50607,-1.6
50608,1.6
50609,-0.8
50610,2.4
50611,-0.8
50612,0.8
50613,3.2
50614,-0.8
50615,-0.8
50616,2.4
50617,2.4
50618,0.8
50619,-0.8
50620,-1.6
50621,2.4
50622,0
50623,-0.8
50624,1.6
50625,-1.6
50626,-2.4
50627,1.6
50628,4
50629,-0.8
50630,-3.2
50631,0.8
50632,2.4
50633,0
50634,0
50635,0
50636,0.8
50637,-2.4
50638,-0.8
50639,-0.8
50640,0
50641,0.8
50642,3.2
50643,-1.6
50644,-3.2
50645,-0.8
50646,-4
50647,-3.2
50648,0
50649,-1.6
50650,-0.8
50651,0
50652,0.8
50653,-0.8
50654,0
50655,0.8
50656,-3.2
50657,-3.2
50658,2.4
50659,2.4
50660,0.8
50661,-1.6
50662,-0.8
50663,-1.6
50664,-4
50665,0
50666,0.8
50667,0.8
50668,-2.4
50669,-3.2
50670,-3.2
50671,-0.8
50672,0.8
50673,-3.2
50674,-1.6
50675,0
50676,-1.6
50677,0
50678,-0.8
50679,-0.8
50680,-0.8
50681,-0.8
50682,0.8
50683,-2.4
50684,-2.4
50685,-2.4
50686,0
50687,-1.6
50688,0
50689,0.8
50690,1.6
50691,0.8
50692,-0.8
50693,-3.2
50694,-1.6
50695,1.6
50696,5.6
50697,0
50698,2.4
50699,-0.8
50700,-0.8
50701,-0.8
50702,-0.8
50703,0.8
50704,-3.2
50705,4
50706,-0.8
50707,-1.6
50708,-0.8
50709,0.8
50710,0
50711,-0.8
50712,-3.2
50713,0
50714,2.4
50715,2.4
50716,-1.6
50717,0
50718,-3.2
50719,0
50720,0.8
50721,0
50722,0.8
50723,0.8
50724,0.8
50725,-0.8
50726,0
50727,0
50728,-1.6
50729,2.4
50730,-1.6
50731,4
50732,-0.8
50733,0
50734,-1.6
50735,0.8
50736,-1.6
50737,3.2
50738,3.2
50739,0.8
50740,2.4
50741,3.2
50742,0
50743,-2.4
50744,-1.6
50745,0
50746,0.8
50747,0
50748,-1.6
50749,-3.2
50750,2.4
50751,1.6
50752,-0.8
50753,-0.8
50754,-4.8
50755,-0.8
50756,-3.2
50757,0.8
50758,0.8
50759,-1.6
50760,0.8
50761,0.8
50762,1.6
50763,-0.8
50764,-2.4
50765,-0.8
50766,-0.8
50767,0.8
50768,-0.8
50769,-2.4
50770,-0.8
50771,1.6
50772,-0.8
50773,-4
50774,-0.8
50775,0.8
50776,0
50777,-0.8
50778,-0.8
50779,0
50780,0
50781,0.8
50782,0
50783,3.2
50784,1.6
50785,-2.4
50786,0
50787,-0.8
50788,-0.8
50789,0.8
50790,-2.4
50791,3.2
50792,-0.8
50793,0
50794,2.4
50795,-3.2
50796,-1.6
50797,-3.2
50798,2.4
50799,0.8
50800,0
50801,4
50802,-1.6
50803,-3.2
50804,0.8
50805,2.4
50806,-1.6
50807,-0.8
50808,0
50809,-0.8
50810,0.8
50811,1.6
50812,-3.2
50813,0.8
50814,0.8
50815,-1.6
50816,0.8
50817,0
50818,-3.2
50819,-0.8
50820,-2.4
50821,-1.6
50822,-3.2
50823,-0.8
50824,-0.8
50825,-2.4
50826,0.8
50827,0.8
50828,0
50829,2.4
50830,2.4
50831,2.4
50832,0.8
50833,0
50834,0.8
50835,-0.8
50836,-1.6
50837,0.8
50838,0.8
50839,0.8
50840,2.4
50841,2.4
50842,2.4
50843,0
50844,2.4
50845,-2.4
50846,0.8
50847,-3.2
50848,-1.6
50849,0
50850,-0.8
50851,0
50852,-2.4
50853,-1.6
50854,2.4
50855,0
50856,-0.8
50857,-3.2
50858,0
50859,-1.6
50860,0
50861,0
50862,0
50863,0
50864,-2.4
50865,2.4
50866,0
50867,-1.6
50868,-0.8
50869,-14.4
50870,-4.8
50871,0.8
50872,0.8
50873,3.2
50874,-3.2
50875,-3.2
50876,0.8
50877,0
50878,-4
50879,-0.8
50880,-3.2
50881,0.8
50882,0
50883,0
50884,2.4
50885,-1.6
50886,3.2
50887,0.8
50888,-1.6
50889,3.2
50890,0
50891,1.6
50892,0.8
50893,0.8
50894,0
50895,-0.8
50896,-0.8
50897,-1.6
50898,3.2
50899,0.8
50900,0
50901,2.4
50902,2.4
50903,-3.2
50904,-3.2
50905,0.8
50906,-3.2
50907,0.8
50908,2.4
50909,-3.2
50910,2.4
50911,4
50912,0
50913,-1.6
50914,4
50915,0.8
50916,0.8
50917,-1.6
50918,-0.8
50919,-3.2
50920,0.8
50921,0.8
50922,0.8
50923,0.8
50924,0.8
50925,2.4
50926,0
50927,4
50928,2.4
50929,-0.8
50930,0.8
50931,2.4
50932,-0.8
50933,-1.6
50934,0.8
50935,0
50936,6.4
50937,0.8
50938,0
50939,-1.6
50940,-3.2
50941,0.8
50942,1.6
50943,-0.8
50944,-0.8
50945,0.8
50946,-3.2
50947,-0.8
50948,4
50949,0
50950,-8.8
50951,0.8
50952,1.6
50953,0
50954,5.6
50955,2.4
50956,-0.8
50957,0
50958,0
50959,-2.4
50960,2.4
50961,1.6
50962,-4
50963,2.4
50964,-3.2
50965,0
50966,-1.6
50967,-0.8
50968,0
50969,0.8
50970,-3.2
50971,1.6
50972,2.4
50973,-0.8
50974,-0.8
50975,0
50976,-4
50977,1.6
50978,-3.2
50979,3.2
50980,0
50981,5.6
50982,0
50983,-1.6
50984,2.4
50985,0
50986,0.8
50987,-2.4
50988,0.8
50989,-3.2
50990,-0.8
50991,-3.2
50992,0
50993,0
50994,-0.8
50995,2.4
50996,0
50997,-3.2
50998,2.4
50999,-0.8
51000,-1.6
51001,4
51002,2.4
51003,-1.6
51004,1.6
51005,2.4
51006,0.8
51007,-2.4
51008,-0.8
51009,-4
51010,-2.4
51011,-0.8
51012,-1.6
51013,0.8
51014,0
51015,1.6
51016,-1.6
51017,0.8
51018,-0.8
51019,0.8
51020,-0.8
51021,-1.6
51022,-3.2
51023,-3.2
51024,-1.6
51025,0
51026,0
51027,2.4
51028,2.4
51029,0.8
51030,-2.4
51031,3.2
51032,4
51033,-1.6
51034,-1.6
51035,0.8
51036,0.8
51037,2.4
51038,0.8
51039,-2.4
51040,-1.6
51041,4
51042,2.4
51043,-0.8
51044,-1.6
51045,-0.8
51046,-0.8
51047,0.8
51048,2.4
51049,-3.2
51050,0
51051,2.4
51052,2.4
51053,0.8
51054,-2.4
51055,-0.8
51056,-1.6
51057,2.4
51058,-0.8
51059,-4
51060,-0.8
51061,0
51062,-0.8
51063,-3.2
51064,1.6
51065,0.8
51066,0
51067,0
51068,-0.8
51069,-4
51070,-3.2
51071,0.8
51072,0
51073,-4
51074,-0.8
51075,-0.8
51076,0
51077,-3.2
51078,-0.8
51079,-3.2
51080,3.2
51081,2.4
51082,-0.8
51083,-0.8
51084,-3.2
51085,-1.6
51086,1.6
51087,4
51088,2.4
51089,0
51090,-2.4
51091,0.8
51092,-0.8
51093,-0.8
51094,0
51095,2.4
51096,-3.2
51097,-0.8
51098,0
51099,0
51100,0.8
51101,2.4
51102,-0.8
51103,-2.4
51104,-3.2
51105,0.8
51106,-3.2
51107,3.2
51108,0
51109,1.6
51110,-1.6
51111,0.8
51112,4
51113,-0.8
51114,-1.6
51115,2.4
51116,0
51117,0.8
51118,1.6
51119,-1.6
51120,-0.8
51121,0
51122,0.8
51123,0
51124,-3.2
51125,0
51126,-0.8
51127,-1.6
51128,-0.8
51129,-5.6
51130,-3.2
51131,0.8
51132,-0.8
51133,-0.8
51134,2.4
51135,0.8
51136,-3.2
51137,0
51138,1.6
51139,-0.8
51140,-0.8
51141,0
51142,-0.8
51143,-1.6
51144,-3.2
51145,0.8
51146,-0.8
51147,2.4
51148,0
51149,-1.6
51150,-0.8
51151,0
51152,-0.8
51153,0
51154,-3.2
51155,-0.8
51156,0
51157,2.4
51158,7.2
51159,-0.8
51160,-3.2
51161,0
51162,2.4
51163,-0.8
51164,0.8
51165,0.8
51166,-1.6
51167,-0.8
51168,-0.8
51169,-3.2
51170,0
51171,-0.8
51172,1.6
51173,-4
51174,-2.4
51175,0
51176,-1.6
51177,0.8
51178,-1.6
51179,-4.8
51180,2.4
51181,0
51182,-0.8
51183,2.4
51184,3.2
51185,0
51186,0.8
51187,-3.2
51188,2.4
51189,-1.6
51190,-3.2
51191,-1.6
51192,2.4
51193,0
51194,-2.4
51195,-0.8
51196,3.2
51197,-2.4
51198,0.8
51199,0
51200,0
51201,4
51202,0.8
51203,2.4
51204,-3.2
51205,-3.2
51206,-0.8
51207,0
51208,0.8
51209,0
51210,0.8
51211,0
51212,-0.8
51213,0.8
51214,-1.6
51215,0
51216,-0.8
51217,0.8
51218,1.6
51219,0.8
51220,-1.6
51221,0.8
51222,2.4
51223,-1.6
51224,0
51225,0.8
51226,0.8
51227,-1.6
51228,-3.2
51229,-0.8
51230,2.4
51231,2.4
51232,2.4
51233,0.8
51234,-1.6
51235,0
51236,0.8
51237,-4
51238,-1.6
51239,0.8
51240,0
51241,0
51242,-3.2
51243,-0.8
51244,0
51245,-1.6
51246,2.4
51247,-3.2
51248,0
51249,0
51250,-3.2
51251,-0.8
51252,0.8
51253,0.8
51254,-2.4
51255,0.8
51256,0
51257,2.4
51258,0.8
51259,0.8
51260,-0.8
51261,-3.2
51262,-1.6
51263,0.8
51264,-4.8
51265,1.6
51266,-3.2
51267,0
51268,-0.8
51269,0
51270,0
51271,-1.6
51272,-3.2
51273,-3.2
51274,0
51275,-2.4
51276,-2.4
51277,-3.2
51278,-3.2
51279,-2.4
51280,0
51281,2.4
51282,2.4
51283,-3.2
51284,0.8
51285,0.8
51286,0.8
51287,0
51288,2.4
51289,2.4
51290,0
51291,1.6
51292,-0.8
51293,-1.6
51294,-0.8
51295,1.6
51296,0.8
51297,0.8
51298,0.8
51299,0.8
51300,0
51301,0
51302,-0.8
51303,0
51304,-1.6
51305,-2.4
51306,3.2
51307,-3.2
51308,2.4
51309,0
51310,-0.8
51311,0
51312,0.8
51313,2.4
51314,4
51315,0
51316,-4
51317,-1.6
51318,0.8
51319,-4
51320,-3.2
51321,0.8
51322,0
51323,-0.8
51324,-3.2
51325,-0.8
51326,-3.2
51327,0
51328,0.8
51329,-1.6
51330,0
51331,0
51332,0
51333,-3.2
51334,0
51335,2.4
51336,2.4
51337,1.6
51338,4
51339,0.8
51340,-3.2
51341,1.6
51342,0
51343,-4
51344,-3.2
51345,-0.8
51346,-3.2
51347,0.8
51348,-1.6
51349,0
51350,-3.2
51351,-0.8
51352,-0.8
51353,-2.4
51354,-2.4
51355,1.6
51356,-3.2
51357,-4
51358,-0.8
51359,-1.6
51360,-1.6
51361,0
51362,0
51363,-3.2
51364,-2.4
51365,-3.2
51366,-0.8
51367,-1.6
51368,-0.8
51369,-0.8
51370,-1.6
51371,-0.8
51372,0
51373,-1.6
51374,-0.8
51375,0.8
51376,-1.6
51377,-3.2
51378,-0.8
51379,2.4
51380,-3.2
51381,2.4
51382,2.4
51383,-1.6
51384,0.8
51385,0.8
51386,0.8
51387,0
51388,0.8
51389,-0.8
51390,-4.8
51391,-1.6
51392,-2.4
51393,-1.6
51394,0.8
51395,2.4
51396,-0.8
51397,-0.8
51398,2.4
51399,0.8
51400,0
51401,2.4
51402,0
51403,-4.8
51404,-1.6
51405,-0.8
51406,0
51407,0.8
51408,-0.8
51409,-0.8
51410,0
51411,-0.8
51412,0.8
51413,-1.6
51414,-3.2
51415,0
51416,-4.8
51417,-0.8
51418,-1.6
51419,0
51420,0
51421,0.8
51422,0.8
51423,0.8
51424,0.8
51425,3.2
51426,-0.8
51427,-1.6
51428,-3.2
51429,-2.4
51430,0
51431,-0.8
51432,0.8
51433,2.4
51434,0.8
51435,-0.8
51436,-3.2
51437,0
51438,4
51439,-3.2
51440,0
51441,1.6
51442,-0.8
51443,0.8
51444,-0.8
51445,2.4
51446,0
51447,1.6
51448,-0.8
51449,-3.2
51450,0.8
51451,5.6
51452,0.8
51453,-3.2
51454,0
51455,0
51456,-3.2
51457,0
51458,-0.8
51459,0.8
51460,0
51461,-0.8
51462,4
51463,0
51464,-0.8
51465,0.8
51466,1.6
51467,-0.8
51468,-3.2
51469,-1.6
51470,-1.6
51471,0.8
51472,3.2
51473,-1.6
51474,0
51475,-3.2
51476,-0.8
51477,-2.4
51478,0.8
51479,0.8
51480,2.4
51481,0
51482,0.8
51483,-5.6
51484,-4
51485,-1.6
51486,2.4
51487,2.4
51488,0
51489,-3.2
51490,-4
51491,0.8
51492,-0.8
51493,-1.6
51494,-0.8
51495,0
51496,-1.6
51497,-2.4
51498,2.4
51499,2.4
51500,0
51501,0.8
51502,-4
51503,2.4
51504,2.4
51505,-1.6
51506,0
51507,0.8
51508,0
51509,-0.8
51510,0.8
51511,1.6
51512,0
51513,-2.4
51514,0.8
51515,0
51516,-2.4
51517,-4
51518,0.8
51519,0
51520,-3.2
51521,0
51522,-3.2
51523,-3.2
51524,-3.2
51525,0
51526,0.8
51527,0
51528,0
51529,-0.8
51530,-5.6
51531,0
51532,5.6
51533,1.6
51534,0.8
51535,0.8
51536,2.4
51537,2.4
51538,-1.6
51539,0
51540,-0.8
51541,2.4
51542,-2.4
51543,0.8
51544,-1.6
51545,-1.6
51546,-0.8
51547,1.6
51548,-0.8
51549,0
51550,-0.8
51551,-0.8
51552,4
51553,1.6
51554,-1.6
51555,1.6
51556,-1.6
51557,-0.8
51558,-0.8
51559,0
51560,1.6
51561,2.4
51562,-4
51563,-3.2
51564,0.8
51565,0
51566,0
51567,1.6
51568,0
51569,2.4
51570,-1.6
51571,0.8
51572,0
51573,0
51574,-4
51575,0.8
51576,-0.8
51577,-4
51578,0.8
51579,2.4
51580,0
51581,-3.2
51582,2.4
51583,-0.8
51584,-0.8
51585,-1.6
51586,2.4
51587,2.4
51588,0
51589,-0.8
51590,0.8
51591,0
51592,0.8
51593,-0.8
51594,0.8
51595,-3.2
51596,2.4
51597,0.8
51598,-3.2
51599,-3.2
51600,-2.4
51601,-3.2
51602,0.8
51603,0.8
51604,-2.4
51605,0
51606,0
51607,0.8
51608,2.4
51609,2.4
51610,0.8
51611,0
51612,-0.8
51613,0
51614,0.8
51615,2.4
51616,0.8
51617,-3.2
51618,0
51619,-3.2
51620,0.8
51621,-3.2
51622,0
51623,-3.2
51624,0
51625,0
51626,-1.6
51627,0.8
51628,2.4
51629,-1.6
51630,0
51631,2.4
51632,2.4
51633,2.4
51634,0
51635,2.4
51636,0
51637,0.8
51638,-3.2
51639,-1.6
51640,0.8
51641,2.4
51642,-3.2
51643,0
51644,0.8
51645,0.8
51646,2.4
51647,0.8
51648,-2.4
51649,-0.8
51650,-1.6
51651,4
51652,1.6
51653,0.8
51654,0
51655,5.6
51656,-3.2
51657,-3.2
51658,1.6
51659,2.4
51660,-0.8
51661,-0.8
51662,0
51663,0.8
51664,4
51665,0.8
51666,-1.6
51667,-3.2
51668,-3.2
51669,-0.8
51670,-1.6
51671,0
51672,-4
51673,-0.8
51674,-3.2
51675,-0.8
51676,0
51677,-0.8
51678,2.4
51679,-0.8
51680,-3.2
51681,2.4
51682,2.4
51683,0.8
51684,0
51685,0
51686,0
51687,3.2
51688,5.6
51689,0.8
51690,-2.4
51691,-2.4
51692,-3.2
51693,0
51694,0.8
51695,-3.2
51696,0.8
51697,0
51698,2.4
51699,0
51700,0
51701,0.8
51702,0
51703,2.4
51704,0
51705,0.8
51706,-1.6
51707,-4
51708,-0.8
51709,-3.2
51710,-3.2
51711,-0.8
51712,-4
51713,1.6
51714,0.8
51715,-3.2
51716,0.8
51717,-0.8
51718,-4
51719,-0.8
51720,0
51721,-0.8
51722,0
51723,-0.8
51724,0.8
51725,-1.6
51726,-0.8
51727,2.4
51728,2.4
51729,-3.2
51730,-0.8
51731,-0.8
51732,5.6
51733,0
51734,0.8
51735,0.8
51736,-0.8
51737,4
51738,2.4
51739,-2.4
51740,-4
51741,4
51742,2.4
51743,2.4
51744,-0.8
51745,-4
51746,-1.6
51747,4
51748,-0.8
51749,-3.2
51750,-0.8
51751,-0.8
51752,3.2
51753,0.8
51754,0
51755,-3.2
51756,-0.8
51757,-1.6
51758,0.8
51759,2.4
51760,0
51761,-1.6
51762,-1.6
51763,-0.8
51764,0
51765,-3.2
51766,0
51767,0
51768,-3.2
51769,0.8
51770,-1.6
51771,-2.4
51772,-5.6
51773,-3.2
51774,-2.4
51775,0
51776,-8
51777,-3.2
51778,-4
51779,-3.2
51780,-1.6
51781,2.4
51782,2.4
51783,0
51784,-1.6
51785,0.8
51786,0
51787,0
51788,-1.6
51789,0.8
51790,0.8
51791,0
51792,0.8
51793,-0.8
51794,0
51795,0
51796,-1.6
51797,0.8
51798,0
51799,0.8
51800,2.4
51801,0.8
51802,0
51803,-3.2
51804,0
51805,-3.2
51806,-0.8
51807,4
51808,-2.4
51809,0.8
51810,0
51811,1.6
51812,-0.8
51813,-1.6
51814,5.6
51815,2.4
51816,-2.4
51817,0
51818,0
51819,0.8
51820,0.8
51821,-2.4
51822,-0.8
51823,-0.8
51824,-1.6
51825,-1.6
51826,-3.2
51827,0.8
51828,-3.2
51829,-0.8
51830,-2.4
51831,2.4
51832,0
51833,4
51834,0.8
51835,0
51836,3.2
51837,0.8
51838,2.4
51839,0.8
51840,0.8
51841,2.4
51842,0
51843,-1.6
51844,3.2
51845,-3.2
51846,2.4
51847,0.8
51848,1.6
51849,-3.2
51850,-0.8
51851,-1.6
51852,-1.6
51853,-4
51854,0
51855,-3.2
51856,-3.2
51857,-4
51858,0.8
51859,4
51860,0.8
51861,0.8
51862,0.8
51863,-0.8
51864,2.4
51865,0.8
51866,0
51867,0.8
51868,0
51869,-3.2
51870,-2.4
51871,-0.8
51872,-2.4
51873,-4
51874,-5.6
51875,-2.4
51876,0
51877,-1.6
51878,-5.6
51879,0
51880,-3.2
51881,2.4
51882,0.8
51883,-0.8
51884,-2.4
51885,-1.6
51886,-4
51887,0
51888,-3.2
51889,2.4
51890,-0.8
51891,2.4
51892,-1.6
51893,0.8
51894,0.8
51895,3.2
51896,-0.8
51897,2.4
51898,-6.4
51899,0
51900,-1.6
51901,0
51902,0.8
51903,2.4
51904,3.2
51905,1.6
51906,0
51907,2.4
51908,0
51909,-0.8
51910,0
51911,0
51912,0
51913,0.8
51914,0.8
51915,0
51916,-0.8
51917,0.8
51918,0.8
51919,-0.8
51920,7.2
51921,-2.4
51922,-1.6
51923,-8.8
51924,0
51925,-0.8
51926,0
51927,0.8
51928,-0.8
51929,0.8
51930,-3.2
51931,5.6
51932,2.4
51933,0
51934,-3.2
51935,-2.4
51936,0
51937,0.8
51938,0
51939,-3.2
51940,2.4
51941,2.4
51942,0.8
51943,-2.4
51944,-3.2
51945,0
51946,0.8
51947,-3.2
51948,2.4
51949,-0.8
51950,-3.2
51951,4
51952,0.8
51953,0
51954,0.8
51955,-2.4
51956,-0.8
51957,-3.2
51958,1.6
51959,1.6
51960,0.8
51961,1.6
51962,-1.6
51963,0.8
51964,0.8
51965,0.8
51966,-0.8
51967,0
51968,-3.2
51969,-4.8
51970,0.8
51971,0.8
51972,-0.8
51973,-3.2
51974,3.2
51975,0
51976,-0.8
51977,-0.8
51978,0
51979,0.8
51980,0
51981,-0.8
51982,2.4
51983,3.2
51984,-1.6
51985,-1.6
51986,0
51987,0
51988,2.4
51989,0
51990,0.8
51991,2.4
51992,-3.2
51993,0.8
51994,0
51995,2.4
51996,2.4
51997,-0.8
51998,0.8
51999,2.4
52000,0
52001,0.8
52002,-3.2
52003,1.6
52004,4
52005,2.4
52006,-0.8
52007,-1.6
52008,2.4
52009,-2.4
52010,0.8
52011,-0.8
52012,-0.8
52013,0
52014,-1.6
52015,0
52016,-3.2
52017,0
52018,-0.8
52019,-3.2
52020,-0.8
52021,-3.2
52022,-2.4
52023,2.4
52024,-0.8
52025,-1.6
52026,3.2
52027,4
52028,0
52029,-2.4
52030,0.8
52031,1.6
52032,4
52033,-1.6
52034,2.4
52035,-1.6
52036,-0.8
52037,-4.8
52038,-3.2
52039,1.6
52040,-0.8
52041,0
52042,-1.6
52043,0.8
52044,2.4
52045,0.8
52046,0
52047,0.8
52048,-0.8
52049,2.4
52050,0.8
52051,0
52052,1.6
52053,-1.6
52054,0.8
52055,-0.8
52056,0.8
52057,-7.2
52058,1.6
52059,0.8
52060,-1.6
52061,0
52062,0.8
52063,3.2
52064,0.8
52065,1.6
52066,-2.4
52067,0
52068,0.8
52069,-0.8
52070,-3.2
52071,-0.8
52072,0
52073,-3.2
52074,-1.6
52075,2.4
52076,2.4
52077,0
52078,-2.4
52079,-0.8
52080,0
52081,-1.6
52082,1.6
52083,0.8
52084,0
52085,0
52086,2.4
52087,4
52088,0
52089,0
52090,-0.8
52091,4
52092,0.8
52093,0.8
52094,0
52095,0.8
52096,0.8
52097,-0.8
52098,0
52099,-0.8
52100,1.6
52101,-1.6
52102,0.8
52103,4
52104,0
52105,0
52106,0.8
52107,-2.4
52108,-0.8
52109,0.8
52110,0
52111,0
52112,0
52113,2.4
52114,0.8
52115,-0.8
52116,1.6
52117,0.8
52118,-2.4
52119,0.8
52120,-3.2
52121,0.8
52122,2.4
52123,-0.8
52124,-0.8
52125,-3.2
52126,2.4
52127,0
52128,-4
52129,2.4
52130,-3.2
52131,5.6
52132,0.8
52133,-0.8
52134,-0.8
52135,0
52136,0
52137,2.4
52138,-0.8
52139,0
52140,2.4
52141,0.8
52142,-3.2
52143,0
52144,0
52145,1.6
52146,-0.8
52147,0
52148,2.4
52149,0
52150,-1.6
52151,-1.6
52152,-1.6
52153,7.2
52154,-3.2
52155,0
52156,0.8
52157,0
52158,-3.2
52159,-0.8
52160,-0.8
52161,0.8
52162,0.8
52163,2.4
52164,-4.8
52165,0.8
52166,0
52167,-0.8
52168,0.8
52169,-0.8
52170,-2.4
52171,0
52172,0
52173,-3.2
52174,2.4
52175,0
52176,-1.6
52177,0
52178,-2.4
52179,-3.2
52180,-3.2
52181,2.4
52182,0
52183,1.6
52184,2.4
52185,-0.8
52186,0
52187,-2.4
52188,0
52189,0.8
52190,0.8
52191,0
52192,2.4
52193,6.4
52194,2.4
52195,4
52196,-0.8
52197,-0.8
52198,3.2
52199,-0.8
52200,-1.6
52201,-3.2
52202,0.8
52203,0
52204,-3.2
52205,-3.2
52206,3.2
52207,-0.8
52208,-2.4
52209,2.4
52210,2.4
52211,2.4
52212,2.4
52213,2.4
52214,-4.8
52215,1.6
52216,0
52217,-1.6
52218,2.4
52219,-1.6
52220,-4.8
52221,2.4
52222,-3.2
52223,-3.2
52224,0
52225,-2.4
52226,0
52227,-0.8
52228,-0.8
52229,2.4
52230,-0.8
52231,-0.8
52232,-1.6
52233,-3.2
52234,-1.6
52235,0
52236,-0.8
52237,2.4
52238,2.4
52239,3.2
52240,-2.4
52241,1.6
52242,4
52243,0
52244,-0.8
52245,2.4
52246,-1.6
52247,-0.8
52248,2.4
52249,0
52250,0
52251,-0.8
52252,3.2
52253,0.8
52254,0
52255,2.4
52256,2.4
52257,-0.8
52258,-2.4
52259,0.8
52260,0
52261,-0.8
52262,3.2
52263,-3.2
52264,3.2
52265,1.6
52266,3.2
52267,0
52268,2.4
52269,0.8
52270,0
52271,4
52272,2.4
52273,-3.2
52274,-3.2
52275,0.8
52276,1.6
52277,-4
52278,1.6
52279,0.8
52280,-3.2
52281,4
52282,0.8
52283,0.8
52284,0.8
52285,1.6
52286,0
52287,1.6
52288,2.4
52289,0.8
52290,-4
52291,2.4
52292,0.8
52293,0.8
52294,2.4
52295,2.4
52296,-2.4
52297,2.4
52298,0.8
52299,-1.6
52300,0.8
52301,2.4
52302,4
52303,0
52304,-0.8
52305,4
52306,1.6
52307,-0.8
52308,0.8
52309,0
52310,-4
52311,0
52312,1.6
52313,0.8
52314,-3.2
52315,-0.8
52316,0.8
52317,-3.2
52318,0
52319,-2.4
52320,0.8
52321,-0.8
52322,3.2
52323,0
52324,-0.8
52325,-0.8
52326,0
52327,0
52328,-1.6
52329,0
52330,-4
52331,0
52332,0.8
52333,-2.4
52334,0
52335,0
52336,-1.6
52337,0
52338,4
52339,-0.8
52340,-1.6
52341,0.8
52342,-0.8
52343,0
52344,-0.8
52345,0
52346,-0.8
52347,0
52348,0
52349,-2.4
52350,0
52351,0.8
52352,-1.6
52353,-4
52354,0.8
52355,-0.8
52356,-2.4
52357,1.6
52358,0.8
52359,0.8
52360,0
52361,4
52362,-2.4
52363,0.8
52364,0.8
52365,0
52366,0.8
52367,2.4
52368,-0.8
52369,0
52370,-0.8
52371,0.8
52372,0
52373,0
52374,0.8
52375,-0.8
52376,0.8
52377,1.6
52378,-0.8
52379,0.8
52380,-0.8
52381,-0.8
52382,0.8
52383,2.4
52384,0.8
52385,-0.8
52386,2.4
52387,2.4
52388,2.4
52389,0.8
52390,2.4
52391,3.2
52392,0.8
52393,0.8
52394,-1.6
52395,-0.8
52396,1.6
52397,0
52398,0
52399,-2.4
52400,0.8
52401,2.4
52402,0.8
52403,-1.6
52404,-1.6
52405,-3.2
52406,0
52407,-3.2
52408,-8
52409,0.8
52410,0
52411,-3.2
52412,0
52413,0
52414,-1.6
52415,0
52416,0.8
52417,-1.6
52418,1.6
52419,0
52420,-4.8
52421,2.4
52422,-0.8
52423,2.4
52424,0
52425,-1.6
52426,0.8
52427,0.8
52428,-1.6
52429,-1.6
52430,-0.8
52431,0.8
52432,5.6
52433,-0.8
52434,0
52435,-1.6
52436,0.8
52437,1.6
52438,-0.8
52439,0.8
52440,0.8
52441,2.4
52442,0
52443,2.4
52444,0
52445,-3.2
52446,0
52447,0.8
52448,-3.2
52449,0.8
52450,-0.8
52451,0
52452,-1.6
52453,-3.2
52454,-3.2
52455,-1.6
52456,2.4
52457,3.2
52458,0.8
52459,0.8
52460,1.6
52461,3.2
52462,-0.8
52463,0
52464,2.4
52465,2.4
52466,2.4
52467,-1.6
52468,0
52469,0.8
52470,-0.8
52471,2.4
52472,0
52473,-0.8
52474,-0.8
52475,-0.8
52476,0.8
52477,0
52478,0
52479,-0.8
52480,-3.2
52481,0.8
52482,-0.8
52483,1.6
52484,0
52485,0.8
52486,-2.4
52487,-1.6
52488,2.4
52489,0
52490,0.8
52491,1.6
52492,0
52493,0.8
52494,0.8
52495,-0.8
52496,0
52497,0
52498,-0.8
52499,-2.4
52500,1.6
52501,-0.8
52502,-2.4
52503,0
52504,0
52505,-4
52506,-3.2
52507,-1.6
52508,-1.6
52509,0
52510,2.4
52511,2.4
52512,0
52513,0
52514,-3.2
52515,2.4
52516,-0.8
52517,0
52518,-1.6
52519,-2.4
52520,-0.8
52521,-0.8
52522,0
52523,0.8
52524,0
52525,0.8
52526,0
52527,2.4
52528,-0.8
52529,0
52530,-3.2
52531,4
52532,0
52533,2.4
52534,0
52535,0
52536,-1.6
52537,-0.8
52538,0
52539,2.4
52540,4
52541,3.2
52542,1.6
52543,2.4
52544,0
52545,2.4
52546,0
52547,-3.2
52548,-0.8
52549,-0.8
52550,2.4
52551,-8
52552,-3.2
52553,-1.6
52554,-1.6
52555,-0.8
52556,0
52557,0
52558,0.8
52559,0
52560,-2.4
52561,1.6
52562,0.8
52563,3.2
52564,0.8
52565,0
52566,0.8
52567,-1.6
52568,0.8
52569,-4
52570,-0.8
52571,0
52572,-1.6
52573,0.8
52574,-1.6
52575,0.8
52576,2.4
52577,0
52578,0.8
52579,-1.6
52580,-1.6
52581,-4
52582,1.6
52583,2.4
52584,-1.6
52585,0.8
52586,0.8
52587,0.8
52588,0.8
52589,2.4
52590,-0.8
52591,0.8
52592,-1.6
52593,-3.2
52594,0.8
52595,0.8
52596,0.8
52597,-3.2
52598,1.6
52599,0
52600,-0.8
52601,0
52602,0
52603,-0.8
52604,1.6
52605,2.4
52606,2.4
52607,-4
52608,1.6
52609,0
52610,-2.4
52611,1.6
52612,2.4
52613,-3.2
52614,-0.8
52615,-0.8
52616,-1.6
52617,-0.8
52618,-0.8
52619,-3.2
52620,-0.8
52621,0.8
52622,0
52623,-0.8
52624,-0.8
52625,0
52626,0.8
52627,-1.6
52628,-2.4
52629,-3.2
52630,-1.6
52631,1.6
52632,1.6
52633,0
52634,-0.8
52635,1.6
52636,-0.8
52637,0.8
52638,2.4
52639,0
52640,0
52641,0.8
52642,-0.8
52643,0.8
52644,0
52645,0
52646,-0.8
52647,-2.4
52648,2.4
52649,0.8
52650,4
52651,4
52652,2.4
52653,2.4
52654,-0.8
52655,0.8
52656,8
52657,0.8
52658,0
52659,2.4
52660,-1.6
52661,2.4
52662,4
52663,-2.4
52664,0
52665,-0.8
52666,0
52667,0.8
52668,3.2
52669,0
52670,-0.8
52671,-1.6
52672,1.6
52673,2.4
52674,0.8
52675,-4
52676,1.6
52677,0.8
52678,0.8
52679,0.8
52680,3.2
52681,1.6
52682,2.4
52683,2.4
52684,0
52685,0.8
52686,0.8
52687,0
52688,-3.2
52689,-3.2
52690,1.6
52691,0.8
52692,-2.4
52693,-1.6
52694,0
52695,0.8
52696,4
52697,1.6
52698,1.6
52699,-1.6
52700,0
52701,0
52702,-0.8
52703,-6.4
52704,-3.2
52705,-2.4
52706,-1.6
52707,2.4
52708,-4
52709,-0.8
52710,0
52711,2.4
52712,0.8
52713,-3.2
52714,-1.6
52715,-3.2
52716,-0.8
52717,-1.6
52718,-0.8
52719,-0.8
52720,0.8
52721,0.8
52722,0
52723,-0.8
52724,-1.6
52725,-0.8
52726,-0.8
52727,0
52728,0
52729,0
52730,0
52731,-3.2
52732,0
52733,4
52734,-1.6
52735,1.6
52736,0
52737,-0.8
52738,1.6
52739,0.8
52740,-0.8
52741,3.2
52742,2.4
52743,-0.8
52744,-1.6
52745,0
52746,-0.8
52747,2.4
52748,0
52749,-0.8
52750,-1.6
52751,-2.4
52752,0
52753,-0.8
52754,0
52755,-0.8
52756,2.4
52757,2.4
52758,0.8
52759,0.8
52760,-1.6
52761,0.8
52762,2.4
52763,-4
52764,-1.6
52765,-0.8
52766,0.8
52767,0
52768,0.8
52769,-0.8
52770,0
52771,-0.8
52772,0.8
52773,0
52774,0.8
52775,-0.8
52776,1.6
52777,-1.6
52778,-1.6
52779,0.8
52780,2.4
52781,2.4
52782,0.8
52783,0.8
52784,-0.8
52785,-0.8
52786,0
52787,-0.8
52788,-1.6
52789,-1.6
52790,2.4
52791,2.4
52792,1.6
52793,-1.6
52794,-4
52795,-1.6
52796,4
52797,0
52798,-0.8
52799,-3.2
52800,0
52801,4
52802,-1.6
52803,0.8
52804,0
52805,2.4
52806,1.6
52807,1.6
52808,1.6
52809,2.4
52810,0.8
52811,0
52812,0.8
52813,-1.6
52814,-0.8
52815,0
52816,0.8
52817,2.4
52818,0.8
52819,0
52820,-0.8
52821,0
52822,0
52823,2.4
52824,-0.8
52825,0
52826,5.6
52827,0
52828,-2.4
52829,0
52830,0
52831,0
52832,0.8
52833,-4.8
52834,-1.6
52835,0.8
52836,0.8
52837,0
52838,2.4
52839,1.6
52840,2.4
52841,0.8
52842,0
52843,0
52844,1.6
52845,1.6
52846,1.6
52847,-3.2
52848,-4
52849,-0.8
52850,0
52851,-1.6
52852,0.8
52853,-0.8
52854,0
52855,-2.4
52856,-1.6
52857,-1.6
52858,-1.6
52859,0.8
52860,1.6
52861,0
52862,0.8
52863,-2.4
52864,0.8
52865,0
52866,0.8
52867,-0.8
52868,0
52869,-3.2
52870,-4
52871,0.8
52872,-2.4
52873,-1.6
52874,-3.2
52875,-1.6
52876,0.8
52877,-1.6
52878,6.4
52879,-0.8
52880,-1.6
52881,-4.8
52882,-3.2
52883,0.8
52884,-0.8
52885,1.6
52886,0
52887,1.6
52888,-0.8
52889,-1.6
52890,2.4
52891,2.4
52892,1.6
52893,-1.6
52894,2.4
52895,-1.6
52896,-0.8
52897,-0.8
52898,-0.8
52899,0
52900,-4
52901,0
52902,2.4
52903,1.6
52904,0
52905,0.8
52906,4
52907,4
52908,0.8
52909,2.4
52910,-1.6
52911,0
52912,-0.8
52913,0.8
52914,-1.6
52915,-0.8
52916,-3.2
52917,-0.8
52918,1.6
52919,-2.4
52920,0
52921,-1.6
52922,1.6
52923,-2.4
52924,-3.2
52925,-0.8
52926,0
52927,0.8
52928,-2.4
52929,-1.6
52930,4
52931,-0.8
52932,0.8
52933,0.8
52934,-0.8
52935,0.8
52936,0
52937,0.8
52938,-3.2
52939,0
52940,3.2
52941,-1.6
52942,0
52943,0.8
52944,3.2
52945,-1.6
52946,0
52947,-3.2
52948,1.6
52949,2.4
52950,-3.2
52951,0
52952,0.8
52953,0.8
52954,-0.8
52955,3.2
52956,-2.4
52957,-0.8
52958,0.8
52959,0.8
52960,-0.8
52961,2.4
52962,0.8
52963,0.8
52964,2.4
52965,0.8
52966,0.8
52967,0
52968,-3.2
52969,0
52970,-0.8
52971,0
52972,0
52973,0.8
52974,-0.8
52975,-0.8
52976,0.8
52977,-0.8
52978,0
52979,-0.8
52980,-4.8
52981,-0.8
52982,-0.8
52983,4
52984,-0.8
52985,-0.8
52986,-0.8
52987,-1.6
52988,1.6
52989,0.8
52990,-4
52991,0.8
52992,-1.6
52993,-3.2
52994,-0.8
52995,0
52996,-0.8
52997,2.4
52998,0.8
52999,-0.8
53000,-0.8
53001,0
53002,-0.8
53003,-1.6
53004,-0.8
53005,2.4
53006,0.8
53007,-2.4
53008,0
53009,0
53010,0
53011,0
53012,0
53013,0
53014,2.4
53015,-1.6
53016,0
53017,-1.6
53018,0
53019,-0.8
53020,0
53021,1.6
53022,0
53023,0.8
53024,0
53025,-1.6
53026,0
53027,0.8
53028,-1.6
53029,0.8
53030,-9.6
53031,4
53032,2.4
53033,1.6
53034,-0.8
53035,-0.8
53036,0.8
53037,-3.2
53038,2.4
53039,2.4
53040,-3.2
53041,0
53042,0.8
53043,0
53044,0.8
53045,2.4
53046,1.6
53047,-2.4
53048,0.8
53049,0
53050,-0.8
53051,-2.4
53052,0
53053,-0.8
53054,0.8
53055,-4
53056,0.8
53057,2.4
53058,-0.8
53059,0
53060,0.8
53061,0
53062,-3.2
53063,0
53064,0
53065,-0.8
53066,0.8
53067,-3.2
53068,0.8
53069,-1.6
53070,1.6
53071,-0.8
53072,0.8
53073,0
53074,0
53075,-0.8
53076,-3.2
53077,2.4
53078,-4
53079,-1.6
53080,-1.6
53081,-1.6
53082,4
53083,4
53084,-2.4
53085,0
53086,-0.8
53087,-0.8
53088,0.8
53089,-0.8
53090,1.6
53091,-3.2
53092,0
53093,-0.8
53094,0.8
53095,2.4
53096,-0.8
53097,0.8
53098,2.4
53099,-0.8
53100,-3.2
53101,0
53102,0
53103,0
53104,-1.6
53105,0
53106,-1.6
53107,0
53108,1.6
53109,-1.6
53110,0
53111,0.8
53112,0.8
53113,0.8
53114,2.4
53115,0
53116,0.8
53117,-2.4
53118,-1.6
53119,2.4
53120,-3.2
53121,0.8
53122,0.8
53123,-0.8
53124,-1.6
53125,-1.6
53126,-0.8
53127,-0.8
53128,-0.8
53129,-4
53130,-1.6
53131,-1.6
53132,5.6
53133,0.8
53134,-0.8
53135,-1.6
53136,-3.2
53137,0
53138,0.8
53139,-3.2
53140,0
53141,2.4
53142,0.8
53143,2.4
53144,0.8
53145,2.4
53146,-3.2
53147,0
53148,-3.2
53149,-3.2
53150,-1.6
53151,0
53152,0.8
53153,0.8
53154,0.8
53155,2.4
53156,-0.8
53157,0
53158,-4
53159,0.8
53160,2.4
53161,0
53162,0.8
53163,0.8
53164,-1.6
53165,-1.6
53166,3.2
53167,1.6
53168,0
53169,0.8
53170,-2.4
53171,0
53172,-1.6
53173,1.6
53174,2.4
53175,0.8
53176,0.8
53177,0
53178,-0.8
53179,0
53180,-3.2
53181,2.4
53182,0
53183,1.6
53184,0.8
53185,0.8
53186,2.4
53187,-1.6
53188,0
53189,-3.2
53190,-1.6
53191,-0.8
53192,1.6
53193,0.8
53194,-1.6
53195,-5.6
53196,0.8
53197,1.6
53198,0.8
53199,0.8
53200,-1.6
53201,0
53202,0
53203,0
53204,-0.8
53205,-0.8
53206,-4
53207,2.4
53208,0
53209,-0.8
53210,0
53211,0.8
53212,2.4
53213,-1.6
53214,0
53215,0
53216,-0.8
53217,-3.2
53218,-0.8
53219,-0.8
53220,0
53221,-2.4
53222,-0.8
53223,-4
53224,-0.8
53225,-1.6
53226,-5.6
53227,-1.6
53228,0.8
53229,0
53230,0.8
53231,0
53232,0
53233,-2.4
53234,-0.8
53235,0.8
53236,0.8
53237,0
53238,-0.8
53239,0.8
53240,-0.8
53241,-0.8
53242,-0.8
53243,0
53244,0.8
53245,-0.8
53246,-3.2
53247,-1.6
53248,-3.2
53249,4
53250,0.8
53251,2.4
53252,-3.2
53253,0
53254,0.8
53255,-3.2
53256,2.4
53257,-2.4
53258,-0.8
53259,-1.6
53260,-0.8
53261,-1.6
53262,-0.8
53263,2.4
53264,-0.8
53265,-0.8
53266,1.6
53267,-0.8
53268,2.4
53269,0.8
53270,-1.6
53271,0.8
53272,-2.4
53273,0
53274,0
53275,-0.8
53276,0
53277,-0.8
53278,0
53279,-1.6
53280,0.8
53281,-0.8
53282,1.6
53283,-1.6
53284,0
53285,0.8
53286,1.6
53287,0.8
53288,-4
53289,-0.8
53290,0
53291,0.8
53292,1.6
53293,1.6
53294,2.4
53295,-3.2
53296,0.8
53297,-0.8
53298,0
53299,0.8
53300,-0.8
53301,-0.8
53302,-1.6
53303,-0.8
53304,0
53305,0.8
53306,-3.2
53307,0
53308,-0.8
53309,-3.2
53310,0
53311,0
53312,-1.6
53313,-1.6
53314,2.4
53315,1.6
53316,2.4
53317,0.8
53318,-3.2
53319,-1.6
53320,0
53321,0.8
53322,0
53323,0.8
53324,-0.8
53325,0
53326,-0.8
53327,0
53328,0.8
53329,-3.2
53330,0.8
53331,-3.2
53332,2.4
53333,-0.8
53334,0
53335,1.6
53336,0
53337,0.8
53338,0.8
53339,0.8
53340,0.8
53341,-1.6
53342,2.4
53343,0.8
53344,-0.8
53345,0.8
53346,0
53347,-0.8
53348,0.8
53349,4
53350,-0.8
53351,0
53352,-3.2
53353,-1.6
53354,2.4
53355,-1.6
53356,-1.6
53357,-3.2
53358,-0.8
53359,-1.6
53360,0.8
53361,-1.6
53362,2.4
53363,-0.8
53364,0
53365,-1.6
53366,2.4
53367,0.8
53368,0
53369,0
53370,-3.2
53371,0
53372,-0.8
53373,-3.2
53374,-0.8
53375,0
53376,0.8
53377,0
53378,-1.6
53379,-1.6
53380,0
53381,-8.8
53382,0.8
53383,-0.8
53384,2.4
53385,1.6
53386,0
53387,0
53388,0.8
53389,-3.2
53390,0
53391,0
53392,2.4
53393,0.8
53394,0.8
53395,1.6
53396,0
53397,-0.8
53398,0
53399,1.6
53400,-0.8
53401,0
53402,1.6
53403,0.8
53404,0.8
53405,0
53406,0
53407,-1.6
53408,0
53409,4
53410,-0.8
53411,-0.8
53412,1.6
53413,2.4
53414,0.8
53415,-2.4
53416,5.6
53417,-0.8
53418,-0.8
53419,-1.6
53420,0
53421,0
53422,-0.8
53423,0.8
53424,-0.8
53425,0.8
53426,0.8
53427,0
53428,-0.8
53429,-4
53430,0.8
53431,-1.6
53432,-0.8
53433,0
53434,0.8
53435,0
53436,2.4
53437,-0.8
53438,0.8
53439,-0.8
53440,5.6
53441,0
53442,0
53443,0
53444,0
53445,-1.6
53446,0
53447,0
53448,0.8
53449,1.6
53450,0.8
53451,0
53452,-1.6
53453,0
53454,0.8
53455,0.8
53456,0
53457,0
53458,1.6
53459,0
53460,-0.8
53461,-1.6
53462,-1.6
53463,0.8
53464,-0.8
53465,0
53466,1.6
53467,-3.2
53468,0
53469,0
53470,-4
53471,-0.8
53472,0.8
53473,0
53474,-3.2
53475,0
53476,-0.8
53477,-0.8
53478,-0.8
53479,0.8
53480,2.4
53481,0
53482,-0.8
53483,-4
53484,0.8
53485,0
53486,0
53487,0.8
53488,0.8
53489,0.8
53490,-0.8
53491,0.8
53492,0.8
53493,2.4
53494,0.8
53495,0
53496,2.4
53497,0
53498,-0.8
53499,0.8
53500,-0.8
53501,2.4
53502,-1.6
53503,-2.4
53504,0.8
53505,2.4
53506,-3.2
53507,-3.2
53508,0
53509,-0.8
53510,-0.8
53511,-0.8
53512,2.4
53513,0.8
53514,0.8
53515,0.8
53516,-1.6
53517,-0.8
53518,0
53519,-0.8
53520,-3.2
53521,-0.8
53522,0
53523,0.8
53524,-4
53525,2.4
53526,-1.6
53527,-0.8
53528,0.8
53529,0.8
53530,-0.8
53531,-3.2
53532,5.6
53533,3.2
53534,-0.8
53535,0
53536,0.8
53537,0
53538,2.4
53539,-0.8
53540,-0.8
53541,0.8
53542,2.4
53543,-2.4
53544,0
53545,0.8
53546,-0.8
53547,0
53548,2.4
53549,0.8
53550,1.6
53551,-1.6
53552,2.4
53553,2.4
53554,0.8
53555,-3.2
53556,0.8
53557,0
53558,-3.2
53559,-0.8
53560,0
53561,-8.8
53562,0
53563,-1.6
53564,-0.8
53565,0
53566,0.8
53567,-1.6
53568,1.6
53569,0
53570,0.8
53571,-0.8
53572,2.4
53573,0.8
53574,-3.2
53575,1.6
53576,-0.8
53577,-7.2
53578,-0.8
53579,1.6
53580,0
53581,-2.4
53582,0
53583,-0.8
53584,0.8
53585,-1.6
53586,-2.4
53587,-0.8
53588,2.4
53589,0
53590,0.8
53591,0.8
53592,-0.8
53593,0.8
53594,0.8
53595,0.8
53596,-0.8
53597,-3.2
53598,-1.6
53599,4
53600,0
53601,-4
53602,0.8
53603,1.6
53604,0.8
53605,0
53606,-3.2
53607,2.4
53608,0
53609,0
53610,0
53611,0.8
53612,0.8
53613,0.8
53614,0
53615,0.8
53616,1.6
53617,-0.8
53618,0.8
53619,-2.4
53620,0
53621,-1.6
53622,0
53623,0.8
53624,-0.8
53625,0.8
53626,2.4
53627,-0.8
53628,0.8
53629,-1.6
53630,-1.6
53631,-0.8
53632,-0.8
53633,0.8
53634,-0.8
53635,0
53636,0
53637,-0.8
53638,2.4
53639,2.4
53640,2.4
53641,0.8
53642,1.6
53643,0.8
53644,0
53645,0.8
53646,0
53647,-1.6
53648,-4.8
53649,2.4
53650,-2.4
53651,0.8
53652,0.8
53653,1.6
53654,0.8
53655,2.4
53656,-3.2
53657,-1.6
53658,-5.6
53659,2.4
53660,2.4
53661,0
53662,-1.6
53663,0.8
53664,0
53665,-0.8
53666,0
53667,-0.8
53668,0
53669,-0.8
53670,-1.6
53671,0
53672,-4
53673,-3.2
53674,-2.4
53675,-1.6
53676,-3.2
53677,-0.8
53678,-3.2
53679,-3.2
53680,-1.6
53681,0.8
53682,0
53683,-1.6
53684,0
53685,-0.8
53686,0.8
53687,0
53688,-0.8
53689,-0.8
53690,-0.8
53691,-2.4
53692,2.4
53693,0.8
53694,2.4
53695,-4
53696,-0.8
53697,0
53698,0.8
53699,2.4
53700,0.8
53701,1.6
53702,0
53703,-1.6
53704,0
53705,0.8
53706,3.2
53707,-1.6
53708,-0.8
53709,0.8
53710,0
53711,0
53712,-0.8
53713,0.8
53714,-0.8
53715,0.8
53716,0.8
53717,0.8
53718,-4
53719,2.4
53720,-1.6
53721,-0.8
53722,0.8
53723,1.6
53724,0
53725,5.6
53726,0.8
53727,-0.8
53728,6.4
53729,0.8
53730,2.4
53731,-4
53732,-0.8
53733,0
53734,1.6
53735,0
53736,0
53737,-0.8
53738,-1.6
53739,0.8
53740,4
53741,-0.8
53742,1.6
53743,2.4
53744,-4.8
53745,-3.2
53746,0.8
53747,0
53748,-0.8
53749,-1.6
53750,-1.6
53751,-0.8
53752,0.8
53753,0
53754,-2.4
53755,0.8
53756,0
53757,-4
53758,0
53759,-1.6
53760,0.8
53761,0.8
53762,-0.8
53763,-3.2
53764,0.8
53765,0.8
53766,-0.8
53767,-0.8
53768,4
53769,-2.4
53770,0
53771,-1.6
53772,0
53773,0
53774,-0.8
53775,0
53776,-0.8
53777,-2.4
53778,0
53779,-2.4
53780,-1.6
53781,-0.8
53782,1.6
53783,2.4
53784,-1.6
53785,0.8
53786,0.8
53787,0
53788,1.6
53789,-4
53790,2.4
53791,2.4
53792,4
53793,0.8
53794,2.4
53795,0.8
53796,-0.8
53797,-1.6
53798,0
53799,-4
53800,5.6
53801,-1.6
53802,1.6
53803,0.8
53804,0.8
53805,-5.6
53806,2.4
53807,-2.4
53808,-4
53809,0.8
53810,-1.6
53811,-3.2
53812,0.8
53813,0
53814,-0.8
53815,-2.4
53816,0
53817,-3.2
53818,0.8
53819,0.8
53820,2.4
53821,-1.6
53822,1.6
53823,-1.6
53824,-0.8
53825,-0.8
53826,0.8
53827,0
53828,0
53829,-3.2
53830,-3.2
53831,-0.8
53832,2.4
53833,2.4
53834,0.8
53835,-3.2
53836,-0.8
53837,0.8
53838,0
53839,1.6
53840,0.8
53841,-0.8
53842,2.4
53843,0
53844,-0.8
53845,-3.2
53846,0.8
53847,0.8
53848,0
53849,-1.6
53850,3.2
53851,0
53852,2.4
53853,4
53854,0.8
53855,-3.2
53856,3.2
53857,0.8
53858,0
53859,-0.8
53860,-0.8
53861,0.8
53862,0.8
53863,0.8
53864,-1.6
53865,-1.6
53866,0.8
53867,-0.8
53868,-3.2
53869,0
53870,0.8
53871,2.4
53872,0.8
53873,0.8
53874,-3.2
53875,-1.6
53876,0
53877,-0.8
53878,-0.8
53879,-0.8
53880,-0.8
53881,0
53882,0.8
53883,0
53884,0.8
53885,2.4
53886,0
53887,0
53888,0
53889,0
53890,3.2
53891,-0.8
53892,2.4
53893,0
53894,-0.8
53895,-0.8
53896,0.8
53897,0.8
53898,-4.8
53899,0
53900,0
53901,-2.4
53902,0.8
53903,5.6
53904,0.8
53905,0.8
53906,1.6
53907,0
53908,1.6
53909,-0.8
53910,0
53911,0.8
53912,-0.8
53913,-0.8
53914,-2.4
53915,0
53916,0
53917,-0.8
53918,0
53919,-1.6
53920,-3.2
53921,-0.8
53922,0.8
53923,-0.8
53924,-1.6
53925,-1.6
53926,0.8
53927,-0.8
53928,-0.8
53929,-0.8
53930,2.4
53931,0
53932,0
53933,0.8
53934,-1.6
53935,1.6
53936,-1.6
53937,2.4
53938,-0.8
53939,1.6
53940,-0.8
53941,-0.8
53942,0
53943,0.8
53944,1.6
53945,-3.2
53946,3.2
53947,-3.2
53948,-1.6
53949,-2.4
53950,-0.8
53951,0
53952,1.6
53953,-0.8
53954,2.4
53955,0
53956,3.2
53957,-0.8
53958,-1.6
53959,0
53960,0
53961,0
53962,0
53963,2.4
53964,-4
53965,-0.8
53966,0
53967,-1.6
53968,-1.6
53969,1.6
53970,-1.6
53971,1.6
53972,2.4
53973,-0.8
53974,-0.8
53975,0.8
53976,0
53977,-0.8
53978,4
53979,-3.2
53980,-2.4
53981,-4
53982,2.4
53983,2.4
53984,-0.8
53985,-1.6
53986,0
53987,0.8
53988,2.4
53989,-3.2
53990,2.4
53991,0.8
53992,0
53993,0.8
53994,-0.8
53995,2.4
53996,0.8
53997,2.4
53998,0.8
53999,2.4
54000,-3.2
54001,-0.8
54002,0.8
54003,0
54004,-8
54005,-1.6
54006,0
54007,-0.8
54008,-3.2
54009,2.4
54010,1.6
54011,-2.4
54012,0
54013,0
54014,-1.6
54015,2.4
54016,0.8
54017,-1.6
54018,0.8
54019,-0.8
54020,-0.8
54021,-1.6
54022,2.4
54023,-2.4
54024,0
54025,-1.6
54026,0.8
54027,-0.8
54028,-1.6
54029,-0.8
54030,-3.2
54031,0.8
54032,1.6
54033,0.8
54034,0
54035,-0.8
54036,-0.8
54037,0
54038,-1.6
54039,-1.6
54040,0.8
54041,0.8
54042,2.4
54043,0.8
54044,-4
54045,-1.6
54046,2.4
54047,0
54048,2.4
54049,-1.6
54050,0
54051,-0.8
54052,0.8
54053,-0.8
54054,-4.8
54055,0
54056,0
54057,1.6
54058,-0.8
54059,2.4
54060,-0.8
54061,-0.8
54062,-0.8
54063,-0.8
54064,-1.6
54065,0.8
54066,-1.6
54067,-2.4
54068,-0.8
54069,0.8
54070,2.4
54071,-4
54072,-1.6
54073,4
54074,-3.2
54075,-0.8
54076,-1.6
54077,2.4
54078,0
54079,0
54080,-4
54081,0
54082,-0.8
54083,-0.8
54084,-0.8
54085,0
54086,-0.8
54087,-0.8
54088,0
54089,0
54090,0.8
54091,-0.8
54092,2.4
54093,7.2
54094,-0.8
54095,-2.4
54096,0
54097,1.6
54098,0.8
54099,0
54100,-0.8
54101,-0.8
54102,0.8
54103,-3.2
54104,-2.4
54105,4
54106,-2.4
54107,-0.8
54108,-0.8
54109,0
54110,-0.8
54111,0
54112,0.8
54113,0
54114,0
54115,0.8
54116,2.4
54117,2.4
54118,0
54119,0.8
54120,-2.4
54121,0
54122,0
54123,0.8
54124,-4.8
54125,-5.6
54126,0
54127,0.8
54128,0.8
54129,-2.4
54130,0.8
54131,-4.8
54132,0
54133,0.8
54134,0
54135,0
54136,-0.8
54137,0
54138,0
54139,-0.8
54140,0
54141,0
54142,2.4
54143,0
54144,0
54145,-1.6
54146,0
54147,0.8
54148,0.8
54149,0.8
54150,2.4
54151,-0.8
54152,0.8
54153,0
54154,-2.4
54155,0.8
54156,5.6
54157,-2.4
54158,-4.8
54159,0
54160,-2.4
54161,-3.2
54162,0
54163,0.8
54164,0.8
54165,0.8
54166,2.4
54167,0.8
54168,0.8
54169,-0.8
54170,-1.6
54171,-3.2
54172,-0.8
54173,0
54174,-1.6
54175,-1.6
54176,0.8
54177,-0.8
54178,2.4
54179,2.4
54180,-3.2
54181,-1.6
54182,2.4
54183,2.4
54184,0.8
54185,0
54186,0.8
54187,0.8
54188,-0.8
54189,-3.2
54190,-1.6
54191,0
54192,0
54193,0.8
54194,2.4
54195,0
54196,-1.6
54197,-1.6
54198,-0.8
54199,0
54200,2.4
54201,0.8
54202,-0.8
54203,0
54204,0.8
54205,3.2
54206,0
54207,4
54208,-1.6
54209,0.8
54210,0
54211,1.6
54212,0
54213,-0.8
54214,-3.2
54215,2.4
54216,0
54217,-3.2
54218,0
54219,0
54220,-3.2
54221,1.6
54222,1.6
54223,0.8
54224,2.4
54225,2.4
54226,0
54227,-1.6
54228,0
54229,0.8
54230,-3.2
54231,2.4
54232,-3.2
54233,0.8
54234,0.8
54235,0
54236,0
54237,1.6
54238,2.4
54239,-3.2
54240,2.4
54241,-1.6
54242,0
54243,-0.8
54244,0.8
54245,-0.8
54246,2.4
54247,2.4
54248,2.4
54249,0.8
54250,0
54251,-1.6
54252,0
54253,-0.8
54254,2.4
54255,-2.4
54256,0.8
54257,-3.2
54258,0
54259,0
54260,0.8
54261,0
54262,0
54263,-3.2
54264,-0.8
54265,0
54266,-0.8
54267,0
54268,0
54269,-0.8
54270,2.4
54271,0
54272,-0.8
54273,0
54274,0.8
54275,-0.8
54276,0
54277,2.4
54278,0.8
54279,0.8
54280,0
54281,-4.8
54282,0
54283,-2.4
54284,-1.6
54285,0
54286,-0.8
54287,5.6
54288,-2.4
54289,4
54290,0.8
54291,-3.2
54292,2.4
54293,-1.6
54294,2.4
54295,1.6
54296,-0.8
54297,0
54298,0
54299,0
54300,0.8
54301,-4
54302,-2.4
54303,0
54304,0.8
54305,-5.6
54306,-0.8
54307,0.8
54308,-1.6
54309,1.6
54310,0
54311,0
54312,2.4
54313,0
54314,0
54315,-4.8
54316,-0.8
54317,0
54318,0
54319,0
54320,2.4
54321,0.8
54322,0.8
54323,-1.6
54324,-3.2
54325,-1.6
54326,-1.6
54327,1.6
54328,4
54329,-0.8
54330,0
54331,-1.6
54332,2.4
54333,-0.8
54334,-3.2
54335,0
54336,0
54337,-0.8
54338,0
54339,0.8
54340,0
54341,0.8
54342,0.8
54343,-0.8
54344,0
54345,-1.6
54346,-3.2
54347,0.8
54348,-0.8
54349,0
54350,0.8
54351,0
54352,0.8
54353,0
54354,-0.8
54355,4
54356,4
54357,-0.8
54358,-3.2
54359,0.8
54360,1.6
54361,2.4
54362,2.4
54363,-0.8
54364,0
54365,-3.2
54366,-3.2
54367,0
54368,-0.8
54369,0
54370,-1.6
54371,-0.8
54372,-0.8
54373,0
54374,0
54375,-3.2
54376,0
54377,0
54378,-0.8
54379,0.8
54380,-0.8
54381,-4
54382,0.8
54383,0.8
54384,0.8
54385,-3.2
54386,-0.8
54387,0.8
54388,0.8
54389,-1.6
54390,0
54391,-2.4
54392,2.4
54393,2.4
54394,0.8
54395,-1.6
54396,-0.8
54397,-3.2
54398,0.8
54399,0
54400,0
54401,0.8
54402,0.8
54403,0
54404,2.4
54405,0.8
54406,2.4
54407,-0.8
54408,-3.2
54409,0
54410,0.8
54411,0.8
54412,-2.4
54413,0.8
54414,0
54415,0
54416,-0.8
54417,-3.2
54418,1.6
54419,-1.6
54420,0.8
54421,0
54422,-1.6
54423,2.4
54424,-3.2
54425,0
54426,0.8
54427,0
54428,-0.8
54429,-1.6
54430,-0.8
54431,0
54432,0
54433,0.8
54434,-0.8
54435,-1.6
54436,0
54437,-0.8
54438,0.8
54439,-2.4
54440,0
54441,-3.2
54442,0.8
54443,-3.2
54444,-1.6
54445,-0.8
54446,2.4
54447,0.8
54448,0
54449,2.4
54450,2.4
54451,-0.8
54452,0.8
54453,0
54454,0.8
54455,-0.8
54456,0.8
54457,4
54458,0.8
54459,2.4
54460,2.4
54461,-1.6
54462,1.6
54463,0
54464,0.8
54465,0.8
54466,0
54467,1.6
54468,0
54469,-0.8
54470,2.4
54471,1.6
54472,0
54473,-0.8
54474,-3.2
54475,0.8
54476,-0.8
54477,0.8
54478,-0.8
54479,0.8
54480,4
54481,2.4
54482,-0.8
54483,0
54484,-0.8
54485,1.6
54486,0.8
54487,0
54488,-1.6
54489,-1.6
54490,0.8
54491,-1.6
54492,-0.8
54493,0
54494,2.4
54495,2.4
54496,0
54497,-0.8
54498,-1.6
54499,-3.2
54500,1.6
54501,-0.8
54502,0
54503,0.8
54504,0
54505,0
54506,0
54507,2.4
54508,-3.2
54509,0
54510,0.8
54511,0.8
54512,2.4
54513,-0.8
54514,0.8
54515,-0.8
54516,0.8
54517,0
54518,-2.4
54519,-2.4
54520,-0.8
54521,0
54522,-3.2
54523,-1.6
54524,-0.8
54525,-0.8
54526,0
54527,1.6
54528,-0.8
54529,0.8
54530,-3.2
54531,0.8
54532,0
54533,3.2
54534,0
54535,-1.6
54536,-2.4
54537,0
54538,2.4
54539,0
54540,-0.8
54541,-0.8
54542,0
54543,-0.8
54544,0.8
54545,2.4
54546,0.8
54547,0.8
54548,-2.4
54549,-0.8
54550,0
54551,0
54552,0.8
54553,-4
54554,-3.2
54555,0
54556,2.4
54557,2.4
54558,0
54559,-1.6
54560,0
54561,-0.8
54562,0
54563,-4
54564,-3.2
54565,0.8
54566,-0.8
54567,-3.2
54568,0
54569,-1.6
54570,0.8
54571,1.6
54572,0.8
54573,0.8
54574,-8.8
54575,-1.6
54576,2.4
54577,3.2
54578,-4
54579,0
54580,0
54581,0
54582,-0.8
54583,-3.2
54584,0
54585,-6.4
54586,0.8
54587,0.8
54588,0
54589,0.8
54590,-1.6
54591,-3.2
54592,0.8
54593,0.8
54594,-0.8
54595,0
54596,-0.8
54597,-0.8
54598,-1.6
54599,2.4
54600,2.4
54601,0.8
54602,-0.8
54603,-0.8
54604,2.4
54605,0.8
54606,-0.8
54607,0
54608,0.8
54609,0
54610,0
54611,4
54612,0.8
54613,0
54614,2.4
54615,0.8
54616,-0.8
54617,-2.4
54618,-3.2
54619,1.6
54620,0.8
54621,2.4
54622,0
54623,0
54624,0
54625,0
54626,-0.8
54627,0
54628,0
54629,1.6
54630,0.8
54631,-2.4
54632,3.2
54633,-0.8
54634,0
54635,0.8
54636,0.8
54637,0.8
54638,-1.6
54639,2.4
54640,-2.4
54641,-0.8
54642,-1.6
54643,-0.8
54644,4
54645,-1.6
54646,-2.4
54647,0
54648,-1.6
54649,1.6
54650,0.8
54651,-2.4
54652,0
54653,0.8
54654,-1.6
54655,-1.6
54656,0
54657,-0.8
54658,-0.8
54659,-4.8
54660,-4
54661,-0.8
54662,-0.8
54663,-3.2
54664,0.8
54665,-3.2
54666,0
54667,-3.2
54668,0.8
54669,0.8
54670,0.8
54671,0.8
54672,0
54673,-0.8
54674,-0.8
54675,0.8
54676,-4.8
54677,0
54678,-0.8
54679,0
54680,-0.8
54681,0.8
54682,0
54683,2.4
54684,-0.8
54685,0.8
54686,0
54687,-0.8
54688,1.6
54689,0
54690,0.8
54691,-1.6
54692,0
54693,0.8
54694,0
54695,-0.8
54696,2.4
54697,-1.6
54698,0
54699,-0.8
54700,-2.4
54701,-0.8
54702,1.6
54703,-0.8
54704,0
54705,-0.8
54706,0
54707,-2.4
54708,-1.6
54709,2.4
54710,0.8
54711,-1.6
54712,0
54713,-1.6
54714,0.8
54715,1.6
54716,-3.2
54717,-0.8
54718,-2.4
54719,1.6
54720,2.4
54721,-0.8
54722,-0.8
54723,-0.8
54724,0.8
54725,2.4
54726,0.8
54727,0.8
54728,-0.8
54729,1.6
54730,2.4
54731,-3.2
54732,0.8
54733,-1.6
54734,0
54735,0
54736,0
54737,0
54738,0.8
54739,2.4
54740,0.8
54741,0.8
54742,2.4
54743,0.8
54744,2.4
54745,2.4
54746,4
54747,0.8
54748,0
54749,-0.8
54750,-1.6
54751,2.4
54752,0
54753,0
54754,-1.6
54755,-2.4
54756,-3.2
54757,-3.2
54758,-2.4
54759,-1.6
54760,0.8
54761,0
54762,0
54763,2.4
54764,2.4
54765,-1.6
54766,0
54767,2.4
54768,-1.6
54769,-0.8
54770,-3.2
54771,-3.2
54772,0
54773,0
54774,-2.4
54775,2.4
54776,0.8
54777,-1.6
54778,-0.8
54779,-0.8
54780,1.6
54781,0
54782,-3.2
54783,0.8
54784,-3.2
54785,0.8
54786,-3.2
54787,0.8
54788,-0.8
54789,2.4
54790,0.8
54791,-0.8
54792,0
54793,-0.8
54794,-3.2
54795,3.2
54796,0
54797,0.8
54798,0.8
54799,-0.8
54800,2.4
54801,0
54802,2.4
54803,-3.2
54804,0.8
54805,4
54806,-5.6
54807,0
54808,2.4
54809,-0.8
54810,0.8
54811,0
54812,0
54813,-0.8
54814,-0.8
54815,0.8
54816,-0.8
54817,0.8
54818,-3.2
54819,-0.8
54820,0.8
54821,-0.8
54822,0
54823,1.6
54824,0.8
54825,2.4
54826,-0.8
54827,-1.6
54828,-3.2
54829,-3.2
54830,-0.8
54831,-0.8
54832,0.8
54833,0
54834,7.2
54835,2.4
54836,0.8
54837,0
54838,0.8
54839,3.2
54840,0.8
54841,0.8
54842,-0.8
54843,-0.8
54844,0
54845,-3.2
54846,0.8
54847,-0.8
54848,1.6
54849,0
54850,0
54851,0
54852,0
54853,3.2
54854,-0.8
54855,0
54856,-1.6
54857,-3.2
54858,2.4
54859,-3.2
54860,-1.6
54861,0.8
54862,0.8
54863,0.8
54864,-3.2
54865,0
54866,-0.8
54867,2.4
54868,-0.8
54869,-2.4
54870,-3.2
54871,0
54872,-1.6
54873,0.8
54874,-8.8
54875,-0.8
54876,-0.8
54877,-0.8
54878,-3.2
54879,-0.8
54880,2.4
54881,1.6
54882,0
54883,0.8
54884,0
54885,0
54886,1.6
54887,0.8
54888,-0.8
54889,-3.2
54890,0
54891,-0.8
54892,2.4
54893,-0.8
54894,-0.8
54895,0
54896,0.8
54897,3.2
54898,-3.2
54899,-0.8
54900,2.4
54901,2.4
54902,0.8
54903,0
54904,0
54905,-0.8
54906,2.4
54907,4
54908,-2.4
54909,-3.2
54910,1.6
54911,0
54912,-1.6
54913,0.8
54914,0
54915,0
54916,0.8
54917,-0.8
54918,0.8
54919,0
54920,-1.6
54921,-0.8
54922,-1.6
54923,1.6
54924,0.8
54925,-2.4
54926,-0.8
54927,-0.8
54928,0
54929,0.8
54930,0.8
54931,-1.6
54932,0.8
54933,0.8
54934,0.8
54935,0
54936,0.8
54937,-0.8
54938,0.8
54939,1.6
54940,2.4
54941,0
54942,2.4
54943,0.8
54944,2.4
54945,-3.2
54946,-1.6
54947,-0.8
54948,-3.2
54949,2.4
54950,0.8
54951,0
54952,-0.8
54953,-0.8
54954,2.4
54955,-4
54956,-2.4
54957,6.4
54958,-2.4
54959,2.4
54960,0.8
54961,1.6
54962,0.8
54963,0.8
54964,0
54965,0
54966,-0.8
54967,0
54968,0
54969,0.8
54970,-0.8
54971,-0.8
54972,-4
54973,-0.8
54974,1.6
54975,0
54976,-0.8
54977,0.8
54978,-0.8
54979,-1.6
54980,-1.6
54981,2.4
54982,-1.6
54983,2.4
54984,-5.6
54985,-0.8
54986,0.8
54987,0.8
54988,-0.8
54989,0
54990,-2.4
54991,2.4
54992,-0.8
54993,-3.2
54994,2.4
54995,2.4
54996,2.4
54997,-2.4
54998,2.4
54999,-1.6
55000,0.8
55001,0.8
55002,0
55003,-2.4
55004,-3.2
55005,-0.8
55006,-0.8
55007,0.8
55008,0
55009,-2.4
55010,0
55011,0.8
55012,2.4
55013,-0.8
55014,-0.8
55015,0
55016,0.8
55017,0
55018,0.8
55019,0.8
55020,0
55021,-0.8
55022,0
55023,-1.6
55024,0
55025,3.2
55026,-0.8
55027,0
55028,0
55029,-1.6
55030,1.6
55031,2.4
55032,0
55033,-3.2
55034,0.8
55035,-2.4
55036,0.8
55037,0.8
55038,-3.2
55039,-0.8
55040,-1.6
55041,0
55042,0.8
55043,-1.6
55044,-0.8
55045,0
55046,0
55047,3.2
55048,-3.2
55049,2.4
55050,2.4
55051,2.4
55052,1.6
55053,0
55054,0.8
55055,2.4
55056,2.4
55057,1.6
55058,-1.6
55059,-1.6
55060,-1.6
55061,0.8
55062,-0.8
55063,-3.2
55064,0
55065,2.4
55066,0
55067,0
55068,-0.8
55069,-0.8
55070,-0.8
55071,0.8
55072,2.4
55073,-0.8
55074,0
55075,-2.4
55076,-1.6
55077,-7.2
55078,0
55079,0.8
55080,0
55081,-0.8
55082,-2.4
55083,0
55084,0.8
55085,4
55086,0.8
55087,0.8
55088,0
55089,0
55090,2.4
55091,0
55092,-1.6
55093,0
55094,-0.8
55095,0
55096,0
55097,0
55098,2.4
55099,2.4
55100,-1.6
55101,-0.8
55102,0
55103,1.6
55104,-1.6
55105,0
55106,1.6
55107,2.4
55108,-3.2
55109,0
55110,2.4
55111,0
55112,-1.6
55113,0.8
55114,-0.8
55115,0
55116,0
55117,-0.8
55118,0
55119,-0.8
55120,-0.8
55121,0.8
55122,-3.2
55123,-0.8
55124,0
55125,-6.4
55126,0.8
55127,0.8
55128,0.8
55129,1.6
55130,-1.6
55131,2.4
55132,0.8
55133,4
55134,-0.8
55135,-1.6
55136,0
55137,0
55138,2.4
55139,0
55140,0.8
55141,1.6
55142,0.8
55143,2.4
55144,1.6
55145,0
55146,-1.6
55147,0.8
55148,-0.8
55149,0.8
55150,-1.6
55151,-1.6
55152,0
55153,2.4
55154,0.8
55155,0
55156,2.4
55157,-1.6
55158,-1.6
55159,-0.8
55160,3.2
55161,0.8
55162,0.8
55163,0.8
55164,2.4
55165,-1.6
55166,-3.2
55167,-0.8
55168,-0.8
55169,-0.8
55170,-0.8
55171,-0.8
55172,0.8
55173,0.8
55174,2.4
55175,0
55176,-1.6
55177,0
55178,0
55179,-0.8
55180,-4.8
55181,1.6
55182,-1.6
55183,2.4
55184,2.4
55185,0
55186,2.4
55187,0.8
55188,0.8
55189,1.6
55190,0
55191,-0.8
55192,0
55193,0.8
55194,0
55195,0.8
55196,-1.6
55197,1.6
55198,2.4
55199,2.4
55200,0
55201,0.8
55202,1.6
55203,0
55204,0
55205,0.8
55206,-1.6
55207,2.4
55208,0.8
55209,0.8
55210,0.8
55211,1.6
55212,0.8
55213,-0.8
55214,0
55215,-1.6
55216,-0.8
55217,0
55218,-1.6
55219,-0.8
55220,0
55221,0
55222,0.8
55223,0
55224,0.8
55225,-3.2
55226,0
55227,0
55228,-2.4
55229,-0.8
55230,-0.8
55231,-1.6
55232,0.8
55233,0
55234,-0.8
55235,-0.8
55236,0.8
55237,0
55238,-2.4
55239,-0.8
55240,1.6
55241,3.2
55242,-0.8
55243,0
55244,0.8
55245,0
55246,0.8
55247,2.4
55248,-0.8
55249,2.4
55250,2.4
55251,-2.4
55252,-1.6
55253,0
55254,-1.6
55255,0
55256,0
55257,-1.6
55258,-5.6
55259,-2.4
55260,2.4
55261,-0.8
55262,0
55263,-2.4
55264,-0.8
55265,0.8
55266,0.8
55267,0
55268,0.8
55269,0
55270,0
55271,0
55272,-0.8
55273,-1.6
55274,-0.8
55275,-0.8
55276,0.8
55277,0.8
55278,2.4
55279,-3.2
55280,-2.4
55281,0
55282,0
55283,2.4
55284,-5.6
55285,-1.6
55286,-3.2
55287,-1.6
55288,-3.2
55289,0
55290,0
55291,-0.8
55292,-1.6
55293,2.4
55294,-1.6
55295,1.6
55296,2.4
55297,0.8
55298,0.8
55299,-2.4
55300,0
55301,-3.2
55302,-0.8
55303,4
55304,-2.4
55305,-0.8
55306,1.6
55307,3.2
55308,-2.4
55309,-3.2
55310,2.4
55311,-1.6
55312,0
55313,-0.8
55314,0.8
55315,-0.8
55316,2.4
55317,1.6
55318,-0.8
55319,-1.6
55320,0
55321,-1.6
55322,1.6
55323,-3.2
55324,-0.8
55325,-0.8
55326,0
55327,4
55328,-0.8
55329,-3.2
55330,-0.8
55331,-1.6
55332,2.4
55333,3.2
55334,2.4
55335,-0.8
55336,0.8
55337,0.8
55338,-3.2
55339,0.8
55340,-0.8
55341,-1.6
55342,0
55343,0.8
55344,0
55345,0
55346,0
55347,0
55348,-1.6
55349,5.6
55350,1.6
55351,-4
55352,-3.2
55353,-2.4
55354,-5.6
55355,-2.4
55356,-2.4
55357,0
55358,-0.8
55359,-4.8
55360,-1.6
55361,0.8
55362,0.8
55363,-1.6
55364,-2.4
55365,-1.6
55366,0
55367,0.8
55368,-2.4
55369,-2.4
55370,-0.8
55371,-2.4
55372,0
55373,2.4
55374,0.8
55375,-0.8
55376,0
55377,-0.8
55378,0
55379,0
55380,-5.6
55381,-2.4
55382,-3.2
55383,2.4
55384,0.8
55385,-0.8
55386,0
55387,0.8
55388,0.8
55389,1.6
55390,1.6
55391,0.8
55392,0.8
55393,2.4
55394,1.6
55395,1.6
55396,8
55397,0.8
55398,0.8
55399,0
55400,-0.8
55401,-1.6
55402,-3.2
55403,0.8
55404,2.4
55405,-0.8
55406,0.8
55407,2.4
55408,-0.8
55409,-0.8
55410,0
55411,0
55412,0.8
55413,0.8
55414,4
55415,0.8
55416,-0.8
55417,2.4
55418,-3.2
55419,0.8
55420,0
55421,-2.4
55422,0.8
55423,-3.2
55424,0.8
55425,2.4
55426,-1.6
55427,0.8
55428,0
55429,-0.8
55430,-1.6
55431,-3.2
55432,-1.6
55433,2.4
55434,2.4
55435,0.8
55436,-0.8
55437,0.8
55438,-0.8
55439,0
55440,2.4
55441,2.4
55442,0
55443,-0.8
55444,0
55445,0.8
55446,2.4
55447,-1.6
55448,0.8
55449,0.8
55450,3.2
55451,-4
55452,0
55453,2.4
55454,2.4
55455,-6.4
55456,-0.8
55457,2.4
55458,-0.8
55459,-0.8
55460,0
55461,0
55462,0.8
55463,0
55464,-3.2
55465,2.4
55466,2.4
55467,0
55468,-0.8
55469,-0.8
55470,-0.8
55471,-1.6
55472,-1.6
55473,0
55474,-1.6
55475,-0.8
55476,-1.6
55477,-0.8
55478,-1.6
55479,-0.8
55480,0.8
55481,2.4
55482,-0.8
55483,2.4
55484,-1.6
55485,-0.8
55486,-0.8
55487,0
55488,-2.4
55489,2.4
55490,-2.4
55491,0.8
55492,0
55493,-0.8
55494,0
55495,0.8
55496,0
55497,0
55498,2.4
55499,4
55500,2.4
55501,0
55502,-0.8
55503,0
55504,0.8
55505,0
55506,-4
55507,-3.2
55508,-4.8
55509,2.4
55510,1.6
55511,0.8
55512,2.4
55513,0
55514,-0.8
55515,0.8
55516,-1.6
55517,2.4
55518,-0.8
55519,0
55520,-1.6
55521,-0.8
55522,-0.8
55523,2.4
55524,0
55525,0.8
55526,-0.8
55527,2.4
55528,0.8
55529,0.8
55530,-0.8
55531,-0.8
55532,1.6
55533,2.4
55534,0.8
55535,0
55536,0.8
55537,-0.8
55538,-1.6
55539,0
55540,0.8
55541,-0.8
55542,0.8
55543,2.4
55544,2.4
55545,4
55546,0.8
55547,-1.6
55548,-2.4
55549,4
55550,2.4
55551,0.8
55552,-3.2
55553,-1.6
55554,-3.2
55555,0
55556,0
55557,0
55558,0.8
55559,1.6
55560,2.4
55561,-1.6
55562,0.8
55563,0
55564,-3.2
55565,-0.8
55566,-3.2
55567,-0.8
55568,0
55569,0
55570,4
55571,-0.8
55572,0
55573,0
55574,0
55575,-3.2
55576,0.8
55577,-4
55578,-0.8
55579,0.8
55580,-0.8
55581,0
55582,0
55583,2.4
55584,0.8
55585,0
55586,0.8
55587,0
55588,0.8
55589,-0.8
55590,2.4
55591,4
55592,-0.8
55593,0.8
55594,-0.8
55595,-3.2
55596,0.8
55597,1.6
55598,0
55599,0
55600,-0.8
55601,-0.8
55602,-0.8
55603,1.6
55604,0
55605,-0.8
55606,-0.8
55607,-0.8
55608,-5.6
55609,-4
55610,2.4
55611,0
55612,0.8
55613,1.6
55614,0
55615,-1.6
55616,0.8
55617,2.4
55618,-3.2
55619,0
55620,0
55621,-3.2
55622,0.8
55623,-2.4
55624,-0.8
55625,-0.8
55626,0
55627,0
55628,0
55629,0.8
55630,3.2
55631,0
55632,-3.2
55633,0
55634,2.4
55635,0.8
55636,0.8
55637,0
55638,0
55639,-1.6
55640,-3.2
55641,2.4
55642,-1.6
55643,0.8
55644,0
55645,0.8
55646,-0.8
55647,0.8
55648,1.6
55649,-0.8
55650,-2.4
55651,-0.8
55652,1.6
55653,0.8
55654,-1.6
55655,2.4
55656,1.6
55657,0.8
55658,0.8
55659,0.8
55660,-1.6
55661,-0.8
55662,1.6
55663,0.8
55664,-1.6
55665,2.4
55666,2.4
55667,2.4
55668,0
55669,0
55670,0.8
55671,0.8
55672,-1.6
55673,0.8
55674,-0.8
55675,-0.8
55676,0
55677,-0.8
55678,-0.8
55679,0.8
55680,4
55681,0.8
55682,0.8
55683,1.6
55684,-1.6
55685,-1.6
55686,-0.8
55687,0
55688,3.2
55689,0.8
55690,-0.8
55691,0.8
55692,-3.2
55693,1.6
55694,2.4
55695,-0.8
55696,0
55697,0
55698,0.8
55699,0
55700,2.4
55701,3.2
55702,0.8
55703,0.8
55704,0.8
55705,3.2
55706,-1.6
55707,-0.8
55708,-1.6
55709,-0.8
55710,-0.8
55711,0
55712,0.8
55713,0.8
55714,0
55715,0.8
55716,0.8
55717,-0.8
55718,-3.2
55719,0
55720,0.8
55721,-0.8
55722,0.8
55723,-0.8
55724,-3.2
55725,0
55726,-0.8
55727,0.8
55728,0
55729,0
55730,2.4
55731,-3.2
55732,-1.6
55733,4
55734,0.8
55735,-0.8
55736,4
55737,-0.8
55738,-1.6
55739,0.8
55740,2.4
55741,0
55742,-3.2
55743,0.8
55744,3.2
55745,0
55746,0.8
55747,2.4
55748,-0.8
55749,-1.6
55750,0.8
55751,-2.4
55752,0
55753,1.6
55754,4
55755,2.4
55756,1.6
55757,-1.6
55758,-11.2
55759,-1.6
55760,0.8
55761,-1.6
55762,-3.2
55763,-1.6
55764,0
55765,4
55766,2.4
55767,0.8
55768,-1.6
55769,0
55770,0.8
55771,0.8
55772,7.2
55773,-3.2
55774,-3.2
55775,-4
55776,1.6
55777,0
55778,-2.4
55779,0
55780,-12
55781,0.8
55782,0.8
55783,-0.8
55784,0.8
55785,-0.8
55786,-0.8
55787,0
55788,0
55789,7.2
55790,0.8
55791,4
55792,-3.2
55793,2.4
55794,-1.6
55795,-1.6
55796,-0.8
55797,4
55798,4
55799,-3.2
55800,4
55801,2.4
55802,0
55803,0.8
55804,5.6
55805,-3.2
55806,0.8
55807,-2.4
55808,0.8
55809,-4
55810,-0.8
55811,-0.8
55812,0
55813,2.4
55814,1.6
55815,-1.6
55816,-4
55817,5.6
55818,-3.2
55819,-4
55820,-1.6
55821,-1.6
55822,2.4
55823,-0.8
55824,1.6
55825,-0.8
55826,-0.8
55827,0.8
55828,0
55829,-0.8
55830,0.8
55831,-2.4
55832,1.6
55833,-3.2
55834,2.4
55835,0
55836,0.8
55837,-3.2
55838,-0.8
55839,0
55840,-1.6
55841,0.8
55842,-4
55843,0.8
55844,0
55845,1.6
55846,0.8
55847,-4
55848,-4
55849,-1.6
55850,0.8
55851,2.4
55852,-0.8
55853,0
55854,-0.8
55855,0.8
55856,-2.4
55857,-12.8
55858,-1.6
55859,0
55860,0.8
55861,-3.2
55862,0.8
55863,-0.8
55864,-1.6
55865,-2.4
55866,2.4
55867,-0.8
55868,-0.8
55869,-0.8
55870,0.8
55871,-3.2
55872,-1.6
55873,1.6
55874,0
55875,-1.6
55876,0.8
55877,0
55878,-2.4
55879,0.8
55880,-4
55881,0
55882,1.6
55883,-2.4
55884,1.6
55885,-1.6
55886,0.8
55887,-2.4
55888,-4
55889,-0.8
55890,-1.6
55891,-1.6
55892,-1.6
55893,1.6
55894,1.6
55895,-1.6
55896,-1.6
55897,-3.2
55898,-0.8
55899,-4
55900,1.6
55901,0.8
55902,0
55903,0
55904,2.4
55905,2.4
55906,0
55907,0
55908,2.4
55909,-3.2
55910,-3.2
55911,0.8
55912,1.6
55913,0
55914,1.6
55915,0
55916,0.8
55917,2.4
55918,-3.2
55919,-0.8
55920,-4
55921,0.8
55922,0.8
55923,-3.2
55924,5.6
55925,-3.2
55926,0.8
55927,0
55928,-0.8
55929,0
55930,0
55931,-1.6
55932,0.8
55933,-2.4
55934,2.4
55935,0
55936,0.8
55937,0.8
55938,0.8
55939,0.8
55940,-1.6
55941,-0.8
55942,-2.4
55943,0.8
55944,0
55945,0
55946,0.8
55947,-0.8
55948,0
55949,-1.6
55950,2.4
55951,0
55952,2.4
55953,-1.6
55954,-3.2
55955,0
55956,4
55957,0
55958,-3.2
55959,-1.6
55960,0.8
55961,0
55962,-3.2
55963,-3.2
55964,-1.6
55965,-0.8
55966,0.8
55967,-0.8
55968,-0.8
55969,-2.4
55970,-0.8
55971,0
55972,-0.8
55973,0
55974,0
55975,-0.8
55976,-0.8
55977,0.8
55978,-1.6
55979,-3.2
55980,-1.6
55981,-1.6
55982,0.8
55983,-3.2
55984,1.6
55985,0
55986,0.8
55987,0
55988,1.6
55989,2.4
55990,-0.8
55991,1.6
55992,1.6
55993,0.8
55994,-2.4
55995,2.4
55996,-1.6
55997,-2.4
55998,-0.8
55999,1.6
56000,1.6
56001,3.2
56002,2.4
56003,-4
56004,3.2
56005,4
56006,-1.6
56007,2.4
56008,2.4
56009,-1.6
56010,0.8
56011,0.8
56012,-1.6
56013,0.8
56014,-0.8
56015,0
56016,-0.8
56017,0
56018,2.4
56019,2.4
56020,0
56021,2.4
56022,-0.8
56023,0
56024,0
56025,0
56026,0
56027,0
56028,0.8
56029,0
56030,0
56031,0
56032,0.8
56033,0.8
56034,2.4
56035,1.6
56036,2.4
56037,0.8
56038,0
56039,0.8
56040,1.6
56041,4
56042,2.4
56043,2.4
56044,0.8
56045,-1.6
56046,-1.6
56047,0
56048,-0.8
56049,-3.2
56050,-2.4
56051,-1.6
56052,3.2
56053,-0.8
56054,-0.8
56055,-0.8
56056,2.4
56057,0
56058,1.6
56059,-0.8
56060,0
56061,-0.8
56062,0
56063,-0.8
56064,1.6
56065,0
56066,0
56067,0
56068,0
56069,-2.4
56070,-3.2
56071,0.8
56072,0.8
56073,0.8
56074,0.8
56075,-3.2
56076,2.4
56077,-0.8
56078,0
56079,-1.6
56080,-3.2
56081,1.6
56082,-0.8
56083,-2.4
56084,3.2
56085,-1.6
56086,0
56087,0
56088,0.8
56089,-1.6
56090,0.8
56091,-1.6
56092,0
56093,2.4
56094,-0.8
56095,-0.8
56096,-3.2
56097,0
56098,0.8
56099,0.8
56100,2.4
56101,0.8
56102,0
56103,0.8
56104,0
56105,4
56106,2.4
56107,0
56108,0
56109,1.6
56110,-3.2
56111,2.4
56112,0
56113,-0.8
56114,1.6
56115,-0.8
56116,-1.6
56117,0.8
56118,-3.2
56119,0
56120,2.4
56121,2.4
56122,0
56123,-0.8
56124,2.4
56125,-3.2
56126,0.8
56127,0
56128,0.8
56129,-0.8
56130,0
56131,0.8
56132,0.8
56133,0
56134,1.6
56135,0
56136,0.8
56137,-2.4
56138,2.4
56139,0
56140,0.8
56141,0
56142,0
56143,-0.8
56144,1.6
56145,1.6
56146,0
56147,0
56148,0.8
56149,-0.8
56150,1.6
56151,1.6
56152,0.8
56153,0.8
56154,-1.6
56155,4
56156,1.6
56157,4
56158,2.4
56159,-1.6
56160,0
56161,1.6
56162,0.8
56163,0.8
56164,-0.8
56165,-0.8
56166,-1.6
56167,-0.8
56168,-0.8
56169,0
56170,-0.8
56171,-2.4
56172,-0.8
56173,-1.6
56174,2.4
56175,-2.4
56176,-0.8
56177,-0.8
56178,-1.6
56179,-0.8
56180,0.8
56181,0.8
56182,-3.2
56183,-1.6
56184,0.8
56185,0.8
56186,0.8
56187,-0.8
56188,-1.6
56189,0.8
56190,0
56191,0.8
56192,0
56193,2.4
56194,0
56195,1.6
56196,0.8
56197,0
56198,0
56199,1.6
56200,0
56201,-0.8
56202,0
56203,-1.6
56204,-0.8
56205,0
56206,-5.6
56207,0.8
56208,-0.8
56209,4
56210,0
56211,-0.8
56212,1.6
56213,2.4
56214,0
56215,0
56216,0.8
56217,-0.8
56218,-2.4
56219,-0.8
56220,-0.8
56221,1.6
56222,0
56223,0
56224,-0.8
56225,-0.8
56226,-1.6
56227,0
56228,1.6
56229,0
56230,-2.4
56231,-1.6
56232,0.8
56233,0.8
56234,0.8
56235,2.4
56236,-4
56237,-0.8
56238,0.8
56239,2.4
56240,-0.8
56241,-0.8
56242,2.4
56243,0
56244,-0.8
56245,0
56246,0.8
56247,-0.8
56248,-0.8
56249,0.8
56250,2.4
56251,0
56252,1.6
56253,0.8
56254,0.8
56255,0
56256,0.8
56257,0.8
56258,-2.4
56259,0.8
56260,-2.4
56261,0.8
56262,3.2
56263,0.8
56264,0.8
56265,-1.6
56266,0
56267,-0.8
56268,-3.2
56269,0.8
56270,0
56271,0.8
56272,0.8
56273,-0.8
56274,-1.6
56275,-1.6
56276,-1.6
56277,0
56278,-0.8
56279,0.8
56280,3.2
56281,0.8
56282,0
56283,-1.6
56284,0
56285,0
56286,1.6
56287,-0.8
56288,0
56289,0.8
56290,-3.2
56291,0.8
56292,0.8
56293,0
56294,0.8
56295,0.8
56296,0.8
56297,0
56298,0
56299,-0.8
56300,-1.6
56301,0.8
56302,0
56303,0
56304,-3.2
56305,0
56306,0
56307,5.6
56308,0
56309,-3.2
56310,0
56311,0
56312,0
56313,-3.2
56314,0
56315,-3.2
56316,-2.4
56317,0.8
56318,-3.2
56319,0.8
56320,0
56321,0
56322,2.4
56323,0.8
56324,-0.8
56325,-0.8
56326,-0.8
56327,0
56328,-2.4
56329,0
56330,7.2
56331,0
56332,2.4
56333,-0.8
56334,2.4
56335,0
56336,0
56337,0
56338,-0.8
56339,0
56340,-0.8
56341,0
56342,2.4
56343,-0.8
56344,0
56345,0
56346,-0.8
56347,2.4
56348,0
56349,-1.6
56350,2.4
56351,-0.8
56352,-1.6
56353,-0.8
56354,0.8
56355,2.4
56356,-3.2
56357,2.4
56358,-0.8
56359,-3.2
56360,-8.8
56361,3.2
56362,0.8
56363,0.8
56364,-3.2
56365,0.8
56366,-3.2
56367,0
56368,-3.2
56369,0
56370,-0.8
56371,-0.8
56372,-6.4
56373,0
56374,0.8
56375,-2.4
56376,0
56377,-0.8
56378,-0.8
56379,-1.6
56380,-2.4
56381,0
56382,0
56383,-0.8
56384,0
56385,0.8
56386,-1.6
56387,1.6
56388,-1.6
56389,-1.6
56390,0
56391,1.6
56392,3.2
56393,0
56394,-1.6
56395,0
56396,0
56397,0.8
56398,2.4
56399,2.4
56400,0
56401,2.4
56402,0.8
56403,-1.6
56404,-0.8
56405,4
56406,3.2
56407,-0.8
56408,0.8
56409,-4
56410,1.6
56411,0
56412,0
56413,1.6
56414,-0.8
56415,0
56416,-0.8
56417,0.8
56418,-0.8
56419,0.8
56420,0
56421,-0.8
56422,-0.8
56423,0
56424,-3.2
56425,-2.4
56426,-0.8
56427,0.8
56428,0
56429,0.8
56430,0
56431,0
56432,2.4
56433,-0.8
56434,-0.8
56435,0
56436,1.6
56437,0.8
56438,-0.8
56439,-2.4
56440,0
56441,0
56442,0
56443,0
56444,0
56445,2.4
56446,-1.6
56447,-0.8
56448,0
56449,1.6
56450,-0.8
56451,0.8
56452,0.8
56453,-0.8
56454,0
56455,0.8
56456,0.8
56457,4
56458,-3.2
56459,-1.6
56460,0.8
56461,0.8
56462,0
56463,-0.8
56464,0
56465,-1.6
56466,0.8
56467,2.4
56468,-1.6
56469,0.8
56470,0
56471,0.8
56472,0.8
56473,0
56474,0.8
56475,-0.8
56476,-0.8
56477,0
56478,-0.8
56479,-0.8
56480,0.8
56481,2.4
56482,0.8
56483,4
56484,0
56485,-2.4
56486,-0.8
56487,0
56488,0
56489,2.4
56490,5.6
56491,-3.2
56492,0.8
56493,1.6
56494,-0.8
56495,0
56496,2.4
56497,0.8
56498,0
56499,0.8
56500,0
56501,0
56502,-1.6
56503,0
56504,0.8
56505,-4
56506,-0.8
56507,4
56508,0
56509,0
56510,-3.2
56511,0.8
56512,-3.2
56513,-4
56514,-0.8
56515,0
56516,0.8
56517,0.8
56518,0
56519,0
56520,-0.8
56521,0
56522,0.8
56523,-0.8
56524,0
56525,-1.6
56526,-3.2
56527,0.8
56528,-0.8
56529,-0.8
56530,-0.8
56531,0.8
56532,0.8
56533,0
56534,-0.8
56535,-1.6
56536,-1.6
56537,0.8
56538,-0.8
56539,0
56540,0
56541,-0.8
56542,2.4
56543,0.8
56544,-13.6
56545,-1.6
56546,2.4
56547,0
56548,-0.8
56549,-3.2
56550,0.8
56551,2.4
56552,-3.2
56553,0
56554,0.8
56555,-3.2
56556,-0.8
56557,1.6
56558,0.8
56559,0.8
56560,2.4
56561,2.4
56562,0
56563,0
56564,0
56565,-3.2
56566,1.6
56567,1.6
56568,0.8
56569,-1.6
56570,2.4
56571,0.8
56572,0.8
56573,0.8
56574,5.6
56575,-0.8
56576,0.8
56577,-0.8
56578,0
56579,-0.8
56580,0
56581,-1.6
56582,-0.8
56583,-0.8
56584,-0.8
56585,0
56586,-0.8
56587,0.8
56588,0
56589,-3.2
56590,-0.8
56591,0
56592,-2.4
56593,0
56594,3.2
56595,0
56596,0
56597,-0.8
56598,0
56599,0.8
56600,1.6
56601,-3.2
56602,-1.6
56603,0
56604,-1.6
56605,-0.8
56606,2.4
56607,0
56608,0
56609,0
56610,-3.2
56611,-1.6
56612,0
56613,0.8
56614,0
56615,0.8
56616,0.8
56617,-1.6
56618,-0.8
56619,1.6
56620,-0.8
56621,0
56622,-1.6
56623,-1.6
56624,0
56625,2.4
56626,0
56627,-3.2
56628,-0.8
56629,0
56630,-0.8
56631,-5.6
56632,0
56633,-2.4
56634,-0.8
56635,0
56636,0
56637,2.4
56638,0
56639,0.8
56640,0
56641,0.8
56642,-1.6
56643,2.4
56644,-1.6
56645,0
56646,0.8
56647,0
56648,3.2
56649,0.8
56650,0
56651,-0.8
56652,-2.4
56653,0
56654,0.8
56655,2.4
56656,4
56657,1.6
56658,-0.8
56659,-0.8
56660,0.8
56661,0.8
56662,-0.8
56663,0
56664,-0.8
56665,-2.4
56666,0
56667,0.8
56668,0.8
56669,-1.6
56670,1.6
56671,1.6
56672,0
56673,2.4
56674,0
56675,4
56676,-2.4
56677,-0.8
56678,-0.8
56679,0.8
56680,0
56681,-0.8
56682,-0.8
56683,-0.8
56684,2.4
56685,0.8
56686,-1.6
56687,0
56688,3.2
56689,0.8
56690,0.8
56691,0
56692,-1.6
56693,-0.8
56694,1.6
56695,2.4
56696,0.8
56697,0
56698,0.8
56699,0.8
56700,0.8
56701,-0.8
56702,-0.8
56703,5.6
56704,2.4
56705,0
56706,4
56707,-0.8
56708,0.8
56709,-0.8
56710,0.8
56711,0
56712,0.8
56713,0
56714,0
56715,-2.4
56716,1.6
56717,-0.8
56718,3.2
56719,-0.8
56720,2.4
56721,-1.6
56722,-0.8
56723,-0.8
56724,0
56725,-2.4
56726,0.8
56727,-0.8
56728,-0.8
56729,0.8
56730,0
56731,0
56732,-0.8
56733,-3.2
56734,0.8
56735,0.8
56736,0
56737,0
56738,-0.8
56739,-0.8
56740,1.6
56741,0.8
56742,-3.2
56743,0
56744,-0.8
56745,0
56746,0
56747,0.8
56748,2.4
56749,0
56750,2.4
56751,2.4
56752,0.8
56753,0
56754,4
56755,2.4
56756,0.8
56757,2.4
56758,2.4
56759,-3.2
56760,0.8
56761,2.4
56762,0.8
56763,0.8
56764,0.8
56765,0.8
56766,0
56767,0.8
56768,1.6
56769,-0.8
56770,0.8
56771,-4
56772,0
56773,0
56774,0
56775,0.8
56776,-0.8
56777,2.4
56778,0
56779,-1.6
56780,-4
56781,0.8
56782,-3.2
56783,4
56784,0
56785,-0.8
56786,0.8
56787,0.8
56788,0
56789,0
56790,0.8
56791,0
56792,0.8
56793,2.4
56794,0
56795,2.4
56796,2.4
56797,0
56798,0
56799,0
56800,0
56801,0.8
56802,5.6
56803,1.6
56804,2.4
56805,0.8
56806,-0.8
56807,2.4
56808,-3.2
56809,0.8
56810,0
56811,0.8
56812,-0.8
56813,-1.6
56814,-1.6
56815,-3.2
56816,-0.8
56817,8
56818,6.4
56819,0.8
56820,-1.6
56821,4
56822,2.4
56823,0
56824,-8
56825,-3.2
56826,-3.2
56827,-0.8
56828,-0.8
56829,-0.8
56830,1.6
56831,0
56832,-0.8
56833,0
56834,2.4
56835,-0.8
56836,0
56837,0.8
56838,0.8
56839,1.6
56840,-1.6
56841,-0.8
56842,-3.2
56843,0
56844,2.4
56845,2.4
56846,0
56847,5.6
56848,0
56849,-3.2
56850,1.6
56851,0.8
56852,0
56853,0.8
56854,-1.6
56855,-2.4
56856,-0.8
56857,4
56858,-1.6
56859,-0.8
56860,0.8
56861,0
56862,0
56863,-0.8
56864,0.8
56865,2.4
56866,-0.8
56867,-0.8
56868,-4
56869,-0.8
56870,0.8
56871,-3.2
56872,0.8
56873,-9.6
56874,-0.8
56875,3.2
56876,1.6
56877,0
56878,0.8
56879,0.8
56880,2.4
56881,-1.6
56882,-0.8
56883,-0.8
56884,-0.8
56885,0
56886,0.8
56887,-1.6
56888,0
56889,0
56890,-0.8
56891,0.8
56892,-3.2
56893,0.8
56894,-2.4
56895,-0.8
56896,1.6
56897,4
56898,-3.2
56899,0.8
56900,2.4
56901,0.8
56902,-0.8
56903,2.4
56904,0.8
56905,0
56906,4
56907,1.6
56908,0
56909,0
56910,2.4
56911,-0.8
56912,0.8
56913,2.4
56914,-3.2
56915,-1.6
56916,-1.6
56917,-1.6
56918,0
56919,-1.6
56920,0.8
56921,-1.6
56922,-1.6
56923,0
56924,0.8
56925,1.6
56926,-3.2
56927,0.8
56928,0.8
56929,-0.8
56930,-0.8
56931,0.8
56932,-3.2
56933,2.4
56934,2.4
56935,-0.8
56936,-3.2
56937,1.6
56938,0.8
56939,-0.8
56940,0.8
56941,0
56942,-1.6
56943,-3.2
56944,0
56945,0.8
56946,2.4
56947,0
56948,0
56949,-0.8
56950,0
56951,0.8
56952,-0.8
56953,5.6
56954,2.4
56955,0.8
56956,-0.8
56957,0
56958,-1.6
56959,-0.8
56960,-5.6
56961,0.8
56962,0.8
56963,-0.8
56964,1.6
56965,-1.6
56966,0.8
56967,-1.6
56968,-0.8
56969,0
56970,0
56971,-3.2
56972,-0.8
56973,0
56974,0.8
56975,0.8
56976,0
56977,0
56978,0.8
56979,0
56980,1.6
56981,0
56982,-0.8
56983,0
56984,0.8
56985,-0.8
56986,0
56987,0
56988,0.8
56989,0.8
56990,-1.6
56991,-0.8
56992,-1.6
56993,-0.8
56994,0.8
56995,0.8
56996,2.4
56997,-0.8
56998,-1.6
56999,2.4
57000,4
57001,1.6
57002,0.8
57003,-0.8
57004,-0.8
57005,2.4
57006,-3.2
57007,0.8
57008,0
57009,0.8
57010,-1.6
57011,0
57012,4
57013,0
57014,-0.8
57015,0.8
57016,-0.8
57017,-0.8
57018,0
57019,2.4
57020,-0.8
57021,-0.8
57022,0.8
57023,-0.8
57024,0.8
57025,-4.8
57026,-1.6
57027,-0.8
57028,0
57029,-0.8
57030,0.8
57031,-1.6
57032,-0.8
57033,-3.2
57034,0
57035,1.6
57036,-2.4
57037,0.8
57038,0
57039,-0.8
57040,1.6
57041,-0.8
57042,-0.8
57043,-0.8
57044,0.8
57045,2.4
57046,0
57047,0
57048,-3.2
57049,2.4
57050,2.4
57051,0.8
57052,-0.8
57053,0.8
57054,2.4
57055,0
57056,0
57057,-0.8
57058,0
57059,-0.8
57060,2.4
57061,-3.2
57062,0
57063,2.4
57064,0
57065,-0.8
57066,0
57067,2.4
57068,0.8
57069,-0.8
57070,0.8
57071,0
57072,0.8
57073,-2.4
57074,0
57075,0
57076,0
57077,4
57078,0.8
57079,0
57080,0
57081,-0.8
57082,-3.2
57083,0
57084,-3.2
57085,-1.6
57086,-0.8
57087,0.8
57088,0.8
57089,-3.2
57090,-3.2
57091,-0.8
57092,0
57093,-0.8
57094,-0.8
57095,-1.6
57096,1.6
57097,0.8
57098,7.2
57099,0
57100,2.4
57101,-1.6
57102,-0.8
57103,0
57104,0
57105,0
57106,-1.6
57107,0.8
57108,0.8
57109,-4
57110,-0.8
57111,0
57112,0.8
57113,0
57114,0.8
57115,-0.8
57116,0.8
57117,0
57118,0
57119,-2.4
57120,-0.8
57121,-2.4
57122,0
57123,-0.8
57124,0
57125,0.8
57126,-0.8
57127,0
57128,0
57129,0
57130,0.8
57131,-0.8
57132,-0.8
57133,0
57134,2.4
57135,1.6
57136,0
57137,2.4
57138,-2.4
57139,-0.8
57140,0.8
57141,-3.2
57142,0
57143,0
57144,0.8
57145,0
57146,0.8
57147,2.4
57148,0.8
57149,0
57150,-0.8
57151,0
57152,0
57153,-0.8
57154,0
57155,0
57156,-2.4
57157,0
57158,0
57159,-3.2
57160,-0.8
57161,1.6
57162,0
57163,0
57164,-0.8
57165,-1.6
57166,0
57167,0
57168,-1.6
57169,-1.6
57170,0
57171,-1.6
57172,0
57173,-0.8
57174,0
57175,-0.8
57176,-3.2
57177,-1.6
57178,-3.2
57179,2.4
57180,-0.8
57181,0.8
57182,4
57183,0.8
57184,-0.8
57185,-3.2
57186,-0.8
57187,-0.8
57188,0.8
57189,0
57190,0.8
57191,2.4
57192,-1.6
57193,0.8
57194,2.4
57195,2.4
57196,0
57197,-0.8
57198,0.8
57199,-0.8
57200,0.8
57201,0.8
57202,0.8
57203,5.6
57204,2.4
57205,0.8
57206,0
57207,-1.6
57208,-3.2
57209,0.8
57210,0
57211,2.4
57212,0
57213,-1.6
57214,0
57215,-3.2
57216,0
57217,-0.8
57218,-0.8
57219,0
57220,0.8
57221,3.2
57222,1.6
57223,0.8
57224,-0.8
57225,-1.6
57226,-4
57227,0
57228,0
57229,-0.8
57230,2.4
57231,-0.8
57232,-2.4
57233,6.4
57234,0
57235,0
57236,0
57237,1.6
57238,-0.8
57239,-3.2
57240,-2.4
57241,0
57242,-0.8
57243,-1.6
57244,0.8
57245,-1.6
57246,1.6
57247,0
57248,0.8
57249,-3.2
57250,-0.8
57251,2.4
57252,0
57253,0
57254,0
57255,-0.8
57256,-2.4
57257,1.6
57258,0
57259,-3.2
57260,-1.6
57261,-3.2
57262,-0.8
57263,0.8
57264,-0.8
57265,-0.8
57266,-4
57267,-0.8
57268,-0.8
57269,0
57270,-0.8
57271,2.4
57272,0.8
57273,0.8
57274,0.8
57275,0
57276,3.2
57277,0
57278,-1.6
57279,-1.6
57280,0
57281,-2.4
57282,-1.6
57283,0
57284,2.4
57285,0
57286,-0.8
57287,-0.8
57288,-2.4
57289,2.4
57290,0
57291,4
57292,1.6
57293,0
57294,-0.8
57295,-0.8
57296,0.8
57297,0
57298,0
57299,-4
57300,4
57301,0
57302,2.4
57303,0
57304,0.8
57305,0.8
57306,0.8
57307,2.4
57308,7.2
57309,-0.8
57310,-2.4
57311,5.6
57312,-0.8
57313,0.8
57314,0
57315,2.4
57316,-0.8
57317,0.8
57318,-0.8
57319,0
57320,0
57321,-1.6
57322,0.8
57323,-1.6
57324,-0.8
57325,2.4
57326,-0.8
57327,-3.2
57328,0
57329,0
57330,-0.8
57331,2.4
57332,0.8
57333,-0.8
57334,0.8
57335,0.8
57336,0
57337,0
57338,-0.8
57339,2.4
57340,2.4
57341,2.4
57342,0.8
57343,-0.8
57344,-1.6
57345,0
57346,0.8
57347,-2.4
57348,2.4
57349,-0.8
57350,5.6
57351,0
57352,3.2
57353,-2.4
57354,0.8
57355,1.6
57356,0
57357,-0.8
57358,-2.4
57359,-4
57360,0
57361,0
57362,-1.6
57363,-1.6
57364,0.8
57365,0.8
57366,0.8
57367,0
57368,0
57369,-0.8
57370,0
57371,0
57372,-3.2
57373,0.8
57374,0
57375,-1.6
57376,-3.2
57377,-0.8
57378,-1.6
57379,-1.6
57380,0
57381,-3.2
57382,-0.8
57383,-3.2
57384,0.8
57385,2.4
57386,0
57387,0
57388,-1.6
57389,-0.8
57390,-0.8
57391,0
57392,0
57393,-4
57394,-1.6
57395,2.4
57396,0.8
57397,2.4
57398,0.8
57399,0
57400,0
57401,0
57402,0
57403,0
57404,-0.8
57405,-2.4
57406,-3.2
57407,0.8
57408,0
57409,2.4
57410,0.8
57411,0
57412,0.8
57413,0
57414,0.8
57415,-0.8
57416,-2.4
57417,-1.6
57418,0
57419,0.8
57420,0
57421,0.8
57422,-3.2
57423,-3.2
57424,0.8
57425,-0.8
57426,-0.8
57427,0
57428,-0.8
57429,5.6
57430,0.8
57431,-0.8
57432,-2.4
57433,0
57434,0.8
57435,4
57436,4
57437,0.8
57438,-1.6
57439,-1.6
57440,-3.2
57441,0.8
57442,0
57443,0
57444,0.8
57445,0.8
57446,2.4
57447,2.4
57448,2.4
57449,-1.6
57450,0.8
57451,1.6
57452,-0.8
57453,-4
57454,4
57455,-1.6
57456,2.4
57457,-1.6
57458,-0.8
57459,-2.4
57460,-2.4
57461,2.4
57462,-0.8
57463,-1.6
57464,-1.6
57465,-0.8
57466,-0.8
57467,-3.2
57468,-0.8
57469,-0.8
57470,2.4
57471,2.4
57472,-0.8
57473,-0.8
57474,0
57475,-0.8
57476,-1.6
57477,-0.8
57478,-4
57479,0
57480,0.8
57481,-1.6
57482,0.8
57483,0.8
57484,0.8
57485,-1.6
57486,-0.8
57487,-1.6
57488,0
57489,-0.8
57490,-0.8
57491,0.8
57492,1.6
57493,0
57494,0
57495,-0.8
57496,0
57497,-0.8
57498,0.8
57499,2.4
57500,0.8
57501,2.4
57502,-0.8
57503,-0.8
57504,-1.6
57505,2.4
57506,0.8
57507,0
57508,-0.8
57509,-4
57510,0
57511,0
57512,-1.6
57513,0
57514,0.8
57515,2.4
57516,-0.8
57517,0
57518,0
57519,0.8
57520,-0.8
57521,-1.6
57522,-3.2
57523,-3.2
57524,-0.8
57525,-2.4
57526,-0.8
57527,-0.8
57528,0.8
57529,0
57530,-0.8
57531,0.8
57532,-2.4
57533,0.8
57534,0
57535,0
57536,-1.6
57537,-1.6
57538,-0.8
57539,0
57540,3.2
57541,-3.2
57542,0
57543,-0.8
57544,1.6
57545,0.8
57546,2.4
57547,0
57548,0
57549,5.6
57550,0.8
57551,0
57552,-0.8
57553,-2.4
57554,0.8
57555,0
57556,0
57557,-0.8
57558,2.4
57559,-0.8
57560,-4.8
57561,0
57562,0
57563,7.2
57564,0
57565,0.8
57566,0
57567,-1.6
57568,2.4
57569,-0.8
57570,-0.8
57571,-1.6
57572,0.8
57573,-14.4
57574,-0.8
57575,0
57576,2.4
57577,0
57578,-1.6
57579,-0.8
57580,-0.8
57581,-1.6
57582,0
57583,2.4
57584,2.4
57585,0.8
57586,-0.8
57587,0
57588,0
57589,-0.8
57590,2.4
57591,-2.4
57592,-0.8
57593,-3.2
57594,0.8
57595,1.6
57596,0
57597,0.8
57598,1.6
57599,0.8
57600,-1.6
57601,0.8
57602,2.4
57603,0
57604,0.8
57605,0.8
57606,-1.6
57607,-0.8
57608,-0.8
57609,4
57610,-3.2
57611,0
57612,0.8
57613,0.8
57614,-0.8
57615,2.4
57616,2.4
57617,0
57618,2.4
57619,0
57620,-0.8
57621,-0.8
57622,0.8
57623,-0.8
57624,-3.2
57625,1.6
57626,0
57627,3.2
57628,0.8
57629,0
57630,0
57631,1.6
57632,7.2
57633,0
57634,0.8
57635,0
57636,-1.6
57637,-0.8
57638,-0.8
57639,-0.8
57640,0
57641,0.8
57642,0
57643,1.6
57644,2.4
57645,-3.2
57646,-3.2
57647,0.8
57648,-0.8
57649,1.6
57650,0
57651,0
57652,0
57653,2.4
57654,0.8
57655,-1.6
57656,0
57657,0
57658,-0.8
57659,-1.6
57660,-3.2
57661,2.4
57662,1.6
57663,0
57664,-0.8
57665,-3.2
57666,-4
57667,0.8
57668,0
57669,-5.6
57670,-1.6
57671,-1.6
57672,0
57673,0.8
57674,-0.8
57675,0
57676,-3.2
57677,-3.2
57678,0
57679,-8.8
57680,-3.2
57681,-0.8
57682,2.4
57683,0.8
57684,1.6
57685,-3.2
57686,0.8
57687,4
57688,-1.6
57689,1.6
57690,-1.6
57691,-2.4
57692,0
57693,0
57694,-1.6
57695,-2.4
57696,0
57697,0.8
57698,0.8
57699,-0.8
57700,-4
57701,0.8
57702,-0.8
57703,-1.6
57704,0
57705,0.8
57706,0
57707,2.4
57708,2.4
57709,0
57710,2.4
57711,-3.2
57712,4
57713,0
57714,0
57715,0
57716,0.8
57717,0
57718,-0.8
57719,0
57720,0
57721,1.6
57722,-1.6
57723,0
57724,0
57725,0
57726,-3.2
57727,0
57728,0
57729,-1.6
57730,-0.8
57731,0
57732,-1.6
57733,-4
57734,0.8
57735,0
57736,0
57737,0
57738,-0.8
57739,-1.6
57740,0
57741,0
57742,2.4
57743,-0.8
57744,0.8
57745,0
57746,0.8
57747,0
57748,0
57749,0.8
57750,-0.8
57751,2.4
57752,0
57753,0.8
57754,0
57755,2.4
57756,2.4
57757,0.8
57758,3.2
57759,-3.2
57760,0.8
57761,-0.8
57762,2.4
57763,0
57764,0.8
57765,-0.8
57766,5.6
57767,0
57768,-0.8
57769,-0.8
57770,0.8
57771,-0.8
57772,2.4
57773,0.8
57774,0.8
57775,-0.8
57776,0
57777,-1.6
57778,0.8
57779,-3.2
57780,5.6
57781,-0.8
57782,-11.2
57783,-3.2
57784,-1.6
57785,-3.2
57786,-0.8
57787,-0.8
57788,-0.8
57789,0
57790,2.4
57791,3.2
57792,0
57793,-3.2
57794,0.8
57795,-0.8
57796,-2.4
57797,-0.8
57798,0.8
57799,-2.4
57800,0
57801,-0.8
57802,-0.8
57803,-1.6
57804,1.6
57805,-0.8
57806,3.2
57807,1.6
57808,-3.2
57809,0
57810,0.8
57811,2.4
57812,0.8
57813,0
57814,-0.8
57815,0
57816,0
57817,0
57818,0.8
57819,-2.4
57820,0
57821,0
57822,-1.6
57823,0.8
57824,-2.4
57825,0.8
57826,-3.2
57827,-0.8
57828,-4
57829,-0.8
57830,1.6
57831,0
57832,-3.2
57833,-0.8
57834,0.8
57835,0.8
57836,-3.2
57837,0
57838,0.8
57839,0.8
57840,0.8
57841,0.8
57842,2.4
57843,-3.2
57844,0.8
57845,2.4
57846,0
57847,1.6
57848,0
57849,0
57850,0
57851,-0.8
57852,-0.8
57853,-1.6
57854,0.8
57855,0.8
57856,2.4
57857,-1.6
57858,0
57859,-4
57860,0
57861,-0.8
57862,0
57863,-3.2
57864,0
57865,-3.2
57866,0
57867,2.4
57868,-1.6
57869,-1.6
57870,0
57871,-0.8
57872,-0.8
57873,-0.8
57874,-0.8
57875,-2.4
57876,-4
57877,2.4
57878,-0.8
57879,0
57880,0
57881,-0.8
57882,-1.6
57883,0.8
57884,-1.6
57885,-0.8
57886,0.8
57887,0
57888,-0.8
57889,-0.8
57890,-0.8
57891,2.4
57892,-1.6
57893,-0.8
57894,0.8
57895,0.8
57896,0.8
57897,-0.8
57898,-0.8
57899,0
57900,0
57901,2.4
57902,-1.6
57903,0.8
57904,6.4
57905,0.8
57906,0
57907,-11.2
57908,0.8
57909,0
57910,1.6
57911,0.8
57912,-1.6
57913,0
57914,-1.6
57915,1.6
57916,-0.8
57917,-1.6
57918,0
57919,-0.8
57920,-3.2
57921,0.8
57922,-0.8
57923,0
57924,0.8
57925,0.8
57926,-4
57927,2.4
57928,2.4
57929,-1.6
57930,2.4
57931,1.6
57932,0
57933,-3.2
57934,-0.8
57935,0
57936,-2.4
57937,0
57938,0.8
57939,0.8
57940,-1.6
57941,0
57942,2.4
57943,0
57944,-0.8
57945,0
57946,-0.8
57947,-1.6
57948,2.4
57949,0
57950,-4
57951,1.6
57952,0.8
57953,2.4
57954,0.8
57955,-3.2
57956,-3.2
57957,0
57958,3.2
57959,0
57960,4
57961,0
57962,-4
57963,0
57964,0
57965,0.8
57966,0.8
57967,-2.4
57968,1.6
57969,-3.2
57970,0
57971,-0.8
57972,0
57973,0
57974,0.8
57975,0.8
57976,-3.2
57977,0
57978,-1.6
57979,-1.6
57980,0
57981,-3.2
57982,-3.2
57983,-0.8
57984,0
57985,0
57986,0
57987,-0.8
57988,0
57989,0.8
57990,2.4
57991,0
57992,0.8
57993,-4
57994,2.4
57995,0.8
57996,0.8
57997,2.4
57998,5.6
57999,2.4
58000,-1.6
58001,0
58002,0.8
58003,2.4
58004,-0.8
58005,-0.8
58006,2.4
58007,4
58008,0
58009,-3.2
58010,-3.2
58011,3.2
58012,-0.8
58013,-0.8
58014,0
58015,0
58016,0
58017,5.6
58018,-0.8
58019,-3.2
58020,0
58021,2.4
58022,-0.8
58023,-1.6
58024,-1.6
58025,-3.2
58026,-1.6
58027,0.8
58028,0
58029,0
58030,0.8
58031,0.8
58032,0
58033,0
58034,-4
58035,0
58036,0.8
58037,0
58038,2.4
58039,-3.2
58040,2.4
58041,-0.8
58042,-0.8
58043,1.6
58044,1.6
58045,-0.8
58046,0.8
58047,0.8
58048,0.8
58049,0
58050,-0.8
58051,2.4
58052,-0.8
58053,0.8
58054,0.8
58055,0.8
58056,0.8
58057,0
58058,0.8
58059,-2.4
58060,0
58061,0
58062,0
58063,0
58064,0
58065,-1.6
58066,-1.6
58067,-1.6
58068,0.8
58069,-0.8
58070,-0.8
58071,-1.6
58072,0.8
58073,-1.6
58074,0
58075,0.8
58076,-3.2
58077,-1.6
58078,-2.4
58079,0
58080,0
58081,-0.8
58082,-3.2
58083,0
58084,0
58085,0
58086,-1.6
58087,-0.8
58088,-2.4
58089,-0.8
58090,2.4
58091,0
58092,1.6
58093,-1.6
58094,0
58095,-0.8
58096,0
58097,2.4
58098,3.2
58099,0.8
58100,-0.8
58101,-0.8
58102,0
58103,0
58104,-1.6
58105,0
58106,0.8
58107,3.2
58108,-3.2
58109,-6.4
58110,0.8
58111,-0.8
58112,0.8
58113,0.8
58114,-1.6
58115,0.8
58116,0.8
58117,0
58118,0.8
58119,0
58120,2.4
58121,-3.2
58122,-1.6
58123,0.8
58124,-1.6
58125,-0.8
58126,-1.6
58127,0
58128,0
58129,0
58130,0.8
58131,-0.8
58132,-1.6
58133,-0.8
58134,-3.2
58135,0.8
58136,1.6
58137,-0.8
58138,-0.8
58139,0
58140,1.6
58141,0.8
58142,0.8
58143,-0.8
58144,-0.8
58145,-3.2
58146,-0.8
58147,-1.6
58148,-0.8
58149,0
58150,1.6
58151,0
58152,-3.2
58153,-3.2
58154,-1.6
58155,-1.6
58156,-7.2
58157,0
58158,-0.8
58159,-0.8
58160,-1.6
58161,-0.8
58162,0
58163,-3.2
58164,-0.8
58165,-1.6
58166,2.4
58167,0
58168,0.8
58169,0
58170,0
58171,0
58172,-0.8
58173,-0.8
58174,0.8
58175,-0.8
58176,-2.4
58177,-2.4
58178,0
58179,0
58180,-0.8
58181,0
58182,0
58183,0
58184,0
58185,-3.2
58186,2.4
58187,0
58188,-0.8
58189,0.8
58190,0.8
58191,-0.8
58192,-0.8
58193,0.8
58194,0
58195,0
58196,0.8
58197,0
58198,0.8
58199,0.8
58200,-3.2
58201,-1.6
58202,-0.8
58203,-0.8
58204,0
58205,2.4
58206,0.8
58207,-0.8
58208,-0.8
58209,-1.6
58210,-3.2
58211,-1.6
58212,-0.8
58213,0
58214,7.2
58215,2.4
58216,-2.4
58217,-1.6
58218,0.8
58219,-2.4
58220,0.8
58221,0
58222,-0.8
58223,-0.8
58224,-3.2
58225,2.4
58226,-0.8
58227,0.8
58228,0.8
58229,-1.6
58230,0
58231,0
58232,0
58233,-3.2
58234,-0.8
58235,-2.4
58236,0
58237,0.8
58238,2.4
58239,2.4
58240,3.2
58241,-0.8
58242,0
58243,0.8
58244,1.6
58245,-0.8
58246,-1.6
58247,0.8
58248,-0.8
58249,0
58250,0
58251,0
58252,2.4
58253,1.6
58254,-0.8
58255,-0.8
58256,-3.2
58257,0
58258,0.8
58259,-9.6
58260,101.599998
58261,18.4
58262,-69.599998
58263,-76.800003
58264,-35.200001
58265,-21.6
58266,-66.400002
58267,5.6
58268,-34.400002
58269,-30.4
58270,2.4
58271,20.799999
58272,19.200001
58273,53.599998
58274,24.799999
58275,15.2
58276,11.2
58277,7.2
58278,1.6
58279,11.2
58280,0.8
58281,2.4
58282,2.4
58283,1.6
58284,0
58285,8
58286,2.4
58287,2.4
58288,2.4
58289,2.4
58290,0
58291,4
58292,0.8
58293,0.8
58294,2.4
58295,2.4
58296,0.8
58297,1.6
58298,0
58299,-1.6
58300,0.8
58301,4
58302,2.4
58303,2.4
58304,1.6
58305,-1.6
58306,-0.8
58307,2.4
58308,2.4
58309,0
58310,-0.8
58311,-0.8
58312,2.4
58313,0
58314,0
58315,2.4
58316,0
58317,0
58318,-0.8
58319,0.8
58320,-0.8
58321,0
58322,0
58323,-0.8
58324,-0.8
58325,2.4
58326,-0.8
58327,2.4
58328,-0.8
58329,-1.6
58330,0
58331,0.8
58332,2.4
58333,2.4
58334,0.8
58335,1.6
58336,0
58337,0.8
58338,-1.6
58339,5.6
58340,2.4
58341,-0.8
58342,1.6
58343,1.6
58344,1.6
58345,0.8
58346,0
58347,0
58348,2.4
58349,0
58350,4
58351,1.6
58352,1.6
58353,-1.6
58354,-2.4
58355,-0.8
58356,4
58357,2.4
58358,0
58359,0.8
58360,0.8
58361,0.8
58362,0.8
58363,0.8
58364,0.8
58365,-0.8
58366,0.8
58367,0
58368,0.8
58369,0
58370,2.4
58371,1.6
58372,0
58373,-0.8
58374,0.8
58375,2.4
58376,-0.8
58377,-1.6
58378,-0.8
58379,-0.8
58380,0
58381,0
58382,0
58383,-1.6
58384,0.8
58385,2.4
58386,0.8
58387,0
58388,0
58389,-3.2
58390,-3.2
58391,1.6
58392,0
58393,-3.2
58394,-5.6
58395,0.8
58396,0.8
58397,2.4
58398,0
58399,-0.8
58400,-1.6
58401,-4
58402,-0.8
58403,-0.8
58404,-8.8
58405,-5.6
58406,-2.4
58407,2.4
58408,-1.6
58409,0.8
58410,-4.8
58411,-1.6
58412,0.8
58413,-0.8
58414,0
58415,1.6
58416,0
58417,0.8
58418,0.8
58419,-2.4
58420,0.8
58421,2.4
58422,1.6
58423,-0.8
58424,-3.2
58425,-4
58426,0.8
58427,-1.6
58428,-0.8
58429,0
58430,-7.2
58431,-3.2
58432,-0.8
58433,-3.2
58434,2.4
58435,1.6
58436,5.6
58437,0
58438,-1.6
58439,-3.2
58440,2.4
58441,0
58442,4
58443,-1.6
58444,2.4
58445,0.8
58446,2.4
58447,3.2
58448,0.8
58449,2.4
58450,-0.8
58451,2.4
58452,0
58453,-1.6
58454,0.8
58455,1.6
58456,4
58457,4
58458,-3.2
58459,2.4
58460,1.6
58461,2.4
58462,-0.8
58463,-1.6
58464,0
58465,-0.8
58466,4
58467,0
58468,-3.2
58469,0
58470,0
58471,0
58472,0
58473,0
58474,0.8
58475,-0.8
58476,-1.6
58477,-3.2
58478,-4
58479,1.6
58480,-1.6
58481,-5.6
58482,-0.8
58483,0
58484,-3.2
58485,0.8
58486,1.6
58487,-0.8
58488,-0.8
58489,-0.8
58490,0.8
58491,0.8
58492,2.4
58493,-1.6
58494,-0.8
58495,3.2
58496,2.4
58497,-3.2
58498,2.4
58499,0.8
58500,-3.2
58501,3.2
58502,-0.8
58503,-0.8
58504,0
58505,2.4
58506,-4
58507,0.8
58508,2.4
58509,-5.6
58510,-1.6
58511,-4
58512,2.4
58513,-0.8
58514,0
58515,-1.6
58516,0.8
58517,0.8
58518,-3.2
58519,-3.2
58520,0.8
58521,-1.6
58522,-1.6
58523,0.8
58524,0.8
58525,1.6
58526,0.8
58527,-1.6
58528,-2.4
58529,-0.8
58530,-0.8
58531,-3.2
58532,-0.8
58533,-0.8
58534,0
58535,-3.2
58536,0
58537,-0.8
58538,-0.8
58539,0
58540,-3.2
58541,-3.2
58542,0
58543,-0.8
58544,0.8
58545,2.4
58546,-0.8
58547,-2.4
58548,-1.6
58549,0
58550,-0.8
58551,3.2
58552,1.6
58553,-0.8
58554,-0.8
58555,0.8
58556,0
58557,2.4
58558,0.8
58559,-0.8
58560,-3.2
58561,0.8
58562,0.8
58563,0
58564,1.6
58565,0
58566,0
58567,-1.6
58568,0.8
58569,-4
58570,-0.8
58571,-1.6
58572,-3.2
58573,0
58574,-1.6
58575,2.4
58576,-3.2
58577,-1.6
58578,-0.8
58579,-0.8
58580,1.6
58581,3.2
58582,0.8
58583,-3.2
58584,-1.6
58585,4
58586,-0.8
58587,0
58588,-3.2
58589,-0.8
58590,0
58591,0.8
58592,-0.8
58593,-3.2
58594,1.6
58595,1.6
58596,0
58597,2.4
58598,0.8
58599,-1.6
58600,-0.8
58601,-0.8
58602,0
58603,0
58604,-1.6
58605,2.4
58606,3.2
58607,5.6
58608,2.4
58609,0.8
58610,-1.6
58611,-3.2
58612,0
58613,0
58614,2.4
58615,0
58616,-0.8
58617,2.4
58618,0
58619,-0.8
58620,0.8
58621,0
58622,-0.8
58623,-0.8
58624,0
58625,-1.6
58626,0.8
58627,0.8
58628,0
58629,3.2
58630,0.8
58631,-0.8
58632,-11.2
58633,5.6
58634,13.6
58635,0.8
58636,-8.8
58637,-11.2
58638,-8.8
58639,-1.6
58640,-4
58641,-3.2
58642,-4
58643,-3.2
58644,0
58645,2.4
58646,1.6
58647,-5.6
58648,-5.6
58649,-3.2
58650,-8.8
58651,-4
58652,-4
58653,-3.2
58654,-3.2
58655,4
58656,0.8
58657,-3.2
58658,-1.6
58659,2.4
58660,-8.8
58661,-1.6
58662,1.6
58663,-3.2
58664,-0.8
58665,0.8
58666,0
58667,4
58668,2.4
58669,-1.6
58670,5.6
58671,0.8
58672,1.6
58673,2.4
58674,2.4
58675,0.8
58676,0
58677,0
58678,0.8
58679,-0.8
58680,0.8
58681,0
58682,2.4
58683,0
58684,-0.8
58685,0.8
58686,0
58687,0.8
58688,-1.6
58689,0
58690,2.4
58691,2.4
58692,0
58693,-0.8
58694,2.4
58695,-2.4
58696,-0.8
58697,-3.2
58698,0
58699,0.8
58700,-0.8
58701,0
58702,0
58703,0
58704,0
58705,-3.2
58706,-0.8
58707,-3.2
58708,2.4
58709,2.4
58710,-1.6
58711,0
58712,0
58713,-0.8
58714,2.4
58715,-1.6
58716,-4.8
58717,0.8
58718,0.8
58719,-0.8
58720,-3.2
58721,0.8
58722,0.8
58723,0
58724,0
58725,0.8
58726,-2.4
58727,-2.4
58728,0.8
58729,0.8
58730,0
58731,4
58732,0
58733,-0.8
58734,-3.2
58735,1.6
58736,-1.6
58737,-0.8
58738,0
58739,2.4
58740,0.8
58741,0
58742,0
58743,-3.2
58744,1.6
58745,0.8
58746,0
58747,0.8
58748,0.8
58749,1.6
58750,0
58751,-0.8
58752,4
58753,0
58754,0.8
58755,0.8
58756,4
58757,0.8
58758,-0.8
58759,2.4
58760,-0.8
58761,0
58762,-4
58763,0.8
58764,0.8
58765,0
58766,-0.8
58767,0
58768,0.8
58769,0.8
58770,0
58771,-4.8
58772,0
58773,0
58774,0
58775,2.4
58776,-0.8
58777,-3.2
58778,-2.4
58779,0
58780,0.8
58781,0
58782,2.4
58783,0.8
58784,0
58785,2.4
58786,-2.4
58787,-1.6
58788,0.8
58789,0
58790,0.8
58791,-0.8
58792,2.4
58793,-3.2
58794,0
58795,2.4
58796,-4
58797,-4
58798,1.6
58799,4
58800,0.8
58801,2.4
58802,0.8
58803,-1.6
58804,0.8
58805,1.6
58806,2.4
58807,4
58808,-2.4
58809,-3.2
58810,-2.4
58811,0
58812,-0.8
58813,0
58814,-1.6
58815,-0.8
58816,0
58817,0.8
58818,2.4
58819,0.8
58820,0.8
58821,0.8
58822,0
58823,0
58824,0
58825,0.8
58826,-0.8
58827,-4
58828,0.8
58829,0.8
58830,0
58831,0.8
58832,2.4
58833,-2.4
58834,-0.8
58835,0.8
58836,-0.8
58837,-2.4
58838,0.8
58839,1.6
58840,-0.8
58841,0
58842,2.4
58843,-3.2
58844,-0.8
58845,0
58846,0
58847,-0.8
58848,-3.2
58849,0
58850,0
58851,3.2
58852,0
58853,0
58854,-1.6
58855,0.8
58856,0
58857,8
58858,-3.2
58859,-1.6
58860,-0.8
58861,-0.8
58862,0.8
58863,-3.2
58864,-0.8
58865,-3.2
58866,0
58867,-2.4
58868,0.8
58869,-0.8
58870,0
58871,-0.8
58872,2.4
58873,0.8
58874,-2.4
58875,2.4
58876,2.4
58877,0
58878,0.8
58879,-0.8
58880,-2.4
58881,-2.4
58882,-5.6
58883,0.8
58884,-3.2
58885,0
58886,-1.6
58887,0
58888,0
58889,0.8
58890,4
58891,-3.2
58892,0
58893,0
58894,2.4
58895,0
58896,0.8
58897,-0.8
58898,-1.6
58899,2.4
58900,-2.4
58901,1.6
58902,1.6
58903,-1.6
58904,0
58905,-1.6
58906,0
58907,2.4
58908,-1.6
58909,0
58910,4
58911,0
58912,1.6
58913,-0.8
58914,1.6
58915,0.8
58916,0
58917,-5.6
58918,0.8
58919,-3.2
58920,-2.4
58921,1.6
58922,-2.4
58923,-0.8
58924,-0.8
58925,-8.8
58926,-3.2
58927,2.4
58928,-2.4
58929,-0.8
58930,-1.6
58931,0
58932,-1.6
58933,-1.6
58934,-1.6
58935,3.2
58936,0
58937,1.6
58938,-1.6
58939,1.6
58940,-0.8
58941,0
58942,2.4
58943,-3.2
58944,0
58945,0
58946,0
58947,-1.6
58948,0.8
58949,2.4
58950,2.4
58951,1.6
58952,0
58953,2.4
58954,0
58955,2.4
58956,-0.8
58957,-9.6
58958,0
58959,2.4
58960,2.4
58961,-0.8
58962,1.6
58963,6.4
58964,0
58965,0
58966,0.8
58967,4
58968,1.6
58969,0
58970,2.4
58971,-3.2
58972,0.8
58973,-1.6
58974,0.8
58975,-0.8
58976,-2.4
58977,0
58978,0.8
58979,0.8
58980,0
58981,0
58982,-0.8
58983,-0.8
58984,-3.2
58985,5.6
58986,0
58987,-1.6
58988,2.4
58989,0.8
58990,0
58991,-0.8
58992,1.6
58993,5.6
58994,0.8
58995,2.4
58996,2.4
58997,0.8
58998,0.8
58999,0
59000,-1.6
59001,1.6
59002,2.4
59003,0
59004,0
59005,0
59006,-3.2
59007,-2.4
59008,0.8
59009,4
59010,0
59011,-3.2
59012,0.8
59013,0
59014,0
59015,0.8
59016,-1.6
59017,-3.2
59018,2.4
59019,-4
59020,2.4
59021,-1.6
59022,-3.2
59023,0
59024,-2.4
59025,-3.2
59026,-1.6
59027,0.8
59028,0
59029,2.4
59030,0.8
59031,-0.8
59032,-2.4
59033,0
59034,0.8
59035,0.8
59036,-1.6
59037,-0.8
59038,0.8
59039,-2.4
59040,0.8
59041,-0.8
59042,0
59043,0.8
59044,1.6
59045,0.8
59046,0
59047,0.8
59048,0
59049,0.8
59050,0.8
59051,-2.4
59052,-3.2
59053,-1.6
59054,0
59055,-4
59056,-3.2
59057,2.4
59058,0.8
59059,4
59060,-1.6
59061,0
59062,5.6
59063,-0.8
59064,-1.6
59065,1.6
59066,-1.6
59067,-0.8
59068,2.4
59069,0
59070,-0.8
59071,-0.8
59072,-4
59073,-1.6
59074,-1.6
59075,-0.8
59076,-3.2
59077,-3.2
59078,-0.8
59079,0
59080,0.8
59081,-7.2
59082,0.8
59083,0.8
59084,2.4
59085,2.4
59086,-0.8
59087,-3.2
59088,-3.2
59089,-0.8
59090,2.4
59091,0.8
59092,-3.2
59093,0.8
59094,1.6
59095,1.6
59096,0
59097,2.4
59098,0.8
59099,0
59100,-4
59101,4
59102,-1.6
59103,0.8
59104,1.6
59105,-4
59106,-2.4
59107,2.4
59108,2.4
59109,0.8
59110,0
59111,2.4
59112,-1.6
59113,-0.8
59114,2.4
59115,0
59116,-4
59117,-1.6
59118,1.6
59119,-1.6
59120,0.8
59121,0
59122,-4.8
59123,-2.4
59124,0
59125,2.4
59126,-1.6
59127,0
59128,-0.8
59129,-0.8
59130,-1.6
59131,0.8
59132,-4
59133,0.8
59134,-0.8
59135,2.4
59136,-3.2
59137,-1.6
59138,-0.8
59139,0.8
59140,-4
59141,2.4
59142,-0.8
59143,0
59144,-2.4
59145,0
59146,0
59147,0
59148,0
59149,0.8
59150,-0.8
59151,1.6
59152,0
59153,-3.2
59154,0
59155,2.4
59156,0.8
59157,1.6
59158,0
59159,1.6
59160,-2.4
59161,-0.8
59162,0.8
59163,-0.8
59164,0
59165,0
59166,-3.2
59167,-1.6
59168,-2.4
59169,-4
59170,-1.6
59171,-2.4
59172,0.8
59173,0.8
59174,-0.8
59175,0
59176,0
59177,0.8
59178,-1.6
59179,-0.8
59180,-0.8
59181,1.6
59182,-5.6
59183,-0.8
59184,3.2
59185,0.8
59186,-0.8
59187,1.6
59188,2.4
59189,0.8
59190,2.4
59191,-5.6
59192,-3.2
59193,0
59194,0.8
59195,0.8
59196,-1.6
59197,0
59198,0
59199,-5.6
59200,2.4
59201,-0.8
59202,0
59203,-4.8
59204,0
59205,2.4
59206,0.8
59207,1.6
59208,-0.8
59209,-0.8
59210,-3.2
59211,0.8
59212,-0.8
59213,-0.8
59214,0
59215,0
59216,-1.6
59217,-3.2
59218,0
59219,0
59220,1.6
59221,2.4
59222,2.4
59223,0
59224,2.4
59225,-3.2
59226,0.8
59227,0.8
59228,0
59229,0.8
59230,0
59231,0
59232,0
59233,-3.2
59234,0.8
59235,-1.6
59236,-1.6
59237,0.8
59238,-3.2
59239,-1.6
59240,-0.8
59241,0
59242,2.4
59243,0.8
59244,-3.2
59245,-0.8
59246,0
59247,2.4
59248,0.8
59249,0.8
59250,-3.2
59251,-0.8
59252,0
59253,0
59254,0
59255,-0.8
59256,0.8
59257,-0.8
59258,1.6
59259,-1.6
59260,0.8
59261,0
59262,-8.8
59263,-1.6
59264,0.8
59265,0
59266,0.8
59267,0.8
59268,0.8
59269,0.8
59270,-1.6
59271,-0.8
59272,0.8
59273,-3.2
59274,0.8
59275,0
59276,-3.2
59277,1.6
59278,-3.2
59279,-0.8
59280,0
59281,-3.2
59282,-2.4
59283,-0.8
59284,2.4
59285,-9.6
59286,0
59287,-0.8
59288,0
59289,2.4
59290,2.4
59291,-1.6
59292,2.4
59293,-0.8
59294,0
59295,-0.8
59296,-2.4
59297,0
59298,0.8
59299,0.8
59300,2.4
59301,-0.8
59302,-3.2
59303,-1.6
59304,0.8
59305,-0.8
59306,2.4
59307,3.2
59308,0
59309,-1.6
59310,3.2
59311,2.4
59312,0.8
59313,0
59314,1.6
59315,-1.6
59316,1.6
59317,0
59318,-0.8
59319,0
59320,2.4
59321,1.6
59322,0
59323,0
59324,-0.8
59325,-1.6
59326,-1.6
59327,-0.8
59328,-1.6
59329,0.8
59330,-0.8
59331,0.8
59332,-2.4
59333,0.8
59334,-1.6
59335,2.4
59336,0.8
59337,0.8
59338,2.4
59339,2.4
59340,-2.4
59341,-2.4
59342,2.4
59343,-0.8
59344,3.2
59345,2.4
59346,0
59347,0.8
59348,0.8
59349,0.8
59350,-1.6
59351,0.8
59352,0
59353,-0.8
59354,0
59355,0.8
59356,1.6
59357,2.4
59358,-3.2
59359,-0.8
59360,0.8
59361,0.8
59362,0.8
59363,-0.8
59364,-3.2
59365,-0.8
59366,0
59367,-0.8
59368,0
59369,1.6
59370,2.4
59371,0
59372,0.8
59373,3.2
59374,0.8
59375,-4
59376,0
59377,-1.6
59378,0
59379,0.8
59380,-1.6
59381,0
59382,2.4
59383,0.8
59384,0
59385,-3.2
59386,-3.2
59387,-0.8
59388,2.4
59389,0.8
59390,-1.6
59391,0
59392,-3.2
59393,0
59394,2.4
59395,-0.8
59396,0
59397,0.8
59398,-0.8
59399,-0.8
59400,-0.8
59401,3.2
59402,0
59403,0.8
59404,0
59405,-0.8
59406,-3.2
59407,0.8
59408,2.4
59409,-2.4
59410,-0.8
59411,4
59412,1.6
59413,6.4
59414,0
59415,2.4
59416,5.6
59417,-3.2
59418,-1.6
59419,2.4
59420,-1.6
59421,0
59422,-1.6
59423,-1.6
59424,1.6
59425,0
59426,0
59427,-0.8
59428,0
59429,0.8
59430,-0.8
59431,2.4
59432,-0.8
59433,0
59434,-0.8
59435,-3.2
59436,-7.2
59437,-0.8
59438,1.6
59439,0
59440,4
59441,0.8
59442,-5.6
59443,0
59444,-1.6
59445,3.2
59446,0.8
59447,0.8
59448,-1.6
59449,-0.8
59450,2.4
59451,-0.8
59452,1.6
59453,0.8
59454,-1.6
59455,0
59456,0.8
59457,0
59458,2.4
59459,-0.8
59460,-1.6
59461,-0.8
59462,0.8
59463,-0.8
59464,0.8
59465,0
59466,-1.6
59467,-2.4
59468,-1.6
59469,2.4
59470,-3.2
59471,-1.6
59472,-3.2
59473,0
59474,-0.8
59475,-3.2
59476,1.6
59477,0
59478,1.6
59479,0.8
59480,0
59481,1.6
59482,0
59483,2.4
59484,-0.8
59485,-2.4
59486,-2.4
59487,0.8
59488,2.4
59489,-0.8
59490,-1.6
59491,0.8
59492,0
59493,-3.2
59494,-0.8
59495,0.8
59496,-1.6
59497,-0.8
59498,-1.6
59499,0.8
59500,-1.6
59501,0.8
59502,-0.8
59503,-3.2
59504,-0.8
59505,0.8
59506,0.8
59507,4
59508,1.6
59509,0.8
59510,0
59511,0.8
59512,-0.8
59513,-1.6
59514,2.4
59515,-3.2
59516,0
59517,1.6
59518,2.4
59519,2.4
59520,-1.6
59521,-0.8
59522,0.8
59523,-0.8
59524,0.8
59525,-3.2
59526,-1.6
59527,-3.2
59528,-0.8
59529,0
59530,-0.8
59531,0
59532,-1.6
59533,0
59534,-0.8
59535,-4.8
59536,-1.6
59537,-1.6
59538,-3.2
59539,0.8
59540,-0.8
59541,3.2
59542,0
59543,0.8
59544,-0.8
59545,0.8
59546,2.4
59547,0.8
59548,-0.8
59549,-0.8
59550,0.8
59551,-3.2
59552,2.4
59553,0
59554,1.6
59555,-0.8
59556,0.8
59557,0
59558,1.6
59559,2.4
59560,0
59561,0.8
59562,0.8
59563,-1.6
59564,-0.8
59565,1.6
59566,-2.4
59567,0.8
59568,-1.6
59569,0
59570,-1.6
59571,-0.8
59572,-3.2
59573,0
59574,1.6
59575,-3.2
59576,-5.6
59577,-0.8
59578,0
59579,-1.6
59580,-1.6
59581,-0.8
59582,-9.6
59583,0.8
59584,0.8
59585,0.8
59586,-0.8
59587,0
59588,0
59589,0
59590,0.8
59591,2.4
59592,0
59593,-0.8
59594,-2.4
59595,-2.4
59596,0.8
59597,0.8
59598,2.4
59599,0.8
59600,0
59601,0.8
59602,1.6
59603,1.6
59604,0
59605,0.8
59606,-3.2
59607,2.4
59608,-0.8
59609,2.4
59610,-1.6
59611,-0.8
59612,-1.6
59613,0
59614,5.6
59615,1.6
59616,-3.2
59617,-3.2
59618,0
59619,0
59620,-3.2
59621,-1.6
59622,-2.4
59623,0
59624,0.8
59625,0.8
59626,-0.8
59627,-4.8
59628,-0.8
59629,0
59630,0
59631,-0.8
59632,-1.6
59633,-3.2
59634,0.8
59635,0.8
59636,-3.2
59637,-0.8
59638,0
59639,0
59640,0.8
59641,0
59642,0.8
59643,0.8
59644,-1.6
59645,0
59646,0
59647,2.4
59648,0
59649,2.4
59650,2.4
59651,-0.8
59652,0.8
59653,0
59654,0.8
59655,0
59656,-4.8
59657,2.4
59658,-10.4
59659,2.4
59660,-0.8
59661,2.4
59662,0
59663,2.4
59664,0
59665,-3.2
59666,-1.6
59667,0.8
59668,0.8
59669,2.4
59670,-3.2
59671,0.8
59672,0.8
59673,0
59674,-1.6
59675,-0.8
59676,0
59677,-0.8
59678,-0.8
59679,-0.8
59680,-1.6
59681,-1.6
59682,0
59683,0.8
59684,0.8
59685,0
59686,1.6
59687,0
59688,-0.8
59689,-0.8
59690,0.8
59691,-0.8
59692,-1.6
59693,4
59694,0
59695,2.4
59696,0
59697,2.4
59698,0
59699,0.8
59700,0
59701,0.8
59702,2.4
59703,0.8
59704,-0.8
59705,-1.6
59706,0
59707,2.4
59708,2.4
59709,0.8
59710,-0.8
59711,0.8
59712,1.6
59713,-4
59714,0
59715,1.6
59716,-1.6
59717,-0.8
59718,-1.6
59719,0
59720,-5.6
59721,-1.6
59722,-0.8
59723,-1.6
59724,0.8
59725,0
59726,-0.8
59727,-4
59728,0
59729,0.8
59730,-1.6
59731,2.4
59732,2.4
59733,3.2
59734,-4
59735,-0.8
59736,-2.4
59737,-0.8
59738,-0.8
59739,-0.8
59740,0
59741,-1.6
59742,0.8
59743,0.8
59744,-3.2
59745,-1.6
59746,-0.8
59747,-2.4
59748,-3.2
59749,-1.6
59750,0.8
59751,-0.8
59752,0.8
59753,0.8
59754,0
59755,0
59756,2.4
59757,-0.8
59758,-2.4
59759,2.4
59760,-0.8
59761,-0.8
59762,0
59763,5.6
59764,0.8
59765,-2.4
59766,2.4
59767,-4
59768,-1.6
59769,-2.4
59770,-1.6
59771,0
59772,-0.8
59773,0
59774,1.6
59775,-0.8
59776,0
59777,-3.2
59778,-0.8
59779,-3.2
59780,0
59781,2.4
59782,0
59783,-0.8
59784,0
59785,0.8
59786,0.8
59787,0.8
59788,-0.8
59789,0
59790,0.8
59791,-0.8
59792,2.4
59793,-0.8
59794,-1.6
59795,0
59796,-0.8
59797,2.4
59798,0.8
59799,0.8
59800,-3.2
59801,2.4
59802,5.6
59803,0.8
59804,0.8
59805,0
59806,0
59807,0
59808,0
59809,4
59810,-0.8
59811,-0.8
59812,1.6
59813,0
59814,0
59815,-5.6
59816,-3.2
59817,2.4
59818,0
59819,2.4
59820,-1.6
59821,1.6
59822,0
59823,0.8
59824,0.8
59825,0
59826,5.6
59827,-1.6
59828,0
59829,-0.8
59830,-0.8
59831,-0.8
59832,0
59833,2.4
59834,2.4
59835,0
59836,0
59837,-0.8
59838,-0.8
59839,-1.6
59840,0.8
59841,2.4
59842,0.8
59843,0.8
59844,-0.8
59845,-0.8
59846,2.4
59847,-1.6
59848,-2.4
59849,2.4
59850,-0.8
59851,2.4
59852,2.4
59853,-0.8
59854,-0.8
59855,0
59856,0.8
59857,-3.2
59858,2.4
59859,2.4
59860,-3.2
59861,-0.8
59862,2.4
59863,0
59864,0.8
59865,-4
59866,0
59867,-1.6
59868,0
59869,2.4
59870,0.8
59871,-1.6
59872,-0.8
59873,0
59874,1.6
59875,-1.6
59876,0.8
59877,-1.6
59878,-3.2
59879,0
59880,-0.8
59881,-0.8
59882,-5.6
59883,-1.6
59884,-0.8
59885,2.4
59886,-1.6
59887,-1.6
59888,0
59889,4
59890,0
59891,0
59892,-0.8
59893,-0.8
59894,1.6
59895,1.6
59896,0.8
59897,-1.6
59898,-1.6
59899,-0.8
59900,0.8
59901,1.6
59902,-0.8
59903,0
59904,0.8
59905,0.8
59906,2.4
59907,0
59908,-3.2
59909,2.4
59910,0
59911,0
59912,0.8
59913,-0.8
59914,2.4
59915,0
59916,-3.2
59917,0.8
59918,-3.2
59919,4
59920,-0.8
59921,0
59922,0.8
59923,0
59924,0
59925,2.4
59926,0
59927,-0.8
59928,-1.6
59929,-1.6
59930,-0.8
59931,-3.2
59932,0
59933,-4
59934,0
59935,2.4
59936,-1.6
59937,-1.6
59938,0
59939,-0.8
59940,-0.8
59941,0
59942,0.8
59943,2.4
59944,-0.8
59945,2.4
59946,2.4
59947,1.6
59948,0.8
59949,-1.6
59950,0
59951,1.6
59952,-0.8
59953,0
59954,2.4
59955,-0.8
59956,-3.2
59957,0
59958,-1.6
59959,1.6
59960,0.8
59961,2.4
59962,-3.2
59963,-1.6
59964,-0.8
59965,0.8
59966,0
59967,0.8
59968,0.8
59969,0
59970,0
59971,2.4
59972,-1.6
59973,-3.2
59974,-3.2
59975,-0.8
59976,0
59977,0.8
59978,0
59979,0
59980,-3.2
59981,-1.6
59982,-0.8
59983,0
59984,0.8
59985,0.8
59986,3.2
59987,-1.6
59988,0
59989,0
59990,0
59991,0
59992,2.4
59993,0
59994,0
59995,0.8
59996,0
59997,-1.6
59998,0
59999,-2.4
60000,0.8
60001,-2.4
60002,0.8
60003,-2.4
60004,0
60005,1.6
60006,3.2
60007,2.4
60008,-0.8
60009,0.8
60010,-1.6
60011,-4.8
60012,-3.2
60013,1.6
60014,2.4
60015,0.8
60016,0
60017,-0.8
60018,-1.6
60019,2.4
60020,-1.6
60021,-4
60022,-2.4
60023,0.8
60024,-0.8
60025,-3.2
60026,0
60027,-4
60028,-2.4
60029,-3.2
60030,0
60031,0
60032,0
60033,2.4
60034,-0.8
60035,2.4
60036,0
60037,0
60038,-0.8
60039,0
60040,-3.2
60041,0
60042,0.8
60043,-0.8
60044,2.4
60045,0
60046,-0.8
60047,-0.8
60048,1.6
60049,0
60050,0
60051,0.8
60052,2.4
60053,-0.8
60054,0
60055,0.8
60056,-1.6
60057,-3.2
60058,-1.6
60059,-0.8
60060,-5.6
60061,1.6
60062,2.4
60063,0
60064,0
60065,-1.6
60066,-0.8
60067,1.6
60068,-3.2
60069,2.4
60070,-2.4
60071,-0.8
60072,-3.2
60073,-4
60074,0
60075,-0.8
60076,-0.8
60077,-1.6
60078,0
60079,0
60080,-0.8
60081,0
60082,-1.6
60083,-2.4
60084,-6.4
60085,-1.6
60086,-3.2
60087,0
60088,0
60089,-0.8
60090,-0.8
60091,3.2
60092,1.6
60093,-1.6
60094,0
60095,0.8
60096,2.4
60097,2.4
60098,1.6
60099,1.6
60100,0
60101,0.8
60102,2.4
60103,-4.8
60104,0.8
60105,-3.2
60106,-3.2
60107,-1.6
60108,-1.6
60109,-0.8
60110,-1.6
60111,4
60112,0.8
60113,0
60114,0
60115,0
60116,0.8
60117,0.8
60118,0
60119,2.4
60120,-0.8
60121,1.6
60122,-4
60123,0
60124,0
60125,1.6
60126,2.4
60127,-3.2
60128,2.4
60129,0.8
60130,0.8
60131,0
60132,-3.2
60133,0.8
60134,-0.8
60135,0.8
60136,0
60137,-0.8
60138,-0.8
60139,0
60140,3.2
60141,-1.6
60142,-0.8
60143,0.8
60144,-2.4
60145,2.4
60146,0.8
60147,5.6
60148,-0.8
60149,-2.4
60150,0
60151,0.8
60152,2.4
60153,0
60154,0
60155,2.4
60156,2.4
60157,0
60158,2.4
60159,2.4
60160,-0.8
60161,0.8
60162,0
60163,0
60164,-0.8
60165,-0.8
60166,-1.6
60167,0.8
60168,-3.2
60169,-1.6
60170,-2.4
60171,-2.4
60172,-1.6
60173,-3.2
60174,2.4
60175,0.8
60176,0.8
60177,-4
60178,-1.6
60179,-8
60180,-0.8
60181,-0.8
60182,-1.6
60183,1.6
60184,1.6
60185,0.8
60186,0.8
60187,0.8
60188,0
60189,0.8
60190,-0.8
60191,0.8
60192,0
60193,-1.6
60194,-1.6
60195,-0.8
60196,0.8
60197,0.8
60198,-1.6
60199,-0.8
60200,2.4
60201,0.8
60202,0.8
60203,2.4
60204,0
60205,0.8
60206,-0.8
60207,-1.6
60208,0.8
60209,1.6
60210,2.4
60211,-3.2
60212,-1.6
60213,0
60214,-1.6
60215,-0.8
60216,2.4
60217,2.4
60218,-0.8
60219,-0.8
60220,-1.6
60221,-1.6
60222,0.8
60223,-1.6
60224,0.8
60225,0.8
60226,-1.6
60227,-1.6
60228,-0.8
60229,-1.6
60230,-1.6
60231,0
60232,-0.8
60233,0.8
60234,-1.6
60235,-0.8
60236,3.2
60237,0.8
60238,0
60239,-0.8
60240,1.6
60241,0.8
60242,0.8
60243,-1.6
60244,-2.4
60245,0
60246,0.8
60247,2.4
60248,-3.2
60249,-3.2
60250,-3.2
60251,-0.8
60252,0.8
60253,0
60254,-2.4
60255,2.4
60256,0.8
60257,0.8
60258,-3.2
60259,0
60260,-0.8
60261,0.8
60262,-1.6
60263,0.8
60264,0
60265,-0.8
60266,-1.6
60267,-3.2
60268,0
60269,1.6
60270,0
60271,0
60272,0
60273,0.8
60274,0
60275,-0.8
60276,4
60277,0.8
60278,0.8
60279,-0.8
60280,-0.8
60281,-0.8
60282,-0.8
60283,2.4
60284,2.4
60285,-4
60286,1.6
60287,-0.8
60288,-0.8
60289,0.8
60290,0
60291,-4.8
60292,0.8
60293,0.8
60294,0
60295,0.8
60296,0.8
60297,0
60298,0.8
60299,-1.6
60300,-0.8
60301,-0.8
60302,0.8
60303,-0.8
60304,-0.8
60305,-3.2
60306,0
60307,0.8
60308,-0.8
60309,3.2
60310,4
60311,0
60312,0
60313,0.8
60314,-0.8
60315,-0.8
60316,-0.8
60317,-6.4
60318,-1.6
60319,0
60320,-1.6
60321,-0.8
60322,0.8
60323,0
60324,0.8
60325,-0.8
60326,-0.8
60327,-3.2
60328,2.4
60329,0
60330,-0.8
60331,-0.8
60332,-0.8
60333,-0.8
60334,2.4
60335,-1.6
60336,0
60337,2.4
60338,0
60339,1.6
60340,0.8
60341,-1.6
60342,0
60343,-0.8
60344,-0.8
60345,4
60346,0
60347,-1.6
60348,-0.8
60349,0
60350,0
60351,0.8
60352,1.6
60353,-1.6
60354,0
60355,0
60356,-3.2
60357,2.4
60358,2.4
60359,4
60360,-4
60361,0
60362,0
60363,0.8
60364,-1.6
60365,0.8
60366,0.8
60367,0
60368,-0.8
60369,4
60370,-0.8
60371,-0.8
60372,-3.2
60373,-0.8
60374,0.8
60375,-0.8
60376,-0.8
60377,0.8
60378,-0.8
60379,-0.8
60380,-1.6
60381,-0.8
60382,2.4
60383,0.8
60384,-1.6
60385,-7.2
60386,0.8
60387,0.8
60388,0
60389,-0.8
60390,-0.8
60391,2.4
60392,2.4
60393,-1.6
60394,2.4
60395,2.4
60396,0
60397,2.4
60398,0.8
60399,0
60400,-4
60401,2.4
60402,-0.8
60403,1.6
60404,2.4
60405,-0.8
60406,-5.6
60407,-3.2
60408,2.4
60409,4
60410,-4
60411,-3.2
60412,0
60413,0
60414,-4.8
60415,-1.6
60416,1.6
60417,-0.8
60418,0
60419,0.8
60420,-0.8
60421,0
60422,0
60423,0
60424,1.6
60425,-3.2
60426,0
60427,-1.6
60428,0
60429,0
60430,0
60431,0
60432,0.8
60433,5.6
60434,1.6
60435,0
60436,0.8
60437,0
60438,0
60439,0.8
60440,0
60441,0.8
60442,0
60443,-0.8
60444,0.8
60445,2.4
60446,2.4
60447,2.4
60448,4
60449,0
60450,0
60451,-3.2
60452,0
60453,0
60454,0.8
60455,0.8
60456,-1.6
60457,1.6
60458,-2.4
60459,-0.8
60460,3.2
60461,0
60462,-3.2
60463,0
60464,1.6
60465,-2.4
60466,0
60467,-3.2
60468,0
60469,0.8
60470,-1.6
60471,-0.8
60472,-0.8
60473,-0.8
60474,-0.8
60475,-0.8
60476,0.8
60477,-0.8
60478,-0.8
60479,-0.8
60480,-0.8
60481,0
60482,-2.4
60483,2.4
60484,-1.6
60485,0
60486,0.8
60487,0
60488,0
60489,0.8
60490,0.8
60491,2.4
60492,0
60493,0
60494,0
60495,0.8
60496,2.4
60497,1.6
60498,0.8
60499,2.4
60500,-4
60501,2.4
60502,0.8
60503,2.4
60504,-0.8
60505,2.4
60506,0.8
60507,0.8
60508,-1.6
60509,0.8
60510,-0.8
60511,-1.6
60512,-0.8
60513,0
60514,-1.6
60515,0
60516,-0.8
60517,0.8
60518,-0.8
60519,0
60520,0
60521,2.4
60522,0
60523,-0.8
60524,0.8
60525,-0.8
60526,-2.4
60527,-3.2
60528,0.8
60529,0
60530,-3.2
60531,0
60532,0
60533,-1.6
60534,-0.8
60535,0
60536,2.4
60537,0
60538,0
60539,-3.2
60540,-0.8
60541,0
60542,-0.8
60543,0
60544,0.8
60545,2.4
60546,2.4
60547,0.8
60548,0
60549,-1.6
60550,-0.8
60551,-4
60552,0
60553,0.8
60554,0.8
60555,0.8
60556,-0.8
60557,0
60558,-3.2
60559,0
60560,0.8
60561,0.8
60562,-0.8
60563,-0.8
60564,0.8
60565,0.8
60566,0
60567,-1.6
60568,0
60569,0.8
60570,-1.6
60571,-2.4
60572,-0.8
60573,0
60574,-1.6
60575,-0.8
60576,2.4
60577,0
60578,0.8
60579,0.8
60580,0
60581,-0.8
60582,0.8
60583,-2.4
60584,0.8
60585,2.4
60586,1.6
60587,0
60588,0
60589,0.8
60590,-3.2
60591,1.6
60592,-3.2
60593,-2.4
60594,3.2
60595,-1.6
60596,0
60597,0.8
60598,0.8
60599,0
60600,-3.2
60601,4
60602,2.4
60603,0.8
60604,0.8
60605,-4
60606,0.8
60607,1.6
60608,2.4
60609,-1.6
60610,3.2
60611,-3.2
60612,-0.8
60613,0
60614,-4.8
60615,-3.2
60616,-2.4
60617,2.4
60618,0
60619,-0.8
60620,-0.8
60621,0.8
60622,-3.2
60623,-4
60624,0
60625,-2.4
60626,4
60627,0.8
60628,-0.8
60629,0
60630,5.6
60631,-0.8
60632,-3.2
60633,0.8
60634,4
60635,2.4
60636,1.6
60637,-3.2
60638,-0.8
60639,0
60640,0
60641,0.8
60642,0.8
60643,4
60644,1.6
60645,0.8
60646,2.4
60647,-0.8
60648,-0.8
60649,0.8
60650,-4
60651,2.4
60652,2.4
60653,2.4
60654,-0.8
60655,0
60656,3.2
60657,0.8
60658,1.6
60659,2.4
60660,-0.8
60661,-1.6
60662,2.4
60663,1.6
60664,-0.8
60665,0
60666,0.8
60667,-3.2
60668,2.4
60669,0.8
60670,0
60671,0.8
60672,0.8
60673,0.8
60674,0
60675,0.8
60676,0.8
60677,-1.6
60678,0.8
60679,2.4
60680,0
60681,-0.8
60682,0.8
60683,2.4
60684,0.8
60685,0.8
60686,0.8
60687,-4
60688,0
60689,0.8
60690,2.4
60691,-3.2
60692,0.8
60693,0.8
60694,0
60695,3.2
60696,0.8
60697,0
60698,0.8
60699,4
60700,0
60701,0.8
60702,-0.8
60703,0.8
60704,-0.8
60705,0
60706,0
60707,8.8
60708,3.2
60709,-1.6
60710,2.4
60711,-2.4
60712,0
60713,2.4
60714,0.8
60715,0
60716,0.8
60717,0.8
60718,-0.8
60719,0.8
60720,1.6
60721,0.8
60722,2.4
60723,-0.8
60724,0.8
60725,0
60726,0
60727,-5.6
60728,1.6
60729,-0.8
60730,-0.8
60731,0.8
60732,-1.6
60733,-1.6
60734,-0.8
60735,-0.8
60736,2.4
60737,-0.8
60738,0
60739,0.8
60740,-1.6
60741,0
60742,2.4
60743,-3.2
60744,0
60745,4
60746,4
60747,0
60748,2.4
60749,0.8
60750,-1.6
60751,2.4
60752,0
60753,0.8
60754,0
60755,2.4
60756,1.6
60757,0.8
60758,1.6
60759,0.8
60760,-0.8
60761,-3.2
60762,0
60763,0.8
60764,0.8
60765,0
60766,0.8
60767,-1.6
60768,-0.8
60769,1.6
60770,-1.6
60771,-0.8
60772,0.8
60773,-0.8
60774,-4.8
60775,-0.8
60776,0
60777,-0.8
60778,0
60779,-0.8
60780,0.8
60781,0
60782,-1.6
60783,-3.2
60784,-1.6
60785,-0.8
60786,-2.4
60787,-2.4
60788,-2.4
60789,0
60790,1.6
60791,2.4
60792,-0.8
60793,-3.2
60794,4
60795,2.4
60796,3.2
60797,0
60798,0.8
60799,0.8
60800,-2.4
60801,4
60802,1.6
60803,2.4
60804,0.8
60805,-0.8
60806,0.8
60807,0
60808,2.4
60809,0.8
60810,-9.6
60811,-0.8
60812,-0.8
60813,-0.8
60814,-0.8
60815,0
60816,-3.2
60817,-3.2
60818,-3.2
60819,1.6
60820,0.8
60821,0.8
60822,-3.2
60823,0.8
60824,2.4
60825,1.6
60826,0.8
60827,-1.6
60828,-3.2
60829,-5.6
60830,0
60831,0
60832,-4
60833,-3.2
60834,-0.8
60835,0
60836,3.2
60837,1.6
60838,0
60839,-4
60840,-0.8
60841,-1.6
60842,0.8
60843,0.8
60844,0.8
60845,-0.8
60846,-0.8
60847,0
60848,0.8
60849,-1.6
60850,1.6
60851,0.8
60852,0
60853,0
60854,-3.2
60855,0.8
60856,-0.8
60857,-0.8
60858,-0.8
60859,2.4
60860,0
60861,-2.4
60862,1.6
60863,1.6
60864,-0.8
60865,-0.8
60866,-0.8
60867,-3.2
60868,-0.8
60869,2.4
60870,-0.8
60871,-2.4
60872,-2.4
60873,-1.6
60874,0.8
60875,0
60876,0
60877,-0.8
60878,-2.4
60879,-0.8
60880,-6.4
60881,5.6
60882,-0.8
60883,-0.8
60884,-3.2
60885,0
60886,-1.6
60887,0
60888,-3.2
60889,0.8
60890,-0.8
60891,-0.8
60892,-3.2
60893,2.4
60894,-1.6
60895,2.4
60896,0
60897,-0.8
60898,0
60899,-0.8
60900,-0.8
60901,-4
60902,2.4
60903,0
60904,3.2
60905,1.6
60906,0
60907,0.8
60908,2.4
60909,0
60910,0
60911,-0.8
60912,0.8
60913,2.4
60914,0
60915,0
60916,-1.6
60917,4
60918,-1.6
60919,0.8
60920,2.4
60921,-1.6
60922,-1.6
60923,0
60924,-0.8
60925,2.4
60926,0
60927,0
60928,0.8
60929,2.4
60930,0.8
60931,0
60932,-3.2
60933,0.8
60934,-0.8
60935,0.8
60936,2.4
60937,-0.8
60938,0
60939,2.4
60940,0.8
60941,-3.2
60942,-3.2
60943,0.8
60944,-0.8
60945,0
60946,9.6
60947,-1.6
60948,0
60949,0.8
60950,1.6
60951,-4
60952,0
60953,-0.8
60954,-1.6
60955,-1.6
60956,0.8
60957,-4
60958,-0.8
60959,-0.8
60960,1.6
60961,-0.8
60962,0
60963,2.4
60964,-0.8
60965,-0.8
60966,0
60967,1.6
60968,0
60969,-2.4
60970,1.6
60971,0.8
60972,0.8
60973,0
60974,0.8
60975,0
60976,4
60977,-1.6
60978,0
60979,0.8
60980,-0.8
60981,0
60982,-0.8
60983,-3.2
60984,0
60985,0
60986,4
60987,-0.8
60988,-0.8
60989,0
60990,0
60991,-1.6
60992,0
60993,-1.6
60994,-0.8
60995,0.8
60996,0.8
60997,0
60998,2.4
60999,1.6
61000,2.4
61001,0
61002,0.8
61003,-1.6
61004,-0.8
61005,-0.8
61006,-3.2
61007,0
61008,2.4
61009,0.8
61010,0.8
61011,-2.4
61012,0.8
61013,-0.8
61014,-0.8
61015,0
61016,-0.8
61017,-3.2
61018,-3.2
61019,0.8
61020,0
61021,-4
61022,-3.2
61023,-0.8
61024,0.8
61025,-0.8
61026,0.8
61027,-3.2
61028,1.6
61029,0
61030,-0.8
61031,-1.6
61032,-0.8
61033,4
61034,-0.8
61035,-2.4
61036,0
61037,-0.8
61038,-0.8
61039,-2.4
61040,-0.8
61041,0.8
61042,0.8
61043,-0.8
61044,-3.2
61045,0
61046,0
61047,0
61048,0.8
61049,0
61050,1.6
61051,-0.8
61052,0.8
61053,0.8
61054,0.8
61055,0
61056,0
61057,2.4
61058,4
61059,1.6
61060,0
61061,-0.8
61062,-0.8
61063,0.8
61064,-0.8
61065,0.8
61066,-1.6
61067,0.8
61068,0
61069,1.6
61070,0.8
61071,-1.6
61072,-3.2
61073,0
61074,0.8
61075,-3.2
61076,-0.8
61077,-3.2
61078,-3.2
61079,-0.8
61080,0.8
61081,-1.6
61082,-0.8
61083,-0.8
61084,1.6
61085,0
61086,3.2
61087,0.8
61088,-1.6
61089,0
61090,-0.8
61091,2.4
61092,1.6
61093,-2.4
61094,-0.8
61095,0.8
61096,0.8
61097,-1.6
61098,0
61099,-0.8
61100,0
61101,0.8
61102,0.8
61103,0
61104,0
61105,3.2
61106,0.8
61107,-0.8
61108,-0.8
61109,1.6
61110,-1.6
61111,-3.2
61112,-1.6
61113,0.8
61114,2.4
61115,-0.8
61116,-0.8
61117,-0.8
61118,0
61119,-0.8
61120,-1.6
61121,-0.8
61122,-1.6
61123,-0.8
61124,0.8
61125,0.8
61126,-0.8
61127,0
61128,0
61129,-0.8
61130,0
61131,-4
61132,-1.6
61133,-2.4
61134,0
61135,3.2
61136,3.2
61137,2.4
61138,0.8
61139,0
61140,-0.8
61141,0.8
61142,-0.8
61143,1.6
61144,2.4
61145,2.4
61146,0.8
61147,-2.4
61148,-1.6
61149,-0.8
61150,0.8
61151,0.8
61152,0.8
61153,0
61154,0.8
61155,0
61156,0
61157,2.4
61158,-0.8
61159,2.4
61160,-3.2
61161,-3.2
61162,-0.8
61163,-0.8
61164,-1.6
61165,0
61166,0
61167,0.8
61168,-0.8
61169,-0.8
61170,0.8
61171,0.8
61172,1.6
61173,-2.4
61174,0.8
61175,0.8
61176,0
61177,-0.8
61178,0.8
61179,0.8
61180,0
61181,0
61182,-4
61183,0
61184,-0.8
61185,0
61186,-1.6
61187,0.8
61188,0
61189,0.8
61190,0.8
61191,4
61192,-3.2
61193,0
61194,-0.8
61195,0
61196,0.8
61197,0.8
61198,0
61199,0
61200,-0.8
61201,0.8
61202,2.4
61203,0
61204,-0.8
61205,1.6
61206,-0.8
61207,7.2
61208,0
61209,0.8
61210,2.4
61211,-3.2
61212,-2.4
61213,0.8
61214,-1.6
61215,2.4
61216,2.4
61217,0
61218,0.8
61219,-0.8
61220,0.8
61221,-0.8
61222,0
61223,0.8
61224,-0.8
61225,2.4
61226,0.8
61227,-1.6
61228,-2.4
61229,-3.2
61230,0.8
61231,-0.8
61232,-0.8
61233,-1.6
61234,0.8
61235,0.8
61236,-0.8
61237,-0.8
61238,-0.8
61239,0
61240,-1.6
61241,0.8
61242,-1.6
61243,2.4
61244,0.8
61245,0.8
61246,0.8
61247,0
61248,0.8
61249,0.8
61250,-2.4
61251,0
61252,0
61253,-3.2
61254,-3.2
61255,0
61256,-0.8
61257,0.8
61258,2.4
61259,0.8
61260,-3.2
61261,2.4
61262,0
61263,-0.8
61264,0
61265,-1.6
61266,0
61267,-3.2
61268,0
61269,-0.8
61270,0
61271,-0.8
61272,0
61273,0.8
61274,0.8
61275,0.8
61276,0
61277,-1.6
61278,-2.4
61279,-0.8
61280,0.8
61281,0.8
61282,-0.8
61283,4
61284,-1.6
61285,2.4
61286,-0.8
61287,-1.6
61288,-0.8
61289,0
61290,-1.6
61291,0.8
61292,0
61293,-0.8
61294,0
61295,0.8
61296,2.4
61297,3.2
61298,2.4
61299,-3.2
61300,-1.6
61301,0.8
61302,-3.2
61303,0.8
61304,-1.6
61305,-0.8
61306,-0.8
61307,-1.6
61308,0.8
61309,0
61310,0
61311,-3.2
61312,-0.8
61313,0.8
61314,-0.8
61315,0
61316,-1.6
61317,2.4
61318,-0.8
61319,-0.8
61320,0
61321,-3.2
61322,-1.6
61323,-3.2
61324,-11.2
61325,1.6
61326,0
61327,-4
61328,-1.6
61329,0
61330,2.4
61331,0
61332,-0.8
61333,-0.8
61334,0.8
61335,1.6
61336,-3.2
61337,0.8
61338,-2.4
61339,-1.6
61340,0
61341,0.8
61342,2.4
61343,0.8
61344,-0.8
61345,0.8
61346,-0.8
61347,-3.2
61348,0
61349,4
61350,-1.6
61351,2.4
61352,0
61353,-0.8
61354,0.8
61355,-3.2
61356,-1.6
61357,0.8
61358,0
61359,0.8
61360,2.4
61361,0.8
61362,-2.4
61363,0.8
61364,1.6
61365,1.6
61366,-0.8
61367,-0.8
61368,0.8
61369,1.6
61370,1.6
61371,0
61372,0
61373,-0.8
61374,-0.8
61375,2.4
61376,-2.4
61377,-3.2
61378,-1.6
61379,-1.6
61380,-3.2
61381,-0.8
61382,-0.8
61383,0.8
61384,-4
61385,1.6
61386,-1.6
61387,0.8
61388,-2.4
61389,2.4
61390,1.6
61391,-4
61392,0.8
61393,-0.8
61394,2.4
61395,0
61396,0
61397,-0.8
61398,0.8
61399,-0.8
61400,2.4
61401,2.4
61402,-2.4
61403,0.8
61404,-1.6
61405,0
61406,2.4
61407,-2.4
61408,-0.8
61409,2.4
61410,-0.8
61411,-2.4
61412,-0.8
61413,0.8
61414,4
61415,0.8
61416,0.8
61417,2.4
61418,-1.6
61419,0
61420,-0.8
61421,0
61422,-2.4
61423,-1.6
61424,-2.4
61425,0.8
61426,0
61427,0
61428,-1.6
61429,2.4
61430,2.4
61431,0
61432,0.8
61433,-0.8
61434,-4
61435,-4
61436,-4
61437,-3.2
61438,-1.6
61439,0.8
61440,0
61441,-0.8
61442,2.4
61443,-1.6
61444,-3.2
61445,-0.8
61446,-0.8
61447,0.8
61448,1.6
61449,0
61450,0
61451,-0.8
61452,0
61453,2.4
61454,-0.8
61455,0.8
61456,0
61457,0.8
61458,2.4
61459,2.4
61460,-4
61461,-2.4
61462,0
61463,0
61464,0
61465,0.8
61466,3.2
61467,-3.2
61468,-1.6
61469,-3.2
61470,1.6
61471,-1.6
61472,-1.6
61473,-2.4
61474,-0.8
61475,0
61476,0.8
61477,-0.8
61478,-3.2
61479,-0.8
61480,0
61481,-0.8
61482,1.6
61483,-0.8
61484,-3.2
61485,-0.8
61486,0
61487,0.8
61488,-0.8
61489,0.8
61490,-0.8
61491,2.4
61492,-6.4
61493,0
61494,0
61495,1.6
61496,-0.8
61497,2.4
61498,0.8
61499,0
61500,0
61501,0
61502,0.8
61503,0
61504,-0.8
61505,-1.6
61506,0.8
61507,0.8
61508,-3.2
61509,0
61510,2.4
61511,0.8
61512,-0.8
61513,0
61514,0
61515,-0.8
61516,-3.2
61517,-4
61518,0
61519,-4
61520,0.8
61521,-1.6
61522,-0.8
61523,-3.2
61524,-1.6
61525,-1.6
61526,0.8
61527,-0.8
61528,-1.6
61529,-0.8
61530,1.6
61531,-0.8
61532,-1.6
61533,0
61534,0.8
61535,2.4
61536,2.4
61537,0
61538,0.8
61539,-3.2
61540,0
61541,-3.2
61542,-0.8
61543,1.6
61544,-0.8
61545,0.8
61546,0.8
61547,-1.6
61548,0
61549,1.6
61550,0
61551,2.4
61552,-1.6
61553,0.8
61554,0
61555,-1.6
61556,1.6
61557,3.2
61558,0
61559,-0.8
61560,2.4
61561,-0.8
61562,-0.8
61563,0
61564,-0.8
61565,0
61566,0
61567,-0.8
61568,-0.8
61569,-0.8
61570,0
61571,0.8
61572,0
61573,0.8
61574,-0.8
61575,-1.6
61576,0
61577,0.8
61578,-2.4
61579,2.4
61580,0.8
61581,-3.2
61582,-0.8
61583,-4
61584,0.8
61585,1.6
61586,0
61587,0
61588,0.8
61589,0.8
61590,0
61591,-0.8
61592,-3.2
61593,0.8
61594,-3.2
61595,0
61596,0
61597,0
61598,0.8
61599,0
61600,0.8
61601,4
61602,0.8
61603,2.4
61604,0
61605,5.6
61606,4
61607,0
61608,-1.6
61609,-3.2
61610,-0.8
61611,0
61612,-1.6
61613,-1.6
61614,0
61615,0.8
61616,0.8
61617,0.8
61618,-3.2
61619,-4
61620,-0.8
61621,1.6
61622,0.8
61623,-1.6
61624,-0.8
61625,-0.8
61626,-0.8
61627,-0.8
61628,0
61629,5.6
61630,-0.8
61631,-0.8
61632,-0.8
61633,8
61634,-3.2
61635,0.8
61636,2.4
61637,-1.6
61638,-0.8
61639,0
61640,0
61641,0.8
61642,0
61643,-1.6
61644,0
61645,-3.2
61646,0.8
61647,1.6
61648,2.4
61649,0
61650,0.8
61651,0.8
61652,0.8
61653,0.8
61654,0.8
61655,0.8
61656,0.8
61657,-3.2
61658,0.8
61659,-0.8
61660,-0.8
61661,0
61662,-1.6
61663,0.8
61664,0.8
61665,2.4
61666,0
61667,1.6
61668,0.8
61669,0
61670,0.8
61671,-2.4
61672,-0.8
61673,-1.6
61674,-0.8
61675,-0.8
61676,0.8
61677,0.8
61678,0
61679,0.8
61680,-0.8
61681,-0.8
61682,-1.6
61683,1.6
61684,-3.2
61685,0
61686,2.4
61687,-2.4
61688,-1.6
61689,0
61690,0
61691,-0.8
61692,-1.6
61693,2.4
61694,-3.2
61695,-2.4
61696,0.8
61697,1.6
61698,2.4
61699,2.4
61700,2.4
61701,-3.2
61702,0.8
61703,1.6
61704,0.8
61705,0
61706,-0.8
61707,4
61708,4
61709,-6.4
61710,-0.8
61711,0
61712,-1.6
61713,-0.8
61714,0
61715,0.8
61716,0.8
61717,-1.6
61718,0
61719,0.8
61720,1.6
61721,-3.2
61722,-0.8
61723,0
61724,0.8
61725,0
61726,0
61727,-0.8
61728,-2.4
61729,3.2
61730,0
61731,-0.8
61732,2.4
61733,4
61734,1.6
61735,2.4
61736,0.8
61737,-0.8
61738,-1.6
61739,0.8
61740,2.4
61741,2.4
61742,-0.8
61743,-0.8
61744,1.6
61745,0
61746,2.4
61747,0
61748,0
61749,2.4
61750,0
61751,-0.8
61752,0
61753,2.4
61754,6.4
61755,0.8
61756,0
61757,2.4
61758,5.6
61759,-0.8
61760,2.4
61761,0
61762,-3.2
61763,-0.8
61764,2.4
61765,0.8
61766,0.8
61767,2.4
61768,2.4
61769,-3.2
61770,3.2
61771,-0.8
61772,-0.8
61773,-1.6
61774,-2.4
61775,0
61776,-1.6
61777,-0.8
61778,-1.6
61779,2.4
61780,0.8
61781,-0.8
61782,-0.8
61783,0.8
61784,-0.8
61785,0
61786,-0.8
61787,0
61788,-3.2
61789,0.8
61790,1.6
61791,0
61792,-1.6
61793,-3.2
61794,2.4
61795,2.4
61796,1.6
61797,0.8
61798,2.4
61799,2.4
61800,0.8
61801,2.4
61802,2.4
61803,0.8
61804,0.8
61805,2.4
61806,1.6
61807,1.6
61808,1.6
61809,0
61810,0
61811,0
61812,-1.6
61813,-2.4
61814,1.6
61815,0
61816,0
61817,-2.4
61818,0.8
61819,0
61820,2.4
61821,-0.8
61822,-1.6
61823,-3.2
61824,-1.6
61825,-0.8
61826,0
61827,-0.8
61828,-2.4
61829,-0.8
61830,0.8
61831,2.4
61832,0
61833,2.4
61834,-1.6
61835,-1.6
61836,0
61837,0
61838,0.8
61839,0
61840,2.4
61841,3.2
61842,2.4
61843,0
61844,0.8
61845,0.8
61846,0
61847,-0.8
61848,0.8
61849,0.8
61850,-3.2
61851,-0.8
61852,1.6
61853,-1.6
61854,-0.8
61855,5.6
61856,4
61857,-3.2
61858,-0.8
61859,-3.2
61860,0
61861,-0.8
61862,2.4
61863,-0.8
61864,-1.6
61865,2.4
61866,0
61867,0
61868,0
61869,-3.2
61870,0.8
61871,-3.2
61872,-1.6
61873,-2.4
61874,-0.8
61875,0.8
61876,-0.8
61877,-0.8
61878,-2.4
61879,0.8
61880,0.8
61881,-1.6
61882,0.8
61883,-0.8
61884,0.8
61885,0.8
61886,0.8
61887,-0.8
61888,2.4
61889,-0.8
61890,-0.8
61891,-1.6
61892,-0.8
61893,0.8
61894,0.8
61895,0
61896,2.4
61897,0.8
61898,-0.8
61899,0
61900,0.8
61901,3.2
61902,0.8
61903,0.8
61904,0.8
61905,0.8
61906,1.6
61907,0
61908,0.8
61909,5.6
61910,2.4
61911,-1.6
61912,4
61913,2.4
61914,-1.6
61915,0.8
61916,-1.6
61917,2.4
61918,3.2
61919,-2.4
61920,2.4
61921,-1.6
61922,-3.2
61923,-0.8
61924,-4
61925,2.4
61926,-1.6
61927,0
61928,-3.2
61929,0.8
61930,0
61931,-2.4
61932,2.4
61933,0.8
61934,-1.6
61935,0
61936,0.8
61937,-1.6
61938,-3.2
61939,-0.8
61940,2.4
61941,0
61942,-0.8
61943,0
61944,-0.8
61945,-1.6
61946,2.4
61947,2.4
61948,0
61949,0.8
61950,-0.8
61951,0.8
61952,3.2
61953,6.4
61954,0
61955,-0.8
61956,2.4
61957,-3.2
61958,0
61959,2.4
61960,4
61961,-0.8
61962,-3.2
61963,0.8
61964,0.8
61965,-1.6
61966,-1.6
61967,0
61968,0
61969,-0.8
61970,-0.8
61971,-3.2
61972,0.8
61973,5.6
61974,-0.8
61975,-0.8
61976,-1.6
61977,0
61978,-3.2
61979,1.6
61980,-1.6
61981,2.4
61982,0
61983,0
61984,0
61985,1.6
61986,0
61987,2.4
61988,0.8
61989,0.8
61990,-0.8
61991,1.6
61992,2.4
61993,2.4
61994,-1.6
61995,-2.4
61996,2.4
61997,1.6
61998,0
61999,0.8
62000,-1.6
62001,-1.6
62002,-1.6
62003,-0.8
62004,-2.4
62005,-3.2
62006,0
62007,-3.2
62008,2.4
62009,4
62010,-1.6
62011,2.4
62012,-1.6
62013,4
62014,-0.8
62015,0.8
62016,2.4
62017,2.4
62018,0
62019,-0.8
62020,3.2
62021,-0.8
62022,-1.6
62023,0.8
62024,-0.8
62025,0
62026,-1.6
62027,0
62028,-4
62029,2.4
62030,0
62031,4
62032,0
62033,0
62034,0
62035,-1.6
62036,0.8
62037,-1.6
62038,-0.8
62039,0.8
62040,0
62041,0
62042,-2.4
62043,2.4
62044,0
62045,0.8
62046,-0.8
62047,0
62048,0
62049,0
62050,0
62051,-1.6
62052,0.8
62053,2.4
62054,2.4
62055,0.8
62056,2.4
62057,0
62058,0.8
62059,0
62060,2.4
62061,-0.8
62062,0
62063,-0.8
62064,0
62065,0
62066,-2.4
62067,2.4
62068,0.8
62069,-1.6
62070,-2.4
62071,-1.6
62072,-0.8
62073,0.8
62074,-0.8
62075,0
62076,-1.6
62077,2.4
62078,0
62079,0
62080,0
62081,-0.8
62082,0
62083,-0.8
62084,2.4
62085,1.6
62086,2.4
62087,1.6
62088,-2.4
62089,0.8
62090,0
62091,0
62092,0
62093,0.8
62094,0
62095,-0.8
62096,2.4
62097,0
62098,0.8
62099,0
62100,2.4
62101,2.4
62102,0
62103,2.4
62104,-0.8
62105,2.4
62106,2.4
62107,0
62108,-1.6
62109,-3.2
62110,5.6
62111,-0.8
62112,-2.4
62113,-1.6
62114,0.8
62115,-1.6
62116,-0.8
62117,0
62118,0
62119,3.2
62120,0.8
62121,-0.8
62122,0.8
62123,1.6
62124,-0.8
62125,0.8
62126,-3.2
62127,-0.8
62128,0
62129,-1.6
62130,0.8
62131,-0.8
62132,0.8
62133,-0.8
62134,0
62135,0
62136,2.4
62137,1.6
62138,0.8
62139,2.4
62140,1.6
62141,0
62142,-0.8
62143,0.8
62144,0
62145,0
62146,0
62147,-3.2
62148,-4
62149,2.4
62150,0
62151,-0.8
62152,2.4
62153,0
62154,-0.8
62155,0
62156,0
62157,2.4
62158,-2.4
62159,0.8
62160,1.6
62161,-3.2
62162,0
62163,0.8
62164,0
62165,0
62166,-1.6
62167,-1.6
62168,-3.2
62169,-0.8
62170,2.4
62171,-3.2
62172,0
62173,-0.8
62174,0
62175,0
62176,-0.8
62177,0
62178,-0.8
62179,0
62180,0
62181,-1.6
62182,-0.8
62183,0.8
62184,1.6
62185,2.4
62186,-0.8
62187,0.8
62188,-0.8
62189,0
62190,0
62191,0
62192,0
62193,0
62194,0
62195,-0.8
62196,0
62197,0.8
62198,0.8
62199,0.8
62200,1.6
62201,-0.8
62202,-0.8
62203,2.4
62204,2.4
62205,0.8
62206,0.8
62207,-1.6
62208,-0.8
62209,2.4
62210,0
62211,-3.2
62212,7.2
62213,0
62214,0.8
62215,1.6
62216,2.4
62217,-3.2
62218,3.2
62219,-3.2
62220,4
62221,-2.4
62222,-0.8
62223,-3.2
62224,-2.4
62225,0
62226,-0.8
62227,0
62228,-0.8
62229,0
62230,0
62231,-0.8
62232,1.6
62233,0
62234,0
62235,0
62236,-4.8
62237,-2.4
62238,-1.6
62239,0
62240,0.8
62241,0
62242,-0.8
62243,-1.6
62244,0
62245,-4
62246,0
62247,0
62248,3.2
62249,0
62250,-1.6
62251,-0.8
62252,0.8
62253,4
62254,0.8
62255,4
62256,0
62257,-0.8
62258,1.6
62259,0.8
62260,-1.6
62261,-3.2
62262,-1.6
62263,-3.2
62264,-1.6
62265,0.8
62266,-0.8
62267,0
62268,2.4
62269,-0.8
62270,0
62271,-3.2
62272,-0.8
62273,0.8
62274,-4
62275,4
62276,0
62277,-0.8
62278,-3.2
62279,1.6
62280,0
62281,-1.6
62282,-4
62283,-1.6
62284,2.4
62285,0
62286,-0.8
62287,0
62288,-0.8
62289,3.2
62290,0.8
62291,-1.6
62292,-0.8
62293,-0.8
62294,-4.8
62295,0
62296,0
62297,0
62298,-4
62299,-0.8
62300,-1.6
62301,0
62302,0.8
62303,2.4
62304,4
62305,0.8
62306,0
62307,0.8
62308,0
62309,0
62310,0.8
62311,-0.8
62312,0
62313,-1.6
62314,-3.2
62315,0.8
62316,-0.8
62317,-1.6
62318,-1.6
62319,0
62320,0.8
62321,-0.8
62322,-2.4
62323,-1.6
62324,3.2
62325,0.8
62326,4
62327,0.8
62328,-2.4
62329,0.8
62330,-0.8
62331,-2.4
62332,-0.8
62333,2.4
62334,2.4
62335,0
62336,2.4
62337,1.6
62338,-0.8
62339,-2.4
62340,-1.6
62341,-1.6
62342,-3.2
62343,0
62344,0.8
62345,-0.8
62346,0
62347,0.8
62348,0
62349,0
62350,3.2
62351,0
62352,0
62353,0
62354,1.6
62355,0.8
62356,2.4
62357,2.4
62358,0.8
62359,4
62360,0.8
62361,0
62362,0
62363,-0.8
62364,0.8
62365,0
62366,0.8
62367,-1.6
62368,0
62369,0.8
62370,1.6
62371,-0.8
62372,-0.8
62373,0.8
62374,-2.4
62375,0.8
62376,-0.8
62377,-0.8
62378,-4
62379,0.8
62380,0
62381,-6.4
62382,-1.6
62383,0
62384,0.8
62385,0
62386,1.6
62387,-1.6
62388,-0.8
62389,4
62390,0
62391,0
62392,-1.6
62393,-3.2
62394,-0.8
62395,-2.4
62396,-0.8
62397,-0.8
62398,0
62399,0.8
62400,-2.4
62401,0.8
62402,1.6
62403,0
62404,-0.8
62405,4
62406,0.8
62407,0.8
62408,-2.4
62409,-2.4
62410,0
62411,0.8
62412,5.6
62413,0.8
62414,0.8
62415,0.8
62416,0.8
62417,-1.6
62418,-1.6
62419,0
62420,2.4
62421,0.8
62422,0.8
62423,0.8
62424,-3.2
62425,0.8
62426,-2.4
62427,0
62428,0
62429,-1.6
62430,-3.2
62431,-1.6
62432,0
62433,-0.8
62434,-3.2
62435,-1.6
62436,0
62437,-0.8
62438,0
62439,-0.8
62440,-0.8
62441,-0.8
62442,-0.8
62443,0
62444,-2.4
62445,-0.8
62446,0.8
62447,0.8
62448,2.4
62449,0.8
62450,-0.8
62451,-0.8
62452,1.6
62453,-2.4
62454,-0.8
62455,0.8
62456,-0.8
62457,0
62458,0
62459,1.6
62460,2.4
62461,-0.8
62462,-0.8
62463,-3.2
62464,-0.8
62465,0.8
62466,0
62467,-3.2
62468,0.8
62469,1.6
62470,2.4
62471,-1.6
62472,-3.2
62473,-1.6
62474,0.8
62475,0.8
62476,-0.8
62477,-1.6
62478,-4
62479,0.8
62480,0.8
62481,0.8
62482,-1.6
62483,-3.2
62484,-0.8
62485,0
62486,5.6
62487,0
62488,-2.4
62489,0
62490,0
62491,-2.4
62492,-3.2
62493,0.8
62494,-1.6
62495,0.8
62496,0
62497,0
62498,0
62499,0
62500,1.6
62501,2.4
62502,-4
62503,2.4
62504,0
62505,-1.6
62506,-0.8
62507,0
62508,-3.2
62509,2.4
62510,0.8
62511,0.8
62512,2.4
62513,2.4
62514,-0.8
62515,0
62516,-0.8
62517,-3.2
62518,-3.2
62519,1.6
62520,0.8
62521,-0.8
62522,-0.8
62523,0
62524,-2.4
62525,-1.6
62526,4
62527,-3.2
62528,-2.4
62529,-0.8
62530,-0.8
62531,-1.6
62532,-0.8
62533,-1.6
62534,0.8
62535,2.4
62536,0.8
62537,-1.6
62538,-3.2
62539,-2.4
62540,-1.6
62541,0
62542,-0.8
62543,2.4
62544,1.6
62545,-2.4
62546,0
62547,-3.2
62548,0.8
62549,0
62550,0.8
62551,0.8
62552,-3.2
62553,1.6
62554,0.8
62555,0
62556,0
62557,0.8
62558,2.4
62559,0.8
62560,0.8
62561,2.4
62562,-1.6
62563,0
62564,-1.6
62565,0
62566,-3.2
62567,-3.2
62568,0.8
62569,-3.2
62570,0
62571,0
62572,-0.8
62573,-3.2
62574,0
62575,-2.4
62576,0
62577,0.8
62578,-2.4
62579,-2.4
62580,0
62581,-0.8
62582,-2.4
62583,-4
62584,-2.4
62585,-3.2
62586,0
62587,-2.4
62588,0.8
62589,0
62590,0
62591,0
62592,-0.8
62593,-0.8
62594,-1.6
62595,-1.6
62596,0
62597,-0.8
62598,0.8
62599,-1.6
62600,0
62601,-1.6
62602,2.4
62603,1.6
62604,0
62605,-0.8
62606,-4
62607,0.8
62608,-0.8
62609,1.6
62610,0.8
62611,0
62612,0
62613,0
62614,0.8
62615,0
62616,-0.8
62617,0
62618,0
62619,0.8
62620,2.4
62621,-3.2
62622,0.8
62623,-3.2
62624,-4
62625,-0.8
62626,-2.4
62627,-0.8
62628,-0.8
62629,2.4
62630,0.8
62631,-1.6
62632,-0.8
62633,0
62634,0
62635,5.6
62636,-3.2
62637,0
62638,5.6
62639,0
62640,2.4
62641,0.8
62642,0.8
62643,-1.6
62644,0
62645,0
62646,0.8
62647,-0.8
62648,-1.6
62649,-1.6
62650,0
62651,0
62652,0.8
62653,5.6
62654,1.6
62655,0.8
62656,0
62657,-0.8
62658,0
62659,-3.2
62660,-3.2
62661,4
62662,2.4
62663,0
62664,3.2
62665,-0.8
62666,-3.2
62667,-3.2
62668,-0.8
62669,2.4
62670,2.4
62671,0.8
62672,-0.8
62673,-2.4
62674,-3.2
62675,-0.8
62676,0
62677,0
62678,-3.2
62679,-2.4
62680,-0.8
62681,-0.8
62682,0.8
62683,2.4
62684,0
62685,2.4
62686,-0.8
62687,-1.6
62688,4
62689,0.8
62690,0.8
62691,3.2
62692,4
62693,0.8
62694,-4
62695,-0.8
62696,0
62697,0.8
62698,2.4
62699,0.8
62700,-3.2
62701,1.6
62702,-1.6
62703,0
62704,0
62705,2.4
62706,-0.8
62707,1.6
62708,0.8
62709,0.8
62710,2.4
62711,-2.4
62712,0.8
62713,2.4
62714,-0.8
62715,1.6
62716,2.4
62717,2.4
62718,-2.4
62719,-1.6
62720,0.8
62721,-2.4
62722,-2.4
62723,-0.8
62724,-13.6
62725,2.4
62726,-1.6
62727,0.8
62728,-1.6
62729,-1.6
62730,-0.8
62731,-3.2
62732,-0.8
62733,-5.6
62734,0.8
62735,0
62736,-1.6
62737,0
62738,-0.8
62739,0.8
62740,0.8
62741,-0.8
62742,0.8
62743,0
62744,0
62745,-0.8
62746,-0.8
62747,0.8
62748,-3.2
62749,-1.6
62750,-0.8
62751,-1.6
62752,0
62753,0.8
62754,0.8
62755,0.8
62756,-3.2
62757,-2.4
62758,-4
62759,2.4
62760,2.4
62761,0
62762,-4
62763,1.6
62764,0
62765,2.4
62766,-3.2
62767,0
62768,0
62769,-2.4
62770,0
62771,-3.2
62772,-0.8
62773,-4
62774,0
62775,0.8
62776,-1.6
62777,0.8
62778,-1.6
62779,-1.6
62780,-1.6
62781,-3.2
62782,-0.8
62783,1.6
62784,-1.6
62785,-5.6
62786,0.8
62787,0
62788,-2.4
62789,0
62790,0
62791,-0.8
62792,-1.6
62793,-0.8
62794,2.4
62795,-3.2
62796,2.4
62797,-2.4
62798,2.4
62799,0.8
62800,0
62801,0
62802,2.4
62803,-2.4
62804,0
62805,0
62806,2.4
62807,-1.6
62808,0.8
62809,1.6
62810,0
62811,2.4
62812,-0.8
62813,0
62814,-2.4
62815,0.8
62816,0.8
62817,-2.4
62818,0.8
62819,0.8
62820,0.8
62821,0
62822,0
62823,1.6
62824,1.6
62825,0.8
62826,0
62827,0
62828,0
62829,0.8
62830,2.4
62831,0.8
62832,0
62833,0
62834,2.4
62835,1.6
62836,2.4
62837,3.2
62838,-3.2
62839,0
62840,0
62841,0.8
62842,-0.8
62843,-1.6
62844,0.8
62845,-0.8
62846,3.2
62847,2.4
62848,2.4
62849,2.4
62850,0.8
62851,-2.4
62852,0.8
62853,-1.6
62854,-0.8
62855,-1.6
62856,-2.4
62857,0
62858,0
62859,-4
62860,0.8
62861,-1.6
62862,-0.8
62863,0
62864,-1.6
62865,2.4
62866,0
62867,-3.2
62868,-3.2
62869,-2.4
62870,0.8
62871,0
62872,-0.8
62873,2.4
62874,-0.8
62875,-0.8
62876,-1.6
62877,0.8
62878,0
62879,-0.8
62880,-0.8
62881,-0.8
62882,-3.2
62883,-1.6
62884,1.6
62885,0.8
62886,0
62887,2.4
62888,-0.8
62889,-3.2
62890,0
62891,0.8
62892,-1.6
62893,-0.8
62894,0.8
62895,0
62896,2.4
62897,-0.8
62898,-0.8
62899,2.4
62900,2.4
62901,4
62902,-0.8
62903,2.4
62904,-3.2
62905,-0.8
62906,0.8
62907,-3.2
62908,-0.8
62909,0.8
62910,0.8
62911,0
62912,0.8
62913,0
62914,0.8
62915,0.8
62916,-1.6
62917,0
62918,2.4
62919,2.4
62920,0
62921,0
62922,-0.8
62923,0
62924,-2.4
62925,-2.4
62926,0.8
62927,-0.8
62928,0
62929,0
62930,0
62931,-0.8
62932,0
62933,0
62934,0
62935,2.4
62936,0.8
62937,1.6
62938,-0.8
62939,0.8
62940,1.6
62941,0
62942,-3.2
62943,-0.8
62944,2.4
62945,0.8
62946,9.6
62947,0
62948,-2.4
62949,1.6
62950,2.4
62951,0
62952,-3.2
62953,0
62954,-3.2
62955,-4.8
62956,0
62957,0.8
62958,-0.8
62959,0
62960,2.4
62961,0
62962,-3.2
62963,0
62964,1.6
62965,0.8
62966,-1.6
62967,2.4
62968,1.6
62969,-2.4
62970,0.8
62971,0.8
62972,0
62973,-1.6
62974,0
62975,4
62976,7.2
62977,-0.8
62978,0.8
62979,2.4
62980,2.4
62981,-0.8
62982,0.8
62983,-3.2
62984,1.6
62985,1.6
62986,0
62987,0
62988,0.8
62989,0.8
62990,-0.8
62991,0
62992,0
62993,0
62994,-1.6
62995,0
62996,0
62997,-1.6
62998,0
62999,-0.8
63000,-0.8
63001,2.4
63002,-0.8
63003,0
63004,0
63005,0
63006,0
63007,-1.6
63008,-5.6
63009,-0.8
63010,-1.6
63011,0
63012,-1.6
63013,-1.6
63014,3.2
63015,0
63016,0
63017,-0.8
63018,0.8
63019,-1.6
63020,1.6
63021,-3.2
63022,4
63023,-0.8
63024,-3.2
63025,-4
63026,1.6
63027,-0.8
63028,0
63029,-3.2
63030,0.8
63031,0
63032,0.8
63033,-2.4
63034,-1.6
63035,-3.2
63036,-0.8
63037,1.6
63038,0.8
63039,-0.8
63040,-0.8
63041,0.8
63042,0
63043,0
63044,0.8
63045,-0.8
63046,-0.8
63047,0
63048,2.4
63049,2.4
63050,-3.2
63051,-1.6
63052,1.6
63053,4
63054,2.4
63055,0.8
63056,1.6
63057,0
63058,0.8
63059,2.4
63060,0.8
63061,0.8
63062,2.4
63063,0.8
63064,0.8
63065,0
63066,-0.8
63067,-1.6
63068,-0.8
63069,4
63070,0
63071,0.8
63072,0
63073,0
63074,0.8
63075,-4.8
63076,0.8
63077,1.6
63078,-5.6
63079,-4
63080,1.6
63081,0.8
63082,0.8
63083,0.8
63084,-4
63085,0.8
63086,-1.6
63087,0.8
63088,-1.6
63089,-0.8
63090,2.4
63091,0
63092,-1.6
63093,0.8
63094,4
63095,-0.8
63096,2.4
63097,0.8
63098,0
63099,0.8
63100,0
63101,0.8
63102,0.8
63103,2.4
63104,1.6
63105,0.8
63106,0.8
63107,3.2
63108,2.4
63109,-0.8
63110,0.8
63111,2.4
63112,-3.2
63113,0.8
63114,0
63115,3.2
63116,0.8
63117,0
63118,-0.8
63119,0
63120,1.6
63121,0
63122,-1.6
63123,-0.8
63124,-0.8
63125,2.4
63126,0
63127,-0.8
63128,-4
63129,0
63130,0
63131,2.4
63132,1.6
63133,0.8
63134,0.8
63135,1.6
63136,0.8
63137,0
63138,-1.6
63139,-3.2
63140,-0.8
63141,0
63142,2.4
63143,4
63144,0.8
63145,0.8
63146,0.8
63147,-0.8
63148,2.4
63149,0.8
63150,-1.6
63151,-0.8
63152,-3.2
63153,0.8
63154,-0.8
63155,-0.8
63156,2.4
63157,4
63158,0.8
63159,-6.4
63160,5.6
63161,-3.2
63162,-4
63163,-1.6
63164,0
63165,0
63166,0.8
63167,-3.2
63168,-0.8
63169,-0.8
63170,0.8
63171,-0.8
63172,-3.2
63173,-0.8
63174,-1.6
63175,0.8
63176,-0.8
63177,-0.8
63178,-4
63179,-0.8
63180,0.8
63181,0
63182,-2.4
63183,0.8
63184,2.4
63185,-2.4
63186,-0.8
63187,-3.2
63188,-1.6
63189,-4
63190,-3.2
63191,0.8
63192,-4
63193,0.8
63194,-3.2
63195,-3.2
63196,3.2
63197,2.4
63198,0
63199,-0.8
63200,0.8
63201,2.4
63202,4
63203,0.8
63204,2.4
63205,1.6
63206,4
63207,-3.2
63208,0.8
63209,4
63210,2.4
63211,3.2
63212,-1.6
63213,0.8
63214,1.6
63215,-1.6
63216,-0.8
63217,0
63218,0
63219,0.8
63220,-0.8
63221,1.6
63222,0
63223,-2.4
63224,0.8
63225,-0.8
63226,0.8
63227,-0.8
63228,-2.4
63229,0
63230,0
63231,0.8
63232,-2.4
63233,1.6
63234,-4.8
63235,-0.8
63236,1.6
63237,-3.2
63238,0
63239,0.8
63240,0.8
63241,0
63242,-1.6
63243,1.6
63244,0
63245,1.6
63246,1.6
63247,0.8
63248,-0.8
63249,-0.8
63250,2.4
63251,2.4
63252,0.8
63253,0
63254,-4
63255,0
63256,0.8
63257,2.4
63258,-0.8
63259,0
63260,2.4
63261,2.4
63262,-3.2
63263,-0.8
63264,-5.6
63265,-1.6
63266,-0.8
63267,1.6
63268,-4
63269,0.8
63270,1.6
63271,0
63272,0
63273,0
63274,-3.2
63275,0.8
63276,0
63277,0.8
63278,-2.4
63279,-0.8
63280,4
63281,-0.8
63282,0.8
63283,2.4
63284,-0.8
63285,-0.8
63286,0
63287,4
63288,2.4
63289,0
63290,1.6
63291,-0.8
63292,-0.8
63293,-1.6
63294,0.8
63295,4
63296,0.8
63297,1.6
63298,-0.8
63299,0
63300,2.4
63301,-0.8
63302,-3.2
63303,5.6
63304,-0.8
63305,0
63306,0
63307,0.8
63308,2.4
63309,3.2
63310,0.8
63311,2.4
63312,-3.2
63313,0
63314,0.8
63315,-0.8
63316,-1.6
63317,-0.8
63318,-1.6
63319,2.4
63320,0
63321,-6.4
63322,-0.8
63323,0
63324,-0.8
63325,-0.8
63326,0
63327,2.4
63328,-0.8
63329,-0.8
63330,-0.8
63331,-0.8
63332,-0.8
63333,-0.8
63334,2.4
63335,-0.8
63336,-1.6
63337,-1.6
63338,0
63339,-1.6
63340,-0.8
63341,0
63342,0.8
63343,-1.6
63344,0.8
63345,1.6
63346,0
63347,0
63348,1.6
63349,0
63350,4
63351,0
63352,-0.8
63353,3.2
63354,1.6
63355,4
63356,2.4
63357,0.8
63358,-3.2
63359,0.8
63360,0.8
63361,0
63362,0.8
63363,0.8
63364,0.8
63365,0.8
63366,0
63367,0
63368,-0.8
63369,-2.4
63370,0.8
63371,-1.6
63372,0
63373,-0.8
63374,-4
63375,-0.8
63376,2.4
63377,0.8
63378,-1.6
63379,-0.8
63380,1.6
63381,0.8
63382,-1.6
63383,-1.6
63384,4
63385,0
63386,0.8
63387,2.4
63388,-1.6
63389,-1.6
63390,2.4
63391,1.6
63392,2.4
63393,0.8
63394,0.8
63395,0
63396,0.8
63397,0
63398,-0.8
63399,-1.6
63400,2.4
63401,-0.8
63402,-3.2
63403,3.2
63404,-0.8
63405,2.4
63406,0
63407,-1.6
63408,2.4
63409,2.4
63410,4
63411,0.8
63412,0.8
63413,0
63414,0.8
63415,-3.2
63416,0.8
63417,2.4
63418,1.6
63419,0
63420,0.8
63421,0
63422,0
63423,-2.4
63424,0
63425,-0.8
63426,-4.8
63427,2.4
63428,-0.8
63429,0
63430,1.6
63431,0.8
63432,1.6
63433,-1.6
63434,-1.6
63435,2.4
63436,-3.2
63437,2.4
63438,0.8
63439,2.4
63440,0
63441,-5.6
63442,0
63443,2.4
63444,2.4
63445,2.4
63446,0
63447,-1.6
63448,-2.4
63449,-1.6
63450,0.8
63451,0.8
63452,-0.8
63453,-1.6
63454,-0.8
63455,1.6
63456,3.2
63457,2.4
63458,0
63459,0.8
63460,3.2
63461,-0.8
63462,-0.8
63463,3.2
63464,0
63465,-0.8
63466,0
63467,0.8
63468,0
63469,2.4
63470,0
63471,2.4
63472,-0.8
63473,0.8
63474,-0.8
63475,0
63476,-0.8
63477,2.4
63478,-1.6
63479,-1.6
63480,-3.2
63481,-1.6
63482,2.4
63483,-3.2
63484,-0.8
63485,0
63486,0.8
63487,2.4
63488,0
63489,0.8
63490,0.8
63491,-0.8
63492,-3.2
63493,0.8
63494,0
63495,-3.2
63496,0.8
63497,-3.2
63498,-1.6
63499,-0.8
63500,4
63501,-2.4
63502,2.4
63503,0
63504,-2.4
63505,0
63506,0
63507,0
63508,-1.6
63509,0
63510,-5.6
63511,-5.6
63512,-5.6
63513,-1.6
63514,-2.4
63515,-0.8
63516,-1.6
63517,-1.6
63518,0.8
63519,0
63520,-0.8
63521,0
63522,-2.4
63523,-2.4
63524,0
63525,0.8
63526,0
63527,1.6
63528,0
63529,2.4
63530,-1.6
63531,-0.8
63532,1.6
63533,0
63534,-0.8
63535,-4
63536,1.6
63537,-10.4
63538,2.4
63539,0.8
63540,-4
63541,-1.6
63542,2.4
63543,2.4
63544,-0.8
63545,0.8
63546,0
63547,-1.6
63548,0.8
63549,3.2
63550,0.8
63551,0.8
63552,2.4
63553,0.8
63554,-0.8
63555,-1.6
63556,0.8
63557,0.8
63558,0
63559,-3.2
63560,0
63561,1.6
63562,1.6
63563,0
63564,1.6
63565,0
63566,-0.8
63567,-0.8
63568,0.8
63569,1.6
63570,-0.8
63571,-3.2
63572,0
63573,0.8
63574,0
63575,-2.4
63576,0.8
63577,0
63578,-0.8
63579,1.6
63580,0.8
63581,-0.8
63582,-4
63583,-1.6
63584,0
63585,0
63586,-0.8
63587,2.4
63588,-1.6
63589,-1.6
63590,0.8
63591,0.8
63592,0
63593,2.4
63594,-1.6
63595,0
63596,0
63597,2.4
63598,2.4
63599,-1.6
63600,0
63601,0
63602,0.8
63603,2.4
63604,0.8
63605,2.4
63606,-1.6
63607,0.8
63608,-1.6
63609,0
63610,0.8
63611,0.8
63612,0.8
63613,2.4
63614,-0.8
63615,-1.6
63616,0.8
63617,-0.8
63618,0
63619,-1.6
63620,0
63621,-0.8
63622,0
63623,0.8
63624,2.4
63625,-1.6
63626,-4
63627,0.8
63628,-1.6
63629,-0.8
63630,0
63631,-0.8
63632,-1.6
63633,0
63634,-0.8
63635,-0.8
63636,-2.4
63637,-3.2
63638,-3.2
63639,-2.4
63640,2.4
63641,-3.2
63642,-1.6
63643,-3.2
63644,0
63645,-0.8
63646,0
63647,-2.4
63648,3.2
63649,0.8
63650,0
63651,0.8
63652,0
63653,-3.2
63654,4
63655,2.4
63656,0
63657,0.8
63658,1.6
63659,-0.8
63660,-1.6
63661,-3.2
63662,-4.8
63663,0
63664,4
63665,0
63666,-3.2
63667,-0.8
63668,-0.8
63669,4
63670,-3.2
63671,2.4
63672,-3.2
63673,-0.8
63674,-0.8
63675,-3.2
63676,0
63677,-0.8
63678,-8.8
63679,0.8
63680,0.8
63681,-1.6
63682,0
63683,-3.2
63684,-1.6
63685,-0.8
63686,1.6
63687,0.8
63688,-2.4
63689,0.8
63690,0
63691,0
63692,0.8
63693,2.4
63694,0
63695,0.8
63696,-1.6
63697,2.4
63698,1.6
63699,0.8
63700,0.8
63701,0
63702,-3.2
63703,0
63704,0
63705,2.4
63706,2.4
63707,-0.8
63708,-0.8
63709,0.8
63710,0.8
63711,2.4
63712,0
63713,-3.2
63714,-1.6
63715,1.6
63716,-2.4
63717,0
63718,-1.6
63719,-1.6
63720,-0.8
63721,0
63722,0.8
63723,-3.2
63724,-2.4
63725,-2.4
63726,-0.8
63727,0.8
63728,2.4
63729,-0.8
63730,-0.8
63731,-1.6
63732,-0.8
63733,0.8
63734,0.8
63735,0.8
63736,4
63737,0.8
63738,-4
63739,-1.6
63740,-0.8
63741,-0.8
63742,0
63743,3.2
63744,0.8
63745,0.8
63746,-1.6
63747,-0.8
63748,-0.8
63749,3.2
63750,0.8
63751,-0.8
63752,0
63753,-3.2
63754,1.6
63755,0.8
63756,0.8
63757,-8.8
63758,-0.8
63759,0.8
63760,-0.8
63761,-0.8
63762,-3.2
63763,0
63764,0.8
63765,-0.8
63766,-3.2
63767,2.4
63768,-1.6
63769,0
63770,-0.8
63771,0
63772,-3.2
63773,-1.6
63774,0.8
63775,0
63776,2.4
63777,0.8
63778,-1.6
63779,-0.8
63780,0
63781,0.8
63782,0.8
63783,0.8
63784,2.4
63785,0
63786,0.8
63787,0.8
63788,0.8
63789,0
63790,0.8
63791,0
63792,7.2
63793,2.4
63794,0.8
63795,0.8
63796,-1.6
63797,2.4
63798,0.8
63799,-3.2
63800,-0.8
63801,-3.2
63802,2.4
63803,2.4
63804,3.2
63805,-0.8
63806,0
63807,-0.8
63808,0.8
63809,0
63810,0.8
63811,0.8
63812,0.8
63813,-2.4
63814,-1.6
63815,0.8
63816,-0.8
63817,-0.8
63818,0.8
63819,-2.4
63820,-3.2
63821,-3.2
63822,0
63823,-3.2
63824,-0.8
63825,0.8
63826,-0.8
63827,3.2
63828,-3.2
63829,-1.6
63830,-0.8
63831,0.8
63832,0
63833,0
63834,-3.2
63835,0.8
63836,-0.8
63837,0
63838,1.6
63839,0
63840,0
63841,0.8
63842,-0.8
63843,0.8
63844,0
63845,-3.2
63846,-0.8
63847,-0.8
63848,-3.2
63849,-0.8
63850,0.8
63851,2.4
63852,-2.4
63853,0
63854,0
63855,2.4
63856,-0.8
63857,1.6
63858,5.6
63859,0.8
63860,0
63861,0
63862,-0.8
63863,-3.2
63864,2.4
63865,-4.8
63866,0
63867,0
63868,1.6
63869,2.4
63870,0.8
63871,-3.2
63872,-3.2
63873,0
63874,-0.8
63875,0.8
63876,-3.2
63877,-3.2
63878,-0.8
63879,0
63880,0.8
63881,-3.2
63882,-4.8
63883,-1.6
63884,0
63885,-2.4
63886,0
63887,2.4
63888,-0.8
63889,-1.6
63890,0
63891,-0.8
63892,-1.6
63893,0.8
63894,0.8
63895,0.8
63896,-1.6
63897,0.8
63898,-0.8
63899,2.4
63900,1.6
63901,-1.6
63902,-1.6
63903,1.6
63904,-3.2
63905,0.8
63906,2.4
63907,0
63908,-4
63909,0.8
63910,-3.2
63911,0.8
63912,-3.2
63913,-0.8
63914,0.8
63915,-0.8
63916,4
63917,2.4
63918,0
63919,0
63920,-0.8
63921,-0.8
63922,-0.8
63923,-0.8
63924,0
63925,-0.8
63926,-8.8
63927,0.8
63928,-1.6
63929,0.8
63930,0
63931,-0.8
63932,-0.8
63933,-1.6
63934,0.8
63935,1.6
63936,-1.6
63937,-0.8
63938,0
63939,-0.8
63940,0
63941,0
63942,1.6
63943,-0.8
63944,0
63945,-0.8
63946,0
63947,0.8
63948,0
63949,-3.2
63950,0
63951,-1.6
63952,-3.2
63953,2.4
63954,2.4
63955,0.8
63956,0
63957,2.4
63958,-0.8
63959,-0.8
63960,-8.8
63961,-0.8
63962,4
63963,0
63964,-0.8
63965,-1.6
63966,-3.2
63967,0.8
63968,-3.2
63969,2.4
63970,2.4
63971,2.4
63972,0
63973,0.8
63974,-0.8
63975,0
63976,-0.8
63977,0
63978,0
63979,1.6
63980,-1.6
63981,-0.8
63982,0
63983,2.4
63984,2.4
63985,0.8
63986,0.8
63987,0
63988,-3.2
63989,-1.6
63990,-1.6
63991,0
63992,2.4
63993,-4
63994,0
63995,0.8
63996,0.8
63997,-0.8
63998,-1.6
63999,-4
64000,-1.6
64001,0.8
64002,3.2
64003,-0.8
64004,0.8
64005,-0.8
64006,3.2
64007,-1.6
64008,-1.6
64009,0.8
64010,-4
64011,-3.2
64012,2.4
64013,-3.2
64014,-1.6
64015,-0.8
64016,-1.6
64017,-3.2
64018,0.8
64019,0
64020,-4
64021,0
64022,-0.8
64023,-3.2
64024,-0.8
64025,-4
64026,-3.2
64027,-0.8
64028,0
64029,-3.2
64030,-0.8
64031,-1.6
64032,-0.8
64033,0
64034,2.4
64035,-3.2
64036,-1.6
64037,0.8
64038,1.6
64039,-0.8
64040,1.6
64041,0
64042,-0.8
64043,0
64044,0
64045,0
64046,0.8
64047,-0.8
64048,0
64049,0
64050,-0.8
64051,2.4
64052,1.6
64053,0
64054,0
64055,-3.2
64056,-3.2
64057,0.8
64058,4
64059,2.4
64060,3.2
64061,-1.6
64062,0.8
64063,2.4
64064,2.4
64065,0
64066,0.8
64067,0
64068,-2.4
64069,-0.8
64070,-1.6
64071,1.6
64072,0
64073,0
64074,0
64075,0.8
64076,0
64077,0
64078,-2.4
64079,0.8
64080,1.6
64081,0
64082,-3.2
64083,-6.4
64084,2.4
64085,0.8
64086,2.4
64087,0.8
64088,-3.2
64089,2.4
64090,2.4
64091,0.8
64092,0.8
64093,-1.6
64094,-0.8
64095,0
64096,2.4
64097,2.4
64098,0.8
64099,-0.8
64100,-1.6
64101,1.6
64102,0
64103,-0.8
64104,-1.6
64105,-2.4
64106,-1.6
64107,0
64108,2.4
64109,0.8
64110,2.4
64111,2.4
64112,-2.4
64113,-4.8
64114,-2.4
64115,-4.8
64116,0
64117,-4.8
64118,0.8
64119,-2.4
64120,0.8
64121,0.8
64122,1.6
64123,0
64124,-0.8
64125,0
64126,-0.8
64127,0
64128,-0.8
64129,0
64130,0.8
64131,-0.8
64132,-0.8
64133,-0.8
64134,0
64135,-0.8
64136,0.8
64137,0
64138,-0.8
64139,-0.8
64140,-0.8
64141,2.4
64142,0.8
64143,-3.2
64144,0
64145,0
64146,0
64147,0
64148,0
64149,0.8
64150,-3.2
64151,0
64152,0
64153,3.2
64154,-1.6
64155,-3.2
64156,-1.6
64157,-0.8
64158,0
64159,0
64160,2.4
64161,2.4
64162,0.8
64163,-1.6
64164,-0.8
64165,-3.2
64166,0
64167,-0.8
64168,0
64169,1.6
64170,0
64171,0.8
64172,-3.2
64173,0.8
64174,4
64175,-0.8
64176,5.6
64177,-0.8
64178,2.4
64179,-3.2
64180,2.4
64181,-2.4
64182,-1.6
64183,0.8
64184,2.4
64185,0.8
64186,1.6
64187,1.6
64188,0.8
64189,0
64190,-8
64191,2.4
64192,0
64193,2.4
64194,0.8
64195,2.4
64196,-1.6
64197,1.6
64198,0
64199,-0.8
64200,1.6
64201,0
64202,0.8
64203,0
64204,3.2
64205,-1.6
64206,-0.8
64207,0.8
64208,0
64209,3.2
64210,4
64211,-0.8
64212,0
64213,1.6
64214,1.6
64215,1.6
64216,0.8
64217,2.4
64218,-1.6
64219,2.4
64220,2.4
64221,-1.6
64222,0
64223,2.4
64224,-0.8
64225,-0.8
64226,-3.2
64227,0.8
64228,0
64229,-0.8
64230,0.8
64231,-1.6
64232,-0.8
64233,-3.2
64234,0.8
64235,-0.8
64236,0
64237,0
64238,2.4
64239,3.2
64240,2.4
64241,0.8
64242,0.8
64243,-0.8
64244,0
64245,0
64246,4
64247,5.6
64248,2.4
64249,0
64250,4
64251,0
64252,0.8
64253,-0.8
64254,4
64255,0.8
64256,0
64257,0
64258,3.2
64259,1.6
64260,0.8
64261,-1.6
64262,0
64263,-0.8
64264,0
64265,2.4
64266,4
64267,0.8
64268,0.8
64269,-0.8
64270,1.6
64271,1.6
64272,0
64273,0.8
64274,0
64275,1.6
64276,-3.2
64277,-0.8
64278,0
64279,-2.4
64280,0
64281,-0.8
64282,0
64283,0.8
64284,-0.8
64285,0
64286,0
64287,-1.6
64288,-0.8
64289,0
64290,-1.6
64291,-0.8
64292,0
64293,0.8
64294,2.4
64295,2.4
64296,-1.6
64297,0.8
64298,0
64299,-0.8
64300,0.8
64301,-3.2
64302,-3.2
64303,-0.8
64304,2.4
64305,0.8
64306,-5.6
64307,-9.6
64308,2.4
64309,2.4
64310,4
64311,-3.2
64312,0.8
64313,0
64314,0.8
64315,0
64316,2.4
64317,0
64318,-0.8
64319,0.8
64320,-4
64321,0
64322,-1.6
64323,-1.6
64324,0
64325,0
64326,0
64327,0
64328,-0.8
64329,-4
64330,2.4
64331,-0.8
64332,-0.8
64333,2.4
64334,0.8
64335,2.4
64336,7.2
64337,0.8
64338,2.4
64339,3.2
64340,2.4
64341,0
64342,2.4
64343,-2.4
64344,1.6
64345,0
64346,0.8
64347,1.6
64348,-1.6
64349,-0.8
64350,2.4
64351,2.4
64352,0
64353,-4
64354,2.4
64355,-0.8
64356,0
64357,0.8
64358,2.4
64359,0.8
64360,2.4
64361,4
64362,-3.2
64363,-1.6
64364,0
64365,-1.6
64366,0.8
64367,0.8
64368,0
64369,-1.6
64370,-3.2
64371,-0.8
64372,-3.2
64373,-0.8
64374,0
64375,-0.8
64376,0.8
64377,0.8
64378,-0.8
64379,-1.6
64380,0.8
64381,0
64382,0.8
64383,-0.8
64384,-3.2
64385,0
64386,-0.8
64387,-0.8
64388,4
64389,2.4
64390,-0.8
64391,-0.8
64392,-1.6
64393,-0.8
64394,-0.8
64395,5.6
64396,-1.6
64397,0.8
64398,-2.4
64399,0
64400,0.8
64401,-1.6
64402,3.2
64403,-3.2
64404,2.4
64405,-0.8
64406,-0.8
64407,-0.8
64408,2.4
64409,2.4
64410,0.8
64411,-0.8
64412,3.2
64413,-9.6
64414,-4
64415,1.6
64416,2.4
64417,0
64418,-1.6
64419,-0.8
64420,2.4
64421,1.6
64422,-1.6
64423,2.4
64424,0.8
64425,-1.6
64426,-1.6
64427,0
64428,0
64429,-4
64430,-0.8
64431,0
64432,-1.6
64433,0
64434,2.4
64435,-0.8
64436,0.8
64437,2.4
64438,-1.6
64439,0
64440,2.4
64441,0.8
64442,0
64443,-0.8
64444,5.6
64445,0.8
64446,-0.8
64447,4
64448,0
64449,0.8
64450,2.4
64451,0.8
64452,-0.8
64453,0
64454,5.6
64455,0
64456,0.8
64457,2.4
64458,0
64459,0.8
64460,0.8
64461,-0.8
64462,-3.2
64463,-3.2
64464,0
64465,0.8
64466,2.4
64467,-1.6
64468,-1.6
64469,-0.8
64470,-3.2
64471,4
64472,-1.6
64473,-1.6
64474,-0.8
64475,-3.2
64476,0
64477,-1.6
64478,0.8
64479,0
64480,0.8
64481,0
64482,0
64483,-1.6
64484,0.8
64485,0.8
64486,2.4
64487,5.6
64488,2.4
64489,0
64490,2.4
64491,-0.8
64492,-3.2
64493,-1.6
64494,-0.8
64495,0
64496,0.8
64497,2.4
64498,-0.8
64499,-0.8
64500,0
64501,2.4
64502,0.8
64503,-1.6
64504,0.8
64505,-4
64506,0.8
64507,-0.8
64508,0.8
64509,3.2
64510,0.8
64511,0
64512,0
64513,-0.8
64514,0
64515,-1.6
64516,-0.8
64517,0.8
64518,0
64519,0
64520,2.4
64521,0.8
64522,-4.8
64523,0
64524,-3.2
64525,0
64526,-0.8
64527,2.4
64528,0
64529,-1.6
64530,-1.6
64531,-0.8
64532,-3.2
64533,0
64534,0
64535,5.6
64536,4
64537,-3.2
64538,-3.2
64539,-1.6
64540,0
64541,-1.6
64542,0
64543,-1.6
64544,1.6
64545,2.4
64546,0
64547,-6.4
64548,-0.8
64549,0
64550,2.4
64551,0
64552,-0.8
64553,-1.6
64554,4
64555,2.4
64556,2.4
64557,0
64558,-4.8
64559,0
64560,2.4
64561,2.4
64562,3.2
64563,-0.8
64564,0
64565,-2.4
64566,7.2
64567,0.8
64568,0
64569,-2.4
64570,-4
64571,3.2
64572,-4
64573,-3.2
64574,4
64575,0.8
64576,0
64577,-0.8
64578,-0.8
64579,0
64580,3.2
64581,0
64582,-3.2
64583,0.8
64584,0
64585,-2.4
64586,0.8
64587,-0.8
64588,0
64589,-0.8
64590,1.6
64591,2.4
64592,2.4
64593,-1.6
64594,-3.2
64595,0.8
64596,-1.6
64597,3.2
64598,0.8
64599,-1.6
64600,1.6
64601,-1.6
64602,0
64603,1.6
64604,2.4
64605,0
64606,0
64607,-5.6
64608,0.8
64609,0
64610,0.8
64611,-0.8
64612,-1.6
64613,-1.6
64614,1.6
64615,0.8
64616,2.4
64617,0
64618,1.6
64619,0
64620,0.8
64621,0
64622,0.8
64623,2.4
64624,0.8
64625,-1.6
64626,-2.4
64627,0.8
64628,-1.6
64629,-0.8
64630,-0.8
64631,-3.2
64632,-3.2
64633,2.4
64634,0.8
64635,2.4
64636,0.8
64637,0
64638,7.2
64639,-0.8
64640,7.2
64641,0
64642,-2.4
64643,0.8
64644,2.4
64645,0.8
64646,-1.6
64647,0
64648,-3.2
64649,-1.6
64650,0
64651,-3.2
64652,-4
64653,9.6
64654,3.2
64655,-1.6
64656,-0.8
64657,4
64658,2.4
64659,4
64660,2.4
64661,2.4
64662,0
64663,5.6
64664,2.4
64665,0
64666,-0.8
64667,-2.4
64668,0
64669,-0.8
64670,-2.4
64671,1.6
64672,-3.2
64673,0
64674,-2.4
64675,-4
64676,-0.8
64677,-0.8
64678,-5.6
64679,-3.2
64680,1.6
64681,0.8
64682,-3.2
64683,-0.8
64684,0.8
64685,-3.2
64686,0.8
64687,0.8
64688,0
64689,-0.8
64690,0.8
64691,-0.8
64692,-1.6
64693,0.8
64694,0.8
64695,0
64696,0
64697,0.8
64698,-0.8
64699,0.8
64700,0
64701,0
64702,-0.8
64703,1.6
64704,1.6
64705,2.4
64706,-0.8
64707,2.4
64708,-1.6
64709,0.8
64710,0.8
64711,0.8
64712,0
64713,-15.2
64714,0
64715,0
64716,0.8
64717,2.4
64718,-1.6
64719,-1.6
64720,0
64721,0.8
64722,-2.4
64723,-3.2
64724,-0.8
64725,-0.8
64726,0
64727,-0.8
64728,-0.8
64729,-0.8
64730,0
64731,1.6
64732,0
64733,0
64734,0.8
64735,-0.8
64736,2.4
64737,4
64738,-0.8
64739,0
64740,0.8
64741,-3.2
64742,-0.8
64743,-0.8
64744,0.8
64745,-0.8
64746,0
64747,2.4
64748,0
64749,0
64750,-1.6
64751,-0.8
64752,-0.8
64753,2.4
64754,0
64755,0
64756,-0.8
64757,1.6
64758,0.8
64759,2.4
64760,-1.6
64761,6.4
64762,-1.6
64763,0
64764,-1.6
64765,-1.6
64766,0.8
64767,0
64768,0
64769,-0.8
64770,-1.6
64771,2.4
64772,-4
64773,-3.2
64774,-0.8
64775,-3.2
64776,0
64777,-1.6
64778,0
64779,-0.8
64780,0
64781,-0.8
64782,-0.8
64783,-1.6
64784,0
64785,-1.6
64786,2.4
64787,0
64788,-3.2
64789,-0.8
64790,0.8
64791,0
64792,0.8
64793,-1.6
64794,0.8
64795,0.8
64796,-3.2
64797,-0.8
64798,2.4
64799,3.2
64800,0.8
64801,-2.4
64802,0
64803,-1.6
64804,0.8
64805,-1.6
64806,3.2
64807,0.8
64808,1.6
64809,7.2
64810,2.4
64811,0
64812,-3.2
64813,-3.2
64814,-3.2
64815,0
64816,0.8
64817,0
64818,-0.8
64819,4
64820,0
64821,0.8
64822,-4
64823,-0.8
64824,-0.8
64825,0.8
64826,0.8
64827,0.8
64828,4
64829,0
64830,0
64831,0.8
64832,-1.6
64833,-1.6
64834,-0.8
64835,0.8
64836,0.8
64837,-3.2
64838,2.4
64839,0
64840,1.6
64841,0.8
64842,-0.8
64843,3.2
64844,0.8
64845,0.8
64846,-1.6
64847,1.6
64848,-0.8
64849,0
64850,0.8
64851,-3.2
64852,0
64853,0.8
64854,2.4
64855,2.4
64856,-1.6
64857,-0.8
64858,0
64859,-1.6
64860,0.8
64861,3.2
64862,-3.2
64863,2.4
64864,0
64865,0
64866,-1.6
64867,-0.8
64868,-4
64869,2.4
64870,0
64871,0
64872,-4
64873,-1.6
64874,0
64875,0.8
64876,0.8
64877,0
64878,0.8
64879,-4
64880,-3.2
64881,0
64882,-0.8
64883,-1.6
64884,-3.2
64885,-3.2
64886,2.4
64887,2.4
64888,0.8
64889,0.8
64890,0.8
64891,-3.2
64892,-3.2
64893,-0.8
64894,0.8
64895,2.4
64896,0.8
64897,2.4
64898,-0.8
64899,2.4
64900,0
64901,-4
64902,2.4
64903,-0.8
64904,2.4
64905,0
64906,-0.8
64907,0.8
64908,2.4
64909,4
64910,3.2
64911,4
64912,2.4
64913,-3.2
64914,0.8
64915,0
64916,0.8
64917,-2.4
64918,1.6
64919,2.4
64920,-4.8
64921,0.8
64922,0
64923,-0.8
64924,-1.6
64925,0
64926,-1.6
64927,0.8
64928,0
64929,-3.2
64930,0
64931,-0.8
64932,-1.6
64933,0
64934,1.6
64935,-1.6
64936,-1.6
64937,0.8
64938,-0.8
64939,0.8
64940,2.4
64941,-2.4
64942,0.8
64943,1.6
64944,0
64945,0
64946,-0.8
64947,2.4
64948,-0.8
64949,-0.8
64950,0
64951,0
64952,5.6
64953,-2.4
64954,4
64955,0
64956,3.2
64957,-0.8
64958,3.2
64959,-2.4
64960,3.2
64961,-1.6
64962,-4
64963,-2.4
64964,-3.2
64965,0.8
64966,0
64967,0.8
64968,-4.8
64969,-4
64970,-0.8
64971,0.8
64972,0.8
64973,2.4
64974,-1.6
64975,-0.8
64976,-0.8
64977,0
64978,0.8
64979,-2.4
64980,-0.8
64981,-0.8
64982,-1.6
64983,0.8
64984,-0.8
64985,-1.6
64986,0
64987,0.8
64988,-0.8
64989,1.6
64990,-0.8
64991,-0.8
64992,0.8
64993,0.8
64994,-0.8
64995,-0.8
64996,-0.8
64997,0.8
64998,2.4
64999,4
65000,0
65001,0.8
65002,-0.8
65003,-1.6
65004,0
65005,2.4
65006,0
65007,-3.2
65008,0.8
65009,2.4
65010,0
65011,-0.8
65012,-3.2
65013,0
65014,0
65015,0
65016,1.6
65017,-0.8
65018,-5.6
65019,-4
65020,-1.6
65021,-1.6
65022,-3.2
65023,2.4
65024,-2.4
65025,-2.4
65026,-0.8
65027,1.6
65028,3.2
65029,-3.2
65030,-1.6
65031,0
65032,0
65033,0.8
65034,0
65035,-4
65036,0
65037,-2.4
65038,1.6
65039,2.4
65040,-2.4
65041,0.8
65042,-2.4
65043,2.4
65044,-0.8
65045,4
65046,2.4
65047,0
65048,0.8
65049,0.8
65050,-3.2
65051,-1.6
65052,-4
65053,0.8
65054,-3.2
65055,-3.2
65056,-0.8
65057,0
65058,2.4
65059,0
65060,0
65061,2.4
65062,0
65063,-3.2
65064,-3.2
65065,0.8
65066,0
65067,-1.6
65068,0.8
65069,0.8
65070,0.8
65071,1.6
65072,-3.2
65073,0.8
65074,0
65075,0.8
65076,2.4
65077,-4
65078,-4
65079,-3.2
65080,-0.8
65081,0
65082,0
65083,1.6
65084,0.8
65085,-0.8
65086,-0.8
65087,-0.8
65088,2.4
65089,-0.8
65090,-0.8
65091,0
65092,0
65093,0
65094,2.4
65095,0
65096,0
65097,-0.8
65098,0.8
65099,1.6
65100,1.6
65101,0.8
65102,0.8
65103,-1.6
65104,2.4
65105,0
65106,1.6
65107,0
65108,-3.2
65109,0.8
65110,-3.2
65111,-7.2
65112,4
65113,0
65114,2.4
65115,0.8
65116,0
65117,-1.6
65118,0
65119,-0.8
65120,4
65121,0
65122,-4
65123,4
65124,0.8
65125,2.4
65126,-0.8
65127,-1.6
65128,-0.8
65129,-0.8
65130,0.8
65131,0.8
65132,0
65133,0
65134,0
65135,-0.8
65136,-0.8
65137,-1.6
65138,1.6
65139,2.4
65140,0
65141,2.4
65142,2.4
65143,0
65144,0.8
65145,-0.8
65146,0.8
65147,2.4
65148,0
65149,-3.2
65150,-2.4
65151,-0.8
65152,0.8
65153,2.4
65154,2.4
65155,-0.8
65156,-3.2
65157,0.8
65158,2.4
65159,4
65160,0.8
65161,2.4
65162,-1.6
65163,-1.6
65164,-0.8
65165,5.6
65166,0.8
65167,-3.2
65168,-4
65169,0
65170,2.4
65171,0.8
65172,-0.8
65173,2.4
65174,-3.2
65175,0
65176,4
65177,-4
65178,0
65179,-5.6
65180,-0.8
65181,2.4
65182,0
65183,4
65184,2.4
65185,-1.6
65186,3.2
65187,0
65188,-0.8
65189,4
65190,2.4
65191,-0.8
65192,0
65193,0.8
65194,-2.4
65195,0
65196,0.8
65197,0.8
65198,0.8
65199,0.8
65200,4
65201,-2.4
65202,-1.6
65203,0.8
65204,-4
65205,0
65206,2.4
65207,-4
65208,0
65209,0.8
65210,1.6
65211,0.8
65212,-2.4
65213,0.8
65214,-2.4
65215,0
65216,-0.8
65217,-0.8
65218,-1.6
65219,-0.8
65220,4
65221,4
65222,0
65223,-3.2
65224,0.8
65225,1.6
65226,0.8
65227,-0.8
65228,2.4
65229,-0.8
65230,0
65231,0
65232,-2.4
65233,0
65234,0
65235,-0.8
65236,-3.2
65237,-9.6
65238,-3.2
65239,0.8
65240,-1.6
65241,0.8
65242,-3.2
65243,-0.8
65244,-1.6
65245,-1.6
65246,-1.6
65247,2.4
65248,0.8
65249,1.6
65250,2.4
65251,-0.8
65252,1.6
65253,0.8
65254,0.8
65255,0.8
65256,-1.6
65257,-8.8
65258,0
65259,0
65260,2.4
65261,2.4
65262,0.8
65263,2.4
65264,0.8
65265,0.8
65266,0
65267,-2.4
65268,0.8
65269,2.4
65270,-3.2
65271,3.2
65272,-0.8
65273,0
65274,-1.6
65275,0
65276,3.2
65277,-1.6
65278,-0.8
65279,0
65280,-1.6
65281,0
65282,0
65283,-0.8
65284,2.4
65285,4
65286,-0.8
65287,-3.2
65288,-0.8
65289,0
65290,0.8
65291,0.8
65292,-0.8
65293,-2.4
65294,2.4
65295,-0.8
65296,-0.8
65297,0.8
65298,1.6
65299,3.2
65300,2.4
65301,0.8
65302,2.4
65303,0
65304,1.6
65305,0
65306,3.2
65307,0.8
65308,4
65309,0.8
65310,2.4
65311,-1.6
65312,0
65313,2.4
65314,2.4
65315,2.4
65316,2.4
65317,-3.2
65318,0
65319,-1.6
65320,-0.8
65321,-2.4
65322,-1.6
65323,0
65324,-0.8
65325,0
65326,-1.6
65327,2.4
65328,2.4
65329,0.8
65330,2.4
65331,0
65332,-3.2
65333,-0.8
65334,0.8
65335,2.4
65336,-0.8
65337,0.8
65338,-0.8
65339,0
65340,-3.2
65341,-2.4
65342,-0.8
65343,0
65344,-1.6
65345,0.8
65346,0
65347,0
65348,0.8
65349,-1.6
65350,0.8
65351,2.4
65352,4
65353,-4
65354,2.4
65355,-0.8
65356,-0.8
65357,0
65358,0
65359,0
65360,-0.8
65361,4
65362,2.4
65363,-0.8
65364,-1.6
65365,2.4
65366,0.8
65367,-3.2
65368,-1.6
65369,4
65370,-1.6
65371,-0.8
65372,-3.2
65373,0
65374,-8.8
65375,2.4
65376,0.8
65377,0
65378,0.8
65379,0
65380,0
65381,-3.2
65382,-2.4
65383,0
65384,5.6
65385,1.6
65386,0.8
65387,-1.6
65388,0
65389,-1.6
65390,-1.6
65391,0.8
65392,-0.8
65393,2.4
65394,2.4
65395,0.8
65396,0
65397,-0.8
65398,0
65399,16.799999
65400,0.8
65401,0.8
65402,0.8
65403,-2.4
65404,1.6
65405,2.4
65406,2.4
65407,0
65408,0.8
65409,-1.6
65410,0.8
65411,-3.2
65412,0.8
65413,-0.8
65414,0
65415,-0.8
65416,0
65417,-2.4
65418,-2.4
65419,0.8
65420,1.6
65421,0
65422,-3.2
65423,2.4
65424,-9.6
65425,2.4
65426,0
65427,-2.4
65428,-3.2
65429,-0.8
65430,2.4
65431,1.6
65432,-2.4
65433,1.6
65434,2.4
65435,1.6
65436,-4
65437,-3.2
65438,0.8
65439,0.8
65440,1.6
65441,0.8
65442,-0.8
65443,-1.6
65444,1.6
65445,0
65446,0.8
65447,4
65448,0.8
65449,3.2
65450,-3.2
65451,-3.2
65452,1.6
65453,4
65454,3.2
65455,0.8
65456,0.8
65457,0.8
65458,-1.6
65459,2.4
65460,0
65461,2.4
65462,-0.8
65463,-0.8
65464,-0.8
65465,0
65466,-1.6
65467,-0.8
65468,0
65469,-1.6
65470,0
65471,0
65472,0
65473,-0.8
65474,-3.2
65475,0.8
65476,-0.8
65477,-1.6
65478,0.8
65479,0
65480,0
65481,0.8
65482,-4
65483,0.8
65484,1.6
65485,-1.6
65486,0.8
65487,-2.4
65488,0.8
65489,-0.8
65490,0.8
65491,0
65492,0
65493,-0.8
65494,0.8
65495,-1.6
65496,-0.8
65497,0.8
65498,0.8
65499,0
65500,0
65501,0.8
65502,2.4
65503,-0.8
65504,0.8
65505,2.4
65506,0.8
65507,0
65508,2.4
65509,0
65510,5.6
65511,0.8
65512,-0.8
65513,0
65514,-0.8
65515,-3.2
65516,-3.2
65517,0
65518,0
65519,-0.8
65520,-0.8
65521,6.4
65522,0
65523,2.4
65524,2.4
65525,-1.6
65526,0.8
65527,-4
65528,-2.4
65529,-1.6
65530,0
65531,-0.8
65532,-5.6
65533,0
65534,-1.6
65535,0
65536,2.4
65537,-5.6
65538,2.4
65539,-4
65540,1.6
65541,0
65542,-0.8
65543,0.8
65544,4
65545,-1.6
65546,-0.8
65547,-3.2
65548,-1.6
65549,-5.6
65550,-0.8
65551,2.4
65552,0
65553,0.8
65554,0
65555,0.8
65556,0.8
65557,1.6
65558,-0.8
65559,-0.8
65560,2.4
65561,-4
65562,-5.6
65563,-3.2
65564,3.2
65565,0.8
65566,-3.2
65567,-0.8
65568,0
65569,0
65570,-1.6
65571,0
65572,0.8
65573,-1.6
65574,0.8
65575,-1.6
65576,-1.6
65577,-0.8
65578,4
65579,-3.2
65580,-0.8
65581,0.8
65582,0.8
65583,1.6
65584,0
65585,0.8
65586,-1.6
65587,1.6
65588,-4
65589,0.8
65590,-1.6
65591,2.4
65592,0.8
65593,-0.8
65594,2.4
65595,-0.8
65596,0
65597,-1.6
65598,-0.8
65599,0.8
65600,0.8
65601,4
65602,0.8
65603,-2.4
65604,0
65605,0
65606,-0.8
65607,0.8
65608,2.4
65609,-1.6
65610,-4
65611,5.6
65612,2.4
65613,-1.6
65614,0.8
65615,0.8
65616,0.8
65617,-0.8
65618,2.4
65619,-0.8
65620,0.8
65621,0
65622,-1.6
65623,-3.2
65624,-0.8
65625,-1.6
65626,-2.4
65627,0
65628,0
65629,0.8
65630,-0.8
65631,2.4
65632,0
65633,0
65634,-0.8
65635,-3.2
65636,-0.8
65637,0.8
65638,0.8
65639,-0.8
65640,0
65641,2.4
65642,-1.6
65643,-0.8
65644,0.8
65645,-3.2
65646,-2.4
65647,0
65648,-1.6
65649,0.8
65650,2.4
65651,0
65652,-1.6
65653,-0.8
65654,2.4
65655,4
65656,0
65657,-3.2
65658,-0.8
65659,3.2
65660,-0.8
65661,0
65662,-0.8
65663,-0.8
65664,2.4
65665,2.4
65666,0
65667,-9.6
65668,-3.2
65669,-0.8
65670,2.4
65671,5.6
65672,-0.8
65673,-3.2
65674,0
65675,-0.8
65676,0.8
65677,-0.8
65678,0
65679,0.8
65680,-2.4
65681,-0.8
65682,-2.4
65683,-4
65684,3.2
65685,-8.8
65686,0
65687,-0.8
65688,2.4
65689,0
65690,-0.8
65691,0.8
65692,0
65693,5.6
65694,0
65695,1.6
65696,0
65697,2.4
65698,0
65699,-1.6
65700,-0.8
65701,-1.6
65702,-1.6
65703,1.6
65704,2.4
65705,0.8
65706,0
65707,0
65708,0
65709,2.4
65710,4
65711,0
65712,-7.2
65713,2.4
65714,-3.2
65715,0
65716,0
65717,-1.6
65718,2.4
65719,0.8
65720,0.8
65721,0.8
65722,2.4
65723,0
65724,-1.6
65725,0
65726,-0.8
65727,0
65728,0
65729,-0.8
65730,4
65731,2.4
65732,-0.8
65733,0
65734,-1.6
65735,0
65736,2.4
65737,4
65738,7.2
65739,0
65740,0
65741,0.8
65742,0.8
65743,0
65744,0.8
65745,-4.8
65746,-0.8
65747,-1.6
65748,0.8
65749,2.4
65750,4
65751,-4
65752,-3.2
65753,0
65754,2.4
65755,0
65756,-0.8
65757,0
65758,2.4
65759,4
65760,0
65761,0.8
65762,-1.6
65763,0.8
65764,-0.8
65765,0.8
65766,0
65767,0
65768,-1.6
65769,0
65770,0
65771,0
65772,-0.8
65773,-2.4
65774,-2.4
65775,1.6
65776,-0.8
65777,0
65778,-3.2
65779,-1.6
65780,-0.8
65781,2.4
65782,0
65783,0.8
65784,0.8
65785,0
65786,0
65787,-0.8
65788,-0.8
65789,-1.6
65790,-1.6
65791,0
65792,-0.8
65793,0.8
65794,2.4
65795,2.4
65796,-1.6
65797,-3.2
65798,0
65799,2.4
65800,2.4
65801,2.4
65802,0
65803,-3.2
65804,-3.2
65805,0
65806,0.8
65807,0.8
65808,-0.8
65809,-1.6
65810,3.2
65811,2.4
65812,-0.8
65813,9.6
65814,0.8
65815,0
65816,-0.8
65817,1.6
65818,0.8
65819,2.4
65820,0.8
65821,0
65822,-1.6
65823,-2.4
65824,-1.6
65825,-2.4
65826,0.8
65827,-0.8
65828,-2.4
65829,-0.8
65830,-0.8
65831,0
65832,-0.8
65833,-1.6
65834,-3.2
65835,-2.4
65836,2.4
65837,-1.6
65838,-0.8
65839,-3.2
65840,-0.8
65841,0.8
65842,0
65843,0
65844,-0.8
65845,0
65846,0
65847,0
65848,0.8
65849,0
65850,0
65851,-1.6
65852,0
65853,0
65854,0
65855,-0.8
65856,0.8
65857,-0.8
65858,-0.8
65859,-0.8
65860,2.4
65861,4
65862,-2.4
65863,2.4
65864,0.8
65865,2.4
65866,2.4
65867,0
65868,0
65869,-1.6
65870,-5.6
65871,0
65872,-1.6
65873,0
65874,0.8
65875,-0.8
65876,-0.8
65877,-1.6
65878,0.8
65879,-4
65880,-0.8
65881,0
65882,-3.2
65883,4
65884,0
65885,0
65886,-1.6
65887,0.8
65888,0
65889,2.4
65890,0
65891,2.4
65892,1.6
65893,3.2
65894,5.6
65895,0
65896,0
65897,-0.8
65898,0.8
65899,-0.8
65900,2.4
65901,0.8
65902,0
65903,-0.8
65904,0.8
65905,0
65906,0.8
65907,-1.6
65908,-0.8
65909,-3.2
65910,2.4
65911,0
65912,2.4
65913,-3.2
65914,0
65915,0.8
65916,0
65917,0
65918,-2.4
65919,2.4
65920,3.2
65921,0
65922,-0.8
65923,-2.4
65924,0
65925,-2.4
65926,0
65927,2.4
65928,0.8
65929,0
65930,0
65931,-1.6
65932,-0.8
65933,0.8
65934,-0.8
65935,0
65936,2.4
65937,-0.8
65938,0.8
65939,2.4
65940,-3.2
65941,-0.8
65942,-1.6
65943,1.6
65944,2.4
65945,0.8
65946,-4
65947,2.4
65948,0
65949,0
65950,1.6
65951,1.6
65952,0.8
65953,-4.8
65954,4
65955,-0.8
65956,-4.8
65957,-0.8
65958,0
65959,-1.6
65960,2.4
65961,0
65962,1.6
65963,0
65964,4
65965,2.4
65966,0.8
65967,-1.6
65968,-0.8
65969,-2.4
65970,0
65971,0.8
65972,-0.8
65973,1.6
65974,2.4
65975,4
65976,2.4
65977,-1.6
65978,-3.2
65979,-0.8
65980,2.4
65981,2.4
65982,-1.6
65983,0
65984,0
65985,-1.6
65986,4
65987,0
65988,-2.4
65989,2.4
65990,-1.6
65991,0.8
65992,0
65993,0.8
65994,-2.4
65995,-0.8
65996,-0.8
65997,2.4
65998,0
65999,2.4
66000,0
66001,-1.6
66002,-3.2
66003,-0.8
66004,4
66005,4
66006,0
66007,1.6
66008,0.8
66009,-9.6
66010,-4
66011,0
66012,-0.8
66013,0.8
66014,-0.8
66015,0
66016,0
66017,0.8
66018,0
66019,1.6
66020,-3.2
66021,4
66022,0
66023,0.8
66024,2.4
66025,0
66026,0
66027,-3.2
66028,-3.2
66029,-3.2
66030,2.4
66031,2.4
66032,-2.4
66033,-0.8
66034,-1.6
66035,2.4
66036,-3.2
66037,2.4
66038,0
66039,3.2
66040,0.8
66041,2.4
66042,0.8
66043,3.2
66044,2.4
66045,1.6
66046,0
66047,-3.2
66048,0
66049,-1.6
66050,0.8
66051,-0.8
66052,-2.4
66053,2.4
66054,2.4
66055,2.4
66056,0.8
66057,0.8
66058,0
66059,0
66060,3.2
66061,0.8
66062,-4.8
66063,-4
66064,0.8
66065,-0.8
66066,0
66067,-0.8
66068,1.6
66069,-0.8
66070,4
66071,0.8
66072,-0.8
66073,-0.8
66074,0
66075,-1.6
66076,0
66077,-0.8
66078,-0.8
66079,0.8
66080,-2.4
66081,-0.8
66082,0
66083,0
66084,-0.8
66085,-4
66086,-2.4
66087,-2.4
66088,-0.8
66089,0.8
66090,0
66091,0.8
66092,2.4
66093,-0.8
66094,-0.8
66095,0
66096,2.4
66097,4
66098,0
66099,0.8
66100,0.8
66101,-3.2
66102,-7.2
66103,2.4
66104,3.2
66105,-3.2
66106,0
66107,0
66108,-0.8
66109,2.4
66110,2.4
66111,5.6
66112,0.8
66113,0.8
66114,0.8
66115,0.8
66116,0.8
66117,0
66118,3.2
66119,-1.6
66120,-2.4
66121,1.6
66122,-0.8
66123,0
66124,0.8
66125,-3.2
66126,0.8
66127,-0.8
66128,2.4
66129,-0.8
66130,0
66131,-1.6
66132,-0.8
66133,-0.8
66134,0
66135,-0.8
66136,0.8
66137,1.6
66138,6.4
66139,-0.8
66140,0
66141,2.4
66142,-3.2
66143,-2.4
66144,0.8
66145,-0.8
66146,0.8
66147,0
66148,0
66149,0
66150,1.6
66151,-0.8
66152,-0.8
66153,2.4
66154,-4
66155,0.8
66156,2.4
66157,0
66158,0
66159,0.8
66160,4
66161,0
66162,1.6
66163,0.8
66164,4
66165,0.8
66166,-0.8
66167,2.4
66168,1.6
66169,-0.8
66170,2.4
66171,0
66172,0.8
66173,0.8
66174,0
66175,0.8
66176,0
66177,0.8
66178,0
66179,-0.8
66180,0.8
66181,0
66182,-1.6
66183,-0.8
66184,-3.2
66185,0
66186,0.8
66187,1.6
66188,5.6
66189,0
66190,-1.6
66191,0
66192,0
66193,-2.4
66194,4
66195,0
66196,-2.4
66197,-1.6
66198,0
66199,0
66200,2.4
66201,2.4
66202,3.2
66203,-0.8
66204,4
66205,0.8
66206,0.8
66207,-1.6
66208,1.6
66209,-1.6
66210,1.6
66211,3.2
66212,0
66213,-0.8
66214,-3.2
66215,0.8
66216,-2.4
66217,0.8
66218,1.6
66219,2.4
66220,-0.8
66221,2.4
66222,-1.6
66223,-0.8
66224,-0.8
66225,-4
66226,-3.2
66227,0.8
66228,2.4
66229,-1.6
66230,-0.8
66231,-1.6
66232,0.8
66233,0
66234,2.4
66235,2.4
66236,0.8
66237,-4
66238,1.6
66239,-0.8
66240,-0.8
66241,0.8
66242,0
66243,-2.4
66244,0
66245,-0.8
66246,-1.6
66247,0
66248,1.6
66249,2.4
66250,2.4
66251,2.4
66252,0
66253,1.6
66254,2.4
66255,4
66256,1.6
66257,-0.8
66258,0
66259,0
66260,0
66261,2.4
66262,-3.2
66263,0
66264,0.8
66265,0.8
66266,-1.6
66267,0
66268,5.6
66269,-1.6
66270,0.8
66271,-1.6
66272,-4
66273,-0.8
66274,0
66275,-1.6
66276,-0.8
66277,2.4
66278,1.6
66279,0
66280,-0.8
66281,2.4
66282,2.4
66283,0.8
66284,-4
66285,0.8
66286,0
66287,-3.2
66288,-0.8
66289,0.8
66290,0.8
66291,2.4
66292,-0.8
66293,0
66294,0.8
66295,0.8
66296,3.2
66297,-4.8
66298,0.8
66299,0.8
66300,-4
66301,-1.6
66302,-0.8
66303,-0.8
66304,5.6
66305,2.4
66306,-4
66307,-0.8
66308,2.4
66309,0
66310,0.8
66311,0
66312,0.8
66313,2.4
66314,-1.6
66315,2.4
66316,0
66317,-0.8
66318,0
66319,0
66320,-0.8
66321,-0.8
66322,0
66323,-1.6
66324,-3.2
66325,-1.6
66326,-8.8
66327,-1.6
66328,0.8
66329,-2.4
66330,0.8
66331,-0.8
66332,-1.6
66333,-1.6
66334,2.4
66335,2.4
66336,0
66337,-1.6
66338,-1.6
66339,-2.4
66340,-0.8
66341,0
66342,-0.8
66343,-0.8
66344,1.6
66345,-3.2
66346,-0.8
66347,-1.6
66348,2.4
66349,2.4
66350,1.6
66351,-1.6
66352,-5.6
66353,-3.2
66354,-0.8
66355,-1.6
66356,2.4
66357,1.6
66358,2.4
66359,4
66360,0
66361,2.4
66362,2.4
66363,0
66364,0
66365,0.8
66366,4
66367,0.8
66368,0
66369,1.6
66370,-1.6
66371,0.8
66372,0
66373,0.8
66374,0
66375,0.8
66376,0
66377,-0.8
66378,-4
66379,-4
66380,0.8
66381,-1.6
66382,-2.4
66383,0
66384,0
66385,1.6
66386,-2.4
66387,2.4
66388,0.8
66389,0
66390,-1.6
66391,0
66392,-1.6
66393,0
66394,2.4
66395,0
66396,0.8
66397,-1.6
66398,-0.8
66399,2.4
66400,1.6
66401,0
66402,-0.8
66403,0.8
66404,-3.2
66405,-1.6
66406,2.4
66407,0.8
66408,1.6
66409,2.4
66410,4
66411,6.4
66412,0
66413,-3.2
66414,0.8
66415,0
66416,-0.8
66417,-4
66418,-1.6
66419,0.8
66420,1.6
66421,4
66422,-4.8
66423,0
66424,-0.8
66425,0
66426,-0.8
66427,0
66428,0
66429,0.8
66430,-0.8
66431,0
66432,2.4
66433,-2.4
66434,0
66435,-0.8
66436,-10.4
66437,0
66438,0
66439,0.8
66440,-1.6
66441,4
66442,-0.8
66443,0.8
66444,1.6
66445,0.8
66446,4
66447,-0.8
66448,0.8
66449,-0.8
66450,-1.6
66451,-2.4
66452,0.8
66453,1.6
66454,0.8
66455,-0.8
66456,0
66457,0.8
66458,-0.8
66459,2.4
66460,2.4
66461,0
66462,-4
66463,0
66464,-2.4
66465,4
66466,0.8
66467,-0.8
66468,-3.2
66469,-2.4
66470,0.8
66471,0
66472,0.8
66473,-3.2
66474,-2.4
66475,-1.6
66476,-0.8
66477,4
66478,2.4
66479,5.6
66480,1.6
66481,-2.4
66482,-0.8
66483,0
66484,-0.8
66485,0.8
66486,-5.6
66487,0.8
66488,-0.8
66489,2.4
66490,0.8
66491,0
66492,1.6
66493,-3.2
66494,2.4
66495,-1.6
66496,2.4
66497,2.4
66498,0
66499,-1.6
66500,-3.2
66501,1.6
66502,0
66503,0
66504,-3.2
66505,0
66506,2.4
66507,-3.2
66508,-1.6
66509,0.8
66510,0.8
66511,0.8
66512,0
66513,3.2
66514,-0.8
66515,0.8
66516,0.8
66517,0
66518,0.8
66519,0.8
66520,-3.2
66521,-0.8
66522,-2.4
66523,-1.6
66524,-1.6
66525,0.8
66526,-3.2
66527,0
66528,0
66529,-0.8
66530,0
66531,1.6
66532,-0.8
66533,0.8
66534,2.4
66535,3.2
66536,2.4
66537,3.2
66538,0.8
66539,-0.8
66540,0
66541,0.8
66542,0.8
66543,0
66544,-3.2
66545,0.8
66546,-3.2
66547,0
66548,-0.8
66549,-0.8
66550,1.6
66551,0.8
66552,2.4
66553,0
66554,-8
66555,2.4
66556,2.4
66557,2.4
66558,-3.2
66559,2.4
66560,-4
66561,0.8
66562,-3.2
66563,-4
66564,0
66565,1.6
66566,0
66567,0
66568,0.8
66569,4
66570,-0.8
66571,-0.8
66572,0
66573,-0.8
66574,0
66575,-2.4
66576,1.6
66577,0
66578,0
66579,-0.8
66580,0.8
66581,1.6
66582,0
66583,-3.2
66584,0.8
66585,-2.4
66586,3.2
66587,2.4
66588,-4
66589,2.4
66590,0.8
66591,1.6
66592,0
66593,2.4
66594,-4.8
66595,0
66596,0.8
66597,0
66598,0
66599,1.6
66600,-0.8
66601,2.4
66602,2.4
66603,0
66604,-1.6
66605,-0.8
66606,1.6
66607,0.8
66608,0.8
66609,2.4
66610,-3.2
66611,2.4
66612,1.6
66613,-0.8
66614,1.6
66615,2.4
66616,-1.6
66617,0
66618,-0.8
66619,-3.2
66620,5.6
66621,2.4
66622,2.4
66623,0.8
66624,0.8
66625,2.4
66626,0.8
66627,0.8
66628,0.8
66629,0
66630,1.6
66631,0
66632,0
66633,-0.8
66634,0
66635,0
66636,-3.2
66637,-3.2
66638,-0.8
66639,0.8
66640,0
66641,0.8
66642,-3.2
66643,0.8
66644,0.8
66645,-2.4
66646,-1.6
66647,0.8
66648,4
66649,0.8
66650,2.4
66651,-0.8
66652,-0.8
66653,0.8
66654,0.8
66655,1.6
66656,0
66657,-2.4
66658,-1.6
66659,-3.2
66660,1.6
66661,-0.8
66662,-4
66663,0.8
66664,6.4
66665,4
66666,-0.8
66667,2.4
66668,-1.6
66669,-0.8
66670,-1.6
66671,2.4
66672,0
66673,-0.8
66674,0
66675,0.8
66676,-1.6
66677,-1.6
66678,2.4
66679,4
66680,0
66681,-2.4
66682,0
66683,-0.8
66684,-0.8
66685,-0.8
66686,-3.2
66687,-9.6
66688,0.8
66689,2.4
66690,-0.8
66691,-0.8
66692,-3.2
66693,0.8
66694,0.8
66695,0
66696,0
66697,4
66698,0.8
66699,0.8
66700,1.6
66701,2.4
66702,4
66703,2.4
66704,-0.8
66705,0
66706,-0.8
66707,-0.8
66708,-1.6
66709,0.8
66710,2.4
66711,-2.4
66712,3.2
66713,0
66714,0.8
66715,2.4
66716,1.6
66717,0
66718,0.8
66719,0
66720,-0.8
66721,-0.8
66722,0.8
66723,0
66724,0
66725,2.4
66726,-0.8
66727,-4
66728,0
66729,-1.6
66730,0.8
66731,0.8
66732,0
66733,-0.8
66734,-1.6
66735,0
66736,0.8
66737,-0.8
66738,-0.8
66739,2.4
66740,0.8
66741,2.4
66742,-1.6
66743,-0.8
66744,-7.2
66745,2.4
66746,0.8
66747,0.8
66748,0
66749,-0.8
66750,2.4
66751,0.8
66752,-4
66753,1.6
66754,0.8
66755,2.4
66756,0.8
66757,0
66758,2.4
66759,0
66760,-3.2
66761,0
66762,-3.2
66763,-2.4
66764,0
66765,0.8
66766,0
66767,-0.8
66768,-1.6
66769,0
66770,-3.2
66771,-0.8
66772,-1.6
66773,2.4
66774,2.4
66775,2.4
66776,2.4
66777,0.8
66778,-0.8
66779,-1.6
66780,0
66781,0
66782,-1.6
66783,0
66784,0
66785,4
66786,-0.8
66787,0.8
66788,0
66789,0
66790,-0.8
66791,-0.8
66792,1.6
66793,-0.8
66794,3.2
66795,0.8
66796,-3.2
66797,-0.8
66798,0.8
66799,-3.2
66800,-3.2
66801,0
66802,2.4
66803,0.8
66804,0.8
66805,0.8
66806,0.8
66807,0
66808,-0.8
66809,0
66810,5.6
66811,2.4
66812,0.8
66813,2.4
66814,-0.8
66815,2.4
66816,2.4
66817,0
66818,0
66819,0
66820,1.6
66821,-1.6
66822,0
66823,-0.8
66824,0
66825,2.4
66826,3.2
66827,-0.8
66828,0
66829,-0.8
66830,0
66831,0.8
66832,-0.8
66833,2.4
66834,0
66835,-3.2
66836,-0.8
66837,-0.8
66838,2.4
66839,-2.4
66840,0.8
66841,4
66842,-0.8
66843,3.2
66844,-0.8
66845,2.4
66846,1.6
66847,0.8
66848,0
66849,0.8
66850,-1.6
66851,-1.6
66852,-3.2
66853,0.8
66854,0
66855,3.2
66856,-0.8
66857,-5.6
66858,-2.4
66859,2.4
66860,4
66861,2.4
66862,-0.8
66863,-1.6
66864,-0.8
66865,-3.2
66866,-3.2
66867,0.8
66868,2.4
66869,2.4
66870,0
66871,0.8
66872,0
66873,2.4
66874,0.8
66875,0
66876,-0.8
66877,0.8
66878,0
66879,3.2
66880,-1.6
66881,0
66882,0
66883,2.4
66884,0
66885,-1.6
66886,0.8
66887,0.8
66888,-0.8
66889,0.8
66890,3.2
66891,2.4
66892,-0.8
66893,0
66894,-0.8
66895,0
66896,1.6
66897,-1.6
66898,0.8
66899,-3.2
66900,-1.6
66901,-0.8
66902,-4
66903,0.8
66904,0
66905,-0.8
66906,-0.8
66907,-6.4
66908,2.4
66909,0
66910,-3.2
66911,-4.8
66912,-2.4
66913,-4
66914,0.8
66915,0
66916,0
66917,0
66918,2.4
66919,0.8
66920,-0.8
66921,2.4
66922,0.8
66923,-3.2
66924,0
66925,-0.8
66926,1.6
66927,-3.2
66928,-0.8
66929,3.2
66930,-0.8
66931,-0.8
66932,-4.8
66933,-0.8
66934,2.4
66935,-0.8
66936,0.8
66937,2.4
66938,0
66939,-7.2
66940,-2.4
66941,0.8
66942,-0.8
66943,0.8
66944,-0.8
66945,3.2
66946,0
66947,-1.6
66948,0
66949,-2.4
66950,0.8
66951,0
66952,-0.8
66953,-2.4
66954,-0.8
66955,0
66956,-0.8
66957,-1.6
66958,0.8
66959,-4.8
66960,-0.8
66961,2.4
66962,0
66963,-4
66964,3.2
66965,-0.8
66966,2.4
66967,0
66968,-5.6
66969,1.6
66970,0.8
66971,2.4
66972,0.8
66973,0
66974,0.8
66975,0
66976,2.4
66977,-3.2
66978,0.8
66979,0
66980,2.4
66981,1.6
66982,0.8
66983,-0.8
66984,2.4
66985,0.8
66986,0.8
66987,3.2
66988,0
66989,2.4
66990,0.8
66991,2.4
66992,-4
66993,-4
66994,0
66995,0.8
66996,0.8
66997,0
66998,2.4
66999,0.8
67000,0.8
67001,-0.8
67002,0.8
67003,-0.8
67004,0.8
67005,3.2
67006,-1.6
67007,-4
67008,0.8
67009,0
67010,1.6
67011,0.8
67012,5.6
67013,-2.4
67014,-0.8
67015,-1.6
67016,-1.6
67017,-0.8
67018,0.8
67019,-1.6
67020,-3.2
67021,0
67022,2.4
67023,0
67024,2.4
67025,2.4
67026,-3.2
67027,2.4
67028,-0.8
67029,0.8
67030,0
67031,1.6
67032,0
67033,0
67034,0.8
67035,2.4
67036,0
67037,-3.2
67038,2.4
67039,0
67040,-0.8
67041,0
67042,-0.8
67043,-1.6
67044,3.2
67045,0
67046,-0.8
67047,-3.2
67048,0.8
67049,0
67050,0.8
67051,0
67052,0
67053,-0.8
67054,0
67055,0.8
67056,4
67057,0.8
67058,-0.8
67059,0
67060,-0.8
67061,2.4
67062,-1.6
67063,-2.4
67064,0
67065,0.8
67066,0
67067,-0.8
67068,-0.8
67069,-0.8
67070,0.8
67071,0
67072,-0.8
67073,0.8
67074,0.8
67075,-1.6
67076,-3.2
67077,0
67078,-4.8
67079,1.6
67080,-0.8
67081,1.6
67082,-0.8
67083,-0.8
67084,-1.6
67085,-0.8
67086,0.8
67087,0.8
67088,4
67089,-1.6
67090,0
67091,0
67092,-0.8
67093,0
67094,-1.6
67095,-3.2
67096,2.4
67097,0
67098,0.8
67099,0
67100,1.6
67101,2.4
67102,-0.8
67103,4
67104,-4
67105,-0.8
67106,0.8
67107,-1.6
67108,0.8
67109,0.8
67110,-1.6
67111,2.4
67112,2.4
67113,0.8
67114,-1.6
67115,0.8
67116,-0.8
67117,2.4
67118,-1.6
67119,-1.6
67120,-3.2
67121,0.8
67122,0.8
67123,-2.4
67124,0
67125,1.6
67126,-3.2
67127,0
67128,-1.6
67129,-1.6
67130,-0.8
67131,-2.4
67132,-0.8
67133,-0.8
67134,-0.8
67135,0.8
67136,0.8
67137,0
67138,-0.8
67139,0.8
67140,-0.8
67141,0.8
67142,0
67143,0.8
67144,1.6
67145,-0.8
67146,2.4
67147,0
67148,2.4
67149,0.8
67150,-0.8
67151,-0.8
67152,-1.6
67153,0
67154,-3.2
67155,1.6
67156,2.4
67157,-0.8
67158,-1.6
67159,0
67160,3.2
67161,0
67162,0
67163,7.2
67164,0
67165,0
67166,1.6
67167,-0.8
67168,0.8
67169,0.8
67170,4
67171,2.4
67172,-1.6
67173,-1.6
67174,-0.8
67175,-0.8
67176,1.6
67177,0
67178,-4.8
67179,2.4
67180,-1.6
67181,1.6
67182,-1.6
67183,-1.6
67184,0
67185,4
67186,2.4
67187,0.8
67188,0
67189,0
67190,-0.8
67191,0.8
67192,0
67193,4
67194,-0.8
67195,0.8
67196,0.8
67197,-0.8
67198,0.8
67199,-0.8
67200,2.4
67201,0
67202,0
67203,-0.8
67204,-1.6
67205,1.6
67206,-1.6
67207,-5.6
67208,-3.2
67209,0
67210,0.8
67211,0
67212,4
67213,-10.4
67214,-4
67215,0
67216,1.6
67217,0.8
67218,-1.6
67219,-0.8
67220,0
67221,-1.6
67222,1.6
67223,2.4
67224,-3.2
67225,-1.6
67226,-3.2
67227,-0.8
67228,-4.8
67229,-3.2
67230,-0.8
67231,0.8
67232,2.4
67233,-1.6
67234,1.6
67235,1.6
67236,2.4
67237,-3.2
67238,0.8
67239,0.8
67240,-0.8
67241,5.6
67242,0
67243,0
67244,-0.8
67245,0.8
67246,-0.8
67247,-0.8
67248,0.8
67249,-2.4
67250,-1.6
67251,0
67252,0
67253,0.8
67254,-1.6
67255,2.4
67256,0
67257,-4
67258,4
67259,-0.8
67260,2.4
67261,2.4
67262,2.4
67263,-4.8
67264,-3.2
67265,0.8
67266,0.8
67267,-0.8
67268,0.8
67269,-3.2
67270,-3.2
67271,-3.2
67272,0
67273,-2.4
67274,-2.4
67275,-1.6
67276,0
67277,-2.4
67278,0.8
67279,0
67280,0
67281,0.8
67282,2.4
67283,-0.8
67284,-3.2
67285,-1.6
67286,0.8
67287,-0.8
67288,2.4
67289,4
67290,-3.2
67291,-0.8
67292,-1.6
67293,2.4
67294,0
67295,2.4
67296,0.8
67297,0.8
67298,0.8
67299,-0.8
67300,0.8
67301,2.4
67302,-2.4
67303,-2.4
67304,0
67305,2.4
67306,1.6
67307,0.8
67308,0
67309,1.6
67310,-1.6
67311,0
67312,-0.8
67313,1.6
67314,2.4
67315,-3.2
67316,0.8
67317,-1.6
67318,0.8
67319,-5.6
67320,-0.8
67321,-3.2
67322,0
67323,-3.2
67324,0
67325,0
67326,0
67327,-1.6
67328,0.8
67329,0.8
67330,-2.4
67331,0.8
67332,-2.4
67333,-1.6
67334,-2.4
67335,-0.8
67336,-3.2
67337,0.8
67338,0
67339,0.8
67340,0
67341,-1.6
67342,-5.6
67343,2.4
67344,-0.8
67345,-3.2
67346,-0.8
67347,-4.8
67348,-0.8
67349,0.8
67350,0.8
67351,-2.4
67352,2.4
67353,-1.6
67354,0.8
67355,3.2
67356,0.8
67357,0.8
67358,2.4
67359,-0.8
67360,-1.6
67361,-0.8
67362,2.4
67363,-1.6
67364,4
67365,2.4
67366,0.8
67367,2.4
67368,0
67369,-4
67370,2.4
67371,-2.4
67372,0
67373,-0.8
67374,-0.8
67375,0
67376,5.6
67377,-3.2
67378,0
67379,0.8
67380,-3.2
67381,2.4
67382,-1.6
67383,-0.8
67384,-0.8
67385,1.6
67386,-3.2
67387,-0.8
67388,4
67389,0
67390,0.8
67391,0
67392,-0.8
67393,1.6
67394,1.6
67395,2.4
67396,-0.8
67397,4
67398,-2.4
67399,0
67400,0
67401,0
67402,-0.8
67403,0.8
67404,0
67405,1.6
67406,2.4
67407,0.8
67408,0.8
67409,1.6
67410,0.8
67411,0
67412,-4
67413,-0.8
67414,-1.6
67415,4
67416,0.8
67417,-3.2
67418,0
67419,-2.4
67420,0.8
67421,1.6
67422,-3.2
67423,0
67424,0
67425,0
67426,-8.8
67427,0.8
67428,-0.8
67429,-0.8
67430,-3.2
67431,0.8
67432,0.8
67433,-0.8
67434,0
67435,0
67436,0
67437,-0.8
67438,-0.8
67439,0
67440,2.4
67441,2.4
67442,0.8
67443,-3.2
67444,-0.8
67445,1.6
67446,0
67447,0
67448,-6.4
67449,2.4
67450,-1.6
67451,0
67452,0.8
67453,-0.8
67454,-1.6
67455,2.4
67456,0.8
67457,0
67458,2.4
67459,0
67460,0.8
67461,2.4
67462,0
67463,0
67464,2.4
67465,0.8
67466,0
67467,-3.2
67468,6.4
67469,-4
67470,-0.8
67471,-1.6
67472,-1.6
67473,-0.8
67474,-3.2
67475,-4
67476,1.6
67477,0
67478,0.8
67479,-2.4
67480,-3.2
67481,-4
67482,-3.2
67483,0.8
67484,0
67485,-1.6
67486,-1.6
67487,-3.2
67488,0
67489,-3.2
67490,0
67491,2.4
67492,-1.6
67493,0.8
67494,-0.8
67495,0
67496,-0.8
67497,-2.4
67498,0
67499,-2.4
67500,0
67501,0
67502,-1.6
67503,1.6
67504,-0.8
67505,0
67506,4
67507,0
67508,1.6
67509,-0.8
67510,0.8
67511,-0.8
67512,-1.6
67513,0.8
67514,0
67515,-2.4
67516,-0.8
67517,5.6
67518,-3.2
67519,-1.6
67520,-0.8
67521,-4
67522,-1.6
67523,-2.4
67524,-0.8
67525,0.8
67526,2.4
67527,0
67528,-1.6
67529,-0.8
67530,-3.2
67531,2.4
67532,0.8
67533,0.8
67534,-0.8
67535,-3.2
67536,0
67537,0
67538,0
67539,0.8
67540,-0.8
67541,-2.4
67542,0.8
67543,-1.6
67544,-0.8
67545,1.6
67546,0.8
67547,-1.6
67548,7.2
67549,0.8
67550,-0.8
67551,2.4
67552,-0.8
67553,-1.6
67554,-3.2
67555,0
67556,-3.2
67557,-0.8
67558,-0.8
67559,-1.6
67560,0.8
67561,4
67562,-0.8
67563,0
67564,-5.6
67565,-1.6
67566,0
67567,-0.8
67568,-1.6
67569,-3.2
67570,-0.8
67571,-0.8
67572,-1.6
67573,-1.6
67574,0
67575,0
67576,0.8
67577,0
67578,-4.8
67579,-2.4
67580,-1.6
67581,0
67582,-1.6
67583,-4.8
67584,1.6
67585,2.4
67586,-1.6
67587,0
67588,0.8
67589,-2.4
67590,0
67591,-1.6
67592,0
67593,0.8
67594,-3.2
67595,2.4
67596,-1.6
67597,-0.8
67598,0
67599,0
67600,1.6
67601,0.8
67602,2.4
67603,1.6
67604,0.8
67605,0
67606,-0.8
67607,2.4
67608,4
67609,0.8
67610,0.8
67611,-8
67612,0
67613,0.8
67614,1.6
67615,-0.8
67616,2.4
67617,-1.6
67618,-0.8
67619,-4
67620,-3.2
67621,0
67622,1.6
67623,-3.2
67624,0.8
67625,0
67626,-1.6
67627,-0.8
67628,9.6
67629,0.8
67630,1.6
67631,0
67632,1.6
67633,0
67634,0.8
67635,-3.2
67636,-2.4
67637,-0.8
67638,2.4
67639,-1.6
67640,3.2
67641,-0.8
67642,-0.8
67643,1.6
67644,-0.8
67645,-0.8
67646,2.4
67647,2.4
67648,0.8
67649,-3.2
67650,0
67651,-0.8
67652,0.8
67653,2.4
67654,2.4
67655,2.4
67656,0.8
67657,0
67658,2.4
67659,-0.8
67660,2.4
67661,0
67662,0.8
67663,0
67664,4
67665,-0.8
67666,-0.8
67667,-0.8
67668,0.8
67669,2.4
67670,0.8
67671,0.8
67672,1.6
67673,0
67674,0
67675,0
67676,-1.6
67677,-0.8
67678,-3.2
67679,-3.2
67680,-1.6
67681,0.8
67682,2.4
67683,0.8
67684,0.8
67685,0.8
67686,-1.6
67687,-3.2
67688,0
67689,-3.2
67690,2.4
67691,2.4
67692,0
67693,4
67694,1.6
67695,0
67696,0
67697,1.6
67698,2.4
67699,2.4
67700,-0.8
67701,0.8
67702,0
67703,0
67704,3.2
67705,0.8
67706,0
67707,0
67708,0.8
67709,0
67710,4
67711,0.8
67712,0
67713,-1.6
67714,0.8
67715,2.4
67716,0
67717,-0.8
67718,-3.2
67719,0.8
67720,-1.6
67721,-0.8
67722,0.8
67723,-1.6
67724,0.8
67725,-0.8
67726,0
67727,0
67728,1.6
67729,0
67730,-3.2
67731,-3.2
67732,-0.8
67733,-0.8
67734,0.8
67735,2.4
67736,0.8
67737,-0.8
67738,3.2
67739,-2.4
67740,-0.8
67741,0
67742,-3.2
67743,2.4
67744,1.6
67745,2.4
67746,-3.2
67747,-0.8
67748,0.8
67749,0.8
67750,0.8
67751,-0.8
67752,-3.2
67753,-0.8
67754,0.8
67755,-0.8
67756,0.8
67757,-2.4
67758,-0.8
67759,-0.8
67760,0
67761,-0.8
67762,2.4
67763,-1.6
67764,-0.8
67765,-1.6
67766,0.8
67767,0.8
67768,1.6
67769,-3.2
67770,-0.8
67771,1.6
67772,0
67773,-2.4
67774,-0.8
67775,0.8
67776,-2.4
67777,2.4
67778,2.4
67779,2.4
67780,0
67781,-2.4
67782,0
67783,0
67784,-1.6
67785,-1.6
67786,2.4
67787,-2.4
67788,2.4
67789,-0.8
67790,0.8
67791,-0.8
67792,-3.2
67793,0
67794,0
67795,-1.6
67796,2.4
67797,0
67798,-3.2
67799,2.4
67800,-1.6
67801,-1.6
67802,-1.6
67803,0
67804,-0.8
67805,2.4
67806,2.4
67807,0
67808,-1.6
67809,2.4
67810,0
67811,0.8
67812,-0.8
67813,3.2
67814,2.4
67815,1.6
67816,0
67817,-1.6
67818,0.8
67819,2.4
67820,0
67821,-3.2
67822,2.4
67823,-2.4
67824,-2.4
67825,-0.8
67826,-0.8
67827,0
67828,0
67829,-1.6
67830,0
67831,0.8
67832,0
67833,-0.8
67834,0.8
67835,6.4
67836,2.4
67837,-3.2
67838,2.4
67839,0.8
67840,2.4
67841,0.8
67842,-1.6
67843,-3.2
67844,-1.6
67845,0.8
67846,-0.8
67847,-0.8
67848,3.2
67849,0
67850,0
67851,-1.6
67852,-1.6
67853,-3.2
67854,2.4
67855,2.4
67856,2.4
67857,0.8
67858,0.8
67859,-1.6
67860,0.8
67861,-3.2
67862,0.8
67863,-0.8
67864,-3.2
67865,-0.8
67866,0
67867,0.8
67868,-0.8
67869,-3.2
67870,0.8
67871,0
67872,0
67873,-4
67874,0.8
67875,0
67876,0.8
67877,-0.8
67878,-0.8
67879,1.6
67880,-3.2
67881,-0.8
67882,-0.8
67883,-3.2
67884,-1.6
67885,0
67886,4
67887,0.8
67888,0
67889,0
67890,0
67891,0.8
67892,0
67893,2.4
67894,-4
67895,0.8
67896,-4.8
67897,0
67898,12.8
67899,-0.8
67900,-0.8
67901,-1.6
67902,-0.8
67903,0
67904,2.4
67905,2.4
67906,0.8
67907,-1.6
67908,2.4
67909,-3.2
67910,-0.8
67911,-8.8
67912,3.2
67913,0
67914,0
67915,-1.6
67916,0
67917,0.8
67918,-3.2
67919,-4
67920,0
67921,0.8
67922,2.4
67923,0
67924,-3.2
67925,-1.6
67926,2.4
67927,2.4
67928,2.4
67929,0
67930,0.8
67931,-0.8
67932,1.6
67933,-0.8
67934,0.8
67935,-3.2
67936,-1.6
67937,0
67938,0.8
67939,-2.4
67940,1.6
67941,1.6
67942,2.4
67943,0
67944,0.8
67945,0
67946,0.8
67947,0.8
67948,2.4
67949,0.8
67950,-3.2
67951,0
67952,-0.8
67953,1.6
67954,-4
67955,2.4
67956,2.4
67957,4
67958,0
67959,0.8
67960,0
67961,0
67962,-3.2
67963,0.8
67964,2.4
67965,2.4
67966,0
67967,0.8
67968,0
67969,0
67970,0
67971,-0.8
67972,1.6
67973,0
67974,-3.2
67975,-1.6
67976,0.8
67977,3.2
67978,0
67979,0
67980,-0.8
67981,-0.8
67982,2.4
67983,0
67984,0
67985,0
67986,2.4
67987,-3.2
67988,0.8
67989,-0.8
67990,2.4
67991,0
67992,0
67993,0.8
67994,0.8
67995,-1.6
67996,0.8
67997,-0.8
67998,1.6
67999,0.8
68000,0
68001,0
68002,-1.6
68003,0.8
68004,-0.8
68005,0.8
68006,0.8
68007,-1.6
68008,0
68009,-2.4
68010,-1.6
68011,0
68012,2.4
68013,-2.4
68014,-5.6
68015,0
68016,0
68017,-1.6
68018,-2.4
68019,-3.2
68020,-1.6
68021,0
68022,0
68023,-0.8
68024,-3.2
68025,0
68026,-2.4
68027,-0.8
68028,0
68029,0
68030,0
68031,-0.8
68032,0
68033,0
68034,0.8
68035,0
68036,0
68037,0.8
68038,1.6
68039,-3.2
68040,-1.6
68041,0
68042,2.4
68043,0
68044,2.4
68045,0.8
68046,-3.2
68047,-3.2
68048,1.6
68049,2.4
68050,2.4
68051,0.8
68052,-1.6
68053,0
68054,-3.2
68055,3.2
68056,0
68057,-1.6
68058,-3.2
68059,-0.8
68060,0.8
68061,0
68062,-7.2
68063,2.4
68064,4
68065,-3.2
68066,3.2
68067,-1.6
68068,0.8
68069,-2.4
68070,-0.8
68071,-3.2
68072,0.8
68073,-0.8
68074,0
68075,0
68076,-0.8
68077,1.6
68078,2.4
68079,0
68080,-3.2
68081,0.8
68082,3.2
68083,0.8
68084,0.8
68085,-3.2
68086,-0.8
68087,2.4
68088,0
68089,0.8
68090,2.4
68091,-1.6
68092,-2.4
68093,0.8
68094,1.6
68095,2.4
68096,0
68097,1.6
68098,0
68099,0
68100,0
68101,0.8
68102,3.2
68103,0
68104,-3.2
68105,0.8
68106,-0.8
68107,0.8
68108,4
68109,2.4
68110,-4
68111,-3.2
68112,0
68113,0
68114,2.4
68115,0
68116,1.6
68117,0.8
68118,1.6
68119,0
68120,-0.8
68121,-0.8
68122,3.2
68123,-0.8
68124,-0.8
68125,0
68126,-0.8
68127,-4
68128,2.4
68129,0
68130,-4
68131,0
68132,0
68133,0.8
68134,0.8
68135,0.8
68136,-4
68137,-3.2
68138,2.4
68139,-0.8
68140,2.4
68141,-0.8
68142,-1.6
68143,0.8
68144,0.8
68145,-0.8
68146,0.8
68147,0
68148,-1.6
68149,-1.6
68150,0.8
68151,0
68152,0
68153,3.2
68154,-1.6
68155,0.8
68156,2.4
68157,1.6
68158,0.8
68159,-4
68160,2.4
68161,0
68162,0.8
68163,-0.8
68164,1.6
68165,0
68166,0.8
68167,-1.6
68168,0.8
68169,-2.4
68170,-0.8
68171,-0.8
68172,0
68173,1.6
68174,-2.4
68175,-1.6
68176,-1.6
68177,3.2
68178,-0.8
68179,-4
68180,0
68181,0
68182,0
68183,0.8
68184,1.6
68185,1.6
68186,-3.2
68187,-4
68188,-1.6
68189,-2.4
68190,2.4
68191,0.8
68192,-0.8
68193,4
68194,0.8
68195,-0.8
68196,-0.8
68197,1.6
68198,1.6
68199,1.6
68200,0
68201,2.4
68202,-1.6
68203,0
68204,-0.8
68205,1.6
68206,0
68207,1.6
68208,-2.4
68209,0.8
68210,0.8
68211,2.4
68212,0
68213,2.4
68214,2.4
68215,0.8
68216,0
68217,-0.8
68218,-1.6
68219,0
68220,0
68221,-4
68222,-0.8
68223,-1.6
68224,0.8
68225,0
68226,-0.8
68227,0
68228,-0.8
68229,1.6
68230,-3.2
68231,-1.6
68232,0
68233,0
68234,-1.6
68235,-4
68236,-3.2
68237,-0.8
68238,-0.8
68239,-3.2
68240,0.8
68241,0
68242,-0.8
68243,-1.6
68244,-1.6
68245,2.4
68246,-2.4
68247,-0.8
68248,0
68249,0
68250,-0.8
68251,-1.6
68252,4
68253,2.4
68254,0
68255,2.4
68256,0.8
68257,-0.8
68258,0.8
68259,-7.2
68260,-4
68261,-1.6
68262,0
68263,-0.8
68264,-1.6
68265,1.6
68266,0
68267,0
68268,-1.6
68269,0
68270,0.8
68271,0
68272,-2.4
68273,-0.8
68274,3.2
68275,0.8
68276,-0.8
68277,0
68278,0.8
68279,0
68280,-0.8
68281,0
68282,-0.8
68283,0.8
68284,0
68285,3.2
68286,1.6
68287,0
68288,-3.2
68289,-1.6
68290,0.8
68291,-1.6
68292,0.8
68293,1.6
68294,-1.6
68295,0.8
68296,2.4
68297,-0.8
68298,-0.8
68299,-4
68300,-2.4
68301,0.8
68302,-0.8
68303,2.4
68304,0
68305,-2.4
68306,0
68307,2.4
68308,0
68309,0.8
68310,0
68311,-1.6
68312,2.4
68313,0.8
68314,2.4
68315,2.4
68316,1.6
68317,0.8
68318,0
68319,-4
68320,-0.8
68321,0.8
68322,0.8
68323,0
68324,2.4
68325,2.4
68326,-3.2
68327,-1.6
68328,-0.8
68329,1.6
68330,-3.2
68331,-0.8
68332,-0.8
68333,-2.4
68334,0
68335,-4
68336,-1.6
68337,-0.8
68338,0
68339,2.4
68340,1.6
68341,0.8
68342,-0.8
68343,-1.6
68344,0
68345,1.6
68346,0
68347,1.6
68348,0.8
68349,1.6
68350,-1.6
68351,-3.2
68352,-3.2
68353,2.4
68354,2.4
68355,2.4
68356,0.8
68357,8
68358,0
68359,0.8
68360,0.8
68361,0.8
68362,0.8
68363,-2.4
68364,-6.4
68365,-1.6
68366,-1.6
68367,-1.6
68368,0.8
68369,-2.4
68370,0
68371,4
68372,0
68373,-4
68374,0.8
68375,3.2
68376,4
68377,-3.2
68378,-0.8
68379,-0.8
68380,0
68381,0
68382,4
68383,2.4
68384,0.8
68385,2.4
68386,0
68387,0.8
68388,0
68389,4
68390,1.6
68391,-0.8
68392,-2.4
68393,0.8
68394,0
68395,0.8
68396,-5.6
68397,0.8
68398,0.8
68399,2.4
68400,2.4
68401,1.6
68402,-1.6
68403,0
68404,1.6
68405,4
68406,2.4
68407,0
68408,3.2
68409,0.8
68410,-3.2
68411,-2.4
68412,-0.8
68413,-2.4
68414,0.8
68415,-0.8
68416,-1.6
68417,0.8
68418,-0.8
68419,0
68420,2.4
68421,-4
68422,5.6
68423,-3.2
68424,0.8
68425,0
68426,-8.8
68427,0
68428,-1.6
68429,-0.8
68430,-1.6
68431,2.4
68432,2.4
68433,0.8
68434,0
68435,0.8
68436,0
68437,-2.4
68438,-3.2
68439,4
68440,0.8
68441,0.8
68442,-2.4
68443,0.8
68444,0
68445,-1.6
68446,0.8
68447,0.8
68448,0.8
68449,0
68450,0
68451,-1.6
68452,-2.4
68453,2.4
68454,0.8
68455,0.8
68456,-0.8
68457,-3.2
68458,2.4
68459,-0.8
68460,0.8
68461,-0.8
68462,-3.2
68463,0.8
68464,-2.4
68465,0.8
68466,-0.8
68467,-4
68468,-3.2
68469,-3.2
68470,0.8
68471,1.6
68472,2.4
68473,-0.8
68474,0.8
68475,9.6
68476,-11.2
68477,0.8
68478,0
68479,0
68480,-0.8
68481,-1.6
68482,1.6
68483,0
68484,0
68485,-1.6
68486,-1.6
68487,4
68488,0
68489,0.8
68490,-0.8
68491,-3.2
68492,-0.8
68493,-1.6
68494,4
68495,0.8
68496,0
68497,0.8
68498,-8.8
68499,0.8
68500,-0.8
68501,0.8
68502,-0.8
68503,0
68504,0.8
68505,0.8
68506,1.6
68507,0.8
68508,0.8
68509,0
68510,-0.8
68511,0
68512,0
68513,-1.6
68514,0
68515,-5.6
68516,-4
68517,0.8
68518,-0.8
68519,-0.8
68520,0
68521,0
68522,0
68523,0.8
68524,-0.8
68525,0
68526,0
68527,0
68528,0.8
68529,2.4
68530,0
68531,0
68532,-2.4
68533,-1.6
68534,0
68535,0
68536,0
68537,1.6
68538,2.4
68539,0
68540,7.2
68541,0
68542,0
68543,0.8
68544,0.8
68545,0
68546,0
68547,-1.6
68548,0
68549,0.8
68550,1.6
68551,0.8
68552,0.8
68553,-0.8
68554,2.4
68555,-0.8
68556,-0.8
68557,3.2
68558,0
68559,-3.2
68560,0
68561,0.8
68562,0
68563,0
68564,-4
68565,-0.8
68566,0
68567,-3.2
68568,0
68569,0.8
68570,0
68571,-1.6
68572,0.8
68573,0.8
68574,0
68575,-3.2
68576,0
68577,-1.6
68578,-0.8
68579,-0.8
68580,-0.8
68581,-0.8
68582,0
68583,0.8
68584,1.6
68585,-1.6
68586,-2.4
68587,0
68588,0
68589,-0.8
68590,0.8
68591,-2.4
68592,-0.8
68593,0.8
68594,0
68595,-0.8
68596,0
68597,0
68598,0.8
68599,0.8
68600,0
68601,1.6
68602,0
68603,3.2
68604,-3.2
68605,-0.8
68606,1.6
68607,0
68608,4
68609,0
68610,-0.8
68611,0.8
68612,-0.8
68613,0
68614,-4
68615,0
68616,-0.8
68617,-5.6
68618,-4
68619,-0.8
68620,7.2
68621,-0.8
68622,0
68623,-1.6
68624,-0.8
68625,-1.6
68626,-1.6
68627,0
68628,0
68629,0.8
68630,-0.8
68631,-0.8
68632,0.8
68633,-8.8
68634,-3.2
68635,-0.8
68636,-1.6
68637,-4
68638,0
68639,0
68640,-0.8
68641,0.8
68642,0
68643,0
68644,0
68645,0.8
68646,0
68647,-0.8
68648,9.6
68649,0.8
68650,0
68651,0
68652,0.8
68653,-4
68654,0
68655,0.8
68656,0.8
68657,-0.8
68658,0
68659,-1.6
68660,-1.6
68661,2.4
68662,0
68663,-0.8
68664,2.4
68665,-0.8
68666,0.8
68667,0.8
68668,0.8
68669,0.8
68670,-0.8
68671,2.4
68672,0
68673,0.8
68674,0
68675,0.8
68676,-0.8
68677,-2.4
68678,0
68679,0
68680,-0.8
68681,-1.6
68682,-2.4
68683,0.8
68684,2.4
68685,-0.8
68686,1.6
68687,0
68688,-2.4
68689,1.6
68690,-0.8
68691,-1.6
68692,0
68693,-1.6
68694,0
68695,0.8
68696,-0.8
68697,-1.6
68698,-0.8
68699,0
68700,3.2
68701,0
68702,0.8
68703,0
68704,0
68705,-3.2
68706,0
68707,-0.8
68708,0
68709,4
68710,0.8
68711,0
68712,0.8
68713,0.8
68714,-1.6
68715,0
68716,0
68717,-0.8
68718,1.6
68719,0
68720,0.8
68721,0.8
68722,0
68723,-5.6
68724,-0.8
68725,-0.8
68726,0
68727,-0.8
68728,0
68729,-0.8
68730,-1.6
68731,-0.8
68732,-0.8
68733,-0.8
68734,0
68735,-0.8
68736,0.8
68737,-0.8
68738,-1.6
68739,0.8
68740,0.8
68741,0
68742,0.8
68743,0
68744,-0.8
68745,0.8
68746,-0.8
68747,0
68748,0.8
68749,0.8
68750,1.6
68751,-0.8
68752,2.4
68753,0
68754,0
68755,-1.6
68756,-8.8
68757,0
68758,0
68759,0.8
68760,0
68761,1.6
68762,-0.8
68763,0
68764,-10.4
68765,0.8
68766,0.8
68767,-4
68768,-0.8
68769,-0.8
68770,-3.2
68771,0.8
68772,0.8
68773,-0.8
68774,-0.8
68775,-0.8
68776,-0.8
68777,-0.8
68778,0
68779,-1.6
68780,-1.6
68781,0
68782,0
68783,-1.6
68784,0.8
68785,0.8
68786,0.8
68787,-3.2
68788,0
68789,2.4
68790,-1.6
68791,-1.6
68792,0
68793,0
68794,0.8
68795,0
68796,2.4
68797,0
68798,0
68799,0.8
68800,0.8
68801,0
68802,0
68803,0
68804,0
68805,0
68806,0.8
68807,0.8
68808,0.8
68809,0
68810,0
68811,0.8
68812,2.4
68813,2.4
68814,0
68815,0.8
68816,0
68817,0.8
68818,-0.8
68819,0.8
68820,0
68821,0.8
68822,0.8
68823,-0.8
68824,0
68825,0.8
68826,-0.8
68827,0
68828,-1.6
68829,0
68830,-5.6
68831,2.4
68832,0
68833,-0.8
68834,0
68835,-0.8
68836,0
68837,-0.8
68838,0.8
68839,0.8
68840,-0.8
68841,0
68842,0.8
68843,0.8
68844,-1.6
68845,0
68846,0
68847,-0.8
68848,6.4
68849,2.4
68850,0
68851,-0.8
68852,-0.8
68853,0.8
68854,0.8
68855,-0.8
68856,0
68857,0
68858,0.8
68859,0
68860,1.6
68861,-0.8
68862,0.8
68863,-2.4
68864,-0.8
68865,0.8
68866,0.8
68867,0
68868,-1.6
68869,-0.8
68870,0
68871,-0.8
68872,0
68873,0.8
68874,0
68875,-1.6
68876,0
68877,-0.8
68878,-1.6
68879,0
68880,-2.4
68881,-0.8
68882,0.8
68883,0
68884,0.8
68885,0
68886,5.6
68887,-0.8
68888,-0.8
68889,0
68890,-0.8
68891,-0.8
68892,0
68893,4
68894,-0.8
68895,0.8
68896,0.8
68897,5.6
68898,0.8
68899,-0.8
68900,-0.8
68901,0
68902,0
68903,-0.8
68904,0.8
68905,0.8
68906,-0.8
68907,-0.8
68908,0
68909,0
68910,-0.8
68911,3.2
68912,1.6
68913,0.8
68914,-2.4
68915,0.8
68916,1.6
68917,-0.8
68918,-0.8
68919,0
68920,0
68921,0.8
68922,0
68923,0
68924,-0.8
68925,0
68926,0
68927,0
68928,0
68929,0.8
68930,-2.4
68931,0
68932,0.8
68933,0.8
68934,0.8
68935,0.8
68936,-1.6
68937,0.8
68938,-0.8
68939,2.4
68940,-1.6
68941,0.8
68942,0.8
68943,0
68944,0
68945,0
68946,0.8
68947,-0.8
68948,0.8
68949,-8.8
68950,-0.8
68951,0.8
68952,-0.8
68953,-0.8
68954,0.8
68955,2.4
68956,0
68957,0.8
68958,2.4
68959,2.4
68960,1.6
68961,-3.2
68962,0.8
68963,1.6
68964,0
68965,0
68966,0
68967,-1.6
68968,-0.8
68969,0
68970,0
68971,-0.8
68972,0
68973,0
68974,-0.8
68975,0
68976,0.8
68977,0
68978,0
68979,-0.8
68980,0
68981,0
68982,0
68983,-2.4
68984,0
68985,0.8
68986,-0.8
68987,0
68988,0.8
68989,2.4
68990,0.8
68991,0
68992,0
68993,-0.8
68994,0.8
68995,0.8
68996,-0.8
68997,4
68998,0.8
68999,0.8
69000,0
69001,2.4
69002,2.4
69003,-1.6
69004,0.8
69005,0
69006,0.8
69007,-1.6
69008,0.8
69009,-11.2
69010,0
69011,0.8
69012,-5.6
69013,0
69014,-0.8
69015,0.8
69016,0.8
69017,0
69018,-0.8
69019,0
69020,0.8
69021,0
69022,0
69023,-5.6
69024,0
69025,0.8
69026,0.8
69027,0
69028,0
69029,0
69030,-2.4
69031,0
69032,-3.2
69033,-0.8
69034,0
69035,0.8
69036,0.8
69037,0.8
69038,-3.2
69039,0
69040,0
69041,-0.8
69042,0
69043,0
69044,-4
69045,1.6
69046,-0.8
69047,0.8
69048,0.8
69049,0.8
69050,0.8
69051,-0.8
69052,1.6
69053,2.4
69054,-0.8
69055,2.4
69056,0.8
69057,2.4
69058,0.8
69059,-1.6
69060,2.4
69061,2.4
69062,-4
69063,2.4
69064,-0.8
69065,2.4
69066,0.8
69067,-0.8
69068,2.4
69069,0
69070,-3.2
69071,-0.8
69072,0.8
69073,-0.8
69074,-0.8
69075,-0.8
69076,-1.6
69077,-0.8
69078,0
69079,0
69080,-0.8
69081,2.4
69082,1.6
69083,-0.8
69084,0
69085,-1.6
69086,0
69087,-0.8
69088,1.6
69089,0
69090,-1.6
69091,0
69092,-0.8
69093,0
69094,1.6
69095,0.8
69096,1.6
69097,-1.6
69098,0
69099,0
69100,-0.8
69101,0.8
69102,0.8
69103,0
69104,-3.2
69105,0
69106,0.8
69107,0.8
69108,-0.8
69109,0.8
69110,3.2
69111,0
69112,0.8
69113,0.8
69114,0
69115,-4
69116,2.4
69117,0.8
69118,-0.8
69119,0
69120,3.2
69121,0.8
69122,0
69123,0
69124,-0.8
69125,0
69126,0
69127,-1.6
69128,0
69129,0
69130,-0.8
69131,-1.6
69132,7.2
69133,0
69134,0.8
69135,-10.4
69136,0
69137,-0.8
69138,-3.2
69139,0
69140,-1.6
69141,-1.6
69142,0
69143,0
69144,0.8
69145,0
69146,-0.8
69147,0
69148,-0.8
69149,0
69150,0.8
69151,2.4
69152,0
69153,-2.4
69154,2.4
69155,0
69156,-2.4
69157,-0.8
69158,0.8
69159,0
69160,1.6
69161,0
69162,-0.8
69163,2.4
69164,-0.8
69165,-1.6
69166,-0.8
69167,0
69168,0.8
69169,0.8
69170,-3.2
69171,-2.4
69172,0
69173,0
69174,0
69175,-2.4
69176,0
69177,0
69178,0
69179,3.2
69180,0.8
69181,0
69182,-0.8
69183,1.6
69184,0
69185,-1.6
69186,0
69187,-0.8
69188,0.8
69189,0.8
69190,0
69191,0
69192,-0.8
69193,0
69194,0.8
69195,-0.8
69196,0
69197,0.8
69198,0.8
69199,5.6
69200,0
69201,0.8
69202,0
69203,-2.4
69204,0
69205,0.8
69206,-3.2
69207,0.8
69208,0.8
69209,0
69210,-0.8
69211,0.8
69212,1.6
69213,-2.4
69214,0
69215,1.6
69216,-1.6
69217,0
69218,0
69219,-0.8
69220,-0.8
69221,-0.8
69222,0
69223,4
69224,0
69225,0
69226,-0.8
69227,0
69228,1.6
69229,0.8
69230,0
69231,0
69232,0
69233,0
69234,0
69235,0
69236,-8.8
69237,0
69238,-2.4
69239,2.4
69240,0
69241,-1.6
69242,-0.8
69243,-0.8
69244,-0.8
69245,0
69246,0
69247,-0.8
69248,0
69249,0.8
69250,1.6
69251,0
69252,0
69253,-3.2
69254,0.8
69255,-3.2
69256,0
69257,0.8
69258,0
69259,0
69260,2.4
69261,-1.6
69262,0.8
69263,0
69264,0
69265,0.8
69266,0.8
69267,0
69268,0.8
69269,2.4
69270,0
69271,-5.6
69272,0
69273,-3.2
69274,-1.6
69275,-1.6
69276,0
69277,0
69278,-0.8
69279,-3.2
69280,-1.6
69281,0.8
69282,0.8
69283,0
69284,0
69285,-1.6
69286,0
69287,-3.2
69288,0
69289,-3.2
69290,-1.6
69291,0
69292,4
69293,-1.6
69294,0
69295,1.6
69296,2.4
69297,-0.8
69298,0
69299,1.6
69300,0
69301,0.8
69302,0
69303,-0.8
69304,0.8
69305,3.2
69306,-0.8
69307,0
69308,0.8
69309,0.8
69310,0
69311,0
69312,-0.8
69313,0.8
69314,-2.4
69315,0.8
69316,-0.8
69317,-1.6
69318,1.6
69319,0
69320,0
69321,0
69322,4
69323,0
69324,0
69325,-0.8
69326,0.8
69327,-0.8
69328,-3.2
69329,-0.8
69330,1.6
69331,0
69332,0.8
69333,-3.2
69334,-0.8
69335,-0.8
69336,0
69337,-1.6
69338,-0.8
69339,0
69340,-0.8
69341,0
69342,0
69343,-1.6
69344,0.8
69345,0
69346,0
69347,-0.8
69348,-0.8
69349,2.4
69350,0
69351,0
69352,0
69353,-0.8
69354,0
69355,0.8
69356,0.8
69357,-1.6
69358,-3.2
69359,5.6
69360,0.8
69361,0
69362,0.8
69363,0
69364,-4
69365,0
69366,0.8
69367,-1.6
69368,0.8
69369,0
69370,0
69371,-1.6
69372,-3.2
69373,-0.8
69374,0.8
69375,1.6
69376,0
69377,-0.8
69378,0.8
69379,0
69380,-1.6
69381,-0.8
69382,-0.8
69383,5.6
69384,0
69385,0.8
69386,0
69387,-1.6
69388,0
69389,-0.8
69390,0
69391,-1.6
69392,0
69393,0
69394,0.8
69395,-0.8
69396,0.8
69397,0
69398,-0.8
69399,0
69400,0.8
69401,-0.8
69402,0.8
69403,2.4
69404,1.6
69405,0.8
69406,0
69407,0.8
69408,0.8
69409,0.8
69410,0.8
69411,0
69412,-3.2
69413,2.4
69414,0.8
69415,2.4
69416,0
69417,0
69418,0
69419,0
69420,-1.6
69421,-0.8
69422,0
69423,-0.8
69424,0
69425,0
69426,-1.6
69427,0.8
69428,0
69429,0.8
69430,0
69431,-0.8
69432,-0.8
69433,-0.8
69434,-0.8
69435,0.8
69436,0
69437,0.8
69438,-0.8
69439,0.8
69440,0
69441,-0.8
69442,-0.8
69443,0.8
69444,0
69445,-8
69446,0
69447,0
69448,0.8
69449,0.8
69450,0.8
69451,-0.8
69452,2.4
69453,0
69454,0.8
69455,0
69456,0
69457,-1.6
69458,0
69459,1.6
69460,-0.8
69461,0
69462,-4
69463,0.8
69464,-1.6
69465,0
69466,0
69467,2.4
69468,0.8
69469,0.8
69470,-0.8
69471,0
69472,-1.6
69473,-0.8
69474,0
69475,0
69476,-0.8
69477,-0.8
69478,0
69479,0
69480,-0.8
69481,0.8
69482,2.4
69483,0
69484,0
69485,-0.8
69486,0.8
69487,-0.8
69488,0
69489,0
69490,-1.6
69491,0
69492,-0.8
69493,-1.6
69494,0.8
69495,2.4
69496,0.8
69497,1.6
69498,-3.2
69499,0.8
69500,0
69501,-0.8
69502,0.8
69503,0
69504,0.8
69505,-1.6
69506,-1.6
69507,4
69508,0
69509,0
69510,7.2
69511,0
69512,0
69513,-0.8
69514,0.8
69515,4
69516,-0.8
69517,0
69518,-3.2
69519,0.8
69520,-0.8
69521,0
69522,0
69523,-0.8
69524,0
69525,-1.6
69526,-0.8
69527,0
69528,-0.8
69529,-0.8
69530,0
69531,0.8
69532,-3.2
69533,0
69534,0.8
69535,0.8
69536,0.8
69537,-1.6
69538,1.6
69539,0.8
69540,-0.8
69541,-0.8
69542,0.8
69543,-1.6
69544,2.4
69545,-0.8
69546,0.8
69547,-0.8
69548,-0.8
69549,1.6
69550,-0.8
69551,0.8
69552,0
69553,0
69554,-1.6
69555,-0.8
69556,0.8
69557,0
69558,-0.8
69559,0
69560,0.8
69561,-3.2
69562,0
69563,7.2
69564,-1.6
69565,-0.8
69566,0.8
69567,0.8
69568,0
69569,0
69570,0.8
69571,0
69572,0
69573,0
69574,-0.8
69575,-2.4
69576,0
69577,-0.8
69578,0.8
69579,0
69580,0
69581,0
69582,1.6
69583,0.8
69584,-0.8
69585,0
69586,-1.6
69587,-1.6
69588,0.8
69589,-0.8
69590,-0.8
69591,0
69592,0
69593,0.8
69594,-4
69595,-0.8
69596,0
69597,0.8
69598,0
69599,0.8
69600,0
69601,0.8
69602,2.4
69603,0
69604,3.2
69605,0
69606,2.4
69607,-0.8
69608,0
69609,0.8
69610,0
69611,-0.8
69612,-0.8
69613,0
69614,-0.8
69615,0
69616,0.8
69617,0
69618,0
69619,-0.8
69620,-1.6
69621,-3.2
69622,0
69623,0
69624,-1.6
69625,0
69626,-0.8
69627,4
69628,-0.8
69629,-1.6
69630,-1.6
69631,-1.6
69632,0
69633,-1.6
69634,1.6
69635,-0.8
69636,0
69637,-2.4
69638,-0.8
69639,-1.6
69640,0
69641,-0.8
69642,-5.6
69643,0
69644,0
69645,0
69646,-1.6
69647,0.8
69648,-0.8
69649,0
69650,0
69651,3.2
69652,-0.8
69653,-0.8
69654,0.8
69655,-0.8
69656,0
69657,0.8
69658,0
69659,-0.8
69660,0
69661,-2.4
69662,1.6
69663,1.6
69664,0
69665,0
69666,-1.6
69667,0
69668,0
69669,0.8
69670,-3.2
69671,0.8
69672,0
69673,0
69674,-0.8
69675,-1.6
69676,-0.8
69677,-1.6
69678,-0.8
69679,0
69680,0
69681,-0.8
69682,0
69683,0
69684,0.8
69685,-0.8
69686,0.8
69687,1.6
69688,0.8
69689,1.6
69690,0.8
69691,0
69692,-1.6
69693,2.4
69694,0
69695,-0.8
69696,-1.6
69697,0
69698,0
69699,0
69700,0.8
69701,-2.4
69702,-4.8
69703,0
69704,-0.8
69705,0.8
69706,-0.8
69707,0
69708,-2.4
69709,-1.6
69710,-0.8
69711,-0.8
69712,-3.2
69713,0
69714,2.4
69715,-0.8
69716,0.8
69717,0
69718,-0.8
69719,0.8
69720,-8.8
69721,-0.8
69722,-0.8
69723,0.8
69724,-0.8
69725,0.8
69726,11.2
69727,-1.6
69728,-1.6
69729,-6.4
69730,-0.8
69731,-0.8
69732,0.8
69733,0.8
69734,1.6
69735,0.8
69736,-0.8
69737,-1.6
69738,0
69739,2.4
69740,-0.8
69741,0.8
69742,-1.6
69743,-4
69744,0.8
69745,0
69746,-1.6
69747,-0.8
69748,0
69749,0.8
69750,-0.8
69751,-4.8
69752,0
69753,0
69754,0.8
69755,0
69756,0.8
69757,0
69758,4
69759,5.6
69760,0.8
69761,1.6
69762,-0.8
69763,0.8
69764,2.4
69765,-0.8
69766,0
69767,0.8
69768,0
69769,2.4
69770,0.8
69771,1.6
69772,-1.6
69773,0
69774,-0.8
69775,-1.6
69776,-3.2
69777,0.8
69778,0
69779,-1.6
69780,0.8
69781,0
69782,0
69783,2.4
69784,-24
69785,48.799999
69786,70.400002
69787,-24
69788,-69.599998
69789,-35.200001
69790,-19.200001
69791,-17.6
69792,-43.200001
69793,-12
69794,-53.599998
69795,-33.599998
69796,11.2
69797,26.4
69798,12
69799,40
69800,19.200001
69801,9.6
69802,5.6
69803,5.6
69804,0.8
69805,2.4
69806,2.4
69807,0
69808,1.6
69809,2.4
69810,0.8
69811,2.4
69812,-0.8
69813,0.8
69814,2.4
69815,2.4
69816,1.6
69817,0
69818,0.8
69819,0
69820,3.2
69821,0
69822,0.8
69823,0
69824,0
69825,0.8
69826,0
69827,0
69828,0
69829,0.8
69830,0
69831,-1.6
69832,0.8
69833,0
69834,0.8
69835,0.8
69836,-4
69837,0
69838,0.8
69839,2.4
69840,2.4
69841,0
69842,0.8
69843,-0.8
69844,-0.8
69845,-0.8
69846,-1.6
69847,0
69848,0.8
69849,0.8
69850,0
69851,0
69852,-0.8
69853,0
69854,0.8
69855,0.8
69856,2.4
69857,-2.4
69858,0.8
69859,0.8
69860,-4
69861,0
69862,0.8
69863,0
69864,1.6
69865,2.4
69866,-0.8
69867,0
69868,0.8
69869,0
69870,-0.8
69871,1.6
69872,0.8
69873,0.8
69874,-0.8
69875,0.8
69876,0.8
69877,0.8
69878,0.8
69879,0.8
69880,0
69881,0.8
69882,0.8
69883,0
69884,0
69885,-3.2
69886,-0.8
69887,0
69888,-1.6
69889,2.4
69890,-1.6
69891,-0.8
69892,0
69893,0
69894,0
69895,0.8
69896,-0.8
69897,0.8
69898,-0.8
69899,0
69900,0
69901,0.8
69902,2.4
69903,0
69904,0
69905,0
69906,1.6
69907,-1.6
69908,0.8
69909,-0.8
69910,3.2
69911,0.8
69912,2.4
69913,-4
69914,0
69915,-8.8
69916,1.6
69917,0.8
69918,0.8
69919,0.8
69920,-0.8
69921,0
69922,0.8
69923,-0.8
69924,1.6
69925,0.8
69926,-0.8
69927,1.6
69928,-3.2
69929,0.8
69930,-0.8
69931,-1.6
69932,-0.8
69933,0
69934,0
69935,-0.8
69936,-3.2
69937,0
69938,0.8
69939,0.8
69940,0.8
69941,0
69942,0.8
69943,0
69944,-0.8
69945,0.8
69946,0
69947,-0.8
69948,0
69949,2.4
69950,0
69951,0.8
69952,0
69953,-0.8
69954,0
69955,0.8
69956,0
69957,0
69958,0
69959,0.8
69960,0.8
69961,0.8
69962,0.8
69963,0
69964,0.8
69965,-0.8
69966,0.8
69967,0
69968,0.8
69969,1.6
69970,-1.6
69971,-0.8
69972,0
69973,-1.6
69974,-0.8
69975,2.4
69976,0
69977,-1.6
69978,-1.6
69979,0
69980,-2.4
69981,-1.6
69982,-4.8
69983,0
69984,0
69985,-1.6
69986,1.6
69987,-0.8
69988,0.8
69989,2.4
69990,0
69991,-1.6
69992,0.8
69993,0
69994,-0.8
69995,-0.8
69996,0.8
69997,0
69998,-0.8
69999,0
70000,-0.8
70001,2.4
70002,0.8
70003,0.8
70004,0.8
70005,0
70006,0.8
70007,0
70008,0.8
70009,0
70010,0
70011,-0.8
70012,0.8
70013,0.8
70014,0
70015,-0.8
70016,0
70017,-0.8
70018,0
70019,0
70020,-0.8
70021,0.8
70022,0.8
70023,-0.8
70024,0.8
70025,0
70026,-1.6
70027,1.6
70028,-0.8
70029,-1.6
70030,-1.6
70031,-0.8
70032,0
70033,0
70034,0
70035,-0.8
70036,0
70037,-1.6
70038,0.8
70039,3.2
70040,0.8
70041,0
70042,0.8
70043,0.8
70044,2.4
70045,5.6
70046,-2.4
70047,0
70048,0.8
70049,0
70050,0.8
70051,0
70052,2.4
70053,0
70054,0.8
70055,0.8
70056,2.4
70057,0
70058,0.8
70059,1.6
70060,0
70061,0.8
70062,4
70063,0
70064,7.2
70065,-1.6
70066,0
70067,0.8
70068,-0.8
70069,0
70070,-1.6
70071,-0.8
70072,-0.8
70073,2.4
70074,0
70075,-0.8
70076,-0.8
70077,-0.8
70078,0
70079,0
70080,-0.8
70081,0
70082,-0.8
70083,0.8
70084,-1.6
70085,0
70086,-0.8
70087,2.4
70088,1.6
70089,1.6
70090,-0.8
70091,-0.8
70092,-8
70093,0
70094,0
70095,2.4
70096,2.4
70097,0.8
70098,1.6
70099,0.8
70100,0
70101,0
70102,0.8
70103,0.8
70104,0
70105,0.8
70106,0.8
70107,0
70108,0
70109,4
70110,-0.8
70111,0.8
70112,0.8
70113,-3.2
70114,2.4
70115,0.8
70116,0.8
70117,-0.8
70118,0
70119,0
70120,0
70121,0
70122,-3.2
70123,-0.8
70124,-0.8
70125,-0.8
70126,0
70127,-0.8
70128,0.8
70129,0.8
70130,-1.6
70131,-0.8
70132,-0.8
70133,0.8
70134,-6.4
70135,0
70136,0
70137,-1.6
70138,0.8
70139,0
70140,0.8
70141,1.6
70142,1.6
70143,0.8
70144,0
70145,0
70146,0.8
70147,1.6
70148,0.8
70149,-0.8
70150,0
70151,0.8
70152,2.4
70153,0.8
70154,2.4
70155,0
70156,-0.8
70157,0
70158,4
70159,-0.8
70160,2.4
70161,0
70162,-3.2
70163,-9.6
70164,-0.8
70165,13.6
70166,7.2
70167,-7.2
70168,-12.8
70169,-7.2
70170,-1.6
70171,0
70172,-3.2
70173,-4
70174,-4
70175,-3.2
70176,-3.2
70177,-3.2
70178,-4
70179,-4
70180,-5.6
70181,-6.4
70182,-4.8
70183,0
70184,-0.8
70185,0.8
70186,2.4
70187,0
70188,-1.6
70189,0.8
70190,0
70191,-3.2
70192,2.4
70193,3.2
70194,2.4
70195,1.6
70196,0.8
70197,0.8
70198,0
70199,2.4
70200,1.6
70201,1.6
70202,2.4
70203,0.8
70204,0.8
70205,0.8
70206,-8
70207,1.6
70208,0.8
70209,0.8
70210,2.4
70211,2.4
70212,-9.6
70213,4
70214,0
70215,0
70216,0.8
70217,2.4
70218,0
70219,0.8
70220,-1.6
70221,0.8
70222,-3.2
70223,0.8
70224,2.4
70225,0
70226,-1.6
70227,-0.8
70228,0.8
70229,-0.8
70230,0
70231,-3.2
70232,2.4
70233,0.8
70234,0
70235,-5.6
70236,1.6
70237,0
70238,-3.2
70239,2.4
70240,0
70241,-7.2
70242,0
70243,0.8
70244,2.4
70245,0
70246,0.8
70247,-0.8
70248,0
70249,0.8
70250,0.8
70251,0
70252,1.6
70253,1.6
70254,-0.8
70255,0.8
70256,1.6
70257,0.8
70258,0
70259,1.6
70260,-7.2
70261,0
70262,0
70263,0
70264,0
70265,5.6
70266,-3.2
70267,0
70268,0
70269,4
70270,-0.8
70271,-0.8
70272,0
70273,-4
70274,0
70275,0.8
70276,0
70277,-1.6
70278,-0.8
70279,-4
70280,0
70281,-0.8
70282,0
70283,0.8
70284,0
70285,0
70286,2.4
70287,-0.8
70288,0.8
70289,1.6
70290,0
70291,0
70292,0.8
70293,-0.8
70294,2.4
70295,0
70296,0.8
70297,0
70298,0
70299,0.8
70300,-0.8
70301,0
70302,0
70303,0.8
70304,-5.6
70305,-0.8
70306,0
70307,-1.6
70308,0
70309,0.8
70310,0
70311,0
70312,1.6
70313,-1.6
70314,-0.8
70315,-2.4
70316,-1.6
70317,0
70318,-1.6
70319,0
70320,1.6
70321,0
70322,0
70323,0.8
70324,0
70325,0
70326,0
70327,-0.8
70328,-0.8
70329,4
70330,0.8
70331,-0.8
70332,-0.8
70333,0
70334,0.8
70335,-1.6
70336,-5.6
70337,-0.8
70338,-0.8
70339,3.2
70340,0.8
70341,-1.6
70342,0.8
70343,0
70344,0.8
70345,0
70346,0
70347,0.8
70348,0
70349,0
70350,0.8
70351,0.8
70352,0
70353,0.8
70354,2.4
70355,0.8
70356,0.8
70357,-1.6
70358,0.8
70359,0.8
70360,0.8
70361,2.4
70362,0
70363,2.4
70364,0
70365,0
70366,8
70367,0
70368,0.8
70369,0.8
70370,-0.8
70371,0
70372,0
70373,-1.6
70374,0.8
70375,-0.8
70376,-0.8
70377,0
70378,0
70379,0.8
70380,0
70381,-0.8
70382,0.8
70383,0.8
70384,0
70385,0.8
70386,0
70387,-0.8
70388,1.6
70389,0
70390,-0.8
70391,-1.6
70392,0
70393,0
70394,0
70395,0
70396,0.8
70397,0.8
70398,-0.8
70399,0
70400,0
70401,0
70402,0.8
70403,2.4
70404,-0.8
70405,0.8
70406,2.4
70407,0
70408,0
70409,1.6
70410,2.4
70411,0
70412,0.8
70413,-1.6
70414,0
70415,0.8
70416,0.8
70417,0
70418,-2.4
70419,0.8
70420,-0.8
70421,-0.8
70422,0
70423,0.8
70424,0
70425,-1.6
70426,-0.8
70427,0
70428,-0.8
70429,0
70430,-1.6
70431,-1.6
70432,-4
70433,0.8
70434,0.8
70435,0.8
70436,-0.8
70437,0
70438,0
70439,-1.6
70440,0.8
70441,0
70442,0.8
70443,-0.8
70444,0
70445,-1.6
70446,0.8
70447,0
70448,0
70449,0
70450,0.8
70451,-0.8
70452,0
70453,0.8
70454,2.4
70455,0.8
70456,2.4
70457,0
70458,-0.8
70459,1.6
70460,0.8
70461,0
70462,0.8
70463,0.8
70464,0
70465,0
70466,-0.8
70467,0.8
70468,7.2
70469,0.8
70470,-1.6
70471,-4
70472,1.6
70473,0
70474,-0.8
70475,1.6
70476,0
70477,-0.8
70478,0.8
70479,0.8
70480,-1.6
70481,0.8
70482,0
70483,0
70484,0.8
70485,0
70486,2.4
70487,0.8
70488,0.8
70489,-0.8
70490,0
70491,-0.8
70492,0.8
70493,5.6
70494,0
70495,-0.8
70496,5.6
70497,-2.4
70498,0
70499,0.8
70500,0
70501,2.4
70502,3.2
70503,-4
70504,0
70505,0
70506,2.4
70507,0.8
70508,0
70509,7.2
70510,0.8
70511,0
70512,2.4
70513,1.6
70514,-3.2
70515,-1.6
70516,0.8
70517,-0.8
70518,-0.8
70519,0
70520,-0.8
70521,-4
70522,0
70523,-0.8
70524,2.4
70525,-1.6
70526,0
70527,-1.6
70528,0
70529,-0.8
70530,0
70531,-1.6
70532,0
70533,0
70534,0
70535,0
70536,2.4
70537,0
70538,0
70539,2.4
70540,0
70541,-1.6
70542,0
70543,-0.8
70544,0
70545,0
70546,0.8
70547,0
70548,-0.8
70549,0.8
70550,0.8
70551,0.8
70552,2.4
70553,2.4
70554,0.8
70555,0.8
70556,2.4
70557,0
70558,0.8
70559,0.8
70560,4
70561,2.4
70562,0
70563,-0.8
70564,-1.6
70565,0
70566,-0.8
70567,-1.6
70568,1.6
70569,0
70570,0
70571,0
70572,0
70573,0.8
70574,0.8
70575,-4
70576,0
70577,-0.8
70578,0
70579,-1.6
70580,0
70581,-0.8
70582,0
70583,-3.2
70584,-6.4
70585,0
70586,0
70587,0
70588,0
70589,-0.8
70590,0.8
70591,0
70592,0
70593,0
70594,0
70595,0.8
70596,-3.2
70597,2.4
70598,4
70599,0
70600,0
70601,2.4
70602,2.4
70603,3.2
70604,0
70605,0
70606,4
70607,-0.8
70608,0
70609,1.6
70610,-4
70611,0
70612,0.8
70613,0.8
70614,-0.8
70615,0
70616,0
70617,-0.8
70618,-1.6
70619,0
70620,0.8
70621,0.8
70622,0
70623,3.2
70624,-4
70625,0
70626,3.2
70627,-1.6
70628,0.8
70629,6.4
70630,2.4
70631,-1.6
70632,-3.2
70633,0
70634,-1.6
70635,0
70636,0.8
70637,-0.8
70638,-2.4
70639,0
70640,0
70641,1.6
70642,0.8
70643,0
70644,0.8
70645,0
70646,-1.6
70647,-0.8
70648,-0.8
70649,0.8
70650,0
70651,0
70652,3.2
70653,0
70654,0
70655,0
70656,5.6
70657,0.8
70658,-0.8
70659,0
70660,0.8
70661,2.4
70662,2.4
70663,0.8
70664,2.4
70665,2.4
70666,2.4
70667,0.8
70668,-1.6
70669,-6.4
70670,-1.6
70671,-1.6
70672,-0.8
70673,-0.8
70674,-0.8
70675,-3.2
70676,-0.8
70677,-5.6
70678,0.8
70679,0
70680,0
70681,-0.8
70682,0
70683,0
70684,-0.8
70685,0.8
70686,0
70687,0
70688,-1.6
70689,0.8
70690,-1.6
70691,-1.6
70692,-0.8
70693,0
70694,0
70695,0.8
70696,0.8
70697,0
70698,0
70699,0.8
70700,0.8
70701,2.4
70702,-1.6
70703,0.8
70704,-0.8
70705,1.6
70706,2.4
70707,0.8
70708,0.8
70709,0
70710,1.6
70711,-0.8
70712,0.8
70713,-0.8
70714,1.6
70715,-0.8
70716,0
70717,0.8
70718,-0.8
70719,-1.6
70720,-7.2
70721,0.8
70722,-1.6
70723,-0.8
70724,0
70725,0
70726,0
70727,9.6
70728,-0.8
70729,-0.8
70730,-0.8
70731,0.8
70732,0.8
70733,0
70734,0
70735,0
70736,0.8
70737,-3.2
70738,2.4
70739,2.4
70740,0.8
70741,0
70742,0
70743,0
70744,0.8
70745,0.8
70746,0.8
70747,-0.8
70748,-3.2
70749,0
70750,0.8
70751,0.8
70752,0
70753,0.8
70754,2.4
70755,0
70756,0.8
70757,0.8
70758,0
70759,0.8
70760,0.8
70761,-0.8
70762,0.8
70763,0.8
70764,-0.8
70765,0
70766,-3.2
70767,0
70768,0
70769,-2.4
70770,-1.6
70771,0.8
70772,-1.6
70773,0
70774,0.8
70775,-1.6
70776,0
70777,-0.8
70778,0.8
70779,-0.8
70780,-0.8
70781,-0.8
70782,1.6
70783,0
70784,-0.8
70785,0
70786,0
70787,-1.6
70788,-1.6
70789,0
70790,0
70791,0
70792,0
70793,0.8
70794,0
70795,0
70796,0.8
70797,0.8
70798,0.8
70799,1.6
70800,0
70801,0
70802,0.8
70803,0.8
70804,0.8
70805,0
70806,2.4
70807,2.4
70808,0
70809,0.8
70810,0
70811,2.4
70812,1.6
70813,0.8
70814,-1.6
70815,0
70816,0.8
70817,0
70818,0
70819,-3.2
70820,0.8
70821,0
70822,-0.8
70823,0.8
70824,-0.8
70825,-1.6
70826,0
70827,-1.6
70828,0
70829,0
70830,0.8
70831,0
70832,3.2
70833,0
70834,0
70835,-0.8
70836,0
70837,-0.8
70838,2.4
70839,0
70840,-0.8
70841,-0.8
70842,0
70843,2.4
70844,0.8
70845,0
70846,0.8
70847,-0.8
70848,0
70849,0
70850,3.2
70851,0.8
70852,0
70853,0
70854,1.6
70855,0.8
70856,0.8
70857,-0.8
70858,0
70859,1.6
70860,0
70861,0.8
70862,0
70863,1.6
70864,-3.2
70865,0
70866,-8.8
70867,0
70868,-0.8
70869,1.6
70870,-0.8
70871,-1.6
70872,0
70873,0.8
70874,-0.8
70875,-0.8
70876,0
70877,0
70878,0
70879,1.6
70880,0
70881,-0.8
70882,-0.8
70883,-0.8
70884,0
70885,-0.8
70886,0.8
70887,0.8
70888,0.8
70889,-8.8
70890,0.8
70891,-0.8
70892,0.8
70893,4
70894,0.8
70895,0
70896,-0.8
70897,-0.8
70898,-0.8
70899,1.6
70900,0
70901,-3.2
70902,-0.8
70903,0
70904,0.8
70905,0
70906,0.8
70907,-0.8
70908,0
70909,0
70910,4
70911,0.8
70912,1.6
70913,0
70914,-1.6
70915,0
70916,0.8
70917,-0.8
70918,0
70919,0
70920,-6.4
70921,0
70922,0.8
70923,0.8
70924,-0.8
70925,0
70926,0.8
70927,-1.6
70928,-0.8
70929,-2.4
70930,-1.6
70931,-2.4
70932,-1.6
70933,0.8
70934,0.8
70935,0.8
70936,-2.4
70937,0
70938,0.8
70939,2.4
70940,-2.4
70941,-0.8
70942,0
70943,-2.4
70944,-3.2
70945,-4
70946,0
70947,-0.8
70948,0
70949,0.8
70950,0.8
70951,0
70952,0.8
70953,-0.8
70954,0.8
70955,-0.8
70956,2.4
70957,-0.8
70958,3.2
70959,0.8
70960,0.8
70961,-1.6
70962,-4
70963,1.6
70964,-1.6
70965,0
70966,1.6
70967,0.8
70968,-0.8
70969,0.8
70970,0.8
70971,0.8
70972,-3.2
70973,1.6
70974,-1.6
70975,0
70976,0.8
70977,-0.8
70978,0
70979,-0.8
70980,-0.8
70981,-3.2
70982,0
70983,0
70984,0
70985,-0.8
70986,0.8
70987,0
70988,0.8
70989,0
70990,0
70991,-0.8
70992,0.8
70993,3.2
70994,0
70995,0
70996,0.8
70997,0
70998,0
70999,0
71000,0
71001,0
71002,0
71003,0
71004,1.6
71005,0.8
71006,2.4
71007,0.8
71008,0
71009,0.8
71010,-0.8
71011,0
71012,0.8
71013,-0.8
71014,-0.8
71015,0
71016,0
71017,0
71018,0
71019,1.6
71020,0
71021,0
71022,0.8
71023,0
71024,-0.8
71025,0.8
71026,0
71027,0.8
71028,0
71029,0
71030,-0.8
71031,0
71032,0
71033,0
71034,-1.6
71035,-0.8
71036,-0.8
71037,-0.8
71038,2.4
71039,2.4
71040,0.8
71041,-1.6
71042,1.6
71043,0.8
71044,-1.6
71045,0
71046,0
71047,0.8
71048,-0.8
71049,2.4
71050,0.8
71051,0
71052,-0.8
71053,-0.8
71054,-0.8
71055,0
71056,0.8
71057,0.8
71058,-1.6
71059,0.8
71060,0.8
71061,2.4
71062,0
71063,0
71064,-0.8
71065,0
71066,2.4
71067,-0.8
71068,-0.8
71069,0
71070,0
71071,0
71072,-2.4
71073,0.8
71074,-1.6
71075,0.8
71076,0.8
71077,0.8
71078,-0.8
71079,0
71080,-0.8
71081,0
71082,0
71083,0
71084,0
71085,-0.8
71086,0
71087,-0.8
71088,-1.6
71089,0.8
71090,0
71091,1.6
71092,0
71093,0.8
71094,-2.4
71095,2.4
71096,0
71097,-1.6
71098,-0.8
71099,0.8
71100,0
71101,0.8
71102,0.8
71103,-0.8
71104,-0.8
71105,-0.8
71106,0.8
71107,0
71108,0.8
71109,0
71110,0
71111,-3.2
71112,0
71113,2.4
71114,0.8
71115,-0.8
71116,1.6
71117,-0.8
71118,0
71119,0
71120,-1.6
71121,-0.8
71122,0
71123,0.8
71124,-1.6
71125,-1.6
71126,-1.6
71127,-0.8
71128,-0.8
71129,0.8
71130,-1.6
71131,-1.6
71132,-0.8
71133,0
71134,0
71135,-0.8
71136,5.6
71137,0
71138,-0.8
71139,4
71140,1.6
71141,0
71142,0
71143,0
71144,1.6
71145,2.4
71146,0
71147,-4
71148,-0.8
71149,2.4
71150,-1.6
71151,0.8
71152,0.8
71153,-0.8
71154,1.6
71155,0
71156,2.4
71157,-0.8
71158,0
71159,1.6
71160,0.8
71161,4
71162,0
71163,0.8
71164,0.8
71165,0.8
71166,2.4
71167,0
71168,0.8
71169,-0.8
71170,-0.8
71171,0
71172,0
71173,0.8
71174,-2.4
71175,-1.6
71176,0
71177,-0.8
71178,0.8
71179,0.8
71180,0.8
71181,-0.8
71182,-0.8
71183,0
71184,0
71185,-0.8
71186,1.6
71187,0
71188,-0.8
71189,2.4
71190,-1.6
71191,0.8
71192,2.4
71193,0.8
71194,0
71195,-1.6
71196,-0.8
71197,-1.6
71198,-1.6
71199,0.8
71200,-0.8
71201,0
71202,-0.8
71203,-0.8
71204,-2.4
71205,-0.8
71206,2.4
71207,0
71208,-0.8
71209,0
71210,-0.8
71211,0
71212,2.4
71213,0.8
71214,-1.6
71215,0.8
71216,0
71217,0.8
71218,0
71219,1.6
71220,0
71221,0.8
71222,-0.8
71223,0
71224,-2.4
71225,0
71226,0
71227,-0.8
71228,0
71229,0
71230,-0.8
71231,-3.2
71232,0
71233,-0.8
71234,0
71235,-0.8
71236,0
71237,0.8
71238,0.8
71239,1.6
71240,-0.8
71241,-0.8
71242,0
71243,0
71244,2.4
71245,-0.8
71246,-0.8
71247,-0.8
71248,0
71249,1.6
71250,0.8
71251,0
71252,-0.8
71253,0.8
71254,0.8
71255,-1.6
71256,0.8
71257,0.8
71258,-0.8
71259,0
71260,-0.8
71261,1.6
71262,2.4
71263,-1.6
71264,-0.8
71265,0
71266,-0.8
71267,0
71268,2.4
71269,-0.8
71270,0.8
71271,-0.8
71272,0.8
71273,-3.2
71274,-1.6
71275,0.8
71276,0
71277,-2.4
71278,-0.8
71279,-3.2
71280,1.6
71281,-5.6
71282,0.8
71283,0
71284,-0.8
71285,-0.8
71286,0
71287,-0.8
71288,0.8
71289,1.6
71290,-3.2
71291,-0.8
71292,0
71293,0
71294,0
71295,0.8
71296,0
71297,-1.6
71298,-1.6
71299,0
71300,0.8
71301,-0.8
71302,2.4
71303,0.8
71304,0
71305,0
71306,3.2
71307,0
71308,0.8
71309,0.8
71310,0.8
71311,-0.8
71312,-3.2
71313,0.8
71314,0
71315,-0.8
71316,0
71317,0
71318,0
71319,0.8
71320,-0.8
71321,0
71322,-2.4
71323,0.8
71324,0
71325,0
71326,0.8
71327,-0.8
71328,1.6
71329,1.6
71330,0.8
71331,-3.2
71332,0.8
71333,0.8
71334,0
71335,0
71336,0
71337,0
71338,0.8
71339,2.4
71340,-5.6
71341,-3.2
71342,-4
71343,-0.8
71344,1.6
71345,0.8
71346,0.8
71347,0.8
71348,-0.8
71349,0.8
71350,-0.8
71351,0
71352,-1.6
71353,-0.8
71354,0.8
71355,-0.8
71356,0
71357,-4
71358,2.4
71359,4
71360,-0.8
71361,0
71362,-1.6
71363,0.8
71364,0.8
71365,-2.4
71366,0
71367,0
71368,0.8
71369,-0.8
71370,-3.2
71371,-1.6
71372,0
71373,5.6
71374,-1.6
71375,0
71376,-0.8
71377,0
71378,-0.8
71379,0.8
71380,0
71381,-4
71382,0
71383,1.6
71384,-4.8
71385,2.4
71386,0.8
71387,0
71388,-1.6
71389,1.6
71390,-6.4
71391,-0.8
71392,2.4
71393,-0.8
71394,1.6
71395,0.8
71396,-5.6
71397,0
71398,0
71399,1.6
71400,-1.6
71401,0
71402,1.6
71403,-0.8
71404,0.8
71405,0
71406,2.4
71407,0
71408,2.4
71409,0
71410,2.4
71411,2.4
71412,0
71413,2.4
71414,0.8
71415,0
71416,0
71417,-4.8
71418,0
71419,0
71420,0
71421,-0.8
71422,2.4
71423,0.8
71424,-0.8
71425,0
71426,0
71427,-0.8
71428,0
71429,-0.8
71430,0.8
71431,0
71432,0.8
71433,1.6
71434,0
71435,0
71436,-0.8
71437,0
71438,-1.6
71439,-1.6
71440,2.4
71441,0
71442,0.8
71443,-0.8
71444,-1.6
71445,0
71446,0.8
71447,0.8
71448,-0.8
71449,2.4
71450,0.8
71451,0
71452,1.6
71453,0
71454,1.6
71455,-1.6
71456,1.6
71457,2.4
71458,0.8
71459,0
71460,-9.6
71461,0
71462,0.8
71463,1.6
71464,0
71465,-1.6
71466,0.8
71467,0.8
71468,0.8
71469,0
71470,0
71471,0
71472,0.8
71473,0.8
71474,0
71475,0
71476,-0.8
71477,-1.6
71478,-0.8
71479,0.8
71480,-0.8
71481,-0.8
71482,-0.8
71483,0.8
71484,0.8
71485,0.8
71486,1.6
71487,2.4
71488,-1.6
71489,0
71490,-1.6
71491,-0.8
71492,-0.8
71493,0
71494,0.8
71495,0
71496,0
71497,-2.4
71498,-0.8
71499,0
71500,0
71501,-0.8
71502,-0.8
71503,-0.8
71504,0
71505,-2.4
71506,2.4
71507,0.8
71508,0
71509,0.8
71510,0.8
71511,1.6
71512,1.6
71513,2.4
71514,-0.8
71515,-0.8
71516,-3.2
71517,-0.8
71518,0
71519,0
71520,0.8
71521,0.8
71522,0
71523,1.6
71524,0.8
71525,0.8
71526,0.8
71527,0
71528,-0.8
71529,0
71530,0.8
71531,-1.6
71532,-0.8
71533,0.8
71534,0
71535,-0.8
71536,-0.8
71537,0
71538,1.6
71539,0
71540,0.8
71541,0
71542,0
71543,0.8
71544,3.2
71545,0.8
71546,0.8
71547,-2.4
71548,0.8
71549,0.8
71550,0
71551,0
71552,0
71553,-3.2
71554,0.8
71555,0
71556,1.6
71557,0.8
71558,0
71559,0.8
71560,0
71561,-1.6
71562,-0.8
71563,0.8
71564,0
71565,0.8
71566,0
71567,-1.6
71568,0.8
71569,-1.6
71570,0.8
71571,0
71572,-3.2
71573,0.8
71574,0
71575,0
71576,-0.8
71577,-1.6
71578,8
71579,-3.2
71580,1.6
71581,-1.6
71582,0
71583,-0.8
71584,0
71585,0
71586,4
71587,0
71588,0.8
71589,-0.8
71590,0
71591,-0.8
71592,-0.8
71593,-0.8
71594,-0.8
71595,-0.8
71596,0
71597,-0.8
71598,0
71599,1.6
71600,0
71601,0
71602,-0.8
71603,0
71604,0
71605,-1.6
71606,0.8
71607,1.6
71608,2.4
71609,1.6
71610,0.8
71611,2.4
71612,1.6
71613,0
71614,3.2
71615,-0.8
71616,-0.8
71617,0
71618,-0.8
71619,0.8
71620,2.4
71621,-0.8
71622,0.8
71623,0.8
71624,0
71625,0
71626,0
71627,0
71628,-1.6
71629,0
71630,-3.2
71631,-0.8
71632,0
71633,0.8
71634,0.8
71635,0.8
71636,-0.8
71637,-0.8
71638,-1.6
71639,0
71640,0.8
71641,0.8
71642,0
71643,-0.8
71644,0.8
71645,-0.8
71646,0
71647,0.8
71648,-3.2
71649,0.8
71650,0
71651,0
71652,0
71653,0.8
71654,0
71655,0.8
71656,0.8
71657,2.4
71658,0.8
71659,2.4
71660,0
71661,1.6
71662,0
71663,-1.6
71664,-0.8
71665,0.8
71666,0.8
71667,0.8
71668,-0.8
71669,0.8
71670,-1.6
71671,2.4
71672,1.6
71673,-0.8
71674,2.4
71675,0.8
71676,0.8
71677,-1.6
71678,0
71679,0.8
71680,0
71681,-1.6
71682,0.8
71683,-0.8
71684,0
71685,0
71686,0
71687,-3.2
71688,1.6
71689,0
71690,0
71691,0
71692,-0.8
71693,0
71694,0.8
71695,0
71696,0
71697,-0.8
71698,-1.6
71699,0.8
71700,0.8
71701,2.4
71702,-0.8
71703,0.8
71704,-0.8
71705,-0.8
71706,0
71707,0
71708,-0.8
71709,0
71710,0
71711,2.4
71712,4
71713,1.6
71714,2.4
71715,-3.2
71716,-1.6
71717,0
71718,0.8
71719,0
71720,-0.8
71721,0.8
71722,-0.8
71723,0.8
71724,-3.2
71725,0
71726,-0.8
71727,-0.8
71728,0
71729,-0.8
71730,2.4
71731,-3.2
71732,-0.8
71733,0
71734,0.8
71735,0
71736,0
71737,0.8
71738,0
71739,2.4
71740,0
71741,-3.2
71742,-1.6
71743,0.8
71744,0
71745,0
71746,0.8
71747,-0.8
71748,-3.2
71749,-1.6
71750,0.8
71751,-1.6
71752,0
71753,0
71754,-1.6
71755,-3.2
71756,0.8
71757,-0.8
71758,-2.4
71759,0
71760,1.6
71761,2.4
71762,-0.8
71763,-4
71764,0
71765,0.8
71766,-1.6
71767,0.8
71768,0
71769,0.8
71770,-0.8
71771,-0.8
71772,0
71773,0
71774,-2.4
71775,0.8
71776,-3.2
71777,0
71778,0.8
71779,0.8
71780,-0.8
71781,-0.8
71782,0
71783,-1.6
71784,-1.6
71785,0
71786,0
71787,0.8
71788,-0.8
71789,0
71790,2.4
71791,0
71792,0.8
71793,-0.8
71794,0.8
71795,-6.4
71796,0.8
71797,0.8
71798,0
71799,0.8
71800,0
71801,0
71802,1.6
71803,-0.8
71804,0
71805,-0.8
71806,2.4
71807,0
71808,0
71809,3.2
71810,2.4
71811,2.4
71812,0.8
71813,0.8
71814,-3.2
71815,0.8
71816,0
71817,0
71818,0
71819,0
71820,-3.2
71821,0
71822,0
71823,1.6
71824,1.6
71825,-1.6
71826,0
71827,-0.8
71828,0.8
71829,0.8
71830,0.8
71831,-0.8
71832,0
71833,-1.6
71834,4
71835,2.4
71836,0.8
71837,0
71838,-0.8
71839,-0.8
71840,-0.8
71841,0.8
71842,1.6
71843,-0.8
71844,0
71845,0
71846,1.6
71847,-0.8
71848,-1.6
71849,3.2
71850,0
71851,2.4
71852,-1.6
71853,-2.4
71854,-0.8
71855,-0.8
71856,-4
71857,0.8
71858,-3.2
71859,0
71860,0
71861,-0.8
71862,0.8
71863,-3.2
71864,0
71865,0
71866,3.2
71867,0
71868,0.8
71869,0
71870,-0.8
71871,-0.8
71872,0
71873,-1.6
71874,-2.4
71875,0
71876,4
71877,0.8
71878,-0.8
71879,0.8
71880,1.6
71881,0
71882,0
71883,0
71884,0.8
71885,-1.6
71886,-0.8
71887,-0.8
71888,-0.8
71889,2.4
71890,-0.8
71891,2.4
71892,-0.8
71893,-1.6
71894,2.4
71895,0
71896,0
71897,2.4
71898,-1.6
71899,-0.8
71900,0.8
71901,2.4
71902,0.8
71903,0.8
71904,0.8
71905,-0.8
71906,4
71907,-0.8
71908,-8.8
71909,0.8
71910,-7.2
71911,2.4
71912,-0.8
71913,2.4
71914,0
71915,0
71916,-0.8
71917,0
71918,0
71919,2.4
71920,-4
71921,0.8
71922,0
71923,0
71924,-1.6
71925,-2.4
71926,-1.6
71927,9.6
71928,0
71929,0
71930,-0.8
71931,-1.6
71932,0.8
71933,-1.6
71934,0.8
71935,-0.8
71936,0
71937,1.6
71938,0
71939,-4.8
71940,0.8
71941,0.8
71942,0.8
71943,0
71944,-2.4
71945,0
71946,0
71947,2.4
71948,-3.2
71949,0.8
71950,0.8
71951,0
71952,0
71953,0
71954,-2.4
71955,-0.8
71956,0.8
71957,-1.6
71958,0
71959,0.8
71960,3.2
71961,1.6
71962,2.4
71963,-0.8
71964,-0.8
71965,0.8
71966,2.4
71967,-4
71968,-0.8
71969,-0.8
71970,-0.8
71971,2.4
71972,0
71973,2.4
71974,0
71975,-1.6
71976,-3.2
71977,0.8
71978,0
71979,-1.6
71980,-1.6
71981,-3.2
71982,0.8
71983,0
71984,0
71985,0
71986,0.8
71987,-1.6
71988,0
71989,0.8
71990,0
71991,0.8
71992,1.6
71993,2.4
71994,0
71995,0.8
71996,-0.8
71997,0
71998,0
71999,4
72000,0
72001,-1.6
72002,0.8
72003,-3.2
72004,-0.8
72005,0.8
72006,0
72007,2.4
72008,0.8
72009,0.8
72010,2.4
72011,-1.6
72012,1.6
72013,2.4
72014,0
72015,-3.2
72016,0
72017,0.8
72018,0
72019,0.8
72020,0.8
72021,-4
72022,2.4
72023,-0.8
72024,-0.8
72025,0
72026,-0.8
72027,0
72028,0
72029,-1.6
72030,0.8
72031,-0.8
72032,-2.4
72033,0.8
72034,0.8
72035,1.6
72036,4
72037,-3.2
72038,-1.6
72039,2.4
72040,0
72041,0.8
72042,1.6
72043,0.8
72044,2.4
72045,0
72046,0.8
72047,-2.4
72048,0
72049,0
72050,0
72051,-2.4
72052,-3.2
72053,0
72054,0
72055,0.8
72056,0
72057,-0.8
72058,-0.8
72059,0.8
72060,-1.6
72061,0.8
72062,2.4
72063,-0.8
72064,0
72065,0
72066,0
72067,-0.8
72068,1.6
72069,0.8
72070,0
72071,-1.6
72072,-0.8
72073,2.4
72074,-2.4
72075,1.6
72076,2.4
72077,-2.4
72078,-1.6
72079,-2.4
72080,2.4
72081,-1.6
72082,0.8
72083,-0.8
72084,0
72085,0.8
72086,-0.8
72087,-0.8
72088,0
72089,-3.2
72090,2.4
72091,0
72092,0
72093,0.8
72094,-4
72095,-2.4
72096,-4
72097,-0.8
72098,0
72099,0
72100,0
72101,0
72102,-3.2
72103,-0.8
72104,2.4
72105,-0.8
72106,5.6
72107,0.8
72108,0
72109,0
72110,0
72111,0.8
72112,2.4
72113,4
72114,0.8
72115,-0.8
72116,2.4
72117,0
72118,0
72119,0
72120,0.8
72121,0
72122,2.4
72123,-0.8
72124,-3.2
72125,0
72126,-2.4
72127,0
72128,2.4
72129,0
72130,-1.6
72131,-0.8
72132,-0.8
72133,1.6
72134,0
72135,0.8
72136,0.8
72137,2.4
72138,1.6
72139,-0.8
72140,0.8
72141,0
72142,2.4
72143,0
72144,0.8
72145,2.4
72146,0
72147,-0.8
72148,-0.8
72149,0.8
72150,2.4
72151,0.8
72152,-0.8
72153,0.8
72154,0.8
72155,0
72156,2.4
72157,0.8
72158,2.4
72159,-0.8
72160,0.8
72161,0
72162,0.8
72163,4
72164,-0.8
72165,-2.4
72166,0
72167,1.6
72168,0
72169,2.4
72170,4
72171,2.4
72172,0.8
72173,2.4
72174,0
72175,2.4
72176,0.8
72177,-0.8
72178,0
72179,0.8
72180,2.4
72181,1.6
72182,0.8
72183,0
72184,-1.6
72185,-0.8
72186,0
72187,0.8
72188,-2.4
72189,1.6
72190,-1.6
72191,-1.6
72192,-1.6
72193,0
72194,0.8
72195,0
72196,2.4
72197,-0.8
72198,0
72199,0.8
72200,0
72201,2.4
72202,-1.6
72203,-3.2
72204,-0.8
72205,4
72206,0
72207,0
72208,2.4
72209,-3.2
72210,1.6
72211,-3.2
72212,-0.8
72213,0.8
72214,0
72215,-4
72216,-1.6
72217,0
72218,-3.2
72219,0
72220,-0.8
72221,-0.8
72222,1.6
72223,0.8
72224,0
72225,1.6
72226,-1.6
72227,0.8
72228,0
72229,-1.6
72230,-0.8
72231,-0.8
72232,0
72233,0
72234,-0.8
72235,0
72236,0
72237,0.8
72238,-3.2
72239,-1.6
72240,3.2
72241,0
72242,0
72243,0.8
72244,0.8
72245,-1.6
72246,0.8
72247,0
72248,-0.8
72249,2.4
72250,-0.8
72251,0
72252,-2.4
72253,0.8
72254,1.6
72255,0
72256,0
72257,3.2
72258,0
72259,4
72260,0.8
72261,1.6
72262,-0.8
72263,0
72264,0
72265,-0.8
72266,-0.8
72267,0.8
72268,0
72269,-2.4
72270,0
72271,0
72272,-2.4
72273,3.2
72274,-1.6
72275,-1.6
72276,0
72277,0
72278,0
72279,0
72280,2.4
72281,-2.4
72282,0.8
72283,4
72284,0
72285,-1.6
72286,0
72287,-0.8
72288,0
72289,2.4
72290,3.2
72291,2.4
72292,-1.6
72293,0
72294,-0.8
72295,0.8
72296,-1.6
72297,0
72298,0.8
72299,2.4
72300,-0.8
72301,0
72302,0.8
72303,0
72304,0
72305,0
72306,-0.8
72307,0
72308,0
72309,0.8
72310,0
72311,0.8
72312,1.6
72313,2.4
72314,0.8
72315,-1.6
72316,-2.4
72317,1.6
72318,4
72319,1.6
72320,-1.6
72321,2.4
72322,5.6
72323,0
72324,-0.8
72325,0
72326,-0.8
72327,0
72328,-1.6
72329,-3.2
72330,-5.6
72331,0
72332,-0.8
72333,0
72334,-1.6
72335,3.2
72336,-2.4
72337,1.6
72338,0
72339,0.8
72340,0.8
72341,-3.2
72342,-2.4
72343,0
72344,-0.8
72345,2.4
72346,3.2
72347,1.6
72348,0.8
72349,0.8
72350,-3.2
72351,-3.2
72352,2.4
72353,0
72354,1.6
72355,2.4
72356,-0.8
72357,0
72358,-4
72359,0
72360,2.4
72361,-3.2
72362,0
72363,-1.6
72364,0
72365,3.2
72366,-0.8
72367,0.8
72368,0
72369,0.8
72370,0.8
72371,3.2
72372,0
72373,0.8
72374,0.8
72375,-1.6
72376,0.8
72377,0.8
72378,0.8
72379,-3.2
72380,-1.6
72381,-1.6
72382,-0.8
72383,2.4
72384,1.6
72385,0.8
72386,0
72387,0
72388,1.6
72389,-0.8
72390,0
72391,0.8
72392,-5.6
72393,-2.4
72394,0
72395,1.6
72396,0.8
72397,-0.8
72398,-1.6
72399,2.4
72400,0
72401,-0.8
72402,-0.8
72403,-1.6
72404,-4
72405,-0.8
72406,-0.8
72407,2.4
72408,-0.8
72409,0
72410,2.4
72411,0.8
72412,0
72413,-4
72414,0
72415,-0.8
72416,-0.8
72417,0
72418,-0.8
72419,-0.8
72420,0
72421,-0.8
72422,2.4
72423,-3.2
72424,-1.6
72425,-3.2
72426,-1.6
72427,-2.4
72428,0
72429,-0.8
72430,2.4
72431,-0.8
72432,-0.8
72433,0.8
72434,0
72435,-1.6
72436,-1.6
72437,0
72438,0.8
72439,2.4
72440,-0.8
72441,-0.8
72442,0
72443,0
72444,-0.8
72445,1.6
72446,0.8
72447,-2.4
72448,0
72449,0.8
72450,-4
72451,0
72452,0.8
72453,0.8
72454,0.8
72455,-0.8
72456,0.8
72457,-2.4
72458,0
72459,-0.8
72460,0
72461,-2.4
72462,-2.4
72463,0.8
72464,0.8
72465,-1.6
72466,2.4
72467,2.4
72468,-0.8
72469,2.4
72470,0
72471,0
72472,-0.8
72473,0
72474,0
72475,-0.8
72476,0
72477,0.8
72478,-0.8
72479,-0.8
72480,0.8
72481,-4
72482,-3.2
72483,-5.6
72484,-0.8
72485,-0.8
72486,-3.2
72487,2.4
72488,0.8
72489,0.8
72490,0
72491,0
72492,0
72493,0.8
72494,-0.8
72495,-0.8
72496,1.6
72497,-0.8
72498,-1.6
72499,-0.8
72500,0.8
72501,2.4
72502,1.6
72503,0
72504,-3.2
72505,0
72506,-1.6
72507,-0.8
72508,0
72509,-3.2
72510,-3.2
72511,0
72512,0.8
72513,2.4
72514,2.4
72515,0
72516,0.8
72517,2.4
72518,-1.6
72519,-0.8
72520,0.8
72521,-0.8
72522,0
72523,0.8
72524,-0.8
72525,-3.2
72526,-3.2
72527,0
72528,1.6
72529,0
72530,-2.4
72531,-3.2
72532,0
72533,0.8
72534,0
72535,-0.8
72536,2.4
72537,-1.6
72538,0.8
72539,-0.8
72540,0
72541,-0.8
72542,-0.8
72543,1.6
72544,-1.6
72545,-0.8
72546,0
72547,0
72548,0
72549,2.4
72550,2.4
72551,0
72552,2.4
72553,2.4
72554,2.4
72555,-3.2
72556,5.6
72557,-0.8
72558,-0.8
72559,0.8
72560,0.8
72561,1.6
72562,2.4
72563,0.8
72564,0.8
72565,-0.8
72566,-1.6
72567,0
72568,-0.8
72569,0
72570,-1.6
72571,0
72572,0
72573,-1.6
72574,-0.8
72575,-0.8
72576,-0.8
72577,-2.4
72578,0.8
72579,-0.8
72580,0.8
72581,0
72582,-2.4
72583,-0.8
72584,-0.8
72585,-1.6
72586,-2.4
72587,0
72588,-1.6
72589,0.8
72590,0
72591,0
72592,0.8
72593,-0.8
72594,0
72595,0
72596,0.8
72597,0.8
72598,-2.4
72599,0.8
72600,7.2
72601,-3.2
72602,0.8
72603,-3.2
72604,-3.2
72605,1.6
72606,0.8
72607,0.8
72608,0.8
72609,-1.6
72610,-0.8
72611,1.6
72612,0.8
72613,2.4
72614,-3.2
72615,-2.4
72616,-1.6
72617,-1.6
72618,-0.8
72619,0.8
72620,0.8
72621,0
72622,0
72623,0.8
72624,-4
72625,-0.8
72626,0
72627,0
72628,3.2
72629,0.8
72630,0
72631,-4
72632,2.4
72633,0
72634,0.8
72635,0.8
72636,-1.6
72637,-3.2
72638,-3.2
72639,1.6
72640,-2.4
72641,-1.6
72642,-0.8
72643,0
72644,0
72645,0
72646,0.8
72647,0
72648,0.8
72649,2.4
72650,0.8
72651,2.4
72652,0.8
72653,0
72654,-1.6
72655,2.4
72656,0.8
72657,2.4
72658,0
72659,0
72660,0.8
72661,0.8
72662,0.8
72663,2.4
72664,0
72665,0
72666,2.4
72667,-0.8
72668,0
72669,0
72670,0
72671,0
72672,-0.8
72673,0.8
72674,0
72675,-2.4
72676,-1.6
72677,-1.6
72678,1.6
72679,2.4
72680,-1.6
72681,-2.4
72682,-1.6
72683,0
72684,0
72685,-1.6
72686,-1.6
72687,-4.8
72688,0
72689,-0.8
72690,-0.8
72691,0.8
72692,-1.6
72693,0.8
72694,2.4
72695,0
72696,-0.8
72697,3.2
72698,-0.8
72699,-0.8
72700,-0.8
72701,0.8
72702,3.2
72703,3.2
72704,0
72705,1.6
72706,1.6
72707,2.4
72708,-0.8
72709,0
72710,-3.2
72711,0
72712,-0.8
72713,2.4
72714,3.2
72715,2.4
72716,0
72717,0
72718,-1.6
72719,-2.4
72720,0
72721,-0.8
72722,-0.8
72723,0.8
72724,-0.8
72725,-2.4
72726,-0.8
72727,-0.8
72728,-1.6
72729,0
72730,0.8
72731,-3.2
72732,0
72733,0.8
72734,-3.2
72735,0
72736,0.8
72737,-3.2
72738,2.4
72739,-1.6
72740,2.4
72741,-3.2
72742,-0.8
72743,0
72744,0.8
72745,0.8
72746,1.6
72747,2.4
72748,-0.8
72749,2.4
72750,-1.6
72751,0.8
72752,0.8
72753,-0.8
72754,0
72755,-1.6
72756,2.4
72757,2.4
72758,0.8
72759,-0.8
72760,1.6
72761,1.6
72762,2.4
72763,1.6
72764,2.4
72765,0
72766,0.8
72767,-1.6
72768,0
72769,-0.8
72770,0
72771,-0.8
72772,0
72773,0.8
72774,0
72775,-0.8
72776,0.8
72777,0.8
72778,-0.8
72779,-3.2
72780,0
72781,-4
72782,-1.6
72783,0
72784,-0.8
72785,0
72786,-0.8
72787,2.4
72788,-0.8
72789,-0.8
72790,0
72791,-3.2
72792,0
72793,0
72794,0.8
72795,2.4
72796,-1.6
72797,-1.6
72798,0
72799,0
72800,0.8
72801,-2.4
72802,1.6
72803,-2.4
72804,-3.2
72805,-0.8
72806,0
72807,0.8
72808,0.8
72809,0
72810,0.8
72811,0.8
72812,2.4
72813,-0.8
72814,2.4
72815,-3.2
72816,-2.4
72817,0.8
72818,0
72819,0
72820,0
72821,-0.8
72822,-1.6
72823,2.4
72824,-2.4
72825,1.6
72826,-0.8
72827,-1.6
72828,0.8
72829,1.6
72830,0.8
72831,-0.8
72832,0
72833,-1.6
72834,-1.6
72835,0.8
72836,2.4
72837,0.8
72838,-0.8
72839,-3.2
72840,2.4
72841,0.8
72842,-0.8
72843,-1.6
72844,-0.8
72845,0
72846,0.8
72847,-2.4
72848,-0.8
72849,-0.8
72850,0.8
72851,0
72852,0.8
72853,0
72854,-3.2
72855,0
72856,-1.6
72857,0.8
72858,0.8
72859,0.8
72860,-4
72861,-1.6
72862,2.4
72863,-1.6
72864,0.8
72865,4
72866,2.4
72867,-1.6
72868,-1.6
72869,-1.6
72870,-0.8
72871,-1.6
72872,-2.4
72873,2.4
72874,-0.8
72875,0.8
72876,-2.4
72877,-3.2
72878,2.4
72879,0.8
72880,0
72881,-0.8
72882,-0.8
72883,0.8
72884,0.8
72885,-0.8
72886,0.8
72887,0.8
72888,-0.8
72889,-4
72890,0.8
72891,-3.2
72892,-0.8
72893,0.8
72894,0
72895,0.8
72896,0.8
72897,1.6
72898,0.8
72899,0.8
72900,0
72901,0
72902,0
72903,-1.6
72904,0
72905,0.8
72906,0
72907,0.8
72908,0
72909,2.4
72910,-0.8
72911,0.8
72912,-1.6
72913,1.6
72914,0
72915,-0.8
72916,0
72917,0.8
72918,0.8
72919,-0.8
72920,2.4
72921,-1.6
72922,0
72923,0.8
72924,0
72925,-0.8
72926,-0.8
72927,-3.2
72928,0
72929,0
72930,0
72931,-3.2
72932,-2.4
72933,0
72934,0
72935,0
72936,1.6
72937,0
72938,0
72939,0
72940,3.2
72941,0.8
72942,0
72943,0.8
72944,0.8
72945,-1.6
72946,0
72947,-1.6
72948,0.8
72949,3.2
72950,3.2
72951,0.8
72952,0.8
72953,0.8
72954,0
72955,2.4
72956,0
72957,0.8
72958,3.2
72959,-0.8
72960,1.6
72961,1.6
72962,2.4
72963,0.8
72964,-0.8
72965,0
72966,0
72967,1.6
72968,0
72969,-3.2
72970,0.8
72971,-1.6
72972,-0.8
72973,2.4
72974,-0.8
72975,-0.8
72976,-1.6
72977,0
72978,0
72979,-0.8
72980,-4
72981,-0.8
72982,0
72983,1.6
72984,4
72985,0.8
72986,0
72987,4
72988,-2.4
72989,3.2
72990,0
72991,-0.8
72992,0
72993,1.6
72994,-0.8
72995,0
72996,0
72997,2.4
72998,-0.8
72999,0.8
73000,0.8
73001,-0.8
73002,0
73003,1.6
73004,2.4
73005,3.2
73006,2.4
73007,0.8
73008,0
73009,1.6
73010,2.4
73011,2.4
73012,3.2
73013,-0.8
73014,-0.8
73015,-3.2
73016,0
73017,0
73018,-0.8
73019,0.8
73020,2.4
73021,4
73022,-3.2
73023,-1.6
73024,0
73025,0
73026,-1.6
73027,-1.6
73028,-0.8
73029,-3.2
73030,-0.8
73031,0
73032,-0.8
73033,-1.6
73034,0
73035,-2.4
73036,-1.6
73037,2.4
73038,0
73039,0.8
73040,2.4
73041,-1.6
73042,0
73043,0
73044,-4
73045,0.8
73046,0
73047,-1.6
73048,-2.4
73049,2.4
73050,-1.6
73051,-3.2
73052,0
73053,-1.6
73054,3.2
73055,0.8
73056,0.8
73057,0.8
73058,-0.8
73059,0.8
73060,2.4
73061,-4
73062,2.4
73063,0
73064,0
73065,-7.2
73066,1.6
73067,0.8
73068,-0.8
73069,0
73070,-1.6
73071,-1.6
73072,0.8
73073,0.8
73074,0
73075,-2.4
73076,0
73077,-0.8
73078,-3.2
73079,-3.2
73080,1.6
73081,-3.2
73082,0
73083,0
73084,-0.8
73085,-0.8
73086,0.8
73087,-4
73088,-2.4
73089,-0.8
73090,-3.2
73091,0
73092,2.4
73093,0
73094,0
73095,-0.8
73096,0.8
73097,0.8
73098,-0.8
73099,0
73100,-0.8
73101,2.4
73102,2.4
73103,0
73104,0.8
73105,3.2
73106,-0.8
73107,0.8
73108,0
73109,-0.8
73110,0.8
73111,0
73112,2.4
73113,0
73114,2.4
73115,0
73116,2.4
73117,2.4
73118,2.4
73119,-0.8
73120,-0.8
73121,0
73122,0.8
73123,-0.8
73124,-1.6
73125,-1.6
73126,-1.6
73127,2.4
73128,0
73129,0
73130,1.6
73131,0
73132,-0.8
73133,0.8
73134,2.4
73135,-0.8
73136,0.8
73137,0.8
73138,0
73139,2.4
73140,5.6
73141,2.4
73142,2.4
73143,1.6
73144,0.8
73145,-1.6
73146,2.4
73147,-0.8
73148,2.4
73149,0.8
73150,-1.6
73151,0
73152,0
73153,0
73154,0.8
73155,0
73156,3.2
73157,0
73158,-0.8
73159,0.8
73160,2.4
73161,3.2
73162,0
73163,-0.8
73164,-1.6
73165,-0.8
73166,0
73167,2.4
73168,0
73169,0
73170,0
73171,-1.6
73172,-0.8
73173,-0.8
73174,1.6
73175,0
73176,-3.2
73177,-1.6
73178,-1.6
73179,2.4
73180,0
73181,0.8
73182,-1.6
73183,0.8
73184,0.8
73185,-1.6
73186,0.8
73187,0.8
73188,-2.4
73189,-0.8
73190,-0.8
73191,-4
73192,-1.6
73193,-0.8
73194,0
73195,-0.8
73196,-0.8
73197,-3.2
73198,-3.2
73199,0.8
73200,0
73201,0.8
73202,2.4
73203,0.8
73204,-3.2
73205,0
73206,0.8
73207,-1.6
73208,-0.8
73209,0
73210,0.8
73211,0
73212,0.8
73213,0.8
73214,0.8
73215,0
73216,0.8
73217,2.4
73218,-1.6
73219,-1.6
73220,-0.8
73221,-0.8
73222,-0.8
73223,-1.6
73224,2.4
73225,0.8
73226,-0.8
73227,0
73228,2.4
73229,0.8
73230,-0.8
73231,-0.8
73232,1.6
73233,0
73234,-0.8
73235,-1.6
73236,-3.2
73237,3.2
73238,0.8
73239,1.6
73240,-0.8
73241,-0.8
73242,-0.8
73243,0.8
73244,1.6
73245,0.8
73246,0.8
73247,0.8
73248,0
73249,2.4
73250,-0.8
73251,1.6
73252,2.4
73253,-1.6
73254,11.2
73255,-0.8
73256,2.4
73257,0
73258,0.8
73259,-0.8
73260,0
73261,0.8
73262,0.8
73263,1.6
73264,-0.8
73265,0.8
73266,4
73267,0
73268,-0.8
73269,1.6
73270,1.6
73271,0
73272,0.8
73273,0
73274,-0.8
73275,-0.8
73276,0.8
73277,-0.8
73278,-3.2
73279,0.8
73280,0
73281,-1.6
73282,2.4
73283,0.8
73284,0.8
73285,3.2
73286,0
73287,0.8
73288,0
73289,-2.4
73290,0.8
73291,0
73292,0.8
73293,0
73294,0
73295,1.6
73296,0.8
73297,0
73298,0.8
73299,0
73300,0
73301,-1.6
73302,-0.8
73303,-0.8
73304,-0.8
73305,2.4
73306,2.4
73307,0.8
73308,0.8
73309,0
73310,0.8
73311,0.8
73312,2.4
73313,2.4
73314,-2.4
73315,0
73316,-1.6
73317,0.8
73318,-0.8
73319,0
73320,-0.8
73321,-2.4
73322,0.8
73323,0
73324,-1.6
73325,-3.2
73326,-3.2
73327,0.8
73328,-2.4
73329,0.8
73330,-0.8
73331,-3.2
73332,-1.6
73333,-2.4
73334,-0.8
73335,0
73336,-2.4
73337,-3.2
73338,-2.4
73339,4
73340,0.8
73341,-0.8
73342,-0.8
73343,0.8
73344,0
73345,-0.8
73346,-3.2
73347,-1.6
73348,0
73349,2.4
73350,-0.8
73351,-1.6
73352,1.6
73353,0
73354,0.8
73355,2.4
73356,-0.8
73357,-0.8
73358,0
73359,0.8
73360,0
73361,-1.6
73362,-0.8
73363,2.4
73364,0.8
73365,0
73366,0
73367,2.4
73368,0.8
73369,0
73370,0
73371,-1.6
73372,-1.6
73373,-0.8
73374,0
73375,-0.8
73376,0
73377,-0.8
73378,-1.6
73379,-4
73380,0.8
73381,-3.2
73382,2.4
73383,-1.6
73384,0
73385,0
73386,0.8
73387,-7.2
73388,-4
73389,5.6
73390,0
73391,-3.2
73392,0.8
73393,0
73394,-0.8
73395,0
73396,2.4
73397,2.4
73398,0.8
73399,2.4
73400,-0.8
73401,-1.6
73402,-0.8
73403,-0.8
73404,-0.8
73405,2.4
73406,3.2
73407,0.8
73408,-0.8
73409,1.6
73410,0.8
73411,0.8
73412,0.8
73413,4
73414,2.4
73415,-2.4
73416,-1.6
73417,1.6
73418,-0.8
73419,0
73420,0
73421,-1.6
73422,-3.2
73423,-0.8
73424,0.8
73425,0
73426,-1.6
73427,0.8
73428,0.8
73429,0
73430,-0.8
73431,-2.4
73432,-1.6
73433,-0.8
73434,1.6
73435,0
73436,0.8
73437,-0.8
73438,-2.4
73439,-3.2
73440,0
73441,-3.2
73442,0
73443,0
73444,-0.8
73445,-0.8
73446,-1.6
73447,-1.6
73448,0.8
73449,0.8
73450,0.8
73451,1.6
73452,2.4
73453,-1.6
73454,0.8
73455,-0.8
73456,-3.2
73457,-1.6
73458,0
73459,2.4
73460,1.6
73461,-2.4
73462,1.6
73463,2.4
73464,4
73465,2.4
73466,2.4
73467,2.4
73468,-0.8
73469,-0.8
73470,-0.8
73471,0
73472,-1.6
73473,-2.4
73474,-2.4
73475,-0.8
73476,-3.2
73477,0
73478,0
73479,-8.8
73480,0.8
73481,0
73482,-0.8
73483,0
73484,0.8
73485,-3.2
73486,-3.2
73487,-0.8
73488,0.8
73489,-1.6
73490,-4
73491,-2.4
73492,0
73493,0.8
73494,0.8
73495,0.8
73496,0.8
73497,0.8
73498,-0.8
73499,2.4
73500,-0.8
73501,0.8
73502,-0.8
73503,-2.4
73504,-1.6
73505,0
73506,2.4
73507,0.8
73508,0.8
73509,0.8
73510,2.4
73511,0.8
73512,0.8
73513,0
73514,-0.8
73515,0.8
73516,1.6
73517,1.6
73518,-1.6
73519,1.6
73520,-0.8
73521,1.6
73522,0
73523,-0.8
73524,0
73525,-0.8
73526,0
73527,0.8
73528,-0.8
73529,-1.6
73530,0
73531,0
73532,0
73533,0
73534,4
73535,-4.8
73536,-1.6
73537,-0.8
73538,0
73539,0
73540,0
73541,0
73542,1.6
73543,0
73544,0
73545,-1.6
73546,0
73547,2.4
73548,-3.2
73549,0
73550,0.8
73551,-3.2
73552,-0.8
73553,0.8
73554,0.8
73555,0
73556,2.4
73557,-1.6
73558,0.8
73559,0
73560,0.8
73561,0
73562,2.4
73563,0
73564,1.6
73565,-0.8
73566,-1.6
73567,0.8
73568,-0.8
73569,-1.6
73570,0.8
73571,-3.2
73572,0
73573,-3.2
73574,-3.2
73575,0
73576,-2.4
73577,1.6
73578,-0.8
73579,0
73580,-0.8
73581,1.6
73582,0
73583,0
73584,0
73585,-3.2
73586,0.8
73587,4
73588,-6.4
73589,1.6
73590,2.4
73591,0
73592,-1.6
73593,-0.8
73594,-1.6
73595,-3.2
73596,-3.2
73597,0
73598,2.4
73599,-0.8
73600,0
73601,0
73602,-1.6
73603,-0.8
73604,2.4
73605,2.4
73606,2.4
73607,3.2
73608,1.6
73609,0
73610,0
73611,-1.6
73612,0
73613,0.8
73614,0
73615,-0.8
73616,-3.2
73617,-0.8
73618,-0.8
73619,0.8
73620,0
73621,-0.8
73622,-0.8
73623,-0.8
73624,2.4
73625,-2.4
73626,-3.2
73627,0
73628,-0.8
73629,-0.8
73630,0
73631,0.8
73632,0
73633,-2.4
73634,0
73635,-4
73636,0.8
73637,2.4
73638,-6.4
73639,-2.4
73640,2.4
73641,0.8
73642,0.8
73643,0
73644,4
73645,-0.8
73646,0.8
73647,-3.2
73648,0.8
73649,-1.6
73650,0
73651,2.4
73652,0.8
73653,2.4
73654,0
73655,2.4
73656,4
73657,2.4
73658,0
73659,-0.8
73660,-0.8
73661,1.6
73662,1.6
73663,2.4
73664,0.8
73665,-3.2
73666,-4
73667,1.6
73668,0
73669,0
73670,-0.8
73671,-0.8
73672,0.8
73673,0
73674,-2.4
73675,-1.6
73676,-0.8
73677,0.8
73678,-1.6
73679,0
73680,0
73681,-3.2
73682,0
73683,0.8
73684,0
73685,0
73686,-0.8
73687,-0.8
73688,-2.4
73689,1.6
73690,0
73691,-3.2
73692,1.6
73693,0.8
73694,2.4
73695,-3.2
73696,-4
73697,-2.4
73698,0
73699,2.4
73700,0
73701,0
73702,-1.6
73703,0.8
73704,2.4
73705,1.6
73706,-1.6
73707,-1.6
73708,-2.4
73709,0.8
73710,-0.8
73711,-2.4
73712,-0.8
73713,2.4
73714,1.6
73715,-2.4
73716,0
73717,2.4
73718,-2.4
73719,2.4
73720,0
73721,0.8
73722,2.4
73723,2.4
73724,-2.4
73725,0
73726,2.4
73727,0.8
73728,-3.2
73729,0
73730,0
73731,0
73732,-3.2
73733,0
73734,-0.8
73735,0
73736,-0.8
73737,0
73738,-2.4
73739,2.4
73740,0
73741,-3.2
73742,0
73743,-2.4
73744,0.8
73745,-4
73746,-0.8
73747,-1.6
73748,1.6
73749,0
73750,0
73751,-0.8
73752,0.8
73753,-4
73754,-2.4
73755,0.8
73756,-0.8
73757,0.8
73758,0.8
73759,1.6
73760,-0.8
73761,-3.2
73762,2.4
73763,3.2
73764,-1.6
73765,0
73766,1.6
73767,-1.6
73768,-3.2
73769,-0.8
73770,3.2
73771,-0.8
73772,2.4
73773,0
73774,0.8
73775,-3.2
73776,0
73777,0.8
73778,0
73779,-3.2
73780,0
73781,0
73782,2.4
73783,0.8
73784,0.8
73785,-0.8
73786,0
73787,-3.2
73788,-1.6
73789,2.4
73790,0
73791,-0.8
73792,0
73793,-1.6
73794,0
73795,0
73796,2.4
73797,-3.2
73798,-2.4
73799,2.4
73800,-1.6
73801,0.8
73802,-0.8
73803,-3.2
73804,-1.6
73805,2.4
73806,-3.2
73807,2.4
73808,0.8
73809,0
73810,1.6
73811,5.6
73812,-1.6
73813,3.2
73814,2.4
73815,-0.8
73816,-3.2
73817,0
73818,0
73819,-1.6
73820,-3.2
73821,-0.8
73822,-1.6
73823,0.8
73824,-3.2
73825,-3.2
73826,0
73827,-2.4
73828,-0.8
73829,0
73830,0.8
73831,-0.8
73832,0
73833,0
73834,0.8
73835,-1.6
73836,-3.2
73837,-0.8
73838,-0.8
73839,0.8
73840,0
73841,-3.2
73842,-3.2
73843,-0.8
73844,2.4
73845,0
73846,2.4
73847,0
73848,-2.4
73849,0
73850,0.8
73851,0
73852,2.4
73853,2.4
73854,2.4
73855,-0.8
73856,2.4
73857,2.4
73858,-3.2
73859,-1.6
73860,0
73861,2.4
73862,0
73863,3.2
73864,2.4
73865,-5.6
73866,-2.4
73867,0
73868,0
73869,2.4
73870,0.8
73871,0.8
73872,0.8
73873,-3.2
73874,0.8
73875,0.8
73876,-2.4
73877,-2.4
73878,-1.6
73879,0
73880,-0.8
73881,0
73882,1.6
73883,0
73884,-1.6
73885,0.8
73886,-0.8
73887,0
73888,0
73889,0.8
73890,0
73891,-3.2
73892,0
73893,0.8
73894,0.8
73895,0
73896,0.8
73897,-0.8
73898,-2.4
73899,2.4
73900,2.4
73901,-1.6
73902,3.2
73903,0.8
73904,-1.6
73905,0.8
73906,0
73907,0
73908,2.4
73909,0.8
73910,0
73911,-2.4
73912,-3.2
73913,0.8
73914,0.8
73915,-1.6
73916,4
73917,2.4
73918,0.8
73919,2.4
73920,-1.6
73921,-1.6
73922,-1.6
73923,2.4
73924,-1.6
73925,-0.8
73926,0.8
73927,0.8
73928,0
73929,0
73930,2.4
73931,-1.6
73932,0.8
73933,0
73934,-0.8
73935,0.8
73936,0.8
73937,2.4
73938,-0.8
73939,0
73940,-3.2
73941,-1.6
73942,0.8
73943,0
73944,-1.6
73945,2.4
73946,-1.6
73947,1.6
73948,-3.2
73949,0
73950,0.8
73951,-2.4
73952,0.8
73953,2.4
73954,-1.6
73955,2.4
73956,-2.4
73957,-3.2
73958,0
73959,-0.8
73960,-3.2
73961,0.8
73962,-1.6
73963,2.4
73964,-3.2
73965,-3.2
73966,0.8
73967,-2.4
73968,0.8
73969,0.8
73970,-1.6
73971,0
73972,0.8
73973,-2.4
73974,-3.2
73975,-3.2
73976,-1.6
73977,0.8
73978,2.4
73979,-2.4
73980,0.8
73981,-1.6
73982,0
73983,5.6
73984,2.4
73985,-0.8
73986,-4
73987,0.8
73988,2.4
73989,-0.8
73990,0
73991,0.8
73992,0.8
73993,0
73994,2.4
73995,-3.2
73996,-3.2
73997,0
73998,1.6
73999,-0.8
74000,2.4
74001,2.4
74002,-1.6
74003,0.8
74004,2.4
74005,0.8
74006,0
74007,0
74008,-0.8
74009,0
74010,-0.8
74011,0.8
74012,0.8
74013,-1.6
74014,4
74015,2.4
74016,-1.6
74017,3.2
74018,0
74019,0
74020,0
74021,-1.6
74022,-2.4
74023,1.6
74024,-3.2
74025,0.8
74026,-1.6
74027,-0.8
74028,0
74029,-1.6
74030,0.8
74031,1.6
74032,2.4
74033,0
74034,-0.8
74035,-1.6
74036,0
74037,0.8
74038,0.8
74039,2.4
74040,2.4
74041,-0.8
74042,1.6
74043,0
74044,0.8
74045,0.8
74046,0
74047,2.4
74048,0.8
74049,0
74050,0
74051,0.8
74052,-3.2
74053,0
74054,2.4
74055,0.8
74056,0
74057,0.8
74058,2.4
74059,-0.8
74060,0
74061,-0.8
74062,-0.8
74063,5.6
74064,0.8
74065,-4
74066,2.4
74067,0.8
74068,-1.6
74069,0.8
74070,2.4
74071,2.4
74072,0.8
74073,-1.6
74074,-1.6
74075,0.8
74076,-0.8
74077,0.8
74078,0
74079,0
74080,0
74081,-0.8
74082,-0.8
74083,0.8
74084,0.8
74085,-0.8
74086,-0.8
74087,3.2
74088,-3.2
74089,-0.8
74090,4
74091,0
74092,0.8
74093,0
74094,2.4
74095,-3.2
74096,0.8
74097,1.6
74098,-3.2
74099,2.4
74100,-0.8
74101,0
74102,1.6
74103,1.6
74104,-2.4
74105,2.4
74106,4
74107,4
74108,2.4
74109,-0.8
74110,0
74111,0
74112,2.4
74113,0
74114,0
74115,-3.2
74116,0.8
74117,2.4
74118,0
74119,0.8
74120,-2.4
74121,2.4
74122,0.8
74123,3.2
74124,-0.8
74125,0.8
74126,-2.4
74127,0.8
74128,0.8
74129,0
74130,0
74131,-3.2
74132,-1.6
74133,-1.6
74134,0
74135,0.8
74136,-2.4
74137,5.6
74138,1.6
74139,-3.2
74140,-4.8
74141,-4
74142,-0.8
74143,0.8
74144,0
74145,3.2
74146,-0.8
74147,0
74148,-0.8
74149,0
74150,0
74151,-1.6
74152,2.4
74153,2.4
74154,0.8
74155,-0.8
74156,2.4
74157,1.6
74158,-1.6
74159,0
74160,0.8
74161,-0.8
74162,1.6
74163,-3.2
74164,2.4
74165,0
74166,-1.6
74167,2.4
74168,0
74169,1.6
74170,-0.8
74171,-0.8
74172,0.8
74173,2.4
74174,0
74175,-0.8
74176,0.8
74177,2.4
74178,-0.8
74179,-1.6
74180,1.6
74181,0
74182,2.4
74183,1.6
74184,2.4
74185,2.4
74186,2.4
74187,4
74188,0.8
74189,1.6
74190,-3.2
74191,-1.6
74192,0
74193,0
74194,-0.8
74195,-3.2
74196,0
74197,-4
74198,-1.6
74199,2.4
74200,0.8
74201,-3.2
74202,2.4
74203,1.6
74204,-1.6
74205,2.4
74206,-3.2
74207,2.4
74208,1.6
74209,0.8
74210,0.8
74211,-2.4
74212,0
74213,-3.2
74214,0
74215,-0.8
74216,-0.8
74217,2.4
74218,-0.8
74219,0.8
74220,2.4
74221,0
74222,0
74223,1.6
74224,0.8
74225,0
74226,-4
74227,2.4
74228,3.2
74229,0.8
74230,-6.4
74231,-4
74232,-0.8
74233,-0.8
74234,-0.8
74235,-0.8
74236,0
74237,2.4
74238,3.2
74239,5.6
74240,-0.8
74241,0
74242,0.8
74243,0.8
74244,1.6
74245,1.6
74246,-3.2
74247,2.4
74248,0
74249,-3.2
74250,2.4
74251,0
74252,-0.8
74253,2.4
74254,3.2
74255,0
74256,0
74257,4
74258,1.6
74259,0
74260,0.8
74261,-0.8
74262,-1.6
74263,-3.2
74264,2.4
74265,-0.8
74266,0
74267,0
74268,0.8
74269,0
74270,-2.4
74271,0
74272,-3.2
74273,-1.6
74274,0
74275,0
74276,0
74277,-1.6
74278,-1.6
74279,2.4
74280,-0.8
74281,-3.2
74282,0.8
74283,-0.8
74284,2.4
74285,0.8
74286,-1.6
74287,0
74288,0
74289,0.8
74290,-0.8
74291,-4
74292,-4
74293,-0.8
74294,-4
74295,0.8
74296,0
74297,-4
74298,0
74299,0
74300,-3.2
74301,-1.6
74302,-0.8
74303,-4.8
74304,0
74305,-0.8
74306,0
74307,-0.8
74308,0
74309,0
74310,0.8
74311,-1.6
74312,2.4
74313,-3.2
74314,3.2
74315,-3.2
74316,-0.8
74317,2.4
74318,0.8
74319,-0.8
74320,-3.2
74321,0
74322,0
74323,2.4
74324,2.4
74325,-3.2
74326,0
74327,0
74328,0.8
74329,-1.6
74330,-2.4
74331,0
74332,0.8
74333,2.4
74334,0.8
74335,-1.6
74336,-2.4
74337,0
74338,2.4
74339,0
74340,0
74341,-3.2
74342,-1.6
74343,-0.8
74344,2.4
74345,-3.2
74346,4
74347,0.8
74348,0.8
74349,0
74350,2.4
74351,-0.8
74352,4
74353,-0.8
74354,1.6
74355,2.4
74356,-0.8
74357,0.8
74358,2.4
74359,-0.8
74360,0
74361,-1.6
74362,0
74363,0.8
74364,0.8
74365,1.6
74366,-0.8
74367,0.8
74368,-2.4
74369,0.8
74370,1.6
74371,0.8
74372,-3.2
74373,0.8
74374,0.8
74375,0.8
74376,0
74377,-1.6
74378,-0.8
74379,0
74380,-3.2
74381,2.4
74382,-4
74383,2.4
74384,1.6
74385,0.8
74386,-0.8
74387,1.6
74388,1.6
74389,1.6
74390,0.8
74391,-3.2
74392,0
74393,0
74394,-0.8
74395,-2.4
74396,-2.4
74397,-1.6
74398,-0.8
74399,0
74400,0
74401,0
74402,-2.4
74403,0
74404,0.8
74405,-3.2
74406,-0.8
74407,0
74408,-0.8
74409,-5.6
74410,-0.8
74411,0.8
74412,2.4
74413,1.6
74414,0.8
74415,0
74416,-0.8
74417,-1.6
74418,-0.8
74419,0
74420,-3.2
74421,3.2
74422,3.2
74423,0
74424,0
74425,0.8
74426,-0.8
74427,0
74428,0
74429,0.8
74430,0.8
74431,-3.2
74432,-3.2
74433,-0.8
74434,-1.6
74435,-4
74436,0.8
74437,2.4
74438,2.4
74439,0
74440,0.8
74441,-2.4
74442,0
74443,0.8
74444,0.8
74445,0.8
74446,0
74447,0
74448,0.8
74449,1.6
74450,0
74451,-1.6
74452,-0.8
74453,0
74454,-2.4
74455,-0.8
74456,2.4
74457,2.4
74458,-0.8
74459,0.8
74460,0
74461,0.8
74462,-0.8
74463,4
74464,1.6
74465,5.6
74466,0
74467,2.4
74468,0
74469,1.6
74470,0.8
74471,1.6
74472,0
74473,1.6
74474,0
74475,0
74476,0.8
74477,0.8
74478,-0.8
74479,0.8
74480,-3.2
74481,-3.2
74482,-0.8
74483,-0.8
74484,0
74485,0.8
74486,0.8
74487,-0.8
74488,0
74489,2.4
74490,3.2
74491,0
74492,0.8
74493,2.4
74494,-0.8
74495,0.8
74496,0
74497,3.2
74498,-0.8
74499,0.8
74500,-0.8
74501,-0.8
74502,1.6
74503,1.6
74504,2.4
74505,-0.8
74506,0
74507,0.8
74508,2.4
74509,2.4
74510,-1.6
74511,-1.6
74512,-1.6
74513,1.6
74514,4
74515,-3.2
74516,-1.6
74517,0
74518,-0.8
74519,0.8
74520,2.4
74521,4
74522,4
74523,-0.8
74524,-4
74525,-1.6
74526,-2.4
74527,0.8
74528,0.8
74529,-0.8
74530,1.6
74531,0
74532,0.8
74533,4
74534,2.4
74535,-0.8
74536,-0.8
74537,-3.2
74538,-0.8
74539,0.8
74540,0
74541,0
74542,0
74543,0
74544,1.6
74545,0.8
74546,2.4
74547,2.4
74548,0
74549,0
74550,-0.8
74551,-0.8
74552,2.4
74553,-0.8
74554,-0.8
74555,0.8
74556,2.4
74557,0.8
74558,2.4
74559,0.8
74560,-3.2
74561,-3.2
74562,0.8
74563,0
74564,3.2
74565,-4
74566,-1.6
74567,0.8
74568,-3.2
74569,2.4
74570,0
74571,0
74572,-3.2
74573,-0.8
74574,-3.2
74575,-3.2
74576,0
74577,0
74578,-2.4
74579,-0.8
74580,0
74581,-0.8
74582,-0.8
74583,-1.6
74584,0.8
74585,-0.8
74586,-3.2
74587,-0.8
74588,-3.2
74589,0.8
74590,3.2
74591,-1.6
74592,-1.6
74593,-2.4
74594,-0.8
74595,2.4
74596,-2.4
74597,2.4
74598,-0.8
74599,-0.8
74600,2.4
74601,2.4
74602,1.6
74603,0.8
74604,1.6
74605,0
74606,-3.2
74607,0
74608,-0.8
74609,0
74610,2.4
74611,0
74612,2.4
74613,-4
74614,5.6
74615,1.6
74616,0.8
74617,0.8
74618,-2.4
74619,0
74620,0
74621,-5.6
74622,2.4
74623,-4
74624,0.8
74625,-3.2
74626,0
74627,3.2
74628,0
74629,-2.4
74630,0.8
74631,-2.4
74632,0.8
74633,-1.6
74634,0.8
74635,0
74636,0
74637,2.4
74638,0
74639,-3.2
74640,-1.6
74641,2.4
74642,0
74643,2.4
74644,-0.8
74645,1.6
74646,-4.8
74647,0
74648,0
74649,2.4
74650,0
74651,-2.4
74652,0.8
74653,1.6
74654,2.4
74655,0
74656,4
74657,0.8
74658,-0.8
74659,0
74660,1.6
74661,0
74662,-3.2
74663,0.8
74664,2.4
74665,-3.2
74666,0
74667,2.4
74668,0
74669,1.6
74670,0.8
74671,-3.2
74672,0.8
74673,-1.6
74674,4
74675,0.8
74676,0.8
74677,2.4
74678,-0.8
74679,0
74680,-0.8
74681,-1.6
74682,1.6
74683,-0.8
74684,0.8
74685,0
74686,1.6
74687,1.6
74688,-0.8
74689,0
74690,-2.4
74691,0
74692,0
74693,0.8
74694,0
74695,-4
74696,-0.8
74697,-2.4
74698,-3.2
74699,0
74700,4
74701,-0.8
74702,-0.8
74703,2.4
74704,-0.8
74705,-1.6
74706,2.4
74707,0
74708,7.2
74709,0.8
74710,0.8
74711,2.4
74712,2.4
74713,5.6
74714,-4
74715,-1.6
74716,0.8
74717,0.8
74718,-8.8
74719,0.8
74720,-0.8
74721,-1.6
74722,-1.6
74723,-0.8
74724,-1.6
74725,-1.6
74726,-3.2
74727,-1.6
74728,-0.8
74729,1.6
74730,0
74731,0
74732,-1.6
74733,-2.4
74734,0.8
74735,0
74736,-3.2
74737,-3.2
74738,0
74739,0
74740,-3.2
74741,-1.6
74742,-2.4
74743,0
74744,-0.8
74745,0
74746,2.4
74747,-0.8
74748,-2.4
74749,-1.6
74750,-1.6
74751,0.8
74752,2.4
74753,0.8
74754,0.8
74755,-0.8
74756,0.8
74757,2.4
74758,0
74759,2.4
74760,0
74761,-1.6
74762,-0.8
74763,-0.8
74764,2.4
74765,2.4
74766,0.8
74767,2.4
74768,0
74769,0.8
74770,0
74771,-4
74772,0.8
74773,0.8
74774,0.8
74775,0
74776,-0.8
74777,0.8
74778,-2.4
74779,0
74780,-0.8
74781,-0.8
74782,2.4
74783,1.6
74784,0.8
74785,0
74786,-0.8
74787,0.8
74788,-1.6
74789,0
74790,0
74791,0
74792,1.6
74793,-1.6
74794,0
74795,2.4
74796,1.6
74797,-5.6
74798,2.4
74799,0.8
74800,0.8
74801,-0.8
74802,0
74803,0
74804,0
74805,2.4
74806,-1.6
74807,2.4
74808,0.8
74809,0.8
74810,-1.6
74811,-3.2
74812,-0.8
74813,0.8
74814,-0.8
74815,2.4
74816,-0.8
74817,-0.8
74818,-0.8
74819,-1.6
74820,2.4
74821,-0.8
74822,0.8
74823,4
74824,2.4
74825,0
74826,-2.4
74827,0
74828,0
74829,0
74830,0.8
74831,0.8
74832,2.4
74833,2.4
74834,-2.4
74835,0.8
74836,3.2
74837,-1.6
74838,-1.6
74839,0.8
74840,-0.8
74841,-3.2
74842,0
74843,3.2
74844,-1.6
74845,4
74846,1.6
74847,1.6
74848,0
74849,0
74850,0
74851,-1.6
74852,4
74853,0
74854,0.8
74855,-1.6
74856,-1.6
74857,0.8
74858,1.6
74859,-0.8
74860,-0.8
74861,-3.2
74862,-1.6
74863,1.6
74864,0
74865,0
74866,0
74867,3.2
74868,2.4
74869,0
74870,8
74871,2.4
74872,0.8
74873,0.8
74874,-1.6
74875,-2.4
74876,0
74877,2.4
74878,2.4
74879,1.6
74880,-0.8
74881,-1.6
74882,0
74883,0
74884,-0.8
74885,2.4
74886,-0.8
74887,-0.8
74888,-0.8
74889,0
74890,0
74891,-0.8
74892,0
74893,0
74894,2.4
74895,0
74896,1.6
74897,2.4
74898,-0.8
74899,0.8
74900,-1.6
74901,-3.2
74902,1.6
74903,0
74904,2.4
74905,-0.8
74906,-3.2
74907,2.4
74908,3.2
74909,2.4
74910,0
74911,-3.2
74912,-3.2
74913,1.6
74914,0
74915,0
74916,-3.2
74917,0
74918,0
74919,0
74920,0.8
74921,1.6
74922,-0.8
74923,2.4
74924,-0.8
74925,0
74926,-3.2
74927,-0.8
74928,0.8
74929,-3.2
74930,0.8
74931,-0.8
74932,0
74933,0
74934,0
74935,0.8
74936,-0.8
74937,-2.4
74938,-3.2
74939,4
74940,2.4
74941,0
74942,-1.6
74943,0.8
74944,2.4
74945,-0.8
74946,0
74947,0
74948,0
74949,-1.6
74950,0
74951,0.8
74952,1.6
74953,-0.8
74954,0.8
74955,1.6
74956,2.4
74957,2.4
74958,0
74959,2.4
74960,-4
74961,-3.2
74962,0
74963,-2.4
74964,5.6
74965,-1.6
74966,-2.4
74967,4
74968,-0.8
74969,0
74970,2.4
74971,-2.4
74972,-2.4
74973,-0.8
74974,-3.2
74975,-0.8
74976,-0.8
74977,2.4
74978,-0.8
74979,0.8
74980,-0.8
74981,-3.2
74982,3.2
74983,-0.8
74984,0
74985,-3.2
74986,-2.4
74987,-3.2
74988,-9.6
74989,2.4
74990,2.4
74991,0
74992,0
74993,0.8
74994,-0.8
74995,0
74996,-0.8
74997,0.8
74998,2.4
74999,0.8
75000,0
75001,-1.6
75002,1.6
75003,0.8
75004,2.4
75005,-0.8
75006,0
75007,-0.8
75008,0
75009,2.4
75010,0
75011,0
75012,-4
75013,-2.4
75014,0.8
75015,-4
75016,-0.8
75017,2.4
75018,-0.8
75019,0
75020,-3.2
75021,-1.6
75022,-1.6
75023,4
75024,2.4
75025,0
75026,-1.6
75027,-3.2
75028,0.8
75029,-0.8
75030,0
75031,-3.2
75032,2.4
75033,0.8
75034,4
75035,0.8
75036,-0.8
75037,1.6
75038,2.4
75039,0.8
75040,1.6
75041,-3.2
75042,-1.6
75043,1.6
75044,2.4
75045,-3.2
75046,0
75047,-1.6
75048,2.4
75049,-0.8
75050,1.6
75051,0.8
75052,-0.8
75053,-1.6
75054,0
75055,-1.6
75056,2.4
75057,0.8
75058,0
75059,1.6
75060,0.8
75061,0
75062,3.2
75063,-0.8
75064,0
75065,0
75066,-3.2
75067,1.6
75068,-0.8
75069,-0.8
75070,2.4
75071,0.8
75072,4
75073,-1.6
75074,4
75075,-0.8
75076,-0.8
75077,0
75078,-1.6
75079,-1.6
75080,-1.6
75081,-1.6
75082,0.8
75083,0
75084,0
75085,-1.6
75086,0
75087,0.8
75088,0.8
75089,0
75090,0
75091,2.4
75092,2.4
75093,2.4
75094,4
75095,-1.6
75096,-1.6
75097,-6.4
75098,-2.4
75099,0
75100,0
75101,-1.6
75102,2.4
75103,0
75104,2.4
75105,2.4
75106,0
75107,0.8
75108,-1.6
75109,0
75110,3.2
75111,0.8
75112,4
75113,2.4
75114,-0.8
75115,0.8
75116,-9.6
75117,0.8
75118,0
75119,-0.8
75120,0.8
75121,0
75122,0
75123,0
75124,0
75125,-1.6
75126,-2.4
75127,0
75128,0
75129,0.8
75130,-0.8
75131,2.4
75132,2.4
75133,-0.8
75134,6.4
75135,0
75136,0.8
75137,0.8
75138,0
75139,-0.8
75140,-0.8
75141,0.8
75142,2.4
75143,-0.8
75144,0
75145,2.4
75146,0.8
75147,2.4
75148,-0.8
75149,2.4
75150,0
75151,-0.8
75152,0
75153,-0.8
75154,-0.8
75155,0
75156,0
75157,-1.6
75158,0
75159,0.8
75160,0.8
75161,1.6
75162,-4.8
75163,-2.4
75164,0
75165,-0.8
75166,3.2
75167,0
75168,0.8
75169,5.6
75170,0
75171,0
75172,-3.2
75173,0.8
75174,-1.6
75175,0
75176,-1.6
75177,-0.8
75178,2.4
75179,0.8
75180,-0.8
75181,0
75182,2.4
75183,0
75184,0.8
75185,0
75186,-2.4
75187,-0.8
75188,4
75189,-2.4
75190,-3.2
75191,0.8
75192,0.8
75193,-0.8
75194,-0.8
75195,-3.2
75196,0.8
75197,1.6
75198,2.4
75199,3.2
75200,-1.6
75201,-0.8
75202,0.8
75203,0
75204,2.4
75205,0
75206,0.8
75207,2.4
75208,0.8
75209,-3.2
75210,0.8
75211,-2.4
75212,2.4
75213,2.4
75214,-4
75215,0
75216,3.2
75217,-1.6
75218,0.8
75219,0
75220,-1.6
75221,-3.2
75222,-1.6
75223,-0.8
75224,-2.4
75225,-3.2
75226,0.8
75227,-3.2
75228,0
75229,2.4
75230,-2.4
75231,0
75232,-3.2
75233,0.8
75234,0
75235,-3.2
75236,-2.4
75237,2.4
75238,-3.2
75239,2.4
75240,3.2
75241,0
75242,0
75243,0
75244,-0.8
75245,-1.6
75246,5.6
75247,2.4
75248,0
75249,0.8
75250,0.8
75251,-1.6
75252,2.4
75253,2.4
75254,3.2
75255,-0.8
75256,0
75257,0.8
75258,0.8
75259,-0.8
75260,2.4
75261,2.4
75262,-3.2
75263,2.4
75264,-0.8
75265,3.2
75266,0
75267,-3.2
75268,-0.8
75269,3.2
75270,0.8
75271,-2.4
75272,0.8
75273,-3.2
75274,-0.8
75275,-2.4
75276,-0.8
75277,0
75278,2.4
75279,-1.6
75280,-1.6
75281,-0.8
75282,3.2
75283,2.4
75284,2.4
75285,-0.8
75286,2.4
75287,0.8
75288,0
75289,2.4
75290,0
75291,0.8
75292,-3.2
75293,2.4
75294,0.8
75295,3.2
75296,0
75297,2.4
75298,2.4
75299,-1.6
75300,-3.2
75301,-1.6
75302,0
75303,4
75304,-0.8
75305,2.4
75306,-0.8
75307,4
75308,2.4
75309,2.4
75310,2.4
75311,2.4
75312,0
75313,-1.6
75314,-0.8
75315,2.4
75316,-1.6
75317,-1.6
75318,-0.8
75319,-0.8
75320,2.4
75321,0.8
75322,0
75323,-3.2
75324,-3.2
75325,-1.6
75326,0
75327,2.4
75328,0
75329,0.8
75330,0
75331,-3.2
75332,-0.8
75333,0
75334,0
75335,0
75336,-0.8
75337,0.8
75338,-3.2
75339,0.8
75340,0
75341,1.6
75342,0
75343,0
75344,0
75345,2.4
75346,-0.8
75347,-3.2
75348,0
75349,0
75350,0
75351,1.6
75352,1.6
75353,0.8
75354,0
75355,-5.6
75356,-3.2
75357,1.6
75358,0.8
75359,4
75360,1.6
75361,0
75362,2.4
75363,-1.6
75364,2.4
75365,-0.8
75366,-0.8
75367,0
75368,-1.6
75369,4
75370,-3.2
75371,0
75372,4
75373,-4
75374,2.4
75375,-0.8
75376,-0.8
75377,0
75378,0.8
75379,0
75380,0
75381,-0.8
75382,0.8
75383,0.8
75384,0
75385,-4
75386,0.8
75387,0
75388,0
75389,-0.8
75390,-0.8
75391,-2.4
75392,-1.6
75393,1.6
75394,0
75395,2.4
75396,0
75397,1.6
75398,0
75399,1.6
75400,2.4
75401,1.6
75402,-0.8
75403,-0.8
75404,2.4
75405,4
75406,0.8
75407,2.4
75408,0.8
75409,-8.8
75410,5.6
75411,-3.2
75412,4
75413,2.4
75414,0
75415,-2.4
75416,0
75417,2.4
75418,-1.6
75419,1.6
75420,0
75421,0
75422,-2.4
75423,-0.8
75424,0.8
75425,0
75426,-0.8
75427,-0.8
75428,0.8
75429,2.4
75430,-2.4
75431,-5.6
75432,-0.8
75433,-1.6
75434,0
75435,0
75436,0
75437,2.4
75438,0.8
75439,0
75440,0
75441,0
75442,-0.8
75443,0
75444,0
75445,0
75446,0.8
75447,-0.8
75448,0
75449,-2.4
75450,0.8
75451,2.4
75452,2.4
75453,0
75454,1.6
75455,-3.2
75456,0
75457,-3.2
75458,0.8
75459,0.8
75460,-2.4
75461,0.8
75462,-1.6
75463,-0.8
75464,-3.2
75465,-0.8
75466,0.8
75467,0
75468,0
75469,0.8
75470,0
75471,-4
75472,-3.2
75473,-2.4
75474,0
75475,0.8
75476,-3.2
75477,-1.6
75478,-3.2
75479,-0.8
75480,1.6
75481,-4
75482,-4
75483,0.8
75484,-0.8
75485,0
75486,-3.2
75487,1.6
75488,0
75489,2.4
75490,1.6
75491,-3.2
75492,-1.6
75493,0.8
75494,2.4
75495,2.4
75496,-0.8
75497,-3.2
75498,4
75499,-1.6
75500,2.4
75501,0
75502,2.4
75503,0.8
75504,0
75505,0
75506,-4
75507,1.6
75508,2.4
75509,2.4
75510,2.4
75511,1.6
75512,0
75513,4
75514,1.6
75515,-0.8
75516,-3.2
75517,0
75518,0.8
75519,0
75520,0
75521,0.8
75522,1.6
75523,0
75524,0
75525,0.8
75526,-3.2
75527,2.4
75528,-0.8
75529,-1.6
75530,0
75531,0
75532,0
75533,1.6
75534,-3.2
75535,-0.8
75536,2.4
75537,4
75538,0.8
75539,0
75540,0.8
75541,4
75542,0.8
75543,0.8
75544,0.8
75545,1.6
75546,2.4
75547,3.2
75548,0.8
75549,0
75550,0.8
75551,0.8
75552,0.8
75553,0.8
75554,0.8
75555,2.4
75556,2.4
75557,-1.6
75558,0.8
75559,-1.6
75560,3.2
75561,3.2
75562,0.8
75563,5.6
75564,0.8
75565,-3.2
75566,-4.8
75567,2.4
75568,-0.8
75569,-6.4
75570,0
75571,-3.2
75572,-3.2
75573,-3.2
75574,-2.4
75575,-3.2
75576,-3.2
75577,0
75578,-0.8
75579,-1.6
75580,1.6
75581,-2.4
75582,0.8
75583,2.4
75584,2.4
75585,-1.6
75586,2.4
75587,2.4
75588,0
75589,2.4
75590,2.4
75591,0.8
75592,-1.6
75593,-0.8
75594,-0.8
75595,0.8
75596,-1.6
75597,0
75598,0
75599,-3.2
75600,0
75601,-0.8
75602,0.8
75603,-0.8
75604,4
75605,-0.8
75606,-2.4
75607,-0.8
75608,-0.8
75609,-2.4
75610,0.8
75611,2.4
75612,2.4
75613,2.4
75614,3.2
75615,2.4
75616,3.2
75617,0.8
75618,0.8
75619,0
75620,-0.8
75621,-3.2
75622,0
75623,0
75624,2.4
75625,-4
75626,-3.2
75627,-1.6
75628,0.8
75629,-0.8
75630,0.8
75631,0
75632,1.6
75633,0.8
75634,0.8
75635,0.8
75636,-0.8
75637,0
75638,0.8
75639,3.2
75640,0.8
75641,0
75642,-0.8
75643,-1.6
75644,0
75645,-2.4
75646,-1.6
75647,2.4
75648,2.4
75649,0
75650,2.4
75651,3.2
75652,0
75653,-3.2
75654,0.8
75655,2.4
75656,-4
75657,0
75658,0.8
75659,2.4
75660,1.6
75661,3.2
75662,2.4
75663,-1.6
75664,4
75665,2.4
75666,-3.2
75667,-5.6
75668,-3.2
75669,0
75670,-0.8
75671,2.4
75672,1.6
75673,3.2
75674,4
75675,0.8
75676,0.8
75677,2.4
75678,0
75679,2.4
75680,0.8
75681,0.8
75682,3.2
75683,-0.8
75684,2.4
75685,4
75686,-0.8
75687,0
75688,0.8
75689,-4
75690,-0.8
75691,-2.4
75692,0.8
75693,2.4
75694,3.2
75695,-3.2
75696,-2.4
75697,2.4
75698,2.4
75699,2.4
75700,2.4
75701,4
75702,2.4
75703,0.8
75704,-0.8
75705,0
75706,-0.8
75707,3.2
75708,1.6
75709,-0.8
75710,2.4
75711,-12
75712,0.8
75713,0.8
75714,-4
75715,0.8
75716,4
75717,-3.2
75718,-1.6
75719,0
75720,2.4
75721,0.8
75722,-0.8
75723,-3.2
75724,-0.8
75725,0
75726,1.6
75727,2.4
75728,-0.8
75729,0
75730,0
75731,-1.6
75732,4
75733,2.4
75734,1.6
75735,-0.8
75736,0.8
75737,2.4
75738,1.6
75739,8
75740,2.4
75741,-0.8
75742,-3.2
75743,0.8
75744,2.4
75745,0.8
75746,0.8
75747,0
75748,-0.8
75749,2.4
75750,0
75751,-0.8
75752,0.8
75753,0
75754,0
75755,-3.2
75756,-0.8
75757,0.8
75758,2.4
75759,3.2
75760,4
75761,-2.4
75762,0.8
75763,-1.6
75764,-1.6
75765,-4
75766,-1.6
75767,6.4
75768,0.8
75769,0.8
75770,-1.6
75771,0.8
75772,0.8
75773,0
75774,2.4
75775,-3.2
75776,-2.4
75777,-4
75778,0
75779,0
75780,0
75781,0.8
75782,-0.8
75783,0
75784,0
75785,-0.8
75786,-0.8
75787,0.8
75788,0
75789,-1.6
75790,0.8
75791,0
75792,-0.8
75793,0
75794,0
75795,0
75796,-0.8
75797,0.8
75798,-0.8
75799,0
75800,0.8
75801,0.8
75802,0.8
75803,0
75804,0
75805,0.8
75806,2.4
75807,1.6
75808,2.4
75809,0
75810,0
75811,-0.8
75812,0.8
75813,0
75814,-8.8
75815,-1.6
75816,0.8
75817,-8.8
75818,-0.8
75819,-0.8
75820,-1.6
75821,-3.2
75822,1.6
75823,0
75824,-0.8
75825,-0.8
75826,0
75827,-0.8
75828,0
75829,0.8
75830,0
75831,0
75832,-0.8
75833,1.6
75834,0
75835,0
75836,0.8
75837,-1.6
75838,0.8
75839,2.4
75840,2.4
75841,1.6
75842,0
75843,0.8
75844,-0.8
75845,0
75846,0
75847,0.8
75848,0
75849,0.8
75850,0
75851,0
75852,0.8
75853,0
75854,1.6
75855,0.8
75856,0
75857,0.8
75858,-0.8
75859,0
75860,0.8
75861,0
75862,1.6
75863,0
75864,-0.8
75865,0
75866,0
75867,0
75868,-1.6
75869,3.2
75870,0
75871,-1.6
75872,2.4
75873,0
75874,-0.8
75875,-1.6
75876,0
75877,0
75878,0
75879,-0.8
75880,0
75881,0
75882,0
75883,0
75884,0
75885,0
75886,0.8
75887,-0.8
75888,0
75889,1.6
75890,1.6
75891,0
75892,-1.6
75893,-0.8
75894,0.8
75895,0.8
75896,0
75897,0
75898,-1.6
75899,0
75900,-0.8
75901,0.8
75902,0
75903,0
75904,0
75905,0
75906,0
75907,0.8
75908,1.6
75909,0.8
75910,0.8
75911,0
75912,3.2
75913,0
75914,1.6
75915,0
75916,0
75917,0.8
75918,0
75919,3.2
75920,0
75921,-1.6
75922,3.2
75923,0
75924,0.8
75925,0.8
75926,0.8
75927,0
75928,0.8
75929,0
75930,0.8
75931,0
75932,-0.8
75933,0.8
75934,0
75935,-0.8
75936,0
75937,-4
75938,-0.8
75939,0
75940,2.4
75941,-0.8
75942,-2.4
75943,-0.8
75944,0
75945,2.4
75946,0.8
75947,-0.8
75948,0
75949,0.8
75950,0.8
75951,0.8
75952,0.8
75953,1.6
75954,2.4
75955,2.4
75956,0
75957,2.4
75958,0
75959,0
75960,1.6
75961,-0.8
75962,-2.4
75963,0
75964,0.8
75965,-4
75966,-2.4
75967,0
75968,-0.8
75969,0.8
75970,0
75971,-0.8
75972,-2.4
75973,0.8
75974,0.8
75975,0
75976,-2.4
75977,0
75978,0
75979,0.8
75980,0
75981,0
75982,-0.8
75983,-0.8
75984,-0.8
75985,0.8
75986,-0.8
75987,-0.8
75988,-2.4
75989,0
75990,-3.2
75991,0
75992,0
75993,0
75994,-0.8
75995,0
75996,1.6
75997,-1.6
75998,0.8
75999,-0.8
76000,0
76001,-1.6
76002,0
76003,0
76004,0.8
76005,0
76006,-0.8
76007,2.4
76008,-0.8
76009,0.8
76010,0.8
76011,0
76012,-0.8
76013,-2.4
76014,0.8
76015,-0.8
76016,0
76017,0
76018,-0.8
76019,4
76020,-1.6
76021,-0.8
76022,-2.4
76023,-0.8
76024,0.8
76025,1.6
76026,-0.8
76027,0
76028,-2.4
76029,0.8
76030,0.8
76031,-0.8
76032,-0.8
76033,-1.6
76034,0
76035,0
76036,-0.8
76037,0
76038,0.8
76039,-1.6
76040,0.8
76041,0.8
76042,-1.6
76043,-0.8
76044,0
76045,0.8
76046,-3.2
76047,-0.8
76048,5.6
76049,0.8
76050,-1.6
76051,-3.2
76052,0
76053,0
76054,-0.8
76055,0.8
76056,0
76057,0.8
76058,0
76059,0
76060,0.8
76061,-0.8
76062,-0.8
76063,2.4
76064,0
76065,0.8
76066,-0.8
76067,0.8
76068,-0.8
76069,-2.4
76070,0
76071,-0.8
76072,0.8
76073,2.4
76074,3.2
76075,0
76076,2.4
76077,0
76078,0
76079,-0.8
76080,-0.8
76081,0.8
76082,-1.6
76083,4
76084,-0.8
76085,0
76086,0.8
76087,-0.8
76088,0
76089,-1.6
76090,1.6
76091,0.8
76092,0
76093,-0.8
76094,0
76095,0
76096,2.4
76097,-0.8
76098,1.6
76099,-0.8
76100,0.8
76101,0.8
76102,1.6
76103,-0.8
76104,0
76105,0
76106,2.4
76107,0.8
76108,0
76109,-0.8
76110,0.8
76111,0
76112,0.8
76113,0.8
76114,-1.6
76115,0
76116,0
76117,2.4
76118,0.8
76119,2.4
76120,0.8
76121,2.4
76122,-1.6
76123,0
76124,1.6
76125,-1.6
76126,-0.8
76127,0.8
76128,-0.8
76129,0.8
76130,0
76131,-5.6
76132,-0.8
76133,0
76134,0.8
76135,0
76136,0
76137,-0.8
76138,-3.2
76139,0
76140,2.4
76141,2.4
76142,-1.6
76143,-4
76144,0
76145,0.8
76146,-0.8
76147,0
76148,0.8
76149,0
76150,0.8
76151,-2.4
76152,0.8
76153,0.8
76154,0
76155,0
76156,1.6
76157,2.4
76158,2.4
76159,0
76160,-1.6
76161,-0.8
76162,1.6
76163,2.4
76164,2.4
76165,1.6
76166,-0.8
76167,-0.8
76168,0
76169,0.8
76170,0
76171,1.6
76172,-1.6
76173,-0.8
76174,0.8
76175,-2.4
76176,0
76177,0
76178,0
76179,-0.8
76180,0.8
76181,-1.6
76182,-0.8
76183,0.8
76184,-0.8
76185,1.6
76186,-0.8
76187,0.8
76188,-1.6
76189,0.8
76190,0.8
76191,-2.4
76192,-0.8
76193,2.4
76194,-0.8
76195,0.8
76196,0.8
76197,0.8
76198,5.6
76199,-3.2
76200,0
76201,0.8
76202,0.8
76203,0.8
76204,1.6
76205,0.8
76206,-1.6
76207,0.8
76208,0
76209,0
76210,1.6
76211,0.8
76212,0
76213,4
76214,0
76215,1.6
76216,-0.8
76217,0
76218,-0.8
76219,2.4
76220,1.6
76221,0.8
76222,0.8
76223,0
76224,-0.8
76225,0
76226,0
76227,-1.6
76228,-0.8
76229,0.8
76230,0
76231,-1.6
76232,-1.6
76233,0.8
76234,-0.8
76235,-0.8
76236,0
76237,0
76238,4
76239,2.4
76240,0.8
76241,0.8
76242,0
76243,0
76244,0
76245,0
76246,0
76247,0.8
76248,-3.2
76249,0
76250,2.4
76251,-0.8
76252,0
76253,-0.8
76254,-1.6
76255,3.2
76256,0
76257,2.4
76258,0
76259,-1.6
76260,-0.8
76261,0
76262,0.8
76263,0.8
76264,-0.8
76265,0.8
76266,0
76267,0
76268,0
76269,0
76270,0.8
76271,-3.2
76272,-3.2
76273,-0.8
76274,0
76275,-3.2
76276,0
76277,0
76278,0
76279,1.6
76280,-0.8
76281,0
76282,-3.2
76283,-0.8
76284,0.8
76285,-0.8
76286,0.8
76287,2.4
76288,-1.6
76289,2.4
76290,0.8
76291,0.8
76292,0
76293,0
76294,2.4
76295,4
76296,-3.2
76297,-0.8
76298,0.8
76299,0.8
76300,0
76301,-1.6
76302,2.4
76303,0.8
76304,0
76305,2.4
76306,0
76307,2.4
76308,-2.4
76309,2.4
76310,4
76311,0
76312,2.4
76313,2.4
76314,3.2
76315,0
76316,-4
76317,-2.4
76318,0.8
76319,0.8
76320,-0.8
76321,-0.8
76322,2.4
76323,1.6
76324,0
76325,0
76326,0.8
76327,0
76328,-1.6
76329,0
76330,-0.8
76331,0.8
76332,-0.8
76333,0.8
76334,-0.8
76335,-9.6
76336,0
76337,0
76338,1.6
76339,-0.8
76340,1.6
76341,3.2
76342,0
76343,0
76344,0
76345,-3.2
76346,0.8
76347,-0.8
76348,0.8
76349,0.8
76350,0
76351,0
76352,2.4
76353,0
76354,-0.8
76355,0
76356,0
76357,0.8
76358,2.4
76359,-3.2
76360,4
76361,1.6
76362,0.8
76363,4
76364,0
76365,0
76366,-0.8
76367,0.8
76368,0
76369,1.6
76370,-0.8
76371,-0.8
76372,0
76373,0
76374,0.8
76375,0
76376,-0.8
76377,-1.6
76378,0
76379,0
76380,-1.6
76381,0
76382,0
76383,0
76384,0
76385,-3.2
76386,-1.6
76387,-1.6
76388,0.8
76389,-5.6
76390,2.4
76391,0.8
76392,-2.4
76393,0
76394,-0.8
76395,0.8
76396,3.2
76397,2.4
76398,0.8
76399,-0.8
76400,0
76401,0.8
76402,0.8
76403,-1.6
76404,0.8
76405,-0.8
76406,0.8
76407,2.4
76408,-1.6
76409,-0.8
76410,0
76411,-5.6
76412,0.8
76413,2.4
76414,0.8
76415,-3.2
76416,-1.6
76417,-0.8
76418,-4
76419,0
76420,-0.8
76421,0.8
76422,0.8
76423,0
76424,0
76425,0
76426,0
76427,0
76428,0
76429,-0.8
76430,1.6
76431,-2.4
76432,-2.4
76433,0.8
76434,2.4
76435,-0.8
76436,-4
76437,0
76438,1.6
76439,-0.8
76440,0.8
76441,0.8
76442,-0.8
76443,0
76444,0
76445,0.8
76446,-0.8
76447,-2.4
76448,-0.8
76449,-5.6
76450,1.6
76451,0
76452,0
76453,0.8
76454,-0.8
76455,0
76456,0
76457,3.2
76458,-0.8
76459,-0.8
76460,-1.6
76461,-4.8
76462,2.4
76463,0.8
76464,0.8
76465,0
76466,-0.8
76467,0
76468,-0.8
76469,0
76470,-1.6
76471,0
76472,0
76473,0.8
76474,0
76475,-1.6
76476,1.6
76477,0
76478,-0.8
76479,0.8
76480,-1.6
76481,0.8
76482,-1.6
76483,0
76484,-8.8
76485,-0.8
76486,-3.2
76487,-0.8
76488,0.8
76489,3.2
76490,0
76491,-1.6
76492,-2.4
76493,-0.8
76494,0.8
76495,2.4
76496,0
76497,-0.8
76498,0
76499,-1.6
76500,0
76501,0.8
76502,0.8
76503,-0.8
76504,1.6
76505,0
76506,0.8
76507,4
76508,0.8
76509,0
76510,0.8
76511,5.6
76512,-1.6
76513,-0.8
76514,2.4
76515,0.8
76516,1.6
76517,5.6
76518,0.8
76519,0.8
76520,-0.8
76521,0
76522,-3.2
76523,2.4
76524,-1.6
76525,-0.8
76526,0
76527,0
76528,0
76529,0
76530,-0.8
76531,0
76532,-0.8
76533,-0.8
76534,0
76535,-0.8
76536,-0.8
76537,-0.8
76538,0
76539,-1.6
76540,-0.8
76541,0
76542,0
76543,0
76544,-0.8
76545,2.4
76546,-2.4
76547,0.8
76548,0
76549,0.8
76550,0
76551,0.8
76552,2.4
76553,2.4
76554,5.6
76555,0.8
76556,0.8
76557,-4.8
76558,0
76559,0
76560,0.8
76561,0
76562,0
76563,0.8
76564,-5.6
76565,-0.8
76566,5.6
76567,2.4
76568,-1.6
76569,0.8
76570,2.4
76571,0
76572,-0.8
76573,0.8
76574,0.8
76575,-2.4
76576,-3.2
76577,-0.8
76578,-4
76579,4
76580,-0.8
76581,0
76582,-1.6
76583,1.6
76584,0
76585,-0.8
76586,0
76587,0
76588,-0.8
76589,0
76590,2.4
76591,0
76592,-1.6
76593,2.4
76594,2.4
76595,-0.8
76596,0.8
76597,0.8
76598,0.8
76599,2.4
76600,0
76601,0.8
76602,0
76603,0.8
76604,-3.2
76605,0
76606,0
76607,-3.2
76608,2.4
76609,0
76610,0
76611,1.6
76612,1.6
76613,1.6
76614,2.4
76615,-1.6
76616,-0.8
76617,5.6
76618,-0.8
76619,-0.8
76620,0
76621,-0.8
76622,-0.8
76623,-1.6
76624,0
76625,0
76626,-0.8
76627,3.2
76628,4
76629,1.6
76630,0
76631,-0.8
76632,-0.8
76633,2.4
76634,-1.6
76635,0
76636,-0.8
76637,-0.8
76638,0.8
76639,-0.8
76640,-3.2
76641,-0.8
76642,0.8
76643,-0.8
76644,0.8
76645,0
76646,-0.8
76647,-2.4
76648,0
76649,0
76650,-0.8
76651,0.8
76652,0.8
76653,0
76654,0.8
76655,-0.8
76656,-1.6
76657,1.6
76658,0
76659,0
76660,1.6
76661,0
76662,0.8
76663,0.8
76664,0
76665,-1.6
76666,2.4
76667,-0.8
76668,-1.6
76669,0.8
76670,-1.6
76671,0
76672,-2.4
76673,-0.8
76674,0
76675,-1.6
76676,0
76677,-1.6
76678,-4
76679,-6.4
76680,0.8
76681,-1.6
76682,3.2
76683,-0.8
76684,0
76685,-0.8
76686,-0.8
76687,0
76688,0
76689,0.8
76690,-1.6
76691,0.8
76692,-0.8
76693,0
76694,-0.8
76695,0.8
76696,0
76697,0.8
76698,-1.6
76699,-4
76700,0.8
76701,-0.8
76702,2.4
76703,1.6
76704,2.4
76705,1.6
76706,2.4
76707,8.8
76708,0.8
76709,0
76710,0.8
76711,1.6
76712,2.4
76713,-4
76714,2.4
76715,0
76716,-0.8
76717,4
76718,-2.4
76719,0
76720,2.4
76721,1.6
76722,0.8
76723,0.8
76724,0.8
76725,-0.8
76726,2.4
76727,-0.8
76728,0.8
76729,0.8
76730,-1.6
76731,0.8
76732,2.4
76733,1.6
76734,0
76735,0
76736,0
76737,4
76738,0
76739,0
76740,0.8
76741,0
76742,-1.6
76743,0.8
76744,2.4
76745,0
76746,-0.8
76747,0.8
76748,1.6
76749,0
76750,0
76751,-0.8
76752,0.8
76753,0.8
76754,0
76755,0.8
76756,-1.6
76757,2.4
76758,0.8
76759,0
76760,0.8
76761,0.8
76762,2.4
76763,0
76764,-0.8
76765,-0.8
76766,0.8
76767,1.6
76768,0
76769,-1.6
76770,-0.8
76771,0
76772,-0.8
76773,0
76774,2.4
76775,-1.6
76776,0.8
76777,0
76778,0
76779,1.6
76780,-3.2
76781,-2.4
76782,-8.8
76783,-0.8
76784,0.8
76785,0
76786,0
76787,-0.8
76788,-0.8
76789,-0.8
76790,7.2
76791,0
76792,-1.6
76793,0.8
76794,-1.6
76795,0
76796,-1.6
76797,0
76798,0
76799,-1.6
76800,-10.4
76801,0
76802,-0.8
76803,-0.8
76804,0.8
76805,2.4
76806,0
76807,0
76808,-4
76809,-0.8
76810,0.8
76811,0
76812,0
76813,0
76814,2.4
76815,-0.8
76816,1.6
76817,2.4
76818,0.8
76819,2.4
76820,1.6
76821,2.4
76822,0
76823,2.4
76824,1.6
76825,0
76826,0
76827,-0.8
76828,0
76829,0
76830,0.8
76831,0.8
76832,0
76833,2.4
76834,0
76835,-0.8
76836,-2.4
76837,0.8
76838,0
76839,-0.8
76840,2.4
76841,2.4
76842,0.8
76843,0.8
76844,-0.8
76845,-3.2
76846,0
76847,0
76848,0
76849,0.8
76850,2.4
76851,-0.8
76852,0
76853,0
76854,0
76855,3.2
76856,0
76857,0
76858,-5.6
76859,-0.8
76860,0
76861,-1.6
76862,3.2
76863,-3.2
76864,-0.8
76865,0
76866,4
76867,0.8
76868,0.8
76869,-1.6
76870,0
76871,1.6
76872,0
76873,-0.8
76874,2.4
76875,-3.2
76876,0.8
76877,0.8
76878,-0.8
76879,0
76880,-0.8
76881,0
76882,-0.8
76883,0
76884,0.8
76885,-0.8
76886,-0.8
76887,0.8
76888,0
76889,0
76890,0.8
76891,0
76892,0
76893,0.8
76894,0
76895,0.8
76896,2.4
76897,0.8
76898,0.8
76899,0
76900,0
76901,0
76902,0.8
76903,2.4
76904,0.8
76905,-0.8
76906,0.8
76907,0.8
76908,5.6
76909,0.8
76910,1.6
76911,0
76912,0
76913,1.6
76914,-0.8
76915,2.4
76916,-0.8
76917,-0.8
76918,0
76919,2.4
76920,0
76921,0
76922,-0.8
76923,2.4
76924,0.8
76925,0
76926,0
76927,0.8
76928,0
76929,0
76930,0.8
76931,-1.6
76932,0
76933,1.6
76934,0
76935,0
76936,0
76937,1.6
76938,2.4
76939,4
76940,1.6
76941,0.8
76942,0.8
76943,1.6
76944,0.8
76945,0
76946,0
76947,-0.8
76948,0
76949,-0.8
76950,1.6
76951,0
76952,0.8
76953,2.4
76954,-0.8
76955,2.4
76956,0.8
76957,4
76958,1.6
76959,0.8
76960,3.2
76961,0
76962,0.8
76963,-1.6
76964,0.8
76965,5.6
76966,-0.8
76967,0
76968,0.8
76969,0.8
76970,0
76971,-3.2
76972,0.8
76973,-1.6
76974,-0.8
76975,0
76976,-0.8
76977,0
76978,0.8
76979,2.4
76980,2.4
76981,0
76982,-1.6
76983,-3.2
76984,0.8
76985,-1.6
76986,-2.4
76987,-0.8
76988,-0.8
76989,-0.8
76990,1.6
76991,0.8
76992,-0.8
76993,0
76994,0
76995,0
76996,0.8
76997,-3.2
76998,0.8
76999,0
77000,4
77001,0.8
77002,0
77003,0.8
77004,-0.8
77005,-4
77006,0.8
77007,2.4
77008,0
77009,0.8
77010,5.6
77011,0.8
77012,2.4
77013,4
77014,0
77015,0.8
77016,0.8
77017,0
77018,-0.8
77019,-1.6
77020,-0.8
77021,-0.8
77022,-0.8
77023,0
77024,-0.8
77025,-3.2
77026,-0.8
77027,-0.8
77028,0
77029,0
77030,0.8
77031,-1.6
77032,0
77033,0
77034,-0.8
77035,-3.2
77036,-0.8
77037,-1.6
77038,-1.6
77039,-1.6
77040,0
77041,2.4
77042,-1.6
77043,-4
77044,0.8
77045,-0.8
77046,0.8
77047,-1.6
77048,0.8
77049,-0.8
77050,0
77051,0.8
77052,0.8
77053,0
77054,0
77055,2.4
77056,-2.4
77057,-0.8
77058,0.8
77059,2.4
77060,-0.8
77061,-0.8
77062,1.6
77063,0.8
77064,0.8
77065,1.6
77066,-0.8
77067,0
77068,2.4
77069,0
77070,0
77071,-0.8
77072,0
77073,0.8
77074,0
77075,0
77076,0
77077,0.8
77078,0
77079,0.8
77080,2.4
77081,0
77082,0
77083,0.8
77084,0
77085,0.8
77086,-0.8
77087,-0.8
77088,-3.2
77089,0.8
77090,0
77091,0
77092,-2.4
77093,0
77094,2.4
77095,1.6
77096,2.4
77097,-0.8
77098,0.8
77099,0.8
77100,2.4
77101,2.4
77102,0.8
77103,0
77104,-3.2
77105,0
77106,2.4
77107,4
77108,0
77109,0
77110,5.6
77111,0
77112,2.4
77113,0
77114,-0.8
77115,0
77116,-0.8
77117,0
77118,1.6
77119,0.8
77120,0
77121,0.8
77122,-0.8
77123,0
77124,0
77125,0.8
77126,0.8
77127,-2.4
77128,0
77129,0
77130,-12
77131,0
77132,-0.8
77133,0.8
77134,-0.8
77135,2.4
77136,1.6
77137,0.8
77138,0.8
77139,-0.8
77140,0
77141,0
77142,0.8
77143,0.8
77144,0
77145,-1.6
77146,1.6
77147,0
77148,0
77149,0.8
77150,-0.8
77151,-0.8
77152,0.8
77153,-1.6
77154,0.8
77155,-1.6
77156,-0.8
77157,2.4
77158,-1.6
77159,5.6
77160,0.8
77161,0
77162,0
77163,-9.6
77164,-1.6
77165,-1.6
77166,-3.2
77167,0
77168,0
77169,-0.8
77170,0.8
77171,0.8
77172,0.8
77173,0
77174,-1.6
77175,-2.4
77176,0.8
77177,-0.8
77178,-0.8
77179,0.8
77180,8.8
77181,0
77182,-2.4
77183,1.6
77184,2.4
77185,-0.8
77186,0
77187,0
77188,0
77189,-1.6
77190,2.4
77191,0
77192,-2.4
77193,0
77194,-0.8
77195,0.8
77196,-0.8
77197,3.2
77198,0.8
77199,-0.8
77200,-0.8
77201,-1.6
77202,-0.8
77203,0.8
77204,0.8
77205,0
77206,2.4
77207,1.6
77208,0
77209,-9.6
77210,2.4
77211,-4.8
77212,0
77213,2.4
77214,0
77215,-1.6
77216,-0.8
77217,2.4
77218,1.6
77219,-0.8
77220,2.4
77221,0
77222,4
77223,0
77224,0
77225,-4
77226,-0.8
77227,0
77228,0
77229,0.8
77230,0.8
77231,-2.4
77232,-1.6
77233,0.8
77234,-3.2
77235,-0.8
77236,-5.6
77237,-0.8
77238,-3.2
77239,-5.6
77240,0
77241,0
77242,5.6
77243,0
77244,0.8
77245,3.2
77246,0.8
77247,0
77248,0.8
77249,0
77250,1.6
77251,0
77252,2.4
77253,-1.6
77254,0
77255,-1.6
77256,0
77257,2.4
77258,0.8
77259,0.8
77260,0
77261,0.8
77262,0
77263,0.8
77264,0.8
77265,-0.8
77266,0.8
77267,0
77268,-1.6
77269,-0.8
77270,0
77271,-0.8
77272,-0.8
77273,-2.4
77274,0.8
77275,0.8
77276,0
77277,2.4
77278,0
77279,0
77280,0.8
77281,2.4
77282,-3.2
77283,0.8
77284,-0.8
77285,-0.8
77286,-1.6
77287,-3.2
77288,0.8
77289,-1.6
77290,2.4
77291,-2.4
77292,-1.6
77293,0
77294,0
77295,0
77296,0.8
77297,-1.6
77298,4
77299,-1.6
77300,-3.2
77301,-0.8
77302,0
77303,0.8
77304,-0.8
77305,2.4
77306,0.8
77307,2.4
77308,-0.8
77309,0
77310,-0.8
77311,-0.8
77312,0.8
77313,2.4
77314,0.8
77315,1.6
77316,-1.6
77317,0.8
77318,0.8
77319,0
77320,0
77321,0
77322,0
77323,0
77324,0
77325,-0.8
77326,0.8
77327,0
77328,-0.8
77329,2.4
77330,0
77331,0.8
77332,-3.2
77333,-3.2
77334,-0.8
77335,0
77336,-1.6
77337,-0.8
77338,2.4
77339,-3.2
77340,0.8
77341,-0.8
77342,-8
77343,0.8
77344,0.8
77345,0
77346,0
77347,0
77348,-0.8
77349,-1.6
77350,0.8
77351,0
77352,-0.8
77353,0.8
77354,-0.8
77355,0
77356,-0.8
77357,2.4
77358,0.8
77359,0
77360,0.8
77361,0
77362,0
77363,2.4
77364,4
77365,0.8
77366,0.8
77367,2.4
77368,0
77369,0.8
77370,-0.8
77371,-3.2
77372,-0.8
77373,0
77374,0.8
77375,-0.8
77376,-3.2
77377,-1.6
77378,-0.8
77379,-0.8
77380,2.4
77381,0.8
77382,-2.4
77383,0
77384,0.8
77385,0
77386,0.8
77387,0.8
77388,2.4
77389,-2.4
77390,-0.8
77391,2.4
77392,0
77393,0
77394,-4
77395,0.8
77396,0.8
77397,2.4
77398,0.8
77399,-2.4
77400,0.8
77401,-0.8
77402,-1.6
77403,0
77404,-0.8
77405,0
77406,-1.6
77407,2.4
77408,0.8
77409,0
77410,2.4
77411,0.8
77412,0.8
77413,1.6
77414,-0.8
77415,-1.6
77416,-3.2
77417,0.8
77418,0.8
77419,0.8
77420,0.8
77421,-0.8
77422,5.6
77423,-1.6
77424,0.8
77425,-0.8
77426,-1.6
77427,-1.6
77428,-1.6
77429,0.8
77430,0.8
77431,0
77432,-3.2
77433,0.8
77434,0
77435,0
77436,-0.8
77437,2.4
77438,-1.6
77439,0.8
77440,3.2
77441,-1.6
77442,-0.8
77443,0.8
77444,0.8
77445,-0.8
77446,0.8
77447,-0.8
77448,-1.6
77449,-0.8
77450,-0.8
77451,-1.6
77452,0.8
77453,0
77454,0
77455,0.8
77456,-0.8
77457,2.4
77458,2.4
77459,0
77460,0.8
77461,0
77462,2.4
77463,1.6
77464,-8.8
77465,0
77466,-2.4
77467,-1.6
77468,0
77469,0.8
77470,0
77471,0.8
77472,-1.6
77473,-0.8
77474,1.6
77475,-1.6
77476,-0.8
77477,0
77478,-0.8
77479,-0.8
77480,0.8
77481,0.8
77482,-2.4
77483,-0.8
77484,0
77485,-1.6
77486,-0.8
77487,-3.2
77488,0
77489,0.8
77490,-2.4
77491,-2.4
77492,0
77493,0
77494,-3.2
77495,-0.8
77496,0.8
77497,3.2
77498,-0.8
77499,-1.6
77500,2.4
77501,0.8
77502,0.8
77503,0.8
77504,-0.8
77505,0
77506,-2.4
77507,0.8
77508,0
77509,2.4
77510,0
77511,0
77512,3.2
77513,1.6
77514,-0.8
77515,-3.2
77516,-0.8
77517,4
77518,-0.8
77519,0
77520,-0.8
77521,0.8
77522,0.8
77523,-0.8
77524,0
77525,-0.8
77526,0.8
77527,0.8
77528,1.6
77529,0
77530,-1.6
77531,-0.8
77532,-3.2
77533,-0.8
77534,0.8
77535,-1.6
77536,-0.8
77537,-0.8
77538,2.4
77539,-1.6
77540,0
77541,-0.8
77542,0
77543,-3.2
77544,0
77545,0
77546,0
77547,0.8
77548,-3.2
77549,0
77550,0
77551,0.8
77552,0
77553,0
77554,2.4
77555,0
77556,0.8
77557,2.4
77558,2.4
77559,0
77560,0.8
77561,0.8
77562,-3.2
77563,0.8
77564,-0.8
77565,0.8
77566,0
77567,-3.2
77568,-2.4
77569,-0.8
77570,0.8
77571,-2.4
77572,0.8
77573,0
77574,0
77575,-0.8
77576,-0.8
77577,0.8
77578,0.8
77579,-1.6
77580,0
77581,0
77582,-3.2
77583,-0.8
77584,-0.8
77585,-1.6
77586,-0.8
77587,0
77588,0.8
77589,0
77590,-2.4
77591,0
77592,0
77593,-0.8
77594,-0.8
77595,0.8
77596,-0.8
77597,-0.8
77598,0
77599,-2.4
77600,0
77601,0
77602,-1.6
77603,0.8
77604,-0.8
77605,2.4
77606,2.4
77607,0
77608,0.8
77609,0
77610,0.8
77611,0
77612,-11.2
77613,-0.8
77614,0.8
77615,-1.6
77616,0.8
77617,0
77618,0
77619,-0.8
77620,-0.8
77621,0
77622,-1.6
77623,0.8
77624,0.8
77625,0.8
77626,0
77627,-0.8
77628,-0.8
77629,0.8
77630,0
77631,0
77632,-1.6
77633,-0.8
77634,0.8
77635,-0.8
77636,-1.6
77637,-3.2
77638,0
77639,2.4
77640,0.8
77641,0.8
77642,0.8
77643,0
77644,-0.8
77645,-0.8
77646,4
77647,-0.8
77648,0
77649,0
77650,0.8
77651,0.8
77652,0.8
77653,2.4
77654,0.8
77655,0.8
77656,0
77657,2.4
77658,0.8
77659,0
77660,0
77661,0.8
77662,0.8
77663,-0.8
77664,0.8
77665,-4
77666,0.8
77667,-0.8
77668,0
77669,-0.8
77670,5.6
77671,2.4
77672,0.8
77673,4
77674,1.6
77675,-1.6
77676,-4
77677,-0.8
77678,0
77679,2.4
77680,-0.8
77681,0.8
77682,-0.8
77683,0
77684,-2.4
77685,-0.8
77686,0
77687,0
77688,0.8
77689,-0.8
77690,0.8
77691,-2.4
77692,0
77693,0.8
77694,0
77695,-2.4
77696,2.4
77697,0.8
77698,-1.6
77699,-0.8
77700,0
77701,2.4
77702,1.6
77703,0.8
77704,-0.8
77705,0.8
77706,-2.4
77707,-3.2
77708,0
77709,-0.8
77710,0.8
77711,0.8
77712,-1.6
77713,0
77714,-0.8
77715,-3.2
77716,-0.8
77717,0
77718,-0.8
77719,0.8
77720,0
77721,0
77722,-3.2
77723,0
77724,-0.8
77725,0
77726,-0.8
77727,0
77728,-2.4
77729,0.8
77730,0.8
77731,-0.8
77732,-0.8
77733,0.8
77734,0.8
77735,0
77736,-0.8
77737,-1.6
77738,-4
77739,-1.6
77740,0.8
77741,-2.4
77742,-0.8
77743,-0.8
77744,0.8
77745,1.6
77746,-1.6
77747,-3.2
77748,0.8
77749,-0.8
77750,-0.8
77751,-0.8
77752,-1.6
77753,-1.6
77754,0.8
77755,0
77756,0
77757,0
77758,-3.2
77759,-0.8
77760,0
77761,0.8
77762,0
77763,-4
77764,0
77765,-11.2
77766,-2.4
77767,0
77768,0.8
77769,4
77770,0
77771,-4
77772,-0.8
77773,0
77774,0.8
77775,-2.4
77776,-2.4
77777,0.8
77778,0
77779,-1.6
77780,0
77781,0
77782,-3.2
77783,0.8
77784,0
77785,-0.8
77786,0
77787,-1.6
77788,-0.8
77789,-0.8
77790,-0.8
77791,-1.6
77792,-0.8
77793,1.6
77794,0
77795,-0.8
77796,-1.6
77797,-3.2
77798,0.8
77799,1.6
77800,3.2
77801,1.6
77802,0
77803,0.8
77804,0.8
77805,0.8
77806,0
77807,-1.6
77808,-0.8
77809,-0.8
77810,0
77811,0
77812,0
77813,-4
77814,0.8
77815,2.4
77816,-1.6
77817,-0.8
77818,0
77819,0
77820,0
77821,0.8
77822,1.6
77823,-0.8
77824,1.6
77825,-2.4
77826,0
77827,0
77828,-1.6
77829,0.8
77830,-0.8
77831,0
77832,-4
77833,0
77834,-0.8
77835,-1.6
77836,0
77837,-1.6
77838,2.4
77839,-3.2
77840,2.4
77841,-0.8
77842,0
77843,0
77844,0.8
77845,0.8
77846,0.8
77847,0
77848,0
77849,-0.8
77850,-1.6
77851,0.8
77852,0.8
77853,0
77854,0
77855,0.8
77856,1.6
77857,2.4
77858,-3.2
77859,-0.8
77860,4
77861,0
77862,0
77863,-3.2
77864,-3.2
77865,-0.8
77866,0
77867,0
77868,0.8
77869,3.2
77870,-0.8
77871,4
77872,1.6
77873,0.8
77874,0
77875,-4
77876,0
77877,-0.8
77878,0
77879,0.8
77880,-0.8
77881,0
77882,-2.4
77883,-2.4
77884,-0.8
77885,-3.2
77886,-1.6
77887,-3.2
77888,2.4
77889,-0.8
77890,0.8
77891,-4
77892,-0.8
77893,0.8
77894,-0.8
77895,0
77896,-3.2
77897,-1.6
77898,1.6
77899,-0.8
77900,0.8
77901,0
77902,1.6
77903,0
77904,-2.4
77905,-0.8
77906,1.6
77907,0.8
77908,-3.2
77909,2.4
77910,-2.4
77911,0.8
77912,0.8
77913,5.6
77914,0.8
77915,0
77916,0
77917,-0.8
77918,0
77919,-0.8
77920,-1.6
77921,2.4
77922,0
77923,-2.4
77924,0.8
77925,-1.6
77926,0
77927,0
77928,-0.8
77929,0.8
77930,0
77931,1.6
77932,-0.8
77933,6.4
77934,0
77935,-0.8
77936,0.8
77937,-0.8
77938,-2.4
77939,-3.2
77940,0.8
77941,0.8
77942,0.8
77943,5.6
77944,-0.8
77945,0
77946,-1.6
77947,0
77948,0.8
77949,0.8
77950,2.4
77951,0
77952,2.4
77953,0.8
77954,0
77955,0
77956,0.8
77957,2.4
77958,0
77959,-1.6
77960,4
77961,-0.8
77962,-0.8
77963,3.2
77964,0.8
77965,-2.4
77966,0
77967,0
77968,1.6
77969,0
77970,-0.8
77971,-1.6
77972,0.8
77973,0
77974,0.8
77975,-1.6
77976,0
77977,0
77978,-0.8
77979,-0.8
77980,1.6
77981,0
77982,-1.6
77983,0
77984,-0.8
77985,1.6
77986,-0.8
77987,-0.8
77988,-0.8
77989,0.8
77990,2.4
77991,0.8
77992,0.8
77993,4
77994,-1.6
77995,-0.8
77996,-4
77997,0.8
77998,0
77999,0.8
78000,0.8
78001,0
78002,-2.4
78003,0.8
78004,3.2
78005,-1.6
78006,0.8
78007,2.4
78008,-0.8
78009,-3.2
78010,0.8
78011,4
78012,0.8
78013,0.8
78014,-0.8
78015,-3.2
78016,1.6
78017,0.8
78018,0
78019,0.8
78020,0.8
78021,7.2
78022,0.8
78023,0
78024,-1.6
78025,-3.2
78026,0
78027,2.4
78028,0
78029,0
78030,-1.6
78031,-1.6
78032,-0.8
78033,3.2
78034,-1.6
78035,0
78036,-3.2
78037,-1.6
78038,0
78039,-8.8
78040,-0.8
78041,0
78042,0.8
78043,2.4
78044,0.8
78045,0.8
78046,0.8
78047,-3.2
78048,2.4
78049,-1.6
78050,0.8
78051,0.8
78052,0
78053,4
78054,2.4
78055,0
78056,2.4
78057,2.4
78058,0
78059,0
78060,0.8
78061,5.6
78062,0.8
78063,-0.8
78064,-1.6
78065,-0.8
78066,2.4
78067,2.4
78068,0.8
78069,0.8
78070,-3.2
78071,-0.8
78072,0
78073,2.4
78074,2.4
78075,-1.6
78076,-1.6
78077,0
78078,0
78079,1.6
78080,1.6
78081,-0.8
78082,-2.4
78083,0.8
78084,-4
78085,0
78086,0
78087,2.4
78088,0
78089,0.8
78090,0.8
78091,-0.8
78092,0
78093,0.8
78094,0
78095,-1.6
78096,0.8
78097,-0.8
78098,0
78099,-3.2
78100,0.8
78101,-0.8
78102,1.6
78103,2.4
78104,0.8
78105,0.8
78106,-0.8
78107,3.2
78108,0.8
78109,0
78110,0.8
78111,2.4
78112,2.4
78113,2.4
78114,-0.8
78115,0.8
78116,-0.8
78117,0
78118,0.8
78119,-0.8
78120,0
78121,0
78122,2.4
78123,2.4
78124,1.6
78125,0.8
78126,-3.2
78127,0.8
78128,-0.8
78129,0.8
78130,-1.6
78131,-1.6
78132,-1.6
78133,2.4
78134,-0.8
78135,0
78136,-0.8
78137,-1.6
78138,-0.8
78139,2.4
78140,0.8
78141,0.8
78142,-0.8
78143,-0.8
78144,0
78145,-4
78146,-1.6
78147,0
78148,0
78149,0.8
78150,1.6
78151,1.6
78152,0
78153,0.8
78154,1.6
78155,0.8
78156,1.6
78157,0
78158,0.8
78159,-0.8
78160,0.8
78161,-1.6
78162,-3.2
78163,-0.8
78164,0.8
78165,-3.2
78166,2.4
78167,0
78168,2.4
78169,0
78170,0.8
78171,-3.2
78172,-0.8
78173,0.8
78174,2.4
78175,2.4
78176,-0.8
78177,0
78178,2.4
78179,-2.4
78180,-1.6
78181,0
78182,-0.8
78183,0
78184,-0.8
78185,-1.6
78186,-0.8
78187,-2.4
78188,-0.8
78189,-0.8
78190,0.8
78191,0.8
78192,2.4
78193,0
78194,0.8
78195,0
78196,0.8
78197,-1.6
78198,-1.6
78199,0
78200,0.8
78201,0.8
78202,0.8
78203,2.4
78204,-0.8
78205,3.2
78206,-2.4
78207,2.4
78208,1.6
78209,2.4
78210,0.8
78211,0
78212,-3.2
78213,-0.8
78214,0.8
78215,0
78216,0
78217,-3.2
78218,2.4
78219,0.8
78220,-0.8
78221,0
78222,-1.6
78223,-3.2
78224,2.4
78225,-0.8
78226,0
78227,0
78228,0
78229,-1.6
78230,0
78231,0.8
78232,-1.6
78233,-2.4
78234,0
78235,0
78236,0
78237,0
78238,-1.6
78239,-3.2
78240,0
78241,0
78242,1.6
78243,0.8
78244,0.8
78245,0.8
78246,2.4
78247,0
78248,0
78249,0
78250,2.4
78251,0
78252,2.4
78253,2.4
78254,-0.8
78255,0.8
78256,-3.2
78257,2.4
78258,0
78259,-1.6
78260,0
78261,-2.4
78262,0.8
78263,0
78264,6.4
78265,2.4
78266,-0.8
78267,-3.2
78268,-0.8
78269,0.8
78270,0
78271,0
78272,0.8
78273,4
78274,0.8
78275,0.8
78276,0
78277,0
78278,-3.2
78279,-2.4
78280,1.6
78281,0.8
78282,-1.6
78283,-0.8
78284,0.8
78285,0.8
78286,-0.8
78287,2.4
78288,-0.8
78289,0
78290,0
78291,0
78292,0
78293,0.8
78294,0.8
78295,0.8
78296,-3.2
78297,-3.2
78298,2.4
78299,-3.2
78300,-0.8
78301,0
78302,0.8
78303,0.8
78304,-2.4
78305,-4.8
78306,0.8
78307,0.8
78308,2.4
78309,0.8
78310,0.8
78311,-0.8
78312,-0.8
78313,0.8
78314,0.8
78315,0
78316,0
78317,4
78318,0
78319,1.6
78320,0
78321,0.8
78322,-2.4
78323,0
78324,2.4
78325,0
78326,-0.8
78327,0.8
78328,-1.6
78329,0
78330,-0.8
78331,0
78332,-3.2
78333,0
78334,-0.8
78335,0
78336,-0.8
78337,-4.8
78338,-0.8
78339,0
78340,1.6
78341,2.4
78342,0.8
78343,0
78344,0
78345,4
78346,0.8
78347,1.6
78348,0.8
78349,-0.8
78350,0.8
78351,0
78352,0.8
78353,3.2
78354,-0.8
78355,2.4
78356,2.4
78357,0.8
78358,0.8
78359,0
78360,0
78361,0.8
78362,2.4
78363,-2.4
78364,-2.4
78365,-0.8
78366,-3.2
78367,1.6
78368,2.4
78369,0
78370,0.8
78371,-0.8
78372,2.4
78373,0.8
78374,0.8
78375,0
78376,-1.6
78377,-0.8
78378,-1.6
78379,0
78380,-4
78381,-2.4
78382,-0.8
78383,-1.6
78384,-0.8
78385,-0.8
78386,-0.8
78387,2.4
78388,0
78389,-1.6
78390,2.4
78391,0
78392,-0.8
78393,0
78394,-0.8
78395,-0.8
78396,-0.8
78397,0
78398,0.8
78399,0
78400,0.8
78401,0
78402,-0.8
78403,0.8
78404,0
78405,0
78406,0
78407,4
78408,0
78409,0.8
78410,0
78411,-0.8
78412,-2.4
78413,-2.4
78414,2.4
78415,0.8
78416,-0.8
78417,2.4
78418,-0.8
78419,-0.8
78420,0
78421,0.8
78422,2.4
78423,-0.8
78424,0.8
78425,-2.4
78426,0.8
78427,0
78428,-0.8
78429,-1.6
78430,-0.8
78431,0
78432,-0.8
78433,0
78434,0
78435,0
78436,0.8
78437,2.4
78438,-0.8
78439,-0.8
78440,-0.8
78441,0.8
78442,-0.8
78443,1.6
78444,0.8
78445,0
78446,1.6
78447,-4
78448,0.8
78449,-0.8
78450,1.6
78451,0.8
78452,1.6
78453,1.6
78454,-1.6
78455,0
78456,-0.8
78457,3.2
78458,2.4
78459,0
78460,-0.8
78461,0
78462,0.8
78463,7.2
78464,0
78465,2.4
78466,-0.8
78467,4
78468,-1.6
78469,-0.8
78470,-1.6
78471,-3.2
78472,0.8
78473,0
78474,0
78475,-3.2
78476,-0.8
78477,-1.6
78478,-0.8
78479,-0.8
78480,0.8
78481,-0.8
78482,-0.8
78483,2.4
78484,0
78485,0.8
78486,0.8
78487,-0.8
78488,-4
78489,0
78490,0
78491,2.4
78492,0.8
78493,-0.8
78494,-0.8
78495,1.6
78496,-2.4
78497,0
78498,-2.4
78499,2.4
78500,2.4
78501,-0.8
78502,-0.8
78503,-0.8
78504,0
78505,0.8
78506,1.6
78507,-0.8
78508,0
78509,-0.8
78510,0
78511,0.8
78512,3.2
78513,0.8
78514,2.4
78515,-3.2
78516,-1.6
78517,-0.8
78518,-0.8
78519,-0.8
78520,0.8
78521,0.8
78522,-3.2
78523,-4
78524,2.4
78525,-0.8
78526,0.8
78527,-0.8
78528,0
78529,0
78530,-1.6
78531,1.6
78532,0
78533,0
78534,0
78535,0
78536,-0.8
78537,2.4
78538,0.8
78539,0
78540,0.8
78541,0.8
78542,0
78543,0
78544,2.4
78545,2.4
78546,0.8
78547,0.8
78548,-0.8
78549,-0.8
78550,0
78551,2.4
78552,0.8
78553,2.4
78554,0.8
78555,1.6
78556,-0.8
78557,0.8
78558,0
78559,0.8
78560,1.6
78561,0
78562,1.6
78563,2.4
78564,0
78565,2.4
78566,-1.6
78567,-0.8
78568,0
78569,0.8
78570,0.8
78571,0
78572,2.4
78573,-2.4
78574,0.8
78575,0
78576,-4
78577,0
78578,-0.8
78579,-0.8
78580,-1.6
78581,-0.8
78582,0
78583,-3.2
78584,0.8
78585,0
78586,0
78587,0
78588,-0.8
78589,-0.8
78590,0
78591,2.4
78592,-2.4
78593,-1.6
78594,-0.8
78595,-0.8
78596,0
78597,0
78598,5.6
78599,-1.6
78600,2.4
78601,0.8
78602,-3.2
78603,0.8
78604,-0.8
78605,-0.8
78606,0
78607,-2.4
78608,-1.6
78609,0.8
78610,0
78611,-3.2
78612,-1.6
78613,0
78614,-2.4
78615,5.6
78616,0
78617,0.8
78618,-0.8
78619,-1.6
78620,-1.6
78621,0.8
78622,1.6
78623,2.4
78624,0.8
78625,-0.8
78626,0
78627,0
78628,0
78629,0
78630,0
78631,-0.8
78632,0
78633,-3.2
78634,0
78635,0
78636,0.8
78637,-1.6
78638,0.8
78639,0
78640,-0.8
78641,0.8
78642,0.8
78643,-0.8
78644,-0.8
78645,-1.6
78646,0
78647,-3.2
78648,-1.6
78649,0
78650,-1.6
78651,-0.8
78652,2.4
78653,2.4
78654,1.6
78655,1.6
78656,-0.8
78657,2.4
78658,0.8
78659,4
78660,0.8
78661,-3.2
78662,-0.8
78663,-1.6
78664,0
78665,-0.8
78666,1.6
78667,0.8
78668,-0.8
78669,0.8
78670,-4
78671,0
78672,-0.8
78673,0
78674,0
78675,-0.8
78676,0
78677,-14.4
78678,-1.6
78679,0.8
78680,-0.8
78681,0.8
78682,0
78683,0
78684,2.4
78685,-0.8
78686,0
78687,-1.6
78688,-6.4
78689,-0.8
78690,0
78691,0.8
78692,-0.8
78693,0
78694,-0.8
78695,0.8
78696,-0.8
78697,-0.8
78698,-1.6
78699,-0.8
78700,-1.6
78701,0
78702,-2.4
78703,3.2
78704,-0.8
78705,1.6
78706,0.8
78707,0.8
78708,0.8
78709,0.8
78710,0
78711,-1.6
78712,-2.4
78713,0
78714,0.8
78715,0.8
78716,0.8
78717,0.8
78718,0
78719,-3.2
78720,-5.6
78721,-3.2
78722,-0.8
78723,2.4
78724,0.8
78725,-0.8
78726,0
78727,11.2
78728,0
78729,-0.8
78730,0
78731,0.8
78732,-0.8
78733,0.8
78734,0
78735,-3.2
78736,0
78737,-1.6
78738,-0.8
78739,1.6
78740,0.8
78741,-8
78742,-1.6
78743,-1.6
78744,0
78745,0
78746,-2.4
78747,0
78748,-0.8
78749,-0.8
78750,0
78751,0.8
78752,2.4
78753,0.8
78754,0
78755,-1.6
78756,-1.6
78757,0.8
78758,-0.8
78759,1.6
78760,2.4
78761,-1.6
78762,0.8
78763,-3.2
78764,2.4
78765,-0.8
78766,2.4
78767,0
78768,-0.8
78769,2.4
78770,-1.6
78771,-0.8
78772,-0.8
78773,0
78774,0.8
78775,-3.2
78776,-0.8
78777,7.2
78778,0.8
78779,0.8
78780,0
78781,0
78782,-0.8
78783,0.8
78784,-0.8
78785,3.2
78786,-0.8
78787,0
78788,-0.8
78789,0
78790,0.8
78791,1.6
78792,-1.6
78793,-1.6
78794,-1.6
78795,0
78796,0
78797,1.6
78798,0
78799,-1.6
78800,0.8
78801,0
78802,0.8
78803,0.8
78804,0
78805,0
78806,0
78807,-0.8
78808,0
78809,-0.8
78810,0
78811,-1.6
78812,2.4
78813,-5.6
78814,0
78815,3.2
78816,-0.8
78817,-1.6
78818,-0.8
78819,0
78820,0.8
78821,0.8
78822,1.6
78823,0.8
78824,-1.6
78825,0
78826,0.8
78827,0
78828,0
78829,0.8
78830,-0.8
78831,0.8
78832,-2.4
78833,-1.6
78834,0.8
78835,0.8
78836,0.8
78837,-0.8
78838,0
78839,2.4
78840,4
78841,2.4
78842,0.8
78843,-0.8
78844,0
78845,2.4
78846,0.8
78847,0
78848,0.8
78849,1.6
78850,0.8
78851,0.8
78852,0
78853,0
78854,-0.8
78855,2.4
78856,0
78857,-0.8
78858,0.8
78859,-0.8
78860,8
78861,2.4
78862,0
78863,-1.6
78864,-0.8
78865,0
78866,-4.8
78867,0
78868,2.4
78869,1.6
78870,-0.8
78871,-2.4
78872,2.4
78873,-2.4
78874,-0.8
78875,-0.8
78876,0.8
78877,-8.8
78878,-2.4
78879,0
78880,2.4
78881,-0.8
78882,-0.8
78883,-1.6
78884,0
78885,-0.8
78886,4
78887,-1.6
78888,-0.8
78889,0
78890,2.4
78891,0.8
78892,0
78893,-0.8
78894,0
78895,0.8
78896,-0.8
78897,-1.6
78898,0
78899,-0.8
78900,0
78901,0
78902,2.4
78903,-3.2
78904,0
78905,0.8
78906,0.8
78907,3.2
78908,-4
78909,2.4
78910,0.8
78911,-8
78912,-2.4
78913,-0.8
78914,-0.8
78915,0.8
78916,-1.6
78917,0.8
78918,-1.6
78919,-4.8
78920,-3.2
78921,-0.8
78922,0
78923,0.8
78924,1.6
78925,-0.8
78926,-0.8
78927,-0.8
78928,-0.8
78929,0
78930,-0.8
78931,-1.6
78932,-2.4
78933,2.4
78934,-0.8
78935,-3.2
78936,2.4
78937,-3.2
78938,-1.6
78939,0
78940,0
78941,0
78942,-0.8
78943,-0.8
78944,0
78945,0.8
78946,0.8
78947,-0.8
78948,-3.2
78949,0
78950,0.8
78951,2.4
78952,0
78953,0.8
78954,0
78955,-0.8
78956,0.8
78957,2.4
78958,2.4
78959,0.8
78960,2.4
78961,-3.2
78962,-0.8
78963,0.8
78964,0.8
78965,0
78966,1.6
78967,2.4
78968,0
78969,1.6
78970,0.8
78971,-0.8
78972,-6.4
78973,0.8
78974,0
78975,0.8
78976,0.8
78977,0
78978,0.8
78979,-0.8
78980,-0.8
78981,2.4
78982,-3.2
78983,0
78984,0.8
78985,-1.6
78986,0.8
78987,-3.2
78988,-0.8
78989,0
78990,0.8
78991,2.4
78992,-0.8
78993,-0.8
78994,-0.8
78995,-0.8
78996,1.6
78997,0
78998,-0.8
78999,0.8
79000,0
79001,0
79002,-1.6
79003,3.2
79004,1.6
79005,0.8
79006,0
79007,0
79008,-1.6
79009,2.4
79010,0.8
79011,-3.2
79012,-2.4
79013,2.4
79014,3.2
79015,2.4
79016,-4
79017,2.4
79018,-1.6
79019,0
79020,0
79021,0.8
79022,4
79023,0.8
79024,1.6
79025,-3.2
79026,-0.8
79027,-3.2
79028,0
79029,-0.8
79030,0
79031,-2.4
79032,2.4
79033,0.8
79034,0.8
79035,0
79036,0
79037,0
79038,2.4
79039,-4
79040,-3.2
79041,-0.8
79042,-0.8
79043,0
79044,0
79045,0
79046,2.4
79047,-0.8
79048,0.8
79049,0
79050,0.8
79051,0
79052,0
79053,0
79054,-0.8
79055,-2.4
79056,0.8
79057,1.6
79058,0
79059,-0.8
79060,-0.8
79061,0.8
79062,-1.6
79063,1.6
79064,-0.8
79065,-3.2
79066,-3.2
79067,2.4
79068,0
79069,1.6
79070,0
79071,-4
79072,0
79073,-0.8
79074,0
79075,5.6
79076,-0.8
79077,0
79078,2.4
79079,0.8
79080,2.4
79081,-1.6
79082,2.4
79083,-4
79084,-1.6
79085,-1.6
79086,-0.8
79087,-0.8
79088,-0.8
79089,-3.2
79090,0
79091,0
79092,0
79093,-1.6
79094,0
79095,0
79096,-0.8
79097,0
79098,-3.2
79099,0.8
79100,0.8
79101,-0.8
79102,-1.6
79103,-0.8
79104,2.4
79105,-0.8
79106,0.8
79107,0
79108,0
79109,0
79110,-0.8
79111,0
79112,-1.6
79113,0
79114,4
79115,0
79116,-0.8
79117,0
79118,2.4
79119,0
79120,0
79121,0
79122,0.8
79123,-0.8
79124,0.8
79125,-0.8
79126,0
79127,-3.2
79128,-4
79129,0
79130,0.8
79131,-0.8
79132,-0.8
79133,-0.8
79134,-1.6
79135,-0.8
79136,0
79137,-3.2
79138,0.8
79139,-3.2
79140,-3.2
79141,2.4
79142,0
79143,0
79144,2.4
79145,0
79146,0.8
79147,-0.8
79148,0
79149,-3.2
79150,0
79151,-0.8
79152,-6.4
79153,2.4
79154,3.2
79155,0.8
79156,2.4
79157,0
79158,0
79159,-0.8
79160,0
79161,-1.6
79162,-4
79163,0
79164,-8.8
79165,-0.8
79166,-0.8
79167,-2.4
79168,2.4
79169,-0.8
79170,0.8
79171,2.4
79172,-0.8
79173,0
79174,2.4
79175,-1.6
79176,1.6
79177,0
79178,-1.6
79179,0.8
79180,0
79181,-2.4
79182,0
79183,0.8
79184,0
79185,0
79186,0
79187,-0.8
79188,1.6
79189,-0.8
79190,-3.2
79191,0
79192,-1.6
79193,0
79194,0
79195,-0.8
79196,-0.8
79197,-1.6
79198,-1.6
79199,-1.6
79200,0
79201,-0.8
79202,2.4
79203,-0.8
79204,0
79205,-1.6
79206,0.8
79207,0.8
79208,0.8
79209,0
79210,0
79211,-0.8
79212,0
79213,-0.8
79214,2.4
79215,0
79216,2.4
79217,-0.8
79218,-0.8
79219,2.4
79220,0.8
79221,0
79222,-0.8
79223,-0.8
79224,0
79225,-3.2
79226,0
79227,-3.2
79228,7.2
79229,0.8
79230,0
79231,-0.8
79232,0
79233,0
79234,0
79235,-1.6
79236,-0.8
79237,-2.4
79238,0
79239,-1.6
79240,4
79241,-2.4
79242,-1.6
79243,2.4
79244,0.8
79245,-0.8
79246,0
79247,-0.8
79248,0
79249,0
79250,0.8
79251,-0.8
79252,0
79253,0.8
79254,-0.8
79255,1.6
79256,0
79257,-0.8
79258,0
79259,-0.8
79260,-0.8
79261,0.8
79262,-2.4
79263,-1.6
79264,0
79265,0.8
79266,0.8
79267,-0.8
79268,0
79269,0.8
79270,1.6
79271,-0.8
79272,0
79273,0
79274,-1.6
79275,-0.8
79276,0
79277,8.8
79278,2.4
79279,-0.8
79280,0.8
79281,-1.6
79282,-0.8
79283,-2.4
79284,-0.8
79285,-1.6
79286,0
79287,3.2
79288,0
79289,0
79290,0.8
79291,1.6
79292,-3.2
79293,0
79294,0
79295,0.8
79296,-0.8
79297,0.8
79298,3.2
79299,-2.4
79300,-0.8
79301,0
79302,1.6
79303,3.2
79304,2.4
79305,0.8
79306,-0.8
79307,0
79308,0
79309,0
79310,0.8
79311,-1.6
79312,-0.8
79313,-0.8
79314,1.6
79315,0
79316,0.8
79317,4
79318,0.8
79319,0
79320,-1.6
79321,-3.2
79322,-3.2
79323,0.8
79324,-0.8
79325,-0.8
79326,-0.8
79327,-1.6
79328,0.8
79329,-0.8
79330,0
79331,-0.8
79332,-1.6
79333,0
79334,-0.8
79335,0
79336,0.8
79337,-1.6
79338,0
79339,-0.8
79340,1.6
79341,2.4
79342,0
79343,2.4
79344,-0.8
79345,0.8
79346,-0.8
79347,0
79348,0
79349,-3.2
79350,0
79351,0.8
79352,0
79353,0
79354,0
79355,2.4
79356,0
79357,0
79358,1.6
79359,0
79360,0
79361,-1.6
79362,-6.4
79363,0.8
79364,-1.6
79365,0
79366,-0.8
79367,2.4
79368,1.6
79369,-1.6
79370,0
79371,-1.6
79372,0
79373,-3.2
79374,0
79375,0
79376,-1.6
79377,0
79378,-0.8
79379,-0.8
79380,-0.8
79381,-1.6
79382,-0.8
79383,2.4
79384,0
79385,-0.8
79386,0
79387,-0.8
79388,0.8
79389,0.8
79390,0
79391,1.6
79392,0.8
79393,0.8
79394,-0.8
79395,-0.8
79396,0
79397,0
79398,0.8
79399,-0.8
79400,0.8
79401,-0.8
79402,0.8
79403,0.8
79404,0
79405,-3.2
79406,0.8
79407,-3.2
79408,0.8
79409,0
79410,0.8
79411,0
79412,-0.8
79413,0.8
79414,0
79415,0.8
79416,0
79417,2.4
79418,1.6
79419,0
79420,2.4
79421,-0.8
79422,-3.2
79423,-0.8
79424,3.2
79425,-2.4
79426,-1.6
79427,-1.6
79428,-0.8
79429,-0.8
79430,0.8
79431,-0.8
79432,-3.2
79433,-2.4
79434,0
79435,0
79436,-0.8
79437,0
79438,0
79439,2.4
79440,-1.6
79441,0
79442,-1.6
79443,-0.8
79444,-0.8
79445,0
79446,-1.6
79447,-3.2
79448,-2.4
79449,0
79450,2.4
79451,0.8
79452,0
79453,0
79454,0
79455,0
79456,-0.8
79457,2.4
79458,1.6
79459,-1.6
79460,2.4
79461,-0.8
79462,0.8
79463,0.8
79464,-1.6
79465,0
79466,0
79467,-1.6
79468,0.8
79469,0
79470,0
79471,-0.8
79472,-0.8
79473,1.6
79474,0
79475,0
79476,-3.2
79477,-9.6
79478,40
79479,44.799999
79480,-15.2
79481,-46.400002
79482,-34.400002
79483,-11.2
79484,4
79485,5.6
79486,-9.6
79487,-42.400002
79488,-50.400002
79489,-8
79490,16.799999
79491,25.6
79492,19.200001
79493,9.6
79494,2.4
79495,-0.8
79496,2.4
79497,-0.8
79498,-0.8
79499,1.6
79500,-0.8
79501,0.8
79502,0
79503,0.8
79504,2.4
79505,1.6
79506,4
79507,2.4
79508,2.4
79509,0.8
79510,2.4
79511,0.8
79512,-1.6
79513,3.2
79514,-0.8
79515,2.4
79516,4
79517,-0.8
79518,1.6
79519,0.8
79520,2.4
79521,0.8
79522,0
79523,0
79524,-0.8
79525,0.8
79526,0.8
79527,0.8
79528,0
79529,0
79530,-1.6
79531,4
79532,1.6
79533,-0.8
79534,0.8
79535,-0.8
79536,0.8
79537,0.8
79538,0
79539,2.4
79540,-0.8
79541,-1.6
79542,0.8
79543,-0.8
79544,1.6
79545,0
79546,0.8
79547,0
79548,2.4
79549,-0.8
79550,0.8
79551,0
79552,2.4
79553,2.4
79554,-1.6
79555,0
79556,4
79557,2.4
79558,0
79559,-1.6
79560,0
79561,0
79562,1.6
79563,2.4
79564,2.4
79565,-0.8
79566,-0.8
79567,-0.8
79568,0.8
79569,0.8
79570,-0.8
79571,-3.2
79572,-3.2
79573,-3.2
79574,0.8
79575,0
79576,-3.2
79577,-4
79578,-0.8
79579,1.6
79580,0
79581,-1.6
79582,-3.2
79583,0
79584,0.8
79585,-1.6
79586,0.8
79587,2.4
79588,-3.2
79589,0
79590,-1.6
79591,3.2
79592,2.4
79593,2.4
79594,2.4
79595,2.4
79596,-5.6
79597,-2.4
79598,-0.8
79599,0
79600,0
79601,0
79602,4
79603,0.8
79604,-2.4
79605,3.2
79606,2.4
79607,1.6
79608,0
79609,1.6
79610,-3.2
79611,0
79612,5.6
79613,0
79614,0
79615,4
79616,1.6
79617,-1.6
79618,1.6
79619,0.8
79620,-1.6
79621,0
79622,-0.8
79623,-1.6
79624,0.8
79625,-2.4
79626,0.8
79627,-1.6
79628,-2.4
79629,-0.8
79630,-2.4
79631,0
79632,-1.6
79633,-0.8
79634,-1.6
79635,-2.4
79636,0
79637,-0.8
79638,-0.8
79639,-3.2
79640,-1.6
79641,5.6
79642,0.8
79643,0
79644,0.8
79645,0
79646,0
79647,-0.8
79648,-4
79649,-3.2
79650,1.6
79651,2.4
79652,4
79653,-0.8
79654,-0.8
79655,0
79656,0.8
79657,0.8
79658,0.8
79659,0
79660,2.4
79661,2.4
79662,0
79663,2.4
79664,3.2
79665,-2.4
79666,-7.2
79667,-0.8
79668,0
79669,-0.8
79670,2.4
79671,-0.8
79672,0
79673,0.8
79674,0
79675,0
79676,0.8
79677,3.2
79678,-3.2
79679,0
79680,0
79681,4
79682,-0.8
79683,4
79684,0
79685,-1.6
79686,0
79687,0
79688,0
79689,0
79690,-1.6
79691,2.4
79692,-0.8
79693,0.8
79694,2.4
79695,-0.8
79696,0.8
79697,1.6
79698,0
79699,0
79700,0.8
79701,-0.8
79702,0.8
79703,0.8
79704,0.8
79705,-0.8
79706,3.2
79707,2.4
79708,2.4
79709,0.8
79710,3.2
79711,0
79712,-3.2
79713,2.4
79714,1.6
79715,2.4
79716,-1.6
79717,-3.2
79718,3.2
79719,0
79720,-3.2
79721,-1.6
79722,0
79723,0.8
79724,0
79725,0
79726,0.8
79727,0.8
79728,-1.6
79729,-4
79730,-2.4
79731,1.6
79732,-0.8
79733,-1.6
79734,-0.8
79735,-0.8
79736,0.8
79737,0
79738,0.8
79739,-1.6
79740,0
79741,3.2
79742,-3.2
79743,4
79744,0
79745,2.4
79746,0.8
79747,4
79748,0
79749,-0.8
79750,2.4
79751,-0.8
79752,0.8
79753,-2.4
79754,2.4
79755,0.8
79756,2.4
79757,0
79758,-0.8
79759,-1.6
79760,2.4
79761,0.8
79762,0.8
79763,0
79764,2.4
79765,0
79766,0.8
79767,3.2
79768,0
79769,-0.8
79770,-0.8
79771,0.8
79772,2.4
79773,-0.8
79774,0
79775,-0.8
79776,0
79777,2.4
79778,0.8
79779,-0.8
79780,-0.8
79781,1.6
79782,-1.6
79783,-0.8
79784,0
79785,0
79786,0
79787,2.4
79788,0
79789,-3.2
79790,-3.2
79791,2.4
79792,2.4
79793,0.8
79794,0
79795,0
79796,2.4
79797,0.8
79798,-3.2
79799,3.2
79800,2.4
79801,-0.8
79802,0.8
79803,0.8
79804,0.8
79805,2.4
79806,-1.6
79807,0.8
79808,2.4
79809,0.8
79810,2.4
79811,1.6
79812,0
79813,-2.4
79814,-0.8
79815,-1.6
79816,-2.4
79817,-0.8
79818,0.8
79819,0.8
79820,0.8
79821,0.8
79822,-0.8
79823,-0.8
79824,2.4
79825,0.8
79826,-2.4
79827,-0.8
79828,3.2
79829,0
79830,0.8
79831,-4
79832,-0.8
79833,-1.6
79834,0
79835,0
79836,0
79837,8
79838,0
79839,2.4
79840,-0.8
79841,-0.8
79842,-0.8
79843,2.4
79844,0
79845,0.8
79846,5.6
79847,0.8
79848,-1.6
79849,-4
79850,-0.8
79851,0.8
79852,2.4
79853,-3.2
79854,-0.8
79855,4
79856,0
79857,0
79858,-0.8
79859,-4
79860,1.6
79861,2.4
79862,-1.6
79863,0
79864,-3.2
79865,-4
79866,-3.2
79867,2.4
79868,0
79869,0
79870,2.4
79871,0
79872,-2.4
79873,-3.2
79874,0
79875,-1.6
79876,-0.8
79877,0
79878,-1.6
79879,-0.8
79880,-1.6
79881,0
79882,0
79883,-0.8
79884,-1.6
79885,-0.8
79886,0
79887,0
79888,-13.6
79889,2.4
79890,17.6
79891,2.4
79892,-9.6
79893,-12.8
79894,-4
79895,0.8
79896,-3.2
79897,-5.6
79898,-0.8
79899,1.6
79900,0.8
79901,-3.2
79902,-3.2
79903,-5.6
79904,-2.4
79905,-3.2
79906,-4
79907,-2.4
79908,2.4
79909,0.8
79910,5.6
79911,0.8
79912,0.8
79913,-0.8
79914,-4
79915,-2.4
79916,8
79917,2.4
79918,0.8
79919,0
79920,0
79921,0.8
79922,1.6
79923,2.4
79924,2.4
79925,0
79926,2.4
79927,0.8
79928,2.4
79929,4
79930,0.8
79931,-0.8
79932,-2.4
79933,0.8
79934,8
79935,-0.8
79936,0
79937,0.8
79938,-0.8
79939,0.8
79940,3.2
79941,0
79942,2.4
79943,0
79944,2.4
79945,0.8
79946,5.6
79947,1.6
79948,-0.8
79949,2.4
79950,0
79951,2.4
79952,4
79953,-1.6
79954,-1.6
79955,5.6
79956,2.4
79957,2.4
79958,4
79959,1.6
79960,2.4
79961,2.4
79962,2.4
79963,0
79964,3.2
79965,-2.4
79966,-3.2
79967,0.8
79968,2.4
79969,-9.6
79970,-3.2
79971,-1.6
79972,0
79973,4
79974,1.6
79975,-3.2
79976,0
79977,0.8
79978,0
79979,-0.8
79980,-3.2
79981,5.6
79982,-4
79983,2.4
79984,-0.8
79985,-8.8
79986,-4.8
79987,1.6
79988,-0.8
79989,-3.2
79990,-3.2
79991,0.8
79992,-3.2
79993,0
79994,2.4
79995,0
79996,-3.2
79997,0.8
79998,-0.8
79999,-1.6
80000,2.4
80001,2.4
80002,-0.8
80003,-3.2
80004,-3.2
80005,-1.6
80006,2.4
80007,2.4
80008,2.4
80009,-4
80010,-1.6
80011,3.2
80012,0.8
80013,2.4
80014,9.6
80015,5.6
80016,-4.8
80017,0
80018,2.4
80019,0
80020,-3.2
80021,-0.8
80022,2.4
80023,2.4
80024,0.8
80025,0
80026,-0.8
80027,0.8
80028,2.4
80029,-3.2
80030,0.8
80031,-0.8
80032,-1.6
80033,-0.8
80034,2.4
80035,0.8
80036,1.6
80037,0.8
80038,0
80039,-12
80040,-3.2
80041,-3.2
80042,2.4
80043,2.4
80044,2.4
80045,0
80046,1.6
80047,1.6
80048,0.8
80049,-3.2
80050,0.8
80051,1.6
80052,0
80053,2.4
80054,-3.2
80055,-5.6
80056,1.6
80057,0
80058,-3.2
80059,-0.8
80060,-0.8
80061,5.6
80062,2.4
80063,2.4
80064,-1.6
80065,-1.6
80066,-4
80067,-2.4
80068,-0.8
80069,-2.4
80070,-3.2
80071,2.4
80072,3.2
80073,0
80074,-2.4
80075,0.8
80076,-1.6
80077,-3.2
80078,0
80079,0.8
80080,2.4
80081,0
80082,-3.2
80083,-3.2
80084,0
80085,-0.8
80086,0.8
80087,-3.2
80088,-4
80089,2.4
80090,0
80091,3.2
80092,2.4
80093,2.4
80094,-0.8
80095,0
80096,-3.2
80097,0.8
80098,0.8
80099,-0.8
80100,0.8
80101,2.4
80102,-0.8
80103,-1.6
80104,-1.6
80105,-0.8
80106,4
80107,0
80108,0
80109,-1.6
80110,-0.8
80111,0
80112,-3.2
80113,-3.2
80114,2.4
80115,0.8
80116,-3.2
80117,-1.6
80118,0
80119,0.8
80120,0
80121,2.4
80122,2.4
80123,-0.8
80124,4
80125,-0.8
80126,-3.2
80127,0.8
80128,-0.8
80129,-1.6
80130,1.6
80131,2.4
80132,-0.8
80133,-0.8
80134,-1.6
80135,-1.6
80136,1.6
80137,-4
80138,-3.2
80139,-2.4
80140,-1.6
80141,4
80142,-3.2
80143,-0.8
80144,-1.6
80145,0.8
80146,1.6
80147,-1.6
80148,0.8
80149,4
80150,2.4
80151,-3.2
80152,0.8
80153,-0.8
80154,0
80155,1.6
80156,0
80157,2.4
80158,-0.8
80159,0
80160,-0.8
80161,0
80162,0.8
80163,2.4
80164,1.6
80165,2.4
80166,-3.2
80167,-1.6
80168,0
80169,-3.2
80170,-0.8
80171,-0.8
80172,-1.6
80173,0
80174,1.6
80175,0
80176,0
80177,-4
80178,0.8
80179,1.6
80180,-1.6
80181,3.2
80182,-1.6
80183,0
80184,2.4
80185,0
80186,0.8
80187,4
80188,2.4
80189,4
80190,-3.2
80191,2.4
80192,1.6
80193,0
80194,0.8
80195,1.6
80196,-3.2
80197,0.8
80198,1.6
80199,0.8
80200,2.4
80201,-1.6
80202,0.8
80203,-1.6
80204,-3.2
80205,0.8
80206,-3.2
80207,0
80208,0.8
80209,-0.8
80210,0.8
80211,0.8
80212,0.8
80213,-2.4
80214,1.6
80215,0.8
80216,-3.2
80217,4
80218,0.8
80219,2.4
80220,0
80221,0.8
80222,0
80223,-1.6
80224,1.6
80225,-0.8
80226,-3.2
80227,0
80228,-3.2
80229,-3.2
80230,2.4
80231,-0.8
80232,-1.6
80233,-3.2
80234,0
80235,1.6
80236,-3.2
80237,-4
80238,1.6
80239,0
80240,6.4
80241,0.8
80242,-0.8
80243,-2.4
80244,0
80245,1.6
80246,-0.8
80247,0.8
80248,-0.8
80249,-3.2
80250,2.4
80251,0
80252,2.4
80253,0
80254,4
80255,1.6
80256,-0.8
80257,0
80258,-4
80259,-1.6
80260,-0.8
80261,0
80262,4
80263,0
80264,7.2
80265,-1.6
80266,-2.4
80267,-0.8
80268,-0.8
80269,-1.6
80270,0
80271,0.8
80272,2.4
80273,0.8
80274,0
80275,0.8
80276,2.4
80277,2.4
80278,0
80279,0.8
80280,0
80281,0
80282,-0.8
80283,0.8
80284,0
80285,-1.6
80286,1.6
80287,9.6
80288,4
80289,-1.6
80290,-0.8
80291,0.8
80292,-1.6
80293,-2.4
80294,0.8
80295,-0.8
80296,-0.8
80297,4
80298,0
80299,0
80300,0.8
80301,4
80302,0
80303,0
80304,0.8
80305,-1.6
80306,0.8
80307,0.8
80308,7.2
80309,-1.6
80310,0
80311,2.4
80312,-3.2
80313,-0.8
80314,-1.6
80315,0.8
80316,-7.2
80317,-0.8
80318,4
80319,1.6
80320,0.8
80321,-0.8
80322,-1.6
80323,0.8
80324,3.2
80325,-3.2
80326,-3.2
80327,0
80328,-3.2
80329,-2.4
80330,-0.8
80331,0
80332,-0.8
80333,-4
80334,-0.8
80335,0.8
80336,0.8
80337,3.2
80338,-1.6
80339,-3.2
80340,-1.6
80341,0.8
80342,-1.6
80343,0
80344,-0.8
80345,-0.8
80346,-1.6
80347,2.4
80348,0.8
80349,-3.2
80350,4
80351,0.8
80352,-1.6
80353,-2.4
80354,0.8
80355,0.8
80356,3.2
80357,-3.2
80358,1.6
80359,-1.6
80360,-2.4
80361,2.4
80362,4
80363,-4
80364,2.4
80365,0
80366,0
80367,4
80368,2.4
80369,0.8
80370,-0.8
80371,-3.2
80372,-4
80373,0.8
80374,0.8
80375,2.4
80376,0
80377,2.4
80378,-0.8
80379,2.4
80380,4
80381,-0.8
80382,2.4
80383,2.4
80384,0
80385,-0.8
80386,0.8
80387,-3.2
80388,-3.2
80389,0
80390,2.4
80391,-2.4
80392,-1.6
80393,-1.6
80394,0
80395,-0.8
80396,0.8
80397,0.8
80398,-1.6
80399,-3.2
80400,2.4
80401,2.4
80402,0
80403,2.4
80404,-1.6
80405,-3.2
80406,1.6
80407,-0.8
80408,2.4
80409,-1.6
80410,-0.8
80411,-0.8
80412,-1.6
80413,2.4
80414,0.8
80415,0
80416,-4
80417,-3.2
80418,-0.8
80419,0
80420,0.8
80421,-0.8
80422,0.8
80423,-1.6
80424,0
80425,-0.8
80426,-0.8
80427,0.8
80428,0
80429,2.4
80430,0
80431,-3.2
80432,2.4
80433,-6.4
80434,-3.2
80435,-1.6
80436,-0.8
80437,0.8
80438,-0.8
80439,0
80440,-2.4
80441,-0.8
80442,0.8
80443,0.8
80444,-0.8
80445,0.8
80446,0.8
80447,0
80448,2.4
80449,1.6
80450,-0.8
80451,-0.8
80452,0.8
80453,1.6
80454,-4
80455,1.6
80456,2.4
80457,0
80458,0
80459,-0.8
80460,0.8
80461,0.8
80462,2.4
80463,0.8
80464,1.6
80465,2.4
80466,-4
80467,0
80468,0.8
80469,0.8
80470,1.6
80471,2.4
80472,-2.4
80473,0
80474,0.8
80475,-0.8
80476,-4
80477,1.6
80478,0
80479,-0.8
80480,0.8
80481,2.4
80482,0
80483,3.2
80484,0.8
80485,-0.8
80486,0
80487,-4
80488,-4
80489,0
80490,-3.2
80491,2.4
80492,-1.6
80493,0.8
80494,0
80495,0
80496,-1.6
80497,0.8
80498,-3.2
80499,-0.8
80500,2.4
80501,-6.4
80502,2.4
80503,0
80504,2.4
80505,2.4
80506,-3.2
80507,1.6
80508,0.8
80509,0.8
80510,2.4
80511,2.4
80512,-8.8
80513,-2.4
80514,-3.2
80515,2.4
80516,-0.8
80517,5.6
80518,-6.4
80519,-0.8
80520,-0.8
80521,0
80522,-4
80523,0.8
80524,-0.8
80525,-4.8
80526,-1.6
80527,0.8
80528,0.8
80529,-0.8
80530,0
80531,-1.6
80532,-2.4
80533,1.6
80534,-0.8
80535,0.8
80536,-1.6
80537,0
80538,-3.2
80539,2.4
80540,2.4
80541,2.4
80542,0
80543,0
80544,-3.2
80545,0.8
80546,0
80547,4
80548,2.4
80549,0.8
80550,0
80551,-7.2
80552,1.6
80553,0
80554,0
80555,-1.6
80556,0.8
80557,2.4
80558,2.4
80559,-3.2
80560,2.4
80561,0
80562,0.8
80563,0
80564,0
80565,0
80566,0
80567,-8.8
80568,2.4
80569,-0.8
80570,-0.8
80571,-3.2
80572,3.2
80573,-1.6
80574,1.6
80575,-1.6
80576,0.8
80577,1.6
80578,-0.8
80579,-1.6
80580,2.4
80581,-0.8
80582,-2.4
80583,-3.2
80584,-0.8
80585,-3.2
80586,0.8
80587,-0.8
80588,-0.8
80589,-3.2
80590,4
80591,-1.6
80592,-4.8
80593,-1.6
80594,0
80595,-0.8
80596,-3.2
80597,1.6
80598,3.2
80599,0
80600,4
80601,-0.8
80602,2.4
80603,4
80604,2.4
80605,1.6
80606,2.4
80607,-0.8
80608,0.8
80609,0
80610,-0.8
80611,-0.8
80612,-3.2
80613,-0.8
80614,-0.8
80615,4
80616,-4.8
80617,0.8
80618,2.4
80619,-2.4
80620,0.8
80621,-3.2
80622,2.4
80623,0.8
80624,-2.4
80625,-3.2
80626,-1.6
80627,1.6
80628,2.4
80629,-0.8
80630,1.6
80631,1.6
80632,-3.2
80633,0.8
80634,0.8
80635,2.4
80636,-1.6
80637,-0.8
80638,0
80639,-3.2
80640,2.4
80641,0
80642,-3.2
80643,-2.4
80644,-0.8
80645,2.4
80646,0.8
80647,2.4
80648,0
80649,-1.6
80650,1.6
80651,-0.8
80652,1.6
80653,-0.8
80654,0
80655,-1.6
80656,0.8
80657,-1.6
80658,2.4
80659,-0.8
80660,-1.6
80661,0.8
80662,0.8
80663,4
80664,-0.8
80665,-0.8
80666,-3.2
80667,0
80668,-0.8
80669,-0.8
80670,0
80671,0.8
80672,0.8
80673,0
80674,0.8
80675,0.8
80676,-0.8
80677,0
80678,-1.6
80679,-0.8
80680,0
80681,-0.8
80682,-0.8
80683,-0.8
80684,-0.8
80685,0
80686,-1.6
80687,2.4
80688,0.8
80689,-4.8
80690,4
80691,2.4
80692,0
80693,1.6
80694,0.8
80695,0.8
80696,2.4
80697,4
80698,0
80699,0
80700,7.2
80701,0
80702,0.8
80703,2.4
80704,0
80705,-0.8
80706,1.6
80707,0.8
80708,-0.8
80709,-0.8
80710,0.8
80711,2.4
80712,0
80713,2.4
80714,0.8
80715,0
80716,0
80717,0.8
80718,-1.6
80719,0.8
80720,1.6
80721,0.8
80722,0.8
80723,-3.2
80724,2.4
80725,0.8
80726,-0.8
80727,1.6
80728,-1.6
80729,-3.2
80730,-2.4
80731,0.8
80732,0
80733,0.8
80734,-1.6
80735,0.8
80736,-0.8
80737,-1.6
80738,5.6
80739,2.4
80740,2.4
80741,2.4
80742,-1.6
80743,2.4
80744,2.4
80745,2.4
80746,0
80747,2.4
80748,-4.8
80749,3.2
80750,0
80751,-3.2
80752,-1.6
80753,2.4
80754,0
80755,2.4
80756,-1.6
80757,-1.6
80758,0
80759,-1.6
80760,-0.8
80761,0.8
80762,2.4
80763,5.6
80764,0
80765,-3.2
80766,-3.2
80767,2.4
80768,2.4
80769,-0.8
80770,0.8
80771,0
80772,2.4
80773,0.8
80774,-0.8
80775,-1.6
80776,-2.4
80777,-1.6
80778,-3.2
80779,-4
80780,-1.6
80781,-2.4
80782,-0.8
80783,2.4
80784,-1.6
80785,0
80786,-1.6
80787,0
80788,4
80789,2.4
80790,-2.4
80791,4
80792,1.6
80793,-0.8
80794,-0.8
80795,-3.2
80796,-2.4
80797,0
80798,1.6
80799,-3.2
80800,0.8
80801,-0.8
80802,0.8
80803,0
80804,-0.8
80805,-3.2
80806,0.8
80807,1.6
80808,0.8
80809,-1.6
80810,-0.8
80811,-0.8
80812,-2.4
80813,-2.4
80814,-2.4
80815,-0.8
80816,-0.8
80817,0.8
80818,-0.8
80819,-1.6
80820,0
80821,-1.6
80822,0
80823,0.8
80824,-0.8
80825,0
80826,-3.2
80827,-3.2
80828,-4
80829,-2.4
80830,0
80831,-0.8
80832,-3.2
80833,-2.4
80834,-1.6
80835,-1.6
80836,0.8
80837,-3.2
80838,0
80839,0.8
80840,-1.6
80841,0.8
80842,0.8
80843,-3.2
80844,-4
80845,0
80846,2.4
80847,-0.8
80848,0
80849,-1.6
80850,1.6
80851,-0.8
80852,2.4
80853,0.8
80854,0
80855,-1.6
80856,2.4
80857,4
80858,0.8
80859,-1.6
80860,-0.8
80861,0
80862,4
80863,-0.8
80864,0.8
80865,2.4
80866,-3.2
80867,-3.2
80868,0.8
80869,-0.8
80870,0
80871,0
80872,0
80873,0
80874,1.6
80875,0.8
80876,-0.8
80877,0
80878,0
80879,0
80880,2.4
80881,-0.8
80882,2.4
80883,0
80884,0.8
80885,-0.8
80886,-1.6
80887,0.8
80888,2.4
80889,0.8
80890,-3.2
80891,-0.8
80892,1.6
80893,-0.8
80894,0.8
80895,-1.6
80896,0
80897,-1.6
80898,1.6
80899,-0.8
80900,-0.8
80901,-0.8
80902,-0.8
80903,0.8
80904,-2.4
80905,1.6
80906,0.8
80907,0
80908,-0.8
80909,-0.8
80910,0.8
80911,0.8
80912,0
80913,0.8
80914,-2.4
80915,2.4
80916,3.2
80917,0
80918,2.4
80919,1.6
80920,0
80921,-3.2
80922,-3.2
80923,0.8
80924,-3.2
80925,-0.8
80926,-0.8
80927,0
80928,2.4
80929,0.8
80930,0
80931,-1.6
80932,-3.2
80933,0.8
80934,0.8
80935,0.8
80936,-1.6
80937,0
80938,0.8
80939,-3.2
80940,-4
80941,-1.6
80942,0
80943,0.8
80944,1.6
80945,0
80946,2.4
80947,-2.4
80948,2.4
80949,1.6
80950,2.4
80951,-1.6
80952,0.8
80953,0
80954,-0.8
80955,0.8
80956,-1.6
80957,0
80958,-0.8
80959,0
80960,0
80961,1.6
80962,0
80963,2.4
80964,0.8
80965,0.8
80966,3.2
80967,-0.8
80968,0
80969,0
80970,0
80971,-0.8
80972,-1.6
80973,1.6
80974,0
80975,-0.8
80976,-1.6
80977,-0.8
80978,0
80979,-1.6
80980,0
80981,-0.8
80982,-0.8
80983,0
80984,-0.8
80985,-3.2
80986,-3.2
80987,-1.6
80988,0.8
80989,2.4
80990,-3.2
80991,0.8
80992,3.2
80993,0.8
80994,0
80995,0.8
80996,0
80997,-1.6
80998,0.8
80999,1.6
81000,-1.6
81001,0.8
81002,0
81003,1.6
81004,1.6
81005,2.4
81006,2.4
81007,2.4
81008,-1.6
81009,0
81010,0
81011,-4
81012,1.6
81013,0
81014,2.4
81015,2.4
81016,0.8
81017,-0.8
81018,-0.8
81019,-0.8
81020,-1.6
81021,-3.2
81022,-3.2
81023,0.8
81024,0
81025,0.8
81026,-3.2
81027,-0.8
81028,-0.8
81029,-1.6
81030,0
81031,-2.4
81032,-0.8
81033,0.8
81034,-0.8
81035,-0.8
81036,-4
81037,0.8
81038,2.4
81039,4
81040,-0.8
81041,2.4
81042,-1.6
81043,-4
81044,0
81045,0
81046,-0.8
81047,3.2
81048,0
81049,-0.8
81050,2.4
81051,0.8
81052,0
81053,0
81054,-2.4
81055,1.6
81056,-3.2
81057,3.2
81058,0
81059,-1.6
81060,0.8
81061,0
81062,0
81063,1.6
81064,2.4
81065,-0.8
81066,2.4
81067,0
81068,0
81069,0.8
81070,0
81071,-3.2
81072,-0.8
81073,2.4
81074,0
81075,0
81076,-0.8
81077,0
81078,-3.2
81079,-3.2
81080,0.8
81081,-3.2
81082,0
81083,0
81084,-0.8
81085,0
81086,0.8
81087,0.8
81088,-2.4
81089,0
81090,-4
81091,-0.8
81092,-4
81093,-6.4
81094,-1.6
81095,0
81096,0
81097,0.8
81098,2.4
81099,-3.2
81100,0
81101,-0.8
81102,0
81103,2.4
81104,-0.8
81105,0.8
81106,2.4
81107,2.4
81108,0.8
81109,-0.8
81110,1.6
81111,0.8
81112,0
81113,1.6
81114,-1.6
81115,-0.8
81116,0.8
81117,0
81118,0
81119,-1.6
81120,1.6
81121,-2.4
81122,0
81123,2.4
81124,0.8
81125,4
81126,-0.8
81127,-3.2
81128,0
81129,0.8
81130,-0.8
81131,-1.6
81132,-0.8
81133,2.4
81134,0.8
81135,0
81136,1.6
81137,0
81138,0.8
81139,-2.4
81140,2.4
81141,0.8
81142,-0.8
81143,0
81144,-2.4
81145,0.8
81146,0.8
81147,2.4
81148,0.8
81149,-4.8
81150,0
81151,0.8
81152,0.8
81153,0.8
81154,-1.6
81155,-0.8
81156,-3.2
81157,0.8
81158,0
81159,-0.8
81160,-0.8
81161,-1.6
81162,0
81163,2.4
81164,2.4
81165,0
81166,-1.6
81167,1.6
81168,0.8
81169,0
81170,0
81171,-0.8
81172,0.8
81173,1.6
81174,-1.6
81175,-1.6
81176,-2.4
81177,-0.8
81178,0
81179,0
81180,-1.6
81181,-2.4
81182,-1.6
81183,0
81184,-0.8
81185,-0.8
81186,-3.2
81187,-1.6
81188,-0.8
81189,0
81190,-0.8
81191,0.8
81192,2.4
81193,3.2
81194,-0.8
81195,0
81196,-1.6
81197,2.4
81198,0
81199,0
81200,0.8
81201,-1.6
81202,0.8
81203,-0.8
81204,0
81205,0
81206,-2.4
81207,-0.8
81208,0
81209,-0.8
81210,-0.8
81211,0.8
81212,1.6
81213,0
81214,0.8
81215,0.8
81216,-1.6
81217,0
81218,0
81219,0.8
81220,0
81221,0.8
81222,-1.6
81223,2.4
81224,1.6
81225,0.8
81226,-0.8
81227,-0.8
81228,-0.8
81229,-0.8
81230,0.8
81231,-0.8
81232,-2.4
81233,-2.4
81234,-2.4
81235,-0.8
81236,-3.2
81237,0.8
81238,1.6
81239,-0.8
81240,2.4
81241,2.4
81242,0.8
81243,-0.8
81244,0
81245,-0.8
81246,3.2
81247,0.8
81248,0.8
81249,0
81250,0.8
81251,0
81252,2.4
81253,2.4
81254,-0.8
81255,2.4
81256,2.4
81257,1.6
81258,-0.8
81259,-4.8
81260,0.8
81261,0.8
81262,0
81263,0
81264,0
81265,0.8
81266,-0.8
81267,0.8
81268,2.4
81269,2.4
81270,-3.2
81271,-0.8
81272,-1.6
81273,2.4
81274,1.6
81275,-0.8
81276,-1.6
81277,2.4
81278,-0.8
81279,0
81280,-0.8
81281,-0.8
81282,-3.2
81283,0
81284,0
81285,-1.6
81286,0
81287,2.4
81288,0.8
81289,0.8
81290,2.4
81291,2.4
81292,-0.8
81293,-3.2
81294,-0.8
81295,0
81296,-2.4
81297,0.8
81298,0
81299,0.8
81300,0
81301,0.8
81302,2.4
81303,1.6
81304,-0.8
81305,0.8
81306,-3.2
81307,4
81308,0.8
81309,-3.2
81310,-2.4
81311,2.4
81312,-0.8
81313,-0.8
81314,8
81315,0
81316,-0.8
81317,0.8
81318,2.4
81319,0
81320,-4
81321,-2.4
81322,0.8
81323,2.4
81324,-0.8
81325,-3.2
81326,0
81327,0.8
81328,0
81329,-0.8
81330,-0.8
81331,0.8
81332,-3.2
81333,-0.8
81334,-0.8
81335,-0.8
81336,-0.8
81337,0
81338,0
81339,-4
81340,1.6
81341,0
81342,0
81343,-3.2
81344,0
81345,0.8
81346,0
81347,2.4
81348,0
81349,-0.8
81350,0
81351,1.6
81352,0.8
81353,-0.8
81354,2.4
81355,0.8
81356,-4
81357,0.8
81358,2.4
81359,-1.6
81360,0
81361,-0.8
81362,-3.2
81363,2.4
81364,0.8
81365,0.8
81366,-1.6
81367,-1.6
81368,1.6
81369,0
81370,-4
81371,-1.6
81372,0.8
81373,0
81374,-0.8
81375,-0.8
81376,-1.6
81377,0
81378,0.8
81379,-1.6
81380,-0.8
81381,-0.8
81382,-1.6
81383,0
81384,0.8
81385,-0.8
81386,-1.6
81387,-4.8
81388,-0.8
81389,-0.8
81390,-0.8
81391,0.8
81392,0.8
81393,0
81394,0.8
81395,-2.4
81396,0
81397,3.2
81398,0
81399,0
81400,2.4
81401,-3.2
81402,0
81403,0.8
81404,0
81405,0.8
81406,2.4
81407,0
81408,0
81409,0.8
81410,0
81411,-0.8
81412,0
81413,0.8
81414,0.8
81415,0.8
81416,0.8
81417,-0.8
81418,-1.6
81419,-0.8
81420,-3.2
81421,2.4
81422,0
81423,0
81424,2.4
81425,0.8
81426,0
81427,0.8
81428,0
81429,-0.8
81430,-2.4
81431,-2.4
81432,-0.8
81433,-0.8
81434,-0.8
81435,-0.8
81436,0
81437,0.8
81438,-1.6
81439,-3.2
81440,2.4
81441,2.4
81442,2.4
81443,0.8
81444,0.8
81445,-3.2
81446,2.4
81447,1.6
81448,1.6
81449,-1.6
81450,0
81451,-1.6
81452,-0.8
81453,0.8
81454,2.4
81455,2.4
81456,-0.8
81457,-1.6
81458,-3.2
81459,0
81460,1.6
81461,-0.8
81462,-0.8
81463,-3.2
81464,-0.8
81465,-1.6
81466,-0.8
81467,-3.2
81468,1.6
81469,-0.8
81470,-3.2
81471,-1.6
81472,-0.8
81473,2.4
81474,-0.8
81475,-0.8
81476,-0.8
81477,-2.4
81478,-2.4
81479,0
81480,-0.8
81481,0
81482,-0.8
81483,-1.6
81484,0.8
81485,-0.8
81486,0
81487,0
81488,-0.8
81489,0
81490,-3.2
81491,-0.8
81492,0
81493,-0.8
81494,-4
81495,-0.8
81496,0.8
81497,0
81498,-1.6
81499,-0.8
81500,0.8
81501,0.8
81502,2.4
81503,0.8
81504,0.8
81505,1.6
81506,-0.8
81507,0.8
81508,0
81509,0
81510,0.8
81511,-0.8
81512,-0.8
81513,-0.8
81514,0
81515,0
81516,0.8
81517,1.6
81518,0.8
81519,0
81520,0
81521,-1.6
81522,-1.6
81523,-0.8
81524,0.8
81525,0
81526,0
81527,-0.8
81528,-2.4
81529,-2.4
81530,-0.8
81531,-0.8
81532,-0.8
81533,-1.6
81534,-0.8
81535,-1.6
81536,-0.8
81537,0
81538,0
81539,0.8
81540,-3.2
81541,0
81542,0
81543,-0.8
81544,1.6
81545,-0.8
81546,0
81547,-2.4
81548,-0.8
81549,-0.8
81550,0.8
81551,0
81552,2.4
81553,-0.8
81554,0.8
81555,-0.8
81556,-0.8
81557,1.6
81558,0.8
81559,0
81560,-0.8
81561,0
81562,2.4
81563,-0.8
81564,0.8
81565,0.8
81566,0.8
81567,2.4
81568,7.2
81569,0
81570,0
81571,0.8
81572,-2.4
81573,-0.8
81574,-0.8
81575,0
81576,-1.6
81577,0
81578,0.8
81579,-0.8
81580,0.8
81581,-2.4
81582,0
81583,0.8
81584,0
81585,-0.8
81586,-0.8
81587,-0.8
81588,-1.6
81589,0.8
81590,-1.6
81591,0.8
81592,-0.8
81593,-1.6
81594,-0.8
81595,-0.8
81596,-1.6
81597,0
81598,0
81599,-0.8
81600,1.6
81601,-4
81602,0
81603,2.4
81604,0.8
81605,-3.2
81606,-0.8
81607,0.8
81608,-2.4
81609,0.8
81610,-1.6
81611,0
81612,-1.6
81613,-4
81614,0.8
81615,1.6
81616,-3.2
81617,0
81618,0.8
81619,-0.8
81620,-0.8
81621,-1.6
81622,0.8
81623,2.4
81624,2.4
81625,0
81626,-0.8
81627,0.8
81628,-0.8
81629,0
81630,0
81631,0
81632,-3.2
81633,0
81634,-0.8
81635,-0.8
81636,-1.6
81637,0
81638,0
81639,-0.8
81640,-2.4
81641,3.2
81642,1.6
81643,0.8
81644,0.8
81645,0
81646,-0.8
81647,-0.8
81648,0
81649,0
81650,3.2
81651,0
81652,-0.8
81653,-0.8
81654,-0.8
81655,0
81656,0
81657,0
81658,2.4
81659,-0.8
81660,0
81661,0
81662,-0.8
81663,-4
81664,-3.2
81665,-0.8
81666,-3.2
81667,2.4
81668,1.6
81669,-3.2
81670,-0.8
81671,-1.6
81672,-3.2
81673,2.4
81674,2.4
81675,1.6
81676,0.8
81677,0
81678,1.6
81679,0
81680,2.4
81681,-0.8
81682,-1.6
81683,-2.4
81684,-3.2
81685,-2.4
81686,-1.6
81687,0.8
81688,-2.4
81689,2.4
81690,-0.8
81691,-1.6
81692,0
81693,-0.8
81694,-1.6
81695,0.8
81696,-1.6
81697,2.4
81698,-0.8
81699,0
81700,1.6
81701,-0.8
81702,-1.6
81703,0.8
81704,0.8
81705,-0.8
81706,0.8
81707,0
81708,-1.6
81709,-0.8
81710,1.6
81711,0
81712,0
81713,0
81714,0
81715,-2.4
81716,-2.4
81717,-3.2
81718,4
81719,-0.8
81720,2.4
81721,0
81722,-0.8
81723,-1.6
81724,-1.6
81725,-1.6
81726,1.6
81727,0.8
81728,-1.6
81729,0.8
81730,-0.8
81731,0.8
81732,0.8
81733,0.8
81734,0
81735,-1.6
81736,-0.8
81737,1.6
81738,-3.2
81739,-3.2
81740,0.8
81741,0.8
81742,-1.6
81743,-1.6
81744,1.6
81745,-0.8
81746,0
81747,1.6
81748,0
81749,0.8
81750,0.8
81751,2.4
81752,-0.8
81753,-2.4
81754,-3.2
81755,-0.8
81756,-1.6
81757,3.2
81758,-6.4
81759,0.8
81760,0.8
81761,0
81762,-0.8
81763,0.8
81764,0.8
81765,-3.2
81766,-0.8
81767,0
81768,2.4
81769,0
81770,-0.8
81771,1.6
81772,-3.2
81773,-3.2
81774,-0.8
81775,-1.6
81776,-3.2
81777,-2.4
81778,0
81779,-3.2
81780,-0.8
81781,0.8
81782,-4
81783,-1.6
81784,-1.6
81785,-0.8
81786,-0.8
81787,0
81788,-0.8
81789,-4.8
81790,-3.2
81791,0.8
81792,-1.6
81793,2.4
81794,0
81795,0.8
81796,-3.2
81797,1.6
81798,-1.6
81799,-3.2
81800,-0.8
81801,0
81802,1.6
81803,-1.6
81804,-0.8
81805,2.4
81806,0.8
81807,-3.2
81808,-0.8
81809,-1.6
81810,0
81811,-0.8
81812,-5.6
81813,-4
81814,0
81815,0.8
81816,4
81817,2.4
81818,0.8
81819,-1.6
81820,-0.8
81821,1.6
81822,-3.2
81823,0.8
81824,0
81825,-3.2
81826,-4
81827,-1.6
81828,0.8
81829,-2.4
81830,-1.6
81831,0
81832,0.8
81833,0.8
81834,-1.6
81835,-1.6
81836,-0.8
81837,-0.8
81838,0
81839,-1.6
81840,0
81841,0.8
81842,-2.4
81843,-1.6
81844,-0.8
81845,0
81846,0.8
81847,-0.8
81848,2.4
81849,-0.8
81850,0
81851,-0.8
81852,0.8
81853,0
81854,2.4
81855,0.8
81856,0
81857,0
81858,-0.8
81859,0
81860,0.8
81861,0.8
81862,-3.2
81863,0.8
81864,-0.8
81865,0.8
81866,-1.6
81867,0.8
81868,0
81869,1.6
81870,0.8
81871,-1.6
81872,-1.6
81873,2.4
81874,0.8
81875,-3.2
81876,0
81877,0.8
81878,0.8
81879,-1.6
81880,0.8
81881,0.8
81882,-3.2
81883,-2.4
81884,-0.8
81885,0
81886,-2.4
81887,-0.8
81888,0.8
81889,0.8
81890,0
81891,-0.8
81892,-0.8
81893,-0.8
81894,0
81895,0
81896,0
81897,0.8
81898,0
81899,1.6
81900,0.8
81901,3.2
81902,0
81903,0.8
81904,0.8
81905,0.8
81906,0
81907,0
81908,0.8
81909,0
81910,2.4
81911,-1.6
81912,-0.8
81913,4
81914,-2.4
81915,-3.2
81916,-7.2
81917,2.4
81918,0.8
81919,-0.8
81920,-0.8
81921,-1.6
81922,-0.8
81923,-3.2
81924,0.8
81925,0.8
81926,0.8
81927,0
81928,1.6
81929,-2.4
81930,0
81931,-0.8
81932,-3.2
81933,0
81934,0
81935,-0.8
81936,0
81937,0
81938,-3.2
81939,0
81940,-2.4
81941,2.4
81942,0.8
81943,-3.2
81944,-0.8
81945,-0.8
81946,-0.8
81947,4
81948,-0.8
81949,-3.2
81950,2.4
81951,2.4
81952,-1.6
81953,1.6
81954,-3.2
81955,0
81956,-1.6
81957,0.8
81958,1.6
81959,-0.8
81960,-3.2
81961,-0.8
81962,-1.6
81963,4
81964,-0.8
81965,-0.8
81966,0.8
81967,2.4
81968,2.4
81969,-0.8
81970,-0.8
81971,-3.2
81972,2.4
81973,0.8
81974,0.8
81975,0
81976,-0.8
81977,-0.8
81978,0.8
81979,1.6
81980,0.8
81981,-0.8
81982,-3.2
81983,1.6
81984,0.8
81985,-1.6
81986,-0.8
81987,0
81988,-0.8
81989,-2.4
81990,1.6
81991,2.4
81992,0
81993,-0.8
81994,0.8
81995,0.8
81996,0
81997,-5.6
81998,0
81999,0.8
82000,0
82001,-0.8
82002,-1.6
82003,0
82004,0
82005,0.8
82006,0.8
82007,4
82008,1.6
82009,0.8
82010,-0.8
82011,0
82012,0.8
82013,-0.8
82014,-1.6
82015,2.4
82016,0
82017,-0.8
82018,0.8
82019,-0.8
82020,0
82021,-0.8
82022,-1.6
82023,-1.6
82024,1.6
82025,-1.6
82026,0
82027,-1.6
82028,-0.8
82029,0
82030,0
82031,-3.2
82032,-0.8
82033,0
82034,5.6
82035,0
82036,0
82037,0.8
82038,-1.6
82039,0
82040,0.8
82041,2.4
82042,0.8
82043,-0.8
82044,0
82045,-0.8
82046,0.8
82047,-0.8
82048,0.8
82049,-3.2
82050,1.6
82051,-0.8
82052,-1.6
82053,0
82054,-4
82055,0.8
82056,2.4
82057,0
82058,2.4
82059,2.4
82060,0
82061,-0.8
82062,-0.8
82063,0.8
82064,2.4
82065,-0.8
82066,-1.6
82067,-0.8
82068,0.8
82069,-3.2
82070,-0.8
82071,2.4
82072,-0.8
82073,2.4
82074,0
82075,-3.2
82076,-0.8
82077,0
82078,0
82079,-1.6
82080,3.2
82081,-3.2
82082,-3.2
82083,-1.6
82084,0
82085,-0.8
82086,-1.6
82087,0.8
82088,0
82089,-1.6
82090,0
82091,0.8
82092,0
82093,0
82094,-5.6
82095,-0.8
82096,-0.8
82097,0
82098,0.8
82099,0.8
82100,0.8
82101,1.6
82102,0
82103,0.8
82104,-0.8
82105,0.8
82106,0
82107,0
82108,0
82109,0
82110,-1.6
82111,-3.2
82112,1.6
82113,0.8
82114,1.6
82115,2.4
82116,2.4
82117,0.8
82118,0
82119,2.4
82120,1.6
82121,0
82122,-3.2
82123,0.8
82124,-0.8
82125,-0.8
82126,-2.4
82127,0.8
82128,-0.8
82129,1.6
82130,0
82131,-0.8
82132,1.6
82133,0.8
82134,0
82135,-3.2
82136,3.2
82137,-0.8
82138,0.8
82139,-1.6
82140,0
82141,0.8
82142,-0.8
82143,-0.8
82144,0.8
82145,0
82146,-1.6
82147,0
82148,-0.8
82149,-1.6
82150,-1.6
82151,2.4
82152,-0.8
82153,0.8
82154,0.8
82155,2.4
82156,0
82157,0
82158,-1.6
82159,-0.8
82160,-0.8
82161,0.8
82162,0
82163,2.4
82164,-1.6
82165,1.6
82166,-5.6
82167,-0.8
82168,0.8
82169,0
82170,0.8
82171,0.8
82172,0
82173,2.4
82174,2.4
82175,0.8
82176,-2.4
82177,-0.8
82178,0
82179,0
82180,0
82181,-0.8
82182,0.8
82183,2.4
82184,0
82185,-1.6
82186,0
82187,0.8
82188,-2.4
82189,-0.8
82190,-1.6
82191,2.4
82192,-3.2
82193,-0.8
82194,0.8
82195,0
82196,0.8
82197,0
82198,2.4
82199,-0.8
82200,2.4
82201,0
82202,0
82203,0
82204,0
82205,1.6
82206,0
82207,1.6
82208,0.8
82209,0.8
82210,4
82211,2.4
82212,-0.8
82213,2.4
82214,0.8
82215,2.4
82216,-0.8
82217,-0.8
82218,0
82219,-1.6
82220,0
82221,0.8
82222,0.8
82223,0
82224,0.8
82225,0
82226,0
82227,-1.6
82228,-1.6
82229,0.8
82230,0
82231,-2.4
82232,-0.8
82233,-0.8
82234,-0.8
82235,4
82236,-8.8
82237,0
82238,0.8
82239,0
82240,0
82241,0.8
82242,2.4
82243,0
82244,0
82245,-1.6
82246,0.8
82247,0
82248,0.8
82249,-0.8
82250,0
82251,0
82252,0
82253,0.8
82254,0.8
82255,0.8
82256,-1.6
82257,1.6
82258,-0.8
82259,0.8
82260,0.8
82261,-0.8
82262,-0.8
82263,-0.8
82264,3.2
82265,0
82266,-4.8
82267,-0.8
82268,-0.8
82269,0.8
82270,0.8
82271,0
82272,0.8
82273,0.8
82274,2.4
82275,-0.8
82276,0.8
82277,-1.6
82278,-0.8
82279,-0.8
82280,-0.8
82281,-1.6
82282,-0.8
82283,-3.2
82284,0.8
82285,-1.6
82286,0
82287,-0.8
82288,0.8
82289,-0.8
82290,-0.8
82291,0
82292,0.8
82293,-1.6
82294,-1.6
82295,0
82296,0
82297,0
82298,0.8
82299,0
82300,0
82301,-3.2
82302,-1.6
82303,0
82304,-0.8
82305,0.8
82306,-1.6
82307,-0.8
82308,0.8
82309,0.8
82310,0
82311,-1.6
82312,-0.8
82313,-0.8
82314,4
82315,2.4
82316,0.8
82317,0
82318,0
82319,0
82320,0.8
82321,0
82322,0
82323,0.8
82324,2.4
82325,0.8
82326,-2.4
82327,-1.6
82328,1.6
82329,-2.4
82330,0
82331,-0.8
82332,-0.8
82333,-0.8
82334,-1.6
82335,0
82336,0
82337,0.8
82338,-3.2
82339,-3.2
82340,0.8
82341,0
82342,2.4
82343,3.2
82344,-1.6
82345,0
82346,-0.8
82347,0.8
82348,-0.8
82349,0
82350,2.4
82351,-0.8
82352,-0.8
82353,0
82354,0
82355,0
82356,-1.6
82357,-2.4
82358,0
82359,1.6
82360,1.6
82361,0
82362,0.8
82363,0.8
82364,0.8
82365,3.2
82366,2.4
82367,2.4
82368,0.8
82369,-2.4
82370,0
82371,2.4
82372,-4
82373,4
82374,-0.8
82375,-0.8
82376,0.8
82377,2.4
82378,0
82379,-0.8
82380,-1.6
82381,-1.6
82382,-4
82383,-0.8
82384,-0.8
82385,0.8
82386,-0.8
82387,0
82388,-0.8
82389,-3.2
82390,0.8
82391,0
82392,0.8
82393,-0.8
82394,-0.8
82395,-0.8
82396,-1.6
82397,0
82398,0
82399,-0.8
82400,0.8
82401,0.8
82402,0.8
82403,0
82404,-0.8
82405,-1.6
82406,0.8
82407,0
82408,2.4
82409,-1.6
82410,0
82411,-0.8
82412,-3.2
82413,-0.8
82414,0.8
82415,2.4
82416,-3.2
82417,-0.8
82418,-0.8
82419,-0.8
82420,-1.6
82421,0
82422,-4
82423,-1.6
82424,2.4
82425,-1.6
82426,-0.8
82427,0
82428,-0.8
82429,-0.8
82430,0
82431,-0.8
82432,0.8
82433,0
82434,0
82435,-1.6
82436,-0.8
82437,-1.6
82438,0.8
82439,-2.4
82440,0.8
82441,-3.2
82442,0.8
82443,0
82444,0.8
82445,0.8
82446,0
82447,-3.2
82448,-5.6
82449,1.6
82450,0.8
82451,0
82452,-1.6
82453,1.6
82454,2.4
82455,0.8
82456,0.8
82457,0
82458,-2.4
82459,-0.8
82460,0.8
82461,0
82462,0
82463,2.4
82464,0
82465,0
82466,-0.8
82467,0
82468,0
82469,-0.8
82470,0.8
82471,-3.2
82472,-3.2
82473,0
82474,0
82475,0.8
82476,0
82477,0.8
82478,-1.6
82479,0.8
82480,0.8
82481,-1.6
82482,0.8
82483,1.6
82484,0
82485,-0.8
82486,0.8
82487,2.4
82488,0.8
82489,-0.8
82490,0
82491,2.4
82492,2.4
82493,0.8
82494,0.8
82495,-2.4
82496,0
82497,0
82498,-4
82499,2.4
82500,2.4
82501,2.4
82502,0
82503,0
82504,0
82505,-1.6
82506,-0.8
82507,0
82508,-4
82509,-0.8
82510,0
82511,0.8
82512,-3.2
82513,4
82514,0
82515,-3.2
82516,-3.2
82517,-2.4
82518,-4
82519,-0.8
82520,0.8
82521,0.8
82522,-4.8
82523,0.8
82524,-0.8
82525,0
82526,0
82527,0
82528,0
82529,-0.8
82530,1.6
82531,-2.4
82532,0
82533,-0.8
82534,-0.8
82535,0
82536,-0.8
82537,-5.6
82538,2.4
82539,1.6
82540,-0.8
82541,0
82542,1.6
82543,-1.6
82544,0
82545,-0.8
82546,-2.4
82547,-3.2
82548,0.8
82549,0.8
82550,2.4
82551,-3.2
82552,-1.6
82553,1.6
82554,2.4
82555,-2.4
82556,2.4
82557,-3.2
82558,0.8
82559,-5.6
82560,0
82561,0.8
82562,-0.8
82563,2.4
82564,2.4
82565,-4
82566,0
82567,-3.2
82568,-3.2
82569,-0.8
82570,-0.8
82571,-1.6
82572,-3.2
82573,-1.6
82574,2.4
82575,0
82576,-3.2
82577,2.4
82578,-2.4
82579,-3.2
82580,0
82581,0.8
82582,-1.6
82583,-0.8
82584,0.8
82585,0.8
82586,0
82587,0.8
82588,0.8
82589,0
82590,-3.2
82591,0.8
82592,-2.4
82593,-0.8
82594,0.8
82595,-1.6
82596,-0.8
82597,0.8
82598,2.4
82599,0
82600,2.4
82601,0.8
82602,0.8
82603,0.8
82604,-1.6
82605,-0.8
82606,0.8
82607,0
82608,1.6
82609,2.4
82610,2.4
82611,-3.2
82612,-4
82613,0.8
82614,0
82615,4
82616,-0.8
82617,1.6
82618,3.2
82619,0.8
82620,-4
82621,2.4
82622,0.8
82623,0.8
82624,0
82625,-0.8
82626,-3.2
82627,-3.2
82628,-1.6
82629,0
82630,2.4
82631,0
82632,-1.6
82633,-4
82634,0
82635,-0.8
82636,-0.8
82637,-0.8
82638,-1.6
82639,0.8
82640,4
82641,0.8
82642,0
82643,0
82644,-0.8
82645,-0.8
82646,0.8
82647,-0.8
82648,0
82649,0.8
82650,0.8
82651,0
82652,3.2
82653,0.8
82654,-0.8
82655,2.4
82656,0.8
82657,0.8
82658,-2.4
82659,3.2
82660,0.8
82661,0.8
82662,-0.8
82663,-3.2
82664,0
82665,-0.8
82666,0.8
82667,2.4
82668,4
82669,-1.6
82670,0.8
82671,-1.6
82672,2.4
82673,-3.2
82674,-2.4
82675,0.8
82676,-2.4
82677,1.6
82678,0
82679,0
82680,-1.6
82681,-0.8
82682,0
82683,-0.8
82684,-2.4
82685,-0.8
82686,0
82687,0
82688,-0.8
82689,-0.8
82690,-0.8
82691,-1.6
82692,-2.4
82693,0
82694,0.8
82695,-1.6
82696,-2.4
82697,0.8
82698,4
82699,-0.8
82700,1.6
82701,0
82702,0
82703,0
82704,0.8
82705,0.8
82706,0.8
82707,0.8
82708,2.4
82709,0
82710,-0.8
82711,0
82712,0.8
82713,-0.8
82714,0.8
82715,-0.8
82716,0
82717,-0.8
82718,2.4
82719,0.8
82720,0.8
82721,-0.8
82722,0.8
82723,0
82724,-0.8
82725,0
82726,-1.6
82727,-1.6
82728,-1.6
82729,0
82730,-2.4
82731,-0.8
82732,-0.8
82733,0.8
82734,4
82735,0
82736,-0.8
82737,0
82738,1.6
82739,-1.6
82740,-0.8
82741,2.4
82742,-1.6
82743,-1.6
82744,0.8
82745,-0.8
82746,-3.2
82747,0
82748,0.8
82749,0
82750,-1.6
82751,3.2
82752,2.4
82753,0.8
82754,0
82755,0
82756,0.8
82757,0.8
82758,2.4
82759,1.6
82760,0
82761,-0.8
82762,0.8
82763,-3.2
82764,0.8
82765,-0.8
82766,0.8
82767,0
82768,7.2
82769,-3.2
82770,0
82771,0
82772,0.8
82773,0
82774,0
82775,-2.4
82776,0.8
82777,0
82778,-0.8
82779,2.4
82780,-0.8
82781,0.8
82782,-0.8
82783,-0.8
82784,0.8
82785,-1.6
82786,-3.2
82787,0
82788,-0.8
82789,0.8
82790,0
82791,0
82792,-0.8
82793,-2.4
82794,0
82795,-1.6
82796,0
82797,0
82798,0.8
82799,0
82800,-0.8
82801,0
82802,0.8
82803,-0.8
82804,-0.8
82805,-2.4
82806,0.8
82807,0
82808,-5.6
82809,-3.2
82810,-1.6
82811,0
82812,-0.8
82813,0
82814,4
82815,2.4
82816,-0.8
82817,-2.4
82818,0
82819,-2.4
82820,-1.6
82821,0
82822,-4
82823,-1.6
82824,-4
82825,0
82826,-3.2
82827,-2.4
82828,0
82829,-2.4
82830,-2.4
82831,0.8
82832,-1.6
82833,-1.6
82834,-0.8
82835,-0.8
82836,-2.4
82837,-2.4
82838,-0.8
82839,0.8
82840,0.8
82841,0
82842,-3.2
82843,-0.8
82844,0.8
82845,-0.8
82846,2.4
82847,2.4
82848,1.6
82849,0
82850,1.6
82851,1.6
82852,0
82853,2.4
82854,1.6
82855,0.8
82856,1.6
82857,-0.8
82858,-0.8
82859,-3.2
82860,0.8
82861,2.4
82862,2.4
82863,-0.8
82864,-1.6
82865,-4
82866,-3.2
82867,-2.4
82868,0.8
82869,-3.2
82870,2.4
82871,2.4
82872,0
82873,-0.8
82874,0.8
82875,3.2
82876,0.8
82877,0.8
82878,-1.6
82879,-1.6
82880,-0.8
82881,-3.2
82882,0.8
82883,-0.8
82884,0.8
82885,0
82886,0.8
82887,-1.6
82888,-6.4
82889,-3.2
82890,-1.6
82891,-3.2
82892,-0.8
82893,-0.8
82894,0
82895,0.8
82896,-3.2
82897,4
82898,0
82899,0.8
82900,2.4
82901,0.8
82902,0.8
82903,0.8
82904,-4
82905,-3.2
82906,2.4
82907,-0.8
82908,0
82909,-3.2
82910,-0.8
82911,-0.8
82912,-1.6
82913,-3.2
82914,-1.6
82915,-0.8
82916,-3.2
82917,0
82918,2.4
82919,0.8
82920,-1.6
82921,-0.8
82922,0
82923,-3.2
82924,-0.8
82925,0
82926,-3.2
82927,-4.8
82928,2.4
82929,0.8
82930,-0.8
82931,0
82932,-0.8
82933,-0.8
82934,-0.8
82935,-1.6
82936,-0.8
82937,0
82938,0.8
82939,2.4
82940,-3.2
82941,-0.8
82942,2.4
82943,0
82944,0.8
82945,-0.8
82946,2.4
82947,0
82948,2.4
82949,-1.6
82950,0
82951,-0.8
82952,0
82953,-2.4
82954,0
82955,-3.2
82956,0.8
82957,0
82958,2.4
82959,2.4
82960,-1.6
82961,-3.2
82962,0
82963,0
82964,1.6
82965,2.4
82966,0
82967,2.4
82968,0
82969,0
82970,-0.8
82971,-3.2
82972,-0.8
82973,2.4
82974,-0.8
82975,1.6
82976,-1.6
82977,-2.4
82978,-2.4
82979,-1.6
82980,-0.8
82981,0
82982,-0.8
82983,0
82984,0
82985,-0.8
82986,-0.8
82987,-1.6
82988,0.8
82989,0
82990,2.4
82991,0.8
82992,-0.8
82993,-0.8
82994,0
82995,-0.8
82996,0.8
82997,-5.6
82998,0
82999,0
83000,-0.8
83001,2.4
83002,0.8
83003,0
83004,-0.8
83005,2.4
83006,2.4
83007,0.8
83008,1.6
83009,2.4
83010,-1.6
83011,-2.4
83012,-2.4
83013,0.8
83014,0.8
83015,5.6
83016,0
83017,0.8
83018,0
83019,-1.6
83020,-0.8
83021,0.8
83022,-0.8
83023,0
83024,0
83025,-3.2
83026,2.4
83027,0.8
83028,0.8
83029,0
83030,-1.6
83031,2.4
83032,-0.8
83033,0
83034,0
83035,-0.8
83036,0
83037,0.8
83038,0
83039,0
83040,0
83041,1.6
83042,-0.8
83043,0
83044,-2.4
83045,0
83046,0.8
83047,0.8
83048,-0.8
83049,2.4
83050,0
83051,0.8
83052,-0.8
83053,0
83054,0
83055,0.8
83056,-1.6
83057,-4
83058,2.4
83059,0
83060,0
83061,0.8
83062,-0.8
83063,0.8
83064,-1.6
83065,2.4
83066,-2.4
83067,-1.6
83068,0
83069,0
83070,-0.8
83071,0
83072,-0.8
83073,2.4
83074,2.4
83075,-0.8
83076,0.8
83077,0
83078,-0.8
83079,2.4
83080,-3.2
83081,-3.2
83082,-1.6
83083,-2.4
83084,-0.8
83085,-3.2
83086,0
83087,2.4
83088,-3.2
83089,0.8
83090,1.6
83091,0
83092,-1.6
83093,0
83094,0.8
83095,-1.6
83096,0
83097,0
83098,0
83099,0.8
83100,0
83101,0.8
83102,0.8
83103,4
83104,0.8
83105,-0.8
83106,-0.8
83107,-1.6
83108,-1.6
83109,-0.8
83110,-2.4
83111,2.4
83112,0
83113,0
83114,0.8
83115,0.8
83116,0
83117,1.6
83118,0
83119,0
83120,0
83121,1.6
83122,-0.8
83123,-0.8
83124,-3.2
83125,0.8
83126,1.6
83127,-0.8
83128,-1.6
83129,1.6
83130,-1.6
83131,2.4
83132,0
83133,0
83134,-0.8
83135,0
83136,-1.6
83137,-1.6
83138,0.8
83139,-1.6
83140,0
83141,2.4
83142,-0.8
83143,-0.8
83144,4
83145,0
83146,-3.2
83147,-2.4
83148,-3.2
83149,-4
83150,-1.6
83151,2.4
83152,1.6
83153,0
83154,-2.4
83155,0
83156,3.2
83157,1.6
83158,0
83159,0
83160,-0.8
83161,0.8
83162,-0.8
83163,4
83164,2.4
83165,-0.8
83166,0.8
83167,-4
83168,0
83169,-0.8
83170,0
83171,-1.6
83172,2.4
83173,3.2
83174,-0.8
83175,0.8
83176,-1.6
83177,-3.2
83178,0
83179,0
83180,-0.8
83181,-0.8
83182,0
83183,-1.6
83184,-0.8
83185,0.8
83186,0
83187,0
83188,-0.8
83189,-7.2
83190,0
83191,0.8
83192,0
83193,0
83194,1.6
83195,2.4
83196,-0.8
83197,0.8
83198,0.8
83199,2.4
83200,0
83201,0.8
83202,-0.8
83203,-3.2
83204,0
83205,2.4
83206,1.6
83207,0.8
83208,1.6
83209,-0.8
83210,-0.8
83211,-3.2
83212,0
83213,-0.8
83214,0
83215,0.8
83216,-0.8
83217,-0.8
83218,1.6
83219,-1.6
83220,3.2
83221,-3.2
83222,0.8
83223,0.8
83224,1.6
83225,-0.8
83226,-3.2
83227,-3.2
83228,8
83229,8.8
83230,0
83231,-3.2
83232,0.8
83233,-1.6
83234,0
83235,0.8
83236,-0.8
83237,-1.6
83238,-1.6
83239,-4
83240,0.8
83241,2.4
83242,-1.6
83243,-4
83244,0.8
83245,0.8
83246,0
83247,1.6
83248,1.6
83249,0
83250,0
83251,0.8
83252,2.4
83253,0.8
83254,-1.6
83255,0.8
83256,0
83257,2.4
83258,2.4
83259,-3.2
83260,0.8
83261,2.4
83262,-0.8
83263,0.8
83264,0.8
83265,2.4
83266,-1.6
83267,-1.6
83268,-1.6
83269,-0.8
83270,-3.2
83271,-5.6
83272,4
83273,0.8
83274,0.8
83275,-0.8
83276,-0.8
83277,-1.6
83278,0
83279,0
83280,-3.2
83281,0
83282,-0.8
83283,3.2
83284,0.8
83285,0
83286,2.4
83287,0.8
83288,-0.8
83289,-2.4
83290,0.8
83291,0
83292,-0.8
83293,4
83294,-0.8
83295,0
83296,0.8
83297,-3.2
83298,-0.8
83299,0
83300,-2.4
83301,-0.8
83302,0.8
83303,-0.8
83304,4
83305,-1.6
83306,0.8
83307,-1.6
83308,1.6
83309,2.4
83310,2.4
83311,-6.4
83312,0.8
83313,0
83314,2.4
83315,0
83316,-3.2
83317,0.8
83318,1.6
83319,0.8
83320,-1.6
83321,-1.6
83322,-1.6
83323,0
83324,2.4
83325,-3.2
83326,-0.8
83327,-3.2
83328,-4
83329,0
83330,0
83331,2.4
83332,-1.6
83333,0
83334,0
83335,-4
83336,-3.2
83337,2.4
83338,-4
83339,-3.2
83340,-2.4
83341,2.4
83342,-1.6
83343,0.8
83344,1.6
83345,-0.8
83346,-1.6
83347,2.4
83348,3.2
83349,0
83350,2.4
83351,2.4
83352,2.4
83353,-7.2
83354,0
83355,2.4
83356,-1.6
83357,2.4
83358,-1.6
83359,0.8
83360,0
83361,-0.8
83362,-1.6
83363,-0.8
83364,2.4
83365,0
83366,0.8
83367,4
83368,2.4
83369,-2.4
83370,0.8
83371,-0.8
83372,-1.6
83373,0
83374,3.2
83375,0.8
83376,-1.6
83377,0
83378,-0.8
83379,-1.6
83380,-0.8
83381,2.4
83382,-3.2
83383,0.8
83384,0.8
83385,0
83386,-0.8
83387,-0.8
83388,0.8
83389,4
83390,-2.4
83391,-0.8
83392,-1.6
83393,2.4
83394,2.4
83395,0
83396,1.6
83397,2.4
83398,-0.8
83399,-1.6
83400,-0.8
83401,2.4
83402,0.8
83403,7.2
83404,-0.8
83405,0
83406,-2.4
83407,-0.8
83408,-1.6
83409,0
83410,-0.8
83411,-1.6
83412,0
83413,1.6
83414,1.6
83415,-2.4
83416,0
83417,0.8
83418,0.8
83419,-0.8
83420,0
83421,0
83422,0
83423,-3.2
83424,0
83425,-0.8
83426,-2.4
83427,-0.8
83428,-1.6
83429,-0.8
83430,-0.8
83431,0.8
83432,-1.6
83433,-3.2
83434,0.8
83435,-0.8
83436,0
83437,0
83438,0
83439,-1.6
83440,0
83441,-3.2
83442,-3.2
83443,1.6
83444,0
83445,0
83446,2.4
83447,2.4
83448,0
83449,-3.2
83450,0.8
83451,1.6
83452,0.8
83453,1.6
83454,-1.6
83455,0.8
83456,0.8
83457,4
83458,0
83459,0
83460,-0.8
83461,-0.8
83462,4
83463,4
83464,0
83465,0.8
83466,-0.8
83467,0
83468,2.4
83469,-3.2
83470,-0.8
83471,1.6
83472,0.8
83473,-0.8
83474,-2.4
83475,-4
83476,-2.4
83477,0.8
83478,0.8
83479,0
83480,0
83481,-0.8
83482,-1.6
83483,0
83484,-0.8
83485,-1.6
83486,0
83487,-3.2
83488,-0.8
83489,0
83490,-1.6
83491,0
83492,-3.2
83493,-0.8
83494,2.4
83495,2.4
83496,2.4
83497,0.8
83498,2.4
83499,-4
83500,2.4
83501,1.6
83502,0
83503,2.4
83504,-0.8
83505,2.4
83506,2.4
83507,3.2
83508,1.6
83509,-3.2
83510,-0.8
83511,2.4
83512,0.8
83513,2.4
83514,2.4
83515,-3.2
83516,1.6
83517,1.6
83518,0.8
83519,0
83520,-3.2
83521,2.4
83522,0.8
83523,-2.4
83524,-1.6
83525,-1.6
83526,0
83527,-0.8
83528,-0.8
83529,-0.8
83530,-0.8
83531,0
83532,-2.4
83533,2.4
83534,0
83535,0
83536,-0.8
83537,0.8
83538,0.8
83539,-0.8
83540,-1.6
83541,2.4
83542,-1.6
83543,-0.8
83544,-0.8
83545,0
83546,-0.8
83547,0
83548,1.6
83549,0.8
83550,1.6
83551,0
83552,0
83553,0
83554,0.8
83555,0
83556,0
83557,0
83558,4
83559,0
83560,-1.6
83561,0
83562,0
83563,-1.6
83564,-2.4
83565,3.2
83566,-0.8
83567,-3.2
83568,0.8
83569,2.4
83570,0.8
83571,2.4
83572,-3.2
83573,5.6
83574,3.2
83575,1.6
83576,-1.6
83577,0
83578,-3.2
83579,-0.8
83580,0
83581,0
83582,0
83583,-1.6
83584,0
83585,-0.8
83586,-1.6
83587,0.8
83588,-0.8
83589,0
83590,0.8
83591,0
83592,-1.6
83593,-1.6
83594,0
83595,0
83596,2.4
83597,0
83598,-0.8
83599,0
83600,0.8
83601,0.8
83602,2.4
83603,2.4
83604,-1.6
83605,0
83606,-1.6
83607,1.6
83608,4
83609,-0.8
83610,0.8
83611,0
83612,-3.2
83613,0.8
83614,-0.8
83615,-2.4
83616,-1.6
83617,2.4
83618,0.8
83619,0.8
83620,-0.8
83621,-0.8
83622,0
83623,-3.2
83624,0
83625,-3.2
83626,-2.4
83627,-2.4
83628,2.4
83629,0
83630,-2.4
83631,0
83632,0.8
83633,-0.8
83634,0.8
83635,-0.8
83636,-1.6
83637,0
83638,-1.6
83639,2.4
83640,-3.2
83641,-1.6
83642,0.8
83643,-1.6
83644,2.4
83645,0.8
83646,1.6
83647,2.4
83648,2.4
83649,2.4
83650,0.8
83651,-0.8
83652,-0.8
83653,2.4
83654,1.6
83655,-0.8
83656,-0.8
83657,-3.2
83658,0
83659,2.4
83660,0.8
83661,0.8
83662,-4.8
83663,2.4
83664,0
83665,-5.6
83666,-2.4
83667,-0.8
83668,2.4
83669,0
83670,0.8
83671,-1.6
83672,2.4
83673,-3.2
83674,-0.8
83675,-0.8
83676,0.8
83677,-1.6
83678,-0.8
83679,0.8
83680,-0.8
83681,-1.6
83682,-3.2
83683,-3.2
83684,-0.8
83685,0
83686,0.8
83687,-1.6
83688,2.4
83689,-0.8
83690,-1.6
83691,3.2
83692,0
83693,0
83694,-0.8
83695,2.4
83696,-3.2
83697,0.8
83698,2.4
83699,0
83700,0.8
83701,0.8
83702,-3.2
83703,0
83704,-0.8
83705,-3.2
83706,0.8
83707,2.4
83708,0.8
83709,-3.2
83710,2.4
83711,-0.8
83712,-1.6
83713,-0.8
83714,0.8
83715,-0.8
83716,-3.2
83717,0
83718,-0.8
83719,-1.6
83720,-6.4
83721,-3.2
83722,-1.6
83723,-2.4
83724,-2.4
83725,-4
83726,-0.8
83727,0
83728,-2.4
83729,0
83730,-1.6
83731,-1.6
83732,-0.8
83733,-2.4
83734,-1.6
83735,-0.8
83736,0.8
83737,-1.6
83738,1.6
83739,2.4
83740,-4
83741,0
83742,0
83743,0.8
83744,0.8
83745,0
83746,1.6
83747,-3.2
83748,2.4
83749,2.4
83750,2.4
83751,0.8
83752,-3.2
83753,-2.4
83754,0
83755,4
83756,0.8
83757,1.6
83758,-1.6
83759,2.4
83760,0
83761,-0.8
83762,-4
83763,-3.2
83764,-0.8
83765,-2.4
83766,-1.6
83767,-2.4
83768,2.4
83769,0
83770,0
83771,0.8
83772,3.2
83773,-3.2
83774,2.4
83775,0
83776,2.4
83777,0
83778,-0.8
83779,0
83780,-1.6
83781,0.8
83782,2.4
83783,-0.8
83784,-1.6
83785,1.6
83786,2.4
83787,0.8
83788,0
83789,2.4
83790,-4
83791,0
83792,0
83793,0
83794,0.8
83795,-1.6
83796,0.8
83797,-1.6
83798,2.4
83799,0
83800,1.6
83801,-0.8
83802,0
83803,-2.4
83804,2.4
83805,-5.6
83806,-1.6
83807,0.8
83808,0.8
83809,2.4
83810,-0.8
83811,2.4
83812,-3.2
83813,-0.8
83814,2.4
83815,0.8
83816,0.8
83817,0
83818,0
83819,0.8
83820,0.8
83821,-1.6
83822,0
83823,0
83824,3.2
83825,-2.4
83826,0.8
83827,0
83828,-0.8
83829,0.8
83830,-3.2
83831,-0.8
83832,0
83833,-0.8
83834,-3.2
83835,0
83836,0.8
83837,0.8
83838,1.6
83839,-3.2
83840,0.8
83841,0.8
83842,2.4
83843,-3.2
83844,-0.8
83845,1.6
83846,0.8
83847,-1.6
83848,-4.8
83849,-1.6
83850,0
83851,2.4
83852,0
83853,-3.2
83854,0.8
83855,-3.2
83856,0
83857,0
83858,0.8
83859,-2.4
83860,0
83861,2.4
83862,0
83863,-3.2
83864,-1.6
83865,0
83866,-1.6
83867,-0.8
83868,0
83869,-1.6
83870,-1.6
83871,0.8
83872,-0.8
83873,1.6
83874,0.8
83875,0.8
83876,0
83877,0.8
83878,0.8
83879,0.8
83880,0
83881,-3.2
83882,0.8
83883,-3.2
83884,0
83885,-3.2
83886,-1.6
83887,0.8
83888,3.2
83889,0.8
83890,-0.8
83891,0
83892,0.8
83893,-2.4
83894,0.8
83895,-1.6
83896,-2.4
83897,2.4
83898,-4
83899,-3.2
83900,-3.2
83901,-0.8
83902,2.4
83903,3.2
83904,-0.8
83905,-3.2
83906,2.4
83907,0
83908,-0.8
83909,0
83910,-1.6
83911,-0.8
83912,-1.6
83913,-3.2
83914,0
83915,0.8
83916,0.8
83917,3.2
83918,2.4
83919,-3.2
83920,0.8
83921,2.4
83922,0
83923,-0.8
83924,2.4
83925,1.6
83926,0
83927,-1.6
83928,-1.6
83929,1.6
83930,0
83931,-1.6
83932,0
83933,0
83934,2.4
83935,0
83936,0
83937,-0.8
83938,-0.8
83939,2.4
83940,-3.2
83941,0
83942,-1.6
83943,0.8
83944,0.8
83945,-0.8
83946,0.8
83947,0
83948,-3.2
83949,0
83950,-3.2
83951,2.4
83952,0.8
83953,3.2
83954,0.8
83955,0.8
83956,2.4
83957,-1.6
83958,2.4
83959,3.2
83960,-0.8
83961,-2.4
83962,-0.8
83963,-1.6
83964,1.6
83965,2.4
83966,0
83967,-3.2
83968,1.6
83969,-1.6
83970,-0.8
83971,-0.8
83972,2.4
83973,0
83974,4
83975,-0.8
83976,-3.2
83977,0
83978,0
83979,-4.8
83980,-3.2
83981,4
83982,-0.8
83983,-1.6
83984,0
83985,0
83986,0.8
83987,0.8
83988,0
83989,-4
83990,-3.2
83991,0
83992,0
83993,-0.8
83994,0.8
83995,0
83996,2.4
83997,0.8
83998,0
83999,-1.6
84000,0.8
84001,2.4
84002,-0.8
84003,0
84004,0
84005,0.8
84006,0
84007,0
84008,0
84009,-3.2
84010,0
84011,0
84012,2.4
84013,0.8
84014,-3.2
84015,-0.8
84016,0.8
84017,-1.6
84018,0
84019,0
84020,0.8
84021,-0.8
84022,-0.8
84023,0
84024,2.4
84025,0.8
84026,3.2
84027,0.8
84028,0.8
84029,-0.8
84030,-0.8
84031,-1.6
84032,0
84033,0.8
84034,-0.8
84035,-0.8
84036,2.4
84037,0.8
84038,-1.6
84039,2.4
84040,-2.4
84041,0.8
84042,0
84043,0.8
84044,2.4
84045,0
84046,-3.2
84047,0.8
84048,-3.2
84049,0.8
84050,0.8
84051,-0.8
84052,2.4
84053,0
84054,-0.8
84055,1.6
84056,-2.4
84057,0
84058,0
84059,-1.6
84060,0.8
84061,2.4
84062,0.8
84063,1.6
84064,-2.4
84065,-1.6
84066,2.4
84067,-2.4
84068,1.6
84069,0.8
84070,-1.6
84071,-0.8
84072,-8
84073,-0.8
84074,0.8
84075,1.6
84076,-6.4
84077,-0.8
84078,0.8
84079,0.8
84080,2.4
84081,-1.6
84082,-0.8
84083,-2.4
84084,-0.8
84085,0.8
84086,-2.4
84087,-0.8
84088,0.8
84089,0
84090,0.8
84091,2.4
84092,-2.4
84093,0.8
84094,3.2
84095,-0.8
84096,-0.8
84097,-0.8
84098,2.4
84099,-3.2
84100,-1.6
84101,-2.4
84102,-3.2
84103,-1.6
84104,-1.6
84105,0.8
84106,2.4
84107,-3.2
84108,0
84109,0
84110,-1.6
84111,0
84112,0.8
84113,2.4
84114,0.8
84115,-1.6
84116,-1.6
84117,-3.2
84118,0.8
84119,-2.4
84120,-0.8
84121,0
84122,0
84123,0.8
84124,-2.4
84125,-0.8
84126,4
84127,-0.8
84128,-1.6
84129,0.8
84130,0.8
84131,0
84132,0
84133,0
84134,0.8
84135,-0.8
84136,-0.8
84137,-1.6
84138,0.8
84139,-2.4
84140,0.8
84141,2.4
84142,1.6
84143,0
84144,0
84145,-1.6
84146,0
84147,-0.8
84148,2.4
84149,0
84150,-2.4
84151,2.4
84152,0.8
84153,0.8
84154,0.8
84155,2.4
84156,0
84157,0
84158,1.6
84159,0
84160,0
84161,0
84162,0
84163,2.4
84164,0.8
84165,-2.4
84166,-3.2
84167,0.8
84168,-1.6
84169,-0.8
84170,-0.8
84171,-1.6
84172,-0.8
84173,3.2
84174,-0.8
84175,0
84176,-3.2
84177,-3.2
84178,-2.4
84179,0
84180,-0.8
84181,-0.8
84182,-1.6
84183,0
84184,0.8
84185,0
84186,-0.8
84187,0
84188,0.8
84189,-2.4
84190,0
84191,3.2
84192,-3.2
84193,-0.8
84194,0.8
84195,0.8
84196,-1.6
84197,0.8
84198,-1.6
84199,-1.6
84200,-0.8
84201,4
84202,0
84203,-1.6
84204,-0.8
84205,0.8
84206,-1.6
84207,-0.8
84208,2.4
84209,-0.8
84210,2.4
84211,-1.6
84212,2.4
84213,0.8
84214,0.8
84215,0.8
84216,4
84217,0.8
84218,2.4
84219,0.8
84220,0
84221,-3.2
84222,0.8
84223,0
84224,-3.2
84225,0.8
84226,0
84227,-3.2
84228,-3.2
84229,1.6
84230,-1.6
84231,-1.6
84232,0.8
84233,0.8
84234,0.8
84235,-0.8
84236,0
84237,-0.8
84238,-1.6
84239,4
84240,0
84241,0
84242,-0.8
84243,-0.8
84244,2.4
84245,-0.8
84246,0
84247,0.8
84248,-1.6
84249,0
84250,-1.6
84251,2.4
84252,0
84253,0
84254,-0.8
84255,0
84256,1.6
84257,0.8
84258,-0.8
84259,0.8
84260,-0.8
84261,-3.2
84262,-0.8
84263,0
84264,2.4
84265,0.8
84266,2.4
84267,2.4
84268,0
84269,0
84270,0
84271,0.8
84272,2.4
84273,-1.6
84274,0
84275,-0.8
84276,0
84277,2.4
84278,-1.6
84279,-0.8
84280,-0.8
84281,-0.8
84282,0
84283,0
84284,-0.8
84285,-1.6
84286,3.2
84287,0.8
84288,0
84289,-0.8
84290,-1.6
84291,-0.8
84292,2.4
84293,0
84294,0
84295,0
84296,0
84297,0.8
84298,0.8
84299,0.8
84300,0
84301,0.8
84302,0.8
84303,0
84304,0
84305,-3.2
84306,0.8
84307,-1.6
84308,0.8
84309,-0.8
84310,-3.2
84311,0
84312,-3.2
84313,0
84314,-1.6
84315,-3.2
84316,-2.4
84317,0.8
84318,0
84319,-0.8
84320,0.8
84321,0.8
84322,0.8
84323,0
84324,0.8
84325,-0.8
84326,2.4
84327,2.4
84328,0
84329,1.6
84330,-0.8
84331,-0.8
84332,0
84333,0
84334,1.6
84335,0
84336,-0.8
84337,0
84338,1.6
84339,-4
84340,0
84341,0.8
84342,-0.8
84343,0
84344,0
84345,-0.8
84346,0
84347,-1.6
84348,2.4
84349,2.4
84350,0.8
84351,-0.8
84352,-3.2
84353,0
84354,2.4
84355,0
84356,-1.6
84357,0.8
84358,0
84359,0
84360,0.8
84361,0.8
84362,0
84363,-1.6
84364,-3.2
84365,2.4
84366,-0.8
84367,0
84368,0.8
84369,0
84370,1.6
84371,-1.6
84372,0
84373,0.8
84374,2.4
84375,0.8
84376,-0.8
84377,-0.8
84378,0
84379,0
84380,0.8
84381,2.4
84382,-0.8
84383,-1.6
84384,0.8
84385,-3.2
84386,0
84387,-1.6
84388,-0.8
84389,0
84390,2.4
84391,2.4
84392,2.4
84393,4
84394,-0.8
84395,-2.4
84396,-0.8
84397,-0.8
84398,-2.4
84399,0.8
84400,0.8
84401,0.8
84402,-3.2
84403,-0.8
84404,3.2
84405,0.8
84406,0.8
84407,-0.8
84408,-2.4
84409,-1.6
84410,0
84411,0.8
84412,2.4
84413,-2.4
84414,5.6
84415,-1.6
84416,2.4
84417,1.6
84418,-0.8
84419,-2.4
84420,0
84421,3.2
84422,0
84423,2.4
84424,2.4
84425,0.8
84426,0.8
84427,0
84428,-3.2
84429,-0.8
84430,-1.6
84431,1.6
84432,0
84433,0
84434,0
84435,-6.4
84436,0
84437,0
84438,0
84439,0.8
84440,0.8
84441,0
84442,2.4
84443,-3.2
84444,0
84445,1.6
84446,0.8
84447,2.4
84448,0
84449,0.8
84450,-1.6
84451,0
84452,-3.2
84453,0
84454,1.6
84455,-3.2
84456,2.4
84457,-0.8
84458,0.8
84459,-2.4
84460,0.8
84461,0.8
84462,0
84463,4
84464,-1.6
84465,-3.2
84466,1.6
84467,-1.6
84468,0
84469,0.8
84470,0
84471,0.8
84472,-1.6
84473,-4
84474,0.8
84475,1.6
84476,-0.8
84477,-0.8
84478,-0.8
84479,-3.2
84480,-0.8
84481,0
84482,-0.8
84483,-1.6
84484,-0.8
84485,0
84486,0.8
84487,2.4
84488,-1.6
84489,-0.8
84490,-3.2
84491,0
84492,-1.6
84493,0
84494,0.8
84495,4
84496,0
84497,0.8
84498,4
84499,0
84500,-1.6
84501,1.6
84502,0
84503,4
84504,0.8
84505,-0.8
84506,1.6
84507,0
84508,5.6
84509,1.6
84510,2.4
84511,0.8
84512,-3.2
84513,0
84514,-1.6
84515,1.6
84516,-2.4
84517,0.8
84518,0
84519,0.8
84520,0.8
84521,4
84522,-0.8
84523,-1.6
84524,2.4
84525,0
84526,-1.6
84527,0
84528,0.8
84529,-0.8
84530,-0.8
84531,0
84532,-0.8
84533,-4
84534,0.8
84535,0
84536,0.8
84537,1.6
84538,-0.8
84539,-3.2
84540,0
84541,0
84542,0.8
84543,-0.8
84544,0
84545,-0.8
84546,0.8
84547,-1.6
84548,0.8
84549,0
84550,-2.4
84551,0
84552,2.4
84553,0.8
84554,0.8
84555,0
84556,-2.4
84557,0
84558,1.6
84559,1.6
84560,-0.8
84561,-0.8
84562,3.2
84563,-0.8
84564,1.6
84565,3.2
84566,-0.8
84567,-4
84568,-0.8
84569,-1.6
84570,-1.6
84571,6.4
84572,-2.4
84573,0.8
84574,-0.8
84575,2.4
84576,0.8
84577,0.8
84578,-1.6
84579,-2.4
84580,-0.8
84581,-1.6
84582,0.8
84583,-3.2
84584,-1.6
84585,-0.8
84586,0
84587,0
84588,-0.8
84589,0
84590,0.8
84591,0
84592,1.6
84593,4
84594,0.8
84595,0
84596,0
84597,0.8
84598,-0.8
84599,2.4
84600,0.8
84601,2.4
84602,1.6
84603,1.6
84604,0
84605,0
84606,0
84607,-1.6
84608,2.4
84609,0.8
84610,-0.8
84611,0.8
84612,-1.6
84613,2.4
84614,-1.6
84615,1.6
84616,0.8
84617,-3.2
84618,4
84619,0
84620,-1.6
84621,0
84622,0
84623,2.4
84624,0
84625,-0.8
84626,0.8
84627,0.8
84628,0.8
84629,2.4
84630,0
84631,2.4
84632,-0.8
84633,-0.8
84634,0.8
84635,0
84636,0.8
84637,1.6
84638,-0.8
84639,-3.2
84640,-1.6
84641,0.8
84642,1.6
84643,1.6
84644,0.8
84645,0.8
84646,-0.8
84647,0
84648,-0.8
84649,2.4
84650,-1.6
84651,0.8
84652,1.6
84653,0.8
84654,2.4
84655,1.6
84656,-4
84657,0.8
84658,0
84659,0
84660,0.8
84661,-0.8
84662,0
84663,-1.6
84664,-3.2
84665,-0.8
84666,-1.6
84667,0.8
84668,2.4
84669,5.6
84670,-0.8
84671,0
84672,0
84673,0.8
84674,-1.6
84675,-3.2
84676,-0.8
84677,1.6
84678,0
84679,-1.6
84680,0.8
84681,2.4
84682,0
84683,0
84684,0.8
84685,-0.8
84686,0
84687,-1.6
84688,0
84689,0
84690,0
84691,0.8
84692,-0.8
84693,-1.6
84694,-0.8
84695,-0.8
84696,2.4
84697,0.8
84698,0.8
84699,0.8
84700,-0.8
84701,0.8
84702,1.6
84703,0.8
84704,0.8
84705,2.4
84706,-0.8
84707,0
84708,-1.6
84709,0
84710,0
84711,0.8
84712,-8.8
84713,0.8
84714,0.8
84715,2.4
84716,0
84717,4
84718,0.8
84719,0.8
84720,2.4
84721,0.8
84722,0.8
84723,1.6
84724,2.4
84725,0
84726,-0.8
84727,0.8
84728,0
84729,0
84730,0
84731,0.8
84732,-2.4
84733,-2.4
84734,-0.8
84735,0.8
84736,0
84737,0.8
84738,2.4
84739,2.4
84740,0
84741,1.6
84742,0.8
84743,-0.8
84744,1.6
84745,0.8
84746,0.8
84747,1.6
84748,1.6
84749,2.4
84750,0.8
84751,2.4
84752,0.8
84753,0
84754,0
84755,0.8
84756,-0.8
84757,2.4
84758,2.4
84759,0
84760,0
84761,0.8
84762,0
84763,-1.6
84764,0
84765,0.8
84766,0
84767,2.4
84768,-0.8
84769,-0.8
84770,0.8
84771,-1.6
84772,0
84773,1.6
84774,1.6
84775,-1.6
84776,0.8
84777,0.8
84778,0
84779,0
84780,0
84781,0.8
84782,-0.8
84783,0
84784,-1.6
84785,0.8
84786,-1.6
84787,1.6
84788,2.4
84789,2.4
84790,-0.8
84791,0
84792,-1.6
84793,-0.8
84794,0.8
84795,0.8
84796,-0.8
84797,0
84798,0
84799,0
84800,0
84801,1.6
84802,-3.2
84803,0
84804,-3.2
84805,-1.6
84806,5.6
84807,2.4
84808,0.8
84809,-0.8
84810,0
84811,0
84812,3.2
84813,0.8
84814,-0.8
84815,2.4
84816,-3.2
84817,0
84818,0
84819,-0.8
84820,0.8
84821,2.4
84822,-2.4
84823,0.8
84824,-3.2
84825,0.8
84826,1.6
84827,-3.2
84828,-0.8
84829,-0.8
84830,0
84831,-0.8
84832,0
84833,-1.6
84834,0
84835,0
84836,0
84837,-0.8
84838,0
84839,-2.4
84840,0
84841,2.4
84842,2.4
84843,-0.8
84844,0
84845,0.8
84846,0.8
84847,2.4
84848,-1.6
84849,0.8
84850,0
84851,0
84852,-1.6
84853,0
84854,1.6
84855,0.8
84856,0
84857,-1.6
84858,0.8
84859,-0.8
84860,2.4
84861,0.8
84862,0
84863,0.8
84864,0.8
84865,-3.2
84866,-1.6
84867,-3.2
84868,2.4
84869,-0.8
84870,0.8
84871,-2.4
84872,5.6
84873,-1.6
84874,-0.8
84875,0.8
84876,0.8
84877,-2.4
84878,-2.4
84879,0
84880,0.8
84881,4
84882,0.8
84883,-1.6
84884,0
84885,-0.8
84886,0
84887,0
84888,0
84889,0
84890,-8.8
84891,-1.6
84892,-3.2
84893,-0.8
84894,1.6
84895,1.6
84896,0.8
84897,2.4
84898,-1.6
84899,0.8
84900,-0.8
84901,2.4
84902,0
84903,0.8
84904,0.8
84905,-2.4
84906,0
84907,2.4
84908,0.8
84909,2.4
84910,-0.8
84911,0
84912,-0.8
84913,1.6
84914,0.8
84915,-3.2
84916,2.4
84917,0
84918,0.8
84919,0
84920,-0.8
84921,0.8
84922,2.4
84923,-3.2
84924,-0.8
84925,0
84926,0
84927,1.6
84928,2.4
84929,-1.6
84930,-0.8
84931,0
84932,0
84933,0
84934,0
84935,-0.8
84936,0
84937,1.6
84938,-4
84939,0
84940,-0.8
84941,4
84942,0
84943,1.6
84944,1.6
84945,-1.6
84946,0
84947,-1.6
84948,-0.8
84949,-4
84950,0.8
84951,0.8
84952,0.8
84953,0.8
84954,-0.8
84955,-0.8
84956,0
84957,0
84958,0.8
84959,4
84960,-2.4
84961,-0.8
84962,0.8
84963,0.8
84964,-1.6
84965,1.6
84966,0
84967,-0.8
84968,0.8
84969,0
84970,0.8
84971,2.4
84972,0
84973,1.6
84974,-0.8
84975,2.4
84976,-3.2
84977,-3.2
84978,-0.8
84979,0.8
84980,0
84981,0
84982,0
84983,0
84984,-3.2
84985,-1.6
84986,0.8
84987,-0.8
84988,0.8
84989,-3.2
84990,2.4
84991,5.6
84992,-0.8
84993,0
84994,-1.6
84995,-0.8
84996,0.8
84997,-1.6
84998,0
84999,4
85000,-1.6
85001,0.8
85002,-0.8
85003,-0.8
85004,0.8
85005,0
85006,0
85007,-1.6
85008,0.8
85009,-3.2
85010,0
85011,0
85012,-4
85013,-1.6
85014,-0.8
85015,-1.6
85016,0.8
85017,-0.8
85018,2.4
85019,0
85020,0.8
85021,0
85022,-5.6
85023,0
85024,2.4
85025,0
85026,0
85027,-0.8
85028,-2.4
85029,-0.8
85030,0
85031,1.6
85032,-2.4
85033,-1.6
85034,-0.8
85035,-0.8
85036,-0.8
85037,-0.8
85038,-0.8
85039,-0.8
85040,-1.6
85041,1.6
85042,0.8
85043,-4
85044,0
85045,-1.6
85046,0
85047,0.8
85048,-0.8
85049,-1.6
85050,-1.6
85051,0
85052,0.8
85053,0.8
85054,-0.8
85055,-0.8
85056,4
85057,-0.8
85058,4
85059,0
85060,-0.8
85061,-0.8
85062,-1.6
85063,0.8
85064,-1.6
85065,4
85066,0
85067,-4
85068,0
85069,0.8
85070,0
85071,0
85072,0
85073,6.4
85074,0
85075,0.8
85076,-0.8
85077,0
85078,-0.8
85079,0.8
85080,-0.8
85081,0
85082,-3.2
85083,-1.6
85084,0.8
85085,0
85086,0
85087,2.4
85088,5.6
85089,-1.6
85090,1.6
85091,-2.4
85092,-1.6
85093,-0.8
85094,2.4
85095,0
85096,0.8
85097,2.4
85098,-3.2
85099,-2.4
85100,0
85101,-1.6
85102,1.6
85103,0.8
85104,-0.8
85105,2.4
85106,-1.6
85107,2.4
85108,4
85109,0
85110,-0.8
85111,2.4
85112,1.6
85113,9.6
85114,2.4
85115,0
85116,-1.6
85117,0.8
85118,2.4
85119,-0.8
85120,-0.8
85121,-1.6
85122,2.4
85123,-0.8
85124,-1.6
85125,-1.6
85126,-4
85127,0.8
85128,1.6
85129,0
85130,1.6
85131,-0.8
85132,0
85133,0.8
85134,2.4
85135,0
85136,-1.6
85137,0
85138,-1.6
85139,-0.8
85140,-0.8
85141,5.6
85142,-0.8
85143,-0.8
85144,0
85145,-0.8
85146,-1.6
85147,-2.4
85148,-0.8
85149,0
85150,-3.2
85151,1.6
85152,0.8
85153,0.8
85154,0
85155,0
85156,0
85157,-1.6
85158,2.4
85159,-0.8
85160,0
85161,-0.8
85162,-2.4
85163,0
85164,1.6
85165,0
85166,0.8
85167,-2.4
85168,0
85169,-2.4
85170,-3.2
85171,0.8
85172,0
85173,-2.4
85174,0.8
85175,0
85176,0
85177,0
85178,0.8
85179,-1.6
85180,-3.2
85181,-1.6
85182,-0.8
85183,-1.6
85184,-1.6
85185,-1.6
85186,0
85187,0
85188,-0.8
85189,2.4
85190,-2.4
85191,0.8
85192,-2.4
85193,-1.6
85194,-0.8
85195,-1.6
85196,0
85197,-0.8
85198,2.4
85199,-3.2
85200,0
85201,0
85202,1.6
85203,0.8
85204,0.8
85205,-0.8
85206,1.6
85207,-3.2
85208,3.2
85209,-1.6
85210,0
85211,0.8
85212,-1.6
85213,4
85214,-3.2
85215,0.8
85216,0
85217,-1.6
85218,0.8
85219,0
85220,-1.6
85221,0
85222,-0.8
85223,0
85224,-0.8
85225,1.6
85226,-0.8
85227,0
85228,-1.6
85229,0
85230,-1.6
85231,-0.8
85232,0
85233,-3.2
85234,-0.8
85235,-0.8
85236,0
85237,-0.8
85238,0.8
85239,0
85240,2.4
85241,1.6
85242,0
85243,-1.6
85244,0
85245,-1.6
85246,0
85247,0
85248,-2.4
85249,-0.8
85250,0
85251,0.8
85252,0.8
85253,1.6
85254,2.4
85255,2.4
85256,0.8
85257,-4
85258,0
85259,-0.8
85260,0
85261,-3.2
85262,1.6
85263,3.2
85264,0
85265,-0.8
85266,-3.2
85267,-3.2
85268,0
85269,0.8
85270,0
85271,0
85272,0
85273,2.4
85274,-0.8
85275,0
85276,-1.6
85277,-0.8
85278,-1.6
85279,-1.6
85280,-3.2
85281,-1.6
85282,0.8
85283,0
85284,-4
85285,0.8
85286,-0.8
85287,-3.2
85288,-4
85289,2.4
85290,0
85291,0.8
85292,0
85293,-0.8
85294,-0.8
85295,0.8
85296,2.4
85297,2.4
85298,0
85299,1.6
85300,0.8
85301,0
85302,-0.8
85303,2.4
85304,0.8
85305,0
85306,0
85307,-0.8
85308,0.8
85309,0
85310,-0.8
85311,0
85312,-1.6
85313,-0.8
85314,2.4
85315,0.8
85316,3.2
85317,0.8
85318,0
85319,0
85320,0
85321,0
85322,-1.6
85323,-3.2
85324,-2.4
85325,-0.8
85326,0
85327,-1.6
85328,0.8
85329,-0.8
85330,0
85331,2.4
85332,5.6
85333,-0.8
85334,0
85335,-0.8
85336,-0.8
85337,-1.6
85338,-0.8
85339,0
85340,0
85341,-1.6
85342,0
85343,0.8
85344,-1.6
85345,0
85346,0
85347,0.8
85348,-0.8
85349,-1.6
85350,-1.6
85351,2.4
85352,-1.6
85353,0.8
85354,0
85355,0
85356,2.4
85357,-0.8
85358,2.4
85359,0
85360,0
85361,-1.6
85362,0
85363,1.6
85364,2.4
85365,0.8
85366,-2.4
85367,0
85368,0
85369,-0.8
85370,0
85371,0.8
85372,0
85373,0
85374,0
85375,0
85376,-3.2
85377,-3.2
85378,0.8
85379,-1.6
85380,0
85381,-0.8
85382,-4
85383,0
85384,0.8
85385,0
85386,-1.6
85387,0
85388,-3.2
85389,-4.8
85390,-3.2
85391,-0.8
85392,2.4
85393,0
85394,-1.6
85395,0
85396,-1.6
85397,-3.2
85398,0
85399,0
85400,0.8
85401,-0.8
85402,0
85403,0
85404,2.4
85405,0.8
85406,0
85407,0
85408,0.8
85409,-0.8
85410,3.2
85411,-1.6
85412,-1.6
85413,0.8
85414,-0.8
85415,2.4
85416,-3.2
85417,-0.8
85418,0
85419,-0.8
85420,0
85421,0
85422,0
85423,2.4
85424,0
85425,0
85426,-2.4
85427,0.8
85428,-2.4
85429,-0.8
85430,-0.8
85431,1.6
85432,-1.6
85433,-3.2
85434,0.8
85435,0.8
85436,0
85437,0
85438,0
85439,-0.8
85440,2.4
85441,-0.8
85442,-0.8
85443,-0.8
85444,0
85445,-0.8
85446,2.4
85447,1.6
85448,2.4
85449,-2.4
85450,0
85451,-0.8
85452,0.8
85453,0.8
85454,0.8
85455,0
85456,-0.8
85457,0
85458,2.4
85459,0.8
85460,0.8
85461,0.8
85462,-0.8
85463,0
85464,0.8
85465,1.6
85466,0.8
85467,-0.8
85468,0.8
85469,0
85470,-0.8
85471,0.8
85472,-0.8
85473,-4.8
85474,-2.4
85475,-1.6
85476,-3.2
85477,2.4
85478,-0.8
85479,0
85480,0
85481,0
85482,-0.8
85483,-2.4
85484,0.8
85485,-0.8
85486,-1.6
85487,-1.6
85488,0
85489,-0.8
85490,0
85491,4
85492,0
85493,-0.8
85494,-1.6
85495,0
85496,-1.6
85497,2.4
85498,-0.8
85499,-1.6
85500,-0.8
85501,1.6
85502,0
85503,0.8
85504,-1.6
85505,2.4
85506,0
85507,0
85508,0
85509,0
85510,0
85511,-0.8
85512,-1.6
85513,-0.8
85514,0
85515,0
85516,-0.8
85517,0
85518,0.8
85519,0
85520,0
85521,0
85522,0.8
85523,-0.8
85524,0.8
85525,-3.2
85526,-1.6
85527,0
85528,-1.6
85529,0
85530,-0.8
85531,-1.6
85532,0.8
85533,-0.8
85534,-0.8
85535,-0.8
85536,0
85537,-0.8
85538,-1.6
85539,-0.8
85540,-1.6
85541,-0.8
85542,0.8
85543,-0.8
85544,-0.8
85545,0
85546,0
85547,0
85548,-3.2
85549,-0.8
85550,-2.4
85551,2.4
85552,0
85553,0
85554,-1.6
85555,0
85556,0
85557,2.4
85558,0.8
85559,-0.8
85560,3.2
85561,-2.4
85562,0.8
85563,0.8
85564,0
85565,0.8
85566,-3.2
85567,-1.6
85568,0.8
85569,-0.8
85570,0
85571,-1.6
85572,0
85573,0
85574,-1.6
85575,0
85576,0
85577,0.8
85578,-1.6
85579,0.8
85580,1.6
85581,0
85582,-1.6
85583,-2.4
85584,-1.6
85585,-2.4
85586,0.8
85587,-3.2
85588,0.8
85589,-1.6
85590,2.4
85591,2.4
85592,5.6
85593,-0.8
85594,0
85595,-0.8
85596,-1.6
85597,5.6
85598,0.8
85599,0.8
85600,-1.6
85601,2.4
85602,-0.8
85603,0.8
85604,2.4
85605,0.8
85606,-0.8
85607,2.4
85608,2.4
85609,-1.6
85610,-3.2
85611,-0.8
85612,-1.6
85613,-2.4
85614,2.4
85615,0.8
85616,3.2
85617,-3.2
85618,0.8
85619,-0.8
85620,0.8
85621,0.8
85622,-3.2
85623,-0.8
85624,-4
85625,2.4
85626,-0.8
85627,-1.6
85628,0.8
85629,0.8
85630,-0.8
85631,0
85632,-0.8
85633,-0.8
85634,2.4
85635,-1.6
85636,-0.8
85637,-0.8
85638,1.6
85639,-0.8
85640,0
85641,2.4
85642,0.8
85643,0.8
85644,1.6
85645,0.8
85646,0
85647,0
85648,0
85649,0
85650,-0.8
85651,2.4
85652,0.8
85653,0.8
85654,-1.6
85655,-3.2
85656,0
85657,-0.8
85658,4
85659,-0.8
85660,4
85661,0
85662,-1.6
85663,5.6
85664,1.6
85665,-5.6
85666,0
85667,-2.4
85668,-0.8
85669,0
85670,2.4
85671,2.4
85672,-0.8
85673,-0.8
85674,-1.6
85675,0.8
85676,0
85677,2.4
85678,3.2
85679,0
85680,-1.6
85681,0.8
85682,-0.8
85683,-3.2
85684,0
85685,0
85686,0
85687,2.4
85688,-1.6
85689,0
85690,5.6
85691,-0.8
85692,2.4
85693,-0.8
85694,2.4
85695,0
85696,4
85697,0
85698,2.4
85699,0.8
85700,4
85701,0.8
85702,1.6
85703,0.8
85704,2.4
85705,2.4
85706,-2.4
85707,0
85708,-1.6
85709,0
85710,2.4
85711,-0.8
85712,-1.6
85713,-0.8
85714,2.4
85715,0.8
85716,-5.6
85717,2.4
85718,1.6
85719,0.8
85720,0
85721,-4
85722,0.8
85723,2.4
85724,0.8
85725,-0.8
85726,0.8
85727,-0.8
85728,0
85729,-1.6
85730,0
85731,-3.2
85732,0
85733,-1.6
85734,0.8
85735,-0.8
85736,-1.6
85737,-1.6
85738,1.6
85739,1.6
85740,0.8
85741,2.4
85742,0
85743,0
85744,0.8
85745,0.8
85746,0
85747,-0.8
85748,-1.6
85749,2.4
85750,2.4
85751,0
85752,-0.8
85753,0
85754,6.4
85755,2.4
85756,0.8
85757,1.6
85758,0
85759,-0.8
85760,0
85761,0.8
85762,0.8
85763,0
85764,-1.6
85765,0
85766,0
85767,0.8
85768,1.6
85769,0
85770,0
85771,0.8
85772,0
85773,0
85774,1.6
85775,4
85776,1.6
85777,0.8
85778,0.8
85779,0.8
85780,0
85781,4
85782,0.8
85783,-0.8
85784,0.8
85785,0
85786,-0.8
85787,-2.4
85788,-6.4
85789,0
85790,0.8
85791,-0.8
85792,0.8
85793,0
85794,0
85795,0
85796,0
85797,1.6
85798,0.8
85799,-1.6
85800,-1.6
85801,2.4
85802,0.8
85803,2.4
85804,0
85805,4
85806,-3.2
85807,-0.8
85808,3.2
85809,2.4
85810,0.8
85811,0
85812,0
85813,0.8
85814,-0.8
85815,-1.6
85816,0.8
85817,1.6
85818,0
85819,0.8
85820,0
85821,0
85822,-0.8
85823,2.4
85824,0.8
85825,-2.4
85826,-0.8
85827,2.4
85828,0.8
85829,0
85830,0.8
85831,0.8
85832,-0.8
85833,-2.4
85834,-3.2
85835,-3.2
85836,0.8
85837,0
85838,5.6
85839,-3.2
85840,-3.2
85841,4
85842,-0.8
85843,0.8
85844,0
85845,0.8
85846,0
85847,-0.8
85848,2.4
85849,-2.4
85850,-1.6
85851,-1.6
85852,-0.8
85853,0.8
85854,1.6
85855,-0.8
85856,0.8
85857,-1.6
85858,-0.8
85859,1.6
85860,1.6
85861,0
85862,-3.2
85863,-3.2
85864,-1.6
85865,2.4
85866,-3.2
85867,4
85868,2.4
85869,0
85870,0
85871,0
85872,0.8
85873,0
85874,2.4
85875,-0.8
85876,-1.6
85877,0
85878,0.8
85879,0
85880,1.6
85881,-0.8
85882,1.6
85883,-2.4
85884,0.8
85885,0.8
85886,-1.6
85887,-2.4
85888,0.8
85889,0.8
85890,-1.6
85891,0.8
85892,0.8
85893,0
85894,0.8
85895,-0.8
85896,1.6
85897,-0.8
85898,-1.6
85899,0
85900,-2.4
85901,2.4
85902,2.4
85903,0.8
85904,0
85905,-3.2
85906,2.4
85907,0
85908,-0.8
85909,0
85910,-2.4
85911,0.8
85912,-1.6
85913,-3.2
85914,-3.2
85915,-0.8
85916,-0.8
85917,0
85918,0.8
85919,1.6
85920,0.8
85921,2.4
85922,-1.6
85923,2.4
85924,0.8
85925,4
85926,-1.6
85927,-4
85928,-1.6
85929,-2.4
85930,-0.8
85931,1.6
85932,2.4
85933,-0.8
85934,-3.2
85935,0
85936,-1.6
85937,0.8
85938,-0.8
85939,-3.2
85940,0
85941,9.6
85942,0.8
85943,4
85944,0.8
85945,-0.8
85946,0.8
85947,2.4
85948,-4
85949,4
85950,3.2
85951,3.2
85952,-0.8
85953,0
85954,-1.6
85955,0
85956,2.4
85957,-3.2
85958,4
85959,-1.6
85960,-0.8
85961,4
85962,0.8
85963,4
85964,2.4
85965,-3.2
85966,-1.6
85967,2.4
85968,2.4
85969,0.8
85970,-1.6
85971,2.4
85972,-2.4
85973,2.4
85974,-5.6
85975,2.4
85976,-3.2
85977,0.8
85978,0
85979,0.8
85980,0.8
85981,2.4
85982,-0.8
85983,-3.2
85984,-1.6
85985,0
85986,-1.6
85987,-2.4
85988,0.8
85989,-3.2
85990,1.6
85991,3.2
85992,-0.8
85993,2.4
85994,-0.8
85995,2.4
85996,2.4
85997,4
85998,-2.4
85999,1.6
86000,0
86001,-0.8
86002,-1.6
86003,2.4
86004,2.4
86005,0.8
86006,6.4
86007,-3.2
86008,2.4
86009,1.6
86010,0
86011,3.2
86012,0.8
86013,0
86014,-3.2
86015,-1.6
86016,2.4
86017,0.8
86018,2.4
86019,0.8
86020,-0.8
86021,0.8
86022,0.8
86023,2.4
86024,-1.6
86025,0.8
86026,0
86027,-0.8
86028,-0.8
86029,0
86030,0.8
86031,0
86032,-2.4
86033,0
86034,-0.8
86035,0
86036,4
86037,0
86038,4
86039,-2.4
86040,2.4
86041,0.8
86042,-1.6
86043,-1.6
86044,0.8
86045,-0.8
86046,-0.8
86047,-1.6
86048,-0.8
86049,0.8
86050,-2.4
86051,0
86052,-0.8
86053,-0.8
86054,2.4
86055,-4
86056,-0.8
86057,0.8
86058,3.2
86059,0.8
86060,-0.8
86061,0
86062,-5.6
86063,0.8
86064,0.8
86065,2.4
86066,-1.6
86067,-0.8
86068,0.8
86069,0
86070,0.8
86071,-2.4
86072,0
86073,0
86074,-3.2
86075,0.8
86076,-3.2
86077,-4.8
86078,-1.6
86079,0.8
86080,0
86081,0.8
86082,-0.8
86083,-6.4
86084,-3.2
86085,0
86086,-0.8
86087,0.8
86088,-8.8
86089,-3.2
86090,0
86091,5.6
86092,0.8
86093,0.8
86094,0
86095,-2.4
86096,-0.8
86097,0.8
86098,-0.8
86099,0
86100,-0.8
86101,0.8
86102,0
86103,-1.6
86104,0.8
86105,-1.6
86106,0.8
86107,0.8
86108,3.2
86109,-0.8
86110,-0.8
86111,2.4
86112,-5.6
86113,-3.2
86114,-1.6
86115,1.6
86116,-0.8
86117,0.8
86118,0.8
86119,-0.8
86120,0.8
86121,-0.8
86122,-1.6
86123,1.6
86124,-3.2
86125,0.8
86126,-1.6
86127,0.8
86128,0
86129,-0.8
86130,-1.6
86131,-1.6
86132,-0.8
86133,-4
86134,-3.2
86135,0.8
86136,0
86137,-0.8
86138,-0.8
86139,-4
86140,2.4
86141,0.8
86142,0.8
86143,-3.2
86144,0.8
86145,0
86146,-1.6
86147,-0.8
86148,1.6
86149,4
86150,-0.8
86151,-0.8
86152,0
86153,0
86154,-2.4
86155,2.4
86156,0
86157,-1.6
86158,-1.6
86159,-1.6
86160,-0.8
86161,0
86162,0.8
86163,0
86164,-0.8
86165,-3.2
86166,-1.6
86167,-1.6
86168,0
86169,0
86170,0
86171,0
86172,-1.6
86173,2.4
86174,-0.8
86175,-3.2
86176,0.8
86177,-1.6
86178,-3.2
86179,0
86180,0
86181,2.4
86182,-0.8
86183,-1.6
86184,2.4
86185,0
86186,-0.8
86187,-4
86188,-0.8
86189,0
86190,-1.6
86191,0.8
86192,0.8
86193,-0.8
86194,2.4
86195,0.8
86196,0
86197,-3.2
86198,-1.6
86199,-0.8
86200,0.8
86201,1.6
86202,-2.4
86203,0.8
86204,2.4
86205,0
86206,-2.4
86207,0
86208,2.4
86209,-0.8
86210,2.4
86211,1.6
86212,2.4
86213,-3.2
86214,0.8
86215,1.6
86216,-2.4
86217,-2.4
86218,-1.6
86219,-1.6
86220,0.8
86221,-3.2
86222,-0.8
86223,2.4
86224,0
86225,0
86226,-0.8
86227,0
86228,2.4
86229,0
86230,-0.8
86231,0
86232,0
86233,0
86234,-0.8
86235,-0.8
86236,-0.8
86237,0
86238,-1.6
86239,-0.8
86240,3.2
86241,2.4
86242,0.8
86243,2.4
86244,1.6
86245,0
86246,-4.8
86247,7.2
86248,-0.8
86249,2.4
86250,0
86251,-0.8
86252,2.4
86253,0.8
86254,-0.8
86255,-0.8
86256,-3.2
86257,0.8
86258,-0.8
86259,0
86260,-1.6
86261,-0.8
86262,-3.2
86263,0
86264,0.8
86265,3.2
86266,-5.6
86267,-4
86268,-3.2
86269,1.6
86270,-0.8
86271,0
86272,0
86273,0.8
86274,-1.6
86275,-0.8
86276,-0.8
86277,2.4
86278,0.8
86279,-0.8
86280,-3.2
86281,-2.4
86282,0.8
86283,0.8
86284,0.8
86285,0.8
86286,0
86287,-0.8
86288,-3.2
86289,-4.8
86290,-5.6
86291,0.8
86292,2.4
86293,0
86294,0
86295,0
86296,2.4
86297,-0.8
86298,-0.8
86299,-7.2
86300,0.8
86301,-0.8
86302,2.4
86303,0
86304,0.8
86305,0.8
86306,0
86307,-1.6
86308,4
86309,0
86310,-0.8
86311,0.8
86312,2.4
86313,0
86314,0.8
86315,-0.8
86316,2.4
86317,2.4
86318,0.8
86319,-1.6
86320,0.8
86321,0
86322,0
86323,-4
86324,-0.8
86325,0
86326,0.8
86327,0
86328,-3.2
86329,-0.8
86330,-0.8
86331,2.4
86332,1.6
86333,-1.6
86334,-6.4
86335,0
86336,0.8
86337,-3.2
86338,-1.6
86339,2.4
86340,0.8
86341,-1.6
86342,2.4
86343,-1.6
86344,-2.4
86345,0.8
86346,0
86347,-0.8
86348,-0.8
86349,0.8
86350,-3.2
86351,2.4
86352,0
86353,1.6
86354,0
86355,-0.8
86356,0
86357,1.6
86358,0
86359,0.8
86360,0.8
86361,0.8
86362,2.4
86363,1.6
86364,0
86365,2.4
86366,2.4
86367,2.4
86368,0.8
86369,0
86370,0.8
86371,-0.8
86372,-1.6
86373,5.6
86374,4
86375,-0.8
86376,-1.6
86377,-0.8
86378,0
86379,2.4
86380,0
86381,-4
86382,2.4
86383,0.8
86384,-0.8
86385,0
86386,0
86387,0.8
86388,-1.6
86389,2.4
86390,-0.8
86391,2.4
86392,-0.8
86393,0.8
86394,1.6
86395,-0.8
86396,0.8
86397,0
86398,2.4
86399,-3.2
86400,-0.8
86401,-0.8
86402,4
86403,0
86404,-5.6
86405,-3.2
86406,0
86407,-1.6
86408,2.4
86409,-1.6
86410,0
86411,0.8
86412,0
86413,0.8
86414,-0.8
86415,-4.8
86416,-4.8
86417,-8.8
86418,1.6
86419,-1.6
86420,0
86421,0.8
86422,-0.8
86423,-1.6
86424,0
86425,0
86426,-3.2
86427,0
86428,2.4
86429,-2.4
86430,-1.6
86431,0
86432,-0.8
86433,-0.8
86434,0
86435,0
86436,0
86437,0
86438,2.4
86439,-4.8
86440,4
86441,2.4
86442,-0.8
86443,2.4
86444,0
86445,0
86446,-0.8
86447,-4
86448,1.6
86449,-0.8
86450,0
86451,0.8
86452,-0.8
86453,-4
86454,-4
86455,0.8
86456,0.8
86457,2.4
86458,-0.8
86459,-4.8
86460,-0.8
86461,-0.8
86462,0.8
86463,-0.8
86464,2.4
86465,-0.8
86466,-3.2
86467,2.4
86468,-0.8
86469,0
86470,0
86471,-0.8
86472,-2.4
86473,-1.6
86474,-1.6
86475,-1.6
86476,-4
86477,0
86478,-0.8
86479,-1.6
86480,0
86481,-0.8
86482,-3.2
86483,-2.4
86484,-2.4
86485,-3.2
86486,1.6
86487,-0.8
86488,-0.8
86489,0
86490,2.4
86491,4
86492,0.8
86493,0
86494,0.8
86495,1.6
86496,2.4
86497,0
86498,-2.4
86499,2.4
86500,0.8
86501,0.8
86502,0.8
86503,0
86504,0
86505,-3.2
86506,0
86507,2.4
86508,-0.8
86509,-1.6
86510,1.6
86511,1.6
86512,-3.2
86513,-3.2
86514,-0.8
86515,-1.6
86516,-4
86517,0
86518,2.4
86519,0.8
86520,2.4
86521,0.8
86522,-3.2
86523,-4
86524,-0.8
86525,-3.2
86526,-3.2
86527,0.8
86528,-0.8
86529,0
86530,-1.6
86531,-1.6
86532,-1.6
86533,-5.6
86534,-0.8
86535,0.8
86536,-8.8
86537,2.4
86538,0.8
86539,0
86540,-3.2
86541,1.6
86542,-3.2
86543,0
86544,0
86545,1.6
86546,2.4
86547,-0.8
86548,-2.4
86549,0.8
86550,0
86551,0.8
86552,-1.6
86553,0.8
86554,-1.6
86555,2.4
86556,-2.4
86557,3.2
86558,-0.8
86559,-6.4
86560,2.4
86561,-1.6
86562,0.8
86563,2.4
86564,2.4
86565,2.4
86566,0
86567,-1.6
86568,0.8
86569,-1.6
86570,1.6
86571,-3.2
86572,-2.4
86573,4
86574,-0.8
86575,-0.8
86576,-0.8
86577,0
86578,1.6
86579,-2.4
86580,-1.6
86581,4
86582,0.8
86583,-4.8
86584,-3.2
86585,0
86586,-0.8
86587,4
86588,-0.8
86589,-4.8
86590,0.8
86591,0
86592,-3.2
86593,0.8
86594,1.6
86595,4
86596,0.8
86597,2.4
86598,0
86599,6.4
86600,-3.2
86601,0.8
86602,4
86603,0
86604,2.4
86605,-0.8
86606,-0.8
86607,-1.6
86608,-2.4
86609,0
86610,2.4
86611,0.8
86612,-2.4
86613,0
86614,2.4
86615,0.8
86616,0
86617,-2.4
86618,0.8
86619,0.8
86620,1.6
86621,2.4
86622,-4
86623,0.8
86624,0.8
86625,0
86626,0.8
86627,-0.8
86628,2.4
86629,-0.8
86630,0
86631,0
86632,-1.6
86633,-3.2
86634,-2.4
86635,0
86636,-3.2
86637,0
86638,0.8
86639,-0.8
86640,0
86641,0
86642,3.2
86643,0
86644,0.8
86645,0
86646,2.4
86647,0
86648,0.8
86649,-0.8
86650,5.6
86651,0.8
86652,2.4
86653,-0.8
86654,-1.6
86655,2.4
86656,0.8
86657,-0.8
86658,-0.8
86659,-3.2
86660,0
86661,2.4
86662,0.8
86663,4
86664,-3.2
86665,-0.8
86666,-0.8
86667,0
86668,4
86669,0.8
86670,1.6
86671,0
86672,0.8
86673,0.8
86674,0
86675,0.8
86676,-3.2
86677,0
86678,-2.4
86679,-3.2
86680,-1.6
86681,-2.4
86682,0
86683,-3.2
86684,-0.8
86685,0
86686,-1.6
86687,-3.2
86688,2.4
86689,-2.4
86690,-0.8
86691,0
86692,5.6
86693,0
86694,-1.6
86695,-0.8
86696,-3.2
86697,-2.4
86698,0.8
86699,-0.8
86700,-5.6
86701,0
86702,0
86703,2.4
86704,0.8
86705,-1.6
86706,2.4
86707,2.4
86708,0.8
86709,-3.2
86710,-0.8
86711,2.4
86712,0.8
86713,0.8
86714,0.8
86715,0.8
86716,-1.6
86717,4
86718,-2.4
86719,0
86720,0
86721,-0.8
86722,-2.4
86723,0.8
86724,-4
86725,-0.8
86726,0
86727,2.4
86728,-0.8
86729,0
86730,0
86731,-5.6
86732,0.8
86733,-4
86734,1.6
86735,0.8
86736,-0.8
86737,0.8
86738,2.4
86739,0
86740,-3.2
86741,3.2
86742,0.8
86743,0.8
86744,0.8
86745,1.6
86746,-0.8
86747,0
86748,0
86749,0
86750,-0.8
86751,0.8
86752,0.8
86753,-4
86754,0
86755,0
86756,0
86757,0
86758,2.4
86759,-2.4
86760,-2.4
86761,-0.8
86762,0
86763,4
86764,1.6
86765,0.8
86766,0.8
86767,-0.8
86768,2.4
86769,0.8
86770,0.8
86771,0.8
86772,-2.4
86773,-3.2
86774,0.8
86775,4
86776,0
86777,0.8
86778,-3.2
86779,-1.6
86780,0.8
86781,0
86782,0
86783,-1.6
86784,0
86785,-0.8
86786,-0.8
86787,0
86788,0
86789,-1.6
86790,0.8
86791,2.4
86792,-1.6
86793,0.8
86794,1.6
86795,0.8
86796,0.8
86797,0
86798,1.6
86799,1.6
86800,0
86801,2.4
86802,2.4
86803,2.4
86804,2.4
86805,-0.8
86806,0.8
86807,-1.6
86808,2.4
86809,0.8
86810,0
86811,0.8
86812,0
86813,0
86814,2.4
86815,2.4
86816,-5.6
86817,-4
86818,0
86819,-0.8
86820,-4
86821,0.8
86822,-7.2
86823,0.8
86824,-1.6
86825,4
86826,-2.4
86827,-0.8
86828,-2.4
86829,-3.2
86830,0
86831,-1.6
86832,1.6
86833,0.8
86834,0.8
86835,0.8
86836,0
86837,-0.8
86838,0.8
86839,-4
86840,3.2
86841,-0.8
86842,0
86843,-0.8
86844,-1.6
86845,-1.6
86846,-0.8
86847,2.4
86848,0
86849,0
86850,-2.4
86851,1.6
86852,-1.6
86853,0
86854,2.4
86855,0
86856,-3.2
86857,-0.8
86858,1.6
86859,-4
86860,1.6
86861,2.4
86862,-0.8
86863,0.8
86864,0
86865,-1.6
86866,0.8
86867,-0.8
86868,1.6
86869,-1.6
86870,0
86871,0.8
86872,-4
86873,-0.8
86874,-0.8
86875,2.4
86876,-0.8
86877,-0.8
86878,-0.8
86879,-2.4
86880,-0.8
86881,0.8
86882,-2.4
86883,0
86884,-1.6
86885,-0.8
86886,2.4
86887,-0.8
86888,-1.6
86889,-2.4
86890,2.4
86891,2.4
86892,0
86893,-0.8
86894,0
86895,0
86896,2.4
86897,2.4
86898,2.4
86899,1.6
86900,-1.6
86901,0.8
86902,2.4
86903,-0.8
86904,-2.4
86905,0
86906,-3.2
86907,0.8
86908,3.2
86909,0.8
86910,-2.4
86911,-1.6
86912,0.8
86913,-1.6
86914,0
86915,2.4
86916,0
86917,2.4
86918,2.4
86919,0.8
86920,0.8
86921,-0.8
86922,0
86923,-3.2
86924,-1.6
86925,0.8
86926,-3.2
86927,0
86928,0.8
86929,-0.8
86930,-0.8
86931,2.4
86932,1.6
86933,-1.6
86934,1.6
86935,0.8
86936,0
86937,-3.2
86938,-11.2
86939,0
86940,0.8
86941,4
86942,1.6
86943,0
86944,0
86945,0
86946,0.8
86947,0.8
86948,-3.2
86949,2.4
86950,-5.6
86951,-0.8
86952,-3.2
86953,0
86954,-0.8
86955,-0.8
86956,-3.2
86957,2.4
86958,2.4
86959,0
86960,0.8
86961,0
86962,1.6
86963,0
86964,0
86965,2.4
86966,-2.4
86967,-1.6
86968,-0.8
86969,0
86970,-0.8
86971,-3.2
86972,-0.8
86973,0.8
86974,-1.6
86975,2.4
86976,-3.2
86977,0.8
86978,-1.6
86979,0
86980,2.4
86981,-1.6
86982,0
86983,-0.8
86984,0.8
86985,0.8
86986,-3.2
86987,0
86988,-0.8
86989,-0.8
86990,-3.2
86991,-1.6
86992,0.8
86993,0
86994,-0.8
86995,0.8
86996,0.8
86997,1.6
86998,1.6
86999,0.8
87000,-3.2
87001,0
87002,1.6
87003,1.6
87004,3.2
87005,-0.8
87006,-0.8
87007,-0.8
87008,2.4
87009,7.2
87010,0.8
87011,0.8
87012,0
87013,2.4
87014,-3.2
87015,-0.8
87016,-4.8
87017,-3.2
87018,-2.4
87019,-1.6
87020,2.4
87021,0
87022,0.8
87023,0
87024,-3.2
87025,0.8
87026,-0.8
87027,0
87028,-3.2
87029,1.6
87030,-1.6
87031,-5.6
87032,-1.6
87033,-0.8
87034,2.4
87035,0.8
87036,0
87037,2.4
87038,-0.8
87039,-5.6
87040,1.6
87041,0.8
87042,0
87043,-2.4
87044,-0.8
87045,0.8
87046,0
87047,0.8
87048,2.4
87049,-2.4
87050,0
87051,2.4
87052,2.4
87053,3.2
87054,-0.8
87055,2.4
87056,-3.2
87057,2.4
87058,0.8
87059,5.6
87060,0
87061,0
87062,0
87063,-0.8
87064,-0.8
87065,2.4
87066,-0.8
87067,-5.6
87068,-0.8
87069,-0.8
87070,2.4
87071,-0.8
87072,0
87073,0.8
87074,2.4
87075,0
87076,0
87077,1.6
87078,0
87079,0.8
87080,0
87081,0
87082,3.2
87083,2.4
87084,0
87085,2.4
87086,-0.8
87087,0
87088,0
87089,2.4
87090,1.6
87091,2.4
87092,-1.6
87093,1.6
87094,0
87095,0
87096,0.8
87097,0
87098,2.4
87099,-1.6
87100,0.8
87101,2.4
87102,0.8
87103,0.8
87104,0.8
87105,-3.2
87106,-4
87107,-2.4
87108,2.4
87109,0.8
87110,-0.8
87111,0.8
87112,-1.6
87113,-1.6
87114,-3.2
87115,0.8
87116,3.2
87117,0
87118,0.8
87119,0
87120,0.8
87121,0.8
87122,-3.2
87123,0.8
87124,2.4
87125,0
87126,0
87127,-0.8
87128,2.4
87129,-2.4
87130,1.6
87131,-3.2
87132,-0.8
87133,-4
87134,-1.6
87135,0
87136,-0.8
87137,-2.4
87138,-1.6
87139,-2.4
87140,-3.2
87141,1.6
87142,4
87143,0.8
87144,5.6
87145,-1.6
87146,-3.2
87147,-0.8
87148,0.8
87149,4
87150,2.4
87151,2.4
87152,0.8
87153,2.4
87154,0.8
87155,4
87156,0
87157,-4
87158,-1.6
87159,-3.2
87160,0
87161,1.6
87162,0
87163,0
87164,3.2
87165,-0.8
87166,8
87167,0
87168,-0.8
87169,0
87170,-0.8
87171,-2.4
87172,-1.6
87173,-1.6
87174,3.2
87175,0.8
87176,-0.8
87177,0.8
87178,-0.8
87179,-0.8
87180,-0.8
87181,0.8
87182,2.4
87183,-1.6
87184,4
87185,0.8
87186,0
87187,-2.4
87188,-3.2
87189,-9.6
87190,0.8
87191,0.8
87192,0
87193,-0.8
87194,-0.8
87195,2.4
87196,0
87197,4
87198,-3.2
87199,-3.2
87200,-1.6
87201,0
87202,-3.2
87203,-2.4
87204,0.8
87205,-1.6
87206,-2.4
87207,2.4
87208,0.8
87209,-1.6
87210,2.4
87211,-1.6
87212,4
87213,-0.8
87214,-1.6
87215,-5.6
87216,0
87217,-3.2
87218,-1.6
87219,0.8
87220,0.8
87221,0
87222,0
87223,0
87224,2.4
87225,-0.8
87226,-4
87227,0.8
87228,0.8
87229,1.6
87230,-3.2
87231,4
87232,0.8
87233,-1.6
87234,0
87235,0
87236,-3.2
87237,-0.8
87238,-3.2
87239,0.8
87240,-5.6
87241,-0.8
87242,2.4
87243,0.8
87244,5.6
87245,0
87246,1.6
87247,0.8
87248,2.4
87249,1.6
87250,2.4
87251,2.4
87252,2.4
87253,0
87254,0
87255,0.8
87256,-3.2
87257,2.4
87258,4
87259,-0.8
87260,2.4
87261,6.4
87262,0.8
87263,0.8
87264,2.4
87265,1.6
87266,0.8
87267,0
87268,-0.8
87269,-1.6
87270,0.8
87271,0
87272,-0.8
87273,-1.6
87274,-2.4
87275,4
87276,2.4
87277,0
87278,-3.2
87279,0.8
87280,-0.8
87281,5.6
87282,0
87283,-3.2
87284,0
87285,1.6
87286,-2.4
87287,2.4
87288,0.8
87289,-4
87290,2.4
87291,2.4
87292,-4.8
87293,-3.2
87294,4
87295,0
87296,2.4
87297,-3.2
87298,-3.2
87299,0.8
87300,0.8
87301,1.6
87302,0.8
87303,1.6
87304,1.6
87305,1.6
87306,2.4
87307,-4
87308,0
87309,0.8
87310,0.8
87311,0
87312,-4
87313,-0.8
87314,0.8
87315,-3.2
87316,-3.2
87317,0
87318,0.8
87319,-0.8
87320,-0.8
87321,0
87322,0.8
87323,0.8
87324,0.8
87325,2.4
87326,1.6
87327,0
87328,0.8
87329,0
87330,0.8
87331,2.4
87332,2.4
87333,-0.8
87334,0
87335,0
87336,-1.6
87337,2.4
87338,-1.6
87339,-1.6
87340,0.8
87341,4
87342,4
87343,-0.8
87344,1.6
87345,-0.8
87346,2.4
87347,0.8
87348,-1.6
87349,-1.6
87350,0
87351,0
87352,-0.8
87353,0
87354,-1.6
87355,-0.8
87356,1.6
87357,4
87358,0.8
87359,1.6
87360,2.4
87361,-0.8
87362,4
87363,0.8
87364,-2.4
87365,-2.4
87366,-3.2
87367,-3.2
87368,-0.8
87369,-1.6
87370,0.8
87371,0
87372,-1.6
87373,-9.6
87374,-3.2
87375,1.6
87376,-0.8
87377,-0.8
87378,-0.8
87379,2.4
87380,2.4
87381,1.6
87382,0
87383,0
87384,0
87385,0.8
87386,-2.4
87387,0.8
87388,-0.8
87389,0
87390,-3.2
87391,0.8
87392,-1.6
87393,2.4
87394,1.6
87395,-0.8
87396,0
87397,-2.4
87398,2.4
87399,-1.6
87400,-2.4
87401,-1.6
87402,0
87403,-0.8
87404,-0.8
87405,1.6
87406,0
87407,2.4
87408,0.8
87409,0
87410,0.8
87411,-3.2
87412,-0.8
87413,2.4
87414,-3.2
87415,-3.2
87416,-2.4
87417,0.8
87418,2.4
87419,-3.2
87420,-1.6
87421,1.6
87422,0.8
87423,-2.4
87424,-0.8
87425,-2.4
87426,-0.8
87427,-1.6
87428,0.8
87429,0
87430,0.8
87431,2.4
87432,-0.8
87433,-5.6
87434,0
87435,-0.8
87436,4
87437,0.8
87438,0
87439,0.8
87440,-0.8
87441,1.6
87442,0
87443,0
87444,0
87445,0
87446,-0.8
87447,0.8
87448,0.8
87449,0
87450,-1.6
87451,0.8
87452,0
87453,0
87454,2.4
87455,-0.8
87456,0.8
87457,-3.2
87458,-1.6
87459,-1.6
87460,0.8
87461,8
87462,2.4
87463,2.4
87464,0.8
87465,-3.2
87466,0.8
87467,-1.6
87468,-1.6
87469,0.8
87470,0
87471,-0.8
87472,-2.4
87473,-3.2
87474,-0.8
87475,-0.8
87476,-0.8
87477,0
87478,0
87479,2.4
87480,-0.8
87481,-8.8
87482,-1.6
87483,0.8
87484,0
87485,0.8
87486,-1.6
87487,-1.6
87488,-1.6
87489,-0.8
87490,0.8
87491,0.8
87492,-4
87493,-0.8
87494,0.8
87495,2.4
87496,-0.8
87497,2.4
87498,0.8
87499,1.6
87500,-0.8
87501,0.8
87502,2.4
87503,0
87504,0
87505,-3.2
87506,-3.2
87507,-0.8
87508,0
87509,4
87510,-3.2
87511,1.6
87512,0
87513,-2.4
87514,4
87515,0.8
87516,-1.6
87517,-3.2
87518,0
87519,-0.8
87520,-0.8
87521,-1.6
87522,2.4
87523,-7.2
87524,0
87525,0
87526,-0.8
87527,0.8
87528,-1.6
87529,-5.6
87530,0.8
87531,-0.8
87532,0
87533,-1.6
87534,0
87535,-3.2
87536,0
87537,-0.8
87538,-0.8
87539,-3.2
87540,0
87541,2.4
87542,-3.2
87543,2.4
87544,-0.8
87545,0
87546,0
87547,-0.8
87548,0
87549,2.4
87550,-0.8
87551,2.4
87552,0
87553,-0.8
87554,2.4
87555,-3.2
87556,-4
87557,2.4
87558,1.6
87559,2.4
87560,2.4
87561,3.2
87562,1.6
87563,0
87564,0
87565,-0.8
87566,0
87567,2.4
87568,0
87569,0
87570,0
87571,-0.8
87572,2.4
87573,-4
87574,1.6
87575,0
87576,-3.2
87577,0.8
87578,-0.8
87579,0
87580,2.4
87581,-1.6
87582,2.4
87583,-2.4
87584,4
87585,-1.6
87586,0
87587,-1.6
87588,0.8
87589,-5.6
87590,4
87591,5.6
87592,1.6
87593,-8.8
87594,0
87595,-1.6
87596,4
87597,-3.2
87598,2.4
87599,0
87600,-1.6
87601,0.8
87602,0
87603,1.6
87604,2.4
87605,2.4
87606,-0.8
87607,2.4
87608,0.8
87609,0.8
87610,-4
87611,-0.8
87612,1.6
87613,0
87614,-3.2
87615,-3.2
87616,-2.4
87617,2.4
87618,0
87619,-1.6
87620,0.8
87621,-0.8
87622,-2.4
87623,0.8
87624,0
87625,-1.6
87626,0.8
87627,0.8
87628,2.4
87629,-2.4
87630,2.4
87631,0
87632,-4
87633,-4
87634,0.8
87635,2.4
87636,-3.2
87637,3.2
87638,-0.8
87639,-2.4
87640,0
87641,3.2
87642,1.6
87643,-0.8
87644,0.8
87645,2.4
87646,0.8
87647,0
87648,-1.6
87649,4
87650,-1.6
87651,2.4
87652,-1.6
87653,-2.4
87654,-1.6
87655,-3.2
87656,2.4
87657,0
87658,0.8
87659,-1.6
87660,-3.2
87661,-1.6
87662,-4
87663,0.8
87664,-0.8
87665,-3.2
87666,2.4
87667,9.6
87668,0.8
87669,0.8
87670,0.8
87671,0.8
87672,-3.2
87673,1.6
87674,-0.8
87675,1.6
87676,-1.6
87677,0
87678,-0.8
87679,2.4
87680,-1.6
87681,0
87682,0.8
87683,-3.2
87684,0.8
87685,-1.6
87686,-2.4
87687,0.8
87688,1.6
87689,-0.8
87690,-3.2
87691,2.4
87692,1.6
87693,0
87694,-0.8
87695,-1.6
87696,-0.8
87697,1.6
87698,2.4
87699,1.6
87700,-3.2
87701,2.4
87702,-0.8
87703,-0.8
87704,0
87705,0.8
87706,0.8
87707,0.8
87708,1.6
87709,-0.8
87710,-4
87711,-0.8
87712,5.6
87713,2.4
87714,-3.2
87715,-3.2
87716,-4
87717,-8.8
87718,-1.6
87719,-0.8
87720,0.8
87721,0.8
87722,0.8
87723,-0.8
87724,-2.4
87725,0.8
87726,-1.6
87727,-1.6
87728,-0.8
87729,-3.2
87730,-3.2
87731,-1.6
87732,1.6
87733,0
87734,2.4
87735,0
87736,-0.8
87737,0.8
87738,1.6
87739,-3.2
87740,-3.2
87741,0.8
87742,0
87743,-1.6
87744,-1.6
87745,-3.2
87746,-2.4
87747,1.6
87748,-1.6
87749,-2.4
87750,0
87751,2.4
87752,0
87753,1.6
87754,0
87755,-0.8
87756,-1.6
87757,2.4
87758,2.4
87759,0
87760,-2.4
87761,0
87762,-2.4
87763,0.8
87764,2.4
87765,-2.4
87766,0.8
87767,-0.8
87768,-0.8
87769,0
87770,2.4
87771,0
87772,3.2
87773,0
87774,-1.6
87775,1.6
87776,-2.4
87777,3.2
87778,0.8
87779,1.6
87780,-2.4
87781,-3.2
87782,2.4
87783,-3.2
87784,-0.8
87785,-1.6
87786,-1.6
87787,0
87788,-4
87789,-4
87790,-1.6
87791,-0.8
87792,0
87793,-4
87794,0.8
87795,0.8
87796,1.6
87797,3.2
87798,0
87799,4
87800,-0.8
87801,6.4
87802,3.2
87803,0
87804,-1.6
87805,-0.8
87806,-0.8
87807,-0.8
87808,5.6
87809,0.8
87810,-1.6
87811,2.4
87812,0
87813,1.6
87814,2.4
87815,4
87816,0.8
87817,0.8
87818,0.8
87819,-0.8
87820,0
87821,0.8
87822,-0.8
87823,-0.8
87824,-0.8
87825,-3.2
87826,-1.6
87827,0.8
87828,-3.2
87829,-4
87830,-0.8
87831,-3.2
87832,0.8
87833,-2.4
87834,0.8
87835,0
87836,-2.4
87837,-1.6
87838,-4.8
87839,-2.4
87840,0
87841,2.4
87842,0
87843,0
87844,-0.8
87845,0
87846,0
87847,-3.2
87848,-3.2
87849,3.2
87850,-1.6
87851,0
87852,0
87853,0.8
87854,2.4
87855,1.6
87856,2.4
87857,0
87858,0.8
87859,0.8
87860,0
87861,2.4
87862,-1.6
87863,0
87864,-1.6
87865,2.4
87866,-4
87867,1.6
87868,0
87869,0.8
87870,-0.8
87871,0
87872,-0.8
87873,-2.4
87874,0
87875,0.8
87876,-1.6
87877,-3.2
87878,0
87879,2.4
87880,-0.8
87881,-3.2
87882,-2.4
87883,0
87884,-0.8
87885,0
87886,-3.2
87887,0
87888,0
87889,0.8
87890,-3.2
87891,-1.6
87892,2.4
87893,0.8
87894,0
87895,0
87896,-2.4
87897,0
87898,0
87899,4
87900,-0.8
87901,0.8
87902,1.6
87903,0
87904,1.6
87905,2.4
87906,0.8
87907,-0.8
87908,2.4
87909,0.8
87910,2.4
87911,-0.8
87912,-0.8
87913,-3.2
87914,-3.2
87915,-3.2
87916,-2.4
87917,0.8
87918,-0.8
87919,2.4
87920,0
87921,-4
87922,0
87923,-0.8
87924,0.8
87925,2.4
87926,-0.8
87927,0.8
87928,4
87929,0
87930,0
87931,-2.4
87932,0.8
87933,-0.8
87934,3.2
87935,0
87936,-1.6
87937,-3.2
87938,-4.8
87939,-0.8
87940,0
87941,-0.8
87942,-0.8
87943,0.8
87944,0
87945,0.8
87946,0.8
87947,0.8
87948,0
87949,0
87950,0
87951,0
87952,1.6
87953,2.4
87954,0
87955,-0.8
87956,-1.6
87957,0
87958,2.4
87959,0.8
87960,-0.8
87961,0
87962,0.8
87963,2.4
87964,2.4
87965,4
87966,-4.8
87967,-1.6
87968,4
87969,-10.4
87970,-0.8
87971,-0.8
87972,-0.8
87973,2.4
87974,0
87975,0.8
87976,2.4
87977,0
87978,0
87979,0
87980,-0.8
87981,0
87982,-1.6
87983,-4
87984,-3.2
87985,0
87986,-0.8
87987,1.6
87988,0.8
87989,1.6
87990,0.8
87991,2.4
87992,-1.6
87993,0
87994,0
87995,-0.8
87996,0.8
87997,-1.6
87998,0
87999,2.4
88000,-1.6
88001,0.8
88002,-1.6
88003,-2.4
88004,-0.8
88005,0.8
88006,-3.2
88007,-1.6
88008,1.6
88009,2.4
88010,1.6
88011,0
88012,-2.4
88013,1.6
88014,0.8
88015,0
88016,-4
88017,4
88018,-4
88019,0
88020,1.6
88021,0
88022,2.4
88023,2.4
88024,-0.8
88025,0
88026,-3.2
88027,-0.8
88028,1.6
88029,-0.8
88030,2.4
88031,-1.6
88032,-0.8
88033,-3.2
88034,0
88035,-0.8
88036,-1.6
88037,0
88038,-1.6
88039,1.6
88040,-3.2
88041,-3.2
88042,-1.6
88043,0.8
88044,-1.6
88045,-1.6
88046,-0.8
88047,-3.2
88048,-1.6
88049,0
88050,-3.2
88051,2.4
88052,4
88053,0.8
88054,1.6
88055,-0.8
88056,-3.2
88057,-3.2
88058,0
88059,0.8
88060,0
88061,0
88062,-0.8
88063,2.4
88064,-2.4
88065,0
88066,-3.2
88067,2.4
88068,-0.8
88069,0.8
88070,0.8
88071,0.8
88072,0.8
88073,2.4
88074,0
88075,1.6
88076,-2.4
88077,2.4
88078,0.8
88079,0
88080,0.8
88081,-3.2
88082,0.8
88083,-3.2
88084,0.8
88085,-1.6
88086,-0.8
88087,0
88088,-0.8
88089,1.6
88090,-3.2
88091,-3.2
88092,4
88093,-0.8
88094,0.8
88095,-1.6
88096,2.4
88097,0
88098,0.8
88099,1.6
88100,-0.8
88101,0.8
88102,0.8
88103,-0.8
88104,0
88105,0.8
88106,1.6
88107,-3.2
88108,-1.6
88109,-0.8
88110,0.8
88111,-3.2
88112,-1.6
88113,-9.6
88114,-4.8
88115,0.8
88116,0
88117,-1.6
88118,7.2
88119,-0.8
88120,0
88121,-2.4
88122,-3.2
88123,-0.8
88124,2.4
88125,2.4
88126,0
88127,-4
88128,-3.2
88129,1.6
88130,-0.8
88131,0
88132,-3.2
88133,-1.6
88134,0
88135,-0.8
88136,-0.8
88137,0
88138,3.2
88139,-0.8
88140,-3.2
88141,2.4
88142,2.4
88143,-1.6
88144,0
88145,-4.8
88146,-3.2
88147,-4
88148,0
88149,-0.8
88150,-0.8
88151,0.8
88152,1.6
88153,2.4
88154,0.8
88155,2.4
88156,0.8
88157,0.8
88158,0.8
88159,2.4
88160,0.8
88161,0
88162,-3.2
88163,4
88164,2.4
88165,2.4
88166,-2.4
88167,0.8
88168,0.8
88169,-4
88170,-4
88171,0
88172,-3.2
88173,0
88174,2.4
88175,2.4
88176,-0.8
88177,0.8
88178,2.4
88179,-0.8
88180,0
88181,1.6
88182,-0.8
88183,-2.4
88184,-0.8
88185,0
88186,-2.4
88187,0.8
88188,0.8
88189,-0.8
88190,-3.2
88191,0
88192,0
88193,1.6
88194,2.4
88195,2.4
88196,0
88197,0.8
88198,2.4
88199,2.4
88200,0.8
88201,0.8
88202,2.4
88203,-0.8
88204,-0.8
88205,2.4
88206,0
88207,0
88208,2.4
88209,0.8
88210,1.6
88211,0
88212,0.8
88213,-3.2
88214,-3.2
88215,0
88216,-3.2
88217,-1.6
88218,-4
88219,0
88220,-3.2
88221,0
88222,-4
88223,0
88224,0.8
88225,4
88226,-1.6
88227,3.2
88228,-3.2
88229,-0.8
88230,0.8
88231,0
88232,-0.8
88233,-3.2
88234,0.8
88235,0
88236,0
88237,0.8
88238,-1.6
88239,2.4
88240,0
88241,2.4
88242,-1.6
88243,0
88244,0
88245,-0.8
88246,-0.8
88247,0
88248,0
88249,0.8
88250,-0.8
88251,0.8
88252,2.4
88253,0.8
88254,2.4
88255,-2.4
88256,-3.2
88257,4
88258,4
88259,-1.6
88260,0.8
88261,0.8
88262,-0.8
88263,-2.4
88264,-3.2
88265,1.6
88266,2.4
88267,0
88268,-3.2
88269,2.4
88270,-1.6
88271,0
88272,2.4
88273,-1.6
88274,0
88275,0.8
88276,-0.8
88277,-2.4
88278,0.8
88279,0
88280,1.6
88281,0.8
88282,-1.6
88283,-4
88284,0
88285,0.8
88286,-0.8
88287,-1.6
88288,-0.8
88289,0.8
88290,0.8
88291,2.4
88292,0
88293,0
88294,2.4
88295,-2.4
88296,-0.8
88297,-0.8
88298,-3.2
88299,-1.6
88300,-0.8
88301,0
88302,0
88303,0.8
88304,2.4
88305,0.8
88306,-1.6
88307,0
88308,1.6
88309,-0.8
88310,0
88311,2.4
88312,2.4
88313,0.8
88314,0
88315,1.6
88316,0
88317,2.4
88318,-1.6
88319,0.8
88320,2.4
88321,-4
88322,-2.4
88323,2.4
88324,0.8
88325,7.2
88326,-1.6
88327,0.8
88328,0
88329,0.8
88330,-1.6
88331,-0.8
88332,2.4
88333,0
88334,1.6
88335,0
88336,0.8
88337,2.4
88338,-3.2
88339,-1.6
88340,-2.4
88341,2.4
88342,2.4
88343,2.4
88344,0.8
88345,-0.8
88346,1.6
88347,-1.6
88348,2.4
88349,0.8
88350,-1.6
88351,0.8
88352,2.4
88353,2.4
88354,2.4
88355,2.4
88356,2.4
88357,1.6
88358,1.6
88359,-1.6
88360,-1.6
88361,0.8
88362,-0.8
88363,0
88364,4
88365,-0.8
88366,-5.6
88367,2.4
88368,0
88369,0.8
88370,0.8
88371,0.8
88372,-0.8
88373,-2.4
88374,0.8
88375,1.6
88376,-4
88377,-0.8
88378,-3.2
88379,-4
88380,0
88381,2.4
88382,0.8
88383,-3.2
88384,0
88385,2.4
88386,0
88387,0.8
88388,-3.2
88389,-1.6
88390,-0.8
88391,5.6
88392,0
88393,0
88394,1.6
88395,-0.8
88396,0.8
88397,-2.4
88398,-0.8
88399,-1.6
88400,-3.2
88401,0.8
88402,-0.8
88403,-0.8
88404,0.8
88405,0.8
88406,0
88407,2.4
88408,4
88409,-2.4
88410,0
88411,1.6
88412,-0.8
88413,-1.6
88414,1.6
88415,-4
88416,0.8
88417,2.4
88418,-0.8
88419,-0.8
88420,0.8
88421,-1.6
88422,-1.6
88423,-5.6
88424,0
88425,2.4
88426,-3.2
88427,2.4
88428,2.4
88429,-1.6
88430,0
88431,0
88432,0
88433,-4
88434,0
88435,2.4
88436,-0.8
88437,0.8
88438,-0.8
88439,0.8
88440,0
88441,-0.8
88442,0.8
88443,0
88444,0
88445,0
88446,-2.4
88447,2.4
88448,-3.2
88449,0.8
88450,-1.6
88451,2.4
88452,-0.8
88453,-1.6
88454,2.4
88455,2.4
88456,2.4
88457,-2.4
88458,4
88459,2.4
88460,0.8
88461,0.8
88462,0.8
88463,0
88464,-0.8
88465,-0.8
88466,0
88467,2.4
88468,0
88469,1.6
88470,-0.8
88471,0
88472,-2.4
88473,-1.6
88474,0
88475,1.6
88476,-3.2
88477,-2.4
88478,-0.8
88479,-3.2
88480,0
88481,1.6
88482,0
88483,0
88484,0
88485,0
88486,0.8
88487,2.4
88488,-3.2
88489,-0.8
88490,0.8
88491,2.4
88492,0
88493,-0.8
88494,3.2
88495,2.4
88496,0.8
88497,0.8
88498,0
88499,0
88500,-1.6
88501,1.6
88502,0.8
88503,0.8
88504,2.4
88505,0.8
88506,0
88507,0
88508,4
88509,1.6
88510,-3.2
88511,-0.8
88512,2.4
88513,1.6
88514,-0.8
88515,0
88516,-6.4
88517,-1.6
88518,0.8
88519,0.8
88520,0.8
88521,0.8
88522,0
88523,-4
88524,2.4
88525,0
88526,0.8
88527,0
88528,-0.8
88529,0
88530,-0.8
88531,-1.6
88532,-0.8
88533,-0.8
88534,0
88535,-1.6
88536,-0.8
88537,0
88538,0.8
88539,2.4
88540,2.4
88541,-3.2
88542,-0.8
88543,-0.8
88544,1.6
88545,0
88546,-0.8
88547,2.4
88548,-4.8
88549,-0.8
88550,0
88551,2.4
88552,0.8
88553,-1.6
88554,0.8
88555,2.4
88556,-0.8
88557,2.4
88558,2.4
88559,0
88560,-1.6
88561,0.8
88562,0
88563,2.4
88564,0
88565,5.6
88566,2.4
88567,2.4
88568,-1.6
88569,0.8
88570,-1.6
88571,2.4
88572,-3.2
88573,0.8
88574,4
88575,4
88576,-0.8
88577,-1.6
88578,0.8
88579,0.8
88580,0
88581,-3.2
88582,0
88583,-3.2
88584,0
88585,2.4
88586,-0.8
88587,0
88588,-1.6
88589,-10.4
88590,2.4
88591,1.6
88592,-2.4
88593,0
88594,-1.6
88595,0
88596,0
88597,2.4
88598,0.8
88599,-3.2
88600,-3.2
88601,0.8
88602,-1.6
88603,0.8
88604,4
88605,-0.8
88606,-0.8
88607,-4.8
88608,2.4
88609,7.2
88610,-1.6
88611,4
88612,0.8
88613,0
88614,-4
88615,0
88616,-3.2
88617,-0.8
88618,0
88619,0.8
88620,0
88621,0.8
88622,0.8
88623,2.4
88624,-0.8
88625,0.8
88626,-3.2
88627,0
88628,-4
88629,-0.8
88630,0
88631,0
88632,0.8
88633,-3.2
88634,-5.6
88635,-0.8
88636,5.6
88637,-1.6
88638,2.4
88639,1.6
88640,0
88641,-3.2
88642,-3.2
88643,-2.4
88644,-0.8
88645,0
88646,1.6
88647,2.4
88648,-0.8
88649,0
88650,-1.6
88651,0
88652,0
88653,-3.2
88654,-1.6
88655,-3.2
88656,-2.4
88657,-0.8
88658,0
88659,0.8
88660,0.8
88661,0.8
88662,-3.2
88663,0
88664,1.6
88665,-3.2
88666,0.8
88667,2.4
88668,0
88669,0.8
88670,-0.8
88671,0.8
88672,0
88673,2.4
88674,0
88675,0
88676,-1.6
88677,0.8
88678,0
88679,0
88680,2.4
88681,0
88682,-1.6
88683,-7.2
88684,0
88685,-0.8
88686,1.6
88687,-1.6
88688,-0.8
88689,-0.8
88690,-0.8
88691,3.2
88692,7.2
88693,2.4
88694,0.8
88695,0.8
88696,-0.8
88697,0
88698,0.8
88699,0.8
88700,-3.2
88701,0.8
88702,3.2
88703,-0.8
88704,-4
88705,0.8
88706,-0.8
88707,-2.4
88708,0
88709,-5.6
88710,-2.4
88711,3.2
88712,-0.8
88713,0
88714,7.2
88715,3.2
88716,-3.2
88717,4
88718,0.8
88719,-0.8
88720,-0.8
88721,0
88722,-2.4
88723,3.2
88724,0
88725,2.4
88726,-2.4
88727,-3.2
88728,-0.8
88729,0.8
88730,0.8
88731,1.6
88732,0
88733,-3.2
88734,0
88735,-0.8
88736,-5.6
88737,0.8
88738,0
88739,-4
88740,-3.2
88741,-1.6
88742,-1.6
88743,0.8
88744,0.8
88745,0
88746,0
88747,-1.6
88748,-1.6
88749,-2.4
88750,-3.2
88751,5.6
88752,-1.6
88753,0
88754,2.4
88755,-0.8
88756,0
88757,0.8
88758,0
88759,0
88760,-3.2
88761,-8.8
88762,0.8
88763,-0.8
88764,2.4
88765,0.8
88766,-3.2
88767,-3.2
88768,2.4
88769,0
88770,-1.6
88771,0
88772,5.6
88773,-0.8
88774,-4
88775,-0.8
88776,-3.2
88777,-2.4
88778,-0.8
88779,0
88780,0
88781,0
88782,-1.6
88783,-3.2
88784,4
88785,0
88786,0.8
88787,2.4
88788,-4
88789,-1.6
88790,-7.2
88791,-3.2
88792,-1.6
88793,-3.2
88794,0.8
88795,-1.6
88796,-3.2
88797,0.8
88798,0
88799,-0.8
88800,0.8
88801,1.6
88802,0.8
88803,0
88804,4
88805,2.4
88806,-3.2
88807,0
88808,3.2
88809,2.4
88810,2.4
88811,2.4
88812,2.4
88813,0
88814,3.2
88815,-3.2
88816,-1.6
88817,-1.6
88818,0.8
88819,-0.8
88820,-0.8
88821,2.4
88822,2.4
88823,1.6
88824,-0.8
88825,-0.8
88826,-4
88827,0.8
88828,0.8
88829,-2.4
88830,0
88831,-0.8
88832,-0.8
88833,0.8
88834,0.8
88835,2.4
88836,0
88837,0.8
88838,-0.8
88839,0.8
88840,-4
88841,-0.8
88842,3.2
88843,5.6
88844,0.8
88845,0
88846,1.6
88847,2.4
88848,-1.6
88849,0
88850,-0.8
88851,4
88852,-0.8
88853,0
88854,-1.6
88855,0
88856,0
88857,-4
88858,0.8
88859,1.6
88860,-6.4
88861,0.8
88862,-0.8
88863,2.4
88864,0.8
88865,-5.6
88866,-3.2
88867,2.4
88868,0
88869,2.4
88870,0.8
88871,-3.2
88872,0.8
88873,0
88874,0.8
88875,2.4
88876,-3.2
88877,-3.2
88878,7.2
88879,0
88880,0.8
88881,0
88882,0
88883,-0.8
88884,0
88885,-1.6
88886,-0.8
88887,2.4
88888,0
88889,-0.8
88890,0
88891,0
88892,0
88893,-3.2
88894,-6.4
88895,-0.8
88896,-1.6
88897,0.8
88898,0.8
88899,0.8
88900,0.8
88901,1.6
88902,-0.8
88903,-1.6
88904,1.6
88905,0
88906,0.8
88907,0.8
88908,0.8
88909,0
88910,0
88911,0
88912,0
88913,0
88914,-1.6
88915,0
88916,0
88917,0
88918,0.8
88919,0.8
88920,0
88921,0.8
88922,-0.8
88923,-0.8
88924,1.6
88925,0.8
88926,1.6
88927,-0.8
88928,-12
88929,0
88930,-0.8
88931,0
88932,0.8
88933,-3.2
88934,-1.6
88935,0.8
88936,-0.8
88937,-0.8
88938,0
88939,1.6
88940,-0.8
88941,0.8
88942,0.8
88943,0.8
88944,0.8
88945,-0.8
88946,-0.8
88947,-0.8
88948,0
88949,-0.8
88950,0
88951,0
88952,-1.6
88953,-0.8
88954,-0.8
88955,-0.8
88956,-1.6
88957,0
88958,0
88959,-2.4
88960,0
88961,0
88962,0
88963,0.8
88964,-2.4
88965,-2.4
88966,0
88967,-4
88968,0.8
88969,-0.8
88970,0.8
88971,-1.6
88972,0.8
88973,-0.8
88974,-0.8
88975,1.6
88976,-0.8
88977,-0.8
88978,2.4
88979,0
88980,-3.2
88981,-1.6
88982,-0.8
88983,-3.2
88984,-0.8
88985,-0.8
88986,0
88987,0
88988,-1.6
88989,-0.8
88990,-0.8
88991,-3.2
88992,2.4
88993,0.8
88994,0
88995,-1.6
88996,0
88997,0
88998,0
88999,-2.4
89000,-2.4
89001,0
89002,2.4
89003,0.8
89004,0.8
89005,0
89006,0
89007,-3.2
89008,0.8
89009,-2.4
89010,0.8
89011,0.8
89012,-0.8
89013,-1.6
89014,0.8
89015,-3.2
89016,-2.4
89017,2.4
89018,0.8
89019,-4
89020,0.8
89021,0.8
89022,0
89023,0
89024,-0.8
89025,0
89026,-1.6
89027,-0.8
89028,1.6
89029,-3.2
89030,-0.8
89031,-1.6
89032,0.8
89033,-3.2
89034,-0.8
89035,0
89036,0
89037,0
89038,-3.2
89039,0.8
89040,-2.4
89041,-0.8
89042,-0.8
89043,0
89044,0
89045,-0.8
89046,-1.6
89047,0
89048,0
89049,0.8
89050,-1.6
89051,1.6
89052,0.8
89053,-3.2
89054,-0.8
89055,4
89056,-3.2
89057,-2.4
89058,0.8
89059,2.4
89060,1.6
89061,1.6
89062,-0.8
89063,0.8
89064,2.4
89065,3.2
89066,-0.8
89067,0
89068,-0.8
89069,-4
89070,-0.8
89071,2.4
89072,-2.4
89073,-4
89074,1.6
89075,0
89076,2.4
89077,0.8
89078,-0.8
89079,0
89080,-0.8
89081,0
89082,-2.4
89083,-2.4
89084,-0.8
89085,0.8
89086,0
89087,-0.8
89088,0
89089,2.4
89090,-3.2
89091,4
89092,0.8
89093,0
89094,-1.6
89095,0.8
89096,-3.2
89097,0
89098,0
89099,-0.8
89100,-3.2
89101,0.8
89102,2.4
89103,0
89104,3.2
89105,8
89106,-0.8
89107,-3.2
89108,4
89109,2.4
89110,-0.8
89111,-0.8
89112,-1.6
89113,0.8
89114,2.4
89115,2.4
89116,2.4
89117,-1.6
89118,0.8
89119,2.4
89120,0
89121,0.8
89122,-1.6
89123,0.8
89124,0
89125,0
89126,-3.2
89127,0
89128,0
89129,-0.8
89130,2.4
89131,-4
89132,0
89133,-1.6
89134,-0.8
89135,0.8
89136,0
89137,2.4
89138,2.4
89139,-3.2
89140,0
89141,0
89142,0.8
89143,-0.8
89144,-0.8
89145,-2.4
89146,-4
89147,0
89148,-0.8
89149,0.8
89150,-0.8
89151,0
89152,-1.6
89153,-2.4
89154,0
89155,-0.8
89156,-4
89157,-0.8
89158,-1.6
89159,0.8
89160,-0.8
89161,2.4
89162,1.6
89163,-3.2
89164,-1.6
89165,0
89166,-2.4
89167,-0.8
89168,4
89169,-3.2
89170,0
89171,-1.6
89172,-3.2
89173,-4
89174,0
89175,0
89176,-3.2
89177,0
89178,0.8
89179,-1.6
89180,-0.8
89181,0.8
89182,0
89183,-1.6
89184,-3.2
89185,-0.8
89186,-0.8
89187,0.8
89188,-8.8
89189,-0.8
89190,-0.8
89191,-2.4
89192,0
89193,-1.6
89194,-1.6
89195,-2.4
89196,-6.4
89197,-0.8
89198,0
89199,0.8
89200,0
89201,2.4
89202,0.8
89203,1.6
89204,0.8
89205,7.2
89206,0
89207,-4.8
89208,0.8
89209,0
89210,-0.8
89211,-1.6
89212,-0.8
89213,1.6
89214,0.8
89215,-1.6
89216,1.6
89217,-0.8
89218,-3.2
89219,0
89220,-0.8
89221,-1.6
89222,-2.4
89223,-0.8
89224,7.2
89225,0
89226,-0.8
89227,0
89228,0.8
89229,0.8
89230,0.8
89231,1.6
89232,-2.4
89233,0
89234,0.8
89235,0
89236,-2.4
89237,-3.2
89238,0.8
89239,0.8
89240,0.8
89241,0.8
89242,1.6
89243,0
89244,0
89245,-3.2
89246,0
89247,3.2
89248,-4
89249,2.4
89250,-9.6
89251,0.8
89252,2.4
89253,0.8
89254,2.4
89255,-1.6
89256,0
89257,-0.8
89258,0.8
89259,2.4
89260,1.6
89261,0.8
89262,0.8
89263,-0.8
89264,0.8
89265,-1.6
89266,0.8
89267,0
89268,2.4
89269,0.8
89270,0
89271,0
89272,-0.8
89273,0
89274,2.4
89275,-1.6
89276,-0.8
89277,0
89278,2.4
89279,2.4
89280,2.4
89281,2.4
89282,-1.6
89283,-2.4
89284,2.4
89285,0
89286,-0.8
89287,0
89288,0
89289,0
89290,-1.6
89291,-0.8
89292,-0.8
89293,0
89294,2.4
89295,5.6
89296,0.8
89297,0.8
89298,0
89299,0
89300,0
89301,2.4
89302,0
89303,0.8
89304,-1.6
89305,-0.8
89306,0.8
89307,-1.6
89308,2.4
89309,0
89310,-0.8
89311,0.8
89312,2.4
89313,5.6
89314,0.8
89315,-0.8
89316,0.8
89317,-2.4
89318,6.4
89319,-4
89320,0.8
89321,0.8
89322,0.8
89323,-3.2
89324,-5.6
89325,-0.8
89326,-0.8
89327,-0.8
89328,0
89329,0
89330,7.2
89331,0
89332,-0.8
89333,-3.2
89334,-3.2
89335,-0.8
89336,0
89337,0.8
89338,-0.8
89339,3.2
89340,-1.6
89341,-9.6
89342,0.8
89343,-3.2
89344,0
89345,4
89346,-1.6
89347,-3.2
89348,-1.6
89349,0.8
89350,0
89351,2.4
89352,0
89353,0.8
89354,0
89355,0
89356,-4
89357,2.4
89358,2.4
89359,0
89360,0
89361,-0.8
89362,0
89363,8
89364,-0.8
89365,0.8
89366,-0.8
89367,0
89368,-1.6
89369,0
89370,0.8
89371,0.8
89372,0.8
89373,-0.8
89374,-4
89375,-1.6
89376,-0.8
89377,0.8
89378,4
89379,2.4
89380,-1.6
89381,-9.6
89382,-5.6
89383,0.8
89384,-1.6
89385,0
89386,0
89387,-1.6
89388,-3.2
89389,-1.6
89390,-3.2
89391,0
89392,-0.8
89393,-0.8
89394,0
89395,0.8
89396,0.8
89397,-1.6
89398,-0.8
89399,-4.8
89400,0
89401,0.8
89402,0.8
89403,0
89404,0.8
89405,1.6
89406,0.8
89407,0
89408,0.8
89409,-0.8
89410,-1.6
89411,0
89412,1.6
89413,3.2
89414,-0.8
89415,2.4
89416,1.6
89417,-0.8
89418,0
89419,0
89420,0.8
89421,-0.8
89422,0.8
89423,-0.8
89424,-0.8
89425,4
89426,-0.8
89427,0.8
89428,1.6
89429,0.8
89430,0
89431,-1.6
89432,1.6
89433,1.6
89434,0
89435,0.8
89436,0
89437,0
89438,-0.8
89439,0.8
89440,0
89441,-1.6
89442,0
89443,-0.8
89444,0
89445,0.8
89446,0.8
89447,2.4
89448,2.4
89449,0.8
89450,0
89451,4
89452,2.4
89453,-0.8
89454,2.4
89455,-0.8
89456,0
89457,-0.8
89458,0.8
89459,0
89460,0.8
89461,0.8
89462,2.4
89463,-1.6
89464,0
89465,0.8
89466,1.6
89467,-4
89468,0.8
89469,0.8
89470,-0.8
89471,0
89472,-0.8
89473,2.4
89474,-0.8
89475,0
89476,1.6
89477,-0.8
89478,-3.2
89479,-3.2
89480,0.8
89481,2.4
89482,0
89483,-0.8
89484,0
89485,-0.8
89486,0
89487,-1.6
89488,0
89489,2.4
89490,2.4
89491,2.4
89492,0.8
89493,0
89494,1.6
89495,-0.8
89496,0.8
89497,0.8
89498,-3.2
89499,2.4
89500,-6.4
89501,2.4
89502,0
89503,-1.6
89504,1.6
89505,-1.6
89506,-0.8
89507,-3.2
89508,0.8
89509,2.4
89510,2.4
89511,0.8
89512,-0.8
89513,2.4
89514,4
89515,3.2
89516,-3.2
89517,0
89518,-0.8
89519,-0.8
89520,-0.8
89521,-0.8
89522,-3.2
89523,-4.8
89524,2.4
89525,-0.8
89526,-1.6
89527,0
89528,4
89529,0
89530,-2.4
89531,-0.8
89532,0
89533,0
89534,-1.6
89535,-0.8
89536,0
89537,-3.2
89538,-0.8
89539,0.8
89540,-3.2
89541,2.4
89542,0.8
89543,0
89544,0.8
89545,-1.6
89546,0
89547,-1.6
89548,-0.8
89549,0.8
89550,0.8
89551,0.8
89552,0
89553,0
89554,2.4
89555,2.4
89556,0
89557,4
89558,0
89559,1.6
89560,-2.4
89561,-0.8
89562,-0.8
89563,0.8
89564,0
89565,1.6
89566,0.8
89567,-3.2
89568,-0.8
89569,0.8
89570,0
89571,-2.4
89572,-1.6
89573,-1.6
89574,2.4
89575,0
89576,-4
89577,1.6
89578,8
89579,-0.8
89580,0
89581,-0.8
89582,1.6
89583,-0.8
89584,-0.8
89585,0.8
89586,-3.2
89587,0.8
89588,0
89589,-1.6
89590,0
89591,0
89592,0
89593,-0.8
89594,-0.8
89595,-0.8
89596,0
89597,0.8
89598,0.8
89599,-3.2
89600,0
89601,-3.2
89602,0
89603,0.8
89604,-3.2
89605,-1.6
89606,-2.4
89607,0
89608,2.4
89609,0
89610,0
89611,4
89612,0.8
89613,-0.8
89614,-3.2
89615,2.4
89616,2.4
89617,-0.8
89618,-0.8
89619,0.8
89620,-0.8
89621,0
89622,0
89623,-1.6
89624,2.4
89625,0.8
89626,4
89627,-1.6
89628,0.8
89629,0.8
89630,0
89631,-1.6
89632,0.8
89633,-1.6
89634,0.8
89635,0
89636,0.8
89637,-0.8
89638,0
89639,0
89640,0.8
89641,0.8
89642,-3.2
89643,-3.2
89644,-0.8
89645,2.4
89646,-0.8
89647,1.6
89648,0.8
89649,4
89650,-0.8
89651,0.8
89652,0.8
89653,-1.6
89654,0
89655,0
89656,0.8
89657,-1.6
89658,4
89659,0.8
89660,0.8
89661,-5.6
89662,-4
89663,0
89664,4
89665,3.2
89666,1.6
89667,-1.6
89668,-3.2
89669,0.8
89670,-0.8
89671,-4
89672,2.4
89673,-3.2
89674,-4.8
89675,2.4
89676,0
89677,-0.8
89678,-1.6
89679,-2.4
89680,-1.6
89681,-0.8
89682,0
89683,1.6
89684,-1.6
89685,-3.2
89686,-0.8
89687,0
89688,0
89689,0
89690,2.4
89691,0
89692,0.8
89693,0.8
89694,4
89695,2.4
89696,0
89697,0
89698,-4
89699,-0.8
89700,0
89701,2.4
89702,2.4
89703,0.8
89704,2.4
89705,-0.8
89706,-0.8
89707,0.8
89708,-1.6
89709,-1.6
89710,0
89711,0
89712,-3.2
89713,0
89714,5.6
89715,-0.8
89716,0
89717,-4.8
89718,-0.8
89719,-3.2
89720,-5.6
89721,9.6
89722,-4
89723,-0.8
89724,0
89725,-0.8
89726,-3.2
89727,2.4
89728,15.2
89729,0
89730,0
89731,0
89732,0
89733,0
89734,-0.8
89735,-0.8
89736,8
89737,0
89738,-1.6
89739,0
89740,0.8
89741,0
89742,0
89743,-3.2
89744,-2.4
89745,0
89746,0
89747,0.8
89748,-0.8
89749,-0.8
89750,-1.6
89751,0
89752,0.8
89753,2.4
89754,0.8
89755,0.8
89756,0.8
89757,-0.8
89758,0
89759,0.8
89760,0.8
89761,2.4
89762,1.6
89763,0
89764,2.4
89765,0
89766,0.8
89767,-0.8
89768,0
89769,0
89770,0
89771,-0.8
89772,2.4
89773,0.8
89774,0
89775,0
89776,-1.6
89777,0.8
89778,-2.4
89779,-4
89780,0
89781,-0.8
89782,-0.8
89783,-0.8
89784,0
89785,-0.8
89786,-3.2
89787,-4.8
89788,0.8
89789,0
89790,0.8
89791,-0.8
89792,0.8
89793,-1.6
89794,-0.8
89795,-0.8
89796,0
89797,0.8
89798,-0.8
89799,0
89800,-1.6
89801,0
89802,0
89803,0
89804,0.8
89805,0.8
89806,0
89807,-0.8
89808,5.6
89809,-4
89810,0
89811,-10.4
89812,4
89813,-1.6
89814,-0.8
89815,0.8
89816,0.8
89817,-1.6
89818,0
89819,0
89820,-11.2
89821,8
89822,0
89823,-0.8
89824,0.8
89825,0.8
89826,0.8
89827,-0.8
89828,-1.6
89829,0.8
89830,-1.6
89831,-0.8
89832,-1.6
89833,-1.6
89834,0.8
89835,0.8
89836,-0.8
89837,6.4
89838,-0.8
89839,0
89840,0.8
89841,-0.8
89842,0
89843,2.4
89844,0
89845,-0.8
89846,0.8
89847,0
89848,0.8
89849,0.8
89850,0
89851,2.4
89852,-0.8
89853,4
89854,1.6
89855,-1.6
89856,2.4
89857,0
89858,-0.8
89859,5.6
89860,2.4
89861,0
89862,2.4
89863,1.6
89864,-0.8
89865,-0.8
89866,0.8
89867,4
89868,-0.8
89869,0
89870,0
89871,0
89872,-3.2
89873,-0.8
89874,2.4
89875,0
89876,-0.8
89877,0.8
89878,-3.2
89879,0.8
89880,0.8
89881,-0.8
89882,-1.6
89883,-0.8
89884,0
89885,-0.8
89886,0
89887,6.4
89888,-0.8
89889,0
89890,-4
89891,0
89892,-0.8
89893,2.4
89894,7.2
89895,-0.8
89896,0
89897,0
89898,0
89899,0
89900,0.8
89901,1.6
89902,0
89903,1.6
89904,0.8
89905,-1.6
89906,0
89907,0
89908,-0.8
89909,-4
89910,-3.2
89911,0.8
89912,0.8
89913,0
89914,0.8
89915,-3.2
89916,0.8
89917,-0.8
89918,-0.8
89919,-1.6
89920,-0.8
89921,0.8
89922,0
89923,0.8
89924,-0.8
89925,0
89926,0
89927,0
89928,-0.8
89929,-0.8
89930,-1.6
89931,0
89932,-1.6
89933,-3.2
89934,-0.8
89935,3.2
89936,-0.8
89937,0.8
89938,-1.6
89939,-0.8
89940,-0.8
89941,-2.4
89942,-1.6
89943,0
89944,0
89945,0.8
89946,0
89947,-0.8
89948,0.8
89949,0
89950,0
89951,0
89952,0.8
89953,4
89954,0
89955,0.8
89956,0
89957,-1.6
89958,2.4
89959,-0.8
89960,0
89961,0
89962,0
89963,0.8
89964,0
89965,3.2
89966,0
89967,-0.8
89968,0
89969,-0.8
89970,0
89971,-0.8
89972,4
89973,0.8
89974,0
89975,0
89976,0
89977,-1.6
89978,-3.2
89979,-0.8
89980,0
89981,-0.8
89982,-1.6
89983,0
89984,7.2
89985,-8
89986,-0.8
89987,0
89988,-1.6
89989,-1.6
89990,0
89991,-0.8
89992,-0.8
89993,-0.8
89994,0
89995,-1.6
89996,-0.8
89997,0.8
89998,0.8
89999,0
90000,0
90001,1.6
90002,0
90003,0.8
90004,-0.8
90005,-0.8
90006,0.8
90007,0
90008,0.8
90009,0
90010,0
90011,0
90012,0
90013,0
90014,-0.8
90015,4
90016,-0.8
90017,-5.6
90018,0
90019,2.4
90020,-1.6
90021,0
90022,-4
90023,0.8
90024,-0.8
90025,0.8
90026,-1.6
90027,-1.6
90028,-4
90029,-0.8
90030,0
90031,0.8
90032,0
90033,-2.4
90034,-0.8
90035,0
90036,-0.8
90037,-1.6
90038,-3.2
90039,-0.8
90040,0
90041,-1.6
90042,0
90043,0.8
90044,-1.6
90045,0
90046,0
90047,0.8
90048,0
90049,0.8
90050,-0.8
90051,0.8
90052,0.8
90053,0
90054,-3.2
90055,-0.8
90056,0
90057,0
90058,0
90059,0.8
90060,0
90061,0
90062,0
90063,0
90064,0
90065,-10.4
90066,0
90067,-1.6
90068,2.4
90069,-0.8
90070,0
90071,0
90072,-1.6
90073,0.8
90074,0
90075,0
90076,-1.6
90077,0
90078,15.2
90079,-3.2
90080,-3.2
90081,0.8
90082,0
90083,0
90084,0
90085,0.8
90086,-1.6
90087,0
90088,-0.8
90089,-1.6
90090,-1.6
90091,2.4
90092,0.8
90093,-1.6
90094,0.8
90095,0.8
90096,0
90097,0
90098,-3.2
90099,-1.6
90100,-0.8
90101,3.2
90102,0.8
90103,1.6
90104,0.8
90105,-0.8
90106,0.8
90107,2.4
90108,2.4
90109,2.4
90110,0.8
90111,0
90112,0.8
90113,-0.8
90114,-0.8
90115,-0.8
90116,-3.2
90117,-3.2
90118,0.8
90119,0
90120,-0.8
90121,0.8
90122,0.8
90123,0
90124,0
90125,-0.8
90126,-0.8
90127,0
90128,-3.2
90129,-2.4
90130,-0.8
90131,0
90132,-1.6
90133,-1.6
90134,0.8
90135,0.8
90136,-0.8
90137,0
90138,-0.8
90139,0
90140,2.4
90141,-0.8
90142,0.8
90143,0.8
90144,-1.6
90145,0
90146,-0.8
90147,-1.6
90148,0.8
90149,-0.8
90150,0
90151,0.8
90152,-0.8
90153,0.8
90154,0
90155,-1.6
90156,-0.8
90157,9.6
90158,0.8
90159,0.8
90160,-1.6
90161,-0.8
90162,-1.6
90163,0
90164,1.6
90165,1.6
90166,1.6
90167,-0.8
90168,4
90169,0
90170,-0.8
90171,0.8
90172,0
90173,0
90174,0.8
90175,2.4
90176,0
90177,0
90178,-2.4
90179,-0.8
90180,0
90181,-2.4
90182,-0.8
90183,-1.6
90184,0.8
90185,-0.8
90186,-2.4
90187,0
90188,-5.6
90189,0
90190,0
90191,1.6
90192,0.8
90193,0
90194,-0.8
90195,0
90196,0
90197,0.8
90198,-5.6
90199,-0.8
90200,0
90201,-0.8
90202,0
90203,0
90204,-3.2
90205,0
90206,0.8
90207,1.6
90208,0
90209,0.8
90210,0
90211,-0.8
90212,0
90213,0.8
90214,0
90215,-0.8
90216,2.4
90217,-1.6
90218,-1.6
90219,0.8
90220,-0.8
90221,0
90222,0
90223,0
90224,2.4
90225,0
90226,-1.6
90227,0
90228,-0.8
90229,-0.8
90230,-0.8
90231,0.8
90232,0.8
90233,0
90234,-0.8
90235,0.8
90236,-0.8
90237,0.8
90238,-0.8
90239,-0.8
90240,0
90241,-5.6
90242,0.8
90243,-0.8
90244,0
90245,-0.8
90246,0.8
90247,0.8
90248,0.8
90249,0
90250,-2.4
90251,0
90252,0
90253,-0.8
90254,0
90255,-0.8
90256,0
90257,0
90258,1.6
90259,0
90260,0
90261,-0.8
90262,-0.8
90263,4
90264,0
90265,0
90266,-4
90267,-2.4
90268,0.8
90269,-0.8
90270,0
90271,0
90272,0.8
90273,0
90274,0.8
90275,0.8
90276,0
90277,-1.6
90278,2.4
90279,-0.8
90280,-0.8
90281,0
90282,-0.8
90283,-1.6
90284,-0.8
90285,0
90286,-1.6
90287,0
90288,0
90289,0.8
90290,0.8
90291,0
90292,0
90293,0.8
90294,0
90295,-3.2
90296,2.4
90297,-0.8
90298,0
90299,-0.8
90300,0
90301,0.8
90302,2.4
90303,0.8
90304,-4.8
90305,0.8
90306,0
90307,2.4
90308,2.4
90309,0
90310,0
90311,0
90312,0.8
90313,2.4
90314,-0.8
90315,0.8
90316,0
90317,0
90318,-0.8
90319,0.8
90320,2.4
90321,0.8
90322,0
90323,0
90324,-0.8
90325,0
90326,2.4
90327,2.4
90328,-0.8
90329,0
90330,-0.8
90331,0.8
90332,-0.8
90333,-0.8
90334,-0.8
90335,0.8
90336,-0.8
90337,0
90338,0.8
90339,-0.8
90340,0.8
90341,-1.6
90342,2.4
90343,0
90344,0
90345,0
90346,-0.8
90347,0.8
90348,0.8
90349,1.6
90350,0
90351,0
90352,0
90353,0
90354,-1.6
90355,0.8
90356,0
90357,0.8
90358,0.8
90359,-0.8
90360,0
90361,-0.8
90362,-0.8
90363,0
90364,0
90365,0
90366,4
90367,-1.6
90368,0
90369,0.8
90370,0.8
90371,0
90372,0
90373,0
90374,0.8
90375,0.8
90376,0.8
90377,0
90378,0
90379,-0.8
90380,0
90381,-0.8
90382,0.8
90383,-1.6
90384,0
90385,0
90386,0.8
90387,0.8
90388,-1.6
90389,-1.6
90390,0
90391,0
90392,2.4
90393,-0.8
90394,0
90395,-1.6
90396,0.8
90397,0.8
90398,0.8
90399,-1.6
90400,-0.8
90401,0
90402,0
90403,0
90404,0
90405,0.8
90406,0
90407,-0.8
90408,0.8
90409,0
90410,0
90411,0.8
90412,0.8
90413,0
90414,0
90415,0
90416,5.6
90417,-0.8
90418,-1.6
90419,0
90420,0.8
90421,0.8
90422,0
90423,0
90424,-0.8
90425,-0.8
90426,0
90427,2.4
90428,-1.6
90429,0
90430,0
90431,-1.6
90432,-1.6
90433,0
90434,0
90435,0
90436,0
90437,0
90438,0
90439,0
90440,0
90441,0
90442,0.8
90443,0.8
90444,0
90445,0
90446,-0.8
90447,0.8
90448,0
90449,-0.8
90450,-0.8
90451,0.8
90452,0.8
90453,0.8
90454,-0.8
90455,-1.6
90456,0
90457,0
90458,0
90459,0
90460,0
90461,0.8
90462,0.8
90463,0
90464,2.4
90465,1.6
90466,0.8
90467,-1.6
90468,0.8
90469,0
90470,0
90471,-0.8
90472,-0.8
90473,0
90474,0
90475,-0.8
90476,0.8
90477,0
90478,-0.8
90479,0.8
90480,-0.8
90481,0
90482,0
90483,-0.8
90484,0
90485,0
90486,-0.8
90487,-1.6
90488,0.8
90489,7.2
90490,-4
90491,-1.6
90492,2.4
90493,-1.6
90494,-2.4
90495,0
90496,0
90497,4
90498,0.8
90499,0
90500,0
90501,-0.8
90502,0
90503,0.8
90504,0.8
90505,-1.6
90506,-1.6
90507,0.8
90508,0.8
90509,-0.8
90510,0
90511,-0.8
90512,0
90513,0
90514,-2.4
90515,0
90516,4
90517,-1.6
90518,0
90519,0
90520,-1.6
90521,0
90522,0.8
90523,0
90524,-2.4
90525,0
90526,0
90527,0.8
90528,0
90529,0
90530,0
90531,-2.4
90532,-0.8
90533,-0.8
90534,0.8
90535,-0.8
90536,-0.8
90537,0
90538,-0.8
90539,0.8
90540,-2.4
90541,0
90542,-0.8
90543,0
90544,0.8
90545,-0.8
90546,0.8
90547,-3.2
90548,-1.6
90549,-1.6
90550,0
90551,0.8
90552,0
90553,2.4
90554,0
90555,0
90556,2.4
90557,2.4
90558,0
90559,0
90560,-0.8
90561,-0.8
90562,0
90563,0
90564,-0.8
90565,0
90566,-0.8
90567,0.8
90568,0
90569,0
90570,-1.6
90571,0.8
90572,0
90573,-0.8
90574,0.8
90575,-0.8
90576,0.8
90577,0.8
90578,0
90579,-0.8
90580,0
90581,0.8
90582,0.8
90583,-0.8
90584,-0.8
90585,0.8
90586,-3.2
90587,1.6
90588,-0.8
90589,-0.8
90590,0
90591,0.8
90592,3.2
90593,-0.8
90594,-0.8
90595,0
90596,1.6
90597,0
90598,0
90599,0
90600,-1.6
90601,2.4
90602,0
90603,0.8
90604,1.6
90605,-0.8
90606,2.4
90607,-3.2
90608,0
90609,-1.6
90610,0
90611,4
90612,-1.6
90613,0.8
90614,0
90615,-0.8
90616,0.8
90617,-0.8
90618,0.8
90619,0.8
90620,-0.8
90621,0.8
90622,0
90623,-1.6
90624,0
90625,5.6
90626,0.8
90627,0
90628,-0.8
90629,0
90630,-0.8
90631,0.8
90632,-1.6
90633,0
90634,-0.8
90635,0
90636,0.8
90637,-0.8
90638,0.8
90639,-1.6
90640,-0.8
90641,2.4
90642,0
90643,0
90644,-2.4
90645,2.4
90646,0.8
90647,8
90648,1.6
90649,0.8
90650,0
90651,-4.8
90652,0
90653,0.8
90654,1.6
90655,2.4
90656,0.8
90657,-4
90658,0
90659,0
90660,-0.8
90661,2.4
90662,-1.6
90663,-0.8
90664,-0.8
90665,0
90666,0.8
90667,0
90668,-1.6
90669,0.8
90670,0.8
90671,0
90672,-1.6
90673,1.6
90674,0.8
90675,2.4
90676,0
90677,0
90678,-0.8
90679,-0.8
90680,-0.8
90681,0.8
90682,-2.4
90683,-0.8
90684,-1.6
90685,0
90686,-3.2
90687,2.4
90688,-0.8
90689,-0.8
90690,-3.2
90691,0
90692,2.4
90693,-0.8
90694,0
90695,0
90696,0
90697,-3.2
90698,-1.6
90699,0.8
90700,0
90701,0
90702,-0.8
90703,2.4
90704,-1.6
90705,0
90706,0.8
90707,-4
90708,0
90709,0.8
90710,0
90711,3.2
90712,2.4
90713,-1.6
90714,4
90715,-0.8
90716,0
90717,-1.6
90718,0
90719,0.8
90720,0.8
90721,-1.6
90722,0
90723,0
90724,0
90725,0
90726,0
90727,-0.8
90728,-0.8
90729,0
90730,0.8
90731,-3.2
90732,-0.8
90733,-0.8
90734,0
90735,0.8
90736,3.2
90737,-0.8
90738,-0.8
90739,-0.8
90740,-3.2
90741,0.8
90742,0
90743,0.8
90744,-0.8
90745,-0.8
90746,0
90747,0
90748,0.8
90749,0
90750,-0.8
90751,1.6
90752,0
90753,0.8
90754,0
90755,0
90756,0.8
90757,0.8
90758,1.6
90759,1.6
90760,0.8
90761,-4.8
90762,2.4
90763,-1.6
90764,2.4
90765,0
90766,0.8
90767,0
90768,0.8
90769,0
90770,0.8
90771,-0.8
90772,-1.6
90773,-1.6
90774,0.8
90775,0.8
90776,-2.4
90777,-3.2
90778,0
90779,-0.8
90780,0
90781,0.8
90782,0.8
90783,-0.8
90784,0
90785,0
90786,2.4
90787,-2.4
90788,-0.8
90789,1.6
90790,-3.2
90791,1.6
90792,0
90793,0.8
90794,-3.2
90795,0
90796,-0.8
90797,0
90798,0.8
90799,-0.8
90800,-1.6
90801,-11.2
90802,1.6
90803,0.8
90804,0.8
90805,0
90806,2.4
90807,1.6
90808,0.8
90809,-1.6
90810,0.8
90811,2.4
90812,4
90813,2.4
90814,0
90815,0.8
90816,-1.6
90817,-2.4
90818,0.8
90819,0
90820,-3.2
90821,0
90822,0.8
90823,0
90824,0
90825,1.6
90826,-3.2
90827,1.6
90828,0
90829,-1.6
90830,-0.8
90831,1.6
90832,5.6
90833,-0.8
90834,-1.6
90835,0.8
90836,0
90837,-0.8
90838,0
90839,0.8
90840,0
90841,0
90842,0.8
90843,5.6
90844,0
90845,0
90846,-0.8
90847,0
90848,0.8
90849,0.8
90850,-0.8
90851,0.8
90852,-6.4
90853,0.8
90854,0.8
90855,0
90856,0.8
90857,0.8
90858,0
90859,0.8
90860,-4
90861,0
90862,5.6
90863,-1.6
90864,0
90865,4
90866,-0.8
90867,-3.2
90868,0.8
90869,0
90870,0
90871,-5.6
90872,0
90873,-1.6
90874,-1.6
90875,-1.6
90876,0
90877,0
90878,-0.8
90879,0
90880,-0.8
90881,-0.8
90882,0
90883,-0.8
90884,0
90885,-2.4
90886,0
90887,-0.8
90888,0
90889,0
90890,0
90891,0
90892,0
90893,7.2
90894,0.8
90895,0.8
90896,0.8
90897,0.8
90898,0
90899,0
90900,2.4
90901,0.8
90902,1.6
90903,0
90904,0
90905,0.8
90906,1.6
90907,0.8
90908,-1.6
90909,0
90910,-0.8
90911,0
90912,-0.8
90913,2.4
90914,0
90915,0.8
90916,0
90917,-0.8
90918,0
90919,-0.8
90920,0
90921,0
90922,-0.8
90923,-1.6
90924,-1.6
90925,0.8
90926,0
90927,0
90928,0
90929,-0.8
90930,-0.8
90931,-10.4
90932,0
90933,0.8
90934,-0.8
90935,0.8
90936,-0.8
90937,-0.8
90938,0
90939,-0.8
90940,-0.8
90941,0
90942,0.8
90943,4
90944,0
90945,-0.8
90946,0.8
90947,0.8
90948,0
90949,-0.8
90950,0
90951,0.8
90952,0
90953,0
90954,-1.6
90955,0
90956,0.8
90957,0.8
90958,1.6
90959,1.6
90960,-3.2
90961,0
90962,0.8
90963,0
90964,-1.6
90965,0
90966,0
90967,2.4
90968,0.8
90969,0
90970,0.8
90971,0.8
90972,0.8
90973,0
90974,-0.8
90975,-1.6
90976,0
90977,-1.6
90978,-2.4
90979,-2.4
90980,0
90981,-3.2
90982,0
90983,0
90984,-1.6
90985,-2.4
90986,-1.6
90987,-1.6
90988,1.6
90989,-0.8
90990,0.8
90991,-0.8
90992,1.6
90993,5.6
90994,0
90995,0.8
90996,-0.8
90997,0
90998,-0.8
90999,0.8
91000,0
91001,0
91002,0
91003,2.4
91004,0
91005,2.4
91006,-0.8
91007,0
91008,4
91009,-1.6
91010,-0.8
91011,0.8
91012,0
91013,-0.8
91014,0
91015,0
91016,0
91017,-0.8
91018,5.6
91019,0.8
91020,0.8
91021,-0.8
91022,-1.6
91023,0
91024,1.6
91025,0.8
91026,-0.8
91027,-1.6
91028,0.8
91029,0
91030,0.8
91031,0
91032,0.8
91033,0
91034,0
91035,0
91036,-0.8
91037,0
91038,2.4
91039,0.8
91040,-0.8
91041,-0.8
91042,0
91043,-0.8
91044,0
91045,2.4
91046,1.6
91047,0.8
91048,0.8
91049,-0.8
91050,-1.6
91051,0.8
91052,0.8
91053,-0.8
91054,0
91055,5.6
91056,0
91057,0
91058,0.8
91059,5.6
91060,0
91061,0
91062,-0.8
91063,4
91064,2.4
91065,0
91066,0.8
91067,-2.4
91068,-3.2
91069,-3.2
91070,0
91071,0
91072,-2.4
91073,0
91074,-0.8
91075,0.8
91076,0
91077,-0.8
91078,-0.8
91079,-0.8
91080,0
91081,0
91082,-1.6
91083,0
91084,0.8
91085,-0.8
91086,0
91087,0
91088,4
91089,2.4
91090,0
91091,-0.8
91092,2.4
91093,-0.8
91094,0
91095,2.4
91096,0
91097,0.8
91098,-1.6
91099,0
91100,0.8
91101,0
91102,-1.6
91103,0.8
91104,-0.8
91105,-4
91106,-0.8
91107,0.8
91108,3.2
91109,-4
91110,-1.6
91111,0.8
91112,2.4
91113,5.6
91114,0.8
91115,0
91116,2.4
91117,-2.4
91118,-5.6
91119,2.4
91120,0
91121,0
91122,2.4
91123,0
91124,0
91125,0
91126,-0.8
91127,0
91128,-0.8
91129,0
91130,-0.8
91131,0
91132,0
91133,-1.6
91134,-0.8
91135,0
91136,-0.8
91137,-1.6
91138,-0.8
91139,0.8
91140,-1.6
91141,-0.8
91142,1.6
91143,1.6
91144,0
91145,-4
91146,0.8
91147,-0.8
91148,5.6
91149,0.8
91150,2.4
91151,0.8
91152,-0.8
91153,0
91154,2.4
91155,2.4
91156,2.4
91157,0
91158,0
91159,0
91160,0
91161,0.8
91162,0.8
91163,3.2
91164,0
91165,-3.2
91166,-0.8
91167,0.8
91168,4
91169,0
91170,1.6
91171,0
91172,2.4
91173,0.8
91174,-3.2
91175,2.4
91176,-1.6
91177,-0.8
91178,-0.8
91179,-0.8
91180,-2.4
91181,0
91182,-0.8
91183,-1.6
91184,-0.8
91185,0
91186,0
91187,-0.8
91188,-0.8
91189,0
91190,-0.8
91191,2.4
91192,1.6
91193,0
91194,-1.6
91195,-0.8
91196,-0.8
91197,-0.8
91198,0.8
91199,-0.8
91200,0
91201,-11.2
91202,0
91203,0.8
91204,-1.6
91205,2.4
91206,-0.8
91207,0.8
91208,0.8
91209,0.8
91210,0.8
91211,0
91212,0
91213,0
91214,0
91215,0.8
91216,0
91217,-1.6
91218,0.8
91219,1.6
91220,0
91221,-0.8
91222,-3.2
91223,0.8
91224,0.8
91225,0
91226,-3.2
91227,0.8
91228,-1.6
91229,-1.6
91230,-3.2
91231,0.8
91232,0
91233,3.2
91234,0
91235,0
91236,-0.8
91237,0
91238,-2.4
91239,-1.6
91240,0.8
91241,0.8
91242,-0.8
91243,-1.6
91244,-1.6
91245,2.4
91246,0
91247,1.6
91248,1.6
91249,-1.6
91250,-0.8
91251,0.8
91252,-0.8
91253,0.8
91254,0.8
91255,2.4
91256,-0.8
91257,0.8
91258,-1.6
91259,-1.6
91260,-0.8
91261,-1.6
91262,0
91263,3.2
91264,0
91265,0
91266,-0.8
91267,0
91268,2.4
91269,0.8
91270,0.8
91271,0
91272,2.4
91273,-0.8
91274,0.8
91275,0.8
91276,-2.4
91277,0.8
91278,0.8
91279,0
91280,2.4
91281,2.4
91282,-0.8
91283,3.2
91284,0
91285,-0.8
91286,0
91287,0
91288,0
91289,0.8
91290,0.8
91291,-1.6
91292,0.8
91293,0
91294,-0.8
91295,-0.8
91296,0.8
91297,0
91298,2.4
91299,0.8
91300,0.8
91301,3.2
91302,0
91303,0.8
91304,1.6
91305,0.8
91306,0.8
91307,0
91308,0.8
91309,0
91310,0
91311,0.8
91312,-0.8
91313,0
91314,1.6
91315,0
91316,0
91317,-0.8
91318,0
91319,0
91320,0
91321,0
91322,-0.8
91323,0
91324,-0.8
91325,2.4
91326,0
91327,0.8
91328,0
91329,0
91330,-4
91331,-3.2
91332,-0.8
91333,-0.8
91334,-0.8
91335,-0.8
91336,-1.6
91337,0.8
91338,0
91339,-0.8
91340,-0.8
91341,-0.8
91342,1.6
91343,-2.4
91344,0
91345,3.2
91346,0
91347,-0.8
91348,0.8
91349,-3.2
91350,-0.8
91351,0
91352,0.8
91353,0
91354,0
91355,-0.8
91356,0.8
91357,-1.6
91358,0
91359,-0.8
91360,-0.8
91361,-1.6
91362,0.8
91363,0.8
91364,-0.8
91365,-0.8
91366,0
91367,2.4
91368,-0.8
91369,0
91370,0
91371,0
91372,-1.6
91373,0
91374,0
91375,-1.6
91376,0
91377,-1.6
91378,-0.8
91379,-0.8
91380,0
91381,0
91382,0.8
91383,-1.6
91384,0
91385,0
91386,0
91387,-0.8
91388,-0.8
91389,-8.8
91390,-0.8
91391,0
91392,0.8
91393,0.8
91394,-0.8
91395,0
91396,-0.8
91397,0
91398,-4
91399,-1.6
91400,-0.8
91401,0.8
91402,-1.6
91403,-0.8
91404,0
91405,0.8
91406,-0.8
91407,0
91408,0
91409,0
91410,0
91411,-0.8
91412,0
91413,0
91414,1.6
91415,0.8
91416,0
91417,0
91418,0
91419,0
91420,-0.8
91421,0.8
91422,-0.8
91423,0.8
91424,0
91425,-0.8
91426,-0.8
91427,-0.8
91428,0.8
91429,0.8
91430,0.8
91431,-0.8
91432,0
91433,-3.2
91434,-1.6
91435,0
91436,-0.8
91437,0.8
91438,5.6
91439,0.8
91440,-0.8
91441,-0.8
91442,2.4
91443,-0.8
91444,0.8
91445,0.8
91446,0.8
91447,-1.6
91448,2.4
91449,-1.6
91450,0.8
91451,0
91452,0
91453,0.8
91454,0
91455,0.8
91456,0
91457,0.8
91458,0.8
91459,1.6
91460,0
91461,2.4
91462,0.8
91463,1.6
91464,4
91465,0
91466,1.6
91467,-0.8
91468,-0.8
91469,0
91470,0
91471,0
91472,0.8
91473,-0.8
91474,0
91475,-0.8
91476,-0.8
91477,-0.8
91478,-3.2
91479,0
91480,0.8
91481,0
91482,-0.8
91483,-3.2
91484,-0.8
91485,0.8
91486,0
91487,0
91488,0
91489,0.8
91490,-2.4
91491,-0.8
91492,0.8
91493,0.8
91494,0.8
91495,0.8
91496,0
91497,0
91498,-0.8
91499,-4.8
91500,-1.6
91501,0.8
91502,0.8
91503,-0.8
91504,0
91505,-0.8
91506,-1.6
91507,-0.8
91508,-0.8
91509,0.8
91510,0.8
91511,0.8
91512,0
91513,-0.8
91514,0
91515,2.4
91516,-1.6
91517,-2.4
91518,0
91519,-0.8
91520,-0.8
91521,0
91522,0
91523,2.4
91524,0
91525,-0.8
91526,0
91527,-3.2
91528,-0.8
91529,-1.6
91530,0
91531,0
91532,-1.6
91533,-0.8
91534,-0.8
91535,-0.8
91536,1.6
91537,0.8
91538,-1.6
91539,0
91540,0.8
91541,-0.8
91542,-0.8
91543,1.6
91544,0.8
91545,0
91546,0
91547,0.8
91548,0.8
91549,0.8
91550,-0.8
91551,0
91552,4
91553,0
91554,0
91555,0.8
91556,-0.8
91557,0.8
91558,0
91559,2.4
91560,0
91561,0
91562,0.8
91563,-1.6
91564,-5.6
91565,0
91566,0
91567,-1.6
91568,0
91569,0
91570,0.8
91571,-0.8
91572,0
91573,0.8
91574,0.8
91575,0.8
91576,-0.8
91577,-0.8
91578,0
91579,-0.8
91580,0.8
91581,0
91582,0
91583,-0.8
91584,0
91585,0
91586,0
91587,0
91588,0
91589,-2.4
91590,-1.6
91591,-0.8
91592,0.8
91593,0.8
91594,0.8
91595,0
91596,0
91597,0
91598,0.8
91599,0.8
91600,-1.6
91601,-0.8
91602,0
91603,2.4
91604,0
91605,-1.6
91606,-0.8
91607,0
91608,0
91609,0.8
91610,-0.8
91611,-3.2
91612,2.4
91613,-0.8
91614,-2.4
91615,0
91616,2.4
91617,0
91618,0.8
91619,0
91620,-0.8
91621,-1.6
91622,-0.8
91623,-1.6
91624,-0.8
91625,-0.8
91626,-0.8
91627,0.8
91628,-0.8
91629,-0.8
91630,-0.8
91631,0
91632,0
91633,-3.2
91634,-0.8
91635,0.8
91636,0.8
91637,0
91638,0
91639,0
91640,2.4
91641,-3.2
91642,0.8
91643,0
91644,2.4
91645,0.8
91646,0
91647,0
91648,0.8
91649,-1.6
91650,-0.8
91651,-0.8
91652,-0.8
91653,1.6
91654,1.6
91655,-0.8
91656,0
91657,0
91658,0.8
91659,1.6
91660,0
91661,4
91662,0
91663,1.6
91664,2.4
91665,0.8
91666,0
91667,0
91668,0
91669,0.8
91670,-0.8
91671,0
91672,-0.8
91673,0.8
91674,-1.6
91675,-0.8
91676,-0.8
91677,0
91678,0
91679,0.8
91680,0.8
91681,0.8
91682,-1.6
91683,-0.8
91684,-2.4
91685,0
91686,0.8
91687,-1.6
91688,0.8
91689,-3.2
91690,-0.8
91691,0
91692,0.8
91693,-0.8
91694,0
91695,0.8
91696,-0.8
91697,0.8
91698,0.8
91699,-0.8
91700,-0.8
91701,-0.8
91702,1.6
91703,0
91704,2.4
91705,0
91706,2.4
91707,-0.8
91708,0.8
91709,0
91710,5.6
91711,0.8
91712,0
91713,2.4
91714,-0.8
91715,4
91716,1.6
91717,2.4
91718,0
91719,0.8
91720,2.4
91721,0.8
91722,0.8
91723,2.4
91724,0.8
91725,2.4
91726,-0.8
91727,-0.8
91728,-3.2
91729,-2.4
91730,0
91731,0
91732,-1.6
91733,-0.8
91734,-0.8
91735,0
91736,3.2
91737,2.4
91738,0.8
91739,-0.8
91740,-4
91741,-0.8
91742,0.8
91743,0
91744,-2.4
91745,0.8
91746,-0.8
91747,1.6
91748,0.8
91749,0.8
91750,0
91751,0
91752,0
91753,2.4
91754,2.4
91755,0.8
91756,2.4
91757,0
91758,0
91759,-1.6
91760,0
91761,0.8
91762,4
91763,0.8
91764,0.8
91765,4
91766,0.8
91767,2.4
91768,0
91769,0
91770,-3.2
91771,0
91772,0
91773,-1.6
91774,2.4
91775,0.8
91776,0.8
91777,0.8
91778,0.8
91779,0
91780,0
91781,1.6
91782,0.8
91783,-0.8
91784,0.8
91785,0
91786,4
91787,-0.8
91788,0
91789,0.8
91790,1.6
91791,0
91792,1.6
91793,5.6
91794,-3.2
91795,0.8
91796,0
91797,4
91798,0.8
91799,-0.8
91800,-0.8
91801,0
91802,0
91803,-2.4
91804,0.8
91805,-0.8
91806,0.8
91807,0
91808,0
91809,0
91810,-1.6
91811,0.8
91812,2.4
91813,-0.8
91814,0
91815,-3.2
91816,0.8
91817,-7.2
91818,-0.8
91819,0
91820,5.6
91821,-1.6
91822,0
91823,-1.6
91824,-1.6
91825,0.8
91826,-0.8
91827,0
91828,0
91829,0.8
91830,-0.8
91831,-1.6
91832,0
91833,-0.8
91834,-0.8
91835,0.8
91836,0.8
91837,0
91838,-1.6
91839,-0.8
91840,0.8
91841,2.4
91842,0.8
91843,-0.8
91844,0
91845,0
91846,0
91847,-7.2
91848,0
91849,-0.8
91850,-0.8
91851,0.8
91852,0
91853,0.8
91854,0
91855,0.8
91856,-3.2
91857,0.8
91858,2.4
91859,0.8
91860,0
91861,0.8
91862,2.4
91863,0
91864,1.6
91865,2.4
91866,0
91867,-3.2
91868,0.8
91869,0.8
91870,4
91871,-3.2
91872,0.8
91873,0
91874,0
91875,-0.8
91876,-1.6
91877,0
91878,0
91879,-0.8
91880,-0.8
91881,0
91882,-0.8
91883,0
91884,0
91885,-1.6
91886,0
91887,0
91888,-3.2
91889,-0.8
91890,-0.8
91891,0
91892,0.8
91893,0
91894,0.8
91895,0
91896,1.6
91897,5.6
91898,-3.2
91899,2.4
91900,0.8
91901,0.8
91902,0
91903,0
91904,-1.6
91905,2.4
91906,0.8
91907,-4
91908,2.4
91909,0
91910,0
91911,0
91912,-0.8
91913,0.8
91914,0.8
91915,-3.2
91916,-0.8
91917,0
91918,-0.8
91919,0
91920,-0.8
91921,1.6
91922,0.8
91923,0.8
91924,-0.8
91925,0.8
91926,-0.8
91927,0
91928,0
91929,0.8
91930,0.8
91931,0
91932,0.8
91933,0
91934,-1.6
91935,0
91936,0
91937,-0.8
91938,0.8
91939,-1.6
91940,0
91941,-2.4
91942,0
91943,-0.8
91944,0
91945,0
91946,-1.6
91947,-3.2
91948,0.8
91949,0
91950,-1.6
91951,0.8
91952,0.8
91953,1.6
91954,0
91955,0.8
91956,-0.8
91957,-3.2
91958,0.8
91959,0.8
91960,-5.6
91961,0
91962,0.8
91963,2.4
91964,-0.8
91965,0.8
91966,0.8
91967,-4.8
91968,0
91969,0
91970,4
91971,0
91972,0
91973,-0.8
91974,2.4
91975,0.8
91976,-0.8
91977,0
91978,0
91979,0.8
91980,-0.8
91981,0
91982,1.6
91983,-0.8
91984,-1.6
91985,2.4
91986,-0.8
91987,-0.8
91988,0.8
91989,0
91990,0.8
91991,2.4
91992,0.8
91993,-0.8
91994,0
91995,0
91996,0
91997,0
91998,0.8
91999,0
92000,0
92001,0.8
92002,-4.8
92003,0.8
92004,0
92005,0.8
92006,-0.8
92007,4
92008,0
92009,-0.8
92010,0.8
92011,0
92012,-0.8
92013,0.8
92014,0.8
92015,-0.8
92016,0
92017,-2.4
92018,0
92019,0
92020,-0.8
92021,2.4
92022,0
92023,-0.8
92024,-0.8
92025,0
92026,-0.8
92027,0
92028,0
92029,0
92030,0
92031,-0.8
92032,0.8
92033,0
92034,0
92035,-0.8
92036,-0.8
92037,0
92038,-9.6
92039,-0.8
92040,-0.8
92041,5.6
92042,0.8
92043,0
92044,0.8
92045,-0.8
92046,-1.6
92047,0.8
92048,0.8
92049,0.8
92050,0.8
92051,0
92052,-1.6
92053,0.8
92054,0.8
92055,-0.8
92056,0
92057,0
92058,0.8
92059,0
92060,0.8
92061,0
92062,-1.6
92063,-3.2
92064,2.4
92065,0
92066,2.4
92067,0
92068,0
92069,-0.8
92070,-0.8
92071,-0.8
92072,0
92073,-1.6
92074,0.8
92075,0
92076,0
92077,-1.6
92078,-1.6
92079,0
92080,0
92081,0.8
92082,-1.6
92083,-3.2
92084,-0.8
92085,-0.8
92086,0
92087,0
92088,0.8
92089,0.8
92090,0.8
92091,2.4
92092,0
92093,0
92094,0
92095,0
92096,0
92097,-0.8
92098,-0.8
92099,0
92100,0
92101,0
92102,0.8
92103,0.8
92104,0.8
92105,-1.6
92106,1.6
92107,-0.8
92108,2.4
92109,0.8
92110,0
92111,0
92112,0
92113,-0.8
92114,0
92115,-0.8
92116,0.8
92117,-0.8
92118,0
92119,0
92120,0.8
92121,-4
92122,0.8
92123,0
92124,2.4
92125,0.8
92126,0
92127,0
92128,-0.8
92129,-0.8
92130,0
92131,0
92132,-0.8
92133,-1.6
92134,0
92135,0.8
92136,0
92137,-0.8
92138,-2.4
92139,-0.8
92140,0
92141,0
92142,0.8
92143,0.8
92144,-1.6
92145,0.8
92146,-1.6
92147,0
92148,0.8
92149,0.8
92150,-3.2
92151,0.8
92152,0.8
92153,0.8
92154,0
92155,0
92156,2.4
92157,-0.8
92158,0
92159,1.6
92160,2.4
92161,0.8
92162,0
92163,-4.8
92164,0.8
92165,-0.8
92166,0
92167,0
92168,-4
92169,0
92170,0
92171,-8.8
92172,0
92173,0
92174,0.8
92175,0
92176,-0.8
92177,0
92178,0
92179,-0.8
92180,0
92181,0
92182,-6.4
92183,-1.6
92184,-3.2
92185,-3.2
92186,0
92187,0
92188,-0.8
92189,-1.6
92190,-1.6
92191,2.4
92192,0.8
92193,0
92194,0
92195,-0.8
92196,-0.8
92197,0
92198,0.8
92199,0
92200,-0.8
92201,2.4
92202,2.4
92203,0
92204,2.4
92205,0
92206,-0.8
92207,0.8
92208,-1.6
92209,1.6
92210,-0.8
92211,0.8
92212,0
92213,5.6
92214,0
92215,-3.2
92216,-0.8
92217,0
92218,0
92219,-0.8
92220,-0.8
92221,-0.8
92222,0
92223,-3.2
92224,-1.6
92225,0
92226,-0.8
92227,0.8
92228,-1.6
92229,-1.6
92230,0
92231,-0.8
92232,2.4
92233,-1.6
92234,0
92235,-1.6
92236,-0.8
92237,0
92238,0.8
92239,-3.2
92240,0
92241,0.8
92242,0.8
92243,-0.8
92244,0
92245,0
92246,-0.8
92247,0.8
92248,-0.8
92249,0
92250,0
92251,0
92252,0.8
92253,0.8
92254,0
92255,-0.8
92256,0.8
92257,0
92258,0
92259,-3.2
92260,12
92261,84
92262,9.6
92263,-64.800003
92264,-10.4
92265,0
92266,-0.8
92267,-0.8
92268,-1.6
92269,0.8
92270,0
92271,0.8
92272,0.8
92273,0
92274,0.8
92275,0
92276,0.8
92277,0.8
92278,0.8
92279,0.8
92280,-0.8
92281,0.8
92282,0
92283,0
92284,-0.8
92285,0.8
92286,0
92287,0
92288,-0.8
92289,-1.6
92290,-0.8
92291,0
92292,0
92293,-0.8
92294,0
92295,-0.8
92296,0
92297,0
92298,0
92299,0.8
92300,-0.8
92301,-0.8
92302,2.4
92303,0
92304,0.8
92305,0
92306,-1.6
92307,0.8
92308,0.8
92309,-0.8
92310,-0.8
92311,0
92312,-0.8
92313,0
92314,0
92315,-0.8
92316,-0.8
92317,0
92318,0
92319,0
92320,0
92321,0.8
92322,-0.8
92323,0
92324,-1.6
92325,0.8
92326,-1.6
92327,0
92328,0.8
92329,-0.8
92330,0
92331,0
92332,0.8
92333,0
92334,0
92335,-0.8
92336,0
92337,0
92338,0
92339,-1.6
92340,0
92341,-0.8
92342,2.4
92343,-0.8
92344,-1.6
92345,-0.8
92346,0
92347,0
92348,0
92349,0
92350,0
92351,0
92352,0
92353,0
92354,0
92355,0.8
92356,0.8
92357,0.8
92358,0
92359,0
92360,0
92361,0
92362,0.8
92363,0.8
92364,0
92365,0.8
92366,0.8
92367,-0.8
92368,0
92369,0
92370,0
92371,-0.8
92372,0
92373,-1.6
92374,2.4
92375,0
92376,0
92377,-0.8
92378,0
92379,0
92380,0.8
92381,0.8
92382,0.8
92383,-0.8
92384,0
92385,0
92386,0
92387,0
92388,0
92389,-0.8
92390,0
92391,0
92392,1.6
92393,0
92394,0
92395,0
92396,0
92397,0
92398,-0.8
92399,0.8
92400,0.8
92401,-0.8
92402,-1.6
92403,0.8
92404,-0.8
92405,0
92406,0.8
92407,-0.8
92408,0
92409,3.2
92410,0
92411,-0.8
92412,0
92413,-0.8
92414,0
92415,0
92416,-0.8
92417,0
92418,0
92419,0
92420,0
92421,0
92422,0
92423,0
92424,-0.8
92425,0
92426,0
92427,0
92428,0
92429,0
92430,-0.8
92431,0
92432,0
92433,0
92434,0
92435,0.8
92436,0
92437,0
92438,-0.8
92439,2.4
92440,0
92441,0.8
92442,0.8
92443,0
92444,0
92445,0
92446,-0.8
92447,0
92448,0
92449,0
92450,0
92451,0
92452,0
92453,0
92454,0.8
92455,0
92456,0
92457,0
92458,0
92459,0.8
92460,0
92461,0.8
92462,0
92463,0
92464,-0.8
92465,0.8
92466,0
92467,-0.8
92468,0
92469,0
92470,0
92471,0
92472,-0.8
92473,-0.8
92474,0.8
92475,-0.8
92476,0
92477,0
92478,-0.8
92479,-0.8
92480,0
92481,0
92482,0
92483,0
92484,-0.8
92485,0
92486,0.8
92487,0
92488,0
92489,-0.8
92490,0
92491,-0.8
92492,0
92493,0
92494,0.8
92495,-0.8
92496,0
92497,0.8
92498,0.8
92499,0
92500,0
92501,0.8
92502,5.6
92503,0
92504,0.8
92505,0
92506,0
92507,0
92508,0.8
92509,0
92510,0
92511,0
92512,0
92513,0
92514,0
92515,0
92516,-0.8
92517,-1.6
92518,-0.8
92519,0.8
92520,0
92521,-0.8
92522,0
92523,-0.8
92524,0.8
92525,0
92526,0.8
92527,0
92528,-0.8
92529,-0.8
92530,0
92531,0.8
92532,0
92533,0
92534,0
92535,0
92536,0.8
92537,0
92538,0
92539,0
92540,0.8
92541,0.8
92542,0
92543,0
92544,0
92545,2.4
92546,0
92547,0
92548,-0.8
92549,0.8
92550,0
92551,-0.8
92552,-0.8
92553,0.8
92554,0
92555,0
92556,1.6
92557,0
92558,0.8
92559,0
92560,0.8
92561,0
92562,0
92563,0.8
92564,-0.8
92565,-0.8
92566,0.8
92567,0.8
92568,0
92569,0
92570,0
92571,-0.8
92572,0
92573,-0.8
92574,0.8
92575,0
92576,0.8
92577,0
92578,0
92579,0.8
92580,0
92581,0
92582,0
92583,0
92584,0.8
92585,-0.8
92586,0
92587,0
92588,0
92589,0
92590,-2.4
92591,-0.8
92592,0
92593,-0.8
92594,0
92595,0
92596,0.8
92597,0.8
92598,0
92599,0.8
92600,0
92601,0
92602,0
92603,0.8
92604,0
92605,-0.8
92606,0
92607,0.8
92608,-1.6
92609,0
92610,0
92611,0
92612,0
92613,0
92614,-1.6
92615,0.8
92616,0
92617,0
92618,0
92619,-0.8
92620,0
92621,0
92622,-0.8
92623,0
92624,-0.8
92625,0
92626,-1.6
92627,-0.8
92628,0
92629,0
92630,0
92631,-0.8
92632,0
92633,-0.8
92634,-3.2
92635,0
92636,0.8
92637,0
92638,0
92639,0
92640,-0.8
92641,0
92642,0.8
92643,0
92644,0
92645,0
92646,-0.8
92647,0
92648,1.6
92649,0
92650,0
92651,0.8
92652,0.8
92653,0
92654,0.8
92655,-0.8
92656,2.4
92657,0
92658,-0.8
92659,-0.8
92660,0
92661,0
92662,0
92663,-0.8
92664,-1.6
92665,0
92666,0
92667,0.8
92668,0
92669,0.8
92670,-0.8
92671,0
92672,0
92673,0
92674,0.8
92675,0
92676,-0.8
92677,-1.6
92678,0
92679,0
92680,-0.8
92681,-1.6
92682,0
92683,0
92684,-0.8
92685,0.8
92686,0
92687,0
92688,0
92689,0
92690,-1.6
92691,0
92692,0
92693,0
92694,0.8
92695,0
92696,1.6
92697,-1.6
92698,0
92699,-1.6
92700,0.8
92701,0
92702,0
92703,0
92704,0.8
92705,0
92706,0
92707,0.8
92708,-3.2
92709,0
92710,0
92711,-0.8
92712,0
92713,0
92714,0
92715,0
92716,0
92717,0
92718,0
92719,0
92720,0
92721,0
92722,-0.8
92723,0
92724,0
92725,0
92726,0.8
92727,-0.8
92728,0
92729,-0.8
92730,-0.8
92731,-0.8
92732,0
92733,-1.6
92734,-0.8
92735,0
92736,2.4
92737,-0.8
92738,-0.8
92739,0
92740,0
92741,0
92742,0
92743,0
92744,-0.8
92745,0
92746,0
92747,0
92748,0.8
92749,0
92750,0.8
92751,0.8
92752,0
92753,0
92754,0
92755,-0.8
92756,0
92757,0
92758,-0.8
92759,0
92760,0
92761,0.8
92762,0.8
92763,0
92764,0
92765,0
92766,0
92767,0.8
92768,0
92769,-0.8
92770,0
92771,0
92772,0.8
92773,0
92774,0
92775,0.8
92776,-0.8
92777,0
92778,0
92779,-0.8
92780,0.8
92781,2.4
92782,0
92783,1.6
92784,0
92785,0
92786,0.8
92787,0
92788,0
92789,-0.8
92790,-0.8
92791,0
92792,0
92793,-0.8
92794,0
92795,0.8
92796,0.8
92797,0
92798,0
92799,-0.8
92800,0.8
92801,0
92802,0
92803,0
92804,0
92805,0.8
92806,3.2
92807,0
92808,1.6
92809,0
92810,0
92811,0
92812,0
92813,0
92814,-3.2
92815,0.8
92816,0
92817,0
92818,0
92819,0
92820,0
92821,0
92822,-1.6
92823,0
92824,0
92825,-0.8
92826,0
92827,0
92828,0
92829,0
92830,-0.8
92831,-0.8
92832,0
92833,0.8
92834,0.8
92835,0
92836,0.8
92837,0
92838,0
92839,0
92840,-0.8
92841,0
92842,-0.8
92843,0.8
92844,0.8
92845,0
92846,0.8
92847,0
92848,0
92849,0.8
92850,0
92851,0
92852,0.8
92853,0.8
92854,0
92855,0
92856,0
92857,0
92858,0
92859,0
92860,0
92861,-1.6
92862,2.4
92863,0.8
92864,0
92865,0.8
92866,0
92867,0.8
92868,0
92869,0
92870,0.8
92871,0
92872,0
92873,0
92874,0.8
92875,0.8
92876,-1.6
92877,0
92878,0
92879,0
92880,-1.6
92881,-1.6
92882,0
92883,-0.8
92884,-0.8
92885,0
92886,0
92887,0
92888,-0.8
92889,0.8
92890,2.4
92891,0
92892,-0.8
92893,0
92894,-0.8
92895,0.8
92896,0
92897,-0.8
92898,0.8
92899,0
92900,0.8
92901,0
92902,0
92903,0
92904,0
92905,0
92906,0.8
92907,0
92908,0
92909,0
92910,0
92911,0.8
92912,0.8
92913,0
92914,0.8
92915,0
92916,0.8
92917,-0.8
92918,0
92919,0
92920,0
92921,0
92922,0.8
92923,0
92924,0
92925,0
92926,2.4
92927,0
92928,0
92929,-0.8
92930,0
92931,0
92932,0
92933,-2.4
92934,0
92935,-0.8
92936,0
92937,-0.8
92938,0
92939,0
92940,-0.8
92941,0
92942,0
92943,2.4
92944,-1.6
92945,0
92946,-0.8
92947,-0.8
92948,-1.6
92949,0.8
92950,0
92951,0
92952,0.8
92953,0
92954,0
92955,0
92956,0.8
92957,0
92958,0
92959,0
92960,0
92961,0
92962,0
92963,-0.8
92964,0.8
92965,0
92966,0
92967,0.8
92968,0
92969,0
92970,-0.8
92971,0
92972,0
92973,0
92974,0.8
92975,0
92976,-0.8
92977,-0.8
92978,0
92979,0
92980,-0.8
92981,0
92982,0.8
92983,0.8
92984,0
92985,0
92986,-3.2
92987,3.2
92988,0
92989,0
92990,0
92991,-0.8
92992,0
92993,-0.8
92994,-0.8
92995,0.8
92996,0
92997,0
92998,0
92999,0
93000,-0.8
93001,0
93002,0
93003,0
93004,0
93005,0
93006,0
93007,0.8
93008,-0.8
93009,0.8
93010,0.8
93011,0.8
93012,0
93013,-0.8
93014,0
93015,0.8
93016,0
93017,0.8
93018,-0.8
93019,0
93020,-0.8
93021,0
93022,0.8
93023,0
93024,-0.8
93025,-0.8
93026,0
93027,-0.8
93028,-1.6
93029,-0.8
93030,0
93031,0
93032,-0.8
93033,-1.6
93034,-0.8
93035,-0.8
93036,1.6
93037,0.8
93038,-0.8
93039,0.8
93040,0.8
93041,-0.8
93042,0
93043,0
93044,0.8
93045,0
93046,0
93047,0
93048,0.8
93049,0
93050,0
93051,0
93052,0
93053,0
93054,0
93055,-0.8
93056,0
93057,0
93058,0
93059,0
93060,-0.8
93061,2.4
93062,2.4
93063,0
93064,0
93065,-1.6
93066,0
93067,-0.8
93068,0
93069,0
93070,0
93071,-0.8
93072,0
93073,-0.8
93074,0.8
93075,0
93076,-0.8
93077,-0.8
93078,0.8
93079,0
93080,0
93081,-1.6
93082,0
93083,0
93084,0
93085,0
93086,-4
93087,-0.8
93088,0
93089,0
93090,0
93091,0
93092,0.8
93093,0
93094,0
93095,0
93096,0
93097,0
93098,-1.6
93099,0.8
93100,0
93101,0
93102,0.8
93103,0
93104,0
93105,0.8
93106,0
93107,0
93108,0.8
93109,-0.8
93110,0
93111,0
93112,0.8
93113,0.8
93114,0.8
93115,0.8
93116,0
93117,2.4
93118,0
93119,0
93120,-0.8
93121,0
93122,0.8
93123,0.8
93124,0
93125,0
93126,0.8
93127,0
93128,0
93129,0
93130,0
93131,0
93132,0
93133,0
93134,0
93135,0
93136,0.8
93137,0
93138,0
93139,0
93140,0
93141,0
93142,0
93143,-0.8
93144,0
93145,0
93146,-0.8
93147,0.8
93148,0
93149,0.8
93150,0.8
93151,0
93152,0
93153,0.8
93154,0
93155,0
93156,0
93157,0
93158,0
93159,0
93160,-0.8
93161,0
93162,0
93163,-0.8
93164,0
93165,2.4
93166,0
93167,1.6
93168,0
93169,0
93170,0.8
93171,0
93172,0
93173,-1.6
93174,2.4
93175,-0.8
93176,1.6
93177,0
93178,0
93179,0
93180,-0.8
93181,0
93182,0
93183,0
93184,0
93185,0
93186,0
93187,0
93188,-0.8
93189,0.8
93190,-0.8
93191,0.8
93192,-0.8
93193,0.8
93194,0
93195,0.8
93196,-0.8
93197,0.8
93198,0
93199,0.8
93200,-0.8
93201,0.8
93202,0
93203,0.8
93204,0
93205,1.6
93206,0.8
93207,0
93208,0
93209,0
93210,0.8
93211,0.8
93212,0
93213,0
93214,0.8
93215,2.4
93216,0
93217,0
93218,0.8
93219,0
93220,1.6
93221,0.8
93222,0
93223,0
93224,0
93225,0.8
93226,-0.8
93227,0
93228,0
93229,-0.8
93230,0.8
93231,0
93232,-0.8
93233,0.8
93234,0
93235,0
93236,0
93237,0
93238,0
93239,0
93240,0.8
93241,-0.8
93242,0.8
93243,-0.8
93244,-1.6
93245,0
93246,0.8
93247,0.8
93248,0
93249,0.8
93250,0
93251,0
93252,0.8
93253,0
93254,0.8
93255,0
93256,0
93257,0
93258,0
93259,-0.8
93260,0
93261,0
93262,0
93263,-1.6
93264,0
93265,0.8
93266,0.8
93267,0
93268,0
93269,0
93270,1.6
93271,0
93272,0
93273,0
93274,0
93275,0
93276,0
93277,0
93278,0.8
93279,0
93280,0
93281,0.8
93282,0
93283,-0.8
93284,0
93285,0.8
93286,0
93287,0.8
93288,0.8
93289,0.8
93290,0.8
93291,0
93292,0.8
93293,0
93294,0
93295,0
93296,0
93297,0
93298,0
93299,-3.2
93300,0
93301,0.8
93302,0
93303,0
93304,0
93305,0
93306,0.8
93307,0
93308,0.8
93309,0.8
93310,0
93311,0.8
93312,0
93313,0.8
93314,2.4
93315,-0.8
93316,0
93317,-0.8
93318,0
93319,0.8
93320,1.6
93321,-0.8
93322,0
93323,-0.8
93324,0.8
93325,-0.8
93326,-0.8
93327,-1.6
93328,0.8
93329,-0.8
93330,0
93331,0
93332,0.8
93333,0
93334,0
93335,0
93336,-0.8
93337,0
93338,-0.8
93339,0
93340,0
93341,0
93342,0
93343,0.8
93344,0
93345,0
93346,0
93347,0
93348,-0.8
93349,0
93350,0
93351,0.8
93352,0.8
93353,0
93354,-0.8
93355,0
93356,0
93357,0
93358,0.8
93359,0
93360,0
93361,0
93362,0
93363,0
93364,0
93365,0.8
93366,0
93367,0.8
93368,-0.8
93369,0
93370,0
93371,0
93372,0
93373,0
93374,0.8
93375,0
93376,0
93377,0
93378,0
93379,0.8
93380,0
93381,-0.8
93382,-0.8
93383,-0.8
93384,0.8
93385,-0.8
93386,0
93387,0
93388,0
93389,0.8
93390,0.8
93391,-0.8
93392,0.8
93393,0
93394,0
93395,0
93396,0
93397,0
93398,0
93399,0
93400,0
93401,0.8
93402,0
93403,0
93404,0
93405,0
93406,0
93407,0
93408,0
93409,0
93410,0.8
93411,0
93412,0
93413,-0.8
93414,0.8
93415,0
93416,0.8
93417,0
93418,-3.2
93419,-0.8
93420,0.8
93421,0
93422,0
93423,0
93424,0
93425,0
93426,0.8
93427,0
93428,-0.8
93429,0
93430,-0.8
93431,0
93432,0
93433,0
93434,0
93435,0
93436,0
93437,-0.8
93438,0
93439,0.8
93440,-0.8
93441,0
93442,0
93443,-0.8
93444,0.8
93445,0
93446,0
93447,0
93448,0.8
93449,2.4
93450,0
93451,0
93452,0
93453,0
93454,0
93455,0.8
93456,0.8
93457,0.8
93458,0.8
93459,0
93460,-1.6
93461,0.8
93462,-0.8
93463,-1.6
93464,0.8
93465,0
93466,0
93467,0.8
93468,0.8
93469,-0.8
93470,0
93471,0
93472,0
93473,0
93474,0
93475,0.8
93476,-0.8
93477,0.8
93478,0.8
93479,-0.8
93480,0
93481,0
93482,0
93483,0
93484,0.8
93485,0
93486,0
93487,0
93488,-2.4
93489,-0.8
93490,0
93491,0.8
93492,0.8
93493,0
93494,0
93495,0.8
93496,0.8
93497,0.8
93498,0
93499,0.8
93500,0
93501,0.8
93502,0.8
93503,0
93504,0.8
93505,0
93506,-0.8
93507,0.8
93508,0.8
93509,0
93510,1.6
93511,0
93512,-0.8
93513,-1.6
93514,0.8
93515,0.8
93516,-0.8
93517,-0.8
93518,2.4
93519,0.8
93520,0
93521,0
93522,0
93523,-0.8
93524,0.8
93525,0
93526,0
93527,-0.8
93528,0
93529,-2.4
93530,-0.8
93531,0.8
93532,0
93533,-0.8
93534,0
93535,2.4
93536,0
93537,-0.8
93538,0.8
93539,0
93540,0
93541,0
93542,0.8
93543,0
93544,0
93545,0
93546,0
93547,-0.8
93548,0
93549,0
93550,-0.8
93551,-0.8
93552,-0.8
93553,0
93554,0
93555,0
93556,0
93557,0.8
93558,0.8
93559,0
93560,0.8
93561,0.8
93562,0
93563,0
93564,-0.8
93565,0
93566,-0.8
93567,0
93568,0
93569,0
93570,-0.8
93571,0.8
93572,0
93573,0.8
93574,0
93575,0
93576,0
93577,0
93578,0
93579,0
93580,-0.8
93581,0
93582,0
93583,0
93584,-1.6
93585,0.8
93586,0
93587,-0.8
93588,0
93589,0
93590,-0.8
93591,0
93592,0
93593,0.8
93594,0
93595,0.8
93596,0
93597,0.8
93598,0
93599,0.8
93600,-0.8
93601,0
93602,0
93603,0.8
93604,-0.8
93605,0.8
93606,0.8
93607,0
93608,0
93609,0
93610,0
93611,0
93612,0.8
93613,0.8
93614,0.8
93615,0.8
93616,-2.4
93617,0
93618,-0.8
93619,0
93620,-0.8
93621,-0.8
93622,0.8
93623,-0.8
93624,0
93625,0
93626,0
93627,0
93628,-0.8
93629,0
93630,0
93631,0
93632,0
93633,0
93634,0
93635,-2.4
93636,0
93637,0
93638,-0.8
93639,1.6
93640,0
93641,0
93642,0
93643,0
93644,0
93645,0
93646,0.8
93647,0
93648,0
93649,0
93650,-0.8
93651,0.8
93652,0.8
93653,0
93654,0.8
93655,0
93656,0
93657,0
93658,0
93659,0
93660,0.8
93661,0
93662,0
93663,-4
93664,0
93665,0
93666,0.8
93667,0
93668,-0.8
93669,0
93670,0
93671,-1.6
93672,0
93673,0
93674,0
93675,-0.8
93676,2.4
93677,-0.8
93678,0
93679,-0.8
93680,-1.6
93681,-0.8
93682,0
93683,-0.8
93684,0.8
93685,0
93686,0
93687,0
93688,0
93689,0.8
93690,-1.6
93691,0
93692,0
93693,0
93694,0
93695,0
93696,0
93697,0
93698,-0.8
93699,0
93700,0
93701,1.6
93702,0
93703,0
93704,0
93705,0
93706,0
93707,1.6
93708,0.8
93709,0
93710,0
93711,0
93712,0.8
93713,0
93714,0.8
93715,-0.8
93716,0
93717,0.8
93718,0
93719,-0.8
93720,2.4
93721,0
93722,-0.8
93723,0
93724,-0.8
93725,0
93726,0.8
93727,0
93728,0
93729,0
93730,0
93731,0
93732,0.8
93733,0
93734,-1.6
93735,0
93736,0
93737,0
93738,-0.8
93739,0
93740,0
93741,-1.6
93742,-1.6
93743,0
93744,0
93745,-0.8
93746,0
93747,0.8
93748,0.8
93749,0
93750,0.8
93751,-0.8
93752,0.8
93753,0
93754,0.8
93755,0
93756,0.8
93757,0.8
93758,-0.8
93759,0
93760,0
93761,0
93762,0
93763,0
93764,0
93765,0.8
93766,0
93767,0
93768,0
93769,0.8
93770,0
93771,0
93772,0
93773,0
93774,0
93775,0.8
93776,-0.8
93777,0
93778,0
93779,0
93780,0
93781,-0.8
93782,0
93783,-0.8
93784,0.8
93785,0
93786,-0.8
93787,0
93788,0
93789,-0.8
93790,-1.6
93791,0
93792,0.8
93793,-0.8
93794,0
93795,0
93796,0
93797,0
93798,0
93799,0
93800,0
93801,0.8
93802,0.8
93803,0
93804,0
93805,0
93806,-0.8
93807,-0.8
93808,-0.8
93809,0
93810,0
93811,0.8
93812,-1.6
93813,0
93814,0
93815,0
93816,-0.8
93817,0
93818,0
93819,-0.8
93820,-0.8
93821,2.4
93822,-0.8
93823,0
93824,0
93825,0.8
93826,0
93827,-0.8
93828,0
93829,0
93830,-0.8
93831,0
93832,0
93833,-0.8
93834,-0.8
93835,2.4
93836,0
93837,-0.8
93838,0
93839,0
93840,0
93841,0
93842,-0.8
93843,0
93844,0
93845,0
93846,0.8
93847,0
93848,0.8
93849,0
93850,0
93851,0
93852,0.8
93853,0
93854,0
93855,0.8
93856,0.8
93857,0.8
93858,0
93859,0
93860,0
93861,0
93862,-0.8
93863,0
93864,0
93865,0
93866,-0.8
93867,0
93868,-0.8
93869,-1.6
93870,0
93871,0
93872,0.8
93873,0.8
93874,-1.6
93875,0
93876,0
93877,-0.8
93878,0
93879,0
93880,0
93881,-0.8
93882,0
93883,0
93884,-0.8
93885,0
93886,-2.4
93887,0.8
93888,-0.8
93889,0.8
93890,-0.8
93891,0
93892,0
93893,-1.6
93894,0
93895,0
93896,0
93897,0.8
93898,-1.6
93899,-0.8
93900,0
93901,0
93902,0.8
93903,0
93904,-1.6
93905,0
93906,0.8
93907,0
93908,0.8
93909,-1.6
93910,0
93911,0.8
93912,0
93913,-0.8
93914,-0.8
93915,-0.8
93916,-0.8
93917,0
93918,0
93919,1.6
93920,0
93921,-1.6
93922,0
93923,0
93924,0
93925,0
93926,0
93927,0
93928,-0.8
93929,-0.8
93930,0
93931,-2.4
93932,0
93933,-0.8
93934,0
93935,0
93936,0
93937,-0.8
93938,-0.8
93939,-0.8
93940,0
93941,0.8
93942,-0.8
93943,0
93944,0
93945,0
93946,0.8
93947,0
93948,0.8
93949,0
93950,0
93951,0
93952,0
93953,0
93954,0
93955,-0.8
93956,0.8
93957,0
93958,0
93959,0
93960,0
93961,-0.8
93962,-0.8
93963,0
93964,0
93965,0.8
93966,2.4
93967,0.8
93968,0
93969,2.4
93970,-0.8
93971,0.8
93972,0
93973,0
93974,0
93975,1.6
93976,0
93977,0
93978,0.8
93979,1.6
93980,0
93981,-0.8
93982,0
93983,0
93984,-0.8
93985,0
93986,0.8
93987,0
93988,0.8
93989,0
93990,0.8
93991,0
93992,0.8
93993,0
93994,1.6
93995,0
93996,0
93997,0.8
93998,0
93999,0
94000,0
94001,0.8
94002,0
94003,0
94004,0
94005,0
94006,0
94007,0.8
94008,-0.8
94009,0
94010,0.8
94011,0
94012,0
94013,0
94014,0
94015,0
94016,0
94017,-0.8
94018,0
94019,0
94020,0
94021,0
94022,0
94023,0.8
94024,2.4
94025,0
94026,0
94027,-0.8
94028,0
94029,-0.8
94030,0
94031,-0.8
94032,0
94033,-0.8
94034,0
94035,0
94036,0.8
94037,0.8
94038,0.8
94039,0
94040,-1.6
94041,-0.8
94042,0
94043,-0.8
94044,0.8
94045,0.8
94046,0
94047,0
94048,0
94049,0
94050,0
94051,0
94052,0
94053,0
94054,0
94055,0
94056,0
94057,0
94058,0
94059,0.8
94060,0
94061,0
94062,0
94063,0
94064,0
94065,-0.8
94066,-0.8
94067,0
94068,-1.6
94069,1.6
94070,0
94071,-1.6
94072,0
94073,0
94074,-0.8
94075,0.8
94076,0.8
94077,0
94078,0.8
94079,0
94080,0
94081,0
94082,-0.8
94083,-2.4
94084,0
94085,0
94086,0
94087,0
94088,0
94089,0
94090,-0.8
94091,0
94092,0
94093,0
94094,0
94095,0
94096,0
94097,0
94098,0
94099,0
94100,0.8
94101,0.8
94102,0
94103,0.8
94104,0.8
94105,0
94106,0
94107,0
94108,0.8
94109,0.8
94110,0
94111,0
94112,0
94113,-0.8
94114,0
94115,0.8
94116,0
94117,-0.8
94118,0
94119,0
94120,0
94121,0
94122,0
94123,0
94124,0
94125,0
94126,2.4
94127,0
94128,0
94129,0
94130,-1.6
94131,-0.8
94132,0
94133,-0.8
94134,0
94135,0
94136,0
94137,0
94138,0
94139,0
94140,-0.8
94141,0
94142,0
94143,0
94144,0
94145,0
94146,0
94147,0.8
94148,0
94149,0.8
94150,0
94151,0.8
94152,0
94153,-0.8
94154,0
94155,-0.8
94156,0
94157,0.8
94158,-0.8
94159,0
94160,0
94161,0.8
94162,0
94163,-0.8
94164,-1.6
94165,0
94166,0
94167,-0.8
94168,-0.8
94169,0.8
94170,0
94171,2.4
94172,-0.8
94173,0
94174,0
94175,0.8
94176,0
94177,0
94178,0
94179,-0.8
94180,0
94181,0
94182,0
94183,0.8
94184,0
94185,0
94186,-0.8
94187,0
94188,1.6
94189,0.8
94190,-0.8
94191,0
94192,0
94193,0
94194,0
94195,-0.8
94196,0.8
94197,0.8
94198,0.8
94199,0
94200,0.8
94201,0
94202,0
94203,0.8
94204,0
94205,0
94206,-0.8
94207,0
94208,0
94209,0
94210,0
94211,0
94212,0
94213,0.8
94214,0.8
94215,-1.6
94216,0
94217,0
94218,0
94219,0
94220,-0.8
94221,-0.8
94222,0
94223,-0.8
94224,0
94225,0.8
94226,0.8
94227,0
94228,0.8
94229,-0.8
94230,0.8
94231,0
94232,0
94233,-3.2
94234,0
94235,0.8
94236,0
94237,0.8
94238,-0.8
94239,0
94240,0
94241,-0.8
94242,0.8
94243,2.4
94244,0.8
94245,0.8
94246,-0.8
94247,-0.8
94248,-1.6
94249,0
94250,1.6
94251,0
94252,0.8
94253,0.8
94254,-0.8
94255,0
94256,0
94257,0.8
94258,0
94259,0
94260,0
94261,0
94262,-0.8
94263,0.8
94264,-3.2
94265,0
94266,0
94267,-0.8
94268,0
94269,0
94270,-0.8
94271,0
94272,0
94273,0
94274,0
94275,0
94276,0.8
94277,0
94278,0
94279,-0.8
94280,0
94281,0
94282,-0.8
94283,0
94284,-0.8
94285,0
94286,0.8
94287,0
94288,2.4
94289,-0.8
94290,0
94291,0.8
94292,-1.6
94293,0
94294,0.8
94295,0
94296,-0.8
94297,0
94298,0
94299,0
94300,0
94301,0
94302,0.8
94303,0
94304,0
94305,0
94306,0.8
94307,0.8
94308,-0.8
94309,0
94310,0.8
94311,0
94312,1.6
94313,0.8
94314,0
94315,0
94316,0
94317,-0.8
94318,0
94319,0
94320,0
94321,0
94322,0.8
94323,-0.8
94324,0
94325,0
94326,0
94327,0
94328,0.8
94329,-0.8
94330,0
94331,0
94332,0
94333,-0.8
94334,0
94335,0.8
94336,0
94337,0
94338,0
94339,0
94340,-0.8
94341,0
94342,0
94343,0.8
94344,0.8
94345,0.8
94346,-0.8
94347,-0.8
94348,-0.8
94349,0
94350,0.8
94351,0
94352,0
94353,0
94354,-0.8
94355,0
94356,0.8
94357,0
94358,0
94359,0
94360,0
94361,0
94362,0
94363,0
94364,0
94365,0.8
94366,0
94367,0
94368,0.8
94369,0.8
94370,0
94371,0
94372,-0.8
94373,1.6
94374,0.8
94375,0
94376,0
94377,0
94378,0
94379,-2.4
94380,0
94381,-1.6
94382,0.8
94383,0
94384,0
94385,0
94386,0
94387,0
94388,0.8
94389,0.8
94390,0
94391,0
94392,-0.8
94393,0
94394,0
94395,-0.8
94396,0
94397,0.8
94398,0
94399,0.8
94400,-0.8
94401,0
94402,0
94403,0
94404,0.8
94405,0
94406,0
94407,-0.8
94408,0
94409,0.8
94410,0
94411,1.6
94412,-1.6
94413,0.8
94414,0.8
94415,1.6
94416,0
94417,1.6
94418,0
94419,0
94420,0
94421,0
94422,-3.2
94423,-0.8
94424,-0.8
94425,0.8
94426,-0.8
94427,0
94428,0
94429,-0.8
94430,0
94431,-0.8
94432,0
94433,0
94434,1.6
94435,0
94436,0
94437,-1.6
94438,0
94439,0
94440,-1.6
94441,0
94442,0
94443,0
94444,0.8
94445,0
94446,0
94447,0
94448,0.8
94449,0
94450,0
94451,0
94452,0
94453,0.8
94454,-2.4
94455,0
94456,0
94457,-0.8
94458,0
94459,2.4
94460,-0.8
94461,-0.8
94462,0.8
94463,0.8
94464,0.8
94465,0.8
94466,0
94467,-0.8
94468,-0.8
94469,0
94470,0
94471,0
94472,0.8
94473,0.8
94474,0
94475,0
94476,0.8
94477,0
94478,0.8
94479,2.4
94480,-3.2
94481,0
94482,-0.8
94483,0
94484,0
94485,0
94486,0
94487,-0.8
94488,0
94489,0
94490,-0.8
94491,0
94492,0
94493,-0.8
94494,0
94495,0
94496,0.8
94497,0
94498,0.8
94499,0
94500,0
94501,0
94502,0
94503,0
94504,0.8
94505,0
94506,0
94507,0
94508,-0.8
94509,0
94510,0
94511,-0.8
94512,0.8
94513,0
94514,0.8
94515,0.8
94516,0
94517,-1.6
94518,0.8
94519,0
94520,0
94521,0.8
94522,-0.8
94523,0.8
94524,0.8
94525,0
94526,0
94527,0
94528,-0.8
94529,0
94530,0.8
94531,-0.8
94532,-3.2
94533,0
94534,-3.2
94535,0
94536,-0.8
94537,-1.6
94538,0
94539,0
94540,0
94541,0
94542,1.6
94543,-3.2
94544,0
94545,0.8
94546,-0.8
94547,-0.8
94548,0
94549,0
94550,-0.8
94551,0
94552,0
94553,0
94554,0.8
94555,0
94556,0
94557,0.8
94558,-0.8
94559,0
94560,0
94561,-1.6
94562,-0.8
94563,0
94564,0
94565,0
94566,0
94567,2.4
94568,0
94569,0
94570,0.8
94571,0
94572,-1.6
94573,-0.8
94574,-0.8
94575,0.8
94576,0.8
94577,0.8
94578,0
94579,0
94580,0
94581,0
94582,0
94583,0
94584,0.8
94585,0
94586,0
94587,2.4
94588,0
94589,0
94590,0.8
94591,0.8
94592,0
94593,0
94594,0
94595,0
94596,-0.8
94597,0
94598,0.8
94599,-1.6
94600,-0.8
94601,0.8
94602,0
94603,0
94604,0
94605,0
94606,0
94607,0
94608,-0.8
94609,0
94610,0.8
94611,-1.6
94612,-0.8
94613,0
94614,0.8
94615,-1.6
94616,0
94617,-3.2
94618,0
94619,0
94620,0
94621,0
94622,0
94623,2.4
94624,0
94625,0
94626,-0.8
94627,0
94628,0
94629,-0.8
94630,-1.6
94631,0
94632,0
94633,0
94634,-3.2
94635,0
94636,0.8
94637,2.4
94638,0
94639,0
94640,-0.8
94641,0
94642,0.8
94643,-4
94644,2.4
94645,0
94646,0
94647,0
94648,0
94649,0.8
94650,-0.8
94651,0
94652,0.8
94653,0
94654,0
94655,-0.8
94656,0
94657,0
94658,-2.4
94659,0.8
94660,0
94661,2.4
94662,0
94663,0.8
94664,0.8
94665,0
94666,0
94667,-1.6
94668,0
94669,0
94670,0.8
94671,0
94672,0
94673,-2.4
94674,0
94675,0
94676,0
94677,0.8
94678,0
94679,0.8
94680,4
94681,-0.8
94682,-0.8
94683,-0.8
94684,0.8
94685,0
94686,0
94687,-1.6
94688,0
94689,0
94690,0
94691,0
94692,0
94693,-0.8
94694,0
94695,0
94696,0
94697,0
94698,0.8
94699,0
94700,0
94701,0
94702,1.6
94703,0
94704,0.8
94705,0
94706,0
94707,0
94708,0.8
94709,0.8
94710,0
94711,-3.2
94712,0.8
94713,-1.6
94714,0
94715,-2.4
94716,0
94717,0
94718,1.6
94719,0.8
94720,0
94721,-0.8
94722,0
94723,0
94724,0
94725,0.8
94726,0.8
94727,0.8
94728,0.8
94729,0
94730,-0.8
94731,-0.8
94732,0
94733,-0.8
94734,0
94735,0
94736,0
94737,0
94738,0
94739,0
94740,-0.8
94741,0
94742,0.8
94743,0
94744,0
94745,0
94746,-2.4
94747,0
94748,0
94749,0
94750,0.8
94751,0
94752,0.8
94753,0
94754,2.4
94755,0
94756,-0.8
94757,0
94758,-0.8
94759,0
94760,0.8
94761,2.4
94762,2.4
94763,0
94764,0
94765,-1.6
94766,0
94767,-3.2
94768,0
94769,0
94770,0
94771,0
94772,0.8
94773,0
94774,-0.8
94775,0
94776,0
94777,-0.8
94778,0
94779,0
94780,0
94781,0
94782,0
94783,0.8
94784,0
94785,0
94786,0
94787,0
94788,0
94789,0
94790,0
94791,0.8
94792,0.8
94793,-0.8
94794,-1.6
94795,0
94796,0.8
94797,0
94798,-0.8
94799,0
94800,0
94801,0
94802,0.8
94803,0.8
94804,0
94805,0
94806,-0.8
94807,0
94808,0.8
94809,0.8
94810,0
94811,0.8
94812,2.4
94813,0
94814,0
94815,-0.8
94816,0
94817,0.8
94818,-0.8
94819,0
94820,0
94821,0.8
94822,-0.8
94823,-3.2
94824,-0.8
94825,0
94826,0.8
94827,0
94828,0
94829,0
94830,0
94831,0
94832,0.8
94833,0
94834,-0.8
94835,0.8
94836,-0.8
94837,0.8
94838,0.8
94839,0
94840,-0.8
94841,0.8
94842,-1.6
94843,0
94844,0
94845,0
94846,0
94847,0.8
94848,0.8
94849,-1.6
94850,0
94851,0
94852,0
94853,0
94854,0.8
94855,0
94856,0
94857,0.8
94858,0
94859,0.8
94860,-0.8
94861,0
94862,0
94863,0
94864,1.6
94865,2.4
94866,0
94867,0.8
94868,0.8
94869,0
94870,0
94871,0.8
94872,-0.8
94873,0.8
94874,0
94875,0.8
94876,0.8
94877,0.8
94878,0.8
94879,-0.8
94880,0
94881,-0.8
94882,0.8
94883,0
94884,0
94885,-0.8
94886,0
94887,0
94888,0.8
94889,-3.2
94890,0.8
94891,0
94892,0
94893,0
94894,-0.8
94895,0
94896,0
94897,0
94898,0
94899,0.8
94900,0
94901,0
94902,0
94903,0
94904,0
94905,0.8
94906,0
94907,0
94908,0.8
94909,0.8
94910,-2.4
94911,0
94912,0
94913,2.4
94914,-0.8
94915,-0.8
94916,0.8
94917,0
94918,-1.6
94919,0.8
94920,0
94921,0.8
94922,0
94923,-0.8
94924,0
94925,0
94926,0
94927,-0.8
94928,-0.8
94929,0
94930,0
94931,0
94932,-0.8
94933,0
94934,0
94935,0
94936,0.8
94937,0
94938,0.8
94939,0
94940,-0.8
94941,0.8
94942,0
94943,-0.8
94944,-3.2
94945,0
94946,-3.2
94947,0
94948,0
94949,0
94950,0
94951,0
94952,0
94953,0
94954,0.8
94955,0
94956,0.8
94957,0.8
94958,0.8
94959,0
94960,-0.8
94961,0
94962,0
94963,0
94964,0
94965,0
94966,-0.8
94967,-0.8
94968,0
94969,0
94970,0
94971,0.8
94972,0
94973,-0.8
94974,-0.8
94975,-0.8
94976,0
94977,0.8
94978,0
94979,0
94980,-0.8
94981,0
94982,0
94983,-1.6
94984,0
94985,-0.8
94986,0
94987,0
94988,0
94989,0.8
94990,0
94991,0
94992,0.8
94993,0
94994,0
94995,-0.8
94996,0
94997,0.8
94998,0.8
94999,0.8
95000,0
95001,0
95002,0.8
95003,-0.8
95004,0
95005,0.8
95006,0.8
95007,0
95008,2.4
95009,0
95010,0
95011,0
95012,0.8
95013,0
95014,0.8
95015,2.4
95016,0
95017,0.8
95018,-0.8
95019,0
95020,-0.8
95021,0
95022,-1.6
95023,0
95024,0
95025,0
95026,0
95027,0
95028,0
95029,0
95030,0
95031,0
95032,0
95033,0
95034,0
95035,0
95036,0
95037,0.8
95038,0
95039,0
95040,0.8
95041,0
95042,0
95043,0
95044,2.4
95045,0
95046,0.8
95047,0
95048,0
95049,0.8
95050,0
95051,-3.2
95052,0
95053,0
95054,0.8
95055,-0.8
95056,0
95057,-0.8
95058,0
95059,0
95060,0
95061,0
95062,0
95063,-0.8
95064,0
95065,0.8
95066,-0.8
95067,0
95068,0
95069,0
95070,-4
95071,-0.8
95072,0
95073,0
95074,0
95075,0.8
95076,0
95077,0.8
95078,0
95079,0
95080,-0.8
95081,0
95082,0
95083,-0.8
95084,-0.8
95085,0
95086,-0.8
95087,0
95088,2.4
95089,-0.8
95090,0
95091,0
95092,-0.8
95093,-0.8
95094,0.8
95095,0
95096,0
95097,-1.6
95098,-0.8
95099,0
95100,-0.8
95101,0.8
95102,0
95103,0
95104,0
95105,0
95106,0.8
95107,0
95108,0.8
95109,0
95110,0
95111,0
95112,0.8
95113,-1.6
95114,0
95115,0
95116,0
95117,0
95118,0
95119,0
95120,-0.8
95121,0
95122,1.6
95123,0
95124,0
95125,0.8
95126,0
95127,0
95128,-1.6
95129,-0.8
95130,0.8
95131,0
95132,0.8
95133,0
95134,0
95135,-0.8
95136,0.8
95137,0
95138,0.8
95139,0
95140,0.8
95141,0.8
95142,0.8
95143,0
95144,-0.8
95145,0.8
95146,0.8
95147,0
95148,0
95149,0
95150,0
95151,0
95152,0
95153,0.8
95154,0
95155,0.8
95156,0
95157,0.8
95158,2.4
95159,0
95160,-0.8
95161,0
95162,0.8
95163,-1.6
95164,0.8
95165,0.8
95166,0
95167,0
95168,0.8
95169,0.8
95170,0
95171,2.4
95172,0
95173,0
95174,-0.8
95175,0
95176,0
95177,-0.8
95178,0
95179,-0.8
95180,-0.8
95181,0
95182,-0.8
95183,0
95184,0
95185,0
95186,0.8
95187,0
95188,3.2
95189,0
95190,0.8
95191,-0.8
95192,0.8
95193,0
95194,0.8
95195,0
95196,0
95197,0
95198,0.8
95199,0
95200,0
95201,0
95202,0.8
95203,0
95204,0
95205,-0.8
95206,0
95207,0.8
95208,2.4
95209,0.8
95210,0.8
95211,0
95212,0
95213,-0.8
95214,0
95215,-0.8
95216,0
95217,0
95218,0.8
95219,0.8
95220,-0.8
95221,0.8
95222,0
95223,-0.8
95224,0
95225,0.8
95226,0
95227,0
95228,0
95229,0
95230,-0.8
95231,-0.8
95232,0
95233,0
95234,-0.8
95235,0
95236,0
95237,0
95238,-3.2
95239,0
95240,0
95241,0
95242,0
95243,-0.8
95244,0
95245,0
95246,0
95247,0
95248,0.8
95249,0
95250,0.8
95251,0.8
95252,0
95253,-0.8
95254,0
95255,0
95256,-0.8
95257,0
95258,-3.2
95259,0
95260,0.8
95261,0
95262,0
95263,0.8
95264,-0.8
95265,0
95266,0.8
95267,0
95268,0.8
95269,0.8
95270,0
95271,0.8
95272,0
95273,-0.8
95274,0
95275,0
95276,0
95277,0
95278,0
95279,0
95280,0
95281,0
95282,0
95283,-0.8
95284,-0.8
95285,0.8
95286,0
95287,0
95288,0
95289,0
95290,0
95291,0
95292,0
95293,0
95294,0
95295,0
95296,0
95297,0
95298,0
95299,0
95300,0
95301,0
95302,0
95303,0.8
95304,0.8
95305,0
95306,0.8
95307,0
95308,0
95309,0.8
95310,-0.8
95311,0
95312,0.8
95313,-3.2
95314,0.8
95315,0.8
95316,0
95317,0
95318,0
95319,-0.8
95320,0
95321,-1.6
95322,0
95323,0
95324,0
95325,0
95326,0
95327,0
95328,0
95329,0.8
95330,0
95331,0
95332,0
95333,-0.8
95334,0
95335,0
95336,0.8
95337,0
95338,-0.8
95339,-0.8
95340,0
95341,2.4
95342,0
95343,-0.8
95344,-0.8
95345,0
95346,0
95347,0.8
95348,0
95349,0
95350,0
95351,0
95352,0
95353,0.8
95354,0.8
95355,0.8
95356,0.8
95357,0.8
95358,0.8
95359,0
95360,0
95361,0.8
95362,0
95363,-0.8
95364,0.8
95365,0
95366,-0.8
95367,0
95368,-0.8
95369,0.8
95370,0.8
95371,1.6
95372,0
95373,0
95374,0
95375,0
95376,0
95377,0
95378,-0.8
95379,0
95380,0
95381,1.6
95382,0.8
95383,0
95384,0
95385,0
95386,0
95387,0.8
95388,2.4
95389,-0.8
95390,-0.8
95391,0
95392,0
95393,0
95394,0.8
95395,0
95396,-0.8
95397,0.8
95398,0
95399,0
95400,-0.8
95401,0
95402,0
95403,0
95404,0
95405,0
95406,0.8
95407,0
95408,0
95409,0
95410,2.4
95411,0
95412,0.8
95413,0.8
95414,-0.8
95415,0
95416,0.8
95417,0
95418,-1.6
95419,0.8
95420,0.8
95421,-1.6
95422,0
95423,-1.6
95424,-0.8
95425,-0.8
95426,0
95427,-0.8
95428,0
95429,-0.8
95430,-1.6
95431,0
95432,0
95433,0.8
95434,0.8
95435,0
95436,0
95437,-0.8
95438,0
95439,-1.6
95440,-0.8
95441,0
95442,-0.8
95443,0.8
95444,0.8
95445,0
95446,-0.8
95447,0
95448,0
95449,0
95450,0
95451,0.8
95452,0
95453,-0.8
95454,0
95455,0
95456,0
95457,0
95458,0
95459,0
95460,0.8
95461,0
95462,0
95463,0
95464,0
95465,0
95466,0.8
95467,0
95468,-0.8
95469,1.6
95470,0
95471,0.8
95472,-0.8
95473,0
95474,0
95475,0
95476,0
95477,0
95478,0.8
95479,0
95480,-0.8
95481,0
95482,0
95483,-0.8
95484,0
95485,0.8
95486,0
95487,0
95488,0
95489,0.8
95490,-0.8
95491,0
95492,0
95493,0.8
95494,0
95495,0
95496,-0.8
95497,0
95498,-1.6
95499,0.8
95500,0
95501,0
95502,0
95503,0
95504,0.8
95505,0.8
95506,0
95507,0
95508,0
95509,0
95510,0.8
95511,0
95512,0
95513,0
95514,0.8
95515,0
95516,1.6
95517,0
95518,0
95519,2.4
95520,0
95521,0.8
95522,0
95523,0
95524,0
95525,0
95526,0
95527,0
95528,-0.8
95529,-0.8
95530,0.8
95531,0.8
95532,-0.8
95533,0.8
95534,-0.8
95535,0
95536,0
95537,-0.8
95538,0
95539,0
95540,0
95541,0
95542,0
95543,0
95544,0
95545,0
95546,0
95547,0.8
95548,-1.6
95549,0
95550,0.8
95551,0
95552,0.8
95553,0
95554,0
95555,0
95556,2.4
95557,0
95558,0
95559,0
95560,0
95561,0.8
95562,0
95563,0.8
95564,0
95565,0
95566,0
95567,-0.8
95568,0
95569,-4
95570,0
95571,-0.8
95572,0.8
95573,0
95574,-1.6
95575,0.8
95576,0
95577,0
95578,0
95579,0.8
95580,0
95581,0.8
95582,-0.8
95583,0
95584,0.8
95585,0
95586,-0.8
95587,0
95588,0
95589,-0.8
95590,0
95591,0.8
95592,-1.6
95593,0
95594,0
95595,0
95596,-0.8
95597,0
95598,0
95599,0
95600,0.8
95601,-0.8
95602,0.8
95603,0
95604,0
95605,0
95606,0.8
95607,1.6
95608,0
95609,0.8
95610,0
95611,0
95612,0
95613,-0.8
95614,0.8
95615,0
95616,0.8
95617,-0.8
95618,0
95619,0
95620,0
95621,0
95622,0
95623,0
95624,0
95625,0
95626,0
95627,0
95628,0
95629,0.8
95630,0
95631,-0.8
95632,-0.8
95633,0
95634,0
95635,1.6
95636,0
95637,0
95638,0
95639,0
95640,0
95641,0
95642,0
95643,-0.8
95644,-0.8
95645,0
95646,0.8
95647,0
95648,1.6
95649,-0.8
95650,0
95651,0
95652,0
95653,-0.8
95654,0
95655,0
95656,1.6
95657,-0.8
95658,-0.8
95659,-0.8
95660,0
95661,0
95662,0.8
95663,0
95664,0
95665,0.8
95666,-3.2
95667,-0.8
95668,0
95669,-4
95670,-0.8
95671,0
95672,0.8
95673,0.8
95674,-1.6
95675,0
95676,0.8
95677,0
95678,0
95679,-0.8
95680,-0.8
95681,0
95682,0.8
95683,0
95684,0
95685,0
95686,0
95687,0
95688,0
95689,-3.2
95690,-0.8
95691,0.8
95692,-0.8
95693,0
95694,0
95695,-0.8
95696,0.8
95697,-1.6
95698,0
95699,0
95700,0.8
95701,0.8
95702,0.8
95703,0.8
95704,0.8
95705,0.8
95706,0
95707,0.8
95708,0
95709,0
95710,-0.8
95711,0
95712,0.8
95713,0.8
95714,0
95715,0.8
95716,0
95717,0.8
95718,0
95719,0
95720,0
95721,0.8
95722,0
95723,0.8
95724,-0.8
95725,-0.8
95726,0
95727,0.8
95728,0
95729,-0.8
95730,0
95731,0
95732,-0.8
95733,0
95734,-0.8
95735,-0.8
95736,0
95737,0
95738,0
95739,-3.2
95740,0
95741,-0.8
95742,0
95743,0.8
95744,0
95745,0
95746,0
95747,0.8
95748,0
95749,0
95750,0
95751,0
95752,0
95753,0.8
95754,0
95755,0
95756,0
95757,0.8
95758,0
95759,0.8
95760,0
95761,0.8
95762,0
95763,-1.6
95764,-3.2
95765,-0.8
95766,0.8
95767,-0.8
95768,0.8
95769,0
95770,0
95771,0
95772,0
95773,0
95774,0
95775,0
95776,0
95777,0.8
95778,0
95779,0
95780,0
95781,0
95782,-0.8
95783,0
95784,0
95785,2.4
95786,0
95787,0
95788,0
95789,0.8
95790,0
95791,0
95792,0.8
95793,0
95794,0
95795,-0.8
95796,0
95797,0.8
95798,0
95799,-0.8
95800,0
95801,0
95802,0.8
95803,0.8
95804,0
95805,0
95806,0
95807,0
95808,0
95809,0.8
95810,0
95811,0
95812,-0.8
95813,-0.8
95814,0
95815,0
95816,0
95817,0
95818,0.8
95819,0.8
95820,0
95821,0
95822,-0.8
95823,0.8
95824,0.8
95825,-0.8
95826,-0.8
95827,0
95828,0
95829,0
95830,0
95831,0
95832,0
95833,0
95834,-1.6
95835,0.8
95836,0.8
95837,0
95838,-0.8
95839,0.8
95840,-0.8
95841,-0.8
95842,2.4
95843,-0.8
95844,0
95845,0
95846,0.8
95847,0.8
95848,0.8
95849,0
95850,0
95851,0
95852,0.8
95853,0
95854,0
95855,0
95856,0.8
95857,-0.8
95858,-0.8
95859,0
95860,0
95861,0.8
95862,0
95863,0.8
95864,-0.8
95865,0.8
95866,0
95867,0
95868,0.8
95869,0.8
95870,0.8
95871,3.2
95872,0.8
95873,0
95874,0.8
95875,-0.8
95876,0
95877,0
95878,0
95879,0
95880,0
95881,0.8
95882,0
95883,0.8
95884,0
95885,0
95886,0
95887,0
95888,0
95889,0
95890,0
95891,0
95892,0.8
95893,0
95894,0
95895,0
95896,0
95897,-0.8
95898,0.8
95899,-3.2
95900,-1.6
95901,0.8
95902,0
95903,0
95904,0.8
95905,0
95906,0
95907,0.8
95908,0
95909,0
95910,0
95911,0
95912,0
95913,0
95914,0.8
95915,0
95916,0
95917,0
95918,0
95919,0
95920,0.8
95921,0
95922,0.8
95923,0
95924,0
95925,0
95926,0
95927,0.8
95928,0
95929,-0.8
95930,0.8
95931,-0.8
95932,0
95933,-0.8
95934,0
95935,0.8
95936,0
95937,0.8
95938,0
95939,-0.8
95940,-0.8
95941,0
95942,-0.8
95943,0
95944,0
95945,-1.6
95946,0
95947,-0.8
95948,0
95949,0
95950,0
95951,0
95952,0.8
95953,0
95954,0
95955,-0.8
95956,0
95957,0
95958,0
95959,0.8
95960,0
95961,0.8
95962,0
95963,-0.8
95964,0.8
95965,-0.8
95966,0
95967,1.6
95968,0
95969,0
95970,0
95971,0
95972,-0.8
95973,0
95974,0
95975,0
95976,0
95977,-0.8
95978,0
95979,-0.8
95980,-1.6
95981,0
95982,-0.8
95983,-0.8
95984,0
95985,-0.8
95986,0
95987,-1.6
95988,-0.8
95989,0
95990,0
95991,-0.8
95992,0.8
95993,-0.8
95994,0
95995,0
95996,0
95997,0.8
95998,0.8
95999,0.8
96000,0
96001,0
96002,0.8
96003,0.8
96004,0
96005,0.8
96006,0
96007,0.8
96008,0
96009,-0.8
96010,0
96011,0.8
96012,0.8
96013,0
96014,0.8
96015,2.4
96016,-0.8
96017,-1.6
96018,0
96019,0
96020,0.8
96021,-0.8
96022,-0.8
96023,0
96024,0
96025,0.8
96026,0
96027,-0.8
96028,0
96029,0
96030,0.8
96031,0
96032,0.8
96033,0
96034,-0.8
96035,0
96036,0
96037,-0.8
96038,0
96039,0
96040,-0.8
96041,0
96042,0.8
96043,0.8
96044,-0.8
96045,-0.8
96046,0
96047,0
96048,-0.8
96049,0.8
96050,0
96051,0.8
96052,0
96053,0
96054,0
96055,0
96056,-0.8
96057,-0.8
96058,0
96059,0
96060,-0.8
96061,-0.8
96062,-0.8
96063,0
96064,0
96065,0.8
96066,0
96067,-0.8
96068,0.8
96069,0.8
96070,-0.8
96071,-0.8
96072,0
96073,0
96074,-0.8
96075,0.8
96076,-0.8
96077,-1.6
96078,-1.6
96079,-1.6
96080,-0.8
96081,0
96082,-0.8
96083,0
96084,0
96085,0
96086,0
96087,0
96088,0.8
96089,0
96090,0
96091,0
96092,0.8
96093,0
96094,0
96095,2.4
96096,0
96097,0
96098,0.8
96099,0
96100,0.8
96101,0
96102,0.8
96103,-1.6
96104,0.8
96105,-0.8
96106,0.8
96107,0
96108,0
96109,0.8
96110,-0.8
96111,-0.8
96112,-0.8
96113,0
96114,-0.8
96115,-0.8
96116,0
96117,-1.6
96118,0
96119,0
96120,0
96121,0
96122,0
96123,-1.6
96124,0.8
96125,0.8
96126,0.8
96127,-0.8
96128,-0.8
96129,-0.8
96130,-0.8
96131,-0.8
96132,-1.6
96133,0
96134,0
96135,0
96136,0
96137,0.8
96138,-0.8
96139,-0.8
96140,0
96141,0
96142,0
96143,-0.8
96144,-0.8
96145,0.8
96146,0.8
96147,0
96148,0
96149,0
96150,0.8
96151,0
96152,0.8
96153,0.8
96154,0
96155,0
96156,0
96157,-1.6
96158,0.8
96159,-1.6
96160,0.8
96161,0
96162,0.8
96163,0.8
96164,0
96165,0.8
96166,-0.8
96167,-0.8
96168,0.8
96169,0
96170,0
96171,0
96172,-0.8
96173,0
96174,0
96175,0
96176,-0.8
96177,0.8
96178,0.8
96179,0
96180,0
96181,0
96182,0
96183,-0.8
96184,0
96185,0
96186,-0.8
96187,0
96188,0
96189,-0.8
96190,-2.4
96191,0
96192,0
96193,0
96194,0
96195,0
96196,0
96197,2.4
96198,0
96199,0
96200,2.4
96201,0
96202,0
96203,0
96204,0.8
96205,0
96206,0
96207,-0.8
96208,0
96209,0
96210,-0.8
96211,2.4
96212,-3.2
96213,-0.8
96214,0.8
96215,-0.8
96216,0.8
96217,0.8
96218,0
96219,0.8
96220,0
96221,0
96222,0
96223,0
96224,0.8
96225,0
96226,0
96227,-0.8
96228,0
96229,0
96230,0
96231,0.8
96232,0
96233,0
96234,0.8
96235,0
96236,0
96237,-1.6
96238,0.8
96239,-0.8
96240,-0.8
96241,-0.8
96242,0.8
96243,-0.8
96244,0.8
96245,0
96246,0
96247,-1.6
96248,0
96249,0.8
96250,-0.8
96251,0
96252,0
96253,0
96254,0
96255,1.6
96256,-0.8
96257,0
96258,0
96259,2.4
96260,0
96261,2.4
96262,0.8
96263,-0.8
96264,0.8
96265,-2.4
96266,0
96267,0
96268,-0.8
96269,0
96270,-1.6
96271,-0.8
96272,0
96273,0
96274,-0.8
96275,-0.8
96276,0
96277,0
96278,-0.8
96279,0.8
96280,0.8
96281,0
96282,-0.8
96283,0
96284,-0.8
96285,0
96286,0
96287,-1.6
96288,0
96289,0.8
96290,-0.8
96291,0
96292,0.8
96293,0
96294,0.8
96295,0
96296,0
96297,0.8
96298,0
96299,0.8
96300,0
96301,0
96302,0
96303,0.8
96304,0
96305,0
96306,-0.8
96307,0
96308,0.8
96309,2.4
96310,-0.8
96311,0
96312,0
96313,0.8
96314,0.8
96315,-0.8
96316,0
96317,-0.8
96318,0
96319,0
96320,-1.6
96321,-0.8
96322,-3.2
96323,-0.8
96324,-0.8
96325,-0.8
96326,0
96327,0
96328,0
96329,0
96330,0
96331,0
96332,0
96333,-0.8
96334,0
96335,0.8
96336,0
96337,0.8
96338,-4
96339,0.8
96340,0
96341,0
96342,0.8
96343,0
96344,0.8
96345,0
96346,-1.6
96347,0.8
96348,0.8
96349,0
96350,0.8
96351,0.8
96352,0
96353,0
96354,0
96355,0
96356,0
96357,2.4
96358,0.8
96359,0.8
96360,0
96361,0
96362,0
96363,0.8
96364,0.8
96365,0
96366,0.8
96367,-1.6
96368,0
96369,0
96370,-0.8
96371,0
96372,2.4
96373,0
96374,0
96375,0
96376,-1.6
96377,0.8
96378,0
96379,0
96380,-0.8
96381,0
96382,0
96383,0
96384,0
96385,-0.8
96386,-4
96387,0
96388,0.8
96389,0
96390,-0.8
96391,0
96392,0
96393,0
96394,0
96395,0
96396,-0.8
96397,0
96398,-0.8
96399,0
96400,0.8
96401,-0.8
96402,0
96403,0.8
96404,0
96405,0
96406,0
96407,-3.2
96408,0
96409,0
96410,0
96411,0
96412,0
96413,0
96414,0
96415,2.4
96416,-0.8
96417,-0.8
96418,0
96419,0.8
96420,0
96421,0
96422,0.8
96423,0
96424,-0.8
96425,0.8
96426,-0.8
96427,0
96428,0
96429,0
96430,0
96431,0.8
96432,0
96433,-0.8
96434,-1.6
96435,0.8
96436,0
96437,0
96438,3.2
96439,0
96440,-1.6
96441,-1.6
96442,0.8
96443,0.8
96444,0
96445,-1.6
96446,0
96447,0
96448,-1.6
96449,0
96450,0
96451,0
96452,0.8
96453,0
96454,0
96455,0
96456,0
96457,0
96458,-0.8
96459,-0.8
96460,0
96461,0
96462,0.8
96463,2.4
96464,0
96465,0
96466,0
96467,0
96468,0
96469,0
96470,0.8
96471,0.8
96472,-1.6
96473,-1.6
96474,0
96475,-0.8
96476,-1.6
96477,-0.8
96478,-1.6
96479,-0.8
96480,0
96481,0
96482,0.8
96483,0
96484,0
96485,0
96486,0
96487,0
96488,-2.4
96489,0
96490,0
96491,-0.8
96492,0.8
96493,0.8
96494,0
96495,-0.8
96496,-0.8
96497,0
96498,0
96499,0.8
96500,0
96501,0
96502,0
96503,0.8
96504,0
96505,0
96506,0
96507,2.4
96508,-1.6
96509,0.8
96510,0.8
96511,0.8
96512,0
96513,-3.2
96514,-1.6
96515,0.8
96516,0
96517,0
96518,0.8
96519,0
96520,-0.8
96521,0
96522,-0.8
96523,-0.8
96524,0.8
96525,0
96526,0
96527,0
96528,0.8
96529,0.8
96530,-0.8
96531,-1.6
96532,0
96533,0
96534,-0.8
96535,0
96536,0
96537,-0.8
96538,0
96539,0
96540,-3.2
96541,0
96542,0
96543,0
96544,0.8
96545,0
96546,-1.6
96547,-0.8
96548,0
96549,0.8
96550,0
96551,0
96552,0.8
96553,0
96554,0
96555,0
96556,0
96557,0.8
96558,0.8
96559,0
96560,0
96561,0.8
96562,0
96563,-3.2
96564,0
96565,2.4
96566,-0.8
96567,-0.8
96568,0
96569,0.8
96570,0.8
96571,-0.8
96572,-0.8
96573,0.8
96574,0
96575,0.8
96576,0.8
96577,0.8
96578,0
96579,0.8
96580,0
96581,0
96582,0
96583,0.8
96584,0.8
96585,0
96586,0.8
96587,0
96588,0
96589,-0.8
96590,0
96591,0.8
96592,0.8
96593,0.8
96594,0
96595,0
96596,0
96597,0
96598,0.8
96599,0.8
96600,0.8
96601,0.8
96602,0
96603,0
96604,0.8
96605,0
96606,0.8
96607,0.8
96608,0
96609,0
96610,0
96611,0.8
96612,0.8
96613,0
96614,0
96615,0
96616,0
96617,-0.8
96618,2.4
96619,0
96620,0
96621,0
96622,0
96623,-1.6
96624,0
96625,-0.8
96626,0
96627,-1.6
96628,0
96629,0.8
96630,0
96631,0
96632,-0.8
96633,0.8
96634,0.8
96635,-0.8
96636,0
96637,0
96638,0
96639,0
96640,0
96641,-0.8
96642,0
96643,0
96644,0.8
96645,0
96646,0
96647,0
96648,0
96649,0
96650,0
96651,0
96652,-1.6
96653,0
96654,0
96655,0
96656,0
96657,0
96658,0.8
96659,0.8
96660,0
96661,0.8
96662,0
96663,0.8
96664,0
96665,0.8
96666,-0.8
96667,0
96668,0
96669,0
96670,0.8
96671,0
96672,0.8
96673,0
96674,0.8
96675,0
96676,-3.2
96677,-0.8
96678,0
96679,-0.8
96680,0
96681,0
96682,0
96683,0
96684,-0.8
96685,0
96686,-0.8
96687,0
96688,-0.8
96689,0.8
96690,-0.8
96691,-0.8
96692,0.8
96693,0.8
96694,0
96695,0
96696,0.8
96697,0
96698,0
96699,0
96700,0
96701,-0.8
96702,1.6
96703,0.8
96704,0
96705,0
96706,2.4
96707,-0.8
96708,0
96709,0.8
96710,0.8
96711,0.8
96712,2.4
96713,0.8
96714,0
96715,0.8
96716,-0.8
96717,0.8
96718,0
96719,0
96720,0
96721,0
96722,0.8
96723,0
96724,0.8
96725,-0.8
96726,0
96727,0
96728,0.8
96729,0
96730,0
96731,0
96732,-3.2
96733,0
96734,-0.8
96735,0
96736,0.8
96737,-0.8
96738,-0.8
96739,0.8
96740,0
96741,0
96742,0
96743,0
96744,-0.8
96745,0.8
96746,0.8
96747,0
96748,0
96749,0.8
96750,-1.6
96751,0.8
96752,0.8
96753,0.8
96754,-0.8
96755,-0.8
96756,0
96757,0.8
96758,0.8
96759,0.8
96760,0
96761,0.8
96762,0.8
96763,0
96764,0
96765,-0.8
96766,-3.2
96767,-0.8
96768,0
96769,-1.6
96770,-1.6
96771,0
96772,0
96773,0
96774,1.6
96775,0
96776,0
96777,-0.8
96778,0
96779,0
96780,-0.8
96781,-0.8
96782,-0.8
96783,0
96784,-0.8
96785,0
96786,-1.6
96787,0
96788,0
96789,0
96790,0.8
96791,0.8
96792,-0.8
96793,0
96794,0
96795,0
96796,-0.8
96797,-1.6
96798,0
96799,0
96800,0.8
96801,-1.6
96802,0
96803,-0.8
96804,0.8
96805,0
96806,0
96807,0.8
96808,2.4
96809,-0.8
96810,0
96811,-1.6
96812,0
96813,0
96814,0
96815,0
96816,-0.8
96817,0.8
96818,-0.8
96819,0
96820,0.8
96821,0
96822,0.8
96823,0
96824,0
96825,-1.6
96826,0
96827,0.8
96828,-0.8
96829,-0.8
96830,0
96831,-0.8
96832,0.8
96833,0
96834,-0.8
96835,-0.8
96836,0.8
96837,0
96838,0
96839,-0.8
96840,-0.8
96841,0.8
96842,0.8
96843,-0.8
96844,-0.8
96845,0.8
96846,0
96847,0.8
96848,0
96849,-1.6
96850,0.8
96851,0.8
96852,0.8
96853,0
96854,0.8
96855,0.8
96856,0
96857,0.8
96858,0
96859,-0.8
96860,2.4
96861,-0.8
96862,0
96863,0.8
96864,0.8
96865,0
96866,0
96867,-1.6
96868,-0.8
96869,0.8
96870,0
96871,-0.8
96872,0.8
96873,-0.8
96874,0.8
96875,0
96876,-0.8
96877,-0.8
96878,0
96879,0
96880,0
96881,0
96882,2.4
96883,0
96884,-0.8
96885,-0.8
96886,-0.8
96887,0.8
96888,0
96889,1.6
96890,0.8
96891,-1.6
96892,1.6
96893,-0.8
96894,0
96895,0.8
96896,0.8
96897,-0.8
96898,0
96899,0.8
96900,0
96901,0.8
96902,-0.8
96903,0
96904,0.8
96905,-0.8
96906,0.8
96907,0
96908,-0.8
96909,-0.8
96910,0.8
96911,0
96912,0.8
96913,-0.8
96914,-0.8
96915,0
96916,0
96917,0.8
96918,-0.8
96919,1.6
96920,0
96921,0.8
96922,0.8
96923,-0.8
96924,1.6
96925,0
96926,0
96927,-0.8
96928,0.8
96929,0
96930,0.8
96931,-0.8
96932,0
96933,0.8
96934,0
96935,0
96936,-0.8
96937,0
96938,0.8
96939,0.8
96940,0
96941,0
96942,0
96943,-0.8
96944,-1.6
96945,0
96946,0
96947,0.8
96948,0
96949,0
96950,0.8
96951,0.8
96952,0.8
96953,0
96954,0.8
96955,0.8
96956,-1.6
96957,0
96958,-0.8
96959,1.6
96960,-3.2
96961,0
96962,0.8
96963,0
96964,-1.6
96965,0
96966,0.8
96967,-3.2
96968,0
96969,2.4
96970,0.8
96971,0.8
96972,0.8
96973,0
96974,0
96975,0.8
96976,0
96977,0.8
96978,0.8
96979,-1.6
96980,-1.6
96981,0
96982,0.8
96983,0
96984,0.8
96985,0
96986,0
96987,0
96988,0
96989,0.8
96990,-0.8
96991,-0.8
96992,1.6
96993,0
96994,0.8
96995,1.6
96996,0
96997,-0.8
96998,-0.8
96999,0.8
97000,1.6
97001,0
97002,0
97003,0
97004,0.8
97005,0
97006,0.8
97007,-0.8
97008,0
97009,0
97010,-0.8
97011,0.8
97012,0
97013,0.8
97014,0.8
97015,0.8
97016,0.8
97017,-0.8
97018,0
97019,0.8
97020,0
97021,-3.2
97022,0
97023,0
97024,0
97025,0
97026,0
97027,0
97028,0
97029,0
97030,0
97031,-0.8
97032,-0.8
97033,0
97034,0.8
97035,0
97036,0
97037,0.8
97038,0
97039,2.4
97040,0.8
97041,0
97042,0.8
97043,0.8
97044,-0.8
97045,0
97046,-0.8
97047,0.8
97048,0.8
97049,0.8
97050,0.8
97051,-0.8
97052,0.8
97053,-0.8
97054,0.8
97055,0.8
97056,0
97057,0
97058,0
97059,0
97060,-0.8
97061,0
97062,0.8
97063,0
97064,-4
97065,0
97066,0
97067,0.8
97068,0
97069,0
97070,0
97071,0
97072,0
97073,0
97074,-2.4
97075,0
97076,0.8
97077,0
97078,0
97079,0
97080,0.8
97081,0
97082,0
97083,-0.8
97084,0
97085,0
97086,0
97087,0
97088,0.8
97089,0
97090,0
97091,0.8
97092,0.8
97093,0
97094,0.8
97095,-1.6
97096,0
97097,0
97098,0
97099,0
97100,-2.4
97101,-1.6
97102,0.8
97103,0.8
97104,0
97105,-0.8
97106,0
97107,0.8
97108,0
97109,0
97110,0
97111,0
97112,0
97113,0
97114,-4.8
97115,0.8
97116,-0.8
97117,-0.8
97118,0
97119,0
97120,0.8
97121,0
97122,0.8
97123,0
97124,0.8
97125,-0.8
97126,0
97127,0
97128,-0.8
97129,-0.8
97130,-0.8
97131,0
97132,0
97133,0
97134,-0.8
97135,0
97136,0
97137,0
97138,0.8
97139,0.8
97140,0
97141,0.8
97142,0
97143,-0.8
97144,0
97145,0.8
97146,0
97147,-0.8
97148,0.8
97149,0.8
97150,0
97151,0
97152,0.8
97153,0
97154,0
97155,0
97156,0
97157,0
97158,0
97159,0
97160,0.8
97161,-0.8
97162,-0.8
97163,-0.8
97164,0
97165,0
97166,-1.6
97167,0
97168,-0.8
97169,0
97170,0
97171,0
97172,0
97173,-0.8
97174,0
97175,-1.6
97176,0
97177,0.8
97178,0.8
97179,-0.8
97180,-1.6
97181,0
97182,0
97183,-0.8
97184,0
97185,2.4
97186,-0.8
97187,-0.8
97188,-0.8
97189,-0.8
97190,0
97191,-0.8
97192,0
97193,0
97194,-1.6
97195,-0.8
97196,0
97197,0
97198,0
97199,0.8
97200,0
97201,0
97202,0
97203,-0.8
97204,0.8
97205,-0.8
97206,0.8
97207,0.8
97208,0
97209,1.6
97210,0.8
97211,0.8
97212,0
97213,0
97214,0
97215,0
97216,0
97217,-0.8
97218,0.8
97219,0
97220,-0.8
97221,0
97222,-0.8
97223,-1.6
97224,0.8
97225,0
97226,0.8
97227,-0.8
97228,-1.6
97229,-0.8
97230,-0.8
97231,-0.8
97232,0
97233,2.4
97234,0
97235,-0.8
97236,-2.4
97237,-1.6
97238,-0.8
97239,0
97240,1.6
97241,0
97242,0.8
97243,0.8
97244,0
97245,0
97246,0
97247,0
97248,2.4
97249,0.8
97250,0
97251,-1.6
97252,-0.8
97253,0.8
97254,0.8
97255,0.8
97256,0
97257,0.8
97258,0
97259,0.8
97260,0
97261,0
97262,0.8
97263,-0.8
97264,-0.8
97265,0.8
97266,0
97267,-2.4
97268,-0.8
97269,0
97270,0
97271,0
97272,0
97273,0.8
97274,0
97275,-0.8
97276,0
97277,0
97278,-0.8
97279,-0.8
97280,0
97281,0
97282,0.8
97283,0.8
97284,0
97285,0.8
97286,-0.8
97287,0.8
97288,0
97289,0.8
97290,0
97291,0.8
97292,0
97293,-0.8
97294,0.8
97295,0
97296,0.8
97297,0
97298,0.8
97299,0.8
97300,0
97301,-0.8
97302,-2.4
97303,0
97304,0.8
97305,0
97306,0
97307,0
97308,0
97309,0
97310,0
97311,0.8
97312,-0.8
97313,0
97314,0.8
97315,0
97316,-0.8
97317,-5.6
97318,0
97319,0.8
97320,0.8
97321,-0.8
97322,-0.8
97323,0.8
97324,-0.8
97325,-0.8
97326,-0.8
97327,-1.6
97328,-0.8
97329,-1.6
97330,-1.6
97331,0
97332,-0.8
97333,0
97334,0
97335,0
97336,0
97337,0
97338,0
97339,-0.8
97340,0
97341,0
97342,0
97343,-0.8
97344,0
97345,-0.8
97346,0.8
97347,2.4
97348,-0.8
97349,-0.8
97350,-0.8
97351,-0.8
97352,-0.8
97353,0
97354,0
97355,0
97356,-0.8
97357,0
97358,0
97359,-0.8
97360,0
97361,0
97362,0
97363,0.8
97364,0.8
97365,0
97366,-1.6
97367,-4
97368,0
97369,0
97370,0
97371,0
97372,0
97373,0.8
97374,1.6
97375,-1.6
97376,0
97377,-0.8
97378,0.8
97379,0
97380,0
97381,0
97382,-1.6
97383,-0.8
97384,0
97385,0
97386,0
97387,-2.4
97388,0.8
97389,0.8
97390,0
97391,-1.6
97392,0.8
97393,3.2
97394,0.8
97395,0
97396,0
97397,0.8
97398,0
97399,0
97400,0.8
97401,-3.2
97402,0.8
97403,0
97404,0.8
97405,0.8
97406,-1.6
97407,-0.8
97408,-1.6
97409,0.8
97410,0.8
97411,0.8
97412,0
97413,-0.8
97414,0.8
97415,0.8
97416,0.8
97417,-0.8
97418,-0.8
97419,-1.6
97420,0.8
97421,0
97422,0
97423,-0.8
97424,0
97425,0.8
97426,-0.8
97427,-0.8
97428,0
97429,0.8
97430,-0.8
97431,0.8
97432,0
97433,0.8
97434,0
97435,0
97436,-0.8
97437,-3.2
97438,2.4
97439,0
97440,-1.6
97441,-1.6
97442,0.8
97443,0
97444,0
97445,0
97446,0.8
97447,0.8
97448,0
97449,0
97450,0.8
97451,0
97452,0.8
97453,-3.2
97454,0
97455,0
97456,0
97457,0
97458,0.8
97459,0
97460,-0.8
97461,0.8
97462,-1.6
97463,0.8
97464,-1.6
97465,0
97466,-2.4
97467,0
97468,-0.8
97469,0.8
97470,-0.8
97471,0
97472,0.8
97473,-0.8
97474,-0.8
97475,0
97476,0
97477,0
97478,-1.6
97479,-0.8
97480,0
97481,-0.8
97482,-0.8
97483,0
97484,0
97485,-0.8
97486,0.8
97487,0
97488,0
97489,-1.6
97490,0
97491,1.6
97492,0.8
97493,0
97494,1.6
97495,0
97496,0
97497,1.6
97498,0
97499,0.8
97500,0.8
97501,0
97502,-0.8
97503,-0.8
97504,0
97505,-0.8
97506,0
97507,0.8
97508,0
97509,0.8
97510,-0.8
97511,0.8
97512,0
97513,0
97514,1.6
97515,0.8
97516,-1.6
97517,0
97518,0.8
97519,-0.8
97520,-0.8
97521,-0.8
97522,-0.8
97523,-1.6
97524,-0.8
97525,0
97526,0
97527,0.8
97528,0
97529,-0.8
97530,0
97531,0
97532,0
97533,-1.6
97534,-0.8
97535,0
97536,0
97537,2.4
97538,-1.6
97539,0.8
97540,0
97541,0
97542,0.8
97543,0
97544,-0.8
97545,0
97546,-0.8
97547,-0.8
97548,-0.8
97549,2.4
97550,-0.8
97551,-0.8
97552,-1.6
97553,0.8
97554,0
97555,0
97556,0.8
97557,0.8
97558,0
97559,-1.6
97560,0
97561,0
97562,0.8
97563,-0.8
97564,-0.8
97565,2.4
97566,0
97567,-1.6
97568,-0.8
97569,0
97570,0
97571,0
97572,0.8
97573,0
97574,0.8
97575,0.8
97576,0
97577,0
97578,0.8
97579,-0.8
97580,-0.8
97581,-0.8
97582,1.6
97583,0
97584,0
97585,0
97586,-0.8
97587,0
97588,0
97589,0.8
97590,0
97591,2.4
97592,-0.8
97593,-0.8
97594,0
97595,0
97596,-0.8
97597,0.8
97598,-0.8
97599,0
97600,0
97601,-0.8
97602,0
97603,0.8
97604,0.8
97605,0
97606,-0.8
97607,-0.8
97608,0
97609,0.8
97610,0
97611,0.8
97612,0
97613,0.8
97614,-0.8
97615,-4
97616,-0.8
97617,-0.8
97618,0
97619,0
97620,-0.8
97621,-0.8
97622,0
97623,0
97624,-0.8
97625,-0.8
97626,0
97627,0
97628,0.8
97629,-1.6
97630,-2.4
97631,0
97632,0
97633,0.8
97634,-0.8
97635,0
97636,-0.8
97637,0
97638,0.8
97639,-0.8
97640,-1.6
97641,0
97642,0
97643,-0.8
97644,-0.8
97645,-0.8
97646,0.8
97647,-0.8
97648,-0.8
97649,0
97650,0
97651,0.8
97652,0
97653,0
97654,0
97655,-0.8
97656,-0.8
97657,0
97658,0
97659,0
97660,-0.8
97661,0
97662,0
97663,1.6
97664,-0.8
97665,0
97666,0.8
97667,-0.8
97668,-0.8
97669,0.8
97670,0.8
97671,0.8
97672,0
97673,0.8
97674,0
97675,-0.8
97676,-1.6
97677,-0.8
97678,0
97679,0
97680,0
97681,0.8
97682,-0.8
97683,-0.8
97684,-2.4
97685,0
97686,0.8
97687,0
97688,-2.4
97689,0
97690,0
97691,-3.2
97692,-0.8
97693,0.8
97694,-4
97695,0.8
97696,0.8
97697,-0.8
97698,0.8
97699,0.8
97700,-0.8
97701,0.8
97702,0
97703,0
97704,0.8
97705,0.8
97706,-1.6
97707,0
97708,0
97709,1.6
97710,0.8
97711,0
97712,-0.8
97713,2.4
97714,-0.8
97715,0
97716,-0.8
97717,-0.8
97718,-3.2
97719,0
97720,2.4
97721,0
97722,0
97723,-0.8
97724,0
97725,0
97726,0
97727,-0.8
97728,0.8
97729,0
97730,0.8
97731,0
97732,0.8
97733,2.4
97734,-0.8
97735,0
97736,0.8
97737,-0.8
97738,-4
97739,0
97740,0
97741,3.2
97742,0
97743,0
97744,1.6
97745,0
97746,0
97747,0.8
97748,0
97749,0.8
97750,0
97751,0
97752,0
97753,0
97754,0
97755,0
97756,0
97757,0
97758,-0.8
97759,0.8
97760,-0.8
97761,0
97762,0
97763,0.8
97764,0
97765,-0.8
97766,0.8
97767,0
97768,-0.8
97769,0
97770,0
97771,0
97772,0.8
97773,0
97774,0.8
97775,0
97776,0.8
97777,0
97778,0
97779,-1.6
97780,-1.6
97781,0
97782,0
97783,-0.8
97784,1.6
97785,-0.8
97786,0
97787,0
97788,-0.8
97789,-1.6
97790,0
97791,0
97792,0
97793,0.8
97794,-0.8
97795,-0.8
97796,-0.8
97797,0
97798,0
97799,0.8
97800,0.8
97801,1.6
97802,0
97803,-0.8
97804,-0.8
97805,0
97806,0.8
97807,0
97808,0
97809,0
97810,0
97811,0
97812,0
97813,-1.6
97814,-0.8
97815,1.6
97816,0.8
97817,-0.8
97818,-0.8
97819,0.8
97820,-0.8
97821,-0.8
97822,0.8
97823,0
97824,-0.8
97825,-0.8
97826,0
97827,-0.8
97828,-2.4
97829,-0.8
97830,-0.8
97831,0
97832,0.8
97833,2.4
97834,-0.8
97835,0
97836,0
97837,-1.6
97838,-0.8
97839,-1.6
97840,0
97841,2.4
97842,0.8
97843,0
97844,0.8
97845,0
97846,0.8
97847,0
97848,1.6
97849,0
97850,-1.6
97851,-0.8
97852,0
97853,0.8
97854,0
97855,0
97856,-0.8
97857,0.8
97858,0
97859,2.4
97860,0
97861,0
97862,0
97863,0
97864,0
97865,0
97866,2.4
97867,0
97868,0
97869,-0.8
97870,0.8
97871,0
97872,-1.6
97873,0
97874,0.8
97875,-0.8
97876,0
97877,0.8
97878,0.8
97879,0
97880,1.6
97881,0
97882,0.8
97883,0
97884,-0.8
97885,-0.8
97886,-0.8
97887,-0.8
97888,0
97889,2.4
97890,0.8
97891,0
97892,2.4
97893,0.8
97894,0
97895,0
97896,-0.8
97897,-1.6
97898,0
97899,0
97900,-1.6
97901,-2.4
97902,0.8
97903,0.8
97904,0.8
97905,0.8
97906,-0.8
97907,0
97908,-1.6
97909,0.8
97910,0.8
97911,-0.8
97912,-0.8
97913,0
97914,0
97915,-1.6
97916,-4
97917,-0.8
97918,-0.8
97919,0
97920,-3.2
97921,0
97922,0.8
97923,-0.8
97924,0.8
97925,-0.8
97926,0
97927,0
97928,0
97929,-0.8
97930,0
97931,0
97932,-0.8
97933,0
97934,0
97935,-0.8
97936,-0.8
97937,0
97938,0.8
97939,0
97940,0
97941,0
97942,0
97943,-0.8
97944,0
97945,0.8
97946,0.8
97947,-0.8
97948,0
97949,0
97950,0.8
97951,3.2
97952,0.8
97953,0
97954,0.8
97955,0.8
97956,2.4
97957,-0.8
97958,-1.6
97959,2.4
97960,0
97961,-0.8
97962,0.8
97963,0
97964,-0.8
97965,0
97966,-1.6
97967,0
97968,0
97969,-2.4
97970,-0.8
97971,0
97972,0.8
97973,1.6
97974,0.8
97975,-0.8
97976,0.8
97977,0.8
97978,-0.8
97979,0
97980,-5.6
97981,-0.8
97982,0
97983,-1.6
97984,-1.6
97985,0
97986,0
97987,0
97988,0
97989,0
97990,-0.8
97991,2.4
97992,0
97993,-0.8
97994,-0.8
97995,0
97996,0
97997,0.8
97998,-0.8
97999,-4
98000,0.8
98001,-1.6
98002,0
98003,-1.6
98004,0.8
98005,2.4
98006,0
98007,-0.8
98008,0
98009,0.8
98010,0
98011,0.8
98012,0
98013,-0.8
98014,0.8
98015,-1.6
98016,-0.8
98017,0
98018,0.8
98019,2.4
98020,-0.8
98021,0.8
98022,0
98023,1.6
98024,0.8
98025,-0.8
98026,0
98027,-0.8
98028,-0.8
98029,-1.6
98030,2.4
98031,-1.6
98032,-0.8
98033,0
98034,0
98035,-0.8
98036,0
98037,-0.8
98038,0
98039,2.4
98040,-0.8
98041,-0.8
98042,-0.8
98043,0
98044,-0.8
98045,-0.8
98046,0
98047,-1.6
98048,-0.8
98049,1.6
98050,0.8
98051,0.8
98052,0.8
98053,-0.8
98054,0.8
98055,0
98056,0
98057,-1.6
98058,-0.8
98059,0.8
98060,0.8
98061,0
98062,-1.6
98063,-0.8
98064,0
98065,-0.8
98066,0
98067,0.8
98068,0.8
98069,-2.4
98070,0
98071,0
98072,0
98073,0
98074,0.8
98075,-2.4
98076,0
98077,-0.8
98078,-0.8
98079,-0.8
98080,0
98081,-1.6
98082,-0.8
98083,-0.8
98084,0
98085,0.8
98086,0
98087,0
98088,-0.8
98089,0
98090,-0.8
98091,0.8
98092,0
98093,-0.8
98094,0
98095,0
98096,0
98097,0.8
98098,0.8
98099,0
98100,0.8
98101,0
98102,0
98103,-0.8
98104,-0.8
98105,0
98106,1.6
98107,-0.8
98108,0.8
98109,0.8
98110,0
98111,0.8
98112,0.8
98113,-0.8
98114,2.4
98115,0.8
98116,0.8
98117,-0.8
98118,-1.6
98119,-3.2
98120,0
98121,0.8
98122,0
98123,0.8
98124,-1.6
98125,-0.8
98126,0
98127,0
98128,0
98129,-0.8
98130,-0.8
98131,0
98132,0
98133,0
98134,0.8
98135,0
98136,-0.8
98137,0
98138,0
98139,0
98140,0
98141,0.8
98142,0.8
98143,0
98144,0
98145,0.8
98146,0
98147,-0.8
98148,1.6
98149,0
98150,0
98151,0
98152,0
98153,0.8
98154,0
98155,0
98156,-0.8
98157,-1.6
98158,-0.8
98159,0.8
98160,0
98161,0
98162,-0.8
98163,0
98164,0
98165,-0.8
98166,-0.8
98167,0
98168,-1.6
98169,0
98170,-1.6
98171,-0.8
98172,-0.8
98173,-0.8
98174,0
98175,0
98176,0
98177,0
98178,0
98179,0
98180,-0.8
98181,-1.6
98182,0
98183,0
98184,0
98185,-0.8
98186,-0.8
98187,0
98188,0
98189,-1.6
98190,0
98191,0
98192,0
98193,-0.8
98194,-0.8
98195,0
98196,0
98197,0
98198,0
98199,-0.8
98200,0.8
98201,0.8
98202,-3.2
98203,0.8
98204,0.8
98205,-0.8
98206,0
98207,0
98208,0.8
98209,0
98210,-0.8
98211,0
98212,-0.8
98213,0
98214,0
98215,-1.6
98216,0.8
98217,0
98218,0.8
98219,-0.8
98220,-0.8
98221,-1.6
98222,0
98223,2.4
98224,0.8
98225,0.8
98226,0
98227,-0.8
98228,0
98229,-0.8
98230,0
98231,-1.6
98232,1.6
98233,0
98234,0
98235,0
98236,0
98237,-0.8
98238,0
98239,0.8
98240,0
98241,0
98242,0.8
98243,0
98244,0
98245,0.8
98246,0
98247,0.8
98248,0
98249,0.8
98250,0
98251,-0.8
98252,0.8
98253,-0.8
98254,0
98255,0
98256,0
98257,0.8
98258,-0.8
98259,-0.8
98260,0.8
98261,0.8
98262,0
98263,0
98264,-0.8
98265,0
98266,-0.8
98267,0
98268,-1.6
98269,0
98270,0
98271,-1.6
98272,0
98273,0.8
98274,0
98275,0
98276,0.8
98277,-1.6
98278,0.8
98279,0
98280,0
98281,0
98282,0
98283,-0.8
98284,0
98285,0.8
98286,0.8
98287,0
98288,-0.8
98289,0
98290,0.8
98291,-0.8
98292,-0.8
98293,0
98294,-0.8
98295,0
98296,-0.8
98297,-0.8
98298,-0.8
98299,0
98300,0
98301,0
98302,2.4
98303,0
98304,2.4
98305,-0.8
98306,0
98307,-0.8
98308,0
98309,0
98310,0.8
98311,0.8
98312,0
98313,0
98314,-0.8
98315,-0.8
98316,0
98317,0
98318,0
98319,0
98320,-0.8
98321,2.4
98322,0
98323,0
98324,0
98325,-1.6
98326,0
98327,0
98328,0
98329,0
98330,0.8
98331,0
98332,0
98333,-0.8
98334,0
98335,1.6
98336,0
98337,0
98338,0
98339,0
98340,-0.8
98341,0
98342,0
98343,0.8
98344,0
98345,0.8
98346,-0.8
98347,0
98348,0
98349,0
98350,0
98351,0
98352,0
98353,0
98354,0
98355,0
98356,0
98357,0.8
98358,0.8
98359,0.8
98360,0
98361,0
98362,-1.6
98363,0.8
98364,-0.8
98365,0.8
98366,0
98367,0
98368,0
98369,0.8
98370,-0.8
98371,0.8
98372,0
98373,0
98374,0
98375,-0.8
98376,0.8
98377,0
98378,-0.8
98379,0
98380,0
98381,0
98382,0
98383,0
98384,-1.6
98385,-1.6
98386,-0.8
98387,-0.8
98388,0
98389,-0.8
98390,0
98391,0
98392,0
98393,0
98394,0.8
98395,0.8
98396,-0.8
98397,0
98398,0.8
98399,0.8
98400,0.8
98401,-0.8
98402,0.8
98403,-0.8
98404,0.8
98405,0.8
98406,0
98407,-2.4
98408,0.8
98409,0.8
98410,0.8
98411,0
98412,0.8
98413,0
98414,0
98415,0
98416,0
98417,0
98418,0
98419,0.8
98420,0
98421,-1.6
98422,0
98423,0
98424,0
98425,0
98426,0
98427,-1.6
98428,0
98429,0
98430,-0.8
98431,0.8
98432,0.8
98433,0
98434,0
98435,2.4
98436,0.8
98437,0.8
98438,-0.8
98439,-0.8
98440,0
98441,0
98442,0.8
98443,-0.8
98444,0
98445,0.8
98446,0
98447,0
98448,-0.8
98449,0
98450,0
98451,0
98452,0.8
98453,0
98454,0
98455,0
98456,0.8
98457,0.8
98458,-0.8
98459,0.8
98460,-0.8
98461,0
98462,2.4
98463,0.8
98464,0
98465,0.8
98466,0.8
98467,-0.8
98468,0.8
98469,0.8
98470,0
98471,-0.8
98472,0
98473,0.8
98474,1.6
98475,0.8
98476,0.8
98477,0
98478,-0.8
98479,0
98480,0
98481,0
98482,0
98483,-0.8
98484,-0.8
98485,0
98486,0
98487,0
98488,0.8
98489,-0.8
98490,0.8
98491,0.8
98492,-0.8
98493,-3.2
98494,0
98495,0
98496,0
98497,0.8
98498,0
98499,0.8
98500,0.8
98501,0
98502,0.8
98503,0
98504,0
98505,0.8
98506,0
98507,0
98508,0
98509,0
98510,0
98511,0.8
98512,2.4
98513,0
98514,0.8
98515,0
98516,0
98517,0
98518,-0.8
98519,0.8
98520,0.8
98521,-1.6
98522,0.8
98523,-0.8
98524,0
98525,-0.8
98526,0
98527,0.8
98528,-1.6
98529,0.8
98530,0
98531,0
98532,0
98533,2.4
98534,0
98535,0
98536,0
98537,0.8
98538,0
98539,4
98540,0
98541,-0.8
98542,0
98543,0
98544,0.8
98545,0.8
98546,0.8
98547,0
98548,0.8
98549,0
98550,0.8
98551,-0.8
98552,0
98553,0.8
98554,0
98555,0
98556,0
98557,0.8
98558,0
98559,0
98560,0.8
98561,-1.6
98562,2.4
98563,0
98564,-0.8
98565,0.8
98566,0
98567,-0.8
98568,-0.8
98569,0.8
98570,-0.8
98571,0
98572,-0.8
98573,0
98574,-1.6
98575,0
98576,0
98577,0
98578,0.8
98579,0
98580,0
98581,0.8
98582,-0.8
98583,0
98584,0
98585,0
98586,0
98587,0
98588,0
98589,0
98590,0.8
98591,0
98592,-0.8
98593,0
98594,0
98595,0
98596,-0.8
98597,0
98598,0.8
98599,0.8
98600,-1.6
98601,0
98602,0.8
98603,-0.8
98604,0
98605,0
98606,0
98607,-0.8
98608,0
98609,0.8
98610,0.8
98611,0.8
98612,-3.2
98613,0
98614,0
98615,-0.8
98616,0.8
98617,0
98618,-1.6
98619,0
98620,0
98621,0
98622,-1.6
98623,0.8
98624,0
98625,0
98626,0.8
98627,0.8
98628,0
98629,0
98630,0.8
98631,-0.8
98632,0.8
98633,-0.8
98634,0
98635,0
98636,0
98637,0.8
98638,-1.6
98639,2.4
98640,-0.8
98641,0
98642,0.8
98643,0
98644,0
98645,0.8
98646,0.8
98647,0
98648,0
98649,0.8
98650,0
98651,-0.8
98652,0.8
98653,1.6
98654,0.8
98655,0
98656,0
98657,0
98658,0
98659,0.8
98660,0
98661,0.8
98662,0.8
98663,0.8
98664,0.8
98665,-0.8
98666,0
98667,-0.8
98668,-0.8
98669,0.8
98670,0
98671,0
98672,0
98673,0
98674,0.8
98675,2.4
98676,0
98677,-0.8
98678,0
98679,0
98680,-0.8
98681,0.8
98682,0
98683,0
98684,-1.6
98685,0
98686,0
98687,-0.8
98688,0
98689,0.8
98690,0
98691,2.4
98692,0
98693,0.8
98694,0
98695,0
98696,-0.8
98697,0
98698,-0.8
98699,0
98700,2.4
98701,0
98702,-0.8
98703,0
98704,0
98705,0.8
98706,0.8
98707,0
98708,-1.6
98709,0.8
98710,-1.6
98711,0.8
98712,-0.8
98713,0.8
98714,0
98715,0.8
98716,0.8
98717,-1.6
98718,-0.8
98719,0
98720,0
98721,0.8
98722,0.8
98723,0
98724,0.8
98725,0
98726,-1.6
98727,-0.8
98728,0.8
98729,-0.8
98730,0
98731,0
98732,0
98733,0.8
98734,-0.8
98735,0
98736,0
98737,0
98738,0
98739,0
98740,0
98741,-3.2
98742,0
98743,0
98744,-0.8
98745,0
98746,0.8
98747,-0.8
98748,-0.8
98749,0
98750,0
98751,0
98752,0.8
98753,0.8
98754,0
98755,0
98756,-0.8
98757,0
98758,0.8
98759,0
98760,0.8
98761,0.8
98762,0.8
98763,1.6
98764,-0.8
98765,0
98766,0
98767,0
98768,-0.8
98769,0
98770,0
98771,0.8
98772,0.8
98773,0
98774,0
98775,0
98776,0.8
98777,-1.6
98778,0.8
98779,-0.8
98780,0
98781,0
98782,0
98783,-0.8
98784,-0.8
98785,-0.8
98786,0
98787,0.8
98788,0.8
98789,0.8
98790,0
98791,-0.8
98792,0.8
98793,0
98794,2.4
98795,0.8
98796,0
98797,0
98798,0
98799,0
98800,0
98801,0.8
98802,0.8
98803,0
98804,0
98805,-1.6
98806,0
98807,-1.6
98808,0
98809,0.8
98810,0
98811,0
98812,0
98813,2.4
98814,0
98815,0.8
98816,0
98817,-0.8
98818,-1.6
98819,0
98820,0
98821,-0.8
98822,0
98823,0
98824,0
98825,-1.6
98826,0
98827,-0.8
98828,-0.8
98829,-0.8
98830,0
98831,0.8
98832,0
98833,0
98834,0.8
98835,0
98836,0
98837,0
98838,0
98839,0
98840,-0.8
98841,0
98842,0
98843,0
98844,0
98845,0
98846,0
98847,0
98848,0.8
98849,0
98850,-0.8
98851,0
98852,0
98853,-0.8
98854,0.8
98855,0.8
98856,0
98857,0
98858,-0.8
98859,0.8
98860,-0.8
98861,0
98862,0.8
98863,0
98864,0.8
98865,0
98866,0
98867,0
98868,0
98869,0.8
98870,0
98871,0
98872,-0.8
98873,-0.8
98874,0
98875,0
98876,-0.8
98877,0
98878,0
98879,0
98880,0
98881,0
98882,0
98883,-0.8
98884,-0.8
98885,-0.8
98886,0.8
98887,0
98888,0.8
98889,0
98890,0
98891,0.8
98892,0
98893,-0.8
98894,0
98895,0
98896,0
98897,0
98898,0.8
98899,-0.8
98900,0
98901,0
98902,0.8
98903,0.8
98904,0.8
98905,0.8
98906,0
98907,0
98908,-0.8
98909,-0.8
98910,0.8
98911,0
98912,0.8
98913,0.8
98914,-0.8
98915,-0.8
98916,-0.8
98917,-0.8
98918,0
98919,0.8
98920,-0.8
98921,0.8
98922,0.8
98923,0
98924,-0.8
98925,1.6
98926,0
98927,-0.8
98928,-0.8
98929,0.8
98930,-0.8
98931,0.8
98932,2.4
98933,0.8
98934,0
98935,0.8
98936,0
98937,-0.8
98938,0
98939,0
98940,-0.8
98941,0
98942,0.8
98943,0
98944,0
98945,0
98946,0
98947,-0.8
98948,0
98949,0
98950,0.8
98951,0
98952,0
98953,0
98954,0.8
98955,0.8
98956,0
98957,-0.8
98958,-0.8
98959,0
98960,0
98961,0
98962,0
98963,0
98964,0.8
98965,-0.8
98966,0.8
98967,-0.8
98968,0
98969,0
98970,0
98971,0
98972,0
98973,0
98974,0
98975,0
98976,0
98977,-0.8
98978,0
98979,0
98980,0
98981,0
98982,0
98983,0
98984,-1.6
98985,0
98986,0
98987,-0.8
98988,0.8
98989,0
98990,0
98991,-0.8
98992,0
98993,-3.2
98994,0
98995,-0.8
98996,0
98997,-0.8
98998,0
98999,0.8
99000,-3.2
99001,0
99002,0.8
99003,0
99004,0
99005,0
99006,0.8
99007,0
99008,0
99009,2.4
99010,0
99011,0
99012,-0.8
99013,3.2
99014,0
99015,0
99016,0
99017,0
99018,0
99019,0
99020,0
99021,0
99022,0
99023,0
99024,0
99025,0
99026,0
99027,-0.8
99028,0
99029,0
99030,-0.8
99031,0
99032,-0.8
99033,0.8
99034,0
99035,-0.8
99036,0
99037,0.8
99038,0
99039,0
99040,0.8
99041,0
99042,0
99043,0
99044,-3.2
99045,0.8
99046,0
99047,0.8
99048,0.8
99049,0.8
99050,-0.8
99051,0
99052,0
99053,0
99054,0.8
99055,-0.8
99056,0.8
99057,0
99058,0
99059,1.6
99060,0
99061,0
99062,0
99063,0
99064,-1.6
99065,0.8
99066,0
99067,0
99068,-0.8
99069,0.8
99070,-0.8
99071,-0.8
99072,0
99073,0
99074,0
99075,-0.8
99076,-0.8
99077,0
99078,0
99079,0
99080,0
99081,0
99082,-0.8
99083,0
99084,-1.6
99085,0
99086,0
99087,-0.8
99088,0
99089,0
99090,-0.8
99091,0.8
99092,-0.8
99093,0
99094,0
99095,0
99096,0
99097,0
99098,0
99099,0
99100,0
99101,-0.8
99102,2.4
99103,0.8
99104,0
99105,0
99106,0
99107,0
99108,0
99109,0.8
99110,0
99111,0
99112,0.8
99113,-0.8
99114,0.8
99115,0
99116,2.4
99117,0
99118,0
99119,-0.8
99120,-0.8
99121,0
99122,0.8
99123,0
99124,-0.8
99125,0
99126,0.8
99127,0.8
99128,0
99129,0
99130,-0.8
99131,0
99132,0
99133,0
99134,0
99135,-0.8
99136,0
99137,0
99138,-0.8
99139,-0.8
99140,0
99141,0
99142,0
99143,0
99144,0
99145,0
99146,0
99147,-0.8
99148,-0.8
99149,0
99150,0
99151,0.8
99152,0.8
99153,0
99154,0
99155,0.8
99156,0
99157,-0.8
99158,0
99159,0.8
99160,0
99161,0
99162,0
99163,0
99164,-0.8
99165,0.8
99166,0
99167,0.8
99168,0.8
99169,0
99170,0.8
99171,0
99172,0.8
99173,0
99174,0
99175,0
99176,0.8
99177,0
99178,0.8
99179,0
99180,-0.8
99181,0
99182,-0.8
99183,0
99184,-0.8
99185,0
99186,0
99187,0
99188,-0.8
99189,1.6
99190,0
99191,0
99192,-0.8
99193,0
99194,-0.8
99195,0
99196,0
99197,0
99198,0
99199,0.8
99200,-0.8
99201,0
99202,0
99203,0
99204,0.8
99205,-0.8
99206,0.8
99207,0
99208,0
99209,0
99210,0
99211,0
99212,0.8
99213,0
99214,-0.8
99215,-1.6
99216,2.4
99217,0
99218,0
99219,2.4
99220,0.8
99221,0
99222,0
99223,-1.6
99224,0
99225,0
99226,-0.8
99227,0
99228,0
99229,0
99230,0
99231,0
99232,0
99233,0.8
99234,0
99235,0
99236,0
99237,0
99238,-1.6
99239,0
99240,0
99241,-0.8
99242,0
99243,-0.8
99244,-0.8
99245,0.8
99246,-0.8
99247,0
99248,0
99249,0
99250,0
99251,0
99252,0.8
99253,0
99254,0
99255,0
99256,0.8
99257,0
99258,0
99259,0
99260,0.8
99261,0.8
99262,0
99263,0
99264,1.6
99265,0
99266,-0.8
99267,-0.8
99268,0
99269,2.4
99270,0
99271,0
99272,0.8
99273,0
99274,-1.6
99275,0
99276,1.6
99277,-0.8
99278,0
99279,0.8
99280,0
99281,0
99282,0
99283,0
99284,0
99285,0
99286,0
99287,0
99288,0.8
99289,0
99290,0
99291,-0.8
99292,-3.2
99293,-1.6
99294,0
99295,0
99296,0
99297,0.8
99298,0
99299,0
99300,-3.2
99301,-1.6
99302,0.8
99303,0
99304,0
99305,0
99306,-1.6
99307,-0.8
99308,0
99309,0
99310,0
99311,-0.8
99312,0
99313,0
99314,2.4
99315,0
99316,-0.8
99317,-0.8
99318,0
99319,0.8
99320,0.8
99321,0
99322,0.8
99323,-0.8
99324,0
99325,0
99326,0
99327,-0.8
99328,-1.6
99329,0.8
99330,0.8
99331,0
99332,-0.8
99333,0
99334,-0.8
99335,0
99336,0
99337,0
99338,0
99339,-0.8
99340,-0.8
99341,0
99342,0
99343,0
99344,0
99345,0
99346,-0.8
99347,-0.8
99348,0.8
99349,-0.8
99350,0
99351,0
99352,0
99353,0.8
99354,0.8
99355,0
99356,0
99357,-0.8
99358,0.8
99359,0.8
99360,0.8
99361,0
99362,-0.8
99363,0
99364,-0.8
99365,0.8
99366,0.8
99367,0.8
99368,0
99369,1.6
99370,-0.8
99371,0.8
99372,0
99373,0
99374,0.8
99375,0.8
99376,-0.8
99377,0.8
99378,-0.8
99379,0
99380,0
99381,0
99382,0
99383,0
99384,-0.8
99385,0
99386,0
99387,0
99388,0
99389,0
99390,0
99391,0
99392,0.8
99393,0.8
99394,0
99395,0
99396,0
99397,0
99398,0.8
99399,0
99400,-0.8
99401,-0.8
99402,0.8
99403,0
99404,0.8
99405,0
99406,0
99407,0.8
99408,0
99409,0
99410,-0.8
99411,0.8
99412,0
99413,0
99414,0.8
99415,0
99416,0
99417,0
99418,0.8
99419,-0.8
99420,-0.8
99421,0
99422,0
99423,0
99424,0.8
99425,0
99426,0
99427,0
99428,0
99429,0
99430,0
99431,0
99432,0.8
99433,0
99434,-0.8
99435,0
99436,0
99437,0
99438,0
99439,0
99440,0
99441,2.4
99442,0
99443,0
99444,0.8
99445,0.8
99446,0
99447,0
99448,0
99449,0
99450,0
99451,-0.8
99452,0
99453,0
99454,0
99455,0.8
99456,0.8
99457,0
99458,0
99459,2.4
99460,2.4
99461,-0.8
99462,-0.8
99463,0
99464,-3.2
99465,0
99466,0
99467,-1.6
99468,0
99469,-0.8
99470,0
99471,0.8
99472,0
99473,-0.8
99474,0.8
99475,0.8
99476,0
99477,-0.8
99478,0.8
99479,0
99480,0.8
99481,0.8
99482,0.8
99483,0.8
99484,0
99485,0
99486,-0.8
99487,0
99488,2.4
99489,0.8
99490,0
99491,-0.8
99492,0
99493,0
99494,1.6
99495,0
99496,0
99497,0
99498,0
99499,0
99500,0
99501,0
99502,0
99503,0.8
99504,0
99505,0.8
99506,0
99507,0
99508,0
99509,0.8
99510,-2.4
99511,0
99512,-0.8
99513,-0.8
99514,-0.8
99515,0.8
99516,-0.8
99517,-1.6
99518,0
99519,0.8
99520,0
99521,-0.8
99522,-0.8
99523,0
99524,0
99525,0
99526,-0.8
99527,-0.8
99528,0
99529,0
99530,0
99531,-0.8
99532,0
99533,0
99534,-2.4
99535,-0.8
99536,0
99537,0
99538,0
99539,0.8
99540,-0.8
99541,0
99542,0.8
99543,-0.8
99544,0
99545,-0.8
99546,0
99547,0
99548,0
99549,0.8
99550,0
99551,0
99552,0.8
99553,0
99554,0.8
99555,-0.8
99556,-0.8
99557,0
99558,0
99559,0
99560,0
99561,0.8
99562,0
99563,0
99564,0.8
99565,-0.8
99566,0
99567,0
99568,0.8
99569,-0.8
99570,0.8
99571,0.8
99572,0
99573,0
99574,-0.8
99575,0
99576,0.8
99577,0
99578,-0.8
99579,0
99580,0
99581,0
99582,0
99583,-0.8
99584,-0.8
99585,0
99586,0
99587,0
99588,0
99589,0.8
99590,0
99591,-0.8
99592,0
99593,0
99594,0
99595,2.4
99596,0
99597,0
99598,0
99599,0.8
99600,0
99601,0
99602,0.8
99603,0
99604,0
99605,0.8
99606,0
99607,0
99608,0
99609,0
99610,0
99611,0.8
99612,0
99613,0
99614,0
99615,0.8
99616,0
99617,-0.8
99618,0.8
99619,0
99620,0
99621,0
99622,0
99623,0.8
99624,-0.8
99625,0
99626,0
99627,-0.8
99628,-1.6
99629,0
99630,0
99631,0
99632,0.8
99633,0
99634,0
99635,0
99636,0
99637,-0.8
99638,0
99639,0
99640,0
99641,0
99642,0
99643,-0.8
99644,-4
99645,0
99646,0
99647,0
99648,0.8
99649,0
99650,-0.8
99651,0.8
99652,0
99653,0
99654,0
99655,0
99656,0.8
99657,0
99658,0.8
99659,0
99660,0.8
99661,0
99662,0
99663,0
99664,0
99665,0
99666,-0.8
99667,-0.8
99668,-0.8
99669,0.8
99670,0
99671,0
99672,0
99673,-0.8
99674,-0.8
99675,0
99676,0
99677,-0.8
99678,0
99679,0.8
99680,0.8
99681,-0.8
99682,-0.8
99683,-0.8
99684,-0.8
99685,0
99686,0.8
99687,-0.8
99688,0
99689,0
99690,0
99691,0.8
99692,0
99693,0.8
99694,0
99695,0
99696,0
99697,0.8
99698,0
99699,0.8
99700,0
99701,-0.8
99702,0
99703,0
99704,0.8
99705,0.8
99706,0
99707,0
99708,0.8
99709,0
99710,0.8
99711,0
99712,-0.8
99713,0
99714,0
99715,-0.8
99716,0.8
99717,-0.8
99718,0.8
99719,0.8
99720,-0.8
99721,0
99722,0.8
99723,0
99724,0
99725,0
99726,0
99727,0
99728,0
99729,-0.8
99730,-0.8
99731,-0.8
99732,0
99733,0
99734,0
99735,2.4
99736,0
99737,0
99738,0
99739,0.8
99740,0
99741,0.8
99742,0
99743,-0.8
99744,-0.8
99745,0
99746,-2.4
99747,0
99748,0.8
99749,0
99750,0
99751,0
99752,0.8
99753,0.8
99754,0
99755,0.8
99756,0
99757,1.6
99758,-0.8
99759,0.8
99760,0
99761,2.4
99762,0
99763,-0.8
99764,0.8
99765,1.6
99766,-0.8
99767,-3.2
99768,0
99769,0
99770,0
99771,0.8
99772,0
99773,0
99774,-3.2
99775,0.8
99776,0
99777,-0.8
99778,-0.8
99779,0
99780,0.8
99781,0
99782,-1.6
99783,-0.8
99784,0
99785,0
99786,0
99787,0.8
99788,0
99789,0
99790,0
99791,0
99792,0
99793,0
99794,0
99795,0.8
99796,0
99797,0
99798,0.8
99799,0
99800,0
99801,0.8
99802,0
99803,0
99804,0.8
99805,0
99806,-2.4
99807,0
99808,0
99809,0.8
99810,-0.8
99811,0.8
99812,0.8
99813,0
99814,0.8
99815,-0.8
99816,2.4
99817,0
99818,0
99819,0.8
99820,0.8
99821,0
99822,0.8
99823,0
99824,0
99825,0
99826,0.8
99827,0.8
99828,0
99829,-0.8
99830,0
99831,0
99832,0
99833,2.4
99834,0
99835,0
99836,0
99837,-0.8
99838,0
99839,0
99840,-0.8
99841,0
99842,0
99843,0.8
99844,0
99845,0
99846,0.8
99847,0.8
99848,0.8
99849,-0.8
99850,0.8
99851,0
99852,0.8
99853,0
99854,0
99855,0.8
99856,0.8
99857,-0.8
99858,0.8
99859,0
99860,0.8
99861,0.8
99862,0.8
99863,0
99864,-0.8
99865,0
99866,0
99867,0.8
99868,-3.2
99869,0
99870,0.8
99871,0
99872,0
99873,0
99874,0
99875,0
99876,0.8
99877,-0.8
99878,0
99879,-0.8
99880,0
99881,0
99882,0
99883,-0.8
99884,0
99885,0.8
99886,0
99887,0
99888,0
99889,0.8
99890,-1.6
99891,-0.8
99892,0.8
99893,-0.8
99894,0
99895,0
99896,0
99897,0
99898,0.8
99899,-0.8
99900,0
99901,0
99902,0
99903,-0.8
99904,-0.8
99905,0
99906,-0.8
99907,0.8
99908,2.4
99909,-1.6
99910,0
99911,0
99912,0
99913,2.4
99914,0.8
99915,0.8
99916,0
99917,0
99918,0
99919,0
99920,0
99921,0.8
99922,0.8
99923,0
99924,0
99925,0
99926,0
99927,-0.8
99928,-1.6
99929,0.8
99930,-4.8
99931,0.8
99932,0.8
99933,-1.6
99934,-0.8
99935,-0.8
99936,0
99937,0
99938,0
99939,0.8
99940,0
99941,0.8
99942,0
99943,0
99944,0
99945,0
99946,0
99947,0.8
99948,0.8
99949,0
99950,0
99951,0
99952,0.8
99953,0
99954,0
99955,0.8
99956,-0.8
99957,0
99958,0
99959,0
99960,0
99961,-0.8
99962,0
99963,-0.8
99964,0
99965,2.4
99966,0.8
99967,0
99968,0
99969,0
99970,0
99971,-1.6
99972,1.6
99973,0.8
99974,0
99975,0
99976,0
99977,0
99978,0
99979,0
99980,-0.8
99981,-0.8
99982,0
99983,-1.6
99984,-0.8
99985,0
99986,0
99987,0
99988,-0.8
99989,0
99990,0
99991,0.8
99992,-0.8
99993,0.8
99994,0
99995,0
99996,0.8
99997,-1.6
99998,-0.8
99999,-0.8
100000,0
