Time_s,Voltage_mV
0,0
0.000155092861851033,0
0.000310185723702067,0
0.0004652785855531,0
0.000620371447404133,0
0.000775464309255167,0
0.0009305571711062,0
0.00108565003295723,0
0.00124074289480827,0
0.0013958357566593,0
0.00155092861851033,0
0.00170602148036137,0
0.0018611143422124,0
0.00201620720406343,0
0.00217130006591447,0
0.0023263929277655,0
0.00248148578961653,0
0.00263657865146757,0
0.0027916715133186,0
0.00294676437516963,0
0.00310185723702067,0
0.0032569500988717,0
0.00341204296072273,0
0.00356713582257377,0
0.0037222286844248,0
0.00387732154627583,0
0.00403241440812687,0
0.0041875072699779,0
0.00434260013182893,0
0.00449769299367997,0
0.004652785855531,0
0.00480787871738203,0
0.00496297157923307,0
0.0051180644410841,0
0.00527315730293513,0
0.00542825016478617,0
0.0055833430266372,0
0.00573843588848823,0
0.00589352875033927,0
0.0060486216121903,0
0.00620371447404133,0
0.00635880733589237,0
0.0065139001977434,0
0.00666899305959443,0
0.00682408592144547,0
0.0069791787832965,0
0.00713427164514753,0
0.00728936450699857,0
0.0074444573688496,0
0.00759955023070063,0
0.00775464309255167,0
0.0079097359544027,0
0.00806482881625373,0
0.00821992167810476,0
0.0083750145399558,0
0.00853010740180683,0
0.00868520026365787,0
0.0088402931255089,0
0.00899538598735993,0
0.00915047884921097,0
0.009305571711062,0
0.00946066457291303,0
0.00961575743476407,0
0.0097708502966151,0
0.00992594315846613,0
0.0100810360203172,0
0.0102361288821682,0
0.0103912217440192,0
0.0105463146058703,0
0.0107014074677213,0
0.0108565003295723,0
0.0110115931914234,0
0.0111666860532744,0
0.0113217789151254,0
0.0114768717769765,0
0.0116319646388275,0
0.0117870575006785,0
0.0119421503625296,0
0.0120972432243806,0
0.0122523360862316,0
0.0124074289480827,0
0.0125625218099337,0
0.0127176146717847,0
0.0128727075336358,0
0.0130278003954868,0
0.0131828932573378,0
0.0133379861191889,0
0.0134930789810399,0
0.0136481718428909,0
0.013803264704742,0
0.013958357566593,0
0.014113450428444,0
0.0142685432902951,0
0.0144236361521461,0
0.0145787290139971,0
0.0147338218758482,0
0.0148889147376992,0
0.0150440075995502,0
0.0151991004614013,0
0.0153541933232523,0
0.0155092861851033,0
0.0156643790469544,0
0.0158194719088054,0
0.0159745647706564,0
0.0161296576325075,0
0.0162847504943585,0
0.0164398433562095,0
0.0165949362180606,0
0.0167500290799116,0
0.0169051219417626,0
0.0170602148036137,0
0.0172153076654647,0
0.0173704005273157,0
0.0175254933891668,0
0.0176805862510178,0
0.0178356791128688,0
0.0179907719747199,0
0.0181458648365709,0
0.0183009576984219,0
0.018456050560273,0
0.018611143422124,0
0.018766236283975,0
0.0189213291458261,0
0.0190764220076771,0
0.0192315148695281,0
0.0193866077313792,0
0.0195417005932302,0
0.0196967934550812,0
0.0198518863169323,0
0.0200069791787833,0
0.0201620720406343,0
0.0203171649024854,0
0.0204722577643364,0
0.0206273506261874,0
0.0207824434880385,0
0.0209375363498895,0
0.0210926292117405,0
0.0212477220735916,0
0.0214028149354426,0
0.0215579077972936,0
0.0217130006591447,0
0.0218680935209957,0
0.0220231863828467,0
0.0221782792446978,0
0.0223333721065488,0
0.0224884649683998,0
0.0226435578302509,0
0.0227986506921019,0
0.0229537435539529,0
0.023108836415804,0
0.023263929277655,0
0.023419022139506,0
0.0235741150013571,0
0.0237292078632081,0
0.0238843007250591,0
0.0240393935869102,0
0.0241944864487612,0
0.0243495793106122,0
0.0245046721724633,0
0.0246597650343143,0
0.0248148578961653,0
0.0249699507580164,0
0.0251250436198674,0
0.0252801364817184,0
0.0254352293435695,0
0.0255903222054205,0
0.0257454150672715,0
0.0259005079291226,0
0.0260556007909736,0
0.0262106936528246,0
0.0263657865146757,0
0.0265208793765267,0
0.0266759722383777,0
0.0268310651002288,0
0.0269861579620798,0
0.0271412508239308,0
0.0272963436857819,0
0.0274514365476329,0
0.0276065294094839,0
0.027761622271335,0
0.027916715133186,0
0.028071807995037,0
0.0282269008568881,0
0.0283819937187391,0
0.0285370865805901,0
0.0286921794424412,0
0.0288472723042922,0
0.0290023651661432,0
0.0291574580279943,0
0.0293125508898453,0
0.0294676437516963,0
0.0296227366135474,0
0.0297778294753984,0
0.0299329223372494,0
0.0300880151991005,0
0.0302431080609515,0
0.0303982009228025,0
0.0305532937846536,0
0.0307083866465046,0
0.0308634795083556,0
0.0310185723702067,0
0.0311736652320577,0
0.0313287580939087,0
0.0314838509557598,0
0.0316389438176108,0
0.0317940366794618,0
0.0319491295413129,0
0.0321042224031639,0
0.0322593152650149,0
0.032414408126866,0
0.032569500988717,0
0.032724593850568,0
0.0328796867124191,0
0.0330347795742701,0
0.0331898724361211,0
0.0333449652979722,0
0.0335000581598232,0
0.0336551510216742,0
0.0338102438835253,0
0.0339653367453763,0
0.0341204296072273,0
0.0342755224690784,0
0.0344306153309294,0
0.0345857081927804,0
0.0347408010546315,0
0.0348958939164825,0
0.0350509867783335,0
0.0352060796401846,0
0.0353611725020356,0
0.0355162653638866,0
0.0356713582257377,0
0.0358264510875887,0
0.0359815439494397,0
0.0361366368112908,0
0.0362917296731418,0
0.0364468225349928,0
0.0366019153968439,0
0.0367570082586949,0
0.0369121011205459,0
0.037067193982397,0
0.037222286844248,0
0.037377379706099,0
0.0375324725679501,0
0.0376875654298011,0
0.0378426582916521,0
0.0379977511535032,0
0.0381528440153542,0
0.0383079368772052,0
0.0384630297390563,0
0.0386181226009073,0
0.0387732154627583,0
0.0389283083246094,0
0.0390834011864604,0
0.0392384940483114,0
0.0393935869101625,0
0.0395486797720135,0
0.0397037726338645,0
0.0398588654957156,0
0.0400139583575666,0
0.0401690512194176,0
0.0403241440812687,0
0.0404792369431197,0
0.0406343298049707,0
0.0407894226668218,0
0.0409445155286728,0
0.0410996083905238,0
0.0412547012523749,0
0.0414097941142259,23.8828918415487
0.0415648869760769,0
0.041719979837928,0
0.041875072699779,0
0.04203016556163,0
0.0421852584234811,0
0.0423403512853321,0
0.0424954441471831,0
0.0426505370090342,0
0.0428056298708852,0
0.0429607227327362,0
0.0431158155945873,0
0.0432709084564383,0
0.0434260013182893,0
0.0435810941801404,0
0.0437361870419914,0
0.0438912799038424,0
0.0440463727656935,0
0.0442014656275445,0
0.0443565584893955,0
0.0445116513512466,0
0.0446667442130976,0
0.0448218370749486,0
0.0449769299367997,0
0.0451320227986507,0
0.0452871156605017,0
0.0454422085223528,0
0.0455973013842038,0
0.0457523942460548,0
0.0459074871079059,0
0.0460625799697569,0
0.0462176728316079,0
0.046372765693459,0
0.04652785855531,0
0.046682951417161,0
0.0468380442790121,0
0.0469931371408631,0
0.0471482300027141,0
0.0473033228645652,0
0.0474584157264162,0
0.0476135085882672,0
0.0477686014501183,0
0.0479236943119693,0
0.0480787871738203,0
0.0482338800356714,0
0.0483889728975224,0
0.0485440657593734,0
0.0486991586212245,0
0.0488542514830755,0
0.0490093443449265,0
0.0491644372067776,0
0.0493195300686286,0
0.0494746229304796,0
0.0496297157923307,0
0.0497848086541817,0
0.0499399015160327,0
0.0500949943778838,0
0.0502500872397348,0
0.0504051801015858,0
0.0505602729634369,0
0.0507153658252879,0
0.0508704586871389,0
0.05102555154899,0
0.051180644410841,0
0.051335737272692,0
0.0514908301345431,0
0.0516459229963941,0
0.0518010158582451,0
0.0519561087200962,0
0.0521112015819472,0
0.0522662944437982,0
0.0524213873056493,0
0.0525764801675003,0
0.0527315730293513,0
0.0528866658912024,0
0.0530417587530534,0
0.0531968516149044,0
0.0533519444767555,0
0.0535070373386065,0
0.0536621302004575,0
0.0538172230623086,0
0.0539723159241596,0
0.0541274087860106,0
0.0542825016478617,0
0.0544375945097127,0
0.0545926873715637,0
0.0547477802334148,0
0.0549028730952658,0
0.0550579659571168,0
0.0552130588189679,0
0.0553681516808189,0
0.0555232445426699,0
0.055678337404521,0
0.055833430266372,0
0.055988523128223,0
0.0561436159900741,0
0.0562987088519251,0
0.0564538017137761,0
0.0566088945756272,0
0.0567639874374782,0
0.0569190802993292,0
0.0570741731611803,0
0.0572292660230313,0
0.0573843588848823,0
0.0575394517467334,0
0.0576945446085844,0
0.0578496374704354,0
0.0580047303322865,0
0.0581598231941375,0
0.0583149160559885,0
0.0584700089178396,0
0.0586251017796906,0
0.0587801946415416,0
0.0589352875033927,0
0.0590903803652437,0
0.0592454732270947,0
0.0594005660889458,0
0.0595556589507968,0
0.0597107518126478,0
0.0598658446744989,0
0.0600209375363499,0
0.0601760303982009,0
0.060331123260052,0
0.060486216121903,0
0.060641308983754,0
0.0607964018456051,0
0.0609514947074561,0
0.0611065875693071,0
0.0612616804311582,0
0.0614167732930092,0
0.0615718661548602,0
0.0617269590167113,0
0.0618820518785623,0
0.0620371447404133,0
0.0621922376022644,0
0.0623473304641154,0
0.0625024233259664,0
0.0626575161878175,0
0.0628126090496685,0
0.0629677019115195,0
0.0631227947733706,0
0.0632778876352216,0
0.0634329804970726,0
0.0635880733589236,0
0.0637431662207747,0
0.0638982590826257,0
0.0640533519444768,0
0.0642084448063278,0
0.0643635376681788,0
0.0645186305300299,0
0.0646737233918809,0
0.0648288162537319,0
0.064983909115583,0
0.065139001977434,0
0.065294094839285,0
0.0654491877011361,0
0.0656042805629871,0
0.0657593734248381,0
0.0659144662866891,0
0.0660695591485402,0
0.0662246520103912,0
0.0663797448722423,0
0.0665348377340933,0
0.0666899305959443,0
0.0668450234577954,0
0.0670001163196464,0
0.0671552091814974,0
0.0673103020433485,0
0.0674653949051995,0
0.0676204877670505,0
0.0677755806289016,0
0.0679306734907526,0
0.0680857663526036,0
0.0682408592144546,0
0.0683959520763057,0
0.0685510449381567,0
0.0687061378000078,0
0.0688612306618588,0
0.0690163235237098,0
0.0691714163855609,0
0.0693265092474119,0
0.0694816021092629,0
0.069636694971114,0
0.069791787832965,0
0.069946880694816,0
0.0701019735566671,0
0.0702570664185181,0
0.0704121592803691,0
0.0705672521422201,0
0.0707223450040712,0
0.0708774378659222,0
0.0710325307277733,0
0.0711876235896243,0
0.0713427164514753,0
0.0714978093133264,0
0.0716529021751774,0
0.0718079950370284,0
0.0719630878988795,0
0.0721181807607305,0
0.0722732736225815,0
0.0724283664844326,0
0.0725834593462836,0
0.0727385522081346,0
0.0728936450699856,0
0.0730487379318367,0
0.0732038307936877,0
0.0733589236555388,0
0.0735140165173898,0
0.0736691093792408,0
0.0738242022410919,0
0.0739792951029429,0
0.0741343879647939,0
0.074289480826645,0
0.074444573688496,0
0.074599666550347,0
0.0747547594121981,0
0.0749098522740491,0
0.0750649451359001,0
0.0752200379977511,0
0.0753751308596022,0
0.0755302237214532,0
0.0756853165833043,0
0.0758404094451553,0
0.0759955023070063,0
0.0761505951688574,0
0.0763056880307084,0
0.0764607808925594,0
0.0766158737544105,0
0.0767709666162615,0
0.0769260594781125,0
0.0770811523399636,0
0.0772362452018146,0
0.0773913380636656,0
0.0775464309255166,0
0.0777015237873677,0
0.0778566166492187,0
0.0780117095110698,0
0.0781668023729208,0
0.0783218952347718,0
0.0784769880966228,0
0.0786320809584739,0
0.0787871738203249,0
0.078942266682176,0
0.079097359544027,0
0.079252452405878,0
0.0794075452677291,0
0.0795626381295801,0
0.0797177309914311,0
0.0798728238532821,0
0.0800279167151332,0
0.0801830095769842,0
0.0803381024388353,0
0.0804931953006863,0
0.0806482881625373,0
0.0808033810243883,0
0.0809584738862394,0
0.0811135667480904,0
0.0812686596099415,0
0.0814237524717925,0
0.0815788453336435,0
0.0817339381954946,0
0.0818890310573456,0
0.0820441239191966,0
0.0821992167810476,0
0.0823543096428987,0
0.0825094025047497,0
0.0826644953666008,0
0.0828195882284518,0
0.0829746810903028,0
0.0831297739521538,0
0.0832848668140049,0
0.0834399596758559,0
0.083595052537707,0
0.083750145399558,0
0.083905238261409,0
0.0840603311232601,0
0.0842154239851111,0
0.0843705168469621,0
0.0845256097088131,0
0.0846807025706642,0
0.0848357954325152,0
0.0849908882943663,0
0.0851459811562173,0
0.0853010740180683,0
0.0854561668799193,0
0.0856112597417704,0
0.0857663526036214,0
0.0859214454654725,0
0.0860765383273235,0
0.0862316311891745,0
0.0863867240510256,0
0.0865418169128766,0
0.0866969097747276,0
0.0868520026365786,0
0.0870070954984297,0
0.0871621883602807,0
0.0873172812221318,0
0.0874723740839828,0
0.0876274669458338,0
0.0877825598076848,0
0.0879376526695359,0
0.0880927455313869,0
0.088247838393238,0
0.088402931255089,0
0.08855802411694,0
0.0887131169787911,0
0.0888682098406421,0
0.0890233027024931,0
0.0891783955643441,0
0.0893334884261952,0
0.0894885812880462,0
0.0896436741498973,0
0.0897987670117483,0
0.0899538598735993,0
0.0901089527354503,0
0.0902640455973014,0
0.0904191384591524,0
0.0905742313210035,0
0.0907293241828545,0
0.0908844170447055,0
0.0910395099065566,0
0.0911946027684076,0
0.0913496956302586,0
0.0915047884921096,0
0.0916598813539607,0
0.0918149742158117,0
0.0919700670776628,0
0.0921251599395138,0
0.0922802528013648,0
0.0924353456632158,0
0.0925904385250669,0
0.0927455313869179,0
0.092900624248769,0
0.09305571711062,0
0.093210809972471,0
0.0933659028343221,0
0.0935209956961731,0
0.0936760885580241,0
0.0938311814198751,0
0.0939862742817262,0
0.0941413671435772,0
0.0942964600054283,0
0.0944515528672793,0
0.0946066457291303,0
0.0947617385909813,0
0.0949168314528324,0
0.0950719243146834,0
0.0952270171765345,0
0.0953821100383855,0
0.0955372029002365,0
0.0956922957620876,0
0.0958473886239386,0
0.0960024814857896,0
0.0961575743476406,0
0.0963126672094917,0
0.0964677600713427,0
0.0966228529331938,0
0.0967779457950448,0
0.0969330386568958,0
0.0970881315187468,0
0.0972432243805979,0
0.0973983172424489,0
0.0975534101043,0
0.097708502966151,0
0.097863595828002,0
0.0980186886898531,0
0.0981737815517041,0
0.0983288744135551,0
0.0984839672754061,0
0.0986390601372572,0
0.0987941529991082,0
0.0989492458609593,0
0.0991043387228103,0
0.0992594315846613,0
0.0994145244465123,0
0.0995696173083634,0
0.0997247101702144,0
0.0998798030320655,0
0.100034895893916,0
0.100189988755768,0
0.100345081617619,0
0.10050017447947,0
0.100655267341321,0
0.100810360203172,0
0.100965453065023,0
0.101120545926874,0
0.101275638788725,0
0.101430731650576,0
0.101585824512427,0
0.101740917374278,0
0.101896010236129,0
0.10205110309798,0
0.102206195959831,0
0.102361288821682,0
0.102516381683533,0
0.102671474545384,0
0.102826567407235,0
0.102981660269086,0
0.103136753130937,0
0.103291845992788,0
0.103446938854639,0
0.10360203171649,0
0.103757124578341,0
0.103912217440192,0
0.104067310302043,0
0.104222403163894,0
0.104377496025745,0
0.104532588887596,0
0.104687681749447,0
0.104842774611299,0
0.10499786747315,0
0.105152960335001,0
0.105308053196852,0
0.105463146058703,0
0.105618238920554,0
0.105773331782405,0
0.105928424644256,0
0.106083517506107,0
0.106238610367958,0
0.106393703229809,0
0.10654879609166,0
0.106703888953511,0
0.106858981815362,0
0.107014074677213,0
0.107169167539064,0
0.107324260400915,0
0.107479353262766,0
0.107634446124617,0
0.107789538986468,0
0.107944631848319,0
0.10809972471017,0
0.108254817572021,0
0.108409910433872,0
0.108565003295723,0
0.108720096157574,0
0.108875189019425,0
0.109030281881276,0
0.109185374743127,0
0.109340467604978,0
0.10949556046683,0
0.109650653328681,0
0.109805746190532,0
0.109960839052383,0
0.110115931914234,0
0.110271024776085,0
0.110426117637936,0
0.110581210499787,0
0.110736303361638,0
0.110891396223489,0
0.11104648908534,0
0.111201581947191,0
0.111356674809042,0
0.111511767670893,0
0.111666860532744,0
0.111821953394595,0
0.111977046256446,0
0.112132139118297,0
0.112287231980148,0
0.112442324841999,0
0.11259741770385,0
0.112752510565701,0
0.112907603427552,0
0.113062696289403,0
0.113217789151254,0
0.113372882013105,0
0.113527974874956,0
0.113683067736807,0
0.113838160598658,0
0.113993253460509,0
0.114148346322361,0
0.114303439184212,0
0.114458532046063,0
0.114613624907914,0
0.114768717769765,0
0.114923810631616,0
0.115078903493467,0
0.115233996355318,0
0.115389089217169,0
0.11554418207902,0
0.115699274940871,0
0.115854367802722,0
0.116009460664573,0
0.116164553526424,0
0.116319646388275,0
0.116474739250126,0
0.116629832111977,0
0.116784924973828,0
0.116940017835679,0
0.11709511069753,0
0.117250203559381,0
0.117405296421232,0
0.117560389283083,0
0.117715482144934,0
0.117870575006785,0
0.118025667868636,0
0.118180760730487,0
0.118335853592338,0
0.118490946454189,0
0.11864603931604,0
0.118801132177892,0
0.118956225039743,0
0.119111317901594,0
0.119266410763445,0
0.119421503625296,0
0.119576596487147,0
0.119731689348998,0
0.119886782210849,0
0.1200418750727,0
0.120196967934551,0
0.120352060796402,0
0.120507153658253,0
0.120662246520104,0
0.120817339381955,0
0.120972432243806,0
0.121127525105657,0
0.121282617967508,0
0.121437710829359,0
0.12159280369121,0
0.121747896553061,0
0.121902989414912,0
0.122058082276763,0
0.122213175138614,0
0.122368268000465,0
0.122523360862316,0
0.122678453724167,0
0.122833546586018,0
0.122988639447869,0
0.12314373230972,0
0.123298825171571,0
0.123453918033423,0
0.123609010895274,0
0.123764103757125,0
0.123919196618976,0
0.124074289480827,0
0.124229382342678,0
0.124384475204529,0
0.12453956806638,0
0.124694660928231,0
0.124849753790082,0
0.125004846651933,0
0.125159939513784,0
0.125315032375635,0
0.125470125237486,0
0.125625218099337,0
0.125780310961188,0
0.125935403823039,0
0.12609049668489,0
0.126245589546741,0
0.126400682408592,0
0.126555775270443,0
0.126710868132294,0
0.126865960994145,0
0.127021053855996,0
0.127176146717847,0
0.127331239579698,0
0.127486332441549,0
0.1276414253034,0
0.127796518165251,0
0.127951611027102,0
0.128106703888954,0
0.128261796750805,0
0.128416889612656,0
0.128571982474507,0
0.128727075336358,0
0.128882168198209,0
0.12903726106006,0
0.129192353921911,0
0.129347446783762,0
0.129502539645613,0
0.129657632507464,0
0.129812725369315,0
0.129967818231166,0
0.130122911093017,0
0.130278003954868,0
0.130433096816719,0
0.13058818967857,0
0.130743282540421,0
0.130898375402272,0
0.131053468264123,0
0.131208561125974,0
0.131363653987825,0
0.131518746849676,0
0.131673839711527,0
0.131828932573378,0
0.131984025435229,0
0.13213911829708,0
0.132294211158931,0
0.132449304020782,0
0.132604396882633,0
0.132759489744485,0
0.132914582606336,0
0.133069675468187,0
0.133224768330038,0
0.133379861191889,0
0.13353495405374,0
0.133690046915591,0
0.133845139777442,0
0.134000232639293,0
0.134155325501144,0
0.134310418362995,0
0.134465511224846,0
0.134620604086697,0
0.134775696948548,0
0.134930789810399,0
0.13508588267225,0
0.135240975534101,0
0.135396068395952,0
0.135551161257803,0
0.135706254119654,0
0.135861346981505,0
0.136016439843356,0
0.136171532705207,0
0.136326625567058,0
0.136481718428909,0
0.13663681129076,0
0.136791904152611,0
0.136946997014462,0
0.137102089876313,0
0.137257182738164,0
0.137412275600016,0
0.137567368461867,0
0.137722461323718,0
0.137877554185569,0
0.13803264704742,0
0.138187739909271,0
0.138342832771122,0
0.138497925632973,0
0.138653018494824,0
0.138808111356675,0
0.138963204218526,0
0.139118297080377,0
0.139273389942228,0
0.139428482804079,0
0.13958357566593,0
0.139738668527781,0
0.139893761389632,0
0.140048854251483,0
0.140203947113334,0
0.140359039975185,0
0.140514132837036,0
0.140669225698887,0
0.140824318560738,0
0.140979411422589,0
0.14113450428444,0
0.141289597146291,0
0.141444690008142,0
0.141599782869993,0
0.141754875731844,0
0.141909968593695,0
0.142065061455547,0
0.142220154317398,0
0.142375247179249,0
0.1425303400411,0
0.142685432902951,0
0.142840525764802,0
0.142995618626653,0
0.143150711488504,0
0.143305804350355,0
0.143460897212206,0
0.143615990074057,0
0.143771082935908,0
0.143926175797759,0
0.14408126865961,0
0.144236361521461,0
0.144391454383312,0
0.144546547245163,0
0.144701640107014,0
0.144856732968865,0
0.145011825830716,0
0.145166918692567,0
0.145322011554418,0
0.145477104416269,0
0.14563219727812,0
0.145787290139971,0
0.145942383001822,0
0.146097475863673,0
0.146252568725524,0
0.146407661587375,0
0.146562754449226,0
0.146717847311078,0
0.146872940172929,0
0.14702803303478,0
0.147183125896631,0
0.147338218758482,0
0.147493311620333,0
0.147648404482184,0
0.147803497344035,0
0.147958590205886,0
0.148113683067737,0
0.148268775929588,0
0.148423868791439,0
0.14857896165329,0
0.148734054515141,0
0.148889147376992,0
0.149044240238843,0
0.149199333100694,0
0.149354425962545,0
0.149509518824396,0
0.149664611686247,0
0.149819704548098,0
0.149974797409949,0
0.1501298902718,0
0.150284983133651,0
0.150440075995502,0
0.150595168857353,0
0.150750261719204,0
0.150905354581055,0
0.151060447442906,0
0.151215540304757,0
0.151370633166609,0
0.15152572602846,0
0.151680818890311,0
0.151835911752162,0
0.151991004614013,0
0.152146097475864,0
0.152301190337715,0
0.152456283199566,0
0.152611376061417,0
0.152766468923268,0
0.152921561785119,0
0.15307665464697,0
0.153231747508821,0
0.153386840370672,0
0.153541933232523,0
0.153697026094374,0
0.153852118956225,0
0.154007211818076,0
0.154162304679927,0
0.154317397541778,0
0.154472490403629,0
0.15462758326548,0
0.154782676127331,0
0.154937768989182,0
0.155092861851033,0
0.155247954712884,0
0.155403047574735,0
0.155558140436586,0
0.155713233298437,0
0.155868326160288,0
0.15602341902214,0
0.156178511883991,0
0.156333604745842,0
0.156488697607693,0
0.156643790469544,0
0.156798883331395,0
0.156953976193246,0
0.157109069055097,0
0.157264161916948,0
0.157419254778799,0
0.15757434764065,0
0.157729440502501,0
0.157884533364352,0
0.158039626226203,0
0.158194719088054,0
0.158349811949905,0
0.158504904811756,0
0.158659997673607,0
0.158815090535458,0
0.158970183397309,0
0.15912527625916,0
0.159280369121011,0
0.159435461982862,0
0.159590554844713,0
0.159745647706564,0
0.159900740568415,0
0.160055833430266,0
0.160210926292117,0
0.160366019153968,0
0.160521112015819,0
0.160676204877671,0
0.160831297739522,0
0.160986390601373,0
0.161141483463224,0
0.161296576325075,0
0.161451669186926,0
0.161606762048777,0
0.161761854910628,0
0.161916947772479,0
0.16207204063433,0
0.162227133496181,0
0.162382226358032,0
0.162537319219883,0
0.162692412081734,0
0.162847504943585,0
0.163002597805436,0
0.163157690667287,0
0.163312783529138,0
0.163467876390989,0
0.16362296925284,0
0.163778062114691,0
0.163933154976542,0
0.164088247838393,0
0.164243340700244,0
0.164398433562095,0
0.164553526423946,0
0.164708619285797,0
0.164863712147648,0
0.165018805009499,0
0.16517389787135,0
0.165328990733202,0
0.165484083595053,0
0.165639176456904,0
0.165794269318755,0
0.165949362180606,0
0.166104455042457,0
0.166259547904308,0
0.166414640766159,0
0.16656973362801,0
0.166724826489861,0
0.166879919351712,0
0.167035012213563,0
0.167190105075414,0
0.167345197937265,0
0.167500290799116,0
0.167655383660967,0
0.167810476522818,0
0.167965569384669,0
0.16812066224652,0
0.168275755108371,0
0.168430847970222,0
0.168585940832073,0
0.168741033693924,0
0.168896126555775,0
0.169051219417626,0
0.169206312279477,0
0.169361405141328,0
0.169516498003179,0
0.16967159086503,0
0.169826683726881,0
0.169981776588733,0
0.170136869450584,0
0.170291962312435,0
0.170447055174286,0
0.170602148036137,24.237109097113
0.170757240897988,0
0.170912333759839,0
0.17106742662169,0
0.171222519483541,0
0.171377612345392,0
0.171532705207243,0
0.171687798069094,0
0.171842890930945,0
0.171997983792796,0
0.172153076654647,0
0.172308169516498,0
0.172463262378349,0
0.1726183552402,0
0.172773448102051,0
0.172928540963902,0
0.173083633825753,0
0.173238726687604,0
0.173393819549455,0
0.173548912411306,0
0.173704005273157,0
0.173859098135008,0
0.174014190996859,0
0.17416928385871,0
0.174324376720561,0
0.174479469582412,0
0.174634562444264,0
0.174789655306115,0
0.174944748167966,0
0.175099841029817,0
0.175254933891668,0
0.175410026753519,0
0.17556511961537,0
0.175720212477221,0
0.175875305339072,0
0.176030398200923,0
0.176185491062774,0
0.176340583924625,0
0.176495676786476,0
0.176650769648327,0
0.176805862510178,0
0.176960955372029,0
0.17711604823388,0
0.177271141095731,0
0.177426233957582,0
0.177581326819433,0
0.177736419681284,0
0.177891512543135,0
0.178046605404986,0
0.178201698266837,0
0.178356791128688,0
0.178511883990539,0
0.17866697685239,0
0.178822069714241,0
0.178977162576092,0
0.179132255437943,0
0.179287348299795,0
0.179442441161646,0
0.179597534023497,0
0.179752626885348,0
0.179907719747199,0
0.18006281260905,0
0.180217905470901,0
0.180372998332752,0
0.180528091194603,0
0.180683184056454,0
0.180838276918305,0
0.180993369780156,0
0.181148462642007,0
0.181303555503858,0
0.181458648365709,0
0.18161374122756,0
0.181768834089411,0
0.181923926951262,0
0.182079019813113,0
0.182234112674964,0
0.182389205536815,0
0.182544298398666,0
0.182699391260517,0
0.182854484122368,0
0.183009576984219,0
0.18316466984607,0
0.183319762707921,0
0.183474855569772,0
0.183629948431623,0
0.183785041293474,0
0.183940134155326,0
0.184095227017177,0
0.184250319879028,0
0.184405412740879,0
0.18456050560273,0
0.184715598464581,0
0.184870691326432,0
0.185025784188283,0
0.185180877050134,0
0.185335969911985,0
0.185491062773836,0
0.185646155635687,0
0.185801248497538,0
0.185956341359389,0
0.18611143422124,0
0.186266527083091,0
0.186421619944942,0
0.186576712806793,0
0.186731805668644,0
0.186886898530495,0
0.187041991392346,0
0.187197084254197,0
0.187352177116048,0
0.187507269977899,0
0.18766236283975,0
0.187817455701601,0
0.187972548563452,0
0.188127641425303,0
0.188282734287154,0
0.188437827149005,0
0.188592920010857,0
0.188748012872708,0
0.188903105734559,0
0.18905819859641,0
0.189213291458261,0
0.189368384320112,0
0.189523477181963,0
0.189678570043814,0
0.189833662905665,0
0.189988755767516,0
0.190143848629367,0
0.190298941491218,0
0.190454034353069,0
0.19060912721492,0
0.190764220076771,0
0.190919312938622,0
0.191074405800473,0
0.191229498662324,0
0.191384591524175,0
0.191539684386026,0
0.191694777247877,0
0.191849870109728,0
0.192004962971579,0
0.19216005583343,0
0.192315148695281,0
0.192470241557132,0
0.192625334418983,0
0.192780427280834,0
0.192935520142685,0
0.193090613004536,0
0.193245705866388,0
0.193400798728239,0
0.19355589159009,0
0.193710984451941,0
0.193866077313792,0
0.194021170175643,0
0.194176263037494,0
0.194331355899345,0
0.194486448761196,0
0.194641541623047,0
0.194796634484898,0
0.194951727346749,0
0.1951068202086,0
0.195261913070451,0
0.195417005932302,0
0.195572098794153,0
0.195727191656004,0
0.195882284517855,0
0.196037377379706,0
0.196192470241557,0
0.196347563103408,0
0.196502655965259,0
0.19665774882711,0
0.196812841688961,0
0.196967934550812,0
0.197123027412663,0
0.197278120274514,0
0.197433213136365,0
0.197588305998216,0
0.197743398860067,0
0.197898491721919,0
0.19805358458377,0
0.198208677445621,0
0.198363770307472,0
0.198518863169323,0
0.198673956031174,0
0.198829048893025,0
0.198984141754876,0
0.199139234616727,0
0.199294327478578,0
0.199449420340429,0
0.19960451320228,0
0.199759606064131,0
0.199914698925982,0
0.200069791787833,0
0.200224884649684,0
0.200379977511535,0
0.200535070373386,0
0.200690163235237,0
0.200845256097088,0
0.201000348958939,0
0.20115544182079,0
0.201310534682641,0
0.201465627544492,0
0.201620720406343,0
0.201775813268194,0
0.201930906130045,0
0.202085998991896,0
0.202241091853747,0
0.202396184715598,0
0.20255127757745,0
0.202706370439301,0
0.202861463301152,0
0.203016556163003,0
0.203171649024854,0
0.203326741886705,0
0.203481834748556,0
0.203636927610407,0
0.203792020472258,0
0.203947113334109,0
0.20410220619596,0
0.204257299057811,0
0.204412391919662,0
0.204567484781513,0
0.204722577643364,0
0.204877670505215,0
0.205032763367066,0
0.205187856228917,0
0.205342949090768,0
0.205498041952619,0
0.20565313481447,0
0.205808227676321,0
0.205963320538172,0
0.206118413400023,0
0.206273506261874,0
0.206428599123725,0
0.206583691985576,0
0.206738784847427,0
0.206893877709278,0
0.207048970571129,0
0.207204063432981,0
0.207359156294832,0
0.207514249156683,0
0.207669342018534,0
0.207824434880385,0
0.207979527742236,0
0.208134620604087,0
0.208289713465938,0
0.208444806327789,0
0.20859989918964,0
0.208754992051491,0
0.208910084913342,0
0.209065177775193,0
0.209220270637044,0
0.209375363498895,0
0.209530456360746,0
0.209685549222597,0
0.209840642084448,0
0.209995734946299,0
0.21015082780815,0
0.210305920670001,0
0.210461013531852,0
0.210616106393703,0
0.210771199255554,0
0.210926292117405,0
0.211081384979256,0
0.211236477841107,0
0.211391570702958,0
0.211546663564809,0
0.21170175642666,0
0.211856849288512,0
0.212011942150363,0
0.212167035012214,0
0.212322127874065,0
0.212477220735916,0
0.212632313597767,0
0.212787406459618,0
0.212942499321469,0
0.21309759218332,0
0.213252685045171,0
0.213407777907022,0
0.213562870768873,0
0.213717963630724,0
0.213873056492575,0
0.214028149354426,0
0.214183242216277,0
0.214338335078128,0
0.214493427939979,0
0.21464852080183,0
0.214803613663681,0
0.214958706525532,0
0.215113799387383,0
0.215268892249234,0
0.215423985111085,0
0.215579077972936,0
0.215734170834787,0
0.215889263696638,0
0.216044356558489,0
0.21619944942034,0
0.216354542282191,0
0.216509635144043,0
0.216664728005894,0
0.216819820867745,0
0.216974913729596,0
0.217130006591447,0
0.217285099453298,0
0.217440192315149,0
0.217595285177,0
0.217750378038851,0
0.217905470900702,0
0.218060563762553,0
0.218215656624404,0
0.218370749486255,0
0.218525842348106,0
0.218680935209957,0
0.218836028071808,0
0.218991120933659,0
0.21914621379551,0
0.219301306657361,0
0.219456399519212,0
0.219611492381063,0
0.219766585242914,0
0.219921678104765,0
0.220076770966616,0
0.220231863828467,0
0.220386956690318,0
0.220542049552169,0
0.22069714241402,0
0.220852235275871,0
0.221007328137722,0
0.221162420999574,0
0.221317513861425,0
0.221472606723276,0
0.221627699585127,0
0.221782792446978,0
0.221937885308829,0
0.22209297817068,0
0.222248071032531,0
0.222403163894382,0
0.222558256756233,0
0.222713349618084,0
0.222868442479935,0
0.223023535341786,0
0.223178628203637,0
0.223333721065488,0
0.223488813927339,0
0.22364390678919,0
0.223798999651041,0
0.223954092512892,0
0.224109185374743,0
0.224264278236594,0
0.224419371098445,0
0.224574463960296,0
0.224729556822147,0
0.224884649683998,0
0.225039742545849,0
0.2251948354077,0
0.225349928269551,0
0.225505021131402,0
0.225660113993253,0
0.225815206855105,0
0.225970299716956,0
0.226125392578807,0
0.226280485440658,0
0.226435578302509,0
0.22659067116436,0
0.226745764026211,0
0.226900856888062,0
0.227055949749913,0
0.227211042611764,0
0.227366135473615,0
0.227521228335466,0
0.227676321197317,0
0.227831414059168,0
0.227986506921019,0
0.22814159978287,0
0.228296692644721,0
0.228451785506572,0
0.228606878368423,0
0.228761971230274,0
0.228917064092125,0
0.229072156953976,0
0.229227249815827,0
0.229382342677678,0
0.229537435539529,0
0.22969252840138,0
0.229847621263231,0
0.230002714125082,0
0.230157806986933,0
0.230312899848784,0
0.230467992710636,0
0.230623085572487,0
0.230778178434338,0
0.230933271296189,0
0.23108836415804,0
0.231243457019891,0
0.231398549881742,0
0.231553642743593,0
0.231708735605444,0
0.231863828467295,0
0.232018921329146,0
0.232174014190997,0
0.232329107052848,0
0.232484199914699,0
0.23263929277655,0
0.232794385638401,0
0.232949478500252,0
0.233104571362103,0
0.233259664223954,0
0.233414757085805,0
0.233569849947656,0
0.233724942809507,0
0.233880035671358,0
0.234035128533209,0
0.23419022139506,0
0.234345314256911,0
0.234500407118762,0
0.234655499980613,0
0.234810592842464,0
0.234965685704315,0
0.235120778566167,0
0.235275871428018,0
0.235430964289869,0
0.23558605715172,0
0.235741150013571,0
0.235896242875422,0
0.236051335737273,0
0.236206428599124,0
0.236361521460975,0
0.236516614322826,0
0.236671707184677,0
0.236826800046528,0
0.236981892908379,0
0.23713698577023,0
0.237292078632081,0
0.237447171493932,0
0.237602264355783,0
0.237757357217634,0
0.237912450079485,0
0.238067542941336,0
0.238222635803187,0
0.238377728665038,0
0.238532821526889,0
0.23868791438874,0
0.238843007250591,0
0.238998100112442,0
0.239153192974293,0
0.239308285836144,0
0.239463378697995,0
0.239618471559846,0
0.239773564421698,0
0.239928657283549,0
0.2400837501454,0
0.240238843007251,0
0.240393935869102,0
0.240549028730953,0
0.240704121592804,0
0.240859214454655,0
0.241014307316506,0
0.241169400178357,0
0.241324493040208,0
0.241479585902059,0
0.24163467876391,0
0.241789771625761,0
0.241944864487612,0
0.242099957349463,0
0.242255050211314,0
0.242410143073165,0
0.242565235935016,0
0.242720328796867,0
0.242875421658718,0
0.243030514520569,0
0.24318560738242,0
0.243340700244271,0
0.243495793106122,0
0.243650885967973,0
0.243805978829824,0
0.243961071691675,0
0.244116164553526,0
0.244271257415377,0
0.244426350277228,0
0.24458144313908,0
0.244736536000931,0
0.244891628862782,0
0.245046721724633,0
0.245201814586484,0
0.245356907448335,0
0.245512000310186,0
0.245667093172037,0
0.245822186033888,0
0.245977278895739,0
0.24613237175759,0
0.246287464619441,0
0.246442557481292,0
0.246597650343143,0
0.246752743204994,0
0.246907836066845,0
0.247062928928696,0
0.247218021790547,0
0.247373114652398,0
0.247528207514249,0
0.2476833003761,0
0.247838393237951,0
0.247993486099802,0
0.248148578961653,0
0.248303671823504,0
0.248458764685355,0
0.248613857547206,0
0.248768950409057,0
0.248924043270908,0
0.249079136132759,0
0.249234228994611,0
0.249389321856462,0
0.249544414718313,0
0.249699507580164,0
0.249854600442015,0
0.250009693303866,0
0.250164786165717,0
0.250319879027568,0
0.250474971889419,0
0.25063006475127,0
0.250785157613121,0
0.250940250474972,0
0.251095343336823,0
0.251250436198674,0
0.251405529060525,0
0.251560621922376,0
0.251715714784227,0
0.251870807646078,0
0.252025900507929,0
0.25218099336978,0
0.252336086231631,0
0.252491179093482,0
0.252646271955333,0
0.252801364817184,0
0.252956457679035,0
0.253111550540886,0
0.253266643402737,0
0.253421736264588,0
0.253576829126439,0
0.25373192198829,0
0.253887014850142,0
0.254042107711993,0
0.254197200573844,0
0.254352293435695,0
0.254507386297546,0
0.254662479159397,0
0.254817572021248,0
0.254972664883099,0
0.25512775774495,0
0.255282850606801,0
0.255437943468652,0
0.255593036330503,0
0.255748129192354,0
0.255903222054205,0
0.256058314916056,0
0.256213407777907,0
0.256368500639758,0
0.256523593501609,0
0.25667868636346,0
0.256833779225311,0
0.256988872087162,0
0.257143964949013,0
0.257299057810864,0
0.257454150672715,0
0.257609243534566,0
0.257764336396417,0
0.257919429258268,0
0.258074522120119,0
0.25822961498197,0
0.258384707843822,0
0.258539800705673,0
0.258694893567524,0
0.258849986429375,0
0.259005079291226,0
0.259160172153077,0
0.259315265014928,0
0.259470357876779,0
0.25962545073863,0
0.259780543600481,0
0.259935636462332,0
0.260090729324183,0
0.260245822186034,0
0.260400915047885,0
0.260556007909736,0
0.260711100771587,0
0.260866193633438,0
0.261021286495289,0
0.26117637935714,0
0.261331472218991,0
0.261486565080842,0
0.261641657942693,0
0.261796750804544,0
0.261951843666395,0
0.262106936528246,0
0.262262029390097,0
0.262417122251948,0
0.262572215113799,0
0.26272730797565,0
0.262882400837501,0
0.263037493699352,0
0.263192586561204,0
0.263347679423055,0
0.263502772284906,0
0.263657865146757,0
0.263812958008608,0
0.263968050870459,0
0.26412314373231,0
0.264278236594161,0
0.264433329456012,0
0.264588422317863,0
0.264743515179714,0
0.264898608041565,0
0.265053700903416,0
0.265208793765267,0
0.265363886627118,0
0.265518979488969,0
0.26567407235082,0
0.265829165212671,0
0.265984258074522,0
0.266139350936373,0
0.266294443798224,0
0.266449536660075,0
0.266604629521926,0
0.266759722383777,0
0.266914815245628,0
0.267069908107479,0
0.26722500096933,0
0.267380093831181,0
0.267535186693032,0
0.267690279554884,0
0.267845372416735,0
0.268000465278586,0
0.268155558140437,0
0.268310651002288,0
0.268465743864139,0
0.26862083672599,0
0.268775929587841,24.3204893067758
0.268931022449692,0
0.269086115311543,0
0.269241208173394,0
0.269396301035245,0
0.269551393897096,0
0.269706486758947,0
0.269861579620798,0
0.270016672482649,0
0.2701717653445,0
0.270326858206351,0
0.270481951068202,0
0.270637043930053,0
0.270792136791904,0
0.270947229653755,0
0.271102322515606,0
0.271257415377457,0
0.271412508239308,0
0.271567601101159,0
0.27172269396301,0
0.271877786824861,0
0.272032879686712,0
0.272187972548563,0
0.272343065410414,0
0.272498158272266,0
0.272653251134117,0
0.272808343995968,0
0.272963436857819,0
0.27311852971967,0
0.273273622581521,0
0.273428715443372,0
0.273583808305223,0
0.273738901167074,0
0.273893994028925,0
0.274049086890776,0
0.274204179752627,0
0.274359272614478,0
0.274514365476329,0
0.27466945833818,0
0.274824551200031,0
0.274979644061882,0
0.275134736923733,0
0.275289829785584,0
0.275444922647435,0
0.275600015509286,0
0.275755108371137,0
0.275910201232988,0
0.276065294094839,0
0.27622038695669,0
0.276375479818541,0
0.276530572680392,0
0.276685665542243,0
0.276840758404094,0
0.276995851265946,0
0.277150944127797,0
0.277306036989648,0
0.277461129851499,0
0.27761622271335,0
0.277771315575201,0
0.277926408437052,0
0.278081501298903,0
0.278236594160754,0
0.278391687022605,0
0.278546779884456,0
0.278701872746307,0
0.278856965608158,0
0.279012058470009,0
0.27916715133186,0
0.279322244193711,0
0.279477337055562,0
0.279632429917413,0
0.279787522779264,0
0.279942615641115,0
0.280097708502966,0
0.280252801364817,0
0.280407894226668,0
0.280562987088519,0
0.28071807995037,0
0.280873172812221,0
0.281028265674072,0
0.281183358535923,0
0.281338451397774,0
0.281493544259625,0
0.281648637121476,0
0.281803729983328,0
0.281958822845179,0
0.28211391570703,0
0.282269008568881,0
0.282424101430732,0
0.282579194292583,0
0.282734287154434,0
0.282889380016285,0
0.283044472878136,0
0.283199565739987,0
0.283354658601838,0
0.283509751463689,0
0.28366484432554,0
0.283819937187391,0
0.283975030049242,0
0.284130122911093,0
0.284285215772944,0
0.284440308634795,0
0.284595401496646,0
0.284750494358497,0
0.284905587220348,0
0.285060680082199,0
0.28521577294405,0
0.285370865805901,0
0.285525958667752,0
0.285681051529603,0
0.285836144391454,0
0.285991237253305,0
0.286146330115156,0
0.286301422977008,0
0.286456515838859,0
0.28661160870071,0
0.286766701562561,0
0.286921794424412,0
0.287076887286263,0
0.287231980148114,0
0.287387073009965,0
0.287542165871816,0
0.287697258733667,0
0.287852351595518,0
0.288007444457369,0
0.28816253731922,0
0.288317630181071,0
0.288472723042922,0
0.288627815904773,0
0.288782908766624,0
0.288938001628475,0
0.289093094490326,0
0.289248187352177,0
0.289403280214028,0
0.289558373075879,0
0.28971346593773,0
0.289868558799581,0
0.290023651661432,0
0.290178744523283,0
0.290333837385134,0
0.290488930246985,0
0.290644023108836,0
0.290799115970687,0
0.290954208832538,0
0.29110930169439,0
0.291264394556241,0
0.291419487418092,0
0.291574580279943,0
0.291729673141794,0
0.291884766003645,0
0.292039858865496,0
0.292194951727347,0
0.292350044589198,0
0.292505137451049,0
0.2926602303129,0
0.292815323174751,0
0.292970416036602,0
0.293125508898453,0
0.293280601760304,0
0.293435694622155,0
0.293590787484006,0
0.293745880345857,0
0.293900973207708,0
0.294056066069559,0
0.29421115893141,0
0.294366251793261,0
0.294521344655112,0
0.294676437516963,0
0.294831530378814,0
0.294986623240665,0
0.295141716102516,0
0.295296808964367,0
0.295451901826218,0
0.29560699468807,0
0.295762087549921,0
0.295917180411772,0
0.296072273273623,0
0.296227366135474,0
0.296382458997325,0
0.296537551859176,0
0.296692644721027,0
0.296847737582878,0
0.297002830444729,0
0.29715792330658,0
0.297313016168431,0
0.297468109030282,0
0.297623201892133,0
0.297778294753984,0
0.297933387615835,0
0.298088480477686,0
0.298243573339537,0
0.298398666201388,0
0.298553759063239,0
0.29870885192509,0
0.298863944786941,0
0.299019037648792,0
0.299174130510643,0
0.299329223372494,0
0.299484316234345,0
0.299639409096196,0
0.299794501958047,0
0.299949594819898,0
0.300104687681749,0
0.3002597805436,0
0.300414873405452,0
0.300569966267303,0
0.300725059129154,0
0.300880151991005,0
0.301035244852856,0
0.301190337714707,0
0.301345430576558,0
0.301500523438409,0
0.30165561630026,0
0.301810709162111,0
0.301965802023962,0
0.302120894885813,0
0.302275987747664,0
0.302431080609515,0
0.302586173471366,0
0.302741266333217,0
0.302896359195068,0
0.303051452056919,0
0.30320654491877,0
0.303361637780621,0
0.303516730642472,0
0.303671823504323,0
0.303826916366174,0
0.303982009228025,0
0.304137102089876,0
0.304292194951727,0
0.304447287813578,0
0.304602380675429,0
0.30475747353728,0
0.304912566399132,0
0.305067659260983,0
0.305222752122834,0
0.305377844984685,0
0.305532937846536,0
0.305688030708387,0
0.305843123570238,0
0.305998216432089,0
0.30615330929394,0
0.306308402155791,0
0.306463495017642,0
0.306618587879493,0
0.306773680741344,0
0.306928773603195,0
0.307083866465046,0
0.307238959326897,0
0.307394052188748,0
0.307549145050599,0
0.30770423791245,0
0.307859330774301,0
0.308014423636152,0
0.308169516498003,0
0.308324609359854,0
0.308479702221705,0
0.308634795083556,0
0.308789887945407,0
0.308944980807258,0
0.309100073669109,0
0.30925516653096,0
0.309410259392811,0
0.309565352254662,0
0.309720445116514,0
0.309875537978365,0
0.310030630840216,0
0.310185723702067,0
0.310340816563918,0
0.310495909425769,0
0.31065100228762,0
0.310806095149471,0
0.310961188011322,0
0.311116280873173,0
0.311271373735024,0
0.311426466596875,0
0.311581559458726,0
0.311736652320577,0
0.311891745182428,0
0.312046838044279,0
0.31220193090613,0
0.312357023767981,0
0.312512116629832,0
0.312667209491683,0
0.312822302353534,0
0.312977395215385,0
0.313132488077236,0
0.313287580939087,0
0.313442673800938,0
0.313597766662789,0
0.31375285952464,0
0.313907952386491,0
0.314063045248342,0
0.314218138110194,0
0.314373230972045,0
0.314528323833896,0
0.314683416695747,0
0.314838509557598,0
0.314993602419449,0
0.3151486952813,0
0.315303788143151,0
0.315458881005002,0
0.315613973866853,0
0.315769066728704,0
0.315924159590555,0
0.316079252452406,0
0.316234345314257,0
0.316389438176108,0
0.316544531037959,0
0.31669962389981,0
0.316854716761661,0
0.317009809623512,0
0.317164902485363,0
0.317319995347214,0
0.317475088209065,0
0.317630181070916,0
0.317785273932767,0
0.317940366794618,0
0.318095459656469,0
0.31825055251832,0
0.318405645380171,0
0.318560738242022,0
0.318715831103873,0
0.318870923965724,0
0.319026016827576,0
0.319181109689427,0
0.319336202551278,0
0.319491295413129,0
0.31964638827498,0
0.319801481136831,0
0.319956573998682,0
0.320111666860533,0
0.320266759722384,0
0.320421852584235,0
0.320576945446086,0
0.320732038307937,0
0.320887131169788,0
0.321042224031639,0
0.32119731689349,0
0.321352409755341,0
0.321507502617192,0
0.321662595479043,0
0.321817688340894,0
0.321972781202745,0
0.322127874064596,0
0.322282966926447,0
0.322438059788298,0
0.322593152650149,0
0.322748245512,0
0.322903338373851,0
0.323058431235702,0
0.323213524097553,0
0.323368616959404,0
0.323523709821256,0
0.323678802683107,0
0.323833895544958,0
0.323988988406809,0
0.32414408126866,0
0.324299174130511,0
0.324454266992362,0
0.324609359854213,0
0.324764452716064,0
0.324919545577915,0
0.325074638439766,0
0.325229731301617,0
0.325384824163468,0
0.325539917025319,0
0.32569500988717,0
0.325850102749021,0
0.326005195610872,0
0.326160288472723,0
0.326315381334574,0
0.326470474196425,0
0.326625567058276,0
0.326780659920127,0
0.326935752781978,0
0.327090845643829,0
0.32724593850568,0
0.327401031367531,0
0.327556124229382,0
0.327711217091233,0
0.327866309953084,0
0.328021402814935,0
0.328176495676786,0
0.328331588538638,0
0.328486681400489,0
0.32864177426234,0
0.328796867124191,0
0.328951959986042,0
0.329107052847893,0
0.329262145709744,0
0.329417238571595,0
0.329572331433446,0
0.329727424295297,0
0.329882517157148,0
0.330037610018999,0
0.33019270288085,0
0.330347795742701,0
0.330502888604552,0
0.330657981466403,0
0.330813074328254,0
0.330968167190105,0
0.331123260051956,0
0.331278352913807,0
0.331433445775658,0
0.331588538637509,0
0.33174363149936,0
0.331898724361211,0
0.332053817223062,0
0.332208910084913,0
0.332364002946764,0
0.332519095808615,0
0.332674188670466,0
0.332829281532318,0
0.332984374394169,0
0.33313946725602,0
0.333294560117871,0
0.333449652979722,0
0.333604745841573,0
0.333759838703424,0
0.333914931565275,0
0.334070024427126,0
0.334225117288977,0
0.334380210150828,0
0.334535303012679,0
0.33469039587453,0
0.334845488736381,0
0.335000581598232,0
0.335155674460083,0
0.335310767321934,0
0.335465860183785,0
0.335620953045636,0
0.335776045907487,0
0.335931138769338,0
0.336086231631189,0
0.33624132449304,0
0.336396417354891,0
0.336551510216742,0
0.336706603078593,0
0.336861695940444,0
0.337016788802295,0
0.337171881664146,0
0.337326974525997,0
0.337482067387848,0
0.3376371602497,0
0.337792253111551,0
0.337947345973402,0
0.338102438835253,0
0.338257531697104,0
0.338412624558955,0
0.338567717420806,0
0.338722810282657,0
0.338877903144508,0
0.339032996006359,0
0.33918808886821,0
0.339343181730061,0
0.339498274591912,0
0.339653367453763,0
0.339808460315614,0
0.339963553177465,0
0.340118646039316,0
0.340273738901167,0
0.340428831763018,0
0.340583924624869,0
0.34073901748672,0
0.340894110348571,0
0.341049203210422,0
0.341204296072273,0
0.341359388934124,0
0.341514481795975,0
0.341669574657826,0
0.341824667519677,0
0.341979760381528,0
0.342134853243379,0
0.342289946105231,0
0.342445038967082,0
0.342600131828933,0
0.342755224690784,0
0.342910317552635,0
0.343065410414486,0
0.343220503276337,0
0.343375596138188,0
0.343530689000039,0
0.34368578186189,0
0.343840874723741,0
0.343995967585592,0
0.344151060447443,0
0.344306153309294,0
0.344461246171145,0
0.344616339032996,0
0.344771431894847,0
0.344926524756698,0
0.345081617618549,0
0.3452367104804,0
0.345391803342251,0
0.345546896204102,0
0.345701989065953,0
0.345857081927804,0
0.346012174789655,0
0.346167267651506,0
0.346322360513357,0
0.346477453375208,0
0.346632546237059,0
0.34678763909891,0
0.346942731960762,0
0.347097824822613,0
0.347252917684464,0
0.347408010546315,0
0.347563103408166,0
0.347718196270017,0
0.347873289131868,0
0.348028381993719,0
0.34818347485557,0
0.348338567717421,0
0.348493660579272,0
0.348648753441123,0
0.348803846302974,0
0.348958939164825,0
0.349114032026676,0
0.349269124888527,0
0.349424217750378,0
0.349579310612229,0
0.34973440347408,0
0.349889496335931,0
0.350044589197782,0
0.350199682059633,0
0.350354774921484,0
0.350509867783335,0
0.350664960645186,0
0.350820053507037,0
0.350975146368888,0
0.351130239230739,0
0.35128533209259,0
0.351440424954441,0
0.351595517816293,0
0.351750610678144,0
0.351905703539995,0
0.352060796401846,0
0.352215889263697,0
0.352370982125548,0
0.352526074987399,0
0.35268116784925,0
0.352836260711101,0
0.352991353572952,0
0.353146446434803,0
0.353301539296654,0
0.353456632158505,0
0.353611725020356,0
0.353766817882207,0
0.353921910744058,0
0.354077003605909,0
0.35423209646776,0
0.354387189329611,0
0.354542282191462,0
0.354697375053313,0
0.354852467915164,0
0.355007560777015,0
0.355162653638866,0
0.355317746500717,0
0.355472839362568,0
0.355627932224419,0
0.35578302508627,0
0.355938117948121,0
0.356093210809972,0
0.356248303671824,0
0.356403396533675,0
0.356558489395526,0
0.356713582257377,0
0.356868675119228,0
0.357023767981079,0
0.35717886084293,0
0.357333953704781,0
0.357489046566632,0
0.357644139428483,0
0.357799232290334,0
0.357954325152185,0
0.358109418014036,0
0.358264510875887,0
0.358419603737738,0
0.358574696599589,0
0.35872978946144,0
0.358884882323291,0
0.359039975185142,0
0.359195068046993,0
0.359350160908844,0
0.359505253770695,0
0.359660346632546,0
0.359815439494397,0
0.359970532356248,0
0.360125625218099,0
0.36028071807995,0
0.360435810941801,0
0.360590903803652,0
0.360745996665503,0
0.360901089527355,0
0.361056182389206,0
0.361211275251057,0
0.361366368112908,0
0.361521460974759,0
0.36167655383661,0
0.361831646698461,0
0.361986739560312,0
0.362141832422163,0
0.362296925284014,0
0.362452018145865,0
0.362607111007716,0
0.362762203869567,0
0.362917296731418,0
0.363072389593269,0
0.36322748245512,0
0.363382575316971,0
0.363537668178822,0
0.363692761040673,0
0.363847853902524,0
0.364002946764375,0
0.364158039626226,0
0.364313132488077,0
0.364468225349928,0
0.364623318211779,0
0.36477841107363,0
0.364933503935481,0
0.365088596797332,0
0.365243689659183,0
0.365398782521034,0
0.365553875382886,0
0.365708968244737,0
0.365864061106588,0
0.366019153968439,0
0.36617424683029,0
0.366329339692141,0
0.366484432553992,0
0.366639525415843,0
0.366794618277694,0
0.366949711139545,0
0.367104804001396,0
0.367259896863247,0
0.367414989725098,0
0.367570082586949,0
0.3677251754488,0
0.367880268310651,0
0.368035361172502,0
0.368190454034353,0
0.368345546896204,0
0.368500639758055,0
0.368655732619906,0
0.368810825481757,0
0.368965918343608,0
0.369121011205459,0
0.36927610406731,0
0.369431196929161,0
0.369586289791012,0
0.369741382652863,0
0.369896475514714,0
0.370051568376565,0
0.370206661238417,0
0.370361754100268,0
0.370516846962119,0
0.37067193982397,0
0.370827032685821,0
0.370982125547672,0
0.371137218409523,0
0.371292311271374,0
0.371447404133225,0
0.371602496995076,0
0.371757589856927,0
0.371912682718778,0
0.372067775580629,0
0.37222286844248,0
0.372377961304331,0
0.372533054166182,0
0.372688147028033,0
0.372843239889884,0
0.372998332751735,0
0.373153425613586,0
0.373308518475437,0
0.373463611337288,0
0.373618704199139,0
0.37377379706099,0
0.373928889922841,0
0.374083982784692,0
0.374239075646543,0
0.374394168508394,0
0.374549261370245,0
0.374704354232096,0
0.374859447093948,0
0.375014539955799,0
0.37516963281765,0
0.375324725679501,0
0.375479818541352,0
0.375634911403203,0
0.375790004265054,0
0.375945097126905,0
0.376100189988756,0
0.376255282850607,0
0.376410375712458,0
0.376565468574309,0
0.37672056143616,0
0.376875654298011,0
0.377030747159862,0
0.377185840021713,0
0.377340932883564,0
0.377496025745415,0
0.377651118607266,0
0.377806211469117,0
0.377961304330968,0
0.378116397192819,0
0.37827149005467,0
0.378426582916521,0
0.378581675778372,0
0.378736768640223,0
0.378891861502074,0
0.379046954363925,0
0.379202047225776,0
0.379357140087627,0
0.379512232949479,0
0.37966732581133,0
0.379822418673181,0
0.379977511535032,0
0.380132604396883,0
0.380287697258734,0
0.380442790120585,0
0.380597882982436,0
0.380752975844287,0
0.380908068706138,0
0.381063161567989,0
0.38121825442984,0
0.381373347291691,0
0.381528440153542,0
0.381683533015393,0
0.381838625877244,0
0.381993718739095,0
0.382148811600946,0
0.382303904462797,0
0.382458997324648,0
0.382614090186499,0
0.38276918304835,0
0.382924275910201,0
0.383079368772052,0
0.383234461633903,0
0.383389554495754,0
0.383544647357605,0
0.383699740219456,0
0.383854833081307,0
0.384009925943158,0
0.384165018805009,0
0.384320111666861,0
0.384475204528712,0
0.384630297390563,0
0.384785390252414,0
0.384940483114265,0
0.385095575976116,0
0.385250668837967,0
0.385405761699818,0
0.385560854561669,0
0.38571594742352,0
0.385871040285371,0
0.386026133147222,0
0.386181226009073,0
0.386336318870924,0
0.386491411732775,0
0.386646504594626,0
0.386801597456477,0
0.386956690318328,0
0.387111783180179,0
0.38726687604203,0
0.387421968903881,0
0.387577061765732,0
0.387732154627583,0
0.387887247489434,0
0.388042340351285,0
0.388197433213136,0
0.388352526074987,0
0.388507618936838,0
0.388662711798689,0
0.388817804660541,0
0.388972897522392,0
0.389127990384243,0
0.389283083246094,0
0.389438176107945,0
0.389593268969796,0
0.389748361831647,0
0.389903454693498,0
0.390058547555349,0
0.3902136404172,0
0.390368733279051,0
0.390523826140902,0
0.390678919002753,0
0.390834011864604,0
0.390989104726455,0
0.391144197588306,0
0.391299290450157,0
0.391454383312008,0
0.391609476173859,0
0.39176456903571,0
0.391919661897561,0
0.392074754759412,0
0.392229847621263,0
0.392384940483114,0
0.392540033344965,0
0.392695126206816,0
0.392850219068667,0
0.393005311930518,0
0.393160404792369,0
0.39331549765422,0
0.393470590516071,0
0.393625683377923,0
0.393780776239774,0
0.393935869101625,0
0.394090961963476,0
0.394246054825327,0
0.394401147687178,0
0.394556240549029,0
0.39471133341088,0
0.394866426272731,0
0.395021519134582,0
0.395176611996433,0
0.395331704858284,0
0.395486797720135,0
0.395641890581986,0
0.395796983443837,0
0.395952076305688,0
0.396107169167539,0
0.39626226202939,0
0.396417354891241,0
0.396572447753092,0
0.396727540614943,0
0.396882633476794,0
0.397037726338645,0
0.397192819200496,0
0.397347912062347,0
0.397503004924198,0
0.397658097786049,0
0.3978131906479,0
0.397968283509751,0
0.398123376371602,0
0.398278469233454,0
0.398433562095305,0
0.398588654957156,0
0.398743747819007,0
0.398898840680858,0
0.399053933542709,0
0.39920902640456,0
0.399364119266411,0
0.399519212128262,0
0.399674304990113,0
0.399829397851964,0
0.399984490713815,0
0.400139583575666,0
0.400294676437517,0
0.400449769299368,0
0.400604862161219,0
0.40075995502307,0
0.400915047884921,0
0.401070140746772,0
0.401225233608623,0
0.401380326470474,0
0.401535419332325,0
0.401690512194176,0
0.401845605056027,0
0.402000697917878,0
0.402155790779729,0
0.40231088364158,0
0.402465976503431,0
0.402621069365282,0
0.402776162227133,0
0.402931255088985,0
0.403086347950836,0
0.403241440812687,0
0.403396533674538,0
0.403551626536389,0
0.40370671939824,0
0.403861812260091,0
0.404016905121942,0
0.404171997983793,0
0.404327090845644,0
0.404482183707495,0
0.404637276569346,0
0.404792369431197,0
0.404947462293048,0
0.405102555154899,0
0.40525764801675,0
0.405412740878601,0
0.405567833740452,0
0.405722926602303,0
0.405878019464154,0
0.406033112326005,0
0.406188205187856,0
0.406343298049707,0
0.406498390911558,0
0.406653483773409,0
0.40680857663526,0
0.406963669497111,0
0.407118762358962,0
0.407273855220813,0
0.407428948082664,0
0.407584040944516,0
0.407739133806367,0
0.407894226668218,0
0.408049319530069,0
0.40820441239192,0
0.408359505253771,0
0.408514598115622,0
0.408669690977473,0
0.408824783839324,0
0.408979876701175,0
0.409134969563026,0
0.409290062424877,0
0.409445155286728,0
0.409600248148579,0
0.40975534101043,0
0.409910433872281,0
0.410065526734132,0
0.410220619595983,0
0.410375712457834,0
0.410530805319685,0
0.410685898181536,0
0.410840991043387,0
0.410996083905238,0
0.411151176767089,0
0.41130626962894,0
0.411461362490791,0
0.411616455352642,0
0.411771548214493,0
0.411926641076344,0
0.412081733938195,0
0.412236826800047,0
0.412391919661898,0
0.412547012523749,0
0.4127021053856,0
0.412857198247451,24.2063591269318
0.413012291109302,0
0.413167383971153,0
0.413322476833004,0
0.413477569694855,0
0.413632662556706,0
0.413787755418557,0
0.413942848280408,0
0.414097941142259,0
0.41425303400411,0
0.414408126865961,0
0.414563219727812,0
0.414718312589663,0
0.414873405451514,0
0.415028498313365,0
0.415183591175216,0
0.415338684037067,0
0.415493776898918,0
0.415648869760769,0
0.41580396262262,0
0.415959055484471,0
0.416114148346322,0
0.416269241208173,0
0.416424334070024,0
0.416579426931875,0
0.416734519793726,0
0.416889612655578,0
0.417044705517429,0
0.41719979837928,0
0.417354891241131,0
0.417509984102982,0
0.417665076964833,0
0.417820169826684,0
0.417975262688535,0
0.418130355550386,0
0.418285448412237,0
0.418440541274088,0
0.418595634135939,0
0.41875072699779,0
0.418905819859641,0
0.419060912721492,0
0.419216005583343,0
0.419371098445194,0
0.419526191307045,0
0.419681284168896,0
0.419836377030747,0
0.419991469892598,0
0.420146562754449,0
0.4203016556163,0
0.420456748478151,0
0.420611841340002,0
0.420766934201853,0
0.420922027063704,0
0.421077119925555,0
0.421232212787406,0
0.421387305649257,0
0.421542398511109,0
0.42169749137296,0
0.421852584234811,0
0.422007677096662,0
0.422162769958513,0
0.422317862820364,0
0.422472955682215,0
0.422628048544066,0
0.422783141405917,0
0.422938234267768,0
0.423093327129619,0
0.42324841999147,0
0.423403512853321,0
0.423558605715172,0
0.423713698577023,0
0.423868791438874,0
0.424023884300725,0
0.424178977162576,0
0.424334070024427,0
0.424489162886278,0
0.424644255748129,0
0.42479934860998,0
0.424954441471831,0
0.425109534333682,0
0.425264627195533,0
0.425419720057384,0
0.425574812919235,0
0.425729905781086,0
0.425884998642937,0
0.426040091504788,0
0.42619518436664,0
0.426350277228491,0
0.426505370090342,0
0.426660462952193,0
0.426815555814044,0
0.426970648675895,0
0.427125741537746,0
0.427280834399597,0
0.427435927261448,0
0.427591020123299,0
0.42774611298515,0
0.427901205847001,0
0.428056298708852,0
0.428211391570703,0
0.428366484432554,0
0.428521577294405,0
0.428676670156256,0
0.428831763018107,0
0.428986855879958,0
0.429141948741809,0
0.42929704160366,0
0.429452134465511,0
0.429607227327362,0
0.429762320189213,0
0.429917413051064,0
0.430072505912915,0
0.430227598774766,0
0.430382691636617,0
0.430537784498468,0
0.430692877360319,0
0.430847970222171,0
0.431003063084022,0
0.431158155945873,0
0.431313248807724,0
0.431468341669575,0
0.431623434531426,0
0.431778527393277,0
0.431933620255128,0
0.432088713116979,0
0.43224380597883,0
0.432398898840681,0
0.432553991702532,0
0.432709084564383,0
0.432864177426234,0
0.433019270288085,0
0.433174363149936,0
0.433329456011787,0
0.433484548873638,0
0.433639641735489,0
0.43379473459734,0
0.433949827459191,0
0.434104920321042,0
0.434260013182893,0
0.434415106044744,0
0.434570198906595,0
0.434725291768446,0
0.434880384630297,0
0.435035477492148,0
0.435190570353999,0
0.43534566321585,0
0.435500756077702,0
0.435655848939553,0
0.435810941801404,0
0.435966034663255,0
0.436121127525106,0
0.436276220386957,0
0.436431313248808,0
0.436586406110659,0
0.43674149897251,0
0.436896591834361,0
0.437051684696212,0
0.437206777558063,0
0.437361870419914,0
0.437516963281765,0
0.437672056143616,0
0.437827149005467,0
0.437982241867318,0
0.438137334729169,0
0.43829242759102,0
0.438447520452871,0
0.438602613314722,0
0.438757706176573,0
0.438912799038424,0
0.439067891900275,0
0.439222984762126,0
0.439378077623977,0
0.439533170485828,0
0.439688263347679,0
0.43984335620953,0
0.439998449071381,0
0.440153541933233,0
0.440308634795084,0
0.440463727656935,0
0.440618820518786,0
0.440773913380637,0
0.440929006242488,0
0.441084099104339,0
0.44123919196619,0
0.441394284828041,0
0.441549377689892,0
0.441704470551743,0
0.441859563413594,0
0.442014656275445,0
0.442169749137296,0
0.442324841999147,0
0.442479934860998,0
0.442635027722849,0
0.4427901205847,0
0.442945213446551,0
0.443100306308402,0
0.443255399170253,0
0.443410492032104,0
0.443565584893955,0
0.443720677755806,0
0.443875770617657,0
0.444030863479508,0
0.444185956341359,0
0.44434104920321,0
0.444496142065061,0
0.444651234926912,0
0.444806327788764,0
0.444961420650615,0
0.445116513512466,0
0.445271606374317,0
0.445426699236168,0
0.445581792098019,0
0.44573688495987,0
0.445891977821721,0
0.446047070683572,0
0.446202163545423,0
0.446357256407274,0
0.446512349269125,0
0.446667442130976,0
0.446822534992827,0
0.446977627854678,0
0.447132720716529,0
0.44728781357838,0
0.447442906440231,0
0.447597999302082,0
0.447753092163933,0
0.447908185025784,0
0.448063277887635,0
0.448218370749486,0
0.448373463611337,0
0.448528556473188,0
0.448683649335039,0
0.44883874219689,0
0.448993835058741,0
0.449148927920592,0
0.449304020782443,0
0.449459113644295,0
0.449614206506146,0
0.449769299367997,0
0.449924392229848,0
0.450079485091699,0
0.45023457795355,0
0.450389670815401,0
0.450544763677252,0
0.450699856539103,0
0.450854949400954,0
0.451010042262805,0
0.451165135124656,0
0.451320227986507,0
0.451475320848358,0
0.451630413710209,0
0.45178550657206,0
0.451940599433911,0
0.452095692295762,0
0.452250785157613,0
0.452405878019464,0
0.452560970881315,0
0.452716063743166,0
0.452871156605017,0
0.453026249466868,0
0.453181342328719,0
0.45333643519057,0
0.453491528052421,0
0.453646620914272,0
0.453801713776123,0
0.453956806637974,0
0.454111899499825,0
0.454266992361677,0
0.454422085223528,0
0.454577178085379,0
0.45473227094723,0
0.454887363809081,0
0.455042456670932,0
0.455197549532783,0
0.455352642394634,0
0.455507735256485,0
0.455662828118336,0
0.455817920980187,0
0.455973013842038,0
0.456128106703889,0
0.45628319956574,0
0.456438292427591,0
0.456593385289442,0
0.456748478151293,0
0.456903571013144,0
0.457058663874995,0
0.457213756736846,0
0.457368849598697,0
0.457523942460548,0
0.457679035322399,0
0.45783412818425,0
0.457989221046101,0
0.458144313907952,0
0.458299406769803,0
0.458454499631654,0
0.458609592493505,0
0.458764685355357,0
0.458919778217208,0
0.459074871079059,0
0.45922996394091,0
0.459385056802761,0
0.459540149664612,0
0.459695242526463,0
0.459850335388314,0
0.460005428250165,0
0.460160521112016,0
0.460315613973867,0
0.460470706835718,0
0.460625799697569,0
0.46078089255942,0
0.460935985421271,0
0.461091078283122,0
0.461246171144973,0
0.461401264006824,0
0.461556356868675,0
0.461711449730526,0
0.461866542592377,0
0.462021635454228,0
0.462176728316079,0
0.46233182117793,0
0.462486914039781,0
0.462642006901632,0
0.462797099763483,0
0.462952192625334,0
0.463107285487185,0
0.463262378349036,0
0.463417471210887,0
0.463572564072739,0
0.46372765693459,0
0.463882749796441,0
0.464037842658292,0
0.464192935520143,0
0.464348028381994,0
0.464503121243845,0
0.464658214105696,0
0.464813306967547,0
0.464968399829398,0
0.465123492691249,0
0.4652785855531,0
0.465433678414951,0
0.465588771276802,0
0.465743864138653,0
0.465898957000504,0
0.466054049862355,0
0.466209142724206,0
0.466364235586057,0
0.466519328447908,0
0.466674421309759,0
0.46682951417161,0
0.466984607033461,0
0.467139699895312,0
0.467294792757163,0
0.467449885619014,0
0.467604978480865,0
0.467760071342716,0
0.467915164204567,0
0.468070257066419,0
0.46822534992827,0
0.468380442790121,0
0.468535535651972,0
0.468690628513823,0
0.468845721375674,0
0.469000814237525,0
0.469155907099376,0
0.469310999961227,0
0.469466092823078,0
0.469621185684929,0
0.46977627854678,0
0.469931371408631,0
0.470086464270482,0
0.470241557132333,0
0.470396649994184,0
0.470551742856035,0
0.470706835717886,0
0.470861928579737,0
0.471017021441588,0
0.471172114303439,0
0.47132720716529,0
0.471482300027141,0
0.471637392888992,0
0.471792485750843,0
0.471947578612694,0
0.472102671474545,0
0.472257764336396,0
0.472412857198247,0
0.472567950060098,0
0.472723042921949,0
0.472878135783801,0
0.473033228645652,0
0.473188321507503,0
0.473343414369354,0
0.473498507231205,0
0.473653600093056,0
0.473808692954907,0
0.473963785816758,0
0.474118878678609,0
0.47427397154046,0
0.474429064402311,0
0.474584157264162,0
0.474739250126013,0
0.474894342987864,0
0.475049435849715,0
0.475204528711566,0
0.475359621573417,0
0.475514714435268,0
0.475669807297119,0
0.47582490015897,0
0.475979993020821,0
0.476135085882672,0
0.476290178744523,0
0.476445271606374,0
0.476600364468225,0
0.476755457330076,0
0.476910550191927,0
0.477065643053778,0
0.477220735915629,0
0.477375828777481,0
0.477530921639332,0
0.477686014501183,0
0.477841107363034,0
0.477996200224885,0
0.478151293086736,0
0.478306385948587,0
0.478461478810438,0
0.478616571672289,0
0.47877166453414,0
0.478926757395991,0
0.479081850257842,0
0.479236943119693,0
0.479392035981544,0
0.479547128843395,0
0.479702221705246,0
0.479857314567097,0
0.480012407428948,0
0.480167500290799,0
0.48032259315265,0
0.480477686014501,0
0.480632778876352,0
0.480787871738203,0
0.480942964600054,0
0.481098057461905,0
0.481253150323756,0
0.481408243185607,0
0.481563336047458,0
0.481718428909309,0
0.48187352177116,0
0.482028614633011,0
0.482183707494863,0
0.482338800356714,0
0.482493893218565,0
0.482648986080416,0
0.482804078942267,0
0.482959171804118,0
0.483114264665969,0
0.48326935752782,0
0.483424450389671,0
0.483579543251522,0
0.483734636113373,0
0.483889728975224,0
0.484044821837075,0
0.484199914698926,0
0.484355007560777,0
0.484510100422628,0
0.484665193284479,0
0.48482028614633,0
0.484975379008181,0
0.485130471870032,0
0.485285564731883,0
0.485440657593734,0
0.485595750455585,0
0.485750843317436,0
0.485905936179287,0
0.486061029041138,0
0.486216121902989,0
0.48637121476484,0
0.486526307626691,0
0.486681400488543,0
0.486836493350394,0
0.486991586212245,0
0.487146679074096,0
0.487301771935947,0
0.487456864797798,0
0.487611957659649,0
0.4877670505215,0
0.487922143383351,0
0.488077236245202,0
0.488232329107053,0
0.488387421968904,0
0.488542514830755,0
0.488697607692606,0
0.488852700554457,0
0.489007793416308,0
0.489162886278159,0
0.48931797914001,0
0.489473072001861,0
0.489628164863712,0
0.489783257725563,0
0.489938350587414,0
0.490093443449265,0
0.490248536311116,0
0.490403629172967,0
0.490558722034818,0
0.490713814896669,0
0.49086890775852,0
0.491024000620371,0
0.491179093482222,0
0.491334186344073,0
0.491489279205925,0
0.491644372067776,0
0.491799464929627,0
0.491954557791478,0
0.492109650653329,0
0.49226474351518,0
0.492419836377031,0
0.492574929238882,0
0.492730022100733,0
0.492885114962584,0
0.493040207824435,0
0.493195300686286,0
0.493350393548137,0
0.493505486409988,0
0.493660579271839,0
0.49381567213369,0
0.493970764995541,0
0.494125857857392,0
0.494280950719243,0
0.494436043581094,0
0.494591136442945,0
0.494746229304796,0
0.494901322166647,0
0.495056415028498,0
0.495211507890349,0
0.4953666007522,0
0.495521693614051,0
0.495676786475902,0
0.495831879337753,0
0.495986972199605,0
0.496142065061456,0
0.496297157923307,0
0.496452250785158,0
0.496607343647009,0
0.49676243650886,0
0.496917529370711,0
0.497072622232562,0
0.497227715094413,0
0.497382807956264,0
0.497537900818115,0
0.497692993679966,0
0.497848086541817,0
0.498003179403668,0
0.498158272265519,0
0.49831336512737,0
0.498468457989221,0
0.498623550851072,0
0.498778643712923,0
0.498933736574774,0
0.499088829436625,0
0.499243922298476,0
0.499399015160327,0
0.499554108022178,0
0.499709200884029,0
0.49986429374588,0
0.500019386607731,0
0.500174479469582,0
0.500329572331433,0
0.500484665193284,0
0.500639758055135,0
0.500794850916987,0
0.500949943778838,0
0.501105036640689,0
0.50126012950254,0
0.501415222364391,0
0.501570315226242,0
0.501725408088093,0
0.501880500949944,0
0.502035593811795,0
0.502190686673646,0
0.502345779535497,0
0.502500872397348,0
0.502655965259199,0
0.50281105812105,0
0.502966150982901,0
0.503121243844752,0
0.503276336706603,0
0.503431429568454,0
0.503586522430305,0
0.503741615292156,0
0.503896708154007,0
0.504051801015858,0
0.504206893877709,0
0.50436198673956,0
0.504517079601411,0
0.504672172463262,0
0.504827265325113,0
0.504982358186964,0
0.505137451048815,0
0.505292543910666,0
0.505447636772518,0
0.505602729634369,0
0.50575782249622,0
0.505912915358071,0
0.506068008219922,0
0.506223101081773,0
0.506378193943624,0
0.506533286805475,0
0.506688379667326,0
0.506843472529177,0
0.506998565391028,0
0.507153658252879,0
0.50730875111473,0
0.507463843976581,0
0.507618936838432,0
0.507774029700283,0
0.507929122562134,0
0.508084215423985,0
0.508239308285836,0
0.508394401147687,0
0.508549494009538,0
0.508704586871389,0
0.50885967973324,0
0.509014772595091,0
0.509169865456942,0
0.509324958318793,0
0.509480051180644,0
0.509635144042495,0
0.509790236904346,0
0.509945329766198,0
0.510100422628049,0
0.5102555154899,0
0.510410608351751,0
0.510565701213602,0
0.510720794075453,0
0.510875886937304,0
0.511030979799155,0
0.511186072661006,0
0.511341165522857,0
0.511496258384708,0
0.511651351246559,0
0.51180644410841,0
0.511961536970261,0
0.512116629832112,0
0.512271722693963,0
0.512426815555814,0
0.512581908417665,0
0.512737001279516,0
0.512892094141367,0
0.513047187003218,0
0.513202279865069,0
0.51335737272692,0
0.513512465588771,0
0.513667558450622,0
0.513822651312473,0
0.513977744174324,0
0.514132837036175,0
0.514287929898026,0
0.514443022759878,0
0.514598115621729,0
0.51475320848358,0
0.514908301345431,0
0.515063394207282,0
0.515218487069133,0
0.515373579930984,0
0.515528672792835,0
0.515683765654686,0
0.515838858516537,0
0.515993951378388,0
0.516149044240239,0
0.51630413710209,0
0.516459229963941,0
0.516614322825792,0
0.516769415687643,0
0.516924508549494,0
0.517079601411345,0
0.517234694273196,0
0.517389787135047,0
0.517544879996898,0
0.517699972858749,0
0.5178550657206,0
0.518010158582451,0
0.518165251444302,0
0.518320344306153,0
0.518475437168004,0
0.518630530029855,0
0.518785622891706,0
0.518940715753557,0
0.519095808615408,0
0.519250901477259,0
0.51940599433911,0
0.519561087200962,0
0.519716180062813,0
0.519871272924664,0
0.520026365786515,0
0.520181458648366,0
0.520336551510217,0
0.520491644372068,0
0.520646737233919,0
0.52080183009577,0
0.520956922957621,0
0.521112015819472,0
0.521267108681323,0
0.521422201543174,0
0.521577294405025,0
0.521732387266876,0
0.521887480128727,0
0.522042572990578,0
0.522197665852429,0
0.52235275871428,0
0.522507851576131,0
0.522662944437982,0
0.522818037299833,0
0.522973130161684,0
0.523128223023535,0
0.523283315885386,0
0.523438408747237,0
0.523593501609088,0
0.523748594470939,0
0.52390368733279,0
0.524058780194642,0
0.524213873056493,0
0.524368965918344,0
0.524524058780195,0
0.524679151642046,0
0.524834244503897,0
0.524989337365748,0
0.525144430227599,0
0.52529952308945,0
0.525454615951301,0
0.525609708813152,0
0.525764801675003,0
0.525919894536854,0
0.526074987398705,0
0.526230080260556,0
0.526385173122407,0
0.526540265984258,0
0.526695358846109,0
0.52685045170796,0
0.527005544569811,0
0.527160637431662,0
0.527315730293513,0
0.527470823155364,0
0.527625916017215,0
0.527781008879066,0
0.527936101740917,0
0.528091194602768,0
0.528246287464619,0
0.52840138032647,0
0.528556473188322,0
0.528711566050173,0
0.528866658912024,0
0.529021751773875,0
0.529176844635726,0
0.529331937497577,0
0.529487030359428,0
0.529642123221279,0
0.52979721608313,0
0.529952308944981,0
0.530107401806832,0
0.530262494668683,0
0.530417587530534,0
0.530572680392385,0
0.530727773254236,0
0.530882866116087,0
0.531037958977938,0
0.531193051839789,0
0.53134814470164,0
0.531503237563491,0
0.531658330425342,0
0.531813423287193,0
0.531968516149044,0
0.532123609010895,0
0.532278701872746,0
0.532433794734597,0
0.532588887596448,0
0.532743980458299,0
0.53289907332015,0
0.533054166182002,0
0.533209259043853,0
0.533364351905704,0
0.533519444767555,0
0.533674537629406,0
0.533829630491257,0
0.533984723353108,0
0.534139816214959,0
0.53429490907681,0
0.534450001938661,0
0.534605094800512,0
0.534760187662363,0
0.534915280524214,0
0.535070373386065,0
0.535225466247916,0
0.535380559109767,0
0.535535651971618,0
0.535690744833469,0
0.53584583769532,0
0.536000930557171,0
0.536156023419022,0
0.536311116280873,0
0.536466209142724,0
0.536621302004575,0
0.536776394866426,0
0.536931487728277,0
0.537086580590128,0
0.537241673451979,0
0.53739676631383,0
0.537551859175681,0
0.537706952037532,0
0.537862044899383,0
0.538017137761234,0
0.538172230623086,0
0.538327323484937,0
0.538482416346788,0
0.538637509208639,0
0.53879260207049,0
0.538947694932341,0
0.539102787794192,0
0.539257880656043,0
0.539412973517894,0
0.539568066379745,0
0.539723159241596,0
0.539878252103447,0
0.540033344965298,0
0.540188437827149,0
0.540343530689,0
0.540498623550851,0
0.540653716412702,0
0.540808809274553,0
0.540963902136404,0
0.541118994998255,0
0.541274087860106,0
0.541429180721957,0
0.541584273583808,0
0.541739366445659,0
0.54189445930751,0
0.542049552169361,0
0.542204645031212,0
0.542359737893063,0
0.542514830754914,0
0.542669923616766,0
0.542825016478617,0
0.542980109340468,0
0.543135202202319,0
0.54329029506417,0
0.543445387926021,0
0.543600480787872,0
0.543755573649723,0
0.543910666511574,0
0.544065759373425,0
0.544220852235276,0
0.544375945097127,0
0.544531037958978,0
0.544686130820829,0
0.54484122368268,0
0.544996316544531,0
0.545151409406382,0
0.545306502268233,0
0.545461595130084,0
0.545616687991935,0
0.545771780853786,0
0.545926873715637,0
0.546081966577488,0
0.546237059439339,0
0.54639215230119,0
0.546547245163041,0
0.546702338024892,0
0.546857430886743,0
0.547012523748594,0
0.547167616610446,0
0.547322709472297,0
0.547477802334148,0
0.547632895195999,0
0.54778798805785,0
0.547943080919701,0
0.548098173781552,0
0.548253266643403,0
0.548408359505254,0
0.548563452367105,0
0.548718545228956,0
0.548873638090807,0
0.549028730952658,0
0.549183823814509,0
0.54933891667636,0
0.549494009538211,0
0.549649102400062,0
0.549804195261913,0
0.549959288123764,0
0.550114380985615,0
0.550269473847466,0
0.550424566709317,0
0.550579659571168,0
0.550734752433019,0
0.55088984529487,0
0.551044938156721,0
0.551200031018572,0
0.551355123880423,0
0.551510216742274,0
0.551665309604126,0
0.551820402465977,0
0.551975495327828,0
0.552130588189679,0
0.55228568105153,0
0.552440773913381,0
0.552595866775232,0
0.552750959637083,0
0.552906052498934,0
0.553061145360785,0
0.553216238222636,0
0.553371331084487,0
0.553526423946338,0
0.553681516808189,0
0.55383660967004,0
0.553991702531891,0
0.554146795393742,0
0.554301888255593,0
0.554456981117444,0
0.554612073979295,0
0.554767166841146,0
0.554922259702997,0
0.555077352564848,0
0.555232445426699,0
0.55538753828855,0
0.555542631150401,0
0.555697724012252,0
0.555852816874103,0
0.556007909735954,0
0.556163002597805,0
0.556318095459656,0
0.556473188321507,0
0.556628281183358,0
0.55678337404521,0
0.556938466907061,0
0.557093559768912,0
0.557248652630763,0
0.557403745492614,0
0.557558838354465,0
0.557713931216316,0
0.557869024078167,0
0.558024116940018,0
0.558179209801869,0
0.55833430266372,0
0.558489395525571,0
0.558644488387422,0
0.558799581249273,0
0.558954674111124,0
0.559109766972975,0
0.559264859834826,0
0.559419952696677,0
0.559575045558528,0
0.559730138420379,0
0.55988523128223,0
0.560040324144081,0
0.560195417005932,0
0.560350509867783,0
0.560505602729634,0
0.560660695591485,0
0.560815788453336,0
0.560970881315187,0
0.561125974177038,0
0.56128106703889,0
0.561436159900741,0
0.561591252762592,0
0.561746345624443,0
0.561901438486294,0
0.562056531348145,0
0.562211624209996,0
0.562366717071847,0
0.562521809933698,0
0.562676902795549,0
0.5628319956574,0
0.562987088519251,0
0.563142181381102,0
0.563297274242953,0
0.563452367104804,0
0.563607459966655,0
0.563762552828506,0
0.563917645690357,0
0.564072738552208,0
0.564227831414059,0
0.56438292427591,0
0.564538017137761,0
0.564693109999612,0
0.564848202861463,0
0.565003295723314,0
0.565158388585165,0
0.565313481447016,0
0.565468574308867,0
0.565623667170718,0
0.56577876003257,0
0.565933852894421,0
0.566088945756272,0
0.566244038618123,0
0.566399131479974,0
0.566554224341825,0
0.566709317203676,0
0.566864410065527,0
0.567019502927378,0
0.567174595789229,0
0.56732968865108,0
0.567484781512931,0
0.567639874374782,0
0.567794967236633,0
0.567950060098484,0
0.568105152960335,0
0.568260245822186,0
0.568415338684037,0
0.568570431545888,0
0.568725524407739,0
0.56888061726959,0
0.569035710131441,0
0.569190802993292,0
0.569345895855143,0
0.569500988716994,0
0.569656081578845,0
0.569811174440696,0
0.569966267302547,0
0.570121360164398,0
0.57027645302625,0
0.570431545888101,0
0.570586638749952,0
0.570741731611803,0
0.570896824473654,0
0.571051917335505,24.3080315419746
0.571207010197356,0
0.571362103059207,0
0.571517195921058,0
0.571672288782909,0
0.57182738164476,0
0.571982474506611,0
0.572137567368462,0
0.572292660230313,0
0.572447753092164,0
0.572602845954015,0
0.572757938815866,0
0.572913031677717,0
0.573068124539568,0
0.573223217401419,0
0.57337831026327,0
0.573533403125121,0
0.573688495986972,0
0.573843588848823,0
0.573998681710674,0
0.574153774572525,0
0.574308867434376,0
0.574463960296227,0
0.574619053158078,0
0.574774146019929,0
0.57492923888178,0
0.575084331743631,0
0.575239424605482,0
0.575394517467334,0
0.575549610329185,0
0.575704703191036,0
0.575859796052887,0
0.576014888914738,0
0.576169981776589,0
0.57632507463844,0
0.576480167500291,0
0.576635260362142,0
0.576790353223993,0
0.576945446085844,0
0.577100538947695,0
0.577255631809546,0
0.577410724671397,0
0.577565817533248,0
0.577720910395099,0
0.57787600325695,0
0.578031096118801,0
0.578186188980652,0
0.578341281842503,0
0.578496374704354,0
0.578651467566205,0
0.578806560428056,0
0.578961653289907,0
0.579116746151758,0
0.579271839013609,0
0.57942693187546,0
0.579582024737311,0
0.579737117599162,0
0.579892210461014,0
0.580047303322865,0
0.580202396184716,0
0.580357489046567,0
0.580512581908418,0
0.580667674770269,0
0.58082276763212,0
0.580977860493971,0
0.581132953355822,0
0.581288046217673,0
0.581443139079524,0
0.581598231941375,0
0.581753324803226,0
0.581908417665077,0
0.582063510526928,0
0.582218603388779,0
0.58237369625063,0
0.582528789112481,0
0.582683881974332,0
0.582838974836183,0
0.582994067698034,0
0.583149160559885,0
0.583304253421736,0
0.583459346283587,0
0.583614439145438,0
0.583769532007289,0
0.58392462486914,0
0.584079717730991,0
0.584234810592842,0
0.584389903454694,0
0.584544996316545,0
0.584700089178396,0
0.584855182040247,0
0.585010274902098,0
0.585165367763949,0
0.5853204606258,0
0.585475553487651,0
0.585630646349502,0
0.585785739211353,0
0.585940832073204,0
0.586095924935055,0
0.586251017796906,0
0.586406110658757,0
0.586561203520608,0
0.586716296382459,0
0.58687138924431,0
0.587026482106161,0
0.587181574968012,0
0.587336667829863,0
0.587491760691714,0
0.587646853553565,0
0.587801946415416,0
0.587957039277267,0
0.588112132139118,0
0.588267225000969,0
0.58842231786282,0
0.588577410724671,0
0.588732503586522,0
0.588887596448374,0
0.589042689310225,0
0.589197782172076,0
0.589352875033927,0
0.589507967895778,0
0.589663060757629,0
0.58981815361948,0
0.589973246481331,0
0.590128339343182,0
0.590283432205033,0
0.590438525066884,0
0.590593617928735,0
0.590748710790586,0
0.590903803652437,0
0.591058896514288,0
0.591213989376139,0
0.59136908223799,0
0.591524175099841,0
0.591679267961692,0
0.591834360823543,0
0.591989453685394,0
0.592144546547245,0
0.592299639409096,0
0.592454732270947,0
0.592609825132798,0
0.592764917994649,0
0.5929200108565,0
0.593075103718351,0
0.593230196580202,0
0.593385289442053,0
0.593540382303904,0
0.593695475165755,0
0.593850568027606,0
0.594005660889458,0
0.594160753751309,0
0.59431584661316,0
0.594470939475011,0
0.594626032336862,0
0.594781125198713,0
0.594936218060564,0
0.595091310922415,0
0.595246403784266,0
0.595401496646117,0
0.595556589507968,0
0.595711682369819,0
0.59586677523167,0
0.596021868093521,0
0.596176960955372,0
0.596332053817223,0
0.596487146679074,0
0.596642239540925,0
0.596797332402776,0
0.596952425264627,0
0.597107518126478,0
0.597262610988329,0
0.59741770385018,0
0.597572796712031,0
0.597727889573882,0
0.597882982435733,0
0.598038075297584,0
0.598193168159435,0
0.598348261021286,0
0.598503353883138,0
0.598658446744989,0
0.59881353960684,0
0.598968632468691,0
0.599123725330542,0
0.599278818192393,0
0.599433911054244,0
0.599589003916095,0
0.599744096777946,0
0.599899189639797,0
0.600054282501648,0
0.600209375363499,0
0.60036446822535,0
0.600519561087201,0
0.600674653949052,0
0.600829746810903,0
0.600984839672754,0
0.601139932534605,0
0.601295025396456,0
0.601450118258307,0
0.601605211120158,0
0.601760303982009,0
0.60191539684386,0
0.602070489705711,0
0.602225582567562,0
0.602380675429413,0
0.602535768291264,0
0.602690861153115,0
0.602845954014966,0
0.603001046876818,0
0.603156139738669,0
0.60331123260052,0
0.603466325462371,0
0.603621418324222,0
0.603776511186073,0
0.603931604047924,0
0.604086696909775,0
0.604241789771626,0
0.604396882633477,0
0.604551975495328,0
0.604707068357179,0
0.60486216121903,0
0.605017254080881,0
0.605172346942732,0
0.605327439804583,0
0.605482532666434,0
0.605637625528285,0
0.605792718390136,0
0.605947811251987,0
0.606102904113838,0
0.606257996975689,0
0.60641308983754,0
0.606568182699391,0
0.606723275561242,0
0.606878368423093,0
0.607033461284944,0
0.607188554146795,0
0.607343647008646,0
0.607498739870497,0
0.607653832732349,0
0.6078089255942,0
0.607964018456051,0
0.608119111317902,0
0.608274204179753,0
0.608429297041604,0
0.608584389903455,0
0.608739482765306,0
0.608894575627157,0
0.609049668489008,0
0.609204761350859,0
0.60935985421271,0
0.609514947074561,0
0.609670039936412,0
0.609825132798263,0
0.609980225660114,0
0.610135318521965,0
0.610290411383816,0
0.610445504245667,0
0.610600597107518,0
0.610755689969369,0
0.61091078283122,0
0.611065875693071,0
0.611220968554922,0
0.611376061416773,0
0.611531154278624,0
0.611686247140475,0
0.611841340002326,0
0.611996432864177,0
0.612151525726028,0
0.612306618587879,0
0.61246171144973,0
0.612616804311582,0
0.612771897173433,0
0.612926990035284,0
0.613082082897135,0
0.613237175758986,0
0.613392268620837,0
0.613547361482688,0
0.613702454344539,0
0.61385754720639,0
0.614012640068241,0
0.614167732930092,0
0.614322825791943,0
0.614477918653794,0
0.614633011515645,0
0.614788104377496,0
0.614943197239347,0
0.615098290101198,0
0.615253382963049,0
0.6154084758249,0
0.615563568686751,0
0.615718661548602,0
0.615873754410453,0
0.616028847272304,0
0.616183940134155,0
0.616339032996006,0
0.616494125857857,0
0.616649218719708,0
0.616804311581559,0
0.61695940444341,0
0.617114497305262,0
0.617269590167113,0
0.617424683028964,0
0.617579775890815,0
0.617734868752666,0
0.617889961614517,0
0.618045054476368,0
0.618200147338219,0
0.61835524020007,0
0.618510333061921,0
0.618665425923772,0
0.618820518785623,0
0.618975611647474,0
0.619130704509325,0
0.619285797371176,0
0.619440890233027,0
0.619595983094878,0
0.619751075956729,0
0.61990616881858,0
0.620061261680431,0
0.620216354542282,0
0.620371447404133,0
0.620526540265984,0
0.620681633127835,0
0.620836725989686,0
0.620991818851537,0
0.621146911713388,0
0.621302004575239,0
0.62145709743709,0
0.621612190298941,0
0.621767283160793,0
0.621922376022644,0
0.622077468884495,0
0.622232561746346,0
0.622387654608197,0
0.622542747470048,0
0.622697840331899,0
0.62285293319375,0
0.623008026055601,0
0.623163118917452,0
0.623318211779303,0
0.623473304641154,0
0.623628397503005,0
0.623783490364856,0
0.623938583226707,0
0.624093676088558,0
0.624248768950409,0
0.62440386181226,0
0.624558954674111,0
0.624714047535962,0
0.624869140397813,0
0.625024233259664,0
0.625179326121515,0
0.625334418983366,0
0.625489511845217,0
0.625644604707068,0
0.625799697568919,0
0.62595479043077,0
0.626109883292621,0
0.626264976154473,0
0.626420069016324,0
0.626575161878175,0
0.626730254740026,0
0.626885347601877,0
0.627040440463728,0
0.627195533325579,0
0.62735062618743,0
0.627505719049281,0
0.627660811911132,0
0.627815904772983,0
0.627970997634834,0
0.628126090496685,0
0.628281183358536,0
0.628436276220387,0
0.628591369082238,0
0.628746461944089,0
0.62890155480594,0
0.629056647667791,0
0.629211740529642,0
0.629366833391493,0
0.629521926253344,0
0.629677019115195,0
0.629832111977046,0
0.629987204838897,0
0.630142297700748,0
0.630297390562599,0
0.63045248342445,0
0.630607576286301,0
0.630762669148152,0
0.630917762010003,0
0.631072854871854,0
0.631227947733706,0
0.631383040595557,0
0.631538133457408,0
0.631693226319259,0
0.63184831918111,0
0.632003412042961,0
0.632158504904812,0
0.632313597766663,0
0.632468690628514,0
0.632623783490365,0
0.632778876352216,0
0.632933969214067,0
0.633089062075918,0
0.633244154937769,0
0.63339924779962,0
0.633554340661471,0
0.633709433523322,0
0.633864526385173,0
0.634019619247024,0
0.634174712108875,0
0.634329804970726,0
0.634484897832577,0
0.634639990694428,0
0.634795083556279,0
0.63495017641813,0
0.635105269279981,0
0.635260362141832,0
0.635415455003683,0
0.635570547865534,0
0.635725640727386,0
0.635880733589237,0
0.636035826451088,0
0.636190919312939,0
0.63634601217479,0
0.636501105036641,0
0.636656197898492,0
0.636811290760343,0
0.636966383622194,0
0.637121476484045,0
0.637276569345896,0
0.637431662207747,0
0.637586755069598,0
0.637741847931449,0
0.6378969407933,0
0.638052033655151,0
0.638207126517002,0
0.638362219378853,0
0.638517312240704,0
0.638672405102555,0
0.638827497964406,0
0.638982590826257,0
0.639137683688108,0
0.639292776549959,0
0.63944786941181,0
0.639602962273661,0
0.639758055135512,0
0.639913147997363,0
0.640068240859214,0
0.640223333721065,0
0.640378426582917,0
0.640533519444768,0
0.640688612306619,0
0.64084370516847,0
0.640998798030321,0
0.641153890892172,0
0.641308983754023,0
0.641464076615874,0
0.641619169477725,0
0.641774262339576,0
0.641929355201427,0
0.642084448063278,0
0.642239540925129,0
0.64239463378698,0
0.642549726648831,0
0.642704819510682,0
0.642859912372533,0
0.643015005234384,0
0.643170098096235,0
0.643325190958086,0
0.643480283819937,0
0.643635376681788,0
0.643790469543639,0
0.64394556240549,0
0.644100655267341,0
0.644255748129192,0
0.644410840991043,0
0.644565933852894,0
0.644721026714745,0
0.644876119576597,0
0.645031212438448,0
0.645186305300299,0
0.64534139816215,0
0.645496491024001,0
0.645651583885852,0
0.645806676747703,0
0.645961769609554,0
0.646116862471405,0
0.646271955333256,0
0.646427048195107,0
0.646582141056958,0
0.646737233918809,0
0.64689232678066,0
0.647047419642511,0
0.647202512504362,0
0.647357605366213,0
0.647512698228064,0
0.647667791089915,0
0.647822883951766,0
0.647977976813617,0
0.648133069675468,0
0.648288162537319,0
0.64844325539917,0
0.648598348261021,0
0.648753441122872,0
0.648908533984723,0
0.649063626846574,0
0.649218719708425,0
0.649373812570276,0
0.649528905432127,0
0.649683998293978,0
0.64983909115583,0
0.649994184017681,0
0.650149276879532,0
0.650304369741383,0
0.650459462603234,0
0.650614555465085,0
0.650769648326936,0
0.650924741188787,0
0.651079834050638,0
0.651234926912489,0
0.65139001977434,0
0.651545112636191,0
0.651700205498042,0
0.651855298359893,0
0.652010391221744,0
0.652165484083595,0
0.652320576945446,0
0.652475669807297,0
0.652630762669148,0
0.652785855530999,0
0.65294094839285,0
0.653096041254701,0
0.653251134116552,0
0.653406226978403,0
0.653561319840254,0
0.653716412702105,0
0.653871505563956,0
0.654026598425807,0
0.654181691287658,0
0.654336784149509,0
0.654491877011361,0
0.654646969873212,0
0.654802062735063,0
0.654957155596914,0
0.655112248458765,0
0.655267341320616,0
0.655422434182467,0
0.655577527044318,0
0.655732619906169,0
0.65588771276802,0
0.656042805629871,0
0.656197898491722,0
0.656352991353573,0
0.656508084215424,0
0.656663177077275,0
0.656818269939126,0
0.656973362800977,0
0.657128455662828,0
0.657283548524679,0
0.65743864138653,0
0.657593734248381,0
0.657748827110232,0
0.657903919972083,0
0.658059012833934,0
0.658214105695785,0
0.658369198557636,0
0.658524291419487,0
0.658679384281338,0
0.658834477143189,0
0.658989570005041,0
0.659144662866892,0
0.659299755728743,0
0.659454848590594,0
0.659609941452445,0
0.659765034314296,0
0.659920127176147,0
0.660075220037998,0
0.660230312899849,0
0.6603854057617,0
0.660540498623551,0
0.660695591485402,0
0.660850684347253,0
0.661005777209104,0
0.661160870070955,0
0.661315962932806,0
0.661471055794657,0
0.661626148656508,0
0.661781241518359,0
0.66193633438021,0
0.662091427242061,0
0.662246520103912,0
0.662401612965763,0
0.662556705827614,0
0.662711798689465,0
0.662866891551316,0
0.663021984413167,0
0.663177077275018,0
0.663332170136869,0
0.663487262998721,0
0.663642355860572,0
0.663797448722423,0
0.663952541584274,0
0.664107634446125,0
0.664262727307976,0
0.664417820169827,0
0.664572913031678,0
0.664728005893529,0
0.66488309875538,0
0.665038191617231,0
0.665193284479082,0
0.665348377340933,0
0.665503470202784,0
0.665658563064635,0
0.665813655926486,0
0.665968748788337,0
0.666123841650188,0
0.666278934512039,0
0.66643402737389,0
0.666589120235741,0
0.666744213097592,0
0.666899305959443,0
0.667054398821294,0
0.667209491683145,0
0.667364584544996,0
0.667519677406847,0
0.667674770268698,0
0.667829863130549,0
0.6679849559924,0
0.668140048854251,0
0.668295141716102,0
0.668450234577953,0
0.668605327439805,0
0.668760420301656,0
0.668915513163507,0
0.669070606025358,0
0.669225698887209,0
0.66938079174906,0
0.669535884610911,0
0.669690977472762,0
0.669846070334613,0
0.670001163196464,0
0.670156256058315,0
0.670311348920166,0
0.670466441782017,0
0.670621534643868,0
0.670776627505719,0
0.67093172036757,24.5498644636051
0.671086813229421,0
0.671241906091272,0
0.671396998953123,0
0.671552091814974,0
0.671707184676825,0
0.671862277538676,0
0.672017370400527,0
0.672172463262378,0
0.672327556124229,0
0.67248264898608,0
0.672637741847931,0
0.672792834709782,0
0.672947927571633,0
0.673103020433485,0
0.673258113295336,0
0.673413206157187,0
0.673568299019038,0
0.673723391880889,0
0.67387848474274,0
0.674033577604591,0
0.674188670466442,0
0.674343763328293,0
0.674498856190144,0
0.674653949051995,0
0.674809041913846,0
0.674964134775697,0
0.675119227637548,0
0.675274320499399,0
0.67542941336125,0
0.675584506223101,0
0.675739599084952,0
0.675894691946803,0
0.676049784808654,0
0.676204877670505,0
0.676359970532356,0
0.676515063394207,0
0.676670156256058,0
0.676825249117909,0
0.67698034197976,0
0.677135434841611,0
0.677290527703462,0
0.677445620565313,0
0.677600713427165,0
0.677755806289016,0
0.677910899150867,0
0.678065992012718,0
0.678221084874569,0
0.67837617773642,0
0.678531270598271,0
0.678686363460122,0
0.678841456321973,0
0.678996549183824,0
0.679151642045675,0
0.679306734907526,0
0.679461827769377,0
0.679616920631228,0
0.679772013493079,0
0.67992710635493,0
0.680082199216781,0
0.680237292078632,0
0.680392384940483,0
0.680547477802334,0
0.680702570664185,0
0.680857663526036,0
0.681012756387887,0
0.681167849249738,0
0.681322942111589,0
0.68147803497344,0
0.681633127835291,0
0.681788220697142,0
0.681943313558993,0
0.682098406420845,0
0.682253499282696,0
0.682408592144547,0
0.682563685006398,0
0.682718777868249,0
0.6828738707301,0
0.683028963591951,0
0.683184056453802,0
0.683339149315653,0
0.683494242177504,0
0.683649335039355,0
0.683804427901206,0
0.683959520763057,0
0.684114613624908,0
0.684269706486759,0
0.68442479934861,0
0.684579892210461,0
0.684734985072312,0
0.684890077934163,0
0.685045170796014,0
0.685200263657865,0
0.685355356519716,0
0.685510449381567,0
0.685665542243418,0
0.685820635105269,0
0.68597572796712,0
0.686130820828971,0
0.686285913690822,0
0.686441006552673,0
0.686596099414524,0
0.686751192276375,0
0.686906285138226,0
0.687061378000077,0
0.687216470861929,0
0.68737156372378,0
0.687526656585631,0
0.687681749447482,0
0.687836842309333,0
0.687991935171184,0
0.688147028033035,0
0.688302120894886,0
0.688457213756737,0
0.688612306618588,0
0.688767399480439,0
0.68892249234229,0
0.689077585204141,0
0.689232678065992,0
0.689387770927843,0
0.689542863789694,0
0.689697956651545,0
0.689853049513396,0
0.690008142375247,0
0.690163235237098,0
0.690318328098949,0
0.6904734209608,0
0.690628513822651,0
0.690783606684502,0
0.690938699546353,0
0.691093792408204,0
0.691248885270055,0
0.691403978131906,0
0.691559070993757,0
0.691714163855609,0
0.69186925671746,0
0.692024349579311,0
0.692179442441162,0
0.692334535303013,0
0.692489628164864,0
0.692644721026715,0
0.692799813888566,0
0.692954906750417,0
0.693109999612268,0
0.693265092474119,0
0.69342018533597,0
0.693575278197821,0
0.693730371059672,0
0.693885463921523,0
0.694040556783374,0
0.694195649645225,0
0.694350742507076,0
0.694505835368927,0
0.694660928230778,0
0.694816021092629,0
0.69497111395448,0
0.695126206816331,0
0.695281299678182,0
0.695436392540033,0
0.695591485401884,0
0.695746578263735,0
0.695901671125586,0
0.696056763987437,0
0.696211856849289,0
0.69636694971114,0
0.696522042572991,0
0.696677135434842,0
0.696832228296693,0
0.696987321158544,0
0.697142414020395,0
0.697297506882246,0
0.697452599744097,0
0.697607692605948,0
0.697762785467799,0
0.69791787832965,0
0.698072971191501,0
0.698228064053352,0
0.698383156915203,0
0.698538249777054,0
0.698693342638905,0
0.698848435500756,0
0.699003528362607,0
0.699158621224458,0
0.699313714086309,0
0.69946880694816,0
0.699623899810011,0
0.699778992671862,0
0.699934085533713,0
0.700089178395564,0
0.700244271257415,0
0.700399364119266,0
0.700554456981117,0
0.700709549842969,0
0.70086464270482,0
0.701019735566671,0
0.701174828428522,0
0.701329921290373,0
0.701485014152224,0
0.701640107014075,0
0.701795199875926,0
0.701950292737777,0
0.702105385599628,0
0.702260478461479,0
0.70241557132333,0
0.702570664185181,0
0.702725757047032,0
0.702880849908883,0
0.703035942770734,0
0.703191035632585,0
0.703346128494436,0
0.703501221356287,0
0.703656314218138,0
0.703811407079989,0
0.70396649994184,0
0.704121592803691,0
0.704276685665542,0
0.704431778527393,0
0.704586871389244,0
0.704741964251095,0
0.704897057112946,0
0.705052149974797,0
0.705207242836648,0
0.705362335698499,0
0.70551742856035,0
0.705672521422201,0
0.705827614284053,0
0.705982707145904,0
0.706137800007755,0
0.706292892869606,0
0.706447985731457,0
0.706603078593308,0
0.706758171455159,0
0.70691326431701,0
0.707068357178861,0
0.707223450040712,0
0.707378542902563,0
0.707533635764414,0
0.707688728626265,0
0.707843821488116,0
0.707998914349967,0
0.708154007211818,0
0.708309100073669,0
0.70846419293552,0
0.708619285797371,0
0.708774378659222,0
0.708929471521073,0
0.709084564382924,0
0.709239657244775,0
0.709394750106626,0
0.709549842968477,0
0.709704935830328,0
0.709860028692179,0
0.71001512155403,0
0.710170214415881,0
0.710325307277733,0
0.710480400139584,0
0.710635493001435,0
0.710790585863286,0
0.710945678725137,0
0.711100771586988,0
0.711255864448839,0
0.71141095731069,0
0.711566050172541,0
0.711721143034392,0
0.711876235896243,0
0.712031328758094,0
0.712186421619945,0
0.712341514481796,0
0.712496607343647,0
0.712651700205498,0
0.712806793067349,0
0.7129618859292,0
0.713116978791051,0
0.713272071652902,0
0.713427164514753,0
0.713582257376604,0
0.713737350238455,0
0.713892443100306,0
0.714047535962157,0
0.714202628824008,0
0.714357721685859,0
0.71451281454771,0
0.714667907409561,0
0.714823000271413,0
0.714978093133264,0
0.715133185995115,0
0.715288278856966,0
0.715443371718817,0
0.715598464580668,0
0.715753557442519,0
0.71590865030437,0
0.716063743166221,0
0.716218836028072,0
0.716373928889923,0
0.716529021751774,0
0.716684114613625,0
0.716839207475476,0
0.716994300337327,0
0.717149393199178,0
0.717304486061029,0
0.71745957892288,0
0.717614671784731,0
0.717769764646582,0
0.717924857508433,0
0.718079950370284,0
0.718235043232135,0
0.718390136093986,0
0.718545228955837,0
0.718700321817688,0
0.718855414679539,0
0.71901050754139,0
0.719165600403241,0
0.719320693265093,0
0.719475786126944,0
0.719630878988795,0
0.719785971850646,0
0.719941064712497,0
0.720096157574348,0
0.720251250436199,0
0.72040634329805,0
0.720561436159901,0
0.720716529021752,0
0.720871621883603,0
0.721026714745454,0
0.721181807607305,0
0.721336900469156,0
0.721491993331007,0
0.721647086192858,0
0.721802179054709,0
0.72195727191656,0
0.722112364778411,0
0.722267457640262,0
0.722422550502113,0
0.722577643363964,0
0.722732736225815,0
0.722887829087666,0
0.723042921949517,0
0.723198014811368,0
0.723353107673219,0
0.72350820053507,0
0.723663293396921,0
0.723818386258772,0
0.723973479120623,0
0.724128571982474,0
0.724283664844325,0
0.724438757706177,0
0.724593850568028,0
0.724748943429879,0
0.72490403629173,0
0.725059129153581,0
0.725214222015432,0
0.725369314877283,0
0.725524407739134,0
0.725679500600985,0
0.725834593462836,0
0.725989686324687,0
0.726144779186538,0
0.726299872048389,0
0.72645496491024,0
0.726610057772091,0
0.726765150633942,0
0.726920243495793,0
0.727075336357644,0
0.727230429219495,0
0.727385522081346,0
0.727540614943197,0
0.727695707805048,0
0.727850800666899,0
0.72800589352875,0
0.728160986390601,0
0.728316079252452,0
0.728471172114303,0
0.728626264976154,0
0.728781357838005,0
0.728936450699857,0
0.729091543561708,0
0.729246636423559,0
0.72940172928541,0
0.729556822147261,0
0.729711915009112,0
0.729867007870963,0
0.730022100732814,0
0.730177193594665,0
0.730332286456516,0
0.730487379318367,0
0.730642472180218,0
0.730797565042069,0
0.73095265790392,0
0.731107750765771,0
0.731262843627622,0
0.731417936489473,0
0.731573029351324,0
0.731728122213175,0
0.731883215075026,0
0.732038307936877,0
0.732193400798728,0
0.732348493660579,0
0.73250358652243,0
0.732658679384281,0
0.732813772246132,0
0.732968865107983,0
0.733123957969834,0
0.733279050831685,0
0.733434143693537,0
0.733589236555388,0
0.733744329417239,0
0.73389942227909,0
0.734054515140941,0
0.734209608002792,0
0.734364700864643,0
0.734519793726494,0
0.734674886588345,0
0.734829979450196,0
0.734985072312047,0
0.735140165173898,0
0.735295258035749,0
0.7354503508976,0
0.735605443759451,0
0.735760536621302,0
0.735915629483153,0
0.736070722345004,0
0.736225815206855,0
0.736380908068706,0
0.736536000930557,0
0.736691093792408,0
0.736846186654259,0
0.73700127951611,0
0.737156372377961,0
0.737311465239812,0
0.737466558101663,0
0.737621650963514,0
0.737776743825365,0
0.737931836687217,0
0.738086929549068,0
0.738242022410919,0
0.73839711527277,0
0.738552208134621,0
0.738707300996472,0
0.738862393858323,0
0.739017486720174,0
0.739172579582025,0
0.739327672443876,0
0.739482765305727,0
0.739637858167578,0
0.739792951029429,0
0.73994804389128,0
0.740103136753131,0
0.740258229614982,0
0.740413322476833,0
0.740568415338684,0
0.740723508200535,0
0.740878601062386,0
0.741033693924237,0
0.741188786786088,0
0.741343879647939,0
0.74149897250979,0
0.741654065371641,0
0.741809158233492,0
0.741964251095343,0
0.742119343957194,0
0.742274436819045,0
0.742429529680896,0
0.742584622542747,0
0.742739715404598,0
0.742894808266449,0
0.743049901128301,0
0.743204993990152,0
0.743360086852003,0
0.743515179713854,0
0.743670272575705,0
0.743825365437556,0
0.743980458299407,0
0.744135551161258,0
0.744290644023109,0
0.74444573688496,0
0.744600829746811,0
0.744755922608662,0
0.744911015470513,0
0.745066108332364,0
0.745221201194215,0
0.745376294056066,0
0.745531386917917,0
0.745686479779768,0
0.745841572641619,0
0.74599666550347,0
0.746151758365321,0
0.746306851227172,0
0.746461944089023,0
0.746617036950874,0
0.746772129812725,0
0.746927222674576,0
0.747082315536427,0
0.747237408398278,0
0.747392501260129,0
0.747547594121981,0
0.747702686983832,0
0.747857779845683,0
0.748012872707534,0
0.748167965569385,0
0.748323058431236,0
0.748478151293087,0
0.748633244154938,0
0.748788337016789,0
0.74894342987864,0
0.749098522740491,0
0.749253615602342,0
0.749408708464193,0
0.749563801326044,0
0.749718894187895,0
0.749873987049746,0
0.750029079911597,0
0.750184172773448,0
0.750339265635299,0
0.75049435849715,0
0.750649451359001,0
0.750804544220852,0
0.750959637082703,0
0.751114729944554,24.6305626607571
0.751269822806405,0
0.751424915668256,0
0.751580008530107,0
0.751735101391958,0
0.751890194253809,0
0.752045287115661,0
0.752200379977512,0
0.752355472839363,0
0.752510565701214,0
0.752665658563065,0
0.752820751424916,0
0.752975844286767,0
0.753130937148618,0
0.753286030010469,0
0.75344112287232,0
0.753596215734171,0
0.753751308596022,0
0.753906401457873,0
0.754061494319724,0
0.754216587181575,0
0.754371680043426,0
0.754526772905277,0
0.754681865767128,0
0.754836958628979,0
0.75499205149083,0
0.755147144352681,0
0.755302237214532,0
0.755457330076383,0
0.755612422938234,0
0.755767515800085,0
0.755922608661936,0
0.756077701523787,0
0.756232794385638,0
0.756387887247489,0
0.756542980109341,0
0.756698072971192,0
0.756853165833043,0
0.757008258694894,0
0.757163351556745,0
0.757318444418596,0
0.757473537280447,0
0.757628630142298,0
0.757783723004149,0
0.757938815866,0
0.758093908727851,0
0.758249001589702,0
0.758404094451553,0
0.758559187313404,0
0.758714280175255,0
0.758869373037106,0
0.759024465898957,0
0.759179558760808,0
0.759334651622659,0
0.75948974448451,0
0.759644837346361,0
0.759799930208212,0
0.759955023070063,0
0.760110115931914,0
0.760265208793765,0
0.760420301655616,0
0.760575394517467,0
0.760730487379318,0
0.760885580241169,0
0.76104067310302,0
0.761195765964871,0
0.761350858826722,0
0.761505951688573,0
0.761661044550425,0
0.761816137412276,0
0.761971230274127,0
0.762126323135978,0
0.762281415997829,0
0.76243650885968,0
0.762591601721531,0
0.762746694583382,0
0.762901787445233,0
0.763056880307084,0
0.763211973168935,0
0.763367066030786,0
0.763522158892637,0
0.763677251754488,0
0.763832344616339,0
0.76398743747819,0
0.764142530340041,0
0.764297623201892,0
0.764452716063743,0
0.764607808925594,0
0.764762901787445,0
0.764917994649296,0
0.765073087511147,0
0.765228180372998,0
0.765383273234849,0
0.7655383660967,0
0.765693458958551,0
0.765848551820402,0
0.766003644682253,0
0.766158737544105,0
0.766313830405956,0
0.766468923267807,0
0.766624016129658,0
0.766779108991509,0
0.76693420185336,0
0.767089294715211,0
0.767244387577062,0
0.767399480438913,0
0.767554573300764,0
0.767709666162615,0
0.767864759024466,0
0.768019851886317,0
0.768174944748168,0
0.768330037610019,0
0.76848513047187,0
0.768640223333721,0
0.768795316195572,0
0.768950409057423,0
0.769105501919274,0
0.769260594781125,0
0.769415687642976,0
0.769570780504827,0
0.769725873366678,0
0.769880966228529,0
0.77003605909038,0
0.770191151952231,0
0.770346244814082,0
0.770501337675933,0
0.770656430537785,0
0.770811523399636,0
0.770966616261487,0
0.771121709123338,0
0.771276801985189,0
0.77143189484704,0
0.771586987708891,0
0.771742080570742,0
0.771897173432593,0
0.772052266294444,0
0.772207359156295,0
0.772362452018146,0
0.772517544879997,0
0.772672637741848,0
0.772827730603699,0
0.77298282346555,0
0.773137916327401,0
0.773293009189252,0
0.773448102051103,0
0.773603194912954,0
0.773758287774805,0
0.773913380636656,0
0.774068473498507,0
0.774223566360358,0
0.774378659222209,0
0.77453375208406,0
0.774688844945911,0
0.774843937807762,0
0.774999030669613,0
0.775154123531465,0
0.775309216393316,0
0.775464309255167,0
0.775619402117018,0
0.775774494978869,0
0.77592958784072,0
0.776084680702571,0
0.776239773564422,0
0.776394866426273,0
0.776549959288124,0
0.776705052149975,0
0.776860145011826,0
0.777015237873677,0
0.777170330735528,0
0.777325423597379,0
0.77748051645923,0
0.777635609321081,0
0.777790702182932,0
0.777945795044783,0
0.778100887906634,0
0.778255980768485,0
0.778411073630336,0
0.778566166492187,0
0.778721259354038,0
0.778876352215889,0
0.77903144507774,0
0.779186537939591,0
0.779341630801442,0
0.779496723663293,0
0.779651816525144,0
0.779806909386995,0
0.779962002248846,0
0.780117095110697,0
0.780272187972549,0
0.7804272808344,0
0.780582373696251,0
0.780737466558102,0
0.780892559419953,0
0.781047652281804,0
0.781202745143655,0
0.781357838005506,0
0.781512930867357,0
0.781668023729208,0
0.781823116591059,0
0.78197820945291,0
0.782133302314761,0
0.782288395176612,0
0.782443488038463,0
0.782598580900314,0
0.782753673762165,0
0.782908766624016,0
0.783063859485867,0
0.783218952347718,0
0.783374045209569,0
0.78352913807142,0
0.783684230933271,0
0.783839323795122,0
0.783994416656973,0
0.784149509518824,0
0.784304602380675,0
0.784459695242526,0
0.784614788104377,0
0.784769880966229,0
0.78492497382808,0
0.785080066689931,0
0.785235159551782,0
0.785390252413633,0
0.785545345275484,0
0.785700438137335,0
0.785855530999186,0
0.786010623861037,0
0.786165716722888,0
0.786320809584739,0
0.78647590244659,0
0.786630995308441,0
0.786786088170292,0
0.786941181032143,0
0.787096273893994,0
0.787251366755845,0
0.787406459617696,0
0.787561552479547,0
0.787716645341398,0
0.787871738203249,0
0.7880268310651,0
0.788181923926951,0
0.788337016788802,0
0.788492109650653,0
0.788647202512504,0
0.788802295374355,0
0.788957388236206,0
0.789112481098057,0
0.789267573959909,0
0.78942266682176,0
0.789577759683611,0
0.789732852545462,0
0.789887945407313,0
0.790043038269164,0
0.790198131131015,0
0.790353223992866,0
0.790508316854717,0
0.790663409716568,0
0.790818502578419,0
0.79097359544027,0
0.791128688302121,0
0.791283781163972,0
0.791438874025823,0
0.791593966887674,0
0.791749059749525,0
0.791904152611376,0
0.792059245473227,0
0.792214338335078,0
0.792369431196929,0
0.79252452405878,0
0.792679616920631,0
0.792834709782482,0
0.792989802644333,0
0.793144895506184,0
0.793299988368035,0
0.793455081229886,0
0.793610174091737,0
0.793765266953589,0
0.79392035981544,0
0.794075452677291,0
0.794230545539142,0
0.794385638400993,0
0.794540731262844,0
0.794695824124695,0
0.794850916986546,0
0.795006009848397,0
0.795161102710248,0
0.795316195572099,0
0.79547128843395,0
0.795626381295801,0
0.795781474157652,0
0.795936567019503,0
0.796091659881354,0
0.796246752743205,0
0.796401845605056,0
0.796556938466907,0
0.796712031328758,0
0.796867124190609,0
0.79702221705246,0
0.797177309914311,0
0.797332402776162,0
0.797487495638013,0
0.797642588499864,0
0.797797681361715,0
0.797952774223566,0
0.798107867085417,0
0.798262959947268,0
0.798418052809119,0
0.79857314567097,0
0.798728238532821,0
0.798883331394673,0
0.799038424256524,0
0.799193517118375,0
0.799348609980226,0
0.799503702842077,0
0.799658795703928,0
0.799813888565779,0
0.79996898142763,0
0.800124074289481,0
0.800279167151332,0
0.800434260013183,0
0.800589352875034,0
0.800744445736885,0
0.800899538598736,0
0.801054631460587,0
0.801209724322438,0
0.801364817184289,0
0.80151991004614,0
0.801675002907991,0
0.801830095769842,0
0.801985188631693,0
0.802140281493544,0
0.802295374355395,0
0.802450467217246,0
0.802605560079097,0
0.802760652940948,0
0.802915745802799,0
0.80307083866465,0
0.803225931526501,0
0.803381024388353,0
0.803536117250204,0
0.803691210112055,0
0.803846302973906,0
0.804001395835757,0
0.804156488697608,0
0.804311581559459,0
0.80446667442131,0
0.804621767283161,0
0.804776860145012,0
0.804931953006863,0
0.805087045868714,0
0.805242138730565,0
0.805397231592416,0
0.805552324454267,0
0.805707417316118,0
0.805862510177969,0
0.80601760303982,0
0.806172695901671,0
0.806327788763522,0
0.806482881625373,0
0.806637974487224,0
0.806793067349075,0
0.806948160210926,0
0.807103253072777,0
0.807258345934628,0
0.807413438796479,0
0.80756853165833,0
0.807723624520181,0
0.807878717382033,0
0.808033810243884,0
0.808188903105735,0
0.808343995967586,0
0.808499088829437,0
0.808654181691288,0
0.808809274553139,0
0.80896436741499,0
0.809119460276841,0
0.809274553138692,0
0.809429646000543,0
0.809584738862394,0
0.809739831724245,0
0.809894924586096,0
0.810050017447947,0
0.810205110309798,0
0.810360203171649,0
0.8105152960335,0
0.810670388895351,0
0.810825481757202,0
0.810980574619053,0
0.811135667480904,0
0.811290760342755,0
0.811445853204606,0
0.811600946066457,0
0.811756038928308,0
0.811911131790159,0
0.81206622465201,0
0.812221317513861,0
0.812376410375713,0
0.812531503237564,0
0.812686596099415,0
0.812841688961266,0
0.812996781823117,0
0.813151874684968,0
0.813306967546819,0
0.81346206040867,0
0.813617153270521,0
0.813772246132372,0
0.813927338994223,0
0.814082431856074,0
0.814237524717925,0
0.814392617579776,0
0.814547710441627,0
0.814702803303478,0
0.814857896165329,0
0.81501298902718,0
0.815168081889031,0
0.815323174750882,0
0.815478267612733,0
0.815633360474584,0
0.815788453336435,0
0.815943546198286,0
0.816098639060137,0
0.816253731921988,0
0.816408824783839,0
0.81656391764569,0
0.816719010507541,0
0.816874103369392,0
0.817029196231243,0
0.817184289093094,0
0.817339381954945,0
0.817494474816797,0
0.817649567678648,0
0.817804660540499,0
0.81795975340235,0
0.818114846264201,0
0.818269939126052,0
0.818425031987903,0
0.818580124849754,0
0.818735217711605,0
0.818890310573456,0
0.819045403435307,0
0.819200496297158,0
0.819355589159009,0
0.81951068202086,0
0.819665774882711,0
0.819820867744562,0
0.819975960606413,0
0.820131053468264,0
0.820286146330115,0
0.820441239191966,0
0.820596332053817,0
0.820751424915668,0
0.820906517777519,0
0.82106161063937,0
0.821216703501221,0
0.821371796363072,0
0.821526889224923,0
0.821681982086774,0
0.821837074948625,0
0.821992167810477,0
0.822147260672328,0
0.822302353534179,0
0.82245744639603,0
0.822612539257881,0
0.822767632119732,0
0.822922724981583,0
0.823077817843434,0
0.823232910705285,0
0.823388003567136,0
0.823543096428987,0
0.823698189290838,0
0.823853282152689,0
0.82400837501454,0
0.824163467876391,0
0.824318560738242,0
0.824473653600093,0
0.824628746461944,0
0.824783839323795,0
0.824938932185646,0
0.825094025047497,0
0.825249117909348,0
0.825404210771199,0
0.82555930363305,0
0.825714396494901,0
0.825869489356752,0
0.826024582218603,0
0.826179675080454,0
0.826334767942305,0
0.826489860804157,0
0.826644953666008,0
0.826800046527859,0
0.82695513938971,0
0.827110232251561,0
0.827265325113412,0
0.827420417975263,0
0.827575510837114,0
0.827730603698965,0
0.827885696560816,0
0.828040789422667,0
0.828195882284518,0
0.828350975146369,0
0.82850606800822,0
0.828661160870071,0
0.828816253731922,0
0.828971346593773,0
0.829126439455624,0
0.829281532317475,0
0.829436625179326,0
0.829591718041177,0
0.829746810903028,0
0.829901903764879,0
0.83005699662673,0
0.830212089488581,0
0.830367182350432,0
0.830522275212283,0
0.830677368074134,0
0.830832460935985,0
0.830987553797837,0
0.831142646659688,0
0.831297739521539,0
0.83145283238339,0
0.831607925245241,0
0.831763018107092,0
0.831918110968943,0
0.832073203830794,0
0.832228296692645,0
0.832383389554496,0
0.832538482416347,0
0.832693575278198,0
0.832848668140049,0
0.8330037610019,0
0.833158853863751,0
0.833313946725602,0
0.833469039587453,0
0.833624132449304,0
0.833779225311155,0
0.833934318173006,0
0.834089411034857,0
0.834244503896708,0
0.834399596758559,0
0.83455468962041,0
0.834709782482261,0
0.834864875344112,0
0.835019968205963,0
0.835175061067814,0
0.835330153929665,0
0.835485246791516,0
0.835640339653367,0
0.835795432515218,0
0.835950525377069,0
0.836105618238921,0
0.836260711100772,0
0.836415803962623,0
0.836570896824474,0
0.836725989686325,0
0.836881082548176,0
0.837036175410027,0
0.837191268271878,0
0.837346361133729,0
0.83750145399558,0
0.837656546857431,0
0.837811639719282,0
0.837966732581133,0
0.838121825442984,0
0.838276918304835,0
0.838432011166686,0
0.838587104028537,0
0.838742196890388,0
0.838897289752239,0
0.83905238261409,0
0.839207475475941,0
0.839362568337792,0
0.839517661199643,0
0.839672754061494,0
0.839827846923345,0
0.839982939785196,0
0.840138032647047,0
0.840293125508898,0
0.840448218370749,0
0.840603311232601,0
0.840758404094452,0
0.840913496956303,0
0.841068589818154,0
0.841223682680005,0
0.841378775541856,0
0.841533868403707,0
0.841688961265558,0
0.841844054127409,0
0.84199914698926,0
0.842154239851111,0
0.842309332712962,0
0.842464425574813,0
0.842619518436664,0
0.842774611298515,0
0.842929704160366,0
0.843084797022217,0
0.843239889884068,0
0.843394982745919,0
0.84355007560777,0
0.843705168469621,0
0.843860261331472,0
0.844015354193323,0
0.844170447055174,0
0.844325539917025,0
0.844480632778876,0
0.844635725640727,0
0.844790818502578,0
0.844945911364429,0
0.845101004226281,0
0.845256097088132,0
0.845411189949983,0
0.845566282811834,0
0.845721375673685,0
0.845876468535536,0
0.846031561397387,0
0.846186654259238,0
0.846341747121089,0
0.84649683998294,0
0.846651932844791,0
0.846807025706642,0
0.846962118568493,0
0.847117211430344,0
0.847272304292195,0
0.847427397154046,0
0.847582490015897,0
0.847737582877748,0
0.847892675739599,0
0.84804776860145,0
0.848202861463301,0
0.848357954325152,0
0.848513047187003,0
0.848668140048854,0
0.848823232910705,0
0.848978325772556,0
0.849133418634407,0
0.849288511496258,0
0.849443604358109,0
0.84959869721996,0
0.849753790081812,0
0.849908882943663,0
0.850063975805514,0
0.850219068667365,0
0.850374161529216,0
0.850529254391067,0
0.850684347252918,0
0.850839440114769,0
0.85099453297662,0
0.851149625838471,0
0.851304718700322,0
0.851459811562173,0
0.851614904424024,0
0.851769997285875,0
0.851925090147726,0
0.852080183009577,0
0.852235275871428,0
0.852390368733279,0
0.85254546159513,0
0.852700554456981,0
0.852855647318832,0
0.853010740180683,0
0.853165833042534,0
0.853320925904385,0
0.853476018766236,0
0.853631111628087,0
0.853786204489938,0
0.853941297351789,0
0.85409639021364,0
0.854251483075491,0
0.854406575937342,0
0.854561668799193,0
0.854716761661045,0
0.854871854522896,0
0.855026947384747,0
0.855182040246598,0
0.855337133108449,0
0.8554922259703,0
0.855647318832151,0
0.855802411694002,0
0.855957504555853,0
0.856112597417704,0
0.856267690279555,0
0.856422783141406,0
0.856577876003257,0
0.856732968865108,0
0.856888061726959,0
0.85704315458881,0
0.857198247450661,0
0.857353340312512,0
0.857508433174363,0
0.857663526036214,0
0.857818618898065,0
0.857973711759916,0
0.858128804621767,0
0.858283897483618,0
0.858438990345469,0
0.85859408320732,0
0.858749176069171,0
0.858904268931022,0
0.859059361792873,0
0.859214454654725,0
0.859369547516576,0
0.859524640378427,0
0.859679733240278,0
0.859834826102129,0
0.85998991896398,0
0.860145011825831,0
0.860300104687682,0
0.860455197549533,0
0.860610290411384,0
0.860765383273235,0
0.860920476135086,0
0.861075568996937,0
0.861230661858788,0
0.861385754720639,0
0.86154084758249,0
0.861695940444341,0
0.861851033306192,0
0.862006126168043,0
0.862161219029894,0
0.862316311891745,0
0.862471404753596,0
0.862626497615447,0
0.862781590477298,0
0.862936683339149,0
0.863091776201,0
0.863246869062851,0
0.863401961924702,0
0.863557054786553,0
0.863712147648404,0
0.863867240510256,0
0.864022333372107,0
0.864177426233958,0
0.864332519095809,0
0.86448761195766,0
0.864642704819511,0
0.864797797681362,0
0.864952890543213,0
0.865107983405064,0
0.865263076266915,0
0.865418169128766,0
0.865573261990617,0
0.865728354852468,0
0.865883447714319,0
0.86603854057617,0
0.866193633438021,0
0.866348726299872,0
0.866503819161723,0
0.866658912023574,0
0.866814004885425,0
0.866969097747276,0
0.867124190609127,0
0.867279283470978,0
0.867434376332829,0
0.86758946919468,448.240853915243
0.867744562056531,0
0.867899654918382,0
0.868054747780233,0
0.868209840642084,0
0.868364933503936,0
0.868520026365787,0
0.868675119227638,0
0.868830212089489,0
0.86898530495134,0
0.869140397813191,0
0.869295490675042,0
0.869450583536893,0
0.869605676398744,0
0.869760769260595,0
0.869915862122446,0
0.870070954984297,0
0.870226047846148,0
0.870381140707999,0
0.87053623356985,0
0.870691326431701,0
0.870846419293552,0
0.871001512155403,0
0.871156605017254,0
0.871311697879105,0
0.871466790740956,0
0.871621883602807,0
0.871776976464658,0
0.871932069326509,0
0.87208716218836,0
0.872242255050211,0
0.872397347912062,0
0.872552440773913,0
0.872707533635764,0
0.872862626497615,0
0.873017719359466,0
0.873172812221317,0
0.873327905083169,0
0.87348299794502,0
0.873638090806871,0
0.873793183668722,0
0.873948276530573,0
0.874103369392424,0
0.874258462254275,0
0.874413555116126,0
0.874568647977977,0
0.874723740839828,0
0.874878833701679,0
0.87503392656353,0
0.875189019425381,0
0.875344112287232,0
0.875499205149083,0
0.875654298010934,0
0.875809390872785,0
0.875964483734636,0
0.876119576596487,0
0.876274669458338,0
0.876429762320189,0
0.87658485518204,0
0.876739948043891,0
0.876895040905742,0
0.877050133767593,0
0.877205226629444,0
0.877360319491295,0
0.877515412353146,0
0.877670505214997,0
0.877825598076849,0
0.8779806909387,0
0.878135783800551,0
0.878290876662402,0
0.878445969524253,0
0.878601062386104,0
0.878756155247955,0
0.878911248109806,0
0.879066340971657,0
0.879221433833508,0
0.879376526695359,0
0.87953161955721,0
0.879686712419061,0
0.879841805280912,0
0.879996898142763,0
0.880151991004614,0
0.880307083866465,0
0.880462176728316,0
0.880617269590167,0
0.880772362452018,0
0.880927455313869,0
0.88108254817572,0
0.881237641037571,0
0.881392733899422,0
0.881547826761273,0
0.881702919623124,0
0.881858012484975,0
0.882013105346826,0
0.882168198208677,0
0.882323291070528,0
0.88247838393238,0
0.882633476794231,0
0.882788569656082,0
0.882943662517933,0
0.883098755379784,0
0.883253848241635,0
0.883408941103486,0
0.883564033965337,0
0.883719126827188,0
0.883874219689039,0
0.88402931255089,0
0.884184405412741,0
0.884339498274592,0
0.884494591136443,0
0.884649683998294,0
0.884804776860145,0
0.884959869721996,0
0.885114962583847,0
0.885270055445698,0
0.885425148307549,0
0.8855802411694,0
0.885735334031251,0
0.885890426893102,0
0.886045519754953,0
0.886200612616804,0
0.886355705478655,0
0.886510798340506,0
0.886665891202357,0
0.886820984064208,0
0.88697607692606,0
0.887131169787911,0
0.887286262649762,0
0.887441355511613,0
0.887596448373464,0
0.887751541235315,0
0.887906634097166,0
0.888061726959017,0
0.888216819820868,0
0.888371912682719,0
0.88852700554457,0
0.888682098406421,0
0.888837191268272,0
0.888992284130123,0
0.889147376991974,0
0.889302469853825,0
0.889457562715676,0
0.889612655577527,0
0.889767748439378,0
0.889922841301229,0
0.89007793416308,0
0.890233027024931,0
0.890388119886782,0
0.890543212748633,0
0.890698305610484,0
0.890853398472335,0
0.891008491334186,0
0.891163584196037,0
0.891318677057888,0
0.891473769919739,0
0.89162886278159,0
0.891783955643441,0
0.891939048505293,0
0.892094141367144,0
0.892249234228995,0
0.892404327090846,0
0.892559419952697,0
0.892714512814548,0
0.892869605676399,0
0.89302469853825,0
0.893179791400101,0
0.893334884261952,0
0.893489977123803,0
0.893645069985654,0
0.893800162847505,0
0.893955255709356,0
0.894110348571207,0
0.894265441433058,0
0.894420534294909,0
0.89457562715676,0
0.894730720018611,0
0.894885812880462,0
0.895040905742313,0
0.895195998604164,0
0.895351091466015,0
0.895506184327866,0
0.895661277189717,0
0.895816370051568,0
0.895971462913419,0
0.89612655577527,0
0.896281648637121,0
0.896436741498972,0
0.896591834360824,0
0.896746927222675,0
0.896902020084526,0
0.897057112946377,0
0.897212205808228,0
0.897367298670079,0
0.89752239153193,0
0.897677484393781,0
0.897832577255632,0
0.897987670117483,0
0.898142762979334,0
0.898297855841185,0
0.898452948703036,0
0.898608041564887,0
0.898763134426738,0
0.898918227288589,0
0.89907332015044,0
0.899228413012291,0
0.899383505874142,0
0.899538598735993,0
0.899693691597844,0
0.899848784459695,0
0.900003877321546,0
0.900158970183397,0
0.900314063045248,0
0.900469155907099,0
0.90062424876895,0
0.900779341630801,0
0.900934434492652,0
0.901089527354504,0
0.901244620216355,0
0.901399713078206,0
0.901554805940057,0
0.901709898801908,0
0.901864991663759,0
0.90202008452561,0
0.902175177387461,0
0.902330270249312,0
0.902485363111163,0
0.902640455973014,0
0.902795548834865,0
0.902950641696716,0
0.903105734558567,0
0.903260827420418,0
0.903415920282269,0
0.90357101314412,0
0.903726106005971,0
0.903881198867822,0
0.904036291729673,0
0.904191384591524,0
0.904346477453375,0
0.904501570315226,0
0.904656663177077,0
0.904811756038928,0
0.904966848900779,0
0.90512194176263,0
0.905277034624481,0
0.905432127486332,0
0.905587220348184,0
0.905742313210035,0
0.905897406071886,0
0.906052498933737,0
0.906207591795588,0
0.906362684657439,0
0.90651777751929,0
0.906672870381141,0
0.906827963242992,0
0.906983056104843,0
0.907138148966694,0
0.907293241828545,0
0.907448334690396,0
0.907603427552247,0
0.907758520414098,0
0.907913613275949,0
0.9080687061378,0
0.908223798999651,0
0.908378891861502,0
0.908533984723353,0
0.908689077585204,0
0.908844170447055,0
0.908999263308906,0
0.909154356170757,0
0.909309449032608,0
0.909464541894459,0
0.90961963475631,0
0.909774727618161,0
0.909929820480012,0
0.910084913341863,0
0.910240006203714,0
0.910395099065565,0
0.910550191927416,0
0.910705284789268,0
0.910860377651119,0
0.91101547051297,0
0.911170563374821,0
0.911325656236672,0
0.911480749098523,0
0.911635841960374,0
0.911790934822225,0
0.911946027684076,0
0.912101120545927,0
0.912256213407778,0
0.912411306269629,0
0.91256639913148,0
0.912721491993331,0
0.912876584855182,0
0.913031677717033,0
0.913186770578884,0
0.913341863440735,0
0.913496956302586,0
0.913652049164437,0
0.913807142026288,0
0.913962234888139,0
0.91411732774999,0
0.914272420611841,0
0.914427513473692,0
0.914582606335543,0
0.914737699197394,0
0.914892792059245,0
0.915047884921096,0
0.915202977782948,0
0.915358070644799,0
0.91551316350665,0
0.915668256368501,0
0.915823349230352,0
0.915978442092203,0
0.916133534954054,0
0.916288627815905,0
0.916443720677756,0
0.916598813539607,0
0.916753906401458,0
0.916908999263309,0
0.91706409212516,0
0.917219184987011,0
0.917374277848862,0
0.917529370710713,0
0.917684463572564,0
0.917839556434415,0
0.917994649296266,0
0.918149742158117,0
0.918304835019968,0
0.918459927881819,0
0.91861502074367,0
0.918770113605521,0
0.918925206467372,0
0.919080299329223,0
0.919235392191074,0
0.919390485052925,0
0.919545577914776,0
0.919700670776628,0
0.919855763638479,0
0.92001085650033,0
0.920165949362181,0
0.920321042224032,0
0.920476135085883,0
0.920631227947734,0
0.920786320809585,0
0.920941413671436,0
0.921096506533287,0
0.921251599395138,0
0.921406692256989,0
0.92156178511884,0
0.921716877980691,0
0.921871970842542,0
0.922027063704393,0
0.922182156566244,0
0.922337249428095,0
0.922492342289946,0
0.922647435151797,0
0.922802528013648,0
0.922957620875499,0
0.92311271373735,0
0.923267806599201,0
0.923422899461052,0
0.923577992322903,0
0.923733085184754,0
0.923888178046605,0
0.924043270908456,0
0.924198363770308,0
0.924353456632159,0
0.92450854949401,79.5016930668231
0.924663642355861,0
0.924818735217712,0
0.924973828079563,0
0.925128920941414,0
0.925284013803265,0
0.925439106665116,0
0.925594199526967,0
0.925749292388818,0
0.925904385250669,0
0.92605947811252,0
0.926214570974371,0
0.926369663836222,0
0.926524756698073,0
0.926679849559924,0
0.926834942421775,0
0.926990035283626,0
0.927145128145477,0
0.927300221007328,0
0.927455313869179,0
0.92761040673103,0
0.927765499592881,0
0.927920592454732,0
0.928075685316583,0
0.928230778178434,0
0.928385871040285,0
0.928540963902136,0
0.928696056763987,0
0.928851149625838,0
0.929006242487689,0
0.92916133534954,0
0.929316428211392,0
0.929471521073243,0
0.929626613935094,0
0.929781706796945,0
0.929936799658796,0
0.930091892520647,0
0.930246985382498,0
0.930402078244349,0
0.9305571711062,0
0.930712263968051,0
0.930867356829902,0
0.931022449691753,0
0.931177542553604,0
0.931332635415455,0
0.931487728277306,0
0.931642821139157,0
0.931797914001008,0
0.931953006862859,0
0.93210809972471,0
0.932263192586561,0
0.932418285448412,0
0.932573378310263,0
0.932728471172114,0
0.932883564033965,0
0.933038656895816,0
0.933193749757667,0
0.933348842619518,0
0.933503935481369,0
0.93365902834322,0
0.933814121205072,0
0.933969214066923,0
0.934124306928774,0
0.934279399790625,0
0.934434492652476,0
0.934589585514327,0
0.934744678376178,0
0.934899771238029,0
0.93505486409988,0
0.935209956961731,0
0.935365049823582,0
0.935520142685433,0
0.935675235547284,0
0.935830328409135,0
0.935985421270986,0
0.936140514132837,0
0.936295606994688,0
0.936450699856539,0
0.93660579271839,0
0.936760885580241,0
0.936915978442092,0
0.937071071303943,0
0.937226164165794,0
0.937381257027645,0
0.937536349889496,0
0.937691442751347,0
0.937846535613198,0
0.938001628475049,0
0.9381567213369,0
0.938311814198752,0
0.938466907060603,0
0.938621999922454,0
0.938777092784305,0
0.938932185646156,0
0.939087278508007,0
0.939242371369858,0
0.939397464231709,0
0.93955255709356,0
0.939707649955411,0
0.939862742817262,0
0.940017835679113,0
0.940172928540964,0
0.940328021402815,0
0.940483114264666,0
0.940638207126517,0
0.940793299988368,0
0.940948392850219,0
0.94110348571207,0
0.941258578573921,0
0.941413671435772,0
0.941568764297623,0
0.941723857159474,0
0.941878950021325,0
0.942034042883176,0
0.942189135745027,0
0.942344228606878,0
0.942499321468729,0
0.94265441433058,0
0.942809507192432,0
0.942964600054283,0
0.943119692916134,0
0.943274785777985,0
0.943429878639836,0
0.943584971501687,0
0.943740064363538,0
0.943895157225389,0
0.94405025008724,0
0.944205342949091,0
0.944360435810942,0
0.944515528672793,0
0.944670621534644,0
0.944825714396495,0
0.944980807258346,0
0.945135900120197,0
0.945290992982048,0
0.945446085843899,0
0.94560117870575,0
0.945756271567601,0
0.945911364429452,0
0.946066457291303,0
0.946221550153154,0
0.946376643015005,0
0.946531735876856,0
0.946686828738707,0
0.946841921600558,0
0.946997014462409,0
0.94715210732426,0
0.947307200186111,0
0.947462293047962,0
0.947617385909813,0
0.947772478771664,0
0.947927571633516,0
0.948082664495367,0
0.948237757357218,0
0.948392850219069,0
0.94854794308092,0
0.948703035942771,0
0.948858128804622,0
0.949013221666473,0
0.949168314528324,0
0.949323407390175,0
0.949478500252026,0
0.949633593113877,0
0.949788685975728,0
0.949943778837579,0
0.95009887169943,0
0.950253964561281,0
0.950409057423132,0
0.950564150284983,0
0.950719243146834,0
0.950874336008685,0
0.951029428870536,0
0.951184521732387,0
0.951339614594238,0
0.951494707456089,0
0.95164980031794,0
0.951804893179791,0
0.951959986041642,0
0.952115078903493,0
0.952270171765344,0
0.952425264627196,0
0.952580357489047,0
0.952735450350898,0
0.952890543212749,0
0.9530456360746,0
0.953200728936451,0
0.953355821798302,0
0.953510914660153,0
0.953666007522004,0
0.953821100383855,0
0.953976193245706,0
0.954131286107557,0
0.954286378969408,0
0.954441471831259,0
0.95459656469311,0
0.954751657554961,0
0.954906750416812,0
0.955061843278663,0
0.955216936140514,0
0.955372029002365,0
0.955527121864216,0
0.955682214726067,0
0.955837307587918,0
0.955992400449769,0
0.95614749331162,0
0.956302586173471,0
0.956457679035322,0
0.956612771897173,0
0.956767864759024,0
0.956922957620876,0
0.957078050482727,0
0.957233143344578,0
0.957388236206429,0
0.95754332906828,0
0.957698421930131,0
0.957853514791982,0
0.958008607653833,0
0.958163700515684,0
0.958318793377535,0
0.958473886239386,0
0.958628979101237,0
0.958784071963088,0
0.958939164824939,0
0.95909425768679,0
0.959249350548641,0
0.959404443410492,0
0.959559536272343,0
0.959714629134194,0
0.959869721996045,0
0.960024814857896,0
0.960179907719747,0
0.960335000581598,0
0.960490093443449,0
0.9606451863053,0
0.960800279167151,0
0.960955372029002,0
0.961110464890853,0
0.961265557752704,0
0.961420650614556,0
0.961575743476407,0
0.961730836338258,0
0.961885929200109,0
0.96204102206196,0
0.962196114923811,0
0.962351207785662,0
0.962506300647513,0
0.962661393509364,0
0.962816486371215,0
0.962971579233066,0
0.963126672094917,0
0.963281764956768,0
0.963436857818619,0
0.96359195068047,0
0.963747043542321,0
0.963902136404172,0
0.964057229266023,0
0.964212322127874,0
0.964367414989725,0
0.964522507851576,0
0.964677600713427,0
0.964832693575278,0
0.964987786437129,0
0.96514287929898,0
0.965297972160831,0
0.965453065022682,0
0.965608157884533,0
0.965763250746384,0
0.965918343608235,0
0.966073436470086,0
0.966228529331937,0
0.966383622193788,0
0.96653871505564,0
0.966693807917491,0
0.966848900779342,0
0.967003993641193,0
0.967159086503044,0
0.967314179364895,0
0.967469272226746,0
0.967624365088597,0
0.967779457950448,0
0.967934550812299,0
0.96808964367415,0
0.968244736536001,0
0.968399829397852,0
0.968554922259703,0
0.968710015121554,0
0.968865107983405,0
0.969020200845256,0
0.969175293707107,0
0.969330386568958,0
0.969485479430809,0
0.96964057229266,0
0.969795665154511,0
0.969950758016362,0
0.970105850878213,0
0.970260943740064,0
0.970416036601915,0
0.970571129463766,0
0.970726222325617,0
0.970881315187468,0
0.97103640804932,0
0.971191500911171,0
0.971346593773022,0
0.971501686634873,0
0.971656779496724,0
0.971811872358575,0
0.971966965220426,0
0.972122058082277,0
0.972277150944128,0
0.972432243805979,0
0.97258733666783,0
0.972742429529681,0
0.972897522391532,0
0.973052615253383,0
0.973207708115234,0
0.973362800977085,0
0.973517893838936,0
0.973672986700787,0
0.973828079562638,0
0.973983172424489,0
0.97413826528634,0
0.974293358148191,0
0.974448451010042,0
0.974603543871893,0
0.974758636733744,0
0.974913729595595,0
0.975068822457446,0
0.975223915319297,0
0.975379008181148,0
0.975534101043,0
0.975689193904851,0
0.975844286766702,0
0.975999379628553,0
0.976154472490404,0
0.976309565352255,0
0.976464658214106,0
0.976619751075957,0
0.976774843937808,0
0.976929936799659,0
0.97708502966151,0
0.977240122523361,0
0.977395215385212,0
0.977550308247063,0
0.977705401108914,0
0.977860493970765,0
0.978015586832616,0
0.978170679694467,0
0.978325772556318,0
0.978480865418169,0
0.97863595828002,0
0.978791051141871,0
0.978946144003722,0
0.979101236865573,0
0.979256329727424,0
0.979411422589275,0
0.979566515451126,0
0.979721608312977,0
0.979876701174828,0
0.98003179403668,0
0.980186886898531,0
0.980341979760382,0
0.980497072622233,0
0.980652165484084,0
0.980807258345935,0
0.980962351207786,0
0.981117444069637,0
0.981272536931488,0
0.981427629793339,0
0.98158272265519,0
0.981737815517041,0
0.981892908378892,0
0.982048001240743,0
0.982203094102594,0
0.982358186964445,0
0.982513279826296,0
0.982668372688147,0
0.982823465549998,0
0.982978558411849,0
0.9831336512737,0
0.983288744135551,0
0.983443836997402,0
0.983598929859253,0
0.983754022721104,0
0.983909115582955,0
0.984064208444806,0
0.984219301306657,0
0.984374394168508,0
0.984529487030359,0
0.98468457989221,0
0.984839672754061,0
0.984994765615912,0
0.985149858477764,0
0.985304951339615,0
0.985460044201466,0
0.985615137063317,0
0.985770229925168,0
0.985925322787019,0
0.98608041564887,0
0.986235508510721,0
0.986390601372572,0
0.986545694234423,0
0.986700787096274,0
0.986855879958125,0
0.987010972819976,0
0.987166065681827,0
0.987321158543678,0
0.987476251405529,0
0.98763134426738,0
0.987786437129231,0
0.987941529991082,0
0.988096622852933,0
0.988251715714784,0
0.988406808576635,0
0.988561901438486,0
0.988716994300337,0
0.988872087162188,0
0.989027180024039,0
0.98918227288589,0
0.989337365747741,0
0.989492458609592,0
0.989647551471444,0
0.989802644333295,0
0.989957737195146,0
0.990112830056997,0
0.990267922918848,0
0.990423015780699,0
0.99057810864255,0
0.990733201504401,0
0.990888294366252,0
0.991043387228103,0
0.991198480089954,0
0.991353572951805,0
0.991508665813656,0
0.991663758675507,0
0.991818851537358,0
0.991973944399209,0
0.99212903726106,0
0.992284130122911,0
0.992439222984762,0
0.992594315846613,0
0.992749408708464,0
0.992904501570315,0
0.993059594432166,0
0.993214687294017,0
0.993369780155868,0
0.993524873017719,0
0.99367996587957,0
0.993835058741421,0
0.993990151603272,0
0.994145244465124,0
0.994300337326975,0
0.994455430188826,0
0.994610523050677,0
0.994765615912528,0
0.994920708774379,0
0.99507580163623,0
0.995230894498081,0
0.995385987359932,0
0.995541080221783,0
0.995696173083634,0
0.995851265945485,0
0.996006358807336,0
0.996161451669187,0
0.996316544531038,0
0.996471637392889,0
0.99662673025474,0
0.996781823116591,0
0.996936915978442,0
0.997092008840293,0
0.997247101702144,0
0.997402194563995,0
0.997557287425846,0
0.997712380287697,0
0.997867473149548,0
0.998022566011399,0
0.99817765887325,0
0.998332751735101,0
0.998487844596952,0
0.998642937458804,0
0.998798030320655,0
0.998953123182506,0
0.999108216044357,0
0.999263308906208,0
0.999418401768059,0
0.99957349462991,0
0.999728587491761,0
0.999883680353612,0
1.00003877321546,0
1.00019386607731,0
1.00034895893916,0
1.00050405180102,0
1.00065914466287,0
1.00081423752472,0
1.00096933038657,0
1.00112442324842,0
1.00127951611027,0
1.00143460897212,0
1.00158970183397,0
1.00174479469582,0
1.00189988755768,0
1.00205498041953,0
1.00221007328138,0
1.00236516614323,0
1.00252025900508,0
1.00267535186693,0
1.00283044472878,0
1.00298553759063,0
1.00314063045248,0
1.00329572331433,0
1.00345081617619,0
1.00360590903804,0
1.00376100189989,0
1.00391609476174,0
1.00407118762359,0
1.00422628048544,0
1.00438137334729,0
1.00453646620914,0
1.00469155907099,0
1.00484665193284,0
1.0050017447947,0
1.00515683765655,0
1.0053119305184,0
1.00546702338025,0
1.0056221162421,0
1.00577720910395,0
1.0059323019658,0
1.00608739482765,0
1.0062424876895,0
1.00639758055136,0
1.00655267341321,0
1.00670776627506,0
1.00686285913691,0
1.00701795199876,0
1.00717304486061,0
1.00732813772246,0
1.00748323058431,0
1.00763832344616,0
1.00779341630801,0
1.00794850916987,0
1.00810360203172,0
1.00825869489357,0
1.00841378775542,0
1.00856888061727,0
1.00872397347912,0
1.00887906634097,0
1.00903415920282,0
1.00918925206467,0
1.00934434492652,0
1.00949943778838,0
1.00965453065023,0
1.00980962351208,0
1.00996471637393,0
1.01011980923578,0
1.01027490209763,0
1.01042999495948,0
1.01058508782133,0
1.01074018068318,0
1.01089527354504,0
1.01105036640689,0
1.01120545926874,0
1.01136055213059,0
1.01151564499244,0
1.01167073785429,0
1.01182583071614,0
1.01198092357799,0
1.01213601643984,0
1.01229110930169,0
1.01244620216355,0
1.0126012950254,0
1.01275638788725,0
1.0129114807491,0
1.01306657361095,0
1.0132216664728,0
1.01337675933465,0
1.0135318521965,0
1.01368694505835,0
1.0138420379202,0
1.01399713078206,0
1.01415222364391,0
1.01430731650576,0
1.01446240936761,0
1.01461750222946,0
1.01477259509131,0
1.01492768795316,0
1.01508278081501,0
1.01523787367686,0
1.01539296653872,0
1.01554805940057,0
1.01570315226242,0
1.01585824512427,0
1.01601333798612,0
1.01616843084797,0
1.01632352370982,0
1.01647861657167,0
1.01663370943352,0
1.01678880229537,0
1.01694389515723,0
1.01709898801908,0
1.01725408088093,0
1.01740917374278,0
1.01756426660463,0
1.01771935946648,0
1.01787445232833,0
1.01802954519018,0
1.01818463805203,0
1.01833973091388,0
1.01849482377574,0
1.01864991663759,0
1.01880500949944,0
1.01896010236129,0
1.01911519522314,0
1.01927028808499,0
1.01942538094684,0
1.01958047380869,0
1.01973556667054,0
1.0198906595324,0
1.02004575239425,0
1.0202008452561,0
1.02035593811795,0
1.0205110309798,0
1.02066612384165,0
1.0208212167035,0
1.02097630956535,0
1.0211314024272,0
1.02128649528905,0
1.02144158815091,0
1.02159668101276,0
1.02175177387461,0
1.02190686673646,0
1.02206195959831,0
1.02221705246016,0
1.02237214532201,0
1.02252723818386,0
1.02268233104571,0
1.02283742390756,0
1.02299251676942,0
1.02314760963127,0
1.02330270249312,0
1.02345779535497,0
1.02361288821682,0
1.02376798107867,0
1.02392307394052,0
1.02407816680237,0
1.02423325966422,0
1.02438835252608,0
1.02454344538793,0
1.02469853824978,0
1.02485363111163,0
1.02500872397348,0
1.02516381683533,0
1.02531890969718,0
1.02547400255903,0
1.02562909542088,0
1.02578418828273,0
1.02593928114459,0
1.02609437400644,0
1.02624946686829,0
1.02640455973014,0
1.02655965259199,0
1.02671474545384,0
1.02686983831569,0
1.02702493117754,0
1.02718002403939,0
1.02733511690124,0
1.0274902097631,0
1.02764530262495,0
1.0278003954868,0
1.02795548834865,0
1.0281105812105,0
1.02826567407235,0
1.0284207669342,0
1.02857585979605,0
1.0287309526579,0
1.02888604551976,0
1.02904113838161,0
1.02919623124346,0
1.02935132410531,0
1.02950641696716,0
1.02966150982901,0
1.02981660269086,0
1.02997169555271,0
1.03012678841456,0
1.03028188127641,0
1.03043697413827,0
1.03059206700012,0
1.03074715986197,0
1.03090225272382,0
1.03105734558567,0
1.03121243844752,0
1.03136753130937,0
1.03152262417122,0
1.03167771703307,0
1.03183280989492,0
1.03198790275678,0
1.03214299561863,0
1.03229808848048,0
1.03245318134233,0
1.03260827420418,0
1.03276336706603,0
1.03291845992788,0
1.03307355278973,0
1.03322864565158,0
1.03338373851344,0
1.03353883137529,0
1.03369392423714,0
1.03384901709899,0
1.03400410996084,0
1.03415920282269,0
1.03431429568454,0
1.03446938854639,0
1.03462448140824,0
1.03477957427009,0
1.03493466713195,0
1.0350897599938,0
1.03524485285565,0
1.0353999457175,0
1.03555503857935,0
1.0357101314412,0
1.03586522430305,0
1.0360203171649,0
1.03617541002675,0
1.0363305028886,0
1.03648559575046,0
1.03664068861231,0
1.03679578147416,0
1.03695087433601,0
1.03710596719786,0
1.03726106005971,0
1.03741615292156,0
1.03757124578341,0
1.03772633864526,0
1.03788143150711,0
1.03803652436897,0
1.03819161723082,0
1.03834671009267,0
1.03850180295452,0
1.03865689581637,0
1.03881198867822,0
1.03896708154007,0
1.03912217440192,0
1.03927726726377,0
1.03943236012563,0
1.03958745298748,0
1.03974254584933,0
1.03989763871118,0
1.04005273157303,0
1.04020782443488,0
1.04036291729673,0
1.04051801015858,0
1.04067310302043,0
1.04082819588228,0
1.04098328874414,0
1.04113838160599,0
1.04129347446784,0
1.04144856732969,0
1.04160366019154,0
1.04175875305339,0
1.04191384591524,0
1.04206893877709,0
1.04222403163894,0
1.04237912450079,0
1.04253421736265,0
1.0426893102245,0
1.04284440308635,0
1.0429994959482,0
1.04315458881005,0
1.0433096816719,0
1.04346477453375,0
1.0436198673956,0
1.04377496025745,0
1.04393005311931,0
1.04408514598116,0
1.04424023884301,0
1.04439533170486,0
1.04455042456671,0
1.04470551742856,0
1.04486061029041,0
1.04501570315226,0
1.04517079601411,0
1.04532588887596,0
1.04548098173782,0
1.04563607459967,0
1.04579116746152,0
1.04594626032337,0
1.04610135318522,0
1.04625644604707,0
1.04641153890892,0
1.04656663177077,0
1.04672172463262,0
1.04687681749447,0
1.04703191035633,0
1.04718700321818,0
1.04734209608003,0
1.04749718894188,0
1.04765228180373,0
1.04780737466558,0
1.04796246752743,0
1.04811756038928,0
1.04827265325113,0
1.04842774611299,0
1.04858283897484,0
1.04873793183669,0
1.04889302469854,0
1.04904811756039,0
1.04920321042224,0
1.04935830328409,0
1.04951339614594,0
1.04966848900779,0
1.04982358186964,0
1.0499786747315,0
1.05013376759335,0
1.0502888604552,0
1.05044395331705,0
1.0505990461789,0
1.05075413904075,0
1.0509092319026,0
1.05106432476445,0
1.0512194176263,0
1.05137451048815,0
1.05152960335001,0
1.05168469621186,0
1.05183978907371,0
1.05199488193556,0
1.05214997479741,0
1.05230506765926,0
1.05246016052111,0
1.05261525338296,0
1.05277034624481,24.3622600475331
1.05292543910667,0
1.05308053196852,0
1.05323562483037,0
1.05339071769222,0
1.05354581055407,0
1.05370090341592,0
1.05385599627777,0
1.05401108913962,0
1.05416618200147,0
1.05432127486332,0
1.05447636772518,0
1.05463146058703,0
1.05478655344888,0
1.05494164631073,0
1.05509673917258,0
1.05525183203443,0
1.05540692489628,0
1.05556201775813,0
1.05571711061998,0
1.05587220348183,0
1.05602729634369,0
1.05618238920554,0
1.05633748206739,0
1.05649257492924,0
1.05664766779109,0
1.05680276065294,0
1.05695785351479,0
1.05711294637664,0
1.05726803923849,0
1.05742313210035,0
1.0575782249622,0
1.05773331782405,0
1.0578884106859,0
1.05804350354775,0
1.0581985964096,0
1.05835368927145,0
1.0585087821333,0
1.05866387499515,0
1.058818967857,0
1.05897406071886,0
1.05912915358071,0
1.05928424644256,0
1.05943933930441,0
1.05959443216626,0
1.05974952502811,0
1.05990461788996,0
1.06005971075181,0
1.06021480361366,0
1.06036989647551,0
1.06052498933737,0
1.06068008219922,0
1.06083517506107,0
1.06099026792292,0
1.06114536078477,0
1.06130045364662,0
1.06145554650847,0
1.06161063937032,0
1.06176573223217,0
1.06192082509403,0
1.06207591795588,0
1.06223101081773,0
1.06238610367958,0
1.06254119654143,0
1.06269628940328,0
1.06285138226513,0
1.06300647512698,0
1.06316156798883,0
1.06331666085068,0
1.06347175371254,0
1.06362684657439,0
1.06378193943624,0
1.06393703229809,0
1.06409212515994,0
1.06424721802179,0
1.06440231088364,0
1.06455740374549,0
1.06471249660734,0
1.06486758946919,0
1.06502268233105,0
1.0651777751929,0
1.06533286805475,0
1.0654879609166,0
1.06564305377845,0
1.0657981466403,0
1.06595323950215,0
1.066108332364,0
1.06626342522585,0
1.06641851808771,0
1.06657361094956,0
1.06672870381141,0
1.06688379667326,0
1.06703888953511,0
1.06719398239696,0
1.06734907525881,0
1.06750416812066,0
1.06765926098251,0
1.06781435384436,0
1.06796944670622,0
1.06812453956807,0
1.06827963242992,0
1.06843472529177,0
1.06858981815362,0
1.06874491101547,0
1.06890000387732,0
1.06905509673917,0
1.06921018960102,0
1.06936528246287,0
1.06952037532473,0
1.06967546818658,0
1.06983056104843,0
1.06998565391028,0
1.07014074677213,0
1.07029583963398,0
1.07045093249583,0
1.07060602535768,0
1.07076111821953,0
1.07091621108139,0
1.07107130394324,0
1.07122639680509,0
1.07138148966694,0
1.07153658252879,0
1.07169167539064,0
1.07184676825249,0
1.07200186111434,0
1.07215695397619,0
1.07231204683804,0
1.0724671396999,0
1.07262223256175,0
1.0727773254236,0
1.07293241828545,0
1.0730875111473,0
1.07324260400915,0
1.073397696871,0
1.07355278973285,0
1.0737078825947,0
1.07386297545655,0
1.07401806831841,0
1.07417316118026,0
1.07432825404211,0
1.07448334690396,0
1.07463843976581,0
1.07479353262766,0
1.07494862548951,0
1.07510371835136,0
1.07525881121321,0
1.07541390407506,0
1.07556899693692,0
1.07572408979877,0
1.07587918266062,0
1.07603427552247,0
1.07618936838432,0
1.07634446124617,0
1.07649955410802,0
1.07665464696987,0
1.07680973983172,0
1.07696483269358,0
1.07711992555543,0
1.07727501841728,0
1.07743011127913,0
1.07758520414098,0
1.07774029700283,0
1.07789538986468,0
1.07805048272653,0
1.07820557558838,0
1.07836066845023,0
1.07851576131209,0
1.07867085417394,0
1.07882594703579,0
1.07898103989764,0
1.07913613275949,0
1.07929122562134,0
1.07944631848319,0
1.07960141134504,0
1.07975650420689,0
1.07991159706874,0
1.0800666899306,0
1.08022178279245,0
1.0803768756543,0
1.08053196851615,0
1.080687061378,0
1.08084215423985,0
1.0809972471017,0
1.08115233996355,0
1.0813074328254,0
1.08146252568726,0
1.08161761854911,0
1.08177271141096,0
1.08192780427281,0
1.08208289713466,0
1.08223798999651,0
1.08239308285836,0
1.08254817572021,0
1.08270326858206,0
1.08285836144391,0
1.08301345430577,0
1.08316854716762,0
1.08332364002947,0
1.08347873289132,0
1.08363382575317,0
1.08378891861502,0
1.08394401147687,0
1.08409910433872,0
1.08425419720057,0
1.08440929006242,0
1.08456438292428,0
1.08471947578613,0
1.08487456864798,0
1.08502966150983,0
1.08518475437168,0
1.08533984723353,0
1.08549494009538,0
1.08565003295723,0
1.08580512581908,0
1.08596021868094,0
1.08611531154279,0
1.08627040440464,0
1.08642549726649,0
1.08658059012834,0
1.08673568299019,0
1.08689077585204,0
1.08704586871389,0
1.08720096157574,0
1.08735605443759,0
1.08751114729945,0
1.0876662401613,0
1.08782133302315,0
1.087976425885,0
1.08813151874685,0
1.0882866116087,0
1.08844170447055,0
1.0885967973324,0
1.08875189019425,0
1.0889069830561,0
1.08906207591796,0
1.08921716877981,0
1.08937226164166,0
1.08952735450351,0
1.08968244736536,0
1.08983754022721,0
1.08999263308906,0
1.09014772595091,0
1.09030281881276,0
1.09045791167462,0
1.09061300453647,0
1.09076809739832,0
1.09092319026017,0
1.09107828312202,0
1.09123337598387,0
1.09138846884572,0
1.09154356170757,0
1.09169865456942,0
1.09185374743127,0
1.09200884029313,0
1.09216393315498,0
1.09231902601683,0
1.09247411887868,0
1.09262921174053,0
1.09278430460238,0
1.09293939746423,0
1.09309449032608,0
1.09324958318793,0
1.09340467604978,0
1.09355976891164,0
1.09371486177349,0
1.09386995463534,0
1.09402504749719,0
1.09418014035904,0
1.09433523322089,0
1.09449032608274,0
1.09464541894459,0
1.09480051180644,0
1.0949556046683,0
1.09511069753015,0
1.095265790392,0
1.09542088325385,0
1.0955759761157,0
1.09573106897755,0
1.0958861618394,0
1.09604125470125,0
1.0961963475631,0
1.09635144042495,0
1.09650653328681,0
1.09666162614866,0
1.09681671901051,0
1.09697181187236,0
1.09712690473421,0
1.09728199759606,0
1.09743709045791,0
1.09759218331976,0
1.09774727618161,0
1.09790236904346,0
1.09805746190532,0
1.09821255476717,0
1.09836764762902,0
1.09852274049087,0
1.09867783335272,0
1.09883292621457,0
1.09898801907642,0
1.09914311193827,0
1.09929820480012,0
1.09945329766198,0
1.09960839052383,0
1.09976348338568,0
1.09991857624753,0
1.10007366910938,0
1.10022876197123,0
1.10038385483308,0
1.10053894769493,0
1.10069404055678,0
1.10084913341863,0
1.10100422628049,0
1.10115931914234,0
1.10131441200419,0
1.10146950486604,0
1.10162459772789,0
1.10177969058974,0
1.10193478345159,0
1.10208987631344,0
1.10224496917529,0
1.10240006203714,0
1.102555154899,0
1.10271024776085,0
1.1028653406227,0
1.10302043348455,0
1.1031755263464,0
1.10333061920825,0
1.1034857120701,0
1.10364080493195,0
1.1037958977938,0
1.10395099065566,0
1.10410608351751,0
1.10426117637936,0
1.10441626924121,0
1.10457136210306,0
1.10472645496491,0
1.10488154782676,0
1.10503664068861,0
1.10519173355046,0
1.10534682641231,0
1.10550191927417,0
1.10565701213602,0
1.10581210499787,0
1.10596719785972,0
1.10612229072157,0
1.10627738358342,0
1.10643247644527,0
1.10658756930712,0
1.10674266216897,0
1.10689775503082,0
1.10705284789268,0
1.10720794075453,0
1.10736303361638,0
1.10751812647823,0
1.10767321934008,0
1.10782831220193,0
1.10798340506378,0
1.10813849792563,0
1.10829359078748,0
1.10844868364934,0
1.10860377651119,0
1.10875886937304,0
1.10891396223489,0
1.10906905509674,0
1.10922414795859,0
1.10937924082044,0
1.10953433368229,0
1.10968942654414,0
1.10984451940599,0
1.10999961226785,0
1.1101547051297,0
1.11030979799155,0
1.1104648908534,0
1.11061998371525,0
1.1107750765771,0
1.11093016943895,0
1.1110852623008,0
1.11124035516265,0
1.1113954480245,0
1.11155054088636,0
1.11170563374821,0
1.11186072661006,0
1.11201581947191,0
1.11217091233376,0
1.11232600519561,0
1.11248109805746,0
1.11263619091931,0
1.11279128378116,0
1.11294637664301,0
1.11310146950487,0
1.11325656236672,0
1.11341165522857,0
1.11356674809042,0
1.11372184095227,0
1.11387693381412,0
1.11403202667597,0
1.11418711953782,0
1.11434221239967,0
1.11449730526153,0
1.11465239812338,0
1.11480749098523,0
1.11496258384708,0
1.11511767670893,0
1.11527276957078,0
1.11542786243263,0
1.11558295529448,0
1.11573804815633,0
1.11589314101818,0
1.11604823388004,0
1.11620332674189,0
1.11635841960374,0
1.11651351246559,0
1.11666860532744,0
1.11682369818929,0
1.11697879105114,0
1.11713388391299,0
1.11728897677484,0
1.11744406963669,0
1.11759916249855,0
1.1177542553604,0
1.11790934822225,0
1.1180644410841,0
1.11821953394595,0
1.1183746268078,0
1.11852971966965,0
1.1186848125315,0
1.11883990539335,0
1.11899499825521,0
1.11915009111706,0
1.11930518397891,0
1.11946027684076,0
1.11961536970261,0
1.11977046256446,0
1.11992555542631,0
1.12008064828816,0
1.12023574115001,0
1.12039083401186,0
1.12054592687372,0
1.12070101973557,0
1.12085611259742,0
1.12101120545927,0
1.12116629832112,0
1.12132139118297,0
1.12147648404482,0
1.12163157690667,0
1.12178666976852,0
1.12194176263037,0
1.12209685549223,0
1.12225194835408,0
1.12240704121593,0
1.12256213407778,0
1.12271722693963,0
1.12287231980148,0
1.12302741266333,0
1.12318250552518,0
1.12333759838703,0
1.12349269124889,0
1.12364778411074,0
1.12380287697259,0
1.12395796983444,0
1.12411306269629,0
1.12426815555814,0
1.12442324841999,0
1.12457834128184,0
1.12473343414369,0
1.12488852700554,0
1.1250436198674,0
1.12519871272925,0
1.1253538055911,0
1.12550889845295,0
1.1256639913148,0
1.12581908417665,0
1.1259741770385,0
1.12612926990035,0
1.1262843627622,0
1.12643945562405,0
1.12659454848591,0
1.12674964134776,0
1.12690473420961,0
1.12705982707146,0
1.12721491993331,0
1.12737001279516,0
1.12752510565701,0
1.12768019851886,0
1.12783529138071,0
1.12799038424257,0
1.12814547710442,0
1.12830056996627,0
1.12845566282812,0
1.12861075568997,0
1.12876584855182,0
1.12892094141367,0
1.12907603427552,0
1.12923112713737,0
1.12938621999922,0
1.12954131286108,0
1.12969640572293,0
1.12985149858478,0
1.13000659144663,0
1.13016168430848,0
1.13031677717033,0
1.13047187003218,0
1.13062696289403,0
1.13078205575588,0
1.13093714861773,0
1.13109224147959,0
1.13124733434144,0
1.13140242720329,0
1.13155752006514,0
1.13171261292699,0
1.13186770578884,0
1.13202279865069,0
1.13217789151254,0
1.13233298437439,0
1.13248807723625,0
1.1326431700981,0
1.13279826295995,0
1.1329533558218,0
1.13310844868365,0
1.1332635415455,0
1.13341863440735,0
1.1335737272692,0
1.13372882013105,0
1.1338839129929,0
1.13403900585476,0
1.13419409871661,0
1.13434919157846,0
1.13450428444031,0
1.13465937730216,0
1.13481447016401,0
1.13496956302586,0
1.13512465588771,0
1.13527974874956,0
1.13543484161141,0
1.13558993447327,0
1.13574502733512,0
1.13590012019697,0
1.13605521305882,0
1.13621030592067,0
1.13636539878252,0
1.13652049164437,0
1.13667558450622,0
1.13683067736807,0
1.13698577022993,0
1.13714086309178,0
1.13729595595363,0
1.13745104881548,0
1.13760614167733,0
1.13776123453918,0
1.13791632740103,0
1.13807142026288,0
1.13822651312473,0
1.13838160598658,0
1.13853669884844,0
1.13869179171029,0
1.13884688457214,0
1.13900197743399,0
1.13915707029584,0
1.13931216315769,0
1.13946725601954,0
1.13962234888139,0
1.13977744174324,0
1.13993253460509,0
1.14008762746695,0
1.1402427203288,0
1.14039781319065,0
1.1405529060525,0
1.14070799891435,0
1.1408630917762,0
1.14101818463805,0
1.1411732774999,0
1.14132837036175,0
1.14148346322361,0
1.14163855608546,0
1.14179364894731,0
1.14194874180916,0
1.14210383467101,0
1.14225892753286,0
1.14241402039471,0
1.14256911325656,0
1.14272420611841,0
1.14287929898026,0
1.14303439184212,0
1.14318948470397,0
1.14334457756582,0
1.14349967042767,0
1.14365476328952,0
1.14380985615137,0
1.14396494901322,0
1.14412004187507,0
1.14427513473692,0
1.14443022759877,0
1.14458532046063,0
1.14474041332248,0
1.14489550618433,0
1.14505059904618,0
1.14520569190803,0
1.14536078476988,0
1.14551587763173,0
1.14567097049358,0
1.14582606335543,0
1.14598115621729,0
1.14613624907914,0
1.14629134194099,0
1.14644643480284,0
1.14660152766469,0
1.14675662052654,0
1.14691171338839,0
1.14706680625024,0
1.14722189911209,0
1.14737699197394,0
1.1475320848358,0
1.14768717769765,0
1.1478422705595,0
1.14799736342135,0
1.1481524562832,0
1.14830754914505,0
1.1484626420069,0
1.14861773486875,0
1.1487728277306,0
1.14892792059245,0
1.14908301345431,0
1.14923810631616,0
1.14939319917801,0
1.14954829203986,0
1.14970338490171,0
1.14985847776356,0
1.15001357062541,0
1.15016866348726,0
1.15032375634911,0
1.15047884921096,0
1.15063394207282,0
1.15078903493467,0
1.15094412779652,0
1.15109922065837,0
1.15125431352022,0
1.15140940638207,0
1.15156449924392,0
1.15171959210577,0
1.15187468496762,0
1.15202977782948,0
1.15218487069133,0
1.15233996355318,0
1.15249505641503,0
1.15265014927688,0
1.15280524213873,0
1.15296033500058,0
1.15311542786243,0
1.15327052072428,0
1.15342561358613,0
1.15358070644799,0
1.15373579930984,0
1.15389089217169,0
1.15404598503354,0
1.15420107789539,0
1.15435617075724,0
1.15451126361909,0
1.15466635648094,0
1.15482144934279,0
1.15497654220464,0
1.1551316350665,0
1.15528672792835,0
1.1554418207902,0
1.15559691365205,0
1.1557520065139,0
1.15590709937575,0
1.1560621922376,0
1.15621728509945,0
1.1563723779613,0
1.15652747082316,0
1.15668256368501,0
1.15683765654686,0
1.15699274940871,0
1.15714784227056,0
1.15730293513241,0
1.15745802799426,0
1.15761312085611,0
1.15776821371796,0
1.15792330657981,0
1.15807839944167,0
1.15823349230352,0
1.15838858516537,0
1.15854367802722,0
1.15869877088907,0
1.15885386375092,0
1.15900895661277,0
1.15916404947462,0
1.15931914233647,0
1.15947423519832,0
1.15962932806018,0
1.15978442092203,0
1.15993951378388,0
1.16009460664573,0
1.16024969950758,0
1.16040479236943,0
1.16055988523128,0
1.16071497809313,0
1.16087007095498,0
1.16102516381684,0
1.16118025667869,0
1.16133534954054,0
1.16149044240239,0
1.16164553526424,0
1.16180062812609,0
1.16195572098794,0
1.16211081384979,0
1.16226590671164,0
1.16242099957349,0
1.16257609243535,0
1.1627311852972,0
1.16288627815905,0
1.1630413710209,0
1.16319646388275,0
1.1633515567446,0
1.16350664960645,0
1.1636617424683,0
1.16381683533015,0
1.163971928192,0
1.16412702105386,0
1.16428211391571,0
1.16443720677756,0
1.16459229963941,0
1.16474739250126,0
1.16490248536311,0
1.16505757822496,0
1.16521267108681,0
1.16536776394866,0
1.16552285681052,0
1.16567794967237,0
1.16583304253422,0
1.16598813539607,0
1.16614322825792,0
1.16629832111977,0
1.16645341398162,0
1.16660850684347,0
1.16676359970532,0
1.16691869256717,0
1.16707378542903,0
1.16722887829088,0
1.16738397115273,0
1.16753906401458,0
1.16769415687643,0
1.16784924973828,0
1.16800434260013,0
1.16815943546198,0
1.16831452832383,0
1.16846962118568,0
1.16862471404754,0
1.16877980690939,0
1.16893489977124,0
1.16908999263309,0
1.16924508549494,0
1.16940017835679,0
1.16955527121864,0
1.16971036408049,0
1.16986545694234,0
1.1700205498042,0
1.17017564266605,0
1.1703307355279,0
1.17048582838975,0
1.1706409212516,0
1.17079601411345,0
1.1709511069753,0
1.17110619983715,0
1.171261292699,0
1.17141638556085,0
1.17157147842271,0
1.17172657128456,0
1.17188166414641,0
1.17203675700826,0
1.17219184987011,0
1.17234694273196,0
1.17250203559381,0
1.17265712845566,0
1.17281222131751,0
1.17296731417936,0
1.17312240704122,0
1.17327749990307,0
1.17343259276492,0
1.17358768562677,0
1.17374277848862,0
1.17389787135047,0
1.17405296421232,0
1.17420805707417,0
1.17436314993602,0
1.17451824279788,0
1.17467333565973,0
1.17482842852158,0
1.17498352138343,0
1.17513861424528,0
1.17529370710713,0
1.17544879996898,0
1.17560389283083,0
1.17575898569268,0
1.17591407855453,0
1.17606917141639,0
1.17622426427824,0
1.17637935714009,0
1.17653445000194,0
1.17668954286379,0
1.17684463572564,0
1.17699972858749,0
1.17715482144934,0
1.17730991431119,0
1.17746500717304,0
1.1776201000349,0
1.17777519289675,0
1.1779302857586,0
1.17808537862045,0
1.1782404714823,0
1.17839556434415,0
1.178550657206,0
1.17870575006785,0
1.1788608429297,0
1.17901593579156,0
1.17917102865341,0
1.17932612151526,0
1.17948121437711,0
1.17963630723896,0
1.17979140010081,0
1.17994649296266,0
1.18010158582451,0
1.18025667868636,0
1.18041177154821,0
1.18056686441007,0
1.18072195727192,0
1.18087705013377,0
1.18103214299562,0
1.18118723585747,0
1.18134232871932,0
1.18149742158117,0
1.18165251444302,0
1.18180760730487,0
1.18196270016672,0
1.18211779302858,0
1.18227288589043,0
1.18242797875228,0
1.18258307161413,0
1.18273816447598,0
1.18289325733783,0
1.18304835019968,0
1.18320344306153,0
1.18335853592338,0
1.18351362878524,0
1.18366872164709,0
1.18382381450894,0
1.18397890737079,0
1.18413400023264,0
1.18428909309449,0
1.18444418595634,0
1.18459927881819,0
1.18475437168004,0
1.18490946454189,0
1.18506455740375,0
1.1852196502656,0
1.18537474312745,0
1.1855298359893,0
1.18568492885115,0
1.185840021713,0
1.18599511457485,0
1.1861502074367,0
1.18630530029855,0
1.1864603931604,0
1.18661548602226,0
1.18677057888411,0
1.18692567174596,0
1.18708076460781,0
1.18723585746966,0
1.18739095033151,0
1.18754604319336,0
1.18770113605521,0
1.18785622891706,0
1.18801132177892,0
1.18816641464077,0
1.18832150750262,0
1.18847660036447,0
1.18863169322632,0
1.18878678608817,0
1.18894187895002,0
1.18909697181187,0
1.18925206467372,0
1.18940715753557,0
1.18956225039743,0
1.18971734325928,0
1.18987243612113,0
1.19002752898298,0
1.19018262184483,0
1.19033771470668,0
1.19049280756853,0
1.19064790043038,0
1.19080299329223,0
1.19095808615408,0
1.19111317901594,0
1.19126827187779,0
1.19142336473964,0
1.19157845760149,0
1.19173355046334,0
1.19188864332519,0
1.19204373618704,0
1.19219882904889,0
1.19235392191074,0
1.1925090147726,0
1.19266410763445,0
1.1928192004963,0
1.19297429335815,0
1.19312938622,0
1.19328447908185,0
1.1934395719437,0
1.19359466480555,0
1.1937497576674,0
1.19390485052925,0
1.19405994339111,0
1.19421503625296,0
1.19437012911481,0
1.19452522197666,0
1.19468031483851,0
1.19483540770036,0
1.19499050056221,0
1.19514559342406,0
1.19530068628591,0
1.19545577914776,0
1.19561087200962,0
1.19576596487147,39.8278088039473
1.19592105773332,0
1.19607615059517,0
1.19623124345702,0
1.19638633631887,0
1.19654142918072,0
1.19669652204257,0
1.19685161490442,0
1.19700670776628,0
1.19716180062813,0
1.19731689348998,0
1.19747198635183,0
1.19762707921368,0
1.19778217207553,0
1.19793726493738,0
1.19809235779923,0
1.19824745066108,0
1.19840254352293,0
1.19855763638479,0
1.19871272924664,0
1.19886782210849,0
1.19902291497034,0
1.19917800783219,0
1.19933310069404,0
1.19948819355589,0
1.19964328641774,0
1.19979837927959,0
1.19995347214144,0
1.2001085650033,0
1.20026365786515,0
1.200418750727,0
1.20057384358885,0
1.2007289364507,0
1.20088402931255,0
1.2010391221744,0
1.20119421503625,0
1.2013493078981,0
1.20150440075996,0
1.20165949362181,0
1.20181458648366,0
1.20196967934551,0
1.20212477220736,0
1.20227986506921,0
1.20243495793106,0
1.20259005079291,0
1.20274514365476,0
1.20290023651661,0
1.20305532937847,0
1.20321042224032,0
1.20336551510217,0
1.20352060796402,0
1.20367570082587,0
1.20383079368772,0
1.20398588654957,0
1.20414097941142,0
1.20429607227327,0
1.20445116513512,0
1.20460625799698,0
1.20476135085883,0
1.20491644372068,0
1.20507153658253,0
1.20522662944438,0
1.20538172230623,0
1.20553681516808,0
1.20569190802993,0
1.20584700089178,0
1.20600209375364,0
1.20615718661549,0
1.20631227947734,0
1.20646737233919,0
1.20662246520104,0
1.20677755806289,0
1.20693265092474,0
1.20708774378659,0
1.20724283664844,0
1.20739792951029,0
1.20755302237215,0
1.207708115234,0
1.20786320809585,0
1.2080183009577,0
1.20817339381955,0
1.2083284866814,0
1.20848357954325,0
1.2086386724051,0
1.20879376526695,0
1.2089488581288,0
1.20910395099066,0
1.20925904385251,0
1.20941413671436,0
1.20956922957621,0
1.20972432243806,0
1.20987941529991,0
1.21003450816176,0
1.21018960102361,0
1.21034469388546,0
1.21049978674732,0
1.21065487960917,0
1.21080997247102,0
1.21096506533287,0
1.21112015819472,0
1.21127525105657,0
1.21143034391842,0
1.21158543678027,0
1.21174052964212,0
1.21189562250397,0
1.21205071536583,0
1.21220580822768,0
1.21236090108953,0
1.21251599395138,0
1.21267108681323,0
1.21282617967508,0
1.21298127253693,0
1.21313636539878,0
1.21329145826063,0
1.21344655112248,0
1.21360164398434,0
1.21375673684619,0
1.21391182970804,0
1.21406692256989,0
1.21422201543174,0
1.21437710829359,0
1.21453220115544,0
1.21468729401729,0
1.21484238687914,0
1.21499747974099,0
1.21515257260285,0
1.2153076654647,0
1.21546275832655,0
1.2156178511884,0
1.21577294405025,0
1.2159280369121,0
1.21608312977395,0
1.2162382226358,0
1.21639331549765,0
1.21654840835951,0
1.21670350122136,0
1.21685859408321,0
1.21701368694506,0
1.21716877980691,0
1.21732387266876,0
1.21747896553061,0
1.21763405839246,0
1.21778915125431,0
1.21794424411616,0
1.21809933697802,0
1.21825442983987,0
1.21840952270172,0
1.21856461556357,0
1.21871970842542,0
1.21887480128727,0
1.21902989414912,0
1.21918498701097,0
1.21934007987282,0
1.21949517273467,0
1.21965026559653,0
1.21980535845838,0
1.21996045132023,0
1.22011554418208,0
1.22027063704393,0
1.22042572990578,0
1.22058082276763,0
1.22073591562948,0
1.22089100849133,0
1.22104610135319,0
1.22120119421504,0
1.22135628707689,0
1.22151137993874,0
1.22166647280059,0
1.22182156566244,0
1.22197665852429,0
1.22213175138614,0
1.22228684424799,0
1.22244193710984,0
1.2225970299717,0
1.22275212283355,0
1.2229072156954,0
1.22306230855725,0
1.2232174014191,0
1.22337249428095,0
1.2235275871428,0
1.22368268000465,0
1.2238377728665,0
1.22399286572835,0
1.22414795859021,0
1.22430305145206,0
1.22445814431391,0
1.22461323717576,0
1.22476833003761,0
1.22492342289946,0
1.22507851576131,0
1.22523360862316,0
1.22538870148501,0
1.22554379434687,0
1.22569888720872,0
1.22585398007057,0
1.22600907293242,0
1.22616416579427,0
1.22631925865612,0
1.22647435151797,0
1.22662944437982,0
1.22678453724167,0
1.22693963010352,0
1.22709472296538,0
1.22724981582723,0
1.22740490868908,0
1.22756000155093,0
1.22771509441278,0
1.22787018727463,0
1.22802528013648,0
1.22818037299833,0
1.22833546586018,0
1.22849055872203,0
1.22864565158389,0
1.22880074444574,0
1.22895583730759,0
1.22911093016944,0
1.22926602303129,0
1.22942111589314,0
1.22957620875499,0
1.22973130161684,0
1.22988639447869,0
1.23004148734055,0
1.2301965802024,0
1.23035167306425,0
1.2305067659261,0
1.23066185878795,0
1.2308169516498,0
1.23097204451165,0
1.2311271373735,0
1.23128223023535,0
1.2314373230972,0
1.23159241595906,0
1.23174750882091,0
1.23190260168276,0
1.23205769454461,0
1.23221278740646,0
1.23236788026831,0
1.23252297313016,0
1.23267806599201,0
1.23283315885386,0
1.23298825171571,0
1.23314334457757,0
1.23329843743942,0
1.23345353030127,0
1.23360862316312,0
1.23376371602497,0
1.23391880888682,0
1.23407390174867,0
1.23422899461052,0
1.23438408747237,0
1.23453918033423,0
1.23469427319608,0
1.23484936605793,0
1.23500445891978,0
1.23515955178163,0
1.23531464464348,0
1.23546973750533,0
1.23562483036718,0
1.23577992322903,0
1.23593501609088,0
1.23609010895274,0
1.23624520181459,0
1.23640029467644,0
1.23655538753829,0
1.23671048040014,0
1.23686557326199,0
1.23702066612384,0
1.23717575898569,0
1.23733085184754,0
1.23748594470939,0
1.23764103757125,0
1.2377961304331,0
1.23795122329495,0
1.2381063161568,0
1.23826140901865,0
1.2384165018805,0
1.23857159474235,0
1.2387266876042,0
1.23888178046605,0
1.23903687332791,0
1.23919196618976,0
1.23934705905161,0
1.23950215191346,0
1.23965724477531,0
1.23981233763716,0
1.23996743049901,0
1.24012252336086,0
1.24027761622271,0
1.24043270908456,0
1.24058780194642,0
1.24074289480827,0
1.24089798767012,0
1.24105308053197,0
1.24120817339382,0
1.24136326625567,0
1.24151835911752,0
1.24167345197937,0
1.24182854484122,0
1.24198363770307,0
1.24213873056493,0
1.24229382342678,0
1.24244891628863,0
1.24260400915048,0
1.24275910201233,0
1.24291419487418,0
1.24306928773603,0
1.24322438059788,0
1.24337947345973,0
1.24353456632159,0
1.24368965918344,0
1.24384475204529,0
1.24399984490714,0
1.24415493776899,0
1.24431003063084,0
1.24446512349269,0
1.24462021635454,0
1.24477530921639,0
1.24493040207824,0
1.2450854949401,0
1.24524058780195,0
1.2453956806638,0
1.24555077352565,0
1.2457058663875,0
1.24586095924935,0
1.2460160521112,0
1.24617114497305,0
1.2463262378349,0
1.24648133069675,0
1.24663642355861,0
1.24679151642046,0
1.24694660928231,0
1.24710170214416,0
1.24725679500601,0
1.24741188786786,0
1.24756698072971,0
1.24772207359156,0
1.24787716645341,0
1.24803225931527,0
1.24818735217712,0
1.24834244503897,0
1.24849753790082,0
1.24865263076267,0
1.24880772362452,0
1.24896281648637,0
1.24911790934822,0
1.24927300221007,0
1.24942809507192,0
1.24958318793378,0
1.24973828079563,0
1.24989337365748,0
1.25004846651933,0
1.25020355938118,0
1.25035865224303,0
1.25051374510488,0
1.25066883796673,0
1.25082393082858,0
1.25097902369043,0
1.25113411655229,0
1.25128920941414,0
1.25144430227599,0
1.25159939513784,0
1.25175448799969,0
1.25190958086154,0
1.25206467372339,0
1.25221976658524,0
1.25237485944709,0
1.25252995230895,0
1.2526850451708,0
1.25284013803265,0
1.2529952308945,0
1.25315032375635,0
1.2533054166182,0
1.25346050948005,0
1.2536156023419,0
1.25377069520375,0
1.2539257880656,0
1.25408088092746,0
1.25423597378931,0
1.25439106665116,0
1.25454615951301,0
1.25470125237486,0
1.25485634523671,0
1.25501143809856,0
1.25516653096041,0
1.25532162382226,0
1.25547671668411,0
1.25563180954597,0
1.25578690240782,0
1.25594199526967,0
1.25609708813152,0
1.25625218099337,0
1.25640727385522,0
1.25656236671707,0
1.25671745957892,0
1.25687255244077,0
1.25702764530263,0
1.25718273816448,0
1.25733783102633,0
1.25749292388818,0
1.25764801675003,0
1.25780310961188,0
1.25795820247373,0
1.25811329533558,0
1.25826838819743,0
1.25842348105928,0
1.25857857392114,0
1.25873366678299,0
1.25888875964484,0
1.25904385250669,0
1.25919894536854,0
1.25935403823039,0
1.25950913109224,0
1.25966422395409,0
1.25981931681594,0
1.25997440967779,0
1.26012950253965,0
1.2602845954015,0
1.26043968826335,0
1.2605947811252,0
1.26074987398705,0
1.2609049668489,0
1.26106005971075,0
1.2612151525726,0
1.26137024543445,0
1.2615253382963,0
1.26168043115816,0
1.26183552402001,0
1.26199061688186,0
1.26214570974371,0
1.26230080260556,0
1.26245589546741,0
1.26261098832926,0
1.26276608119111,0
1.26292117405296,0
1.26307626691482,0
1.26323135977667,0
1.26338645263852,0
1.26354154550037,0
1.26369663836222,0
1.26385173122407,0
1.26400682408592,0
1.26416191694777,0
1.26431700980962,0
1.26447210267147,0
1.26462719553333,0
1.26478228839518,0
1.26493738125703,0
1.26509247411888,0
1.26524756698073,0
1.26540265984258,0
1.26555775270443,0
1.26571284556628,0
1.26586793842813,0
1.26602303128998,0
1.26617812415184,0
1.26633321701369,0
1.26648830987554,0
1.26664340273739,0
1.26679849559924,0
1.26695358846109,0
1.26710868132294,0
1.26726377418479,0
1.26741886704664,0
1.2675739599085,0
1.26772905277035,0
1.2678841456322,0
1.26803923849405,0
1.2681943313559,0
1.26834942421775,0
1.2685045170796,0
1.26865960994145,0
1.2688147028033,0
1.26896979566515,0
1.26912488852701,0
1.26927998138886,0
1.26943507425071,0
1.26959016711256,0
1.26974525997441,0
1.26990035283626,0
1.27005544569811,0
1.27021053855996,0
1.27036563142181,0
1.27052072428366,0
1.27067581714552,0
1.27083091000737,0
1.27098600286922,0
1.27114109573107,0
1.27129618859292,0
1.27145128145477,0
1.27160637431662,0
1.27176146717847,0
1.27191656004032,0
1.27207165290218,0
1.27222674576403,0
1.27238183862588,0
1.27253693148773,0
1.27269202434958,0
1.27284711721143,0
1.27300221007328,0
1.27315730293513,0
1.27331239579698,0
1.27346748865883,0
1.27362258152069,0
1.27377767438254,0
1.27393276724439,0
1.27408786010624,0
1.27424295296809,0
1.27439804582994,0
1.27455313869179,0
1.27470823155364,0
1.27486332441549,0
1.27501841727734,0
1.2751735101392,0
1.27532860300105,0
1.2754836958629,0
1.27563878872475,0
1.2757938815866,0
1.27594897444845,0
1.2761040673103,0
1.27625916017215,0
1.276414253034,0
1.27656934589586,0
1.27672443875771,0
1.27687953161956,0
1.27703462448141,0
1.27718971734326,0
1.27734481020511,0
1.27749990306696,0
1.27765499592881,0
1.27781008879066,0
1.27796518165251,0
1.27812027451437,0
1.27827536737622,0
1.27843046023807,0
1.27858555309992,0
1.27874064596177,0
1.27889573882362,0
1.27905083168547,0
1.27920592454732,0
1.27936101740917,0
1.27951611027102,0
1.27967120313288,0
1.27982629599473,0
1.27998138885658,0
1.28013648171843,0
1.28029157458028,0
1.28044666744213,0
1.28060176030398,0
1.28075685316583,0
1.28091194602768,0
1.28106703888954,0
1.28122213175139,0
1.28137722461324,0
1.28153231747509,0
1.28168741033694,0
1.28184250319879,0
1.28199759606064,0
1.28215268892249,0
1.28230778178434,0
1.28246287464619,0
1.28261796750805,0
1.2827730603699,0
1.28292815323175,0
1.2830832460936,0
1.28323833895545,0
1.2833934318173,0
1.28354852467915,0
1.283703617541,0
1.28385871040285,0
1.2840138032647,0
1.28416889612656,0
1.28432398898841,0
1.28447908185026,0
1.28463417471211,0
1.28478926757396,0
1.28494436043581,0
1.28509945329766,0
1.28525454615951,0
1.28540963902136,0
1.28556473188322,0
1.28571982474507,0
1.28587491760692,0
1.28603001046877,0
1.28618510333062,0
1.28634019619247,0
1.28649528905432,0
1.28665038191617,0
1.28680547477802,0
1.28696056763987,0
1.28711566050173,0
1.28727075336358,0
1.28742584622543,0
1.28758093908728,0
1.28773603194913,0
1.28789112481098,0
1.28804621767283,0
1.28820131053468,0
1.28835640339653,0
1.28851149625838,0
1.28866658912024,0
1.28882168198209,0
1.28897677484394,0
1.28913186770579,0
1.28928696056764,0
1.28944205342949,0
1.28959714629134,0
1.28975223915319,0
1.28990733201504,0
1.2900624248769,0
1.29021751773875,0
1.2903726106006,0
1.29052770346245,0
1.2906827963243,0
1.29083788918615,0
1.290992982048,0
1.29114807490985,0
1.2913031677717,0
1.29145826063355,0
1.29161335349541,0
1.29176844635726,0
1.29192353921911,0
1.29207863208096,0
1.29223372494281,0
1.29238881780466,0
1.29254391066651,0
1.29269900352836,0
1.29285409639021,0
1.29300918925206,0
1.29316428211392,0
1.29331937497577,0
1.29347446783762,0
1.29362956069947,0
1.29378465356132,0
1.29393974642317,0
1.29409483928502,0
1.29424993214687,0
1.29440502500872,0
1.29456011787058,0
1.29471521073243,0
1.29487030359428,0
1.29502539645613,0
1.29518048931798,0
1.29533558217983,0
1.29549067504168,0
1.29564576790353,0
1.29580086076538,0
1.29595595362723,0
1.29611104648909,0
1.29626613935094,0
1.29642123221279,0
1.29657632507464,0
1.29673141793649,0
1.29688651079834,0
1.29704160366019,0
1.29719669652204,0
1.29735178938389,0
1.29750688224574,0
1.2976619751076,0
1.29781706796945,0
1.2979721608313,0
1.29812725369315,0
1.298282346555,0
1.29843743941685,0
1.2985925322787,0
1.29874762514055,0
1.2989027180024,0
1.29905781086425,0
1.29921290372611,0
1.29936799658796,0
1.29952308944981,0
1.29967818231166,0
1.29983327517351,0
1.29998836803536,0
1.30014346089721,0
1.30029855375906,0
1.30045364662091,0
1.30060873948277,0
1.30076383234462,0
1.30091892520647,0
1.30107401806832,0
1.30122911093017,0
1.30138420379202,0
1.30153929665387,0
1.30169438951572,0
1.30184948237757,0
1.30200457523942,0
1.30215966810128,0
1.30231476096313,0
1.30246985382498,0
1.30262494668683,0
1.30278003954868,0
1.30293513241053,0
1.30309022527238,0
1.30324531813423,0
1.30340041099608,0
1.30355550385793,0
1.30371059671979,0
1.30386568958164,0
1.30402078244349,0
1.30417587530534,0
1.30433096816719,0
1.30448606102904,0
1.30464115389089,0
1.30479624675274,0
1.30495133961459,0
1.30510643247645,0
1.3052615253383,0
1.30541661820015,0
1.305571711062,0
1.30572680392385,0
1.3058818967857,0
1.30603698964755,0
1.3061920825094,0
1.30634717537125,0
1.3065022682331,0
1.30665736109496,0
1.30681245395681,0
1.30696754681866,0
1.30712263968051,0
1.30727773254236,0
1.30743282540421,0
1.30758791826606,0
1.30774301112791,0
1.30789810398976,0
1.30805319685161,0
1.30820828971347,0
1.30836338257532,0
1.30851847543717,0
1.30867356829902,0
1.30882866116087,0
1.30898375402272,0
1.30913884688457,0
1.30929393974642,0
1.30944903260827,0
1.30960412547013,0
1.30975921833198,0
1.30991431119383,0
1.31006940405568,0
1.31022449691753,0
1.31037958977938,0
1.31053468264123,0
1.31068977550308,0
1.31084486836493,0
1.31099996122678,0
1.31115505408864,0
1.31131014695049,0
1.31146523981234,0
1.31162033267419,0
1.31177542553604,0
1.31193051839789,0
1.31208561125974,0
1.31224070412159,0
1.31239579698344,0
1.31255088984529,0
1.31270598270715,0
1.312861075569,0
1.31301616843085,0
1.3131712612927,0
1.31332635415455,0
1.3134814470164,0
1.31363653987825,0
1.3137916327401,0
1.31394672560195,0
1.31410181846381,0
1.31425691132566,0
1.31441200418751,0
1.31456709704936,0
1.31472218991121,0
1.31487728277306,0
1.31503237563491,0
1.31518746849676,0
1.31534256135861,0
1.31549765422046,0
1.31565274708232,0
1.31580783994417,0
1.31596293280602,0
1.31611802566787,0
1.31627311852972,0
1.31642821139157,0
1.31658330425342,0
1.31673839711527,0
1.31689348997712,0
1.31704858283897,0
1.31720367570083,0
1.31735876856268,0
1.31751386142453,0
1.31766895428638,0
1.31782404714823,0
1.31797914001008,0
1.31813423287193,0
1.31828932573378,0
1.31844441859563,0
1.31859951145749,0
1.31875460431934,0
1.31890969718119,0
1.31906479004304,0
1.31921988290489,0
1.31937497576674,0
1.31953006862859,0
1.31968516149044,0
1.31984025435229,0
1.31999534721414,0
1.320150440076,0
1.32030553293785,0
1.3204606257997,0
1.32061571866155,0
1.3207708115234,0
1.32092590438525,0
1.3210809972471,0
1.32123609010895,0
1.3213911829708,0
1.32154627583265,0
1.32170136869451,0
1.32185646155636,0
1.32201155441821,0
1.32216664728006,0
1.32232174014191,0
1.32247683300376,0
1.32263192586561,0
1.32278701872746,0
1.32294211158931,0
1.32309720445117,0
1.32325229731302,0
1.32340739017487,0
1.32356248303672,0
1.32371757589857,0
1.32387266876042,0
1.32402776162227,0
1.32418285448412,0
1.32433794734597,0
1.32449304020782,0
1.32464813306968,0
1.32480322593153,0
1.32495831879338,0
1.32511341165523,0
1.32526850451708,0
1.32542359737893,0
1.32557869024078,0
1.32573378310263,0
1.32588887596448,0
1.32604396882633,0
1.32619906168819,0
1.32635415455004,0
1.32650924741189,0
1.32666434027374,0
1.32681943313559,0
1.32697452599744,0
1.32712961885929,0
1.32728471172114,0
1.32743980458299,0
1.32759489744485,0
1.3277499903067,0
1.32790508316855,0
1.3280601760304,0
1.32821526889225,0
1.3283703617541,0
1.32852545461595,0
1.3286805474778,0
1.32883564033965,0
1.3289907332015,0
1.32914582606336,0
1.32930091892521,0
1.32945601178706,0
1.32961110464891,0
1.32976619751076,0
1.32992129037261,0
1.33007638323446,0
1.33023147609631,0
1.33038656895816,0
1.33054166182001,0
1.33069675468187,0
1.33085184754372,0
1.33100694040557,0
1.33116203326742,0
1.33131712612927,0
1.33147221899112,0
1.33162731185297,0
1.33178240471482,0
1.33193749757667,0
1.33209259043853,0
1.33224768330038,0
1.33240277616223,0
1.33255786902408,0
1.33271296188593,0
1.33286805474778,0
1.33302314760963,0
1.33317824047148,0
1.33333333333333,0
1.33348842619518,0
1.33364351905704,0
1.33379861191889,0
1.33395370478074,0
1.33410879764259,0
1.33426389050444,0
1.33441898336629,0
1.33457407622814,0
1.33472916908999,0
1.33488426195184,0
1.33503935481369,0
1.33519444767555,0
1.3353495405374,0
1.33550463339925,0
1.3356597262611,0
1.33581481912295,0
1.3359699119848,0
1.33612500484665,0
1.3362800977085,0
1.33643519057035,0
1.3365902834322,0
1.33674537629406,0
1.33690046915591,0
1.33705556201776,0
1.33721065487961,0
1.33736574774146,0
1.33752084060331,0
1.33767593346516,0
1.33783102632701,0
1.33798611918886,0
1.33814121205072,0
1.33829630491257,0
1.33845139777442,0
1.33860649063627,0
1.33876158349812,0
1.33891667635997,0
1.33907176922182,0
1.33922686208367,0
1.33938195494552,0
1.33953704780737,0
1.33969214066923,0
1.33984723353108,0
1.34000232639293,0
1.34015741925478,0
1.34031251211663,0
1.34046760497848,0
1.34062269784033,0
1.34077779070218,0
1.34093288356403,0
1.34108797642588,0
1.34124306928774,0
1.34139816214959,0
1.34155325501144,0
1.34170834787329,0
1.34186344073514,0
1.34201853359699,0
1.34217362645884,0
1.34232871932069,0
1.34248381218254,0
1.3426389050444,0
1.34279399790625,0
1.3429490907681,0
1.34310418362995,0
1.3432592764918,0
1.34341436935365,0
1.3435694622155,0
1.34372455507735,0
1.3438796479392,0
1.34403474080105,0
1.34418983366291,0
1.34434492652476,0
1.34450001938661,0
1.34465511224846,0
1.34481020511031,0
1.34496529797216,0
1.34512039083401,0
1.34527548369586,0
1.34543057655771,0
1.34558566941956,24.3084709268137
1.34574076228142,0
1.34589585514327,0
1.34605094800512,0
1.34620604086697,0
1.34636113372882,0
1.34651622659067,0
1.34667131945252,0
1.34682641231437,0
1.34698150517622,0
1.34713659803808,0
1.34729169089993,0
1.34744678376178,0
1.34760187662363,0
1.34775696948548,0
1.34791206234733,0
1.34806715520918,0
1.34822224807103,0
1.34837734093288,0
1.34853243379473,0
1.34868752665659,0
1.34884261951844,0
1.34899771238029,0
1.34915280524214,0
1.34930789810399,0
1.34946299096584,0
1.34961808382769,0
1.34977317668954,0
1.34992826955139,0
1.35008336241324,0
1.3502384552751,0
1.35039354813695,0
1.3505486409988,0
1.35070373386065,0
1.3508588267225,0
1.35101391958435,0
1.3511690124462,0
1.35132410530805,0
1.3514791981699,0
1.35163429103176,0
1.35178938389361,0
1.35194447675546,0
1.35209956961731,0
1.35225466247916,0
1.35240975534101,0
1.35256484820286,0
1.35271994106471,0
1.35287503392656,0
1.35303012678841,0
1.35318521965027,0
1.35334031251212,0
1.35349540537397,0
1.35365049823582,0
1.35380559109767,0
1.35396068395952,0
1.35411577682137,0
1.35427086968322,0
1.35442596254507,0
1.35458105540692,0
1.35473614826878,0
1.35489124113063,0
1.35504633399248,0
1.35520142685433,0
1.35535651971618,0
1.35551161257803,0
1.35566670543988,0
1.35582179830173,0
1.35597689116358,0
1.35613198402544,0
1.35628707688729,0
1.35644216974914,0
1.35659726261099,0
1.35675235547284,0
1.35690744833469,0
1.35706254119654,0
1.35721763405839,0
1.35737272692024,0
1.35752781978209,0
1.35768291264395,0
1.3578380055058,0
1.35799309836765,0
1.3581481912295,0
1.35830328409135,0
1.3584583769532,0
1.35861346981505,0
1.3587685626769,0
1.35892365553875,0
1.3590787484006,0
1.35923384126246,0
1.35938893412431,0
1.35954402698616,0
1.35969911984801,0
1.35985421270986,0
1.36000930557171,0
1.36016439843356,0
1.36031949129541,0
1.36047458415726,0
1.36062967701912,0
1.36078476988097,0
1.36093986274282,0
1.36109495560467,0
1.36125004846652,0
1.36140514132837,0
1.36156023419022,0
1.36171532705207,0
1.36187041991392,0
1.36202551277577,0
1.36218060563763,0
1.36233569849948,0
1.36249079136133,0
1.36264588422318,0
1.36280097708503,0
1.36295606994688,0
1.36311116280873,0
1.36326625567058,0
1.36342134853243,0
1.36357644139428,0
1.36373153425614,0
1.36388662711799,0
1.36404171997984,0
1.36419681284169,0
1.36435190570354,0
1.36450699856539,0
1.36466209142724,0
1.36481718428909,0
1.36497227715094,0
1.3651273700128,0
1.36528246287465,0
1.3654375557365,0
1.36559264859835,0
1.3657477414602,0
1.36590283432205,0
1.3660579271839,0
1.36621302004575,0
1.3663681129076,0
1.36652320576945,0
1.36667829863131,0
1.36683339149316,0
1.36698848435501,0
1.36714357721686,0
1.36729867007871,0
1.36745376294056,0
1.36760885580241,0
1.36776394866426,0
1.36791904152611,0
1.36807413438796,0
1.36822922724982,0
1.36838432011167,0
1.36853941297352,0
1.36869450583537,0
1.36884959869722,0
1.36900469155907,0
1.36915978442092,0
1.36931487728277,0
1.36946997014462,0
1.36962506300648,0
1.36978015586833,0
1.36993524873018,0
1.37009034159203,0
1.37024543445388,0
1.37040052731573,0
1.37055562017758,0
1.37071071303943,0
1.37086580590128,0
1.37102089876313,0
1.37117599162499,0
1.37133108448684,0
1.37148617734869,0
1.37164127021054,0
1.37179636307239,0
1.37195145593424,0
1.37210654879609,0
1.37226164165794,0
1.37241673451979,0
1.37257182738164,0
1.3727269202435,0
1.37288201310535,0
1.3730371059672,0
1.37319219882905,0
1.3733472916909,0
1.37350238455275,0
1.3736574774146,0
1.37381257027645,0
1.3739676631383,0
1.37412275600015,0
1.37427784886201,0
1.37443294172386,0
1.37458803458571,0
1.37474312744756,0
1.37489822030941,0
1.37505331317126,0
1.37520840603311,0
1.37536349889496,0
1.37551859175681,0
1.37567368461867,0
1.37582877748052,0
1.37598387034237,0
1.37613896320422,0
1.37629405606607,0
1.37644914892792,0
1.37660424178977,0
1.37675933465162,0
1.37691442751347,0
1.37706952037532,0
1.37722461323718,0
1.37737970609903,0
1.37753479896088,0
1.37768989182273,0
1.37784498468458,0
1.37800007754643,0
1.37815517040828,0
1.37831026327013,0
1.37846535613198,0
1.37862044899383,0
1.37877554185569,0
1.37893063471754,0
1.37908572757939,0
1.37924082044124,0
1.37939591330309,0
1.37955100616494,0
1.37970609902679,0
1.37986119188864,0
1.38001628475049,0
1.38017137761235,0
1.3803264704742,0
1.38048156333605,0
1.3806366561979,0
1.38079174905975,0
1.3809468419216,0
1.38110193478345,0
1.3812570276453,0
1.38141212050715,0
1.381567213369,0
1.38172230623086,0
1.38187739909271,0
1.38203249195456,0
1.38218758481641,0
1.38234267767826,0
1.38249777054011,0
1.38265286340196,0
1.38280795626381,0
1.38296304912566,0
1.38311814198751,0
1.38327323484937,0
1.38342832771122,0
1.38358342057307,0
1.38373851343492,0
1.38389360629677,0
1.38404869915862,0
1.38420379202047,0
1.38435888488232,0
1.38451397774417,0
1.38466907060603,0
1.38482416346788,0
1.38497925632973,0
1.38513434919158,0
1.38528944205343,0
1.38544453491528,0
1.38559962777713,0
1.38575472063898,0
1.38590981350083,0
1.38606490636268,0
1.38621999922454,0
1.38637509208639,0
1.38653018494824,0
1.38668527781009,0
1.38684037067194,0
1.38699546353379,0
1.38715055639564,0
1.38730564925749,0
1.38746074211934,0
1.38761583498119,0
1.38777092784305,0
1.3879260207049,0
1.38808111356675,0
1.3882362064286,0
1.38839129929045,0
1.3885463921523,0
1.38870148501415,0
1.388856577876,0
1.38901167073785,0
1.38916676359971,0
1.38932185646156,0
1.38947694932341,0
1.38963204218526,0
1.38978713504711,0
1.38994222790896,0
1.39009732077081,0
1.39025241363266,0
1.39040750649451,0
1.39056259935636,0
1.39071769221822,0
1.39087278508007,0
1.39102787794192,0
1.39118297080377,0
1.39133806366562,0
1.39149315652747,0
1.39164824938932,0
1.39180334225117,0
1.39195843511302,0
1.39211352797487,0
1.39226862083673,0
1.39242371369858,0
1.39257880656043,0
1.39273389942228,0
1.39288899228413,0
1.39304408514598,0
1.39319917800783,0
1.39335427086968,0
1.39350936373153,0
1.39366445659339,0
1.39381954945524,0
1.39397464231709,0
1.39412973517894,0
1.39428482804079,0
1.39443992090264,0
1.39459501376449,0
1.39475010662634,0
1.39490519948819,0
1.39506029235004,0
1.3952153852119,0
1.39537047807375,0
1.3955255709356,0
1.39568066379745,0
1.3958357566593,0
1.39599084952115,0
1.396145942383,0
1.39630103524485,0
1.3964561281067,0
1.39661122096855,0
1.39676631383041,0
1.39692140669226,0
1.39707649955411,0
1.39723159241596,0
1.39738668527781,0
1.39754177813966,0
1.39769687100151,0
1.39785196386336,0
1.39800705672521,0
1.39816214958707,0
1.39831724244892,0
1.39847233531077,0
1.39862742817262,0
1.39878252103447,0
1.39893761389632,0
1.39909270675817,0
1.39924779962002,0
1.39940289248187,0
1.39955798534372,0
1.39971307820558,0
1.39986817106743,0
1.40002326392928,0
1.40017835679113,0
1.40033344965298,0
1.40048854251483,0
1.40064363537668,0
1.40079872823853,0
1.40095382110038,0
1.40110891396223,0
1.40126400682409,0
1.40141909968594,0
1.40157419254779,0
1.40172928540964,0
1.40188437827149,0
1.40203947113334,0
1.40219456399519,0
1.40234965685704,0
1.40250474971889,0
1.40265984258075,0
1.4028149354426,0
1.40297002830445,0
1.4031251211663,0
1.40328021402815,0
1.40343530689,0
1.40359039975185,0
1.4037454926137,0
1.40390058547555,0
1.4040556783374,0
1.40421077119926,0
1.40436586406111,0
1.40452095692296,0
1.40467604978481,0
1.40483114264666,0
1.40498623550851,0
1.40514132837036,0
1.40529642123221,0
1.40545151409406,0
1.40560660695591,0
1.40576169981777,0
1.40591679267962,0
1.40607188554147,0
1.40622697840332,0
1.40638207126517,0
1.40653716412702,0
1.40669225698887,0
1.40684734985072,0
1.40700244271257,0
1.40715753557443,0
1.40731262843628,0
1.40746772129813,0
1.40762281415998,0
1.40777790702183,0
1.40793299988368,0
1.40808809274553,0
1.40824318560738,0
1.40839827846923,0
1.40855337133108,0
1.40870846419294,0
1.40886355705479,0
1.40901864991664,0
1.40917374277849,0
1.40932883564034,0
1.40948392850219,0
1.40963902136404,0
1.40979411422589,0
1.40994920708774,0
1.41010429994959,0
1.41025939281145,0
1.4104144856733,0
1.41056957853515,0
1.410724671397,0
1.41087976425885,0
1.4110348571207,0
1.41118994998255,0
1.4113450428444,0
1.41150013570625,0
1.41165522856811,0
1.41181032142996,0
1.41196541429181,0
1.41212050715366,0
1.41227560001551,0
1.41243069287736,0
1.41258578573921,0
1.41274087860106,0
1.41289597146291,0
1.41305106432476,0
1.41320615718662,0
1.41336125004847,0
1.41351634291032,0
1.41367143577217,0
1.41382652863402,0
1.41398162149587,0
1.41413671435772,0
1.41429180721957,0
1.41444690008142,0
1.41460199294327,0
1.41475708580513,0
1.41491217866698,0
1.41506727152883,0
1.41522236439068,0
1.41537745725253,0
1.41553255011438,0
1.41568764297623,0
1.41584273583808,0
1.41599782869993,0
1.41615292156179,0
1.41630801442364,0
1.41646310728549,0
1.41661820014734,0
1.41677329300919,0
1.41692838587104,0
1.41708347873289,0
1.41723857159474,0
1.41739366445659,0
1.41754875731844,0
1.4177038501803,0
1.41785894304215,0
1.418014035904,0
1.41816912876585,0
1.4183242216277,0
1.41847931448955,0
1.4186344073514,0
1.41878950021325,0
1.4189445930751,0
1.41909968593695,0
1.41925477879881,0
1.41940987166066,0
1.41956496452251,0
1.41972005738436,0
1.41987515024621,0
1.42003024310806,0
1.42018533596991,0
1.42034042883176,0
1.42049552169361,0
1.42065061455547,0
1.42080570741732,0
1.42096080027917,0
1.42111589314102,0
1.42127098600287,0
1.42142607886472,0
1.42158117172657,0
1.42173626458842,0
1.42189135745027,0
1.42204645031212,0
1.42220154317398,0
1.42235663603583,0
1.42251172889768,0
1.42266682175953,0
1.42282191462138,0
1.42297700748323,0
1.42313210034508,0
1.42328719320693,0
1.42344228606878,0
1.42359737893063,0
1.42375247179249,0
1.42390756465434,0
1.42406265751619,0
1.42421775037804,0
1.42437284323989,0
1.42452793610174,0
1.42468302896359,0
1.42483812182544,0
1.42499321468729,0
1.42514830754915,0
1.425303400411,0
1.42545849327285,0
1.4256135861347,0
1.42576867899655,0
1.4259237718584,0
1.42607886472025,0
1.4262339575821,0
1.42638905044395,0
1.4265441433058,0
1.42669923616766,0
1.42685432902951,0
1.42700942189136,0
1.42716451475321,0
1.42731960761506,0
1.42747470047691,0
1.42762979333876,0
1.42778488620061,0
1.42793997906246,0
1.42809507192431,0
1.42825016478617,0
1.42840525764802,0
1.42856035050987,0
1.42871544337172,0
1.42887053623357,0
1.42902562909542,0
1.42918072195727,0
1.42933581481912,0
1.42949090768097,0
1.42964600054283,0
1.42980109340468,0
1.42995618626653,0
1.43011127912838,0
1.43026637199023,0
1.43042146485208,0
1.43057655771393,0
1.43073165057578,0
1.43088674343763,0
1.43104183629948,0
1.43119692916134,0
1.43135202202319,0
1.43150711488504,0
1.43166220774689,0
1.43181730060874,0
1.43197239347059,0
1.43212748633244,0
1.43228257919429,0
1.43243767205614,0
1.43259276491799,0
1.43274785777985,0
1.4329029506417,0
1.43305804350355,0
1.4332131363654,0
1.43336822922725,0
1.4335233220891,0
1.43367841495095,0
1.4338335078128,0
1.43398860067465,0
1.43414369353651,0
1.43429878639836,0
1.43445387926021,0
1.43460897212206,0
1.43476406498391,0
1.43491915784576,0
1.43507425070761,0
1.43522934356946,0
1.43538443643131,0
1.43553952929316,0
1.43569462215502,0
1.43584971501687,0
1.43600480787872,0
1.43615990074057,0
1.43631499360242,0
1.43647008646427,0
1.43662517932612,0
1.43678027218797,0
1.43693536504982,0
1.43709045791167,0
1.43724555077353,0
1.43740064363538,0
1.43755573649723,0
1.43771082935908,0
1.43786592222093,0
1.43802101508278,0
1.43817610794463,0
1.43833120080648,0
1.43848629366833,0
1.43864138653019,0
1.43879647939204,0
1.43895157225389,0
1.43910666511574,0
1.43926175797759,0
1.43941685083944,0
1.43957194370129,0
1.43972703656314,0
1.43988212942499,0
1.44003722228684,0
1.4401923151487,0
1.44034740801055,0
1.4405025008724,0
1.44065759373425,0
1.4408126865961,0
1.44096777945795,0
1.4411228723198,0
1.44127796518165,0
1.4414330580435,0
1.44158815090535,0
1.44174324376721,0
1.44189833662906,0
1.44205342949091,0
1.44220852235276,0
1.44236361521461,0
1.44251870807646,0
1.44267380093831,0
1.44282889380016,0
1.44298398666201,0
1.44313907952386,0
1.44329417238572,0
1.44344926524757,0
1.44360435810942,0
1.44375945097127,0
1.44391454383312,0
1.44406963669497,0
1.44422472955682,0
1.44437982241867,0
1.44453491528052,0
1.44469000814238,0
1.44484510100423,0
1.44500019386608,0
1.44515528672793,0
1.44531037958978,0
1.44546547245163,0
1.44562056531348,0
1.44577565817533,0
1.44593075103718,0
1.44608584389903,0
1.44624093676089,0
1.44639602962274,0
1.44655112248459,0
1.44670621534644,0
1.44686130820829,0
1.44701640107014,0
1.44717149393199,0
1.44732658679384,0
1.44748167965569,0
1.44763677251754,0
1.4477918653794,0
1.44794695824125,0
1.4481020511031,0
1.44825714396495,0
1.4484122368268,0
1.44856732968865,0
1.4487224225505,0
1.44887751541235,0
1.4490326082742,0
1.44918770113606,0
1.44934279399791,0
1.44949788685976,0
1.44965297972161,0
1.44980807258346,0
1.44996316544531,0
1.45011825830716,0
1.45027335116901,0
1.45042844403086,0
1.45058353689271,0
1.45073862975457,0
1.45089372261642,0
1.45104881547827,0
1.45120390834012,0
1.45135900120197,0
1.45151409406382,0
1.45166918692567,0
1.45182427978752,0
1.45197937264937,0
1.45213446551122,0
1.45228955837308,0
1.45244465123493,0
1.45259974409678,0
1.45275483695863,0
1.45290992982048,0
1.45306502268233,0
1.45322011554418,0
1.45337520840603,0
1.45353030126788,0
1.45368539412974,0
1.45384048699159,0
1.45399557985344,0
1.45415067271529,0
1.45430576557714,0
1.45446085843899,0
1.45461595130084,0
1.45477104416269,0
1.45492613702454,0
1.45508122988639,0
1.45523632274825,0
1.4553914156101,0
1.45554650847195,0
1.4557016013338,0
1.45585669419565,0
1.4560117870575,0
1.45616687991935,0
1.4563219727812,0
1.45647706564305,0
1.4566321585049,0
1.45678725136676,0
1.45694234422861,0
1.45709743709046,0
1.45725252995231,0
1.45740762281416,0
1.45756271567601,0
1.45771780853786,0
1.45787290139971,0
1.45802799426156,0
1.45818308712342,0
1.45833817998527,0
1.45849327284712,0
1.45864836570897,0
1.45880345857082,0
1.45895855143267,0
1.45911364429452,0
1.45926873715637,0
1.45942383001822,0
1.45957892288007,0
1.45973401574193,0
1.45988910860378,0
1.46004420146563,0
1.46019929432748,0
1.46035438718933,0
1.46050948005118,0
1.46066457291303,0
1.46081966577488,0
1.46097475863673,0
1.46112985149858,0
1.46128494436044,0
1.46144003722229,0
1.46159513008414,0
1.46175022294599,0
1.46190531580784,0
1.46206040866969,0
1.46221550153154,0
1.46237059439339,0
1.46252568725524,0
1.4626807801171,0
1.46283587297895,0
1.4629909658408,0
1.46314605870265,0
1.4633011515645,0
1.46345624442635,0
1.4636113372882,0
1.46376643015005,0
1.4639215230119,0
1.46407661587375,0
1.46423170873561,0
1.46438680159746,0
1.46454189445931,0
1.46469698732116,0
1.46485208018301,0
1.46500717304486,24.2900446855346
1.46516226590671,0
1.46531735876856,0
1.46547245163041,0
1.46562754449226,0
1.46578263735412,0
1.46593773021597,0
1.46609282307782,0
1.46624791593967,0
1.46640300880152,0
1.46655810166337,0
1.46671319452522,0
1.46686828738707,0
1.46702338024892,0
1.46717847311078,0
1.46733356597263,0
1.46748865883448,0
1.46764375169633,0
1.46779884455818,0
1.46795393742003,0
1.46810903028188,0
1.46826412314373,0
1.46841921600558,0
1.46857430886743,0
1.46872940172929,0
1.46888449459114,0
1.46903958745299,0
1.46919468031484,0
1.46934977317669,0
1.46950486603854,0
1.46965995890039,0
1.46981505176224,0
1.46997014462409,0
1.47012523748594,0
1.4702803303478,0
1.47043542320965,0
1.4705905160715,0
1.47074560893335,0
1.4709007017952,0
1.47105579465705,0
1.4712108875189,0
1.47136598038075,0
1.4715210732426,0
1.47167616610446,0
1.47183125896631,0
1.47198635182816,0
1.47214144469001,0
1.47229653755186,0
1.47245163041371,0
1.47260672327556,0
1.47276181613741,0
1.47291690899926,0
1.47307200186111,0
1.47322709472297,0
1.47338218758482,0
1.47353728044667,0
1.47369237330852,0
1.47384746617037,0
1.47400255903222,0
1.47415765189407,0
1.47431274475592,0
1.47446783761777,0
1.47462293047962,0
1.47477802334148,0
1.47493311620333,0
1.47508820906518,0
1.47524330192703,0
1.47539839478888,0
1.47555348765073,0
1.47570858051258,0
1.47586367337443,0
1.47601876623628,0
1.47617385909814,0
1.47632895195999,0
1.47648404482184,0
1.47663913768369,0
1.47679423054554,0
1.47694932340739,0
1.47710441626924,0
1.47725950913109,0
1.47741460199294,0
1.47756969485479,0
1.47772478771665,0
1.4778798805785,0
1.47803497344035,0
1.4781900663022,0
1.47834515916405,0
1.4785002520259,0
1.47865534488775,0
1.4788104377496,0
1.47896553061145,0
1.4791206234733,0
1.47927571633516,0
1.47943080919701,0
1.47958590205886,0
1.47974099492071,0
1.47989608778256,0
1.48005118064441,0
1.48020627350626,0
1.48036136636811,0
1.48051645922996,0
1.48067155209182,0
1.48082664495367,0
1.48098173781552,0
1.48113683067737,0
1.48129192353922,0
1.48144701640107,0
1.48160210926292,0
1.48175720212477,0
1.48191229498662,0
1.48206738784847,0
1.48222248071033,0
1.48237757357218,0
1.48253266643403,0
1.48268775929588,0
1.48284285215773,0
1.48299794501958,0
1.48315303788143,0
1.48330813074328,0
1.48346322360513,0
1.48361831646698,0
1.48377340932884,0
1.48392850219069,0
1.48408359505254,0
1.48423868791439,0
1.48439378077624,0
1.48454887363809,0
1.48470396649994,0
1.48485905936179,0
1.48501415222364,0
1.48516924508549,0
1.48532433794735,0
1.4854794308092,0
1.48563452367105,0
1.4857896165329,0
1.48594470939475,0
1.4860998022566,0
1.48625489511845,0
1.4864099879803,0
1.48656508084215,0
1.48672017370401,0
1.48687526656586,0
1.48703035942771,0
1.48718545228956,0
1.48734054515141,0
1.48749563801326,0
1.48765073087511,0
1.48780582373696,0
1.48796091659881,0
1.48811600946066,0
1.48827110232252,0
1.48842619518437,0
1.48858128804622,0
1.48873638090807,0
1.48889147376992,0
1.48904656663177,0
1.48920165949362,0
1.48935675235547,0
1.48951184521732,0
1.48966693807917,0
1.48982203094103,0
1.48997712380288,0
1.49013221666473,0
1.49028730952658,0
1.49044240238843,0
1.49059749525028,0
1.49075258811213,0
1.49090768097398,0
1.49106277383583,0
1.49121786669769,0
1.49137295955954,0
1.49152805242139,0
1.49168314528324,0
1.49183823814509,0
1.49199333100694,0
1.49214842386879,0
1.49230351673064,0
1.49245860959249,0
1.49261370245434,0
1.4927687953162,0
1.49292388817805,0
1.4930789810399,0
1.49323407390175,0
1.4933891667636,0
1.49354425962545,0
1.4936993524873,0
1.49385444534915,0
1.494009538211,0
1.49416463107285,0
1.49431972393471,0
1.49447481679656,0
1.49462990965841,0
1.49478500252026,0
1.49494009538211,0
1.49509518824396,0
1.49525028110581,0
1.49540537396766,0
1.49556046682951,0
1.49571555969137,0
1.49587065255322,0
1.49602574541507,0
1.49618083827692,0
1.49633593113877,0
1.49649102400062,0
1.49664611686247,0
1.49680120972432,0
1.49695630258617,0
1.49711139544802,0
1.49726648830988,0
1.49742158117173,0
1.49757667403358,0
1.49773176689543,0
1.49788685975728,0
1.49804195261913,0
1.49819704548098,0
1.49835213834283,0
1.49850723120468,0
1.49866232406653,0
1.49881741692839,0
1.49897250979024,0
1.49912760265209,0
1.49928269551394,0
1.49943778837579,0
1.49959288123764,0
1.49974797409949,0
1.49990306696134,0
1.50005815982319,0
1.50021325268505,0
1.5003683455469,0
1.50052343840875,0
1.5006785312706,0
1.50083362413245,0
1.5009887169943,0
1.50114380985615,0
1.501298902718,0
1.50145399557985,0
1.5016090884417,0
1.50176418130356,0
1.50191927416541,0
1.50207436702726,0
1.50222945988911,0
1.50238455275096,0
1.50253964561281,0
1.50269473847466,0
1.50284983133651,0
1.50300492419836,0
1.50316001706021,0
1.50331510992207,0
1.50347020278392,0
1.50362529564577,0
1.50378038850762,0
1.50393548136947,0
1.50409057423132,0
1.50424566709317,0
1.50440075995502,0
1.50455585281687,0
1.50471094567873,0
1.50486603854058,0
1.50502113140243,0
1.50517622426428,0
1.50533131712613,0
1.50548640998798,0
1.50564150284983,0
1.50579659571168,0
1.50595168857353,0
1.50610678143538,0
1.50626187429724,0
1.50641696715909,0
1.50657206002094,0
1.50672715288279,0
1.50688224574464,0
1.50703733860649,0
1.50719243146834,0
1.50734752433019,0
1.50750261719204,0
1.50765771005389,0
1.50781280291575,0
1.5079678957776,0
1.50812298863945,0
1.5082780815013,0
1.50843317436315,0
1.508588267225,0
1.50874336008685,0
1.5088984529487,0
1.50905354581055,0
1.50920863867241,0
1.50936373153426,0
1.50951882439611,0
1.50967391725796,0
1.50982901011981,0
1.50998410298166,0
1.51013919584351,0
1.51029428870536,0
1.51044938156721,0
1.51060447442906,0
1.51075956729092,0
1.51091466015277,0
1.51106975301462,0
1.51122484587647,0
1.51137993873832,0
1.51153503160017,0
1.51169012446202,0
1.51184521732387,0
1.51200031018572,0
1.51215540304757,0
1.51231049590943,0
1.51246558877128,0
1.51262068163313,0
1.51277577449498,0
1.51293086735683,0
1.51308596021868,0
1.51324105308053,0
1.51339614594238,0
1.51355123880423,0
1.51370633166609,0
1.51386142452794,0
1.51401651738979,0
1.51417161025164,0
1.51432670311349,0
1.51448179597534,0
1.51463688883719,0
1.51479198169904,0
1.51494707456089,0
1.51510216742274,0
1.5152572602846,0
1.51541235314645,0
1.5155674460083,0
1.51572253887015,0
1.515877631732,0
1.51603272459385,0
1.5161878174557,0
1.51634291031755,0
1.5164980031794,0
1.51665309604125,0
1.51680818890311,0
1.51696328176496,0
1.51711837462681,0
1.51727346748866,0
1.51742856035051,0
1.51758365321236,0
1.51773874607421,0
1.51789383893606,0
1.51804893179791,0
1.51820402465977,0
1.51835911752162,0
1.51851421038347,0
1.51866930324532,0
1.51882439610717,0
1.51897948896902,0
1.51913458183087,0
1.51928967469272,0
1.51944476755457,0
1.51959986041642,0
1.51975495327828,0
1.51991004614013,0
1.52006513900198,0
1.52022023186383,0
1.52037532472568,0
1.52053041758753,0
1.52068551044938,0
1.52084060331123,0
1.52099569617308,0
1.52115078903493,0
1.52130588189679,0
1.52146097475864,0
1.52161606762049,0
1.52177116048234,0
1.52192625334419,0
1.52208134620604,0
1.52223643906789,0
1.52239153192974,0
1.52254662479159,0
1.52270171765344,0
1.5228568105153,0
1.52301190337715,0
1.523166996239,0
1.52332208910085,0
1.5234771819627,0
1.52363227482455,0
1.5237873676864,0
1.52394246054825,0
1.5240975534101,0
1.52425264627196,0
1.52440773913381,0
1.52456283199566,0
1.52471792485751,0
1.52487301771936,0
1.52502811058121,0
1.52518320344306,0
1.52533829630491,0
1.52549338916676,0
1.52564848202861,0
1.52580357489047,0
1.52595866775232,0
1.52611376061417,0
1.52626885347602,0
1.52642394633787,0
1.52657903919972,0
1.52673413206157,0
1.52688922492342,0
1.52704431778527,0
1.52719941064712,0
1.52735450350898,0
1.52750959637083,0
1.52766468923268,0
1.52781978209453,0
1.52797487495638,0
1.52812996781823,0
1.52828506068008,0
1.52844015354193,0
1.52859524640378,0
1.52875033926564,0
1.52890543212749,0
1.52906052498934,0
1.52921561785119,0
1.52937071071304,0
1.52952580357489,0
1.52968089643674,0
1.52983598929859,0
1.52999108216044,0
1.53014617502229,0
1.53030126788415,0
1.530456360746,0
1.53061145360785,0
1.5307665464697,0
1.53092163933155,0
1.5310767321934,0
1.53123182505525,0
1.5313869179171,0
1.53154201077895,0
1.5316971036408,0
1.53185219650266,0
1.53200728936451,0
1.53216238222636,0
1.53231747508821,0
1.53247256795006,0
1.53262766081191,0
1.53278275367376,0
1.53293784653561,0
1.53309293939746,0
1.53324803225932,0
1.53340312512117,0
1.53355821798302,0
1.53371331084487,0
1.53386840370672,0
1.53402349656857,0
1.53417858943042,0
1.53433368229227,0
1.53448877515412,0
1.53464386801597,0
1.53479896087783,0
1.53495405373968,0
1.53510914660153,0
1.53526423946338,0
1.53541933232523,0
1.53557442518708,0
1.53572951804893,0
1.53588461091078,0
1.53603970377263,0
1.53619479663448,0
1.53634988949634,0
1.53650498235819,0
1.53666007522004,0
1.53681516808189,0
1.53697026094374,0
1.53712535380559,0
1.53728044666744,0
1.53743553952929,0
1.53759063239114,0
1.537745725253,0
1.53790081811485,0
1.5380559109767,0
1.53821100383855,0
1.5383660967004,0
1.53852118956225,0
1.5386762824241,0
1.53883137528595,0
1.5389864681478,0
1.53914156100965,0
1.53929665387151,0
1.53945174673336,0
1.53960683959521,0
1.53976193245706,0
1.53991702531891,0
1.54007211818076,0
1.54022721104261,0
1.54038230390446,0
1.54053739676631,0
1.54069248962816,0
1.54084758249002,0
1.54100267535187,0
1.54115776821372,0
1.54131286107557,0
1.54146795393742,0
1.54162304679927,0
1.54177813966112,0
1.54193323252297,0
1.54208832538482,0
1.54224341824668,0
1.54239851110853,0
1.54255360397038,0
1.54270869683223,0
1.54286378969408,0
1.54301888255593,0
1.54317397541778,0
1.54332906827963,0
1.54348416114148,0
1.54363925400333,0
1.54379434686519,0
1.54394943972704,0
1.54410453258889,0
1.54425962545074,0
1.54441471831259,0
1.54456981117444,0
1.54472490403629,0
1.54487999689814,0
1.54503508975999,0
1.54519018262184,0
1.5453452754837,0
1.54550036834555,0
1.5456554612074,0
1.54581055406925,0
1.5459656469311,0
1.54612073979295,0
1.5462758326548,0
1.54643092551665,0
1.5465860183785,0
1.54674111124036,0
1.54689620410221,0
1.54705129696406,0
1.54720638982591,0
1.54736148268776,0
1.54751657554961,0
1.54767166841146,0
1.54782676127331,0
1.54798185413516,0
1.54813694699701,0
1.54829203985887,0
1.54844713272072,0
1.54860222558257,0
1.54875731844442,0
1.54891241130627,0
1.54906750416812,0
1.54922259702997,0
1.54937768989182,0
1.54953278275367,0
1.54968787561552,0
1.54984296847738,0
1.54999806133923,0
1.55015315420108,0
1.55030824706293,0
1.55046333992478,0
1.55061843278663,0
1.55077352564848,0
1.55092861851033,0
1.55108371137218,0
1.55123880423404,0
1.55139389709589,0
1.55154898995774,0
1.55170408281959,0
1.55185917568144,0
1.55201426854329,0
1.55216936140514,0
1.55232445426699,0
1.55247954712884,0
1.55263463999069,0
1.55278973285255,0
1.5529448257144,0
1.55309991857625,0
1.5532550114381,0
1.55341010429995,0
1.5535651971618,0
1.55372029002365,0
1.5538753828855,0
1.55403047574735,0
1.5541855686092,0
1.55434066147106,0
1.55449575433291,0
1.55465084719476,0
1.55480594005661,0
1.55496103291846,0
1.55511612578031,0
1.55527121864216,0
1.55542631150401,0
1.55558140436586,0
1.55573649722772,0
1.55589159008957,0
1.55604668295142,0
1.55620177581327,0
1.55635686867512,0
1.55651196153697,0
1.55666705439882,0
1.55682214726067,0
1.55697724012252,0
1.55713233298437,0
1.55728742584623,0
1.55744251870808,0
1.55759761156993,0
1.55775270443178,0
1.55790779729363,0
1.55806289015548,0
1.55821798301733,0
1.55837307587918,0
1.55852816874103,0
1.55868326160288,0
1.55883835446474,0
1.55899344732659,0
1.55914854018844,0
1.55930363305029,0
1.55945872591214,0
1.55961381877399,0
1.55976891163584,0
1.55992400449769,0
1.56007909735954,0
1.56023419022139,0
1.56038928308325,0
1.5605443759451,0
1.56069946880695,0
1.5608545616688,0
1.56100965453065,0
1.5611647473925,0
1.56131984025435,0
1.5614749331162,0
1.56163002597805,0
1.56178511883991,0
1.56194021170176,0
1.56209530456361,0
1.56225039742546,0
1.56240549028731,0
1.56256058314916,0
1.56271567601101,0
1.56287076887286,0
1.56302586173471,0
1.56318095459656,0
1.56333604745842,0
1.56349114032027,0
1.56364623318212,0
1.56380132604397,0
1.56395641890582,0
1.56411151176767,0
1.56426660462952,0
1.56442169749137,0
1.56457679035322,0
1.56473188321507,0
1.56488697607693,0
1.56504206893878,0
1.56519716180063,0
1.56535225466248,0
1.56550734752433,0
1.56566244038618,0
1.56581753324803,0
1.56597262610988,0
1.56612771897173,0
1.56628281183359,0
1.56643790469544,0
1.56659299755729,0
1.56674809041914,0
1.56690318328099,0
1.56705827614284,0
1.56721336900469,0
1.56736846186654,0
1.56752355472839,0
1.56767864759024,0
1.5678337404521,0
1.56798883331395,0
1.5681439261758,0
1.56829901903765,0
1.5684541118995,0
1.56860920476135,0
1.5687642976232,0
1.56891939048505,0
1.5690744833469,0
1.56922957620875,0
1.56938466907061,0
1.56953976193246,0
1.56969485479431,0
1.56984994765616,0
1.57000504051801,0
1.57016013337986,0
1.57031522624171,0
1.57047031910356,0
1.57062541196541,0
1.57078050482727,0
1.57093559768912,0
1.57109069055097,0
1.57124578341282,0
1.57140087627467,0
1.57155596913652,0
1.57171106199837,0
1.57186615486022,0
1.57202124772207,0
1.57217634058392,0
1.57233143344578,0
1.57248652630763,0
1.57264161916948,0
1.57279671203133,0
1.57295180489318,0
1.57310689775503,0
1.57326199061688,0
1.57341708347873,0
1.57357217634058,0
1.57372726920243,0
1.57388236206429,0
1.57403745492614,0
1.57419254778799,0
1.57434764064984,0
1.57450273351169,0
1.57465782637354,0
1.57481291923539,0
1.57496801209724,0
1.57512310495909,0
1.57527819782095,0
1.5754332906828,0
1.57558838354465,0
1.5757434764065,0
1.57589856926835,0
1.5760536621302,0
1.57620875499205,0
1.5763638478539,0
1.57651894071575,0
1.5766740335776,0
1.57682912643946,0
1.57698421930131,0
1.57713931216316,0
1.57729440502501,0
1.57744949788686,0
1.57760459074871,0
1.57775968361056,0
1.57791477647241,0
1.57806986933426,0
1.57822496219611,0
1.57838005505797,0
1.57853514791982,0
1.57869024078167,0
1.57884533364352,0
1.57900042650537,0
1.57915551936722,0
1.57931061222907,0
1.57946570509092,0
1.57962079795277,0
1.57977589081463,0
1.57993098367648,0
1.58008607653833,0
1.58024116940018,0
1.58039626226203,0
1.58055135512388,0
1.58070644798573,0
1.58086154084758,0
1.58101663370943,0
1.58117172657128,0
1.58132681943314,0
1.58148191229499,0
1.58163700515684,0
1.58179209801869,0
1.58194719088054,0
1.58210228374239,0
1.58225737660424,0
1.58241246946609,0
1.58256756232794,0
1.58272265518979,0
1.58287774805165,0
1.5830328409135,0
1.58318793377535,0
1.5833430266372,0
1.58349811949905,0
1.5836532123609,0
1.58380830522275,0
1.5839633980846,0
1.58411849094645,0
1.58427358380831,0
1.58442867667016,0
1.58458376953201,0
1.58473886239386,0
1.58489395525571,0
1.58504904811756,0
1.58520414097941,0
1.58535923384126,0
1.58551432670311,0
1.58566941956496,0
1.58582451242682,0
1.58597960528867,0
1.58613469815052,0
1.58628979101237,0
1.58644488387422,0
1.58659997673607,0
1.58675506959792,0
1.58691016245977,0
1.58706525532162,0
1.58722034818347,0
1.58737544104533,0
1.58753053390718,0
1.58768562676903,0
1.58784071963088,0
1.58799581249273,0
1.58815090535458,0
1.58830599821643,0
1.58846109107828,0
1.58861618394013,0
1.58877127680199,0
1.58892636966384,0
1.58908146252569,0
1.58923655538754,0
1.58939164824939,0
1.58954674111124,0
1.58970183397309,0
1.58985692683494,0
1.59001201969679,0
1.59016711255864,0
1.5903222054205,0
1.59047729828235,0
1.5906323911442,0
1.59078748400605,0
1.5909425768679,0
1.59109766972975,0
1.5912527625916,0
1.59140785545345,0
1.5915629483153,0
1.59171804117715,0
1.59187313403901,0
1.59202822690086,0
1.59218331976271,0
1.59233841262456,0
1.59249350548641,0
1.59264859834826,0
1.59280369121011,0
1.59295878407196,0
1.59311387693381,0
1.59326896979567,0
1.59342406265752,0
1.59357915551937,0
1.59373424838122,0
1.59388934124307,0
1.59404443410492,0
1.59419952696677,0
1.59435461982862,0
1.59450971269047,0
1.59466480555232,0
1.59481989841418,0
1.59497499127603,0
1.59513008413788,0
1.59528517699973,0
1.59544026986158,0
1.59559536272343,0
1.59575045558528,0
1.59590554844713,0
1.59606064130898,0
1.59621573417083,0
1.59637082703269,0
1.59652591989454,0
1.59668101275639,0
1.59683610561824,0
1.59699119848009,0
1.59714629134194,0
1.59730138420379,0
1.59745647706564,0
1.59761156992749,0
1.59776666278935,0
1.5979217556512,0
1.59807684851305,0
1.5982319413749,0
1.59838703423675,0
1.5985421270986,0
1.59869721996045,0
1.5988523128223,0
1.59900740568415,0
1.599162498546,0
1.59931759140786,0
1.59947268426971,0
1.59962777713156,0
1.59978286999341,0
1.59993796285526,0
1.60009305571711,0
1.60024814857896,0
1.60040324144081,0
1.60055833430266,0
1.60071342716451,0
1.60086852002637,0
1.60102361288822,0
1.60117870575007,0
1.60133379861192,0
1.60148889147377,0
1.60164398433562,0
1.60179907719747,0
1.60195417005932,0
1.60210926292117,0
1.60226435578303,0
1.60241944864488,0
1.60257454150673,0
1.60272963436858,0
1.60288472723043,0
1.60303982009228,0
1.60319491295413,0
1.60335000581598,0
1.60350509867783,0
1.60366019153968,0
1.60381528440154,0
1.60397037726339,0
1.60412547012524,0
1.60428056298709,0
1.60443565584894,0
1.60459074871079,0
1.60474584157264,0
1.60490093443449,0
1.60505602729634,0
1.60521112015819,0
1.60536621302005,0
1.6055213058819,0
1.60567639874375,0
1.6058314916056,0
1.60598658446745,0
1.6061416773293,0
1.60629677019115,0
1.606451863053,0
1.60660695591485,0
1.60676204877671,0
1.60691714163856,0
1.60707223450041,0
1.60722732736226,0
1.60738242022411,0
1.60753751308596,0
1.60769260594781,0
1.60784769880966,0
1.60800279167151,0
1.60815788453336,0
1.60831297739522,0
1.60846807025707,0
1.60862316311892,0
1.60877825598077,0
1.60893334884262,0
1.60908844170447,0
1.60924353456632,0
1.60939862742817,0
1.60955372029002,0
1.60970881315187,0
1.60986390601373,0
1.61001899887558,0
1.61017409173743,0
1.61032918459928,0
1.61048427746113,0
1.61063937032298,0
1.61079446318483,0
1.61094955604668,0
1.61110464890853,0
1.61125974177039,0
1.61141483463224,0
1.61156992749409,0
1.61172502035594,0
1.61188011321779,0
1.61203520607964,0
1.61219029894149,0
1.61234539180334,0
1.61250048466519,0
1.61265557752704,0
1.6128106703889,0
1.61296576325075,0
1.6131208561126,0
1.61327594897445,0
1.6134310418363,0
1.61358613469815,0
1.61374122756,0
1.61389632042185,0
1.6140514132837,0
1.61420650614555,0
1.61436159900741,0
1.61451669186926,0
1.61467178473111,0
1.61482687759296,0
1.61498197045481,0
1.61513706331666,0
1.61529215617851,0
1.61544724904036,0
1.61560234190221,0
1.61575743476407,0
1.61591252762592,0
1.61606762048777,0
1.61622271334962,0
1.61637780621147,0
1.61653289907332,0
1.61668799193517,0
1.61684308479702,0
1.61699817765887,0
1.61715327052072,0
1.61730836338258,0
1.61746345624443,0
1.61761854910628,0
1.61777364196813,0
1.61792873482998,0
1.61808382769183,0
1.61823892055368,0
1.61839401341553,0
1.61854910627738,0
1.61870419913923,0
1.61885929200109,0
1.61901438486294,0
1.61916947772479,0
1.61932457058664,0
1.61947966344849,0
1.61963475631034,0
1.61978984917219,0
1.61994494203404,0
1.62010003489589,0
1.62025512775775,0
1.6204102206196,0
1.62056531348145,0
1.6207204063433,0
1.62087549920515,0
1.621030592067,0
1.62118568492885,0
1.6213407777907,0
1.62149587065255,0
1.6216509635144,0
1.62180605637626,0
1.62196114923811,0
1.62211624209996,0
1.62227133496181,0
1.62242642782366,0
1.62258152068551,0
1.62273661354736,0
1.62289170640921,0
1.62304679927106,0
1.62320189213291,0
1.62335698499477,0
1.62351207785662,0
1.62366717071847,0
1.62382226358032,0
1.62397735644217,0
1.62413244930402,0
1.62428754216587,0
1.62444263502772,0
1.62459772788957,0
1.62475282075143,0
1.62490791361328,0
1.62506300647513,0
1.62521809933698,0
1.62537319219883,0
1.62552828506068,0
1.62568337792253,0
1.62583847078438,0
1.62599356364623,0
1.62614865650808,0
1.62630374936994,0
1.62645884223179,0
1.62661393509364,0
1.62676902795549,0
1.62692412081734,0
1.62707921367919,0
1.62723430654104,0
1.62738939940289,0
1.62754449226474,0
1.62769958512659,0
1.62785467798845,0
1.6280097708503,0
1.62816486371215,0
1.628319956574,0
1.62847504943585,0
1.6286301422977,0
1.62878523515955,0
1.6289403280214,0
1.62909542088325,0
1.6292505137451,0
1.62940560660696,0
1.62956069946881,0
1.62971579233066,0
1.62987088519251,0
1.63002597805436,0
1.63018107091621,0
1.63033616377806,0
1.63049125663991,0
1.63064634950176,0
1.63080144236362,0
1.63095653522547,0
1.63111162808732,0
1.63126672094917,0
1.63142181381102,0
1.63157690667287,0
1.63173199953472,0
1.63188709239657,0
1.63204218525842,0
1.63219727812027,0
1.63235237098213,0
1.63250746384398,0
1.63266255670583,0
1.63281764956768,0
1.63297274242953,0
1.63312783529138,0
1.63328292815323,0
1.63343802101508,0
1.63359311387693,0
1.63374820673878,0
1.63390329960064,0
1.63405839246249,0
1.63421348532434,0
1.63436857818619,0
1.63452367104804,0
1.63467876390989,0
1.63483385677174,0
1.63498894963359,0
1.63514404249544,0
1.6352991353573,0
1.63545422821915,0
1.635609321081,0
1.63576441394285,0
1.6359195068047,0
1.63607459966655,0
1.6362296925284,0
1.63638478539025,0
1.6365398782521,0
1.63669497111395,0
1.63685006397581,0
1.63700515683766,0
1.63716024969951,0
1.63731534256136,0
1.63747043542321,0
1.63762552828506,0
1.63778062114691,0
1.63793571400876,0
1.63809080687061,0
1.63824589973246,0
1.63840099259432,0
1.63855608545617,0
1.63871117831802,0
1.63886627117987,0
1.63902136404172,0
1.63917645690357,0
1.63933154976542,0
1.63948664262727,0
1.63964173548912,0
1.63979682835098,0
1.63995192121283,0
1.64010701407468,0
1.64026210693653,0
1.64041719979838,0
1.64057229266023,0
1.64072738552208,0
1.64088247838393,0
1.64103757124578,0
1.64119266410763,0
1.64134775696949,0
1.64150284983134,0
1.64165794269319,0
1.64181303555504,0
1.64196812841689,0
1.64212322127874,0
1.64227831414059,0
1.64243340700244,0
1.64258849986429,0
1.64274359272614,0
1.642898685588,0
1.64305377844985,0
1.6432088713117,0
1.64336396417355,0
1.6435190570354,0
1.64367414989725,0
1.6438292427591,0
1.64398433562095,0
1.6441394284828,0
1.64429452134466,0
1.64444961420651,0
1.64460470706836,0
1.64475979993021,0
1.64491489279206,0
1.64506998565391,0
1.64522507851576,0
1.64538017137761,24.202164926698
1.64553526423946,0
1.64569035710131,0
1.64584544996317,0
1.64600054282502,0
1.64615563568687,0
1.64631072854872,0
1.64646582141057,0
1.64662091427242,0
1.64677600713427,0
1.64693109999612,0
1.64708619285797,0
1.64724128571982,0
1.64739637858168,0
1.64755147144353,0
1.64770656430538,0
1.64786165716723,0
1.64801675002908,0
1.64817184289093,0
1.64832693575278,0
1.64848202861463,0
1.64863712147648,0
1.64879221433834,0
1.64894730720019,0
1.64910240006204,0
1.64925749292389,0
1.64941258578574,0
1.64956767864759,0
1.64972277150944,0
1.64987786437129,0
1.65003295723314,0
1.65018805009499,0
1.65034314295685,0
1.6504982358187,0
1.65065332868055,0
1.6508084215424,0
1.65096351440425,0
1.6511186072661,0
1.65127370012795,0
1.6514287929898,0
1.65158388585165,0
1.6517389787135,0
1.65189407157536,0
1.65204916443721,0
1.65220425729906,0
1.65235935016091,0
1.65251444302276,0
1.65266953588461,0
1.65282462874646,0
1.65297972160831,0
1.65313481447016,0
1.65328990733202,0
1.65344500019387,0
1.65360009305572,0
1.65375518591757,0
1.65391027877942,0
1.65406537164127,0
1.65422046450312,0
1.65437555736497,0
1.65453065022682,0
1.65468574308867,0
1.65484083595053,0
1.65499592881238,0
1.65515102167423,0
1.65530611453608,0
1.65546120739793,0
1.65561630025978,0
1.65577139312163,0
1.65592648598348,0
1.65608157884533,0
1.65623667170718,0
1.65639176456904,0
1.65654685743089,0
1.65670195029274,0
1.65685704315459,0
1.65701213601644,0
1.65716722887829,0
1.65732232174014,0
1.65747741460199,0
1.65763250746384,0
1.6577876003257,0
1.65794269318755,0
1.6580977860494,0
1.65825287891125,0
1.6584079717731,0
1.65856306463495,0
1.6587181574968,0
1.65887325035865,0
1.6590283432205,0
1.65918343608235,0
1.65933852894421,0
1.65949362180606,0
1.65964871466791,0
1.65980380752976,0
1.65995890039161,0
1.66011399325346,0
1.66026908611531,0
1.66042417897716,0
1.66057927183901,0
1.66073436470086,0
1.66088945756272,0
1.66104455042457,0
1.66119964328642,0
1.66135473614827,0
1.66150982901012,0
1.66166492187197,0
1.66182001473382,0
1.66197510759567,0
1.66213020045752,0
1.66228529331938,0
1.66244038618123,0
1.66259547904308,0
1.66275057190493,0
1.66290566476678,0
1.66306075762863,0
1.66321585049048,0
1.66337094335233,0
1.66352603621418,0
1.66368112907603,0
1.66383622193789,0
1.66399131479974,0
1.66414640766159,0
1.66430150052344,0
1.66445659338529,0
1.66461168624714,0
1.66476677910899,0
1.66492187197084,0
1.66507696483269,0
1.66523205769454,0
1.6653871505564,0
1.66554224341825,0
1.6656973362801,0
1.66585242914195,0
1.6660075220038,0
1.66616261486565,0
1.6663177077275,0
1.66647280058935,0
1.6666278934512,0
1.66678298631305,0
1.66693807917491,0
1.66709317203676,0
1.66724826489861,0
1.66740335776046,0
1.66755845062231,0
1.66771354348416,0
1.66786863634601,0
1.66802372920786,0
1.66817882206971,0
1.66833391493157,0
1.66848900779342,0
1.66864410065527,0
1.66879919351712,0
1.66895428637897,0
1.66910937924082,0
1.66926447210267,0
1.66941956496452,0
1.66957465782637,0
1.66972975068822,0
1.66988484355008,0
1.67003993641193,0
1.67019502927378,0
1.67035012213563,0
1.67050521499748,0
1.67066030785933,0
1.67081540072118,0
1.67097049358303,0
1.67112558644488,0
1.67128067930673,0
1.67143577216859,0
1.67159086503044,0
1.67174595789229,0
1.67190105075414,0
1.67205614361599,0
1.67221123647784,0
1.67236632933969,0
1.67252142220154,0
1.67267651506339,0
1.67283160792525,0
1.6729867007871,0
1.67314179364895,0
1.6732968865108,0
1.67345197937265,0
1.6736070722345,0
1.67376216509635,0
1.6739172579582,0
1.67407235082005,0
1.6742274436819,0
1.67438253654376,0
1.67453762940561,0
1.67469272226746,0
1.67484781512931,0
1.67500290799116,0
1.67515800085301,0
1.67531309371486,0
1.67546818657671,0
1.67562327943856,0
1.67577837230041,0
1.67593346516227,0
1.67608855802412,0
1.67624365088597,0
1.67639874374782,0
1.67655383660967,0
1.67670892947152,0
1.67686402233337,0
1.67701911519522,0
1.67717420805707,0
1.67732930091893,0
1.67748439378078,0
1.67763948664263,0
1.67779457950448,0
1.67794967236633,0
1.67810476522818,0
1.67825985809003,0
1.67841495095188,0
1.67857004381373,0
1.67872513667558,0
1.67888022953744,0
1.67903532239929,0
1.67919041526114,0
1.67934550812299,0
1.67950060098484,0
1.67965569384669,0
1.67981078670854,0
1.67996587957039,0
1.68012097243224,0
1.68027606529409,0
1.68043115815595,0
1.6805862510178,0
1.68074134387965,0
1.6808964367415,0
1.68105152960335,0
1.6812066224652,0
1.68136171532705,0
1.6815168081889,0
1.68167190105075,0
1.68182699391261,0
1.68198208677446,0
1.68213717963631,0
1.68229227249816,0
1.68244736536001,0
1.68260245822186,0
1.68275755108371,0
1.68291264394556,0
1.68306773680741,0
1.68322282966926,0
1.68337792253112,0
1.68353301539297,0
1.68368810825482,0
1.68384320111667,0
1.68399829397852,0
1.68415338684037,0
1.68430847970222,0
1.68446357256407,0
1.68461866542592,0
1.68477375828777,0
1.68492885114963,0
1.68508394401148,0
1.68523903687333,0
1.68539412973518,0
1.68554922259703,0
1.68570431545888,0
1.68585940832073,0
1.68601450118258,0
1.68616959404443,0
1.68632468690629,0
1.68647977976814,0
1.68663487262999,0
1.68678996549184,0
1.68694505835369,0
1.68710015121554,0
1.68725524407739,0
1.68741033693924,0
1.68756542980109,0
1.68772052266294,0
1.6878756155248,0
1.68803070838665,0
1.6881858012485,0
1.68834089411035,0
1.6884959869722,0
1.68865107983405,0
1.6888061726959,0
1.68896126555775,0
1.6891163584196,0
1.68927145128145,0
1.68942654414331,0
1.68958163700516,0
1.68973672986701,0
1.68989182272886,0
1.69004691559071,0
1.69020200845256,0
1.69035710131441,0
1.69051219417626,0
1.69066728703811,0
1.69082237989997,0
1.69097747276182,0
1.69113256562367,0
1.69128765848552,0
1.69144275134737,0
1.69159784420922,0
1.69175293707107,0
1.69190802993292,0
1.69206312279477,0
1.69221821565662,0
1.69237330851848,0
1.69252840138033,0
1.69268349424218,0
1.69283858710403,0
1.69299367996588,0
1.69314877282773,0
1.69330386568958,0
1.69345895855143,0
1.69361405141328,0
1.69376914427513,0
1.69392423713699,0
1.69407932999884,0
1.69423442286069,0
1.69438951572254,0
1.69454460858439,0
1.69469970144624,0
1.69485479430809,0
1.69500988716994,0
1.69516498003179,0
1.69532007289365,0
1.6954751657555,0
1.69563025861735,0
1.6957853514792,0
1.69594044434105,0
1.6960955372029,0
1.69625063006475,0
1.6964057229266,0
1.69656081578845,0
1.6967159086503,0
1.69687100151216,0
1.69702609437401,0
1.69718118723586,0
1.69733628009771,0
1.69749137295956,0
1.69764646582141,0
1.69780155868326,0
1.69795665154511,0
1.69811174440696,0
1.69826683726881,0
1.69842193013067,0
1.69857702299252,0
1.69873211585437,0
1.69888720871622,0
1.69904230157807,0
1.69919739443992,0
1.69935248730177,0
1.69950758016362,0
1.69966267302547,0
1.69981776588733,0
1.69997285874918,0
1.70012795161103,0
1.70028304447288,0
1.70043813733473,0
1.70059323019658,0
1.70074832305843,0
1.70090341592028,0
1.70105850878213,0
1.70121360164398,0
1.70136869450584,0
1.70152378736769,0
1.70167888022954,0
1.70183397309139,0
1.70198906595324,0
1.70214415881509,0
1.70229925167694,0
1.70245434453879,0
1.70260943740064,0
1.70276453026249,0
1.70291962312435,0
1.7030747159862,0
1.70322980884805,0
1.7033849017099,0
1.70353999457175,0
1.7036950874336,0
1.70385018029545,0
1.7040052731573,0
1.70416036601915,0
1.704315458881,0
1.70447055174286,0
1.70462564460471,0
1.70478073746656,0
1.70493583032841,0
1.70509092319026,0
1.70524601605211,0
1.70540110891396,0
1.70555620177581,0
1.70571129463766,0
1.70586638749952,0
1.70602148036137,0
1.70617657322322,0
1.70633166608507,0
1.70648675894692,0
1.70664185180877,0
1.70679694467062,0
1.70695203753247,0
1.70710713039432,0
1.70726222325617,0
1.70741731611803,0
1.70757240897988,0
1.70772750184173,0
1.70788259470358,0
1.70803768756543,0
1.70819278042728,0
1.70834787328913,0
1.70850296615098,0
1.70865805901283,0
1.70881315187468,0
1.70896824473654,0
1.70912333759839,0
1.70927843046024,0
1.70943352332209,0
1.70958861618394,0
1.70974370904579,0
1.70989880190764,0
1.71005389476949,0
1.71020898763134,0
1.7103640804932,0
1.71051917335505,0
1.7106742662169,0
1.71082935907875,0
1.7109844519406,0
1.71113954480245,0
1.7112946376643,0
1.71144973052615,0
1.711604823388,0
1.71175991624985,0
1.71191500911171,0
1.71207010197356,0
1.71222519483541,0
1.71238028769726,0
1.71253538055911,0
1.71269047342096,0
1.71284556628281,0
1.71300065914466,0
1.71315575200651,0
1.71331084486836,0
1.71346593773022,0
1.71362103059207,0
1.71377612345392,0
1.71393121631577,0
1.71408630917762,0
1.71424140203947,0
1.71439649490132,0
1.71455158776317,0
1.71470668062502,0
1.71486177348688,0
1.71501686634873,0
1.71517195921058,0
1.71532705207243,0
1.71548214493428,0
1.71563723779613,0
1.71579233065798,0
1.71594742351983,0
1.71610251638168,0
1.71625760924353,0
1.71641270210539,0
1.71656779496724,0
1.71672288782909,0
1.71687798069094,0
1.71703307355279,0
1.71718816641464,0
1.71734325927649,0
1.71749835213834,0
1.71765344500019,0
1.71780853786204,0
1.7179636307239,0
1.71811872358575,0
1.7182738164476,0
1.71842890930945,0
1.7185840021713,0
1.71873909503315,0
1.718894187895,0
1.71904928075685,0
1.7192043736187,0
1.71935946648056,0
1.71951455934241,0
1.71966965220426,0
1.71982474506611,0
1.71997983792796,0
1.72013493078981,0
1.72029002365166,0
1.72044511651351,0
1.72060020937536,0
1.72075530223721,0
1.72091039509907,0
1.72106548796092,0
1.72122058082277,0
1.72137567368462,0
1.72153076654647,0
1.72168585940832,0
1.72184095227017,0
1.72199604513202,0
1.72215113799387,0
1.72230623085572,0
1.72246132371758,0
1.72261641657943,0
1.72277150944128,0
1.72292660230313,0
1.72308169516498,0
1.72323678802683,0
1.72339188088868,0
1.72354697375053,0
1.72370206661238,0
1.72385715947424,0
1.72401225233609,0
1.72416734519794,0
1.72432243805979,0
1.72447753092164,0
1.72463262378349,0
1.72478771664534,0
1.72494280950719,0
1.72509790236904,0
1.72525299523089,0
1.72540808809275,0
1.7255631809546,0
1.72571827381645,0
1.7258733666783,0
1.72602845954015,0
1.726183552402,0
1.72633864526385,0
1.7264937381257,0
1.72664883098755,0
1.7268039238494,0
1.72695901671126,0
1.72711410957311,0
1.72726920243496,0
1.72742429529681,0
1.72757938815866,0
1.72773448102051,0
1.72788957388236,0
1.72804466674421,0
1.72819975960606,0
1.72835485246792,0
1.72850994532977,0
1.72866503819162,0
1.72882013105347,0
1.72897522391532,0
1.72913031677717,0
1.72928540963902,0
1.72944050250087,0
1.72959559536272,0
1.72975068822457,0
1.72990578108643,0
1.73006087394828,0
1.73021596681013,0
1.73037105967198,0
1.73052615253383,0
1.73068124539568,0
1.73083633825753,0
1.73099143111938,0
1.73114652398123,0
1.73130161684308,0
1.73145670970494,0
1.73161180256679,0
1.73176689542864,0
1.73192198829049,0
1.73207708115234,0
1.73223217401419,0
1.73238726687604,0
1.73254235973789,0
1.73269745259974,0
1.7328525454616,0
1.73300763832345,0
1.7331627311853,0
1.73331782404715,0
1.733472916909,0
1.73362800977085,0
1.7337831026327,0
1.73393819549455,0
1.7340932883564,0
1.73424838121825,0
1.73440347408011,0
1.73455856694196,0
1.73471365980381,0
1.73486875266566,0
1.73502384552751,0
1.73517893838936,0
1.73533403125121,0
1.73548912411306,0
1.73564421697491,0
1.73579930983676,0
1.73595440269862,0
1.73610949556047,0
1.73626458842232,0
1.73641968128417,0
1.73657477414602,0
1.73672986700787,0
1.73688495986972,0
1.73704005273157,0
1.73719514559342,0
1.73735023845528,0
1.73750533131713,0
1.73766042417898,0
1.73781551704083,0
1.73797060990268,0
1.73812570276453,0
1.73828079562638,0
1.73843588848823,0
1.73859098135008,0
1.73874607421193,0
1.73890116707379,0
1.73905625993564,0
1.73921135279749,0
1.73936644565934,0
1.73952153852119,0
1.73967663138304,0
1.73983172424489,0
1.73998681710674,0
1.74014190996859,0
1.74029700283044,0
1.7404520956923,0
1.74060718855415,0
1.740762281416,0
1.74091737427785,0
1.7410724671397,0
1.74122756000155,0
1.7413826528634,0
1.74153774572525,0
1.7416928385871,0
1.74184793144896,0
1.74200302431081,0
1.74215811717266,0
1.74231321003451,0
1.74246830289636,0
1.74262339575821,0
1.74277848862006,0
1.74293358148191,0
1.74308867434376,0
1.74324376720561,0
1.74339886006747,0
1.74355395292932,0
1.74370904579117,0
1.74386413865302,0
1.74401923151487,0
1.74417432437672,0
1.74432941723857,0
1.74448451010042,0
1.74463960296227,0
1.74479469582412,0
1.74494978868598,0
1.74510488154783,0
1.74525997440968,0
1.74541506727153,0
1.74557016013338,0
1.74572525299523,0
1.74588034585708,0
1.74603543871893,0
1.74619053158078,0
1.74634562444263,0
1.74650071730449,0
1.74665581016634,0
1.74681090302819,0
1.74696599589004,0
1.74712108875189,0
1.74727618161374,0
1.74743127447559,0
1.74758636733744,0
1.74774146019929,0
1.74789655306115,0
1.748051645923,0
1.74820673878485,0
1.7483618316467,0
1.74851692450855,0
1.7486720173704,0
1.74882711023225,0
1.7489822030941,0
1.74913729595595,0
1.7492923888178,0
1.74944748167966,0
1.74960257454151,0
1.74975766740336,0
1.74991276026521,0
1.75006785312706,0
1.75022294598891,0
1.75037803885076,0
1.75053313171261,0
1.75068822457446,0
1.75084331743631,0
1.75099841029817,0
1.75115350316002,0
1.75130859602187,0
1.75146368888372,0
1.75161878174557,0
1.75177387460742,0
1.75192896746927,0
1.75208406033112,0
1.75223915319297,0
1.75239424605483,0
1.75254933891668,0
1.75270443177853,0
1.75285952464038,0
1.75301461750223,0
1.75316971036408,0
1.75332480322593,0
1.75347989608778,0
1.75363498894963,0
1.75379008181148,0
1.75394517467334,0
1.75410026753519,0
1.75425536039704,0
1.75441045325889,0
1.75456554612074,0
1.75472063898259,0
1.75487573184444,0
1.75503082470629,0
1.75518591756814,0
1.75534101042999,0
1.75549610329185,0
1.7556511961537,0
1.75580628901555,0
1.7559613818774,0
1.75611647473925,0
1.7562715676011,0
1.75642666046295,0
1.7565817533248,0
1.75673684618665,0
1.75689193904851,0
1.75704703191036,0
1.75720212477221,0
1.75735721763406,0
1.75751231049591,0
1.75766740335776,0
1.75782249621961,0
1.75797758908146,0
1.75813268194331,0
1.75828777480516,0
1.75844286766702,0
1.75859796052887,0
1.75875305339072,0
1.75890814625257,0
1.75906323911442,0
1.75921833197627,0
1.75937342483812,0
1.75952851769997,0
1.75968361056182,0
1.75983870342367,0
1.75999379628553,0
1.76014888914738,0
1.76030398200923,0
1.76045907487108,0
1.76061416773293,0
1.76076926059478,0
1.76092435345663,0
1.76107944631848,0
1.76123453918033,0
1.76138963204219,0
1.76154472490404,0
1.76169981776589,0
1.76185491062774,0
1.76201000348959,0
1.76216509635144,0
1.76232018921329,0
1.76247528207514,0
1.76263037493699,0
1.76278546779884,0
1.7629405606607,0
1.76309565352255,0
1.7632507463844,0
1.76340583924625,0
1.7635609321081,0
1.76371602496995,0
1.7638711178318,0
1.76402621069365,0
1.7641813035555,0
1.76433639641735,0
1.76449148927921,0
1.76464658214106,0
1.76480167500291,0
1.76495676786476,0
1.76511186072661,0
1.76526695358846,0
1.76542204645031,0
1.76557713931216,0
1.76573223217401,0
1.76588732503587,0
1.76604241789772,0
1.76619751075957,0
1.76635260362142,0
1.76650769648327,0
1.76666278934512,0
1.76681788220697,0
1.76697297506882,0
1.76712806793067,0
1.76728316079252,0
1.76743825365438,0
1.76759334651623,0
1.76774843937808,0
1.76790353223993,0
1.76805862510178,0
1.76821371796363,0
1.76836881082548,0
1.76852390368733,0
1.76867899654918,0
1.76883408941103,0
1.76898918227289,0
1.76914427513474,0
1.76929936799659,0
1.76945446085844,0
1.76960955372029,0
1.76976464658214,0
1.76991973944399,0
1.77007483230584,0
1.77022992516769,0
1.77038501802955,0
1.7705401108914,0
1.77069520375325,0
1.7708502966151,0
1.77100538947695,0
1.7711604823388,0
1.77131557520065,0
1.7714706680625,0
1.77162576092435,0
1.7717808537862,0
1.77193594664806,0
1.77209103950991,0
1.77224613237176,0
1.77240122523361,0
1.77255631809546,0
1.77271141095731,0
1.77286650381916,0
1.77302159668101,0
1.77317668954286,0
1.77333178240471,0
1.77348687526657,0
1.77364196812842,0
1.77379706099027,0
1.77395215385212,0
1.77410724671397,0
1.77426233957582,0
1.77441743243767,0
1.77457252529952,0
1.77472761816137,0
1.77488271102323,0
1.77503780388508,0
1.77519289674693,0
1.77534798960878,0
1.77550308247063,0
1.77565817533248,0
1.77581326819433,0
1.77596836105618,0
1.77612345391803,0
1.77627854677988,0
1.77643363964174,0
1.77658873250359,0
1.77674382536544,0
1.77689891822729,0
1.77705401108914,0
1.77720910395099,0
1.77736419681284,0
1.77751928967469,0
1.77767438253654,0
1.77782947539839,0
1.77798456826025,0
1.7781396611221,0
1.77829475398395,0
1.7784498468458,0
1.77860493970765,0
1.7787600325695,0
1.77891512543135,0
1.7790702182932,0
1.77922531115505,0
1.77938040401691,0
1.77953549687876,0
1.77969058974061,0
1.77984568260246,0
1.78000077546431,0
1.78015586832616,0
1.78031096118801,0
1.78046605404986,0
1.78062114691171,0
1.78077623977356,0
1.78093133263542,0
1.78108642549727,0
1.78124151835912,0
1.78139661122097,0
1.78155170408282,0
1.78170679694467,0
1.78186188980652,0
1.78201698266837,0
1.78217207553022,0
1.78232716839207,0
1.78248226125393,0
1.78263735411578,0
1.78279244697763,0
1.78294753983948,0
1.78310263270133,0
1.78325772556318,0
1.78341281842503,0
1.78356791128688,0
1.78372300414873,0
1.78387809701059,0
1.78403318987244,0
1.78418828273429,0
1.78434337559614,0
1.78449846845799,0
1.78465356131984,0
1.78480865418169,0
1.78496374704354,0
1.78511883990539,0
1.78527393276724,0
1.7854290256291,0
1.78558411849095,0
1.7857392113528,0
1.78589430421465,0
1.7860493970765,0
1.78620448993835,0
1.7863595828002,0
1.78651467566205,0
1.7866697685239,0
1.78682486138575,0
1.78697995424761,0
1.78713504710946,0
1.78729013997131,0
1.78744523283316,0
1.78760032569501,0
1.78775541855686,0
1.78791051141871,0
1.78806560428056,0
1.78822069714241,0
1.78837579000427,0
1.78853088286612,0
1.78868597572797,0
1.78884106858982,0
1.78899616145167,0
1.78915125431352,0
1.78930634717537,0
1.78946144003722,0
1.78961653289907,0
1.78977162576092,0
1.78992671862278,0
1.79008181148463,0
1.79023690434648,0
1.79039199720833,0
1.79054709007018,0
1.79070218293203,0
1.79085727579388,0
1.79101236865573,0
1.79116746151758,0
1.79132255437943,0
1.79147764724129,0
1.79163274010314,0
1.79178783296499,0
1.79194292582684,0
1.79209801868869,0
1.79225311155054,0
1.79240820441239,0
1.79256329727424,0
1.79271839013609,0
1.79287348299794,0
1.7930285758598,0
1.79318366872165,0
1.7933387615835,0
1.79349385444535,0
1.7936489473072,0
1.79380404016905,0
1.7939591330309,0
1.79411422589275,0
1.7942693187546,0
1.79442441161646,0
1.79457950447831,0
1.79473459734016,0
1.79488969020201,0
1.79504478306386,0
1.79519987592571,0
1.79535496878756,0
1.79551006164941,0
1.79566515451126,0
1.79582024737311,0
1.79597534023497,0
1.79613043309682,0
1.79628552595867,0
1.79644061882052,0
1.79659571168237,0
1.79675080454422,0
1.79690589740607,0
1.79706099026792,0
1.79721608312977,0
1.79737117599162,0
1.79752626885348,0
1.79768136171533,0
1.79783645457718,0
1.79799154743903,0
1.79814664030088,0
1.79830173316273,0
1.79845682602458,0
1.79861191888643,0
1.79876701174828,0
1.79892210461014,0
1.79907719747199,0
1.79923229033384,0
1.79938738319569,0
1.79954247605754,0
1.79969756891939,0
1.79985266178124,0
1.80000775464309,0
1.80016284750494,0
1.80031794036679,0
1.80047303322865,0
1.8006281260905,0
1.80078321895235,0
1.8009383118142,0
1.80109340467605,0
1.8012484975379,0
1.80140359039975,0
1.8015586832616,0
1.80171377612345,0
1.8018688689853,0
1.80202396184716,0
1.80217905470901,0
1.80233414757086,0
1.80248924043271,0
1.80264433329456,0
1.80279942615641,0
1.80295451901826,0
1.80310961188011,0
1.80326470474196,0
1.80341979760382,0
1.80357489046567,0
1.80372998332752,0
1.80388507618937,0
1.80404016905122,0
1.80419526191307,0
1.80435035477492,0
1.80450544763677,0
1.80466054049862,0
1.80481563336047,0
1.80497072622233,0
1.80512581908418,0
1.80528091194603,0
1.80543600480788,0
1.80559109766973,0
1.80574619053158,0
1.80590128339343,0
1.80605637625528,0
1.80621146911713,0
1.80636656197898,0
1.80652165484084,0
1.80667674770269,0
1.80683184056454,0
1.80698693342639,0
1.80714202628824,0
1.80729711915009,0
1.80745221201194,0
1.80760730487379,0
1.80776239773564,0
1.8079174905975,0
1.80807258345935,0
1.8082276763212,0
1.80838276918305,0
1.8085378620449,0
1.80869295490675,0
1.8088480477686,0
1.80900314063045,0
1.8091582334923,0
1.80931332635415,0
1.80946841921601,0
1.80962351207786,0
1.80977860493971,0
1.80993369780156,0
1.81008879066341,0
1.81024388352526,0
1.81039897638711,0
1.81055406924896,0
1.81070916211081,0
1.81086425497266,0
1.81101934783452,0
1.81117444069637,0
1.81132953355822,0
1.81148462642007,0
1.81163971928192,0
1.81179481214377,0
1.81194990500562,0
1.81210499786747,0
1.81226009072932,0
1.81241518359118,0
1.81257027645303,0
1.81272536931488,0
1.81288046217673,0
1.81303555503858,0
1.81319064790043,0
1.81334574076228,0
1.81350083362413,0
1.81365592648598,0
1.81381101934783,0
1.81396611220969,0
1.81412120507154,0
1.81427629793339,0
1.81443139079524,0
1.81458648365709,0
1.81474157651894,0
1.81489666938079,0
1.81505176224264,0
1.81520685510449,0
1.81536194796634,0
1.8155170408282,0
1.81567213369005,0
1.8158272265519,0
1.81598231941375,0
1.8161374122756,0
1.81629250513745,0
1.8164475979993,0
1.81660269086115,0
1.816757783723,0
1.81691287658486,0
1.81706796944671,0
1.81722306230856,0
1.81737815517041,0
1.81753324803226,0
1.81768834089411,0
1.81784343375596,0
1.81799852661781,0
1.81815361947966,0
1.81830871234151,0
1.81846380520337,0
1.81861889806522,0
1.81877399092707,0
1.81892908378892,0
1.81908417665077,0
1.81923926951262,0
1.81939436237447,0
1.81954945523632,0
1.81970454809817,0
1.81985964096002,0
1.82001473382188,0
1.82016982668373,0
1.82032491954558,0
1.82048001240743,0
1.82063510526928,0
1.82079019813113,0
1.82094529099298,0
1.82110038385483,0
1.82125547671668,0
1.82141056957854,0
1.82156566244039,0
1.82172075530224,0
1.82187584816409,0
1.82203094102594,0
1.82218603388779,0
1.82234112674964,0
1.82249621961149,24.2537862617593
1.82265131247334,0
1.82280640533519,0
1.82296149819705,0
1.8231165910589,0
1.82327168392075,0
1.8234267767826,0
1.82358186964445,0
1.8237369625063,0
1.82389205536815,0
1.82404714823,0
1.82420224109185,0
1.8243573339537,0
1.82451242681556,0
1.82466751967741,0
1.82482261253926,0
1.82497770540111,0
1.82513279826296,0
1.82528789112481,0
1.82544298398666,0
1.82559807684851,0
1.82575316971036,0
1.82590826257222,0
1.82606335543407,0
1.82621844829592,0
1.82637354115777,0
1.82652863401962,0
1.82668372688147,0
1.82683881974332,0
1.82699391260517,0
1.82714900546702,0
1.82730409832887,0
1.82745919119073,0
1.82761428405258,0
1.82776937691443,0
1.82792446977628,0
1.82807956263813,0
1.82823465549998,0
1.82838974836183,0
1.82854484122368,0
1.82869993408553,0
1.82885502694738,0
1.82901011980924,0
1.82916521267109,0
1.82932030553294,0
1.82947539839479,0
1.82963049125664,0
1.82978558411849,0
1.82994067698034,0
1.83009576984219,0
1.83025086270404,0
1.8304059555659,0
1.83056104842775,0
1.8307161412896,0
1.83087123415145,0
1.8310263270133,0
1.83118141987515,0
1.831336512737,0
1.83149160559885,0
1.8316466984607,0
1.83180179132255,0
1.83195688418441,0
1.83211197704626,0
1.83226706990811,0
1.83242216276996,0
1.83257725563181,0
1.83273234849366,0
1.83288744135551,0
1.83304253421736,0
1.83319762707921,0
1.83335271994106,0
1.83350781280292,0
1.83366290566477,0
1.83381799852662,0
1.83397309138847,0
1.83412818425032,0
1.83428327711217,0
1.83443836997402,0
1.83459346283587,0
1.83474855569772,0
1.83490364855958,0
1.83505874142143,0
1.83521383428328,0
1.83536892714513,0
1.83552402000698,0
1.83567911286883,0
1.83583420573068,0
1.83598929859253,0
1.83614439145438,0
1.83629948431623,0
1.83645457717809,0
1.83660967003994,0
1.83676476290179,0
1.83691985576364,0
1.83707494862549,0
1.83723004148734,0
1.83738513434919,0
1.83754022721104,0
1.83769532007289,0
1.83785041293474,0
1.8380055057966,0
1.83816059865845,0
1.8383156915203,0
1.83847078438215,0
1.838625877244,0
1.83878097010585,0
1.8389360629677,0
1.83909115582955,0
1.8392462486914,0
1.83940134155326,0
1.83955643441511,0
1.83971152727696,0
1.83986662013881,0
1.84002171300066,0
1.84017680586251,0
1.84033189872436,0
1.84048699158621,0
1.84064208444806,0
1.84079717730991,0
1.84095227017177,0
1.84110736303362,0
1.84126245589547,0
1.84141754875732,0
1.84157264161917,0
1.84172773448102,0
1.84188282734287,0
1.84203792020472,0
1.84219301306657,0
1.84234810592842,0
1.84250319879028,0
1.84265829165213,0
1.84281338451398,0
1.84296847737583,0
1.84312357023768,0
1.84327866309953,0
1.84343375596138,0
1.84358884882323,0
1.84374394168508,0
1.84389903454694,0
1.84405412740879,0
1.84420922027064,0
1.84436431313249,0
1.84451940599434,0
1.84467449885619,0
1.84482959171804,0
1.84498468457989,0
1.84513977744174,0
1.84529487030359,0
1.84544996316545,0
1.8456050560273,0
1.84576014888915,0
1.845915241751,0
1.84607033461285,0
1.8462254274747,0
1.84638052033655,0
1.8465356131984,0
1.84669070606025,0
1.8468457989221,0
1.84700089178396,0
1.84715598464581,0
1.84731107750766,0
1.84746617036951,0
1.84762126323136,0
1.84777635609321,0
1.84793144895506,0
1.84808654181691,0
1.84824163467876,0
1.84839672754062,0
1.84855182040247,0
1.84870691326432,0
1.84886200612617,0
1.84901709898802,0
1.84917219184987,0
1.84932728471172,0
1.84948237757357,0
1.84963747043542,0
1.84979256329727,0
1.84994765615913,0
1.85010274902098,0
1.85025784188283,0
1.85041293474468,0
1.85056802760653,0
1.85072312046838,0
1.85087821333023,0
1.85103330619208,0
1.85118839905393,0
1.85134349191578,0
1.85149858477764,0
1.85165367763949,0
1.85180877050134,0
1.85196386336319,0
1.85211895622504,0
1.85227404908689,0
1.85242914194874,0
1.85258423481059,0
1.85273932767244,0
1.85289442053429,0
1.85304951339615,0
1.853204606258,0
1.85335969911985,0
1.8535147919817,0
1.85366988484355,0
1.8538249777054,0
1.85398007056725,0
1.8541351634291,0
1.85429025629095,0
1.85444534915281,0
1.85460044201466,0
1.85475553487651,0
1.85491062773836,0
1.85506572060021,0
1.85522081346206,0
1.85537590632391,0
1.85553099918576,0
1.85568609204761,0
1.85584118490946,0
1.85599627777132,0
1.85615137063317,0
1.85630646349502,0
1.85646155635687,0
1.85661664921872,0
1.85677174208057,0
1.85692683494242,0
1.85708192780427,0
1.85723702066612,0
1.85739211352797,0
1.85754720638983,0
1.85770229925168,0
1.85785739211353,0
1.85801248497538,0
1.85816757783723,0
1.85832267069908,0
1.85847776356093,0
1.85863285642278,0
1.85878794928463,0
1.85894304214649,0
1.85909813500834,0
1.85925322787019,0
1.85940832073204,0
1.85956341359389,0
1.85971850645574,0
1.85987359931759,0
1.86002869217944,0
1.86018378504129,0
1.86033887790314,0
1.860493970765,0
1.86064906362685,0
1.8608041564887,0
1.86095924935055,0
1.8611143422124,0
1.86126943507425,0
1.8614245279361,0
1.86157962079795,0
1.8617347136598,0
1.86188980652165,0
1.86204489938351,0
1.86219999224536,0
1.86235508510721,0
1.86251017796906,0
1.86266527083091,0
1.86282036369276,0
1.86297545655461,0
1.86313054941646,0
1.86328564227831,0
1.86344073514017,0
1.86359582800202,0
1.86375092086387,0
1.86390601372572,0
1.86406110658757,0
1.86421619944942,0
1.86437129231127,0
1.86452638517312,0
1.86468147803497,0
1.86483657089682,0
1.86499166375868,0
1.86514675662053,0
1.86530184948238,0
1.86545694234423,0
1.86561203520608,0
1.86576712806793,0
1.86592222092978,0
1.86607731379163,0
1.86623240665348,0
1.86638749951533,0
1.86654259237719,0
1.86669768523904,0
1.86685277810089,0
1.86700787096274,0
1.86716296382459,0
1.86731805668644,0
1.86747314954829,0
1.86762824241014,0
1.86778333527199,0
1.86793842813385,0
1.8680935209957,0
1.86824861385755,0
1.8684037067194,0
1.86855879958125,0
1.8687138924431,0
1.86886898530495,0
1.8690240781668,0
1.86917917102865,0
1.8693342638905,0
1.86948935675236,0
1.86964444961421,0
1.86979954247606,0
1.86995463533791,0
1.87010972819976,0
1.87026482106161,0
1.87041991392346,0
1.87057500678531,0
1.87073009964716,0
1.87088519250901,0
1.87104028537087,0
1.87119537823272,0
1.87135047109457,0
1.87150556395642,0
1.87166065681827,0
1.87181574968012,0
1.87197084254197,0
1.87212593540382,0
1.87228102826567,0
1.87243612112753,0
1.87259121398938,0
1.87274630685123,0
1.87290139971308,0
1.87305649257493,0
1.87321158543678,0
1.87336667829863,0
1.87352177116048,0
1.87367686402233,0
1.87383195688418,0
1.87398704974604,0
1.87414214260789,0
1.87429723546974,0
1.87445232833159,0
1.87460742119344,0
1.87476251405529,0
1.87491760691714,0
1.87507269977899,0
1.87522779264084,0
1.87538288550269,0
1.87553797836455,0
1.8756930712264,0
1.87584816408825,0
1.8760032569501,0
1.87615834981195,0
1.8763134426738,0
1.87646853553565,0
1.8766236283975,0
1.87677872125935,0
1.87693381412121,0
1.87708890698306,0
1.87724399984491,0
1.87739909270676,0
1.87755418556861,0
1.87770927843046,0
1.87786437129231,0
1.87801946415416,0
1.87817455701601,0
1.87832964987786,0
1.87848474273972,0
1.87863983560157,0
1.87879492846342,0
1.87895002132527,0
1.87910511418712,0
1.87926020704897,0
1.87941529991082,0
1.87957039277267,0
1.87972548563452,0
1.87988057849637,0
1.88003567135823,0
1.88019076422008,0
1.88034585708193,0
1.88050094994378,0
1.88065604280563,0
1.88081113566748,0
1.88096622852933,0
1.88112132139118,0
1.88127641425303,0
1.88143150711489,0
1.88158659997674,0
1.88174169283859,0
1.88189678570044,0
1.88205187856229,0
1.88220697142414,0
1.88236206428599,0
1.88251715714784,0
1.88267225000969,0
1.88282734287154,0
1.8829824357334,0
1.88313752859525,0
1.8832926214571,0
1.88344771431895,0
1.8836028071808,0
1.88375790004265,0
1.8839129929045,0
1.88406808576635,0
1.8842231786282,0
1.88437827149005,0
1.88453336435191,0
1.88468845721376,0
1.88484355007561,0
1.88499864293746,0
1.88515373579931,0
1.88530882866116,0
1.88546392152301,0
1.88561901438486,0
1.88577410724671,0
1.88592920010857,0
1.88608429297042,0
1.88623938583227,0
1.88639447869412,0
1.88654957155597,0
1.88670466441782,0
1.88685975727967,0
1.88701485014152,0
1.88716994300337,0
1.88732503586522,0
1.88748012872708,0
1.88763522158893,0
1.88779031445078,0
1.88794540731263,0
1.88810050017448,0
1.88825559303633,0
1.88841068589818,0
1.88856577876003,0
1.88872087162188,0
1.88887596448373,0
1.88903105734559,0
1.88918615020744,0
1.88934124306929,0
1.88949633593114,0
1.88965142879299,0
1.88980652165484,0
1.88996161451669,0
1.89011670737854,0
1.89027180024039,0
1.89042689310224,0
1.8905819859641,0
1.89073707882595,0
1.8908921716878,0
1.89104726454965,0
1.8912023574115,0
1.89135745027335,0
1.8915125431352,0
1.89166763599705,0
1.8918227288589,0
1.89197782172076,0
1.89213291458261,0
1.89228800744446,0
1.89244310030631,0
1.89259819316816,0
1.89275328603001,0
1.89290837889186,0
1.89306347175371,0
1.89321856461556,0
1.89337365747741,0
1.89352875033927,0
1.89368384320112,0
1.89383893606297,0
1.89399402892482,0
1.89414912178667,0
1.89430421464852,0
1.89445930751037,0
1.89461440037222,0
1.89476949323407,0
1.89492458609592,0
1.89507967895778,0
1.89523477181963,0
1.89538986468148,0
1.89554495754333,0
1.89570005040518,0
1.89585514326703,0
1.89601023612888,0
1.89616532899073,0
1.89632042185258,0
1.89647551471444,0
1.89663060757629,0
1.89678570043814,0
1.89694079329999,0
1.89709588616184,0
1.89725097902369,0
1.89740607188554,0
1.89756116474739,0
1.89771625760924,0
1.89787135047109,0
1.89802644333295,0
1.8981815361948,0
1.89833662905665,0
1.8984917219185,0
1.89864681478035,0
1.8988019076422,0
1.89895700050405,0
1.8991120933659,0
1.89926718622775,0
1.8994222790896,0
1.89957737195146,0
1.89973246481331,0
1.89988755767516,0
1.90004265053701,0
1.90019774339886,0
1.90035283626071,0
1.90050792912256,0
1.90066302198441,0
1.90081811484626,0
1.90097320770812,0
1.90112830056997,0
1.90128339343182,0
1.90143848629367,0
1.90159357915552,0
1.90174867201737,0
1.90190376487922,0
1.90205885774107,0
1.90221395060292,0
1.90236904346477,0
1.90252413632663,0
1.90267922918848,0
1.90283432205033,0
1.90298941491218,0
1.90314450777403,0
1.90329960063588,0
1.90345469349773,0
1.90360978635958,0
1.90376487922143,0
1.90391997208328,0
1.90407506494514,0
1.90423015780699,0
1.90438525066884,0
1.90454034353069,0
1.90469543639254,0
1.90485052925439,0
1.90500562211624,0
1.90516071497809,0
1.90531580783994,0
1.9054709007018,0
1.90562599356365,0
1.9057810864255,0
1.90593617928735,0
1.9060912721492,0
1.90624636501105,0
1.9064014578729,0
1.90655655073475,0
1.9067116435966,0
1.90686673645845,0
1.90702182932031,0
1.90717692218216,0
1.90733201504401,0
1.90748710790586,0
1.90764220076771,0
1.90779729362956,0
1.90795238649141,0
1.90810747935326,0
1.90826257221511,0
1.90841766507696,0
1.90857275793882,0
1.90872785080067,0
1.90888294366252,0
1.90903803652437,0
1.90919312938622,0
1.90934822224807,0
1.90950331510992,0
1.90965840797177,0
1.90981350083362,0
1.90996859369548,0
1.91012368655733,0
1.91027877941918,0
1.91043387228103,0
1.91058896514288,0
1.91074405800473,0
1.91089915086658,0
1.91105424372843,0
1.91120933659028,0
1.91136442945213,0
1.91151952231399,0
1.91167461517584,0
1.91182970803769,0
1.91198480089954,0
1.91213989376139,0
1.91229498662324,0
1.91245007948509,0
1.91260517234694,0
1.91276026520879,0
1.91291535807064,0
1.9130704509325,0
1.91322554379435,0
1.9133806366562,0
1.91353572951805,0
1.9136908223799,0
1.91384591524175,0
1.9140010081036,0
1.91415610096545,0
1.9143111938273,0
1.91446628668916,0
1.91462137955101,0
1.91477647241286,0
1.91493156527471,0
1.91508665813656,0
1.91524175099841,0
1.91539684386026,0
1.91555193672211,0
1.91570702958396,0
1.91586212244581,0
1.91601721530767,0
1.91617230816952,0
1.91632740103137,0
1.91648249389322,0
1.91663758675507,0
1.91679267961692,0
1.91694777247877,0
1.91710286534062,0
1.91725795820247,0
1.91741305106432,0
1.91756814392618,0
1.91772323678803,0
1.91787832964988,0
1.91803342251173,0
1.91818851537358,0
1.91834360823543,0
1.91849870109728,0
1.91865379395913,0
1.91880888682098,0
1.91896397968284,0
1.91911907254469,0
1.91927416540654,0
1.91942925826839,0
1.91958435113024,0
1.91973944399209,0
1.91989453685394,0
1.92004962971579,0
1.92020472257764,0
1.92035981543949,0
1.92051490830135,0
1.9206700011632,0
1.92082509402505,0
1.9209801868869,0
1.92113527974875,0
1.9212903726106,0
1.92144546547245,0
1.9216005583343,0
1.92175565119615,0
1.921910744058,0
1.92206583691986,0
1.92222092978171,0
1.92237602264356,0
1.92253111550541,0
1.92268620836726,0
1.92284130122911,0
1.92299639409096,0
1.92315148695281,0
1.92330657981466,0
1.92346167267652,0
1.92361676553837,0
1.92377185840022,0
1.92392695126207,0
1.92408204412392,0
1.92423713698577,0
1.92439222984762,0
1.92454732270947,0
1.92470241557132,0
1.92485750843317,0
1.92501260129503,0
1.92516769415688,0
1.92532278701873,0
1.92547787988058,0
1.92563297274243,0
1.92578806560428,0
1.92594315846613,0
1.92609825132798,0
1.92625334418983,0
1.92640843705168,0
1.92656352991354,0
1.92671862277539,0
1.92687371563724,0
1.92702880849909,0
1.92718390136094,0
1.92733899422279,0
1.92749408708464,0
1.92764917994649,0
1.92780427280834,0
1.92795936567019,0
1.92811445853205,0
1.9282695513939,0
1.92842464425575,0
1.9285797371176,0
1.92873482997945,0
1.9288899228413,0
1.92904501570315,0
1.929200108565,0
1.92935520142685,0
1.92951029428871,0
1.92966538715056,0
1.92982048001241,0
1.92997557287426,0
1.93013066573611,0
1.93028575859796,0
1.93044085145981,0
1.93059594432166,0
1.93075103718351,0
1.93090613004536,0
1.93106122290722,0
1.93121631576907,0
1.93137140863092,0
1.93152650149277,0
1.93168159435462,0
1.93183668721647,0
1.93199178007832,0
1.93214687294017,0
1.93230196580202,0
1.93245705866387,0
1.93261215152573,0
1.93276724438758,0
1.93292233724943,0
1.93307743011128,0
1.93323252297313,0
1.93338761583498,0
1.93354270869683,0
1.93369780155868,0
1.93385289442053,0
1.93400798728239,0
1.93416308014424,0
1.93431817300609,0
1.93447326586794,0
1.93462835872979,0
1.93478345159164,0
1.93493854445349,0
1.93509363731534,0
1.93524873017719,0
1.93540382303904,0
1.9355589159009,0
1.93571400876275,0
1.9358691016246,0
1.93602419448645,0
1.9361792873483,0
1.93633438021015,0
1.936489473072,0
1.93664456593385,0
1.9367996587957,0
1.93695475165755,0
1.93710984451941,0
1.93726493738126,0
1.93742003024311,0
1.93757512310496,0
1.93773021596681,0
1.93788530882866,0
1.93804040169051,0
1.93819549455236,0
1.93835058741421,0
1.93850568027607,0
1.93866077313792,0
1.93881586599977,0
1.93897095886162,0
1.93912605172347,0
1.93928114458532,0
1.93943623744717,0
1.93959133030902,0
1.93974642317087,0
1.93990151603272,0
1.94005660889458,0
1.94021170175643,0
1.94036679461828,0
1.94052188748013,0
1.94067698034198,0
1.94083207320383,0
1.94098716606568,0
1.94114225892753,0
1.94129735178938,0
1.94145244465123,0
1.94160753751309,0
1.94176263037494,0
1.94191772323679,0
1.94207281609864,0
1.94222790896049,0
1.94238300182234,0
1.94253809468419,0
1.94269318754604,0
1.94284828040789,0
1.94300337326975,0
1.9431584661316,0
1.94331355899345,0
1.9434686518553,0
1.94362374471715,0
1.943778837579,0
1.94393393044085,0
1.9440890233027,0
1.94424411616455,0
1.9443992090264,0
1.94455430188826,0
1.94470939475011,0
1.94486448761196,0
1.94501958047381,0
1.94517467333566,0
1.94532976619751,0
1.94548485905936,0
1.94563995192121,0
1.94579504478306,0
1.94595013764491,0
1.94610523050677,0
1.94626032336862,0
1.94641541623047,0
1.94657050909232,0
1.94672560195417,0
1.94688069481602,0
1.94703578767787,0
1.94719088053972,0
1.94734597340157,0
1.94750106626343,0
1.94765615912528,0
1.94781125198713,0
1.94796634484898,0
1.94812143771083,0
1.94827653057268,0
1.94843162343453,0
1.94858671629638,0
1.94874180915823,0
1.94889690202008,0
1.94905199488194,0
1.94920708774379,0
1.94936218060564,0
1.94951727346749,0
1.94967236632934,0
1.94982745919119,0
1.94998255205304,0
1.95013764491489,0
1.95029273777674,0
1.95044783063859,0
1.95060292350045,0
1.9507580163623,0
1.95091310922415,0
1.951068202086,0
1.95122329494785,0
1.9513783878097,0
1.95153348067155,0
1.9516885735334,0
1.95184366639525,0
1.95199875925711,0
1.95215385211896,0
1.95230894498081,0
1.95246403784266,0
1.95261913070451,0
1.95277422356636,0
1.95292931642821,0
1.95308440929006,0
1.95323950215191,0
1.95339459501376,0
1.95354968787562,0
1.95370478073747,0
1.95385987359932,0
1.95401496646117,0
1.95417005932302,0
1.95432515218487,0
1.95448024504672,0
1.95463533790857,0
1.95479043077042,0
1.95494552363227,0
1.95510061649413,0
1.95525570935598,0
1.95541080221783,0
1.95556589507968,0
1.95572098794153,0
1.95587608080338,0
1.95603117366523,0
1.95618626652708,0
1.95634135938893,0
1.95649645225079,0
1.95665154511264,0
1.95680663797449,0
1.95696173083634,0
1.95711682369819,0
1.95727191656004,0
1.95742700942189,0
1.95758210228374,0
1.95773719514559,0
1.95789228800744,0
1.9580473808693,0
1.95820247373115,0
1.958357566593,0
1.95851265945485,0
1.9586677523167,0
1.95882284517855,0
1.9589779380404,0
1.95913303090225,0
1.9592881237641,0
1.95944321662595,0
1.95959830948781,0
1.95975340234966,0
1.95990849521151,0
1.96006358807336,0
1.96021868093521,0
1.96037377379706,0
1.96052886665891,0
1.96068395952076,0
1.96083905238261,0
1.96099414524447,0
1.96114923810632,0
1.96130433096817,0
1.96145942383002,0
1.96161451669187,0
1.96176960955372,0
1.96192470241557,0
1.96207979527742,0
1.96223488813927,0
1.96238998100112,0
1.96254507386298,0
1.96270016672483,0
1.96285525958668,0
1.96301035244853,0
1.96316544531038,0
1.96332053817223,0
1.96347563103408,0
1.96363072389593,0
1.96378581675778,0
1.96394090961963,0
1.96409600248149,0
1.96425109534334,0
1.96440618820519,0
1.96456128106704,0
1.96471637392889,0
1.96487146679074,0
1.96502655965259,0
1.96518165251444,0
1.96533674537629,0
1.96549183823814,0
1.9656469311,0
1.96580202396185,0
1.9659571168237,0
1.96611220968555,0
1.9662673025474,0
1.96642239540925,0
1.9665774882711,0
1.96673258113295,0
1.9668876739948,0
1.96704276685666,0
1.96719785971851,0
1.96735295258036,0
1.96750804544221,0
1.96766313830406,0
1.96781823116591,0
1.96797332402776,0
1.96812841688961,0
1.96828350975146,0
1.96843860261331,0
1.96859369547517,0
1.96874878833702,0
1.96890388119887,0
1.96905897406072,0
1.96921406692257,0
1.96936915978442,0
1.96952425264627,0
1.96967934550812,0
1.96983443836997,0
1.96998953123182,0
1.97014462409368,0
1.97029971695553,0
1.97045480981738,0
1.97060990267923,0
1.97076499554108,0
1.97092008840293,0
1.97107518126478,0
1.97123027412663,0
1.97138536698848,0
1.97154045985034,0
1.97169555271219,0
1.97185064557404,0
1.97200573843589,0
1.97216083129774,0
1.97231592415959,0
1.97247101702144,0
1.97262610988329,0
1.97278120274514,0
1.97293629560699,0
1.97309138846885,0
1.9732464813307,0
1.97340157419255,0
1.9735566670544,0
1.97371175991625,0
1.9738668527781,0
1.97402194563995,0
1.9741770385018,0
1.97433213136365,0
1.9744872242255,0
1.97464231708736,0
1.97479740994921,0
1.97495250281106,0
1.97510759567291,0
1.97526268853476,0
1.97541778139661,0
1.97557287425846,0
1.97572796712031,0
1.97588305998216,0
1.97603815284402,0
1.97619324570587,0
1.97634833856772,0
1.97650343142957,0
1.97665852429142,0
1.97681361715327,0
1.97696871001512,0
1.97712380287697,0
1.97727889573882,0
1.97743398860067,0
1.97758908146253,0
1.97774417432438,0
1.97789926718623,0
1.97805436004808,0
1.97820945290993,0
1.97836454577178,0
1.97851963863363,0
1.97867473149548,0
1.97882982435733,0
1.97898491721918,0
1.97914001008104,0
1.97929510294289,0
1.97945019580474,0
1.97960528866659,0
1.97976038152844,0
1.97991547439029,0
1.98007056725214,0
1.98022566011399,0
1.98038075297584,0
1.9805358458377,0
1.98069093869955,0
1.9808460315614,0
1.98100112442325,0
1.9811562172851,0
1.98131131014695,0
1.9814664030088,0
1.98162149587065,0
1.9817765887325,0
1.98193168159435,0
1.98208677445621,0
1.98224186731806,0
1.98239696017991,0
1.98255205304176,0
1.98270714590361,0
1.98286223876546,0
1.98301733162731,0
1.98317242448916,0
1.98332751735101,0
1.98348261021286,0
1.98363770307472,0
1.98379279593657,0
1.98394788879842,0
1.98410298166027,0
1.98425807452212,0
1.98441316738397,0
1.98456826024582,0
1.98472335310767,0
1.98487844596952,0
1.98503353883138,0
1.98518863169323,0
1.98534372455508,0
1.98549881741693,0
1.98565391027878,0
1.98580900314063,0
1.98596409600248,0
1.98611918886433,0
1.98627428172618,0
1.98642937458803,0
1.98658446744989,0
1.98673956031174,0
1.98689465317359,0
1.98704974603544,0
1.98720483889729,0
1.98735993175914,0
1.98751502462099,0
1.98767011748284,0
1.98782521034469,0
1.98798030320654,0
1.9881353960684,0
1.98829048893025,0
1.9884455817921,0
1.98860067465395,0
1.9887557675158,0
1.98891086037765,0
1.9890659532395,0
1.98922104610135,0
1.9893761389632,0
1.98953123182506,0
1.98968632468691,0
1.98984141754876,0
1.98999651041061,0
1.99015160327246,0
1.99030669613431,0
1.99046178899616,0
1.99061688185801,0
1.99077197471986,0
1.99092706758171,0
1.99108216044357,0
1.99123725330542,0
1.99139234616727,0
1.99154743902912,0
1.99170253189097,0
1.99185762475282,0
1.99201271761467,0
1.99216781047652,0
1.99232290333837,0
1.99247799620022,0
1.99263308906208,0
1.99278818192393,0
1.99294327478578,0
1.99309836764763,0
1.99325346050948,0
1.99340855337133,0
1.99356364623318,0
1.99371873909503,0
1.99387383195688,0
1.99402892481874,0
1.99418401768059,0
1.99433911054244,0
1.99449420340429,0
1.99464929626614,0
1.99480438912799,0
1.99495948198984,0
1.99511457485169,0
1.99526966771354,0
1.99542476057539,0
1.99557985343725,0
1.9957349462991,0
1.99589003916095,0
1.9960451320228,0
1.99620022488465,0
1.9963553177465,0
1.99651041060835,0
1.9966655034702,0
1.99682059633205,0
1.9969756891939,0
1.99713078205576,0
1.99728587491761,0
1.99744096777946,0
1.99759606064131,0
1.99775115350316,0
1.99790624636501,0
1.99806133922686,0
1.99821643208871,0
1.99837152495056,0
1.99852661781242,0
1.99868171067427,0
1.99883680353612,0
1.99899189639797,0
1.99914698925982,0
1.99930208212167,0
1.99945717498352,0
1.99961226784537,0
1.99976736070722,0
1.99992245356907,0
2.00007754643093,0
2.00023263929278,0
2.00038773215463,0
2.00054282501648,0
2.00069791787833,0
2.00085301074018,0
2.00100810360203,0
2.00116319646388,0
2.00131828932573,0
2.00147338218758,0
2.00162847504944,0
2.00178356791129,0
2.00193866077314,0
2.00209375363499,0
2.00224884649684,0
2.00240393935869,0
2.00255903222054,0
2.00271412508239,0
2.00286921794424,0
2.00302431080609,0
2.00317940366795,0
2.0033344965298,0
2.00348958939165,0
2.0036446822535,0
2.00379977511535,0
2.0039548679772,0
2.00410996083905,0
2.0042650537009,0
2.00442014656275,0
2.00457523942461,0
2.00473033228646,0
2.00488542514831,0
2.00504051801016,0
2.00519561087201,0
2.00535070373386,0
2.00550579659571,0
2.00566088945756,0
2.00581598231941,0
2.00597107518126,0
2.00612616804312,0
2.00628126090497,0
2.00643635376682,0
2.00659144662867,0
2.00674653949052,0
2.00690163235237,0
2.00705672521422,0
2.00721181807607,0
2.00736691093792,0
2.00752200379977,0
2.00767709666163,0
2.00783218952348,0
2.00798728238533,0
2.00814237524718,0
2.00829746810903,0
2.00845256097088,0
2.00860765383273,0
2.00876274669458,0
2.00891783955643,0
2.00907293241829,0
2.00922802528014,0
2.00938311814199,0
2.00953821100384,0
2.00969330386569,0
2.00984839672754,0
2.01000348958939,0
2.01015858245124,0
2.01031367531309,0
2.01046876817494,0
2.0106238610368,0
2.01077895389865,0
2.0109340467605,0
2.01108913962235,0
2.0112442324842,0
2.01139932534605,0
2.0115544182079,0
2.01170951106975,0
2.0118646039316,0
2.01201969679345,0
2.01217478965531,0
2.01232988251716,0
2.01248497537901,0
2.01264006824086,0
2.01279516110271,0
2.01295025396456,24.3592286186039
2.01310534682641,0
2.01326043968826,0
2.01341553255011,0
2.01357062541197,0
2.01372571827382,0
2.01388081113567,0
2.01403590399752,0
2.01419099685937,0
2.01434608972122,0
2.01450118258307,0
2.01465627544492,0
2.01481136830677,0
2.01496646116862,0
2.01512155403048,0
2.01527664689233,0
2.01543173975418,0
2.01558683261603,0
2.01574192547788,0
2.01589701833973,0
2.01605211120158,0
2.01620720406343,0
2.01636229692528,0
2.01651738978713,0
2.01667248264899,0
2.01682757551084,0
2.01698266837269,0
2.01713776123454,0
2.01729285409639,0
2.01744794695824,0
2.01760303982009,0
2.01775813268194,0
2.01791322554379,0
2.01806831840565,0
2.0182234112675,0
2.01837850412935,0
2.0185335969912,0
2.01868868985305,0
2.0188437827149,0
2.01899887557675,0
2.0191539684386,0
2.01930906130045,0
2.0194641541623,0
2.01961924702416,0
2.01977433988601,0
2.01992943274786,0
2.02008452560971,0
2.02023961847156,0
2.02039471133341,0
2.02054980419526,0
2.02070489705711,0
2.02085998991896,0
2.02101508278081,0
2.02117017564267,0
2.02132526850452,0
2.02148036136637,0
2.02163545422822,0
2.02179054709007,0
2.02194563995192,0
2.02210073281377,0
2.02225582567562,0
2.02241091853747,0
2.02256601139933,0
2.02272110426118,0
2.02287619712303,0
2.02303128998488,0
2.02318638284673,0
2.02334147570858,0
2.02349656857043,0
2.02365166143228,0
2.02380675429413,0
2.02396184715598,0
2.02411694001784,0
2.02427203287969,0
2.02442712574154,0
2.02458221860339,0
2.02473731146524,0
2.02489240432709,0
2.02504749718894,0
2.02520259005079,0
2.02535768291264,0
2.02551277577449,0
2.02566786863635,0
2.0258229614982,0
2.02597805436005,0
2.0261331472219,0
2.02628824008375,0
2.0264433329456,0
2.02659842580745,0
2.0267535186693,0
2.02690861153115,0
2.02706370439301,0
2.02721879725486,0
2.02737389011671,0
2.02752898297856,0
2.02768407584041,0
2.02783916870226,0
2.02799426156411,0
2.02814935442596,0
2.02830444728781,0
2.02845954014966,0
2.02861463301152,0
2.02876972587337,0
2.02892481873522,0
2.02907991159707,0
2.02923500445892,0
2.02939009732077,0
2.02954519018262,0
2.02970028304447,0
2.02985537590632,0
2.03001046876817,0
2.03016556163003,0
2.03032065449188,0
2.03047574735373,0
2.03063084021558,0
2.03078593307743,0
2.03094102593928,0
2.03109611880113,0
2.03125121166298,0
2.03140630452483,0
2.03156139738669,0
2.03171649024854,0
2.03187158311039,0
2.03202667597224,0
2.03218176883409,0
2.03233686169594,0
2.03249195455779,0
2.03264704741964,0
2.03280214028149,0
2.03295723314334,0
2.0331123260052,0
2.03326741886705,0
2.0334225117289,0
2.03357760459075,0
2.0337326974526,0
2.03388779031445,0
2.0340428831763,0
2.03419797603815,0
2.0343530689,0
2.03450816176185,0
2.03466325462371,0
2.03481834748556,0
2.03497344034741,0
2.03512853320926,0
2.03528362607111,0
2.03543871893296,0
2.03559381179481,0
2.03574890465666,0
2.03590399751851,0
2.03605909038037,0
2.03621418324222,0
2.03636927610407,0
2.03652436896592,0
2.03667946182777,0
2.03683455468962,0
2.03698964755147,0
2.03714474041332,0
2.03729983327517,0
2.03745492613702,0
2.03761001899888,0
2.03776511186073,0
2.03792020472258,0
2.03807529758443,0
2.03823039044628,0
2.03838548330813,0
2.03854057616998,0
2.03869566903183,0
2.03885076189368,0
2.03900585475553,0
2.03916094761739,0
2.03931604047924,0
2.03947113334109,0
2.03962622620294,0
2.03978131906479,0
2.03993641192664,0
2.04009150478849,0
2.04024659765034,0
2.04040169051219,0
2.04055678337405,0
2.0407118762359,0
2.04086696909775,0
2.0410220619596,0
2.04117715482145,0
2.0413322476833,0
2.04148734054515,0
2.041642433407,0
2.04179752626885,0
2.0419526191307,0
2.04210771199256,0
2.04226280485441,0
2.04241789771626,0
2.04257299057811,0
2.04272808343996,0
2.04288317630181,0
2.04303826916366,0
2.04319336202551,0
2.04334845488736,0
2.04350354774921,0
2.04365864061107,0
2.04381373347292,0
2.04396882633477,0
2.04412391919662,0
2.04427901205847,0
2.04443410492032,0
2.04458919778217,0
2.04474429064402,0
2.04489938350587,0
2.04505447636773,0
2.04520956922958,0
2.04536466209143,0
2.04551975495328,0
2.04567484781513,0
2.04582994067698,0
2.04598503353883,0
2.04614012640068,0
2.04629521926253,0
2.04645031212438,0
2.04660540498624,0
2.04676049784809,0
2.04691559070994,0
2.04707068357179,0
2.04722577643364,0
2.04738086929549,0
2.04753596215734,0
2.04769105501919,0
2.04784614788104,0
2.04800124074289,0
2.04815633360475,0
2.0483114264666,0
2.04846651932845,0
2.0486216121903,0
2.04877670505215,0
2.048931797914,0
2.04908689077585,0
2.0492419836377,0
2.04939707649955,0
2.04955216936141,0
2.04970726222326,0
2.04986235508511,0
2.05001744794696,0
2.05017254080881,0
2.05032763367066,0
2.05048272653251,0
2.05063781939436,0
2.05079291225621,0
2.05094800511806,0
2.05110309797992,0
2.05125819084177,0
2.05141328370362,0
2.05156837656547,0
2.05172346942732,0
2.05187856228917,0
2.05203365515102,0
2.05218874801287,0
2.05234384087472,0
2.05249893373657,0
2.05265402659843,0
2.05280911946028,0
2.05296421232213,0
2.05311930518398,0
2.05327439804583,0
2.05342949090768,0
2.05358458376953,0
2.05373967663138,0
2.05389476949323,0
2.05404986235509,0
2.05420495521694,0
2.05436004807879,0
2.05451514094064,0
2.05467023380249,0
2.05482532666434,0
2.05498041952619,0
2.05513551238804,0
2.05529060524989,0
2.05544569811174,0
2.0556007909736,0
2.05575588383545,0
2.0559109766973,0
2.05606606955915,0
2.056221162421,0
2.05637625528285,0
2.0565313481447,0
2.05668644100655,0
2.0568415338684,0
2.05699662673025,0
2.05715171959211,0
2.05730681245396,0
2.05746190531581,0
2.05761699817766,0
2.05777209103951,0
2.05792718390136,0
2.05808227676321,0
2.05823736962506,0
2.05839246248691,0
2.05854755534877,0
2.05870264821062,0
2.05885774107247,0
2.05901283393432,0
2.05916792679617,0
2.05932301965802,0
2.05947811251987,0
2.05963320538172,0
2.05978829824357,0
2.05994339110542,0
2.06009848396728,0
2.06025357682913,0
2.06040866969098,0
2.06056376255283,0
2.06071885541468,0
2.06087394827653,0
2.06102904113838,0
2.06118413400023,0
2.06133922686208,0
2.06149431972393,0
2.06164941258579,0
2.06180450544764,0
2.06195959830949,0
2.06211469117134,0
2.06226978403319,0
2.06242487689504,0
2.06257996975689,0
2.06273506261874,0
2.06289015548059,0
2.06304524834245,0
2.0632003412043,0
2.06335543406615,0
2.063510526928,0
2.06366561978985,0
2.0638207126517,0
2.06397580551355,0
2.0641308983754,0
2.06428599123725,0
2.0644410840991,0
2.06459617696096,0
2.06475126982281,0
2.06490636268466,0
2.06506145554651,0
2.06521654840836,0
2.06537164127021,0
2.06552673413206,0
2.06568182699391,0
2.06583691985576,0
2.06599201271761,0
2.06614710557947,0
2.06630219844132,0
2.06645729130317,0
2.06661238416502,0
2.06676747702687,0
2.06692256988872,0
2.06707766275057,0
2.06723275561242,0
2.06738784847427,0
2.06754294133613,0
2.06769803419798,0
2.06785312705983,0
2.06800821992168,0
2.06816331278353,0
2.06831840564538,0
2.06847349850723,0
2.06862859136908,0
2.06878368423093,0
2.06893877709278,0
2.06909386995464,0
2.06924896281649,0
2.06940405567834,0
2.06955914854019,0
2.06971424140204,0
2.06986933426389,0
2.07002442712574,0
2.07017951998759,0
2.07033461284944,0
2.07048970571129,0
2.07064479857315,0
2.070799891435,0
2.07095498429685,0
2.0711100771587,0
2.07126517002055,0
2.0714202628824,0
2.07157535574425,0
2.0717304486061,0
2.07188554146795,0
2.07204063432981,0
2.07219572719166,0
2.07235082005351,0
2.07250591291536,0
2.07266100577721,0
2.07281609863906,0
2.07297119150091,0
2.07312628436276,0
2.07328137722461,0
2.07343647008646,0
2.07359156294832,0
2.07374665581017,0
2.07390174867202,0
2.07405684153387,0
2.07421193439572,0
2.07436702725757,0
2.07452212011942,0
2.07467721298127,0
2.07483230584312,0
2.07498739870497,0
2.07514249156683,0
2.07529758442868,0
2.07545267729053,0
2.07560777015238,0
2.07576286301423,0
2.07591795587608,0
2.07607304873793,0
2.07622814159978,0
2.07638323446163,0
2.07653832732348,0
2.07669342018534,0
2.07684851304719,0
2.07700360590904,0
2.07715869877089,0
2.07731379163274,0
2.07746888449459,0
2.07762397735644,0
2.07777907021829,0
2.07793416308014,0
2.078089255942,0
2.07824434880385,0
2.0783994416657,0
2.07855453452755,0
2.0787096273894,0
2.07886472025125,0
2.0790198131131,0
2.07917490597495,0
2.0793299988368,0
2.07948509169865,0
2.07964018456051,0
2.07979527742236,0
2.07995037028421,0
2.08010546314606,0
2.08026055600791,0
2.08041564886976,0
2.08057074173161,0
2.08072583459346,0
2.08088092745531,0
2.08103602031716,0
2.08119111317902,0
2.08134620604087,0
2.08150129890272,0
2.08165639176457,0
2.08181148462642,0
2.08196657748827,0
2.08212167035012,0
2.08227676321197,0
2.08243185607382,0
2.08258694893568,0
2.08274204179753,0
2.08289713465938,0
2.08305222752123,0
2.08320732038308,0
2.08336241324493,0
2.08351750610678,0
2.08367259896863,0
2.08382769183048,0
2.08398278469233,0
2.08413787755419,0
2.08429297041604,0
2.08444806327789,0
2.08460315613974,0
2.08475824900159,0
2.08491334186344,0
2.08506843472529,0
2.08522352758714,0
2.08537862044899,0
2.08553371331084,0
2.0856888061727,0
2.08584389903455,0
2.0859989918964,0
2.08615408475825,0
2.0863091776201,0
2.08646427048195,0
2.0866193633438,0
2.08677445620565,0
2.0869295490675,0
2.08708464192936,0
2.08723973479121,0
2.08739482765306,0
2.08754992051491,0
2.08770501337676,0
2.08786010623861,0
2.08801519910046,0
2.08817029196231,0
2.08832538482416,0
2.08848047768601,0
2.08863557054787,0
2.08879066340972,0
2.08894575627157,0
2.08910084913342,0
2.08925594199527,0
2.08941103485712,0
2.08956612771897,0
2.08972122058082,0
2.08987631344267,0
2.09003140630452,0
2.09018649916638,0
2.09034159202823,0
2.09049668489008,0
2.09065177775193,0
2.09080687061378,0
2.09096196347563,0
2.09111705633748,0
2.09127214919933,0
2.09142724206118,0
2.09158233492304,0
2.09173742778489,0
2.09189252064674,0
2.09204761350859,0
2.09220270637044,0
2.09235779923229,0
2.09251289209414,0
2.09266798495599,0
2.09282307781784,0
2.09297817067969,0
2.09313326354155,0
2.0932883564034,0
2.09344344926525,0
2.0935985421271,0
2.09375363498895,0
2.0939087278508,0
2.09406382071265,0
2.0942189135745,0
2.09437400643635,0
2.0945290992982,0
2.09468419216006,0
2.09483928502191,0
2.09499437788376,0
2.09514947074561,0
2.09530456360746,0
2.09545965646931,0
2.09561474933116,0
2.09576984219301,0
2.09592493505486,0
2.09608002791672,0
2.09623512077857,0
2.09639021364042,0
2.09654530650227,0
2.09670039936412,0
2.09685549222597,0
2.09701058508782,0
2.09716567794967,0
2.09732077081152,0
2.09747586367337,0
2.09763095653523,0
2.09778604939708,0
2.09794114225893,0
2.09809623512078,0
2.09825132798263,0
2.09840642084448,0
2.09856151370633,0
2.09871660656818,0
2.09887169943003,0
2.09902679229188,0
2.09918188515374,0
2.09933697801559,0
2.09949207087744,0
2.09964716373929,0
2.09980225660114,0
2.09995734946299,0
2.10011244232484,0
2.10026753518669,0
2.10042262804854,0
2.1005777209104,0
2.10073281377225,0
2.1008879066341,0
2.10104299949595,0
2.1011980923578,0
2.10135318521965,0
2.1015082780815,0
2.10166337094335,0
2.1018184638052,0
2.10197355666705,0
2.10212864952891,0
2.10228374239076,0
2.10243883525261,0
2.10259392811446,0
2.10274902097631,0
2.10290411383816,0
2.10305920670001,0
2.10321429956186,0
2.10336939242371,0
2.10352448528556,0
2.10367957814742,0
2.10383467100927,0
2.10398976387112,0
2.10414485673297,0
2.10429994959482,0
2.10445504245667,0
2.10461013531852,0
2.10476522818037,0
2.10492032104222,0
2.10507541390408,0
2.10523050676593,0
2.10538559962778,0
2.10554069248963,0
2.10569578535148,0
2.10585087821333,0
2.10600597107518,0
2.10616106393703,0
2.10631615679888,0
2.10647124966073,0
2.10662634252259,0
2.10678143538444,0
2.10693652824629,0
2.10709162110814,0
2.10724671396999,0
2.10740180683184,0
2.10755689969369,0
2.10771199255554,0
2.10786708541739,0
2.10802217827924,471.99238017648
2.1081772711411,0
2.10833236400295,0
2.1084874568648,0
2.10864254972665,0
2.1087976425885,0
2.10895273545035,0
2.1091078283122,0
2.10926292117405,0
2.1094180140359,0
2.10957310689776,0
2.10972819975961,0
2.10988329262146,0
2.11003838548331,0
2.11019347834516,0
2.11034857120701,0
2.11050366406886,0
2.11065875693071,0
2.11081384979256,0
2.11096894265441,0
2.11112403551627,0
2.11127912837812,0
2.11143422123997,0
2.11158931410182,0
2.11174440696367,0
2.11189949982552,0
2.11205459268737,0
2.11220968554922,0
2.11236477841107,0
2.11251987127292,0
2.11267496413478,0
2.11283005699663,0
2.11298514985848,0
2.11314024272033,0
2.11329533558218,0
2.11345042844403,0
2.11360552130588,0
2.11376061416773,0
2.11391570702958,0
2.11407079989144,0
2.11422589275329,0
2.11438098561514,0
2.11453607847699,0
2.11469117133884,0
2.11484626420069,0
2.11500135706254,0
2.11515644992439,0
2.11531154278624,0
2.11546663564809,0
2.11562172850995,0
2.1157768213718,0
2.11593191423365,0
2.1160870070955,0
2.11624209995735,0
2.1163971928192,0
2.11655228568105,0
2.1167073785429,0
2.11686247140475,0
2.1170175642666,0
2.11717265712846,0
2.11732774999031,0
2.11748284285216,0
2.11763793571401,0
2.11779302857586,0
2.11794812143771,0
2.11810321429956,0
2.11825830716141,0
2.11841340002326,0
2.11856849288512,0
2.11872358574697,0
2.11887867860882,0
2.11903377147067,0
2.11918886433252,0
2.11934395719437,0
2.11949905005622,0
2.11965414291807,0
2.11980923577992,0
2.11996432864177,0
2.12011942150363,0
2.12027451436548,0
2.12042960722733,0
2.12058470008918,0
2.12073979295103,0
2.12089488581288,0
2.12104997867473,0
2.12120507153658,0
2.12136016439843,0
2.12151525726028,0
2.12167035012214,0
2.12182544298399,0
2.12198053584584,0
2.12213562870769,0
2.12229072156954,0
2.12244581443139,0
2.12260090729324,0
2.12275600015509,0
2.12291109301694,0
2.1230661858788,0
2.12322127874065,0
2.1233763716025,0
2.12353146446435,0
2.1236865573262,0
2.12384165018805,0
2.1239967430499,0
2.12415183591175,0
2.1243069287736,0
2.12446202163545,0
2.12461711449731,0
2.12477220735916,0
2.12492730022101,0
2.12508239308286,0
2.12523748594471,0
2.12539257880656,0
2.12554767166841,0
2.12570276453026,0
2.12585785739211,0
2.12601295025396,0
2.12616804311582,0
2.12632313597767,0
2.12647822883952,0
2.12663332170137,0
2.12678841456322,0
2.12694350742507,0
2.12709860028692,0
2.12725369314877,0
2.12740878601062,0
2.12756387887248,0
2.12771897173433,0
2.12787406459618,0
2.12802915745803,0
2.12818425031988,0
2.12833934318173,0
2.12849443604358,0
2.12864952890543,0
2.12880462176728,0
2.12895971462913,0
2.12911480749099,0
2.12926990035284,0
2.12942499321469,0
2.12958008607654,0
2.12973517893839,0
2.12989027180024,0
2.13004536466209,0
2.13020045752394,0
2.13035555038579,0
2.13051064324764,0
2.1306657361095,0
2.13082082897135,0
2.1309759218332,0
2.13113101469505,0
2.1312861075569,0
2.13144120041875,0
2.1315962932806,0
2.13175138614245,0
2.1319064790043,0
2.13206157186616,0
2.13221666472801,0
2.13237175758986,0
2.13252685045171,0
2.13268194331356,0
2.13283703617541,0
2.13299212903726,0
2.13314722189911,0
2.13330231476096,0
2.13345740762281,0
2.13361250048467,0
2.13376759334652,0
2.13392268620837,0
2.13407777907022,0
2.13423287193207,0
2.13438796479392,0
2.13454305765577,0
2.13469815051762,0
2.13485324337947,0
2.13500833624132,0
2.13516342910318,0
2.13531852196503,0
2.13547361482688,0
2.13562870768873,0
2.13578380055058,0
2.13593889341243,0
2.13609398627428,0
2.13624907913613,0
2.13640417199798,0
2.13655926485983,0
2.13671435772169,0
2.13686945058354,0
2.13702454344539,0
2.13717963630724,0
2.13733472916909,0
2.13748982203094,0
2.13764491489279,0
2.13780000775464,0
2.13795510061649,0
2.13811019347835,0
2.1382652863402,0
2.13842037920205,0
2.1385754720639,0
2.13873056492575,0
2.1388856577876,0
2.13904075064945,0
2.1391958435113,0
2.13935093637315,0
2.139506029235,0
2.13966112209686,0
2.13981621495871,0
2.13997130782056,0
2.14012640068241,0
2.14028149354426,0
2.14043658640611,0
2.14059167926796,0
2.14074677212981,0
2.14090186499166,0
2.14105695785351,0
2.14121205071537,0
2.14136714357722,0
2.14152223643907,0
2.14167732930092,0
2.14183242216277,0
2.14198751502462,0
2.14214260788647,0
2.14229770074832,0
2.14245279361017,0
2.14260788647203,0
2.14276297933388,0
2.14291807219573,0
2.14307316505758,0
2.14322825791943,0
2.14338335078128,0
2.14353844364313,0
2.14369353650498,0
2.14384862936683,0
2.14400372222868,0
2.14415881509054,0
2.14431390795239,0
2.14446900081424,0
2.14462409367609,0
2.14477918653794,0
2.14493427939979,0
2.14508937226164,0
2.14524446512349,0
2.14539955798534,0
2.14555465084719,0
2.14570974370905,0
2.1458648365709,0
2.14601992943275,0
2.1461750222946,0
2.14633011515645,0
2.1464852080183,0
2.14664030088015,0
2.146795393742,0
2.14695048660385,0
2.14710557946571,0
2.14726067232756,0
2.14741576518941,0
2.14757085805126,0
2.14772595091311,0
2.14788104377496,0
2.14803613663681,0
2.14819122949866,0
2.14834632236051,0
2.14850141522236,0
2.14865650808422,0
2.14881160094607,0
2.14896669380792,0
2.14912178666977,0
2.14927687953162,0
2.14943197239347,0
2.14958706525532,0
2.14974215811717,0
2.14989725097902,0
2.15005234384087,0
2.15020743670273,0
2.15036252956458,0
2.15051762242643,0
2.15067271528828,0
2.15082780815013,0
2.15098290101198,0
2.15113799387383,0
2.15129308673568,0
2.15144817959753,0
2.15160327245938,0
2.15175836532124,0
2.15191345818309,0
2.15206855104494,0
2.15222364390679,0
2.15237873676864,0
2.15253382963049,0
2.15268892249234,0
2.15284401535419,0
2.15299910821604,0
2.1531542010779,0
2.15330929393975,0
2.1534643868016,0
2.15361947966345,0
2.1537745725253,0
2.15392966538715,0
2.154084758249,0
2.15423985111085,0
2.1543949439727,0
2.15455003683455,0
2.15470512969641,0
2.15486022255826,0
2.15501531542011,0
2.15517040828196,0
2.15532550114381,0
2.15548059400566,0
2.15563568686751,0
2.15579077972936,0
2.15594587259121,0
2.15610096545306,0
2.15625605831492,0
2.15641115117677,0
2.15656624403862,0
2.15672133690047,0
2.15687642976232,0
2.15703152262417,0
2.15718661548602,0
2.15734170834787,0
2.15749680120972,0
2.15765189407158,0
2.15780698693343,0
2.15796207979528,0
2.15811717265713,0
2.15827226551898,0
2.15842735838083,0
2.15858245124268,0
2.15873754410453,0
2.15889263696638,0
2.15904772982823,0
2.15920282269009,0
2.15935791555194,0
2.15951300841379,0
2.15966810127564,0
2.15982319413749,0
2.15997828699934,0
2.16013337986119,0
2.16028847272304,0
2.16044356558489,0
2.16059865844674,0
2.1607537513086,0
2.16090884417045,0
2.1610639370323,0
2.16121902989415,0
2.161374122756,0
2.16152921561785,0
2.1616843084797,0
2.16183940134155,0
2.1619944942034,0
2.16214958706526,0
2.16230467992711,0
2.16245977278896,0
2.16261486565081,0
2.16276995851266,0
2.16292505137451,0
2.16308014423636,0
2.16323523709821,0
2.16339032996006,0
2.16354542282191,0
2.16370051568377,0
2.16385560854562,0
2.16401070140747,0
2.16416579426932,0
2.16432088713117,0
2.16447597999302,0
2.16463107285487,0
2.16478616571672,0
2.16494125857857,0
2.16509635144042,0
2.16525144430228,0
2.16540653716413,0
2.16556163002598,0
2.16571672288783,0
2.16587181574968,0
2.16602690861153,0
2.16618200147338,0
2.16633709433523,0
2.16649218719708,0
2.16664728005894,0
2.16680237292079,0
2.16695746578264,0
2.16711255864449,0
2.16726765150634,0
2.16742274436819,0
2.16757783723004,0
2.16773293009189,0
2.16788802295374,0
2.16804311581559,0
2.16819820867745,0
2.1683533015393,0
2.16850839440115,0
2.168663487263,0
2.16881858012485,0
2.1689736729867,0
2.16912876584855,0
2.1692838587104,0
2.16943895157225,0
2.1695940444341,0
2.16974913729596,0
2.16990423015781,0
2.17005932301966,0
2.17021441588151,0
2.17036950874336,0
2.17052460160521,0
2.17067969446706,0
2.17083478732891,0
2.17098988019076,0
2.17114497305262,0
2.17130006591447,0
2.17145515877632,0
2.17161025163817,0
2.17176534450002,0
2.17192043736187,0
2.17207553022372,0
2.17223062308557,0
2.17238571594742,0
2.17254080880927,0
2.17269590167113,0
2.17285099453298,0
2.17300608739483,0
2.17316118025668,0
2.17331627311853,0
2.17347136598038,0
2.17362645884223,0
2.17378155170408,0
2.17393664456593,0
2.17409173742778,0
2.17424683028964,0
2.17440192315149,0
2.17455701601334,0
2.17471210887519,0
2.17486720173704,0
2.17502229459889,0
2.17517738746074,0
2.17533248032259,0
2.17548757318444,0
2.1756426660463,0
2.17579775890815,0
2.17595285177,0
2.17610794463185,0
2.1762630374937,0
2.17641813035555,0
2.1765732232174,0
2.17672831607925,0
2.1768834089411,0
2.17703850180295,0
2.17719359466481,0
2.17734868752666,0
2.17750378038851,0
2.17765887325036,0
2.17781396611221,0
2.17796905897406,0
2.17812415183591,0
2.17827924469776,0
2.17843433755961,0
2.17858943042146,0
2.17874452328332,0
2.17889961614517,0
2.17905470900702,0
2.17920980186887,0
2.17936489473072,0
2.17951998759257,0
2.17967508045442,0
2.17983017331627,0
2.17998526617812,0
2.18014035903998,0
2.18029545190183,0
2.18045054476368,0
2.18060563762553,0
2.18076073048738,0
2.18091582334923,0
2.18107091621108,0
2.18122600907293,0
2.18138110193478,0
2.18153619479663,0
2.18169128765849,0
2.18184638052034,0
2.18200147338219,0
2.18215656624404,0
2.18231165910589,0
2.18246675196774,0
2.18262184482959,0
2.18277693769144,0
2.18293203055329,0
2.18308712341514,0
2.183242216277,0
2.18339730913885,0
2.1835524020007,0
2.18370749486255,0
2.1838625877244,0
2.18401768058625,0
2.1841727734481,0
2.18432786630995,0
2.1844829591718,0
2.18463805203366,0
2.18479314489551,0
2.18494823775736,0
2.18510333061921,0
2.18525842348106,0
2.18541351634291,0
2.18556860920476,0
2.18572370206661,0
2.18587879492846,0
2.18603388779031,0
2.18618898065217,0
2.18634407351402,0
2.18649916637587,0
2.18665425923772,0
2.18680935209957,0
2.18696444496142,0
2.18711953782327,0
2.18727463068512,0
2.18742972354697,0
2.18758481640882,0
2.18773990927068,0
2.18789500213253,0
2.18805009499438,0
2.18820518785623,0
2.18836028071808,0
2.18851537357993,0
2.18867046644178,0
2.18882555930363,0
2.18898065216548,0
2.18913574502734,0
2.18929083788919,0
2.18944593075104,0
2.18960102361289,0
2.18975611647474,0
2.18991120933659,0
2.19006630219844,0
2.19022139506029,0
2.19037648792214,0
2.19053158078399,0
2.19068667364585,0
2.1908417665077,0
2.19099685936955,0
2.1911519522314,0
2.19130704509325,0
2.1914621379551,0
2.19161723081695,0
2.1917723236788,0
2.19192741654065,0
2.1920825094025,0
2.19223760226436,0
2.19239269512621,0
2.19254778798806,0
2.19270288084991,0
2.19285797371176,0
2.19301306657361,0
2.19316815943546,0
2.19332325229731,0
2.19347834515916,0
2.19363343802102,0
2.19378853088287,0
2.19394362374472,0
2.19409871660657,0
2.19425380946842,0
2.19440890233027,0
2.19456399519212,0
2.19471908805397,0
2.19487418091582,0
2.19502927377767,0
2.19518436663953,0
2.19533945950138,0
2.19549455236323,0
2.19564964522508,0
2.19580473808693,0
2.19595983094878,0
2.19611492381063,0
2.19627001667248,0
2.19642510953433,0
2.19658020239618,0
2.19673529525804,0
2.19689038811989,0
2.19704548098174,0
2.19720057384359,0
2.19735566670544,0
2.19751075956729,0
2.19766585242914,0
2.19782094529099,0
2.19797603815284,0
2.1981311310147,0
2.19828622387655,0
2.1984413167384,0
2.19859640960025,0
2.1987515024621,0
2.19890659532395,0
2.1990616881858,0
2.19921678104765,0
2.1993718739095,0
2.19952696677135,0
2.19968205963321,0
2.19983715249506,0
2.19999224535691,0
2.20014733821876,0
2.20030243108061,0
2.20045752394246,0
2.20061261680431,0
2.20076770966616,0
2.20092280252801,0
2.20107789538986,0
2.20123298825172,0
2.20138808111357,0
2.20154317397542,0
2.20169826683727,0
2.20185335969912,0
2.20200845256097,0
2.20216354542282,0
2.20231863828467,0
2.20247373114652,0
2.20262882400838,0
2.20278391687023,0
2.20293900973208,0
2.20309410259393,0
2.20324919545578,0
2.20340428831763,0
2.20355938117948,0
2.20371447404133,0
2.20386956690318,0
2.20402465976503,0
2.20417975262689,0
2.20433484548874,0
2.20448993835059,0
2.20464503121244,0
2.20480012407429,0
2.20495521693614,0
2.20511030979799,0
2.20526540265984,0
2.20542049552169,0
2.20557558838354,0
2.2057306812454,0
2.20588577410725,0
2.2060408669691,0
2.20619595983095,0
2.2063510526928,0
2.20650614555465,0
2.2066612384165,0
2.20681633127835,0
2.2069714241402,0
2.20712651700206,0
2.20728160986391,0
2.20743670272576,0
2.20759179558761,0
2.20774688844946,0
2.20790198131131,0
2.20805707417316,0
2.20821216703501,0
2.20836725989686,0
2.20852235275871,0
2.20867744562057,0
2.20883253848242,0
2.20898763134427,0
2.20914272420612,0
2.20929781706797,0
2.20945290992982,0
2.20960800279167,0
2.20976309565352,0
2.20991818851537,0
2.21007328137722,0
2.21022837423908,0
2.21038346710093,0
2.21053855996278,0
2.21069365282463,0
2.21084874568648,0
2.21100383854833,0
2.21115893141018,0
2.21131402427203,0
2.21146911713388,0
2.21162420999574,0
2.21177930285759,0
2.21193439571944,0
2.21208948858129,0
2.21224458144314,0
2.21239967430499,0
2.21255476716684,0
2.21270986002869,0
2.21286495289054,0
2.21302004575239,0
2.21317513861425,0
2.2133302314761,0
2.21348532433795,0
2.2136404171998,0
2.21379551006165,0
2.2139506029235,0
2.21410569578535,0
2.2142607886472,0
2.21441588150905,0
2.2145709743709,0
2.21472606723276,0
2.21488116009461,0
2.21503625295646,0
2.21519134581831,0
2.21534643868016,0
2.21550153154201,0
2.21565662440386,0
2.21581171726571,0
2.21596681012756,0
2.21612190298942,0
2.21627699585127,0
2.21643208871312,0
2.21658718157497,0
2.21674227443682,0
2.21689736729867,0
2.21705246016052,0
2.21720755302237,0
2.21736264588422,0
2.21751773874607,0
2.21767283160793,0
2.21782792446978,0
2.21798301733163,0
2.21813811019348,0
2.21829320305533,0
2.21844829591718,0
2.21860338877903,0
2.21875848164088,0
2.21891357450273,0
2.21906866736458,0
2.21922376022644,0
2.21937885308829,0
2.21953394595014,0
2.21968903881199,0
2.21984413167384,0
2.21999922453569,0
2.22015431739754,0
2.22030941025939,0
2.22046450312124,0
2.22061959598309,0
2.22077468884495,0
2.2209297817068,0
2.22108487456865,0
2.2212399674305,0
2.22139506029235,0
2.2215501531542,0
2.22170524601605,0
2.2218603388779,0
2.22201543173975,0
2.22217052460161,0
2.22232561746346,0
2.22248071032531,0
2.22263580318716,0
2.22279089604901,0
2.22294598891086,0
2.22310108177271,0
2.22325617463456,0
2.22341126749641,0
2.22356636035826,0
2.22372145322012,0
2.22387654608197,0
2.22403163894382,0
2.22418673180567,0
2.22434182466752,0
2.22449691752937,0
2.22465201039122,0
2.22480710325307,0
2.22496219611492,0
2.22511728897677,0
2.22527238183863,0
2.22542747470048,0
2.22558256756233,0
2.22573766042418,0
2.22589275328603,0
2.22604784614788,0
2.22620293900973,0
2.22635803187158,0
2.22651312473343,0
2.22666821759528,0
2.22682331045714,0
2.22697840331899,0
2.22713349618084,0
2.22728858904269,0
2.22744368190454,0
2.22759877476639,0
2.22775386762824,0
2.22790896049009,0
2.22806405335194,0
2.2282191462138,0
2.22837423907565,0
2.2285293319375,0
2.22868442479935,0
2.2288395176612,0
2.22899461052305,0
2.2291497033849,0
2.22930479624675,0
2.2294598891086,0
2.22961498197045,0
2.22977007483231,0
2.22992516769416,0
2.23008026055601,0
2.23023535341786,0
2.23039044627971,0
2.23054553914156,0
2.23070063200341,0
2.23085572486526,0
2.23101081772711,0
2.23116591058896,0
2.23132100345082,0
2.23147609631267,0
2.23163118917452,0
2.23178628203637,0
2.23194137489822,0
2.23209646776007,0
2.23225156062192,0
2.23240665348377,0
2.23256174634562,0
2.23271683920748,0
2.23287193206933,0
2.23302702493118,0
2.23318211779303,0
2.23333721065488,0
2.23349230351673,0
2.23364739637858,0
2.23380248924043,0
2.23395758210228,0
2.23411267496413,0
2.23426776782599,0
2.23442286068784,0
2.23457795354969,24.4446661062319
2.23473304641154,0
2.23488813927339,0
2.23504323213524,0
2.23519832499709,0
2.23535341785894,0
2.23550851072079,0
2.23566360358264,0
2.2358186964445,0
2.23597378930635,0
2.2361288821682,0
2.23628397503005,0
2.2364390678919,0
2.23659416075375,0
2.2367492536156,0
2.23690434647745,0
2.2370594393393,0
2.23721453220116,0
2.23736962506301,0
2.23752471792486,0
2.23767981078671,0
2.23783490364856,0
2.23798999651041,0
2.23814508937226,0
2.23830018223411,0
2.23845527509596,0
2.23861036795781,0
2.23876546081967,0
2.23892055368152,0
2.23907564654337,0
2.23923073940522,0
2.23938583226707,0
2.23954092512892,0
2.23969601799077,0
2.23985111085262,0
2.24000620371447,0
2.24016129657632,0
2.24031638943818,0
2.24047148230003,0
2.24062657516188,0
2.24078166802373,0
2.24093676088558,0
2.24109185374743,0
2.24124694660928,0
2.24140203947113,0
2.24155713233298,0
2.24171222519484,0
2.24186731805669,0
2.24202241091854,0
2.24217750378039,0
2.24233259664224,0
2.24248768950409,0
2.24264278236594,0
2.24279787522779,0
2.24295296808964,0
2.24310806095149,0
2.24326315381335,0
2.2434182466752,0
2.24357333953705,0
2.2437284323989,0
2.24388352526075,0
2.2440386181226,0
2.24419371098445,0
2.2443488038463,0
2.24450389670815,0
2.24465898957,0
2.24481408243186,0
2.24496917529371,0
2.24512426815556,0
2.24527936101741,0
2.24543445387926,0
2.24558954674111,0
2.24574463960296,0
2.24589973246481,0
2.24605482532666,0
2.24620991818852,0
2.24636501105037,0
2.24652010391222,0
2.24667519677407,0
2.24683028963592,0
2.24698538249777,0
2.24714047535962,0
2.24729556822147,0
2.24745066108332,0
2.24760575394517,0
2.24776084680703,0
2.24791593966888,0
2.24807103253073,0
2.24822612539258,0
2.24838121825443,0
2.24853631111628,0
2.24869140397813,0
2.24884649683998,0
2.24900158970183,0
2.24915668256368,0
2.24931177542554,0
2.24946686828739,0
2.24962196114924,0
2.24977705401109,0
2.24993214687294,0
2.25008723973479,0
2.25024233259664,0
2.25039742545849,0
2.25055251832034,0
2.2507076111822,0
2.25086270404405,0
2.2510177969059,0
2.25117288976775,0
2.2513279826296,0
2.25148307549145,0
2.2516381683533,0
2.25179326121515,0
2.251948354077,0
2.25210344693885,0
2.25225853980071,0
2.25241363266256,0
2.25256872552441,0
2.25272381838626,0
2.25287891124811,0
2.25303400410996,0
2.25318909697181,0
2.25334418983366,0
2.25349928269551,0
2.25365437555736,0
2.25380946841922,0
2.25396456128107,0
2.25411965414292,0
2.25427474700477,0
2.25442983986662,0
2.25458493272847,0
2.25474002559032,0
2.25489511845217,0
2.25505021131402,0
2.25520530417588,0
2.25536039703773,0
2.25551548989958,0
2.25567058276143,0
2.25582567562328,0
2.25598076848513,0
2.25613586134698,0
2.25629095420883,0
2.25644604707068,0
2.25660113993253,0
2.25675623279439,0
2.25691132565624,0
2.25706641851809,0
2.25722151137994,0
2.25737660424179,0
2.25753169710364,0
2.25768678996549,0
2.25784188282734,0
2.25799697568919,0
2.25815206855104,0
2.2583071614129,0
2.25846225427475,0
2.2586173471366,0
2.25877243999845,0
2.2589275328603,0
2.25908262572215,0
2.259237718584,0
2.25939281144585,0
2.2595479043077,0
2.25970299716956,0
2.25985809003141,0
2.26001318289326,0
2.26016827575511,0
2.26032336861696,0
2.26047846147881,0
2.26063355434066,0
2.26078864720251,0
2.26094374006436,0
2.26109883292621,0
2.26125392578807,0
2.26140901864992,0
2.26156411151177,0
2.26171920437362,0
2.26187429723547,0
2.26202939009732,0
2.26218448295917,0
2.26233957582102,0
2.26249466868287,0
2.26264976154472,0
2.26280485440658,0
2.26295994726843,0
2.26311504013028,0
2.26327013299213,0
2.26342522585398,0
2.26358031871583,0
2.26373541157768,0
2.26389050443953,0
2.26404559730138,0
2.26420069016324,0
2.26435578302509,0
2.26451087588694,0
2.26466596874879,0
2.26482106161064,0
2.26497615447249,0
2.26513124733434,0
2.26528634019619,0
2.26544143305804,0
2.26559652591989,0
2.26575161878175,0
2.2659067116436,0
2.26606180450545,0
2.2662168973673,0
2.26637199022915,0
2.266527083091,0
2.26668217595285,0
2.2668372688147,0
2.26699236167655,0
2.2671474545384,0
2.26730254740026,0
2.26745764026211,0
2.26761273312396,0
2.26776782598581,0
2.26792291884766,0
2.26807801170951,0
2.26823310457136,0
2.26838819743321,0
2.26854329029506,0
2.26869838315692,0
2.26885347601877,0
2.26900856888062,0
2.26916366174247,0
2.26931875460432,0
2.26947384746617,0
2.26962894032802,0
2.26978403318987,0
2.26993912605172,0
2.27009421891357,0
2.27024931177543,0
2.27040440463728,0
2.27055949749913,0
2.27071459036098,0
2.27086968322283,0
2.27102477608468,0
2.27117986894653,0
2.27133496180838,0
2.27149005467023,0
2.27164514753208,0
2.27180024039394,0
2.27195533325579,0
2.27211042611764,0
2.27226551897949,0
2.27242061184134,0
2.27257570470319,0
2.27273079756504,0
2.27288589042689,0
2.27304098328874,0
2.2731960761506,0
2.27335116901245,0
2.2735062618743,0
2.27366135473615,0
2.273816447598,0
2.27397154045985,0
2.2741266333217,0
2.27428172618355,0
2.2744368190454,0
2.27459191190725,0
2.27474700476911,0
2.27490209763096,0
2.27505719049281,0
2.27521228335466,0
2.27536737621651,0
2.27552246907836,0
2.27567756194021,0
2.27583265480206,0
2.27598774766391,0
2.27614284052576,0
2.27629793338762,0
2.27645302624947,0
2.27660811911132,0
2.27676321197317,0
2.27691830483502,0
2.27707339769687,0
2.27722849055872,0
2.27738358342057,0
2.27753867628242,0
2.27769376914428,0
2.27784886200613,0
2.27800395486798,0
2.27815904772983,0
2.27831414059168,0
2.27846923345353,0
2.27862432631538,0
2.27877941917723,0
2.27893451203908,0
2.27908960490093,0
2.27924469776279,0
2.27939979062464,0
2.27955488348649,0
2.27970997634834,0
2.27986506921019,0
2.28002016207204,0
2.28017525493389,0
2.28033034779574,0
2.28048544065759,0
2.28064053351944,0
2.2807956263813,0
2.28095071924315,0
2.281105812105,0
2.28126090496685,0
2.2814159978287,0
2.28157109069055,0
2.2817261835524,0
2.28188127641425,0
2.2820363692761,0
2.28219146213796,0
2.28234655499981,0
2.28250164786166,0
2.28265674072351,0
2.28281183358536,0
2.28296692644721,0
2.28312201930906,0
2.28327711217091,0
2.28343220503276,0
2.28358729789461,0
2.28374239075647,0
2.28389748361832,0
2.28405257648017,0
2.28420766934202,0
2.28436276220387,0
2.28451785506572,0
2.28467294792757,0
2.28482804078942,0
2.28498313365127,0
2.28513822651312,0
2.28529331937498,0
2.28544841223683,0
2.28560350509868,0
2.28575859796053,0
2.28591369082238,0
2.28606878368423,0
2.28622387654608,0
2.28637896940793,0
2.28653406226978,0
2.28668915513164,0
2.28684424799349,0
2.28699934085534,0
2.28715443371719,0
2.28730952657904,0
2.28746461944089,0
2.28761971230274,0
2.28777480516459,0
2.28792989802644,0
2.28808499088829,0
2.28824008375015,0
2.288395176612,0
2.28855026947385,0
2.2887053623357,0
2.28886045519755,0
2.2890155480594,0
2.28917064092125,0
2.2893257337831,0
2.28948082664495,0
2.2896359195068,0
2.28979101236866,0
2.28994610523051,0
2.29010119809236,0
2.29025629095421,0
2.29041138381606,0
2.29056647667791,0
2.29072156953976,0
2.29087666240161,0
2.29103175526346,0
2.29118684812532,0
2.29134194098717,0
2.29149703384902,0
2.29165212671087,0
2.29180721957272,0
2.29196231243457,0
2.29211740529642,0
2.29227249815827,0
2.29242759102012,0
2.29258268388197,0
2.29273777674383,0
2.29289286960568,0
2.29304796246753,0
2.29320305532938,0
2.29335814819123,0
2.29351324105308,0
2.29366833391493,0
2.29382342677678,0
2.29397851963863,0
2.29413361250048,0
2.29428870536234,0
2.29444379822419,24.2121586691781
2.29459889108604,0
2.29475398394789,0
2.29490907680974,0
2.29506416967159,0
2.29521926253344,0
2.29537435539529,0
2.29552944825714,0
2.295684541119,0
2.29583963398085,0
2.2959947268427,0
2.29614981970455,0
2.2963049125664,0
2.29646000542825,0
2.2966150982901,0
2.29677019115195,0
2.2969252840138,0
2.29708037687565,0
2.29723546973751,0
2.29739056259936,0
2.29754565546121,0
2.29770074832306,0
2.29785584118491,0
2.29801093404676,0
2.29816602690861,0
2.29832111977046,0
2.29847621263231,0
2.29863130549416,0
2.29878639835602,0
2.29894149121787,0
2.29909658407972,0
2.29925167694157,0
2.29940676980342,0
2.29956186266527,0
2.29971695552712,0
2.29987204838897,0
2.30002714125082,0
2.30018223411267,0
2.30033732697453,0
2.30049241983638,0
2.30064751269823,0
2.30080260556008,0
2.30095769842193,0
2.30111279128378,0
2.30126788414563,0
2.30142297700748,0
2.30157806986933,0
2.30173316273119,0
2.30188825559304,0
2.30204334845489,0
2.30219844131674,0
2.30235353417859,0
2.30250862704044,0
2.30266371990229,0
2.30281881276414,0
2.30297390562599,0
2.30312899848784,0
2.3032840913497,0
2.30343918421155,0
2.3035942770734,0
2.30374936993525,0
2.3039044627971,0
2.30405955565895,0
2.3042146485208,0
2.30436974138265,0
2.3045248342445,0
2.30467992710635,0
2.30483501996821,0
2.30499011283006,0
2.30514520569191,0
2.30530029855376,0
2.30545539141561,0
2.30561048427746,0
2.30576557713931,0
2.30592067000116,0
2.30607576286301,0
2.30623085572487,0
2.30638594858672,0
2.30654104144857,0
2.30669613431042,0
2.30685122717227,0
2.30700632003412,0
2.30716141289597,0
2.30731650575782,0
2.30747159861967,0
2.30762669148152,0
2.30778178434338,0
2.30793687720523,0
2.30809197006708,0
2.30824706292893,0
2.30840215579078,0
2.30855724865263,0
2.30871234151448,0
2.30886743437633,0
2.30902252723818,0
2.30917762010003,0
2.30933271296189,0
2.30948780582374,0
2.30964289868559,0
2.30979799154744,0
2.30995308440929,0
2.31010817727114,0
2.31026327013299,0
2.31041836299484,0
2.31057345585669,0
2.31072854871855,0
2.3108836415804,0
2.31103873444225,0
2.3111938273041,0
2.31134892016595,0
2.3115040130278,0
2.31165910588965,0
2.3118141987515,0
2.31196929161335,0
2.3121243844752,0
2.31227947733706,0
2.31243457019891,0
2.31258966306076,0
2.31274475592261,0
2.31289984878446,0
2.31305494164631,0
2.31321003450816,0
2.31336512737001,0
2.31352022023186,0
2.31367531309371,0
2.31383040595557,0
2.31398549881742,0
2.31414059167927,0
2.31429568454112,0
2.31445077740297,0
2.31460587026482,0
2.31476096312667,0
2.31491605598852,0
2.31507114885037,0
2.31522624171223,0
2.31538133457408,0
2.31553642743593,0
2.31569152029778,0
2.31584661315963,0
2.31600170602148,0
2.31615679888333,0
2.31631189174518,0
2.31646698460703,0
2.31662207746888,0
2.31677717033074,0
2.31693226319259,0
2.31708735605444,0
2.31724244891629,0
2.31739754177814,0
2.31755263463999,0
2.31770772750184,0
2.31786282036369,0
2.31801791322554,0
2.31817300608739,0
2.31832809894925,0
2.3184831918111,0
2.31863828467295,0
2.3187933775348,0
2.31894847039665,0
2.3191035632585,0
2.31925865612035,0
2.3194137489822,0
2.31956884184405,0
2.31972393470591,0
2.31987902756776,0
2.32003412042961,0
2.32018921329146,0
2.32034430615331,0
2.32049939901516,0
2.32065449187701,0
2.32080958473886,0
2.32096467760071,0
2.32111977046256,0
2.32127486332442,0
2.32142995618627,0
2.32158504904812,0
2.32174014190997,0
2.32189523477182,0
2.32205032763367,0
2.32220542049552,0
2.32236051335737,0
2.32251560621922,0
2.32267069908107,0
2.32282579194293,0
2.32298088480478,0
2.32313597766663,0
2.32329107052848,0
2.32344616339033,0
2.32360125625218,0
2.32375634911403,0
2.32391144197588,0
2.32406653483773,0
2.32422162769959,0
2.32437672056144,0
2.32453181342329,0
2.32468690628514,0
2.32484199914699,0
2.32499709200884,0
2.32515218487069,0
2.32530727773254,0
2.32546237059439,0
2.32561746345624,0
2.3257725563181,0
2.32592764917995,0
2.3260827420418,0
2.32623783490365,0
2.3263929277655,0
2.32654802062735,0
2.3267031134892,0
2.32685820635105,0
2.3270132992129,0
2.32716839207475,0
2.32732348493661,0
2.32747857779846,0
2.32763367066031,0
2.32778876352216,0
2.32794385638401,0
2.32809894924586,0
2.32825404210771,0
2.32840913496956,0
2.32856422783141,0
2.32871932069327,0
2.32887441355512,0
2.32902950641697,0
2.32918459927882,0
2.32933969214067,0
2.32949478500252,0
2.32964987786437,0
2.32980497072622,0
2.32996006358807,0
2.33011515644992,0
2.33027024931178,0
2.33042534217363,0
2.33058043503548,0
2.33073552789733,0
2.33089062075918,0
2.33104571362103,0
2.33120080648288,0
2.33135589934473,0
2.33151099220658,0
2.33166608506843,0
2.33182117793029,0
2.33197627079214,0
2.33213136365399,0
2.33228645651584,0
2.33244154937769,0
2.33259664223954,0
2.33275173510139,0
2.33290682796324,0
2.33306192082509,0
2.33321701368695,0
2.3333721065488,0
2.33352719941065,0
2.3336822922725,0
2.33383738513435,0
2.3339924779962,0
2.33414757085805,0
2.3343026637199,0
2.33445775658175,0
2.3346128494436,0
2.33476794230546,0
2.33492303516731,0
2.33507812802916,0
2.33523322089101,0
2.33538831375286,0
2.33554340661471,0
2.33569849947656,0
2.33585359233841,0
2.33600868520026,0
2.33616377806211,0
2.33631887092397,0
2.33647396378582,0
2.33662905664767,0
2.33678414950952,0
2.33693924237137,0
2.33709433523322,0
2.33724942809507,0
2.33740452095692,0
2.33755961381877,0
2.33771470668063,0
2.33786979954248,0
2.33802489240433,0
2.33817998526618,0
2.33833507812803,0
2.33849017098988,0
2.33864526385173,0
2.33880035671358,0
2.33895544957543,0
2.33911054243728,0
2.33926563529914,0
2.33942072816099,0
2.33957582102284,0
2.33973091388469,0
2.33988600674654,0
2.34004109960839,0
2.34019619247024,0
2.34035128533209,0
2.34050637819394,0
2.34066147105579,0
2.34081656391765,0
2.3409716567795,0
2.34112674964135,0
2.3412818425032,0
2.34143693536505,0
2.3415920282269,0
2.34174712108875,0
2.3419022139506,0
2.34205730681245,0
2.34221239967431,0
2.34236749253616,0
2.34252258539801,0
2.34267767825986,0
2.34283277112171,0
2.34298786398356,0
2.34314295684541,0
2.34329804970726,0
2.34345314256911,0
2.34360823543096,0
2.34376332829282,0
2.34391842115467,0
2.34407351401652,0
2.34422860687837,0
2.34438369974022,0
2.34453879260207,0
2.34469388546392,0
2.34484897832577,0
2.34500407118762,0
2.34515916404947,0
2.34531425691133,0
2.34546934977318,0
2.34562444263503,0
2.34577953549688,0
2.34593462835873,0
2.34608972122058,0
2.34624481408243,0
2.34639990694428,0
2.34655499980613,0
2.34671009266799,0
2.34686518552984,0
2.34702027839169,0
2.34717537125354,0
2.34733046411539,0
2.34748555697724,0
2.34764064983909,0
2.34779574270094,0
2.34795083556279,0
2.34810592842464,0
2.3482610212865,0
2.34841611414835,0
2.3485712070102,0
2.34872629987205,0
2.3488813927339,0
2.34903648559575,0
2.3491915784576,0
2.34934667131945,0
2.3495017641813,0
2.34965685704315,0
2.34981194990501,0
2.34996704276686,0
2.35012213562871,0
2.35027722849056,0
2.35043232135241,0
2.35058741421426,0
2.35074250707611,0
2.35089759993796,0
2.35105269279981,0
2.35120778566167,0
2.35136287852352,0
2.35151797138537,0
2.35167306424722,0
2.35182815710907,0
2.35198324997092,0
2.35213834283277,0
2.35229343569462,0
2.35244852855647,0
2.35260362141832,0
2.35275871428018,0
2.35291380714203,0
2.35306890000388,0
2.35322399286573,0
2.35337908572758,0
2.35353417858943,0
2.35368927145128,0
2.35384436431313,0
2.35399945717498,0
2.35415455003683,0
2.35430964289869,0
2.35446473576054,0
2.35461982862239,0
2.35477492148424,0
2.35493001434609,0
2.35508510720794,0
2.35524020006979,0
2.35539529293164,0
2.35555038579349,0
2.35570547865535,0
2.3558605715172,0
2.35601566437905,0
2.3561707572409,0
2.35632585010275,0
2.3564809429646,0
2.35663603582645,0
2.3567911286883,0
2.35694622155015,0
2.357101314412,0
2.35725640727386,0
2.35741150013571,0
2.35756659299756,0
2.35772168585941,0
2.35787677872126,0
2.35803187158311,0
2.35818696444496,0
2.35834205730681,0
2.35849715016866,0
2.35865224303051,0
2.35880733589237,0
2.35896242875422,0
2.35911752161607,0
2.35927261447792,0
2.35942770733977,0
2.35958280020162,0
2.35973789306347,0
2.35989298592532,0
2.36004807878717,0
2.36020317164903,0
2.36035826451088,0
2.36051335737273,0
2.36066845023458,0
2.36082354309643,0
2.36097863595828,0
2.36113372882013,0
2.36128882168198,0
2.36144391454383,0
2.36159900740568,0
2.36175410026754,0
2.36190919312939,0
2.36206428599124,0
2.36221937885309,0
2.36237447171494,0
2.36252956457679,0
2.36268465743864,0
2.36283975030049,0
2.36299484316234,0
2.36314993602419,0
2.36330502888605,0
2.3634601217479,0
2.36361521460975,0
2.3637703074716,0
2.36392540033345,0
2.3640804931953,0
2.36423558605715,0
2.364390678919,0
2.36454577178085,0
2.36470086464271,0
2.36485595750456,0
2.36501105036641,0
2.36516614322826,0
2.36532123609011,0
2.36547632895196,0
2.36563142181381,0
2.36578651467566,0
2.36594160753751,0
2.36609670039936,0
2.36625179326122,0
2.36640688612307,0
2.36656197898492,0
2.36671707184677,0
2.36687216470862,0
2.36702725757047,0
2.36718235043232,0
2.36733744329417,0
2.36749253615602,0
2.36764762901787,0
2.36780272187973,0
2.36795781474158,0
2.36811290760343,0
2.36826800046528,0
2.36842309332713,0
2.36857818618898,0
2.36873327905083,0
2.36888837191268,0
2.36904346477453,0
2.36919855763638,0
2.36935365049824,0
2.36950874336009,0
2.36966383622194,0
2.36981892908379,0
2.36997402194564,0
2.37012911480749,0
2.37028420766934,0
2.37043930053119,0
2.37059439339304,0
2.3707494862549,0
2.37090457911675,0
2.3710596719786,0
2.37121476484045,0
2.3713698577023,0
2.37152495056415,0
2.371680043426,0
2.37183513628785,0
2.3719902291497,0
2.37214532201155,0
2.37230041487341,0
2.37245550773526,0
2.37261060059711,0
2.37276569345896,0
2.37292078632081,0
2.37307587918266,0
2.37323097204451,0
2.37338606490636,0
2.37354115776821,0
2.37369625063006,0
2.37385134349192,0
2.37400643635377,0
2.37416152921562,0
2.37431662207747,0
2.37447171493932,0
2.37462680780117,0
2.37478190066302,0
2.37493699352487,0
2.37509208638672,0
2.37524717924857,0
2.37540227211043,0
2.37555736497228,0
2.37571245783413,0
2.37586755069598,0
2.37602264355783,0
2.37617773641968,0
2.37633282928153,0
2.37648792214338,0
2.37664301500523,0
2.37679810786709,0
2.37695320072894,0
2.37710829359079,0
2.37726338645264,0
2.37741847931449,0
2.37757357217634,0
2.37772866503819,0
2.37788375790004,0
2.37803885076189,0
2.37819394362374,0
2.3783490364856,0
2.37850412934745,0
2.3786592222093,0
2.37881431507115,0
2.378969407933,0
2.37912450079485,0
2.3792795936567,0
2.37943468651855,0
2.3795897793804,0
2.37974487224225,0
2.37989996510411,0
2.38005505796596,0
2.38021015082781,0
2.38036524368966,0
2.38052033655151,0
2.38067542941336,0
2.38083052227521,0
2.38098561513706,0
2.38114070799891,0
2.38129580086077,0
2.38145089372262,0
2.38160598658447,0
2.38176107944632,0
2.38191617230817,0
2.38207126517002,0
2.38222635803187,0
2.38238145089372,0
2.38253654375557,0
2.38269163661742,0
2.38284672947928,0
2.38300182234113,0
2.38315691520298,0
2.38331200806483,0
2.38346710092668,0
2.38362219378853,0
2.38377728665038,0
2.38393237951223,0
2.38408747237408,0
2.38424256523593,0
2.38439765809779,0
2.38455275095964,0
2.38470784382149,0
2.38486293668334,0
2.38501802954519,0
2.38517312240704,0
2.38532821526889,0
2.38548330813074,0
2.38563840099259,0
2.38579349385445,0
2.3859485867163,0
2.38610367957815,0
2.38625877244,0
2.38641386530185,0
2.3865689581637,0
2.38672405102555,0
2.3868791438874,0
2.38703423674925,0
2.3871893296111,0
2.38734442247296,0
2.38749951533481,0
2.38765460819666,0
2.38780970105851,0
2.38796479392036,0
2.38811988678221,0
2.38827497964406,0
2.38843007250591,0
2.38858516536776,0
2.38874025822961,0
2.38889535109147,0
2.38905044395332,0
2.38920553681517,0
2.38936062967702,0
2.38951572253887,0
2.38967081540072,0
2.38982590826257,0
2.38998100112442,0
2.39013609398627,0
2.39029118684813,0
2.39044627970998,0
2.39060137257183,0
2.39075646543368,0
2.39091155829553,0
2.39106665115738,0
2.39122174401923,0
2.39137683688108,0
2.39153192974293,0
2.39168702260478,0
2.39184211546664,0
2.39199720832849,0
2.39215230119034,0
2.39230739405219,0
2.39246248691404,0
2.39261757977589,0
2.39277267263774,0
2.39292776549959,0
2.39308285836144,0
2.39323795122329,0
2.39339304408515,0
2.393548136947,0
2.39370322980885,0
2.3938583226707,0
2.39401341553255,0
2.3941685083944,0
2.39432360125625,0
2.3944786941181,0
2.39463378697995,0
2.39478887984181,0
2.39494397270366,0
2.39509906556551,0
2.39525415842736,0
2.39540925128921,0
2.39556434415106,0
2.39571943701291,0
2.39587452987476,0
2.39602962273661,0
2.39618471559846,0
2.39633980846032,0
2.39649490132217,0
2.39664999418402,0
2.39680508704587,0
2.39696017990772,0
2.39711527276957,0
2.39727036563142,0
2.39742545849327,0
2.39758055135512,0
2.39773564421697,0
2.39789073707883,0
2.39804582994068,0
2.39820092280253,0
2.39835601566438,0
2.39851110852623,0
2.39866620138808,0
2.39882129424993,0
2.39897638711178,0
2.39913147997363,0
2.39928657283549,0
2.39944166569734,0
2.39959675855919,0
2.39975185142104,0
2.39990694428289,0
2.40006203714474,0
2.40021713000659,0
2.40037222286844,0
2.40052731573029,0
2.40068240859214,0
2.400837501454,0
2.40099259431585,0
2.4011476871777,0
2.40130278003955,0
2.4014578729014,0
2.40161296576325,0
2.4017680586251,0
2.40192315148695,0
2.4020782443488,0
2.40223333721065,0
2.40238843007251,0
2.40254352293436,0
2.40269861579621,0
2.40285370865806,0
2.40300880151991,0
2.40316389438176,0
2.40331898724361,0
2.40347408010546,0
2.40362917296731,0
2.40378426582917,0
2.40393935869102,0
2.40409445155287,0
2.40424954441472,0
2.40440463727657,0
2.40455973013842,0
2.40471482300027,0
2.40486991586212,0
2.40502500872397,0
2.40518010158582,0
2.40533519444768,0
2.40549028730953,0
2.40564538017138,0
2.40580047303323,0
2.40595556589508,0
2.40611065875693,0
2.40626575161878,0
2.40642084448063,0
2.40657593734248,0
2.40673103020433,0
2.40688612306619,0
2.40704121592804,0
2.40719630878989,0
2.40735140165174,0
2.40750649451359,0
2.40766158737544,0
2.40781668023729,0
2.40797177309914,0
2.40812686596099,0
2.40828195882285,0
2.4084370516847,0
2.40859214454655,0
2.4087472374084,0
2.40890233027025,0
2.4090574231321,0
2.40921251599395,0
2.4093676088558,0
2.40952270171765,0
2.4096777945795,0
2.40983288744136,0
2.40998798030321,0
2.41014307316506,0
2.41029816602691,0
2.41045325888876,0
2.41060835175061,0
2.41076344461246,0
2.41091853747431,0
2.41107363033616,0
2.41122872319801,0
2.41138381605987,0
2.41153890892172,0
2.41169400178357,0
2.41184909464542,0
2.41200418750727,0
2.41215928036912,0
2.41231437323097,0
2.41246946609282,0
2.41262455895467,0
2.41277965181653,0
2.41293474467838,0
2.41308983754023,0
2.41324493040208,0
2.41340002326393,0
2.41355511612578,0
2.41371020898763,0
2.41386530184948,0
2.41402039471133,0
2.41417548757318,0
2.41433058043504,0
2.41448567329689,0
2.41464076615874,0
2.41479585902059,0
2.41495095188244,0
2.41510604474429,0
2.41526113760614,0
2.41541623046799,0
2.41557132332984,0
2.41572641619169,0
2.41588150905355,0
2.4160366019154,0
2.41619169477725,0
2.4163467876391,0
2.41650188050095,0
2.4166569733628,0
2.41681206622465,0
2.4169671590865,0
2.41712225194835,0
2.41727734481021,0
2.41743243767206,0
2.41758753053391,0
2.41774262339576,0
2.41789771625761,0
2.41805280911946,0
2.41820790198131,0
2.41836299484316,0
2.41851808770501,0
2.41867318056686,0
2.41882827342872,0
2.41898336629057,0
2.41913845915242,0
2.41929355201427,0
2.41944864487612,0
2.41960373773797,0
2.41975883059982,0
2.41991392346167,0
2.42006901632352,0
2.42022410918537,0
2.42037920204723,0
2.42053429490908,0
2.42068938777093,0
2.42084448063278,0
2.42099957349463,0
2.42115466635648,0
2.42130975921833,0
2.42146485208018,0
2.42161994494203,0
2.42177503780389,0
2.42193013066574,0
2.42208522352759,0
2.42224031638944,0
2.42239540925129,0
2.42255050211314,0
2.42270559497499,0
2.42286068783684,0
2.42301578069869,0
2.42317087356054,0
2.4233259664224,0
2.42348105928425,0
2.4236361521461,0
2.42379124500795,0
2.4239463378698,0
2.42410143073165,0
2.4242565235935,0
2.42441161645535,0
2.4245667093172,0
2.42472180217905,0
2.42487689504091,0
2.42503198790276,0
2.42518708076461,0
2.42534217362646,0
2.42549726648831,0
2.42565235935016,0
2.42580745221201,0
2.42596254507386,0
2.42611763793571,0
2.42627273079757,0
2.42642782365942,0
2.42658291652127,0
2.42673800938312,0
2.42689310224497,0
2.42704819510682,0
2.42720328796867,0
2.42735838083052,0
2.42751347369237,0
2.42766856655422,0
2.42782365941608,0
2.42797875227793,0
2.42813384513978,0
2.42828893800163,0
2.42844403086348,0
2.42859912372533,0
2.42875421658718,0
2.42890930944903,0
2.42906440231088,0
2.42921949517273,0
2.42937458803459,0
2.42952968089644,0
2.42968477375829,0
2.42983986662014,0
2.42999495948199,0
2.43015005234384,0
2.43030514520569,0
2.43046023806754,0
2.43061533092939,0
2.43077042379125,0
2.4309255166531,0
2.43108060951495,0
2.4312357023768,0
2.43139079523865,0
2.4315458881005,0
2.43170098096235,0
2.4318560738242,0
2.43201116668605,0
2.4321662595479,0
2.43232135240976,0
2.43247644527161,0
2.43263153813346,0
2.43278663099531,0
2.43294172385716,0
2.43309681671901,0
2.43325190958086,0
2.43340700244271,0
2.43356209530456,0
2.43371718816641,0
2.43387228102827,0
2.43402737389012,0
2.43418246675197,0
2.43433755961382,0
2.43449265247567,0
2.43464774533752,0
2.43480283819937,0
2.43495793106122,0
2.43511302392307,0
2.43526811678493,0
2.43542320964678,0
2.43557830250863,0
2.43573339537048,0
2.43588848823233,0
2.43604358109418,0
2.43619867395603,0
2.43635376681788,0
2.43650885967973,0
2.43666395254158,0
2.43681904540344,0
2.43697413826529,0
2.43712923112714,0
2.43728432398899,0
2.43743941685084,0
2.43759450971269,0
2.43774960257454,0
2.43790469543639,0
2.43805978829824,0
2.43821488116009,0
2.43836997402195,0
2.4385250668838,0
2.43868015974565,0
2.4388352526075,0
2.43899034546935,0
2.4391454383312,0
2.43930053119305,0
2.4394556240549,0
2.43961071691675,0
2.43976580977861,0
2.43992090264046,0
2.44007599550231,0
2.44023108836416,0
2.44038618122601,0
2.44054127408786,0
2.44069636694971,0
2.44085145981156,0
2.44100655267341,0
2.44116164553526,0
2.44131673839712,0
2.44147183125897,0
2.44162692412082,0
2.44178201698267,0
2.44193710984452,0
2.44209220270637,0
2.44224729556822,0
2.44240238843007,0
2.44255748129192,0
2.44271257415377,0
2.44286766701563,0
2.44302275987748,0
2.44317785273933,0
2.44333294560118,0
2.44348803846303,0
2.44364313132488,0
2.44379822418673,0
2.44395331704858,0
2.44410840991043,0
2.44426350277228,0
2.44441859563414,0
2.44457368849599,0
2.44472878135784,0
2.44488387421969,0
2.44503896708154,0
2.44519405994339,0
2.44534915280524,0
2.44550424566709,0
2.44565933852894,0
2.4458144313908,0
2.44596952425265,0
2.4461246171145,0
2.44627970997635,0
2.4464348028382,0
2.44658989570005,0
2.4467449885619,0
2.44690008142375,0
2.4470551742856,0
2.44721026714745,0
2.44736536000931,0
2.44752045287116,0
2.44767554573301,0
2.44783063859486,0
2.44798573145671,0
2.44814082431856,0
2.44829591718041,0
2.44845101004226,0
2.44860610290411,0
2.44876119576596,0
2.44891628862782,0
2.44907138148967,0
2.44922647435152,0
2.44938156721337,0
2.44953666007522,0
2.44969175293707,0
2.44984684579892,0
2.45000193866077,0
2.45015703152262,0
2.45031212438447,0
2.45046721724633,0
2.45062231010818,0
2.45077740297003,0
2.45093249583188,0
2.45108758869373,0
2.45124268155558,0
2.45139777441743,0
2.45155286727928,0
2.45170796014113,0
2.45186305300299,0
2.45201814586484,0
2.45217323872669,0
2.45232833158854,0
2.45248342445039,0
2.45263851731224,0
2.45279361017409,0
2.45294870303594,0
2.45310379589779,0
2.45325888875964,0
2.4534139816215,0
2.45356907448335,0
2.4537241673452,0
2.45387926020705,0
2.4540343530689,0
2.45418944593075,0
2.4543445387926,0
2.45449963165445,0
2.4546547245163,0
2.45480981737815,0
2.45496491024001,0
2.45512000310186,0
2.45527509596371,0
2.45543018882556,0
2.45558528168741,0
2.45574037454926,0
2.45589546741111,0
2.45605056027296,0
2.45620565313481,0
2.45636074599667,0
2.45651583885852,0
2.45667093172037,0
2.45682602458222,0
2.45698111744407,0
2.45713621030592,0
2.45729130316777,0
2.45744639602962,0
2.45760148889147,0
2.45775658175332,0
2.45791167461518,0
2.45806676747703,0
2.45822186033888,0
2.45837695320073,0
2.45853204606258,0
2.45868713892443,0
2.45884223178628,0
2.45899732464813,0
2.45915241750998,0
2.45930751037183,0
2.45946260323369,0
2.45961769609554,0
2.45977278895739,0
2.45992788181924,0
2.46008297468109,0
2.46023806754294,0
2.46039316040479,0
2.46054825326664,0
2.46070334612849,0
2.46085843899035,0
2.4610135318522,0
2.46116862471405,0
2.4613237175759,0
2.46147881043775,0
2.4616339032996,0
2.46178899616145,0
2.4619440890233,0
2.46209918188515,0
2.462254274747,0
2.46240936760886,0
2.46256446047071,0
2.46271955333256,0
2.46287464619441,0
2.46302973905626,0
2.46318483191811,0
2.46333992477996,0
2.46349501764181,0
2.46365011050366,0
2.46380520336551,0
2.46396029622737,0
2.46411538908922,0
2.46427048195107,0
2.46442557481292,0
2.46458066767477,0
2.46473576053662,0
2.46489085339847,0
2.46504594626032,0
2.46520103912217,0
2.46535613198403,0
2.46551122484588,0
2.46566631770773,0
2.46582141056958,0
2.46597650343143,0
2.46613159629328,0
2.46628668915513,0
2.46644178201698,0
2.46659687487883,0
2.46675196774068,0
2.46690706060254,0
2.46706215346439,0
2.46721724632624,0
2.46737233918809,0
2.46752743204994,0
2.46768252491179,0
2.46783761777364,0
2.46799271063549,0
2.46814780349734,0
2.46830289635919,0
2.46845798922105,0
2.4686130820829,0
2.46876817494475,0
2.4689232678066,0
2.46907836066845,0
2.4692334535303,0
2.46938854639215,0
2.469543639254,0
2.46969873211585,0
2.46985382497771,0
2.47000891783956,0
2.47016401070141,0
2.47031910356326,0
2.47047419642511,0
2.47062928928696,0
2.47078438214881,0
2.47093947501066,0
2.47109456787251,0
2.47124966073436,0
2.47140475359622,0
2.47155984645807,0
2.47171493931992,0
2.47187003218177,0
2.47202512504362,0
2.47218021790547,0
2.47233531076732,0
2.47249040362917,0
2.47264549649102,0
2.47280058935287,0
2.47295568221473,0
2.47311077507658,0
2.47326586793843,0
2.47342096080028,0
2.47357605366213,0
2.47373114652398,0
2.47388623938583,0
2.47404133224768,0
2.47419642510953,0
2.47435151797139,0
2.47450661083324,0
2.47466170369509,0
2.47481679655694,0
2.47497188941879,0
2.47512698228064,0
2.47528207514249,0
2.47543716800434,0
2.47559226086619,0
2.47574735372804,0
2.4759024465899,0
2.47605753945175,0
2.4762126323136,0
2.47636772517545,0
2.4765228180373,0
2.47667791089915,0
2.476833003761,0
2.47698809662285,0
2.4771431894847,0
2.47729828234655,0
2.47745337520841,0
2.47760846807026,0
2.47776356093211,0
2.47791865379396,0
2.47807374665581,0
2.47822883951766,0
2.47838393237951,0
2.47853902524136,0
2.47869411810321,0
2.47884921096507,0
2.47900430382692,0
2.47915939668877,0
2.47931448955062,0
2.47946958241247,0
2.47962467527432,0
2.47977976813617,0
2.47993486099802,0
2.48008995385987,0
2.48024504672172,0
2.48040013958358,0
2.48055523244543,0
2.48071032530728,0
2.48086541816913,0
2.48102051103098,0
2.48117560389283,0
2.48133069675468,0
2.48148578961653,0
2.48164088247838,0
2.48179597534023,0
2.48195106820209,0
2.48210616106394,0
2.48226125392579,0
2.48241634678764,0
2.48257143964949,0
2.48272653251134,0
2.48288162537319,0
2.48303671823504,0
2.48319181109689,0
2.48334690395875,0
2.4835019968206,0
2.48365708968245,0
2.4838121825443,0
2.48396727540615,0
2.484122368268,0
2.48427746112985,0
2.4844325539917,0
2.48458764685355,0
2.4847427397154,0
2.48489783257726,0
2.48505292543911,0
2.48520801830096,0
2.48536311116281,0
2.48551820402466,0
2.48567329688651,0
2.48582838974836,0
2.48598348261021,0
2.48613857547206,0
2.48629366833391,0
2.48644876119577,0
2.48660385405762,0
2.48675894691947,0
2.48691403978132,0
2.48706913264317,0
2.48722422550502,0
2.48737931836687,0
2.48753441122872,0
2.48768950409057,0
2.48784459695243,0
2.48799968981428,0
2.48815478267613,0
2.48830987553798,0
2.48846496839983,0
2.48862006126168,0
2.48877515412353,0
2.48893024698538,0
2.48908533984723,0
2.48924043270908,0
2.48939552557094,0
2.48955061843279,0
2.48970571129464,0
2.48986080415649,0
2.49001589701834,0
2.49017098988019,0
2.49032608274204,0
2.49048117560389,0
2.49063626846574,0
2.49079136132759,0
2.49094645418945,0
2.4911015470513,0
2.49125663991315,0
2.491411732775,0
2.49156682563685,0
2.4917219184987,0
2.49187701136055,0
2.4920321042224,0
2.49218719708425,0
2.49234228994611,0
2.49249738280796,0
2.49265247566981,0
2.49280756853166,0
2.49296266139351,0
2.49311775425536,0
2.49327284711721,0
2.49342793997906,0
2.49358303284091,0
2.49373812570276,0
2.49389321856462,0
2.49404831142647,0
2.49420340428832,0
2.49435849715017,0
2.49451359001202,0
2.49466868287387,0
2.49482377573572,0
2.49497886859757,0
2.49513396145942,0
2.49528905432127,0
2.49544414718313,0
2.49559924004498,0
2.49575433290683,0
2.49590942576868,0
2.49606451863053,0
2.49621961149238,0
2.49637470435423,0
2.49652979721608,0
2.49668489007793,0
2.49683998293979,0
2.49699507580164,0
2.49715016866349,0
2.49730526152534,0
2.49746035438719,0
2.49761544724904,0
2.49777054011089,0
2.49792563297274,0
2.49808072583459,0
2.49823581869644,0
2.4983909115583,0
2.49854600442015,0
2.498701097282,0
2.49885619014385,0
2.4990112830057,0
2.49916637586755,0
2.4993214687294,0
2.49947656159125,0
2.4996316544531,0
2.49978674731495,0
2.49994184017681,0
2.50009693303866,0
2.50025202590051,0
2.50040711876236,0
2.50056221162421,0
2.50071730448606,0
2.50087239734791,0
2.50102749020976,0
2.50118258307161,0
2.50133767593347,0
2.50149276879532,0
2.50164786165717,0
2.50180295451902,0
2.50195804738087,0
2.50211314024272,0
2.50226823310457,0
2.50242332596642,0
2.50257841882827,0
2.50273351169012,0
2.50288860455198,0
2.50304369741383,0
2.50319879027568,0
2.50335388313753,0
2.50350897599938,0
2.50366406886123,0
2.50381916172308,0
2.50397425458493,0
2.50412934744678,0
2.50428444030863,0
2.50443953317049,0
2.50459462603234,0
2.50474971889419,39.9855810926622
2.50490481175604,0
2.50505990461789,0
2.50521499747974,0
2.50537009034159,0
2.50552518320344,0
2.50568027606529,0
2.50583536892715,0
2.505990461789,0
2.50614555465085,0
2.5063006475127,0
2.50645574037455,0
2.5066108332364,0
2.50676592609825,0
2.5069210189601,0
2.50707611182195,0
2.5072312046838,0
2.50738629754566,0
2.50754139040751,0
2.50769648326936,0
2.50785157613121,0
2.50800666899306,0
2.50816176185491,0
2.50831685471676,0
2.50847194757861,0
2.50862704044046,0
2.50878213330231,0
2.50893722616417,0
2.50909231902602,0
2.50924741188787,0
2.50940250474972,0
2.50955759761157,0
2.50971269047342,0
2.50986778333527,0
2.51002287619712,0
2.51017796905897,0
2.51033306192083,0
2.51048815478268,0
2.51064324764453,0
2.51079834050638,0
2.51095343336823,0
2.51110852623008,0
2.51126361909193,0
2.51141871195378,0
2.51157380481563,0
2.51172889767748,0
2.51188399053934,0
2.51203908340119,0
2.51219417626304,0
2.51234926912489,0
2.51250436198674,0
2.51265945484859,0
2.51281454771044,0
2.51296964057229,0
2.51312473343414,0
2.51327982629599,0
2.51343491915785,0
2.5135900120197,0
2.51374510488155,0
2.5139001977434,0
2.51405529060525,0
2.5142103834671,0
2.51436547632895,0
2.5145205691908,0
2.51467566205265,0
2.51483075491451,0
2.51498584777636,0
2.51514094063821,0
2.51529603350006,0
2.51545112636191,0
2.51560621922376,0
2.51576131208561,0
2.51591640494746,0
2.51607149780931,0
2.51622659067116,0
2.51638168353302,0
2.51653677639487,0
2.51669186925672,0
2.51684696211857,0
2.51700205498042,0
2.51715714784227,0
2.51731224070412,0
2.51746733356597,0
2.51762242642782,0
2.51777751928967,0
2.51793261215153,0
2.51808770501338,0
2.51824279787523,0
2.51839789073708,0
2.51855298359893,0
2.51870807646078,0
2.51886316932263,0
2.51901826218448,0
2.51917335504633,0
2.51932844790818,0
2.51948354077004,0
2.51963863363189,0
2.51979372649374,0
2.51994881935559,0
2.52010391221744,0
2.52025900507929,0
2.52041409794114,0
2.52056919080299,0
2.52072428366484,0
2.5208793765267,0
2.52103446938855,0
2.5211895622504,0
2.52134465511225,0
2.5214997479741,0
2.52165484083595,0
2.5218099336978,0
2.52196502655965,0
2.5221201194215,0
2.52227521228335,0
2.52243030514521,0
2.52258539800706,0
2.52274049086891,0
2.52289558373076,0
2.52305067659261,0
2.52320576945446,0
2.52336086231631,0
2.52351595517816,0
2.52367104804001,0
2.52382614090186,0
2.52398123376372,0
2.52413632662557,0
2.52429141948742,0
2.52444651234927,0
2.52460160521112,0
2.52475669807297,0
2.52491179093482,0
2.52506688379667,0
2.52522197665852,0
2.52537706952038,0
2.52553216238223,0
2.52568725524408,0
2.52584234810593,0
2.52599744096778,0
2.52615253382963,0
2.52630762669148,0
2.52646271955333,0
2.52661781241518,0
2.52677290527703,0
2.52692799813889,0
2.52708309100074,0
2.52723818386259,0
2.52739327672444,0
2.52754836958629,0
2.52770346244814,0
2.52785855530999,0
2.52801364817184,0
2.52816874103369,0
2.52832383389554,0
2.5284789267574,0
2.52863401961925,0
2.5287891124811,0
2.52894420534295,0
2.5290992982048,0
2.52925439106665,0
2.5294094839285,0
2.52956457679035,0
2.5297196696522,0
2.52987476251406,0
2.53002985537591,0
2.53018494823776,0
2.53034004109961,0
2.53049513396146,0
2.53065022682331,0
2.53080531968516,0
2.53096041254701,0
2.53111550540886,0
2.53127059827071,0
2.53142569113257,0
2.53158078399442,0
2.53173587685627,0
2.53189096971812,0
2.53204606257997,0
2.53220115544182,0
2.53235624830367,0
2.53251134116552,0
2.53266643402737,0
2.53282152688922,0
2.53297661975108,0
2.53313171261293,0
2.53328680547478,0
2.53344189833663,0
2.53359699119848,0
2.53375208406033,0
2.53390717692218,0
2.53406226978403,0
2.53421736264588,0
2.53437245550774,0
2.53452754836959,0
2.53468264123144,0
2.53483773409329,0
2.53499282695514,0
2.53514791981699,0
2.53530301267884,0
2.53545810554069,0
2.53561319840254,0
2.53576829126439,0
2.53592338412625,0
2.5360784769881,0
2.53623356984995,0
2.5363886627118,0
2.53654375557365,0
2.5366988484355,0
2.53685394129735,0
2.5370090341592,0
2.53716412702105,0
2.5373192198829,0
2.53747431274476,0
2.53762940560661,0
2.53778449846846,0
2.53793959133031,0
2.53809468419216,0
2.53824977705401,0
2.53840486991586,0
2.53855996277771,0
2.53871505563956,0
2.53887014850142,0
2.53902524136327,0
2.53918033422512,0
2.53933542708697,0
2.53949051994882,0
2.53964561281067,0
2.53980070567252,0
2.53995579853437,0
2.54011089139622,0
2.54026598425807,0
2.54042107711993,0
2.54057616998178,0
2.54073126284363,0
2.54088635570548,0
2.54104144856733,0
2.54119654142918,0
2.54135163429103,0
2.54150672715288,0
2.54166182001473,0
2.54181691287658,0
2.54197200573844,0
2.54212709860029,0
2.54228219146214,0
2.54243728432399,0
2.54259237718584,0
2.54274747004769,0
2.54290256290954,0
2.54305765577139,0
2.54321274863324,0
2.5433678414951,0
2.54352293435695,0
2.5436780272188,0
2.54383312008065,0
2.5439882129425,0
2.54414330580435,0
2.5442983986662,0
2.54445349152805,0
2.5446085843899,0
2.54476367725175,0
2.54491877011361,0
2.54507386297546,0
2.54522895583731,0
2.54538404869916,0
2.54553914156101,0
2.54569423442286,0
2.54584932728471,0
2.54600442014656,0
2.54615951300841,0
2.54631460587026,0
2.54646969873212,0
2.54662479159397,0
2.54677988445582,0
2.54693497731767,0
2.54709007017952,0
2.54724516304137,0
2.54740025590322,0
2.54755534876507,0
2.54771044162692,0
2.54786553448878,0
2.54802062735063,0
2.54817572021248,0
2.54833081307433,0
2.54848590593618,0
2.54864099879803,0
2.54879609165988,0
2.54895118452173,0
2.54910627738358,0
2.54926137024543,0
2.54941646310729,0
2.54957155596914,0
2.54972664883099,0
2.54988174169284,0
2.55003683455469,0
2.55019192741654,0
2.55034702027839,0
2.55050211314024,0
2.55065720600209,0
2.55081229886394,0
2.5509673917258,0
2.55112248458765,0
2.5512775774495,0
2.55143267031135,0
2.5515877631732,0
2.55174285603505,0
2.5518979488969,0
2.55205304175875,0
2.5522081346206,0
2.55236322748246,0
2.55251832034431,0
2.55267341320616,0
2.55282850606801,0
2.55298359892986,0
2.55313869179171,0
2.55329378465356,0
2.55344887751541,0
2.55360397037726,0
2.55375906323911,0
2.55391415610097,0
2.55406924896282,0
2.55422434182467,0
2.55437943468652,0
2.55453452754837,0
2.55468962041022,0
2.55484471327207,0
2.55499980613392,0
2.55515489899577,0
2.55530999185762,0
2.55546508471948,0
2.55562017758133,0
2.55577527044318,0
2.55593036330503,0
2.55608545616688,0
2.55624054902873,0
2.55639564189058,0
2.55655073475243,0
2.55670582761428,0
2.55686092047614,0
2.55701601333799,0
2.55717110619984,0
2.55732619906169,0
2.55748129192354,0
2.55763638478539,0
2.55779147764724,0
2.55794657050909,0
2.55810166337094,0
2.55825675623279,0
2.55841184909465,0
2.5585669419565,0
2.55872203481835,0
2.5588771276802,0
2.55903222054205,0
2.5591873134039,0
2.55934240626575,0
2.5594974991276,0
2.55965259198945,0
2.5598076848513,0
2.55996277771316,0
2.56011787057501,0
2.56027296343686,0
2.56042805629871,0
2.56058314916056,0
2.56073824202241,0
2.56089333488426,0
2.56104842774611,0
2.56120352060796,0
2.56135861346982,0
2.56151370633167,0
2.56166879919352,0
2.56182389205537,0
2.56197898491722,0
2.56213407777907,0
2.56228917064092,0
2.56244426350277,0
2.56259935636462,0
2.56275444922647,0
2.56290954208833,0
2.56306463495018,0
2.56321972781203,0
2.56337482067388,0
2.56352991353573,0
2.56368500639758,0
2.56384009925943,0
2.56399519212128,0
2.56415028498313,0
2.56430537784498,0
2.56446047070684,0
2.56461556356869,0
2.56477065643054,0
2.56492574929239,0
2.56508084215424,0
2.56523593501609,0
2.56539102787794,0
2.56554612073979,0
2.56570121360164,0
2.5658563064635,0
2.56601139932535,0
2.5661664921872,0
2.56632158504905,0
2.5664766779109,0
2.56663177077275,0
2.5667868636346,0
2.56694195649645,0
2.5670970493583,0
2.56725214222015,0
2.56740723508201,0
2.56756232794386,0
2.56771742080571,0
2.56787251366756,0
2.56802760652941,0
2.56818269939126,0
2.56833779225311,0
2.56849288511496,0
2.56864797797681,0
2.56880307083866,0
2.56895816370052,0
2.56911325656237,0
2.56926834942422,0
2.56942344228607,0
2.56957853514792,0
2.56973362800977,0
2.56988872087162,0
2.57004381373347,0
2.57019890659532,0
2.57035399945718,0
2.57050909231903,0
2.57066418518088,0
2.57081927804273,0
2.57097437090458,0
2.57112946376643,0
2.57128455662828,0
2.57143964949013,0
2.57159474235198,0
2.57174983521383,0
2.57190492807569,0
2.57206002093754,0
2.57221511379939,0
2.57237020666124,0
2.57252529952309,0
2.57268039238494,0
2.57283548524679,0
2.57299057810864,0
2.57314567097049,0
2.57330076383234,0
2.5734558566942,0
2.57361094955605,0
2.5737660424179,0
2.57392113527975,0
2.5740762281416,0
2.57423132100345,0
2.5743864138653,0
2.57454150672715,0
2.574696599589,0
2.57485169245086,0
2.57500678531271,0
2.57516187817456,0
2.57531697103641,0
2.57547206389826,0
2.57562715676011,0
2.57578224962196,0
2.57593734248381,0
2.57609243534566,0
2.57624752820751,0
2.57640262106937,0
2.57655771393122,0
2.57671280679307,0
2.57686789965492,0
2.57702299251677,0
2.57717808537862,0
2.57733317824047,0
2.57748827110232,0
2.57764336396417,0
2.57779845682602,0
2.57795354968788,0
2.57810864254973,0
2.57826373541158,0
2.57841882827343,0
2.57857392113528,0
2.57872901399713,0
2.57888410685898,0
2.57903919972083,0
2.57919429258268,0
2.57934938544454,0
2.57950447830639,0
2.57965957116824,0
2.57981466403009,0
2.57996975689194,0
2.58012484975379,0
2.58027994261564,0
2.58043503547749,0
2.58059012833934,0
2.58074522120119,0
2.58090031406305,0
2.5810554069249,0
2.58121049978675,0
2.5813655926486,0
2.58152068551045,0
2.5816757783723,0
2.58183087123415,0
2.581985964096,0
2.58214105695785,0
2.5822961498197,0
2.58245124268156,0
2.58260633554341,0
2.58276142840526,0
2.58291652126711,0
2.58307161412896,0
2.58322670699081,0
2.58338179985266,0
2.58353689271451,0
2.58369198557636,0
2.58384707843822,0
2.58400217130007,0
2.58415726416192,0
2.58431235702377,0
2.58446744988562,0
2.58462254274747,40.0411309163068
2.58477763560932,0
2.58493272847117,0
2.58508782133302,0
2.58524291419487,0
2.58539800705673,0
2.58555309991858,0
2.58570819278043,0
2.58586328564228,0
2.58601837850413,0
2.58617347136598,0
2.58632856422783,0
2.58648365708968,0
2.58663874995153,0
2.58679384281338,0
2.58694893567524,0
2.58710402853709,0
2.58725912139894,0
2.58741421426079,0
2.58756930712264,0
2.58772439998449,0
2.58787949284634,0
2.58803458570819,0
2.58818967857004,0
2.5883447714319,0
2.58849986429375,0
2.5886549571556,0
2.58881005001745,0
2.5889651428793,0
2.58912023574115,0
2.589275328603,0
2.58943042146485,0
2.5895855143267,0
2.58974060718855,0
2.58989570005041,0
2.59005079291226,0
2.59020588577411,0
2.59036097863596,0
2.59051607149781,0
2.59067116435966,0
2.59082625722151,0
2.59098135008336,0
2.59113644294521,0
2.59129153580706,0
2.59144662866892,0
2.59160172153077,0
2.59175681439262,0
2.59191190725447,0
2.59206700011632,0
2.59222209297817,0
2.59237718584002,0
2.59253227870187,0
2.59268737156372,0
2.59284246442557,0
2.59299755728743,0
2.59315265014928,0
2.59330774301113,0
2.59346283587298,0
2.59361792873483,0
2.59377302159668,0
2.59392811445853,0
2.59408320732038,0
2.59423830018223,0
2.59439339304409,0
2.59454848590594,0
2.59470357876779,0
2.59485867162964,0
2.59501376449149,0
2.59516885735334,0
2.59532395021519,0
2.59547904307704,0
2.59563413593889,0
2.59578922880074,0
2.5959443216626,0
2.59609941452445,0
2.5962545073863,0
2.59640960024815,0
2.59656469311,0
2.59671978597185,0
2.5968748788337,0
2.59702997169555,0
2.5971850645574,0
2.59734015741925,0
2.59749525028111,0
2.59765034314296,0
2.59780543600481,0
2.59796052886666,0
2.59811562172851,0
2.59827071459036,0
2.59842580745221,0
2.59858090031406,0
2.59873599317591,0
2.59889108603776,0
2.59904617889962,0
2.59920127176147,0
2.59935636462332,0
2.59951145748517,0
2.59966655034702,0
2.59982164320887,0
2.59997673607072,0
2.60013182893257,0
2.60028692179442,0
2.60044201465628,0
2.60059710751813,0
2.60075220037998,0
2.60090729324183,0
2.60106238610368,0
2.60121747896553,0
2.60137257182738,0
2.60152766468923,0
2.60168275755108,0
2.60183785041293,0
2.60199294327479,0
2.60214803613664,0
2.60230312899849,0
2.60245822186034,0
2.60261331472219,0
2.60276840758404,0
2.60292350044589,0
2.60307859330774,0
2.60323368616959,0
2.60338877903144,0
2.6035438718933,0
2.60369896475515,0
2.603854057617,0
2.60400915047885,0
2.6041642433407,0
2.60431933620255,0
2.6044744290644,0
2.60462952192625,0
2.6047846147881,0
2.60493970764996,0
2.60509480051181,0
2.60524989337366,0
2.60540498623551,0
2.60556007909736,0
2.60571517195921,0
2.60587026482106,0
2.60602535768291,0
2.60618045054476,0
2.60633554340661,0
2.60649063626847,0
2.60664572913032,0
2.60680082199217,0
2.60695591485402,0
2.60711100771587,0
2.60726610057772,0
2.60742119343957,0
2.60757628630142,0
2.60773137916327,0
2.60788647202512,0
2.60804156488698,0
2.60819665774883,0
2.60835175061068,0
2.60850684347253,0
2.60866193633438,0
2.60881702919623,0
2.60897212205808,0
2.60912721491993,0
2.60928230778178,0
2.60943740064364,0
2.60959249350549,0
2.60974758636734,0
2.60990267922919,0
2.61005777209104,0
2.61021286495289,0
2.61036795781474,0
2.61052305067659,0
2.61067814353844,0
2.61083323640029,0
2.61098832926215,0
2.611143422124,0
2.61129851498585,0
2.6114536078477,0
2.61160870070955,0
2.6117637935714,0
2.61191888643325,0
2.6120739792951,0
2.61222907215695,0
2.6123841650188,0
2.61253925788066,0
2.61269435074251,0
2.61284944360436,0
2.61300453646621,0
2.61315962932806,0
2.61331472218991,0
2.61346981505176,0
2.61362490791361,0
2.61378000077546,0
2.61393509363732,0
2.61409018649917,0
2.61424527936102,0
2.61440037222287,0
2.61455546508472,0
2.61471055794657,0
2.61486565080842,0
2.61502074367027,0
2.61517583653212,0
2.61533092939397,0
2.61548602225583,0
2.61564111511768,0
2.61579620797953,0
2.61595130084138,0
2.61610639370323,0
2.61626148656508,0
2.61641657942693,0
2.61657167228878,0
2.61672676515063,0
2.61688185801248,0
2.61703695087434,0
2.61719204373619,0
2.61734713659804,0
2.61750222945989,0
2.61765732232174,0
2.61781241518359,0
2.61796750804544,0
2.61812260090729,0
2.61827769376914,0
2.618432786631,0
2.61858787949285,0
2.6187429723547,0
2.61889806521655,0
2.6190531580784,0
2.61920825094025,0
2.6193633438021,0
2.61951843666395,0
2.6196735295258,0
2.61982862238765,0
2.61998371524951,0
2.62013880811136,0
2.62029390097321,0
2.62044899383506,0
2.62060408669691,0
2.62075917955876,0
2.62091427242061,0
2.62106936528246,0
2.62122445814431,0
2.62137955100616,0
2.62153464386802,0
2.62168973672987,0
2.62184482959172,0
2.62199992245357,0
2.62215501531542,0
2.62231010817727,0
2.62246520103912,0
2.62262029390097,0
2.62277538676282,0
2.62293047962468,0
2.62308557248653,0
2.62324066534838,0
2.62339575821023,0
2.62355085107208,0
2.62370594393393,0
2.62386103679578,0
2.62401612965763,0
2.62417122251948,0
2.62432631538133,0
2.62448140824319,0
2.62463650110504,0
2.62479159396689,0
2.62494668682874,0
2.62510177969059,0
2.62525687255244,0
2.62541196541429,0
2.62556705827614,0
2.62572215113799,0
2.62587724399984,0
2.6260323368617,0
2.62618742972355,0
2.6263425225854,0
2.62649761544725,0
2.6266527083091,0
2.62680780117095,0
2.6269628940328,0
2.62711798689465,0
2.6272730797565,0
2.62742817261836,0
2.62758326548021,0
2.62773835834206,0
2.62789345120391,0
2.62804854406576,0
2.62820363692761,0
2.62835872978946,0
2.62851382265131,0
2.62866891551316,0
2.62882400837501,0
2.62897910123687,0
2.62913419409872,0
2.62928928696057,0
2.62944437982242,0
2.62959947268427,0
2.62975456554612,0
2.62990965840797,0
2.63006475126982,0
2.63021984413167,0
2.63037493699352,0
2.63053002985538,0
2.63068512271723,0
2.63084021557908,0
2.63099530844093,0
2.63115040130278,0
2.63130549416463,0
2.63146058702648,0
2.63161567988833,0
2.63177077275018,0
2.63192586561204,0
2.63208095847389,0
2.63223605133574,0
2.63239114419759,0
2.63254623705944,0
2.63270132992129,0
2.63285642278314,0
2.63301151564499,0
2.63316660850684,0
2.63332170136869,0
2.63347679423055,0
2.6336318870924,0
2.63378697995425,0
2.6339420728161,0
2.63409716567795,0
2.6342522585398,0
2.63440735140165,0
2.6345624442635,0
2.63471753712535,0
2.6348726299872,0
2.63502772284906,0
2.63518281571091,0
2.63533790857276,0
2.63549300143461,0
2.63564809429646,0
2.63580318715831,0
2.63595828002016,0
2.63611337288201,0
2.63626846574386,0
2.63642355860572,0
2.63657865146757,0
2.63673374432942,0
2.63688883719127,0
2.63704393005312,0
2.63719902291497,0
2.63735411577682,0
2.63750920863867,0
2.63766430150052,0
2.63781939436237,0
2.63797448722423,0
2.63812958008608,0
2.63828467294793,0
2.63843976580978,0
2.63859485867163,0
2.63874995153348,0
2.63890504439533,0
2.63906013725718,0
2.63921523011903,0
2.63937032298088,0
2.63952541584274,0
2.63968050870459,0
2.63983560156644,0
2.63999069442829,0
2.64014578729014,0
2.64030088015199,0
2.64045597301384,0
2.64061106587569,0
2.64076615873754,0
2.6409212515994,0
2.64107634446125,0
2.6412314373231,0
2.64138653018495,0
2.6415416230468,0
2.64169671590865,0
2.6418518087705,0
2.64200690163235,0
2.6421619944942,0
2.64231708735605,0
2.64247218021791,0
2.64262727307976,0
2.64278236594161,0
2.64293745880346,0
2.64309255166531,0
2.64324764452716,0
2.64340273738901,0
2.64355783025086,0
2.64371292311271,0
2.64386801597456,0
2.64402310883642,0
2.64417820169827,0
2.64433329456012,0
2.64448838742197,0
2.64464348028382,0
2.64479857314567,0
2.64495366600752,0
2.64510875886937,0
2.64526385173122,0
2.64541894459308,0
2.64557403745493,0
2.64572913031678,0
2.64588422317863,0
2.64603931604048,0
2.64619440890233,0
2.64634950176418,0
2.64650459462603,0
2.64665968748788,0
2.64681478034973,0
2.64696987321159,0
2.64712496607344,0
2.64728005893529,0
2.64743515179714,0
2.64759024465899,0
2.64774533752084,0
2.64790043038269,0
2.64805552324454,0
2.64821061610639,0
2.64836570896824,0
2.6485208018301,0
2.64867589469195,0
2.6488309875538,0
2.64898608041565,0
2.6491411732775,0
2.64929626613935,0
2.6494513590012,0
2.64960645186305,0
2.6497615447249,0
2.64991663758676,0
2.65007173044861,0
2.65022682331046,0
2.65038191617231,0
2.65053700903416,0
2.65069210189601,0
2.65084719475786,0
2.65100228761971,0
2.65115738048156,0
2.65131247334341,0
2.65146756620527,0
2.65162265906712,0
2.65177775192897,0
2.65193284479082,0
2.65208793765267,0
2.65224303051452,0
2.65239812337637,0
2.65255321623822,0
2.65270830910007,0
2.65286340196192,0
2.65301849482378,0
2.65317358768563,0
2.65332868054748,0
2.65348377340933,0
2.65363886627118,0
2.65379395913303,0
2.65394905199488,0
2.65410414485673,0
2.65425923771858,0
2.65441433058044,0
2.65456942344229,0
2.65472451630414,0
2.65487960916599,0
2.65503470202784,0
2.65518979488969,0
2.65534488775154,0
2.65549998061339,0
2.65565507347524,0
2.65581016633709,0
2.65596525919895,0
2.6561203520608,0
2.65627544492265,0
2.6564305377845,0
2.65658563064635,0
2.6567407235082,0
2.65689581637005,0
2.6570509092319,0
2.65720600209375,0
2.6573610949556,0
2.65751618781746,0
2.65767128067931,0
2.65782637354116,0
2.65798146640301,0
2.65813655926486,0
2.65829165212671,0
2.65844674498856,0
2.65860183785041,0
2.65875693071226,0
2.65891202357412,0
2.65906711643597,0
2.65922220929782,0
2.65937730215967,0
2.65953239502152,0
2.65968748788337,0
2.65984258074522,0
2.65999767360707,0
2.66015276646892,0
2.66030785933077,0
2.66046295219263,0
2.66061804505448,0
2.66077313791633,0
2.66092823077818,0
2.66108332364003,0
2.66123841650188,0
2.66139350936373,0
2.66154860222558,0
2.66170369508743,0
2.66185878794928,0
2.66201388081114,0
2.66216897367299,0
2.66232406653484,0
2.66247915939669,0
2.66263425225854,0
2.66278934512039,0
2.66294443798224,0
2.66309953084409,0
2.66325462370594,0
2.6634097165678,0
2.66356480942965,0
2.6637199022915,0
2.66387499515335,0
2.6640300880152,0
2.66418518087705,0
2.6643402737389,0
2.66449536660075,0
2.6646504594626,0
2.66480555232445,0
2.66496064518631,0
2.66511573804816,0
2.66527083091001,0
2.66542592377186,0
2.66558101663371,0
2.66573610949556,0
2.66589120235741,0
2.66604629521926,0
2.66620138808111,0
2.66635648094296,0
2.66651157380482,0
2.66666666666667,0
2.66682175952852,0
2.66697685239037,0
2.66713194525222,0
2.66728703811407,0
2.66744213097592,0
2.66759722383777,0
2.66775231669962,0
2.66790740956147,0
2.66806250242333,0
2.66821759528518,0
2.66837268814703,0
2.66852778100888,0
2.66868287387073,0
2.66883796673258,0
2.66899305959443,0
2.66914815245628,0
2.66930324531813,0
2.66945833817999,0
2.66961343104184,0
2.66976852390369,0
2.66992361676554,0
2.67007870962739,0
2.67023380248924,0
2.67038889535109,0
2.67054398821294,0
2.67069908107479,0
2.67085417393664,0
2.6710092667985,0
2.67116435966035,0
2.6713194525222,0
2.67147454538405,0
2.6716296382459,0
2.67178473110775,0
2.6719398239696,0
2.67209491683145,0
2.6722500096933,0
2.67240510255515,0
2.67256019541701,0
2.67271528827886,0
2.67287038114071,0
2.67302547400256,0
2.67318056686441,0
2.67333565972626,0
2.67349075258811,0
2.67364584544996,0
2.67380093831181,0
2.67395603117367,0
2.67411112403552,0
2.67426621689737,0
2.67442130975922,0
2.67457640262107,0
2.67473149548292,0
2.67488658834477,0
2.67504168120662,0
2.67519677406847,0
2.67535186693032,0
2.67550695979218,0
2.67566205265403,0
2.67581714551588,0
2.67597223837773,0
2.67612733123958,0
2.67628242410143,0
2.67643751696328,0
2.67659260982513,0
2.67674770268698,0
2.67690279554883,0
2.67705788841069,0
2.67721298127254,0
2.67736807413439,0
2.67752316699624,0
2.67767825985809,0
2.67783335271994,0
2.67798844558179,0
2.67814353844364,0
2.67829863130549,0
2.67845372416735,0
2.6786088170292,0
2.67876390989105,0
2.6789190027529,0
2.67907409561475,0
2.6792291884766,0
2.67938428133845,0
2.6795393742003,0
2.67969446706215,0
2.679849559924,0
2.68000465278586,0
2.68015974564771,0
2.68031483850956,0
2.68046993137141,0
2.68062502423326,0
2.68078011709511,0
2.68093520995696,0
2.68109030281881,0
2.68124539568066,0
2.68140048854251,0
2.68155558140437,0
2.68171067426622,0
2.68186576712807,0
2.68202085998992,0
2.68217595285177,0
2.68233104571362,0
2.68248613857547,0
2.68264123143732,0
2.68279632429917,0
2.68295141716103,0
2.68310651002288,0
2.68326160288473,0
2.68341669574658,0
2.68357178860843,0
2.68372688147028,0
2.68388197433213,0
2.68403706719398,0
2.68419216005583,0
2.68434725291768,0
2.68450234577954,0
2.68465743864139,0
2.68481253150324,0
2.68496762436509,0
2.68512271722694,0
2.68527781008879,0
2.68543290295064,0
2.68558799581249,0
2.68574308867434,0
2.68589818153619,0
2.68605327439805,0
2.6862083672599,0
2.68636346012175,0
2.6865185529836,0
2.68667364584545,0
2.6868287387073,0
2.68698383156915,0
2.687138924431,0
2.68729401729285,0
2.68744911015471,0
2.68760420301656,0
2.68775929587841,0
2.68791438874026,0
2.68806948160211,0
2.68822457446396,0
2.68837966732581,0
2.68853476018766,0
2.68868985304951,0
2.68884494591136,0
2.68900003877322,0
2.68915513163507,0
2.68931022449692,0
2.68946531735877,0
2.68962041022062,0
2.68977550308247,0
2.68993059594432,0
2.69008568880617,0
2.69024078166802,0
2.69039587452987,0
2.69055096739173,0
2.69070606025358,0
2.69086115311543,0
2.69101624597728,0
2.69117133883913,0
2.69132643170098,0
2.69148152456283,0
2.69163661742468,0
2.69179171028653,0
2.69194680314839,0
2.69210189601024,0
2.69225698887209,0
2.69241208173394,0
2.69256717459579,0
2.69272226745764,0
2.69287736031949,0
2.69303245318134,0
2.69318754604319,0
2.69334263890504,0
2.6934977317669,0
2.69365282462875,0
2.6938079174906,0
2.69396301035245,0
2.6941181032143,0
2.69427319607615,0
2.694428288938,0
2.69458338179985,0
2.6947384746617,0
2.69489356752355,0
2.69504866038541,0
2.69520375324726,0
2.69535884610911,0
2.69551393897096,0
2.69566903183281,0
2.69582412469466,0
2.69597921755651,0
2.69613431041836,0
2.69628940328021,0
2.69644449614207,0
2.69659958900392,0
2.69675468186577,0
2.69690977472762,0
2.69706486758947,0
2.69721996045132,0
2.69737505331317,0
2.69753014617502,0
2.69768523903687,0
2.69784033189872,0
2.69799542476058,0
2.69815051762243,0
2.69830561048428,0
2.69846070334613,0
2.69861579620798,0
2.69877088906983,0
2.69892598193168,0
2.69908107479353,0
2.69923616765538,0
2.69939126051723,0
2.69954635337909,0
2.69970144624094,0
2.69985653910279,0
2.70001163196464,0
2.70016672482649,0
2.70032181768834,0
2.70047691055019,0
2.70063200341204,0
2.70078709627389,0
2.70094218913575,0
2.7010972819976,0
2.70125237485945,0
2.7014074677213,0
2.70156256058315,0
2.701717653445,0
2.70187274630685,0
2.7020278391687,0
2.70218293203055,0
2.7023380248924,0
2.70249311775426,0
2.70264821061611,0
2.70280330347796,0
2.70295839633981,0
2.70311348920166,0
2.70326858206351,0
2.70342367492536,0
2.70357876778721,0
2.70373386064906,0
2.70388895351091,0
2.70404404637277,0
2.70419913923462,0
2.70435423209647,0
2.70450932495832,0
2.70466441782017,0
2.70481951068202,0
2.70497460354387,0
2.70512969640572,0
2.70528478926757,0
2.70543988212943,0
2.70559497499128,0
2.70575006785313,0
2.70590516071498,0
2.70606025357683,0
2.70621534643868,0
2.70637043930053,0
2.70652553216238,0
2.70668062502423,0
2.70683571788608,0
2.70699081074794,0
2.70714590360979,0
2.70730099647164,0
2.70745608933349,0
2.70761118219534,0
2.70776627505719,0
2.70792136791904,0
2.70807646078089,0
2.70823155364274,0
2.70838664650459,0
2.70854173936645,0
2.7086968322283,0
2.70885192509015,0
2.709007017952,0
2.70916211081385,0
2.7093172036757,0
2.70947229653755,0
2.7096273893994,0
2.70978248226125,0
2.70993757512311,0
2.71009266798496,0
2.71024776084681,0
2.71040285370866,0
2.71055794657051,0
2.71071303943236,0
2.71086813229421,0
2.71102322515606,0
2.71117831801791,0
2.71133341087976,0
2.71148850374162,0
2.71164359660347,0
2.71179868946532,0
2.71195378232717,0
2.71210887518902,0
2.71226396805087,0
2.71241906091272,0
2.71257415377457,0
2.71272924663642,0
2.71288433949827,0
2.71303943236013,0
2.71319452522198,0
2.71334961808383,0
2.71350471094568,0
2.71365980380753,0
2.71381489666938,0
2.71396998953123,0
2.71412508239308,0
2.71428017525493,0
2.71443526811678,0
2.71459036097864,0
2.71474545384049,0
2.71490054670234,0
2.71505563956419,0
2.71521073242604,0
2.71536582528789,0
2.71552091814974,0
2.71567601101159,0
2.71583110387344,0
2.7159861967353,0
2.71614128959715,0
2.716296382459,0
2.71645147532085,0
2.7166065681827,0
2.71676166104455,0
2.7169167539064,0
2.71707184676825,0
2.7172269396301,0
2.71738203249195,0
2.71753712535381,0
2.71769221821566,0
2.71784731107751,0
2.71800240393936,0
2.71815749680121,0
2.71831258966306,0
2.71846768252491,0
2.71862277538676,0
2.71877786824861,0
2.71893296111046,0
2.71908805397232,0
2.71924314683417,0
2.71939823969602,0
2.71955333255787,0
2.71970842541972,0
2.71986351828157,0
2.72001861114342,0
2.72017370400527,0
2.72032879686712,0
2.72048388972898,0
2.72063898259083,0
2.72079407545268,0
2.72094916831453,0
2.72110426117638,0
2.72125935403823,0
2.72141444690008,0
2.72156953976193,0
2.72172463262378,0
2.72187972548563,0
2.72203481834749,0
2.72218991120934,0
2.72234500407119,0
2.72250009693304,0
2.72265518979489,0
2.72281028265674,0
2.72296537551859,0
2.72312046838044,0
2.72327556124229,0
2.72343065410414,0
2.723585746966,0
2.72374083982785,0
2.7238959326897,0
2.72405102555155,0
2.7242061184134,0
2.72436121127525,0
2.7245163041371,0
2.72467139699895,0
2.7248264898608,0
2.72498158272266,0
2.72513667558451,0
2.72529176844636,0
2.72544686130821,0
2.72560195417006,0
2.72575704703191,0
2.72591213989376,0
2.72606723275561,0
2.72622232561746,0
2.72637741847931,0
2.72653251134117,0
2.72668760420302,0
2.72684269706487,0
2.72699778992672,0
2.72715288278857,0
2.72730797565042,0
2.72746306851227,0
2.72761816137412,0
2.72777325423597,0
2.72792834709782,0
2.72808343995968,0
2.72823853282153,0
2.72839362568338,0
2.72854871854523,0
2.72870381140708,0
2.72885890426893,0
2.72901399713078,0
2.72916908999263,0
2.72932418285448,0
2.72947927571634,0
2.72963436857819,0
2.72978946144004,0
2.72994455430189,0
2.73009964716374,0
2.73025474002559,0
2.73040983288744,0
2.73056492574929,0
2.73072001861114,0
2.73087511147299,0
2.73103020433485,0
2.7311852971967,0
2.73134039005855,0
2.7314954829204,0
2.73165057578225,0
2.7318056686441,0
2.73196076150595,0
2.7321158543678,0
2.73227094722965,0
2.7324260400915,0
2.73258113295336,0
2.73273622581521,0
2.73289131867706,0
2.73304641153891,0
2.73320150440076,0
2.73335659726261,0
2.73351169012446,0
2.73366678298631,0
2.73382187584816,0
2.73397696871002,0
2.73413206157187,0
2.73428715443372,0
2.73444224729557,0
2.73459734015742,0
2.73475243301927,0
2.73490752588112,0
2.73506261874297,0
2.73521771160482,0
2.73537280446667,0
2.73552789732853,0
2.73568299019038,0
2.73583808305223,0
2.73599317591408,0
2.73614826877593,0
2.73630336163778,0
2.73645845449963,0
2.73661354736148,0
2.73676864022333,0
2.73692373308518,0
2.73707882594704,0
2.73723391880889,0
2.73738901167074,0
2.73754410453259,0
2.73769919739444,0
2.73785429025629,0
2.73800938311814,0
2.73816447597999,0
2.73831956884184,0
2.7384746617037,0
2.73862975456555,0
2.7387848474274,0
2.73893994028925,0
2.7390950331511,0
2.73925012601295,0
2.7394052188748,0
2.73956031173665,0
2.7397154045985,0
2.73987049746035,0
2.74002559032221,0
2.74018068318406,0
2.74033577604591,0
2.74049086890776,0
2.74064596176961,0
2.74080105463146,0
2.74095614749331,0
2.74111124035516,0
2.74126633321701,0
2.74142142607886,0
2.74157651894072,0
2.74173161180257,0
2.74188670466442,0
2.74204179752627,0
2.74219689038812,0
2.74235198324997,0
2.74250707611182,0
2.74266216897367,0
2.74281726183552,0
2.74297235469737,0
2.74312744755923,0
2.74328254042108,0
2.74343763328293,0
2.74359272614478,0
2.74374781900663,0
2.74390291186848,0
2.74405800473033,0
2.74421309759218,0
2.74436819045403,0
2.74452328331589,0
2.74467837617774,0
2.74483346903959,0
2.74498856190144,0
2.74514365476329,0
2.74529874762514,0
2.74545384048699,0
2.74560893334884,0
2.74576402621069,0
2.74591911907254,0
2.7460742119344,0
2.74622930479625,0
2.7463843976581,0
2.74653949051995,0
2.7466945833818,0
2.74684967624365,0
2.7470047691055,0
2.74715986196735,0
2.7473149548292,0
2.74747004769105,0
2.74762514055291,0
2.74778023341476,0
2.74793532627661,0
2.74809041913846,0
2.74824551200031,0
2.74840060486216,0
2.74855569772401,0
2.74871079058586,0
2.74886588344771,0
2.74902097630957,0
2.74917606917142,0
2.74933116203327,0
2.74948625489512,0
2.74964134775697,0
2.74979644061882,0
2.74995153348067,0
2.75010662634252,0
2.75026171920437,0
2.75041681206622,0
2.75057190492808,0
2.75072699778993,0
2.75088209065178,0
2.75103718351363,0
2.75119227637548,0
2.75134736923733,0
2.75150246209918,0
2.75165755496103,0
2.75181264782288,0
2.75196774068473,0
2.75212283354659,0
2.75227792640844,0
2.75243301927029,0
2.75258811213214,0
2.75274320499399,0
2.75289829785584,0
2.75305339071769,0
2.75320848357954,0
2.75336357644139,0
2.75351866930325,0
2.7536737621651,0
2.75382885502695,0
2.7539839478888,0
2.75413904075065,0
2.7542941336125,0
2.75444922647435,0
2.7546043193362,0
2.75475941219805,0
2.7549145050599,0
2.75506959792176,0
2.75522469078361,0
2.75537978364546,0
2.75553487650731,0
2.75568996936916,0
2.75584506223101,0
2.75600015509286,0
2.75615524795471,0
2.75631034081656,0
2.75646543367841,0
2.75662052654027,0
2.75677561940212,0
2.75693071226397,0
2.75708580512582,0
2.75724089798767,0
2.75739599084952,0
2.75755108371137,0
2.75770617657322,0
2.75786126943507,0
2.75801636229693,0
2.75817145515878,0
2.75832654802063,0
2.75848164088248,0
2.75863673374433,0
2.75879182660618,0
2.75894691946803,0
2.75910201232988,0
2.75925710519173,0
2.75941219805358,0
2.75956729091544,0
2.75972238377729,0
2.75987747663914,0
2.76003256950099,0
2.76018766236284,0
2.76034275522469,0
2.76049784808654,0
2.76065294094839,0
2.76080803381024,0
2.76096312667209,0
2.76111821953395,0
2.7612733123958,0
2.76142840525765,0
2.7615834981195,0
2.76173859098135,0
2.7618936838432,0
2.76204877670505,24.3712402823765
2.7622038695669,0
2.76235896242875,0
2.76251405529061,0
2.76266914815246,0
2.76282424101431,0
2.76297933387616,0
2.76313442673801,0
2.76328951959986,0
2.76344461246171,0
2.76359970532356,0
2.76375479818541,0
2.76390989104726,0
2.76406498390912,0
2.76422007677097,0
2.76437516963282,0
2.76453026249467,0
2.76468535535652,0
2.76484044821837,0
2.76499554108022,0
2.76515063394207,0
2.76530572680392,0
2.76546081966577,0
2.76561591252763,0
2.76577100538948,0
2.76592609825133,0
2.76608119111318,0
2.76623628397503,0
2.76639137683688,0
2.76654646969873,0
2.76670156256058,0
2.76685665542243,0
2.76701174828429,0
2.76716684114614,0
2.76732193400799,0
2.76747702686984,0
2.76763211973169,0
2.76778721259354,0
2.76794230545539,0
2.76809739831724,0
2.76825249117909,0
2.76840758404094,0
2.7685626769028,0
2.76871776976465,0
2.7688728626265,0
2.76902795548835,0
2.7691830483502,0
2.76933814121205,0
2.7694932340739,0
2.76964832693575,0
2.7698034197976,0
2.76995851265945,0
2.77011360552131,0
2.77026869838316,0
2.77042379124501,0
2.77057888410686,0
2.77073397696871,0
2.77088906983056,0
2.77104416269241,0
2.77119925555426,0
2.77135434841611,0
2.77150944127797,0
2.77166453413982,0
2.77181962700167,0
2.77197471986352,0
2.77212981272537,0
2.77228490558722,0
2.77243999844907,0
2.77259509131092,0
2.77275018417277,0
2.77290527703462,0
2.77306036989648,0
2.77321546275833,0
2.77337055562018,0
2.77352564848203,0
2.77368074134388,0
2.77383583420573,0
2.77399092706758,0
2.77414601992943,0
2.77430111279128,0
2.77445620565313,0
2.77461129851499,0
2.77476639137684,0
2.77492148423869,0
2.77507657710054,0
2.77523166996239,0
2.77538676282424,0
2.77554185568609,0
2.77569694854794,0
2.77585204140979,0
2.77600713427165,0
2.7761622271335,0
2.77631731999535,0
2.7764724128572,0
2.77662750571905,0
2.7767825985809,0
2.77693769144275,0
2.7770927843046,0
2.77724787716645,0
2.7774029700283,0
2.77755806289016,0
2.77771315575201,0
2.77786824861386,0
2.77802334147571,0
2.77817843433756,0
2.77833352719941,0
2.77848862006126,0
2.77864371292311,0
2.77879880578496,0
2.77895389864681,0
2.77910899150867,0
2.77926408437052,0
2.77941917723237,0
2.77957427009422,0
2.77972936295607,0
2.77988445581792,0
2.78003954867977,0
2.78019464154162,0
2.78034973440347,0
2.78050482726533,0
2.78065992012718,0
2.78081501298903,0
2.78097010585088,0
2.78112519871273,0
2.78128029157458,0
2.78143538443643,0
2.78159047729828,0
2.78174557016013,0
2.78190066302198,0
2.78205575588384,0
2.78221084874569,0
2.78236594160754,0
2.78252103446939,0
2.78267612733124,0
2.78283122019309,0
2.78298631305494,0
2.78314140591679,0
2.78329649877864,0
2.78345159164049,0
2.78360668450235,0
2.7837617773642,0
2.78391687022605,0
2.7840719630879,0
2.78422705594975,0
2.7843821488116,0
2.78453724167345,0
2.7846923345353,0
2.78484742739715,0
2.78500252025901,0
2.78515761312086,0
2.78531270598271,0
2.78546779884456,0
2.78562289170641,0
2.78577798456826,0
2.78593307743011,0
2.78608817029196,0
2.78624326315381,0
2.78639835601566,0
2.78655344887752,0
2.78670854173937,0
2.78686363460122,0
2.78701872746307,0
2.78717382032492,0
2.78732891318677,0
2.78748400604862,0
2.78763909891047,0
2.78779419177232,0
2.78794928463417,0
2.78810437749603,0
2.78825947035788,0
2.78841456321973,0
2.78856965608158,0
2.78872474894343,0
2.78887984180528,0
2.78903493466713,0
2.78919002752898,0
2.78934512039083,0
2.78950021325269,0
2.78965530611454,0
2.78981039897639,0
2.78996549183824,0
2.79012058470009,0
2.79027567756194,0
2.79043077042379,0
2.79058586328564,0
2.79074095614749,0
2.79089604900934,0
2.7910511418712,0
2.79120623473305,0
2.7913613275949,0
2.79151642045675,0
2.7916715133186,0
2.79182660618045,0
2.7919816990423,0
2.79213679190415,0
2.792291884766,0
2.79244697762785,0
2.79260207048971,0
2.79275716335156,0
2.79291225621341,0
2.79306734907526,0
2.79322244193711,0
2.79337753479896,0
2.79353262766081,0
2.79368772052266,0
2.79384281338451,0
2.79399790624637,0
2.79415299910822,0
2.79430809197007,0
2.79446318483192,0
2.79461827769377,0
2.79477337055562,0
2.79492846341747,0
2.79508355627932,0
2.79523864914117,0
2.79539374200302,0
2.79554883486488,0
2.79570392772673,0
2.79585902058858,0
2.79601411345043,0
2.79616920631228,0
2.79632429917413,0
2.79647939203598,0
2.79663448489783,0
2.79678957775968,0
2.79694467062153,0
2.79709976348339,0
2.79725485634524,0
2.79740994920709,0
2.79756504206894,0
2.79772013493079,0
2.79787522779264,0
2.79803032065449,0
2.79818541351634,0
2.79834050637819,0
2.79849559924005,0
2.7986506921019,0
2.79880578496375,0
2.7989608778256,0
2.79911597068745,0
2.7992710635493,0
2.79942615641115,0
2.799581249273,0
2.79973634213485,0
2.7998914349967,0
2.80004652785856,0
2.80020162072041,0
2.80035671358226,0
2.80051180644411,0
2.80066689930596,0
2.80082199216781,0
2.80097708502966,0
2.80113217789151,0
2.80128727075336,0
2.80144236361521,0
2.80159745647707,0
2.80175254933892,0
2.80190764220077,0
2.80206273506262,0
2.80221782792447,0
2.80237292078632,0
2.80252801364817,0
2.80268310651002,0
2.80283819937187,0
2.80299329223373,0
2.80314838509558,0
2.80330347795743,0
2.80345857081928,0
2.80361366368113,0
2.80376875654298,0
2.80392384940483,0
2.80407894226668,0
2.80423403512853,0
2.80438912799038,0
2.80454422085224,0
2.80469931371409,0
2.80485440657594,0
2.80500949943779,0
2.80516459229964,0
2.80531968516149,0
2.80547477802334,0
2.80562987088519,0
2.80578496374704,0
2.80594005660889,0
2.80609514947075,0
2.8062502423326,0
2.80640533519445,0
2.8065604280563,0
2.80671552091815,0
2.80687061378,0
2.80702570664185,0
2.8071807995037,0
2.80733589236555,0
2.80749098522741,0
2.80764607808926,0
2.80780117095111,0
2.80795626381296,0
2.80811135667481,0
2.80826644953666,0
2.80842154239851,0
2.80857663526036,0
2.80873172812221,0
2.80888682098406,0
2.80904191384592,0
2.80919700670777,0
2.80935209956962,0
2.80950719243147,0
2.80966228529332,0
2.80981737815517,0
2.80997247101702,0
2.81012756387887,0
2.81028265674072,0
2.81043774960257,0
2.81059284246443,0
2.81074793532628,0
2.81090302818813,0
2.81105812104998,0
2.81121321391183,0
2.81136830677368,0
2.81152339963553,0
2.81167849249738,0
2.81183358535923,0
2.81198867822109,0
2.81214377108294,0
2.81229886394479,0
2.81245395680664,0
2.81260904966849,0
2.81276414253034,0
2.81291923539219,0
2.81307432825404,0
2.81322942111589,0
2.81338451397774,0
2.8135396068396,0
2.81369469970145,0
2.8138497925633,0
2.81400488542515,0
2.814159978287,0
2.81431507114885,0
2.8144701640107,0
2.81462525687255,0
2.8147803497344,0
2.81493544259625,0
2.81509053545811,0
2.81524562831996,0
2.81540072118181,0
2.81555581404366,0
2.81571090690551,0
2.81586599976736,0
2.81602109262921,0
2.81617618549106,0
2.81633127835291,0
2.81648637121476,0
2.81664146407662,0
2.81679655693847,0
2.81695164980032,0
2.81710674266217,0
2.81726183552402,0
2.81741692838587,0
2.81757202124772,0
2.81772711410957,0
2.81788220697142,0
2.81803729983328,0
2.81819239269513,0
2.81834748555698,0
2.81850257841883,0
2.81865767128068,0
2.81881276414253,0
2.81896785700438,0
2.81912294986623,0
2.81927804272808,0
2.81943313558993,0
2.81958822845179,0
2.81974332131364,0
2.81989841417549,0
2.82005350703734,0
2.82020859989919,0
2.82036369276104,0
2.82051878562289,0
2.82067387848474,0
2.82082897134659,0
2.82098406420844,0
2.8211391570703,0
2.82129424993215,0
2.821449342794,0
2.82160443565585,0
2.8217595285177,0
2.82191462137955,0
2.8220697142414,0
2.82222480710325,0
2.8223798999651,0
2.82253499282695,0
2.82269008568881,0
2.82284517855066,0
2.82300027141251,0
2.82315536427436,0
2.82331045713621,0
2.82346554999806,0
2.82362064285991,0
2.82377573572176,0
2.82393082858361,0
2.82408592144547,0
2.82424101430732,0
2.82439610716917,0
2.82455120003102,0
2.82470629289287,0
2.82486138575472,0
2.82501647861657,0
2.82517157147842,0
2.82532666434027,0
2.82548175720212,0
2.82563685006398,0
2.82579194292583,0
2.82594703578768,0
2.82610212864953,0
2.82625722151138,0
2.82641231437323,0
2.82656740723508,0
2.82672250009693,0
2.82687759295878,0
2.82703268582063,0
2.82718777868249,0
2.82734287154434,0
2.82749796440619,0
2.82765305726804,0
2.82780815012989,0
2.82796324299174,0
2.82811833585359,0
2.82827342871544,0
2.82842852157729,0
2.82858361443915,0
2.828738707301,0
2.82889380016285,0
2.8290488930247,0
2.82920398588655,0
2.8293590787484,0
2.82951417161025,0
2.8296692644721,0
2.82982435733395,0
2.8299794501958,0
2.83013454305766,0
2.83028963591951,0
2.83044472878136,0
2.83059982164321,0
2.83075491450506,0
2.83091000736691,0
2.83106510022876,0
2.83122019309061,0
2.83137528595246,0
2.83153037881431,0
2.83168547167617,0
2.83184056453802,0
2.83199565739987,0
2.83215075026172,0
2.83230584312357,0
2.83246093598542,0
2.83261602884727,0
2.83277112170912,0
2.83292621457097,0
2.83308130743283,0
2.83323640029468,0
2.83339149315653,0
2.83354658601838,0
2.83370167888023,0
2.83385677174208,0
2.83401186460393,0
2.83416695746578,0
2.83432205032763,0
2.83447714318948,0
2.83463223605134,0
2.83478732891319,0
2.83494242177504,0
2.83509751463689,0
2.83525260749874,0
2.83540770036059,0
2.83556279322244,0
2.83571788608429,0
2.83587297894614,0
2.83602807180799,0
2.83618316466985,0
2.8363382575317,0
2.83649335039355,0
2.8366484432554,0
2.83680353611725,0
2.8369586289791,0
2.83711372184095,0
2.8372688147028,0
2.83742390756465,0
2.83757900042651,0
2.83773409328836,0
2.83788918615021,0
2.83804427901206,0
2.83819937187391,0
2.83835446473576,0
2.83850955759761,0
2.83866465045946,0
2.83881974332131,0
2.83897483618316,0
2.83912992904502,0
2.83928502190687,0
2.83944011476872,0
2.83959520763057,0
2.83975030049242,0
2.83990539335427,0
2.84006048621612,0
2.84021557907797,0
2.84037067193982,0
2.84052576480167,0
2.84068085766353,0
2.84083595052538,0
2.84099104338723,0
2.84114613624908,0
2.84130122911093,0
2.84145632197278,0
2.84161141483463,0
2.84176650769648,0
2.84192160055833,0
2.84207669342019,0
2.84223178628204,0
2.84238687914389,0
2.84254197200574,0
2.84269706486759,0
2.84285215772944,0
2.84300725059129,0
2.84316234345314,0
2.84331743631499,0
2.84347252917684,0
2.8436276220387,0
2.84378271490055,0
2.8439378077624,0
2.84409290062425,0
2.8442479934861,0
2.84440308634795,0
2.8445581792098,0
2.84471327207165,0
2.8448683649335,0
2.84502345779535,0
2.84517855065721,0
2.84533364351906,0
2.84548873638091,0
2.84564382924276,0
2.84579892210461,0
2.84595401496646,0
2.84610910782831,0
2.84626420069016,0
2.84641929355201,0
2.84657438641387,0
2.84672947927572,0
2.84688457213757,0
2.84703966499942,0
2.84719475786127,0
2.84734985072312,0
2.84750494358497,0
2.84766003644682,0
2.84781512930867,0
2.84797022217052,0
2.84812531503238,0
2.84828040789423,0
2.84843550075608,0
2.84859059361793,0
2.84874568647978,0
2.84890077934163,0
2.84905587220348,0
2.84921096506533,0
2.84936605792718,0
2.84952115078903,0
2.84967624365089,0
2.84983133651274,0
2.84998642937459,0
2.85014152223644,0
2.85029661509829,0
2.85045170796014,0
2.85060680082199,0
2.85076189368384,0
2.85091698654569,0
2.85107207940755,0
2.8512271722694,0
2.85138226513125,0
2.8515373579931,0
2.85169245085495,0
2.8518475437168,0
2.85200263657865,0
2.8521577294405,0
2.85231282230235,0
2.8524679151642,0
2.85262300802606,0
2.85277810088791,0
2.85293319374976,0
2.85308828661161,0
2.85324337947346,0
2.85339847233531,0
2.85355356519716,0
2.85370865805901,0
2.85386375092086,0
2.85401884378271,0
2.85417393664457,0
2.85432902950642,0
2.85448412236827,0
2.85463921523012,0
2.85479430809197,0
2.85494940095382,0
2.85510449381567,0
2.85525958667752,0
2.85541467953937,0
2.85556977240123,0
2.85572486526308,0
2.85587995812493,0
2.85603505098678,0
2.85619014384863,0
2.85634523671048,0
2.85650032957233,0
2.85665542243418,0
2.85681051529603,0
2.85696560815788,0
2.85712070101974,0
2.85727579388159,0
2.85743088674344,0
2.85758597960529,0
2.85774107246714,0
2.85789616532899,0
2.85805125819084,0
2.85820635105269,0
2.85836144391454,0
2.85851653677639,0
2.85867162963825,0
2.8588267225001,0
2.85898181536195,0
2.8591369082238,0
2.85929200108565,0
2.8594470939475,0
2.85960218680935,0
2.8597572796712,0
2.85991237253305,0
2.86006746539491,0
2.86022255825676,0
2.86037765111861,0
2.86053274398046,0
2.86068783684231,0
2.86084292970416,0
2.86099802256601,0
2.86115311542786,0
2.86130820828971,0
2.86146330115156,0
2.86161839401342,0
2.86177348687527,0
2.86192857973712,0
2.86208367259897,0
2.86223876546082,0
2.86239385832267,0
2.86254895118452,0
2.86270404404637,0
2.86285913690822,0
2.86301422977007,0
2.86316932263193,0
2.86332441549378,0
2.86347950835563,0
2.86363460121748,0
2.86378969407933,0
2.86394478694118,0
2.86409987980303,0
2.86425497266488,0
2.86441006552673,0
2.86456515838859,0
2.86472025125044,0
2.86487534411229,0
2.86503043697414,0
2.86518552983599,0
2.86534062269784,0
2.86549571555969,0
2.86565080842154,0
2.86580590128339,0
2.86596099414524,0
2.8661160870071,0
2.86627117986895,0
2.8664262727308,0
2.86658136559265,0
2.8667364584545,0
2.86689155131635,0
2.8670466441782,0
2.86720173704005,0
2.8673568299019,0
2.86751192276375,0
2.86766701562561,0
2.86782210848746,0
2.86797720134931,0
2.86813229421116,0
2.86828738707301,0
2.86844247993486,0
2.86859757279671,0
2.86875266565856,0
2.86890775852041,0
2.86906285138227,0
2.86921794424412,0
2.86937303710597,0
2.86952812996782,0
2.86968322282967,0
2.86983831569152,0
2.86999340855337,0
2.87014850141522,0
2.87030359427707,0
2.87045868713892,0
2.87061378000078,0
2.87076887286263,0
2.87092396572448,0
2.87107905858633,0
2.87123415144818,0
2.87138924431003,0
2.87154433717188,0
2.87169943003373,0
2.87185452289558,0
2.87200961575743,0
2.87216470861929,0
2.87231980148114,0
2.87247489434299,0
2.87262998720484,0
2.87278508006669,0
2.87294017292854,0
2.87309526579039,0
2.87325035865224,0
2.87340545151409,0
2.87356054437595,0
2.8737156372378,0
2.87387073009965,0
2.8740258229615,0
2.87418091582335,0
2.8743360086852,0
2.87449110154705,0
2.8746461944089,0
2.87480128727075,0
2.8749563801326,0
2.87511147299446,0
2.87526656585631,0
2.87542165871816,0
2.87557675158001,0
2.87573184444186,0
2.87588693730371,0
2.87604203016556,0
2.87619712302741,0
2.87635221588926,0
2.87650730875111,0
2.87666240161297,0
2.87681749447482,0
2.87697258733667,0
2.87712768019852,0
2.87728277306037,0
2.87743786592222,0
2.87759295878407,0
2.87774805164592,0
2.87790314450777,0
2.87805823736963,0
2.87821333023148,0
2.87836842309333,0
2.87852351595518,0
2.87867860881703,0
2.87883370167888,0
2.87898879454073,0
2.87914388740258,0
2.87929898026443,0
2.87945407312628,0
2.87960916598814,0
2.87976425884999,0
2.87991935171184,0
2.88007444457369,0
2.88022953743554,0
2.88038463029739,0
2.88053972315924,0
2.88069481602109,0
2.88084990888294,0
2.88100500174479,0
2.88116009460665,0
2.8813151874685,0
2.88147028033035,0
2.8816253731922,0
2.88178046605405,0
2.8819355589159,0
2.88209065177775,0
2.8822457446396,0
2.88240083750145,0
2.88255593036331,0
2.88271102322516,0
2.88286611608701,0
2.88302120894886,0
2.88317630181071,0
2.88333139467256,0
2.88348648753441,0
2.88364158039626,0
2.88379667325811,0
2.88395176611996,0
2.88410685898182,0
2.88426195184367,0
2.88441704470552,0
2.88457213756737,0
2.88472723042922,0
2.88488232329107,0
2.88503741615292,0
2.88519250901477,0
2.88534760187662,0
2.88550269473847,0
2.88565778760033,0
2.88581288046218,0
2.88596797332403,0
2.88612306618588,0
2.88627815904773,0
2.88643325190958,0
2.88658834477143,0
2.88674343763328,0
2.88689853049513,0
2.88705362335699,0
2.88720871621884,0
2.88736380908069,0
2.88751890194254,0
2.88767399480439,0
2.88782908766624,0
2.88798418052809,0
2.88813927338994,0
2.88829436625179,0
2.88844945911364,0
2.8886045519755,0
2.88875964483735,0
2.8889147376992,0
2.88906983056105,0
2.8892249234229,0
2.88938001628475,0
2.8895351091466,0
2.88969020200845,0
2.8898452948703,0
2.89000038773215,0
2.89015548059401,0
2.89031057345586,0
2.89046566631771,0
2.89062075917956,0
2.89077585204141,0
2.89093094490326,0
2.89108603776511,0
2.89124113062696,0
2.89139622348881,0
2.89155131635066,0
2.89170640921252,0
2.89186150207437,0
2.89201659493622,0
2.89217168779807,0
2.89232678065992,0
2.89248187352177,0
2.89263696638362,0
2.89279205924547,0
2.89294715210732,0
2.89310224496918,0
2.89325733783103,0
2.89341243069288,0
2.89356752355473,0
2.89372261641658,0
2.89387770927843,0
2.89403280214028,0
2.89418789500213,0
2.89434298786398,0
2.89449808072583,0
2.89465317358769,0
2.89480826644954,0
2.89496335931139,0
2.89511845217324,0
2.89527354503509,0
2.89542863789694,0
2.89558373075879,0
2.89573882362064,0
2.89589391648249,0
2.89604900934434,0
2.8962041022062,0
2.89635919506805,0
2.8965142879299,0
2.89666938079175,0
2.8968244736536,0
2.89697956651545,0
2.8971346593773,0
2.89728975223915,0
2.897444845101,0
2.89759993796286,0
2.89775503082471,0
2.89791012368656,0
2.89806521654841,0
2.89822030941026,0
2.89837540227211,0
2.89853049513396,0
2.89868558799581,0
2.89884068085766,0
2.89899577371951,0
2.89915086658137,0
2.89930595944322,0
2.89946105230507,0
2.89961614516692,0
2.89977123802877,0
2.89992633089062,0
2.90008142375247,0
2.90023651661432,0
2.90039160947617,0
2.90054670233802,0
2.90070179519988,0
2.90085688806173,0
2.90101198092358,0
2.90116707378543,0
2.90132216664728,0
2.90147725950913,0
2.90163235237098,0
2.90178744523283,0
2.90194253809468,0
2.90209763095654,0
2.90225272381839,0
2.90240781668024,0
2.90256290954209,0
2.90271800240394,0
2.90287309526579,0
2.90302818812764,0
2.90318328098949,0
2.90333837385134,0
2.90349346671319,0
2.90364855957505,0
2.9038036524369,0
2.90395874529875,0
2.9041138381606,0
2.90426893102245,0
2.9044240238843,0
2.90457911674615,0
2.904734209608,0
2.90488930246985,0
2.9050443953317,0
2.90519948819356,0
2.90535458105541,0
2.90550967391726,0
2.90566476677911,0
2.90581985964096,0
2.90597495250281,0
2.90613004536466,0
2.90628513822651,0
2.90644023108836,0
2.90659532395022,0
2.90675041681207,0
2.90690550967392,0
2.90706060253577,0
2.90721569539762,0
2.90737078825947,0
2.90752588112132,0
2.90768097398317,0
2.90783606684502,0
2.90799115970687,0
2.90814625256873,0
2.90830134543058,0
2.90845643829243,0
2.90861153115428,0
2.90876662401613,0
2.90892171687798,0
2.90907680973983,0
2.90923190260168,0
2.90938699546353,0
2.90954208832538,0
2.90969718118724,0
2.90985227404909,0
2.91000736691094,0
2.91016245977279,0
2.91031755263464,0
2.91047264549649,0
2.91062773835834,0
2.91078283122019,0
2.91093792408204,0
2.9110930169439,0
2.91124810980575,0
2.9114032026676,0
2.91155829552945,0
2.9117133883913,0
2.91186848125315,0
2.912023574115,0
2.91217866697685,0
2.9123337598387,0
2.91248885270055,0
2.91264394556241,0
2.91279903842426,0
2.91295413128611,0
2.91310922414796,0
2.91326431700981,0
2.91341940987166,0
2.91357450273351,0
2.91372959559536,0
2.91388468845721,0
2.91403978131906,0
2.91419487418092,0
2.91434996704277,0
2.91450505990462,0
2.91466015276647,0
2.91481524562832,0
2.91497033849017,0
2.91512543135202,0
2.91528052421387,0
2.91543561707572,0
2.91559070993758,0
2.91574580279943,0
2.91590089566128,0
2.91605598852313,0
2.91621108138498,0
2.91636617424683,0
2.91652126710868,0
2.91667635997053,0
2.91683145283238,0
2.91698654569423,0
2.91714163855609,0
2.91729673141794,0
2.91745182427979,0
2.91760691714164,0
2.91776201000349,0
2.91791710286534,0
2.91807219572719,0
2.91822728858904,0
2.91838238145089,0
2.91853747431274,0
2.9186925671746,0
2.91884766003645,0
2.9190027528983,0
2.91915784576015,0
2.919312938622,0
2.91946803148385,0
2.9196231243457,0
2.91977821720755,0
2.9199333100694,0
2.92008840293126,0
2.92024349579311,0
2.92039858865496,0
2.92055368151681,0
2.92070877437866,0
2.92086386724051,0
2.92101896010236,0
2.92117405296421,0
2.92132914582606,0
2.92148423868791,0
2.92163933154977,0
2.92179442441162,0
2.92194951727347,0
2.92210461013532,0
2.92225970299717,0
2.92241479585902,0
2.92256988872087,0
2.92272498158272,0
2.92288007444457,0
2.92303516730642,0
2.92319026016828,0
2.92334535303013,0
2.92350044589198,0
2.92365553875383,0
2.92381063161568,0
2.92396572447753,0
2.92412081733938,0
2.92427591020123,0
2.92443100306308,0
2.92458609592494,0
2.92474118878679,0
2.92489628164864,0
2.92505137451049,0
2.92520646737234,0
2.92536156023419,0
2.92551665309604,0
2.92567174595789,0
2.92582683881974,0
2.92598193168159,0
2.92613702454345,0
2.9262921174053,0
2.92644721026715,0
2.926602303129,0
2.92675739599085,0
2.9269124888527,0
2.92706758171455,0
2.9272226745764,0
2.92737776743825,0
2.9275328603001,0
2.92768795316196,0
2.92784304602381,0
2.92799813888566,0
2.92815323174751,0
2.92830832460936,0
2.92846341747121,0
2.92861851033306,0
2.92877360319491,0
2.92892869605676,0
2.92908378891862,0
2.92923888178047,0
2.92939397464232,0
2.92954906750417,0
2.92970416036602,0
2.92985925322787,0
2.93001434608972,0
2.93016943895157,0
2.93032453181342,0
2.93047962467527,0
2.93063471753713,0
2.93078981039898,0
2.93094490326083,0
2.93109999612268,0
2.93125508898453,0
2.93141018184638,0
2.93156527470823,0
2.93172036757008,0
2.93187546043193,0
2.93203055329378,0
2.93218564615564,0
2.93234073901749,0
2.93249583187934,0
2.93265092474119,0
2.93280601760304,0
2.93296111046489,0
2.93311620332674,0
2.93327129618859,0
2.93342638905044,0
2.9335814819123,0
2.93373657477415,0
2.933891667636,0
2.93404676049785,0
2.9342018533597,0
2.93435694622155,0
2.9345120390834,0
2.93466713194525,0
2.9348222248071,0
2.93497731766895,0
2.93513241053081,0
2.93528750339266,0
2.93544259625451,0
2.93559768911636,0
2.93575278197821,0
2.93590787484006,0
2.93606296770191,0
2.93621806056376,0
2.93637315342561,0
2.93652824628746,0
2.93668333914932,0
2.93683843201117,0
2.93699352487302,0
2.93714861773487,0
2.93730371059672,0
2.93745880345857,0
2.93761389632042,0
2.93776898918227,0
2.93792408204412,0
2.93807917490598,0
2.93823426776783,0
2.93838936062968,0
2.93854445349153,0
2.93869954635338,0
2.93885463921523,0
2.93900973207708,0
2.93916482493893,0
2.93931991780078,0
2.93947501066263,0
2.93963010352449,0
2.93978519638634,0
2.93994028924819,0
2.94009538211004,0
2.94025047497189,24.4435588781156
2.94040556783374,0
2.94056066069559,0
2.94071575355744,0
2.94087084641929,0
2.94102593928114,0
2.941181032143,0
2.94133612500485,0
2.9414912178667,0
2.94164631072855,0
2.9418014035904,0
2.94195649645225,0
2.9421115893141,0
2.94226668217595,0
2.9424217750378,0
2.94257686789966,0
2.94273196076151,0
2.94288705362336,0
2.94304214648521,0
2.94319723934706,0
2.94335233220891,0
2.94350742507076,0
2.94366251793261,0
2.94381761079446,0
2.94397270365631,0
2.94412779651817,0
2.94428288938002,0
2.94443798224187,0
2.94459307510372,0
2.94474816796557,0
2.94490326082742,0
2.94505835368927,0
2.94521344655112,0
2.94536853941297,0
2.94552363227482,0
2.94567872513668,0
2.94583381799853,0
2.94598891086038,0
2.94614400372223,0
2.94629909658408,0
2.94645418944593,0
2.94660928230778,0
2.94676437516963,0
2.94691946803148,0
2.94707456089334,0
2.94722965375519,0
2.94738474661704,0
2.94753983947889,0
2.94769493234074,0
2.94785002520259,0
2.94800511806444,0
2.94816021092629,0
2.94831530378814,0
2.94847039664999,0
2.94862548951185,0
2.9487805823737,0
2.94893567523555,0
2.9490907680974,0
2.94924586095925,0
2.9494009538211,0
2.94955604668295,0
2.9497111395448,0
2.94986623240665,0
2.9500213252685,0
2.95017641813036,0
2.95033151099221,0
2.95048660385406,0
2.95064169671591,0
2.95079678957776,0
2.95095188243961,0
2.95110697530146,0
2.95126206816331,0
2.95141716102516,0
2.95157225388702,0
2.95172734674887,0
2.95188243961072,0
2.95203753247257,0
2.95219262533442,0
2.95234771819627,0
2.95250281105812,0
2.95265790391997,0
2.95281299678182,0
2.95296808964367,0
2.95312318250553,0
2.95327827536738,0
2.95343336822923,0
2.95358846109108,0
2.95374355395293,0
2.95389864681478,0
2.95405373967663,0
2.95420883253848,0
2.95436392540033,0
2.95451901826218,0
2.95467411112404,0
2.95482920398589,0
2.95498429684774,0
2.95513938970959,0
2.95529448257144,0
2.95544957543329,0
2.95560466829514,0
2.95575976115699,0
2.95591485401884,0
2.9560699468807,0
2.95622503974255,0
2.9563801326044,0
2.95653522546625,0
2.9566903183281,0
2.95684541118995,0
2.9570005040518,0
2.95715559691365,0
2.9573106897755,0
2.95746578263735,0
2.95762087549921,0
2.95777596836106,0
2.95793106122291,0
2.95808615408476,0
2.95824124694661,0
2.95839633980846,0
2.95855143267031,0
2.95870652553216,0
2.95886161839401,0
2.95901671125586,0
2.95917180411772,0
2.95932689697957,0
2.95948198984142,0
2.95963708270327,0
2.95979217556512,0
2.95994726842697,0
2.96010236128882,0
2.96025745415067,0
2.96041254701252,0
2.96056763987437,0
2.96072273273623,0
2.96087782559808,0
2.96103291845993,0
2.96118801132178,0
2.96134310418363,0
2.96149819704548,0
2.96165328990733,0
2.96180838276918,0
2.96196347563103,0
2.96211856849289,0
2.96227366135474,0
2.96242875421659,0
2.96258384707844,0
2.96273893994029,0
2.96289403280214,0
2.96304912566399,0
2.96320421852584,0
2.96335931138769,0
2.96351440424954,0
2.9636694971114,0
2.96382458997325,0
2.9639796828351,0
2.96413477569695,0
2.9642898685588,0
2.96444496142065,0
2.9646000542825,0
2.96475514714435,0
2.9649102400062,0
2.96506533286805,0
2.96522042572991,0
2.96537551859176,0
2.96553061145361,0
2.96568570431546,0
2.96584079717731,0
2.96599589003916,0
2.96615098290101,0
2.96630607576286,0
2.96646116862471,0
2.96661626148656,0
2.96677135434842,0
2.96692644721027,0
2.96708154007212,0
2.96723663293397,0
2.96739172579582,0
2.96754681865767,0
2.96770191151952,0
2.96785700438137,0
2.96801209724322,0
2.96816719010508,0
2.96832228296693,0
2.96847737582878,0
2.96863246869063,0
2.96878756155248,0
2.96894265441433,0
2.96909774727618,0
2.96925284013803,0
2.96940793299988,0
2.96956302586173,0
2.96971811872359,0
2.96987321158544,0
2.97002830444729,0
2.97018339730914,0
2.97033849017099,0
2.97049358303284,0
2.97064867589469,0
2.97080376875654,0
2.97095886161839,0
2.97111395448024,0
2.9712690473421,0
2.97142414020395,0
2.9715792330658,0
2.97173432592765,0
2.9718894187895,0
2.97204451165135,0
2.9721996045132,0
2.97235469737505,0
2.9725097902369,0
2.97266488309876,0
2.97281997596061,0
2.97297506882246,0
2.97313016168431,0
2.97328525454616,0
2.97344034740801,0
2.97359544026986,0
2.97375053313171,0
2.97390562599356,0
2.97406071885541,0
2.97421581171727,0
2.97437090457912,0
2.97452599744097,0
2.97468109030282,0
2.97483618316467,0
2.97499127602652,0
2.97514636888837,0
2.97530146175022,0
2.97545655461207,0
2.97561164747392,0
2.97576674033578,0
2.97592183319763,0
2.97607692605948,0
2.97623201892133,0
2.97638711178318,0
2.97654220464503,0
2.97669729750688,0
2.97685239036873,0
2.97700748323058,0
2.97716257609244,0
2.97731766895429,0
2.97747276181614,0
2.97762785467799,0
2.97778294753984,0
2.97793804040169,0
2.97809313326354,0
2.97824822612539,0
2.97840331898724,0
2.97855841184909,0
2.97871350471095,0
2.9788685975728,0
2.97902369043465,0
2.9791787832965,0
2.97933387615835,0
2.9794889690202,0
2.97964406188205,0
2.9797991547439,0
2.97995424760575,0
2.9801093404676,0
2.98026443332946,0
2.98041952619131,0
2.98057461905316,0
2.98072971191501,0
2.98088480477686,0
2.98103989763871,0
2.98119499050056,0
2.98135008336241,0
2.98150517622426,0
2.98166026908612,0
2.98181536194797,0
2.98197045480982,0
2.98212554767167,0
2.98228064053352,0
2.98243573339537,0
2.98259082625722,0
2.98274591911907,0
2.98290101198092,0
2.98305610484277,0
2.98321119770463,0
2.98336629056648,0
2.98352138342833,0
2.98367647629018,0
2.98383156915203,0
2.98398666201388,0
2.98414175487573,0
2.98429684773758,0
2.98445194059943,0
2.98460703346128,0
2.98476212632314,0
2.98491721918499,0
2.98507231204684,0
2.98522740490869,0
2.98538249777054,0
2.98553759063239,0
2.98569268349424,0
2.98584777635609,0
2.98600286921794,0
2.9861579620798,0
2.98631305494165,0
2.9864681478035,0
2.98662324066535,0
2.9867783335272,0
2.98693342638905,0
2.9870885192509,0
2.98724361211275,0
2.9873987049746,0
2.98755379783645,0
2.98770889069831,0
2.98786398356016,0
2.98801907642201,0
2.98817416928386,0
2.98832926214571,0
2.98848435500756,0
2.98863944786941,0
2.98879454073126,0
2.98894963359311,0
2.98910472645496,0
2.98925981931682,0
2.98941491217867,0
2.98957000504052,0
2.98972509790237,0
2.98988019076422,0
2.99003528362607,0
2.99019037648792,0
2.99034546934977,0
2.99050056221162,0
2.99065565507348,0
2.99081074793533,0
2.99096584079718,0
2.99112093365903,0
2.99127602652088,0
2.99143111938273,0
2.99158621224458,0
2.99174130510643,0
2.99189639796828,0
2.99205149083013,0
2.99220658369199,0
2.99236167655384,0
2.99251676941569,0
2.99267186227754,0
2.99282695513939,0
2.99298204800124,0
2.99313714086309,0
2.99329223372494,0
2.99344732658679,0
2.99360241944864,0
2.9937575123105,0
2.99391260517235,0
2.9940676980342,0
2.99422279089605,0
2.9943778837579,0
2.99453297661975,0
2.9946880694816,0
2.99484316234345,0
2.9949982552053,0
2.99515334806716,0
2.99530844092901,0
2.99546353379086,0
2.99561862665271,0
2.99577371951456,0
2.99592881237641,0
2.99608390523826,0
2.99623899810011,0
2.99639409096196,0
2.99654918382381,0
2.99670427668567,0
2.99685936954752,0
2.99701446240937,0
2.99716955527122,0
2.99732464813307,0
2.99747974099492,0
2.99763483385677,0
2.99778992671862,0
2.99794501958047,0
2.99810011244232,0
2.99825520530418,0
2.99841029816603,0
2.99856539102788,0
2.99872048388973,0
2.99887557675158,0
2.99903066961343,0
2.99918576247528,0
2.99934085533713,0
2.99949594819898,0
2.99965104106084,0
2.99980613392269,0
2.99996122678454,0
3.00011631964639,0
3.00027141250824,0
3.00042650537009,0
3.00058159823194,0
3.00073669109379,0
3.00089178395564,0
3.00104687681749,0
3.00120196967935,0
3.0013570625412,0
3.00151215540305,0
3.0016672482649,0
3.00182234112675,0
3.0019774339886,0
3.00213252685045,0
3.0022876197123,0
3.00244271257415,0
3.002597805436,0
3.00275289829786,0
3.00290799115971,0
3.00306308402156,0
3.00321817688341,0
3.00337326974526,0
3.00352836260711,0
3.00368345546896,0
3.00383854833081,0
3.00399364119266,0
3.00414873405452,0
3.00430382691637,0
3.00445891977822,0
3.00461401264007,0
3.00476910550192,0
3.00492419836377,0
3.00507929122562,0
3.00523438408747,0
3.00538947694932,0
3.00554456981117,0
3.00569966267303,0
3.00585475553488,0
3.00600984839673,0
3.00616494125858,0
3.00632003412043,0
3.00647512698228,0
3.00663021984413,0
3.00678531270598,0
3.00694040556783,0
3.00709549842968,0
3.00725059129154,0
3.00740568415339,0
3.00756077701524,0
3.00771586987709,0
3.00787096273894,0
3.00802605560079,0
3.00818114846264,0
3.00833624132449,0
3.00849133418634,0
3.0086464270482,0
3.00880151991005,0
3.0089566127719,0
3.00911170563375,0
3.0092667984956,0
3.00942189135745,0
3.0095769842193,0
3.00973207708115,0
3.009887169943,0
3.01004226280485,0
3.01019735566671,0
3.01035244852856,0
3.01050754139041,0
3.01066263425226,0
3.01081772711411,0
3.01097281997596,0
3.01112791283781,0
3.01128300569966,0
3.01143809856151,0
3.01159319142336,0
3.01174828428522,0
3.01190337714707,0
3.01205847000892,0
3.01221356287077,0
3.01236865573262,0
3.01252374859447,0
3.01267884145632,0
3.01283393431817,0
3.01298902718002,0
3.01314412004188,0
3.01329921290373,0
3.01345430576558,0
3.01360939862743,0
3.01376449148928,0
3.01391958435113,0
3.01407467721298,0
3.01422977007483,0
3.01438486293668,0
3.01453995579853,0
3.01469504866039,0
3.01485014152224,0
3.01500523438409,0
3.01516032724594,0
3.01531542010779,0
3.01547051296964,0
3.01562560583149,0
3.01578069869334,0
3.01593579155519,0
3.01609088441704,0
3.0162459772789,0
3.01640107014075,0
3.0165561630026,0
3.01671125586445,0
3.0168663487263,0
3.01702144158815,0
3.01717653445,0
3.01733162731185,0
3.0174867201737,0
3.01764181303556,0
3.01779690589741,0
3.01795199875926,0
3.01810709162111,0
3.01826218448296,0
3.01841727734481,0
3.01857237020666,0
3.01872746306851,0
3.01888255593036,0
3.01903764879221,0
3.01919274165407,0
3.01934783451592,0
3.01950292737777,0
3.01965802023962,0
3.01981311310147,0
3.01996820596332,0
3.02012329882517,0
3.02027839168702,0
3.02043348454887,0
3.02058857741072,0
3.02074367027258,0
3.02089876313443,0
3.02105385599628,0
3.02120894885813,0
3.02136404171998,0
3.02151913458183,0
3.02167422744368,0
3.02182932030553,0
3.02198441316738,0
3.02213950602924,0
3.02229459889109,0
3.02244969175294,0
3.02260478461479,0
3.02275987747664,0
3.02291497033849,0
3.02307006320034,0
3.02322515606219,0
3.02338024892404,0
3.02353534178589,0
3.02369043464775,0
3.0238455275096,0
3.02400062037145,0
3.0241557132333,0
3.02431080609515,0
3.024465898957,0
3.02462099181885,0
3.0247760846807,0
3.02493117754255,0
3.0250862704044,0
3.02524136326626,0
3.02539645612811,0
3.02555154898996,0
3.02570664185181,0
3.02586173471366,0
3.02601682757551,0
3.02617192043736,0
3.02632701329921,0
3.02648210616106,0
3.02663719902292,0
3.02679229188477,0
3.02694738474662,0
3.02710247760847,0
3.02725757047032,0
3.02741266333217,0
3.02756775619402,0
3.02772284905587,0
3.02787794191772,0
3.02803303477957,0
3.02818812764143,0
3.02834322050328,0
3.02849831336513,0
3.02865340622698,0
3.02880849908883,0
3.02896359195068,0
3.02911868481253,0
3.02927377767438,0
3.02942887053623,0
3.02958396339808,0
3.02973905625994,0
3.02989414912179,0
3.03004924198364,0
3.03020433484549,0
3.03035942770734,0
3.03051452056919,0
3.03066961343104,0
3.03082470629289,0
3.03097979915474,0
3.0311348920166,0
3.03128998487845,0
3.0314450777403,0
3.03160017060215,0
3.031755263464,0
3.03191035632585,0
3.0320654491877,0
3.03222054204955,0
3.0323756349114,0
3.03253072777325,0
3.03268582063511,0
3.03284091349696,0
3.03299600635881,0
3.03315109922066,0
3.03330619208251,0
3.03346128494436,0
3.03361637780621,0
3.03377147066806,0
3.03392656352991,0
3.03408165639176,0
3.03423674925362,0
3.03439184211547,0
3.03454693497732,0
3.03470202783917,0
3.03485712070102,0
3.03501221356287,0
3.03516730642472,0
3.03532239928657,0
3.03547749214842,0
3.03563258501027,0
3.03578767787213,0
3.03594277073398,0
3.03609786359583,0
3.03625295645768,0
3.03640804931953,0
3.03656314218138,0
3.03671823504323,0
3.03687332790508,0
3.03702842076693,0
3.03718351362879,0
3.03733860649064,0
3.03749369935249,0
3.03764879221434,0
3.03780388507619,0
3.03795897793804,0
3.03811407079989,0
3.03826916366174,0
3.03842425652359,0
3.03857934938544,0
3.0387344422473,0
3.03888953510915,0
3.039044627971,0
3.03919972083285,0
3.0393548136947,0
3.03950990655655,0
3.0396649994184,0
3.03982009228025,0
3.0399751851421,0
3.04013027800395,0
3.04028537086581,0
3.04044046372766,0
3.04059555658951,0
3.04075064945136,0
3.04090574231321,0
3.04106083517506,0
3.04121592803691,0
3.04137102089876,0
3.04152611376061,0
3.04168120662246,0
3.04183629948432,0
3.04199139234617,0
3.04214648520802,0
3.04230157806987,0
3.04245667093172,0
3.04261176379357,0
3.04276685665542,0
3.04292194951727,0
3.04307704237912,0
3.04323213524098,0
3.04338722810283,0
3.04354232096468,0
3.04369741382653,0
3.04385250668838,0
3.04400759955023,0
3.04416269241208,0
3.04431778527393,0
3.04447287813578,0
3.04462797099763,0
3.04478306385949,0
3.04493815672134,0
3.04509324958319,0
3.04524834244504,0
3.04540343530689,0
3.04555852816874,0
3.04571362103059,0
3.04586871389244,0
3.04602380675429,0
3.04617889961614,0
3.046333992478,0
3.04648908533985,0
3.0466441782017,0
3.04679927106355,0
3.0469543639254,0
3.04710945678725,0
3.0472645496491,0
3.04741964251095,0
3.0475747353728,0
3.04772982823466,0
3.04788492109651,0
3.04804001395836,0
3.04819510682021,0
3.04835019968206,0
3.04850529254391,0
3.04866038540576,0
3.04881547826761,0
3.04897057112946,0
3.04912566399131,0
3.04928075685317,0
3.04943584971502,0
3.04959094257687,0
3.04974603543872,0
3.04990112830057,0
3.05005622116242,0
3.05021131402427,0
3.05036640688612,0
3.05052149974797,0
3.05067659260982,0
3.05083168547168,0
3.05098677833353,0
3.05114187119538,0
3.05129696405723,0
3.05145205691908,0
3.05160714978093,0
3.05176224264278,0
3.05191733550463,487.60246153198
3.05207242836648,0
3.05222752122834,0
3.05238261409019,0
3.05253770695204,0
3.05269279981389,0
3.05284789267574,0
3.05300298553759,0
3.05315807839944,0
3.05331317126129,0
3.05346826412314,0
3.05362335698499,0
3.05377844984685,0
3.0539335427087,0
3.05408863557055,0
3.0542437284324,0
3.05439882129425,0
3.0545539141561,0
3.05470900701795,0
3.0548640998798,0
3.05501919274165,0
3.0551742856035,0
3.05532937846536,0
3.05548447132721,0
3.05563956418906,0
3.05579465705091,0
3.05594974991276,0
3.05610484277461,0
3.05625993563646,0
3.05641502849831,0
3.05657012136016,0
3.05672521422202,0
3.05688030708387,0
3.05703539994572,0
3.05719049280757,0
3.05734558566942,0
3.05750067853127,0
3.05765577139312,0
3.05781086425497,0
3.05796595711682,0
3.05812104997867,0
3.05827614284053,0
3.05843123570238,0
3.05858632856423,0
3.05874142142608,0
3.05889651428793,0
3.05905160714978,0
3.05920670001163,0
3.05936179287348,0
3.05951688573533,0
3.05967197859718,0
3.05982707145904,0
3.05998216432089,0
3.06013725718274,0
3.06029235004459,0
3.06044744290644,0
3.06060253576829,0
3.06075762863014,0
3.06091272149199,0
3.06106781435384,0
3.0612229072157,0
3.06137800007755,0
3.0615330929394,0
3.06168818580125,0
3.0618432786631,0
3.06199837152495,0
3.0621534643868,0
3.06230855724865,0
3.0624636501105,0
3.06261874297235,0
3.06277383583421,0
3.06292892869606,0
3.06308402155791,0
3.06323911441976,0
3.06339420728161,0
3.06354930014346,0
3.06370439300531,0
3.06385948586716,0
3.06401457872901,0
3.06416967159086,0
3.06432476445272,0
3.06447985731457,0
3.06463495017642,0
3.06479004303827,0
3.06494513590012,0
3.06510022876197,0
3.06525532162382,0
3.06541041448567,0
3.06556550734752,0
3.06572060020938,0
3.06587569307123,0
3.06603078593308,0
3.06618587879493,0
3.06634097165678,0
3.06649606451863,0
3.06665115738048,0
3.06680625024233,0
3.06696134310418,0
3.06711643596603,0
3.06727152882789,0
3.06742662168974,0
3.06758171455159,0
3.06773680741344,0
3.06789190027529,0
3.06804699313714,0
3.06820208599899,0
3.06835717886084,0
3.06851227172269,0
3.06866736458454,0
3.0688224574464,0
3.06897755030825,0
3.0691326431701,0
3.06928773603195,0
3.0694428288938,0
3.06959792175565,0
3.0697530146175,0
3.06990810747935,0
3.0700632003412,0
3.07021829320306,0
3.07037338606491,0
3.07052847892676,0
3.07068357178861,0
3.07083866465046,0
3.07099375751231,0
3.07114885037416,0
3.07130394323601,0
3.07145903609786,0
3.07161412895971,0
3.07176922182157,0
3.07192431468342,0
3.07207940754527,0
3.07223450040712,0
3.07238959326897,0
3.07254468613082,0
3.07269977899267,0
3.07285487185452,0
3.07300996471637,0
3.07316505757822,0
3.07332015044008,0
3.07347524330193,0
3.07363033616378,0
3.07378542902563,0
3.07394052188748,0
3.07409561474933,0
3.07425070761118,0
3.07440580047303,0
3.07456089333488,0
3.07471598619674,0
3.07487107905859,0
3.07502617192044,0
3.07518126478229,0
3.07533635764414,0
3.07549145050599,0
3.07564654336784,0
3.07580163622969,0
3.07595672909154,0
3.07611182195339,0
3.07626691481525,0
3.0764220076771,0
3.07657710053895,0
3.0767321934008,0
3.07688728626265,0
3.0770423791245,0
3.07719747198635,0
3.0773525648482,0
3.07750765771005,0
3.0776627505719,0
3.07781784343376,0
3.07797293629561,0
3.07812802915746,0
3.07828312201931,0
3.07843821488116,0
3.07859330774301,0
3.07874840060486,0
3.07890349346671,0
3.07905858632856,0
3.07921367919042,0
3.07936877205227,0
3.07952386491412,0
3.07967895777597,0
3.07983405063782,0
3.07998914349967,0
3.08014423636152,0
3.08029932922337,0
3.08045442208522,0
3.08060951494707,0
3.08076460780893,0
3.08091970067078,0
3.08107479353263,0
3.08122988639448,0
3.08138497925633,0
3.08154007211818,0
3.08169516498003,0
3.08185025784188,0
3.08200535070373,0
3.08216044356558,0
3.08231553642744,0
3.08247062928929,0
3.08262572215114,0
3.08278081501299,0
3.08293590787484,0
3.08309100073669,0
3.08324609359854,0
3.08340118646039,0
3.08355627932224,0
3.0837113721841,0
3.08386646504595,0
3.0840215579078,0
3.08417665076965,0
3.0843317436315,0
3.08448683649335,0
3.0846419293552,0
3.08479702221705,0
3.0849521150789,0
3.08510720794075,0
3.08526230080261,0
3.08541739366446,0
3.08557248652631,0
3.08572757938816,0
3.08588267225001,0
3.08603776511186,0
3.08619285797371,0
3.08634795083556,0
3.08650304369741,0
3.08665813655926,0
3.08681322942112,0
3.08696832228297,0
3.08712341514482,0
3.08727850800667,0
3.08743360086852,0
3.08758869373037,0
3.08774378659222,0
3.08789887945407,0
3.08805397231592,0
3.08820906517778,0
3.08836415803963,0
3.08851925090148,0
3.08867434376333,0
3.08882943662518,0
3.08898452948703,0
3.08913962234888,0
3.08929471521073,0
3.08944980807258,0
3.08960490093443,0
3.08975999379629,0
3.08991508665814,0
3.09007017951999,0
3.09022527238184,0
3.09038036524369,0
3.09053545810554,0
3.09069055096739,0
3.09084564382924,0
3.09100073669109,0
3.09115582955294,0
3.0913109224148,0
3.09146601527665,0
3.0916211081385,0
3.09177620100035,0
3.0919312938622,0
3.09208638672405,0
3.0922414795859,0
3.09239657244775,0
3.0925516653096,0
3.09270675817146,0
3.09286185103331,0
3.09301694389516,0
3.09317203675701,0
3.09332712961886,0
3.09348222248071,0
3.09363731534256,0
3.09379240820441,0
3.09394750106626,0
3.09410259392811,0
3.09425768678997,0
3.09441277965182,0
3.09456787251367,0
3.09472296537552,0
3.09487805823737,0
3.09503315109922,0
3.09518824396107,0
3.09534333682292,0
3.09549842968477,0
3.09565352254662,0
3.09580861540848,0
3.09596370827033,0
3.09611880113218,0
3.09627389399403,0
3.09642898685588,0
3.09658407971773,0
3.09673917257958,0
3.09689426544143,0
3.09704935830328,0
3.09720445116514,0
3.09735954402699,0
3.09751463688884,0
3.09766972975069,0
3.09782482261254,0
3.09797991547439,0
3.09813500833624,0
3.09829010119809,0
3.09844519405994,0
3.09860028692179,0
3.09875537978365,0
3.0989104726455,0
3.09906556550735,0
3.0992206583692,0
3.09937575123105,0
3.0995308440929,0
3.09968593695475,0
3.0998410298166,0
3.09999612267845,0
3.1001512155403,0
3.10030630840216,0
3.10046140126401,0
3.10061649412586,0
3.10077158698771,0
3.10092667984956,0
3.10108177271141,0
3.10123686557326,0
3.10139195843511,0
3.10154705129696,0
3.10170214415882,0
3.10185723702067,0
3.10201232988252,0
3.10216742274437,0
3.10232251560622,0
3.10247760846807,0
3.10263270132992,0
3.10278779419177,0
3.10294288705362,0
3.10309797991547,0
3.10325307277733,0
3.10340816563918,0
3.10356325850103,0
3.10371835136288,0
3.10387344422473,0
3.10402853708658,0
3.10418362994843,0
3.10433872281028,0
3.10449381567213,0
3.10464890853398,0
3.10480400139584,0
3.10495909425769,0
3.10511418711954,0
3.10526927998139,0
3.10542437284324,0
3.10557946570509,0
3.10573455856694,0
3.10588965142879,0
3.10604474429064,0
3.1061998371525,0
3.10635493001435,0
3.1065100228762,0
3.10666511573805,0
3.1068202085999,0
3.10697530146175,0
3.1071303943236,0
3.10728548718545,0
3.1074405800473,0
3.10759567290915,0
3.10775076577101,0
3.10790585863286,0
3.10806095149471,0
3.10821604435656,0
3.10837113721841,0
3.10852623008026,0
3.10868132294211,0
3.10883641580396,0
3.10899150866581,0
3.10914660152766,0
3.10930169438952,0
3.10945678725137,0
3.10961188011322,0
3.10976697297507,0
3.10992206583692,0
3.11007715869877,0
3.11023225156062,0
3.11038734442247,0
3.11054243728432,0
3.11069753014618,0
3.11085262300803,0
3.11100771586988,0
3.11116280873173,0
3.11131790159358,0
3.11147299445543,0
3.11162808731728,0
3.11178318017913,0
3.11193827304098,0
3.11209336590283,0
3.11224845876469,0
3.11240355162654,0
3.11255864448839,0
3.11271373735024,0
3.11286883021209,0
3.11302392307394,0
3.11317901593579,0
3.11333410879764,0
3.11348920165949,0
3.11364429452134,0
3.1137993873832,0
3.11395448024505,0
3.1141095731069,0
3.11426466596875,0
3.1144197588306,0
3.11457485169245,0
3.1147299445543,0
3.11488503741615,0
3.115040130278,0
3.11519522313985,0
3.11535031600171,0
3.11550540886356,0
3.11566050172541,0
3.11581559458726,0
3.11597068744911,0
3.11612578031096,0
3.11628087317281,0
3.11643596603466,0
3.11659105889651,0
3.11674615175837,0
3.11690124462022,0
3.11705633748207,0
3.11721143034392,0
3.11736652320577,0
3.11752161606762,0
3.11767670892947,0
3.11783180179132,0
3.11798689465317,0
3.11814198751502,0
3.11829708037688,0
3.11845217323873,0
3.11860726610058,0
3.11876235896243,0
3.11891745182428,0
3.11907254468613,0
3.11922763754798,0
3.11938273040983,0
3.11953782327168,0
3.11969291613353,0
3.11984800899539,0
3.12000310185724,0
3.12015819471909,0
3.12031328758094,0
3.12046838044279,0
3.12062347330464,0
3.12077856616649,0
3.12093365902834,0
3.12108875189019,0
3.12124384475205,0
3.1213989376139,0
3.12155403047575,0
3.1217091233376,0
3.12186421619945,0
3.1220193090613,0
3.12217440192315,0
3.122329494785,0
3.12248458764685,0
3.1226396805087,0
3.12279477337056,0
3.12294986623241,0
3.12310495909426,0
3.12326005195611,0
3.12341514481796,0
3.12357023767981,0
3.12372533054166,0
3.12388042340351,0
3.12403551626536,0
3.12419060912721,0
3.12434570198907,0
3.12450079485092,0
3.12465588771277,0
3.12481098057462,0
3.12496607343647,0
3.12512116629832,0
3.12527625916017,0
3.12543135202202,0
3.12558644488387,0
3.12574153774573,0
3.12589663060758,0
3.12605172346943,0
3.12620681633128,0
3.12636190919313,0
3.12651700205498,0
3.12667209491683,0
3.12682718777868,0
3.12698228064053,0
3.12713737350238,0
3.12729246636424,0
3.12744755922609,0
3.12760265208794,0
3.12775774494979,0
3.12791283781164,0
3.12806793067349,0
3.12822302353534,0
3.12837811639719,0
3.12853320925904,0
3.12868830212089,0
3.12884339498275,0
3.1289984878446,0
3.12915358070645,0
3.1293086735683,0
3.12946376643015,0
3.129618859292,0
3.12977395215385,0
3.1299290450157,0
3.13008413787755,0
3.13023923073941,0
3.13039432360126,0
3.13054941646311,0
3.13070450932496,0
3.13085960218681,0
3.13101469504866,0
3.13116978791051,0
3.13132488077236,0
3.13147997363421,0
3.13163506649606,0
3.13179015935792,0
3.13194525221977,0
3.13210034508162,0
3.13225543794347,0
3.13241053080532,0
3.13256562366717,0
3.13272071652902,0
3.13287580939087,0
3.13303090225272,0
3.13318599511457,0
3.13334108797643,0
3.13349618083828,0
3.13365127370013,0
3.13380636656198,0
3.13396145942383,0
3.13411655228568,0
3.13427164514753,0
3.13442673800938,0
3.13458183087123,0
3.13473692373309,0
3.13489201659494,0
3.13504710945679,0
3.13520220231864,0
3.13535729518049,0
3.13551238804234,0
3.13566748090419,0
3.13582257376604,0
3.13597766662789,0
3.13613275948974,0
3.1362878523516,0
3.13644294521345,0
3.1365980380753,0
3.13675313093715,0
3.136908223799,0
3.13706331666085,0
3.1372184095227,0
3.13737350238455,0
3.1375285952464,0
3.13768368810825,0
3.13783878097011,0
3.13799387383196,0
3.13814896669381,0
3.13830405955566,0
3.13845915241751,0
3.13861424527936,0
3.13876933814121,0
3.13892443100306,0
3.13907952386491,0
3.13923461672677,0
3.13938970958862,0
3.13954480245047,0
3.13969989531232,0
3.13985498817417,0
3.14001008103602,0
3.14016517389787,0
3.14032026675972,0
3.14047535962157,0
3.14063045248342,0
3.14078554534528,0
3.14094063820713,0
3.14109573106898,0
3.14125082393083,0
3.14140591679268,0
3.14156100965453,0
3.14171610251638,0
3.14187119537823,0
3.14202628824008,0
3.14218138110193,0
3.14233647396379,0
3.14249156682564,0
3.14264665968749,0
3.14280175254934,0
3.14295684541119,0
3.14311193827304,0
3.14326703113489,0
3.14342212399674,0
3.14357721685859,0
3.14373230972045,0
3.1438874025823,0
3.14404249544415,0
3.144197588306,0
3.14435268116785,0
3.1445077740297,0
3.14466286689155,0
3.1448179597534,0
3.14497305261525,0
3.1451281454771,0
3.14528323833896,0
3.14543833120081,0
3.14559342406266,0
3.14574851692451,0
3.14590360978636,0
3.14605870264821,0
3.14621379551006,0
3.14636888837191,0
3.14652398123376,0
3.14667907409561,0
3.14683416695747,0
3.14698925981932,0
3.14714435268117,0
3.14729944554302,0
3.14745453840487,0
3.14760963126672,0
3.14776472412857,0
3.14791981699042,0
3.14807490985227,0
3.14823000271413,0
3.14838509557598,0
3.14854018843783,0
3.14869528129968,0
3.14885037416153,0
3.14900546702338,0
3.14916055988523,0
3.14931565274708,0
3.14947074560893,0
3.14962583847078,0
3.14978093133264,0
3.14993602419449,0
3.15009111705634,0
3.15024620991819,0
3.15040130278004,0
3.15055639564189,0
3.15071148850374,0
3.15086658136559,0
3.15102167422744,0
3.15117676708929,0
3.15133185995115,0
3.151486952813,0
3.15164204567485,0
3.1517971385367,0
3.15195223139855,0
3.1521073242604,0
3.15226241712225,0
3.1524175099841,0
3.15257260284595,0
3.15272769570781,0
3.15288278856966,0
3.15303788143151,0
3.15319297429336,0
3.15334806715521,0
3.15350316001706,0
3.15365825287891,0
3.15381334574076,0
3.15396843860261,0
3.15412353146446,0
3.15427862432632,0
3.15443371718817,0
3.15458881005002,0
3.15474390291187,0
3.15489899577372,0
3.15505408863557,0
3.15520918149742,0
3.15536427435927,0
3.15551936722112,0
3.15567446008297,0
3.15582955294483,0
3.15598464580668,0
3.15613973866853,0
3.15629483153038,0
3.15644992439223,0
3.15660501725408,0
3.15676011011593,0
3.15691520297778,0
3.15707029583963,0
3.15722538870149,0
3.15738048156334,0
3.15753557442519,0
3.15769066728704,0
3.15784576014889,0
3.15800085301074,0
3.15815594587259,0
3.15831103873444,0
3.15846613159629,0
3.15862122445814,0
3.15877631732,0
3.15893141018185,0
3.1590865030437,0
3.15924159590555,0
3.1593966887674,0
3.15955178162925,0
3.1597068744911,0
3.15986196735295,0
3.1600170602148,0
3.16017215307665,0
3.16032724593851,0
3.16048233880036,0
3.16063743166221,0
3.16079252452406,0
3.16094761738591,0
3.16110271024776,0
3.16125780310961,0
3.16141289597146,0
3.16156798883331,0
3.16172308169517,0
3.16187817455702,0
3.16203326741887,0
3.16218836028072,0
3.16234345314257,0
3.16249854600442,0
3.16265363886627,0
3.16280873172812,0
3.16296382458997,0
3.16311891745182,0
3.16327401031368,0
3.16342910317553,0
3.16358419603738,0
3.16373928889923,0
3.16389438176108,0
3.16404947462293,0
3.16420456748478,0
3.16435966034663,0
3.16451475320848,0
3.16466984607033,0
3.16482493893219,0
3.16498003179404,0
3.16513512465589,0
3.16529021751774,0
3.16544531037959,0
3.16560040324144,0
3.16575549610329,0
3.16591058896514,0
3.16606568182699,0
3.16622077468885,0
3.1663758675507,0
3.16653096041255,0
3.1666860532744,0
3.16684114613625,0
3.1669962389981,0
3.16715133185995,0
3.1673064247218,0
3.16746151758365,0
3.1676166104455,0
3.16777170330736,0
3.16792679616921,0
3.16808188903106,0
3.16823698189291,0
3.16839207475476,0
3.16854716761661,0
3.16870226047846,0
3.16885735334031,0
3.16901244620216,0
3.16916753906401,0
3.16932263192587,0
3.16947772478772,0
3.16963281764957,0
3.16978791051142,0
3.16994300337327,0
3.17009809623512,0
3.17025318909697,0
3.17040828195882,0
3.17056337482067,0
3.17071846768253,0
3.17087356054438,0
3.17102865340623,0
3.17118374626808,0
3.17133883912993,0
3.17149393199178,0
3.17164902485363,0
3.17180411771548,0
3.17195921057733,0
3.17211430343918,0
3.17226939630104,0
3.17242448916289,0
3.17257958202474,0
3.17273467488659,0
3.17288976774844,0
3.17304486061029,0
3.17319995347214,0
3.17335504633399,0
3.17351013919584,0
3.17366523205769,0
3.17382032491955,0
3.1739754177814,0
3.17413051064325,0
3.1742856035051,0
3.17444069636695,0
3.1745957892288,0
3.17475088209065,0
3.1749059749525,0
3.17506106781435,0
3.17521616067621,0
3.17537125353806,0
3.17552634639991,0
3.17568143926176,0
3.17583653212361,0
3.17599162498546,0
3.17614671784731,0
3.17630181070916,0
3.17645690357101,0
3.17661199643286,0
3.17676708929472,0
3.17692218215657,0
3.17707727501842,0
3.17723236788027,0
3.17738746074212,0
3.17754255360397,0
3.17769764646582,0
3.17785273932767,0
3.17800783218952,0
3.17816292505137,0
3.17831801791323,0
3.17847311077508,0
3.17862820363693,0
3.17878329649878,0
3.17893838936063,0
3.17909348222248,0
3.17924857508433,0
3.17940366794618,0
3.17955876080803,0
3.17971385366989,0
3.17986894653174,0
3.18002403939359,0
3.18017913225544,0
3.18033422511729,0
3.18048931797914,0
3.18064441084099,0
3.18079950370284,0
3.18095459656469,0
3.18110968942654,0
3.1812647822884,0
3.18141987515025,0
3.1815749680121,0
3.18173006087395,0
3.1818851537358,0
3.18204024659765,0
3.1821953394595,0
3.18235043232135,0
3.1825055251832,0
3.18266061804505,0
3.18281571090691,0
3.18297080376876,0
3.18312589663061,0
3.18328098949246,0
3.18343608235431,0
3.18359117521616,0
3.18374626807801,0
3.18390136093986,0
3.18405645380171,0
3.18421154666356,0
3.18436663952542,0
3.18452173238727,0
3.18467682524912,0
3.18483191811097,0
3.18498701097282,0
3.18514210383467,0
3.18529719669652,0
3.18545228955837,0
3.18560738242022,0
3.18576247528208,0
3.18591756814393,0
3.18607266100578,0
3.18622775386763,0
3.18638284672948,0
3.18653793959133,0
3.18669303245318,0
3.18684812531503,0
3.18700321817688,0
3.18715831103873,0
3.18731340390059,0
3.18746849676244,0
3.18762358962429,0
3.18777868248614,0
3.18793377534799,0
3.18808886820984,0
3.18824396107169,0
3.18839905393354,0
3.18855414679539,0
3.18870923965724,0
3.1888643325191,0
3.18901942538095,0
3.1891745182428,0
3.18932961110465,0
3.1894847039665,0
3.18963979682835,0
3.1897948896902,0
3.18994998255205,0
3.1901050754139,0
3.19026016827575,0
3.19041526113761,0
3.19057035399946,0
3.19072544686131,0
3.19088053972316,0
3.19103563258501,0
3.19119072544686,0
3.19134581830871,0
3.19150091117056,0
3.19165600403241,0
3.19181109689427,0
3.19196618975612,0
3.19212128261797,0
3.19227637547982,0
3.19243146834167,0
3.19258656120352,0
3.19274165406537,0
3.19289674692722,0
3.19305183978907,0
3.19320693265092,0
3.19336202551278,0
3.19351711837463,0
3.19367221123648,0
3.19382730409833,0
3.19398239696018,0
3.19413748982203,0
3.19429258268388,0
3.19444767554573,0
3.19460276840758,0
3.19475786126943,0
3.19491295413129,0
3.19506804699314,0
3.19522313985499,0
3.19537823271684,0
3.19553332557869,0
3.19568841844054,0
3.19584351130239,0
3.19599860416424,0
3.19615369702609,0
3.19630878988795,0
3.1964638827498,0
3.19661897561165,0
3.1967740684735,0
3.19692916133535,0
3.1970842541972,0
3.19723934705905,0
3.1973944399209,0
3.19754953278275,0
3.1977046256446,0
3.19785971850646,0
3.19801481136831,0
3.19816990423016,0
3.19832499709201,0
3.19848008995386,0
3.19863518281571,0
3.19879027567756,0
3.19894536853941,0
3.19910046140126,0
3.19925555426311,0
3.19941064712497,0
3.19956573998682,0
3.19972083284867,0
3.19987592571052,0
3.20003101857237,0
3.20018611143422,0
3.20034120429607,0
3.20049629715792,0
3.20065139001977,0
3.20080648288163,0
3.20096157574348,0
3.20111666860533,0
3.20127176146718,0
3.20142685432903,0
3.20158194719088,0
3.20173704005273,0
3.20189213291458,0
3.20204722577643,0
3.20220231863828,0
3.20235741150014,0
3.20251250436199,0
3.20266759722384,0
3.20282269008569,0
3.20297778294754,0
3.20313287580939,0
3.20328796867124,0
3.20344306153309,0
3.20359815439494,0
3.20375324725679,0
3.20390834011865,0
3.2040634329805,0
3.20421852584235,0
3.2043736187042,0
3.20452871156605,0
3.2046838044279,0
3.20483889728975,0
3.2049939901516,0
3.20514908301345,0
3.20530417587531,0
3.20545926873716,0
3.20561436159901,0
3.20576945446086,0
3.20592454732271,0
3.20607964018456,0
3.20623473304641,0
3.20638982590826,0
3.20654491877011,0
3.20670001163196,0
3.20685510449382,0
3.20701019735567,0
3.20716529021752,0
3.20732038307937,0
3.20747547594122,0
3.20763056880307,0
3.20778566166492,0
3.20794075452677,0
3.20809584738862,0
3.20825094025047,0
3.20840603311233,0
3.20856112597418,0
3.20871621883603,0
3.20887131169788,0
3.20902640455973,0
3.20918149742158,0
3.20933659028343,0
3.20949168314528,0
3.20964677600713,0
3.20980186886899,0
3.20995696173084,0
3.21011205459269,0
3.21026714745454,0
3.21042224031639,0
3.21057733317824,0
3.21073242604009,0
3.21088751890194,0
3.21104261176379,0
3.21119770462564,0
3.2113527974875,0
3.21150789034935,0
3.2116629832112,0
3.21181807607305,0
3.2119731689349,0
3.21212826179675,0
3.2122833546586,0
3.21243844752045,0
3.2125935403823,0
3.21274863324415,0
3.21290372610601,0
3.21305881896786,0
3.21321391182971,0
3.21336900469156,0
3.21352409755341,0
3.21367919041526,0
3.21383428327711,0
3.21398937613896,0
3.21414446900081,0
3.21429956186267,0
3.21445465472452,0
3.21460974758637,0
3.21476484044822,0
3.21491993331007,0
3.21507502617192,0
3.21523011903377,0
3.21538521189562,0
3.21554030475747,0
3.21569539761932,0
3.21585049048118,0
3.21600558334303,0
3.21616067620488,0
3.21631576906673,0
3.21647086192858,0
3.21662595479043,0
3.21678104765228,0
3.21693614051413,0
3.21709123337598,0
3.21724632623783,0
3.21740141909969,0
3.21755651196154,0
3.21771160482339,0
3.21786669768524,0
3.21802179054709,0
3.21817688340894,0
3.21833197627079,0
3.21848706913264,0
3.21864216199449,0
3.21879725485635,0
3.2189523477182,0
3.21910744058005,0
3.2192625334419,0
3.21941762630375,0
3.2195727191656,0
3.21972781202745,0
3.2198829048893,0
3.22003799775115,0
3.220193090613,0
3.22034818347486,0
3.22050327633671,0
3.22065836919856,0
3.22081346206041,0
3.22096855492226,0
3.22112364778411,0
3.22127874064596,0
3.22143383350781,0
3.22158892636966,0
3.22174401923151,0
3.22189911209337,0
3.22205420495522,0
3.22220929781707,0
3.22236439067892,0
3.22251948354077,0
3.22267457640262,0
3.22282966926447,0
3.22298476212632,0
3.22313985498817,0
3.22329494785003,0
3.22345004071188,0
3.22360513357373,0
3.22376022643558,0
3.22391531929743,0
3.22407041215928,0
3.22422550502113,0
3.22438059788298,0
3.22453569074483,0
3.22469078360668,0
3.22484587646854,0
3.22500096933039,0
3.22515606219224,0
3.22531115505409,0
3.22546624791594,0
3.22562134077779,0
3.22577643363964,0
3.22593152650149,0
3.22608661936334,0
3.22624171222519,0
3.22639680508705,0
3.2265518979489,0
3.22670699081075,0
3.2268620836726,0
3.22701717653445,0
3.2271722693963,0
3.22732736225815,0
3.22748245512,0
3.22763754798185,0
3.22779264084371,0
3.22794773370556,0
3.22810282656741,0
3.22825791942926,0
3.22841301229111,0
3.22856810515296,0
3.22872319801481,0
3.22887829087666,0
3.22903338373851,0
3.22918847660036,0
3.22934356946222,0
3.22949866232407,0
3.22965375518592,0
3.22980884804777,0
3.22996394090962,0
3.23011903377147,0
3.23027412663332,0
3.23042921949517,0
3.23058431235702,0
3.23073940521887,0
3.23089449808073,0
3.23104959094258,0
3.23120468380443,0
3.23135977666628,0
3.23151486952813,0
3.23166996238998,0
3.23182505525183,0
3.23198014811368,0
3.23213524097553,0
3.23229033383739,0
3.23244542669924,0
3.23260051956109,0
3.23275561242294,0
3.23291070528479,0
3.23306579814664,0
3.23322089100849,0
3.23337598387034,0
3.23353107673219,0
3.23368616959404,0
3.2338412624559,0
3.23399635531775,0
3.2341514481796,0
3.23430654104145,0
3.2344616339033,0
3.23461672676515,0
3.234771819627,0
3.23492691248885,0
3.2350820053507,0
3.23523709821255,0
3.23539219107441,0
3.23554728393626,0
3.23570237679811,0
3.23585746965996,0
3.23601256252181,0
3.23616765538366,0
3.23632274824551,0
3.23647784110736,0
3.23663293396921,0
3.23678802683107,0
3.23694311969292,0
3.23709821255477,0
3.23725330541662,0
3.23740839827847,0
3.23756349114032,0
3.23771858400217,0
3.23787367686402,0
3.23802876972587,0
3.23818386258772,0
3.23833895544958,0
3.23849404831143,0
3.23864914117328,0
3.23880423403513,0
3.23895932689698,0
3.23911441975883,0
3.23926951262068,0
3.23942460548253,0
3.23957969834438,0
3.23973479120623,0
3.23988988406809,0
3.24004497692994,0
3.24020006979179,0
3.24035516265364,0
3.24051025551549,0
3.24066534837734,0
3.24082044123919,0
3.24097553410104,0
3.24113062696289,0
3.24128571982475,0
3.2414408126866,0
3.24159590554845,0
3.2417509984103,0
3.24190609127215,0
3.242061184134,0
3.24221627699585,0
3.2423713698577,0
3.24252646271955,0
3.2426815555814,0
3.24283664844326,0
3.24299174130511,0
3.24314683416696,0
3.24330192702881,0
3.24345701989066,0
3.24361211275251,0
3.24376720561436,0
3.24392229847621,0
3.24407739133806,0
3.24423248419991,0
3.24438757706177,0
3.24454266992362,0
3.24469776278547,0
3.24485285564732,0
3.24500794850917,0
3.24516304137102,0
3.24531813423287,0
3.24547322709472,0
3.24562831995657,0
3.24578341281843,0
3.24593850568028,0
3.24609359854213,0
3.24624869140398,0
3.24640378426583,0
3.24655887712768,0
3.24671396998953,0
3.24686906285138,0
3.24702415571323,0
3.24717924857508,0
3.24733434143694,0
3.24748943429879,0
3.24764452716064,0
3.24779962002249,0
3.24795471288434,0
3.24810980574619,0
3.24826489860804,0
3.24841999146989,0
3.24857508433174,0
3.24873017719359,0
3.24888527005545,0
3.2490403629173,0
3.24919545577915,0
3.249350548641,0
3.24950564150285,0
3.2496607343647,0
3.24981582722655,0
3.2499709200884,0
3.25012601295025,0
3.25028110581211,0
3.25043619867396,0
3.25059129153581,0
3.25074638439766,0
3.25090147725951,0
3.25105657012136,0
3.25121166298321,0
3.25136675584506,0
3.25152184870691,0
3.25167694156876,0
3.25183203443062,0
3.25198712729247,0
3.25214222015432,0
3.25229731301617,0
3.25245240587802,0
3.25260749873987,0
3.25276259160172,0
3.25291768446357,0
3.25307277732542,0
3.25322787018727,0
3.25338296304913,0
3.25353805591098,0
3.25369314877283,0
3.25384824163468,0
3.25400333449653,0
3.25415842735838,0
3.25431352022023,0
3.25446861308208,0
3.25462370594393,0
3.25477879880579,0
3.25493389166764,0
3.25508898452949,0
3.25524407739134,0
3.25539917025319,0
3.25555426311504,0
3.25570935597689,0
3.25586444883874,0
3.25601954170059,0
3.25617463456244,0
3.2563297274243,0
3.25648482028615,0
3.256639913148,0
3.25679500600985,0
3.2569500988717,0
3.25710519173355,0
3.2572602845954,0
3.25741537745725,0
3.2575704703191,0
3.25772556318095,0
3.25788065604281,0
3.25803574890466,0
3.25819084176651,0
3.25834593462836,0
3.25850102749021,0
3.25865612035206,0
3.25881121321391,0
3.25896630607576,0
3.25912139893761,31.9513902643464
3.25927649179946,0
3.25943158466132,0
3.25958667752317,0
3.25974177038502,0
3.25989686324687,0
3.26005195610872,0
3.26020704897057,0
3.26036214183242,0
3.26051723469427,0
3.26067232755612,0
3.26082742041798,0
3.26098251327983,0
3.26113760614168,0
3.26129269900353,0
3.26144779186538,0
3.26160288472723,0
3.26175797758908,0
3.26191307045093,0
3.26206816331278,0
3.26222325617463,0
3.26237834903649,0
3.26253344189834,0
3.26268853476019,0
3.26284362762204,0
3.26299872048389,0
3.26315381334574,0
3.26330890620759,0
3.26346399906944,0
3.26361909193129,0
3.26377418479314,0
3.263929277655,0
3.26408437051685,0
3.2642394633787,0
3.26439455624055,0
3.2645496491024,0
3.26470474196425,0
3.2648598348261,0
3.26501492768795,0
3.2651700205498,0
3.26532511341166,0
3.26548020627351,0
3.26563529913536,0
3.26579039199721,0
3.26594548485906,0
3.26610057772091,0
3.26625567058276,0
3.26641076344461,0
3.26656585630646,0
3.26672094916831,0
3.26687604203017,0
3.26703113489202,0
3.26718622775387,0
3.26734132061572,0
3.26749641347757,0
3.26765150633942,0
3.26780659920127,0
3.26796169206312,0
3.26811678492497,0
3.26827187778682,0
3.26842697064868,0
3.26858206351053,0
3.26873715637238,0
3.26889224923423,0
3.26904734209608,0
3.26920243495793,0
3.26935752781978,0
3.26951262068163,0
3.26966771354348,0
3.26982280640534,0
3.26997789926719,0
3.27013299212904,0
3.27028808499089,0
3.27044317785274,0
3.27059827071459,0
3.27075336357644,0
3.27090845643829,0
3.27106354930014,0
3.27121864216199,0
3.27137373502385,0
3.2715288278857,0
3.27168392074755,0
3.2718390136094,0
3.27199410647125,0
3.2721491993331,0
3.27230429219495,0
3.2724593850568,0
3.27261447791865,0
3.2727695707805,0
3.27292466364236,0
3.27307975650421,0
3.27323484936606,0
3.27338994222791,0
3.27354503508976,0
3.27370012795161,0
3.27385522081346,0
3.27401031367531,0
3.27416540653716,0
3.27432049939902,0
3.27447559226087,0
3.27463068512272,0
3.27478577798457,0
3.27494087084642,0
3.27509596370827,0
3.27525105657012,0
3.27540614943197,0
3.27556124229382,0
3.27571633515567,0
3.27587142801753,0
3.27602652087938,0
3.27618161374123,0
3.27633670660308,0
3.27649179946493,0
3.27664689232678,0
3.27680198518863,0
3.27695707805048,0
3.27711217091233,0
3.27726726377418,0
3.27742235663604,0
3.27757744949789,0
3.27773254235974,0
3.27788763522159,0
3.27804272808344,0
3.27819782094529,0
3.27835291380714,0
3.27850800666899,0
3.27866309953084,0
3.2788181923927,0
3.27897328525455,0
3.2791283781164,0
3.27928347097825,0
3.2794385638401,0
3.27959365670195,0
3.2797487495638,0
3.27990384242565,0
3.2800589352875,0
3.28021402814935,0
3.28036912101121,0
3.28052421387306,0
3.28067930673491,0
3.28083439959676,0
3.28098949245861,0
3.28114458532046,0
3.28129967818231,0
3.28145477104416,0
3.28160986390601,0
3.28176495676786,0
3.28192004962972,0
3.28207514249157,0
3.28223023535342,0
3.28238532821527,0
3.28254042107712,0
3.28269551393897,0
3.28285060680082,0
3.28300569966267,0
3.28316079252452,0
3.28331588538638,0
3.28347097824823,0
3.28362607111008,0
3.28378116397193,0
3.28393625683378,0
3.28409134969563,0
3.28424644255748,0
3.28440153541933,0
3.28455662828118,0
3.28471172114303,0
3.28486681400489,0
3.28502190686674,0
3.28517699972859,0
3.28533209259044,0
3.28548718545229,0
3.28564227831414,0
3.28579737117599,0
3.28595246403784,0
3.28610755689969,0
3.28626264976154,0
3.2864177426234,0
3.28657283548525,0
3.2867279283471,0
3.28688302120895,0
3.2870381140708,0
3.28719320693265,0
3.2873482997945,0
3.28750339265635,0
3.2876584855182,0
3.28781357838006,0
3.28796867124191,0
3.28812376410376,0
3.28827885696561,0
3.28843394982746,0
3.28858904268931,0
3.28874413555116,0
3.28889922841301,0
3.28905432127486,0
3.28920941413671,0
3.28936450699857,0
3.28951959986042,0
3.28967469272227,0
3.28982978558412,0
3.28998487844597,0
3.29013997130782,0
3.29029506416967,0
3.29045015703152,0
3.29060524989337,0
3.29076034275522,0
3.29091543561708,0
3.29107052847893,0
3.29122562134078,0
3.29138071420263,0
3.29153580706448,0
3.29169089992633,0
3.29184599278818,0
3.29200108565003,0
3.29215617851188,0
3.29231127137373,0
3.29246636423559,0
3.29262145709744,0
3.29277654995929,0
3.29293164282114,0
3.29308673568299,0
3.29324182854484,0
3.29339692140669,0
3.29355201426854,0
3.29370710713039,0
3.29386219999225,0
3.2940172928541,0
3.29417238571595,0
3.2943274785778,0
3.29448257143965,0
3.2946376643015,0
3.29479275716335,0
3.2949478500252,0
3.29510294288705,0
3.2952580357489,0
3.29541312861076,0
3.29556822147261,0
3.29572331433446,0
3.29587840719631,0
3.29603350005816,0
3.29618859292001,0
3.29634368578186,0
3.29649877864371,0
3.29665387150556,0
3.29680896436741,0
3.29696405722927,0
3.29711915009112,0
3.29727424295297,0
3.29742933581482,0
3.29758442867667,0
3.29773952153852,0
3.29789461440037,0
3.29804970726222,0
3.29820480012407,0
3.29835989298593,0
3.29851498584778,0
3.29867007870963,0
3.29882517157148,0
3.29898026443333,0
3.29913535729518,0
3.29929045015703,0
3.29944554301888,0
3.29960063588073,0
3.29975572874258,0
3.29991082160444,0
3.30006591446629,0
3.30022100732814,0
3.30037610018999,0
3.30053119305184,0
3.30068628591369,0
3.30084137877554,0
3.30099647163739,0
3.30115156449924,0
3.30130665736109,0
3.30146175022295,0
3.3016168430848,0
3.30177193594665,0
3.3019270288085,0
3.30208212167035,0
3.3022372145322,0
3.30239230739405,0
3.3025474002559,0
3.30270249311775,0
3.30285758597961,0
3.30301267884146,0
3.30316777170331,0
3.30332286456516,0
3.30347795742701,0
3.30363305028886,0
3.30378814315071,0
3.30394323601256,0
3.30409832887441,0
3.30425342173626,0
3.30440851459812,0
3.30456360745997,0
3.30471870032182,0
3.30487379318367,0
3.30502888604552,0
3.30518397890737,0
3.30533907176922,0
3.30549416463107,0
3.30564925749292,0
3.30580435035477,0
3.30595944321663,0
3.30611453607848,0
3.30626962894033,0
3.30642472180218,0
3.30657981466403,0
3.30673490752588,0
3.30689000038773,0
3.30704509324958,0
3.30720018611143,0
3.30735527897329,0
3.30751037183514,0
3.30766546469699,0
3.30782055755884,0
3.30797565042069,0
3.30813074328254,0
3.30828583614439,0
3.30844092900624,0
3.30859602186809,0
3.30875111472994,0
3.3089062075918,0
3.30906130045365,0
3.3092163933155,0
3.30937148617735,0
3.3095265790392,0
3.30968167190105,0
3.3098367647629,0
3.30999185762475,0
3.3101469504866,0
3.31030204334845,0
3.31045713621031,0
3.31061222907216,0
3.31076732193401,0
3.31092241479586,0
3.31107750765771,0
3.31123260051956,0
3.31138769338141,0
3.31154278624326,0
3.31169787910511,0
3.31185297196697,0
3.31200806482882,0
3.31216315769067,0
3.31231825055252,0
3.31247334341437,0
3.31262843627622,0
3.31278352913807,0
3.31293862199992,0
3.31309371486177,0
3.31324880772362,0
3.31340390058548,0
3.31355899344733,0
3.31371408630918,0
3.31386917917103,0
3.31402427203288,0
3.31417936489473,0
3.31433445775658,0
3.31448955061843,0
3.31464464348028,0
3.31479973634213,0
3.31495482920399,0
3.31510992206584,0
3.31526501492769,0
3.31542010778954,0
3.31557520065139,0
3.31573029351324,0
3.31588538637509,0
3.31604047923694,0
3.31619557209879,0
3.31635066496065,0
3.3165057578225,0
3.31666085068435,0
3.3168159435462,0
3.31697103640805,0
3.3171261292699,0
3.31728122213175,0
3.3174363149936,0
3.31759140785545,0
3.3177465007173,0
3.31790159357916,0
3.31805668644101,0
3.31821177930286,0
3.31836687216471,0
3.31852196502656,0
3.31867705788841,0
3.31883215075026,0
3.31898724361211,0
3.31914233647396,0
3.31929742933581,0
3.31945252219767,0
3.31960761505952,0
3.31976270792137,0
3.31991780078322,0
3.32007289364507,0
3.32022798650692,0
3.32038307936877,0
3.32053817223062,0
3.32069326509247,0
3.32084835795433,0
3.32100345081618,0
3.32115854367803,0
3.32131363653988,0
3.32146872940173,0
3.32162382226358,0
3.32177891512543,0
3.32193400798728,0
3.32208910084913,0
3.32224419371098,0
3.32239928657284,0
3.32255437943469,0
3.32270947229654,0
3.32286456515839,0
3.32301965802024,0
3.32317475088209,0
3.32332984374394,0
3.32348493660579,0
3.32364002946764,0
3.32379512232949,0
3.32395021519135,0
3.3241053080532,0
3.32426040091505,0
3.3244154937769,0
3.32457058663875,0
3.3247256795006,0
3.32488077236245,0
3.3250358652243,0
3.32519095808615,0
3.32534605094801,0
3.32550114380986,0
3.32565623667171,0
3.32581132953356,0
3.32596642239541,0
3.32612151525726,0
3.32627660811911,0
3.32643170098096,0
3.32658679384281,0
3.32674188670466,0
3.32689697956652,0
3.32705207242837,0
3.32720716529022,0
3.32736225815207,0
3.32751735101392,0
3.32767244387577,0
3.32782753673762,0
3.32798262959947,0
3.32813772246132,0
3.32829281532317,0
3.32844790818503,0
3.32860300104688,0
3.32875809390873,0
3.32891318677058,0
3.32906827963243,0
3.32922337249428,0
3.32937846535613,0
3.32953355821798,0
3.32968865107983,0
3.32984374394169,0
3.32999883680354,0
3.33015392966539,0
3.33030902252724,0
3.33046411538909,0
3.33061920825094,0
3.33077430111279,0
3.33092939397464,0
3.33108448683649,0
3.33123957969834,0
3.3313946725602,0
3.33154976542205,0
3.3317048582839,0
3.33185995114575,0
3.3320150440076,0
3.33217013686945,0
3.3323252297313,0
3.33248032259315,0
3.332635415455,0
3.33279050831685,0
3.33294560117871,0
3.33310069404056,0
3.33325578690241,0
3.33341087976426,0
3.33356597262611,0
3.33372106548796,0
3.33387615834981,0
3.33403125121166,0
3.33418634407351,0
3.33434143693536,0
3.33449652979722,0
3.33465162265907,0
3.33480671552092,0
3.33496180838277,0
3.33511690124462,0
3.33527199410647,0
3.33542708696832,0
3.33558217983017,0
3.33573727269202,0
3.33589236555388,0
3.33604745841573,0
3.33620255127758,0
3.33635764413943,0
3.33651273700128,0
3.33666782986313,0
3.33682292272498,0
3.33697801558683,0
3.33713310844868,0
3.33728820131053,0
3.33744329417239,0
3.33759838703424,0
3.33775347989609,0
3.33790857275794,0
3.33806366561979,0
3.33821875848164,0
3.33837385134349,0
3.33852894420534,0
3.33868403706719,0
3.33883912992904,0
3.3389942227909,0
3.33914931565275,0
3.3393044085146,0
3.33945950137645,0
3.3396145942383,0
3.33976968710015,0
3.339924779962,0
3.34007987282385,0
3.3402349656857,0
3.34039005854756,0
3.34054515140941,0
3.34070024427126,0
3.34085533713311,0
3.34101042999496,0
3.34116552285681,0
3.34132061571866,0
3.34147570858051,0
3.34163080144236,0
3.34178589430421,0
3.34194098716607,0
3.34209608002792,0
3.34225117288977,0
3.34240626575162,0
3.34256135861347,0
3.34271645147532,0
3.34287154433717,0
3.34302663719902,0
3.34318173006087,0
3.34333682292272,0
3.34349191578458,0
3.34364700864643,0
3.34380210150828,0
3.34395719437013,0
3.34411228723198,0
3.34426738009383,0
3.34442247295568,0
3.34457756581753,0
3.34473265867938,0
3.34488775154124,0
3.34504284440309,0
3.34519793726494,0
3.34535303012679,0
3.34550812298864,0
3.34566321585049,0
3.34581830871234,0
3.34597340157419,0
3.34612849443604,0
3.34628358729789,0
3.34643868015975,0
3.3465937730216,0
3.34674886588345,0
3.3469039587453,0
3.34705905160715,0
3.347214144469,0
3.34736923733085,0
3.3475243301927,0
3.34767942305455,0
3.3478345159164,0
3.34798960877826,0
3.34814470164011,0
3.34829979450196,39.9625156403999
3.34845488736381,0
3.34860998022566,0
3.34876507308751,0
3.34892016594936,0
3.34907525881121,0
3.34923035167306,0
3.34938544453492,0
3.34954053739677,0
3.34969563025862,0
3.34985072312047,0
3.35000581598232,0
3.35016090884417,0
3.35031600170602,0
3.35047109456787,0
3.35062618742972,0
3.35078128029157,0
3.35093637315343,0
3.35109146601528,0
3.35124655887713,0
3.35140165173898,0
3.35155674460083,0
3.35171183746268,0
3.35186693032453,0
3.35202202318638,0
3.35217711604823,0
3.35233220891008,0
3.35248730177194,0
3.35264239463379,0
3.35279748749564,0
3.35295258035749,0
3.35310767321934,0
3.35326276608119,0
3.35341785894304,0
3.35357295180489,0
3.35372804466674,0
3.3538831375286,0
3.35403823039045,0
3.3541933232523,0
3.35434841611415,0
3.354503508976,0
3.35465860183785,0
3.3548136946997,0
3.35496878756155,0
3.3551238804234,0
3.35527897328525,0
3.35543406614711,0
3.35558915900896,0
3.35574425187081,0
3.35589934473266,0
3.35605443759451,0
3.35620953045636,0
3.35636462331821,0
3.35651971618006,0
3.35667480904191,0
3.35682990190376,0
3.35698499476562,0
3.35714008762747,0
3.35729518048932,0
3.35745027335117,0
3.35760536621302,0
3.35776045907487,0
3.35791555193672,0
3.35807064479857,0
3.35822573766042,0
3.35838083052228,0
3.35853592338413,0
3.35869101624598,0
3.35884610910783,0
3.35900120196968,0
3.35915629483153,0
3.35931138769338,0
3.35946648055523,0
3.35962157341708,0
3.35977666627893,0
3.35993175914079,0
3.36008685200264,0
3.36024194486449,0
3.36039703772634,0
3.36055213058819,0
3.36070722345004,0
3.36086231631189,0
3.36101740917374,0
3.36117250203559,0
3.36132759489744,0
3.3614826877593,0
3.36163778062115,0
3.361792873483,0
3.36194796634485,0
3.3621030592067,0
3.36225815206855,0
3.3624132449304,0
3.36256833779225,0
3.3627234306541,0
3.36287852351596,0
3.36303361637781,0
3.36318870923966,0
3.36334380210151,0
3.36349889496336,0
3.36365398782521,0
3.36380908068706,0
3.36396417354891,0
3.36411926641076,0
3.36427435927261,0
3.36442945213447,0
3.36458454499632,0
3.36473963785817,0
3.36489473072002,0
3.36504982358187,0
3.36520491644372,0
3.36536000930557,0
3.36551510216742,0
3.36567019502927,0
3.36582528789112,0
3.36598038075298,0
3.36613547361483,0
3.36629056647668,0
3.36644565933853,0
3.36660075220038,0
3.36675584506223,0
3.36691093792408,0
3.36706603078593,0
3.36722112364778,0
3.36737621650964,0
3.36753130937149,0
3.36768640223334,0
3.36784149509519,0
3.36799658795704,0
3.36815168081889,0
3.36830677368074,0
3.36846186654259,0
3.36861695940444,0
3.36877205226629,0
3.36892714512815,0
3.36908223799,0
3.36923733085185,0
3.3693924237137,0
3.36954751657555,0
3.3697026094374,0
3.36985770229925,0
3.3700127951611,0
3.37016788802295,0
3.3703229808848,0
3.37047807374666,0
3.37063316660851,0
3.37078825947036,0
3.37094335233221,0
3.37109844519406,0
3.37125353805591,0
3.37140863091776,0
3.37156372377961,0
3.37171881664146,0
3.37187390950332,0
3.37202900236517,0
3.37218409522702,0
3.37233918808887,0
3.37249428095072,0
3.37264937381257,0
3.37280446667442,0
3.37295955953627,0
3.37311465239812,0
3.37326974525997,0
3.37342483812183,0
3.37357993098368,0
3.37373502384553,0
3.37389011670738,0
3.37404520956923,0
3.37420030243108,0
3.37435539529293,0
3.37451048815478,0
3.37466558101663,0
3.37482067387848,0
3.37497576674034,0
3.37513085960219,0
3.37528595246404,0
3.37544104532589,0
3.37559613818774,0
3.37575123104959,0
3.37590632391144,0
3.37606141677329,0
3.37621650963514,0
3.376371602497,0
3.37652669535885,0
3.3766817882207,0
3.37683688108255,0
3.3769919739444,0
3.37714706680625,0
3.3773021596681,0
3.37745725252995,0
3.3776123453918,0
3.37776743825365,0
3.37792253111551,0
3.37807762397736,0
3.37823271683921,0
3.37838780970106,0
3.37854290256291,0
3.37869799542476,0
3.37885308828661,0
3.37900818114846,0
3.37916327401031,0
3.37931836687216,0
3.37947345973402,0
3.37962855259587,0
3.37978364545772,0
3.37993873831957,0
3.38009383118142,0
3.38024892404327,0
3.38040401690512,0
3.38055910976697,0
3.38071420262882,0
3.38086929549068,0
3.38102438835253,0
3.38117948121438,0
3.38133457407623,0
3.38148966693808,0
3.38164475979993,0
3.38179985266178,0
3.38195494552363,0
3.38211003838548,0
3.38226513124733,0
3.38242022410919,0
3.38257531697104,0
3.38273040983289,0
3.38288550269474,0
3.38304059555659,0
3.38319568841844,0
3.38335078128029,0
3.38350587414214,0
3.38366096700399,0
3.38381605986584,0
3.3839711527277,0
3.38412624558955,0
3.3842813384514,0
3.38443643131325,0
3.3845915241751,0
3.38474661703695,0
3.3849017098988,0
3.38505680276065,0
3.3852118956225,0
3.38536698848436,0
3.38552208134621,0
3.38567717420806,0
3.38583226706991,0
3.38598735993176,0
3.38614245279361,0
3.38629754565546,0
3.38645263851731,0
3.38660773137916,0
3.38676282424101,0
3.38691791710287,0
3.38707300996472,0
3.38722810282657,0
3.38738319568842,0
3.38753828855027,0
3.38769338141212,0
3.38784847427397,0
3.38800356713582,0
3.38815865999767,0
3.38831375285952,0
3.38846884572138,0
3.38862393858323,0
3.38877903144508,0
3.38893412430693,0
3.38908921716878,0
3.38924431003063,0
3.38939940289248,0
3.38955449575433,0
3.38970958861618,0
3.38986468147804,0
3.39001977433989,0
3.39017486720174,0
3.39032996006359,0
3.39048505292544,0
3.39064014578729,0
3.39079523864914,0
3.39095033151099,0
3.39110542437284,0
3.39126051723469,0
3.39141561009655,0
3.3915707029584,0
3.39172579582025,0
3.3918808886821,0
3.39203598154395,0
3.3921910744058,0
3.39234616726765,0
3.3925012601295,0
3.39265635299135,0
3.3928114458532,0
3.39296653871506,0
3.39312163157691,0
3.39327672443876,0
3.39343181730061,0
3.39358691016246,0
3.39374200302431,0
3.39389709588616,0
3.39405218874801,0
3.39420728160986,0
3.39436237447172,0
3.39451746733357,0
3.39467256019542,0
3.39482765305727,0
3.39498274591912,0
3.39513783878097,0
3.39529293164282,0
3.39544802450467,0
3.39560311736652,0
3.39575821022837,0
3.39591330309023,0
3.39606839595208,0
3.39622348881393,0
3.39637858167578,0
3.39653367453763,0
3.39668876739948,0
3.39684386026133,0
3.39699895312318,0
3.39715404598503,0
3.39730913884688,0
3.39746423170874,0
3.39761932457059,0
3.39777441743244,0
3.39792951029429,0
3.39808460315614,0
3.39823969601799,0
3.39839478887984,0
3.39854988174169,0
3.39870497460354,0
3.3988600674654,0
3.39901516032725,0
3.3991702531891,0
3.39932534605095,0
3.3994804389128,0
3.39963553177465,0
3.3997906246365,0
3.39994571749835,0
3.4001008103602,0
3.40025590322205,0
3.40041099608391,0
3.40056608894576,0
3.40072118180761,0
3.40087627466946,0
3.40103136753131,0
3.40118646039316,0
3.40134155325501,0
3.40149664611686,0
3.40165173897871,0
3.40180683184056,0
3.40196192470242,0
3.40211701756427,0
3.40227211042612,0
3.40242720328797,0
3.40258229614982,0
3.40273738901167,0
3.40289248187352,0
3.40304757473537,0
3.40320266759722,0
3.40335776045908,0
3.40351285332093,0
3.40366794618278,0
3.40382303904463,0
3.40397813190648,0
3.40413322476833,0
3.40428831763018,0
3.40444341049203,0
3.40459850335388,0
3.40475359621573,0
3.40490868907759,0
3.40506378193944,0
3.40521887480129,0
3.40537396766314,0
3.40552906052499,0
3.40568415338684,0
3.40583924624869,0
3.40599433911054,0
3.40614943197239,0
3.40630452483424,0
3.4064596176961,0
3.40661471055795,0
3.4067698034198,0
3.40692489628165,0
3.4070799891435,0
3.40723508200535,0
3.4073901748672,0
3.40754526772905,0
3.4077003605909,0
3.40785545345275,0
3.40801054631461,0
3.40816563917646,0
3.40832073203831,0
3.40847582490016,0
3.40863091776201,0
3.40878601062386,0
3.40894110348571,0
3.40909619634756,0
3.40925128920941,0
3.40940638207127,0
3.40956147493312,0
3.40971656779497,0
3.40987166065682,0
3.41002675351867,0
3.41018184638052,0
3.41033693924237,0
3.41049203210422,0
3.41064712496607,0
3.41080221782792,0
3.41095731068978,0
3.41111240355163,0
3.41126749641348,0
3.41142258927533,0
3.41157768213718,0
3.41173277499903,0
3.41188786786088,0
3.41204296072273,0
3.41219805358458,0
3.41235314644643,0
3.41250823930829,0
3.41266333217014,0
3.41281842503199,0
3.41297351789384,0
3.41312861075569,0
3.41328370361754,0
3.41343879647939,0
3.41359388934124,0
3.41374898220309,0
3.41390407506494,0
3.4140591679268,0
3.41421426078865,0
3.4143693536505,0
3.41452444651235,0
3.4146795393742,0
3.41483463223605,0
3.4149897250979,0
3.41514481795975,0
3.4152999108216,0
3.41545500368346,0
3.41561009654531,0
3.41576518940716,0
3.41592028226901,0
3.41607537513086,0
3.41623046799271,0
3.41638556085456,0
3.41654065371641,0
3.41669574657826,0
3.41685083944011,0
3.41700593230197,0
3.41716102516382,0
3.41731611802567,0
3.41747121088752,0
3.41762630374937,0
3.41778139661122,0
3.41793648947307,0
3.41809158233492,0
3.41824667519677,0
3.41840176805862,0
3.41855686092048,0
3.41871195378233,0
3.41886704664418,0
3.41902213950603,0
3.41917723236788,0
3.41933232522973,0
3.41948741809158,0
3.41964251095343,0
3.41979760381528,0
3.41995269667714,0
3.42010778953899,0
3.42026288240084,0
3.42041797526269,0
3.42057306812454,0
3.42072816098639,0
3.42088325384824,0
3.42103834671009,0
3.42119343957194,0
3.42134853243379,0
3.42150362529565,0
3.4216587181575,0
3.42181381101935,0
3.4219689038812,0
3.42212399674305,0
3.4222790896049,0
3.42243418246675,0
3.4225892753286,0
3.42274436819045,0
3.4228994610523,0
3.42305455391416,0
3.42320964677601,0
3.42336473963786,0
3.42351983249971,0
3.42367492536156,0
3.42383001822341,0
3.42398511108526,0
3.42414020394711,0
3.42429529680896,0
3.42445038967082,0
3.42460548253267,0
3.42476057539452,0
3.42491566825637,0
3.42507076111822,0
3.42522585398007,0
3.42538094684192,0
3.42553603970377,0
3.42569113256562,0
3.42584622542747,0
3.42600131828933,0
3.42615641115118,0
3.42631150401303,0
3.42646659687488,0
3.42662168973673,0
3.42677678259858,0
3.42693187546043,0
3.42708696832228,0
3.42724206118413,0
3.42739715404598,0
3.42755224690784,0
3.42770733976969,0
3.42786243263154,0
3.42801752549339,0
3.42817261835524,0
3.42832771121709,0
3.42848280407894,0
3.42863789694079,0
3.42879298980264,0
3.4289480826645,0
3.42910317552635,0
3.4292582683882,0
3.42941336125005,0
3.4295684541119,0
3.42972354697375,0
3.4298786398356,0
3.43003373269745,0
3.4301888255593,0
3.43034391842115,0
3.43049901128301,0
3.43065410414486,0
3.43080919700671,0
3.43096428986856,0
3.43111938273041,0
3.43127447559226,0
3.43142956845411,0
3.43158466131596,0
3.43173975417781,0
3.43189484703966,0
3.43204993990152,0
3.43220503276337,0
3.43236012562522,0
3.43251521848707,0
3.43267031134892,0
3.43282540421077,0
3.43298049707262,0
3.43313558993447,0
3.43329068279632,0
3.43344577565818,0
3.43360086852003,0
3.43375596138188,0
3.43391105424373,0
3.43406614710558,0
3.43422123996743,0
3.43437633282928,0
3.43453142569113,0
3.43468651855298,0
3.43484161141483,0
3.43499670427669,0
3.43515179713854,0
3.43530689000039,0
3.43546198286224,0
3.43561707572409,0
3.43577216858594,0
3.43592726144779,0
3.43608235430964,0
3.43623744717149,0
3.43639254003334,0
3.4365476328952,0
3.43670272575705,0
3.4368578186189,0
3.43701291148075,0
3.4371680043426,0
3.43732309720445,0
3.4374781900663,0
3.43763328292815,0
3.43778837579,0
3.43794346865186,0
3.43809856151371,0
3.43825365437556,0
3.43840874723741,0
3.43856384009926,0
3.43871893296111,0
3.43887402582296,0
3.43902911868481,0
3.43918421154666,0
3.43933930440851,0
3.43949439727037,0
3.43964949013222,0
3.43980458299407,0
3.43995967585592,0
3.44011476871777,0
3.44026986157962,0
3.44042495444147,0
3.44058004730332,0
3.44073514016517,0
3.44089023302702,0
3.44104532588888,0
3.44120041875073,0
3.44135551161258,0
3.44151060447443,0
3.44166569733628,0
3.44182079019813,0
3.44197588305998,0
3.44213097592183,0
3.44228606878368,0
3.44244116164554,0
3.44259625450739,0
3.44275134736924,0
3.44290644023109,0
3.44306153309294,0
3.44321662595479,0
3.44337171881664,0
3.44352681167849,0
3.44368190454034,0
3.44383699740219,0
3.44399209026405,0
3.4441471831259,0
3.44430227598775,0
3.4444573688496,0
3.44461246171145,0
3.4447675545733,0
3.44492264743515,0
3.445077740297,0
3.44523283315885,0
3.4453879260207,0
3.44554301888256,0
3.44569811174441,0
3.44585320460626,0
3.44600829746811,0
3.44616339032996,0
3.44631848319181,0
3.44647357605366,0
3.44662866891551,0
3.44678376177736,0
3.44693885463922,0
3.44709394750107,0
3.44724904036292,0
3.44740413322477,0
3.44755922608662,0
3.44771431894847,0
3.44786941181032,0
3.44802450467217,0
3.44817959753402,0
3.44833469039587,0
3.44848978325773,0
3.44864487611958,0
3.44879996898143,0
3.44895506184328,0
3.44911015470513,0
3.44926524756698,0
3.44942034042883,0
3.44957543329068,0
3.44973052615253,0
3.44988561901438,0
3.45004071187624,0
3.45019580473809,0
3.45035089759994,0
3.45050599046179,0
3.45066108332364,0
3.45081617618549,0
3.45097126904734,0
3.45112636190919,0
3.45128145477104,0
3.4514365476329,0
3.45159164049475,0
3.4517467333566,0
3.45190182621845,0
3.4520569190803,0
3.45221201194215,0
3.452367104804,0
3.45252219766585,0
3.4526772905277,0
3.45283238338955,0
3.45298747625141,0
3.45314256911326,0
3.45329766197511,0
3.45345275483696,0
3.45360784769881,0
3.45376294056066,0
3.45391803342251,0
3.45407312628436,0
3.45422821914621,0
3.45438331200806,0
3.45453840486992,0
3.45469349773177,0
3.45484859059362,0
3.45500368345547,0
3.45515877631732,0
3.45531386917917,0
3.45546896204102,0
3.45562405490287,0
3.45577914776472,0
3.45593424062658,0
3.45608933348843,0
3.45624442635028,0
3.45639951921213,0
3.45655461207398,0
3.45670970493583,0
3.45686479779768,0
3.45701989065953,0
3.45717498352138,0
3.45733007638323,0
3.45748516924509,0
3.45764026210694,0
3.45779535496879,0
3.45795044783064,0
3.45810554069249,0
3.45826063355434,0
3.45841572641619,0
3.45857081927804,0
3.45872591213989,0
3.45888100500174,0
3.4590360978636,0
3.45919119072545,0
3.4593462835873,0
3.45950137644915,0
3.459656469311,0
3.45981156217285,0
3.4599666550347,0
3.46012174789655,0
3.4602768407584,0
3.46043193362026,0
3.46058702648211,0
3.46074211934396,0
3.46089721220581,0
3.46105230506766,0
3.46120739792951,0
3.46136249079136,0
3.46151758365321,0
3.46167267651506,0
3.46182776937691,0
3.46198286223877,0
3.46213795510062,0
3.46229304796247,0
3.46244814082432,0
3.46260323368617,0
3.46275832654802,0
3.46291341940987,0
3.46306851227172,0
3.46322360513357,0
3.46337869799542,0
3.46353379085728,0
3.46368888371913,0
3.46384397658098,0
3.46399906944283,0
3.46415416230468,0
3.46430925516653,0
3.46446434802838,0
3.46461944089023,0
3.46477453375208,0
3.46492962661394,0
3.46508471947579,0
3.46523981233764,0
3.46539490519949,0
3.46554999806134,0
3.46570509092319,0
3.46586018378504,0
3.46601527664689,0
3.46617036950874,0
3.46632546237059,0
3.46648055523245,0
3.4666356480943,0
3.46679074095615,0
3.466945833818,0
3.46710092667985,0
3.4672560195417,0
3.46741111240355,0
3.4675662052654,0
3.46772129812725,0
3.4678763909891,0
3.46803148385096,0
3.46818657671281,0
3.46834166957466,0
3.46849676243651,0
3.46865185529836,0
3.46880694816021,0
3.46896204102206,0
3.46911713388391,0
3.46927222674576,0
3.46942731960762,0
3.46958241246947,24.0486334058135
3.46973750533132,0
3.46989259819317,0
3.47004769105502,0
3.47020278391687,0
3.47035787677872,0
3.47051296964057,0
3.47066806250242,0
3.47082315536427,0
3.47097824822613,0
3.47113334108798,0
3.47128843394983,0
3.47144352681168,0
3.47159861967353,0
3.47175371253538,0
3.47190880539723,0
3.47206389825908,0
3.47221899112093,0
3.47237408398278,0
3.47252917684464,0
3.47268426970649,0
3.47283936256834,0
3.47299445543019,0
3.47314954829204,0
3.47330464115389,0
3.47345973401574,0
3.47361482687759,0
3.47376991973944,0
3.4739250126013,0
3.47408010546315,0
3.474235198325,0
3.47439029118685,0
3.4745453840487,0
3.47470047691055,0
3.4748555697724,0
3.47501066263425,0
3.4751657554961,0
3.47532084835795,0
3.47547594121981,0
3.47563103408166,0
3.47578612694351,0
3.47594121980536,0
3.47609631266721,0
3.47625140552906,0
3.47640649839091,0
3.47656159125276,0
3.47671668411461,0
3.47687177697646,0
3.47702686983832,0
3.47718196270017,0
3.47733705556202,0
3.47749214842387,0
3.47764724128572,0
3.47780233414757,0
3.47795742700942,0
3.47811251987127,0
3.47826761273312,0
3.47842270559498,0
3.47857779845683,0
3.47873289131868,0
3.47888798418053,0
3.47904307704238,0
3.47919816990423,0
3.47935326276608,0
3.47950835562793,0
3.47966344848978,0
3.47981854135163,0
3.47997363421349,0
3.48012872707534,0
3.48028381993719,0
3.48043891279904,0
3.48059400566089,0
3.48074909852274,0
3.48090419138459,0
3.48105928424644,0
3.48121437710829,0
3.48136946997014,0
3.481524562832,0
3.48167965569385,0
3.4818347485557,0
3.48198984141755,0
3.4821449342794,0
3.48230002714125,0
3.4824551200031,0
3.48261021286495,0
3.4827653057268,0
3.48292039858865,0
3.48307549145051,0
3.48323058431236,0
3.48338567717421,0
3.48354077003606,0
3.48369586289791,0
3.48385095575976,0
3.48400604862161,0
3.48416114148346,0
3.48431623434531,0
3.48447132720717,0
3.48462642006902,0
3.48478151293087,0
3.48493660579272,0
3.48509169865457,0
3.48524679151642,0
3.48540188437827,0
3.48555697724012,0
3.48571207010197,0
3.48586716296382,0
3.48602225582568,0
3.48617734868753,0
3.48633244154938,0
3.48648753441123,0
3.48664262727308,0
3.48679772013493,0
3.48695281299678,0
3.48710790585863,0
3.48726299872048,0
3.48741809158233,0
3.48757318444419,0
3.48772827730604,0
3.48788337016789,0
3.48803846302974,0
3.48819355589159,0
3.48834864875344,0
3.48850374161529,0
3.48865883447714,0
3.48881392733899,0
3.48896902020085,0
3.4891241130627,0
3.48927920592455,0
3.4894342987864,0
3.48958939164825,0
3.4897444845101,0
3.48989957737195,0
3.4900546702338,0
3.49020976309565,0
3.4903648559575,0
3.49051994881936,0
3.49067504168121,0
3.49083013454306,0
3.49098522740491,0
3.49114032026676,0
3.49129541312861,0
3.49145050599046,0
3.49160559885231,0
3.49176069171416,0
3.49191578457601,0
3.49207087743787,0
3.49222597029972,0
3.49238106316157,0
3.49253615602342,0
3.49269124888527,0
3.49284634174712,0
3.49300143460897,0
3.49315652747082,0
3.49331162033267,0
3.49346671319453,0
3.49362180605638,0
3.49377689891823,0
3.49393199178008,0
3.49408708464193,0
3.49424217750378,0
3.49439727036563,0
3.49455236322748,0
3.49470745608933,0
3.49486254895118,0
3.49501764181304,0
3.49517273467489,0
3.49532782753674,0
3.49548292039859,0
3.49563801326044,0
3.49579310612229,0
3.49594819898414,0
3.49610329184599,0
3.49625838470784,0
3.49641347756969,0
3.49656857043155,0
3.4967236632934,0
3.49687875615525,0
3.4970338490171,0
3.49718894187895,0
3.4973440347408,0
3.49749912760265,0
3.4976542204645,0
3.49780931332635,0
3.49796440618821,0
3.49811949905006,0
3.49827459191191,0
3.49842968477376,0
3.49858477763561,0
3.49873987049746,0
3.49889496335931,0
3.49905005622116,0
3.49920514908301,0
3.49936024194486,0
3.49951533480672,0
3.49967042766857,0
3.49982552053042,0
3.49998061339227,0
3.50013570625412,0
3.50029079911597,0
3.50044589197782,0
3.50060098483967,0
3.50075607770152,0
3.50091117056337,0
3.50106626342523,0
3.50122135628708,0
3.50137644914893,0
3.50153154201078,0
3.50168663487263,0
3.50184172773448,0
3.50199682059633,0
3.50215191345818,0
3.50230700632003,0
3.50246209918189,0
3.50261719204374,0
3.50277228490559,0
3.50292737776744,0
3.50308247062929,0
3.50323756349114,0
3.50339265635299,0
3.50354774921484,0
3.50370284207669,0
3.50385793493854,0
3.5040130278004,0
3.50416812066225,0
3.5043232135241,0
3.50447830638595,0
3.5046333992478,0
3.50478849210965,0
3.5049435849715,0
3.50509867783335,0
3.5052537706952,0
3.50540886355705,0
3.50556395641891,0
3.50571904928076,0
3.50587414214261,0
3.50602923500446,0
3.50618432786631,0
3.50633942072816,0
3.50649451359001,0
3.50664960645186,0
3.50680469931371,0
3.50695979217557,0
3.50711488503742,0
3.50726997789927,0
3.50742507076112,0
3.50758016362297,0
3.50773525648482,0
3.50789034934667,0
3.50804544220852,0
3.50820053507037,0
3.50835562793222,0
3.50851072079408,0
3.50866581365593,0
3.50882090651778,0
3.50897599937963,0
3.50913109224148,0
3.50928618510333,0
3.50944127796518,0
3.50959637082703,0
3.50975146368888,0
3.50990655655073,0
3.51006164941259,0
3.51021674227444,0
3.51037183513629,0
3.51052692799814,0
3.51068202085999,0
3.51083711372184,0
3.51099220658369,0
3.51114729944554,0
3.51130239230739,0
3.51145748516925,0
3.5116125780311,0
3.51176767089295,0
3.5119227637548,0
3.51207785661665,0
3.5122329494785,0
3.51238804234035,0
3.5125431352022,0
3.51269822806405,0
3.5128533209259,0
3.51300841378776,0
3.51316350664961,0
3.51331859951146,0
3.51347369237331,0
3.51362878523516,0
3.51378387809701,0
3.51393897095886,0
3.51409406382071,0
3.51424915668256,0
3.51440424954441,0
3.51455934240627,0
3.51471443526812,0
3.51486952812997,0
3.51502462099182,0
3.51517971385367,0
3.51533480671552,0
3.51548989957737,0
3.51564499243922,0
3.51580008530107,0
3.51595517816293,0
3.51611027102478,0
3.51626536388663,0
3.51642045674848,0
3.51657554961033,0
3.51673064247218,0
3.51688573533403,0
3.51704082819588,0
3.51719592105773,0
3.51735101391958,0
3.51750610678144,0
3.51766119964329,0
3.51781629250514,0
3.51797138536699,0
3.51812647822884,0
3.51828157109069,0
3.51843666395254,0
3.51859175681439,0
3.51874684967624,0
3.51890194253809,0
3.51905703539995,0
3.5192121282618,0
3.51936722112365,0
3.5195223139855,0
3.51967740684735,0
3.5198324997092,0
3.51998759257105,0
3.5201426854329,0
3.52029777829475,0
3.52045287115661,0
3.52060796401846,0
3.52076305688031,0
3.52091814974216,0
3.52107324260401,0
3.52122833546586,0
3.52138342832771,0
3.52153852118956,0
3.52169361405141,0
3.52184870691326,0
3.52200379977512,0
3.52215889263697,0
3.52231398549882,0
3.52246907836067,0
3.52262417122252,0
3.52277926408437,0
3.52293435694622,0
3.52308944980807,0
3.52324454266992,0
3.52339963553177,0
3.52355472839363,0
3.52370982125548,0
3.52386491411733,0
3.52402000697918,0
3.52417509984103,0
3.52433019270288,0
3.52448528556473,0
3.52464037842658,0
3.52479547128843,0
3.52495056415029,0
3.52510565701214,0
3.52526074987399,0
3.52541584273584,0
3.52557093559769,0
3.52572602845954,0
3.52588112132139,0
3.52603621418324,0
3.52619130704509,0
3.52634639990694,0
3.5265014927688,0
3.52665658563065,0
3.5268116784925,0
3.52696677135435,0
3.5271218642162,0
3.52727695707805,0
3.5274320499399,0
3.52758714280175,0
3.5277422356636,0
3.52789732852545,0
3.52805242138731,0
3.52820751424916,0
3.52836260711101,0
3.52851769997286,0
3.52867279283471,0
3.52882788569656,0
3.52898297855841,0
3.52913807142026,0
3.52929316428211,0
3.52944825714397,0
3.52960335000582,0
3.52975844286767,0
3.52991353572952,0
3.53006862859137,0
3.53022372145322,0
3.53037881431507,0
3.53053390717692,0
3.53068900003877,0
3.53084409290062,0
3.53099918576248,0
3.53115427862433,0
3.53130937148618,0
3.53146446434803,0
3.53161955720988,0
3.53177465007173,0
3.53192974293358,0
3.53208483579543,0
3.53223992865728,0
3.53239502151913,0
3.53255011438099,0
3.53270520724284,0
3.53286030010469,0
3.53301539296654,0
3.53317048582839,0
3.53332557869024,0
3.53348067155209,0
3.53363576441394,0
3.53379085727579,0
3.53394595013765,0
3.5341010429995,0
3.53425613586135,0
3.5344112287232,0
3.53456632158505,0
3.5347214144469,0
3.53487650730875,0
3.5350316001706,0
3.53518669303245,0
3.5353417858943,0
3.53549687875616,0
3.53565197161801,0
3.53580706447986,0
3.53596215734171,0
3.53611725020356,0
3.53627234306541,0
3.53642743592726,0
3.53658252878911,0
3.53673762165096,0
3.53689271451281,0
3.53704780737467,0
3.53720290023652,0
3.53735799309837,0
3.53751308596022,0
3.53766817882207,0
3.53782327168392,0
3.53797836454577,0
3.53813345740762,0
3.53828855026947,0
3.53844364313133,0
3.53859873599318,0
3.53875382885503,0
3.53890892171688,0
3.53906401457873,0
3.53921910744058,0
3.53937420030243,0
3.53952929316428,0
3.53968438602613,0
3.53983947888798,0
3.53999457174984,0
3.54014966461169,0
3.54030475747354,0
3.54045985033539,0
3.54061494319724,0
3.54077003605909,0
3.54092512892094,0
3.54108022178279,0
3.54123531464464,0
3.54139040750649,0
3.54154550036835,0
3.5417005932302,0
3.54185568609205,0
3.5420107789539,0
3.54216587181575,0
3.5423209646776,0
3.54247605753945,0
3.5426311504013,0
3.54278624326315,0
3.54294133612501,0
3.54309642898686,0
3.54325152184871,0
3.54340661471056,0
3.54356170757241,0
3.54371680043426,0
3.54387189329611,0
3.54402698615796,0
3.54418207901981,0
3.54433717188166,0
3.54449226474352,0
3.54464735760537,0
3.54480245046722,0
3.54495754332907,0
3.54511263619092,0
3.54526772905277,0
3.54542282191462,0
3.54557791477647,0
3.54573300763832,0
3.54588810050017,0
3.54604319336203,0
3.54619828622388,0
3.54635337908573,0
3.54650847194758,0
3.54666356480943,0
3.54681865767128,0
3.54697375053313,0
3.54712884339498,0
3.54728393625683,0
3.54743902911869,0
3.54759412198054,0
3.54774921484239,0
3.54790430770424,0
3.54805940056609,0
3.54821449342794,0
3.54836958628979,0
3.54852467915164,0
3.54867977201349,0
3.54883486487534,0
3.5489899577372,0
3.54914505059905,0
3.5493001434609,0
3.54945523632275,0
3.5496103291846,0
3.54976542204645,0
3.5499205149083,0
3.55007560777015,0
3.550230700632,0
3.55038579349385,0
3.55054088635571,0
3.55069597921756,0
3.55085107207941,0
3.55100616494126,0
3.55116125780311,0
3.55131635066496,0
3.55147144352681,0
3.55162653638866,0
3.55178162925051,0
3.55193672211236,0
3.55209181497422,0
3.55224690783607,0
3.55240200069792,0
3.55255709355977,0
3.55271218642162,0
3.55286727928347,0
3.55302237214532,0
3.55317746500717,0
3.55333255786902,0
3.55348765073088,0
3.55364274359273,0
3.55379783645458,0
3.55395292931643,0
3.55410802217828,0
3.55426311504013,0
3.55441820790198,0
3.55457330076383,0
3.55472839362568,0
3.55488348648753,0
3.55503857934939,0
3.55519367221124,0
3.55534876507309,0
3.55550385793494,0
3.55565895079679,0
3.55581404365864,0
3.55596913652049,0
3.55612422938234,0
3.55627932224419,0
3.55643441510604,0
3.5565895079679,0
3.55674460082975,0
3.5568996936916,0
3.55705478655345,0
3.5572098794153,0
3.55736497227715,0
3.557520065139,0
3.55767515800085,0
3.5578302508627,0
3.55798534372455,0
3.55814043658641,0
3.55829552944826,0
3.55845062231011,0
3.55860571517196,0
3.55876080803381,0
3.55891590089566,0
3.55907099375751,0
3.55922608661936,0
3.55938117948121,0
3.55953627234307,0
3.55969136520492,0
3.55984645806677,0
3.56000155092862,0
3.56015664379047,0
3.56031173665232,0
3.56046682951417,0
3.56062192237602,0
3.56077701523787,0
3.56093210809972,0
3.56108720096158,0
3.56124229382343,0
3.56139738668528,0
3.56155247954713,0
3.56170757240898,0
3.56186266527083,0
3.56201775813268,0
3.56217285099453,0
3.56232794385638,0
3.56248303671823,0
3.56263812958009,0
3.56279322244194,0
3.56294831530379,0
3.56310340816564,0
3.56325850102749,0
3.56341359388934,0
3.56356868675119,0
3.56372377961304,0
3.56387887247489,0
3.56403396533675,0
3.5641890581986,0
3.56434415106045,0
3.5644992439223,0
3.56465433678415,0
3.564809429646,0
3.56496452250785,0
3.5651196153697,0
3.56527470823155,0
3.5654298010934,0
3.56558489395526,0
3.56573998681711,0
3.56589507967896,0
3.56605017254081,0
3.56620526540266,0
3.56636035826451,0
3.56651545112636,0
3.56667054398821,0
3.56682563685006,0
3.56698072971191,0
3.56713582257377,0
3.56729091543562,0
3.56744600829747,0
3.56760110115932,0
3.56775619402117,0
3.56791128688302,0
3.56806637974487,0
3.56822147260672,0
3.56837656546857,0
3.56853165833043,0
3.56868675119228,0
3.56884184405413,0
3.56899693691598,0
3.56915202977783,0
3.56930712263968,0
3.56946221550153,0
3.56961730836338,0
3.56977240122523,0
3.56992749408708,0
3.57008258694894,0
3.57023767981079,0
3.57039277267264,0
3.57054786553449,0
3.57070295839634,0
3.57085805125819,0
3.57101314412004,0
3.57116823698189,0
3.57132332984374,0
3.57147842270559,0
3.57163351556745,0
3.5717886084293,0
3.57194370129115,0
3.572098794153,0
3.57225388701485,0
3.5724089798767,0
3.57256407273855,0
3.5727191656004,0
3.57287425846225,0
3.57302935132411,0
3.57318444418596,0
3.57333953704781,0
3.57349462990966,0
3.57364972277151,0
3.57380481563336,0
3.57395990849521,0
3.57411500135706,0
3.57427009421891,0
3.57442518708076,0
3.57458027994262,0
3.57473537280447,0
3.57489046566632,0
3.57504555852817,0
3.57520065139002,0
3.57535574425187,0
3.57551083711372,0
3.57566592997557,0
3.57582102283742,0
3.57597611569927,0
3.57613120856113,0
3.57628630142298,0
3.57644139428483,0
3.57659648714668,0
3.57675158000853,0
3.57690667287038,0
3.57706176573223,0
3.57721685859408,0
3.57737195145593,0
3.57752704431779,0
3.57768213717964,0
3.57783723004149,0
3.57799232290334,0
3.57814741576519,0
3.57830250862704,0
3.57845760148889,0
3.57861269435074,0
3.57876778721259,0
3.57892288007444,0
3.5790779729363,0
3.57923306579815,0
3.57938815866,0
3.57954325152185,0
3.5796983443837,0
3.57985343724555,0
3.5800085301074,0
3.58016362296925,0
3.5803187158311,0
3.58047380869295,0
3.58062890155481,0
3.58078399441666,0
3.58093908727851,0
3.58109418014036,0
3.58124927300221,0
3.58140436586406,0
3.58155945872591,0
3.58171455158776,0
3.58186964444961,0
3.58202473731147,0
3.58217983017332,0
3.58233492303517,0
3.58249001589702,0
3.58264510875887,0
3.58280020162072,0
3.58295529448257,0
3.58311038734442,0
3.58326548020627,0
3.58342057306812,0
3.58357566592998,0
3.58373075879183,0
3.58388585165368,0
3.58404094451553,0
3.58419603737738,0
3.58435113023923,0
3.58450622310108,0
3.58466131596293,0
3.58481640882478,0
3.58497150168663,0
3.58512659454849,0
3.58528168741034,0
3.58543678027219,0
3.58559187313404,0
3.58574696599589,0
3.58590205885774,0
3.58605715171959,0
3.58621224458144,0
3.58636733744329,0
3.58652243030515,0
3.586677523167,0
3.58683261602885,0
3.5869877088907,0
3.58714280175255,0
3.5872978946144,0
3.58745298747625,0
3.5876080803381,0
3.58776317319995,0
3.5879182660618,0
3.58807335892366,0
3.58822845178551,0
3.58838354464736,0
3.58853863750921,0
3.58869373037106,0
3.58884882323291,0
3.58900391609476,0
3.58915900895661,0
3.58931410181846,0
3.58946919468031,0
3.58962428754217,0
3.58977938040402,0
3.58993447326587,0
3.59008956612772,0
3.59024465898957,0
3.59039975185142,0
3.59055484471327,0
3.59070993757512,0
3.59086503043697,0
3.59102012329883,0
3.59117521616068,0
3.59133030902253,0
3.59148540188438,0
3.59164049474623,0
3.59179558760808,0
3.59195068046993,0
3.59210577333178,0
3.59226086619363,0
3.59241595905548,0
3.59257105191734,0
3.59272614477919,0
3.59288123764104,0
3.59303633050289,0
3.59319142336474,0
3.59334651622659,0
3.59350160908844,0
3.59365670195029,0
3.59381179481214,0
3.59396688767399,0
3.59412198053585,0
3.5942770733977,0
3.59443216625955,0
3.5945872591214,0
3.59474235198325,0
3.5948974448451,0
3.59505253770695,0
3.5952076305688,0
3.59536272343065,0
3.59551781629251,0
3.59567290915436,0
3.59582800201621,0
3.59598309487806,0
3.59613818773991,0
3.59629328060176,0
3.59644837346361,0
3.59660346632546,0
3.59675855918731,0
3.59691365204916,0
3.59706874491102,0
3.59722383777287,0
3.59737893063472,0
3.59753402349657,0
3.59768911635842,0
3.59784420922027,0
3.59799930208212,0
3.59815439494397,0
3.59830948780582,0
3.59846458066767,0
3.59861967352953,0
3.59877476639138,0
3.59892985925323,0
3.59908495211508,0
3.59924004497693,0
3.59939513783878,0
3.59955023070063,0
3.59970532356248,0
3.59986041642433,0
3.60001550928619,0
3.60017060214804,0
3.60032569500989,0
3.60048078787174,0
3.60063588073359,0
3.60079097359544,0
3.60094606645729,0
3.60110115931914,0
3.60125625218099,0
3.60141134504284,0
3.6015664379047,0
3.60172153076655,0
3.6018766236284,0
3.60203171649025,0
3.6021868093521,0
3.60234190221395,0
3.6024969950758,0
3.60265208793765,0
3.6028071807995,0
3.60296227366135,0
3.60311736652321,0
3.60327245938506,0
3.60342755224691,0
3.60358264510876,0
3.60373773797061,0
3.60389283083246,0
3.60404792369431,0
3.60420301655616,0
3.60435810941801,0
3.60451320227987,0
3.60466829514172,0
3.60482338800357,0
3.60497848086542,0
3.60513357372727,0
3.60528866658912,0
3.60544375945097,0
3.60559885231282,0
3.60575394517467,0
3.60590903803652,0
3.60606413089838,0
3.60621922376023,0
3.60637431662208,0
3.60652940948393,0
3.60668450234578,0
3.60683959520763,0
3.60699468806948,0
3.60714978093133,0
3.60730487379318,0
3.60745996665503,0
3.60761505951689,0
3.60777015237874,0
3.60792524524059,0
3.60808033810244,0
3.60823543096429,0
3.60839052382614,0
3.60854561668799,0
3.60870070954984,0
3.60885580241169,0
3.60901089527355,0
3.6091659881354,0
3.60932108099725,0
3.6094761738591,0
3.60963126672095,0
3.6097863595828,0
3.60994145244465,0
3.6100965453065,0
3.61025163816835,0
3.6104067310302,0
3.61056182389206,0
3.61071691675391,0
3.61087200961576,0
3.61102710247761,0
3.61118219533946,0
3.61133728820131,0
3.61149238106316,0
3.61164747392501,0
3.61180256678686,0
3.61195765964871,0
3.61211275251057,0
3.61226784537242,0
3.61242293823427,0
3.61257803109612,0
3.61273312395797,0
3.61288821681982,0
3.61304330968167,0
3.61319840254352,0
3.61335349540537,0
3.61350858826723,0
3.61366368112908,0
3.61381877399093,0
3.61397386685278,0
3.61412895971463,0
3.61428405257648,0
3.61443914543833,0
3.61459423830018,0
3.61474933116203,0
3.61490442402388,0
3.61505951688574,0
3.61521460974759,0
3.61536970260944,0
3.61552479547129,0
3.61567988833314,0
3.61583498119499,0
3.61599007405684,0
3.61614516691869,0
3.61630025978054,0
3.61645535264239,0
3.61661044550425,0
3.6167655383661,0
3.61692063122795,0
3.6170757240898,0
3.61723081695165,0
3.6173859098135,0
3.61754100267535,0
3.6176960955372,0
3.61785118839905,0
3.61800628126091,0
3.61816137412276,0
3.61831646698461,0
3.61847155984646,0
3.61862665270831,0
3.61878174557016,0
3.61893683843201,0
3.61909193129386,0
3.61924702415571,0
3.61940211701756,0
3.61955720987942,0
3.61971230274127,0
3.61986739560312,0
3.62002248846497,0
3.62017758132682,0
3.62033267418867,0
3.62048776705052,0
3.62064285991237,0
3.62079795277422,0
3.62095304563607,0
3.62110813849793,0
3.62126323135978,0
3.62141832422163,0
3.62157341708348,0
3.62172850994533,0
3.62188360280718,0
3.62203869566903,0
3.62219378853088,0
3.62234888139273,0
3.62250397425459,0
3.62265906711644,0
3.62281415997829,0
3.62296925284014,0
3.62312434570199,0
3.62327943856384,0
3.62343453142569,0
3.62358962428754,0
3.62374471714939,0
3.62389981001124,0
3.6240549028731,0
3.62420999573495,0
3.6243650885968,0
3.62452018145865,0
3.6246752743205,0
3.62483036718235,0
3.6249854600442,0
3.62514055290605,0
3.6252956457679,0
3.62545073862975,0
3.62560583149161,0
3.62576092435346,0
3.62591601721531,0
3.62607111007716,0
3.62622620293901,0
3.62638129580086,0
3.62653638866271,0
3.62669148152456,0
3.62684657438641,0
3.62700166724827,0
3.62715676011012,0
3.62731185297197,0
3.62746694583382,0
3.62762203869567,0
3.62777713155752,0
3.62793222441937,0
3.62808731728122,0
3.62824241014307,0
3.62839750300492,0
3.62855259586678,0
3.62870768872863,0
3.62886278159048,0
3.62901787445233,0
3.62917296731418,0
3.62932806017603,0
3.62948315303788,0
3.62963824589973,0
3.62979333876158,0
3.62994843162343,0
3.63010352448529,0
3.63025861734714,0
3.63041371020899,0
3.63056880307084,0
3.63072389593269,0
3.63087898879454,0
3.63103408165639,0
3.63118917451824,0
3.63134426738009,0
3.63149936024194,0
3.6316544531038,0
3.63180954596565,0
3.6319646388275,0
3.63211973168935,0
3.6322748245512,0
3.63242991741305,0
3.6325850102749,0
3.63274010313675,0
3.6328951959986,0
3.63305028886046,0
3.63320538172231,0
3.63336047458416,0
3.63351556744601,0
3.63367066030786,0
3.63382575316971,0
3.63398084603156,0
3.63413593889341,0
3.63429103175526,0
3.63444612461711,0
3.63460121747897,0
3.63475631034082,0
3.63491140320267,0
3.63506649606452,0
3.63522158892637,0
3.63537668178822,0
3.63553177465007,0
3.63568686751192,0
3.63584196037377,0
3.63599705323562,0
3.63615214609748,0
3.63630723895933,0
3.63646233182118,0
3.63661742468303,0
3.63677251754488,0
3.63692761040673,0
3.63708270326858,0
3.63723779613043,0
3.63739288899228,0
3.63754798185413,0
3.63770307471599,0
3.63785816757784,0
3.63801326043969,0
3.63816835330154,0
3.63832344616339,0
3.63847853902524,0
3.63863363188709,0
3.63878872474894,0
3.63894381761079,0
3.63909891047265,0
3.6392540033345,0
3.63940909619635,0
3.6395641890582,0
3.63971928192005,0
3.6398743747819,0
3.64002946764375,0
3.6401845605056,0
3.64033965336745,0
3.6404947462293,0
3.64064983909116,0
3.64080493195301,0
3.64096002481486,0
3.64111511767671,0
3.64127021053856,0
3.64142530340041,0
3.64158039626226,0
3.64173548912411,0
3.64189058198596,0
3.64204567484781,0
3.64220076770967,0
3.64235586057152,0
3.64251095343337,0
3.64266604629522,0
3.64282113915707,0
3.64297623201892,0
3.64313132488077,0
3.64328641774262,0
3.64344151060447,0
3.64359660346633,0
3.64375169632818,0
3.64390678919003,0
3.64406188205188,0
3.64421697491373,0
3.64437206777558,0
3.64452716063743,0
3.64468225349928,0
3.64483734636113,0
3.64499243922298,0
3.64514753208484,0
3.64530262494669,0
3.64545771780854,0
3.64561281067039,0
3.64576790353224,0
3.64592299639409,0
3.64607808925594,0
3.64623318211779,0
3.64638827497964,0
3.64654336784149,0
3.64669846070335,0
3.6468535535652,0
3.64700864642705,0
3.6471637392889,0
3.64731883215075,0
3.6474739250126,0
3.64762901787445,0
3.6477841107363,0
3.64793920359815,0
3.64809429646001,0
3.64824938932186,0
3.64840448218371,0
3.64855957504556,0
3.64871466790741,0
3.64886976076926,0
3.64902485363111,0
3.64917994649296,0
3.64933503935481,0
3.64949013221666,0
3.64964522507852,0
3.64980031794037,0
3.64995541080222,0
3.65011050366407,0
3.65026559652592,0
3.65042068938777,0
3.65057578224962,0
3.65073087511147,0
3.65088596797332,0
3.65104106083517,0
3.65119615369703,0
3.65135124655888,0
3.65150633942073,0
3.65166143228258,0
3.65181652514443,0
3.65197161800628,0
3.65212671086813,0
3.65228180372998,0
3.65243689659183,0
3.65259198945369,0
3.65274708231554,0
3.65290217517739,0
3.65305726803924,0
3.65321236090109,0
3.65336745376294,0
3.65352254662479,0
3.65367763948664,0
3.65383273234849,0
3.65398782521034,0
3.6541429180722,0
3.65429801093405,0
3.6544531037959,0
3.65460819665775,0
3.6547632895196,0
3.65491838238145,0
3.6550734752433,0
3.65522856810515,0
3.655383660967,0
3.65553875382885,0
3.65569384669071,0
3.65584893955256,0
3.65600403241441,0
3.65615912527626,0
3.65631421813811,0
3.65646931099996,0
3.65662440386181,0
3.65677949672366,0
3.65693458958551,0
3.65708968244737,0
3.65724477530922,0
3.65739986817107,0
3.65755496103292,0
3.65771005389477,0
3.65786514675662,0
3.65802023961847,0
3.65817533248032,0
3.65833042534217,0
3.65848551820402,0
3.65864061106588,0
3.65879570392773,0
3.65895079678958,0
3.65910588965143,24.1096968111612
3.65926098251328,0
3.65941607537513,0
3.65957116823698,0
3.65972626109883,0
3.65988135396068,0
3.66003644682253,0
3.66019153968439,0
3.66034663254624,0
3.66050172540809,0
3.66065681826994,0
3.66081191113179,0
3.66096700399364,0
3.66112209685549,0
3.66127718971734,0
3.66143228257919,0
3.66158737544105,0
3.6617424683029,0
3.66189756116475,0
3.6620526540266,0
3.66220774688845,0
3.6623628397503,0
3.66251793261215,0
3.662673025474,0
3.66282811833585,0
3.6629832111977,0
3.66313830405956,0
3.66329339692141,0
3.66344848978326,0
3.66360358264511,0
3.66375867550696,0
3.66391376836881,0
3.66406886123066,0
3.66422395409251,0
3.66437904695436,0
3.66453413981621,0
3.66468923267807,0
3.66484432553992,0
3.66499941840177,0
3.66515451126362,0
3.66530960412547,0
3.66546469698732,0
3.66561978984917,0
3.66577488271102,0
3.66592997557287,0
3.66608506843473,0
3.66624016129658,0
3.66639525415843,0
3.66655034702028,0
3.66670543988213,0
3.66686053274398,0
3.66701562560583,0
3.66717071846768,0
3.66732581132953,0
3.66748090419138,0
3.66763599705324,0
3.66779108991509,0
3.66794618277694,0
3.66810127563879,0
3.66825636850064,0
3.66841146136249,0
3.66856655422434,0
3.66872164708619,0
3.66887673994804,0
3.66903183280989,0
3.66918692567175,0
3.6693420185336,0
3.66949711139545,0
3.6696522042573,0
3.66980729711915,0
3.669962389981,0
3.67011748284285,0
3.6702725757047,0
3.67042766856655,0
3.67058276142841,0
3.67073785429026,0
3.67089294715211,0
3.67104804001396,0
3.67120313287581,0
3.67135822573766,0
3.67151331859951,0
3.67166841146136,0
3.67182350432321,0
3.67197859718506,0
3.67213369004692,0
3.67228878290877,0
3.67244387577062,0
3.67259896863247,0
3.67275406149432,0
3.67290915435617,0
3.67306424721802,0
3.67321934007987,0
3.67337443294172,0
3.67352952580357,0
3.67368461866543,0
3.67383971152728,0
3.67399480438913,0
3.67414989725098,0
3.67430499011283,0
3.67446008297468,0
3.67461517583653,0
3.67477026869838,0
3.67492536156023,0
3.67508045442209,0
3.67523554728394,0
3.67539064014579,0
3.67554573300764,0
3.67570082586949,0
3.67585591873134,0
3.67601101159319,0
3.67616610445504,0
3.67632119731689,0
3.67647629017874,0
3.6766313830406,0
3.67678647590245,0
3.6769415687643,0
3.67709666162615,0
3.677251754488,0
3.67740684734985,0
3.6775619402117,0
3.67771703307355,0
3.6778721259354,0
3.67802721879725,0
3.67818231165911,0
3.67833740452096,0
3.67849249738281,0
3.67864759024466,0
3.67880268310651,0
3.67895777596836,0
3.67911286883021,0
3.67926796169206,0
3.67942305455391,0
3.67957814741577,0
3.67973324027762,0
3.67988833313947,0
3.68004342600132,0
3.68019851886317,0
3.68035361172502,0
3.68050870458687,0
3.68066379744872,0
3.68081889031057,0
3.68097398317242,0
3.68112907603428,0
3.68128416889613,0
3.68143926175798,0
3.68159435461983,0
3.68174944748168,0
3.68190454034353,0
3.68205963320538,0
3.68221472606723,0
3.68236981892908,0
3.68252491179093,0
3.68268000465279,0
3.68283509751464,0
3.68299019037649,0
3.68314528323834,0
3.68330037610019,0
3.68345546896204,0
3.68361056182389,0
3.68376565468574,0
3.68392074754759,0
3.68407584040945,0
3.6842309332713,0
3.68438602613315,0
3.684541118995,0
3.68469621185685,0
3.6848513047187,0
3.68500639758055,0
3.6851614904424,0
3.68531658330425,0
3.6854716761661,0
3.68562676902796,0
3.68578186188981,0
3.68593695475166,0
3.68609204761351,0
3.68624714047536,0
3.68640223333721,0
3.68655732619906,0
3.68671241906091,0
3.68686751192276,0
3.68702260478461,0
3.68717769764647,0
3.68733279050832,0
3.68748788337017,0
3.68764297623202,0
3.68779806909387,0
3.68795316195572,0
3.68810825481757,0
3.68826334767942,0
3.68841844054127,0
3.68857353340313,0
3.68872862626498,0
3.68888371912683,0
3.68903881198868,0
3.68919390485053,0
3.68934899771238,0
3.68950409057423,0
3.68965918343608,0
3.68981427629793,0
3.68996936915978,0
3.69012446202164,0
3.69027955488349,0
3.69043464774534,0
3.69058974060719,0
3.69074483346904,0
3.69089992633089,0
3.69105501919274,0
3.69121011205459,0
3.69136520491644,0
3.69152029777829,0
3.69167539064015,0
3.691830483502,0
3.69198557636385,0
3.6921406692257,0
3.69229576208755,0
3.6924508549494,0
3.69260594781125,0
3.6927610406731,0
3.69291613353495,0
3.69307122639681,0
3.69322631925866,0
3.69338141212051,0
3.69353650498236,0
3.69369159784421,0
3.69384669070606,0
3.69400178356791,0
3.69415687642976,0
3.69431196929161,0
3.69446706215346,0
3.69462215501532,0
3.69477724787717,0
3.69493234073902,0
3.69508743360087,0
3.69524252646272,0
3.69539761932457,0
3.69555271218642,0
3.69570780504827,0
3.69586289791012,0
3.69601799077197,0
3.69617308363383,0
3.69632817649568,0
3.69648326935753,0
3.69663836221938,0
3.69679345508123,0
3.69694854794308,0
3.69710364080493,0
3.69725873366678,0
3.69741382652863,0
3.69756891939049,0
3.69772401225234,0
3.69787910511419,0
3.69803419797604,0
3.69818929083789,0
3.69834438369974,0
3.69849947656159,0
3.69865456942344,0
3.69880966228529,0
3.69896475514714,0
3.699119848009,0
3.69927494087085,0
3.6994300337327,0
3.69958512659455,0
3.6997402194564,0
3.69989531231825,0
3.7000504051801,0
3.70020549804195,0
3.7003605909038,0
3.70051568376565,0
3.70067077662751,0
3.70082586948936,0
3.70098096235121,0
3.70113605521306,0
3.70129114807491,0
3.70144624093676,0
3.70160133379861,0
3.70175642666046,0
3.70191151952231,0
3.70206661238417,0
3.70222170524602,0
3.70237679810787,0
3.70253189096972,0
3.70268698383157,0
3.70284207669342,0
3.70299716955527,0
3.70315226241712,0
3.70330735527897,0
3.70346244814082,0
3.70361754100268,0
3.70377263386453,0
3.70392772672638,0
3.70408281958823,0
3.70423791245008,0
3.70439300531193,0
3.70454809817378,0
3.70470319103563,0
3.70485828389748,0
3.70501337675933,0
3.70516846962119,0
3.70532356248304,0
3.70547865534489,0
3.70563374820674,0
3.70578884106859,0
3.70594393393044,0
3.70609902679229,0
3.70625411965414,0
3.70640921251599,0
3.70656430537784,0
3.7067193982397,0
3.70687449110155,0
3.7070295839634,0
3.70718467682525,0
3.7073397696871,0
3.70749486254895,0
3.7076499554108,0
3.70780504827265,0
3.7079601411345,0
3.70811523399636,0
3.70827032685821,0
3.70842541972006,0
3.70858051258191,0
3.70873560544376,0
3.70889069830561,0
3.70904579116746,0
3.70920088402931,0
3.70935597689116,0
3.70951106975301,0
3.70966616261487,0
3.70982125547672,0
3.70997634833857,0
3.71013144120042,0
3.71028653406227,0
3.71044162692412,0
3.71059671978597,0
3.71075181264782,0
3.71090690550967,0
3.71106199837152,0
3.71121709123338,0
3.71137218409523,0
3.71152727695708,0
3.71168236981893,0
3.71183746268078,0
3.71199255554263,0
3.71214764840448,0
3.71230274126633,0
3.71245783412818,0
3.71261292699004,0
3.71276801985189,0
3.71292311271374,0
3.71307820557559,0
3.71323329843744,0
3.71338839129929,0
3.71354348416114,0
3.71369857702299,0
3.71385366988484,0
3.71400876274669,0
3.71416385560855,0
3.7143189484704,0
3.71447404133225,0
3.7146291341941,0
3.71478422705595,0
3.7149393199178,0
3.71509441277965,0
3.7152495056415,0
3.71540459850335,0
3.7155596913652,0
3.71571478422706,0
3.71586987708891,0
3.71602496995076,0
3.71618006281261,0
3.71633515567446,0
3.71649024853631,0
3.71664534139816,0
3.71680043426001,0
3.71695552712186,0
3.71711061998372,0
3.71726571284557,0
3.71742080570742,0
3.71757589856927,0
3.71773099143112,0
3.71788608429297,0
3.71804117715482,0
3.71819627001667,0
3.71835136287852,0
3.71850645574037,0
3.71866154860223,0
3.71881664146408,0
3.71897173432593,0
3.71912682718778,0
3.71928192004963,0
3.71943701291148,0
3.71959210577333,0
3.71974719863518,0
3.71990229149703,0
3.72005738435888,0
3.72021247722074,0
3.72036757008259,0
3.72052266294444,0
3.72067775580629,0
3.72083284866814,0
3.72098794152999,0
3.72114303439184,0
3.72129812725369,0
3.72145322011554,0
3.7216083129774,0
3.72176340583925,0
3.7219184987011,0
3.72207359156295,0
3.7222286844248,0
3.72238377728665,0
3.7225388701485,0
3.72269396301035,0
3.7228490558722,0
3.72300414873405,0
3.72315924159591,0
3.72331433445776,0
3.72346942731961,0
3.72362452018146,0
3.72377961304331,0
3.72393470590516,0
3.72408979876701,0
3.72424489162886,0
3.72439998449071,0
3.72455507735256,0
3.72471017021442,0
3.72486526307627,0
3.72502035593812,0
3.72517544879997,0
3.72533054166182,0
3.72548563452367,0
3.72564072738552,0
3.72579582024737,0
3.72595091310922,0
3.72610600597108,0
3.72626109883293,0
3.72641619169478,0
3.72657128455663,0
3.72672637741848,0
3.72688147028033,0
3.72703656314218,0
3.72719165600403,0
3.72734674886588,0
3.72750184172773,0
3.72765693458959,0
3.72781202745144,0
3.72796712031329,0
3.72812221317514,0
3.72827730603699,0
3.72843239889884,0
3.72858749176069,0
3.72874258462254,0
3.72889767748439,0
3.72905277034624,0
3.7292078632081,0
3.72936295606995,0
3.7295180489318,0
3.72967314179365,0
3.7298282346555,0
3.72998332751735,0
3.7301384203792,0
3.73029351324105,0
3.7304486061029,0
3.73060369896476,0
3.73075879182661,0
3.73091388468846,0
3.73106897755031,0
3.73122407041216,0
3.73137916327401,0
3.73153425613586,0
3.73168934899771,0
3.73184444185956,0
3.73199953472141,0
3.73215462758327,0
3.73230972044512,0
3.73246481330697,0
3.73261990616882,0
3.73277499903067,0
3.73293009189252,0
3.73308518475437,0
3.73324027761622,0
3.73339537047807,0
3.73355046333992,0
3.73370555620178,0
3.73386064906363,0
3.73401574192548,0
3.73417083478733,0
3.73432592764918,0
3.73448102051103,0
3.73463611337288,0
3.73479120623473,0
3.73494629909658,0
3.73510139195844,0
3.73525648482029,0
3.73541157768214,0
3.73556667054399,0
3.73572176340584,0
3.73587685626769,0
3.73603194912954,0
3.73618704199139,0
3.73634213485324,0
3.73649722771509,0
3.73665232057695,0
3.7368074134388,0
3.73696250630065,0
3.7371175991625,0
3.73727269202435,0
3.7374277848862,0
3.73758287774805,0
3.7377379706099,0
3.73789306347175,0
3.7380481563336,0
3.73820324919546,0
3.73835834205731,0
3.73851343491916,0
3.73866852778101,0
3.73882362064286,0
3.73897871350471,0
3.73913380636656,0
3.73928889922841,0
3.73944399209026,0
3.73959908495212,0
3.73975417781397,0
3.73990927067582,0
3.74006436353767,0
3.74021945639952,0
3.74037454926137,0
3.74052964212322,0
3.74068473498507,0
3.74083982784692,0
3.74099492070877,0
3.74115001357063,0
3.74130510643248,0
3.74146019929433,0
3.74161529215618,0
3.74177038501803,0
3.74192547787988,0
3.74208057074173,0
3.74223566360358,0
3.74239075646543,0
3.74254584932728,0
3.74270094218914,0
3.74285603505099,0
3.74301112791284,0
3.74316622077469,0
3.74332131363654,0
3.74347640649839,0
3.74363149936024,0
3.74378659222209,0
3.74394168508394,0
3.7440967779458,0
3.74425187080765,0
3.7444069636695,0
3.74456205653135,0
3.7447171493932,0
3.74487224225505,0
3.7450273351169,0
3.74518242797875,0
3.7453375208406,0
3.74549261370245,0
3.74564770656431,0
3.74580279942616,0
3.74595789228801,0
3.74611298514986,0
3.74626807801171,0
3.74642317087356,0
3.74657826373541,0
3.74673335659726,0
3.74688844945911,0
3.74704354232096,0
3.74719863518282,0
3.74735372804467,0
3.74750882090652,0
3.74766391376837,0
3.74781900663022,0
3.74797409949207,0
3.74812919235392,0
3.74828428521577,0
3.74843937807762,0
3.74859447093948,0
3.74874956380133,0
3.74890465666318,0
3.74905974952503,0
3.74921484238688,0
3.74936993524873,0
3.74952502811058,0
3.74968012097243,0
3.74983521383428,0
3.74999030669613,0
3.75014539955799,0
3.75030049241984,0
3.75045558528169,0
3.75061067814354,0
3.75076577100539,0
3.75092086386724,0
3.75107595672909,0
3.75123104959094,0
3.75138614245279,0
3.75154123531464,0
3.7516963281765,0
3.75185142103835,0
3.7520065139002,0
3.75216160676205,0
3.7523166996239,0
3.75247179248575,0
3.7526268853476,0
3.75278197820945,0
3.7529370710713,0
3.75309216393316,0
3.75324725679501,0
3.75340234965686,0
3.75355744251871,0
3.75371253538056,0
3.75386762824241,0
3.75402272110426,0
3.75417781396611,0
3.75433290682796,0
3.75448799968981,0
3.75464309255167,0
3.75479818541352,0
3.75495327827537,0
3.75510837113722,0
3.75526346399907,0
3.75541855686092,0
3.75557364972277,0
3.75572874258462,0
3.75588383544647,0
3.75603892830832,0
3.75619402117018,0
3.75634911403203,0
3.75650420689388,0
3.75665929975573,0
3.75681439261758,0
3.75696948547943,0
3.75712457834128,0
3.75727967120313,0
3.75743476406498,0
3.75758985692684,0
3.75774494978869,0
3.75790004265054,0
3.75805513551239,0
3.75821022837424,0
3.75836532123609,0
3.75852041409794,0
3.75867550695979,0
3.75883059982164,0
3.75898569268349,0
3.75914078554535,0
3.7592958784072,0
3.75945097126905,0
3.7596060641309,0
3.75976115699275,0
3.7599162498546,0
3.76007134271645,0
3.7602264355783,0
3.76038152844015,0
3.760536621302,0
3.76069171416386,0
3.76084680702571,0
3.76100189988756,0
3.76115699274941,0
3.76131208561126,0
3.76146717847311,0
3.76162227133496,0
3.76177736419681,0
3.76193245705866,0
3.76208754992052,0
3.76224264278237,0
3.76239773564422,0
3.76255282850607,0
3.76270792136792,0
3.76286301422977,0
3.76301810709162,0
3.76317319995347,0
3.76332829281532,0
3.76348338567717,0
3.76363847853903,0
3.76379357140088,0
3.76394866426273,0
3.76410375712458,0
3.76425884998643,0
3.76441394284828,0
3.76456903571013,0
3.76472412857198,0
3.76487922143383,0
3.76503431429568,0
3.76518940715754,0
3.76534450001939,0
3.76549959288124,0
3.76565468574309,0
3.76580977860494,0
3.76596487146679,0
3.76611996432864,0
3.76627505719049,0
3.76643015005234,0
3.7665852429142,0
3.76674033577605,0
3.7668954286379,0
3.76705052149975,0
3.7672056143616,0
3.76736070722345,0
3.7675158000853,0
3.76767089294715,0
3.767825985809,0
3.76798107867085,0
3.76813617153271,0
3.76829126439456,0
3.76844635725641,0
3.76860145011826,0
3.76875654298011,0
3.76891163584196,0
3.76906672870381,0
3.76922182156566,0
3.76937691442751,0
3.76953200728936,0
3.76968710015122,0
3.76984219301307,0
3.76999728587492,0
3.77015237873677,0
3.77030747159862,0
3.77046256446047,0
3.77061765732232,0
3.77077275018417,0
3.77092784304602,0
3.77108293590788,0
3.77123802876973,0
3.77139312163158,0
3.77154821449343,0
3.77170330735528,0
3.77185840021713,0
3.77201349307898,0
3.77216858594083,0
3.77232367880268,0
3.77247877166453,0
3.77263386452639,0
3.77278895738824,0
3.77294405025009,0
3.77309914311194,0
3.77325423597379,0
3.77340932883564,0
3.77356442169749,0
3.77371951455934,0
3.77387460742119,0
3.77402970028304,0
3.7741847931449,0
3.77433988600675,0
3.7744949788686,0
3.77465007173045,0
3.7748051645923,0
3.77496025745415,0
3.775115350316,0
3.77527044317785,0
3.7754255360397,0
3.77558062890155,0
3.77573572176341,0
3.77589081462526,0
3.77604590748711,0
3.77620100034896,0
3.77635609321081,0
3.77651118607266,0
3.77666627893451,0
3.77682137179636,0
3.77697646465821,0
3.77713155752007,0
3.77728665038192,0
3.77744174324377,0
3.77759683610562,0
3.77775192896747,0
3.77790702182932,0
3.77806211469117,0
3.77821720755302,0
3.77837230041487,0
3.77852739327672,0
3.77868248613858,0
3.77883757900043,0
3.77899267186228,0
3.77914776472413,0
3.77930285758598,0
3.77945795044783,0
3.77961304330968,0
3.77976813617153,0
3.77992322903338,0
3.78007832189523,0
3.78023341475709,0
3.78038850761894,0
3.78054360048079,0
3.78069869334264,0
3.78085378620449,0
3.78100887906634,0
3.78116397192819,0
3.78131906479004,0
3.78147415765189,0
3.78162925051374,0
3.7817843433756,0
3.78193943623745,0
3.7820945290993,0
3.78224962196115,0
3.782404714823,0
3.78255980768485,0
3.7827149005467,0
3.78286999340855,0
3.7830250862704,0
3.78318017913226,0
3.78333527199411,0
3.78349036485596,0
3.78364545771781,0
3.78380055057966,0
3.78395564344151,0
3.78411073630336,0
3.78426582916521,0
3.78442092202706,0
3.78457601488891,0
3.78473110775077,0
3.78488620061262,0
3.78504129347447,0
3.78519638633632,0
3.78535147919817,0
3.78550657206002,0
3.78566166492187,0
3.78581675778372,0
3.78597185064557,0
3.78612694350742,0
3.78628203636928,0
3.78643712923113,0
3.78659222209298,0
3.78674731495483,0
3.78690240781668,0
3.78705750067853,0
3.78721259354038,0
3.78736768640223,0
3.78752277926408,0
3.78767787212594,0
3.78783296498779,0
3.78798805784964,0
3.78814315071149,0
3.78829824357334,0
3.78845333643519,0
3.78860842929704,0
3.78876352215889,0
3.78891861502074,0
3.78907370788259,0
3.78922880074445,0
3.7893838936063,0
3.78953898646815,0
3.78969407933,0
3.78984917219185,0
3.7900042650537,0
3.79015935791555,0
3.7903144507774,0
3.79046954363925,0
3.7906246365011,0
3.79077972936296,0
3.79093482222481,0
3.79108991508666,0
3.79124500794851,0
3.79140010081036,0
3.79155519367221,0
3.79171028653406,0
3.79186537939591,0
3.79202047225776,0
3.79217556511962,0
3.79233065798147,0
3.79248575084332,0
3.79264084370517,0
3.79279593656702,0
3.79295102942887,0
3.79310612229072,0
3.79326121515257,0
3.79341630801442,0
3.79357140087627,0
3.79372649373813,0
3.79388158659998,0
3.79403667946183,0
3.79419177232368,0
3.79434686518553,0
3.79450195804738,0
3.79465705090923,0
3.79481214377108,0
3.79496723663293,0
3.79512232949478,0
3.79527742235664,0
3.79543251521849,0
3.79558760808034,0
3.79574270094219,0
3.79589779380404,0
3.79605288666589,0
3.79620797952774,0
3.79636307238959,0
3.79651816525144,0
3.7966732581133,0
3.79682835097515,0
3.796983443837,0
3.79713853669885,0
3.7972936295607,0
3.79744872242255,24.2320392342001
3.7976038152844,0
3.79775890814625,0
3.7979140010081,0
3.79806909386995,0
3.79822418673181,0
3.79837927959366,0
3.79853437245551,0
3.79868946531736,0
3.79884455817921,0
3.79899965104106,0
3.79915474390291,0
3.79930983676476,0
3.79946492962661,0
3.79962002248846,0
3.79977511535032,0
3.79993020821217,0
3.80008530107402,0
3.80024039393587,0
3.80039548679772,0
3.80055057965957,0
3.80070567252142,0
3.80086076538327,0
3.80101585824512,0
3.80117095110698,0
3.80132604396883,0
3.80148113683068,0
3.80163622969253,0
3.80179132255438,0
3.80194641541623,0
3.80210150827808,0
3.80225660113993,0
3.80241169400178,0
3.80256678686363,0
3.80272187972549,0
3.80287697258734,0
3.80303206544919,0
3.80318715831104,0
3.80334225117289,0
3.80349734403474,0
3.80365243689659,0
3.80380752975844,0
3.80396262262029,0
3.80411771548214,0
3.804272808344,0
3.80442790120585,0
3.8045829940677,0
3.80473808692955,0
3.8048931797914,0
3.80504827265325,0
3.8052033655151,0
3.80535845837695,0
3.8055135512388,0
3.80566864410066,0
3.80582373696251,0
3.80597882982436,0
3.80613392268621,0
3.80628901554806,0
3.80644410840991,0
3.80659920127176,0
3.80675429413361,0
3.80690938699546,0
3.80706447985731,0
3.80721957271917,0
3.80737466558102,0
3.80752975844287,0
3.80768485130472,0
3.80783994416657,0
3.80799503702842,0
3.80815012989027,0
3.80830522275212,0
3.80846031561397,0
3.80861540847582,0
3.80877050133768,0
3.80892559419953,0
3.80908068706138,0
3.80923577992323,0
3.80939087278508,0
3.80954596564693,0
3.80970105850878,0
3.80985615137063,0
3.81001124423248,0
3.81016633709434,0
3.81032142995619,0
3.81047652281804,0
3.81063161567989,0
3.81078670854174,0
3.81094180140359,0
3.81109689426544,0
3.81125198712729,0
3.81140707998914,0
3.81156217285099,0
3.81171726571285,0
3.8118723585747,0
3.81202745143655,0
3.8121825442984,0
3.81233763716025,0
3.8124927300221,0
3.81264782288395,0
3.8128029157458,0
3.81295800860765,0
3.8131131014695,0
3.81326819433136,0
3.81342328719321,0
3.81357838005506,0
3.81373347291691,0
3.81388856577876,0
3.81404365864061,0
3.81419875150246,0
3.81435384436431,0
3.81450893722616,0
3.81466403008802,0
3.81481912294987,0
3.81497421581172,0
3.81512930867357,0
3.81528440153542,0
3.81543949439727,0
3.81559458725912,0
3.81574968012097,0
3.81590477298282,0
3.81605986584467,0
3.81621495870653,0
3.81637005156838,0
3.81652514443023,0
3.81668023729208,0
3.81683533015393,0
3.81699042301578,0
3.81714551587763,0
3.81730060873948,0
3.81745570160133,0
3.81761079446318,0
3.81776588732504,0
3.81792098018689,0
3.81807607304874,0
3.81823116591059,0
3.81838625877244,0
3.81854135163429,0
3.81869644449614,0
3.81885153735799,0
3.81900663021984,0
3.8191617230817,0
3.81931681594355,0
3.8194719088054,0
3.81962700166725,0
3.8197820945291,0
3.81993718739095,0
3.8200922802528,0
3.82024737311465,0
3.8204024659765,0
3.82055755883835,0
3.82071265170021,0
3.82086774456206,0
3.82102283742391,0
3.82117793028576,0
3.82133302314761,0
3.82148811600946,0
3.82164320887131,0
3.82179830173316,0
3.82195339459501,0
3.82210848745686,0
3.82226358031872,0
3.82241867318057,0
3.82257376604242,0
3.82272885890427,0
3.82288395176612,0
3.82303904462797,0
3.82319413748982,0
3.82334923035167,0
3.82350432321352,0
3.82365941607538,0
3.82381450893723,0
3.82396960179908,0
3.82412469466093,0
3.82427978752278,0
3.82443488038463,0
3.82458997324648,0
3.82474506610833,0
3.82490015897018,0
3.82505525183203,0
3.82521034469389,0
3.82536543755574,0
3.82552053041759,0
3.82567562327944,0
3.82583071614129,0
3.82598580900314,0
3.82614090186499,0
3.82629599472684,0
3.82645108758869,0
3.82660618045054,0
3.8267612733124,0
3.82691636617425,0
3.8270714590361,0
3.82722655189795,0
3.8273816447598,0
3.82753673762165,0
3.8276918304835,0
3.82784692334535,0
3.8280020162072,0
3.82815710906906,0
3.82831220193091,0
3.82846729479276,0
3.82862238765461,0
3.82877748051646,0
3.82893257337831,0
3.82908766624016,0
3.82924275910201,0
3.82939785196386,0
3.82955294482571,0
3.82970803768757,0
3.82986313054942,0
3.83001822341127,0
3.83017331627312,0
3.83032840913497,0
3.83048350199682,0
3.83063859485867,0
3.83079368772052,0
3.83094878058237,0
3.83110387344422,0
3.83125896630608,0
3.83141405916793,0
3.83156915202978,0
3.83172424489163,0
3.83187933775348,0
3.83203443061533,0
3.83218952347718,0
3.83234461633903,0
3.83249970920088,0
3.83265480206274,0
3.83280989492459,0
3.83296498778644,0
3.83312008064829,0
3.83327517351014,0
3.83343026637199,0
3.83358535923384,0
3.83374045209569,0
3.83389554495754,0
3.83405063781939,0
3.83420573068125,0
3.8343608235431,0
3.83451591640495,0
3.8346710092668,0
3.83482610212865,0
3.8349811949905,0
3.83513628785235,0
3.8352913807142,0
3.83544647357605,0
3.8356015664379,0
3.83575665929976,0
3.83591175216161,0
3.83606684502346,0
3.83622193788531,0
3.83637703074716,0
3.83653212360901,0
3.83668721647086,0
3.83684230933271,0
3.83699740219456,0
3.83715249505642,0
3.83730758791827,0
3.83746268078012,0
3.83761777364197,0
3.83777286650382,0
3.83792795936567,0
3.83808305222752,0
3.83823814508937,0
3.83839323795122,0
3.83854833081307,0
3.83870342367493,0
3.83885851653678,0
3.83901360939863,0
3.83916870226048,0
3.83932379512233,0
3.83947888798418,0
3.83963398084603,0
3.83978907370788,0
3.83994416656973,0
3.84009925943158,0
3.84025435229344,0
3.84040944515529,0
3.84056453801714,0
3.84071963087899,0
3.84087472374084,0
3.84102981660269,0
3.84118490946454,0
3.84134000232639,0
3.84149509518824,0
3.8416501880501,0
3.84180528091195,0
3.8419603737738,0
3.84211546663565,0
3.8422705594975,0
3.84242565235935,0
3.8425807452212,0
3.84273583808305,0
3.8428909309449,0
3.84304602380675,0
3.84320111666861,0
3.84335620953046,0
3.84351130239231,0
3.84366639525416,0
3.84382148811601,0
3.84397658097786,0
3.84413167383971,0
3.84428676670156,0
3.84444185956341,0
3.84459695242526,0
3.84475204528712,0
3.84490713814897,0
3.84506223101082,0
3.84521732387267,0
3.84537241673452,0
3.84552750959637,0
3.84568260245822,0
3.84583769532007,0
3.84599278818192,0
3.84614788104378,0
3.84630297390563,0
3.84645806676748,0
3.84661315962933,0
3.84676825249118,0
3.84692334535303,0
3.84707843821488,0
3.84723353107673,0
3.84738862393858,0
3.84754371680043,0
3.84769880966229,0
3.84785390252414,0
3.84800899538599,0
3.84816408824784,0
3.84831918110969,0
3.84847427397154,0
3.84862936683339,0
3.84878445969524,0
3.84893955255709,0
3.84909464541894,0
3.8492497382808,0
3.84940483114265,0
3.8495599240045,0
3.84971501686635,0
3.8498701097282,0
3.85002520259005,0
3.8501802954519,0
3.85033538831375,0
3.8504904811756,0
3.85064557403745,0
3.85080066689931,0
3.85095575976116,0
3.85111085262301,0
3.85126594548486,0
3.85142103834671,0
3.85157613120856,0
3.85173122407041,0
3.85188631693226,0
3.85204140979411,0
3.85219650265597,0
3.85235159551782,0
3.85250668837967,0
3.85266178124152,0
3.85281687410337,0
3.85297196696522,0
3.85312705982707,0
3.85328215268892,0
3.85343724555077,0
3.85359233841262,0
3.85374743127448,0
3.85390252413633,0
3.85405761699818,0
3.85421270986003,0
3.85436780272188,0
3.85452289558373,0
3.85467798844558,0
3.85483308130743,0
3.85498817416928,0
3.85514326703113,0
3.85529835989299,0
3.85545345275484,0
3.85560854561669,0
3.85576363847854,0
3.85591873134039,0
3.85607382420224,0
3.85622891706409,0
3.85638400992594,0
3.85653910278779,0
3.85669419564965,0
3.8568492885115,0
3.85700438137335,0
3.8571594742352,0
3.85731456709705,0
3.8574696599589,0
3.85762475282075,0
3.8577798456826,0
3.85793493854445,0
3.8580900314063,0
3.85824512426816,0
3.85840021713001,0
3.85855530999186,0
3.85871040285371,0
3.85886549571556,0
3.85902058857741,0
3.85917568143926,0
3.85933077430111,0
3.85948586716296,0
3.85964096002481,0
3.85979605288667,0
3.85995114574852,0
3.86010623861037,0
3.86026133147222,0
3.86041642433407,0
3.86057151719592,0
3.86072661005777,0
3.86088170291962,0
3.86103679578147,0
3.86119188864333,0
3.86134698150518,0
3.86150207436703,0
3.86165716722888,0
3.86181226009073,0
3.86196735295258,0
3.86212244581443,0
3.86227753867628,0
3.86243263153813,0
3.86258772439998,0
3.86274281726184,0
3.86289791012369,0
3.86305300298554,0
3.86320809584739,0
3.86336318870924,0
3.86351828157109,0
3.86367337443294,0
3.86382846729479,0
3.86398356015664,0
3.86413865301849,0
3.86429374588035,0
3.8644488387422,0
3.86460393160405,0
3.8647590244659,0
3.86491411732775,0
3.8650692101896,0
3.86522430305145,0
3.8653793959133,0
3.86553448877515,0
3.86568958163701,0
3.86584467449886,0
3.86599976736071,0
3.86615486022256,0
3.86630995308441,0
3.86646504594626,0
3.86662013880811,0
3.86677523166996,0
3.86693032453181,0
3.86708541739366,0
3.86724051025552,0
3.86739560311737,0
3.86755069597922,0
3.86770578884107,0
3.86786088170292,0
3.86801597456477,0
3.86817106742662,0
3.86832616028847,0
3.86848125315032,0
3.86863634601217,0
3.86879143887403,0
3.86894653173588,0
3.86910162459773,0
3.86925671745958,0
3.86941181032143,0
3.86956690318328,0
3.86972199604513,0
3.86987708890698,0
3.87003218176883,0
3.87018727463068,0
3.87034236749254,0
3.87049746035439,0
3.87065255321624,0
3.87080764607809,0
3.87096273893994,0
3.87111783180179,0
3.87127292466364,0
3.87142801752549,0
3.87158311038734,0
3.8717382032492,0
3.87189329611105,0
3.8720483889729,0
3.87220348183475,0
3.8723585746966,0
3.87251366755845,0
3.8726687604203,0
3.87282385328215,0
3.872978946144,0
3.87313403900585,0
3.87328913186771,0
3.87344422472956,0
3.87359931759141,0
3.87375441045326,0
3.87390950331511,0
3.87406459617696,0
3.87421968903881,0
3.87437478190066,0
3.87452987476251,0
3.87468496762436,0
3.87484006048622,0
3.87499515334807,0
3.87515024620992,0
3.87530533907177,0
3.87546043193362,0
3.87561552479547,0
3.87577061765732,0
3.87592571051917,0
3.87608080338102,0
3.87623589624288,0
3.87639098910473,0
3.87654608196658,0
3.87670117482843,0
3.87685626769028,0
3.87701136055213,0
3.87716645341398,0
3.87732154627583,0
3.87747663913768,0
3.87763173199953,0
3.87778682486139,0
3.87794191772324,0
3.87809701058509,0
3.87825210344694,0
3.87840719630879,0
3.87856228917064,0
3.87871738203249,0
3.87887247489434,0
3.87902756775619,0
3.87918266061804,0
3.8793377534799,0
3.87949284634175,0
3.8796479392036,0
3.87980303206545,0
3.8799581249273,0
3.88011321778915,0
3.880268310651,0
3.88042340351285,0
3.8805784963747,0
3.88073358923656,0
3.88088868209841,0
3.88104377496026,0
3.88119886782211,0
3.88135396068396,0
3.88150905354581,0
3.88166414640766,0
3.88181923926951,0
3.88197433213136,0
3.88212942499321,0
3.88228451785507,0
3.88243961071692,0
3.88259470357877,0
3.88274979644062,0
3.88290488930247,0
3.88305998216432,0
3.88321507502617,0
3.88337016788802,0
3.88352526074987,0
3.88368035361172,0
3.88383544647358,0
3.88399053933543,0
3.88414563219728,0
3.88430072505913,0
3.88445581792098,0
3.88461091078283,0
3.88476600364468,0
3.88492109650653,0
3.88507618936838,0
3.88523128223024,0
3.88538637509209,0
3.88554146795394,0
3.88569656081579,0
3.88585165367764,0
3.88600674653949,0
3.88616183940134,0
3.88631693226319,0
3.88647202512504,0
3.88662711798689,0
3.88678221084875,0
3.8869373037106,0
3.88709239657245,0
3.8872474894343,0
3.88740258229615,0
3.887557675158,0
3.88771276801985,0
3.8878678608817,0
3.88802295374355,0
3.8881780466054,0
3.88833313946726,0
3.88848823232911,0
3.88864332519096,0
3.88879841805281,0
3.88895351091466,0
3.88910860377651,0
3.88926369663836,0
3.88941878950021,0
3.88957388236206,0
3.88972897522392,0
3.88988406808577,0
3.89003916094762,0
3.89019425380947,0
3.89034934667132,0
3.89050443953317,0
3.89065953239502,0
3.89081462525687,0
3.89096971811872,0
3.89112481098057,0
3.89127990384243,0
3.89143499670428,0
3.89159008956613,0
3.89174518242798,0
3.89190027528983,0
3.89205536815168,0
3.89221046101353,0
3.89236555387538,0
3.89252064673723,0
3.89267573959908,0
3.89283083246094,0
3.89298592532279,0
3.89314101818464,0
3.89329611104649,0
3.89345120390834,0
3.89360629677019,0
3.89376138963204,0
3.89391648249389,0
3.89407157535574,0
3.8942266682176,0
3.89438176107945,0
3.8945368539413,0
3.89469194680315,0
3.894847039665,0
3.89500213252685,0
3.8951572253887,0
3.89531231825055,0
3.8954674111124,0
3.89562250397425,0
3.89577759683611,0
3.89593268969796,0
3.89608778255981,0
3.89624287542166,0
3.89639796828351,0
3.89655306114536,0
3.89670815400721,0
3.89686324686906,0
3.89701833973091,0
3.89717343259276,0
3.89732852545462,0
3.89748361831647,0
3.89763871117832,0
3.89779380404017,0
3.89794889690202,0
3.89810398976387,0
3.89825908262572,0
3.89841417548757,0
3.89856926834942,0
3.89872436121128,0
3.89887945407313,0
3.89903454693498,0
3.89918963979683,0
3.89934473265868,0
3.89949982552053,0
3.89965491838238,0
3.89981001124423,0
3.89996510410608,0
3.90012019696793,0
3.90027528982979,0
3.90043038269164,0
3.90058547555349,0
3.90074056841534,0
3.90089566127719,0
3.90105075413904,0
3.90120584700089,0
3.90136093986274,0
3.90151603272459,0
3.90167112558644,0
3.9018262184483,0
3.90198131131015,0
3.902136404172,0
3.90229149703385,0
3.9024465898957,0
3.90260168275755,0
3.9027567756194,0
3.90291186848125,0
3.9030669613431,0
3.90322205420496,0
3.90337714706681,0
3.90353223992866,0
3.90368733279051,0
3.90384242565236,0
3.90399751851421,0
3.90415261137606,0
3.90430770423791,0
3.90446279709976,0
3.90461788996161,0
3.90477298282347,0
3.90492807568532,0
3.90508316854717,0
3.90523826140902,0
3.90539335427087,0
3.90554844713272,0
3.90570353999457,0
3.90585863285642,0
3.90601372571827,0
3.90616881858012,0
3.90632391144198,0
3.90647900430383,0
3.90663409716568,0
3.90678919002753,0
3.90694428288938,0
3.90709937575123,0
3.90725446861308,0
3.90740956147493,0
3.90756465433678,0
3.90771974719864,0
3.90787484006049,0
3.90802993292234,0
3.90818502578419,0
3.90834011864604,0
3.90849521150789,0
3.90865030436974,0
3.90880539723159,0
3.90896049009344,0
3.90911558295529,0
3.90927067581715,0
3.909425768679,0
3.90958086154085,0
3.9097359544027,0
3.90989104726455,0
3.9100461401264,0
3.91020123298825,0
3.9103563258501,0
3.91051141871195,0
3.9106665115738,0
3.91082160443566,0
3.91097669729751,0
3.91113179015936,0
3.91128688302121,0
3.91144197588306,0
3.91159706874491,0
3.91175216160676,0
3.91190725446861,0
3.91206234733046,0
3.91221744019232,0
3.91237253305417,0
3.91252762591602,0
3.91268271877787,0
3.91283781163972,0
3.91299290450157,0
3.91314799736342,0
3.91330309022527,0
3.91345818308712,0
3.91361327594897,0
3.91376836881083,0
3.91392346167268,0
3.91407855453453,0
3.91423364739638,0
3.91438874025823,0
3.91454383312008,0
3.91469892598193,0
3.91485401884378,0
3.91500911170563,0
3.91516420456748,0
3.91531929742934,0
3.91547439029119,0
3.91562948315304,0
3.91578457601489,0
3.91593966887674,0
3.91609476173859,0
3.91624985460044,0
3.91640494746229,0
3.91656004032414,0
3.916715133186,0
3.91687022604785,0
3.9170253189097,0
3.91718041177155,0
3.9173355046334,0
3.91749059749525,0
3.9176456903571,0
3.91780078321895,0
3.9179558760808,0
3.91811096894265,0
3.91826606180451,0
3.91842115466636,0
3.91857624752821,0
3.91873134039006,0
3.91888643325191,0
3.91904152611376,0
3.91919661897561,0
3.91935171183746,0
3.91950680469931,0
3.91966189756116,0
3.91981699042302,0
3.91997208328487,0
3.92012717614672,0
3.92028226900857,0
3.92043736187042,0
3.92059245473227,0
3.92074754759412,0
3.92090264045597,0
3.92105773331782,0
3.92121282617968,0
3.92136791904153,0
3.92152301190338,0
3.92167810476523,0
3.92183319762708,0
3.92198829048893,0
3.92214338335078,0
3.92229847621263,0
3.92245356907448,0
3.92260866193633,0
3.92276375479819,0
3.92291884766004,0
3.92307394052189,0
3.92322903338374,0
3.92338412624559,0
3.92353921910744,0
3.92369431196929,0
3.92384940483114,0
3.92400449769299,0
3.92415959055484,0
3.9243146834167,0
3.92446977627855,0
3.9246248691404,0
3.92477996200225,0
3.9249350548641,0
3.92509014772595,0
3.9252452405878,0
3.92540033344965,0
3.9255554263115,0
3.92571051917336,0
3.92586561203521,0
3.92602070489706,0
3.92617579775891,0
3.92633089062076,0
3.92648598348261,0
3.92664107634446,0
3.92679616920631,0
3.92695126206816,0
3.92710635493001,0
3.92726144779187,0
3.92741654065372,0
3.92757163351557,0
3.92772672637742,0
3.92788181923927,0
3.92803691210112,0
3.92819200496297,0
3.92834709782482,0
3.92850219068667,0
3.92865728354852,0
3.92881237641038,0
3.92896746927223,0
3.92912256213408,0
3.92927765499593,0
3.92943274785778,0
3.92958784071963,0
3.92974293358148,0
3.92989802644333,0
3.93005311930518,0
3.93020821216703,0
3.93036330502889,0
3.93051839789074,0
3.93067349075259,0
3.93082858361444,0
3.93098367647629,0
3.93113876933814,0
3.93129386219999,0
3.93144895506184,0
3.93160404792369,0
3.93175914078555,0
3.9319142336474,0
3.93206932650925,0
3.9322244193711,0
3.93237951223295,0
3.9325346050948,0
3.93268969795665,0
3.9328447908185,0
3.93299988368035,0
3.9331549765422,0
3.93331006940406,0
3.93346516226591,0
3.93362025512776,0
3.93377534798961,0
3.93393044085146,0
3.93408553371331,0
3.93424062657516,0
3.93439571943701,0
3.93455081229886,0
3.93470590516071,0
3.93486099802257,0
3.93501609088442,0
3.93517118374627,0
3.93532627660812,0
3.93548136946997,0
3.93563646233182,0
3.93579155519367,0
3.93594664805552,0
3.93610174091737,0
3.93625683377923,0
3.93641192664108,0
3.93656701950293,0
3.93672211236478,0
3.93687720522663,0
3.93703229808848,0
3.93718739095033,0
3.93734248381218,0
3.93749757667403,0
3.93765266953588,0
3.93780776239774,0
3.93796285525959,0
3.93811794812144,0
3.93827304098329,0
3.93842813384514,0
3.93858322670699,0
3.93873831956884,0
3.93889341243069,0
3.93904850529254,0
3.93920359815439,0
3.93935869101625,0
3.9395137838781,0
3.93966887673995,0
3.9398239696018,0
3.93997906246365,0
3.9401341553255,0
3.94028924818735,0
3.9404443410492,0
3.94059943391105,0
3.94075452677291,0
3.94090961963476,0
3.94106471249661,0
3.94121980535846,0
3.94137489822031,0
3.94152999108216,0
3.94168508394401,0
3.94184017680586,0
3.94199526966771,0
3.94215036252956,0
3.94230545539142,0
3.94246054825327,0
3.94261564111512,0
3.94277073397697,0
3.94292582683882,0
3.94308091970067,0
3.94323601256252,0
3.94339110542437,0
3.94354619828622,0
3.94370129114807,0
3.94385638400993,0
3.94401147687178,0
3.94416656973363,0
3.94432166259548,0
3.94447675545733,0
3.94463184831918,0
3.94478694118103,0
3.94494203404288,0
3.94509712690473,0
3.94525221976659,0
3.94540731262844,0
3.94556240549029,0
3.94571749835214,0
3.94587259121399,0
3.94602768407584,0
3.94618277693769,0
3.94633786979954,0
3.94649296266139,0
3.94664805552324,0
3.9468031483851,0
3.94695824124695,0
3.9471133341088,0
3.94726842697065,0
3.9474235198325,0
3.94757861269435,0
3.9477337055562,0
3.94788879841805,0
3.9480438912799,0
3.94819898414175,0
3.94835407700361,0
3.94850916986546,0
3.94866426272731,0
3.94881935558916,0
3.94897444845101,0
3.94912954131286,0
3.94928463417471,0
3.94943972703656,0
3.94959481989841,0
3.94974991276027,0
3.94990500562212,0
3.95006009848397,0
3.95021519134582,0
3.95037028420767,0
3.95052537706952,0
3.95068046993137,0
3.95083556279322,0
3.95099065565507,0
3.95114574851692,0
3.95130084137878,0
3.95145593424063,0
3.95161102710248,0
3.95176611996433,0
3.95192121282618,0
3.95207630568803,0
3.95223139854988,0
3.95238649141173,0
3.95254158427358,0
3.95269667713543,0
3.95285176999729,0
3.95300686285914,0
3.95316195572099,0
3.95331704858284,0
3.95347214144469,0
3.95362723430654,0
3.95378232716839,0
3.95393742003024,0
3.95409251289209,0
3.95424760575395,0
3.9544026986158,0
3.95455779147765,0
3.9547128843395,0
3.95486797720135,0
3.9550230700632,0
3.95517816292505,0
3.9553332557869,0
3.95548834864875,0
3.9556434415106,0
3.95579853437246,0
3.95595362723431,0
3.95610872009616,0
3.95626381295801,0
3.95641890581986,0
3.95657399868171,0
3.95672909154356,0
3.95688418440541,0
3.95703927726726,0
3.95719437012911,0
3.95734946299097,0
3.95750455585282,0
3.95765964871467,0
3.95781474157652,0
3.95796983443837,0
3.95812492730022,0
3.95828002016207,0
3.95843511302392,0
3.95859020588577,0
3.95874529874763,0
3.95890039160948,0
3.95905548447133,0
3.95921057733318,0
3.95936567019503,0
3.95952076305688,0
3.95967585591873,0
3.95983094878058,0
3.95998604164243,0
3.96014113450428,0
3.96029622736614,0
3.96045132022799,0
3.96060641308984,0
3.96076150595169,0
3.96091659881354,0
3.96107169167539,0
3.96122678453724,0
3.96138187739909,0
3.96153697026094,0
3.96169206312279,0
3.96184715598465,0
3.9620022488465,0
3.96215734170835,0
3.9623124345702,0
3.96246752743205,0
3.9626226202939,0
3.96277771315575,0
3.9629328060176,0
3.96308789887945,0
3.96324299174131,0
3.96339808460316,0
3.96355317746501,0
3.96370827032686,0
3.96386336318871,0
3.96401845605056,0
3.96417354891241,0
3.96432864177426,0
3.96448373463611,0
3.96463882749796,0
3.96479392035982,0
3.96494901322167,0
3.96510410608352,0
3.96525919894537,0
3.96541429180722,0
3.96556938466907,0
3.96572447753092,0
3.96587957039277,0
3.96603466325462,0
3.96618975611647,0
3.96634484897833,0
3.96649994184018,0
3.96665503470203,0
3.96681012756388,0
3.96696522042573,0
3.96712031328758,0
3.96727540614943,0
3.96743049901128,0
3.96758559187313,0
3.96774068473499,0
3.96789577759684,0
3.96805087045869,0
3.96820596332054,0
3.96836105618239,0
3.96851614904424,0
3.96867124190609,0
3.96882633476794,0
3.96898142762979,0
3.96913652049164,0
3.9692916133535,0
3.96944670621535,0
3.9696017990772,0
3.96975689193905,0
3.9699119848009,0
3.97006707766275,0
3.9702221705246,0
3.97037726338645,0
3.9705323562483,0
3.97068744911015,0
3.97084254197201,0
3.97099763483386,0
3.97115272769571,0
3.97130782055756,0
3.97146291341941,0
3.97161800628126,0
3.97177309914311,0
3.97192819200496,0
3.97208328486681,0
3.97223837772867,0
3.97239347059052,0
3.97254856345237,0
3.97270365631422,0
3.97285874917607,0
3.97301384203792,0
3.97316893489977,0
3.97332402776162,0
3.97347912062347,0
3.97363421348532,0
3.97378930634718,0
3.97394439920903,0
3.97409949207088,0
3.97425458493273,0
3.97440967779458,0
3.97456477065643,0
3.97471986351828,0
3.97487495638013,0
3.97503004924198,0
3.97518514210383,0
3.97534023496569,0
3.97549532782754,0
3.97565042068939,0
3.97580551355124,0
3.97596060641309,0
3.97611569927494,0
3.97627079213679,0
3.97642588499864,0
3.97658097786049,0
3.97673607072235,0
3.9768911635842,0
3.97704625644605,0
3.9772013493079,0
3.97735644216975,0
3.9775115350316,0
3.97766662789345,0
3.9778217207553,0
3.97797681361715,0
3.978131906479,0
3.97828699934086,0
3.97844209220271,0
3.97859718506456,0
3.97875227792641,0
3.97890737078826,0
3.97906246365011,0
3.97921755651196,0
3.97937264937381,0
3.97952774223566,0
3.97968283509751,0
3.97983792795937,0
3.97999302082122,0
3.98014811368307,0
3.98030320654492,0
3.98045829940677,0
3.98061339226862,0
3.98076848513047,0
3.98092357799232,0
3.98107867085417,0
3.98123376371603,0
3.98138885657788,0
3.98154394943973,0
3.98169904230158,0
3.98185413516343,0
3.98200922802528,0
3.98216432088713,0
3.98231941374898,0
3.98247450661083,0
3.98262959947268,0
3.98278469233454,0
3.98293978519639,0
3.98309487805824,0
3.98324997092009,0
3.98340506378194,0
3.98356015664379,0
3.98371524950564,0
3.98387034236749,0
3.98402543522934,0
3.98418052809119,0
3.98433562095305,0
3.9844907138149,0
3.98464580667675,0
3.9848008995386,0
3.98495599240045,0
3.9851110852623,0
3.98526617812415,0
3.985421270986,0
3.98557636384785,0
3.98573145670971,0
3.98588654957156,0
3.98604164243341,0
3.98619673529526,0
3.98635182815711,0
3.98650692101896,0
3.98666201388081,0
3.98681710674266,0
3.98697219960451,0
3.98712729246636,0
3.98728238532822,0
3.98743747819007,0
3.98759257105192,0
3.98774766391377,0
3.98790275677562,0
3.98805784963747,0
3.98821294249932,0
3.98836803536117,0
3.98852312822302,0
3.98867822108487,0
3.98883331394673,0
3.98898840680858,0
3.98914349967043,0
3.98929859253228,0
3.98945368539413,0
3.98960877825598,0
3.98976387111783,0
3.98991896397968,0
3.99007405684153,0
3.99022914970339,0
3.99038424256524,0
3.99053933542709,0
3.99069442828894,0
3.99084952115079,0
3.99100461401264,0
3.99115970687449,0
3.99131479973634,0
3.99146989259819,0
3.99162498546004,0
3.9917800783219,0
3.99193517118375,0
3.9920902640456,0
3.99224535690745,0
3.9924004497693,0
3.99255554263115,0
3.992710635493,0
3.99286572835485,0
3.9930208212167,0
3.99317591407855,0
3.99333100694041,0
3.99348609980226,0
3.99364119266411,0
3.99379628552596,0
3.99395137838781,0
3.99410647124966,0
3.99426156411151,0
3.99441665697336,0
3.99457174983521,0
3.99472684269707,0
3.99488193555892,0
3.99503702842077,0
3.99519212128262,0
3.99534721414447,0
3.99550230700632,0
3.99565739986817,0
3.99581249273002,0
3.99596758559187,0
3.99612267845372,0
3.99627777131558,0
3.99643286417743,0
3.99658795703928,0
3.99674304990113,24.4576848195753
3.99689814276298,0
3.99705323562483,0
3.99720832848668,0
3.99736342134853,0
3.99751851421038,0
3.99767360707223,0
3.99782869993409,0
3.99798379279594,0
3.99813888565779,0
3.99829397851964,0
3.99844907138149,0
3.99860416424334,0
3.99875925710519,0
3.99891434996704,0
3.99906944282889,0
3.99922453569074,0
3.9993796285526,0
3.99953472141445,0
3.9996898142763,0
3.99984490713815,0
4,0
