index,CH1_Voltage(mV)
1,0
2,-4
3,0
4,0
5,0
6,2
7,0
8,0
9,0
10,0
11,0
12,0
13,0
14,0
15,-4
16,0
17,0
18,0
19,0
20,2
21,0
22,0
23,2
24,0
25,10
26,0
27,0
28,-4
29,0
30,0
31,-4
32,-4
33,0
34,-4
35,-4
36,-4
37,0
38,8
39,2
40,-8
41,-4
42,0
43,0
44,0
45,0
46,0
47,-4
48,-8
49,0
50,-4
51,0
52,-4
53,0
54,-4
55,0
56,0
57,0
58,2
59,0
60,0
61,0
62,0
63,-4
64,-4
65,0
66,0
67,4
68,-4
69,-4
70,-4
71,2
72,0
73,0
74,0
75,-4
76,0
77,0
78,-4
79,-4
80,8
81,-4
82,-4
83,-8
84,-4
85,-4
86,6
87,0
88,0
89,6
90,0
91,0
92,-8
93,0
94,-4
95,0
96,-4
97,2
98,0
99,0
100,0
101,-4
102,0
103,0
104,0
105,0
106,0
107,2
108,0
109,0
110,4
111,0
112,0
113,0
114,0
115,-4
116,0
117,0
118,-8
119,0
120,0
121,0
122,2
123,0
124,2
125,2
126,4
127,10
128,0
129,0
130,-4
131,0
132,0
133,-4
134,0
135,0
136,0
137,-4
138,-4
139,-4
140,0
141,10
142,0
143,-4
144,0
145,0
146,6
147,-4
148,0
149,-4
150,0
151,2
152,4
153,0
154,-8
155,0
156,0
157,-4
158,0
159,0
160,-4
161,0
162,-4
163,0
164,-8
165,-4
166,0
167,-4
168,-8
169,-4
170,0
171,0
172,0
173,-4
174,0
175,0
176,0
177,0
178,-4
179,4
180,-4
181,0
182,-4
183,-4
184,-4
185,-4
186,0
187,-4
188,0
189,0
190,0
191,-4
192,0
193,-12
194,0
195,-4
196,0
197,0
198,0
199,0
200,0
201,-4
202,0
203,0
204,0
205,2
206,0
207,-4
208,0
209,2
210,0
211,0
212,0
213,0
214,0
215,0
216,2
217,4
218,0
219,4
220,0
221,4
222,0
223,0
224,-8
225,0
226,6
227,0
228,-4
229,0
230,2
231,0
232,-10
233,0
234,0
235,0
236,10
237,0
238,0
239,0
240,0
241,2
242,-10
243,0
244,0
245,-4
246,-4
247,0
248,0
249,0
250,0
251,-4
252,-4
253,-8
254,-4
255,0
256,0
257,0
258,0
259,0
260,0
261,-4
262,0
263,-4
264,-4
265,0
266,-4
267,0
268,2
269,-4
270,0
271,-4
272,-4
273,-4
274,0
275,-4
276,0
277,0
278,-8
279,-4
280,0
281,-4
282,-4
283,-4
284,0
285,0
286,0
287,-4
288,0
289,-4
290,0
291,-4
292,0
293,0
294,0
295,0
296,4
297,0
298,0
299,-4
300,-4
301,0
302,0
303,0
304,0
305,0
306,0
307,-4
308,0
309,0
310,0
311,0
312,0
313,0
314,0
315,-4
316,0
317,0
318,0
319,0
320,0
321,6
322,-14
323,0
324,0
325,10
326,0
327,0
328,-4
329,-4
330,0
331,6
332,0
333,0
334,0
335,-4
336,0
337,0
338,10
339,0
340,10
341,2
342,-4
343,0
344,-8
345,0
346,0
347,10
348,0
349,0
350,0
351,0
352,0
353,0
354,0
355,-4
356,-4
357,-4
358,-4
359,0
360,4
361,0
362,0
363,-4
364,0
365,-4
366,0
367,-4
368,-4
369,-4
370,-4
371,0
372,-4
373,-4
374,0
375,0
376,-4
377,-14
378,-4
379,0
380,-14
381,-4
382,-4
383,-14
384,0
385,0
386,-4
387,0
388,-4
389,8
390,0
391,0
392,0
393,0
394,0
395,0
396,-4
397,0
398,0
399,-4
400,0
401,0
402,0
403,-4
404,0
405,0
406,0
407,-4
408,0
409,-4
410,6
411,0
412,0
413,0
414,0
415,0
416,0
417,-4
418,-4
419,2
420,0
421,0
422,0
423,0
424,4
425,0
426,0
427,-4
428,0
429,-4
430,10
431,0
432,0
433,0
434,0
435,-4
436,4
437,-4
438,0
439,0
440,0
441,0
442,0
443,0
444,2
445,0
446,0
447,-4
448,-4
449,-4
450,-4
451,2
452,0
453,-4
454,0
455,-4
456,0
457,0
458,0
459,-4
460,4
461,-4
462,2
463,0
464,0
465,0
466,-4
467,0
468,0
469,0
470,0
471,0
472,-4
473,-4
474,-4
475,-4
476,0
477,0
478,-4
479,6
480,0
481,-4
482,0
483,-4
484,-4
485,-14
486,-4
487,0
488,2
489,-4
490,0
491,0
492,-4
493,0
494,-8
495,0
496,0
497,10
498,0
499,0
500,0
501,0
502,0
503,-4
504,-4
505,0
506,0
507,0
508,0
509,0
510,0
511,0
512,0
513,0
514,0
515,0
516,0
517,0
518,14
519,0
520,0
521,2
522,-4
523,0
524,0
525,0
526,0
527,0
528,0
529,0
530,0
531,0
532,2
533,0
534,0
535,6
536,-4
537,-4
538,2
539,0
540,0
541,-4
542,-8
543,0
544,0
545,-4
546,14
547,0
548,0
549,4
550,6
551,-4
552,0
553,0
554,0
555,0
556,-4
557,0
558,-4
559,-4
560,0
561,0
562,-4
563,0
564,0
565,0
566,0
567,0
568,-4
569,0
570,-4
571,0
572,0
573,-4
574,0
575,-8
576,0
577,0
578,-4
579,0
580,-4
581,-4
582,-4
583,0
584,0
585,-4
586,-4
587,-4
588,0
589,0
590,0
591,-8
592,0
593,0
594,0
595,0
596,0
597,0
598,-8
599,0
600,0
601,10
602,0
603,-4
604,-4
605,0
606,0
607,0
608,0
609,-4
610,-4
611,6
612,0
613,0
614,8
615,0
616,-4
617,0
618,0
619,6
620,0
621,2
622,2
623,4
624,0
625,0
626,0
627,-6
628,0
629,2
630,-4
631,0
632,0
633,2
634,-14
635,0
636,0
637,-4
638,0
639,0
640,8
641,0
642,0
643,0
644,10
645,0
646,0
647,0
648,-4
649,0
650,0
651,0
652,0
653,0
654,0
655,-4
656,-6
657,-4
658,-4
659,-4
660,-4
661,6
662,0
663,-4
664,-14
665,0
666,0
667,0
668,0
669,0
670,-4
671,4
672,0
673,6
674,-4
675,0
676,0
677,-4
678,-4
679,-4
680,-4
681,-4
682,0
683,-4
684,-4
685,2
686,0
687,0
688,0
689,0
690,0
691,-4
692,-12
693,0
694,0
695,0
696,0
697,0
698,0
699,0
700,0
701,0
702,-4
703,0
704,0
705,0
706,0
707,0
708,0
709,0
710,0
711,-8
712,0
713,-4
714,-4
715,-4
716,0
717,-4
718,0
719,2
720,-4
721,4
722,0
723,0
724,6
725,0
726,0
727,2
728,0
729,0
730,0
731,0
732,0
733,0
734,0
735,0
736,6
737,0
738,0
739,0
740,-4
741,8
742,-4
743,0
744,0
745,0
746,0
747,-8
748,0
749,-4
750,0
751,0
752,-4
753,0
754,-4
755,0
756,0
757,-4
758,-4
759,4
760,0
761,14
762,-4
763,-4
764,0
765,0
766,0
767,-4
768,0
769,-4
770,-4
771,-4
772,0
773,0
774,0
775,0
776,-14
777,0
778,-4
779,0
780,-4
781,0
782,-4
783,-4
784,-8
785,0
786,-4
787,-4
788,0
789,0
790,10
791,0
792,0
793,0
794,14
795,0
796,0
797,0
798,0
799,0
800,0
801,-4
802,-4
803,0
804,0
805,0
806,0
807,2
808,0
809,-6
810,0
811,0
812,0
813,-4
814,2
815,0
816,-4
817,-4
818,4
819,4
820,4
821,2
822,0
823,0
824,0
825,0
826,2
827,0
828,-4
829,0
830,0
831,0
832,-4
833,0
834,-4
835,-4
836,0
837,0
838,0
839,0
840,0
841,0
842,6
843,0
844,0
845,0
846,6
847,0
848,-4
849,-4
850,0
851,0
852,-8
853,0
854,0
855,0
856,6
857,-4
858,0
859,0
860,-4
861,0
862,0
863,-4
864,0
865,0
866,0
867,-4
868,0
869,-4
870,-4
871,0
872,-4
873,-4
874,-4
875,0
876,0
877,0
878,0
879,0
880,0
881,0
882,-4
883,0
884,-4
885,0
886,-4
887,-6
888,-4
889,0
890,0
891,0
892,0
893,0
894,-4
895,0
896,0
897,-8
898,0
899,0
900,0
901,0
902,-4
903,0
904,0
905,0
906,0
907,0
908,0
909,2
910,0
911,0
912,0
913,0
914,2
915,-4
916,0
917,0
918,0
919,0
920,4
921,0
922,8
923,-4
924,0
925,-8
926,0
927,6
928,0
929,-4
930,2
931,0
932,-4
933,0
934,2
935,2
936,-4
937,0
938,4
939,0
940,-4
941,0
942,0
943,-4
944,6
945,10
946,0
947,0
948,-4
949,-4
950,-4
951,-4
952,0
953,2
954,0
955,0
956,-4
957,-4
958,0
959,2
960,-4
961,-4
962,-4
963,0
964,-4
965,-4
966,-4
967,0
968,-4
969,-4
970,0
971,0
972,6
973,-4
974,-4
975,0
976,-4
977,0
978,0
979,2
980,-4
981,0
982,-4
983,0
984,-4
985,0
986,0
987,0
988,-4
989,0
990,0
991,0
992,-6
993,0
994,0
995,0
996,0
997,-4
998,0
999,0
1000,0
1001,0
1002,6
1003,0
1004,0
1005,0
1006,0
1007,0
1008,4
1009,0
1010,0
1011,0
1012,0
1013,6
1014,0
1015,0
1016,0
1017,0
1018,2
1019,6
1020,0
1021,14
1022,0
1023,0
1024,-4
1025,0
1026,-4
1027,0
1028,0
1029,4
1030,0
1031,4
1032,0
1033,2
1034,0
1035,0
1036,0
1037,0
1038,0
1039,6
1040,2
1041,-8
1042,-4
1043,0
1044,0
1045,0
1046,0
1047,-4
1048,0
1049,0
1050,0
1051,0
1052,0
1053,-4
1054,0
1055,0
1056,0
1057,-4
1058,-4
1059,0
1060,-4
1061,-4
1062,0
1063,4
1064,0
1065,-4
1066,-4
1067,-4
1068,-4
1069,8
1070,0
1071,0
1072,-4
1073,0
1074,-4
1075,-4
1076,-6
1077,0
1078,0
1079,-4
1080,-4
1081,-4
1082,-4
1083,-4
1084,0
1085,-4
1086,0
1087,-4
1088,6
1089,-4
1090,0
1091,0
1092,0
1093,0
1094,-4
1095,0
1096,0
1097,0
1098,0
1099,0
1100,2
1101,0
1102,0
1103,0
1104,-4
1105,0
1106,0
1107,-4
1108,0
1109,0
1110,0
1111,-4
1112,4
1113,2
1114,0
1115,2
1116,0
1117,0
1118,0
1119,2
1120,-4
1121,0
1122,2
1123,0
1124,0
1125,0
1126,0
1127,0
1128,0
1129,0
1130,0
1131,0
1132,0
1133,0
1134,-4
1135,10
1136,0
1137,-4
1138,10
1139,0
1140,0
1141,0
1142,-8
1143,0
1144,0
1145,0
1146,0
1147,-4
1148,-4
1149,2
1150,0
1151,0
1152,0
1153,0
1154,0
1155,-4
1156,-4
1157,-4
1158,0
1159,-4
1160,0
1161,0
1162,4
1163,0
1164,-4
1165,-4
1166,-4
1167,0
1168,-4
1169,0
1170,-6
1171,-6
1172,0
1173,0
1174,-4
1175,2
1176,-4
1177,0
1178,0
1179,0
1180,6
1181,0
1182,-6
1183,-4
1184,0
1185,-4
1186,4
1187,0
1188,0
1189,-4
1190,0
1191,-4
1192,0
1193,2
1194,0
1195,0
1196,0
1197,0
1198,0
1199,0
1200,0
1201,0
1202,0
1203,-4
1204,0
1205,0
1206,0
1207,0
1208,0
1209,0
1210,0
1211,0
1212,0
1213,0
1214,0
1215,0
1216,2
1217,6
1218,0
1219,0
1220,4
1221,0
1222,0
1223,-4
1224,0
1225,0
1226,0
1227,-8
1228,0
1229,0
1230,-8
1231,0
1232,2
1233,6
1234,-4
1235,0
1236,0
1237,6
1238,4
1239,0
1240,6
1241,0
1242,0
1243,6
1244,-4
1245,2
1246,8
1247,0
1248,-4
1249,0
1250,-4
1251,0
1252,-4
1253,0
1254,0
1255,0
1256,-4
1257,-4
1258,-4
1259,0
1260,0
1261,-4
1262,0
1263,-4
1264,-4
1265,0
1266,-4
1267,0
1268,-4
1269,0
1270,-4
1271,0
1272,0
1273,0
1274,-4
1275,0
1276,-4
1277,-4
1278,0
1279,0
1280,0
1281,0
1282,-4
1283,0
1284,0
1285,0
1286,0
1287,0
1288,0
1289,0
1290,0
1291,0
1292,-4
1293,0
1294,0
1295,0
1296,-4
1297,4
1298,-4
1299,-4
1300,2
1301,-4
1302,0
1303,0
1304,0
1305,2
1306,0
1307,0
1308,0
1309,0
1310,0
1311,0
1312,0
1313,0
1314,0
1315,0
1316,-4
1317,6
1318,6
1319,0
1320,4
1321,-4
1322,0
1323,0
1324,0
1325,0
1326,2
1327,0
1328,-4
1329,14
1330,4
1331,0
1332,-4
1333,0
1334,0
1335,4
1336,-4
1337,-4
1338,4
1339,0
1340,-4
1341,2
1342,0
1343,0
1344,0
1345,0
1346,0
1347,-4
1348,0
1349,0
1350,0
1351,6
1352,0
1353,-4
1354,0
1355,-4
1356,0
1357,-4
1358,0
1359,0
1360,-4
1361,0
1362,-4
1363,-4
1364,-4
1365,0
1366,0
1367,0
1368,6
1369,0
1370,-4
1371,-4
1372,-4
1373,0
1374,-4
1375,-4
1376,0
1377,0
1378,0
1379,0
1380,0
1381,-8
1382,0
1383,-4
1384,-8
1385,-4
1386,0
1387,4
1388,-4
1389,0
1390,-14
1391,-4
1392,0
1393,-8
1394,-4
1395,-4
1396,0
1397,0
1398,-10
1399,0
1400,0
1401,0
1402,0
1403,0
1404,-4
1405,0
1406,0
1407,0
1408,0
1409,0
1410,0
1411,0
1412,0
1413,-4
1414,0
1415,0
1416,0
1417,0
1418,0
1419,14
1420,4
1421,0
1422,0
1423,0
1424,0
1425,0
1426,0
1427,0
1428,-4
1429,0
1430,0
1431,0
1432,0
1433,0
1434,10
1435,0
1436,-4
1437,0
1438,-6
1439,-4
1440,0
1441,0
1442,-6
1443,0
1444,0
1445,0
1446,0
1447,0
1448,-4
1449,0
1450,0
1451,-4
1452,-4
1453,6
1454,0
1455,-4
1456,-4
1457,0
1458,0
1459,0
1460,0
1461,-4
1462,-4
1463,0
1464,-4
1465,-4
1466,0
1467,-4
1468,-4
1469,0
1470,0
1471,-4
1472,0
1473,0
1474,0
1475,-6
1476,-4
1477,0
1478,-4
1479,0
1480,0
1481,-4
1482,0
1483,4
1484,0
1485,0
1486,0
1487,-4
1488,0
1489,-6
1490,0
1491,0
1492,0
1493,0
1494,0
1495,0
1496,2
1497,-4
1498,0
1499,0
1500,0
1501,0
1502,-4
1503,0
1504,0
1505,0
1506,0
1507,0
1508,0
1509,0
1510,0
1511,-4
1512,0
1513,0
1514,0
1515,0
1516,4
1517,0
1518,0
1519,2
1520,-4
1521,-4
1522,0
1523,0
1524,0
1525,0
1526,0
1527,2
1528,0
1529,0
1530,-12
1531,0
1532,0
1533,-4
1534,-4
1535,2
1536,2
1537,10
1538,0
1539,-4
1540,6
1541,0
1542,0
1543,6
1544,0
1545,0
1546,0
1547,0
1548,0
1549,-4
1550,0
1551,0
1552,0
1553,-4
1554,0
1555,10
1556,0
1557,0
1558,-4
1559,0
1560,-4
1561,0
1562,-4
1563,0
1564,0
1565,0
1566,-4
1567,0
1568,-4
1569,0
1570,0
1571,-4
1572,-4
1573,-4
1574,0
1575,0
1576,0
1577,-4
1578,0
1579,-4
1580,0
1581,-4
1582,-8
1583,-4
1584,-4
1585,0
1586,0
1587,-4
1588,-6
1589,0
1590,0
1591,0
1592,-4
1593,-4
1594,0
1595,0
1596,0
1597,-4
1598,0
1599,-4
1600,0
1601,0
1602,0
1603,0
1604,-4
1605,-4
1606,0
1607,0
1608,-4
1609,0
1610,0
1611,0
1612,0
1613,0
1614,0
1615,0
1616,0
1617,0
1618,0
1619,0
1620,4
1621,0
1622,-8
1623,8
1624,0
1625,2
1626,10
1627,0
1628,-4
1629,10
1630,0
1631,0
1632,2
1633,0
1634,0
1635,4
1636,-4
1637,0
1638,-4
1639,-14
1640,0
1641,0
1642,-4
1643,0
1644,-4
1645,8
1646,0
1647,0
1648,-12
1649,0
1650,0
1651,2
1652,0
1653,0
1654,0
1655,0
1656,0
1657,0
1658,0
1659,-4
1660,0
1661,0
1662,0
1663,-4
1664,0
1665,0
1666,0
1667,-4
1668,0
1669,0
1670,-4
1671,-4
1672,0
1673,-4
1674,-4
1675,-4
1676,0
1677,0
1678,16
1679,0
1680,0
1681,6
1682,0
1683,0
1684,-18
1685,-4
1686,-4
1687,2
1688,0
1689,0
1690,0
1691,0
1692,0
1693,-4
1694,-4
1695,0
1696,-4
1697,0
1698,0
1699,0
1700,0
1701,0
1702,0
1703,0
1704,0
1705,-4
1706,0
1707,0
1708,0
1709,0
1710,0
1711,0
1712,0
1713,6
1714,2
1715,0
1716,-4
1717,-4
1718,0
1719,0
1720,4
1721,-4
1722,0
1723,0
1724,0
1725,4
1726,0
1727,0
1728,2
1729,0
1730,-4
1731,6
1732,4
1733,-4
1734,8
1735,2
1736,0
1737,0
1738,4
1739,-4
1740,0
1741,0
1742,2
1743,0
1744,-4
1745,0
1746,0
1747,-4
1748,0
1749,-6
1750,0
1751,-4
1752,0
1753,-4
1754,0
1755,0
1756,0
1757,-4
1758,-4
1759,0
1760,-4
1761,-10
1762,-4
1763,8
1764,0
1765,-4
1766,2
1767,-16
1768,0
1769,-4
1770,-4
1771,-6
1772,0
1773,-4
1774,-4
1775,0
1776,0
1777,-4
1778,0
1779,0
1780,-14
1781,-4
1782,-4
1783,-8
1784,-4
1785,-4
1786,4
1787,0
1788,0
1789,-4
1790,0
1791,4
1792,0
1793,-4
1794,-10
1795,6
1796,0
1797,0
1798,0
1799,0
1800,0
1801,0
1802,0
1803,0
1804,0
1805,-18
1806,0
1807,-4
1808,0
1809,0
1810,4
1811,0
1812,0
1813,0
1814,2
1815,0
1816,0
1817,0
1818,6
1819,-4
1820,0
1821,0
1822,-4
1823,0
1824,0
1825,-4
1826,0
1827,0
1828,0
1829,4
1830,14
1831,4
1832,0
1833,0
1834,0
1835,0
1836,0
1837,0
1838,0
1839,0
1840,0
1841,0
1842,0
1843,0
1844,0
1845,0
1846,-4
1847,-8
1848,-4
1849,-4
1850,-4
1851,4
1852,0
1853,0
1854,0
1855,0
1856,-4
1857,-4
1858,-4
1859,0
1860,2
1861,-4
1862,-4
1863,0
1864,0
1865,-4
1866,0
1867,0
1868,0
1869,0
1870,-4
1871,-4
1872,-4
1873,-4
1874,0
1875,-4
1876,-4
1877,-4
1878,0
1879,10
1880,0
1881,-4
1882,-18
1883,2
1884,0
1885,-4
1886,0
1887,0
1888,2
1889,0
1890,0
1891,-4
1892,0
1893,-4
1894,0
1895,-4
1896,0
1897,0
1898,0
1899,0
1900,0
1901,0
1902,0
1903,-4
1904,0
1905,0
1906,0
1907,0
1908,-4
1909,4
1910,0
1911,2
1912,0
1913,2
1914,0
1915,6
1916,0
1917,-4
1918,0
1919,4
1920,0
1921,0
1922,0
1923,6
1924,6
1925,0
1926,-6
1927,0
1928,0
1929,0
1930,0
1931,0
1932,-8
1933,0
1934,0
1935,6
1936,0
1937,-4
1938,-4
1939,0
1940,2
1941,0
1942,-4
1943,0
1944,0
1945,6
1946,0
1947,0
1948,0
1949,0
1950,0
1951,0
1952,-4
1953,0
1954,0
1955,-4
1956,-4
1957,-4
1958,-4
1959,0
1960,0
1961,0
1962,0
1963,-4
1964,0
1965,-4
1966,4
1967,0
1968,-4
1969,0
1970,0
1971,-4
1972,-4
1973,-4
1974,-6
1975,0
1976,-4
1977,-4
1978,-14
1979,-4
1980,0
1981,-14
1982,0
1983,-4
1984,0
1985,0
1986,0
1987,-4
1988,0
1989,0
1990,6
1991,0
1992,0
1993,0
1994,0
1995,0
1996,0
1997,0
1998,-4
1999,0
2000,0
2001,0
2002,10
2003,0
2004,0
2005,0
2006,0
2007,0
2008,0
2009,0
2010,6
2011,0
2012,6
2013,0
2014,0
2015,2
2016,2
2017,0
2018,0
2019,0
2020,4
2021,2
2022,0
2023,0
2024,0
2025,-4
2026,0
2027,6
2028,0
2029,0
2030,4
2031,2
2032,0
2033,6
2034,8
2035,0
2036,-4
2037,-8
2038,0
2039,0
2040,4
2041,0
2042,-12
2043,0
2044,0
2045,0
2046,-4
2047,0
2048,-4
2049,0
2050,0
2051,0
2052,0
2053,0
2054,0
2055,0
2056,0
2057,0
2058,0
2059,0
2060,-4
2061,0
2062,30
2063,-4
2064,0
2065,0
2066,0
2067,0
2068,0
2069,0
2070,-4
2071,0
2072,-4
2073,-4
2074,0
2075,-4
2076,-4
2077,6
2078,0
2079,0
2080,-4
2081,0
2082,0
2083,-4
2084,0
2085,-4
2086,0
2087,-4
2088,0
2089,-8
2090,0
2091,-4
2092,-4
2093,0
2094,10
2095,-4
2096,-4
2097,0
2098,0
2099,0
2100,0
2101,-4
2102,0
2103,0
2104,0
2105,0
2106,0
2107,0
2108,0
2109,0
2110,-4
2111,0
2112,0
2113,0
2114,0
2115,0
2116,0
2117,-8
2118,6
2119,0
2120,6
2121,6
2122,0
2123,0
2124,0
2125,2
2126,4
2127,0
2128,-4
2129,0
2130,2
2131,6
2132,6
2133,8
2134,0
2135,0
2136,-6
2137,0
2138,0
2139,0
2140,0
2141,0
2142,0
2143,-4
2144,-4
2145,0
2146,0
2147,-4
2148,0
2149,4
2150,-4
2151,0
2152,-4
2153,0
2154,0
2155,0
2156,0
2157,-4
2158,0
2159,0
2160,-4
2161,0
2162,0
2163,-4
2164,0
2165,-4
2166,0
2167,-4
2168,-4
2169,0
2170,-4
2171,-4
2172,-4
2173,0
2174,0
2175,-4
2176,-4
2177,-4
2178,0
2179,0
2180,0
2181,4
2182,-4
2183,0
2184,4
2185,0
2186,0
2187,2
2188,0
2189,0
2190,0
2191,0
2192,0
2193,-4
2194,0
2195,0
2196,-4
2197,0
2198,0
2199,0
2200,0
2201,0
2202,0
2203,0
2204,0
2205,-4
2206,-4
2207,0
2208,0
2209,0
2210,2
2211,0
2212,0
2213,0
2214,4
2215,6
2216,-8
2217,0
2218,0
2219,-8
2220,0
2221,0
2222,2
2223,0
2224,0
2225,0
2226,10
2227,0
2228,-6
2229,0
2230,0
2231,0
2232,-4
2233,0
2234,0
2235,-8
2236,0
2237,0
2238,-4
2239,0
2240,0
2241,-4
2242,0
2243,0
2244,-6
2245,-4
2246,2
2247,2
2248,0
2249,0
2250,4
2251,0
2252,-10
2253,0
2254,2
2255,4
2256,0
2257,0
2258,-4
2259,0
2260,-4
2261,-4
2262,0
2263,-4
2264,0
2265,-4
2266,-8
2267,-4
2268,0
2269,-4
2270,0
2271,0
2272,0
2273,-4
2274,0
2275,-4
2276,0
2277,-4
2278,-4
2279,0
2280,-4
2281,-4
2282,0
2283,0
2284,0
2285,0
2286,4
2287,0
2288,-4
2289,0
2290,0
2291,-4
2292,0
2293,-4
2294,0
2295,-4
2296,0
2297,0
2298,0
2299,0
2300,0
2301,2
2302,0
2303,-4
2304,0
2305,0
2306,0
2307,0
2308,0
2309,0
2310,6
2311,0
2312,-4
2313,0
2314,-4
2315,0
2316,0
2317,0
2318,0
2319,0
2320,10
2321,0
2322,-10
2323,0
2324,0
2325,2
2326,0
2327,6
2328,2
2329,0
2330,-4
2331,0
2332,0
2333,6
2334,0
2335,0
2336,0
2337,4
2338,0
2339,0
2340,6
2341,0
2342,0
2343,-4
2344,0
2345,0
2346,0
2347,0
2348,6
2349,-4
2350,0
2351,0
2352,0
2353,0
2354,0
2355,0
2356,-4
2357,-4
2358,0
2359,-4
2360,-4
2361,0
2362,-4
2363,-4
2364,4
2365,0
2366,-4
2367,-4
2368,0
2369,0
2370,-4
2371,-4
2372,0
2373,0
2374,0
2375,-6
2376,0
2377,10
2378,0
2379,-6
2380,-4
2381,0
2382,-4
2383,0
2384,0
2385,0
2386,0
2387,-4
2388,-4
2389,0
2390,0
2391,-4
2392,-4
2393,-4
2394,-4
2395,-4
2396,0
2397,0
2398,0
2399,0
2400,0
2401,-4
2402,-4
2403,2
2404,0
2405,6
2406,2
2407,0
2408,0
2409,0
2410,0
2411,0
2412,0
2413,2
2414,0
2415,6
2416,-4
2417,0
2418,0
2419,0
2420,0
2421,6
2422,0
2423,0
2424,0
2425,0
2426,0
2427,0
2428,0
2429,-4
2430,0
2431,0
2432,0
2433,0
2434,0
2435,-4
2436,8
2437,4
2438,-4
2439,-4
2440,0
2441,0
2442,0
2443,-4
2444,0
2445,0
2446,0
2447,0
2448,0
2449,0
2450,0
2451,0
2452,-4
2453,-4
2454,0
2455,-4
2456,-4
2457,-4
2458,0
2459,0
2460,-4
2461,-4
2462,-4
2463,-10
2464,-4
2465,0
2466,0
2467,-4
2468,0
2469,-4
2470,-4
2471,0
2472,0
2473,0
2474,-4
2475,-4
2476,-4
2477,-4
2478,-4
2479,0
2480,0
2481,-6
2482,-4
2483,-4
2484,0
2485,-4
2486,-4
2487,-4
2488,0
2489,-4
2490,0
2491,-4
2492,-4
2493,0
2494,0
2495,0
2496,0
2497,0
2498,0
2499,0
2500,-4
2501,0
2502,-4
2503,0
2504,-4
2505,0
2506,0
2507,-4
2508,0
2509,0
2510,0
2511,0
2512,0
2513,-4
2514,0
2515,2
2516,0
2517,0
2518,0
2519,0
2520,0
2521,0
2522,4
2523,0
2524,0
2525,0
2526,6
2527,0
2528,2
2529,2
2530,0
2531,-4
2532,0
2533,0
2534,-4
2535,2
2536,0
2537,0
2538,6
2539,0
2540,0
2541,8
2542,0
2543,-4
2544,0
2545,0
2546,0
2547,0
2548,0
2549,-4
2550,0
2551,0
2552,0
2553,0
2554,-4
2555,2
2556,0
2557,-4
2558,-4
2559,-4
2560,0
2561,-4
2562,-4
2563,0
2564,0
2565,-4
2566,-4
2567,-4
2568,0
2569,-4
2570,0
2571,-4
2572,0
2573,0
2574,0
2575,0
2576,-4
2577,0
2578,0
2579,-4
2580,-4
2581,0
2582,-4
2583,8
2584,0
2585,-4
2586,0
2587,-4
2588,0
2589,-4
2590,-4
2591,-4
2592,-4
2593,2
2594,0
2595,0
2596,0
2597,-4
2598,0
2599,0
2600,0
2601,0
2602,0
2603,0
2604,0
2605,0
2606,0
2607,-4
2608,0
2609,0
2610,2
2611,0
2612,2
2613,0
2614,0
2615,0
2616,-4
2617,2
2618,2
2619,0
2620,0
2621,4
2622,0
2623,0
2624,0
2625,-4
2626,0
2627,-4
2628,0
2629,0
2630,-8
2631,-4
2632,0
2633,4
2634,0
2635,0
2636,-4
2637,2
2638,0
2639,0
2640,2
2641,0
2642,-4
2643,-4
2644,0
2645,-4
2646,-4
2647,0
2648,0
2649,0
2650,-4
2651,-4
2652,0
2653,-10
2654,0
2655,0
2656,0
2657,-4
2658,-4
2659,-4
2660,0
2661,-4
2662,0
2663,0
2664,0
2665,0
2666,0
2667,-4
2668,-6
2669,0
2670,-4
2671,0
2672,-6
2673,0
2674,-4
2675,0
2676,0
2677,8
2678,-4
2679,-4
2680,-4
2681,0
2682,-6
2683,0
2684,0
2685,4
2686,-4
2687,0
2688,-4
2689,8
2690,0
2691,-4
2692,0
2693,0
2694,-4
2695,0
2696,-4
2697,0
2698,-4
2699,0
2700,0
2701,0
2702,2
2703,-4
2704,0
2705,0
2706,0
2707,0
2708,0
2709,0
2710,0
2711,0
2712,0
2713,0
2714,0
2715,0
2716,-4
2717,0
2718,2
2719,0
2720,10
2721,4
2722,0
2723,0
2724,0
2725,6
2726,0
2727,0
2728,0
2729,10
2730,0
2731,4
2732,4
2733,2
2734,-4
2735,-4
2736,0
2737,-4
2738,-4
2739,6
2740,0
2741,-4
2742,0
2743,0
2744,-4
2745,-4
2746,0
2747,0
2748,0
2749,-4
2750,-4
2751,6
2752,-8
2753,0
2754,-4
2755,0
2756,-6
2757,0
2758,-4
2759,0
2760,-4
2761,0
2762,-4
2763,0
2764,-4
2765,-4
2766,-4
2767,-4
2768,-4
2769,0
2770,-8
2771,-4
2772,-4
2773,0
2774,0
2775,0
2776,-4
2777,0
2778,0
2779,-4
2780,-4
2781,0
2782,0
2783,0
2784,-6
2785,-4
2786,-4
2787,-4
2788,0
2789,0
2790,0
2791,-4
2792,0
2793,0
2794,0
2795,0
2796,0
2797,0
2798,-4
2799,0
2800,0
2801,-4
2802,0
2803,-4
2804,0
2805,0
2806,0
2807,0
2808,0
2809,0
2810,2
2811,0
2812,0
2813,2
2814,0
2815,0
2816,0
2817,0
2818,-4
2819,0
2820,4
2821,4
2822,0
2823,0
2824,0
2825,0
2826,-4
2827,2
2828,0
2829,0
2830,0
2831,10
2832,0
2833,2
2834,-4
2835,0
2836,-4
2837,0
2838,6
2839,-4
2840,0
2841,-4
2842,-4
2843,0
2844,-4
2845,0
2846,-4
2847,4
2848,0
2849,-4
2850,0
2851,0
2852,0
2853,-4
2854,10
2855,-4
2856,0
2857,-4
2858,0
2859,0
2860,0
2861,-4
2862,0
2863,-4
2864,-4
2865,0
2866,-4
2867,-4
2868,0
2869,-4
2870,0
2871,2
2872,0
2873,0
2874,0
2875,-4
2876,-4
2877,-4
2878,-4
2879,-4
2880,-6
2881,-4
2882,-4
2883,0
2884,-4
2885,0
2886,0
2887,0
2888,0
2889,0
2890,0
2891,-4
2892,0
2893,0
2894,0
2895,0
2896,0
2897,0
2898,-4
2899,-4
2900,-4
2901,-6
2902,0
2903,-4
2904,0
2905,-4
2906,2
2907,-4
2908,0
2909,-4
2910,-4
2911,0
2912,0
2913,0
2914,0
2915,0
2916,0
2917,0
2918,0
2919,0
2920,0
2921,2
2922,0
2923,8
2924,-8
2925,-4
2926,6
2927,6
2928,0
2929,0
2930,10
2931,0
2932,0
2933,10
2934,2
2935,0
2936,0
2937,-4
2938,0
2939,0
2940,8
2941,0
2942,8
2943,0
2944,0
2945,0
2946,0
2947,-4
2948,0
2949,6
2950,-4
2951,0
2952,0
2953,-4
2954,0
2955,0
2956,0
2957,0
2958,-4
2959,-4
2960,0
2961,0
2962,-4
2963,0
2964,0
2965,-4
2966,-4
2967,0
2968,0
2969,0
2970,-4
2971,-4
2972,0
2973,14
2974,-4
2975,0
2976,-4
2977,-14
2978,0
2979,0
2980,0
2981,-4
2982,-8
2983,0
2984,-4
2985,6
2986,0
2987,-4
2988,4
2989,0
2990,0
2991,-4
2992,0
2993,-14
2994,0
2995,2
2996,-4
2997,0
2998,2
2999,0
3000,0
3001,-4
3002,0
3003,0
3004,0
3005,0
3006,0
3007,0
3008,0
3009,2
3010,0
3011,0
3012,4
3013,0
3014,6
3015,-8
3016,0
3017,-6
3018,4
3019,2
3020,0
3021,0
3022,8
3023,0
3024,0
3025,0
3026,4
3027,4
3028,0
3029,0
3030,2
3031,0
3032,4
3033,0
3034,6
3035,0
3036,0
3037,0
3038,2
3039,2
3040,0
3041,-6
3042,-4
3043,-4
3044,0
3045,0
3046,0
3047,0
3048,6
3049,-4
3050,0
3051,0
3052,0
3053,4
3054,0
3055,0
3056,0
3057,0
3058,0
3059,-4
3060,-4
3061,-8
3062,0
3063,0
3064,0
3065,10
3066,0
3067,-14
3068,0
3069,6
3070,-4
3071,-4
3072,-6
3073,0
3074,0
3075,-4
3076,0
3077,-4
3078,-4
3079,0
3080,0
3081,8
3082,-4
3083,-4
3084,-4
3085,-4
3086,-4
3087,-8
3088,2
3089,-4
3090,-4
3091,-4
3092,6
3093,0
3094,-4
3095,0
3096,2
3097,-4
3098,0
3099,-4
3100,-4
3101,0
3102,0
3103,0
3104,0
3105,-4
3106,0
3107,0
3108,0
3109,-4
3110,0
3111,0
3112,0
3113,0
3114,-4
3115,4
3116,2
3117,0
3118,0
3119,0
3120,-4
3121,6
3122,0
3123,0
3124,0
3125,2
3126,-8
3127,0
3128,-8
3129,0
3130,0
3131,-6
3132,0
3133,0
3134,4
3135,0
3136,0
3137,2
3138,0
3139,0
3140,2
3141,8
3142,0
3143,0
3144,2
3145,0
3146,0
3147,0
3148,-6
3149,0
3150,0
3151,-4
3152,4
3153,-8
3154,0
3155,-4
3156,0
3157,-4
3158,-4
3159,0
3160,0
3161,0
3162,-4
3163,0
3164,-4
3165,-4
3166,0
3167,-4
3168,0
3169,-4
3170,-4
3171,0
3172,-4
3173,0
3174,0
3175,0
3176,0
3177,0
3178,-4
3179,0
3180,0
3181,-4
3182,-4
3183,-4
3184,-4
3185,0
3186,0
3187,0
3188,0
3189,-10
3190,0
3191,-4
3192,-4
3193,-6
3194,0
3195,0
3196,0
3197,-4
3198,0
3199,0
3200,-4
3201,2
3202,0
3203,0
3204,0
3205,0
3206,-4
3207,0
3208,0
3209,0
3210,4
3211,-4
3212,0
3213,0
3214,4
3215,0
3216,8
3217,0
3218,0
3219,0
3220,0
3221,-4
3222,0
3223,0
3224,-6
3225,4
3226,0
3227,6
3228,0
3229,0
3230,0
3231,0
3232,0
3233,-6
3234,0
3235,2
3236,-8
3237,0
3238,6
3239,-4
3240,0
3241,0
3242,-8
3243,0
3244,0
3245,8
3246,-8
3247,-14
3248,0
3249,0
3250,0
3251,0
3252,0
3253,0
3254,0
3255,0
3256,0
3257,0
3258,0
3259,-4
3260,-4
3261,0
3262,0
3263,-4
3264,0
3265,-4
3266,4
3267,0
3268,-4
3269,0
3270,-4
3271,-4
3272,-4
3273,0
3274,-8
3275,0
3276,0
3277,-4
3278,-4
3279,6
3280,-4
3281,-4
3282,0
3283,-4
3284,0
3285,2
3286,-4
3287,0
3288,2
3289,0
3290,-4
3291,-14
3292,0
3293,-4
3294,4
3295,0
3296,0
3297,0
3298,-4
3299,0
3300,0
3301,0
3302,0
3303,-4
3304,0
3305,-4
3306,0
3307,0
3308,0
3309,0
3310,0
3311,-4
3312,2
3313,-8
3314,0
3315,0
3316,4
3317,0
3318,0
3319,0
3320,6
3321,0
3322,2
3323,0
3324,-4
3325,4
3326,4
3327,0
3328,0
3329,-8
3330,6
3331,0
3332,10
3333,4
3334,0
3335,2
3336,0
3337,0
3338,-4
3339,10
3340,0
3341,4
3342,0
3343,-4
3344,0
3345,0
3346,0
3347,0
3348,-4
3349,-6
3350,0
3351,0
3352,0
3353,0
3354,0
3355,0
3356,-4
3357,-8
3358,0
3359,-4
3360,-4
3361,-4
3362,-4
3363,-10
3364,0
3365,-4
3366,0
3367,0
3368,0
3369,0
3370,-4
3371,-4
3372,-4
3373,-4
3374,0
3375,0
3376,2
3377,-4
3378,-4
3379,0
3380,0
3381,0
3382,-4
3383,-4
3384,0
3385,0
3386,-4
3387,0
3388,0
3389,-4
3390,-4
3391,0
3392,0
3393,0
3394,0
3395,0
3396,-4
3397,-4
3398,2
3399,-4
3400,0
3401,0
3402,0
3403,6
3404,0
3405,0
3406,0
3407,-4
3408,0
3409,0
3410,0
3411,-4
3412,0
3413,0
3414,0
3415,0
3416,0
3417,0
3418,10
3419,-4
3420,0
3421,2
3422,4
3423,2
3424,0
3425,0
3426,0
3427,2
3428,0
3429,0
3430,0
3431,0
3432,0
3433,6
3434,14
3435,2
3436,0
3437,-8
3438,0
3439,0
3440,2
3441,0
3442,0
3443,0
3444,-4
3445,0
3446,0
3447,0
3448,0
3449,0
3450,0
3451,0
3452,0
3453,-4
3454,0
3455,0
3456,0
3457,0
3458,4
3459,-4
3460,-4
3461,0
3462,-4
3463,-4
3464,-4
3465,0
3466,0
3467,0
3468,0
3469,-4
3470,-4
3471,-4
3472,-4
3473,-4
3474,0
3475,0
3476,0
3477,-4
3478,0
3479,-4
3480,0
3481,-4
3482,-6
3483,0
3484,0
3485,-4
3486,6
3487,-4
3488,2
3489,-4
3490,0
3491,0
3492,0
3493,4
3494,0
3495,0
3496,-4
3497,0
3498,0
3499,0
3500,0
3501,0
3502,0
3503,0
3504,0
3505,-4
3506,0
3507,6
3508,0
3509,10
3510,0
3511,0
3512,0
3513,0
3514,0
3515,0
3516,0
3517,0
3518,0
3519,0
3520,8
3521,0
3522,4
3523,0
3524,4
3525,0
3526,0
3527,6
3528,0
3529,0
3530,0
3531,2
3532,0
3533,-4
3534,0
3535,4
3536,2
3537,-4
3538,0
3539,-4
3540,0
3541,0
3542,-8
3543,0
3544,-4
3545,6
3546,4
3547,2
3548,0
3549,0
3550,0
3551,-6
3552,-4
3553,8
3554,0
3555,-4
3556,-6
3557,0
3558,0
3559,0
3560,0
3561,-4
3562,0
3563,0
3564,-4
3565,0
3566,-4
3567,0
3568,0
3569,0
3570,-4
3571,-4
3572,-4
3573,-4
3574,-4
3575,0
3576,0
3577,0
3578,-4
3579,-16
3580,-4
3581,-4
3582,-6
3583,-4
3584,0
3585,0
3586,0
3587,0
3588,-4
3589,0
3590,0
3591,8
3592,-4
3593,0
3594,0
3595,0
3596,0
3597,0
3598,-4
3599,0
3600,0
3601,0
3602,0
3603,0
3604,0
3605,0
3606,0
3607,2
3608,0
3609,0
3610,0
3611,0
3612,0
3613,0
3614,0
3615,0
3616,0
3617,0
3618,0
3619,0
3620,0
3621,-4
3622,4
3623,-4
3624,0
3625,-6
3626,0
3627,4
3628,4
3629,0
3630,4
3631,0
3632,4
3633,-4
3634,0
3635,18
3636,0
3637,0
3638,0
3639,-4
3640,-4
3641,0
3642,-4
3643,0
3644,0
3645,0
3646,0
3647,0
3648,0
3649,0
3650,-4
3651,-4
3652,-12
3653,0
3654,0
3655,0
3656,0
3657,-4
3658,0
3659,-4
3660,-4
3661,-4
3662,-4
3663,0
3664,0
3665,-4
3666,-4
3667,0
3668,0
3669,0
3670,0
3671,-4
3672,-4
3673,-4
3674,2
3675,0
3676,-4
3677,0
3678,0
3679,0
3680,0
3681,0
3682,-4
3683,0
3684,0
3685,0
3686,-8
3687,0
3688,-4
3689,0
3690,-12
3691,0
3692,-4
3693,-4
3694,0
3695,0
3696,-4
3697,4
3698,2
3699,0
3700,0
3701,0
3702,0
3703,0
3704,0
3705,-4
3706,-4
3707,0
3708,0
3709,0
3710,0
3711,0
3712,4
3713,0
3714,6
3715,4
3716,-4
3717,0
3718,0
3719,0
3720,0
3721,2
3722,6
3723,0
3724,0
3725,0
3726,2
3727,0
3728,0
3729,0
3730,-4
3731,0
3732,0
3733,0
3734,0
3735,4
3736,0
3737,0
3738,0
3739,0
3740,0
3741,0
3742,0
3743,0
3744,2
3745,0
3746,-4
3747,0
3748,0
3749,-4
3750,0
3751,-4
3752,-4
3753,-4
3754,0
3755,0
3756,0
3757,-4
3758,0
3759,-4
3760,0
3761,-4
3762,0
3763,-4
3764,-8
3765,-24
3766,0
3767,0
3768,0
3769,-4
3770,-4
3771,-4
3772,0
3773,0
3774,-4
3775,0
3776,-4
3777,-4
3778,-4
3779,-4
3780,0
3781,0
3782,-4
3783,-4
3784,0
3785,0
3786,0
3787,-4
3788,0
3789,6
3790,0
3791,0
3792,-4
3793,0
3794,0
3795,0
3796,0
3797,0
3798,-4
3799,0
3800,-4
3801,0
3802,10
3803,0
3804,4
3805,0
3806,0
3807,0
3808,2
3809,4
3810,0
3811,-4
3812,0
3813,0
3814,8
3815,0
3816,14
3817,-4
3818,2
3819,0
3820,0
3821,2
3822,2
3823,0
3824,0
3825,0
3826,0
3827,0
3828,0
3829,4
3830,0
3831,0
3832,0
3833,6
3834,0
3835,0
3836,10
3837,2
3838,0
3839,4
3840,-4
3841,-4
3842,-8
3843,0
3844,-4
3845,0
3846,4
3847,0
3848,-4
3849,0
3850,-4
3851,-4
3852,-4
3853,0
3854,0
3855,0
3856,0
3857,0
3858,0
3859,0
3860,-4
3861,0
3862,-4
3863,-4
3864,0
3865,0
3866,-4
3867,-4
3868,-4
3869,0
3870,-4
3871,0
3872,0
3873,-4
3874,0
3875,0
3876,-4
3877,-16
3878,-4
3879,0
3880,0
3881,0
3882,-4
3883,0
3884,0
3885,0
3886,-4
3887,6
3888,0
3889,0
3890,0
3891,0
3892,-4
3893,-4
3894,0
3895,0
3896,0
3897,0
3898,0
3899,0
3900,0
3901,0
3902,2
3903,0
3904,0
3905,0
3906,-4
3907,0
3908,4
3909,0
3910,0
3911,0
3912,0
3913,0
3914,0
3915,2
3916,0
3917,0
3918,-8
3919,-4
3920,0
3921,0
3922,4
3923,0
3924,10
3925,4
3926,0
3927,0
3928,4
3929,0
3930,4
3931,0
3932,0
3933,0
3934,0
3935,6
3936,2
3937,0
3938,2
3939,-4
3940,0
3941,4
3942,0
3943,-4
3944,0
3945,0
3946,-14
3947,8
3948,0
3949,0
3950,-4
3951,-4
3952,0
3953,-4
3954,-4
3955,0
3956,0
3957,4
3958,-4
3959,0
3960,0
3961,0
3962,0
3963,0
3964,-4
3965,-4
3966,0
3967,0
3968,4
3969,-4
3970,2
3971,0
3972,-4
3973,-4
3974,0
3975,6
3976,-4
3977,-4
3978,0
3979,-4
3980,0
3981,-4
3982,-4
3983,0
3984,0
3985,-4
3986,0
3987,4
3988,0
3989,0
3990,0
3991,0
3992,0
3993,0
3994,-4
3995,0
3996,0
3997,0
3998,-4
3999,-4
4000,0
4001,0
4002,0
4003,0
4004,0
4005,0
4006,0
4007,0
4008,-12
4009,0
4010,2
4011,0
4012,0
4013,6
4014,4
4015,0
4016,4
4017,0
4018,0
4019,0
4020,0
4021,-4
4022,4
4023,-6
4024,0
4025,0
4026,-8
4027,0
4028,0
4029,0
4030,6
4031,0
4032,0
4033,4
4034,4
4035,0
4036,6
4037,8
4038,-4
4039,-4
4040,-4
4041,-4
4042,0
4043,0
4044,4
4045,-4
4046,0
4047,0
4048,0
4049,0
4050,0
4051,-10
4052,0
4053,4
4054,0
4055,0
4056,2
4057,0
4058,0
4059,-4
4060,0
4061,0
4062,-4
4063,0
4064,-4
4065,0
4066,-4
4067,-4
4068,0
4069,0
4070,-4
4071,-4
4072,-4
4073,-4
4074,0
4075,0
4076,0
4077,-4
4078,0
4079,-4
4080,0
4081,0
4082,-4
4083,0
4084,-4
4085,-4
4086,-4
4087,-6
4088,4
4089,0
4090,-4
4091,0
4092,-4
4093,0
4094,-4
4095,0
4096,-4
4097,-8
4098,0
4099,0
4100,0
4101,0
4102,-4
4103,0
4104,2
4105,0
4106,0
4107,0
4108,0
4109,0
4110,0
4111,0
4112,0
4113,0
4114,0
4115,0
4116,0
4117,0
4118,0
4119,2
4120,0
4121,0
4122,6
4123,0
4124,2
4125,0
4126,0
4127,6
4128,4
4129,-8
4130,4
4131,0
4132,0
4133,2
4134,2
4135,2
4136,0
4137,0
4138,0
4139,-4
4140,-4
4141,0
4142,-8
4143,0
4144,0
4145,0
4146,0
4147,-4
4148,2
4149,-4
4150,-4
4151,0
4152,0
4153,-4
4154,-4
4155,4
4156,0
4157,0
4158,0
4159,0
4160,0
4161,-4
4162,-4
4163,-4
4164,0
4165,0
4166,0
4167,-4
4168,0
4169,0
4170,0
4171,-4
4172,-4
4173,-4
4174,-4
4175,0
4176,0
4177,8
4178,-4
4179,-4
4180,-4
4181,0
4182,-4
4183,0
4184,0
4185,0
4186,-4
4187,-4
4188,-4
4189,-4
4190,0
4191,10
4192,0
4193,8
4194,0
4195,0
4196,0
4197,-4
4198,0
4199,0
4200,0
4201,-6
4202,-4
4203,-4
4204,-4
4205,0
4206,-4
4207,4
4208,0
4209,0
4210,-4
4211,0
4212,0
4213,0
4214,0
4215,0
4216,0
4217,0
4218,0
4219,0
4220,0
4221,0
4222,0
4223,0
4224,-4
4225,-6
4226,0
4227,0
4228,0
4229,0
4230,2
4231,6
4232,0
4233,0
4234,-4
4235,10
4236,4
4237,-4
4238,6
4239,0
4240,2
4241,0
4242,0
4243,0
4244,0
4245,-12
4246,0
4247,-4
4248,-4
4249,0
4250,0
4251,0
4252,0
4253,0
4254,0
4255,4
4256,0
4257,-10
4258,0
4259,0
4260,-4
4261,-4
4262,0
4263,0
4264,0
4265,-4
4266,0
4267,0
4268,-4
4269,0
4270,0
4271,0
4272,-10
4273,0
4274,2
4275,-4
4276,-4
4277,-4
4278,-4
4279,-4
4280,0
4281,0
4282,-4
4283,0
4284,0
4285,-4
4286,0
4287,0
4288,-4
4289,-4
4290,0
4291,0
4292,0
4293,-4
4294,-14
4295,0
4296,0
4297,0
4298,2
4299,2
4300,4
4301,0
4302,-4
4303,0
4304,0
4305,0
4306,0
4307,0
4308,0
4309,0
4310,2
4311,0
4312,0
4313,0
4314,0
4315,4
4316,-4
4317,0
4318,4
4319,6
4320,0
4321,0
4322,0
4323,-4
4324,-4
4325,0
4326,2
4327,0
4328,0
4329,2
4330,6
4331,0
4332,0
4333,-4
4334,10
4335,4
4336,0
4337,0
4338,0
4339,0
4340,-4
4341,0
4342,0
4343,2
4344,0
4345,0
4346,0
4347,-4
4348,4
4349,0
4350,10
4351,0
4352,2
4353,0
4354,0
4355,-4
4356,6
4357,-4
4358,0
4359,0
4360,0
4361,0
4362,-4
4363,-4
4364,-4
4365,0
4366,0
4367,0
4368,-4
4369,-4
4370,-4
4371,-4
4372,0
4373,-4
4374,0
4375,0
4376,-12
4377,0
4378,-4
4379,0
4380,-8
4381,-4
4382,-4
4383,10
4384,0
4385,0
4386,0
4387,0
4388,-4
4389,-4
4390,0
4391,-4
4392,-4
4393,0
4394,10
4395,0
4396,0
4397,-4
4398,-4
4399,-6
4400,0
4401,0
4402,-4
4403,-8
4404,0
4405,0
4406,0
4407,0
4408,0
4409,14
4410,0
4411,2
4412,2
4413,0
4414,0
4415,8
4416,0
4417,2
4418,0
4419,0
4420,0
4421,2
4422,0
4423,0
4424,0
4425,4
4426,0
4427,6
4428,0
4429,0
4430,0
4431,-4
4432,6
4433,0
4434,0
4435,8
4436,0
4437,0
4438,-4
4439,2
4440,2
4441,4
4442,0
4443,0
4444,0
4445,-8
4446,0
4447,2
4448,0
4449,-4
4450,0
4451,-4
4452,-8
4453,14
4454,0
4455,0
4456,0
4457,0
4458,-4
4459,-4
4460,-4
4461,-4
4462,-16
4463,0
4464,0
4465,-4
4466,0
4467,0
4468,-4
4469,-4
4470,0
4471,0
4472,-4
4473,-4
4474,-4
4475,0
4476,-4
4477,-4
4478,0
4479,0
4480,0
4481,-6
4482,0
4483,-4
4484,-8
4485,-4
4486,0
4487,6
4488,-4
4489,2
4490,2
4491,0
4492,-4
4493,-4
4494,0
4495,0
4496,0
4497,-4
4498,0
4499,-4
4500,-4
4501,0
4502,0
4503,0
4504,-4
4505,2
4506,0
4507,0
4508,0
4509,0
4510,-4
4511,0
4512,-4
4513,0
4514,4
4515,0
4516,0
4517,-4
4518,0
4519,0
4520,6
4521,0
4522,0
4523,0
4524,0
4525,2
4526,2
4527,0
4528,4
4529,0
4530,0
4531,-10
4532,0
4533,-4
4534,6
4535,-4
4536,0
4537,0
4538,0
4539,0
4540,-4
4541,0
4542,0
4543,0
4544,0
4545,0
4546,2
4547,4
4548,0
4549,0
4550,0
4551,-4
4552,0
4553,4
4554,0
4555,0
4556,0
4557,0
4558,4
4559,-4
4560,-4
4561,0
4562,-4
4563,0
4564,-4
4565,0
4566,-4
4567,-4
4568,0
4569,0
4570,-4
4571,-4
4572,0
4573,-4
4574,-4
4575,-4
4576,0
4577,-4
4578,-6
4579,0
4580,-8
4581,0
4582,0
4583,-8
4584,-4
4585,-4
4586,-4
4587,0
4588,0
4589,4
4590,-4
4591,0
4592,-4
4593,-4
4594,-8
4595,0
4596,-4
4597,0
4598,0
4599,-4
4600,0
4601,-8
4602,0
4603,0
4604,-6
4605,-4
4606,0
4607,0
4608,0
4609,2
4610,0
4611,0
4612,4
4613,0
4614,-4
4615,0
4616,0
4617,0
4618,0
4619,0
4620,0
4621,0
4622,0
4623,2
4624,10
4625,0
4626,-6
4627,0
4628,4
4629,2
4630,-8
4631,0
4632,0
4633,-4
4634,0
4635,0
4636,-4
4637,0
4638,0
4639,0
4640,-8
4641,0
4642,0
4643,2
4644,-4
4645,0
4646,0
4647,10
4648,0
4649,2
4650,0
4651,0
4652,-4
4653,0
4654,0
4655,0
4656,0
4657,-4
4658,2
4659,-4
4660,0
4661,0
4662,0
4663,0
4664,-4
4665,-4
4666,-4
4667,0
4668,0
4669,-4
4670,0
4671,0
4672,-4
4673,0
4674,4
4675,-4
4676,0
4677,-4
4678,-4
4679,-4
4680,0
4681,-4
4682,0
4683,-4
4684,0
4685,0
4686,-4
4687,0
4688,-6
4689,0
4690,-4
4691,0
4692,-4
4693,-4
4694,-4
4695,0
4696,0
4697,0
4698,-4
4699,-4
4700,0
4701,0
4702,-4
4703,0
4704,-8
4705,0
4706,0
4707,0
4708,0
4709,0
4710,0
4711,4
4712,0
4713,0
4714,-8
4715,0
4716,0
4717,0
4718,0
4719,0
4720,0
4721,4
4722,0
4723,0
4724,0
4725,0
4726,0
4727,4
4728,0
4729,-8
4730,-4
4731,0
4732,-6
4733,0
4734,0
4735,6
4736,0
4737,2
4738,2
4739,10
4740,0
4741,2
4742,-10
4743,0
4744,10
4745,-4
4746,0
4747,0
4748,0
4749,0
4750,0
4751,0
4752,0
4753,-4
4754,-4
4755,4
4756,-4
4757,0
4758,0
4759,4
4760,0
4761,0
4762,-4
4763,-4
4764,0
4765,0
4766,0
4767,0
4768,0
4769,-4
4770,0
4771,-4
4772,-4
4773,0
4774,-4
4775,-4
4776,0
4777,-18
4778,-4
4779,-4
4780,-4
4781,0
4782,-4
4783,-4
4784,4
4785,0
4786,-4
4787,6
4788,-4
4789,-4
4790,0
4791,-4
4792,-4
4793,0
4794,0
4795,0
4796,0
4797,0
4798,-8
4799,0
4800,2
4801,0
4802,2
4803,0
4804,4
4805,0
4806,0
4807,0
4808,0
4809,2
4810,2
4811,-4
4812,0
4813,0
4814,0
4815,0
4816,0
4817,0
4818,0
4819,2
4820,8
4821,0
4822,0
4823,2
4824,0
4825,0
4826,0
4827,0
4828,0
4829,4
4830,0
4831,2
4832,0
4833,6
4834,0
4835,0
4836,6
4837,0
4838,6
4839,0
4840,0
4841,0
4842,-4
4843,0
4844,-4
4845,2
4846,0
4847,0
4848,0
4849,-4
4850,0
4851,-6
4852,0
4853,0
4854,-4
4855,0
4856,0
4857,0
4858,-4
4859,0
4860,0
4861,-4
4862,-4
4863,-4
4864,0
4865,0
4866,-4
4867,-4
4868,0
4869,4
4870,-4
4871,-4
4872,0
4873,-4
4874,-4
4875,-4
4876,-4
4877,-4
4878,6
4879,-4
4880,-6
4881,0
4882,-4
4883,-10
4884,0
4885,-4
4886,-14
4887,-4
4888,-4
4889,6
4890,0
4891,0
4892,6
4893,0
4894,-4
4895,0
4896,0
4897,0
4898,0
4899,0
4900,0
4901,2
4902,-4
4903,0
4904,0
4905,10
4906,0
4907,0
4908,0
4909,2
4910,10
4911,0
4912,0
4913,0
4914,0
4915,0
4916,-4
4917,0
4918,0
4919,0
4920,2
4921,4
4922,6
4923,0
4924,0
4925,0
4926,2
4927,0
4928,4
4929,4
4930,0
4931,4
4932,4
4933,-4
4934,-4
4935,0
4936,0
4937,0
4938,4
4939,0
4940,-4
4941,0
4942,0
4943,2
4944,-4
4945,0
4946,0
4947,0
4948,0
4949,-4
4950,0
4951,0
4952,-4
4953,14
4954,0
4955,0
4956,-4
4957,0
4958,0
4959,0
4960,0
4961,0
4962,-4
4963,2
4964,-4
4965,0
4966,-4
4967,-4
4968,-6
4969,0
4970,0
4971,-12
4972,0
4973,-4
4974,-4
4975,0
4976,6
4977,-4
4978,-4
4979,-4
4980,-4
4981,-4
4982,4
4983,0
4984,4
4985,-4
4986,0
4987,-4
4988,-6
4989,-4
4990,0
4991,4
4992,0
4993,0
4994,0
4995,-4
4996,-4
4997,-4
4998,0
4999,0
5000,0
5001,-4
5002,0
5003,0
5004,2
5005,0
5006,-4
5007,0
5008,0
5009,0
5010,-4
5011,0
5012,0
5013,2
5014,0
5015,0
5016,-10
5017,2
5018,0
5019,0
5020,0
5021,0
5022,0
5023,2
5024,0
5025,0
5026,0
5027,6
5028,0
5029,-8
5030,0
5031,0
5032,0
5033,0
5034,0
5035,-8
5036,4
5037,0
5038,6
5039,0
5040,0
5041,2
5042,-14
5043,0
5044,10
5045,0
5046,0
5047,-4
5048,0
5049,-4
5050,6
5051,-4
5052,-4
5053,0
5054,0
5055,0
5056,0
5057,-4
5058,-4
5059,0
5060,0
5061,0
5062,0
5063,0
5064,0
5065,0
5066,-6
5067,-4
5068,0
5069,0
5070,-4
5071,0
5072,-4
5073,-4
5074,0
5075,0
5076,0
5077,10
5078,0
5079,0
5080,0
5081,-4
5082,-4
5083,-4
5084,0
5085,-4
5086,0
5087,-4
5088,0
5089,0
5090,-4
5091,0
5092,0
5093,0
5094,0
5095,2
5096,-10
5097,0
5098,0
5099,0
5100,0
5101,0
5102,2
5103,0
5104,4
5105,0
5106,0
5107,-4
5108,0
5109,0
5110,0
5111,0
5112,0
5113,4
5114,0
5115,6
5116,-4
5117,8
5118,2
5119,0
5120,2
5121,0
5122,0
5123,0
5124,0
5125,4
5126,0
5127,0
5128,0
5129,0
5130,0
5131,-4
5132,0
5133,0
5134,0
5135,0
5136,0
5137,0
5138,0
5139,2
5140,4
5141,4
5142,-4
5143,0
5144,0
5145,0
5146,0
5147,0
5148,0
5149,0
5150,-8
5151,0
5152,-4
5153,0
5154,0
5155,2
5156,0
5157,0
5158,-4
5159,0
5160,0
5161,0
5162,-4
5163,0
5164,-4
5165,-4
5166,-4
5167,-4
5168,-4
5169,2
5170,-4
5171,0
5172,-4
5173,-4
5174,-4
5175,-4
5176,0
5177,-4
5178,2
5179,0
5180,0
5181,6
5182,-4
5183,0
5184,-4
5185,16
5186,0
5187,0
5188,0
5189,0
5190,0
5191,0
5192,-4
5193,0
5194,-6
5195,0
5196,-4
5197,0
5198,0
5199,0
5200,-4
5201,0
5202,10
5203,0
5204,-4
5205,0
5206,0
5207,2
5208,-8
5209,0
5210,0
5211,0
5212,0
5213,0
5214,2
5215,0
5216,0
5217,2
5218,0
5219,0
5220,4
5221,0
5222,0
5223,0
5224,0
5225,6
5226,-4
5227,0
5228,2
5229,2
5230,-18
5231,0
5232,0
5233,0
5234,0
5235,0
5236,6
5237,2
5238,0
5239,-6
5240,6
5241,2
5242,0
5243,0
5244,0
5245,0
5246,-16
5247,-4
5248,2
5249,6
5250,0
5251,6
5252,-4
5253,0
5254,0
5255,-4
5256,0
5257,-4
5258,-4
5259,2
5260,0
5261,0
5262,-4
5263,-4
5264,0
5265,-4
5266,0
5267,0
5268,0
5269,2
5270,0
5271,0
5272,-4
5273,0
5274,-4
5275,-6
5276,0
5277,-4
5278,0
5279,-4
5280,0
5281,0
5282,-8
5283,0
5284,0
5285,-4
5286,0
5287,0
5288,-4
5289,-4
5290,0
5291,-4
5292,-4
5293,0
5294,0
5295,-4
5296,0
5297,0
5298,-4
5299,0
5300,0
5301,0
5302,0
5303,-4
5304,0
5305,0
5306,-4
5307,0
5308,0
5309,0
5310,-4
5311,2
5312,0
5313,0
5314,0
5315,2
5316,0
5317,-4
5318,0
5319,0
5320,0
5321,-4
5322,0
5323,0
5324,4
5325,2
5326,0
5327,-4
5328,0
5329,-6
5330,0
5331,4
5332,-16
5333,2
5334,2
5335,6
5336,0
5337,0
5338,0
5339,0
5340,0
5341,0
5342,14
5343,0
5344,-8
5345,0
5346,0
5347,-4
5348,0
5349,0
5350,0
5351,0
5352,-8
5353,-4
5354,-4
5355,10
5356,0
5357,0
5358,0
5359,-4
5360,0
5361,-4
5362,0
5363,0
5364,0
5365,-4
5366,0
5367,-4
5368,-4
5369,0
5370,0
5371,0
5372,-4
5373,-4
5374,0
5375,-4
5376,0
5377,-4
5378,-4
5379,-4
5380,0
5381,-6
5382,-4
5383,0
5384,-4
5385,0
5386,0
5387,-4
5388,0
5389,0
5390,0
5391,0
5392,0
5393,-4
5394,0
5395,0
5396,0
5397,0
5398,-4
5399,0
5400,0
5401,0
5402,0
5403,0
5404,0
5405,-4
5406,0
5407,0
5408,0
5409,4
5410,0
5411,0
5412,0
5413,0
5414,2
5415,0
5416,0
5417,0
5418,-14
5419,0
5420,2
5421,0
5422,-4
5423,6
5424,0
5425,0
5426,4
5427,0
5428,6
5429,0
5430,0
5431,0
5432,-4
5433,0
5434,2
5435,0
5436,4
5437,4
5438,0
5439,-4
5440,0
5441,-4
5442,0
5443,2
5444,0
5445,6
5446,0
5447,0
5448,0
5449,6
5450,0
5451,0
5452,0
5453,0
5454,0
5455,0
5456,-4
5457,0
5458,0
5459,0
5460,-4
5461,-4
5462,-4
5463,-4
5464,-4
5465,0
5466,-4
5467,-4
5468,0
5469,0
5470,-4
5471,0
5472,-4
5473,-4
5474,-4
5475,0
5476,0
5477,-4
5478,-4
5479,-4
5480,-6
5481,0
5482,0
5483,-14
5484,0
5485,-4
5486,-10
5487,-4
5488,0
5489,0
5490,4
5491,0
5492,0
5493,-4
5494,0
5495,-4
5496,0
5497,0
5498,4
5499,0
5500,0
5501,0
5502,0
5503,0
5504,0
5505,-4
5506,0
5507,2
5508,0
5509,0
5510,2
5511,0
5512,0
5513,0
5514,0
5515,0
5516,0
5517,0
5518,0
5519,0
5520,0
5521,0
5522,-4
5523,0
5524,0
5525,0
5526,0
5527,0
5528,0
5529,0
5530,-14
5531,0
5532,0
5533,-8
5534,0
5535,4
5536,-4
5537,0
5538,2
5539,6
5540,0
5541,0
5542,0
5543,0
5544,0
5545,0
5546,10
5547,0
5548,0
5549,-4
5550,-4
5551,0
5552,0
5553,0
5554,0
5555,0
5556,2
5557,-4
5558,-4
5559,-4
5560,-4
5561,0
5562,0
5563,-4
5564,0
5565,-4
5566,-4
5567,-4
5568,0
5569,0
5570,0
5571,-4
5572,-4
5573,6
5574,0
5575,0
5576,0
5577,-4
5578,-4
5579,-4
5580,-4
5581,0
5582,-14
5583,-4
5584,0
5585,6
5586,0
5587,0
5588,0
5589,0
5590,0
5591,-8
5592,-4
5593,0
5594,0
5595,-4
5596,0
5597,0
5598,-4
5599,0
5600,-4
5601,-4
5602,0
5603,2
5604,0
5605,0
5606,0
5607,-4
5608,0
5609,0
5610,0
5611,0
5612,0
5613,0
5614,0
5615,0
5616,0
5617,0
5618,0
5619,0
5620,0
5621,0
5622,0
5623,4
5624,0
5625,-4
5626,0
5627,0
5628,2
5629,10
5630,2
5631,4
5632,-10
5633,0
5634,-4
5635,0
5636,0
5637,-4
5638,-4
5639,-4
5640,0
5641,0
5642,-10
5643,0
5644,10
5645,0
5646,0
5647,10
5648,-4
5649,2
5650,-4
5651,0
5652,-4
5653,0
5654,0
5655,0
5656,0
5657,6
5658,0
5659,-4
5660,0
5661,-4
5662,-4
5663,0
5664,-4
5665,-4
5666,0
5667,0
5668,0
5669,-4
5670,-4
5671,0
5672,-4
5673,-8
5674,-4
5675,-4
5676,0
5677,-8
5678,0
5679,-4
5680,-4
5681,0
5682,-4
5683,0
5684,0
5685,0
5686,-4
5687,0
5688,-4
5689,-4
5690,0
5691,0
5692,0
5693,0
5694,-4
5695,0
5696,0
5697,0
5698,2
5699,4
5700,0
5701,-4
5702,0
5703,0
5704,0
5705,2
5706,0
5707,-4
5708,0
5709,0
5710,0
5711,0
5712,0
5713,2
5714,0
5715,0
5716,0
5717,10
5718,0
5719,-4
5720,0
5721,0
5722,0
5723,0
5724,-14
5725,0
5726,0
5727,0
5728,0
5729,0
5730,6
5731,4
5732,0
5733,0
5734,-6
5735,4
5736,0
5737,6
5738,0
5739,0
5740,4
5741,-4
5742,0
5743,0
5744,0
5745,-4
5746,0
5747,0
5748,0
5749,0
5750,0
5751,0
5752,0
5753,0
5754,0
5755,4
5756,-4
5757,0
5758,-4
5759,-4
5760,-4
5761,-4
5762,-4
5763,0
5764,-10
5765,-4
5766,0
5767,-4
5768,-4
5769,-4
5770,-12
5771,0
5772,-4
5773,-4
5774,4
5775,-4
5776,0
5777,0
5778,2
5779,-4
5780,8
5781,-4
5782,-4
5783,-4
5784,0
5785,0
5786,0
5787,-4
5788,-4
5789,0
5790,0
5791,-4
5792,-10
5793,-4
5794,8
5795,0
5796,0
5797,-4
5798,0
5799,-4
5800,-4
5801,0
5802,0
5803,0
5804,0
5805,-4
5806,0
5807,-8
5808,-4
5809,0
5810,0
5811,0
5812,0
5813,0
5814,0
5815,0
5816,0
5817,0
5818,-4
5819,0
5820,0
5821,2
5822,4
5823,0
5824,0
5825,4
5826,0
5827,0
5828,-14
5829,0
5830,-10
5831,0
5832,0
5833,-8
5834,0
5835,2
5836,10
5837,0
5838,-4
5839,0
5840,0
5841,0
5842,2
5843,0
5844,0
5845,0
5846,-4
5847,0
5848,0
5849,0
5850,6
5851,0
5852,-4
5853,-8
5854,-6
5855,0
5856,0
5857,0
5858,0
5859,0
5860,0
5861,-4
5862,-4
5863,0
5864,0
5865,0
5866,0
5867,-4
5868,0
5869,0
5870,-4
5871,0
5872,0
5873,-4
5874,0
5875,-4
5876,-4
5877,-4
5878,-4
5879,0
5880,-4
5881,-4
5882,-4
5883,-4
5884,0
5885,4
5886,0
5887,0
5888,-4
5889,0
5890,-4
5891,18
5892,0
5893,-4
5894,0
5895,-4
5896,0
5897,0
5898,0
5899,0
5900,0
5901,0
5902,4
5903,0
5904,0
5905,2
5906,-4
5907,0
5908,0
5909,0
5910,0
5911,0
5912,-4
5913,6
5914,2
5915,2
5916,2
5917,0
5918,-4
5919,-4
5920,0
5921,0
5922,0
5923,6
5924,0
5925,4
5926,2
5927,0
5928,0
5929,4
5930,0
5931,0
5932,-8
5933,0
5934,2
5935,-4
5936,0
5937,0
5938,-4
5939,2
5940,-4
5941,0
5942,-4
5943,2
5944,8
5945,4
5946,0
5947,6
5948,0
5949,0
5950,0
5951,0
5952,0
5953,0
5954,0
5955,0
5956,-4
5957,0
5958,-4
5959,-4
5960,0
5961,-4
5962,0
5963,0
5964,-4
5965,0
5966,-4
5967,-4
5968,6
5969,-4
5970,0
5971,-4
5972,-4
5973,-4
5974,-4
5975,2
5976,-6
5977,-6
5978,-4
5979,-4
5980,-4
5981,0
5982,0
5983,-4
5984,-4
5985,0
5986,0
5987,2
5988,2
5989,-4
5990,0
5991,-4
5992,0
5993,-4
5994,-4
5995,-4
5996,0
5997,0
5998,0
5999,0
6000,0
6001,0
6002,0
6003,14
6004,10
6005,0
6006,0
6007,0
6008,0
6009,2
6010,0
6011,4
6012,0
6013,2
6014,0
6015,-10
6016,0
6017,0
6018,0
6019,0
6020,-4
6021,0
6022,0
6023,0
6024,2
6025,0
6026,0
6027,0
6028,2
6029,0
6030,0
6031,0
6032,0
6033,-4
6034,4
6035,0
6036,6
6037,8
6038,4
6039,0
6040,2
6041,-4
6042,0
6043,2
6044,-4
6045,0
6046,0
6047,-4
6048,0
6049,-4
6050,0
6051,14
6052,0
6053,0
6054,0
6055,-4
6056,0
6057,0
6058,-4
6059,-4
6060,0
6061,0
6062,-4
6063,-4
6064,0
6065,-26
6066,0
6067,-4
6068,0
6069,0
6070,-4
6071,0
6072,-4
6073,-4
6074,0
6075,0
6076,0
6077,-4
6078,-4
6079,-4
6080,6
6081,-4
6082,0
6083,-4
6084,-4
6085,-4
6086,-4
6087,0
6088,-4
6089,-4
6090,0
6091,-4
6092,-16
6093,0
6094,0
6095,0
6096,0
6097,6
6098,-4
6099,0
6100,-4
6101,-4
6102,0
6103,-4
6104,0
6105,-4
6106,0
6107,0
6108,0
6109,-4
6110,0
6111,0
6112,0
6113,0
6114,0
6115,0
6116,0
6117,-4
6118,-4
6119,0
6120,-4
6121,6
6122,0
6123,2
6124,16
6125,0
6126,0
6127,0
6128,0
6129,0
6130,0
6131,0
6132,6
6133,0
6134,0
6135,-6
6136,0
6137,0
6138,-4
6139,-4
6140,0
6141,0
6142,0
6143,-4
6144,0
6145,0
6146,8
6147,0
6148,0
6149,-4
6150,-4
6151,0
6152,6
6153,0
6154,0
6155,-4
6156,-4
6157,-4
6158,4
6159,-4
6160,0
6161,-4
6162,0
6163,-4
6164,-4
6165,-4
6166,-4
6167,-4
6168,0
6169,0
6170,0
6171,-4
6172,-4
6173,-4
6174,0
6175,2
6176,-4
6177,-4
6178,-4
6179,-4
6180,-4
6181,2
6182,6
6183,0
6184,0
6185,-18
6186,-4
6187,0
6188,-4
6189,0
6190,-4
6191,0
6192,2
6193,0
6194,0
6195,0
6196,0
6197,-4
6198,0
6199,0
6200,-4
6201,6
6202,0
6203,0
6204,0
6205,0
6206,0
6207,0
6208,-4
6209,0
6210,2
6211,0
6212,0
6213,4
6214,2
6215,0
6216,-4
6217,0
6218,0
6219,-8
6220,0
6221,0
6222,-4
6223,0
6224,0
6225,0
6226,-4
6227,0
6228,0
6229,-8
6230,2
6231,2
6232,0
6233,-4
6234,2
6235,-10
6236,2
6237,0
6238,-4
6239,0
6240,-4
6241,2
6242,6
6243,0
6244,0
6245,0
6246,-8
6247,0
6248,0
6249,0
6250,6
6251,0
6252,6
6253,0
6254,-4
6255,0
6256,0
6257,-4
6258,0
6259,0
6260,6
6261,-4
6262,0
6263,0
6264,-4
6265,-6
6266,-4
6267,-4
6268,0
6269,2
6270,10
6271,-6
6272,-4
6273,-4
6274,-4
6275,0
6276,-4
6277,-4
6278,-4
6279,14
6280,-4
6281,8
6282,0
6283,0
6284,-12
6285,-4
6286,0
6287,-10
6288,-4
6289,0
6290,0
6291,0
6292,-4
6293,-4
6294,0
6295,-14
6296,2
6297,0
6298,0
6299,0
6300,0
6301,-4
6302,0
6303,0
6304,0
6305,0
6306,0
6307,-4
6308,0
6309,0
6310,0
6311,-4
6312,0
6313,0
6314,4
6315,4
6316,0
6317,0
6318,4
6319,0
6320,0
6321,0
6322,2
6323,4
6324,4
6325,-4
6326,2
6327,10
6328,0
6329,0
6330,0
6331,0
6332,0
6333,0
6334,-8
6335,0
6336,0
6337,6
6338,0
6339,0
6340,-4
6341,0
6342,0
6343,0
6344,0
6345,-4
6346,-4
6347,-4
6348,0
6349,0
6350,0
6351,-4
6352,0
6353,-4
6354,6
6355,0
6356,2
6357,0
6358,0
6359,0
6360,-4
6361,-4
6362,-4
6363,-4
6364,-4
6365,-4
6366,0
6367,-6
6368,-4
6369,0
6370,0
6371,-4
6372,-4
6373,-4
6374,-4
6375,6
6376,-4
6377,-4
6378,-4
6379,0
6380,4
6381,-4
6382,0
6383,0
6384,-4
6385,0
6386,-4
6387,-4
6388,-8
6389,-4
6390,-4
6391,0
6392,0
6393,-4
6394,0
6395,0
6396,0
6397,-4
6398,-4
6399,-4
6400,0
6401,0
6402,-4
6403,0
6404,0
6405,0
6406,-4
6407,6
6408,0
6409,0
6410,0
6411,0
6412,0
6413,0
6414,0
6415,0
6416,2
6417,6
6418,0
6419,0
6420,2
6421,0
6422,0
6423,4
6424,0
6425,0
6426,0
6427,2
6428,-4
6429,0
6430,18
6431,0
6432,0
6433,0
6434,-4
6435,0
6436,10
6437,0
6438,0
6439,4
6440,0
6441,0
6442,0
6443,0
6444,0
6445,0
6446,-4
6447,-4
6448,0
6449,0
6450,-4
6451,8
6452,-4
6453,0
6454,-4
6455,0
6456,-4
6457,-4
6458,-4
6459,0
6460,0
6461,0
6462,-4
6463,-4
6464,-4
6465,-4
6466,4
6467,6
6468,0
6469,-4
6470,-4
6471,-4
6472,-4
6473,-4
6474,-4
6475,0
6476,0
6477,0
6478,-4
6479,-4
6480,-4
6481,0
6482,0
6483,0
6484,-4
6485,-4
6486,-6
6487,-4
6488,0
6489,-4
6490,0
6491,0
6492,0
6493,0
6494,0
6495,-4
6496,0
6497,0
6498,-4
6499,-4
6500,0
6501,-4
6502,0
6503,0
6504,0
6505,0
6506,0
6507,0
6508,4
6509,0
6510,18
6511,0
6512,0
6513,6
6514,0
6515,0
6516,0
6517,-4
6518,-8
6519,0
6520,2
6521,-4
6522,0
6523,0
6524,0
6525,0
6526,0
6527,2
6528,0
6529,6
6530,0
6531,-4
6532,4
6533,0
6534,6
6535,-14
6536,0
6537,2
6538,-8
6539,-4
6540,-4
6541,-4
6542,-4
6543,4
6544,-8
6545,0
6546,0
6547,0
6548,0
6549,0
6550,6
6551,0
6552,0
6553,0
6554,0
6555,0
6556,0
6557,-4
6558,0
6559,-4
6560,-4
6561,-4
6562,-4
6563,0
6564,-4
6565,0
6566,-8
6567,0
6568,-4
6569,0
6570,0
6571,-4
6572,-4
6573,-4
6574,6
6575,0
6576,0
6577,0
6578,-4
6579,10
6580,-4
6581,14
6582,-4
6583,-4
6584,10
6585,0
6586,2
6587,-4
6588,-4
6589,-4
6590,-8
6591,0
6592,0
6593,-14
6594,0
6595,-4
6596,0
6597,0
6598,-4
6599,0
6600,0
6601,-8
6602,0
6603,0
6604,0
6605,0
6606,0
6607,0
6608,0
6609,0
6610,-20
6611,0
6612,0
6613,0
6614,2
6615,4
6616,6
6617,4
6618,0
6619,0
6620,6
6621,-10
6622,4
6623,6
6624,2
6625,-4
6626,-4
6627,0
6628,0
6629,0
6630,4
6631,2
6632,0
6633,0
6634,-22
6635,6
6636,2
6637,-8
6638,4
6639,-4
6640,0
6641,0
6642,0
6643,0
6644,2
6645,0
6646,0
6647,0
6648,0
6649,-8
6650,0
6651,-4
6652,0
6653,0
6654,0
6655,0
6656,-6
6657,0
6658,0
6659,0
6660,0
6661,-4
6662,0
6663,-4
6664,0
6665,0
6666,0
6667,-4
6668,-4
6669,-4
6670,-8
6671,-6
6672,0
6673,0
6674,0
6675,0
6676,-4
6677,0
6678,-4
6679,-4
6680,-8
6681,0
6682,0
6683,-12
6684,-4
6685,0
6686,6
6687,-4
6688,2
6689,16
6690,-4
6691,0
6692,-4
6693,0
6694,-4
6695,0
6696,-4
6697,0
6698,0
6699,-4
6700,4
6701,-4
6702,0
6703,0
6704,-4
6705,-4
6706,0
6707,0
6708,-4
6709,0
6710,6
6711,0
6712,0
6713,0
6714,2
6715,4
6716,2
6717,0
6718,0
6719,-4
6720,4
6721,0
6722,0
6723,6
6724,0
6725,0
6726,0
6727,0
6728,-10
6729,0
6730,14
6731,0
6732,0
6733,0
6734,2
6735,0
6736,18
6737,-4
6738,0
6739,-4
6740,0
6741,4
6742,2
6743,0
6744,4
6745,0
6746,0
6747,0
6748,0
6749,-4
6750,0
6751,2
6752,0
6753,-6
6754,-4
6755,-8
6756,-4
6757,0
6758,0
6759,-4
6760,0
6761,-4
6762,0
6763,-4
6764,-4
6765,0
6766,0
6767,0
6768,0
6769,4
6770,-4
6771,0
6772,14
6773,-4
6774,-4
6775,-14
6776,0
6777,-4
6778,0
6779,-4
6780,-4
6781,-4
6782,0
6783,0
6784,-4
6785,0
6786,0
6787,-6
6788,-4
6789,0
6790,-4
6791,0
6792,0
6793,-4
6794,0
6795,2
6796,0
6797,-4
6798,-4
6799,6
6800,0
6801,0
6802,-4
6803,0
6804,0
6805,0
6806,10
6807,0
6808,0
6809,0
6810,0
6811,4
6812,-4
6813,0
6814,0
6815,0
6816,0
6817,0
6818,0
6819,0
6820,0
6821,0
6822,0
6823,0
6824,6
6825,0
6826,2
6827,0
6828,0
6829,6
6830,-4
6831,0
6832,0
6833,2
6834,-4
6835,10
6836,0
6837,4
6838,-4
6839,0
6840,0
6841,-6
6842,0
6843,0
6844,6
6845,0
6846,6
6847,-4
6848,-4
6849,0
6850,0
6851,-4
6852,0
6853,-4
6854,-4
6855,0
6856,-4
6857,-4
6858,2
6859,-8
6860,0
6861,-4
6862,0
6863,0
6864,-4
6865,0
6866,0
6867,-4
6868,-4
6869,0
6870,-4
6871,-4
6872,0
6873,-4
6874,-4
6875,-4
6876,0
6877,-4
6878,-4
6879,-6
6880,0
6881,-12
6882,0
6883,-4
6884,0
6885,-4
6886,-4
6887,-4
6888,0
6889,6
6890,0
6891,0
6892,0
6893,6
6894,0
6895,-4
6896,-4
6897,0
6898,0
6899,0
6900,-4
6901,0
6902,0
6903,6
6904,-4
6905,-4
6906,0
6907,0
6908,0
6909,0
6910,0
6911,0
6912,0
6913,0
6914,0
6915,6
6916,0
6917,-4
6918,4
6919,0
6920,0
6921,0
6922,0
6923,2
6924,6
6925,0
6926,0
6927,0
6928,0
6929,0
6930,0
6931,0
6932,0
6933,4
6934,-4
6935,0
6936,0
6937,10
6938,-4
6939,0
6940,-12
6941,0
6942,0
6943,0
6944,-4
6945,-4
6946,0
6947,2
6948,0
6949,2
6950,-8
6951,0
6952,-4
6953,-4
6954,-4
6955,-4
6956,0
6957,0
6958,6
6959,0
6960,0
6961,0
6962,-4
6963,0
6964,0
6965,-4
6966,-4
6967,-4
6968,0
6969,0
6970,-4
6971,0
6972,-4
6973,-4
6974,4
6975,-4
6976,0
6977,-6
6978,0
6979,-4
6980,2
6981,0
6982,-4
6983,0
6984,-4
6985,0
6986,-4
6987,0
6988,0
6989,0
6990,-4
6991,0
6992,-8
6993,0
6994,0
6995,0
6996,2
6997,-4
6998,0
6999,-4
7000,0
7001,-12
7002,-4
7003,2
7004,0
7005,0
7006,0
7007,0
7008,0
7009,0
7010,0
7011,-4
7012,0
7013,0
7014,0
7015,0
7016,0
7017,0
7018,0
7019,0
7020,0
7021,4
7022,0
7023,0
7024,0
7025,0
7026,8
7027,0
7028,0
7029,0
7030,-8
7031,0
7032,-4
7033,-4
7034,0
7035,0
7036,10
7037,2
7038,0
7039,0
7040,0
7041,-4
7042,0
7043,-4
7044,0
7045,-8
7046,0
7047,0
7048,10
7049,0
7050,-14
7051,4
7052,4
7053,0
7054,-4
7055,-4
7056,0
7057,6
7058,0
7059,6
7060,0
7061,-4
7062,2
7063,0
7064,-4
7065,-4
7066,0
7067,0
7068,0
7069,-4
7070,6
7071,6
7072,0
7073,0
7074,0
7075,0
7076,0
7077,-4
7078,-4
7079,-4
7080,0
7081,-4
7082,-4
7083,-8
7084,-4
7085,-4
7086,0
7087,0
7088,-4
7089,0
7090,4
7091,-4
7092,0
7093,-4
7094,0
7095,0
7096,0
7097,2
7098,-4
7099,0
7100,0
7101,0
7102,-4
7103,0
7104,2
7105,0
7106,0
7107,0
7108,-4
7109,0
7110,0
7111,-4
7112,0
7113,0
7114,0
7115,0
7116,2
7117,-8
7118,6
7119,0
7120,-4
7121,6
7122,0
7123,0
7124,0
7125,0
7126,0
7127,0
7128,0
7129,-4
7130,0
7131,0
7132,0
7133,-4
7134,0
7135,18
7136,0
7137,0
7138,6
7139,2
7140,0
7141,-4
7142,10
7143,-4
7144,0
7145,-4
7146,-4
7147,0
7148,0
7149,-4
7150,0
7151,0
7152,0
7153,0
7154,0
7155,0
7156,0
7157,-4
7158,0
7159,0
7160,0
7161,-4
7162,0
7163,0
7164,-4
7165,30
7166,0
7167,0
7168,0
7169,0
7170,0
7171,0
7172,-4
7173,-4
7174,0
7175,0
7176,0
7177,0
7178,-4
7179,-6
7180,-4
7181,-4
7182,-4
7183,0
7184,-4
7185,-6
7186,-4
7187,0
7188,0
7189,-4
7190,0
7191,0
7192,0
7193,-8
7194,0
7195,0
7196,0
7197,-8
7198,0
7199,-4
7200,-4
7201,-4
7202,-4
7203,0
7204,0
7205,0
7206,0
7207,-4
7208,-4
7209,0
7210,-4
7211,4
7212,0
7213,2
7214,0
7215,6
7216,0
7217,6
7218,6
7219,0
7220,0
7221,0
7222,6
7223,-4
7224,0
7225,0
7226,-4
7227,0
7228,0
7229,-16
7230,0
7231,8
7232,0
7233,0
7234,10
7235,0
7236,0
7237,4
7238,0
7239,0
7240,0
7241,10
7242,0
7243,0
7244,6
7245,4
7246,0
7247,4
7248,0
7249,0
7250,0
7251,4
7252,0
7253,-4
7254,0
7255,0
7256,-4
7257,0
7258,0
7259,0
7260,0
7261,-4
7262,0
7263,0
7264,-4
7265,0
7266,0
7267,-4
7268,0
7269,2
7270,0
7271,0
7272,-4
7273,0
7274,-4
7275,-4
7276,0
7277,-6
7278,-4
7279,0
7280,-4
7281,0
7282,0
7283,-4
7284,-4
7285,0
7286,-4
7287,4
7288,-4
7289,0
7290,0
7291,0
7292,2
7293,0
7294,-4
7295,14
7296,-4
7297,0
7298,0
7299,2
7300,-10
7301,-4
7302,0
7303,0
7304,-4
7305,0
7306,0
7307,-4
7308,0
7309,0
7310,-12
7311,0
7312,0
7313,0
7314,0
7315,0
7316,-4
7317,0
7318,2
7319,0
7320,2
7321,0
7322,0
7323,0
7324,4
7325,0
7326,-4
7327,-14
7328,0
7329,4
7330,4
7331,0
7332,0
7333,6
7334,8
7335,0
7336,0
7337,6
7338,-14
7339,2
7340,4
7341,0
7342,0
7343,0
7344,0
7345,10
7346,0
7347,0
7348,-8
7349,2
7350,2
7351,-4
7352,0
7353,0
7354,0
7355,-8
7356,10
7357,0
7358,0
7359,0
7360,-4
7361,0
7362,0
7363,-4
7364,0
7365,0
7366,-4
7367,0
7368,-4
7369,0
7370,2
7371,10
7372,-4
7373,0
7374,-4
7375,-4
7376,-4
7377,0
7378,-4
7379,18
7380,0
7381,-4
7382,-4
7383,-4
7384,0
7385,-6
7386,0
7387,0
7388,-4
7389,-4
7390,2
7391,0
7392,0
7393,-4
7394,-4
7395,0
7396,-4
7397,4
7398,0
7399,0
7400,0
7401,4
7402,0
7403,0
7404,-4
7405,0
7406,2
7407,-4
7408,2
7409,0
7410,0
7411,0
7412,2
7413,0
7414,0
7415,0
7416,8
7417,0
7418,0
7419,0
7420,2
7421,2
7422,0
7423,0
7424,0
7425,0
7426,6
7427,0
7428,-4
7429,0
7430,0
7431,0
7432,0
7433,0
7434,0
7435,10
7436,0
7437,0
7438,-4
7439,0
7440,0
7441,0
7442,4
7443,-4
7444,0
7445,10
7446,0
7447,0
7448,0
7449,0
7450,6
7451,0
7452,-4
7453,0
7454,-12
7455,0
7456,0
7457,0
7458,0
7459,-4
7460,-4
7461,0
7462,0
7463,-4
7464,-4
7465,0
7466,0
7467,-4
7468,-6
7469,-4
7470,-8
7471,0
7472,6
7473,-4
7474,0
7475,-4
7476,-4
7477,0
7478,0
7479,0
7480,-6
7481,-4
7482,-4
7483,0
7484,0
7485,-4
7486,0
7487,-4
7488,-4
7489,-4
7490,0
7491,0
7492,-4
7493,0
7494,-4
7495,0
7496,-4
7497,0
7498,0
7499,0
7500,2
7501,0
7502,-4
7503,0
7504,0
7505,0
7506,0
7507,4
7508,0
7509,0
7510,0
7511,0
7512,0
7513,0
7514,0
7515,0
7516,2
7517,0
7518,0
7519,4
7520,6
7521,0
7522,0
7523,-4
7524,4
7525,0
7526,0
7527,0
7528,0
7529,2
7530,0
7531,-8
7532,0
7533,-4
7534,-4
7535,-4
7536,0
7537,0
7538,4
7539,10
7540,0
7541,0
7542,0
7543,-4
7544,0
7545,2
7546,0
7547,4
7548,-4
7549,0
7550,0
7551,-4
7552,0
7553,-4
7554,0
7555,-4
7556,0
7557,0
7558,-4
7559,0
7560,6
7561,0
7562,0
7563,0
7564,0
7565,-4
7566,-4
7567,-4
7568,0
7569,-4
7570,0
7571,0
7572,-4
7573,-4
7574,6
7575,-4
7576,-4
7577,0
7578,10
7579,-4
7580,-4
7581,-4
7582,0
7583,-4
7584,-4
7585,-4
7586,-4
7587,-4
7588,0
7589,0
7590,0
7591,-4
7592,0
7593,0
7594,2
7595,-4
7596,-4
7597,0
7598,0
7599,0
7600,0
7601,0
7602,-4
7603,0
7604,-4
7605,0
7606,0
7607,0
7608,2
7609,0
7610,0
7611,0
7612,0
7613,0
7614,2
7615,2
7616,0
7617,0
7618,0
7619,0
7620,4
7621,0
7622,2
7623,-4
7624,6
7625,4
7626,-4
7627,-4
7628,0
7629,0
7630,8
7631,0
7632,0
7633,0
7634,0
7635,-4
7636,10
7637,4
7638,2
7639,6
7640,0
7641,-4
7642,-4
7643,2
7644,0
7645,-4
7646,0
7647,-8
7648,-4
7649,0
7650,0
7651,0
7652,-4
7653,-4
7654,-4
7655,-4
7656,0
7657,-4
7658,0
7659,-4
7660,0
7661,0
7662,0
7663,-4
7664,-4
7665,4
7666,-6
7667,-4
7668,0
7669,-4
7670,-4
7671,-4
7672,-4
7673,-4
7674,-4
7675,-4
7676,0
7677,-4
7678,-4
7679,0
7680,0
7681,-4
7682,0
7683,-6
7684,-4
7685,-4
7686,-4
7687,-4
7688,0
7689,2
7690,-4
7691,-4
7692,0
7693,-4
7694,0
7695,0
7696,0
7697,0
7698,2
7699,0
7700,0
7701,-4
7702,0
7703,-4
7704,0
7705,0
7706,0
7707,-4
7708,0
7709,4
7710,-4
7711,6
7712,2
7713,0
7714,0
7715,0
7716,0
7717,0
7718,0
7719,2
7720,6
7721,0
7722,0
7723,2
7724,-4
7725,0
7726,0
7727,2
7728,0
7729,0
7730,2
7731,-4
7732,0
7733,0
7734,-4
7735,0
7736,4
7737,0
7738,-4
7739,0
7740,0
7741,-4
7742,-4
7743,0
7744,0
7745,-4
7746,0
7747,0
7748,0
7749,10
7750,-8
7751,0
7752,0
7753,-4
7754,10
7755,0
7756,-4
7757,-4
7758,0
7759,0
7760,0
7761,0
7762,0
7763,0
7764,-4
7765,0
7766,-4
7767,0
7768,-6
7769,0
7770,0
7771,-4
7772,0
7773,14
7774,-4
7775,-4
7776,-6
7777,-4
7778,-18
7779,-4
7780,-4
7781,0
7782,-4
7783,-4
7784,-10
7785,0
7786,0
7787,6
7788,0
7789,0
7790,-14
7791,0
7792,2
7793,4
7794,0
7795,0
7796,-4
7797,-8
7798,0
7799,0
7800,0
7801,-4
7802,0
7803,-6
7804,0
7805,0
7806,-4
7807,6
7808,0
7809,0
7810,8
7811,0
7812,-4
7813,0
7814,0
7815,0
7816,0
7817,0
7818,-8
7819,0
7820,2
7821,2
7822,0
7823,2
7824,2
7825,2
7826,-4
7827,0
7828,-4
7829,6
7830,0
7831,8
7832,0
7833,0
7834,16
7835,0
7836,0
7837,-6
7838,0
7839,0
7840,-6
7841,0
7842,-4
7843,0
7844,-14
7845,-4
7846,6
7847,-4
7848,-4
7849,0
7850,0
7851,0
7852,0
7853,0
7854,-4
7855,-4
7856,0
7857,0
7858,0
7859,0
7860,0
7861,-4
7862,0
7863,0
7864,0
7865,-4
7866,-4
7867,-4
7868,4
7869,0
7870,0
7871,0
7872,0
7873,-4
7874,-4
7875,-4
7876,-4
7877,-4
7878,0
7879,0
7880,0
7881,-4
7882,0
7883,0
7884,-4
7885,0
7886,-4
7887,-4
7888,-4
7889,0
7890,0
7891,-4
7892,-4
7893,4
7894,0
7895,0
7896,-4
7897,-4
7898,0
7899,4
7900,-4
7901,0
7902,0
7903,0
7904,0
7905,-4
7906,0
7907,0
7908,10
7909,-4
7910,0
7911,0
7912,2
7913,0
7914,0
7915,0
7916,2
7917,4
7918,0
7919,-4
7920,0
7921,0
7922,0
7923,4
7924,0
7925,10
7926,0
7927,0
7928,0
7929,0
7930,-4
7931,6
7932,2
7933,10
7934,0
7935,0
7936,10
7937,2
7938,0
7939,-4
7940,0
7941,-4
7942,-4
7943,-4
7944,0
7945,0
7946,-4
7947,0
7948,0
7949,0
7950,0
7951,2
7952,0
7953,-4
7954,0
7955,-4
7956,0
7957,0
7958,-4
7959,0
7960,-4
7961,0
7962,-4
7963,2
7964,-4
7965,0
7966,-4
7967,-4
7968,-4
7969,-4
7970,0
7971,0
7972,-4
7973,-4
7974,0
7975,-14
7976,-4
7977,-4
7978,-4
7979,-4
7980,-4
7981,-4
7982,-4
7983,-8
7984,-4
7985,0
7986,-4
7987,-4
7988,-4
7989,-4
7990,0
7991,0
7992,0
7993,6
7994,0
7995,-4
7996,0
7997,0
7998,0
7999,0
8000,0
8001,0
8002,-4
8003,0
8004,0
8005,-4
8006,0
8007,0
8008,-4
8009,-4
8010,0
8011,-4
8012,0
8013,0
8014,2
8015,-4
8016,0
8017,6
8018,0
8019,0
8020,0
8021,0
8022,-8
8023,2
8024,0
8025,0
8026,6
8027,10
8028,6
8029,0
8030,0
8031,-4
8032,-4
8033,0
8034,0
8035,-10
8036,0
8037,0
8038,-4
8039,0
8040,0
8041,0
8042,-4
8043,0
8044,4
8045,-8
8046,0
8047,-4
8048,-4
8049,2
8050,0
8051,0
8052,0
8053,0
8054,0
8055,0
8056,0
8057,0
8058,0
8059,0
8060,2
8061,-4
8062,0
8063,0
8064,0
8065,0
8066,-4
8067,-4
8068,-4
8069,-4
8070,-4
8071,-4
8072,-4
8073,-4
8074,0
8075,-4
8076,-4
8077,-4
8078,0
8079,-4
8080,0
8081,-4
8082,2
8083,0
8084,-4
8085,-4
8086,-4
8087,-4
8088,-4
8089,-4
8090,-4
8091,0
8092,10
8093,-4
8094,0
8095,0
8096,0
8097,0
8098,0
8099,0
8100,0
8101,0
8102,-4
8103,-4
8104,0
8105,0
8106,0
8107,-8
8108,0
8109,-4
8110,0
8111,0
8112,-4
8113,0
8114,2
8115,0
8116,0
8117,0
8118,0
8119,0
8120,0
8121,0
8122,4
8123,0
8124,2
8125,0
8126,0
8127,0
8128,0
8129,-4
8130,4
8131,-4
8132,0
8133,0
8134,6
8135,-8
8136,0
8137,0
8138,0
8139,6
8140,0
8141,0
8142,-4
8143,0
8144,-6
8145,0
8146,-12
8147,0
8148,-4
8149,0
8150,0
8151,-4
8152,0
8153,-4
8154,0
8155,-4
8156,-4
8157,0
8158,0
8159,0
8160,0
8161,10
8162,0
8163,-4
8164,-4
8165,0
8166,-4
8167,-4
8168,0
8169,-4
8170,-4
8171,0
8172,-4
8173,-4
8174,0
8175,0
8176,0
8177,0
8178,-4
8179,-4
8180,18
8181,0
8182,-16
8183,-4
8184,0
8185,6
8186,0
8187,-4
8188,6
8189,-4
8190,-4
8191,-4
8192,-4
8193,0
8194,-4
8195,0
8196,-4
8197,0
8198,-4
8199,-14
8200,14
8201,0
8202,0
8203,0
8204,0
8205,0
8206,0
8207,-4
8208,0
8209,-4
8210,0
8211,0
8212,0
8213,0
8214,0
8215,0
8216,0
8217,0
8218,2
8219,0
8220,-4
8221,-4
8222,-4
8223,0
8224,0
8225,4
8226,2
8227,0
8228,0
8229,0
8230,0
8231,0
8232,2
8233,0
8234,0
8235,2
8236,4
8237,0
8238,-4
8239,-4
8240,0
8241,-4
8242,0
8243,4
8244,0
8245,0
8246,4
8247,0
8248,0
8249,0
8250,-4
8251,0
8252,-4
8253,-4
8254,10
8255,6
8256,-8
8257,0
8258,0
8259,0
8260,0
8261,-4
8262,0
8263,-4
8264,-4
8265,0
8266,0
8267,-4
8268,-4
8269,-4
8270,-4
8271,-4
8272,-4
8273,0
8274,-4
8275,-4
8276,-4
8277,-4
8278,-4
8279,-4
8280,2
8281,-4
8282,0
8283,18
8284,0
8285,-4
8286,-4
8287,-14
8288,0
8289,-4
8290,6
8291,-4
8292,0
8293,0
8294,-6
8295,-4
8296,0
8297,0
8298,0
8299,-4
8300,0
8301,0
8302,-4
8303,4
8304,0
8305,0
8306,2
8307,-4
8308,0
8309,0
8310,0
8311,0
8312,4
8313,0
8314,0
8315,0
8316,0
8317,-4
8318,2
8319,-4
8320,0
8321,0
8322,2
8323,-4
8324,0
8325,4
8326,0
8327,-4
8328,0
8329,4
8330,10
8331,2
8332,-6
8333,2
8334,0
8335,0
8336,0
8337,0
8338,8
8339,0
8340,-4
8341,0
8342,10
8343,0
8344,0
8345,-20
8346,0
8347,0
8348,-4
8349,0
8350,0
8351,0
8352,0
8353,-4
8354,-4
8355,-4
8356,-4
8357,-4
8358,0
8359,2
8360,0
8361,0
8362,-4
8363,0
8364,-4
8365,0
8366,0
8367,0
8368,0
8369,0
8370,0
8371,-4
8372,-4
8373,0
8374,-4
8375,-14
8376,0
8377,-4
8378,-4
8379,-4
8380,0
8381,-4
8382,6
8383,0
8384,0
8385,-4
8386,6
8387,-4
8388,-4
8389,-8
8390,0
8391,-4
8392,0
8393,-8
8394,-4
8395,0
8396,-4
8397,0
8398,0
8399,0
8400,-4
8401,0
8402,-4
8403,-4
8404,0
8405,0
8406,-4
8407,0
8408,4
8409,0
8410,0
8411,0
8412,0
8413,0
8414,-4
8415,0
8416,0
8417,0
8418,6
8419,0
8420,2
8421,0
8422,0
8423,0
8424,0
8425,2
8426,2
8427,-4
8428,4
8429,-4
8430,0
8431,6
8432,0
8433,0
8434,-8
8435,0
8436,0
8437,6
8438,6
8439,0
8440,0
8441,0
8442,0
8443,0
8444,0
8445,2
8446,0
8447,-4
8448,-8
8449,0
8450,0
8451,0
8452,-4
8453,0
8454,0
8455,-4
8456,-4
8457,-4
8458,-4
8459,0
8460,0
8461,0
8462,-4
8463,-4
8464,0
8465,-4
8466,-4
8467,10
8468,0
8469,0
8470,-4
8471,-4
8472,-4
8473,-4
8474,-4
8475,-4
8476,0
8477,0
8478,-4
8479,-4
8480,-8
8481,-4
8482,4
8483,0
8484,0
8485,-4
8486,-4
8487,-4
8488,0
8489,-4
8490,-4
8491,0
8492,-4
8493,-4
8494,6
8495,-4
8496,-4
8497,0
8498,0
8499,0
8500,0
8501,0
8502,0
8503,0
8504,0
8505,-4
8506,0
8507,-4
8508,0
8509,0
8510,-4
8511,0
8512,-4
8513,0
8514,0
8515,0
8516,-4
8517,4
8518,0
8519,-4
8520,6
8521,2
8522,0
8523,0
8524,0
8525,2
8526,0
8527,0
8528,2
8529,0
8530,4
8531,0
8532,2
8533,-4
8534,0
8535,0
8536,6
8537,-4
8538,6
8539,0
8540,0
8541,2
8542,-4
8543,0
8544,6
8545,2
8546,0
8547,-4
8548,-4
8549,-4
8550,0
8551,0
8552,0
8553,2
8554,0
8555,-4
8556,0
8557,0
8558,0
8559,0
8560,-6
8561,0
8562,-4
8563,0
8564,0
8565,-4
8566,0
8567,-4
8568,0
8569,-4
8570,0
8571,-4
8572,0
8573,0
8574,0
8575,-4
8576,-4
8577,-4
8578,4
8579,0
8580,-4
8581,-6
8582,-4
8583,-4
8584,-4
8585,-4
8586,2
8587,10
8588,0
8589,-4
8590,4
8591,0
8592,-4
8593,0
8594,0
8595,0
8596,-14
8597,0
8598,0
8599,-4
8600,0
8601,0
8602,0
8603,2
8604,0
8605,0
8606,0
8607,0
8608,0
8609,-14
8610,0
8611,0
8612,0
8613,0
8614,0
8615,0
8616,0
8617,0
8618,0
8619,0
8620,4
8621,0
8622,0
8623,0
8624,0
8625,0
8626,2
8627,0
8628,0
8629,0
8630,0
8631,0
8632,0
8633,0
8634,0
8635,0
8636,2
8637,6
8638,-4
8639,0
8640,0
8641,-4
8642,-16
8643,0
8644,0
8645,8
8646,0
8647,6
8648,-4
8649,0
8650,0
8651,0
8652,0
8653,0
8654,-4
8655,0
8656,-4
8657,0
8658,0
8659,-4
8660,-4
8661,-4
8662,0
8663,-4
8664,-4
8665,-4
8666,-10
8667,-4
8668,0
8669,0
8670,-4
8671,-4
8672,0
8673,-4
8674,0
8675,0
8676,-4
8677,0
8678,-4
8679,0
8680,-22
8681,-4
8682,0
8683,-4
8684,0
8685,-4
8686,-6
8687,0
8688,0
8689,-4
8690,0
8691,0
8692,-4
8693,-6
8694,0
8695,0
8696,-14
8697,0
8698,0
8699,4
8700,-4
8701,0
8702,0
8703,0
8704,0
8705,-4
8706,0
8707,0
8708,0
8709,-4
8710,0
8711,0
8712,0
8713,0
8714,-4
8715,0
8716,0
8717,0
8718,0
8719,0
8720,0
8721,0
8722,0
8723,0
8724,6
8725,4
8726,0
8727,0
8728,4
8729,0
8730,0
8731,2
8732,0
8733,4
8734,10
8735,0
8736,0
8737,-4
8738,0
8739,0
8740,0
8741,4
8742,-4
8743,0
8744,-8
8745,4
8746,0
8747,0
8748,2
8749,0
8750,0
8751,4
8752,-4
8753,-4
8754,-4
8755,2
8756,-4
8757,-4
8758,0
8759,0
8760,0
8761,-4
8762,0
8763,0
8764,0
8765,0
8766,0
8767,-4
8768,0
8769,-4
8770,6
8771,0
8772,0
8773,0
8774,-4
8775,0
8776,-4
8777,-4
8778,-6
8779,0
8780,0
8781,-4
8782,-4
8783,0
8784,0
8785,-4
8786,-4
8787,-12
8788,-4
8789,-6
8790,6
8791,2
8792,0
8793,0
8794,0
8795,0
8796,-4
8797,-4
8798,-4
8799,-14
8800,0
8801,2
8802,0
8803,0
8804,0
8805,-4
8806,0
8807,-4
8808,0
8809,2
8810,0
8811,2
8812,0
8813,0
8814,0
8815,0
8816,0
8817,0
8818,0
8819,0
8820,2
8821,2
8822,-4
8823,4
8824,2
8825,2
8826,0
8827,0
8828,0
8829,2
8830,4
8831,0
8832,0
8833,6
8834,0
8835,2
8836,2
8837,0
8838,10
8839,0
8840,0
8841,0
8842,-10
8843,-4
8844,0
8845,0
8846,0
8847,0
8848,0
8849,0
8850,-4
8851,0
8852,0
8853,0
8854,-4
8855,-4
8856,-4
8857,0
8858,0
8859,0
8860,-4
8861,0
8862,0
8863,6
8864,0
8865,-4
8866,0
8867,-4
8868,2
8869,2
8870,-4
8871,18
8872,-4
8873,-12
8874,-4
8875,-4
8876,-4
8877,0
8878,-4
8879,0
8880,-4
8881,-4
8882,-4
8883,-4
8884,-14
8885,-4
8886,-4
8887,6
8888,0
8889,-4
8890,-4
8891,-4
8892,0
8893,0
8894,-16
8895,0
8896,-8
8897,0
8898,-4
8899,0
8900,0
8901,0
8902,0
8903,4
8904,0
8905,-4
8906,0
8907,0
8908,0
8909,0
8910,0
8911,0
8912,0
8913,0
8914,0
8915,-4
8916,0
8917,14
8918,-4
8919,0
8920,0
8921,4
8922,0
8923,0
8924,0
8925,0
8926,4
8927,2
8928,0
8929,2
8930,-6
8931,0
8932,14
8933,0
8934,0
8935,0
8936,0
8937,-4
8938,-4
8939,0
8940,0
8941,0
8942,4
8943,0
8944,0
8945,0
8946,0
8947,0
8948,-4
8949,0
8950,0
8951,0
8952,0
8953,2
8954,0
8955,0
8956,0
8957,0
8958,0
8959,0
8960,0
8961,-4
8962,0
8963,-4
8964,0
8965,0
8966,-4
8967,0
8968,-22
8969,6
8970,-4
8971,-4
8972,-4
8973,0
8974,0
8975,-4
8976,-4
8977,-4
8978,-12
8979,0
8980,0
8981,0
8982,-4
8983,-20
8984,-4
8985,-4
8986,6
8987,-4
8988,0
8989,0
8990,0
8991,0
8992,0
8993,0
8994,-4
8995,-4
8996,-4
8997,0
8998,0
8999,-4
9000,0
9001,-4
9002,0
9003,0
9004,0
9005,0
9006,0
9007,-4
9008,-14
9009,0
9010,4
9011,-4
9012,2
9013,0
9014,4
9015,0
9016,2
9017,0
9018,0
9019,10
9020,0
9021,0
9022,0
9023,4
9024,0
9025,0
9026,0
9027,-4
9028,-10
9029,0
9030,0
9031,-4
9032,0
9033,-4
9034,2
9035,6
9036,0
9037,2
9038,0
9039,6
9040,10
9041,2
9042,0
9043,-4
9044,0
9045,2
9046,10
9047,0
9048,-4
9049,6
9050,-4
9051,0
9052,0
9053,0
9054,0
9055,4
9056,0
9057,6
9058,0
9059,-6
9060,6
9061,-4
9062,-4
9063,0
9064,0
9065,-4
9066,-4
9067,-4
9068,-4
9069,-4
9070,-4
9071,6
9072,0
9073,6
9074,-4
9075,-4
9076,0
9077,-4
9078,0
9079,0
9080,0
9081,6
9082,-4
9083,0
9084,0
9085,0
9086,0
9087,-4
9088,0
9089,-4
9090,0
9091,0
9092,6
9093,0
9094,0
9095,-6
9096,0
9097,6
9098,0
9099,-4
9100,0
9101,0
9102,0
9103,0
9104,-4
9105,0
9106,0
9107,0
9108,0
9109,-4
9110,0
9111,-4
9112,2
9113,0
9114,0
9115,0
9116,0
9117,0
9118,0
9119,2
9120,0
9121,-4
9122,0
9123,0
9124,14
9125,0
9126,4
9127,-4
9128,-4
9129,10
9130,0
9131,0
9132,0
9133,8
9134,0
9135,0
9136,10
9137,0
9138,0
9139,-8
9140,0
9141,0
9142,0
9143,6
9144,-4
9145,2
9146,0
9147,0
9148,0
9149,0
9150,14
9151,-4
9152,0
9153,0
9154,-4
9155,-14
9156,-4
9157,0
9158,0
9159,0
9160,0
9161,0
9162,-4
9163,2
9164,0
9165,0
9166,0
9167,-4
9168,-4
9169,-4
9170,0
9171,-14
9172,-4
9173,0
9174,0
9175,-4
9176,-4
9177,-4
9178,0
9179,4
9180,-4
9181,-4
9182,-4
9183,-4
9184,0
9185,-4
9186,-4
9187,-4
9188,0
9189,0
9190,-4
9191,-4
9192,0
9193,0
9194,4
9195,0
9196,-4
9197,0
9198,-4
9199,0
9200,0
9201,0
9202,-4
9203,0
9204,0
9205,0
9206,0
9207,-4
9208,2
9209,0
9210,0
9211,0
9212,-4
9213,0
9214,0
9215,0
9216,0
9217,0
9218,4
9219,-8
9220,0
9221,2
9222,0
9223,0
9224,0
9225,-8
9226,0
9227,4
9228,2
9229,0
9230,0
9231,0
9232,0
9233,0
9234,0
9235,4
9236,2
9237,6
9238,6
9239,4
9240,0
9241,4
9242,-8
9243,-4
9244,0
9245,6
9246,0
9247,-8
9248,-4
9249,0
9250,0
9251,0
9252,0
9253,-4
9254,0
9255,-4
9256,-4
9257,0
9258,0
9259,0
9260,0
9261,-4
9262,0
9263,-4
9264,-4
9265,-4
9266,-4
9267,0
9268,-4
9269,-8
9270,0
9271,-4
9272,0
9273,-4
9274,0
9275,-8
9276,-4
9277,-4
9278,0
9279,0
9280,4
9281,0
9282,-4
9283,-4
9284,0
9285,-4
9286,0
9287,0
9288,4
9289,-4
9290,0
9291,-4
9292,4
9293,0
9294,0
9295,6
9296,0
9297,-4
9298,0
9299,0
9300,-4
9301,0
9302,-4
9303,0
9304,0
9305,-4
9306,-8
9307,0
9308,0
9309,0
9310,0
9311,0
9312,-6
9313,-4
9314,-4
9315,0
9316,0
9317,2
9318,0
9319,0
9320,8
9321,0
9322,-4
9323,0
9324,6
9325,0
9326,4
9327,0
9328,0
9329,2
9330,0
9331,0
9332,0
9333,0
9334,10
9335,0
9336,0
9337,0
9338,0
9339,2
9340,2
9341,4
9342,0
9343,0
9344,6
9345,-4
9346,0
9347,0
9348,0
9349,0
9350,0
9351,0
9352,-4
9353,8
9354,-4
9355,0
9356,-4
9357,-4
9358,0
9359,-8
9360,0
9361,0
9362,-4
9363,0
9364,0
9365,-4
9366,-4
9367,-4
9368,0
9369,0
9370,0
9371,0
9372,0
9373,-4
9374,-4
9375,-4
9376,-4
9377,-4
9378,0
9379,-14
9380,-4
9381,-4
9382,0
9383,-4
9384,0
9385,-8
9386,0
9387,-4
9388,-18
9389,-4
9390,0
9391,6
9392,-4
9393,0
9394,-4
9395,-4
9396,-4
9397,0
9398,6
9399,-4
9400,0
9401,0
9402,-4
9403,0
9404,0
9405,2
9406,-4
9407,0
9408,4
9409,0
9410,-4
9411,0
9412,0
9413,0
9414,0
9415,0
9416,2
9417,0
9418,0
9419,0
9420,0
9421,0
9422,6
9423,8
9424,0
9425,0
9426,4
9427,2
9428,-4
9429,-4
9430,0
9431,4
9432,0
9433,4
9434,6
9435,0
9436,-4
9437,-4
9438,0
9439,2
9440,0
9441,-10
9442,-4
9443,0
9444,0
9445,6
9446,-4
9447,-4
9448,0
9449,0
9450,10
9451,-8
9452,0
9453,0
9454,-4
9455,0
9456,-4
9457,-4
9458,-4
9459,0
9460,-4
9461,0
9462,0
9463,-4
9464,0
9465,-4
9466,0
9467,0
9468,-4
9469,0
9470,0
9471,0
9472,0
9473,0
9474,-4
9475,-4
9476,0
9477,-4
9478,0
9479,0
9480,0
9481,0
9482,-4
9483,-4
9484,-4
9485,0
9486,-4
9487,0
9488,0
9489,-18
9490,0
9491,0
9492,0
9493,-4
9494,0
9495,0
9496,-4
9497,4
9498,0
9499,-4
9500,0
9501,0
9502,0
9503,-4
9504,-4
9505,-4
9506,0
9507,-4
9508,0
9509,0
9510,0
9511,-4
9512,0
9513,2
9514,0
9515,0
9516,0
9517,0
9518,0
9519,0
9520,0
9521,0
9522,0
9523,6
9524,4
9525,0
9526,4
9527,2
9528,6
9529,0
9530,0
9531,2
9532,0
9533,0
9534,0
9535,6
9536,0
9537,0
9538,-4
9539,0
9540,0
9541,0
9542,8
9543,0
9544,0
9545,0
9546,0
9547,0
9548,0
9549,-4
9550,-12
9551,4
9552,-4
9553,2
9554,10
9555,0
9556,0
9557,0
9558,0
9559,-4
9560,0
9561,-4
9562,-4
9563,-4
9564,-4
9565,0
9566,0
9567,-4
9568,0
9569,0
9570,0
9571,-4
9572,-4
9573,0
9574,-4
9575,-4
9576,-4
9577,0
9578,0
9579,-4
9580,-4
9581,-4
9582,0
9583,-4
9584,-4
9585,0
9586,-14
9587,-4
9588,-8
9589,-4
9590,6
9591,0
9592,-4
9593,-4
9594,-14
9595,4
9596,-4
9597,0
9598,0
9599,0
9600,0
9601,-4
9602,0
9603,-4
9604,0
9605,0
9606,-10
9607,-4
9608,0
9609,0
9610,-4
9611,6
9612,2
9613,-4
9614,-18
9615,0
9616,0
9617,0
9618,0
9619,0
9620,0
9621,-8
9622,2
9623,0
9624,0
9625,-4
9626,0
9627,0
9628,0
9629,0
9630,-4
9631,0
9632,4
9633,0
9634,0
9635,-4
9636,6
9637,4
9638,4
9639,8
9640,0
9641,0
9642,0
9643,0
9644,-20
9645,0
9646,0
9647,0
9648,-4
9649,0
9650,0
9651,0
9652,0
9653,-4
9654,0
9655,4
9656,-4
9657,0
9658,6
9659,-4
9660,0
9661,0
9662,-4
9663,0
9664,0
9665,0
9666,0
9667,0
9668,-4
9669,0
9670,6
9671,-4
9672,-4
9673,-4
9674,0
9675,-4
9676,-4
9677,-4
9678,0
9679,-8
9680,-4
9681,-4
9682,0
9683,-4
9684,0
9685,-8
9686,0
9687,0
9688,-4
9689,-4
9690,0
9691,0
9692,0
9693,4
9694,0
9695,-14
9696,0
9697,4
9698,0
9699,0
9700,0
9701,0
9702,-4
9703,0
9704,0
9705,0
9706,0
9707,0
9708,-14
9709,0
9710,0
9711,-4
9712,0
9713,0
9714,0
9715,4
9716,2
9717,0
9718,2
9719,-4
9720,4
9721,0
9722,0
9723,-4
9724,2
9725,0
9726,-4
9727,0
9728,0
9729,0
9730,0
9731,0
9732,2
9733,8
9734,2
9735,0
9736,4
9737,-4
9738,0
9739,0
9740,-8
9741,0
9742,0
9743,-4
9744,2
9745,0
9746,0
9747,0
9748,6
9749,0
9750,0
9751,0
9752,0
9753,0
9754,0
9755,6
9756,2
9757,-8
9758,-4
9759,6
9760,0
9761,0
9762,-4
9763,-4
9764,0
9765,0
9766,0
9767,-4
9768,-4
9769,-4
9770,-4
9771,-4
9772,6
9773,16
9774,0
9775,0
9776,-4
9777,-6
9778,-4
9779,0
9780,-4
9781,0
9782,0
9783,-4
9784,-4
9785,0
9786,0
9787,-18
9788,-4
9789,-4
9790,-4
9791,0
9792,-4
9793,-4
9794,0
9795,0
9796,0
9797,-4
9798,0
9799,-4
9800,0
9801,0
9802,0
9803,0
9804,0
9805,-4
9806,0
9807,0
9808,-4
9809,-4
9810,-4
9811,-18
9812,0
9813,0
9814,0
9815,0
9816,0
9817,0
9818,0
9819,-6
9820,-4
9821,0
9822,6
9823,-4
9824,6
9825,0
9826,0
9827,-4
9828,0
9829,0
9830,10
9831,0
9832,10
9833,2
9834,0
9835,0
9836,0
9837,0
9838,0
9839,0
9840,-4
9841,6
9842,0
9843,0
9844,0
9845,6
9846,0
9847,-12
9848,0
9849,0
9850,10
9851,0
9852,0
9853,0
9854,0
9855,0
9856,-4
9857,0
9858,0
9859,-4
9860,6
9861,0
9862,-4
9863,0
9864,0
9865,0
9866,0
9867,-4
9868,0
9869,0
9870,0
9871,-4
9872,-4
9873,0
9874,-4
9875,-4
9876,-4
9877,-4
9878,0
9879,-18
9880,0
9881,0
9882,8
9883,-4
9884,0
9885,0
9886,-4
9887,0
9888,0
9889,0
9890,-4
9891,-4
9892,-4
9893,0
9894,-4
9895,0
9896,0
9897,0
9898,6
9899,0
9900,0
9901,-4
9902,0
9903,-4
9904,0
9905,2
9906,-4
9907,4
9908,-4
9909,0
9910,0
9911,-4
9912,0
9913,0
9914,0
9915,0
9916,0
9917,-4
9918,0
9919,0
9920,2
9921,0
9922,2
9923,-4
9924,-4
9925,0
9926,0
9927,0
9928,0
9929,2
9930,-12
9931,0
9932,0
9933,0
9934,6
9935,-4
9936,0
9937,-4
9938,0
9939,0
9940,-4
9941,6
9942,0
9943,0
9944,-6
9945,2
9946,0
9947,0
9948,0
9949,-4
9950,0
9951,0
9952,0
9953,-4
9954,0
9955,-4
9956,-4
9957,-4
9958,6
9959,0
9960,-4
9961,0
9962,-4
9963,-4
9964,0
9965,-4
9966,0
9967,0
9968,0
9969,-8
9970,-4
9971,-4
9972,-4
9973,0
9974,0
9975,-4
9976,-4
9977,0
9978,0
9979,-4
9980,-4
9981,-4
9982,-4
9983,-4
9984,-4
9985,-4
9986,0
9987,-4
9988,-4
9989,-4
9990,-4
9991,0
9992,0
9993,0
9994,0
9995,0
9996,0
9997,-4
9998,-4
9999,0
10000,0
10001,4
10002,-6
10003,0
10004,-4
10005,-4
10006,0
10007,0
10008,-4
10009,-10
10010,0
10011,0
10012,-4
10013,0
10014,0
10015,0
10016,-4
10017,10
10018,0
10019,0
10020,-4
10021,6
10022,0
10023,0
10024,-4
10025,0
10026,4
10027,2
10028,0
10029,2
10030,0
10031,-4
10032,0
10033,2
10034,0
10035,4
10036,-4
10037,0
10038,0
10039,0
10040,-18
10041,0
10042,0
10043,-4
10044,0
10045,0
10046,-4
10047,0
10048,6
10049,0
10050,0
10051,0
10052,-4
10053,-4
10054,0
10055,0
10056,0
10057,0
10058,0
10059,0
10060,0
10061,-4
10062,-4
10063,-4
10064,-4
10065,0
10066,-4
10067,14
10068,-4
10069,-4
10070,8
10071,0
10072,-18
10073,-4
10074,-4
10075,-4
10076,-4
10077,0
10078,0
10079,0
10080,0
10081,14
10082,-4
10083,-4
10084,0
10085,0
10086,0
10087,-4
10088,-4
10089,-4
10090,0
10091,4
10092,0
10093,0
10094,0
10095,0
10096,0
10097,0
10098,0
10099,0
10100,0
10101,-4
10102,0
10103,-4
10104,0
10105,0
10106,0
10107,0
10108,0
10109,0
10110,0
10111,0
10112,-4
10113,0
10114,0
10115,4
10116,0
10117,0
10118,0
10119,0
10120,0
10121,4
10122,0
10123,0
10124,6
10125,2
10126,0
10127,2
10128,0
10129,0
10130,0
10131,2
10132,0
10133,0
10134,2
10135,-8
10136,0
10137,0
10138,4
10139,0
10140,0
10141,-4
10142,6
10143,0
10144,-4
10145,-4
10146,0
10147,-4
10148,0
10149,-8
10150,-4
10151,0
10152,0
10153,-4
10154,0
10155,0
10156,-8
10157,-4
10158,0
10159,-4
10160,0
10161,0
10162,-8
10163,0
10164,-4
10165,-4
10166,-6
10167,0
10168,-4
10169,0
10170,-4
10171,0
10172,-4
10173,0
10174,-4
10175,2
10176,0
10177,0
10178,-4
10179,-4
10180,-4
10181,-4
10182,0
10183,-4
10184,0
10185,0
10186,0
10187,-8
10188,-4
10189,0
10190,-4
10191,0
10192,0
10193,0
10194,-16
10195,0
10196,0
10197,0
10198,-4
10199,0
10200,-4
10201,-4
10202,0
10203,-4
10204,0
10205,-8
10206,0
10207,0
10208,-4
10209,0
10210,0
10211,0
10212,4
10213,-4
10214,0
10215,-4
10216,0
10217,0
10218,-4
10219,0
10220,-4
10221,6
10222,-4
10223,0
10224,0
10225,0
10226,8
10227,0
10228,0
10229,-14
10230,0
10231,0
10232,-8
10233,0
10234,2
10235,0
10236,0
10237,2
10238,10
10239,0
10240,4
10241,-8
10242,4
10243,0
10244,-4
10245,-4
10246,2
10247,0
10248,0
10249,0
10250,-4
10251,6
10252,10
10253,0
10254,0
10255,-4
10256,0
10257,-4
10258,0
10259,0
10260,0
10261,0
10262,-14
10263,0
10264,0
10265,-4
10266,-4
10267,-4
10268,-10
10269,-4
10270,0
10271,-4
10272,0
10273,-6
10274,0
10275,0
10276,-4
10277,-4
10278,0
10279,0
10280,-4
10281,0
10282,-4
10283,-4
10284,-4
10285,0
10286,-4
10287,0
10288,-6
10289,0
10290,-4
10291,0
10292,-8
10293,0
10294,0
10295,0
10296,-4
10297,-4
10298,0
10299,10
10300,0
10301,0
10302,-4
10303,-4
10304,0
10305,0
10306,0
10307,-14
10308,0
10309,0
10310,0
10311,2
10312,0
10313,2
10314,0
10315,0
10316,-4
10317,0
10318,4
10319,0
10320,4
10321,4
10322,0
10323,2
10324,2
10325,0
10326,2
10327,4
10328,2
10329,0
10330,0
10331,-4
10332,0
10333,-4
10334,0
10335,4
10336,0
10337,4
10338,0
10339,2
10340,6
10341,0
10342,0
10343,-4
10344,0
10345,0
10346,-4
10347,-4
10348,6
10349,0
10350,4
10351,0
10352,0
10353,0
10354,0
10355,-4
10356,0
10357,0
10358,0
10359,0
10360,-4
10361,0
10362,-4
10363,-10
10364,0
10365,-4
10366,4
10367,-4
10368,28
10369,0
10370,0
10371,-4
10372,-4
10373,-4
10374,-4
10375,0
10376,-4
10377,-4
10378,-4
10379,0
10380,-4
10381,6
10382,0
10383,-14
10384,-4
10385,-4
10386,0
10387,-4
10388,0
10389,-4
10390,-4
10391,-4
10392,0
10393,0
10394,-4
10395,10
10396,0
10397,-4
10398,-4
10399,0
10400,0
10401,6
10402,0
10403,0
10404,0
10405,0
10406,0
10407,-4
10408,0
10409,0
10410,-4
10411,-4
10412,0
10413,0
10414,0
10415,0
10416,-4
10417,0
10418,0
10419,0
10420,0
10421,4
10422,0
10423,-4
10424,0
10425,0
10426,0
10427,0
10428,0
10429,0
10430,0
10431,-4
10432,4
10433,0
10434,0
10435,0
10436,4
10437,2
10438,0
10439,10
10440,0
10441,-4
10442,-6
10443,2
10444,0
10445,0
10446,0
10447,-4
10448,-4
10449,-4
10450,0
10451,0
10452,0
10453,-4
10454,0
10455,0
10456,0
10457,0
10458,0
10459,0
10460,0
10461,-4
10462,0
10463,2
10464,0
10465,-10
10466,-10
10467,0
10468,-4
10469,0
10470,-4
10471,0
10472,0
10473,0
10474,-4
10475,0
10476,-4
10477,-4
10478,-4
10479,-4
10480,0
10481,-4
10482,-4
10483,0
10484,0
10485,-4
10486,-12
10487,0
10488,0
10489,-4
10490,4
10491,-4
10492,-4
10493,-4
10494,0
10495,0
10496,2
10497,0
10498,-4
10499,0
10500,0
10501,0
10502,0
10503,0
10504,0
10505,0
10506,0
10507,0
10508,-4
10509,0
10510,-4
10511,2
10512,0
10513,0
10514,0
10515,0
10516,0
10517,2
10518,0
10519,4
10520,0
10521,0
10522,-8
10523,0
10524,4
10525,8
10526,0
10527,4
10528,-4
10529,6
10530,0
10531,0
10532,-8
10533,0
10534,0
10535,0
10536,0
10537,0
10538,0
10539,0
10540,-4
10541,-8
10542,0
10543,0
10544,0
10545,-4
10546,-4
10547,-8
10548,-4
10549,0
10550,-8
10551,0
10552,0
10553,-14
10554,0
10555,18
10556,0
10557,-4
10558,0
10559,-4
10560,0
10561,-4
10562,-4
10563,-4
10564,0
10565,0
10566,0
10567,-4
10568,-4
10569,-4
10570,0
10571,-4
10572,14
10573,-4
10574,-4
10575,-4
10576,-8
10577,-6
10578,-4
10579,-4
10580,0
10581,-4
10582,6
10583,-4
10584,2
10585,-4
10586,2
10587,0
10588,-22
10589,-4
10590,0
10591,-4
10592,-4
10593,0
10594,0
10595,14
10596,-4
10597,0
10598,-4
10599,0
10600,2
10601,-4
10602,0
10603,0
10604,0
10605,0
10606,0
10607,0
10608,0
10609,0
10610,0
10611,0
10612,-4
10613,2
10614,0
10615,-4
10616,4
10617,2
10618,0
10619,-4
10620,6
10621,0
10622,0
10623,0
10624,0
10625,0
10626,0
10627,0
10628,-4
10629,0
10630,0
10631,0
10632,0
10633,2
10634,4
10635,0
10636,-4
10637,-16
10638,2
10639,4
10640,10
10641,0
10642,2
10643,-4
10644,8
10645,0
10646,0
10647,0
10648,0
10649,0
10650,18
10651,0
10652,0
10653,0
10654,0
10655,-4
10656,-4
10657,4
10658,0
10659,0
10660,-4
10661,0
10662,0
10663,0
10664,-4
10665,-4
10666,0
10667,6
10668,0
10669,-4
10670,-4
10671,-4
10672,0
10673,0
10674,-4
10675,0
10676,-4
10677,-8
10678,-6
10679,0
10680,-4
10681,0
10682,-8
10683,0
10684,4
10685,0
10686,-4
10687,0
10688,-4
10689,0
10690,6
10691,-4
10692,-4
10693,-4
10694,8
10695,4
10696,-4
10697,-4
10698,-4
10699,0
10700,0
10701,-4
10702,-4
10703,0
10704,0
10705,0
10706,0
10707,0
10708,0
10709,0
10710,0
10711,0
10712,0
10713,2
10714,2
10715,0
10716,0
10717,0
10718,4
10719,6
10720,0
10721,-4
10722,0
10723,0
10724,0
10725,2
10726,0
10727,-4
10728,0
10729,0
10730,0
10731,-14
10732,0
10733,0
10734,0
10735,0
10736,0
10737,-14
10738,4
10739,0
10740,6
10741,-10
10742,0
10743,0
10744,0
10745,8
10746,-4
10747,-4
10748,4
10749,0
10750,0
10751,0
10752,0
10753,0
10754,-14
10755,0
10756,0
10757,2
10758,0
10759,0
10760,0
10761,0
10762,0
10763,-4
10764,-4
10765,0
10766,-4
10767,0
10768,-4
10769,-4
10770,0
10771,0
10772,0
10773,-4
10774,-4
10775,0
10776,-4
10777,-6
10778,-4
10779,0
10780,0
10781,8
10782,-4
10783,10
10784,-4
10785,-6
10786,2
10787,-4
10788,-4
10789,0
10790,-4
10791,-4
10792,0
10793,-14
10794,0
10795,0
10796,2
10797,-4
10798,-4
10799,-4
10800,-4
10801,0
10802,0
10803,-4
10804,-4
10805,0
10806,-8
10807,0
10808,0
10809,0
10810,0
10811,-4
10812,0
10813,0
10814,0
10815,0
10816,0
10817,0
10818,2
10819,-8
10820,0
10821,0
10822,0
10823,0
10824,4
10825,0
10826,2
10827,-8
10828,-4
10829,-4
10830,4
10831,0
10832,-4
10833,4
10834,4
10835,0
10836,0
10837,0
10838,14
10839,0
10840,2
10841,0
10842,0
10843,0
10844,2
10845,-8
10846,0
10847,0
10848,0
10849,0
10850,0
10851,0
10852,0
10853,0
10854,8
10855,0
10856,0
10857,-4
10858,-4
10859,-4
10860,-4
10861,8
10862,0
10863,-4
10864,0
10865,-4
10866,-4
10867,0
10868,-4
10869,0
10870,-4
10871,-4
10872,6
10873,0
10874,-4
10875,-18
10876,-4
10877,-4
10878,-4
10879,-4
10880,-4
10881,-6
10882,-4
10883,10
10884,0
10885,0
10886,0
10887,0
10888,-4
10889,-4
10890,-4
10891,0
10892,-4
10893,-4
10894,0
10895,-4
10896,-4
10897,0
10898,0
10899,0
10900,4
10901,-4
10902,-4
10903,6
10904,0
10905,-4
10906,0
10907,-4
10908,-4
10909,0
10910,-4
10911,0
10912,0
10913,0
10914,2
10915,0
10916,0
10917,0
10918,0
10919,0
10920,0
10921,0
10922,0
10923,0
10924,6
10925,6
10926,2
10927,6
10928,4
10929,8
10930,10
10931,2
10932,0
10933,0
10934,-4
10935,0
10936,0
10937,0
10938,-8
10939,0
10940,0
10941,0
10942,4
10943,-4
10944,0
10945,4
10946,-12
10947,0
10948,-4
10949,0
10950,-4
10951,8
10952,0
10953,-4
10954,0
10955,10
10956,0
10957,0
10958,0
10959,0
10960,0
10961,-4
10962,-4
10963,-4
10964,-4
10965,0
10966,-4
10967,0
10968,-4
10969,-4
10970,-4
10971,0
10972,0
10973,0
10974,2
10975,-14
10976,0
10977,-4
10978,-4
10979,0
10980,-14
10981,-4
10982,-4
10983,-4
10984,-4
10985,0
10986,0
10987,0
10988,6
10989,-4
10990,-4
10991,0
10992,-4
10993,0
10994,0
10995,0
10996,6
10997,-4
10998,0
10999,0
11000,-4
11001,-4
11002,2
11003,-12
11004,0
11005,-4
11006,0
11007,0
11008,0
11009,0
11010,-4
11011,0
11012,0
11013,6
11014,2
11015,0
11016,4
11017,0
11018,2
11019,0
11020,0
11021,0
11022,4
11023,0
11024,2
11025,-8
11026,4
11027,2
11028,-4
11029,0
11030,0
11031,-4
11032,0
11033,10
11034,0
11035,-4
11036,0
11037,0
11038,4
11039,0
11040,0
11041,0
11042,4
11043,-4
11044,0
11045,0
11046,2
11047,0
11048,0
11049,0
11050,0
11051,0
11052,0
11053,-4
11054,0
11055,0
11056,-4
11057,0
11058,0
11059,0
11060,0
11061,0
11062,-4
11063,-4
11064,-4
11065,0
11066,-4
11067,0
11068,0
11069,-4
11070,0
11071,-4
11072,-4
11073,-4
11074,0
11075,-4
11076,0
11077,-4
11078,-4
11079,-4
11080,-4
11081,-4
11082,-6
11083,-4
11084,-4
11085,0
11086,0
11087,-4
11088,-4
11089,0
11090,8
11091,-4
11092,-4
11093,6
11094,0
11095,0
11096,-4
11097,-4
11098,0
11099,0
11100,-4
11101,0
11102,0
11103,2
11104,0
11105,0
11106,0
11107,0
11108,0
11109,0
11110,0
11111,0
11112,0
11113,0
11114,0
11115,0
11116,2
11117,0
11118,0
11119,2
11120,-4
11121,0
11122,-4
11123,0
11124,0
11125,0
11126,0
11127,0
11128,0
11129,0
11130,2
11131,0
11132,6
11133,2
11134,2
11135,0
11136,0
11137,0
11138,10
11139,6
11140,-4
11141,-4
11142,0
11143,-4
11144,0
11145,4
11146,0
11147,0
11148,0
11149,2
11150,0
11151,0
11152,-4
11153,0
11154,0
11155,-4
11156,-8
11157,-4
11158,-4
11159,0
11160,0
11161,0
11162,0
11163,0
11164,-4
11165,-4
11166,-4
11167,0
11168,-4
11169,-4
11170,-4
11171,-6
11172,0
11173,-6
11174,-6
11175,-4
11176,-4
11177,-6
11178,-4
11179,-4
11180,0
11181,-4
11182,-4
11183,-14
11184,0
11185,-4
11186,-4
11187,-4
11188,-4
11189,0
11190,-4
11191,-4
11192,0
11193,0
11194,0
11195,-4
11196,-4
11197,0
11198,0
11199,-4
11200,0
11201,0
11202,0
11203,0
11204,10
11205,0
11206,-4
11207,2
11208,0
11209,0
11210,0
11211,0
11212,-4
11213,0
11214,2
11215,0
11216,0
11217,0
11218,10
11219,0
11220,-8
11221,0
11222,4
11223,0
11224,0
11225,0
11226,0
11227,2
11228,4
11229,-4
11230,-4
11231,0
11232,0
11233,0
11234,0
11235,-4
11236,-6
11237,0
11238,0
11239,0
11240,10
11241,0
11242,0
11243,6
11244,-4
11245,0
11246,-4
11247,2
11248,0
11249,0
11250,0
11251,0
11252,0
11253,6
11254,0
11255,0
11256,0
11257,-4
11258,0
11259,-4
11260,-6
11261,0
11262,-10
11263,0
11264,0
11265,0
11266,-4
11267,0
11268,0
11269,-4
11270,-4
11271,-4
11272,-4
11273,-4
11274,0
11275,2
11276,-4
11277,-4
11278,-4
11279,0
11280,0
11281,0
11282,0
11283,0
11284,-4
11285,0
11286,0
11287,-4
11288,0
11289,4
11290,0
11291,-4
11292,0
11293,-4
11294,0
11295,4
11296,-4
11297,0
11298,-4
11299,-4
11300,0
11301,0
11302,0
11303,-4
11304,0
11305,0
11306,-12
11307,0
11308,0
11309,0
11310,0
11311,0
11312,-4
11313,0
11314,0
11315,0
11316,2
11317,0
11318,0
11319,4
11320,0
11321,0
11322,0
11323,0
11324,0
11325,0
11326,0
11327,0
11328,0
11329,0
11330,-14
11331,2
11332,0
11333,8
11334,2
11335,0
11336,10
11337,0
11338,0
11339,-8
11340,2
11341,0
11342,0
11343,-4
11344,0
11345,-4
11346,10
11347,0
11348,-4
11349,0
11350,0
11351,10
11352,-4
11353,6
11354,-4
11355,-4
11356,0
11357,0
11358,-4
11359,0
11360,0
11361,-4
11362,0
11363,-4
11364,-4
11365,-4
11366,0
11367,0
11368,-4
11369,0
11370,-4
11371,0
11372,-4
11373,-4
11374,-4
11375,0
11376,-4
11377,-4
11378,-4
11379,14
11380,0
11381,-6
11382,-4
11383,-4
11384,0
11385,0
11386,0
11387,0
11388,-4
11389,-16
11390,0
11391,-4
11392,-4
11393,0
11394,0
11395,0
11396,-4
11397,-4
11398,-4
11399,0
11400,0
11401,0
11402,-4
11403,0
11404,-4
11405,4
11406,4
11407,-4
11408,0
11409,4
11410,0
11411,0
11412,0
11413,0
11414,0
11415,0
11416,0
11417,0
11418,-4
11419,0
11420,-4
11421,-4
11422,0
11423,-4
11424,0
11425,0
11426,-10
11427,0
11428,0
11429,0
11430,0
11431,0
11432,0
11433,2
11434,0
11435,8
11436,2
11437,0
11438,0
11439,0
11440,14
11441,4
11442,-4
11443,-4
11444,4
11445,4
11446,0
11447,6
11448,0
11449,-4
11450,0
11451,0
11452,-4
11453,0
11454,0
11455,0
11456,0
11457,0
11458,0
11459,0
11460,0
11461,-12
11462,0
11463,0
11464,2
11465,-4
11466,-4
11467,-4
11468,-4
11469,0
11470,0
11471,-4
11472,-4
11473,-4
11474,-4
11475,-4
11476,0
11477,-4
11478,0
11479,-4
11480,-4
11481,-4
11482,2
11483,-4
11484,-4
11485,0
11486,0
11487,-4
11488,0
11489,-6
11490,0
11491,0
11492,-4
11493,6
11494,6
11495,0
11496,-4
11497,0
11498,0
11499,0
11500,0
11501,0
11502,0
11503,-4
11504,2
11505,0
11506,0
11507,-4
11508,0
11509,0
11510,0
11511,10
11512,0
11513,0
11514,0
11515,0
11516,0
11517,0
11518,0
11519,0
11520,0
11521,0
11522,0
11523,-4
11524,0
11525,0
11526,8
11527,-4
11528,6
11529,0
11530,0
11531,0
11532,4
11533,0
11534,-4
11535,0
11536,0
11537,6
11538,4
11539,0
11540,0
11541,-8
11542,0
11543,-4
11544,-4
11545,6
11546,2
11547,0
11548,0
11549,0
11550,0
11551,-4
11552,10
11553,0
11554,-4
11555,-4
11556,-4
11557,-4
11558,0
11559,-4
11560,0
11561,0
11562,0
11563,-4
11564,0
11565,-4
11566,0
11567,-4
11568,-4
11569,2
11570,-4
11571,-4
11572,2
11573,-4
11574,0
11575,-4
11576,-14
11577,0
11578,0
11579,0
11580,-4
11581,-4
11582,0
11583,-4
11584,-4
11585,0
11586,4
11587,-4
11588,0
11589,16
11590,0
11591,0
11592,-8
11593,-4
11594,0
11595,0
11596,0
11597,-4
11598,6
11599,0
11600,0
11601,0
11602,-4
11603,0
11604,0
11605,8
11606,0
11607,0
11608,0
11609,0
11610,-14
11611,0
11612,0
11613,0
11614,0
11615,0
11616,0
11617,0
11618,0
11619,0
11620,0
11621,0
11622,-6
11623,0
11624,0
11625,0
11626,0
11627,4
11628,0
11629,0
11630,0
11631,0
11632,0
11633,0
11634,0
11635,0
11636,8
11637,0
11638,0
11639,-4
11640,4
11641,2
11642,-4
11643,-12
11644,0
11645,-4
11646,0
11647,2
11648,0
11649,0
11650,8
11651,0
11652,-4
11653,0
11654,-6
11655,0
11656,0
11657,-12
11658,-4
11659,14
11660,0
11661,0
11662,-4
11663,0
11664,0
11665,0
11666,-4
11667,0
11668,0
11669,-4
11670,0
11671,0
11672,0
11673,0
11674,-4
11675,-4
11676,-4
11677,-4
11678,-4
11679,-6
11680,-8
11681,0
11682,-4
11683,-4
11684,-4
11685,-4
11686,0
11687,-4
11688,-4
11689,-4
11690,0
11691,0
11692,-4
11693,4
11694,-4
11695,0
11696,0
11697,0
11698,0
11699,-4
11700,0
11701,0
11702,0
11703,0
11704,-4
11705,0
11706,2
11707,-4
11708,0
11709,0
11710,-4
11711,0
11712,0
11713,0
11714,0
11715,0
11716,0
11717,-4
11718,4
11719,2
11720,0
11721,0
11722,6
11723,0
11724,0
11725,0
11726,4
11727,0
11728,0
11729,4
11730,6
11731,-4
11732,0
11733,-16
11734,4
11735,0
11736,0
11737,0
11738,6
11739,6
11740,0
11741,4
11742,0
11743,0
11744,-4
11745,0
11746,4
11747,0
11748,0
11749,0
11750,14
11751,-4
11752,-4
11753,-4
11754,0
11755,0
11756,0
11757,-8
11758,-4
11759,6
11760,0
11761,-4
11762,0
11763,0
11764,0
11765,-4
11766,-4
11767,0
11768,0
11769,0
11770,0
11771,0
11772,-4
11773,0
11774,0
11775,-4
11776,-4
11777,-4
11778,-14
11779,-4
11780,-4
11781,0
11782,-4
11783,0
11784,0
11785,0
11786,10
11787,-4
11788,-4
11789,6
11790,-4
11791,0
11792,6
11793,0
11794,0
11795,-4
11796,0
11797,-4
11798,2
11799,0
11800,0
11801,0
11802,4
11803,-4
11804,0
11805,-4
11806,0
11807,0
11808,-4
11809,0
11810,0
11811,0
11812,0
11813,-4
11814,0
11815,0
11816,0
11817,0
11818,0
11819,0
11820,0
11821,0
11822,0
11823,6
11824,0
11825,-4
11826,0
11827,0
11828,4
11829,0
11830,-4
11831,0
11832,0
11833,0
11834,0
11835,0
11836,-6
11837,0
11838,2
11839,0
11840,8
11841,6
11842,0
11843,10
11844,0
11845,0
11846,4
11847,0
11848,0
11849,2
11850,0
11851,0
11852,0
11853,-4
11854,-4
11855,0
11856,-8
11857,0
11858,-4
11859,0
11860,0
11861,-4
11862,-4
11863,0
11864,-4
11865,0
11866,0
11867,-4
11868,-4
11869,0
11870,-4
11871,0
11872,-4
11873,-4
11874,-4
11875,0
11876,-4
11877,-4
11878,-4
11879,-4
11880,-4
11881,0
11882,0
11883,0
11884,6
11885,-4
11886,-6
11887,0
11888,0
11889,0
11890,-4
11891,-4
11892,0
11893,-14
11894,-4
11895,0
11896,6
11897,-4
11898,0
11899,0
11900,0
11901,-4
11902,0
11903,-4
11904,-4
11905,0
11906,0
11907,-12
11908,4
11909,-4
11910,0
11911,0
11912,0
11913,0
11914,0
11915,-4
11916,0
11917,0
11918,2
11919,0
11920,0
11921,0
11922,0
11923,0
11924,10
11925,6
11926,0
11927,0
11928,0
11929,0
11930,0
11931,0
11932,2
11933,-4
11934,0
11935,4
11936,16
11937,0
11938,0
11939,-4
11940,4
11941,0
11942,-4
11943,0
11944,-4
11945,0
11946,8
11947,-4
11948,0
11949,0
11950,0
11951,2
11952,-4
11953,0
11954,0
11955,0
11956,0
11957,0
11958,-4
11959,-4
11960,0
11961,-4
11962,0
11963,-4
11964,0
11965,0
11966,0
11967,-4
11968,-4
11969,-4
11970,-4
11971,-4
11972,-4
11973,0
11974,-6
11975,0
11976,-4
11977,-6
11978,0
11979,-4
11980,0
11981,0
11982,-4
11983,0
11984,-4
11985,-4
11986,0
11987,-4
11988,-4
11989,-4
11990,0
11991,4
11992,0
11993,0
11994,4
11995,4
11996,0
11997,-4
11998,0
11999,-4
12000,0
12001,0
12002,0
12003,-4
12004,0
12005,-8
12006,0
12007,0
12008,4
12009,0
12010,0
12011,0
12012,0
12013,-4
12014,0
12015,0
12016,0
12017,0
12018,4
12019,0
12020,-4
12021,0
12022,0
12023,4
12024,0
12025,0
12026,-8
12027,2
12028,0
12029,6
12030,2
12031,4
12032,0
12033,-4
12034,0
12035,6
12036,0
12037,0
12038,-4
12039,6
12040,-4
12041,0
12042,-4
12043,0
12044,0
12045,-6
12046,0
12047,0
12048,14
12049,0
12050,-4
12051,6
12052,4
12053,-4
12054,0
12055,0
12056,0
12057,-4
12058,-4
12059,10
12060,0
12061,-4
12062,-4
12063,0
12064,0
12065,-4
12066,-4
12067,-4
12068,0
12069,0
12070,-4
12071,-4
12072,0
12073,18
12074,-4
12075,-4
12076,-4
12077,-4
12078,-4
12079,2
12080,-16
12081,-4
12082,-4
12083,-4
12084,-4
12085,0
12086,-4
12087,8
12088,-4
12089,0
12090,-4
12091,0
12092,0
12093,0
12094,0
12095,0
12096,-4
12097,-4
12098,0
12099,0
12100,-8
12101,0
12102,0
12103,0
12104,-10
12105,0
12106,10
12107,-4
12108,0
12109,-4
12110,0
12111,0
12112,0
12113,-4
12114,4
12115,2
12116,-4
12117,2
12118,2
12119,0
12120,0
12121,-4
12122,0
12123,0
12124,0
12125,0
12126,0
12127,6
12128,2
12129,-4
12130,0
12131,0
12132,0
12133,0
12134,-4
12135,-4
12136,2
12137,10
12138,0
12139,0
12140,0
12141,0
12142,0
12143,0
12144,6
12145,-4
12146,6
12147,0
12148,0
12149,-8
12150,0
12151,-4
12152,0
12153,-4
12154,0
12155,4
12156,-4
12157,0
12158,-4
12159,0
12160,-4
12161,0
12162,0
12163,-4
12164,0
12165,0
12166,0
12167,0
12168,-4
12169,0
12170,0
12171,0
12172,-4
12173,0
12174,0
12175,-4
12176,2
12177,4
12178,-4
12179,-4
12180,0
12181,0
12182,0
12183,-4
12184,20
12185,0
12186,0
12187,-4
12188,0
12189,0
12190,-4
12191,0
12192,-4
12193,-4
12194,0
12195,-4
12196,6
12197,0
12198,0
12199,0
12200,0
12201,0
12202,0
12203,0
12204,0
12205,0
12206,-4
12207,-4
12208,0
12209,0
12210,0
12211,6
12212,6
12213,0
12214,0
12215,14
12216,0
12217,0
12218,0
12219,0
12220,2
12221,0
12222,10
12223,0
12224,0
12225,0
12226,0
12227,0
12228,2
12229,0
12230,0
12231,0
12232,0
12233,0
12234,2
12235,0
12236,6
12237,0
12238,0
12239,0
12240,2
12241,0
12242,0
12243,6
12244,0
12245,0
12246,0
12247,0
12248,0
12249,0
12250,6
12251,0
12252,-4
12253,-4
12254,0
12255,0
12256,4
12257,-4
12258,-4
12259,0
12260,-4
12261,0
12262,0
12263,0
12264,0
12265,-4
12266,0
12267,0
12268,-4
12269,-4
12270,-10
12271,-4
12272,0
12273,-4
12274,-4
12275,2
12276,0
12277,-4
12278,-6
12279,-4
12280,-4
12281,-4
12282,-4
12283,6
12284,-4
12285,-4
12286,0
12287,-4
12288,-4
12289,0
12290,-4
12291,0
12292,-4
12293,-4
12294,0
12295,0
12296,0
12297,-4
12298,-4
12299,-4
12300,-4
12301,0
12302,4
12303,-8
12304,0
12305,4
12306,0
12307,-6
12308,-4
12309,0
12310,-4
12311,0
12312,0
12313,0
12314,0
12315,0
12316,0
12317,0
12318,0
12319,0
12320,0
12321,0
12322,-6
12323,0
12324,0
12325,0
12326,0
12327,0
12328,0
12329,0
12330,2
12331,0
12332,0
12333,-10
12334,0
12335,8
12336,0
12337,0
12338,2
12339,0
12340,4
12341,-4
12342,8
12343,0
12344,0
12345,6
12346,2
12347,0
12348,-6
12349,0
12350,0
12351,0
12352,0
12353,0
12354,4
12355,-4
12356,-10
12357,-4
12358,0
12359,-4
12360,-4
12361,0
12362,0
12363,0
12364,0
12365,-4
12366,-4
12367,0
12368,-4
12369,-4
12370,-4
12371,-4
12372,0
12373,0
12374,-4
12375,-4
12376,0
12377,0
12378,-4
12379,-4
12380,-4
12381,-4
12382,-4
12383,-4
12384,-4
12385,-4
12386,0
12387,-4
12388,-4
12389,0
12390,-4
12391,0
12392,-4
12393,-4
12394,0
12395,0
12396,0
12397,0
12398,0
12399,0
12400,0
12401,4
12402,-4
12403,0
12404,0
12405,-4
12406,0
12407,0
12408,0
12409,2
12410,0
12411,-4
12412,0
12413,0
12414,0
12415,0
12416,0
12417,0
12418,0
12419,0
12420,0
12421,0
12422,0
12423,0
12424,0
12425,6
12426,2
12427,0
12428,4
12429,0
12430,8
12431,4
12432,2
12433,0
12434,0
12435,0
12436,0
12437,6
12438,0
12439,0
12440,0
12441,2
12442,0
12443,0
12444,8
12445,-4
12446,0
12447,0
12448,0
12449,0
12450,-4
12451,0
12452,2
12453,6
12454,0
12455,0
12456,0
12457,-4
12458,0
12459,0
12460,0
12461,0
12462,0
12463,0
12464,-4
12465,-4
12466,-4
12467,0
12468,0
12469,0
12470,-4
12471,-4
12472,-4
12473,0
12474,10
12475,-8
12476,0
12477,-4
12478,-6
12479,0
12480,0
12481,-4
12482,-4
12483,-4
12484,4
12485,-4
12486,0
12487,-4
12488,-4
12489,0
12490,2
12491,-4
12492,6
12493,0
12494,0
12495,0
12496,0
12497,-4
12498,-4
12499,-4
12500,0
12501,2
12502,0
12503,0
12504,-4
12505,-4
12506,-4
12507,0
12508,-4
12509,0
12510,0
12511,0
12512,-4
12513,0
12514,0
12515,-4
12516,0
12517,2
12518,0
12519,0
12520,0
12521,0
12522,0
12523,6
12524,0
12525,0
12526,0
12527,6
12528,0
12529,18
12530,0
12531,0
12532,-8
12533,0
12534,-4
12535,0
12536,4
12537,0
12538,0
12539,-4
12540,-14
12541,2
12542,0
12543,-8
12544,0
12545,0
12546,-4
12547,0
12548,0
12549,0
12550,0
12551,0
12552,0
12553,0
12554,0
12555,-4
12556,0
12557,-6
12558,6
12559,0
12560,0
12561,0
12562,0
12563,0
12564,-4
12565,-4
12566,0
12567,-4
12568,-4
12569,-4
12570,-4
12571,-4
12572,-4
12573,-6
12574,-4
12575,0
12576,-4
12577,0
12578,-4
12579,6
12580,-4
12581,0
12582,0
12583,0
12584,0
12585,-4
12586,-4
12587,-4
12588,0
12589,-4
12590,-4
12591,-4
12592,0
12593,0
12594,4
12595,-8
12596,-4
12597,-4
12598,0
12599,0
12600,-4
12601,-8
12602,0
12603,6
12604,0
12605,-4
12606,6
12607,0
12608,0
12609,0
12610,0
12611,0
12612,-4
12613,0
12614,2
12615,-4
12616,0
12617,0
12618,0
12619,-4
12620,0
12621,-4
12622,0
12623,0
12624,0
12625,0
12626,0
12627,0
12628,6
12629,0
12630,0
12631,0
12632,0
12633,0
12634,4
12635,0
12636,0
12637,2
12638,-4
12639,14
12640,0
12641,0
12642,-4
12643,6
12644,4
12645,6
12646,-6
12647,0
12648,-4
12649,0
12650,0
12651,0
12652,0
12653,0
12654,0
12655,-4
12656,-4
12657,0
12658,4
12659,-4
12660,-4
12661,0
12662,0
12663,-8
12664,-4
12665,-4
12666,0
12667,0
12668,0
12669,0
12670,0
12671,-4
12672,0
12673,-4
12674,0
12675,-4
12676,-4
12677,-4
12678,-4
12679,0
12680,0
12681,0
12682,0
12683,-8
12684,-4
12685,0
12686,-4
12687,0
12688,0
12689,0
12690,-4
12691,-4
12692,0
12693,-4
12694,4
12695,0
12696,0
12697,0
12698,0
12699,0
12700,0
12701,0
12702,-4
12703,0
12704,-4
12705,-4
12706,0
12707,0
12708,0
12709,0
12710,0
12711,0
12712,-4
12713,-4
12714,4
12715,4
12716,2
12717,-4
12718,0
12719,0
12720,0
12721,0
12722,0
12723,0
12724,0
12725,2
12726,0
12727,0
12728,-8
12729,0
12730,8
12731,4
12732,0
12733,0
12734,4
12735,0
12736,-4
12737,0
12738,0
12739,-4
12740,0
12741,-4
12742,0
12743,0
12744,4
12745,0
12746,-4
12747,0
12748,0
12749,0
12750,0
12751,0
12752,2
12753,0
12754,14
12755,0
12756,-8
12757,-4
12758,0
12759,0
12760,0
12761,0
12762,-4
12763,0
12764,0
12765,-4
12766,-4
12767,-4
12768,-4
12769,0
12770,0
12771,-4
12772,-4
12773,-4
12774,-4
12775,-4
12776,0
12777,-4
12778,8
12779,-4
12780,0
12781,-6
12782,0
12783,0
12784,-4
12785,-4
12786,-4
12787,0
12788,-4
12789,0
12790,-4
12791,-4
12792,-4
12793,-4
12794,0
12795,0
12796,-6
12797,0
12798,-4
12799,0
12800,4
12801,0
12802,0
12803,0
12804,-4
12805,-6
12806,2
12807,-4
12808,0
12809,0
12810,-4
12811,0
12812,-4
12813,0
12814,-4
12815,0
12816,0
12817,0
12818,0
12819,0
12820,0
12821,0
12822,0
12823,0
12824,0
12825,4
12826,4
12827,0
12828,0
12829,4
12830,0
12831,0
12832,-4
12833,2
12834,0
12835,0
12836,0
12837,-4
12838,4
12839,0
12840,0
12841,2
12842,0
12843,6
12844,0
12845,-4
12846,2
12847,-4
12848,0
12849,-8
12850,0
12851,0
12852,0
12853,-4
12854,0
12855,4
12856,6
12857,0
12858,-4
12859,0
12860,0
12861,-4
12862,0
12863,-4
12864,0
12865,0
12866,0
12867,-4
12868,0
12869,-4
12870,-4
12871,0
12872,-4
12873,-4
12874,0
12875,-4
12876,-4
12877,-4
12878,-4
12879,0
12880,-4
12881,-4
12882,-6
12883,0
12884,-4
12885,-4
12886,-10
12887,-4
12888,-4
12889,-8
12890,-4
12891,0
12892,4
12893,0
12894,-4
12895,6
12896,0
12897,-4
12898,-4
12899,-4
12900,0
12901,-4
12902,0
12903,0
12904,-4
12905,0
12906,0
12907,-4
12908,2
12909,0
12910,-4
12911,0
12912,0
12913,0
12914,0
12915,0
12916,0
12917,-4
12918,0
12919,4
12920,0
12921,10
12922,0
12923,0
12924,-4
12925,6
12926,8
12927,0
12928,0
12929,6
12930,0
12931,0
12932,0
12933,2
12934,4
12935,0
12936,0
12937,0
12938,0
12939,18
12940,2
12941,6
12942,4
12943,-4
12944,0
12945,-4
12946,0
12947,0
12948,0
12949,0
12950,2
12951,0
12952,-4
12953,0
12954,0
12955,0
12956,0
12957,-6
12958,0
12959,0
12960,4
12961,0
12962,-4
12963,0
12964,2
12965,-4
12966,0
12967,-4
12968,0
12969,-8
12970,-4
12971,10
12972,0
12973,0
12974,0
12975,-6
12976,0
12977,-4
12978,-4
12979,0
12980,-4
12981,0
12982,-4
12983,0
12984,-4
12985,-4
12986,0
12987,0
12988,-8
12989,-4
12990,0
12991,-16
12992,0
12993,-4
12994,-14
12995,-4
12996,0
12997,0
12998,-4
12999,0
13000,-4
13001,-4
13002,14
13003,0
13004,0
13005,0
13006,-4
13007,0
13008,0
13009,0
13010,0
13011,0
13012,-4
13013,6
13014,0
13015,0
13016,0
13017,2
13018,0
13019,-8
13020,4
13021,2
13022,0
13023,0
13024,0
13025,0
13026,0
13027,0
13028,2
13029,4
13030,0
13031,0
13032,2
13033,0
13034,4
13035,4
13036,0
13037,-4
13038,-12
13039,6
13040,0
13041,8
13042,0
13043,0
13044,-4
13045,2
13046,0
13047,2
13048,4
13049,0
13050,0
13051,4
13052,-4
13053,0
13054,0
13055,0
13056,-4
13057,0
13058,-4
13059,-4
13060,0
13061,-4
13062,-4
13063,-4
13064,-4
13065,-4
13066,0
13067,0
13068,-4
13069,0
13070,-4
13071,-4
13072,-4
13073,0
13074,-4
13075,0
13076,0
13077,-4
13078,-4
13079,0
13080,-4
13081,0
13082,-4
13083,0
13084,-4
13085,-4
13086,-4
13087,-14
13088,0
13089,0
13090,-4
13091,-4
13092,-4
13093,-8
13094,0
13095,0
13096,4
13097,-4
13098,0
13099,0
13100,0
13101,0
13102,0
13103,-4
13104,0
13105,0
13106,0
13107,0
13108,0
13109,0
13110,0
13111,-4
13112,2
13113,-4
13114,4
13115,0
13116,4
13117,2
13118,4
13119,2
13120,0
13121,0
13122,2
13123,0
13124,0
13125,0
13126,0
13127,-4
13128,10
13129,0
13130,0
13131,-4
13132,0
13133,0
13134,-8
13135,0
13136,2
13137,-18
13138,0
13139,4
13140,6
13141,4
13142,0
13143,6
13144,0
13145,0
13146,-4
13147,8
13148,0
13149,-8
13150,0
13151,0
13152,-4
13153,-4
13154,-4
13155,0
13156,0
13157,0
13158,-4
13159,-4
13160,0
13161,0
13162,-4
13163,-4
13164,-8
13165,0
13166,-4
13167,0
13168,10
13169,-4
13170,-4
13171,0
13172,0
13173,-10
13174,-4
13175,-4
13176,-4
13177,-4
13178,0
13179,0
13180,-8
13181,0
13182,-4
13183,-4
13184,-6
13185,-4
13186,0
13187,-4
13188,0
13189,0
13190,-4
13191,-8
13192,-10
13193,0
13194,-4
13195,0
13196,2
13197,-4
13198,14
13199,0
13200,4
13201,-4
13202,-4
13203,0
13204,0
13205,-14
13206,-4
13207,0
13208,0
13209,0
13210,0
13211,-4
13212,0
13213,-4
13214,0
13215,0
13216,0
13217,0
13218,0
13219,0
13220,0
13221,0
13222,0
13223,0
13224,0
13225,0
13226,4
13227,0
13228,4
13229,4
13230,6
13231,0
13232,8
13233,0
13234,0
13235,0
13236,-14
13237,0
13238,6
13239,-8
13240,4
13241,-4
13242,-4
13243,-4
13244,0
13245,0
13246,6
13247,0
13248,0
13249,-4
13250,0
13251,0
13252,0
13253,0
13254,0
13255,0
13256,4
13257,-4
13258,0
13259,-4
13260,0
13261,0
13262,-4
13263,0
13264,-4
13265,0
13266,-4
13267,0
13268,0
13269,0
13270,4
13271,0
13272,-4
13273,-4
13274,0
13275,-4
13276,-4
13277,-4
13278,-4
13279,-4
13280,-4
13281,-4
13282,0
13283,-4
13284,-4
13285,0
13286,-4
13287,0
13288,2
13289,0
13290,0
13291,4
13292,-4
13293,0
13294,6
13295,0
13296,0
13297,-4
13298,0
13299,2
13300,0
13301,0
13302,0
13303,-4
13304,-4
13305,0
13306,0
13307,0
13308,0
13309,0
13310,0
13311,0
13312,-4
13313,0
13314,0
13315,0
13316,0
13317,0
13318,2
13319,0
13320,4
13321,0
13322,0
13323,0
13324,4
13325,-4
13326,0
13327,0
13328,0
13329,6
13330,0
13331,0
13332,0
13333,6
13334,-4
13335,6
13336,2
13337,0
13338,10
13339,0
13340,2
13341,-4
13342,0
13343,0
13344,0
13345,6
13346,-4
13347,-4
13348,-8
13349,0
13350,4
13351,-4
13352,0
13353,0
13354,0
13355,0
13356,-4
13357,-4
13358,-4
13359,0
13360,-4
13361,8
13362,-4
13363,0
13364,0
13365,4
13366,0
13367,-4
13368,-4
13369,-4
13370,-4
13371,-4
13372,-4
13373,-4
13374,0
13375,0
13376,0
13377,-4
13378,0
13379,-4
13380,0
13381,0
13382,0
13383,-4
13384,-4
13385,-4
13386,-4
13387,22
13388,0
13389,0
13390,-20
13391,-4
13392,-4
13393,0
13394,0
13395,0
13396,0
13397,0
13398,-4
13399,0
13400,0
13401,0
13402,0
13403,0
13404,0
13405,0
13406,0
13407,0
13408,0
13409,4
13410,0
13411,0
13412,0
13413,0
13414,-4
13415,2
13416,28
13417,0
13418,10
13419,-4
13420,0
13421,0
13422,0
13423,0
13424,-4
13425,0
13426,6
13427,6
13428,2
13429,0
13430,2
13431,6
13432,2
13433,0
13434,4
13435,0
13436,6
13437,10
13438,0
13439,0
13440,4
13441,2
13442,6
13443,6
13444,0
13445,0
13446,-4
13447,-4
13448,0
13449,4
13450,-4
13451,-4
13452,-4
13453,0
13454,0
13455,0
13456,-4
13457,-12
13458,-4
13459,0
13460,0
13461,0
13462,-4
13463,4
13464,0
13465,-4
13466,0
13467,-4
13468,0
13469,-4
13470,-4
13471,-4
13472,0
13473,-4
13474,-8
13475,2
13476,-18
13477,-4
13478,-6
13479,-4
13480,-4
13481,-4
13482,-4
13483,-4
13484,10
13485,-4
13486,-6
13487,-4
13488,-4
13489,0
13490,0
13491,0
13492,-4
13493,-4
13494,0
13495,-4
13496,0
13497,0
13498,4
13499,-4
13500,-4
13501,0
13502,-4
13503,0
13504,0
13505,0
13506,10
13507,0
13508,0
13509,-4
13510,0
13511,0
13512,-4
13513,0
13514,0
13515,0
13516,0
13517,4
13518,2
13519,2
13520,2
13521,0
13522,0
13523,6
13524,6
13525,0
13526,0
13527,-4
13528,4
13529,4
13530,4
13531,0
13532,6
13533,0
13534,0
13535,0
13536,-16
13537,0
13538,0
13539,-6
13540,0
13541,0
13542,6
13543,0
13544,0
13545,4
13546,8
13547,0
13548,0
13549,0
13550,2
13551,0
13552,-4
13553,10
13554,-4
13555,0
13556,-4
13557,0
13558,-4
13559,-4
13560,0
13561,0
13562,-4
13563,-4
13564,0
13565,0
13566,-4
13567,0
13568,0
13569,0
13570,-4
13571,-4
13572,0
13573,0
13574,-4
13575,-4
13576,-4
13577,10
13578,-4
13579,-4
13580,0
13581,0
13582,-14
13583,-4
13584,-4
13585,-4
13586,0
13587,0
13588,-14
13589,0
13590,-4
13591,18
13592,-4
13593,0
13594,-4
13595,0
13596,0
13597,0
13598,-4
13599,-4
13600,0
13601,0
13602,0
13603,0
13604,0
13605,6
13606,0
13607,0
13608,0
13609,0
13610,0
13611,0
13612,0
13613,0
13614,0
13615,0
13616,0
13617,0
13618,-4
13619,0
13620,0
13621,-4
13622,6
13623,2
13624,4
13625,4
13626,4
13627,-4
13628,0
13629,4
13630,4
13631,0
13632,0
13633,-8
13634,0
13635,8
13636,2
13637,0
13638,18
13639,-4
13640,-4
13641,8
13642,0
13643,2
13644,0
13645,0
13646,0
13647,0
13648,18
13649,-4
13650,2
13651,0
13652,0
13653,0
13654,0
13655,0
13656,2
13657,0
13658,-4
13659,0
13660,0
13661,0
13662,0
13663,0
13664,-4
13665,-4
13666,0
13667,-4
13668,0
13669,0
13670,-4
13671,-4
13672,-8
13673,-4
13674,0
13675,0
13676,-4
13677,0
13678,14
13679,-4
13680,0
13681,0
13682,0
13683,-14
13684,0
13685,-4
13686,0
13687,0
13688,0
13689,0
13690,-6
13691,-4
13692,-4
13693,-14
13694,2
13695,-4
13696,-4
13697,0
13698,0
13699,0
13700,0
13701,0
13702,0
13703,2
13704,4
13705,0
13706,2
13707,0
13708,-12
13709,-4
13710,-4
13711,0
13712,0
13713,6
13714,-4
13715,0
13716,-4
13717,0
13718,0
13719,0
13720,0
13721,0
13722,0
13723,-4
13724,0
13725,0
13726,0
13727,0
13728,4
13729,0
13730,0
13731,4
13732,0
13733,0
13734,0
13735,2
13736,0
13737,-6
13738,0
13739,0
13740,10
13741,2
13742,0
13743,0
13744,-14
13745,0
13746,0
13747,-10
13748,-4
13749,-4
13750,0
13751,4
13752,0
13753,0
13754,0
13755,-4
13756,0
13757,0
13758,-4
13759,0
13760,-4
13761,0
13762,-4
13763,-4
13764,0
13765,0
13766,-4
13767,-6
13768,-4
13769,0
13770,0
13771,0
13772,-4
13773,-4
13774,0
13775,0
13776,0
13777,-4
13778,-4
13779,0
13780,-4
13781,0
13782,0
13783,-4
13784,0
13785,0
13786,0
13787,0
13788,0
13789,-4
13790,0
13791,-4
13792,0
13793,0
13794,-4
13795,0
13796,8
13797,0
13798,-4
13799,0
13800,0
13801,0
13802,-4
13803,-10
13804,4
13805,0
13806,0
13807,0
13808,-4
13809,0
13810,0
13811,-4
13812,0
13813,-4
13814,0
13815,0
13816,0
13817,0
13818,2
13819,4
13820,6
13821,4
13822,0
13823,0
13824,2
13825,2
13826,0
13827,0
13828,0
13829,0
13830,0
13831,4
13832,2
13833,0
13834,-14
13835,0
13836,8
13837,0
13838,-4
13839,0
13840,0
13841,0
13842,-6
13843,0
13844,0
13845,0
13846,-4
13847,0
13848,0
13849,0
13850,0
13851,0
13852,-10
13853,6
13854,-4
13855,10
13856,0
13857,6
13858,0
13859,0
13860,0
13861,0
13862,-4
13863,0
13864,0
13865,0
13866,0
13867,-4
13868,-4
13869,0
13870,0
13871,-4
13872,-4
13873,0
13874,0
13875,-4
13876,-4
13877,0
13878,-4
13879,-4
13880,0
13881,0
13882,2
13883,-4
13884,-4
13885,-4
13886,-4
13887,0
13888,-4
13889,0
13890,0
13891,-4
13892,-4
13893,-4
13894,-4
13895,2
13896,0
13897,-4
13898,-4
13899,-4
13900,0
13901,-4
13902,0
13903,-4
13904,0
13905,0
13906,0
13907,0
13908,0
13909,0
13910,0
13911,0
13912,0
13913,0
13914,0
13915,8
13916,0
13917,0
13918,0
13919,0
13920,-4
13921,-4
13922,-4
13923,0
13924,2
13925,10
13926,6
13927,4
13928,0
13929,0
13930,6
13931,4
13932,0
13933,-4
13934,0
13935,4
13936,0
13937,0
13938,8
13939,0
13940,6
13941,6
13942,0
13943,0
13944,0
13945,0
13946,0
13947,-4
13948,-4
13949,0
13950,6
13951,0
13952,0
13953,-4
13954,0
13955,-4
13956,-4
13957,0
13958,-4
13959,0
13960,0
13961,-10
13962,0
13963,0
13964,0
13965,-4
13966,0
13967,-4
13968,-4
13969,-4
13970,0
13971,-4
13972,-4
13973,-4
13974,0
13975,-4
13976,-4
13977,-4
13978,-4
13979,0
13980,0
13981,-4
13982,-4
13983,0
13984,-4
13985,4
13986,-4
13987,0
13988,-4
13989,0
13990,-4
13991,-4
13992,-4
13993,-4
13994,0
13995,0
13996,0
13997,18
13998,-4
13999,0
14000,0
14001,-8
14002,2
14003,-4
14004,0
14005,0
14006,0
14007,4
14008,0
14009,-4
14010,0
14011,-4
14012,0
14013,0
14014,0
14015,-6
14016,4
14017,0
14018,0
14019,0
14020,0
14021,0
14022,0
14023,0
14024,-4
14025,0
14026,0
14027,0
14028,10
14029,2
14030,0
14031,2
14032,2
14033,0
14034,0
14035,2
14036,0
14037,-6
14038,0
14039,0
14040,14
14041,-4
14042,0
14043,-4
14044,0
14045,2
14046,2
14047,-8
14048,-4
14049,4
14050,0
14051,4
14052,0
14053,0
14054,0
14055,0
14056,-10
14057,0
14058,-4
14059,-4
14060,0
14061,0
14062,-4
14063,0
14064,16
14065,-4
14066,0
14067,0
14068,-4
14069,-4
14070,-4
14071,-4
14072,-4
14073,0
14074,0
14075,-4
14076,-4
14077,0
14078,-4
14079,-4
14080,0
14081,0
14082,0
14083,-4
14084,-4
14085,-4
14086,0
14087,-4
14088,0
14089,2
14090,-4
14091,-4
14092,-4
14093,-4
14094,0
14095,-4
14096,0
14097,0
14098,0
14099,-4
14100,0
14101,0
14102,0
14103,-4
14104,0
14105,0
14106,0
14107,-4
14108,0
14109,0
14110,2
14111,0
14112,0
14113,0
14114,0
14115,0
14116,2
14117,0
14118,2
14119,2
14120,0
14121,2
14122,6
14123,0
14124,0
14125,0
14126,0
14127,0
14128,0
14129,6
14130,0
14131,0
14132,0
14133,0
14134,4
14135,0
14136,10
14137,0
14138,0
14139,0
14140,0
14141,0
14142,0
14143,-4
14144,0
14145,-4
14146,0
14147,0
14148,0
14149,-4
14150,0
14151,14
14152,0
14153,0
14154,0
14155,-4
14156,8
14157,0
14158,0
14159,14
14160,4
14161,0
14162,0
14163,0
14164,0
14165,0
14166,-4
14167,-4
14168,-4
14169,0
14170,0
14171,0
14172,-4
14173,-4
14174,-4
14175,0
14176,0
14177,0
14178,0
14179,0
14180,0
14181,0
14182,0
14183,-4
14184,8
14185,-4
14186,-4
14187,-4
14188,0
14189,0
14190,6
14191,0
14192,0
14193,0
14194,0
14195,0
14196,0
14197,-4
14198,0
14199,0
14200,8
14201,-4
14202,-4
14203,-4
14204,-4
14205,0
14206,0
14207,0
14208,-4
14209,0
14210,0
14211,0
14212,0
14213,0
14214,0
14215,2
14216,0
14217,0
14218,0
14219,0
14220,0
14221,0
14222,0
14223,0
14224,0
14225,2
14226,0
14227,-4
14228,0
14229,0
14230,0
14231,4
14232,-10
14233,0
14234,4
14235,6
14236,0
14237,-4
14238,10
14239,0
14240,0
14241,-4
14242,-4
14243,4
14244,-4
14245,-4
14246,-4
14247,0
14248,-8
14249,2
14250,8
14251,0
14252,-4
14253,8
14254,-12
14255,-4
14256,-4
14257,-14
14258,0
14259,-4
14260,0
14261,0
14262,-4
14263,0
14264,0
14265,0
14266,0
14267,0
14268,-4
14269,0
14270,-4
14271,-4
14272,-4
14273,-4
14274,0
14275,0
14276,-4
14277,0
14278,-4
14279,-4
14280,0
14281,0
14282,-8
14283,0
14284,-4
14285,0
14286,-4
14287,-8
14288,0
14289,-4
14290,0
14291,-4
14292,-4
14293,0
14294,-4
14295,0
14296,0
14297,4
14298,0
14299,-4
14300,-4
14301,-4
14302,0
14303,0
14304,0
14305,0
14306,-4
14307,0
14308,0
14309,4
14310,0
14311,0
14312,-4
14313,0
14314,0
14315,6
14316,4
14317,-4
14318,0
14319,0
14320,6
14321,2
14322,-4
14323,2
14324,0
14325,0
14326,0
14327,-4
14328,0
14329,0
14330,2
14331,0
14332,0
14333,6
14334,0
14335,0
14336,0
14337,0
14338,4
14339,0
14340,-14
14341,0
14342,6
14343,6
14344,-4
14345,-4
14346,-4
14347,-18
14348,0
14349,0
14350,0
14351,6
14352,0
14353,0
14354,0
14355,0
14356,-4
14357,-4
14358,4
14359,0
14360,0
14361,-6
14362,-4
14363,0
14364,0
14365,4
14366,0
14367,-4
14368,-4
14369,-4
14370,0
14371,-4
14372,0
14373,0
14374,-4
14375,-4
14376,-4
14377,-4
14378,-4
14379,-4
14380,-4
14381,-4
14382,-4
14383,0
14384,0
14385,0
14386,0
14387,-4
14388,0
14389,-4
14390,0
14391,-4
14392,-4
14393,-4
14394,-4
14395,-4
14396,0
14397,0
14398,0
14399,0
14400,-4
14401,-4
14402,4
14403,-4
14404,-4
14405,0
14406,0
14407,0
14408,0
14409,0
14410,0
14411,2
14412,-14
14413,0
14414,-4
14415,0
14416,0
14417,0
14418,0
14419,0
14420,-8
14421,0
14422,-8
14423,6
14424,2
14425,-4
14426,0
14427,0
14428,0
14429,0
14430,0
14431,0
14432,0
14433,0
14434,4
14435,2
14436,-4
14437,0
14438,0
14439,2
14440,0
14441,0
14442,-4
14443,-4
14444,0
14445,0
14446,-8
14447,0
14448,0
14449,8
14450,0
14451,0
14452,0
14453,0
14454,4
14455,0
14456,0
14457,0
14458,-8
14459,0
14460,0
14461,-10
14462,0
14463,0
14464,0
14465,0
14466,-4
14467,-4
14468,0
14469,0
14470,-4
14471,-4
14472,-4
14473,-20
14474,0
14475,-20
14476,-4
14477,-10
14478,-4
14479,0
14480,0
14481,-4
14482,-4
14483,0
14484,-6
14485,0
14486,-4
14487,-4
14488,2
14489,-4
14490,0
14491,2
14492,-4
14493,-4
14494,4
14495,0
14496,0
14497,0
14498,0
14499,0
14500,-4
14501,-4
14502,0
14503,-4
14504,0
14505,0
14506,0
14507,-4
14508,0
14509,0
14510,0
14511,0
14512,2
14513,0
14514,0
14515,0
14516,0
14517,0
14518,-34
14519,-84
14520,-102.666666666667
14521,-146
14522,-86
14523,-64
14524,-4
14525,28
14526,52
14527,56
14528,56
14529,48
14530,32
14531,0
14532,-32
14533,-50
14534,-78
14535,-84
14536,-92
14537,-88
14538,-80
14539,-64
14540,-60
14541,-64
14542,-50
14543,-46
14544,-42
14545,-24
14546,-26
14547,-16
14548,-10
14549,10
14550,24
14551,28
14552,32
14553,36
14554,36
14555,34
14556,32
14557,42
14558,46
14559,44
14560,42
14561,42
14562,42
14563,38
14564,38
14565,38
14566,34
14567,20
14568,38
14569,48
14570,32
14571,34
14572,34
14573,32
14574,32
14575,28
14576,22
14577,20
14578,18
14579,16
14580,10
14581,10
14582,6
14583,8
14584,6
14585,6
14586,0
14587,4
14588,0
14589,2
14590,2
14591,0
14592,0
14593,2
14594,0
14595,0
14596,0
14597,14
14598,2
14599,2
14600,0
14601,4
14602,0
14603,4
14604,4
14605,6
14606,0
14607,2
14608,0
14609,6
14610,2
14611,0
14612,0
14613,0
14614,0
14615,0
14616,6
14617,4
14618,0
14619,6
14620,6
14621,4
14622,6
14623,2
14624,6
14625,4
14626,2
14627,4
14628,6
14629,6
14630,6
14631,14
14632,6
14633,-10
14634,0
14635,6
14636,2
14637,-8
14638,6
14639,4
14640,0
14641,2
14642,4
14643,2
14644,10
14645,0
14646,0
14647,0
14648,0
14649,0
14650,10
14651,0
14652,0
14653,0
14654,-10
14655,0
14656,4
14657,0
14658,-4
14659,0
14660,2
14661,0
14662,0
14663,2
14664,4
14665,4
14666,0
14667,0
14668,2
14669,0
14670,0
14671,10
14672,-4
14673,0
14674,24
14675,0
14676,4
14677,0
14678,0
14679,-14
14680,0
14681,2
14682,-4
14683,0
14684,-4
14685,0
14686,0
14687,0
14688,0
14689,-4
14690,0
14691,0
14692,0
14693,0
14694,-4
14695,0
14696,0
14697,0
14698,0
14699,0
14700,0
14701,0
14702,6
14703,0
14704,0
14705,0
14706,4
14707,-4
14708,0
14709,-12
14710,6
14711,-4
14712,0
14713,0
14714,0
14715,0
14716,-4
14717,0
14718,-4
14719,0
14720,0
14721,6
14722,2
14723,0
14724,2
14725,0
14726,2
14727,0
14728,0
14729,0
14730,4
14731,0
14732,2
14733,0
14734,-4
14735,0
14736,4
14737,-4
14738,0
14739,0
14740,0
14741,-4
14742,-4
14743,-16
14744,0
14745,4
14746,-6
14747,0
14748,-4
14749,0
14750,0
14751,6
14752,0
14753,-4
14754,0
14755,0
14756,0
14757,16
14758,0
14759,0
14760,0
14761,0
14762,0
14763,0
14764,-4
14765,0
14766,2
14767,0
14768,0
14769,0
14770,0
14771,-32
14772,-4
14773,0
14774,0
14775,0
14776,-4
14777,-4
14778,0
14779,-4
14780,-6
14781,-4
14782,-4
14783,-4
14784,0
14785,-4
14786,8
14787,-4
14788,0
14789,-4
14790,-4
14791,0
14792,-4
14793,-4
14794,-4
14795,-4
14796,0
14797,0
14798,-4
14799,-4
14800,-4
14801,0
14802,0
14803,0
14804,-14
14805,0
14806,-4
14807,0
14808,0
14809,0
14810,0
14811,0
14812,0
14813,0
14814,0
14815,0
14816,0
14817,-4
14818,0
14819,0
14820,0
14821,0
14822,6
14823,2
14824,0
14825,-4
14826,6
14827,-8
14828,0
14829,0
14830,0
14831,0
14832,0
14833,0
14834,0
14835,4
14836,0
14837,0
14838,6
14839,-4
14840,4
14841,0
14842,0
14843,2
14844,4
14845,14
14846,0
14847,-4
14848,6
14849,0
14850,0
14851,0
14852,-4
14853,0
14854,-4
14855,0
14856,2
14857,0
14858,0
14859,0
14860,0
14861,0
14862,0
14863,2
14864,-4
14865,4
14866,0
14867,0
14868,-4
14869,-4
14870,0
14871,0
14872,-4
14873,0
14874,-4
14875,-4
14876,-4
14877,-4
14878,-4
14879,0
14880,0
14881,0
14882,-4
14883,-4
14884,-4
14885,4
14886,0
14887,-4
14888,-4
14889,0
14890,6
14891,0
14892,-4
14893,2
14894,0
14895,0
14896,6
14897,-4
14898,0
14899,0
14900,-4
14901,0
14902,0
14903,0
14904,0
14905,0
14906,0
14907,0
14908,0
14909,0
14910,0
14911,0
14912,0
14913,0
14914,-4
14915,6
14916,0
14917,0
14918,0
14919,0
14920,0
14921,2
14922,-4
14923,0
14924,0
14925,10
14926,0
14927,0
14928,10
14929,0
14930,0
14931,0
14932,0
14933,0
14934,0
14935,6
14936,0
14937,4
14938,0
14939,0
14940,6
14941,0
14942,0
14943,0
14944,-10
14945,0
14946,0
14947,-4
14948,0
14949,0
14950,-8
14951,0
14952,-4
14953,-8
14954,0
14955,-4
14956,2
14957,-4
14958,0
14959,0
14960,0
14961,0
14962,-4
14963,-4
14964,-6
14965,0
14966,0
14967,-4
14968,0
14969,0
14970,0
14971,0
14972,-4
14973,-4
14974,-4
14975,4
14976,-4
14977,-4
14978,0
14979,0
14980,0
14981,-4
14982,0
14983,0
14984,-4
14985,-4
14986,-4
14987,-4
14988,0
14989,0
14990,-4
14991,0
14992,-4
14993,0
14994,0
14995,-4
14996,2
14997,0
14998,-4
14999,-16
15000,0
15001,-4
15002,-4
15003,0
15004,-4
15005,-4
15006,0
15007,0
15008,0
15009,-4
15010,0
15011,0
15012,-4
15013,0
15014,0
15015,2
15016,0
15017,-4
15018,0
15019,0
15020,0
15021,0
15022,0
15023,-6
15024,2
15025,6
15026,0
15027,0
15028,0
15029,8
15030,4
15031,-4
15032,2
15033,6
15034,0
15035,0
15036,-4
15037,0
15038,0
15039,4
15040,0
15041,0
15042,-4
15043,-14
15044,4
15045,0
15046,0
15047,-4
15048,0
15049,2
15050,0
15051,-4
15052,0
15053,-4
15054,0
15055,0
15056,0
15057,-4
15058,0
15059,0
15060,-4
15061,0
15062,-4
15063,-4
15064,0
15065,0
15066,0
15067,-4
15068,0
15069,0
15070,-4
15071,0
15072,0
15073,-4
15074,0
15075,0
15076,-4
15077,-4
15078,0
15079,0
15080,-4
15081,4
15082,-4
15083,0
15084,0
15085,-4
15086,0
15087,-4
15088,-4
15089,-4
15090,0
15091,-4
15092,-4
15093,0
15094,-4
15095,0
15096,0
15097,0
15098,14
15099,0
15100,0
15101,0
15102,0
15103,0
15104,-4
15105,0
15106,0
15107,2
15108,0
15109,0
15110,0
15111,0
15112,0
15113,-4
15114,0
15115,-4
15116,0
15117,16
15118,0
15119,0
15120,0
15121,0
15122,0
15123,-6
15124,0
15125,0
15126,0
15127,0
15128,0
15129,2
15130,2
15131,0
15132,0
15133,0
15134,14
15135,0
15136,10
15137,0
15138,0
15139,0
15140,0
15141,0
15142,-6
15143,4
15144,0
15145,-4
15146,0
15147,0
15148,2
15149,0
15150,0
15151,0
15152,2
15153,0
15154,0
15155,0
15156,0
15157,-12
15158,0
15159,0
15160,0
15161,-4
15162,-4
15163,0
15164,0
15165,-4
15166,0
15167,-4
15168,0
15169,-4
15170,-4
15171,0
15172,0
15173,0
15174,-4
15175,-4
15176,0
15177,-4
15178,0
15179,0
15180,-4
15181,-4
15182,-4
15183,-4
15184,0
15185,-4
15186,-4
15187,-4
15188,-4
15189,-4
15190,-4
15191,0
15192,-4
15193,-8
15194,0
15195,-4
15196,0
15197,2
15198,0
15199,-4
15200,0
15201,-4
15202,-4
15203,0
15204,-4
15205,0
15206,0
15207,-4
15208,0
15209,0
15210,10
15211,0
15212,0
15213,10
15214,10
15215,0
15216,-4
15217,10
15218,0
15219,0
15220,0
15221,0
15222,0
15223,0
15224,10
15225,0
15226,0
15227,-4
15228,0
15229,0
15230,-4
15231,4
15232,-4
15233,0
15234,4
15235,0
15236,2
15237,0
15238,2
15239,0
15240,0
15241,-8
15242,0
15243,0
15244,-4
15245,0
15246,0
15247,-4
15248,-20
15249,0
15250,-4
15251,0
15252,8
15253,-4
15254,0
15255,0
15256,0
15257,-4
15258,-4
15259,0
15260,0
15261,-4
15262,0
15263,4
15264,-4
15265,-4
15266,-4
15267,0
15268,0
15269,-4
15270,0
15271,-4
15272,-4
15273,-4
15274,6
15275,-4
15276,-4
15277,0
15278,0
15279,0
15280,6
15281,0
15282,-4
15283,-4
15284,0
15285,0
15286,-4
15287,0
15288,0
15289,-4
15290,-4
15291,2
15292,-4
15293,0
15294,-8
15295,-4
15296,-4
15297,0
15298,0
15299,0
15300,-16
15301,0
15302,0
15303,0
15304,4
15305,0
15306,-10
15307,-4
15308,14
15309,2
15310,2
15311,-4
15312,0
15313,0
15314,0
15315,0
15316,0
15317,0
15318,0
15319,0
15320,6
15321,0
15322,0
15323,0
15324,4
15325,0
15326,6
15327,6
15328,8
15329,0
15330,0
15331,0
15332,2
15333,10
15334,0
15335,2
15336,0
15337,6
15338,0
15339,0
15340,2
15341,4
15342,0
15343,-4
15344,4
15345,0
15346,0
15347,-4
15348,6
15349,0
15350,0
15351,14
15352,0
15353,0
15354,0
15355,0
15356,0
15357,-4
15358,-4
15359,0
15360,0
15361,0
15362,-4
15363,0
15364,2
15365,0
15366,-4
15367,-4
15368,-4
15369,0
15370,-4
15371,-4
15372,-4
15373,0
15374,-4
15375,-4
15376,0
15377,-8
15378,-4
15379,-4
15380,-4
15381,-4
15382,0
15383,0
15384,-4
15385,0
15386,-8
15387,0
15388,-4
15389,-18
15390,-4
15391,-4
15392,0
15393,-4
15394,0
15395,0
15396,0
15397,-4
15398,-4
15399,0
15400,0
15401,-4
15402,0
15403,0
15404,0
15405,-4
15406,0
15407,-4
15408,0
15409,0
15410,-4
15411,0
15412,0
15413,18
15414,0
15415,0
15416,0
15417,0
15418,0
15419,0
15420,2
15421,0
15422,0
15423,0
15424,0
15425,0
15426,0
15427,2
15428,6
15429,24
15430,6
15431,10
15432,10
15433,8
15434,10
15435,4
15436,10
15437,-4
15438,0
15439,8
15440,8
15441,6
15442,4
15443,2
15444,6
15445,-8
15446,6
15447,6
15448,-4
15449,4
15450,4
15451,6
15452,4
15453,4
15454,6
15455,6
15456,6
15457,0
15458,6
15459,8
15460,-4
15461,10
15462,10
15463,10
15464,14
15465,0
15466,14
15467,10
15468,10
15469,14
15470,10
15471,10
15472,8
15473,8
15474,6
15475,4
15476,2
15477,0
15478,-8
15479,4
15480,4
15481,-4
15482,4
15483,0
15484,-4
15485,4
15486,0
15487,-4
15488,-8
15489,-4
15490,-4
15491,-22
15492,-8
15493,-4
15494,-8
15495,-10
15496,-8
15497,-4
15498,-10
15499,-8
15500,-10
15501,-10
15502,-8
15503,-8
15504,-8
15505,-10
15506,-22
15507,-6
15508,4
15509,-4
15510,-4
15511,-4
15512,-4
15513,-4
15514,-4
15515,-4
15516,-6
15517,-4
15518,-4
15519,-4
15520,-4
15521,-4
15522,-4
15523,-4
15524,0
15525,4
15526,-4
15527,0
15528,-4
15529,8
15530,0
15531,-4
15532,0
15533,0
15534,-4
15535,-4
15536,0
15537,0
15538,-4
15539,-4
15540,-4
15541,-4
15542,0
15543,0
15544,-4
15545,-4
15546,-4
15547,-4
15548,0
15549,-4
15550,-6
15551,-4
15552,-20
15553,-4
15554,-4
15555,-4
15556,-4
15557,4
15558,0
15559,-4
15560,0
15561,-4
15562,-4
15563,-4
15564,-4
15565,6
15566,-4
15567,-6
15568,0
15569,0
15570,-4
15571,-4
15572,-4
15573,-6
15574,-4
15575,0
15576,-4
15577,-4
15578,-4
15579,0
15580,-4
15581,-4
15582,-4
15583,-4
15584,-4
15585,6
15586,-4
15587,-14
15588,-4
15589,-4
15590,-14
15591,-4
15592,0
15593,-4
15594,-4
15595,0
15596,6
15597,-4
15598,0
15599,-6
15600,0
15601,0
15602,0
15603,0
15604,0
15605,0
15606,0
15607,-4
15608,-4
15609,0
15610,0
15611,0
15612,6
15613,-4
15614,0
15615,0
15616,0
15617,0
15618,2
15619,2
15620,0
15621,6
15622,0
15623,0
15624,0
15625,2
15626,0
15627,2
15628,0
15629,0
15630,6
15631,4
15632,0
15633,0
15634,0
15635,2
15636,0
15637,0
15638,0
15639,-4
15640,-6
15641,0
15642,-4
15643,-4
15644,0
15645,0
15646,6
15647,2
15648,0
15649,0
15650,0
15651,0
15652,0
15653,-4
15654,-4
15655,0
15656,-4
15657,0
15658,-4
15659,0
15660,-4
15661,0
15662,0
15663,8
15664,-4
15665,0
15666,0
15667,-4
15668,-4
15669,0
15670,-4
15671,-4
15672,-4
15673,0
15674,0
15675,-4
15676,0
15677,0
15678,0
15679,-4
15680,2
15681,-4
15682,0
15683,-4
15684,0
15685,-4
15686,-4
15687,-4
15688,-4
15689,-4
15690,-4
15691,0
15692,-4
15693,-4
15694,-4
15695,0
15696,0
15697,-4
15698,6
15699,-4
15700,0
15701,-4
15702,-4
15703,0
15704,0
15705,-4
15706,0
15707,-10
15708,0
15709,0
15710,0
15711,-4
15712,-4
15713,0
15714,0
15715,0
15716,0
15717,0
15718,0
15719,0
15720,4
15721,2
15722,-4
15723,2
15724,0
15725,0
15726,4
15727,-4
15728,4
15729,0
15730,0
15731,4
15732,-14
15733,0
15734,-4
15735,0
15736,6
15737,0
15738,0
15739,0
15740,0
15741,0
15742,-14
15743,4
15744,2
15745,8
15746,2
15747,0
15748,-4
15749,6
15750,0
15751,6
15752,0
15753,0
15754,8
15755,-4
15756,-4
15757,0
15758,2
15759,-4
15760,-4
15761,-4
15762,0
15763,-4
15764,2
15765,0
15766,-4
15767,-4
15768,-4
15769,-4
15770,-4
15771,-4
15772,-4
15773,0
15774,0
15775,-4
15776,0
15777,-4
15778,0
15779,-4
15780,0
15781,-4
15782,-4
15783,-4
15784,-4
15785,0
15786,8
15787,0
15788,0
15789,0
15790,0
15791,0
15792,-4
15793,-4
15794,-4
15795,0
15796,0
15797,-8
15798,0
15799,0
15800,-4
15801,0
15802,2
15803,0
15804,0
15805,-4
15806,0
15807,-14
15808,0
15809,0
15810,0
15811,0
15812,-4
15813,-4
15814,0
15815,0
15816,2
15817,0
15818,0
15819,-4
15820,0
15821,0
15822,-4
15823,0
15824,6
15825,0
15826,6
15827,6
15828,0
15829,0
15830,4
15831,6
15832,0
15833,0
15834,0
15835,2
15836,0
15837,2
15838,2
15839,0
15840,0
15841,14
15842,-4
15843,-4
15844,8
15845,0
15846,0
15847,6
15848,2
15849,0
15850,2
15851,0
15852,-14
15853,-4
15854,2
15855,0
15856,0
15857,0
15858,-4
15859,4
15860,0
15861,-4
15862,0
15863,0
15864,0
15865,0
15866,0
15867,-4
15868,0
15869,-4
15870,0
15871,0
15872,-4
15873,-4
15874,0
15875,-4
15876,0
15877,6
15878,-4
15879,0
15880,-4
15881,6
15882,0
15883,0
15884,0
15885,0
15886,0
15887,-8
15888,-4
15889,0
15890,6
15891,-4
15892,0
15893,10
15894,-4
15895,0
15896,-6
15897,0
15898,0
15899,-4
15900,0
15901,0
15902,-4
15903,0
15904,0
15905,-4
15906,-4
15907,0
15908,0
15909,0
15910,0
15911,0
15912,0
15913,-6
15914,0
15915,-4
15916,4
15917,0
15918,0
15919,0
15920,0
15921,-4
15922,0
15923,-4
15924,0
15925,4
15926,0
15927,0
15928,2
15929,-4
15930,2
15931,2
15932,0
15933,0
15934,0
15935,0
15936,0
15937,0
15938,-4
15939,-4
15940,0
15941,2
15942,-4
15943,0
15944,0
15945,0
15946,6
15947,0
15948,0
15949,0
15950,-4
15951,0
15952,0
15953,-6
15954,-4
15955,0
15956,0
15957,10
15958,0
15959,4
15960,10
15961,-4
15962,0
15963,2
15964,0
15965,-4
15966,2
15967,4
15968,0
15969,4
15970,24
15971,0
15972,-4
15973,0
15974,0
15975,0
15976,0
15977,0
15978,0
15979,-4
15980,-4
15981,0
15982,-4
15983,-4
15984,0
15985,0
15986,0
15987,0
15988,-4
15989,6
15990,-4
15991,0
15992,10
15993,-4
15994,0
15995,0
15996,-4
15997,0
15998,-4
15999,2
16000,2
16001,2
16002,-4
16003,4
16004,0
16005,2
16006,4
16007,0
16008,6
16009,6
16010,0
16011,8
16012,4
16013,6
16014,6
16015,4
16016,6
16017,6
16018,4
16019,4
16020,6
16021,8
16022,6
16023,6
16024,6
16025,14
16026,8
16027,0
16028,6
16029,4
16030,14
16031,6
16032,0
16033,8
16034,2
16035,6
16036,14
16037,4
16038,-4
16039,0
16040,4
16041,0
16042,-4
16043,0
16044,-4
16045,6
16046,0
16047,0
16048,-4
16049,8
16050,-4
16051,0
16052,-4
16053,-4
16054,10
16055,-8
16056,-14
16057,-4
16058,-4
16059,-4
16060,-4
16061,-4
16062,-4
16063,-4
16064,-4
16065,-4
16066,-4
16067,0
16068,-4
16069,-4
16070,-4
16071,-4
16072,-4
16073,-4
16074,-4
16075,2
16076,-4
16077,-4
16078,-4
16079,-4
16080,-4
16081,-4
16082,-4
16083,-20
16084,-4
16085,0
16086,-4
16087,-4
16088,0
16089,-4
16090,-4
16091,6
16092,-4
16093,-6
16094,-4
16095,-4
16096,-4
16097,-4
16098,0
16099,0
16100,-4
16101,0
16102,-4
16103,-4
16104,-4
16105,0
16106,-4
16107,0
16108,0
16109,-4
16110,6
16111,-4
16112,-4
16113,-4
16114,0
16115,0
16116,-4
16117,-4
16118,0
16119,0
16120,-8
16121,-4
16122,-4
16123,0
16124,0
16125,0
16126,0
16127,0
16128,0
16129,0
16130,0
16131,6
16132,6
16133,0
16134,6
16135,2
16136,0
16137,0
16138,8
16139,0
16140,2
16141,-8
16142,0
16143,0
16144,-8
16145,0
16146,-4
16147,-4
16148,10
16149,-4
16150,0
16151,-4
16152,-4
16153,-4
16154,-4
16155,-4
16156,0
16157,0
16158,0
16159,0
16160,-4
16161,-4
16162,-4
16163,-4
16164,0
16165,-4
16166,2
16167,-4
16168,-4
16169,-4
16170,-4
16171,0
16172,-4
16173,-4
16174,0
16175,-4
16176,-4
16177,0
16178,-4
16179,-4
16180,-4
16181,-4
16182,0
16183,-4
16184,0
16185,0
16186,-4
16187,0
16188,-4
16189,0
16190,-20
16191,0
16192,0
16193,-4
16194,0
16195,-4
16196,-8
16197,0
16198,4
16199,-6
16200,-4
16201,-4
16202,-4
16203,0
16204,6
16205,-4
16206,6
16207,0
16208,-4
16209,0
16210,0
16211,0
16212,0
16213,-4
16214,0
16215,0
16216,6
16217,0
16218,0
16219,-4
16220,0
16221,0
16222,0
16223,0
16224,-4
16225,0
16226,6
16227,4
16228,0
16229,0
16230,0
16231,-6
16232,0
16233,2
16234,0
16235,-14
16236,0
16237,8
16238,0
16239,0
16240,10
16241,-4
16242,0
16243,8
16244,0
16245,0
16246,-8
16247,0
16248,0
16249,0
16250,-4
16251,0
16252,0
16253,0
16254,0
16255,0
16256,-4
16257,-4
16258,-4
16259,-4
16260,-4
16261,0
16262,2
16263,-4
16264,0
16265,0
16266,2
16267,0
16268,0
16269,0
16270,0
16271,0
16272,-4
16273,0
16274,0
16275,-4
16276,-4
16277,-4
16278,0
16279,0
16280,0
16281,0
16282,0
16283,0
16284,-4
16285,0
16286,0
16287,0
16288,0
16289,0
16290,-4
16291,-4
16292,10
16293,0
16294,-4
16295,6
16296,-4
16297,0
16298,-6
16299,0
16300,-4
16301,-4
16302,-4
16303,0
16304,-4
16305,0
16306,0
16307,-4
16308,10
16309,0
16310,0
16311,2
16312,0
16313,0
16314,-4
16315,2
16316,-4
16317,0
16318,0
16319,0
16320,4
16321,2
16322,0
16323,-4
16324,0
16325,2
16326,-4
16327,-4
16328,0
16329,0
16330,0
16331,2
16332,0
16333,0
16334,0
16335,2
16336,0
16337,0
16338,0
16339,14
16340,0
16341,2
16342,-14
16343,6
16344,0
16345,-6
16346,0
16347,4
16348,-4
16349,6
16350,2
16351,-4
16352,0
16353,0
16354,-4
16355,0
16356,-4
16357,6
16358,0
16359,0
16360,-4
16361,0
16362,0
16363,-4
16364,-8
16365,0
16366,0
16367,-6
16368,0
16369,-4
16370,-4
16371,0
16372,-4
16373,-4
16374,-4
16375,0
16376,0
16377,-4
16378,-10
16379,-4
16380,0
16381,-4
16382,-4
16383,-4
16384,0
16385,0
16386,-4
16387,-4
16388,-16
16389,0
16390,0
16391,2
16392,6
16393,6
16394,-4
16395,0
16396,2
16397,-4
16398,0
16399,0
16400,0
16401,0
16402,0
16403,4
16404,0
16405,0
16406,0
16407,0
16408,0
16409,0
16410,2
16411,0
16412,0
16413,0
16414,0
16415,2
16416,0
16417,6
16418,0
16419,0
16420,0
16421,0
16422,2
16423,0
16424,0
16425,0
16426,2
16427,0
16428,0
16429,0
16430,6
16431,4
16432,6
16433,4
16434,10
16435,2
16436,2
16437,0
16438,0
16439,2
16440,2
16441,6
16442,0
16443,4
16444,8
16445,0
16446,0
16447,-4
16448,-8
16449,0
16450,4
16451,0
16452,-4
16453,0
16454,0
16455,10
16456,-4
16457,-4
16458,0
16459,0
16460,-4
16461,6
16462,0
16463,0
16464,2
16465,0
16466,-4
16467,0
16468,-4
16469,0
16470,-4
16471,-4
16472,0
16473,-4
16474,0
16475,0
16476,-4
16477,-4
16478,0
16479,-8
16480,-4
16481,-4
16482,-4
16483,0
16484,-10
16485,-4
16486,0
16487,0
16488,-4
16489,-4
16490,-6
16491,0
16492,-4
16493,0
16494,-4
16495,-4
16496,6
16497,0
16498,0
16499,0
16500,0
16501,-4
16502,0
16503,-4
16504,0
16505,0
16506,-4
16507,-4
16508,0
16509,0
16510,0
16511,0
16512,0
16513,0
16514,0
16515,-4
16516,-4
16517,0
16518,0
16519,0
16520,2
16521,0
16522,0
16523,2
16524,6
16525,0
16526,-4
16527,0
16528,2
16529,0
16530,2
16531,0
16532,2
16533,0
16534,0
16535,-8
16536,2
16537,2
16538,0
16539,0
16540,14
16541,0
16542,6
16543,-8
16544,4
16545,2
16546,-4
16547,0
16548,4
16549,0
16550,-6
16551,0
16552,0
16553,0
16554,0
16555,0
16556,0
16557,-4
16558,-4
16559,-4
16560,-4
16561,0
16562,0
16563,0
16564,-4
16565,-4
16566,-4
16567,-4
16568,-4
16569,0
16570,-4
16571,-4
16572,-4
16573,2
16574,-6
16575,-4
16576,-4
16577,0
16578,0
16579,0
16580,-14
16581,-4
16582,-4
16583,-4
16584,-4
16585,14
16586,-4
16587,-4
16588,-4
16589,-10
16590,-4
16591,-4
16592,-16
16593,-4
16594,-4
16595,14
16596,0
16597,0
16598,-4
16599,-4
16600,-4
16601,0
16602,-4
16603,-4
16604,-4
16605,-4
16606,6
16607,-4
16608,0
16609,-4
16610,10
16611,0
16612,-14
16613,0
16614,2
16615,2
16616,0
16617,0
16618,18
16619,0
16620,2
16621,0
16622,0
16623,-8
16624,0
16625,4
16626,0
16627,-4
16628,-4
16629,0
16630,0
16631,-4
16632,0
16633,6
16634,0
16635,0
16636,-4
16637,0
16638,0
16639,10
16640,2
16641,4
16642,0
16643,-4
16644,4
16645,6
16646,0
16647,0
16648,0
16649,10
16650,0
16651,2
16652,0
16653,0
16654,0
16655,0
16656,0
16657,0
16658,0
16659,-4
16660,0
16661,0
16662,0
16663,-4
16664,0
16665,0
16666,0
16667,-4
16668,0
16669,-4
16670,0
16671,-4
16672,-4
16673,0
16674,0
16675,6
16676,0
16677,-4
16678,0
16679,0
16680,-4
16681,0
16682,-4
16683,0
16684,-4
16685,-4
16686,0
16687,-4
16688,0
16689,-4
16690,-4
16691,0
16692,0
16693,0
16694,-4
16695,0
16696,-4
16697,-4
16698,0
16699,0
16700,-4
16701,0
16702,0
16703,0
16704,0
16705,-8
16706,-4
16707,0
16708,0
16709,0
16710,-4
16711,0
16712,-6
16713,6
16714,0
16715,0
16716,0
16717,-4
16718,0
16719,0
16720,2
16721,0
16722,0
16723,4
16724,0
16725,2
16726,0
16727,0
16728,2
16729,0
16730,0
16731,2
16732,0
16733,8
16734,0
16735,0
16736,0
16737,0
16738,-4
16739,0
16740,0
16741,-18
16742,0
16743,0
16744,-18
16745,0
16746,0
16747,0
16748,-4
16749,-6
16750,0
16751,0
16752,4
16753,0
16754,0
16755,-4
16756,8
16757,-4
16758,0
16759,0
16760,-8
16761,-4
16762,0
16763,0
16764,0
16765,0
16766,0
16767,-8
16768,-4
16769,-4
16770,-4
16771,-4
16772,0
16773,-4
16774,-4
16775,0
16776,-4
16777,0
16778,0
16779,-4
16780,-4
16781,-4
16782,-6
16783,-4
16784,-4
16785,-4
16786,-4
16787,-8
16788,-4
16789,-4
16790,-12
16791,-10
16792,0
16793,14
16794,-4
16795,0
16796,-10
16797,0
16798,0
16799,-6
16800,0
16801,-4
16802,-4
16803,0
16804,-4
16805,-4
16806,-4
16807,-4
16808,-4
16809,-4
16810,0
16811,0
16812,0
16813,0
16814,0
16815,0
16816,0
16817,4
16818,2
16819,0
16820,0
16821,0
16822,0
16823,0
16824,0
16825,2
16826,0
16827,0
16828,2
16829,8
16830,6
16831,0
16832,4
16833,0
16834,6
16835,-4
16836,0
16837,10
16838,0
16839,0
16840,-14
16841,0
16842,0
16843,6
16844,0
16845,2
16846,0
16847,-6
16848,0
16849,0
16850,-8
16851,0
16852,6
16853,0
16854,0
16855,-16
16856,-10
16857,0
16858,0
16859,0
16860,-4
16861,-4
16862,-4
16863,-8
16864,0
16865,0
16866,0
16867,-4
16868,-4
16869,0
16870,-4
16871,0
16872,-4
16873,-4
16874,0
16875,-4
16876,-4
16877,-4
16878,-4
16879,-4
16880,0
16881,-4
16882,-6
16883,0
16884,-4
16885,0
16886,-4
16887,-4
16888,-4
16889,-4
16890,0
16891,-4
16892,-8
16893,-4
16894,-4
16895,-4
16896,-8
16897,-4
16898,0
16899,0
16900,2
16901,-4
16902,-6
16903,-4
16904,-4
16905,0
16906,-4
16907,0
16908,0
16909,0
16910,6
16911,0
16912,0
16913,-4
16914,0
16915,0
16916,0
16917,0
16918,0
16919,0
16920,4
16921,0
16922,6
16923,0
16924,0
16925,0
16926,0
16927,0
16928,0
16929,0
16930,0
16931,6
16932,0
16933,4
16934,2
16935,2
16936,-4
16937,2
16938,-4
16939,2
16940,0
16941,0
16942,10
16943,0
16944,2
16945,2
16946,4
16947,0
16948,0
16949,6
16950,2
16951,0
16952,0
16953,-4
16954,0
16955,0
16956,0
16957,0
16958,0
16959,0
16960,10
16961,0
16962,-4
16963,0
16964,0
16965,0
16966,0
16967,0
16968,0
16969,0
16970,-4
16971,-4
16972,-4
16973,-4
16974,-4
16975,0
16976,-10
16977,-4
16978,0
16979,-4
16980,-8
16981,-4
16982,-4
16983,-4
16984,-4
16985,-4
16986,-4
16987,-4
16988,-4
16989,10
16990,-4
16991,-4
16992,-4
16993,-4
16994,-4
16995,0
16996,-6
16997,0
16998,0
16999,0
17000,0
17001,-4
17002,-20
17003,0
17004,0
17005,0
17006,-4
17007,0
17008,0
17009,0
17010,-4
17011,0
17012,-4
17013,0
17014,0
17015,0
17016,0
17017,0
17018,0
17019,0
17020,0
17021,2
17022,0
17023,2
17024,0
17025,0
17026,-4
17027,0
17028,0
17029,0
17030,0
17031,0
17032,6
17033,2
17034,0
17035,0
17036,-8
17037,0
17038,10
17039,0
17040,6
17041,6
17042,2
17043,0
17044,0
17045,4
17046,0
17047,4
17048,-8
17049,0
17050,0
17051,0
17052,0
17053,-12
17054,0
17055,2
17056,0
17057,0
17058,0
17059,-4
17060,0
17061,4
17062,-4
17063,0
17064,0
17065,0
17066,0
17067,0
17068,0
17069,-4
17070,0
17071,-4
17072,-4
17073,-4
17074,-4
17075,-4
17076,-4
17077,0
17078,10
17079,-4
17080,-4
17081,-6
17082,0
17083,-4
17084,0
17085,-4
17086,-4
17087,-4
17088,0
17089,10
17090,-4
17091,-4
17092,-22
17093,-4
17094,0
17095,2
17096,0
17097,0
17098,-4
17099,0
17100,0
17101,-12
17102,-4
17103,0
17104,-6
17105,0
17106,0
17107,-4
17108,-4
17109,0
17110,0
17111,0
17112,0
17113,4
17114,-4
17115,0
17116,0
17117,0
17118,0
17119,2
17120,2
17121,-4
17122,0
17123,-4
17124,0
17125,4
17126,0
17127,2
17128,10
17129,4
17130,4
17131,0
17132,0
17133,-4
17134,0
17135,0
17136,0
17137,0
17138,0
17139,0
17140,2
17141,-6
17142,4
17143,2
17144,0
17145,10
17146,0
17147,6
17148,-4
17149,0
17150,0
17151,0
17152,2
17153,0
17154,0
17155,-14
17156,-8
17157,0
17158,0
17159,6
17160,2
17161,0
17162,-4
17163,0
17164,-4
17165,0
17166,-4
17167,-4
17168,0
17169,-4
17170,-4
17171,0
17172,-4
17173,-4
17174,0
17175,-4
17176,0
17177,-4
17178,-4
17179,-4
17180,-4
17181,-4
17182,-4
17183,-4
17184,-8
17185,-4
17186,-4
17187,-4
17188,-4
17189,-4
17190,6
17191,-4
17192,-4
17193,-4
17194,-26
17195,-4
17196,0
17197,0
17198,0
17199,0
17200,-4
17201,-4
17202,-4
17203,-4
17204,-4
17205,0
17206,0
17207,0
17208,0
17209,-4
17210,0
17211,0
17212,0
17213,-4
17214,0
17215,0
17216,-4
17217,0
17218,0
17219,4
17220,0
17221,0
17222,6
17223,4
17224,-8
17225,2
17226,0
17227,0
17228,8
17229,2
17230,0
17231,4
17232,4
17233,6
17234,0
17235,-6
17236,0
17237,0
17238,2
17239,10
17240,0
17241,0
17242,0
17243,0
17244,4
17245,0
17246,-8
17247,0
17248,6
17249,-4
17250,6
17251,0
17252,10
17253,0
17254,0
17255,10
17256,10
17257,0
17258,0
17259,0
17260,0
17261,0
17262,0
17263,0
17264,0
17265,0
17266,6
17267,-4
17268,0
17269,0
17270,-4
17271,0
17272,-4
17273,-4
17274,-4
17275,-4
17276,-4
17277,0
17278,-4
17279,2
17280,-4
17281,-4
17282,-4
17283,0
17284,0
17285,-4
17286,-4
17287,-8
17288,0
17289,-4
17290,20
17291,-4
17292,-4
17293,-8
17294,0
17295,-4
17296,4
17297,-4
17298,0
17299,0
17300,0
17301,-4
17302,-4
17303,0
17304,-4
17305,0
17306,0
17307,0
17308,0
17309,0
17310,0
17311,2
17312,0
17313,0
17314,0
17315,0
17316,0
17317,2
17318,-4
17319,-4
17320,0
17321,4
17322,0
17323,6
17324,0
17325,2
17326,0
17327,-4
17328,4
17329,0
17330,-4
17331,6
17332,0
17333,0
17334,0
17335,0
17336,0
17337,0
17338,10
17339,0
17340,4
17341,-4
17342,0
17343,0
17344,10
17345,0
17346,2
17347,0
17348,10
17349,-4
17350,0
17351,-8
17352,0
17353,0
17354,0
17355,0
17356,-4
17357,0
17358,-4
17359,0
17360,-4
17361,4
17362,0
17363,4
17364,0
17365,4
17366,-4
17367,-4
17368,-4
17369,0
17370,-4
17371,0
17372,4
17373,0
17374,14
17375,-6
17376,-4
17377,-8
17378,-6
17379,0
17380,0
17381,-4
17382,2
17383,0
17384,-4
17385,-4
17386,-16
17387,-4
17388,6
17389,-4
17390,0
17391,-4
17392,-6
17393,2
17394,-4
17395,0
17396,0
17397,0
17398,-4
17399,0
17400,-4
17401,-4
17402,0
17403,0
17404,0
17405,6
17406,0
17407,0
17408,-4
17409,6
17410,0
17411,0
17412,-4
17413,0
17414,14
17415,0
17416,0
17417,0
17418,0
17419,4
17420,2
17421,0
17422,0
17423,4
17424,4
17425,0
17426,6
17427,2
17428,0
17429,0
17430,10
17431,0
17432,0
17433,0
17434,6
17435,0
17436,0
17437,0
17438,0
17439,-4
17440,16
17441,2
17442,0
17443,-14
17444,0
17445,0
17446,-4
17447,0
17448,0
17449,0
17450,10
17451,0
17452,4
17453,0
17454,0
17455,-8
17456,0
17457,-8
17458,0
17459,0
17460,0
17461,0
17462,0
17463,0
17464,-4
17465,0
17466,-4
17467,0
17468,-4
17469,-4
17470,-4
17471,-4
17472,-4
17473,-4
17474,0
17475,-4
17476,0
17477,-4
17478,-4
17479,-4
17480,4
17481,-8
17482,-4
17483,-4
17484,2
17485,0
17486,0
17487,0
17488,-4
17489,0
17490,-4
17491,-4
17492,-4
17493,0
17494,-4
17495,-8
17496,-4
17497,-4
17498,0
17499,0
17500,0
17501,0
17502,0
17503,-4
17504,2
17505,0
17506,0
17507,0
17508,-4
17509,0
17510,2
17511,-4
17512,-4
17513,0
17514,-4
17515,0
17516,2
17517,0
17518,0
17519,0
17520,6
17521,0
17522,0
17523,4
17524,2
17525,2
17526,6
17527,0
17528,0
17529,0
17530,0
17531,6
17532,4
17533,8
17534,0
17535,-4
17536,4
17537,2
17538,2
17539,-6
17540,0
17541,0
17542,-4
17543,0
17544,0
17545,0
17546,-14
17547,0
17548,-4
17549,0
17550,0
17551,2
17552,-18
17553,-4
17554,0
17555,-4
17556,2
17557,-20
17558,0
17559,2
17560,0
17561,0
17562,-4
17563,-4
17564,0
17565,0
17566,0
17567,6
17568,-4
17569,-4
17570,0
17571,-4
17572,-4
17573,-8
17574,-4
17575,-4
17576,-4
17577,-4
17578,-4
17579,0
17580,0
17581,-4
17582,-4
17583,10
17584,-4
17585,6
17586,-4
17587,-4
17588,0
17589,-4
17590,0
17591,-4
17592,-8
17593,-4
17594,10
17595,-4
17596,-4
17597,0
17598,0
17599,0
17600,-4
17601,-4
17602,-4
17603,0
17604,0
17605,6
17606,0
17607,0
17608,0
17609,0
17610,0
17611,0
17612,0
17613,-4
17614,0
17615,0
17616,-4
17617,0
17618,4
17619,0
17620,0
17621,6
17622,2
17623,0
17624,0
17625,0
17626,2
17627,0
17628,0
17629,0
17630,2
17631,0
17632,-4
17633,0
17634,0
17635,0
17636,0
17637,6
17638,0
17639,2
17640,4
17641,-4
17642,2
17643,4
17644,6
17645,10
17646,2
17647,4
17648,6
17649,0
17650,2
17651,0
17652,0
17653,6
17654,0
17655,0
17656,0
17657,-4
17658,0
17659,-6
17660,0
17661,0
17662,-4
17663,-4
17664,-4
17665,0
17666,-4
17667,-4
17668,-4
17669,0
17670,0
17671,-4
17672,-4
17673,-4
17674,-4
17675,-4
17676,-4
17677,-4
17678,-4
17679,0
17680,-4
17681,-4
17682,-4
17683,-4
17684,-4
17685,-4
17686,-6
17687,-4
17688,-4
17689,-4
17690,-4
17691,0
17692,-4
17693,-4
17694,-4
17695,-4
17696,-8
17697,-4
17698,0
17699,-4
17700,-4
17701,0
17702,6
17703,0
17704,0
17705,0
17706,0
17707,-4
17708,2
17709,-4
17710,0
17711,0
17712,-4
17713,0
17714,0
17715,0
17716,0
17717,6
17718,0
17719,0
17720,0
17721,0
17722,0
17723,0
17724,6
17725,0
17726,2
17727,4
17728,-4
17729,-10
17730,0
17731,0
17732,2
17733,0
17734,6
17735,4
17736,6
17737,-4
17738,4
17739,-4
17740,-14
17741,4
17742,0
17743,0
17744,0
17745,0
17746,0
17747,-14
17748,0
17749,0
17750,-6
17751,0
17752,2
17753,0
17754,-4
17755,0
17756,0
17757,0
17758,0
17759,0
17760,-8
17761,0
17762,0
17763,-4
17764,0
17765,0
17766,0
17767,-4
17768,-4
17769,0
17770,-4
17771,-4
17772,-4
17773,-4
17774,-4
17775,0
17776,-4
17777,0
17778,-8
17779,-4
17780,0
17781,0
17782,-6
17783,-4
17784,-4
17785,-4
17786,-4
17787,-8
17788,-4
17789,0
17790,0
17791,-4
17792,-8
17793,0
17794,-4
17795,-4
17796,-4
17797,-4
17798,0
17799,-4
17800,0
17801,-6
17802,0
17803,-4
17804,0
17805,0
17806,0
17807,0
17808,0
17809,2
17810,0
17811,0
17812,-4
17813,-4
17814,4
17815,0
17816,0
17817,2
17818,0
17819,4
17820,0
17821,2
17822,0
17823,0
17824,0
17825,0
17826,2
17827,-8
17828,0
17829,0
17830,-4
17831,0
17832,6
17833,4
17834,10
17835,0
17836,0
17837,6
17838,0
17839,10
17840,0
17841,2
17842,4
17843,2
17844,0
17845,0
17846,10
17847,0
17848,0
17849,2
17850,2
17851,0
17852,14
17853,0
17854,0
17855,-4
17856,-4
17857,2
17858,0
17859,0
17860,0
17861,2
17862,-4
17863,-10
17864,0
17865,0
17866,-8
17867,0
17868,-4
17869,-4
17870,0
17871,-4
17872,-4
17873,-4
17874,-4
17875,-4
17876,-4
17877,8
17878,0
17879,-4
17880,-4
17881,0
17882,-4
17883,-4
17884,-8
17885,-4
17886,-4
17887,-4
17888,0
17889,-8
17890,0
17891,0
17892,-4
17893,0
17894,-4
17895,-4
17896,-4
17897,4
17898,2
17899,0
17900,0
17901,0
17902,-4
17903,-4
17904,0
17905,0
17906,0
17907,-4
17908,0
17909,0
17910,0
17911,0
17912,0
17913,-4
17914,0
17915,0
17916,2
17917,0
17918,0
17919,6
17920,0
17921,0
17922,0
17923,0
17924,4
17925,0
17926,0
17927,0
17928,-4
17929,0
17930,0
17931,8
17932,6
17933,10
17934,0
17935,0
17936,0
17937,0
17938,0
17939,0
17940,2
17941,0
17942,6
17943,0
17944,4
17945,-4
17946,2
17947,0
17948,-8
17949,-4
17950,-4
17951,-6
17952,0
17953,10
17954,-4
17955,-4
17956,0
17957,-4
17958,-4
17959,-4
17960,-4
17961,-4
17962,-14
17963,-4
17964,0
17965,0
17966,0
17967,-4
17968,-4
17969,-4
17970,0
17971,-4
17972,-4
17973,-4
17974,0
17975,0
17976,-4
17977,0
17978,0
17979,-4
17980,-4
17981,-4
17982,-6
17983,-8
17984,-4
17985,0
17986,0
17987,-4
17988,-4
17989,-4
17990,0
17991,-4
17992,-4
17993,-4
17994,-4
17995,-4
17996,0
17997,-20
17998,0
17999,0
18000,6
18001,-4
18002,0
18003,-4
18004,-14
18005,0
18006,0
18007,-4
18008,-4
18009,0
18010,4
18011,-4
18012,0
18013,0
18014,-14
18015,-4
18016,0
18017,0
18018,0
18019,0
18020,0
18021,2
18022,0
18023,0
18024,-4
18025,-8
18026,4
18027,0
18028,0
18029,0
18030,0
18031,0
18032,4
18033,2
18034,0
18035,4
18036,0
18037,0
18038,0
18039,2
18040,10
18041,0
18042,-4
18043,0
18044,0
18045,0
18046,-4
18047,6
18048,-4
18049,-4
18050,10
18051,0
18052,-4
18053,-4
18054,10
18055,0
18056,0
18057,0
18058,0
18059,0
18060,0
18061,0
18062,0
18063,0
18064,0
18065,0
18066,0
18067,-4
18068,-4
18069,-4
18070,-4
18071,-4
18072,0
18073,0
18074,-4
18075,0
18076,-4
18077,0
18078,0
18079,0
18080,0
18081,0
18082,-4
18083,-4
18084,-4
18085,-4
18086,0
18087,-4
18088,-4
18089,-6
18090,-4
18091,0
18092,-8
18093,-4
18094,-4
18095,-4
18096,0
18097,-4
18098,-8
18099,0
18100,-4
18101,0
18102,-4
18103,0
18104,0
18105,0
18106,0
18107,0
18108,0
18109,0
18110,0
18111,2
18112,0
18113,-4
18114,0
18115,0
18116,0
18117,0
18118,24
18119,0
18120,0
18121,0
18122,0
18123,2
18124,4
18125,0
18126,4
18127,2
18128,-4
18129,-4
18130,0
18131,4
18132,0
18133,4
18134,4
18135,6
18136,2
18137,14
18138,4
18139,6
18140,0
18141,2
18142,-4
18143,2
18144,6
18145,4
18146,0
18147,0
18148,0
18149,0
18150,0
18151,0
18152,0
18153,0
18154,0
18155,-8
18156,0
18157,-4
18158,2
18159,-4
18160,-10
18161,-4
18162,-4
18163,-4
18164,-10
18165,0
18166,0
18167,0
18168,0
18169,0
18170,-4
18171,0
18172,-4
18173,-4
18174,0
18175,-4
18176,-4
18177,-4
18178,-4
18179,-4
18180,0
18181,-4
18182,0
18183,-8
18184,-4
18185,-4
18186,-4
18187,16
18188,-4
18189,10
18190,-4
18191,-4
18192,0
18193,-4
18194,-6
18195,0
18196,-4
18197,-4
18198,-14
18199,0
18200,0
18201,-16
18202,0
18203,-4
18204,-4
18205,0
18206,0
18207,-4
18208,-4
18209,6
18210,0
18211,0
18212,0
18213,0
18214,2
18215,0
18216,0
18217,0
18218,6
18219,0
18220,4
18221,4
18222,0
18223,0
18224,0
18225,0
18226,2
18227,0
18228,-4
18229,8
18230,4
18231,0
18232,2
18233,0
18234,10
18235,10
18236,2
18237,0
18238,2
18239,0
18240,0
18241,4
18242,0
18243,0
18244,-4
18245,0
18246,6
18247,0
18248,-10
18249,0
18250,-4
18251,4
18252,-4
18253,0
18254,0
18255,0
18256,6
18257,0
18258,0
18259,0
18260,0
18261,0
18262,0
18263,-4
18264,18
18265,0
18266,0
18267,-4
18268,-4
18269,0
18270,0
18271,-4
18272,-4
18273,-4
18274,-4
18275,-4
18276,0
18277,-4
18278,8
18279,4
18280,-4
18281,-4
18282,-4
18283,0
18284,0
18285,6
18286,0
18287,-4
18288,4
18289,-4
18290,0
18291,0
18292,0
18293,-4
18294,-6
18295,-4
18296,0
18297,-8
18298,0
18299,-4
18300,2
18301,-4
18302,0
18303,0
18304,-4
18305,-4
18306,0
18307,-4
18308,-4
18309,0
18310,0
18311,0
18312,-4
18313,0
18314,0
18315,0
18316,0
18317,0
18318,-4
18319,0
18320,0
18321,0
18322,0
18323,0
18324,0
18325,2
18326,2
18327,6
18328,2
18329,4
18330,10
18331,6
18332,0
18333,10
18334,0
18335,2
18336,6
18337,0
18338,0
18339,4
18340,0
18341,0
18342,0
18343,0
18344,10
18345,0
18346,6
18347,4
18348,2
18349,0
18350,0
18351,0
18352,2
18353,0
18354,0
18355,0
18356,0
18357,0
18358,0
18359,6
18360,-4
18361,0
18362,4
18363,-4
18364,0
18365,0
18366,0
18367,6
18368,0
18369,0
18370,-4
18371,0
18372,-4
18373,-4
18374,0
18375,-6
18376,-4
18377,-8
18378,0
18379,-4
18380,6
18381,-4
18382,-4
18383,-18
18384,-4
18385,-4
18386,-4
18387,-4
18388,-4
18389,-4
18390,-4
18391,-4
18392,0
18393,-4
18394,0
18395,0
18396,-4
18397,-4
18398,0
18399,0
18400,0
18401,-4
18402,-4
18403,0
18404,0
18405,-4
18406,-8
18407,-4
18408,0
18409,0
18410,0
18411,-4
18412,-4
18413,0
18414,0
18415,0
18416,0
18417,0
18418,0
18419,0
18420,0
18421,0
18422,0
18423,0
18424,0
18425,0
18426,4
18427,0
18428,2
18429,2
18430,0
18431,0
18432,0
18433,2
18434,0
18435,0
18436,6
18437,-4
18438,0
18439,2
18440,0
18441,4
18442,4
18443,0
18444,-4
18445,6
18446,10
18447,0
18448,0
18449,-8
18450,6
18451,0
18452,0
18453,0
18454,-4
18455,0
18456,0
18457,0
18458,-4
18459,0
18460,0
18461,0
18462,0
18463,0
18464,0
18465,-8
18466,4
18467,-4
18468,0
18469,0
18470,-4
18471,0
18472,-4
18473,0
18474,-4
18475,-4
18476,0
18477,0
18478,0
18479,0
18480,0
18481,0
18482,-4
18483,-4
18484,-4
18485,0
18486,-4
18487,-16
18488,-4
18489,10
18490,-4
18491,0
18492,-4
18493,-4
18494,-4
18495,-4
18496,-4
18497,0
18498,-4
18499,2
18500,0
18501,-14
18502,-4
18503,0
18504,-4
18505,-4
18506,2
18507,0
18508,-4
18509,0
18510,-4
18511,6
18512,0
18513,2
18514,0
18515,0
18516,0
18517,0
18518,6
18519,0
18520,0
18521,0
18522,0
18523,0
18524,0
18525,6
18526,0
18527,6
18528,2
18529,0
18530,0
18531,0
18532,-14
18533,2
18534,2
18535,6
18536,2
18537,0
18538,2
18539,0
18540,0
18541,0
18542,10
18543,0
18544,0
18545,-4
18546,0
18547,4
18548,-4
18549,0
18550,0
18551,-4
18552,-4
18553,0
18554,0
18555,0
18556,0
18557,0
18558,6
18559,0
18560,0
18561,-4
18562,0
18563,-4
18564,0
18565,4
18566,0
18567,6
18568,0
18569,0
18570,0
18571,-4
18572,0
18573,-4
18574,0
18575,0
18576,-4
18577,-4
18578,0
18579,0
18580,-4
18581,0
18582,4
18583,-4
18584,-4
18585,0
18586,-4
18587,-4
18588,0
18589,0
18590,0
18591,0
18592,-4
18593,-4
18594,-6
18595,0
18596,-4
18597,0
18598,-16
18599,0
18600,0
18601,0
18602,0
18603,-4
18604,0
18605,0
18606,-8
18607,0
18608,0
18609,-4
18610,6
18611,0
18612,-4
18613,0
18614,0
18615,0
18616,0
18617,0
18618,0
18619,0
18620,-4
18621,0
18622,-4
18623,0
18624,-4
18625,4
18626,0
18627,0
18628,4
18629,0
18630,4
18631,0
18632,6
18633,0
18634,18
18635,-4
18636,2
18637,0
18638,6
18639,4
18640,-4
18641,-14
18642,0
18643,4
18644,6
18645,6
18646,0
18647,4
18648,-8
18649,-4
18650,0
18651,0
18652,0
18653,2
18654,0
18655,6
18656,0
18657,0
18658,0
18659,4
18660,4
18661,0
18662,-14
18663,-10
18664,0
18665,0
18666,0
18667,-4
18668,0
18669,0
18670,0
18671,-4
18672,-4
18673,-4
18674,-4
18675,0
18676,0
18677,0
18678,-4
18679,-4
18680,8
18681,-4
18682,-4
18683,0
18684,0
18685,0
18686,-4
18687,-6
18688,-4
18689,18
18690,0
18691,-4
18692,-8
18693,0
18694,-8
18695,0
18696,-4
18697,0
18698,0
18699,0
18700,0
18701,4
18702,0
18703,0
18704,-4
18705,0
18706,0
18707,0
18708,-4
18709,-4
18710,-4
18711,2
18712,-4
18713,0
18714,0
18715,2
18716,0
18717,4
18718,0
18719,0
18720,2
18721,0
18722,0
18723,-4
18724,0
18725,4
18726,0
18727,0
18728,2
18729,0
18730,0
18731,6
18732,2
18733,2
18734,0
18735,0
18736,0
18737,6
18738,0
18739,0
18740,14
18741,0
18742,2
18743,2
18744,0
18745,0
18746,0
18747,0
18748,-8
18749,0
18750,0
18751,-4
18752,8
18753,0
18754,0
18755,2
18756,0
18757,0
18758,0
18759,-4
18760,0
18761,0
18762,0
18763,2
18764,-4
18765,0
18766,0
18767,0
18768,0
18769,-4
18770,0
18771,0
18772,-4
18773,-36
18774,-4
18775,-24
18776,-8
18777,-6
18778,2
18779,8
18780,-4
18781,0
18782,-4
18783,6
18784,-4
18785,-4
18786,-4
18787,-6
18788,-4
18789,0
18790,-4
18791,-4
18792,8
18793,-4
18794,-4
18795,10
18796,0
18797,-4
18798,6
18799,0
18800,-4
18801,-4
18802,0
18803,-4
18804,-4
18805,-4
18806,-4
18807,0
18808,-4
18809,0
18810,-4
18811,0
18812,-4
18813,0
18814,-4
18815,0
18816,-4
18817,0
18818,0
18819,2
18820,0
18821,0
18822,0
18823,4
18824,0
18825,2
18826,0
18827,0
18828,0
18829,4
18830,4
18831,0
18832,0
18833,4
18834,6
18835,0
18836,0
18837,-4
18838,0
18839,2
18840,4
18841,-4
18842,6
18843,0
18844,0
18845,14
18846,0
18847,-4
18848,-12
18849,2
18850,0
18851,0
18852,0
18853,-4
18854,-4
18855,-6
18856,0
18857,0
18858,-4
18859,10
18860,-4
18861,0
18862,-8
18863,-12
18864,0
18865,0
18866,-4
18867,0
18868,-4
18869,0
18870,0
18871,-4
18872,-4
18873,0
18874,-4
18875,0
18876,0
18877,0
18878,0
18879,0
18880,0
18881,-4
18882,-4
18883,0
18884,0
18885,-4
18886,0
18887,-4
18888,-4
18889,-4
18890,4
18891,-4
18892,-4
18893,0
18894,-14
18895,0
18896,-4
18897,-4
18898,0
18899,0
18900,4
18901,0
18902,0
18903,0
18904,0
18905,0
18906,0
18907,4
18908,0
18909,0
18910,0
18911,0
18912,0
18913,0
18914,-4
18915,0
18916,-4
18917,0
18918,4
18919,2
18920,2
18921,0
18922,0
18923,0
18924,2
18925,0
18926,0
18927,8
18928,0
18929,0
18930,0
18931,0
18932,10
18933,4
18934,6
18935,4
18936,0
18937,0
18938,0
18939,0
18940,0
18941,20
18942,4
18943,0
18944,-4
18945,2
18946,0
18947,-4
18948,2
18949,0
18950,0
18951,-14
18952,0
18953,6
18954,0
18955,0
18956,6
18957,2
18958,-4
18959,0
18960,0
18961,0
18962,6
18963,-4
18964,0
18965,0
18966,-4
18967,0
18968,0
18969,0
18970,0
18971,-4
18972,-4
18973,-4
18974,-4
18975,-4
18976,-6
18977,-4
18978,0
18979,0
18980,-4
18981,-4
18982,-4
18983,-4
18984,2
18985,-4
18986,-4
18987,-4
18988,4
18989,-4
18990,0
18991,10
18992,-4
18993,-4
18994,0
18995,-4
18996,0
18997,0
18998,-4
18999,-4
19000,-4
19001,-6
19002,0
19003,0
19004,0
19005,-14
19006,-4
19007,0
19008,-4
19009,0
19010,-4
19011,-4
19012,-16
19013,0
19014,0
19015,0
19016,0
19017,-4
19018,0
19019,0
19020,4
19021,0
19022,0
19023,0
19024,6
19025,0
19026,4
19027,0
19028,4
19029,0
19030,-4
19031,0
19032,0
19033,6
19034,0
19035,0
19036,0
19037,-4
19038,0
19039,0
19040,-4
19041,0
19042,0
19043,-14
19044,0
19045,4
19046,-4
19047,-4
19048,0
19049,-4
19050,6
19051,-4
19052,0
19053,0
19054,0
19055,0
19056,0
19057,10
19058,-4
19059,0
19060,0
19061,0
19062,-4
19063,0
19064,0
19065,0
19066,0
19067,0
19068,0
19069,0
19070,-4
19071,-4
19072,-4
19073,-4
19074,-4
19075,0
19076,-4
19077,-4
19078,-4
19079,-6
19080,-6
19081,-4
19082,-4
19083,-6
19084,-4
19085,-4
19086,-4
19087,0
19088,-4
19089,-4
19090,8
19091,-4
19092,-4
19093,-4
19094,4
19095,-4
19096,0
19097,0
19098,0
19099,0
19100,0
19101,0
19102,0
19103,0
19104,0
19105,0
19106,0
19107,-4
19108,0
19109,0
19110,14
19111,0
19112,0
19113,0
19114,-4
19115,0
19116,0
19117,4
19118,0
19119,0
19120,0
19121,0
19122,0
19123,4
19124,0
19125,0
19126,-4
19127,0
19128,6
19129,-4
19130,0
19131,0
19132,2
19133,-4
19134,4
19135,0
19136,0
19137,6
19138,0
19139,-4
19140,0
19141,6
19142,10
19143,0
19144,0
19145,4
19146,8
19147,2
19148,2
19149,0
19150,2
19151,0
19152,0
19153,0
19154,0
19155,-4
19156,-14
19157,-4
19158,0
19159,-4
19160,0
19161,0
19162,-4
19163,-4
19164,-4
19165,0
19166,-4
19167,2
19168,0
19169,0
19170,-4
19171,-4
19172,0
19173,0
19174,-4
19175,0
19176,-4
19177,-4
19178,-4
19179,0
19180,0
19181,-4
19182,-4
19183,0
19184,0
19185,-4
19186,-4
19187,0
19188,-4
19189,-4
19190,-4
19191,2
19192,0
19193,-4
19194,28
19195,-4
19196,-4
19197,-14
19198,0
19199,-4
19200,4
19201,-4
19202,0
19203,0
19204,0
19205,0
19206,8
19207,0
19208,-6
19209,0
19210,2
19211,0
19212,0
19213,4
19214,0
19215,0
19216,4
19217,0
19218,2
19219,2
19220,0
19221,2
19222,2
19223,4
19224,0
19225,0
19226,0
19227,0
19228,0
19229,-10
19230,8
19231,6
19232,6
19233,6
19234,0
19235,2
19236,0
19237,0
19238,0
19239,4
19240,0
19241,18
19242,0
19243,2
19244,6
19245,0
19246,4
19247,-4
19248,2
19249,0
19250,0
19251,14
19252,0
19253,0
19254,0
19255,-16
19256,-4
19257,-4
19258,0
19259,6
19260,0
19261,0
19262,0
19263,-4
19264,0
19265,0
19266,0
19267,2
19268,0
19269,0
19270,0
19271,-4
19272,0
19273,-4
19274,0
19275,-4
19276,-4
19277,0
19278,2
19279,-4
19280,0
19281,0
19282,-4
19283,-4
19284,-4
19285,-4
19286,-4
19287,-4
19288,-4
19289,-4
19290,-4
19291,-4
19292,-4
19293,0
19294,-4
19295,-6
19296,-8
19297,-4
19298,0
19299,2
19300,0
19301,0
19302,-6
19303,0
19304,6
19305,-4
19306,0
19307,0
19308,0
19309,-4
19310,0
19311,0
19312,0
19313,0
19314,0
19315,0
19316,-4
19317,-4
19318,6
19319,4
19320,4
19321,0
19322,0
19323,0
19324,0
19325,0
19326,0
19327,0
19328,0
19329,0
19330,0
19331,-8
19332,0
19333,4
19334,6
19335,10
19336,14
19337,0
19338,4
19339,4
19340,-8
19341,0
19342,0
19343,0
19344,4
19345,0
19346,8
19347,2
19348,-6
19349,0
19350,0
19351,6
19352,0
19353,6
19354,0
19355,4
19356,10
19357,2
19358,-4
19359,0
19360,0
19361,-4
19362,0
19363,-4
19364,-8
19365,0
19366,2
19367,0
19368,0
19369,-4
19370,0
19371,0
19372,0
19373,0
19374,0
19375,-4
19376,28
19377,-4
19378,0
19379,-4
19380,-4
19381,0
19382,2
19383,-4
19384,14
19385,-4
19386,-16
19387,-4
19388,0
19389,-4
19390,-8
19391,-4
19392,0
19393,-4
19394,-12
19395,-4
19396,0
19397,-4
19398,-4
19399,0
19400,0
19401,0
19402,0
19403,-4
19404,-4
19405,0
19406,0
19407,-4
19408,0
19409,0
19410,-8
19411,0
19412,0
19413,0
19414,0
19415,0
19416,0
19417,-4
19418,0
19419,0
19420,0
19421,0
19422,0
19423,2
19424,0
19425,6
19426,6
19427,10
19428,2
19429,2
19430,0
19431,0
19432,0
19433,4
19434,0
19435,6
19436,4
19437,0
19438,0
19439,-4
19440,0
19441,6
19442,-4
19443,6
19444,10
19445,0
19446,4
19447,0
19448,8
19449,4
19450,2
19451,0
19452,6
19453,-4
19454,6
19455,0
19456,10
19457,0
19458,-4
19459,0
19460,0
19461,2
19462,0
19463,0
19464,0
19465,-4
19466,0
19467,0
19468,-4
19469,0
19470,-4
19471,0
19472,-4
19473,0
19474,-4
19475,0
19476,-4
19477,-8
19478,-4
19479,0
19480,-4
19481,-4
19482,-4
19483,-4
19484,-4
19485,-4
19486,-4
19487,-4
19488,-4
19489,-4
19490,0
19491,-4
19492,0
19493,-4
19494,0
19495,0
19496,0
19497,-8
19498,0
19499,2
19500,-4
19501,-4
19502,0
19503,-4
19504,-4
19505,0
19506,2
19507,0
19508,-4
19509,-14
19510,2
19511,6
19512,4
19513,0
19514,-4
19515,24
19516,0
19517,-4
19518,-8
19519,4
19520,0
19521,0
19522,0
19523,4
19524,2
19525,0
19526,0
19527,0
19528,2
19529,0
19530,0
19531,0
19532,4
19533,0
19534,0
19535,0
19536,0
19537,0
19538,6
19539,6
19540,6
19541,-6
19542,6
19543,-4
19544,8
19545,0
19546,0
19547,-8
19548,0
19549,-4
19550,0
19551,-14
19552,0
19553,2
19554,0
19555,10
19556,0
19557,0
19558,6
19559,0
19560,0
19561,0
19562,0
19563,0
19564,0
19565,0
19566,0
19567,0
19568,0
19569,-4
19570,0
19571,0
19572,0
19573,-4
19574,0
19575,-4
19576,0
19577,-4
19578,-4
19579,-4
19580,-4
19581,-4
19582,0
19583,0
19584,-4
19585,-4
19586,-4
19587,-4
19588,-4
19589,-4
19590,-6
19591,0
19592,-4
19593,-8
19594,-4
19595,-4
19596,6
19597,-4
19598,0
19599,6
19600,0
19601,0
19602,0
19603,-4
19604,-8
19605,-4
19606,0
19607,0
19608,0
19609,0
19610,0
19611,0
19612,0
19613,0
19614,0
19615,0
19616,6
19617,-26
19618,-4
19619,0
19620,-8
19621,2
19622,0
19623,4
19624,0
19625,0
19626,0
19627,2
19628,2
19629,4
19630,-4
19631,0
19632,2
19633,0
19634,2
19635,0
19636,0
19637,2
19638,0
19639,0
19640,-4
19641,6
19642,0
19643,6
19644,6
19645,0
19646,-4
19647,0
19648,-4
19649,0
19650,6
19651,4
19652,-4
19653,8
19654,0
19655,0
19656,4
19657,0
19658,0
19659,2
19660,2
19661,-8
19662,0
19663,0
19664,0
19665,0
19666,0
19667,0
19668,0
19669,0
19670,0
19671,0
19672,0
19673,-4
19674,0
19675,-4
19676,-4
19677,-4
19678,0
19679,-4
19680,0
19681,-4
19682,0
19683,-4
19684,-4
19685,2
19686,-4
19687,-4
19688,-4
19689,0
19690,-4
19691,-4
19692,-4
19693,24
19694,-4
19695,0
19696,6
19697,-8
19698,-4
19699,4
19700,0
19701,0
19702,0
19703,-4
19704,0
19705,0
19706,0
19707,6
19708,6
19709,-4
19710,0
19711,-4
19712,0
19713,0
19714,0
19715,8
19716,-4
19717,0
19718,0
19719,0
19720,2
19721,0
19722,0
19723,4
19724,0
19725,0
19726,2
19727,0
19728,0
19729,4
19730,0
19731,6
19732,-4
19733,6
19734,0
19735,4
19736,0
19737,-4
19738,2
19739,-4
19740,-4
19741,2
19742,2
19743,-12
19744,2
19745,-4
19746,0
19747,-6
19748,6
19749,0
19750,-4
19751,-12
19752,0
19753,0
19754,0
19755,0
19756,0
19757,-4
19758,2
19759,0
19760,-4
19761,0
19762,-8
19763,4
19764,-4
19765,2
19766,0
19767,0
19768,-4
19769,0
19770,0
19771,-4
19772,-4
19773,-4
19774,-4
19775,0
19776,-4
19777,0
19778,-4
19779,-4
19780,-6
19781,-6
19782,-4
19783,-8
19784,-8
19785,-4
19786,-4
19787,8
19788,-4
19789,4
19790,-4
19791,4
19792,-4
19793,0
19794,6
19795,-4
19796,-4
19797,6
19798,0
19799,-4
19800,-4
19801,6
19802,-4
19803,2
19804,0
19805,-4
19806,0
19807,-4
19808,0
19809,0
19810,0
19811,-4
19812,0
19813,0
19814,0
19815,0
19816,0
19817,-24
19818,-4
19819,4
19820,0
19821,0
19822,0
19823,0
19824,0
19825,0
19826,0
19827,0
19828,16
19829,-4
19830,2
19831,0
19832,-8
19833,6
19834,6
19835,0
19836,0
19837,0
19838,4
19839,0
19840,0
19841,4
19842,0
19843,0
19844,-22
19845,4
19846,4
19847,-8
19848,0
19849,2
19850,-4
19851,0
19852,0
19853,6
19854,4
19855,-4
19856,6
19857,0
19858,2
19859,0
19860,-4
19861,0
19862,0
19863,0
19864,0
19865,0
19866,18
19867,2
19868,-4
19869,-4
19870,0
19871,0
19872,0
19873,0
19874,0
19875,-4
19876,-4
19877,-4
19878,10
19879,-4
19880,-4
19881,-4
19882,-14
19883,-4
19884,-4
19885,-4
19886,-4
19887,-4
19888,0
19889,-4
19890,-8
19891,0
19892,-6
19893,-4
19894,-4
19895,-4
19896,-6
19897,-6
19898,-4
19899,0
19900,0
19901,0
19902,-4
19903,-4
19904,-6
19905,0
19906,0
19907,-8
19908,18
19909,-4
19910,-4
19911,0
19912,0
19913,0
19914,2
19915,-14
19916,0
19917,-4
19918,0
19919,0
19920,4
19921,0
19922,0
19923,0
19924,0
19925,4
19926,0
19927,0
19928,0
19929,0
19930,0
19931,0
19932,0
19933,6
19934,2
19935,0
19936,0
19937,0
19938,-14
19939,0
19940,-4
19941,0
19942,0
19943,14
19944,0
19945,6
19946,4
19947,-4
19948,0
19949,0
19950,8
19951,0
19952,0
19953,8
19954,0
19955,0
19956,2
19957,0
19958,0
19959,0
19960,0
19961,-4
19962,0
19963,-4
19964,0
19965,0
19966,-8
19967,0
19968,-8
19969,0
19970,0
19971,0
19972,-4
19973,0
19974,-4
19975,0
19976,0
19977,-4
19978,0
19979,-4
19980,0
19981,0
19982,-4
19983,-4
19984,-4
19985,-4
19986,0
19987,-4
19988,-4
19989,0
19990,-4
19991,0
19992,-4
19993,0
19994,0
19995,-8
19996,0
19997,6
19998,0
19999,0
20000,0
20001,0
20002,-4
20003,0
20004,-4
20005,2
20006,0
20007,0
20008,0
20009,0
20010,0
20011,0
20012,0
20013,4
20014,-18
20015,0
20016,0
20017,0
20018,0
20019,2
20020,4
20021,2
20022,0
20023,2
20024,0
20025,4
20026,0
20027,2
20028,6
20029,0
20030,0
20031,6
20032,0
20033,4
20034,4
20035,4
20036,14
20037,2
20038,0
20039,0
20040,4
20041,0
20042,-8
20043,2
20044,4
20045,0
20046,0
20047,2
20048,6
20049,-10
20050,0
20051,-4
20052,4
20053,0
20054,0
20055,0
20056,-10
20057,-4
20058,0
20059,-4
20060,0
20061,-4
20062,0
20063,0
20064,0
20065,2
20066,-8
20067,4
20068,-8
20069,-4
20070,-4
20071,-4
20072,-4
20073,0
20074,-4
20075,0
20076,-4
20077,0
20078,0
20079,-4
20080,-4
20081,0
20082,0
20083,0
20084,0
20085,-4
20086,0
20087,-4
20088,-4
20089,-4
20090,-4
20091,-4
20092,-4
20093,-4
20094,-4
20095,0
20096,0
20097,-4
20098,-4
20099,6
20100,0
20101,0
20102,0
20103,-4
20104,0
20105,0
20106,-4
20107,-4
20108,4
20109,-4
20110,0
20111,0
20112,0
20113,0
20114,0
20115,-4
20116,-4
20117,0
20118,6
20119,4
20120,-4
20121,0
20122,0
20123,0
20124,-4
20125,0
20126,6
20127,-10
20128,0
20129,6
20130,10
20131,0
20132,6
20133,0
20134,0
20135,4
20136,4
20137,-8
20138,0
20139,0
20140,4
20141,0
20142,6
20143,0
20144,4
20145,0
20146,6
20147,0
20148,0
20149,0
20150,2
20151,4
20152,-4
20153,0
20154,-4
20155,0
20156,0
20157,-4
20158,10
20159,0
20160,0
20161,-12
20162,0
20163,-4
20164,0
20165,0
20166,-10
20167,-4
20168,-10
20169,-4
20170,0
20171,0
20172,-4
20173,-4
20174,18
20175,-4
20176,-4
20177,-4
20178,0
20179,-4
20180,-4
20181,0
20182,-4
20183,-4
20184,-4
20185,-4
20186,-4
20187,-4
20188,0
20189,-4
20190,-4
20191,-6
20192,-16
20193,-4
20194,0
20195,0
20196,-6
20197,-4
20198,0
20199,0
20200,-6
20201,-22
20202,-4
20203,-4
20204,0
20205,0
20206,0
20207,0
20208,0
20209,0
20210,0
20211,-14
20212,-4
20213,-4
20214,0
20215,-4
20216,6
20217,-4
20218,0
20219,0
20220,4
20221,-4
20222,0
20223,-4
20224,10
20225,0
20226,-4
20227,10
20228,0
20229,10
20230,-4
20231,-14
20232,-4
20233,2
20234,-4
20235,0
20236,4
20237,0
20238,0
20239,0
20240,-4
20241,0
20242,2
20243,0
20244,10
20245,-4
20246,0
20247,6
20248,6
20249,0
20250,-4
20251,0
20252,-4
20253,0
20254,-16
20255,0
20256,-4
20257,10
20258,4
20259,10
20260,2
20261,-4
20262,-4
20263,-4
20264,0
20265,0
20266,-4
20267,-4
20268,-4
20269,0
20270,-4
20271,-4
20272,0
20273,-4
20274,-4
20275,14
20276,-4
20277,-6
20278,0
20279,-4
20280,0
20281,4
20282,-16
20283,-4
20284,-4
20285,-4
20286,-4
20287,0
20288,-4
20289,0
20290,-4
20291,-4
20292,-4
20293,0
20294,-6
20295,6
20296,-4
20297,-8
20298,-22
20299,0
20300,0
20301,-4
20302,0
20303,0
20304,-4
20305,0
20306,-4
20307,-4
20308,0
20309,0
20310,0
20311,0
20312,0
20313,2
20314,0
20315,4
20316,0
20317,-4
20318,0
20319,0
20320,4
20321,0
20322,-4
20323,0
20324,-4
20325,0
20326,0
20327,-4
20328,0
20329,0
20330,0
20331,0
20332,6
20333,4
20334,0
20335,6
20336,2
20337,0
20338,0
20339,0
20340,0
20341,0
20342,4
20343,0
20344,0
20345,0
20346,-14
20347,-4
20348,0
20349,-4
20350,10
20351,-4
20352,-4
20353,-10
20354,0
20355,0
20356,-4
20357,0
20358,2
20359,0
20360,4
20361,0
20362,0
20363,-4
20364,0
20365,0
20366,-4
20367,0
20368,0
20369,0
20370,0
20371,0
20372,-4
20373,-4
20374,-4
20375,-4
20376,-4
20377,-4
20378,-4
20379,-4
20380,-4
20381,0
20382,-4
20383,-4
20384,-4
20385,0
20386,-4
20387,-4
20388,0
20389,-4
20390,-4
20391,-4
20392,-4
20393,-4
20394,-4
20395,0
20396,0
20397,-4
20398,0
20399,-8
20400,0
20401,0
20402,0
20403,-4
20404,0
20405,0
20406,-8
20407,-4
20408,0
20409,0
20410,0
20411,0
20412,0
20413,0
20414,-4
20415,0
20416,0
20417,0
20418,-4
20419,-22
20420,2
20421,2
20422,0
20423,0
20424,0
20425,-8
20426,0
20427,0
20428,4
20429,0
20430,2
20431,0
20432,2
20433,4
20434,4
20435,-14
20436,0
20437,-4
20438,0
20439,0
20440,0
20441,0
20442,-8
20443,0
20444,0
20445,0
20446,0
20447,0
20448,0
20449,2
20450,-4
20451,0
20452,0
20453,0
20454,0
20455,0
20456,-4
20457,0
20458,-4
20459,4
20460,-4
20461,-4
20462,-4
20463,0
20464,0
20465,0
20466,0
20467,0
20468,0
20469,0
20470,-4
20471,0
20472,0
20473,-4
20474,-4
20475,-4
20476,-4
20477,0
20478,-4
20479,0
20480,-4
20481,0
20482,-4
20483,-4
20484,-4
20485,0
20486,4
20487,-4
20488,-4
20489,-8
20490,-4
20491,-8
20492,-4
20493,0
20494,-4
20495,4
20496,-6
20497,-4
20498,0
20499,-4
20500,0
20501,0
20502,18
20503,-4
20504,-8
20505,0
20506,-4
20507,-4
20508,-4
20509,-4
20510,0
20511,-4
20512,0
20513,0
20514,4
20515,0
20516,-4
20517,0
20518,0
20519,0
20520,0
20521,0
20522,0
20523,0
20524,0
20525,14
20526,4
20527,0
20528,0
20529,0
20530,2
20531,4
20532,0
20533,2
20534,0
20535,0
20536,0
20537,0
20538,-4
20539,0
20540,4
20541,0
20542,2
20543,6
20544,14
20545,-4
20546,0
20547,6
20548,0
20549,2
20550,2
20551,0
20552,0
20553,0
20554,6
20555,2
20556,-4
20557,-16
20558,-8
20559,6
20560,0
20561,4
20562,0
20563,-4
20564,-10
20565,0
20566,0
20567,0
20568,0
20569,-4
20570,0
20571,-4
20572,-4
20573,0
20574,0
20575,-4
20576,-4
20577,0
20578,0
20579,18
20580,-4
20581,-4
20582,-4
20583,0
20584,-4
20585,-4
20586,-4
20587,-4
20588,-6
20589,4
20590,-4
20591,2
20592,-4
20593,0
20594,4
20595,0
20596,-4
20597,0
20598,0
20599,0
20600,0
20601,0
20602,-4
20603,0
20604,-4
20605,0
20606,-4
20607,-4
20608,0
20609,0
20610,0
20611,0
20612,0
20613,0
20614,0
20615,0
20616,6
20617,0
20618,0
20619,0
20620,10
20621,0
20622,2
20623,4
20624,0
20625,0
20626,0
20627,0
20628,2
20629,0
20630,0
20631,-4
20632,6
20633,4
20634,0
20635,2
20636,2
20637,0
20638,-18
20639,-4
20640,4
20641,2
20642,0
20643,-4
20644,8
20645,0
20646,0
20647,4
20648,-6
20649,0
20650,0
20651,0
20652,-8
20653,0
20654,0
20655,0
20656,0
20657,0
20658,0
20659,0
20660,4
20661,0
20662,0
20663,0
20664,0
20665,0
20666,0
20667,0
20668,0
20669,0
20670,-4
20671,0
20672,-4
20673,-6
20674,-4
20675,-4
20676,0
20677,-4
20678,-4
20679,-4
20680,-8
20681,-4
20682,0
20683,-4
20684,0
20685,0
20686,-4
20687,-4
20688,-4
20689,0
20690,-10
20691,0
20692,-4
20693,4
20694,0
20695,-4
20696,-4
20697,-4
20698,0
20699,0
20700,-4
20701,0
20702,-4
20703,0
20704,-4
20705,0
20706,-4
20707,6
20708,0
20709,0
20710,-4
20711,0
20712,0
20713,0
20714,-4
20715,0
20716,0
20717,0
20718,2
20719,0
20720,-22
20721,0
20722,4
20723,6
20724,0
20725,0
20726,2
20727,4
20728,0
20729,4
20730,0
20731,0
20732,0
20733,-4
20734,0
20735,2
20736,-4
20737,0
20738,0
20739,2
20740,4
20741,-4
20742,-4
20743,-4
20744,0
20745,0
20746,2
20747,-6
20748,-6
20749,-4
20750,-4
20751,0
20752,-4
20753,0
20754,0
20755,0
20756,2
20757,-4
20758,0
20759,0
20760,0
20761,0
20762,0
20763,-4
20764,0
20765,0
20766,0
20767,-4
20768,0
20769,-6
20770,-4
20771,0
20772,-4
20773,0
20774,0
20775,0
20776,0
20777,0
20778,-4
20779,-8
20780,-4
20781,-4
20782,-8
20783,-4
20784,0
20785,0
20786,6
20787,0
20788,-4
20789,-4
20790,-4
20791,-16
20792,-4
20793,-4
20794,10
20795,-4
20796,-4
20797,4
20798,-4
20799,0
20800,0
20801,6
20802,0
20803,-4
20804,0
20805,0
20806,-4
20807,-16
20808,2
20809,-4
20810,0
20811,0
20812,0
20813,18
20814,0
20815,4
20816,0
20817,0
20818,0
20819,0
20820,0
20821,0
20822,0
20823,-6
20824,0
20825,0
20826,0
20827,-6
20828,0
20829,0
20830,0
20831,2
20832,-4
20833,6
20834,4
20835,4
20836,2
20837,10
20838,0
20839,10
20840,0
20841,0
20842,0
20843,-4
20844,0
20845,-4
20846,0
20847,0
20848,-4
20849,0
20850,2
20851,0
20852,0
20853,4
20854,0
20855,4
20856,0
20857,-4
20858,6
20859,8
20860,0
20861,0
20862,-4
20863,4
20864,0
20865,2
20866,-4
20867,0
20868,0
20869,-4
20870,0
20871,-4
20872,-4
20873,0
20874,-4
20875,-4
20876,-4
20877,-4
20878,0
20879,0
20880,-4
20881,2
20882,-4
20883,-4
20884,-4
20885,0
20886,-4
20887,0
20888,-4
20889,0
20890,-4
20891,-4
20892,0
20893,-4
20894,0
20895,-22
20896,-4
20897,-4
20898,0
20899,-4
20900,0
20901,0
20902,20
20903,0
20904,-4
20905,0
20906,6
20907,-4
20908,0
20909,0
20910,-8
20911,0
20912,14
20913,2
20914,-4
20915,0
20916,-4
20917,-4
20918,0
20919,-22
20920,0
20921,-4
20922,-4
20923,0
20924,6
20925,0
20926,0
20927,8
20928,-4
20929,0
20930,0
20931,0
20932,0
20933,0
20934,0
20935,2
20936,0
20937,0
20938,4
20939,0
20940,10
20941,0
20942,2
20943,-4
20944,0
20945,2
20946,4
20947,4
20948,2
20949,-4
20950,0
20951,-4
20952,0
20953,0
20954,-4
20955,2
20956,0
20957,0
20958,-12
20959,-10
20960,0
20961,4
20962,-4
20963,0
20964,-4
20965,0
20966,0
20967,-4
20968,0
20969,0
20970,-4
20971,0
20972,-4
20973,0
20974,-4
20975,0
20976,-4
20977,-4
20978,-4
20979,0
20980,-4
20981,4
20982,-4
20983,-4
20984,-8
20985,-4
20986,0
20987,0
20988,0
20989,0
20990,-4
20991,6
20992,-4
20993,-4
20994,-6
20995,0
20996,0
20997,-4
20998,2
20999,0
21000,2
21001,0
21002,0
21003,-4
21004,0
21005,-10
21006,0
21007,0
21008,-4
21009,0
21010,-4
21011,6
21012,0
21013,0
21014,0
21015,0
21016,0
21017,0
21018,0
21019,0
21020,0
21021,0
21022,2
21023,0
21024,0
21025,4
21026,0
21027,0
21028,-4
21029,4
21030,6
21031,2
21032,2
21033,0
21034,2
21035,0
21036,0
21037,0
21038,0
21039,0
21040,0
21041,0
21042,0
21043,0
21044,0
21045,0
21046,0
21047,0
21048,-14
21049,2
21050,0
21051,-4
21052,10
21053,-4
21054,0
21055,0
21056,0
21057,0
21058,0
21059,-4
21060,0
21061,0
21062,-4
21063,0
21064,-8
21065,-14
21066,-4
21067,0
21068,0
21069,-4
21070,0
21071,-4
21072,-4
21073,0
21074,0
21075,-4
21076,0
21077,-4
21078,-4
21079,-4
21080,-8
21081,2
21082,0
21083,0
21084,-4
21085,-4
21086,-4
21087,4
21088,-4
21089,-4
21090,-4
21091,-4
21092,0
21093,-4
21094,0
21095,-4
21096,-4
21097,-4
21098,0
21099,2
21100,0
21101,-4
21102,0
21103,6
21104,0
21105,-14
21106,-4
21107,0
21108,0
21109,-4
21110,0
21111,-4
21112,-4
21113,0
21114,0
21115,0
21116,2
21117,0
21118,-6
21119,0
21120,2
21121,-16
21122,0
21123,0
21124,-4
21125,0
21126,0
21127,-4
21128,2
21129,-4
21130,0
21131,0
21132,0
21133,0
21134,2
21135,2
21136,0
21137,-4
21138,0
21139,0
21140,0
21141,10
21142,0
21143,0
21144,-6
21145,0
21146,-4
21147,-6
21148,0
21149,0
21150,0
21151,10
21152,0
21153,4
21154,10
21155,0
21156,0
21157,-4
21158,0
21159,0
21160,4
21161,0
21162,0
21163,0
21164,0
21165,0
21166,0
21167,0
21168,0
21169,0
21170,2
21171,0
21172,-4
21173,-4
21174,0
21175,0
21176,0
21177,-4
21178,-4
21179,0
21180,-4
21181,-4
21182,0
21183,0
21184,-4
21185,2
21186,-4
21187,-4
21188,0
21189,-4
21190,-4
21191,-4
21192,-4
21193,0
21194,-4
21195,-4
21196,-4
21197,-6
21198,-4
21199,0
21200,-4
21201,-4
21202,0
21203,0
21204,6
21205,0
21206,0
21207,6
21208,4
21209,4
21210,0
21211,0
21212,16
21213,0
21214,-4
21215,0
21216,0
21217,-4
21218,0
21219,0
21220,0
21221,-4
21222,0
21223,0
21224,0
21225,0
21226,0
21227,0
21228,0
21229,-6
21230,0
21231,4
21232,-4
21233,6
21234,0
21235,8
21236,0
21237,0
21238,-8
21239,4
21240,6
21241,0
21242,0
21243,0
21244,6
21245,0
21246,10
21247,0
21248,0
21249,-4
21250,-4
21251,0
21252,0
21253,-10
21254,0
21255,-12
21256,-4
21257,0
21258,0
21259,-8
21260,-4
21261,-4
21262,-4
21263,0
21264,0
21265,0
21266,0
21267,-4
21268,0
21269,-4
21270,-4
21271,0
21272,-4
21273,0
21274,-4
21275,0
21276,-4
21277,-6
21278,0
21279,6
21280,-4
21281,0
21282,10
21283,-4
21284,-4
21285,-4
21286,0
21287,0
21288,0
21289,-4
21290,-4
21291,-4
21292,-4
21293,0
21294,-4
21295,-4
21296,0
21297,-4
21298,0
21299,-4
21300,0
21301,-6
21302,-4
21303,-4
21304,0
21305,0
21306,0
21307,-4
21308,-4
21309,-4
21310,6
21311,-4
21312,-6
21313,0
21314,0
21315,0
21316,0
21317,0
21318,-4
21319,0
21320,6
21321,0
21322,0
21323,8
21324,0
21325,0
21326,0
21327,0
21328,0
21329,-4
21330,4
21331,2
21332,0
21333,-10
21334,4
21335,6
21336,4
21337,0
21338,4
21339,4
21340,4
21341,0
21342,10
21343,0
21344,0
21345,2
21346,4
21347,2
21348,2
21349,0
21350,0
21351,-4
21352,0
21353,-14
21354,0
21355,14
21356,0
21357,0
21358,-4
21359,18
21360,-4
21361,0
21362,-4
21363,-4
21364,0
21365,0
21366,-4
21367,0
21368,0
21369,0
21370,-4
21371,-4
21372,-4
21373,-4
21374,-4
21375,-4
21376,-4
21377,-4
21378,-6
21379,-4
21380,-4
21381,0
21382,-4
21383,-4
21384,18
21385,-4
21386,-4
21387,-4
21388,-4
21389,0
21390,0
21391,-4
21392,-4
21393,-4
21394,-4
21395,0
21396,-12
21397,-4
21398,-4
21399,18
21400,-4
21401,-4
21402,-4
21403,0
21404,-4
21405,0
21406,4
21407,0
21408,-4
21409,0
21410,0
21411,-4
21412,0
21413,2
21414,0
21415,0
21416,0
21417,2
21418,0
21419,-6
21420,2
21421,2
21422,-4
21423,0
21424,0
21425,0
21426,2
21427,4
21428,4
21429,0
21430,0
21431,-4
21432,0
21433,4
21434,4
21435,0
21436,0
21437,0
21438,0
21439,-6
21440,0
21441,4
21442,0
21443,0
21444,0
21445,4
21446,-8
21447,0
21448,0
21449,0
21450,10
21451,0
21452,0
21453,-4
21454,6
21455,0
21456,0
21457,4
21458,0
21459,0
21460,0
21461,-8
21462,0
21463,0
21464,-8
21465,-4
21466,-4
21467,0
21468,0
21469,2
21470,-4
21471,-4
21472,-4
21473,0
21474,0
21475,0
21476,-4
21477,-4
21478,14
21479,-4
21480,2
21481,-4
21482,-4
21483,0
21484,-4
21485,-4
21486,0
21487,0
21488,4
21489,-4
21490,0
21491,-4
21492,0
21493,-4
21494,0
21495,10
21496,0
21497,-4
21498,8
21499,0
21500,0
21501,-8
21502,-4
21503,0
21504,0
21505,0
21506,-18
21507,0
21508,0
21509,0
21510,0
21511,-4
21512,0
21513,0
21514,0
21515,-4
21516,0
21517,0
21518,0
21519,-4
21520,0
21521,2
21522,-4
21523,-4
21524,0
21525,6
21526,2
21527,-4
21528,0
21529,0
21530,2
21531,0
21532,0
21533,0
21534,2
21535,6
21536,-10
21537,-14
21538,-4
21539,0
21540,-4
21541,4
21542,0
21543,14
21544,0
21545,2
21546,6
21547,4
21548,4
21549,0
21550,0
21551,0
21552,0
21553,0
21554,0
21555,-4
21556,0
21557,10
21558,-4
21559,0
21560,0
21561,0
21562,0
21563,0
21564,0
21565,0
21566,0
21567,0
21568,-4
21569,0
21570,-4
21571,-4
21572,0
21573,-4
21574,0
21575,0
21576,0
21577,-4
21578,-4
21579,4
21580,0
21581,0
21582,-4
21583,-4
21584,-8
21585,0
21586,0
21587,0
21588,-4
21589,4
21590,-4
21591,-6
21592,-4
21593,-4
21594,-4
21595,-4
21596,-4
21597,0
21598,-4
21599,0
21600,20
21601,4
21602,-4
21603,-4
21604,0
21605,-4
21606,0
21607,-4
21608,0
21609,6
21610,0
21611,0
21612,-8
21613,0
21614,0
21615,0
21616,6
21617,-4
21618,-4
21619,4
21620,0
21621,0
21622,-4
21623,0
21624,0
21625,2
21626,4
21627,0
21628,4
21629,0
21630,6
21631,0
21632,-8
21633,2
21634,6
21635,-14
21636,0
21637,0
21638,0
21639,0
21640,0
21641,0
21642,2
21643,10
21644,6
21645,0
21646,0
21647,-14
21648,0
21649,-4
21650,0
21651,6
21652,0
21653,-4
21654,-4
21655,-4
21656,0
21657,0
21658,0
21659,0
21660,-4
21661,-4
21662,0
21663,0
21664,0
21665,-4
21666,0
21667,-4
21668,-16
21669,-4
21670,0
21671,0
21672,-4
21673,-4
21674,-4
21675,-4
21676,-4
21677,0
21678,-4
21679,-4
21680,-4
21681,0
21682,-4
21683,0
21684,-4
21685,-8
21686,-4
21687,-4
21688,-4
21689,-4
21690,0
21691,-4
21692,-4
21693,0
21694,-4
21695,0
21696,-4
21697,-20
21698,-4
21699,0
21700,-4
21701,6
21702,0
21703,0
21704,-6
21705,-4
21706,0
21707,0
21708,-4
21709,0
21710,0
21711,0
21712,0
21713,-4
21714,0
21715,2
21716,0
21717,0
21718,-22
21719,-4
21720,0
21721,0
21722,0
21723,0
21724,6
21725,4
21726,0
21727,0
21728,0
21729,0
21730,0
21731,-4
21732,4
21733,-4
21734,2
21735,2
21736,0
21737,0
21738,0
21739,0
21740,0
21741,4
21742,2
21743,0
21744,4
21745,10
21746,0
21747,0
21748,4
21749,-4
21750,6
21751,0
21752,6
21753,0
21754,0
21755,-8
21756,0
21757,0
21758,8
21759,0
21760,8
21761,0
21762,-4
21763,0
21764,-4
21765,0
21766,0
21767,-4
21768,0
21769,-4
21770,0
21771,0
21772,-4
21773,-4
21774,0
21775,-4
21776,0
21777,0
21778,-4
21779,-10
21780,0
21781,0
21782,0
21783,6
21784,-4
21785,-4
21786,0
21787,0
21788,-4
21789,0
21790,-4
21791,0
21792,-4
21793,0
21794,0
21795,0
21796,-8
21797,-4
21798,0
21799,-8
21800,-4
21801,2
21802,0
21803,0
21804,0
21805,-6
21806,0
21807,-4
21808,8
21809,0
21810,-4
21811,0
21812,0
21813,0
21814,2
21815,0
21816,0
21817,0
21818,-4
21819,0
21820,0
21821,0
21822,0
21823,0
21824,-4
21825,4
21826,4
21827,0
21828,2
21829,10
21830,2
21831,2
21832,0
21833,-10
21834,2
21835,0
21836,4
21837,-4
21838,0
21839,0
21840,4
21841,0
21842,4
21843,10
21844,0
21845,0
21846,10
21847,4
21848,4
21849,0
21850,0
21851,-4
21852,0
21853,10
21854,0
21855,6
21856,0
21857,-4
21858,6
21859,2
21860,0
21861,-4
21862,2
21863,0
21864,-14
21865,-14
21866,-4
21867,-4
21868,0
21869,0
21870,-8
21871,0
21872,0
21873,0
21874,-32
21875,-4
21876,0
21877,0
21878,-4
21879,0
21880,-4
21881,0
21882,-4
21883,-8
21884,0
21885,-4
21886,-4
21887,-8
21888,-4
21889,-4
21890,-4
21891,-4
21892,-4
21893,-4
21894,-4
21895,2
21896,-4
21897,-4
21898,-4
21899,-4
21900,0
21901,0
21902,16
21903,0
21904,0
21905,-4
21906,-6
21907,0
21908,-4
21909,0
21910,2
21911,-4
21912,-4
21913,0
21914,0
21915,0
21916,0
21917,0
21918,-4
21919,0
21920,2
21921,0
21922,-4
21923,2
21924,10
21925,0
21926,-4
21927,0
21928,0
21929,22
21930,0
21931,0
21932,-4
21933,0
21934,-14
21935,0
21936,0
21937,0
21938,0
21939,0
21940,6
21941,0
21942,-18
21943,0
21944,0
21945,0
21946,2
21947,2
21948,0
21949,-14
21950,0
21951,6
21952,4
21953,-4
21954,0
21955,22
21956,0
21957,0
21958,10
21959,-4
21960,18
21961,2
21962,0
21963,0
21964,0
21965,0
21966,-4
21967,0
21968,0
21969,0
21970,-6
21971,0
21972,0
21973,-4
21974,0
21975,-4
21976,-4
21977,-4
21978,-4
21979,6
21980,-4
21981,-4
21982,-6
21983,-6
21984,4
21985,0
21986,0
21987,-4
21988,2
21989,-4
21990,-4
21991,0
21992,8
21993,0
21994,-4
21995,-8
21996,-4
21997,-4
21998,-6
21999,0
22000,-4
22001,0
22002,-4
22003,0
22004,-4
22005,-4
22006,0
22007,0
22008,0
22009,0
22010,-4
22011,0
22012,0
22013,0
22014,0
22015,-4
22016,0
22017,6
22018,0
22019,0
22020,4
22021,0
22022,-4
22023,0
22024,0
22025,0
22026,-4
22027,-4
22028,4
22029,2
22030,0
22031,2
22032,0
22033,-4
22034,4
22035,0
22036,0
22037,0
22038,0
22039,-4
22040,0
22041,0
22042,4
22043,-4
22044,0
22045,-14
22046,0
22047,0
22048,-4
22049,-8
22050,-4
22051,0
22052,8
22053,6
22054,0
22055,-12
22056,4
22057,0
22058,10
22059,-6
22060,-6
22061,2
22062,0
22063,0
22064,-8
22065,-8
22066,-14
22067,0
22068,-4
22069,0
22070,0
22071,0
22072,-4
22073,0
22074,-4
22075,-4
22076,-4
22077,-6
22078,-4
22079,-4
22080,6
22081,-8
22082,0
22083,0
22084,-4
22085,-4
22086,-4
22087,-4
22088,-4
22089,-4
22090,-8
22091,-4
22092,0
22093,-4
22094,-4
22095,0
22096,0
22097,-4
22098,0
22099,0
22100,0
22101,-4
22102,10
22103,-4
22104,0
22105,0
22106,0
22107,0
22108,-4
22109,-4
22110,-4
22111,0
22112,0
22113,0
22114,0
22115,0
22116,0
22117,-6
22118,-4
22119,0
22120,0
22121,8
22122,0
22123,0
22124,2
22125,0
22126,0
22127,-4
22128,0
22129,0
22130,6
22131,0
22132,4
22133,6
22134,6
22135,4
22136,2
22137,-8
22138,6
22139,0
22140,10
22141,4
22142,-4
22143,4
22144,0
22145,6
22146,-14
22147,0
22148,0
22149,10
22150,0
22151,4
22152,0
22153,22
22154,0
22155,-8
22156,6
22157,-4
22158,6
22159,0
22160,4
22161,0
22162,0
22163,0
22164,0
22165,-4
22166,-8
22167,-4
22168,-12
22169,-10
22170,-4
22171,-4
22172,-4
22173,0
22174,-4
22175,-4
22176,-4
22177,-4
22178,-4
22179,-4
22180,0
22181,0
22182,-8
22183,-4
22184,-4
22185,0
22186,-4
22187,-4
22188,-4
22189,-4
22190,0
22191,0
22192,-4
22193,-4
22194,0
22195,0
22196,0
22197,-4
22198,-6
22199,-4
22200,-4
22201,0
22202,8
22203,0
22204,-4
22205,0
22206,-4
22207,0
22208,-4
22209,0
22210,2
22211,0
22212,14
22213,-4
22214,0
22215,-4
22216,0
22217,0
22218,-4
22219,0
22220,0
22221,0
22222,0
22223,0
22224,2
22225,0
22226,0
22227,0
22228,0
22229,0
22230,10
22231,0
22232,4
22233,10
22234,0
22235,0
22236,4
22237,0
22238,0
22239,0
22240,14
22241,0
22242,0
22243,0
22244,6
22245,6
22246,2
22247,0
22248,4
22249,6
22250,4
22251,2
22252,-4
22253,0
22254,4
22255,14
22256,-4
22257,-4
22258,0
22259,0
22260,0
22261,2
22262,0
22263,22
22264,2
22265,0
22266,0
22267,0
22268,0
22269,0
22270,0
22271,-4
22272,0
22273,0
22274,-4
22275,-4
22276,0
22277,-4
22278,6
22279,-4
22280,-4
22281,-4
22282,-4
22283,0
22284,-8
22285,-4
22286,-4
22287,0
22288,0
22289,-4
22290,28
22291,0
22292,-4
22293,0
22294,-4
22295,-4
22296,2
22297,8
22298,-4
22299,-4
22300,4
22301,0
22302,0
22303,0
22304,8
22305,0
22306,-4
22307,0
22308,0
22309,0
22310,0
22311,0
22312,0
22313,0
22314,0
22315,-4
22316,0
22317,0
22318,0
22319,0
22320,4
22321,0
22322,0
22323,6
22324,2
22325,0
22326,0
22327,0
22328,0
22329,-4
22330,0
22331,4
22332,-4
22333,0
22334,-10
22335,2
22336,-4
22337,0
22338,14
22339,2
22340,0
22341,0
22342,14
22343,6
22344,6
22345,2
22346,14
22347,0
22348,2
22349,0
22350,2
22351,0
22352,0
22353,-4
22354,8
22355,0
22356,-4
22357,0
22358,0
22359,10
22360,14
22361,-4
22362,0
22363,0
22364,6
22365,0
22366,10
22367,-4
22368,0
22369,-4
22370,0
22371,-4
22372,-4
22373,-4
22374,0
22375,0
22376,2
22377,-4
22378,-4
22379,-4
22380,-4
22381,0
22382,-4
22383,0
22384,-4
22385,-4
22386,0
22387,-4
22388,-4
22389,-4
22390,-4
22391,-4
22392,4
22393,0
22394,0
22395,2
22396,0
22397,0
22398,0
22399,6
22400,-4
22401,0
22402,6
22403,2
22404,0
22405,0
22406,-4
22407,-4
22408,4
22409,-4
22410,-4
22411,0
22412,-4
22413,6
22414,2
22415,0
22416,0
22417,4
22418,0
22419,0
22420,6
22421,0
22422,-4
22423,0
22424,0
22425,6
22426,0
22427,-4
22428,-6
22429,0
22430,2
22431,0
22432,6
22433,-4
22434,0
22435,4
22436,2
22437,4
22438,0
22439,-10
22440,2
22441,0
22442,4
22443,0
22444,2
22445,6
22446,0
22447,-18
22448,0
22449,0
22450,0
22451,-4
22452,-4
22453,0
22454,-14
22455,0
22456,8
22457,0
22458,0
22459,0
22460,0
22461,0
22462,0
22463,-4
22464,-8
22465,-4
22466,24
22467,0
22468,6
22469,-4
22470,-4
22471,6
22472,0
22473,0
22474,0
22475,-4
22476,0
22477,-4
22478,0
22479,0
22480,-4
22481,24
22482,10
22483,0
22484,-4
22485,-4
22486,-4
22487,-4
22488,-4
22489,-4
22490,-4
22491,-4
22492,-4
22493,-4
22494,-4
22495,-4
22496,-4
22497,-10
22498,-4
22499,-4
22500,6
22501,0
22502,0
22503,0
22504,-4
22505,0
22506,0
22507,-4
22508,0
22509,0
22510,0
22511,0
22512,-4
22513,0
22514,0
22515,0
22516,0
22517,0
22518,0
22519,0
22520,0
22521,0
22522,0
22523,-4
22524,-4
22525,2
22526,0
22527,4
22528,0
22529,-4
22530,0
22531,-8
22532,-8
22533,0
22534,0
22535,2
22536,0
22537,4
22538,-4
22539,2
22540,0
22541,2
22542,6
22543,16
22544,2
22545,2
22546,0
22547,-14
22548,0
22549,-4
22550,-4
22551,10
22552,-4
22553,0
22554,4
22555,0
22556,0
22557,0
22558,-4
22559,-4
22560,0
22561,8
22562,2
22563,6
22564,-4
22565,0
22566,-4
22567,0
22568,0
22569,0
22570,0
22571,-4
22572,-4
22573,-4
22574,-4
22575,0
22576,0
22577,-16
22578,-4
22579,-22
22580,-4
22581,0
22582,2
22583,-8
22584,-4
22585,-22
22586,-4
22587,-4
22588,0
22589,0
22590,6
22591,-4
22592,20
22593,-4
22594,-4
22595,6
22596,-4
22597,-4
22598,-8
22599,-8
22600,-4
22601,-10
22602,-4
22603,6
22604,-6
22605,0
22606,4
22607,0
22608,-4
22609,0
22610,0
22611,0
22612,0
22613,-4
22614,4
22615,-4
22616,24
22617,0
22618,0
22619,0
22620,0
22621,-4
22622,0
22623,-4
22624,0
22625,0
22626,0
22627,-4
22628,0
22629,0
22630,0
22631,-8
22632,-10
22633,-4
22634,0
22635,4
22636,0
22637,-12
22638,-12
22639,0
22640,0
22641,6
22642,0
22643,2
22644,-4
22645,0
22646,0
22647,-4
22648,0
22649,-4
22650,2
22651,6
22652,0
22653,0
22654,4
22655,0
22656,-4
22657,-4
22658,0
22659,-4
22660,4
22661,-4
22662,0
22663,-4
22664,0
22665,0
22666,0
22667,0
22668,-4
22669,0
22670,0
22671,0
22672,0
22673,0
22674,-4
22675,-4
22676,-4
22677,-4
22678,0
22679,0
22680,-4
22681,-6
22682,-6
22683,-8
22684,-4
22685,-4
22686,-4
22687,-18
22688,8
22689,-4
22690,0
22691,-4
22692,-4
22693,-4
22694,-22
22695,-4
22696,-4
22697,-18
22698,-4
22699,0
22700,-6
22701,-4
22702,-4
22703,-10
22704,0
22705,0
22706,4
22707,0
22708,0
22709,0
22710,-4
22711,0
22712,-4
22713,0
22714,0
22715,-4
22716,0
22717,-4
22718,-4
22719,0
22720,0
22721,0
22722,0
22723,0
22724,0
22725,0
22726,0
22727,2
22728,2
22729,0
22730,0
22731,-4
22732,0
22733,-6
22734,0
22735,0
22736,0
22737,6
22738,0
22739,10
22740,0
22741,-18
22742,0
22743,6
22744,2
22745,4
22746,8
22747,10
22748,0
22749,0
22750,8
22751,0
22752,2
22753,0
22754,2
22755,-4
22756,0
22757,-6
22758,0
22759,0
22760,0
22761,-4
22762,6
22763,-4
22764,0
22765,6
22766,-10
22767,0
22768,0
22769,4
22770,-12
22771,-4
22772,-4
22773,0
22774,-4
22775,-4
22776,-4
22777,0
22778,0
22779,-4
22780,4
22781,-4
22782,-4
22783,-12
22784,-4
22785,-4
22786,-4
22787,-4
22788,-4
22789,24
22790,-4
22791,-4
22792,-4
22793,-4
22794,-4
22795,-4
22796,24
22797,-4
22798,-4
22799,4
22800,-4
22801,0
22802,-4
22803,0
22804,-4
22805,0
22806,0
22807,0
22808,10
22809,2
22810,-4
22811,0
22812,0
22813,-16
22814,0
22815,0
22816,0
22817,0
22818,0
22819,0
22820,0
22821,4
22822,-4
22823,0
22824,0
22825,-4
22826,0
22827,0
22828,4
22829,0
22830,0
22831,4
22832,0
22833,-4
22834,10
22835,2
22836,0
22837,0
22838,0
22839,0
22840,-4
22841,4
22842,0
22843,-8
22844,0
22845,0
22846,18
22847,-4
22848,0
22849,-4
22850,4
22851,0
22852,0
22853,10
22854,0
22855,0
22856,-4
22857,0
22858,0
22859,6
22860,2
22861,0
22862,0
22863,2
22864,16
22865,0
22866,4
22867,0
22868,0
22869,0
22870,0
22871,0
22872,-4
22873,0
22874,-4
22875,0
22876,-4
22877,-4
22878,0
22879,0
22880,0
22881,0
22882,-4
22883,-4
22884,0
22885,-4
22886,0
22887,-4
22888,0
22889,0
22890,-8
22891,-4
22892,-4
22893,-4
22894,-4
22895,-4
22896,-4
22897,-30
22898,2
22899,-4
22900,-4
22901,0
22902,0
22903,2
22904,6
22905,0
22906,0
22907,-4
22908,0
22909,4
22910,6
22911,0
22912,0
22913,18
22914,0
22915,-4
22916,0
22917,-4
22918,0
22919,0
22920,0
22921,0
22922,0
22923,0
22924,0
22925,4
22926,6
22927,0
22928,0
22929,0
22930,6
22931,0
22932,0
22933,4
22934,0
22935,6
22936,0
22937,0
22938,4
22939,0
22940,0
22941,0
22942,6
22943,0
22944,0
22945,14
22946,0
22947,2
22948,0
22949,2
22950,0
22951,0
22952,10
22953,6
22954,0
22955,-8
22956,0
22957,-4
22958,0
22959,0
22960,0
22961,-4
22962,10
22963,-4
22964,0
22965,6
22966,-8
22967,-4
22968,0
22969,0
22970,-4
22971,-4
22972,-4
22973,4
22974,-4
22975,0
22976,0
22977,-4
22978,0
22979,-4
22980,-4
22981,-4
22982,-4
22983,0
22984,-4
22985,0
22986,-4
22987,-4
22988,0
22989,0
22990,0
22991,0
22992,4
22993,-4
22994,0
22995,0
22996,-4
22997,-4
22998,0
22999,4
23000,0
23001,-4
23002,0
23003,0
23004,0
23005,0
23006,0
23007,0
23008,10
23009,0
23010,0
23011,0
23012,2
23013,0
23014,0
23015,0
23016,0
23017,-4
23018,0
23019,0
23020,6
23021,0
23022,4
23023,0
23024,0
23025,0
23026,0
23027,0
23028,0
23029,0
23030,-4
23031,0
23032,4
23033,0
23034,0
23035,0
23036,6
23037,-8
23038,10
23039,6
23040,0
23041,6
23042,2
23043,0
23044,6
23045,0
23046,4
23047,4
23048,24
23049,0
23050,4
23051,-4
23052,0
23053,0
23054,0
23055,10
23056,0
23057,22
23058,0
23059,-4
23060,2
23061,0
23062,-4
23063,-4
23064,-4
23065,-4
23066,0
23067,18
23068,-4
23069,2
23070,0
23071,0
23072,-4
23073,0
23074,-4
23075,0
23076,-4
23077,-4
23078,10
23079,6
23080,-4
23081,0
23082,-8
23083,-4
23084,0
23085,0
23086,0
23087,0
23088,-4
23089,0
23090,-4
23091,0
23092,0
23093,0
23094,0
23095,-4
23096,0
23097,0
23098,-4
23099,-4
23100,-4
23101,-4
23102,2
23103,-4
23104,0
23105,-14
23106,0
23107,0
23108,-4
23109,0
23110,0
23111,0
23112,-4
23113,0
23114,-4
23115,-4
23116,0
23117,0
23118,0
23119,0
23120,4
23121,0
23122,0
23123,0
23124,0
23125,0
23126,-8
23127,0
23128,14
23129,0
23130,2
23131,2
23132,8
23133,10
23134,4
23135,4
23136,6
23137,2
23138,0
23139,0
23140,4
23141,2
23142,2
23143,-14
23144,2
23145,0
23146,4
23147,0
23148,0
23149,-4
23150,0
23151,0
23152,0
23153,0
23154,0
23155,0
23156,0
23157,-4
23158,0
23159,0
23160,-4
23161,-4
23162,-4
23163,-8
23164,0
23165,0
23166,0
23167,0
23168,-4
23169,0
23170,0
23171,0
23172,-4
23173,0
23174,0
23175,-4
23176,-4
23177,-4
23178,0
23179,-4
23180,0
23181,-4
23182,0
23183,0
23184,0
23185,-4
23186,-4
23187,-4
23188,-4
23189,0
23190,-4
23191,0
23192,-4
23193,-4
23194,-4
23195,0
23196,0
23197,-4
23198,-4
23199,-4
23200,0
23201,-4
23202,-4
23203,0
23204,0
23205,4
23206,-4
23207,-14
23208,0
23209,0
23210,0
23211,0
23212,0
23213,0
23214,4
23215,0
23216,0
23217,4
23218,0
23219,-4
23220,0
23221,0
23222,4
23223,0
23224,0
23225,4
23226,0
23227,0
23228,0
23229,0
23230,4
23231,2
23232,0
23233,0
23234,0
23235,-8
23236,0
23237,0
23238,0
23239,0
23240,0
23241,-4
23242,0
23243,0
23244,-10
23245,0
23246,2
23247,4
23248,-4
23249,0
23250,0
23251,2
23252,2
23253,4
23254,4
23255,10
23256,0
23257,-4
23258,0
23259,0
23260,-4
23261,0
23262,0
23263,0
23264,0
23265,0
23266,-4
23267,-4
23268,0
23269,2
23270,-4
23271,0
23272,0
23273,0
23274,2
23275,0
23276,0
23277,0
23278,0
23279,-4
23280,0
23281,-4
23282,0
23283,0
23284,0
23285,0
23286,-4
23287,2
23288,-4
23289,-6
23290,0
23291,-4
23292,-4
23293,-4
23294,0
23295,0
23296,-18
23297,-4
23298,-4
23299,-4
23300,0
23301,0
23302,0
23303,0
23304,-4
23305,-4
23306,0
23307,-4
23308,-4
23309,0
23310,0
23311,-4
23312,0
23313,0
23314,0
23315,0
23316,0
23317,4
23318,4
23319,0
23320,0
23321,0
23322,0
23323,0
23324,-4
23325,-8
23326,0
23327,0
23328,0
23329,-4
23330,0
23331,0
23332,0
23333,0
23334,0
23335,-6
23336,0
23337,0
23338,0
23339,0
23340,2
23341,4
23342,0
23343,0
23344,-12
23345,0
23346,0
23347,4
23348,0
23349,2
23350,2
23351,8
23352,0
23353,0
23354,0
23355,2
23356,0
23357,0
23358,6
23359,0
23360,0
23361,-4
23362,-4
23363,0
23364,18
23365,-4
23366,0
23367,-10
23368,0
23369,0
23370,0
23371,0
23372,-4
23373,2
23374,0
23375,-4
23376,0
23377,-4
23378,0
23379,-4
23380,-4
23381,-4
23382,0
23383,0
23384,-4
23385,-4
23386,-4
23387,-4
23388,-4
23389,-4
23390,0
23391,-4
23392,6
23393,0
23394,-4
23395,-4
23396,-4
23397,-4
23398,16
23399,-4
23400,-6
23401,0
23402,-4
23403,2
23404,-4
23405,0
23406,0
23407,0
23408,4
23409,-4
23410,-4
23411,0
23412,-4
23413,0
23414,0
23415,0
23416,-4
23417,0
23418,0
23419,-4
23420,0
23421,6
23422,0
23423,-4
23424,0
23425,0
23426,0
23427,0
23428,0
23429,0
23430,0
23431,2
23432,0
23433,0
23434,4
23435,0
23436,0
23437,0
23438,0
23439,0
23440,0
23441,2
23442,0
23443,-4
23444,2
23445,0
23446,10
23447,-4
23448,0
23449,0
23450,4
23451,4
23452,-4
23453,6
23454,0
23455,0
23456,6
23457,0
23458,0
23459,-4
23460,2
23461,-14
23462,0
23463,0
23464,0
23465,0
23466,0
23467,0
23468,0
23469,0
23470,-4
23471,0
23472,-4
23473,0
23474,0
23475,-4
23476,-4
23477,0
23478,-4
23479,0
23480,-4
23481,-4
23482,0
23483,-4
23484,-4
23485,-4
23486,-4
23487,-4
23488,0
23489,-10
23490,-4
23491,-4
23492,0
23493,-8
23494,0
23495,-4
23496,0
23497,0
23498,-4
23499,-4
23500,0
23501,0
23502,0
23503,0
23504,-4
23505,0
23506,0
23507,0
23508,0
23509,0
23510,-4
23511,0
23512,0
23513,0
23514,-4
23515,0
23516,0
23517,0
23518,-4
23519,-4
23520,-4
23521,0
23522,0
23523,0
23524,2
23525,-4
23526,0
23527,-8
23528,0
23529,0
23530,0
23531,0
23532,0
23533,0
23534,-4
23535,0
23536,0
23537,0
23538,0
23539,0
23540,-4
23541,0
23542,0
23543,0
23544,0
23545,4
23546,2
23547,0
23548,-4
23549,-10
23550,0
23551,-4
23552,-8
23553,0
23554,-4
23555,0
23556,0
23557,0
23558,0
23559,0
23560,0
23561,18
23562,-4
23563,-4
23564,-4
23565,0
23566,-14
23567,-4
23568,0
23569,0
23570,0
23571,-4
23572,0
23573,-4
23574,-4
23575,0
23576,-4
23577,-4
23578,-4
23579,0
23580,0
23581,6
23582,-4
23583,0
23584,0
23585,-4
23586,-4
23587,-4
23588,0
23589,-4
23590,0
23591,10
23592,-4
23593,0
23594,0
23595,0
23596,6
23597,-4
23598,-4
23599,6
23600,0
23601,-4
23602,4
23603,-4
23604,0
23605,-4
23606,0
23607,-14
23608,0
23609,0
23610,0
23611,0
23612,-4
23613,0
23614,0
23615,-4
23616,0
23617,0
23618,0
23619,0
23620,0
23621,0
23622,0
23623,0
23624,0
23625,0
23626,0
23627,0
23628,0
23629,6
23630,0
23631,0
23632,0
23633,4
23634,-12
23635,0
23636,4
23637,2
23638,0
23639,0
23640,2
23641,0
23642,-4
23643,-4
23644,0
23645,0
23646,4
23647,0
23648,0
23649,6
23650,-12
23651,2
23652,-4
23653,-4
23654,10
23655,0
23656,0
23657,0
23658,0
23659,0
23660,-4
23661,0
23662,-4
23663,-4
23664,0
23665,0
23666,-4
23667,0
23668,2
23669,0
23670,0
23671,-4
23672,-4
23673,6
23674,0
23675,-4
23676,0
23677,-4
23678,-8
23679,-4
23680,-4
23681,0
23682,-4
23683,-4
23684,0
23685,-4
23686,-6
23687,-4
23688,0
23689,6
23690,0
23691,-4
23692,0
23693,-4
23694,-4
23695,0
23696,-4
23697,0
23698,0
23699,-4
23700,-4
23701,-4
23702,0
23703,0
23704,-4
23705,-6
23706,0
23707,-4
23708,0
23709,0
23710,-4
23711,0
23712,0
23713,-4
23714,-4
23715,0
23716,0
23717,0
23718,2
23719,0
23720,0
23721,0
23722,2
23723,10
23724,0
23725,0
23726,0
23727,0
23728,2
23729,0
23730,2
23731,-4
23732,0
23733,0
23734,0
23735,4
23736,2
23737,2
23738,0
23739,4
23740,0
23741,0
23742,0
23743,10
23744,4
23745,2
23746,4
23747,0
23748,0
23749,2
23750,-8
23751,0
23752,0
23753,0
23754,6
23755,2
23756,-4
23757,0
23758,0
23759,-4
23760,0
23761,0
23762,-4
23763,0
23764,-4
23765,0
23766,0
23767,0
23768,-4
23769,-4
23770,-4
23771,0
23772,-4
23773,-4
23774,0
23775,-4
23776,-8
23777,-4
23778,-4
23779,-4
23780,0
23781,0
23782,0
23783,-4
23784,-4
23785,-4
23786,-4
23787,0
23788,0
23789,0
23790,-4
23791,-4
23792,-4
23793,-4
23794,-16
23795,-4
23796,0
23797,-8
23798,-8
23799,0
23800,-4
23801,0
23802,0
23803,2
23804,0
23805,-4
23806,2
23807,-4
23808,0
23809,0
23810,2
23811,0
23812,-4
23813,0
23814,0
23815,-8
23816,0
23817,14
23818,0
23819,14
23820,0
23821,0
23822,8
23823,0
23824,0
23825,0
23826,0
23827,2
23828,0
23829,0
23830,0
23831,2
23832,2
23833,0
23834,0
23835,0
23836,0
23837,0
23838,0
23839,0
23840,14
23841,0
23842,10
23843,0
23844,4
23845,6
23846,4
23847,4
23848,-4
23849,0
23850,0
23851,-4
23852,0
23853,0
23854,-4
23855,-8
23856,0
23857,-4
23858,0
23859,-4
23860,0
23861,0
23862,0
23863,0
23864,0
23865,0
23866,-4
23867,-4
23868,0
23869,0
23870,0
23871,0
23872,-4
23873,-4
23874,0
23875,0
23876,-4
23877,0
23878,-4
23879,0
23880,-4
23881,-4
23882,0
23883,-4
23884,0
23885,-8
23886,-4
23887,-4
23888,0
23889,-4
23890,-4
23891,0
23892,0
23893,0
23894,-4
23895,0
23896,-4
23897,6
23898,-4
23899,-4
23900,-8
23901,0
23902,6
23903,0
23904,0
23905,0
23906,0
23907,0
23908,-4
23909,4
23910,0
23911,0
23912,0
23913,0
23914,0
23915,0
23916,0
23917,4
23918,6
23919,-4
23920,0
23921,0
23922,0
23923,0
23924,0
23925,2
23926,6
23927,0
23928,8
23929,2
23930,-8
23931,0
23932,2
23933,0
23934,0
23935,6
23936,6
23937,0
23938,0
23939,0
23940,4
23941,0
23942,0
23943,0
23944,10
23945,0
23946,4
23947,-4
23948,6
23949,6
23950,0
23951,4
23952,-4
23953,0
23954,8
23955,6
23956,4
23957,0
23958,4
23959,0
23960,0
23961,0
23962,-4
23963,-4
23964,-4
23965,-4
23966,2
23967,-4
23968,0
23969,0
23970,0
23971,-4
23972,0
23973,0
23974,0
23975,0
23976,-4
23977,-8
23978,4
23979,-4
23980,-4
23981,-4
23982,-4
23983,-4
23984,-4
23985,-4
23986,-6
23987,-4
23988,-4
23989,-4
23990,-4
23991,-4
23992,-4
23993,0
23994,-4
23995,-4
23996,-4
23997,0
23998,-4
23999,-4
24000,-4
24001,0
24002,-6
24003,-8
24004,0
24005,0
24006,-4
24007,0
24008,0
24009,0
24010,-4
24011,-10
24012,0
24013,0
24014,0
24015,2
24016,0
24017,0
24018,0
24019,-4
24020,0
24021,0
24022,0
24023,0
24024,4
24025,0
24026,0
24027,-4
24028,-10
24029,0
24030,-10
24031,0
24032,0
24033,0
24034,0
24035,2
24036,-6
24037,0
24038,0
24039,6
24040,0
24041,6
24042,0
24043,10
24044,0
24045,0
24046,0
24047,0
24048,0
24049,6
24050,2
24051,2
24052,0
24053,2
24054,0
24055,4
24056,6
24057,0
24058,0
24059,8
24060,0
24061,0
24062,6
24063,0
24064,4
24065,-4
24066,-4
24067,0
24068,0
24069,0
24070,0
24071,0
24072,-4
24073,-4
24074,0
24075,0
24076,-4
24077,-4
24078,-4
24079,-4
24080,4
24081,-6
24082,-4
24083,0
24084,-4
24085,-4
24086,-4
24087,-4
24088,-4
24089,-4
24090,-4
24091,-4
24092,-4
24093,-6
24094,-4
24095,-4
24096,-4
24097,0
24098,-4
24099,-4
24100,-4
24101,-4
24102,-14
24103,-4
24104,-4
24105,-8
24106,-4
24107,4
24108,0
24109,0
24110,4
24111,-4
24112,0
24113,0
24114,0
24115,0
24116,0
24117,0
24118,0
24119,-4
24120,-16
24121,0
24122,0
24123,0
24124,0
24125,0
24126,4
24127,0
24128,0
24129,0
24130,0
24131,2
24132,-8
24133,8
24134,0
24135,2
24136,2
24137,6
24138,6
24139,-6
24140,0
24141,2
24142,2
24143,0
24144,0
24145,2
24146,0
24147,0
24148,0
24149,0
24150,4
24151,0
24152,0
24153,-4
24154,2
24155,10
24156,0
24157,0
24158,0
24159,0
24160,0
24161,-4
24162,-4
24163,4
24164,-4
24165,-8
24166,0
24167,0
24168,0
24169,0
24170,0
24171,0
24172,0
24173,-4
24174,-4
24175,0
24176,0
24177,0
24178,-4
24179,0
24180,-4
24181,-4
24182,0
24183,10
24184,-4
24185,0
24186,-4
24187,-4
24188,-4
24189,8
24190,-4
24191,-4
24192,4
24193,0
24194,0
24195,-4
24196,0
24197,-4
24198,6
24199,0
24200,0
24201,-8
24202,0
24203,0
24204,0
24205,0
24206,0
24207,-4
24208,0
24209,0
24210,0
24211,0
24212,-4
24213,0
24214,0
24215,0
24216,-4
24217,0
24218,0
24219,0
24220,0
24221,0
24222,0
24223,10
24224,0
24225,0
24226,0
24227,6
24228,6
24229,0
24230,0
24231,0
24232,2
24233,0
24234,0
24235,0
24236,4
24237,20
24238,0
24239,0
24240,6
24241,0
24242,0
24243,0
24244,4
24245,0
24246,2
24247,0
24248,4
24249,0
24250,-4
24251,-4
24252,-4
24253,0
24254,-4
24255,-4
24256,0
24257,0
24258,2
24259,0
24260,0
24261,0
24262,0
24263,0
24264,0
24265,0
24266,-4
24267,-4
24268,0
24269,0
24270,0
24271,-6
24272,-4
24273,0
24274,-4
24275,0
24276,0
24277,0
24278,2
24279,0
24280,0
24281,0
24282,-4
24283,-4
24284,0
24285,-4
24286,-8
24287,-18
24288,0
24289,-4
24290,-4
24291,0
24292,-4
24293,-4
24294,-4
24295,-4
24296,0
24297,-4
24298,0
24299,-6
24300,-4
24301,0
24302,-4
24303,0
24304,-4
24305,-4
24306,-4
24307,-4
24308,-4
24309,0
24310,6
24311,-4
24312,0
24313,0
24314,0
24315,0
24316,0
24317,-4
24318,-4
24319,0
24320,-4
24321,2
24322,0
24323,0
24324,0
24325,4
24326,2
24327,0
24328,0
24329,0
24330,2
24331,-4
24332,-4
24333,0
24334,0
24335,0
24336,0
24337,0
24338,0
24339,0
24340,0
24341,10
24342,0
24343,10
24344,0
24345,6
24346,6
24347,4
24348,0
24349,6
24350,4
24351,2
24352,2
24353,6
24354,0
24355,-4
24356,6
24357,0
24358,-4
24359,0
24360,0
24361,0
24362,0
24363,0
24364,0
24365,0
24366,0
24367,-4
24368,0
24369,6
24370,0
24371,-4
24372,0
24373,-4
24374,-4
24375,-4
24376,-4
24377,-4
24378,-4
24379,-4
24380,0
24381,0
24382,-6
24383,-6
24384,-4
24385,-4
24386,-8
24387,-4
24388,-4
24389,-4
24390,-4
24391,-6
24392,-4
24393,10
24394,0
24395,-4
24396,10
24397,-4
24398,-4
24399,-4
24400,0
24401,0
24402,8
24403,0
24404,0
24405,-4
24406,-4
24407,-4
24408,0
24409,0
24410,0
24411,0
24412,0
24413,0
24414,0
24415,6
24416,0
24417,0
24418,4
24419,0
24420,0
24421,0
24422,0
24423,0
24424,-4
24425,0
24426,0
24427,0
24428,2
24429,0
24430,2
24431,0
24432,6
24433,4
24434,2
24435,4
24436,-4
24437,0
24438,-4
24439,0
24440,2
24441,0
24442,0
24443,2
24444,2
24445,0
24446,0
24447,6
24448,-4
24449,10
24450,0
24451,0
24452,0
24453,2
24454,0
24455,0
24456,0
24457,0
24458,0
24459,0
24460,-4
24461,4
24462,-14
24463,-4
24464,-8
24465,0
24466,0
24467,0
24468,0
24469,0
24470,-4
24471,0
24472,-4
24473,0
24474,0
24475,0
24476,0
24477,-4
24478,-4
24479,0
24480,0
24481,-4
24482,-6
24483,-4
24484,0
24485,0
24486,-10
24487,0
24488,0
24489,-8
24490,-4
24491,-4
24492,-8
24493,0
24494,-4
24495,-8
24496,-4
24497,-4
24498,-16
24499,0
24500,-4
24501,-8
24502,-4
24503,0
24504,6
24505,0
24506,0
24507,0
24508,0
24509,0
24510,0
24511,0
24512,-4
24513,4
24514,0
24515,0
24516,0
24517,0
24518,0
24519,0
24520,0
24521,0
24522,0
24523,0
24524,0
24525,0
24526,4
24527,0
24528,4
24529,0
24530,6
24531,2
24532,2
24533,-4
24534,6
24535,0
24536,0
24537,6
24538,0
24539,0
24540,-4
24541,2
24542,-16
24543,0
24544,6
24545,0
24546,2
24547,2
24548,0
24549,4
24550,2
24551,10
24552,0
24553,-4
24554,6
24555,0
24556,0
24557,2
24558,0
24559,0
24560,0
24561,0
24562,0
24563,2
24564,0
24565,-4
24566,0
24567,0
24568,0
24569,-4
24570,0
24571,0
24572,-4
24573,0
24574,-4
24575,0
24576,0
24577,0
24578,-4
24579,-8
24580,0
24581,-4
24582,-4
24583,2
24584,0
24585,4
24586,0
24587,0
24588,-4
24589,-4
24590,0
24591,-4
24592,-4
24593,-4
24594,-14
24595,0
24596,-4
24597,4
24598,-4
24599,0
24600,-12
24601,-4
24602,-4
24603,0
24604,0
24605,0
24606,-4
24607,-4
24608,0
24609,0
24610,0
24611,0
24612,0
24613,0
24614,-4
24615,-4
24616,0
24617,0
24618,0
24619,0
24620,0
24621,0
24622,0
24623,0
24624,2
24625,0
24626,0
24627,-4
24628,0
24629,-8
24630,8
24631,4
24632,-4
24633,6
24634,-4
24635,0
24636,4
24637,10
24638,0
24639,0
24640,0
24641,6
24642,0
24643,0
24644,0
24645,4
24646,4
24647,0
24648,0
24649,-4
24650,4
24651,0
24652,-4
24653,-8
24654,0
24655,4
24656,10
24657,0
24658,0
24659,-4
24660,-4
24661,0
24662,0
24663,0
24664,-4
24665,-4
24666,-6
24667,2
24668,0
24669,-4
24670,0
24671,-4
24672,10
24673,0
24674,0
24675,0
24676,-4
24677,2
24678,-6
24679,14
24680,-6
24681,-4
24682,0
24683,-14
24684,-4
24685,0
24686,0
24687,6
24688,-4
24689,0
24690,0
24691,-6
24692,-4
24693,-6
24694,0
24695,-4
24696,-22
24697,-4
24698,-4
24699,-4
24700,0
24701,0
24702,-6
24703,-4
24704,4
24705,-4
24706,0
24707,-4
24708,0
24709,0
24710,0
24711,-4
24712,0
24713,0
24714,0
24715,0
24716,0
24717,0
24718,0
24719,0
24720,-4
24721,0
24722,0
24723,2
24724,0
24725,0
24726,4
24727,0
24728,2
24729,0
24730,0
24731,6
24732,0
24733,0
24734,-4
24735,8
24736,2
24737,4
24738,2
24739,0
24740,0
24741,0
24742,0
24743,0
24744,0
24745,-4
24746,0
24747,0
24748,-4
24749,10
24750,4
24751,0
24752,-12
24753,-4
24754,0
24755,0
24756,0
24757,-4
24758,-4
24759,-8
24760,0
24761,0
24762,-4
24763,0
24764,0
24765,-4
24766,-14
24767,-12
24768,0
24769,-4
24770,0
24771,0
24772,-4
24773,-4
24774,-4
24775,0
24776,-4
24777,-4
24778,0
24779,0
24780,0
24781,-4
24782,-4
24783,-4
24784,-4
24785,6
24786,-4
24787,-4
24788,-4
24789,-4
24790,0
24791,-4
24792,0
24793,-4
24794,-4
24795,8
24796,0
24797,-4
24798,4
24799,0
24800,0
24801,-10
24802,0
24803,0
24804,0
24805,0
24806,-4
24807,-4
24808,-4
24809,-4
24810,-4
24811,0
24812,0
24813,0
24814,0
24815,0
24816,0
24817,0
24818,0
24819,0
24820,-4
24821,0
24822,0
24823,0
24824,0
24825,0
24826,10
24827,0
24828,4
24829,2
24830,0
24831,-4
24832,0
24833,0
24834,2
24835,0
24836,6
24837,0
24838,0
24839,6
24840,6
24841,0
24842,-8
24843,4
24844,2
24845,0
24846,2
24847,4
24848,0
24849,0
24850,0
24851,0
24852,-4
24853,0
24854,-6
24855,8
24856,0
24857,-8
24858,0
24859,0
24860,14
24861,-8
24862,-4
24863,2
24864,-4
24865,-4
24866,0
24867,-4
24868,0
24869,0
24870,-4
24871,0
24872,6
24873,4
24874,0
24875,0
24876,-4
24877,0
24878,-4
24879,0
24880,0
24881,0
24882,-4
24883,0
24884,-4
24885,0
24886,0
24887,-4
24888,0
24889,6
24890,0
24891,0
24892,-4
24893,-4
24894,-6
24895,-4
24896,-4
24897,0
24898,-4
24899,-4
24900,-4
24901,-4
24902,0
24903,-16
24904,0
24905,0
24906,-4
24907,0
24908,0
24909,-4
24910,-4
24911,0
24912,-4
24913,0
24914,0
24915,0
24916,0
24917,0
24918,0
24919,0
24920,-4
24921,0
24922,0
24923,0
24924,0
24925,0
24926,0
24927,0
24928,-8
24929,0
24930,0
24931,2
24932,0
24933,-4
24934,2
24935,0
24936,0
24937,0
24938,0
24939,0
24940,0
24941,0
24942,0
24943,0
24944,2
24945,-4
24946,2
24947,10
24948,0
24949,0
24950,6
24951,0
24952,0
24953,0
24954,-14
24955,0
24956,0
24957,0
24958,4
24959,-4
24960,2
24961,-4
24962,2
24963,0
24964,0
24965,-4
24966,0
24967,0
24968,0
24969,-4
24970,0
24971,0
24972,0
24973,-4
24974,-4
24975,-4
24976,0
24977,-4
24978,0
24979,-4
24980,0
24981,0
24982,-4
24983,-4
24984,-4
24985,-4
24986,0
24987,0
24988,0
24989,0
24990,0
24991,0
24992,0
24993,2
24994,0
24995,0
24996,0
24997,0
24998,18
24999,0
25000,-4
25001,6
25002,0
25003,0
25004,0
25005,4
25006,0
25007,-8
25008,0
25009,-4
25010,-4
25011,0
25012,6
25013,-4
25014,-6
25015,0
25016,-4
25017,0
25018,0
25019,0
25020,0
25021,0
25022,-4
25023,0
25024,2
25025,2
25026,0
25027,2
25028,-12
25029,0
25030,0
25031,4
25032,0
25033,2
25034,0
25035,4
25036,4
25037,2
25038,0
25039,8
25040,2
25041,2
25042,0
25043,10
25044,0
25045,-12
25046,0
25047,0
25048,4
25049,0
25050,6
25051,14
25052,0
25053,0
25054,0
25055,-4
25056,0
25057,4
25058,4
25059,0
25060,-4
25061,-4
25062,0
25063,0
25064,-4
25065,0
25066,-4
25067,2
25068,0
25069,0
25070,0
25071,-8
25072,0
25073,2
25074,-4
25075,-8
25076,0
25077,-4
25078,-4
25079,-4
25080,-4
25081,-4
25082,0
25083,0
25084,-4
25085,-4
25086,0
25087,-4
25088,0
25089,-4
25090,-4
25091,-4
25092,-4
25093,0
25094,-4
25095,-4
25096,-4
25097,-8
25098,-4
25099,-4
25100,-6
25101,-4
25102,-4
25103,8
25104,0
25105,0
25106,-4
25107,0
25108,0
25109,-4
25110,-4
25111,0
25112,0
25113,0
25114,0
25115,0
25116,0
25117,0
25118,-4
25119,0
25120,0
25121,2
25122,0
25123,0
25124,0
25125,0
25126,0
25127,0
25128,-4
25129,0
25130,0
25131,-4
25132,6
25133,0
25134,6
25135,14
25136,0
25137,4
25138,0
25139,0
25140,0
25141,2
25142,0
25143,0
25144,0
25145,0
25146,2
25147,10
25148,0
25149,2
25150,-4
25151,0
25152,0
25153,-8
25154,4
25155,0
25156,-4
25157,-14
25158,0
25159,8
25160,0
25161,0
25162,4
25163,0
25164,0
25165,-4
25166,0
25167,0
25168,0
25169,-4
25170,4
25171,0
25172,-4
25173,-10
25174,0
25175,0
25176,0
25177,0
25178,0
25179,0
25180,0
25181,-4
25182,-4
25183,-4
25184,-6
25185,0
25186,0
25187,-4
25188,-4
25189,-6
25190,-4
25191,-6
25192,-4
25193,-4
25194,-16
25195,-4
25196,-10
25197,-4
25198,-4
25199,-8
25200,-4
25201,-4
25202,0
25203,0
25204,0
25205,-4
25206,-4
25207,0
25208,-8
25209,0
25210,6
25211,-4
25212,0
25213,0
25214,0
25215,0
25216,-4
25217,0
25218,0
25219,0
25220,2
25221,0
25222,0
25223,-4
25224,4
25225,0
25226,0
25227,0
25228,0
25229,0
25230,2
25231,4
25232,2
25233,0
25234,0
25235,2
25236,0
25237,4
25238,6
25239,0
25240,0
25241,8
25242,10
25243,2
25244,0
25245,0
25246,10
25247,0
25248,2
25249,-14
25250,6
25251,0
25252,0
25253,-4
25254,0
25255,-4
25256,6
25257,0
25258,0
25259,-4
25260,0
25261,0
25262,10
25263,-8
25264,4
25265,0
25266,-4
25267,0
25268,4
25269,0
25270,0
25271,0
25272,-4
25273,8
25274,-4
25275,-4
25276,0
25277,-4
25278,0
25279,0
25280,-4
25281,0
25282,0
25283,-4
25284,-4
25285,0
25286,-4
25287,-4
25288,0
25289,0
25290,-4
25291,-14
25292,0
25293,-4
25294,0
25295,-4
25296,-4
25297,-4
25298,-4
25299,0
25300,-4
25301,4
25302,-4
25303,0
25304,-4
25305,0
25306,0
25307,-4
25308,0
25309,0
25310,0
25311,6
25312,0
25313,0
25314,0
25315,2
25316,2
25317,0
25318,0
25319,0
25320,0
25321,18
25322,-4
25323,0
25324,-22
25325,0
25326,0
25327,0
25328,2
25329,2
25330,2
25331,6
25332,4
25333,2
25334,0
25335,0
25336,0
25337,2
25338,0
25339,6
25340,4
25341,0
25342,2
25343,2
25344,0
25345,-6
25346,0
25347,0
25348,10
25349,0
25350,0
25351,-10
25352,0
25353,6
25354,0
25355,10
25356,2
25357,-4
25358,-10
25359,0
25360,-6
25361,0
25362,0
25363,0
25364,0
25365,0
25366,0
25367,-4
25368,0
25369,6
25370,0
25371,0
25372,0
25373,2
25374,-4
25375,0
25376,0
25377,-4
25378,-4
25379,0
25380,-4
25381,-4
25382,-6
25383,-4
25384,-8
25385,-4
25386,-4
25387,-4
25388,10
25389,-6
25390,-4
25391,-4
25392,0
25393,-8
25394,0
25395,0
25396,-4
25397,6
25398,0
25399,-4
25400,0
25401,-4
25402,0
25403,-8
25404,-4
25405,-4
25406,-4
25407,-4
25408,0
25409,-6
25410,0
25411,0
25412,4
25413,-4
25414,0
25415,-4
25416,0
25417,0
25418,0
25419,0
25420,0
25421,0
25422,0
25423,-4
25424,-4
25425,0
25426,10
25427,4
25428,0
25429,4
25430,2
25431,6
25432,0
25433,0
25434,2
25435,0
25436,0
25437,2
25438,2
25439,0
25440,0
25441,0
25442,0
25443,0
25444,4
25445,0
25446,0
25447,0
25448,6
25449,0
25450,10
25451,0
25452,0
25453,2
25454,2
25455,0
25456,0
25457,6
25458,0
25459,0
25460,0
25461,-14
25462,-4
25463,0
25464,0
25465,0
25466,2
25467,0
25468,0
25469,-4
25470,-4
25471,0
25472,0
25473,0
25474,-4
25475,-4
25476,0
25477,-4
25478,-4
25479,0
25480,-4
25481,0
25482,-4
25483,-4
25484,-4
25485,0
25486,-4
25487,0
25488,-4
25489,0
25490,0
25491,0
25492,-4
25493,0
25494,-8
25495,-4
25496,-4
25497,-4
25498,0
25499,-4
25500,-4
25501,-4
25502,0
25503,0
25504,0
25505,-4
25506,0
25507,0
25508,-4
25509,0
25510,-4
25511,0
25512,0
25513,0
25514,-4
25515,0
25516,0
25517,0
25518,0
25519,4
25520,0
25521,0
25522,-16
25523,-8
25524,0
25525,0
25526,18
25527,0
25528,0
25529,0
25530,0
25531,8
25532,0
25533,6
25534,0
25535,0
25536,6
25537,0
25538,-4
25539,2
25540,0
25541,-4
25542,0
25543,0
25544,10
25545,0
25546,-12
25547,0
25548,0
25549,0
25550,6
25551,0
25552,-4
25553,0
25554,4
25555,0
25556,4
25557,0
25558,0
25559,0
25560,0
25561,0
25562,8
25563,0
25564,2
25565,-8
25566,0
25567,10
25568,2
25569,0
25570,0
25571,8
25572,0
25573,0
25574,-4
25575,0
25576,0
25577,-4
25578,-4
25579,-4
25580,-4
25581,-4
25582,0
25583,-4
25584,-4
25585,0
25586,-4
25587,0
25588,-4
25589,-4
25590,-4
25591,-4
25592,0
25593,-4
25594,-4
25595,-4
25596,-4
25597,0
25598,4
25599,-4
25600,-4
25601,0
25602,-4
25603,-4
25604,-4
25605,0
25606,2
25607,4
25608,-4
25609,-4
25610,-4
25611,2
25612,-4
25613,-4
25614,0
25615,0
25616,0
25617,0
25618,0
25619,-4
25620,0
25621,0
25622,2
25623,-4
25624,0
25625,0
25626,0
25627,0
25628,0
25629,0
25630,0
25631,2
25632,0
25633,0
25634,0
25635,-4
25636,-4
25637,0
25638,2
25639,2
25640,4
25641,0
25642,0
25643,-4
25644,0
25645,0
25646,0
25647,0
25648,10
25649,0
25650,0
25651,0
25652,4
25653,0
25654,-4
25655,-8
25656,0
25657,0
25658,-8
25659,0
25660,10
25661,0
25662,0
25663,0
25664,0
25665,0
25666,0
25667,0
25668,-4
25669,0
25670,0
25671,2
25672,0
25673,0
25674,0
25675,0
25676,-4
25677,-4
25678,-4
25679,-4
25680,-4
25681,-4
25682,0
25683,-4
25684,0
25685,6
25686,-4
25687,-4
25688,-4
25689,-8
25690,-8
25691,0
25692,-4
25693,0
25694,-4
25695,14
25696,0
25697,-4
25698,0
25699,-4
25700,-4
25701,-4
25702,0
25703,6
25704,-4
25705,-4
25706,6
25707,0
25708,0
25709,0
25710,0
25711,0
25712,-4
25713,0
25714,0
25715,0
25716,0
25717,0
25718,0
25719,0
25720,0
25721,0
25722,0
25723,0
25724,2
25725,0
25726,0
25727,0
25728,0
25729,0
25730,0
25731,0
25732,2
25733,0
25734,0
25735,4
25736,0
25737,0
25738,-8
25739,4
25740,-4
25741,0
25742,-4
25743,0
25744,0
25745,4
25746,2
25747,6
25748,0
25749,0
25750,0
25751,4
25752,0
25753,0
25754,0
25755,-4
25756,-4
25757,10
25758,0
25759,4
25760,0
25761,0
25762,0
25763,0
25764,2
25765,0
25766,-8
25767,0
25768,-4
25769,-6
25770,-8
25771,0
25772,0
25773,0
25774,6
25775,0
25776,0
25777,-4
25778,-4
25779,-4
25780,0
25781,0
25782,-4
25783,-4
25784,-4
25785,-4
25786,-4
25787,-4
25788,-4
25789,-4
25790,-4
25791,-4
25792,0
25793,-4
25794,4
25795,0
25796,-8
25797,-4
25798,0
25799,0
25800,0
25801,-4
25802,-4
25803,0
25804,-4
25805,-4
25806,0
25807,0
25808,0
25809,-4
25810,0
25811,0
25812,-4
25813,-8
25814,4
25815,-4
25816,0
25817,2
25818,0
25819,0
25820,2
25821,0
25822,0
25823,0
25824,-4
25825,2
25826,0
25827,0
25828,0
25829,0
25830,0
25831,0
25832,0
25833,-4
25834,0
25835,0
25836,2
25837,6
25838,2
25839,8
25840,0
25841,4
25842,4
25843,0
25844,2
25845,2
25846,10
25847,0
25848,0
25849,6
25850,0
25851,0
25852,4
25853,2
25854,0
25855,0
25856,14
25857,2
25858,0
25859,10
25860,0
25861,0
25862,-4
25863,0
25864,0
25865,2
25866,0
25867,-4
25868,0
25869,0
25870,0
25871,0
25872,0
25873,6
25874,0
25875,-4
25876,0
25877,-4
25878,-4
25879,-4
25880,-4
25881,-4
25882,-4
25883,-4
25884,-4
25885,-4
25886,0
25887,4
25888,-4
25889,-4
25890,0
25891,-4
25892,0
25893,-4
25894,0
25895,-4
25896,-4
25897,0
25898,0
25899,-4
25900,0
25901,-4
25902,-4
25903,0
25904,-8
25905,0
25906,0
25907,2
25908,0
25909,-4
25910,0
25911,0
25912,0
25913,0
25914,0
25915,-4
25916,-6
25917,0
25918,0
25919,0
25920,-4
25921,0
25922,0
25923,0
25924,0
25925,0
25926,0
25927,0
25928,2
25929,0
25930,6
25931,0
25932,0
25933,0
25934,0
25935,4
25936,0
25937,0
25938,0
25939,4
25940,4
25941,2
25942,8
25943,0
25944,0
25945,4
25946,-4
25947,0
25948,4
25949,-4
25950,0
25951,0
25952,6
25953,0
25954,0
25955,0
25956,-4
25957,0
25958,4
25959,0
25960,2
25961,0
25962,0
25963,6
25964,-4
25965,10
25966,-4
25967,-4
25968,-4
25969,0
25970,-4
25971,0
25972,0
25973,4
25974,0
25975,-4
25976,0
25977,0
25978,0
25979,-4
25980,-4
25981,-4
25982,-4
25983,0
25984,-4
25985,-4
25986,-4
25987,0
25988,0
25989,-4
25990,0
25991,0
25992,14
25993,-4
25994,-4
25995,-4
25996,-4
25997,0
25998,-4
25999,-4
26000,-4
26001,0
26002,0
26003,0
26004,-4
26005,0
26006,0
26007,10
26008,0
26009,-4
26010,0
26011,0
26012,-4
26013,-4
26014,-4
26015,2
26016,-14
26017,0
26018,-4
26019,2
26020,0
26021,0
26022,-4
26023,0
26024,-4
26025,4
26026,-4
26027,0
26028,0
26029,0
26030,4
26031,0
26032,-10
26033,-4
26034,0
26035,0
26036,-8
26037,0
26038,0
26039,2
26040,0
26041,0
26042,0
26043,10
26044,2
26045,0
26046,0
26047,-14
26048,0
26049,6
26050,4
26051,-4
26052,-4
26053,0
26054,-8
26055,0
26056,0
26057,-4
26058,2
26059,0
26060,0
26061,0
26062,0
26063,0
26064,0
26065,0
26066,-4
26067,0
26068,-4
26069,-4
26070,0
26071,0
26072,-4
26073,0
26074,0
26075,-4
26076,0
26077,4
26078,-4
26079,0
26080,-4
26081,-4
26082,0
26083,-4
26084,0
26085,0
26086,0
26087,-4
26088,-4
26089,-4
26090,0
26091,-4
26092,0
26093,6
26094,-4
26095,-4
26096,0
26097,0
26098,-4
26099,-8
26100,0
26101,0
26102,-4
26103,0
26104,-4
26105,4
26106,0
26107,0
26108,0
26109,0
26110,-4
26111,-4
26112,0
26113,0
26114,0
26115,0
26116,-4
26117,0
26118,0
26119,0
26120,0
26121,-4
26122,2
26123,0
26124,18
26125,0
26126,0
26127,0
26128,0
26129,0
26130,-4
26131,0
26132,4
26133,-6
26134,4
26135,-8
26136,0
26137,14
26138,6
26139,2
26140,0
26141,0
26142,0
26143,0
26144,10
26145,0
26146,10
26147,0
26148,0
26149,-4
26150,0
26151,0
26152,-4
26153,4
26154,0
26155,0
26156,8
26157,0
26158,0
26159,-12
26160,0
26161,0
26162,-4
26163,0
26164,0
26165,-4
26166,-4
26167,0
26168,-4
26169,0
26170,-4
26171,14
26172,0
26173,0
26174,-4
26175,0
26176,0
26177,0
26178,-4
26179,0
26180,0
26181,-4
26182,0
26183,-20
26184,-4
26185,18
26186,-4
26187,14
26188,-4
26189,0
26190,-4
26191,-4
26192,0
26193,-4
26194,-8
26195,0
26196,-20
26197,-4
26198,-6
26199,0
26200,-4
26201,-4
26202,-4
26203,-4
26204,0
26205,6
26206,0
26207,-4
26208,-4
26209,0
26210,6
26211,0
26212,0
26213,-14
26214,0
26215,-4
26216,0
26217,0
26218,0
26219,0
26220,0
26221,0
26222,-6
26223,-4
26224,4
26225,0
26226,0
26227,0
26228,0
26229,-4
26230,0
26231,0
26232,0
26233,0
26234,6
26235,0
26236,0
26237,0
26238,10
26239,4
26240,6
26241,0
26242,-4
26243,0
26244,0
26245,0
26246,2
26247,2
26248,10
26249,0
26250,0
26251,-4
26252,0
26253,0
26254,-4
26255,-6
26256,-4
26257,0
26258,10
26259,0
26260,-4
26261,0
26262,0
26263,-4
26264,2
26265,4
26266,0
26267,0
26268,0
26269,-4
26270,6
26271,-4
26272,0
26273,0
26274,0
26275,0
26276,0
26277,0
26278,0
26279,-16
26280,-4
26281,-4
26282,0
26283,0
26284,6
26285,0
26286,-4
26287,0
26288,0
26289,-4
26290,-4
26291,-4
26292,0
26293,-4
26294,-4
26295,6
26296,-4
26297,-4
26298,-4
26299,-4
26300,-6
26301,0
26302,-4
26303,-4
26304,-4
26305,-4
26306,4
26307,-10
26308,-4
26309,-4
26310,-4
26311,4
26312,0
26313,0
26314,-4
26315,0
26316,0
26317,0
26318,0
26319,-4
26320,0
26321,0
26322,0
26323,0
26324,0
26325,0
26326,0
26327,0
26328,0
26329,-4
26330,2
26331,-4
26332,0
26333,-4
26334,-8
26335,0
26336,0
26337,0
26338,0
26339,6
26340,0
26341,2
26342,4
26343,10
26344,4
26345,10
26346,0
26347,-8
26348,4
26349,-4
26350,0
26351,0
26352,0
26353,2
26354,-10
26355,2
26356,2
26357,0
26358,0
26359,0
26360,10
26361,0
26362,0
26363,-4
26364,6
26365,-4
26366,0
26367,0
26368,0
26369,-4
26370,0
26371,0
26372,0
26373,0
26374,0
26375,0
26376,0
26377,-4
26378,0
26379,0
26380,0
26381,2
26382,-4
26383,0
26384,-4
26385,-4
26386,-4
26387,0
26388,-4
26389,10
26390,-4
26391,6
26392,0
26393,6
26394,-4
26395,-4
26396,-4
26397,0
26398,0
26399,-4
26400,-4
26401,-4
26402,6
26403,-4
26404,0
26405,-4
26406,6
26407,-4
26408,0
26409,-4
26410,-4
26411,0
26412,0
26413,-4
26414,0
26415,0
26416,-8
26417,0
26418,0
26419,0
26420,0
26421,-4
26422,0
26423,0
26424,0
26425,0
26426,0
26427,0
26428,0
26429,0
26430,2
26431,2
26432,0
26433,0
26434,0
26435,0
26436,0
26437,0
26438,-4
26439,0
26440,0
26441,0
26442,0
26443,0
26444,0
26445,0
26446,0
26447,0
26448,0
26449,2
26450,0
26451,0
26452,0
26453,6
26454,0
26455,0
26456,0
26457,-4
26458,-4
26459,0
26460,0
26461,0
26462,0
26463,0
26464,0
26465,0
26466,0
26467,6
26468,0
26469,0
26470,0
26471,0
26472,2
26473,0
26474,0
26475,0
26476,-4
26477,-4
26478,0
26479,10
26480,0
26481,8
26482,-4
26483,-4
26484,-4
26485,0
26486,-4
26487,0
26488,0
26489,-4
26490,-4
26491,-4
26492,0
26493,-4
26494,8
26495,-4
26496,-4
26497,0
26498,-6
26499,-4
26500,0
26501,0
26502,0
26503,-4
26504,-4
26505,0
26506,-4
26507,-4
26508,0
26509,0
26510,0
26511,0
26512,0
26513,2
26514,0
26515,0
26516,0
26517,-4
26518,0
26519,-4
26520,0
26521,0
26522,0
26523,-4
26524,0
26525,-4
26526,0
26527,18
26528,0
26529,0
26530,2
26531,0
26532,0
26533,0
26534,0
26535,2
26536,2
26537,-4
26538,2
26539,0
26540,0
26541,2
26542,2
26543,0
26544,0
26545,2
26546,2
26547,2
26548,-8
26549,0
26550,0
26551,4
26552,0
26553,0
26554,0
26555,-4
26556,0
26557,6
26558,8
26559,0
26560,0
26561,2
26562,-6
26563,0
26564,0
26565,2
26566,-4
26567,0
26568,-12
26569,-4
26570,0
26571,0
26572,-4
26573,0
26574,-4
26575,-4
26576,-4
26577,0
26578,-4
26579,-4
26580,0
26581,-4
26582,-4
26583,-4
26584,-4
26585,0
26586,4
26587,0
26588,-4
26589,-4
26590,-4
26591,-4
26592,-4
26593,0
26594,-4
26595,-4
26596,-4
26597,4
26598,0
26599,-4
26600,4
26601,-4
26602,0
26603,6
26604,-4
26605,-4
26606,-4
26607,0
26608,-4
26609,-4
26610,0
26611,-4
26612,0
26613,0
26614,-4
26615,-4
26616,0
26617,-4
26618,4
26619,0
26620,0
26621,0
26622,0
26623,0
26624,0
26625,4
26626,0
26627,2
26628,-4
26629,4
26630,0
26631,0
26632,0
26633,0
26634,0
26635,-4
26636,0
26637,0
26638,0
26639,0
26640,0
26641,0
26642,0
26643,4
26644,4
26645,-14
26646,2
26647,0
26648,2
26649,2
26650,0
26651,-20
26652,4
26653,4
26654,-6
26655,-4
26656,-4
26657,-4
26658,-4
26659,0
26660,10
26661,0
26662,0
26663,-4
26664,-4
26665,0
26666,-14
26667,0
26668,0
26669,-4
26670,-4
26671,0
26672,0
26673,-4
26674,-4
26675,0
26676,-4
26677,0
26678,0
26679,-4
26680,-4
26681,-4
26682,-4
26683,-4
26684,-4
26685,0
26686,-4
26687,-4
26688,4
26689,0
26690,-4
26691,-4
26692,0
26693,-4
26694,-4
26695,0
26696,0
26697,-4
26698,-4
26699,0
26700,-4
26701,-4
26702,-4
26703,-4
26704,-4
26705,-4
26706,0
26707,-4
26708,-4
26709,0
26710,0
26711,0
26712,0
26713,0
26714,-4
26715,0
26716,0
26717,0
26718,14
26719,0
26720,0
26721,0
26722,0
26723,0
26724,-4
26725,0
26726,-4
26727,6
26728,0
26729,0
26730,0
26731,4
26732,4
26733,-6
26734,0
26735,0
26736,2
26737,6
26738,4
26739,-8
26740,4
26741,-6
26742,4
26743,0
26744,0
26745,0
26746,0
26747,0
26748,0
26749,2
26750,0
26751,2
26752,0
26753,10
26754,0
26755,0
26756,0
26757,0
26758,-4
26759,0
26760,0
26761,-4
26762,-4
26763,0
26764,-4
26765,-4
26766,0
26767,0
26768,-4
26769,2
26770,-4
26771,0
26772,0
26773,-4
26774,6
26775,-4
26776,0
26777,-4
26778,-4
26779,-4
26780,0
26781,0
26782,-4
26783,-4
26784,0
26785,-4
26786,-4
26787,-4
26788,0
26789,-6
26790,-4
26791,-8
26792,4
26793,-4
26794,4
26795,0
26796,-4
26797,-4
26798,-4
26799,-8
26800,-4
26801,0
26802,-22
26803,-6
26804,-4
26805,-4
26806,-4
26807,0
26808,-4
26809,0
26810,0
26811,0
26812,-8
26813,0
26814,0
26815,0
26816,0
26817,0
26818,-4
26819,0
26820,0
26821,0
26822,-14
26823,0
26824,0
26825,-4
26826,4
26827,0
26828,0
26829,2
26830,0
26831,2
26832,6
26833,-6
26834,6
26835,0
26836,0
26837,0
26838,0
26839,6
26840,4
26841,2
26842,4
26843,0
26844,-14
26845,6
26846,2
26847,0
26848,6
26849,0
26850,2
26851,0
26852,-4
26853,0
26854,0
26855,-6
26856,0
26857,0
26858,0
26859,0
26860,0
26861,0
26862,-4
26863,0
26864,0
26865,0
26866,0
26867,0
26868,0
26869,0
26870,0
26871,0
26872,-4
26873,0
26874,0
26875,-4
26876,0
26877,-4
26878,-4
26879,0
26880,-4
26881,0
26882,0
26883,-4
26884,0
26885,-4
26886,-4
26887,-4
26888,-4
26889,-4
26890,-4
26891,-4
26892,0
26893,-4
26894,-4
26895,-4
26896,-4
26897,-4
26898,0
26899,0
26900,-4
26901,0
26902,0
26903,0
26904,-4
26905,-4
26906,0
26907,8
26908,0
26909,-4
26910,-4
26911,-4
26912,0
26913,0
26914,-4
26915,0
26916,0
26917,0
26918,-4
26919,0
26920,10
26921,4
26922,0
26923,8
26924,-4
26925,0
26926,-8
26927,-6
26928,0
26929,0
26930,0
26931,0
26932,6
26933,0
26934,8
26935,0
26936,0
26937,4
26938,0
26939,0
26940,18
26941,0
26942,4
26943,4
26944,0
26945,6
26946,2
26947,-4
26948,0
26949,0
26950,2
26951,10
26952,0
26953,0
26954,-8
26955,0
26956,-4
26957,-4
26958,-20
26959,0
26960,0
26961,0
26962,0
26963,-4
26964,0
26965,0
26966,-4
26967,-4
26968,0
26969,0
26970,0
26971,0
26972,0
26973,-4
26974,0
26975,0
26976,0
26977,0
26978,0
26979,-4
26980,-4
26981,0
26982,-18
26983,-4
26984,-4
26985,-4
26986,0
26987,-4
26988,-4
26989,0
26990,-10
26991,-4
26992,0
26993,-4
26994,0
26995,-16
26996,-4
26997,4
26998,-4
26999,-4
27000,-4
27001,-4
27002,0
27003,0
27004,-4
27005,-4
27006,0
27007,0
27008,0
27009,-18
27010,-4
27011,-4
27012,0
27013,0
27014,-4
27015,0
27016,0
27017,0
27018,0
27019,2
27020,0
27021,0
27022,0
27023,0
27024,0
27025,0
27026,0
27027,0
27028,0
27029,0
27030,4
27031,2
27032,6
27033,0
27034,2
27035,0
27036,6
27037,2
27038,0
27039,6
27040,4
27041,4
27042,0
27043,4
27044,0
27045,0
27046,0
27047,0
27048,0
27049,0
27050,14
27051,4
27052,4
27053,-4
27054,4
27055,-4
27056,2
27057,0
27058,0
27059,2
27060,0
27061,0
27062,4
27063,0
27064,10
27065,-4
27066,0
27067,0
27068,2
27069,0
27070,0
27071,0
27072,2
27073,0
27074,0
27075,0
27076,0
27077,-4
27078,0
27079,-4
27080,0
27081,-4
27082,-4
27083,-4
27084,-4
27085,-4
27086,-4
27087,-4
27088,0
27089,-4
27090,-4
27091,-4
27092,6
27093,-4
27094,-4
27095,-4
27096,0
27097,-4
27098,0
27099,-4
27100,-4
27101,0
27102,-24
27103,-4
27104,-4
27105,-14
27106,-4
27107,0
27108,0
27109,-4
27110,2
27111,-4
27112,-12
27113,0
27114,0
27115,0
27116,0
27117,-4
27118,0
27119,0
27120,0
27121,0
27122,0
27123,0
27124,-4
27125,0
27126,0
27127,0
27128,0
27129,0
27130,4
27131,0
27132,0
27133,0
27134,0
27135,2
27136,0
27137,0
27138,-4
27139,0
27140,0
27141,0
27142,4
27143,0
27144,-4
27145,0
27146,-10
27147,0
27148,2
27149,18
27150,0
27151,0
27152,-4
27153,-4
27154,0
27155,2
27156,0
27157,-4
27158,0
27159,10
27160,0
27161,-8
27162,0
27163,0
27164,0
27165,0
27166,0
27167,0
27168,0
27169,8
27170,-4
27171,-4
27172,4
27173,0
27174,0
27175,0
27176,-4
27177,0
27178,0
27179,-4
27180,0
27181,-4
27182,0
27183,0
27184,-8
27185,-4
27186,-4
27187,-4
27188,0
27189,0
27190,-4
27191,0
27192,0
27193,-4
27194,14
27195,0
27196,0
27197,-4
27198,6
27199,-4
27200,-4
27201,8
27202,-4
27203,-4
27204,-4
27205,-4
27206,-4
27207,18
27208,-4
27209,0
27210,-4
27211,-4
27212,0
27213,0
27214,0
27215,-4
27216,-4
27217,0
27218,0
27219,2
27220,-4
27221,0
27222,-8
27223,0
27224,-4
27225,2
27226,0
27227,2
27228,0
27229,0
27230,4
27231,0
27232,2
27233,0
27234,0
27235,0
27236,0
27237,0
27238,0
27239,-14
27240,2
27241,4
27242,0
27243,0
27244,0
27245,-4
27246,0
27247,0
27248,8
27249,0
27250,-4
27251,-14
27252,0
27253,4
27254,6
27255,-4
27256,0
27257,4
27258,-4
27259,2
27260,0
27261,0
27262,-4
27263,0
27264,0
27265,0
27266,0
27267,0
27268,-4
27269,-4
27270,14
27271,-4
27272,0
27273,-4
27274,0
27275,-8
27276,-4
27277,0
27278,-4
27279,-4
27280,-4
27281,-4
27282,-4
27283,0
27284,0
27285,-16
27286,-4
27287,-4
27288,-4
27289,-8
27290,-4
27291,0
27292,0
27293,-4
27294,-4
27295,-4
27296,-4
27297,0
27298,-4
27299,-4
27300,-16
27301,-4
27302,0
27303,-6
27304,0
27305,-4
27306,-8
27307,0
27308,0
27309,0
27310,-4
27311,-4
27312,-4
27313,0
27314,0
27315,-4
27316,0
27317,2
27318,0
27319,4
27320,0
27321,-4
27322,2
27323,0
27324,0
27325,0
27326,0
27327,0
27328,4
27329,0
27330,0
27331,-4
27332,0
27333,0
27334,2
27335,0
27336,0
27337,4
27338,0
27339,0
27340,6
27341,4
27342,0
27343,-4
27344,6
27345,10
27346,0
27347,-16
27348,0
27349,-4
27350,-4
27351,0
27352,0
27353,14
27354,0
27355,-4
27356,6
27357,0
27358,-4
27359,0
27360,0
27361,0
27362,0
27363,-4
27364,-4
27365,0
27366,0
27367,-4
27368,-4
27369,0
27370,0
27371,0
27372,0
27373,-10
27374,0
27375,0
27376,0
27377,-4
27378,-4
27379,-4
27380,-4
27381,-4
27382,-4
27383,-4
27384,-4
27385,-4
27386,-4
27387,-4
27388,0
27389,0
27390,-4
27391,0
27392,-4
27393,0
27394,-4
27395,-4
27396,0
27397,-4
27398,0
27399,10
27400,-4
27401,-4
27402,-4
27403,-4
27404,-4
27405,-14
27406,-4
27407,0
27408,0
27409,0
27410,-4
27411,-4
27412,0
27413,0
27414,-4
27415,0
27416,0
27417,-4
27418,0
27419,-4
27420,10
27421,0
27422,0
27423,0
27424,0
27425,0
27426,0
27427,0
27428,0
27429,0
27430,0
27431,2
27432,0
27433,0
27434,0
27435,0
27436,2
27437,0
27438,0
27439,0
27440,4
27441,0
27442,14
27443,10
27444,0
27445,0
27446,-4
27447,2
27448,0
27449,10
27450,4
27451,0
27452,-4
27453,2
27454,0
27455,2
27456,6
27457,0
27458,0
27459,-10
27460,-4
27461,0
27462,0
27463,0
27464,6
27465,0
27466,-8
27467,0
27468,0
27469,-4
27470,-4
27471,-4
27472,0
27473,4
27474,4
27475,0
27476,0
27477,0
27478,-4
27479,-4
27480,0
27481,-4
27482,0
27483,-4
27484,-4
27485,-4
27486,0
27487,-4
27488,0
27489,-4
27490,-4
27491,-4
27492,-8
27493,-4
27494,0
27495,0
27496,0
27497,-4
27498,-4
27499,0
27500,-4
27501,0
27502,0
27503,-4
27504,0
27505,0
27506,0
27507,-6
27508,2
27509,0
27510,-8
27511,0
27512,6
27513,0
27514,0
27515,0
27516,0
27517,0
27518,2
27519,0
27520,0
27521,-4
27522,0
27523,0
27524,0
27525,0
27526,0
27527,0
27528,4
27529,0
27530,-4
27531,0
27532,0
27533,10
27534,6
27535,0
27536,0
27537,10
27538,4
27539,2
27540,4
27541,0
27542,0
27543,0
27544,-14
27545,0
27546,0
27547,0
27548,6
27549,0
27550,0
27551,-8
27552,0
27553,4
27554,6
27555,0
27556,0
27557,4
27558,-4
27559,-4
27560,2
27561,0
27562,-8
27563,-4
27564,0
27565,0
27566,0
27567,0
27568,0
27569,-6
27570,0
27571,4
27572,-4
27573,0
27574,0
27575,0
27576,2
27577,-4
27578,-4
27579,0
27580,-4
27581,-30
27582,-4
27583,0
27584,0
27585,-4
27586,-4
27587,-4
27588,-4
27589,-4
27590,0
27591,0
27592,0
27593,-4
27594,0
27595,0
27596,0
27597,-4
27598,-4
27599,-4
27600,-20
27601,0
27602,0
27603,-18
27604,-4
27605,-4
27606,4
27607,-4
27608,0
27609,0
27610,-4
27611,6
27612,0
27613,0
27614,0
27615,6
27616,0
27617,0
27618,-14
27619,-4
27620,0
27621,0
27622,0
27623,0
27624,10
27625,0
27626,2
27627,0
27628,0
27629,0
27630,6
27631,0
27632,0
27633,0
27634,0
27635,0
27636,0
27637,4
27638,2
27639,6
27640,6
27641,0
27642,2
27643,0
27644,0
27645,0
27646,0
27647,-6
27648,0
27649,0
27650,6
27651,6
27652,0
27653,10
27654,0
27655,-4
27656,-4
27657,-4
27658,-4
27659,-4
27660,0
27661,0
27662,0
27663,-4
27664,0
27665,2
27666,0
27667,10
27668,0
27669,0
27670,0
27671,6
27672,-4
27673,0
27674,0
27675,0
27676,-14
27677,0
27678,0
27679,0
27680,0
27681,-4
27682,-4
27683,-4
27684,0
27685,-4
27686,0
27687,0
27688,-8
27689,0
27690,-4
27691,0
27692,0
27693,-4
27694,0
27695,-4
27696,-4
27697,0
27698,-4
27699,-4
27700,-4
27701,-4
27702,4
27703,-4
27704,0
27705,0
27706,0
27707,0
27708,0
27709,-4
27710,0
27711,-4
27712,-4
27713,0
27714,-4
27715,-4
27716,-4
27717,-4
27718,0
27719,0
27720,0
27721,0
27722,0
27723,0
27724,-6
27725,0
27726,0
27727,0
27728,0
27729,0
27730,4
27731,0
27732,0
27733,0
27734,0
27735,-8
27736,0
27737,0
27738,0
27739,0
27740,0
27741,0
27742,0
27743,0
27744,0
27745,0
27746,4
27747,0
27748,6
27749,10
27750,2
27751,0
27752,-10
27753,4
27754,0
27755,8
27756,0
27757,4
27758,0
27759,10
27760,0
27761,0
27762,4
27763,-4
27764,8
27765,0
27766,-4
27767,0
27768,-4
27769,0
27770,0
27771,2
27772,0
27773,0
27774,0
27775,2
27776,-4
27777,0
27778,-4
27779,0
27780,-14
27781,-4
27782,0
27783,-4
27784,0
27785,0
27786,-4
27787,0
27788,-4
27789,-4
27790,0
27791,-4
27792,-4
27793,4
27794,-4
27795,-4
27796,10
27797,-4
27798,-4
27799,0
27800,0
27801,0
27802,-4
27803,-4
27804,-4
27805,0
27806,-4
27807,0
27808,0
27809,0
27810,2
27811,0
27812,-14
27813,0
27814,-4
27815,-4
27816,0
27817,2
27818,0
27819,-4
27820,0
27821,0
27822,0
27823,-4
27824,-4
27825,-4
27826,0
27827,0
27828,0
27829,0
27830,10
27831,4
27832,4
27833,0
27834,0
27835,-4
27836,0
27837,0
27838,0
27839,-4
27840,4
27841,2
27842,4
27843,0
27844,8
27845,0
27846,0
27847,0
27848,6
27849,0
27850,0
27851,-12
27852,2
27853,2
27854,2
27855,0
27856,0
27857,2
27858,0
27859,0
27860,0
27861,0
27862,0
27863,0
27864,0
27865,0
27866,0
27867,0
27868,0
27869,0
27870,0
27871,-4
27872,0
27873,-4
27874,0
27875,0
27876,2
27877,0
27878,-4
27879,-4
27880,-4
27881,-4
27882,-4
27883,0
27884,-4
27885,-4
27886,-4
27887,-4
27888,0
27889,-4
27890,0
27891,-4
27892,0
27893,0
27894,-4
27895,-4
27896,-4
27897,-6
27898,0
27899,0
27900,-8
27901,-4
27902,0
27903,6
27904,0
27905,0
27906,0
27907,0
27908,0
27909,0
27910,-4
27911,0
27912,-4
27913,0
27914,-4
27915,0
27916,0
27917,0
27918,0
27919,-4
27920,4
27921,-4
27922,6
27923,0
27924,0
27925,2
27926,2
27927,0
27928,0
27929,0
27930,4
27931,0
27932,-4
27933,0
27934,4
27935,0
27936,0
27937,2
27938,0
27939,0
27940,6
27941,0
27942,0
27943,0
27944,0
27945,14
27946,4
27947,8
27948,2
27949,0
27950,-14
27951,0
27952,0
27953,10
27954,0
27955,4
27956,0
27957,-4
27958,0
27959,0
27960,-16
27961,-4
27962,0
27963,-4
27964,-4
27965,0
27966,0
27967,0
27968,0
27969,0
27970,-4
27971,0
27972,0
27973,6
27974,0
27975,0
27976,0
27977,0
27978,0
27979,0
27980,-4
27981,0
27982,-4
27983,0
27984,0
27985,-4
27986,-4
27987,-4
27988,0
27989,-4
27990,0
27991,0
27992,-4
27993,0
27994,-4
27995,6
27996,-4
27997,-4
27998,-4
27999,-4
28000,0
28001,0
28002,-4
28003,0
28004,-4
28005,4
28006,-4
28007,-4
28008,0
28009,-4
28010,-4
28011,-4
28012,2
28013,0
28014,6
28015,-6
28016,8
28017,0
28018,0
28019,0
28020,0
28021,0
28022,0
28023,0
28024,0
28025,0
28026,0
28027,0
28028,0
28029,0
28030,14
28031,0
28032,0
28033,0
28034,-4
28035,0
28036,4
28037,6
28038,-4
28039,-4
28040,0
28041,2
28042,6
28043,0
28044,4
28045,0
28046,4
28047,0
28048,2
28049,-4
28050,0
28051,0
28052,0
28053,0
28054,0
28055,0
28056,0
28057,-4
28058,0
28059,0
28060,-4
28061,0
28062,2
28063,4
28064,-4
28065,0
28066,0
28067,0
28068,0
28069,0
28070,-4
28071,0
28072,-4
28073,4
28074,0
28075,0
28076,0
28077,-4
28078,-4
28079,-4
28080,2
28081,0
28082,-4
28083,-4
28084,-4
28085,-4
28086,0
28087,2
28088,0
28089,-4
28090,-4
28091,-4
28092,-4
28093,-4
28094,0
28095,-4
28096,0
28097,0
28098,0
28099,0
28100,-4
28101,4
28102,0
28103,-4
28104,-4
28105,0
28106,-4
28107,0
28108,0
28109,0
28110,-4
28111,0
28112,-4
28113,0
28114,-4
28115,0
28116,0
28117,0
28118,-8
28119,0
28120,0
28121,0
28122,0
28123,-4
28124,0
28125,-4
28126,2
28127,0
28128,0
28129,0
28130,0
28131,2
28132,0
28133,0
28134,0
28135,0
28136,6
28137,-4
28138,2
28139,6
28140,-4
28141,0
28142,4
28143,4
28144,0
28145,0
28146,0
28147,0
28148,14
28149,2
28150,0
28151,6
28152,4
28153,0
28154,-8
28155,2
28156,0
28157,0
28158,-6
28159,0
28160,0
28161,0
28162,0
28163,0
28164,0
28165,-4
28166,0
28167,0
28168,-4
28169,-4
28170,0
28171,0
28172,-4
28173,0
28174,0
28175,0
28176,0
28177,0
28178,-4
28179,-4
28180,0
28181,-4
28182,-4
28183,-4
28184,-4
28185,-4
28186,-4
28187,-4
28188,-4
28189,-16
28190,-4
28191,-4
28192,0
28193,-4
28194,0
28195,-4
28196,-4
28197,0
28198,-4
28199,-4
28200,0
28201,-4
28202,0
28203,0
28204,-4
28205,0
28206,-4
28207,2
28208,0
28209,0
28210,0
28211,-4
28212,0
28213,10
28214,-4
28215,0
28216,0
28217,0
28218,0
28219,8
28220,0
28221,0
28222,0
28223,-4
28224,0
28225,-4
28226,0
28227,0
28228,0
28229,0
28230,4
28231,0
28232,0
28233,2
28234,6
28235,0
28236,0
28237,0
28238,0
28239,0
28240,4
28241,2
28242,0
28243,2
28244,0
28245,6
28246,4
28247,-4
28248,4
28249,4
28250,6
28251,0
28252,2
28253,-4
28254,2
28255,0
28256,0
28257,-4
28258,0
28259,0
28260,0
28261,0
28262,-4
28263,-4
28264,0
28265,0
28266,0
28267,-4
28268,4
28269,0
28270,0
28271,0
28272,-4
28273,0
28274,2
28275,0
28276,-4
28277,0
28278,-4
28279,-4
28280,-4
28281,0
28282,-4
28283,0
28284,-4
28285,-4
28286,0
28287,-4
28288,0
28289,0
28290,10
28291,-4
28292,0
28293,0
28294,0
28295,0
28296,-4
28297,-14
28298,-4
28299,-8
28300,0
28301,-4
28302,0
28303,-4
28304,0
28305,-4
28306,0
28307,0
28308,0
28309,6
28310,0
28311,-4
28312,0
28313,0
28314,-4
28315,-4
28316,0
28317,6
28318,0
28319,-4
28320,0
28321,0
28322,0
28323,0
28324,0
28325,0
28326,0
28327,0
28328,0
28329,0
28330,0
28331,0
28332,0
28333,0
28334,0
28335,0
28336,0
28337,0
28338,0
28339,0
28340,0
28341,6
28342,0
28343,0
28344,0
28345,0
28346,0
28347,0
28348,0
28349,-8
28350,0
28351,0
28352,-12
28353,0
28354,0
28355,-4
28356,4
28357,2
28358,-4
28359,-10
28360,0
28361,-4
28362,0
28363,10
28364,4
28365,0
28366,0
28367,4
28368,0
28369,-4
28370,0
28371,0
28372,0
28373,0
28374,0
28375,0
28376,-4
28377,-4
28378,0
28379,0
28380,-4
28381,-4
28382,-4
28383,-4
28384,0
28385,0
28386,0
28387,0
28388,0
28389,-4
28390,0
28391,-4
28392,-4
28393,-4
28394,-4
28395,-4
28396,-4
28397,-4
28398,-6
28399,-4
28400,-4
28401,6
28402,-4
28403,-4
28404,-4
28405,0
28406,-4
28407,-4
28408,0
28409,0
28410,2
28411,0
28412,-4
28413,0
28414,0
28415,0
28416,0
28417,-4
28418,0
28419,0
28420,0
28421,0
28422,2
28423,0
28424,-4
28425,0
28426,4
28427,2
28428,0
28429,0
28430,0
28431,0
28432,4
28433,0
28434,0
28435,-4
28436,0
28437,4
28438,0
28439,0
28440,0
28441,6
28442,0
28443,-4
28444,0
28445,0
28446,0
28447,0
28448,8
28449,2
28450,2
28451,14
28452,0
28453,0
28454,-4
28455,0
28456,0
28457,-4
28458,4
28459,0
28460,0
28461,0
28462,0
28463,0
28464,-14
28465,-4
28466,-4
28467,0
28468,0
28469,8
28470,0
28471,0
28472,0
28473,0
28474,2
28475,0
28476,0
28477,0
28478,0
28479,-4
28480,-4
28481,-4
28482,0
28483,0
28484,-4
28485,0
28486,-4
28487,-4
28488,-4
28489,-8
28490,-4
28491,0
28492,0
28493,0
28494,0
28495,0
28496,0
28497,-4
28498,-4
28499,-4
28500,-4
28501,-4
28502,-4
28503,2
28504,2
28505,-4
28506,2
28507,-4
28508,-4
28509,4
28510,-4
28511,0
28512,0
28513,-4
28514,-4
28515,0
28516,0
28517,0
28518,0
28519,2
28520,0
28521,0
28522,-4
28523,0
28524,0
28525,-4
28526,0
28527,2
28528,0
28529,0
28530,4
28531,2
28532,2
28533,0
28534,0
28535,0
28536,0
28537,18
28538,-4
28539,0
28540,2
28541,2
28542,0
28543,0
28544,-4
28545,0
28546,0
28547,6
28548,0
28549,0
28550,-12
28551,0
28552,6
28553,0
28554,-4
28555,0
28556,-4
28557,-8
28558,0
28559,0
28560,-8
28561,0
28562,6
28563,0
28564,0
28565,0
28566,0
28567,0
28568,0
28569,0
28570,6
28571,0
28572,-4
28573,-4
28574,0
28575,0
28576,-4
28577,-4
28578,-4
28579,-4
28580,-4
28581,-4
28582,-4
28583,0
28584,-4
28585,0
28586,0
28587,14
28588,10
28589,-4
28590,-4
28591,-4
28592,0
28593,-6
28594,-4
28595,-6
28596,-4
28597,-8
28598,0
28599,-6
28600,-4
28601,0
28602,4
28603,-4
28604,-4
28605,-4
28606,0
28607,-4
28608,2
28609,-4
28610,0
28611,-4
28612,0
28613,-10
28614,0
28615,-4
28616,0
28617,0
28618,-4
28619,0
28620,0
28621,0
28622,0
28623,0
28624,0
28625,2
28626,0
28627,-16
28628,0
28629,0
28630,0
28631,0
28632,0
28633,0
28634,4
28635,0
28636,0
28637,2
28638,0
28639,-4
28640,-10
28641,2
28642,-14
28643,0
28644,4
28645,-16
28646,2
28647,2
28648,0
28649,-4
28650,0
28651,0
28652,0
28653,0
28654,2
28655,8
28656,0
28657,0
28658,0
28659,2
28660,0
28661,0
28662,-4
28663,0
28664,0
28665,0
28666,0
28667,2
28668,-8
28669,-4
28670,0
28671,-10
28672,4
28673,0
28674,6
28675,0
28676,-10
28677,0
28678,-4
28679,0
28680,-4
28681,-4
28682,0
28683,-4
28684,0
28685,-4
28686,-4
28687,-8
28688,0
28689,-4
28690,-6
28691,-4
28692,2
28693,-4
28694,-4
28695,-4
28696,-4
28697,-4
28698,-4
28699,-4
28700,-4
28701,0
28702,-4
28703,-4
28704,-8
28705,-4
28706,0
28707,2
28708,0
28709,0
28710,4
28711,0
28712,0
28713,0
28714,0
28715,0
28716,-14
28717,0
28718,0
28719,0
28720,0
28721,2
28722,0
28723,10
28724,0
28725,-4
28726,0
28727,0
28728,0
28729,0
28730,0
28731,0
28732,0
28733,0
28734,0
28735,0
28736,0
28737,4
28738,0
28739,0
28740,4
28741,0
28742,0
28743,0
28744,-4
28745,2
28746,-8
28747,0
28748,-8
28749,0
28750,-4
28751,2
28752,0
28753,0
28754,4
28755,2
28756,0
28757,-4
28758,10
28759,0
28760,0
28761,6
28762,0
28763,0
28764,-4
28765,2
28766,0
28767,0
28768,0
28769,0
28770,0
28771,0
28772,0
28773,-4
28774,6
28775,2
28776,0
28777,0
28778,0
28779,-4
28780,-4
28781,-4
28782,-4
28783,-4
28784,0
28785,-4
28786,0
28787,-4
28788,-4
28789,-4
28790,-4
28791,-6
28792,-4
28793,0
28794,-4
28795,0
28796,0
28797,0
28798,0
28799,-4
28800,-6
28801,0
28802,0
28803,6
28804,0
28805,0
28806,6
28807,0
28808,0
28809,-4
28810,0
28811,0
28812,0
28813,0
28814,0
28815,0
28816,0
28817,0
28818,-4
28819,-4
28820,0
28821,-4
28822,-4
28823,0
28824,0
28825,-4
28826,0
28827,0
28828,0
28829,0
28830,2
28831,0
28832,4
28833,0
28834,2
28835,0
28836,6
28837,2
28838,0
28839,0
28840,0
28841,0
28842,0
28843,0
28844,6
28845,2
28846,2
28847,0
28848,0
28849,0
28850,-8
28851,2
28852,4
28853,0
28854,2
28855,0
28856,0
28857,6
28858,0
28859,-4
28860,0
28861,0
28862,2
28863,0
28864,0
28865,0
28866,4
28867,-4
28868,0
28869,-4
28870,-4
28871,0
28872,0
28873,0
28874,0
28875,-4
28876,-4
28877,-4
28878,0
28879,0
28880,0
28881,-4
28882,-4
28883,0
28884,-4
28885,-4
28886,-4
28887,-4
28888,0
28889,0
28890,0
28891,0
28892,-4
28893,0
28894,16
28895,-4
28896,-4
28897,0
28898,-4
28899,-6
28900,-4
28901,0
28902,0
28903,-4
28904,0
28905,-4
28906,0
28907,-4
28908,0
28909,0
28910,4
28911,0
28912,0
28913,0
28914,2
28915,-4
28916,0
28917,-4
28918,0
28919,-4
28920,0
28921,0
28922,-4
28923,0
28924,-4
28925,-4
28926,-4
28927,0
28928,0
28929,0
28930,2
28931,0
28932,0
28933,4
28934,0
28935,8
28936,0
28937,0
28938,0
28939,2
28940,0
28941,0
28942,4
28943,2
28944,0
28945,14
28946,0
28947,2
28948,0
28949,0
28950,0
28951,0
28952,-4
28953,0
28954,0
28955,-4
28956,6
28957,0
28958,6
28959,0
28960,0
28961,0
28962,0
28963,0
28964,-4
28965,0
28966,0
28967,0
28968,0
28969,-4
28970,0
28971,0
28972,0
28973,-4
28974,-4
28975,0
28976,-4
28977,2
28978,-4
28979,0
28980,0
28981,0
28982,-8
28983,0
28984,0
28985,-4
28986,0
28987,-4
28988,0
28989,0
28990,-4
28991,-4
28992,-4
28993,-4
28994,0
28995,0
28996,0
28997,0
28998,-4
28999,-4
29000,-4
29001,-4
29002,-4
29003,-4
29004,-6
29005,-4
29006,-4
29007,0
29008,18
29009,-4
29010,0
29011,0
29012,0
29013,0
29014,0
29015,0
29016,0
29017,-4
29018,0
29019,0
29020,0
29021,0
29022,0
29023,0
29024,0
29025,0
29026,6
29027,4
29028,0
29029,0
29030,0
29031,0
29032,4
29033,0
29034,6
29035,4
29036,2
29037,-4
29038,-4
29039,2
29040,-4
29041,4
29042,-4
29043,0
29044,4
29045,0
29046,6
29047,0
29048,6
29049,0
29050,4
29051,-4
29052,6
29053,0
29054,2
29055,10
29056,0
29057,0
29058,-10
29059,0
29060,0
29061,-10
29062,0
29063,-18
29064,0
29065,0
29066,0
29067,-4
29068,-4
29069,-4
29070,-10
29071,-4
29072,0
29073,-4
29074,0
29075,0
29076,0
29077,-4
29078,-4
29079,0
29080,-4
29081,-4
29082,2
29083,0
29084,-4
29085,-14
29086,-4
29087,20
29088,-4
29089,-16
29090,-4
29091,-4
29092,0
29093,0
29094,-4
29095,0
29096,18
29097,-4
29098,-4
29099,0
29100,-8
29101,-4
29102,0
29103,6
29104,-4
29105,0
29106,-4
29107,-4
29108,-4
29109,-4
29110,-16
29111,2
29112,2
29113,-4
29114,0
29115,0
29116,0
29117,0
29118,0
29119,0
29120,0
29121,0
29122,-4
29123,0
29124,-4
29125,0
29126,10
29127,0
29128,0
29129,0
29130,2
29131,0
29132,-4
29133,0
29134,0
29135,0
29136,0
29137,0
29138,0
29139,0
29140,-8
29141,2
29142,0
29143,2
29144,0
29145,0
29146,2
29147,0
29148,2
29149,0
29150,4
29151,0
29152,4
29153,-4
29154,0
29155,0
29156,0
29157,0
29158,0
29159,0
29160,4
29161,0
29162,0
29163,0
29164,-8
29165,0
29166,-4
29167,2
29168,-4
29169,0
29170,2
29171,-8
29172,-6
29173,0
29174,0
29175,0
29176,0
29177,-8
29178,-4
29179,0
29180,-4
29181,4
29182,0
29183,-4
29184,0
29185,0
29186,-4
29187,0
29188,-4
29189,-4
29190,10
29191,-4
29192,-4
29193,-4
29194,-4
29195,-4
29196,-4
29197,0
29198,-4
29199,0
29200,0
29201,0
29202,0
29203,0
29204,-8
29205,0
29206,-4
29207,0
29208,0
29209,0
29210,-4
29211,2
29212,0
29213,-6
29214,0
29215,0
29216,-4
29217,0
29218,-4
29219,0
29220,4
29221,0
29222,0
29223,-4
29224,-4
29225,2
29226,0
29227,0
29228,0
29229,0
29230,0
29231,0
29232,0
29233,0
29234,0
29235,0
29236,6
29237,0
29238,0
29239,0
29240,0
29241,-12
29242,0
29243,4
29244,6
29245,2
29246,0
29247,10
29248,0
29249,0
29250,4
29251,0
29252,0
29253,-4
29254,-4
29255,2
29256,0
29257,4
29258,0
29259,-4
29260,0
29261,0
29262,-6
29263,0
29264,-4
29265,0
29266,0
29267,-8
29268,-4
29269,0
29270,0
29271,0
29272,-4
29273,0
29274,0
29275,-4
29276,0
29277,-4
29278,0
29279,-4
29280,0
29281,-4
29282,-4
29283,0
29284,-4
29285,0
29286,20
29287,0
29288,0
29289,0
29290,0
29291,-14
29292,-4
29293,-4
29294,0
29295,4
29296,-4
29297,-4
29298,-4
29299,-4
29300,0
29301,2
29302,-4
29303,-4
29304,2
29305,-4
29306,2
29307,-6
29308,0
29309,0
29310,2
29311,0
29312,0
29313,-4
29314,0
29315,-4
29316,0
29317,-4
29318,0
29319,0
29320,0
29321,0
29322,0
29323,0
29324,0
29325,-4
29326,0
29327,0
29328,4
29329,-16
29330,0
29331,0
29332,0
29333,0
29334,0
29335,0
29336,0
29337,2
29338,0
29339,0
29340,0
29341,0
29342,-4
29343,0
29344,0
29345,0
29346,0
29347,0
29348,0
29349,0
29350,-4
29351,-4
29352,2
29353,0
29354,0
29355,-20
29356,0
29357,0
29358,6
29359,0
29360,0
29361,2
29362,0
29363,-8
29364,0
29365,0
29366,0
29367,0
29368,0
29369,-4
29370,0
29371,0
29372,0
29373,0
29374,-4
29375,-4
29376,-4
29377,0
29378,0
29379,0
29380,0
29381,-34
29382,0
29383,-16
29384,0
29385,-4
29386,-4
29387,-4
29388,0
29389,0
29390,-4
29391,-4
29392,0
29393,-4
29394,-4
29395,-4
29396,6
29397,-4
29398,-16
29399,-4
29400,-4
29401,-4
29402,0
29403,0
29404,-6
29405,0
29406,0
29407,0
29408,0
29409,-4
29410,-10
29411,-4
29412,4
29413,0
29414,0
29415,6
29416,-4
29417,-4
29418,0
29419,0
29420,0
29421,0
29422,0
29423,0
29424,0
29425,4
29426,2
29427,4
29428,-4
29429,0
29430,-4
29431,18
29432,0
29433,2
29434,0
29435,0
29436,4
29437,0
29438,0
29439,6
29440,0
29441,0
29442,18
29443,0
29444,0
29445,2
29446,2
29447,0
29448,0
29449,0
29450,-4
29451,4
29452,2
29453,2
29454,8
29455,0
29456,0
29457,6
29458,0
29459,-4
29460,0
29461,0
29462,-4
29463,0
29464,4
29465,0
29466,-4
29467,0
29468,0
29469,0
29470,6
29471,0
29472,-4
29473,0
29474,-4
29475,0
29476,-4
29477,0
29478,-4
29479,-4
29480,-4
29481,-4
29482,0
29483,-4
29484,0
29485,-4
29486,-4
29487,0
29488,-8
29489,-4
29490,-4
29491,-4
29492,-4
29493,-4
29494,0
29495,0
29496,-4
29497,-4
29498,-4
29499,-4
29500,0
29501,0
29502,4
29503,0
29504,-4
29505,0
29506,0
29507,-4
29508,0
29509,-4
29510,0
29511,4
29512,0
29513,6
29514,0
29515,0
29516,0
29517,2
29518,0
29519,0
29520,4
29521,0
29522,0
29523,0
29524,-4
29525,0
29526,0
29527,6
29528,0
29529,0
29530,0
29531,0
29532,0
29533,0
29534,0
29535,0
29536,2
29537,6
29538,0
29539,0
29540,10
29541,0
29542,0
29543,0
29544,0
29545,0
29546,0
29547,10
29548,-4
29549,0
29550,0
29551,0
29552,0
29553,0
29554,-4
29555,2
29556,6
29557,0
29558,2
29559,0
29560,2
29561,0
29562,0
29563,0
29564,-4
29565,-8
29566,-4
29567,-4
29568,0
29569,0
29570,-4
29571,-8
29572,-4
29573,0
29574,0
29575,-6
29576,-4
29577,-4
29578,0
29579,-4
29580,0
29581,-4
29582,-4
29583,-4
29584,-4
29585,0
29586,0
29587,-16
29588,2
29589,-4
29590,-4
29591,0
29592,-4
29593,-4
29594,-6
29595,-4
29596,-4
29597,0
29598,-4
29599,-4
29600,-4
29601,-4
29602,-4
29603,0
29604,-8
29605,-4
29606,-4
29607,-4
29608,2
29609,-4
29610,0
29611,10
29612,0
29613,-4
29614,0
29615,0
29616,0
29617,0
29618,0
29619,4
29620,0
29621,0
29622,0
29623,0
29624,0
29625,-4
29626,0
29627,4
29628,0
29629,-4
29630,2
29631,0
29632,4
29633,0
29634,0
29635,2
29636,4
29637,0
29638,0
29639,0
29640,0
29641,8
29642,0
29643,-10
29644,-4
29645,-4
29646,2
29647,0
29648,6
29649,0
29650,0
29651,0
29652,0
29653,0
29654,0
29655,10
29656,6
29657,0
29658,0
29659,0
29660,0
29661,0
29662,0
29663,2
29664,0
29665,0
29666,0
29667,0
29668,0
29669,-4
29670,0
29671,0
29672,6
29673,-4
29674,-4
29675,0
29676,0
29677,0
29678,-4
29679,0
29680,0
29681,0
29682,0
29683,0
29684,0
29685,-6
29686,-4
29687,-4
29688,-4
29689,0
29690,-4
29691,0
29692,-4
29693,2
29694,-4
29695,-4
29696,-4
29697,-4
29698,-4
29699,-4
29700,0
29701,-4
29702,0
29703,0
29704,-4
29705,0
29706,-4
29707,-4
29708,0
29709,0
29710,-4
29711,0
29712,-4
29713,0
29714,0
29715,-4
29716,0
29717,-4
29718,10
29719,0
29720,0
29721,0
29722,0
29723,0
29724,0
29725,-4
29726,0
29727,0
29728,0
29729,0
29730,0
29731,2
29732,0
29733,0
29734,0
29735,18
29736,-4
29737,0
29738,0
29739,0
29740,0
29741,2
29742,0
29743,4
29744,0
29745,0
29746,-6
29747,0
29748,10
29749,4
29750,-4
29751,0
29752,6
29753,0
29754,10
29755,4
29756,0
29757,0
29758,-4
29759,0
29760,0
29761,-8
29762,0
29763,10
29764,0
29765,0
29766,0
29767,0
29768,0
29769,4
29770,-4
29771,0
29772,0
29773,-4
29774,2
29775,0
29776,4
29777,-4
29778,0
29779,-4
29780,-4
29781,0
29782,0
29783,-4
29784,-4
29785,0
29786,0
29787,-4
29788,0
29789,-4
29790,0
29791,0
29792,-4
29793,0
29794,0
29795,-4
29796,-4
29797,0
29798,-4
29799,0
29800,10
29801,-4
29802,-4
29803,-4
29804,0
29805,-6
29806,-4
29807,0
29808,-4
29809,-6
29810,0
29811,0
29812,-4
29813,0
29814,0
29815,0
29816,0
29817,0
29818,-4
29819,2
29820,-4
29821,0
29822,6
29823,0
29824,0
29825,-4
29826,2
29827,0
29828,-4
29829,4
29830,0
29831,0
29832,0
29833,0
29834,-12
29835,0
29836,-6
29837,4
29838,2
29839,0
29840,2
29841,0
29842,6
29843,0
29844,4
29845,2
29846,0
29847,6
29848,4
29849,-6
29850,0
29851,4
29852,0
29853,0
29854,0
29855,2
29856,0
29857,0
29858,0
29859,-4
29860,0
29861,-4
29862,-10
29863,2
29864,0
29865,-8
29866,0
29867,2
29868,14
29869,0
29870,-12
29871,-4
29872,0
29873,0
29874,2
29875,0
29876,-4
29877,0
29878,-4
29879,-4
29880,0
29881,-4
29882,-4
29883,-4
29884,-4
29885,-4
29886,-4
29887,0
29888,-4
29889,-4
29890,0
29891,-4
29892,0
29893,-4
29894,-4
29895,0
29896,-4
29897,-4
29898,-4
29899,-4
29900,0
29901,0
29902,0
29903,-4
29904,-6
29905,-4
29906,0
29907,-8
29908,0
29909,0
29910,-4
29911,-4
29912,0
29913,0
29914,0
29915,0
29916,0
29917,0
29918,0
29919,0
29920,-4
29921,0
29922,-4
29923,0
29924,0
29925,0
29926,-4
29927,0
29928,0
29929,0
29930,0
29931,4
29932,6
29933,0
29934,0
29935,0
29936,0
29937,6
29938,-4
29939,0
29940,0
29941,0
29942,0
29943,6
29944,-4
29945,-12
29946,0
29947,0
29948,2
29949,0
29950,-4
29951,6
29952,0
29953,0
29954,-4
29955,-4
29956,0
29957,6
29958,-8
29959,-4
29960,0
29961,0
29962,0
29963,0
29964,-4
29965,0
29966,-6
29967,-6
29968,0
29969,-4
29970,0
29971,0
29972,0
29973,0
29974,10
29975,0
29976,2
29977,0
29978,0
29979,-4
29980,-4
29981,0
29982,-4
29983,-4
29984,-4
29985,0
29986,0
29987,0
29988,0
29989,10
29990,-4
29991,-4
29992,-4
29993,0
29994,-4
29995,-4
29996,0
29997,0
29998,-8
29999,-4
30000,0
30001,0
30002,-4
30003,-8
30004,-4
30005,0
30006,0
30007,-4
30008,0
30009,4
30010,-14
30011,0
30012,-4
30013,0
30014,-14
30015,0
30016,0
30017,0
30018,0
30019,-4
30020,0
30021,0
30022,0
30023,2
30024,-4
30025,4
30026,0
30027,0
30028,0
30029,0
30030,0
30031,2
30032,2
30033,4
30034,0
30035,0
30036,0
30037,6
30038,0
30039,0
30040,0
30041,0
30042,4
30043,-6
30044,2
30045,0
30046,2
30047,0
30048,0
30049,0
30050,6
30051,2
30052,-4
30053,0
30054,10
30055,2
30056,0
30057,-14
30058,0
30059,0
30060,6
30061,2
30062,0
30063,0
30064,-4
30065,0
30066,0
30067,0
30068,0
30069,-8
30070,-4
30071,0
30072,-4
30073,-8
30074,0
30075,0
30076,0
30077,0
30078,-4
30079,0
30080,0
30081,0
30082,0
30083,0
30084,0
30085,-4
30086,0
30087,4
30088,-4
30089,0
30090,-16
30091,0
30092,-4
30093,-14
30094,-4
30095,0
30096,2
30097,0
30098,-4
30099,-4
30100,0
30101,-4
30102,-4
30103,-8
30104,-4
30105,-4
30106,6
30107,4
30108,-4
30109,0
30110,0
30111,0
30112,-4
30113,0
30114,0
30115,-4
30116,0
30117,0
30118,8
30119,-4
30120,-4
30121,-4
30122,0
30123,0
30124,0
30125,-4
30126,-4
30127,0
30128,0
30129,0
30130,0
30131,6
30132,0
30133,0
30134,4
30135,0
30136,-4
30137,0
30138,2
30139,0
30140,0
30141,0
30142,4
30143,0
30144,0
30145,0
30146,0
30147,2
30148,0
30149,0
30150,0
30151,0
30152,-4
30153,0
30154,0
30155,0
30156,-12
30157,4
30158,0
30159,4
30160,0
30161,0
30162,10
30163,0
30164,0
30165,0
30166,0
30167,2
30168,0
30169,0
30170,0
30171,-4
30172,0
30173,-4
30174,-4
30175,-8
30176,0
30177,0
30178,-4
30179,-4
30180,-4
30181,-4
30182,-4
30183,-4
30184,-4
30185,-4
30186,0
30187,-4
30188,-4
30189,0
30190,4
30191,2
30192,0
30193,-4
30194,0
30195,0
30196,-4
30197,4
30198,-4
30199,10
30200,-4
30201,0
30202,0
30203,-4
30204,0
30205,0
30206,-4
30207,0
30208,-4
30209,0
30210,0
30211,20
30212,0
30213,-14
30214,0
30215,-4
30216,0
30217,0
30218,0
30219,4
30220,-4
30221,-4
30222,4
30223,-4
30224,0
30225,0
30226,0
30227,0
30228,0
30229,0
30230,0
30231,0
30232,0
30233,2
30234,0
30235,0
30236,0
30237,0
30238,0
30239,0
30240,0
30241,2
30242,10
30243,0
30244,-4
30245,0
30246,0
30247,2
30248,0
30249,0
30250,0
30251,4
30252,-4
30253,0
30254,0
30255,-16
30256,2
30257,-4
30258,4
30259,-4
30260,2
30261,0
30262,0
30263,4
30264,0
30265,0
30266,0
30267,0
30268,10
30269,-4
30270,2
30271,-4
30272,-4
30273,0
30274,0
30275,0
30276,6
30277,0
30278,-4
30279,0
30280,0
30281,0
30282,-4
30283,0
30284,-4
30285,-4
30286,-4
30287,-4
30288,0
30289,-4
30290,-4
30291,-4
30292,4
30293,-4
30294,-4
30295,0
30296,0
30297,0
30298,2
30299,-4
30300,0
30301,18
30302,0
30303,0
30304,-14
30305,-4
30306,0
30307,-8
30308,0
30309,-4
30310,0
30311,0
30312,0
30313,-4
30314,-4
30315,-4
30316,0
30317,0
30318,0
30319,-4
30320,-4
30321,0
30322,-4
30323,6
30324,0
30325,0
30326,0
30327,0
30328,0
30329,0
30330,0
30331,0
30332,0
30333,-4
30334,0
30335,-4
30336,0
30337,0
30338,0
30339,0
30340,0
30341,0
30342,0
30343,0
30344,0
30345,2
30346,0
30347,0
30348,6
30349,0
30350,0
30351,0
30352,2
30353,0
30354,14
30355,0
30356,0
30357,6
30358,0
30359,-4
30360,-4
30361,0
30362,0
30363,0
30364,0
30365,0
30366,0
30367,0
30368,0
30369,0
30370,0
30371,0
30372,0
30373,-4
30374,-4
30375,2
30376,0
30377,0
30378,0
30379,-6
30380,0
30381,-4
30382,0
30383,0
30384,0
30385,0
30386,-4
30387,-4
30388,0
30389,0
30390,-4
30391,-4
30392,-4
30393,-4
30394,-4
30395,-4
30396,0
30397,0
30398,0
30399,-4
30400,0
30401,-4
30402,0
30403,-4
30404,-4
30405,0
30406,0
30407,0
30408,-4
30409,6
30410,-4
30411,0
30412,0
30413,0
30414,-4
30415,14
30416,-4
30417,-4
30418,6
30419,0
30420,0
30421,0
30422,0
30423,0
30424,0
30425,-4
30426,0
30427,0
30428,0
30429,0
30430,2
30431,0
30432,2
30433,-6
30434,0
30435,-6
30436,-12
30437,0
30438,8
30439,0
30440,0
30441,6
30442,4
30443,-8
30444,0
30445,2
30446,0
30447,-4
30448,0
30449,-4
30450,4
30451,4
30452,0
30453,10
30454,-4
30455,0
30456,-8
30457,-4
30458,0
30459,-4
30460,0
30461,0
30462,-4
30463,4
30464,8
30465,0
30466,0
30467,0
30468,-4
30469,0
30470,0
30471,2
30472,0
30473,2
30474,-4
30475,0
30476,0
30477,0
30478,0
30479,-4
30480,0
30481,-4
30482,-4
30483,-46
30484,-4
30485,10
30486,-8
30487,0
30488,-6
30489,0
30490,-4
30491,0
30492,0
30493,-16
30494,0
30495,-4
30496,0
30497,0
30498,-4
30499,-18
30500,-4
30501,0
30502,-8
30503,0
30504,2
30505,-4
30506,0
30507,0
30508,6
30509,0
30510,0
30511,8
30512,0
30513,0
30514,0
30515,0
30516,4
30517,14
30518,0
30519,0
30520,14
30521,0
30522,0
30523,4
30524,-4
30525,0
30526,6
30527,-4
30528,2
30529,0
30530,0
30531,0
30532,2
30533,4
30534,2
30535,0
30536,0
30537,0
30538,-4
30539,0
30540,0
30541,8
30542,0
30543,2
30544,2
30545,0
30546,2
30547,0
30548,0
30549,-4
30550,2
30551,0
30552,0
30553,6
30554,6
30555,10
30556,4
30557,0
30558,-4
30559,-4
30560,0
30561,-4
30562,0
30563,2
30564,0
30565,2
30566,0
30567,0
30568,0
30569,0
30570,0
30571,0
30572,0
30573,-4
30574,0
30575,0
30576,0
30577,0
30578,-4
30579,2
30580,-4
30581,-4
30582,0
30583,0
30584,-4
30585,0
30586,0
30587,-4
30588,-4
30589,-4
30590,0
30591,-4
30592,0
30593,-4
30594,-4
30595,0
30596,0
30597,0
30598,-4
30599,-4
30600,-4
30601,6
30602,0
30603,0
30604,-6
30605,-4
30606,0
30607,0
30608,0
30609,0
30610,4
30611,-4
30612,0
30613,0
30614,0
30615,0
30616,-4
30617,0
30618,0
30619,0
30620,0
30621,0
30622,0
30623,0
30624,-4
30625,-4
30626,-4
30627,0
30628,0
30629,4
30630,2
30631,4
30632,0
30633,0
30634,-4
30635,0
30636,0
30637,10
30638,0
30639,0
30640,0
30641,6
30642,0
30643,6
30644,-4
30645,-14
30646,0
30647,4
30648,6
30649,0
30650,-4
30651,6
30652,2
30653,0
30654,10
30655,0
30656,0
30657,2
30658,0
30659,0
30660,-4
30661,-6
30662,0
30663,4
30664,0
30665,0
30666,6
30667,0
30668,0
30669,0
30670,-4
30671,0
30672,0
30673,-8
30674,-4
30675,0
30676,2
30677,0
30678,2
30679,0
30680,0
30681,0
30682,10
30683,-4
30684,-4
30685,-4
30686,-4
30687,6
30688,-4
30689,0
30690,-4
30691,0
30692,-4
30693,-4
30694,-4
30695,10
30696,-8
30697,0
30698,0
30699,-4
30700,-14
30701,-4
30702,0
30703,0
30704,-4
30705,-4
30706,-16
30707,-4
30708,2
30709,0
30710,0
30711,0
30712,0
30713,-4
30714,0
30715,-4
30716,0
30717,0
30718,0
30719,2
30720,0
30721,4
30722,0
30723,0
30724,-10
30725,-4
30726,0
30727,0
30728,0
30729,0
30730,0
30731,0
30732,4
30733,2
30734,2
30735,0
30736,2
30737,0
30738,0
30739,0
30740,0
30741,-4
30742,6
30743,2
30744,2
30745,0
30746,-4
30747,0
30748,0
30749,0
30750,0
30751,2
30752,-4
30753,-4
30754,0
30755,0
30756,-8
30757,0
30758,6
30759,-4
30760,-4
30761,0
30762,0
30763,0
30764,0
30765,0
30766,0
30767,0
30768,0
30769,0
30770,20
30771,0
30772,0
30773,-4
30774,-4
30775,-4
30776,0
30777,-4
30778,0
30779,0
30780,0
30781,-4
30782,-6
30783,0
30784,-4
30785,0
30786,-4
30787,-4
30788,0
30789,-4
30790,0
30791,0
30792,0
30793,-4
30794,0
30795,0
30796,-4
30797,-4
30798,-4
30799,-4
30800,0
30801,0
30802,6
30803,0
30804,0
30805,6
30806,-4
30807,0
30808,0
30809,-4
30810,0
30811,-4
30812,0
30813,0
30814,0
30815,6
30816,-4
30817,-4
30818,-4
30819,0
30820,2
30821,0
30822,-4
30823,-6
30824,2
30825,0
30826,0
30827,0
30828,0
30829,0
30830,0
30831,4
30832,0
30833,0
30834,20
30835,0
30836,4
30837,0
30838,0
30839,0
30840,0
30841,4
30842,2
30843,0
30844,2
30845,0
30846,0
30847,0
30848,0
30849,4
30850,0
30851,0
30852,-4
30853,2
30854,4
30855,4
30856,0
30857,0
30858,6
30859,10
30860,-4
30861,0
30862,-4
30863,6
30864,6
30865,0
30866,0
30867,0
30868,0
30869,0
30870,0
30871,-4
30872,0
30873,0
30874,0
30875,-10
30876,0
30877,0
30878,0
30879,0
30880,-4
30881,-4
30882,0
30883,0
30884,-4
30885,0
30886,0
30887,-4
30888,0
30889,-4
30890,0
30891,0
30892,-4
30893,-6
30894,-4
30895,-4
30896,-4
30897,-4
30898,-4
30899,-4
30900,0
30901,-20
30902,-4
30903,0
30904,-14
30905,-4
30906,-4
30907,-8
30908,0
30909,0
30910,0
30911,-4
30912,-4
30913,0
30914,0
30915,0
30916,0
30917,0
30918,0
30919,0
30920,-12
30921,0
30922,-4
30923,0
30924,0
30925,-4
30926,0
30927,0
30928,-4
30929,0
30930,-4
30931,0
30932,-4
30933,0
30934,0
30935,4
30936,-4
30937,2
30938,6
30939,0
30940,6
30941,6
30942,0
30943,6
30944,2
30945,6
30946,2
30947,0
30948,-4
30949,0
30950,-4
30951,-4
30952,0
30953,-4
30954,-10
30955,0
30956,-4
30957,10
30958,0
30959,0
30960,0
30961,10
30962,0
30963,-4
30964,0
30965,0
30966,0
30967,0
30968,0
30969,0
30970,0
30971,0
30972,4
30973,-4
30974,-8
30975,0
30976,-4
30977,6
30978,0
30979,-4
30980,0
30981,-4
30982,0
30983,-4
30984,-4
30985,0
30986,0
30987,0
30988,-4
30989,6
30990,8
30991,0
30992,-4
30993,-4
30994,-4
30995,0
30996,0
30997,-4
30998,8
30999,0
31000,-4
31001,-4
31002,-4
31003,-4
31004,-4
31005,-4
31006,-4
31007,-4
31008,-4
31009,-8
31010,0
31011,0
31012,-4
31013,-4
31014,2
31015,-4
31016,0
31017,0
31018,0
31019,0
31020,0
31021,6
31022,2
31023,-4
31024,0
31025,0
31026,0
31027,0
31028,2
31029,0
31030,0
31031,0
31032,0
31033,0
31034,0
31035,-4
31036,-4
31037,0
31038,0
31039,-4
31040,0
31041,0
31042,0
31043,4
31044,8
31045,-4
31046,6
31047,4
31048,0
31049,0
31050,10
31051,4
31052,0
31053,8
31054,0
31055,0
31056,4
31057,0
31058,0
31059,0
31060,6
31061,-4
31062,0
31063,0
31064,0
31065,0
31066,6
31067,0
31068,0
31069,0
31070,0
31071,0
31072,8
31073,0
31074,-10
31075,0
31076,0
31077,-8
31078,0
31079,-4
31080,4
31081,0
31082,0
31083,-4
31084,-4
31085,0
31086,-4
31087,-4
31088,-14
31089,-4
31090,-4
31091,0
31092,0
31093,-4
31094,-8
31095,-8
31096,0
31097,-4
31098,0
31099,-4
31100,0
31101,-4
31102,4
31103,0
31104,0
31105,-4
31106,0
31107,0
31108,0
31109,-4
31110,0
31111,4
31112,0
31113,0
31114,0
31115,0
31116,0
31117,0
31118,0
31119,-4
31120,0
31121,-4
31122,4
31123,0
31124,0
31125,0
31126,0
31127,0
31128,0
31129,2
31130,0
31131,0
31132,2
31133,4
31134,0
31135,-4
31136,0
31137,0
31138,0
31139,0
31140,0
31141,2
31142,2
31143,0
31144,0
31145,0
31146,0
31147,10
31148,2
31149,6
31150,0
31151,0
31152,14
31153,6
31154,0
31155,10
31156,0
31157,0
31158,0
31159,0
31160,0
31161,0
31162,8
31163,0
31164,-4
31165,0
31166,0
31167,0
31168,0
31169,0
31170,-6
31171,-4
31172,0
31173,0
31174,-4
31175,0
31176,0
31177,2
31178,0
31179,0
31180,-4
31181,-4
31182,-4
31183,0
31184,-4
31185,0
31186,10
31187,0
31188,0
31189,0
31190,0
31191,0
31192,0
31193,-4
31194,-4
31195,0
31196,-4
31197,0
31198,0
31199,-4
31200,-4
31201,0
31202,-4
31203,0
31204,-8
31205,0
31206,-4
31207,6
31208,-4
31209,-4
31210,0
31211,0
31212,-4
31213,0
31214,0
31215,0
31216,-4
31217,-8
31218,-12
31219,2
31220,0
31221,0
31222,0
31223,0
31224,0
31225,-4
31226,0
31227,0
31228,0
31229,0
31230,0
31231,0
31232,4
31233,0
31234,0
31235,10
31236,2
31237,-8
31238,0
31239,0
31240,6
31241,0
31242,2
31243,6
31244,6
31245,0
31246,4
31247,0
31248,4
31249,2
31250,-4
31251,0
31252,0
31253,0
31254,-14
31255,0
31256,0
31257,0
31258,0
31259,0
31260,0
31261,8
31262,0
31263,2
31264,0
31265,-8
31266,-4
31267,2
31268,0
31269,0
31270,0
31271,-4
31272,-4
31273,-4
31274,0
31275,-4
31276,0
31277,2
31278,0
31279,0
31280,0
31281,0
31282,-4
31283,-4
31284,0
31285,0
31286,-4
31287,-6
31288,0
31289,-4
31290,-4
31291,0
31292,-4
31293,0
31294,-4
31295,0
31296,-4
31297,-4
31298,-4
31299,-4
31300,0
31301,0
31302,-4
31303,-4
31304,-4
31305,2
31306,-6
31307,0
31308,-4
31309,-6
31310,2
31311,0
31312,-4
31313,-4
31314,-8
31315,0
31316,0
31317,0
31318,0
31319,0
31320,0
31321,4
31322,0
31323,2
31324,0
31325,0
31326,-14
31327,10
31328,0
31329,0
31330,-18
31331,0
31332,0
31333,0
31334,0
31335,-4
31336,0
31337,0
31338,-16
31339,-78
31340,-113.333333333333
31341,-122.666666666667
31342,-126
31343,-34
31344,0
31345,14
31346,28
31347,42
31348,42
31349,42
31350,10
31351,-12
31352,-64
31353,-92
31354,-124
31355,-104
31356,-92
31357,-72
31358,-64
31359,-70
31360,-68
31361,-66
31362,-64
31363,-54
31364,-44
31365,-18
31366,10
31367,36
31368,42
31369,38
31370,38
31371,36
31372,34
31373,38
31374,38
31375,30
31376,38
31377,38
31378,46
31379,42
31380,44
31381,48
31382,42
31383,34
31384,36
31385,48
31386,44
31387,34
31388,46
31389,56
31390,50
31391,44
31392,38
31393,32
31394,28
31395,28
31396,22
31397,18
31398,14
31399,10
31400,10
31401,10
31402,20
31403,6
31404,4
31405,-8
31406,0
31407,4
31408,6
31409,0
31410,0
31411,6
31412,4
31413,4
31414,4
31415,6
31416,2
31417,4
31418,4
31419,0
31420,6
31421,0
31422,4
31423,6
31424,4
31425,6
31426,0
31427,6
31428,6
31429,0
31430,2
31431,6
31432,6
31433,6
31434,6
31435,6
31436,2
31437,6
31438,6
31439,2
31440,0
31441,10
31442,6
31443,6
31444,2
31445,6
31446,4
31447,4
31448,6
31449,-4
31450,0
31451,2
31452,-4
31453,2
31454,4
31455,8
31456,4
31457,4
31458,-4
31459,4
31460,2
31461,6
31462,-14
31463,0
31464,6
31465,2
31466,0
31467,4
31468,0
31469,0
31470,0
31471,6
31472,4
31473,-4
31474,8
31475,0
31476,4
31477,2
31478,0
31479,0
31480,0
31481,0
31482,0
31483,0
31484,0
31485,0
31486,0
31487,2
31488,4
31489,-4
31490,0
31491,-4
31492,-4
31493,-4
31494,-4
31495,4
31496,0
31497,-4
31498,0
31499,-4
31500,0
31501,-4
31502,0
31503,0
31504,-8
31505,0
31506,-4
31507,-4
31508,-4
31509,2
31510,0
31511,4
31512,0
31513,-4
31514,0
31515,0
31516,-4
31517,-4
31518,0
31519,0
31520,0
31521,0
31522,0
31523,0
31524,0
31525,0
31526,0
31527,0
31528,0
31529,0
31530,0
31531,0
31532,2
31533,0
31534,2
31535,0
31536,0
31537,0
31538,-8
31539,0
31540,6
31541,0
31542,6
31543,2
31544,0
31545,0
31546,0
31547,0
31548,0
31549,0
31550,0
31551,4
31552,2
31553,0
31554,-12
31555,0
31556,4
31557,-4
31558,0
31559,0
31560,-4
31561,10
31562,0
31563,-4
31564,0
31565,-8
31566,0
31567,0
31568,0
31569,0
31570,-4
31571,0
31572,0
31573,4
31574,-4
31575,-4
31576,0
31577,-4
31578,0
31579,2
31580,0
31581,-4
31582,0
31583,0
31584,0
31585,0
31586,-4
31587,-4
31588,10
31589,-4
31590,-4
31591,-4
31592,6
31593,-4
31594,-4
31595,0
31596,-4
31597,-4
31598,-4
31599,-4
31600,0
31601,0
31602,0
31603,-4
31604,-4
31605,-4
31606,6
31607,0
31608,0
31609,0
31610,0
31611,0
31612,0
31613,0
31614,-4
31615,-4
31616,0
31617,-8
31618,6
31619,0
31620,0
31621,-4
31622,-4
31623,0
31624,-4
31625,0
31626,-4
31627,0
31628,4
31629,0
31630,0
31631,0
31632,0
31633,0
31634,0
31635,0
31636,0
31637,0
31638,-4
31639,0
31640,0
31641,0
31642,0
31643,0
31644,0
31645,-4
31646,0
31647,2
31648,4
31649,0
31650,10
31651,0
31652,0
31653,10
31654,2
31655,4
31656,-4
31657,4
31658,0
31659,0
31660,-10
31661,0
31662,0
31663,-4
31664,0
31665,0
31666,0
31667,0
31668,-4
31669,-4
31670,4
31671,0
31672,0
31673,-4
31674,-4
31675,0
31676,-8
31677,0
31678,0
31679,0
31680,0
31681,0
31682,0
31683,0
31684,-4
31685,0
31686,0
31687,-4
31688,0
31689,0
31690,-4
31691,0
31692,-4
31693,-4
31694,-4
31695,-4
31696,0
31697,0
31698,-4
31699,0
31700,0
31701,-4
31702,-4
31703,0
31704,0
31705,-10
31706,0
31707,0
31708,-6
31709,-4
31710,-4
31711,4
31712,0
31713,0
31714,-4
31715,2
31716,0
31717,0
31718,0
31719,0
31720,2
31721,0
31722,4
31723,0
31724,-4
31725,0
31726,0
31727,0
31728,-4
31729,0
31730,0
31731,2
31732,4
31733,0
31734,2
31735,0
31736,0
31737,0
31738,2
31739,0
31740,0
31741,0
31742,2
31743,6
31744,0
31745,10
31746,6
31747,0
31748,0
31749,4
31750,2
31751,0
31752,-8
31753,4
31754,0
31755,-4
31756,2
31757,4
31758,0
31759,0
31760,0
31761,0
31762,-6
31763,0
31764,10
31765,0
31766,0
31767,10
31768,-10
31769,0
31770,-4
31771,-4
31772,0
31773,0
31774,0
31775,0
31776,0
31777,6
31778,0
31779,0
31780,-4
31781,0
31782,0
31783,0
31784,-6
31785,0
31786,0
31787,-4
31788,-4
31789,0
31790,-4
31791,-4
31792,0
31793,-4
31794,0
31795,0
31796,0
31797,-4
31798,0
31799,16
31800,-4
31801,-4
31802,-4
31803,-4
31804,-8
31805,-4
31806,-4
31807,2
31808,0
31809,0
31810,2
31811,0
31812,-4
31813,-4
31814,-4
31815,0
31816,0
31817,0
31818,0
31819,0
31820,6
31821,0
31822,-4
31823,0
31824,-4
31825,-4
31826,0
31827,0
31828,0
31829,-4
31830,0
31831,0
31832,0
31833,2
31834,6
31835,0
31836,0
31837,8
31838,0
31839,0
31840,-8
31841,4
31842,0
31843,2
31844,6
31845,0
31846,2
31847,-6
31848,0
31849,4
31850,0
31851,6
31852,0
31853,0
31854,-4
31855,2
31856,0
31857,4
31858,0
31859,2
31860,0
31861,-8
31862,0
31863,0
31864,0
31865,-4
31866,0
31867,-4
31868,-4
31869,0
31870,0
31871,0
31872,-4
31873,0
31874,0
31875,0
31876,0
31877,0
31878,0
31879,-4
31880,-4
31881,0
31882,0
31883,0
31884,-4
31885,-4
31886,0
31887,-4
31888,-4
31889,-4
31890,0
31891,-4
31892,0
31893,-4
31894,0
31895,-4
31896,-4
31897,0
31898,-4
31899,-4
31900,0
31901,-4
31902,-4
31903,-6
31904,-4
31905,-4
31906,-4
31907,0
31908,0
31909,-8
31910,0
31911,0
31912,0
31913,0
31914,-4
31915,0
31916,-4
31917,-4
31918,0
31919,10
31920,-4
31921,2
31922,0
31923,0
31924,0
31925,0
31926,4
31927,0
31928,20
31929,0
31930,0
31931,2
31932,0
31933,2
31934,0
31935,-4
31936,0
31937,4
31938,0
31939,4
31940,-4
31941,0
31942,6
31943,4
31944,10
31945,0
31946,0
31947,0
31948,2
31949,0
31950,0
31951,2
31952,-4
31953,6
31954,0
31955,0
31956,4
31957,-14
31958,0
31959,0
31960,-4
31961,0
31962,0
31963,0
31964,-4
31965,-4
31966,0
31967,0
31968,0
31969,-4
31970,-4
31971,0
31972,0
31973,-4
31974,-4
31975,6
31976,0
31977,0
31978,0
31979,0
31980,0
31981,0
31982,0
31983,-4
31984,-8
31985,0
31986,0
31987,-22
31988,-4
31989,-10
31990,0
31991,-8
31992,0
31993,-6
31994,-4
31995,-4
31996,-4
31997,-4
31998,0
31999,-4
32000,0
32001,-4
32002,-4
32003,-4
32004,-4
32005,-4
32006,-6
32007,0
32008,-8
32009,-4
32010,0
32011,-4
32012,-4
32013,0
32014,0
32015,0
32016,0
32017,0
32018,0
32019,0
32020,-4
32021,-4
32022,-4
32023,0
32024,0
32025,0
32026,0
32027,0
32028,2
32029,0
32030,0
32031,0
32032,2
32033,4
32034,0
32035,0
32036,0
32037,4
32038,-4
32039,0
32040,0
32041,0
32042,0
32043,4
32044,4
32045,0
32046,6
32047,0
32048,2
32049,6
32050,2
32051,0
32052,10
32053,6
32054,4
32055,6
32056,6
32057,0
32058,0
32059,-8
32060,0
32061,-4
32062,-6
32063,0
32064,0
32065,0
32066,0
32067,2
32068,0
32069,6
32070,0
32071,6
32072,-4
32073,-4
32074,0
32075,0
32076,0
32077,-4
32078,0
32079,-4
32080,6
32081,-4
32082,0
32083,0
32084,-4
32085,0
32086,0
32087,-4
32088,0
32089,-4
32090,0
32091,-4
32092,-4
32093,-4
32094,0
32095,0
32096,-6
32097,-4
32098,0
32099,0
32100,-4
32101,-4
32102,-4
32103,0
32104,-4
32105,0
32106,-4
32107,-4
32108,-4
32109,0
32110,0
32111,10
32112,0
32113,0
32114,0
32115,-4
32116,0
32117,0
32118,0
32119,-4
32120,0
32121,0
32122,0
32123,-4
32124,0
32125,0
32126,2
32127,0
32128,0
32129,0
32130,0
32131,0
32132,0
32133,-4
32134,4
32135,6
32136,0
32137,0
32138,0
32139,4
32140,0
32141,0
32142,4
32143,2
32144,0
32145,6
32146,6
32147,6
32148,0
32149,10
32150,0
32151,6
32152,2
32153,0
32154,-4
32155,0
32156,6
32157,6
32158,0
32159,0
32160,0
32161,10
32162,0
32163,-4
32164,0
32165,0
32166,0
32167,0
32168,0
32169,-4
32170,0
32171,-4
32172,-4
32173,0
32174,0
32175,2
32176,-4
32177,0
32178,0
32179,-4
32180,-4
32181,-4
32182,0
32183,0
32184,-4
32185,-4
32186,0
32187,0
32188,4
32189,-4
32190,0
32191,-4
32192,0
32193,-4
32194,-4
32195,0
32196,-4
32197,0
32198,-4
32199,-4
32200,-4
32201,-4
32202,-4
32203,-6
32204,-4
32205,0
32206,0
32207,-4
32208,-4
32209,0
32210,0
32211,0
32212,0
32213,0
32214,0
32215,0
32216,2
32217,0
32218,0
32219,-4
32220,0
32221,0
32222,0
32223,-8
32224,0
32225,0
32226,0
32227,0
32228,0
32229,0
32230,0
32231,0
32232,4
32233,0
32234,0
32235,10
32236,0
32237,0
32238,2
32239,0
32240,2
32241,0
32242,0
32243,0
32244,4
32245,0
32246,0
32247,0
32248,0
32249,0
32250,0
32251,0
32252,0
32253,0
32254,6
32255,0
32256,0
32257,0
32258,0
32259,4
32260,0
32261,-4
32262,0
32263,4
32264,0
32265,4
32266,0
32267,0
32268,0
32269,0
32270,0
32271,6
32272,0
32273,0
32274,0
32275,24
32276,8
32277,8
32278,-4
32279,0
32280,-4
32281,-4
32282,0
32283,-4
32284,6
32285,22
32286,6
32287,6
32288,0
32289,0
32290,4
32291,4
32292,2
32293,6
32294,0
32295,6
32296,4
32297,4
32298,6
32299,4
32300,14
32301,10
32302,8
32303,14
32304,14
32305,20
32306,18
32307,18
32308,14
32309,14
32310,10
32311,10
32312,10
32313,8
32314,20
32315,4
32316,4
32317,6
32318,14
32319,6
32320,4
32321,0
32322,6
32323,4
32324,4
32325,4
32326,0
32327,0
32328,-4
32329,-4
32330,-4
32331,-4
32332,-4
32333,-4
32334,-4
32335,-4
32336,-8
32337,-4
32338,-6
32339,-8
32340,-8
32341,6
32342,-4
32343,-4
32344,-4
32345,-4
32346,-8
32347,-6
32348,-4
32349,-4
32350,-4
32351,-4
32352,-12
32353,-4
32354,-4
32355,-8
32356,-4
32357,-4
32358,-4
32359,0
32360,-4
32361,-4
32362,-4
32363,-4
32364,-4
32365,-4
32366,6
32367,-4
32368,-4
32369,-4
32370,-4
32371,-4
32372,6
32373,-4
32374,-4
32375,-4
32376,0
32377,-4
32378,4
32379,-8
32380,-4
32381,-4
32382,-4
32383,-4
32384,-4
32385,-8
32386,0
32387,-4
32388,-4
32389,-4
32390,-4
32391,-4
32392,-8
32393,-4
32394,-4
32395,-8
32396,-4
32397,-4
32398,-4
32399,-4
32400,-4
32401,-4
32402,-8
32403,-4
32404,-4
32405,-4
32406,-4
32407,-6
32408,-4
32409,-4
32410,-4
32411,-12
32412,0
32413,-4
32414,0
32415,0
32416,0
32417,0
32418,0
32419,0
32420,0
32421,-8
32422,-4
32423,-4
32424,0
32425,0
32426,-4
32427,-4
32428,0
32429,6
32430,-4
32431,0
32432,-4
32433,0
32434,0
32435,0
32436,-4
32437,0
32438,2
32439,6
32440,0
32441,0
32442,-4
32443,0
32444,0
32445,4
32446,6
32447,0
32448,0
32449,-14
32450,0
32451,6
32452,0
32453,0
32454,-4
32455,6
32456,0
32457,2
32458,-4
32459,0
32460,-4
32461,0
32462,0
32463,0
32464,-4
32465,-4
32466,0
32467,0
32468,2
32469,0
32470,0
32471,0
32472,0
32473,-6
32474,0
32475,-4
32476,0
32477,10
32478,0
32479,0
32480,0
32481,0
32482,-4
32483,-4
32484,0
32485,-4
32486,0
32487,-4
32488,-4
32489,2
32490,0
32491,-4
32492,0
32493,-4
32494,-4
32495,0
32496,-4
32497,-4
32498,-4
32499,0
32500,0
32501,-4
32502,0
32503,0
32504,-4
32505,-4
32506,0
32507,-4
32508,0
32509,0
32510,-14
32511,0
32512,0
32513,10
32514,0
32515,-4
32516,0
32517,0
32518,0
32519,0
32520,0
32521,0
32522,0
32523,0
32524,-4
32525,0
32526,2
32527,-4
32528,0
32529,4
32530,0
32531,0
32532,0
32533,0
32534,0
32535,0
32536,0
32537,0
32538,0
32539,0
32540,0
32541,0
32542,0
32543,8
32544,0
32545,2
32546,2
32547,-8
32548,0
32549,0
32550,0
32551,0
32552,0
32553,2
32554,-14
32555,2
32556,0
32557,6
32558,0
32559,6
32560,0
32561,0
32562,0
32563,2
32564,-4
32565,-4
32566,-4
32567,-4
32568,8
32569,0
32570,0
32571,0
32572,-4
32573,6
32574,8
32575,-8
32576,0
32577,10
32578,0
32579,0
32580,-4
32581,0
32582,-4
32583,-4
32584,-4
32585,-4
32586,0
32587,0
32588,-4
32589,-4
32590,0
32591,-4
32592,0
32593,0
32594,-4
32595,0
32596,0
32597,0
32598,-4
32599,-4
32600,-14
32601,-4
32602,0
32603,0
32604,-4
32605,-8
32606,-4
32607,-4
32608,-8
32609,-4
32610,-4
32611,0
32612,-4
32613,0
32614,6
32615,0
32616,0
32617,-4
32618,0
32619,0
32620,0
32621,0
32622,0
32623,-4
32624,0
32625,-14
32626,0
32627,4
32628,4
32629,0
32630,0
32631,0
32632,0
32633,0
32634,0
32635,0
32636,4
32637,0
32638,0
32639,2
32640,0
32641,2
32642,0
32643,0
32644,6
32645,0
32646,0
32647,0
32648,4
32649,0
32650,-14
32651,0
32652,2
32653,-6
32654,0
32655,0
32656,-4
32657,0
32658,0
32659,-6
32660,0
32661,-4
32662,0
32663,0
32664,0
32665,0
32666,0
32667,0
32668,0
32669,0
32670,0
32671,16
32672,0
32673,0
32674,0
32675,-4
32676,0
32677,0
32678,0
32679,-4
32680,-4
32681,0
32682,0
32683,0
32684,-4
32685,-4
32686,-4
32687,18
32688,-4
32689,-4
32690,0
32691,0
32692,-4
32693,0
32694,-4
32695,-4
32696,0
32697,-4
32698,0
32699,0
32700,0
32701,-4
32702,-20
32703,-4
32704,0
32705,-14
32706,0
32707,0
32708,-4
32709,-4
32710,0
32711,0
32712,-4
32713,-4
32714,-4
32715,-4
32716,0
32717,0
32718,0
32719,0
32720,0
32721,0
32722,0
32723,0
32724,0
32725,0
32726,0
32727,0
32728,-4
32729,0
32730,-8
32731,0
32732,0
32733,0
32734,4
32735,0
32736,4
32737,0
32738,2
32739,0
32740,0
32741,0
32742,-4
32743,0
32744,0
32745,0
32746,0
32747,0
32748,0
32749,8
32750,0
32751,-6
32752,0
32753,0
32754,0
32755,0
32756,0
32757,4
32758,6
32759,4
32760,-4
32761,-4
32762,0
32763,0
32764,8
32765,0
32766,0
32767,0
32768,-4
32769,0
32770,-6
32771,4
32772,-6
32773,0
32774,0
32775,0
32776,-4
32777,2
32778,0
32779,-4
32780,0
32781,-4
32782,0
32783,-4
32784,-4
32785,-4
32786,4
32787,-4
32788,4
32789,0
32790,0
32791,-4
32792,-4
32793,-4
32794,-8
32795,0
32796,-4
32797,0
32798,-4
32799,-14
32800,-4
32801,6
32802,0
32803,-6
32804,10
32805,0
32806,0
32807,-4
32808,0
32809,-4
32810,-14
32811,0
32812,0
32813,10
32814,-4
32815,-4
32816,-4
32817,0
32818,0
32819,-4
32820,0
32821,-14
32822,2
32823,0
32824,2
32825,0
32826,0
32827,0
32828,0
32829,0
32830,0
32831,0
32832,0
32833,0
32834,0
32835,0
32836,0
32837,0
32838,0
32839,0
32840,-8
32841,4
32842,0
32843,0
32844,8
32845,0
32846,-10
32847,-4
32848,0
32849,0
32850,0
32851,0
32852,0
32853,-4
32854,-6
32855,0
32856,0
32857,0
32858,6
32859,4
32860,0
32861,0
32862,-4
32863,0
32864,2
32865,0
32866,2
32867,0
32868,-4
32869,6
32870,0
32871,2
32872,-4
32873,0
32874,0
32875,0
32876,0
32877,2
32878,0
32879,-4
32880,0
32881,-4
32882,-4
32883,-4
32884,-4
32885,0
32886,-4
32887,0
32888,-4
32889,-4
32890,0
32891,-8
32892,-4
32893,-4
32894,-8
32895,-4
32896,14
32897,-12
32898,0
32899,-4
32900,-4
32901,-4
32902,-4
32903,0
32904,-4
32905,-4
32906,0
32907,0
32908,0
32909,-4
32910,0
32911,0
32912,2
32913,-4
32914,0
32915,-4
32916,0
32917,0
32918,0
32919,-4
32920,-4
32921,-4
32922,0
32923,0
32924,0
32925,0
32926,-4
32927,2
32928,-4
32929,-4
32930,0
32931,0
32932,0
32933,0
32934,0
32935,4
32936,0
32937,4
32938,0
32939,-4
32940,0
32941,0
32942,-8
32943,2
32944,4
32945,4
32946,4
32947,0
32948,10
32949,0
32950,10
32951,0
32952,0
32953,8
32954,2
32955,0
32956,10
32957,0
32958,0
32959,8
32960,-4
32961,0
32962,-4
32963,-8
32964,0
32965,-10
32966,0
32967,0
32968,0
32969,-4
32970,0
32971,0
32972,0
32973,-6
32974,0
32975,0
32976,0
32977,0
32978,0
32979,-6
32980,0
32981,0
32982,-4
32983,-4
32984,-4
32985,0
32986,-4
32987,-4
32988,-4
32989,0
32990,0
32991,0
32992,0
32993,-4
32994,-4
32995,0
32996,-4
32997,-4
32998,0
32999,-4
33000,-4
33001,0
33002,0
33003,-4
33004,0
33005,-4
33006,0
33007,0
33008,-4
33009,0
33010,-4
33011,0
33012,-4
33013,-4
33014,6
33015,0
33016,0
33017,-4
33018,-4
33019,0
33020,-8
33021,0
33022,0
33023,-4
33024,-4
33025,0
33026,0
33027,0
33028,-4
33029,0
33030,0
33031,0
33032,0
33033,-4
33034,2
33035,0
33036,0
33037,0
33038,0
33039,6
33040,0
33041,0
33042,0
33043,0
33044,0
33045,0
33046,2
33047,0
33048,0
33049,2
33050,2
33051,2
33052,0
33053,2
33054,-4
33055,8
33056,0
33057,0
33058,6
33059,0
33060,0
33061,0
33062,-8
33063,-4
33064,-4
33065,0
33066,0
33067,0
33068,0
33069,0
33070,0
33071,-4
33072,0
33073,0
33074,2
33075,-4
33076,0
33077,2
33078,0
33079,8
33080,0
33081,-4
33082,-4
33083,-4
33084,-4
33085,-4
33086,-4
33087,0
33088,0
33089,-4
33090,-4
33091,-4
33092,0
33093,6
33094,-4
33095,-4
33096,-4
33097,-4
33098,0
33099,0
33100,-4
33101,-4
33102,0
33103,-4
33104,-4
33105,-6
33106,-4
33107,-4
33108,0
33109,-4
33110,0
33111,-4
33112,0
33113,-8
33114,-4
33115,-4
33116,0
33117,0
33118,-4
33119,2
33120,-4
33121,0
33122,-4
33123,0
33124,0
33125,0
33126,8
33127,0
33128,-4
33129,0
33130,2
33131,0
33132,0
33133,0
33134,0
33135,0
33136,0
33137,6
33138,0
33139,0
33140,0
33141,0
33142,4
33143,2
33144,6
33145,0
33146,0
33147,0
33148,0
33149,6
33150,2
33151,10
33152,0
33153,2
33154,6
33155,2
33156,0
33157,-8
33158,0
33159,0
33160,0
33161,-8
33162,0
33163,0
33164,14
33165,0
33166,0
33167,-4
33168,0
33169,0
33170,0
33171,0
33172,-4
33173,0
33174,-4
33175,0
33176,-4
33177,-4
33178,0
33179,6
33180,-4
33181,-4
33182,0
33183,0
33184,-4
33185,0
33186,0
33187,0
33188,-4
33189,0
33190,0
33191,0
33192,-4
33193,0
33194,-4
33195,0
33196,0
33197,0
33198,0
33199,0
33200,-4
33201,-4
33202,-4
33203,-6
33204,-4
33205,-4
33206,0
33207,0
33208,-4
33209,10
33210,-4
33211,-4
33212,-4
33213,0
33214,-4
33215,-4
33216,0
33217,0
33218,0
33219,0
33220,0
33221,0
33222,0
33223,0
33224,-4
33225,0
33226,-4
33227,-4
33228,-4
33229,4
33230,0
33231,0
33232,0
33233,0
33234,0
33235,0
33236,2
33237,6
33238,6
33239,0
33240,0
33241,4
33242,0
33243,0
33244,0
33245,0
33246,-6
33247,0
33248,0
33249,0
33250,-4
33251,0
33252,0
33253,10
33254,2
33255,0
33256,14
33257,0
33258,2
33259,-6
33260,4
33261,0
33262,0
33263,8
33264,0
33265,0
33266,0
33267,0
33268,-8
33269,6
33270,0
33271,-4
33272,6
33273,0
33274,-4
33275,0
33276,0
33277,0
33278,-6
33279,0
33280,0
33281,0
33282,-4
33283,0
33284,-4
33285,-4
33286,0
33287,-4
33288,-4
33289,-4
33290,0
33291,0
33292,-4
33293,0
33294,-4
33295,-4
33296,-16
33297,-4
33298,-8
33299,0
33300,-4
33301,-4
33302,6
33303,-4
33304,0
33305,-10
33306,0
33307,0
33308,-14
33309,0
33310,0
33311,-4
33312,0
33313,0
33314,-22
33315,0
33316,0
33317,0
33318,-4
33319,0
33320,-4
33321,0
33322,0
33323,0
33324,0
33325,0
33326,0
33327,4
33328,0
33329,-4
33330,0
33331,0
33332,0
33333,0
33334,-4
33335,-4
33336,0
33337,-12
33338,10
33339,4
33340,6
33341,0
33342,0
33343,2
33344,0
33345,-4
33346,-4
33347,0
33348,0
33349,0
33350,0
33351,4
33352,-16
33353,0
33354,0
33355,8
33356,0
33357,0
33358,6
33359,-4
33360,-4
33361,0
33362,14
33363,0
33364,-4
33365,0
33366,-4
33367,-4
33368,0
33369,0
33370,0
33371,0
33372,0
33373,6
33374,0
33375,0
33376,-10
33377,0
33378,0
33379,0
33380,-4
33381,-4
33382,0
33383,-4
33384,-4
33385,-4
33386,-4
33387,4
33388,0
33389,2
33390,-4
33391,4
33392,-4
33393,0
33394,-4
33395,-4
33396,0
33397,-4
33398,0
33399,-4
33400,-4
33401,0
33402,0
33403,0
33404,-4
33405,-4
33406,-4
33407,0
33408,-4
33409,0
33410,-4
33411,-4
33412,4
33413,6
33414,-4
33415,-4
33416,-4
33417,0
33418,-4
33419,-4
33420,14
33421,0
33422,0
33423,-4
33424,2
33425,0
33426,0
33427,-4
33428,-4
33429,6
33430,4
33431,0
33432,0
33433,0
33434,0
33435,-8
33436,0
33437,0
33438,0
33439,0
33440,0
33441,0
33442,6
33443,8
33444,0
33445,2
33446,0
33447,0
33448,4
33449,-8
33450,0
33451,-4
33452,0
33453,0
33454,10
33455,0
33456,2
33457,0
33458,0
33459,0
33460,-4
33461,0
33462,0
33463,0
33464,-4
33465,4
33466,0
33467,4
33468,0
33469,0
33470,0
33471,0
33472,0
33473,8
33474,0
33475,4
33476,-14
33477,0
33478,4
33479,0
33480,2
33481,-4
33482,0
33483,-4
33484,-4
33485,0
33486,-4
33487,-4
33488,-4
33489,-4
33490,0
33491,0
33492,0
33493,0
33494,-4
33495,-4
33496,0
33497,-4
33498,-4
33499,-4
33500,-4
33501,-4
33502,0
33503,0
33504,-4
33505,0
33506,-4
33507,-4
33508,-4
33509,8
33510,-4
33511,0
33512,6
33513,0
33514,-4
33515,0
33516,0
33517,0
33518,0
33519,-4
33520,-4
33521,0
33522,-4
33523,0
33524,-4
33525,0
33526,0
33527,0
33528,0
33529,0
33530,0
33531,2
33532,0
33533,2
33534,0
33535,0
33536,-4
33537,0
33538,0
33539,-4
33540,4
33541,2
33542,0
33543,0
33544,-4
33545,-4
33546,-4
33547,0
33548,0
33549,0
33550,2
33551,6
33552,0
33553,-8
33554,4
33555,0
33556,4
33557,0
33558,2
33559,0
33560,6
33561,2
33562,-4
33563,10
33564,0
33565,6
33566,0
33567,-4
33568,2
33569,0
33570,0
33571,0
33572,0
33573,0
33574,0
33575,16
33576,0
33577,-4
33578,0
33579,-4
33580,8
33581,0
33582,0
33583,-4
33584,-20
33585,-4
33586,-4
33587,0
33588,-4
33589,-8
33590,0
33591,-4
33592,-4
33593,0
33594,-8
33595,-4
33596,0
33597,0
33598,-4
33599,-4
33600,-4
33601,0
33602,0
33603,-4
33604,0
33605,6
33606,-4
33607,-4
33608,-4
33609,-4
33610,0
33611,0
33612,0
33613,0
33614,0
33615,0
33616,-16
33617,0
33618,0
33619,-4
33620,0
33621,0
33622,0
33623,0
33624,2
33625,0
33626,-14
33627,0
33628,0
33629,0
33630,0
33631,0
33632,2
33633,0
33634,0
33635,0
33636,6
33637,0
33638,0
33639,0
33640,0
33641,0
33642,0
33643,0
33644,0
33645,4
33646,0
33647,0
33648,6
33649,0
33650,0
33651,0
33652,4
33653,0
33654,0
33655,-4
33656,0
33657,0
33658,-4
33659,-4
33660,0
33661,0
33662,4
33663,-4
33664,0
33665,0
33666,0
33667,2
33668,0
33669,-16
33670,0
33671,0
33672,0
33673,-4
33674,0
33675,0
33676,0
33677,-4
33678,0
33679,0
33680,0
33681,-4
33682,-4
33683,-4
33684,-4
33685,-4
33686,-14
33687,-4
33688,-4
33689,-4
33690,-4
33691,-4
33692,-4
33693,-4
33694,0
33695,-4
33696,-4
33697,0
33698,-4
33699,-4
33700,-4
33701,-4
33702,0
33703,-4
33704,-4
33705,-4
33706,-6
33707,8
33708,-4
33709,0
33710,0
33711,0
33712,0
33713,6
33714,0
33715,0
33716,0
33717,0
33718,4
33719,0
33720,0
33721,0
33722,0
33723,0
33724,0
33725,0
33726,0
33727,4
33728,0
33729,0
33730,0
33731,0
33732,-16
33733,0
33734,0
33735,0
33736,0
33737,-4
33738,0
33739,0
33740,0
33741,0
33742,0
33743,0
33744,0
33745,6
33746,0
33747,0
33748,2
33749,6
33750,0
33751,-6
33752,0
33753,0
33754,10
33755,0
33756,0
33757,-4
33758,0
33759,0
33760,0
33761,4
33762,0
33763,0
33764,6
33765,0
33766,-10
33767,0
33768,0
33769,0
33770,-4
33771,-4
33772,0
33773,0
33774,0
33775,0
33776,0
33777,0
33778,0
33779,0
33780,-4
33781,10
33782,0
33783,-4
33784,10
33785,-4
33786,0
33787,-4
33788,-4
33789,-4
33790,-4
33791,-4
33792,-4
33793,0
33794,-4
33795,-4
33796,-4
33797,-4
33798,-4
33799,-4
33800,-4
33801,-4
33802,-4
33803,4
33804,-4
33805,0
33806,-8
33807,0
33808,0
33809,4
33810,-4
33811,-4
33812,0
33813,-14
33814,0
33815,0
33816,0
33817,0
33818,10
33819,-4
33820,14
33821,-4
33822,4
33823,-4
33824,0
33825,0
33826,0
33827,0
33828,0
33829,0
33830,0
33831,0
33832,4
33833,0
33834,4
33835,2
33836,-4
33837,2
33838,4
33839,0
33840,-4
33841,-4
33842,10
33843,2
33844,0
33845,4
33846,0
33847,2
33848,0
33849,0
33850,0
33851,0
33852,2
33853,10
33854,0
33855,2
33856,0
33857,0
33858,2
33859,2
33860,10
33861,0
33862,0
33863,-4
33864,0
33865,6
33866,-4
33867,2
33868,0
33869,0
33870,0
33871,2
33872,0
33873,-6
33874,-4
33875,-4
33876,-4
33877,0
33878,0
33879,0
33880,-4
33881,0
33882,0
33883,0
33884,-4
33885,-4
33886,-4
33887,-4
33888,-4
33889,-4
33890,-4
33891,-6
33892,-4
33893,0
33894,0
33895,0
33896,0
33897,0
33898,0
33899,0
33900,-4
33901,-4
33902,4
33903,0
33904,-4
33905,-6
33906,-4
33907,-4
33908,-6
33909,0
33910,0
33911,0
33912,0
33913,0
33914,0
33915,0
33916,8
33917,0
33918,0
33919,0
33920,0
33921,0
33922,0
33923,0
33924,0
33925,0
33926,-4
33927,0
33928,0
33929,0
33930,-4
33931,0
33932,6
33933,0
33934,0
33935,0
33936,0
33937,0
33938,0
33939,0
33940,10
33941,2
33942,2
33943,6
33944,0
33945,6
33946,4
33947,-8
33948,4
33949,2
33950,-8
33951,0
33952,10
33953,0
33954,0
33955,0
33956,2
33957,0
33958,0
33959,6
33960,0
33961,0
33962,8
33963,0
33964,0
33965,0
33966,0
33967,0
33968,4
33969,0
33970,-4
33971,0
33972,0
33973,0
33974,0
33975,0
33976,6
33977,0
33978,-4
33979,-8
33980,0
33981,0
33982,0
33983,0
33984,0
33985,0
33986,0
33987,-4
33988,-4
33989,-4
33990,-6
33991,0
33992,-4
33993,-4
33994,-4
33995,0
33996,0
33997,14
33998,2
33999,0
34000,0
34001,-4
34002,0
34003,-4
34004,-4
34005,-4
34006,-4
34007,6
34008,0
34009,0
34010,4
34011,0
34012,0
34013,2
34014,-4
34015,0
34016,0
34017,-4
34018,0
34019,0
34020,0
34021,-4
34022,0
34023,-4
34024,0
34025,0
34026,0
34027,2
34028,0
34029,-4
34030,0
34031,0
34032,0
34033,0
34034,4
34035,0
34036,0
34037,0
34038,-4
34039,0
34040,0
34041,0
34042,0
34043,0
34044,-4
34045,0
34046,6
34047,0
34048,2
34049,0
34050,0
34051,0
34052,0
34053,0
34054,0
34055,4
34056,0
34057,2
34058,10
34059,0
34060,0
34061,4
34062,-4
34063,-4
34064,4
34065,0
34066,-4
34067,-4
34068,-4
34069,0
34070,0
34071,0
34072,0
34073,0
34074,-4
34075,-8
34076,0
34077,0
34078,0
34079,0
34080,0
34081,0
34082,0
34083,-4
34084,0
34085,0
34086,0
34087,0
34088,0
34089,0
34090,0
34091,0
34092,-4
34093,-4
34094,-8
34095,-4
34096,14
34097,0
34098,0
34099,-4
34100,-4
34101,-10
34102,0
34103,-4
34104,-4
34105,-4
34106,-4
34107,0
34108,0
34109,-4
34110,0
34111,0
34112,0
34113,4
34114,0
34115,-4
34116,0
34117,0
34118,6
34119,0
34120,-4
34121,0
34122,0
34123,0
34124,-4
34125,0
34126,4
34127,0
34128,2
34129,0
34130,0
34131,4
34132,8
34133,2
34134,0
34135,0
34136,0
34137,6
34138,0
34139,0
34140,4
34141,0
34142,4
34143,0
34144,-4
34145,0
34146,0
34147,0
34148,0
34149,0
34150,2
34151,0
34152,6
34153,-4
34154,0
34155,6
34156,0
34157,-4
34158,0
34159,6
34160,-8
34161,0
34162,0
34163,-4
34164,0
34165,-4
34166,0
34167,0
34168,0
34169,0
34170,0
34171,0
34172,0
34173,0
34174,0
34175,0
34176,0
34177,2
34178,0
34179,0
34180,-4
34181,-4
34182,0
34183,0
34184,0
34185,-4
34186,-4
34187,-8
34188,-4
34189,4
34190,-4
34191,-4
34192,-4
34193,-4
34194,0
34195,-6
34196,-4
34197,0
34198,-4
34199,-4
34200,0
34201,-4
34202,-4
34203,-4
34204,-4
34205,0
34206,-6
34207,0
34208,-4
34209,-4
34210,0
34211,4
34212,4
34213,0
34214,-4
34215,-4
34216,0
34217,0
34218,0
34219,10
34220,-10
34221,0
34222,0
34223,0
34224,10
34225,-4
34226,10
34227,2
34228,-4
34229,0
34230,0
34231,2
34232,0
34233,0
34234,2
34235,0
34236,4
34237,0
34238,-4
34239,6
34240,0
34241,0
34242,6
34243,0
34244,0
34245,-4
34246,6
34247,0
34248,0
34249,0
34250,-4
34251,2
34252,4
34253,0
34254,0
34255,4
34256,0
34257,2
34258,4
34259,6
34260,0
34261,0
34262,6
34263,0
34264,0
34265,4
34266,-4
34267,0
34268,10
34269,-4
34270,2
34271,-8
34272,0
34273,2
34274,-4
34275,-4
34276,0
34277,2
34278,0
34279,0
34280,-4
34281,0
34282,0
34283,-4
34284,-4
34285,-4
34286,-4
34287,-4
34288,0
34289,-8
34290,0
34291,0
34292,-4
34293,-8
34294,-4
34295,-4
34296,0
34297,0
34298,0
34299,-4
34300,-4
34301,-4
34302,-4
34303,-4
34304,0
34305,-4
34306,0
34307,0
34308,0
34309,-4
34310,-4
34311,0
34312,0
34313,0
34314,0
34315,0
34316,-4
34317,0
34318,-4
34319,0
34320,0
34321,-4
34322,0
34323,0
34324,0
34325,-4
34326,2
34327,0
34328,0
34329,0
34330,-4
34331,0
34332,0
34333,0
34334,0
34335,0
34336,2
34337,0
34338,0
34339,0
34340,0
34341,-4
34342,-8
34343,-4
34344,0
34345,2
34346,2
34347,6
34348,10
34349,0
34350,0
34351,0
34352,0
34353,0
34354,0
34355,0
34356,2
34357,0
34358,2
34359,-4
34360,0
34361,8
34362,0
34363,-4
34364,6
34365,0
34366,0
34367,0
34368,0
34369,-14
34370,18
34371,0
34372,-4
34373,0
34374,-4
34375,-4
34376,0
34377,4
34378,-4
34379,0
34380,0
34381,-4
34382,0
34383,-4
34384,0
34385,0
34386,-4
34387,-4
34388,0
34389,0
34390,-4
34391,-14
34392,8
34393,0
34394,-4
34395,-4
34396,0
34397,-4
34398,0
34399,0
34400,-4
34401,0
34402,-4
34403,0
34404,-8
34405,-4
34406,-4
34407,4
34408,-4
34409,-4
34410,-4
34411,0
34412,0
34413,-4
34414,0
34415,0
34416,-4
34417,-4
34418,-4
34419,-4
34420,0
34421,0
34422,0
34423,-4
34424,2
34425,0
34426,0
34427,0
34428,4
34429,0
34430,0
34431,8
34432,0
34433,0
34434,0
34435,0
34436,6
34437,4
34438,0
34439,0
34440,0
34441,0
34442,0
34443,6
34444,4
34445,6
34446,-10
34447,2
34448,0
34449,6
34450,0
34451,0
34452,0
34453,4
34454,-4
34455,0
34456,4
34457,-4
34458,6
34459,0
34460,6
34461,0
34462,0
34463,6
34464,0
34465,0
34466,-4
34467,0
34468,0
34469,0
34470,0
34471,0
34472,6
34473,-4
34474,0
34475,-8
34476,-4
34477,-4
34478,-4
34479,0
34480,2
34481,0
34482,0
34483,0
34484,-4
34485,0
34486,-4
34487,-8
34488,0
34489,-4
34490,2
34491,0
34492,-4
34493,10
34494,-4
34495,-4
34496,-4
34497,0
34498,0
34499,8
34500,-4
34501,-4
34502,-4
34503,8
34504,-4
34505,-4
34506,-14
34507,0
34508,2
34509,-4
34510,-4
34511,-4
34512,-4
34513,-4
34514,0
34515,-4
34516,-4
34517,0
34518,-10
34519,-4
34520,0
34521,14
34522,0
34523,-4
34524,0
34525,0
34526,0
34527,0
34528,0
34529,0
34530,0
34531,0
34532,0
34533,0
34534,0
34535,0
34536,4
34537,0
34538,0
34539,0
34540,0
34541,0
34542,0
34543,0
34544,6
34545,2
34546,0
34547,0
34548,0
34549,0
34550,6
34551,6
34552,0
34553,2
34554,4
34555,-4
34556,6
34557,0
34558,0
34559,-14
34560,0
34561,0
34562,-8
34563,0
34564,-4
34565,0
34566,0
34567,0
34568,0
34569,0
34570,0
34571,0
34572,0
34573,-4
34574,-4
34575,0
34576,0
34577,0
34578,6
34579,-4
34580,0
34581,0
34582,0
34583,0
34584,0
34585,0
34586,-4
34587,-4
34588,-4
34589,-4
34590,-4
34591,0
34592,-4
34593,-4
34594,0
34595,-4
34596,0
34597,0
34598,0
34599,-4
34600,0
34601,0
34602,0
34603,-4
34604,0
34605,14
34606,-4
34607,-4
34608,8
34609,0
34610,-4
34611,4
34612,4
34613,0
34614,0
34615,-4
34616,0
34617,-4
34618,0
34619,-4
34620,-4
34621,0
34622,0
34623,0
34624,0
34625,4
34626,2
34627,10
34628,0
34629,0
34630,2
34631,0
34632,2
34633,0
34634,0
34635,0
34636,0
34637,2
34638,0
34639,0
34640,0
34641,0
34642,0
34643,0
34644,0
34645,-4
34646,0
34647,0
34648,0
34649,0
34650,0
34651,2
34652,0
34653,0
34654,-4
34655,0
34656,0
34657,2
34658,10
34659,0
34660,0
34661,2
34662,0
34663,0
34664,4
34665,0
34666,2
34667,2
34668,-14
34669,0
34670,0
34671,6
34672,0
34673,-4
34674,0
34675,-4
34676,0
34677,0
34678,8
34679,2
34680,2
34681,0
34682,-4
34683,0
34684,-4
34685,0
34686,0
34687,-4
34688,-4
34689,0
34690,-4
34691,-4
34692,-4
34693,-4
34694,0
34695,8
34696,-4
34697,4
34698,-4
34699,-4
34700,0
34701,-4
34702,-4
34703,-4
34704,-4
34705,-4
34706,2
34707,2
34708,0
34709,2
34710,-4
34711,0
34712,-4
34713,18
34714,-4
34715,-4
34716,0
34717,0
34718,0
34719,2
34720,-4
34721,-4
34722,-4
34723,0
34724,0
34725,0
34726,0
34727,0
34728,0
34729,-4
34730,4
34731,0
34732,0
34733,0
34734,0
34735,4
34736,0
34737,0
34738,4
34739,0
34740,0
34741,0
34742,0
34743,0
34744,0
34745,0
34746,0
34747,4
34748,0
34749,-4
34750,0
34751,10
34752,0
34753,4
34754,-4
34755,0
34756,0
34757,8
34758,4
34759,0
34760,-8
34761,0
34762,0
34763,-4
34764,-4
34765,2
34766,6
34767,0
34768,0
34769,0
34770,10
34771,0
34772,0
34773,14
34774,0
34775,0
34776,0
34777,0
34778,-4
34779,14
34780,-4
34781,-4
34782,0
34783,0
34784,-4
34785,0
34786,-4
34787,0
34788,-4
34789,0
34790,-4
34791,0
34792,0
34793,0
34794,0
34795,-4
34796,-4
34797,-4
34798,0
34799,-4
34800,-4
34801,0
34802,-4
34803,0
34804,0
34805,0
34806,0
34807,0
34808,0
34809,-4
34810,-4
34811,-4
34812,-4
34813,0
34814,0
34815,-4
34816,-4
34817,0
34818,-12
34819,2
34820,0
34821,0
34822,0
34823,0
34824,0
34825,0
34826,0
34827,0
34828,0
34829,-4
34830,6
34831,0
34832,0
34833,0
34834,0
34835,4
34836,6
34837,0
34838,8
34839,10
34840,6
34841,-4
34842,8
34843,4
34844,0
34845,2
34846,6
34847,0
34848,0
34849,0
34850,0
34851,2
34852,4
34853,0
34854,0
34855,0
34856,6
34857,0
34858,0
34859,10
34860,0
34861,0
34862,4
34863,-4
34864,-4
34865,-4
34866,0
34867,-4
34868,0
34869,0
34870,0
34871,0
34872,0
34873,0
34874,0
34875,-4
34876,2
34877,0
34878,0
34879,0
34880,0
34881,0
34882,-4
34883,-4
34884,0
34885,-4
34886,-8
34887,-4
34888,-8
34889,0
34890,-4
34891,-4
34892,14
34893,-6
34894,0
34895,2
34896,-4
34897,-4
34898,-4
34899,-4
34900,0
34901,-4
34902,6
34903,0
34904,-4
34905,4
34906,-4
34907,-4
34908,8
34909,0
34910,0
34911,0
34912,-4
34913,0
34914,0
34915,-4
34916,0
34917,0
34918,-4
34919,0
34920,-4
34921,8
34922,0
34923,0
34924,0
34925,2
34926,0
34927,-4
34928,-8
34929,0
34930,-4
34931,2
34932,0
34933,0
34934,0
34935,-4
34936,10
34937,4
34938,-4
34939,0
34940,0
34941,-4
34942,0
34943,0
34944,-6
34945,2
34946,4
34947,4
34948,0
34949,2
34950,-8
34951,0
34952,14
34953,2
34954,0
34955,-6
34956,6
34957,0
34958,8
34959,0
34960,-4
34961,4
34962,0
34963,0
34964,0
34965,0
34966,0
34967,0
34968,4
34969,-4
34970,-4
34971,0
34972,8
34973,-4
34974,0
34975,6
34976,10
34977,0
34978,0
34979,-4
34980,0
34981,-8
34982,2
34983,-4
34984,-4
34985,6
34986,-4
34987,-4
34988,0
34989,-4
34990,-4
34991,0
34992,-4
34993,-4
34994,0
34995,-4
34996,-4
34997,0
34998,-4
34999,-4
35000,-4
35001,-4
35002,-4
35003,-4
35004,-10
35005,-4
35006,0
35007,-4
35008,0
35009,-4
35010,0
35011,-4
35012,0
35013,-4
35014,-4
35015,-4
35016,2
35017,0
35018,-4
35019,0
35020,0
35021,0
35022,0
35023,0
35024,0
35025,0
35026,-4
35027,-4
35028,-4
35029,0
35030,8
35031,0
35032,0
35033,-4
35034,0
35035,-4
35036,0
35037,0
35038,0
35039,0
35040,0
35041,0
35042,-4
35043,-4
35044,0
35045,-4
35046,2
35047,4
35048,4
35049,6
35050,0
35051,-12
35052,2
35053,6
35054,0
35055,0
35056,0
35057,-12
35058,0
35059,2
35060,-10
35061,2
35062,0
35063,0
35064,0
35065,0
35066,6
35067,0
35068,-4
35069,0
35070,0
35071,0
35072,0
35073,4
35074,-4
35075,0
35076,-4
35077,0
35078,0
35079,0
35080,0
35081,-4
35082,0
35083,0
35084,0
35085,-4
35086,-4
35087,0
35088,-4
35089,-4
35090,-8
35091,-4
35092,-4
35093,0
35094,-4
35095,-20
35096,-4
35097,0
35098,-4
35099,-6
35100,-4
35101,-4
35102,-4
35103,-8
35104,0
35105,-4
35106,0
35107,-4
35108,-4
35109,0
35110,-4
35111,0
35112,-16
35113,0
35114,0
35115,0
35116,0
35117,0
35118,-4
35119,0
35120,-4
35121,0
35122,0
35123,0
35124,2
35125,-6
35126,-4
35127,0
35128,-4
35129,-4
35130,0
35131,0
35132,0
35133,0
35134,0
35135,8
35136,4
35137,-4
35138,0
35139,0
35140,0
35141,2
35142,0
35143,-4
35144,2
35145,2
35146,4
35147,0
35148,2
35149,0
35150,0
35151,2
35152,0
35153,-20
35154,0
35155,0
35156,-4
35157,4
35158,0
35159,-6
35160,-4
35161,0
35162,0
35163,-8
35164,0
35165,0
35166,0
35167,-4
35168,0
35169,0
35170,0
35171,0
35172,0
35173,4
35174,-4
35175,0
35176,4
35177,0
35178,0
35179,0
35180,-4
35181,-4
35182,4
35183,0
35184,0
35185,2
35186,-6
35187,-14
35188,0
35189,0
35190,-4
35191,-4
35192,-4
35193,-4
35194,-4
35195,-4
35196,-4
35197,0
35198,-4
35199,-4
35200,-4
35201,0
35202,-8
35203,-4
35204,-4
35205,6
35206,-4
35207,0
35208,6
35209,-4
35210,0
35211,-20
35212,0
35213,0
35214,-4
35215,-4
35216,-4
35217,2
35218,0
35219,8
35220,-4
35221,6
35222,0
35223,0
35224,0
35225,-4
35226,0
35227,0
35228,0
35229,-4
35230,0
35231,0
35232,0
35233,0
35234,0
35235,0
35236,2
35237,6
35238,4
35239,4
35240,4
35241,0
35242,0
35243,0
35244,4
35245,2
35246,8
35247,2
35248,0
35249,0
35250,10
35251,2
35252,-8
35253,0
35254,2
35255,4
35256,0
35257,2
35258,4
35259,0
35260,0
35261,0
35262,4
35263,0
35264,0
35265,0
35266,0
35267,-8
35268,0
35269,-4
35270,0
35271,0
35272,0
35273,0
35274,-4
35275,-4
35276,0
35277,0
35278,0
35279,0
35280,-4
35281,0
35282,6
35283,0
35284,0
35285,-4
35286,0
35287,0
35288,0
35289,0
35290,-4
35291,-4
35292,-4
35293,-4
35294,0
35295,0
35296,-4
35297,0
35298,0
35299,-4
35300,-4
35301,-4
35302,0
35303,0
35304,10
35305,0
35306,0
35307,-14
35308,-4
35309,0
35310,0
35311,0
35312,-4
35313,0
35314,0
35315,-4
35316,0
35317,0
35318,0
35319,0
35320,-4
35321,-4
35322,0
35323,0
35324,2
35325,0
35326,0
35327,0
35328,0
35329,-4
35330,-4
35331,0
35332,0
35333,-14
35334,0
35335,0
35336,2
35337,0
35338,2
35339,0
35340,2
35341,-4
35342,2
35343,-8
35344,4
35345,0
35346,4
35347,0
35348,0
35349,0
35350,0
35351,4
35352,0
35353,2
35354,-12
35355,2
35356,2
35357,10
35358,0
35359,2
35360,6
35361,0
35362,6
35363,0
35364,-12
35365,2
35366,0
35367,0
35368,0
35369,2
35370,0
35371,0
35372,6
35373,0
35374,-8
35375,-4
35376,0
35377,4
35378,2
35379,0
35380,-4
35381,-4
35382,-4
35383,-4
35384,0
35385,-4
35386,-4
35387,-4
35388,-4
35389,-4
35390,0
35391,-4
35392,-22
35393,-4
35394,-4
35395,-4
35396,-4
35397,-4
35398,-4
35399,0
35400,0
35401,-4
35402,0
35403,6
35404,-4
35405,-4
35406,-6
35407,-4
35408,-4
35409,-4
35410,-4
35411,0
35412,-4
35413,0
35414,0
35415,0
35416,0
35417,-4
35418,-4
35419,-4
35420,0
35421,0
35422,0
35423,0
35424,-4
35425,0
35426,0
35427,0
35428,-4
35429,-4
35430,0
35431,10
35432,0
35433,0
35434,0
35435,8
35436,0
35437,0
35438,0
35439,0
35440,2
35441,-4
35442,0
35443,0
35444,-4
35445,2
35446,0
35447,4
35448,-14
35449,0
35450,4
35451,0
35452,0
35453,-6
35454,0
35455,0
35456,0
35457,4
35458,2
35459,-4
35460,-4
35461,0
35462,0
35463,10
35464,0
35465,2
35466,0
35467,0
35468,0
35469,-4
35470,-8
35471,6
35472,0
35473,0
35474,-4
35475,2
35476,-4
35477,-4
35478,0
35479,0
35480,-4
35481,0
35482,-4
35483,-4
35484,0
35485,-4
35486,0
35487,-4
35488,0
35489,-6
35490,0
35491,-6
35492,0
35493,-4
35494,-18
35495,-4
35496,-8
35497,-4
35498,0
35499,-16
35500,-4
35501,-4
35502,-4
35503,0
35504,0
35505,6
35506,0
35507,0
35508,-16
35509,-4
35510,0
35511,-14
35512,0
35513,-4
35514,4
35515,-4
35516,-4
35517,0
35518,2
35519,0
35520,-4
35521,0
35522,-14
35523,0
35524,-4
35525,0
35526,0
35527,0
35528,-4
35529,-4
35530,0
35531,-4
35532,28
35533,2
35534,0
35535,6
35536,2
35537,4
35538,-4
35539,4
35540,10
35541,0
35542,4
35543,0
35544,0
35545,0
35546,0
35547,0
35548,0
35549,0
35550,4
35551,4
35552,-12
35553,2
35554,-4
35555,-12
35556,4
35557,0
35558,-4
35559,0
35560,0
35561,-4
35562,-14
35563,0
35564,0
35565,14
35566,0
35567,-10
35568,0
35569,0
35570,-4
35571,2
35572,0
35573,-8
35574,0
35575,0
35576,0
35577,-4
35578,2
35579,2
35580,2
35581,-4
35582,0
35583,-4
35584,0
35585,-4
35586,-4
35587,-4
35588,-4
35589,0
35590,0
35591,-4
35592,-4
35593,-4
35594,-4
35595,-16
35596,0
35597,-4
35598,-4
35599,-4
35600,0
35601,-4
35602,0
35603,-4
35604,-8
35605,0
35606,-4
35607,-4
35608,-4
35609,-4
35610,0
35611,0
35612,2
35613,-4
35614,-4
35615,0
35616,6
35617,0
35618,0
35619,8
35620,4
35621,-4
35622,0
35623,-4
35624,0
35625,0
35626,0
35627,6
35628,0
35629,0
35630,6
35631,0
35632,-4
35633,6
35634,6
35635,-4
35636,0
35637,2
35638,2
35639,0
35640,10
35641,4
35642,-4
35643,0
35644,0
35645,6
35646,-4
35647,0
35648,0
35649,0
35650,0
35651,0
35652,0
35653,0
35654,-14
35655,0
35656,4
35657,6
35658,2
35659,0
35660,0
35661,4
35662,-4
35663,-4
35664,-4
35665,0
35666,0
35667,0
35668,0
35669,0
35670,0
35671,0
35672,0
35673,14
35674,0
35675,0
35676,0
35677,0
35678,0
35679,-4
35680,4
35681,-4
35682,0
35683,0
35684,-4
35685,0
35686,-4
35687,-4
35688,-8
35689,0
35690,0
35691,0
35692,0
35693,0
35694,0
35695,-4
35696,-4
35697,-4
35698,-4
35699,-4
35700,-4
35701,-4
35702,0
35703,0
35704,-4
35705,-4
35706,-4
35707,-4
35708,-4
35709,-4
35710,-4
35711,6
35712,0
35713,0
35714,0
35715,4
35716,0
35717,0
35718,0
35719,-4
35720,0
35721,0
35722,0
35723,-4
35724,0
35725,0
35726,-4
35727,0
35728,0
35729,0
35730,0
35731,0
35732,-4
35733,4
35734,2
35735,4
35736,2
35737,0
35738,2
35739,0
35740,4
35741,0
35742,0
35743,0
35744,0
35745,0
35746,0
35747,2
35748,0
35749,0
35750,0
35751,10
35752,0
35753,14
35754,0
35755,4
35756,0
35757,0
35758,0
35759,-4
35760,-4
35761,0
35762,0
35763,4
35764,0
35765,0
35766,-4
35767,0
35768,0
35769,6
35770,0
35771,0
35772,6
35773,0
35774,6
35775,0
35776,0
35777,0
35778,-4
35779,0
35780,0
35781,0
35782,0
35783,0
35784,0
35785,0
35786,0
35787,-4
35788,-4
35789,-4
35790,0
35791,0
35792,0
35793,-4
35794,-4
35795,0
35796,-4
35797,-4
35798,-4
35799,-10
35800,-4
35801,-4
35802,-4
35803,-4
35804,-4
35805,0
35806,-4
35807,-4
35808,0
35809,0
35810,-4
35811,-8
35812,0
35813,0
35814,0
35815,0
35816,0
35817,0
35818,0
35819,0
35820,0
35821,-4
35822,0
35823,0
35824,0
35825,0
35826,0
35827,-4
35828,0
35829,-4
35830,0
35831,0
35832,0
35833,0
35834,0
35835,0
35836,0
35837,0
35838,0
35839,0
35840,-4
35841,0
35842,14
35843,-6
35844,6
35845,0
35846,4
35847,6
35848,10
35849,-6
35850,0
35851,0
35852,0
35853,2
35854,4
35855,0
35856,0
35857,0
35858,6
35859,8
35860,0
35861,0
35862,-4
35863,0
35864,0
35865,2
35866,0
35867,6
35868,0
35869,0
35870,-4
35871,-4
35872,0
35873,-4
35874,-4
35875,0
35876,0
35877,0
35878,2
35879,-4
35880,4
35881,0
35882,0
35883,0
35884,2
35885,0
35886,-4
35887,-4
35888,-4
35889,-4
35890,-4
35891,-4
35892,-14
35893,10
35894,-4
35895,0
35896,-4
35897,-4
35898,0
35899,-4
35900,0
35901,-4
35902,22
35903,0
35904,-4
35905,0
35906,-4
35907,-6
35908,0
35909,0
35910,-4
35911,-4
35912,-4
35913,0
35914,0
35915,-4
35916,-14
35917,0
35918,0
35919,-4
35920,0
35921,-4
35922,-4
35923,0
35924,-8
35925,-4
35926,0
35927,0
35928,0
35929,0
35930,0
35931,-4
35932,4
35933,4
35934,-4
35935,0
35936,0
35937,4
35938,0
35939,-4
35940,0
35941,2
35942,2
35943,0
35944,2
35945,-10
35946,4
35947,0
35948,0
35949,0
35950,6
35951,0
35952,6
35953,0
35954,-4
35955,0
35956,-4
35957,0
35958,0
35959,0
35960,6
35961,-6
35962,0
35963,0
35964,0
35965,0
35966,0
35967,4
35968,0
35969,0
35970,0
35971,0
35972,0
35973,-8
35974,0
35975,-4
35976,0
35977,-4
35978,0
35979,0
35980,0
35981,-8
35982,0
35983,-4
35984,0
35985,0
35986,0
35987,-4
35988,-4
35989,0
35990,0
35991,0
35992,0
35993,-4
35994,2
35995,0
35996,-4
35997,14
35998,0
35999,0
36000,-4
36001,0
36002,-4
36003,-4
36004,0
36005,-4
36006,0
36007,0
36008,-4
36009,-8
36010,-4
36011,-4
36012,0
36013,14
36014,-4
36015,0
36016,0
36017,0
36018,0
36019,0
36020,-8
36021,4
36022,-4
36023,0
36024,0
36025,0
36026,0
36027,0
36028,-4
36029,4
36030,-4
36031,0
36032,0
36033,0
36034,0
36035,0
36036,0
36037,6
36038,0
36039,0
36040,0
36041,0
36042,0
36043,2
36044,0
36045,0
36046,6
36047,0
36048,0
36049,2
36050,2
36051,2
36052,4
36053,0
36054,0
36055,-4
36056,0
36057,10
36058,0
36059,2
36060,-4
36061,0
36062,-4
36063,4
36064,0
36065,-4
36066,-4
36067,-4
36068,14
36069,0
36070,0
36071,0
36072,2
36073,4
36074,0
36075,0
36076,0
36077,0
36078,-4
36079,6
36080,4
36081,6
36082,-4
36083,0
36084,0
36085,0
36086,0
36087,0
36088,-4
36089,-4
36090,0
36091,-4
36092,-4
36093,0
36094,0
36095,-4
36096,-6
36097,0
36098,0
36099,-4
36100,-4
36101,-14
36102,-4
36103,-8
36104,0
36105,-4
36106,-4
36107,-4
36108,-4
36109,-4
36110,0
36111,4
36112,6
36113,-4
36114,0
36115,-12
36116,0
36117,-14
36118,0
36119,0
36120,-4
36121,0
36122,0
36123,0
36124,0
36125,10
36126,0
36127,0
36128,0
36129,4
36130,0
36131,0
36132,4
36133,0
36134,0
36135,0
36136,0
36137,0
36138,0
36139,0
36140,0
36141,-4
36142,0
36143,0
36144,0
36145,-4
36146,0
36147,0
36148,-4
36149,0
36150,0
36151,0
36152,0
36153,2
36154,0
36155,4
36156,6
36157,4
36158,0
36159,0
36160,0
36161,0
36162,-4
36163,0
36164,0
36165,0
36166,0
36167,6
36168,-4
36169,0
36170,0
36171,0
36172,0
36173,0
36174,8
36175,-4
36176,0
36177,-4
36178,0
36179,0
36180,-4
36181,-4
36182,-4
36183,0
36184,-4
36185,-4
36186,0
36187,-4
36188,-4
36189,-4
36190,-4
36191,0
36192,0
36193,-4
36194,-4
36195,-6
36196,-6
36197,-4
36198,-4
36199,0
36200,0
36201,-4
36202,-8
36203,-4
36204,-4
36205,-4
36206,-4
36207,-4
36208,-4
36209,0
36210,0
36211,0
36212,0
36213,0
36214,6
36215,0
36216,0
36217,-4
36218,-14
36219,-4
36220,0
36221,-4
36222,0
36223,0
36224,0
36225,0
36226,0
36227,0
36228,0
36229,-4
36230,0
36231,-4
36232,0
36233,0
36234,-4
36235,0
36236,0
36237,0
36238,0
36239,-4
36240,-4
36241,4
36242,2
36243,-4
36244,0
36245,0
36246,2
36247,0
36248,10
36249,4
36250,6
36251,0
36252,6
36253,0
36254,0
36255,0
36256,4
36257,0
36258,-4
36259,0
36260,0
36261,0
36262,0
36263,-4
36264,0
36265,0
36266,-4
36267,-4
36268,-4
36269,0
36270,0
36271,0
36272,0
36273,0
36274,0
36275,0
36276,-4
36277,0
36278,0
36279,-4
36280,0
36281,-4
36282,-4
36283,0
36284,-4
36285,0
36286,-4
36287,6
36288,-4
36289,0
36290,-4
36291,-4
36292,-4
36293,0
36294,0
36295,0
36296,-4
36297,-6
36298,-4
36299,-4
36300,-10
36301,-4
36302,-4
36303,-4
36304,-4
36305,0
36306,0
36307,-4
36308,-4
36309,-4
36310,-4
36311,-4
36312,0
36313,-4
36314,-4
36315,0
36316,0
36317,0
36318,0
36319,4
36320,0
36321,0
36322,0
36323,0
36324,0
36325,0
36326,0
36327,-4
36328,0
36329,-8
36330,0
36331,10
36332,-4
36333,0
36334,0
36335,0
36336,-4
36337,2
36338,0
36339,-6
36340,0
36341,0
36342,10
36343,0
36344,-6
36345,0
36346,0
36347,-8
36348,4
36349,2
36350,0
36351,4
36352,0
36353,-4
36354,0
36355,0
36356,4
36357,-20
36358,0
36359,0
36360,2
36361,0
36362,-4
36363,6
36364,0
36365,0
36366,0
36367,0
36368,10
36369,0
36370,-4
36371,0
36372,0
36373,0
36374,0
36375,0
36376,0
36377,-4
36378,6
36379,0
36380,-4
36381,0
36382,-4
36383,-4
36384,-4
36385,0
36386,-4
36387,-4
36388,0
36389,-8
36390,0
36391,-4
36392,2
36393,4
36394,-4
36395,0
36396,-4
36397,-14
36398,-4
36399,0
36400,-4
36401,-8
36402,-4
36403,-4
36404,-4
36405,-4
36406,-14
36407,0
36408,-4
36409,-14
36410,0
36411,-4
36412,0
36413,0
36414,0
36415,0
36416,0
36417,0
36418,0
36419,0
36420,0
36421,-4
36422,16
36423,0
36424,0
36425,0
36426,0
36427,0
36428,0
36429,-4
36430,0
36431,-4
36432,0
36433,2
36434,0
36435,0
36436,0
36437,10
36438,0
36439,0
36440,2
36441,0
36442,2
36443,4
36444,0
36445,10
36446,4
36447,2
36448,0
36449,4
36450,0
36451,10
36452,0
36453,4
36454,0
36455,-4
36456,0
36457,2
36458,-4
36459,6
36460,0
36461,0
36462,8
36463,0
36464,0
36465,4
36466,0
36467,0
36468,0
36469,0
36470,0
36471,0
36472,0
36473,0
36474,0
36475,0
36476,-14
36477,-4
36478,-4
36479,0
36480,0
36481,0
36482,4
36483,-6
36484,0
36485,-4
36486,0
36487,-4
36488,0
36489,-4
36490,0
36491,-4
36492,-4
36493,0
36494,-4
36495,-4
36496,-4
36497,0
36498,-4
36499,0
36500,-4
36501,-4
36502,0
36503,0
36504,0
36505,-4
36506,0
36507,-4
36508,6
36509,-4
36510,-4
36511,-4
36512,-4
36513,0
36514,-8
36515,-4
36516,0
36517,0
36518,-4
36519,0
36520,0
36521,0
36522,0
36523,0
36524,0
36525,0
36526,-4
36527,2
36528,0
36529,0
36530,0
36531,0
36532,0
36533,0
36534,0
36535,2
36536,6
36537,0
36538,-4
36539,0
36540,0
36541,10
36542,0
36543,2
36544,0
36545,0
36546,14
36547,6
36548,-6
36549,10
36550,6
36551,0
36552,-4
36553,0
36554,0
36555,4
36556,0
36557,0
36558,-6
36559,0
36560,0
36561,4
36562,0
36563,6
36564,6
36565,-4
36566,0
36567,10
36568,0
36569,0
36570,0
36571,16
36572,0
36573,0
36574,4
36575,-4
36576,0
36577,4
36578,0
36579,0
36580,0
36581,0
36582,0
36583,-4
36584,0
36585,0
36586,0
36587,0
36588,2
36589,-4
36590,0
36591,-14
36592,0
36593,0
36594,-4
36595,0
36596,0
36597,-4
36598,4
36599,0
36600,4
36601,0
36602,-4
36603,0
36604,-4
36605,0
36606,-4
36607,0
36608,-4
36609,0
36610,-4
36611,0
36612,-4
36613,0
36614,0
36615,0
36616,0
36617,-4
36618,0
36619,-4
36620,-4
36621,-4
36622,0
36623,0
36624,0
36625,0
36626,-14
36627,-10
36628,0
36629,-4
36630,0
36631,-4
36632,0
36633,0
36634,-4
36635,0
36636,0
36637,0
36638,6
36639,-4
36640,0
36641,4
36642,0
36643,0
36644,6
36645,0
36646,2
36647,0
36648,0
36649,0
36650,0
36651,0
36652,4
36653,-4
36654,0
36655,0
36656,0
36657,-16
36658,2
36659,0
36660,6
36661,4
36662,0
36663,4
36664,0
36665,0
36666,4
36667,0
36668,0
36669,0
36670,0
36671,0
36672,0
36673,0
36674,14
36675,0
36676,0
36677,0
36678,0
36679,2
36680,0
36681,-4
36682,-4
36683,-4
36684,0
36685,-4
36686,24
36687,0
36688,-24
36689,-4
36690,0
36691,-4
36692,0
36693,0
36694,-8
36695,-4
36696,-4
36697,0
36698,-4
36699,-4
36700,-4
36701,-8
36702,-4
36703,-4
36704,0
36705,-4
36706,14
36707,0
36708,0
36709,6
36710,4
36711,-4
36712,16
36713,0
36714,0
36715,8
36716,4
36717,0
36718,-4
36719,0
36720,-4
36721,0
36722,0
36723,0
36724,0
36725,4
36726,4
36727,10
36728,0
36729,2
36730,0
36731,0
36732,0
36733,2
36734,6
36735,0
36736,10
36737,0
36738,4
36739,0
36740,0
36741,2
36742,2
36743,-4
36744,0
36745,2
36746,2
36747,4
36748,4
36749,0
36750,2
36751,4
36752,2
36753,8
36754,6
36755,-4
36756,10
36757,6
36758,2
36759,0
36760,4
36761,0
36762,4
36763,0
36764,0
36765,0
36766,0
36767,0
36768,0
36769,0
36770,0
36771,0
36772,4
36773,0
36774,0
36775,-4
36776,0
36777,-4
36778,-4
36779,0
36780,0
36781,4
36782,-4
36783,0
36784,0
36785,0
36786,-4
36787,-4
36788,-4
36789,-4
36790,-4
36791,-4
36792,-4
36793,4
36794,-4
36795,-4
36796,-4
36797,0
36798,-4
36799,0
36800,-4
36801,-4
36802,0
36803,-4
36804,0
36805,0
36806,2
36807,0
36808,0
36809,2
36810,-4
36811,0
36812,0
36813,-4
36814,8
36815,-4
36816,0
36817,2
36818,-4
36819,0
36820,0
36821,-4
36822,0
36823,0
36824,-14
36825,0
36826,4
36827,0
36828,-4
36829,0
36830,0
36831,0
36832,6
36833,0
36834,-4
36835,0
36836,0
36837,0
36838,4
36839,0
36840,0
36841,-4
36842,-4
36843,-4
36844,18
36845,4
36846,6
36847,2
36848,6
36849,-4
36850,2
36851,0
36852,4
36853,2
36854,2
36855,-14
36856,-4
36857,0
36858,-8
36859,0
36860,0
36861,-4
36862,-4
36863,-4
36864,0
36865,6
36866,0
36867,0
36868,-4
36869,8
36870,0
36871,0
36872,0
36873,-8
36874,0
36875,-10
36876,2
36877,0
36878,0
36879,0
36880,0
36881,-4
36882,-4
36883,0
36884,-4
36885,-4
36886,-4
36887,-4
36888,-4
36889,-4
36890,0
36891,0
36892,4
36893,-4
36894,8
36895,-4
36896,-4
36897,-4
36898,-4
36899,0
36900,-4
36901,0
36902,18
36903,-4
36904,8
36905,-4
36906,0
36907,-4
36908,0
36909,-4
36910,-8
36911,0
36912,0
36913,-4
36914,0
36915,0
36916,0
36917,0
36918,6
36919,0
36920,0
36921,0
36922,-4
36923,0
36924,0
36925,6
36926,0
36927,0
36928,0
36929,0
36930,0
36931,0
36932,2
36933,0
36934,0
36935,0
36936,6
36937,0
36938,0
36939,0
36940,4
36941,0
36942,0
36943,0
36944,6
36945,0
36946,0
36947,4
36948,2
36949,0
36950,0
36951,2
36952,2
36953,0
36954,0
36955,0
36956,4
36957,-14
36958,0
36959,0
36960,-4
36961,-4
36962,6
36963,6
36964,0
36965,0
36966,0
36967,0
36968,2
36969,0
36970,0
36971,0
36972,0
36973,0
36974,0
36975,-4
36976,0
36977,0
36978,0
36979,0
36980,0
36981,0
36982,0
36983,-4
36984,-4
36985,-4
36986,0
36987,-4
36988,-4
36989,0
36990,0
36991,-4
36992,-4
36993,-4
36994,-4
36995,-4
36996,-4
36997,0
36998,-4
36999,0
37000,10
37001,0
37002,-4
37003,-4
37004,-4
37005,0
37006,-22
37007,0
37008,0
37009,-4
37010,-4
37011,0
37012,6
37013,0
37014,0
37015,-4
37016,0
37017,-4
37018,0
37019,0
37020,-4
37021,0
37022,0
37023,-4
37024,4
37025,0
37026,0
37027,0
37028,0
37029,0
37030,2
37031,0
37032,0
37033,0
37034,0
37035,4
37036,0
37037,0
37038,0
37039,0
37040,6
37041,4
37042,0
37043,2
37044,6
37045,2
37046,2
37047,4
37048,4
37049,0
37050,4
37051,0
37052,0
37053,4
37054,0
37055,0
37056,0
37057,0
37058,0
37059,14
37060,4
37061,0
37062,-8
37063,-4
37064,0
37065,0
37066,0
37067,0
37068,0
37069,-4
37070,0
37071,2
37072,0
37073,0
37074,0
37075,0
37076,0
37077,0
37078,0
37079,0
37080,0
37081,0
37082,0
37083,0
37084,-4
37085,0
37086,0
37087,0
37088,0
37089,2
37090,-4
37091,0
37092,0
37093,0
37094,-4
37095,-4
37096,-4
37097,-4
37098,-4
37099,-4
37100,0
37101,6
37102,-4
37103,-4
37104,-4
37105,-14
37106,0
37107,0
37108,-16
37109,-4
37110,0
37111,6
37112,0
37113,0
37114,-8
37115,-4
37116,2
37117,0
37118,-4
37119,0
37120,0
37121,-8
37122,4
37123,0
37124,0
37125,0
37126,-14
37127,0
37128,-10
37129,-4
37130,10
37131,6
37132,0
37133,-4
37134,0
37135,0
37136,0
37137,0
37138,0
37139,-4
37140,0
37141,4
37142,0
37143,2
37144,0
37145,0
37146,0
37147,-4
37148,0
37149,-4
37150,0
37151,0
37152,0
37153,0
37154,0
37155,16
37156,0
37157,0
37158,-8
37159,2
37160,4
37161,0
37162,0
37163,0
37164,0
37165,4
37166,0
37167,-4
37168,2
37169,-12
37170,0
37171,0
37172,0
37173,0
37174,0
37175,0
37176,0
37177,-4
37178,0
37179,-4
37180,0
37181,0
37182,-4
37183,0
37184,0
37185,-4
37186,0
37187,0
37188,-4
37189,10
37190,-4
37191,-4
37192,-4
37193,-4
37194,-4
37195,-4
37196,0
37197,-8
37198,-4
37199,0
37200,-4
37201,0
37202,-4
37203,-4
37204,-8
37205,-4
37206,-4
37207,8
37208,0
37209,-4
37210,0
37211,0
37212,-4
37213,-4
37214,4
37215,0
37216,4
37217,-4
37218,0
37219,-4
37220,0
37221,-4
37222,0
37223,0
37224,0
37225,-4
37226,0
37227,0
37228,-4
37229,0
37230,0
37231,0
37232,0
37233,2
37234,2
37235,0
37236,0
37237,6
37238,0
37239,0
37240,-4
37241,0
37242,0
37243,2
37244,-4
37245,0
37246,0
37247,0
37248,2
37249,-8
37250,0
37251,2
37252,0
37253,0
37254,-12
37255,0
37256,0
37257,-4
37258,0
37259,0
37260,0
37261,4
37262,-4
37263,0
37264,0
37265,0
37266,2
37267,6
37268,2
37269,0
37270,-6
37271,0
37272,0
37273,-4
37274,0
37275,6
37276,-4
37277,0
37278,-4
37279,0
37280,0
37281,0
37282,0
37283,-4
37284,-4
37285,-4
37286,0
37287,-4
37288,-4
37289,0
37290,-4
37291,-4
37292,0
37293,0
37294,0
37295,-4
37296,-4
37297,0
37298,-4
37299,-4
37300,-4
37301,0
37302,-4
37303,-4
37304,-4
37305,-4
37306,0
37307,-4
37308,0
37309,10
37310,-4
37311,0
37312,6
37313,-4
37314,0
37315,0
37316,0
37317,-4
37318,-4
37319,14
37320,0
37321,0
37322,0
37323,0
37324,2
37325,0
37326,0
37327,0
37328,0
37329,0
37330,0
37331,0
37332,0
37333,0
37334,0
37335,4
37336,0
37337,0
37338,2
37339,2
37340,0
37341,0
37342,0
37343,0
37344,2
37345,10
37346,0
37347,6
37348,-4
37349,2
37350,0
37351,-8
37352,0
37353,6
37354,0
37355,0
37356,4
37357,0
37358,0
37359,0
37360,0
37361,0
37362,-4
37363,0
37364,0
37365,6
37366,-4
37367,-4
37368,-4
37369,0
37370,0
37371,0
37372,0
37373,0
37374,-4
37375,0
37376,-4
37377,0
37378,0
37379,0
37380,2
37381,0
37382,0
37383,-4
37384,-4
37385,-4
37386,-4
37387,0
37388,-4
37389,-4
37390,-4
37391,-4
37392,-4
37393,0
37394,-4
37395,10
37396,-4
37397,-4
37398,0
37399,-4
37400,-4
37401,-4
37402,0
37403,-4
37404,-4
37405,-10
37406,0
37407,0
37408,-14
37409,-4
37410,-4
37411,16
37412,-4
37413,0
37414,0
37415,0
37416,0
37417,2
37418,0
37419,0
37420,0
37421,-4
37422,-4
37423,10
37424,-4
37425,-4
37426,0
37427,-4
37428,0
37429,0
37430,0
37431,0
37432,0
37433,0
37434,0
37435,2
37436,0
37437,4
37438,2
37439,0
37440,0
37441,0
37442,0
37443,0
37444,0
37445,4
37446,-4
37447,2
37448,4
37449,0
37450,0
37451,0
37452,6
37453,2
37454,6
37455,4
37456,0
37457,4
37458,0
37459,0
37460,0
37461,-4
37462,0
37463,0
37464,0
37465,0
37466,0
37467,0
37468,-4
37469,6
37470,0
37471,0
37472,0
37473,0
37474,6
37475,0
37476,0
37477,-8
37478,0
37479,0
37480,0
37481,0
37482,-4
37483,-4
37484,0
37485,0
37486,0
37487,0
37488,0
37489,-4
37490,-4
37491,0
37492,0
37493,0
37494,-4
37495,0
37496,8
37497,-4
37498,-4
37499,-4
37500,0
37501,-4
37502,0
37503,-4
37504,0
37505,-4
37506,-4
37507,-4
37508,-8
37509,-4
37510,-4
37511,-4
37512,-6
37513,0
37514,-4
37515,2
37516,-4
37517,0
37518,-4
37519,0
37520,2
37521,-14
37522,8
37523,-4
37524,0
37525,-4
37526,0
37527,0
37528,0
37529,0
37530,0
37531,0
37532,0
37533,0
37534,0
37535,0
37536,4
37537,0
37538,0
37539,0
37540,0
37541,4
37542,0
37543,-4
37544,0
37545,2
37546,0
37547,6
37548,4
37549,0
37550,0
37551,4
37552,0
37553,4
37554,16
37555,0
37556,0
37557,6
37558,0
37559,0
37560,6
37561,2
37562,0
37563,0
37564,-10
37565,2
37566,0
37567,0
37568,0
37569,0
37570,-4
37571,0
37572,0
37573,0
37574,0
37575,0
37576,0
37577,0
37578,-4
37579,0
37580,2
37581,0
37582,-4
37583,0
37584,-4
37585,-4
37586,0
37587,-4
37588,-4
37589,-4
37590,-4
37591,-4
37592,-4
37593,0
37594,0
37595,0
37596,0
37597,-8
37598,0
37599,0
37600,-4
37601,-4
37602,-4
37603,-4
37604,-4
37605,0
37606,-22
37607,-4
37608,-4
37609,0
37610,0
37611,0
37612,-4
37613,0
37614,0
37615,0
37616,0
37617,0
37618,0
37619,-4
37620,-4
37621,0
37622,0
37623,0
37624,-12
37625,0
37626,0
37627,0
37628,0
37629,0
37630,0
37631,-4
37632,0
37633,0
37634,0
37635,0
37636,0
37637,0
37638,6
37639,0
37640,0
37641,-4
37642,4
37643,0
37644,2
37645,0
37646,2
37647,2
37648,0
37649,14
37650,0
37651,-4
37652,0
37653,4
37654,-4
37655,4
37656,2
37657,4
37658,0
37659,-4
37660,0
37661,0
37662,4
37663,4
37664,0
37665,0
37666,6
37667,0
37668,10
37669,-4
37670,0
37671,0
37672,-8
37673,0
37674,0
37675,6
37676,0
37677,0
37678,0
37679,0
37680,2
37681,0
37682,-4
37683,-4
37684,-4
37685,0
37686,0
37687,-4
37688,-4
37689,-4
37690,-4
37691,-4
37692,-4
37693,2
37694,-4
37695,0
37696,-4
37697,-4
37698,-4
37699,-14
37700,-4
37701,-4
37702,-4
37703,10
37704,-4
37705,-4
37706,-4
37707,-4
37708,0
37709,0
37710,0
37711,4
37712,-4
37713,0
37714,0
37715,0
37716,0
37717,0
37718,-4
37719,2
37720,0
37721,0
37722,0
37723,0
37724,0
37725,0
37726,0
37727,0
37728,0
37729,0
37730,0
37731,0
37732,-4
37733,0
37734,0
37735,0
37736,0
37737,0
37738,2
37739,0
37740,6
37741,0
37742,0
37743,0
37744,0
37745,0
37746,4
37747,0
37748,-4
37749,0
37750,0
37751,0
37752,0
37753,0
37754,0
37755,8
37756,0
37757,0
37758,2
37759,-4
37760,0
37761,10
37762,0
37763,0
37764,0
37765,6
37766,0
37767,0
37768,0
37769,6
37770,0
37771,0
37772,0
37773,0
37774,0
37775,0
37776,0
37777,0
37778,-4
37779,-4
37780,-4
37781,0
37782,0
37783,6
37784,0
37785,0
37786,0
37787,-4
37788,-4
37789,0
37790,-4
37791,-4
37792,-6
37793,0
37794,-6
37795,-4
37796,-4
37797,-4
37798,0
37799,-4
37800,-4
37801,-4
37802,-4
37803,-4
37804,-4
37805,-4
37806,-4
37807,-4
37808,-4
37809,-4
37810,0
37811,0
37812,0
37813,-4
37814,0
37815,-4
37816,0
37817,0
37818,-4
37819,0
37820,0
37821,6
37822,-4
37823,2
37824,0
37825,2
37826,0
37827,0
37828,0
37829,0
37830,0
37831,0
37832,0
37833,0
37834,0
37835,0
37836,4
37837,-4
37838,4
37839,0
37840,0
37841,0
37842,2
37843,0
37844,2
37845,0
37846,6
37847,6
37848,2
37849,0
37850,0
37851,0
37852,0
37853,2
37854,-10
37855,0
37856,0
37857,-8
37858,0
37859,-4
37860,0
37861,0
37862,0
37863,6
37864,2
37865,-4
37866,-4
37867,0
37868,0
37869,0
37870,-4
37871,-4
37872,0
37873,0
37874,6
37875,0
37876,0
37877,-4
37878,2
37879,0
37880,-4
37881,0
37882,0
37883,4
37884,6
37885,0
37886,0
37887,2
37888,-4
37889,-4
37890,0
37891,-4
37892,0
37893,-4
37894,-4
37895,-4
37896,-4
37897,-4
37898,0
37899,-4
37900,0
37901,-4
37902,-4
37903,-4
37904,0
37905,0
37906,8
37907,-4
37908,0
37909,8
37910,0
37911,0
37912,-14
37913,-4
37914,0
37915,-4
37916,0
37917,0
37918,0
37919,0
37920,0
37921,0
37922,0
37923,0
37924,0
37925,0
37926,-4
37927,0
37928,2
37929,0
37930,0
37931,0
37932,0
37933,0
37934,0
37935,0
37936,0
37937,-8
37938,2
37939,0
37940,6
37941,4
37942,10
37943,-4
37944,0
37945,4
37946,2
37947,6
37948,2
37949,-4
37950,0
37951,4
37952,0
37953,0
37954,0
37955,0
37956,0
37957,0
37958,0
37959,-10
37960,-4
37961,2
37962,0
37963,0
37964,-4
37965,-4
37966,-4
37967,0
37968,-4
37969,-4
37970,0
37971,10
37972,-8
37973,6
37974,0
37975,0
37976,0
37977,0
37978,0
37979,0
37980,0
37981,-4
37982,-4
37983,-4
37984,0
37985,-4
37986,-4
37987,-4
37988,-4
37989,0
37990,0
37991,0
37992,-8
37993,-4
37994,-4
37995,-4
37996,0
37997,-4
37998,0
37999,-4
38000,-4
38001,-4
38002,-4
38003,20
38004,-4
38005,-8
38006,-4
38007,0
38008,-4
38009,-4
38010,-4
38011,-4
38012,0
38013,0
38014,0
38015,2
38016,0
38017,-14
38018,-4
38019,0
38020,6
38021,0
38022,0
38023,0
38024,6
38025,0
38026,0
38027,4
38028,0
38029,0
38030,0
38031,0
38032,0
38033,0
38034,0
38035,2
38036,2
38037,0
38038,0
38039,4
38040,0
38041,0
38042,0
38043,2
38044,0
38045,0
38046,-4
38047,2
38048,0
38049,2
38050,0
38051,4
38052,0
38053,0
38054,0
38055,18
38056,4
38057,0
38058,-8
38059,0
38060,0
38061,-4
38062,2
38063,2
38064,0
38065,4
38066,0
38067,0
38068,2
38069,0
38070,0
38071,0
38072,0
38073,0
38074,0
38075,4
38076,0
38077,0
38078,0
38079,0
38080,6
38081,0
38082,0
38083,0
38084,0
38085,0
38086,0
38087,-4
38088,0
38089,18
38090,-4
38091,-4
38092,-4
38093,-4
38094,0
38095,0
38096,-4
38097,-4
38098,-4
38099,-4
38100,0
38101,-4
38102,0
38103,-4
38104,-4
38105,0
38106,-4
38107,-4
38108,0
38109,-4
38110,-4
38111,2
38112,0
38113,-6
38114,0
38115,0
38116,0
38117,-4
38118,-4
38119,-4
38120,-8
38121,4
38122,0
38123,4
38124,0
38125,0
38126,2
38127,0
38128,-4
38129,0
38130,0
38131,0
38132,0
38133,0
38134,0
38135,0
38136,0
38137,18
38138,4
38139,14
38140,2
38141,0
38142,0
38143,0
38144,0
38145,2
38146,2
38147,2
38148,6
38149,0
38150,0
38151,0
38152,-4
38153,0
38154,-8
38155,2
38156,2
38157,-4
38158,0
38159,0
38160,6
38161,0
38162,-4
38163,4
38164,10
38165,0
38166,2
38167,-14
38168,0
38169,14
38170,0
38171,0
38172,-4
38173,0
38174,0
38175,0
38176,0
38177,0
38178,0
38179,0
38180,10
38181,-4
38182,0
38183,0
38184,0
38185,-4
38186,-4
38187,0
38188,0
38189,-4
38190,4
38191,-4
38192,-4
38193,-4
38194,0
38195,-4
38196,0
38197,-4
38198,-4
38199,-4
38200,-4
38201,-4
38202,0
38203,0
38204,0
38205,-4
38206,4
38207,0
38208,-4
38209,4
38210,-4
38211,-4
38212,-10
38213,0
38214,0
38215,6
38216,0
38217,0
38218,0
38219,-4
38220,0
38221,0
38222,0
38223,-4
38224,-4
38225,8
38226,0
38227,0
38228,0
38229,0
38230,4
38231,0
38232,0
38233,18
38234,0
38235,0
38236,0
38237,0
38238,2
38239,0
38240,2
38241,2
38242,0
38243,10
38244,0
38245,-10
38246,-4
38247,0
38248,0
38249,-4
38250,-4
38251,0
38252,0
38253,6
38254,0
38255,0
38256,-20
38257,-4
38258,0
38259,-4
38260,0
38261,0
38262,-4
38263,0
38264,4
38265,0
38266,0
38267,0
38268,-4
38269,0
38270,10
38271,0
38272,-4
38273,0
38274,8
38275,-4
38276,-14
38277,4
38278,-4
38279,-4
38280,0
38281,-8
38282,6
38283,0
38284,-4
38285,0
38286,-4
38287,0
38288,-4
38289,-4
38290,-4
38291,0
38292,-4
38293,-6
38294,-4
38295,0
38296,0
38297,-4
38298,-4
38299,-4
38300,-4
38301,-4
38302,-4
38303,-6
38304,-4
38305,2
38306,0
38307,-4
38308,6
38309,-4
38310,-4
38311,-6
38312,0
38313,-4
38314,4
38315,-4
38316,0
38317,-8
38318,0
38319,6
38320,2
38321,-4
38322,0
38323,4
38324,0
38325,0
38326,-4
38327,0
38328,2
38329,0
38330,0
38331,0
38332,0
38333,0
38334,0
38335,0
38336,-4
38337,0
38338,4
38339,0
38340,0
38341,2
38342,0
38343,0
38344,0
38345,2
38346,0
38347,10
38348,4
38349,0
38350,2
38351,-12
38352,0
38353,0
38354,0
38355,10
38356,0
38357,0
38358,10
38359,-4
38360,0
38361,8
38362,4
38363,0
38364,6
38365,-4
38366,-4
38367,0
38368,0
38369,0
38370,2
38371,0
38372,6
38373,-4
38374,0
38375,0
38376,-4
38377,-14
38378,10
38379,-8
38380,0
38381,-4
38382,0
38383,0
38384,-4
38385,-4
38386,-4
38387,0
38388,0
38389,0
38390,-4
38391,-4
38392,-4
38393,-4
38394,0
38395,0
38396,0
38397,0
38398,-4
38399,-4
38400,0
38401,-4
38402,0
38403,-4
38404,-4
38405,0
38406,0
38407,-4
38408,-4
38409,-6
38410,-4
38411,-4
38412,0
38413,6
38414,0
38415,-4
38416,-4
38417,-4
38418,0
38419,0
38420,4
38421,0
38422,0
38423,0
38424,0
38425,0
38426,-4
38427,0
38428,0
38429,0
38430,6
38431,0
38432,0
38433,-4
38434,-4
38435,0
38436,0
38437,2
38438,0
38439,0
38440,2
38441,-4
38442,0
38443,0
38444,4
38445,0
38446,2
38447,6
38448,0
38449,0
38450,0
38451,2
38452,10
38453,0
38454,-12
38455,2
38456,0
38457,-14
38458,0
38459,0
38460,-8
38461,0
38462,0
38463,0
38464,-12
38465,0
38466,0
38467,-10
38468,-4
38469,0
38470,0
38471,0
38472,0
38473,0
38474,0
38475,0
38476,4
38477,-4
38478,0
38479,0
38480,0
38481,0
38482,0
38483,-4
38484,-4
38485,-4
38486,0
38487,0
38488,-4
38489,-4
38490,-4
38491,8
38492,0
38493,-4
38494,-4
38495,-4
38496,-4
38497,0
38498,-4
38499,-4
38500,-4
38501,-4
38502,0
38503,0
38504,-4
38505,-4
38506,-6
38507,0
38508,0
38509,14
38510,-4
38511,-4
38512,0
38513,-4
38514,-4
38515,-4
38516,-4
38517,-4
38518,0
38519,0
38520,0
38521,0
38522,2
38523,0
38524,0
38525,0
38526,0
38527,0
38528,8
38529,0
38530,0
38531,0
38532,2
38533,0
38534,0
38535,2
38536,0
38537,2
38538,0
38539,0
38540,0
38541,0
38542,4
38543,0
38544,2
38545,-4
38546,0
38547,0
38548,10
38549,2
38550,2
38551,0
38552,0
38553,-4
38554,0
38555,6
38556,4
38557,0
38558,0
38559,10
38560,0
38561,4
38562,-8
38563,0
38564,0
38565,0
38566,10
38567,6
38568,0
38569,0
38570,10
38571,0
38572,0
38573,0
38574,4
38575,0
38576,0
38577,0
38578,0
38579,-4
38580,0
38581,0
38582,0
38583,0
38584,0
38585,0
38586,-4
38587,-4
38588,-4
38589,-4
38590,-8
38591,0
38592,-4
38593,-4
38594,0
38595,0
38596,0
38597,-4
38598,0
38599,-4
38600,0
38601,-4
38602,-4
38603,-4
38604,-4
38605,4
38606,-4
38607,-4
38608,4
38609,-4
38610,-4
38611,-4
38612,0
38613,0
38614,6
38615,0
38616,-4
38617,2
38618,-4
38619,4
38620,0
38621,0
38622,0
38623,0
38624,0
38625,0
38626,0
38627,0
38628,18
38629,0
38630,0
38631,0
38632,-4
38633,0
38634,0
38635,-4
38636,0
38637,2
38638,0
38639,4
38640,0
38641,2
38642,0
38643,0
38644,0
38645,6
38646,0
38647,4
38648,0
38649,4
38650,6
38651,6
38652,0
38653,0
38654,0
38655,10
38656,0
38657,4
38658,10
38659,0
38660,6
38661,-8
38662,0
38663,0
38664,6
38665,6
38666,0
38667,0
38668,0
38669,0
38670,0
38671,-16
38672,-4
38673,0
38674,8
38675,-4
38676,14
38677,-4
38678,0
38679,-4
38680,6
38681,-4
38682,0
38683,2
38684,0
38685,-4
38686,0
38687,0
38688,-4
38689,-4
38690,-4
38691,0
38692,-4
38693,-4
38694,0
38695,0
38696,0
38697,-4
38698,-6
38699,-4
38700,-4
38701,0
38702,-4
38703,-4
38704,-4
38705,0
38706,-6
38707,-4
38708,0
38709,-4
38710,-4
38711,-6
38712,2
38713,-4
38714,-4
38715,-4
38716,-4
38717,0
38718,0
38719,-4
38720,-4
38721,0
38722,0
38723,0
38724,0
38725,0
38726,0
38727,0
38728,0
38729,2
38730,0
38731,0
38732,0
38733,0
38734,-8
38735,2
38736,0
38737,0
38738,0
38739,0
38740,0
38741,4
38742,4
38743,0
38744,0
38745,4
38746,0
38747,0
38748,2
38749,6
38750,0
38751,0
38752,0
38753,0
38754,10
38755,4
38756,0
38757,-10
38758,4
38759,0
38760,8
38761,2
38762,0
38763,0
38764,10
38765,4
38766,0
38767,10
38768,0
38769,-4
38770,0
38771,0
38772,10
38773,0
38774,0
38775,0
38776,0
38777,-4
38778,0
38779,0
38780,6
38781,0
38782,0
38783,-4
38784,0
38785,-4
38786,0
38787,-4
38788,0
38789,-4
38790,-4
38791,0
38792,-4
38793,-6
38794,-4
38795,0
38796,-4
38797,-6
38798,-6
38799,-4
38800,0
38801,-4
38802,-6
38803,-4
38804,-4
38805,0
38806,-6
38807,-4
38808,-4
38809,-12
38810,-4
38811,-4
38812,4
38813,-4
38814,-4
38815,0
38816,2
38817,0
38818,-6
38819,0
38820,-4
38821,4
38822,0
38823,-4
38824,-4
38825,0
38826,0
38827,0
38828,0
38829,0
38830,0
38831,0
38832,0
38833,0
38834,-4
38835,-30
38836,0
38837,0
38838,0
38839,0
38840,0
38841,0
38842,0
38843,-8
38844,2
38845,0
38846,0
38847,10
38848,4
38849,0
38850,2
38851,0
38852,0
38853,4
38854,0
38855,0
38856,4
38857,4
38858,6
38859,0
38860,0
38861,0
38862,-14
38863,4
38864,-4
38865,-4
38866,0
38867,-4
38868,2
38869,0
38870,-4
38871,0
38872,0
38873,0
38874,0
38875,-14
38876,-4
38877,-4
38878,2
38879,-4
38880,0
38881,4
38882,0
38883,-4
38884,-4
38885,-4
38886,-4
38887,-4
38888,-4
38889,-4
38890,0
38891,-4
38892,-4
38893,-4
38894,0
38895,-4
38896,0
38897,-8
38898,-4
38899,-4
38900,-4
38901,-4
38902,0
38903,4
38904,0
38905,-6
38906,-4
38907,-4
38908,-14
38909,0
38910,-4
38911,-16
38912,-4
38913,0
38914,-10
38915,0
38916,0
38917,-4
38918,0
38919,0
38920,0
38921,0
38922,0
38923,-4
38924,0
38925,0
38926,0
38927,-4
38928,-4
38929,0
38930,-4
38931,0
38932,0
38933,-4
38934,0
38935,0
38936,0
38937,0
38938,4
38939,0
38940,0
38941,0
38942,2
38943,2
38944,0
38945,-4
38946,0
38947,0
38948,14
38949,-4
38950,4
38951,0
38952,0
38953,0
38954,0
38955,0
38956,6
38957,4
38958,0
38959,2
38960,0
38961,10
38962,6
38963,0
38964,-4
38965,4
38966,0
38967,0
38968,0
38969,0
38970,0
38971,-8
38972,-4
38973,0
38974,-4
38975,0
38976,0
38977,2
38978,0
38979,-4
38980,0
38981,-4
38982,-4
38983,-4
38984,-4
38985,0
38986,-4
38987,0
38988,-4
38989,0
38990,0
38991,0
38992,0
38993,-4
38994,-4
38995,-4
38996,0
38997,0
38998,-4
38999,0
39000,-4
39001,0
39002,-4
39003,-4
39004,0
39005,-4
39006,0
39007,-6
39008,-4
39009,-4
39010,-4
39011,0
39012,-4
39013,-4
39014,0
39015,-4
39016,0
39017,-4
39018,0
39019,0
39020,-4
39021,0
39022,0
39023,0
39024,0
39025,0
39026,0
39027,4
39028,0
39029,0
39030,0
39031,0
39032,-4
39033,4
39034,0
39035,-4
39036,-4
39037,0
39038,6
39039,0
39040,6
39041,0
39042,0
39043,0
39044,0
39045,-4
39046,0
39047,0
39048,0
39049,0
39050,-4
39051,-14
39052,0
39053,0
39054,4
39055,0
39056,2
39057,-24
39058,0
39059,0
39060,2
39061,2
39062,0
39063,0
39064,0
39065,0
39066,0
39067,10
39068,0
39069,-8
39070,2
39071,0
39072,-4
39073,2
39074,0
39075,0
39076,4
39077,0
39078,0
39079,0
39080,0
39081,0
39082,2
39083,0
39084,0
39085,0
39086,0
39087,0
39088,0
39089,0
39090,0
39091,0
39092,0
39093,0
39094,0
39095,0
39096,0
39097,0
39098,-4
39099,0
39100,0
39101,-4
39102,-4
39103,-4
39104,-4
39105,-4
39106,14
39107,-4
39108,-4
39109,8
39110,0
39111,-4
39112,0
39113,-4
39114,0
39115,-6
39116,0
39117,0
39118,-4
39119,0
39120,0
39121,-4
39122,0
39123,0
39124,0
39125,0
39126,0
39127,2
39128,0
39129,0
39130,0
39131,6
39132,-4
39133,-8
39134,0
39135,2
39136,0
39137,0
39138,0
39139,6
39140,0
39141,-14
39142,0
39143,0
39144,-6
39145,-8
39146,10
39147,0
39148,6
39149,8
39150,2
39151,0
39152,2
39153,0
39154,6
39155,0
39156,0
39157,0
39158,0
39159,4
39160,0
39161,0
39162,6
39163,-4
39164,0
39165,6
39166,2
39167,0
39168,0
39169,0
39170,6
39171,0
39172,0
39173,0
39174,0
39175,0
39176,0
39177,6
39178,0
39179,0
39180,-4
39181,0
39182,0
39183,2
39184,0
39185,-4
39186,0
39187,0
39188,-4
39189,6
39190,0
39191,-16
39192,2
39193,0
39194,0
39195,-14
39196,0
39197,2
39198,-4
39199,-6
39200,-4
39201,-4
39202,-4
39203,-4
39204,0
39205,-4
39206,0
39207,-4
39208,10
39209,0
39210,0
39211,-4
39212,-8
39213,-4
39214,-4
39215,-4
39216,-4
39217,-4
39218,0
39219,0
39220,0
39221,0
39222,0
39223,-4
39224,10
39225,0
39226,0
39227,0
39228,0
39229,2
39230,0
39231,-6
39232,0
39233,6
39234,0
39235,0
39236,0
39237,2
39238,0
39239,4
39240,0
39241,0
39242,0
39243,0
39244,0
39245,2
39246,4
39247,-8
39248,0
39249,4
39250,0
39251,0
39252,4
39253,-14
39254,0
39255,-18
39256,-4
39257,0
39258,18
39259,0
39260,4
39261,10
39262,2
39263,-4
39264,-4
39265,-4
39266,0
39267,0
39268,0
39269,4
39270,2
39271,6
39272,0
39273,0
39274,0
39275,-4
39276,0
39277,0
39278,0
39279,-4
39280,0
39281,-4
39282,0
39283,0
39284,14
39285,-8
39286,0
39287,-4
39288,2
39289,-4
39290,-4
39291,-4
39292,0
39293,0
39294,-4
39295,0
39296,0
39297,-4
39298,-4
39299,-4
39300,-4
39301,0
39302,-4
39303,-4
39304,-4
39305,-4
39306,0
39307,10
39308,-4
39309,-4
39310,2
39311,0
39312,-4
39313,6
39314,0
39315,0
39316,0
39317,0
39318,0
39319,0
39320,0
39321,0
39322,0
39323,0
39324,0
39325,0
39326,0
39327,-4
39328,0
39329,0
39330,0
39331,0
39332,0
39333,0
39334,0
39335,0
39336,0
39337,0
39338,0
39339,0
39340,0
39341,0
39342,0
39343,-8
39344,0
39345,0
39346,0
39347,0
39348,0
39349,4
39350,-4
39351,-4
39352,4
39353,2
39354,0
39355,0
39356,0
39357,0
39358,-4
39359,0
39360,10
39361,0
39362,0
39363,0
39364,0
39365,0
39366,4
39367,0
39368,-4
39369,-8
39370,0
39371,0
39372,-8
39373,6
39374,14
39375,2
39376,0
39377,0
39378,0
39379,0
39380,0
39381,0
39382,0
39383,0
39384,-4
39385,0
39386,0
39387,0
39388,-4
39389,-4
39390,0
39391,0
39392,0
39393,6
39394,-4
39395,-4
39396,0
39397,0
39398,2
39399,-4
39400,-4
39401,2
39402,0
39403,-4
39404,-4
39405,0
39406,18
39407,0
39408,-4
39409,0
39410,-4
39411,-4
39412,-14
39413,-4
39414,0
39415,0
39416,0
39417,-4
39418,-4
39419,0
39420,0
39421,0
39422,-4
39423,0
39424,0
39425,-4
39426,0
39427,6
39428,0
39429,0
39430,-6
39431,0
39432,0
39433,0
39434,0
39435,6
39436,0
39437,0
39438,0
39439,2
39440,-4
39441,2
39442,0
39443,-4
39444,0
39445,0
39446,0
39447,0
39448,0
39449,0
39450,-4
39451,2
39452,-16
39453,4
39454,0
39455,0
39456,8
39457,0
39458,0
39459,10
39460,4
39461,0
39462,6
39463,6
39464,0
39465,6
39466,6
39467,0
39468,2
39469,4
39470,-4
39471,-4
39472,0
39473,0
39474,0
39475,0
39476,8
39477,0
39478,0
39479,0
39480,0
39481,-4
39482,0
39483,0
39484,0
39485,0
39486,0
39487,-4
39488,14
39489,0
39490,-8
39491,0
39492,-4
39493,-4
39494,0
39495,-4
39496,-4
39497,-4
39498,-4
39499,-4
39500,-4
39501,-4
39502,-4
39503,-4
39504,-4
39505,0
39506,0
39507,-4
39508,-4
39509,-4
39510,-6
39511,2
39512,-4
39513,-4
39514,0
39515,-4
39516,0
39517,-12
39518,-4
39519,4
39520,0
39521,-4
39522,-8
39523,-4
39524,4
39525,0
39526,0
39527,0
39528,-4
39529,0
39530,-4
39531,0
39532,2
39533,2
39534,-4
39535,0
39536,4
39537,0
39538,0
39539,0
39540,0
39541,0
39542,4
39543,0
39544,0
39545,-8
39546,4
39547,0
39548,0
39549,-4
39550,0
39551,-4
39552,0
39553,6
39554,0
39555,6
39556,0
39557,-4
39558,0
39559,0
39560,-4
39561,-16
39562,0
39563,6
39564,-4
39565,0
39566,-4
39567,2
39568,0
39569,0
39570,6
39571,2
39572,0
39573,0
39574,0
39575,4
39576,0
39577,0
39578,0
39579,0
39580,-4
39581,-4
39582,-4
39583,0
39584,0
39585,-4
39586,-4
39587,-4
39588,-4
39589,-4
39590,0
39591,-4
39592,-4
39593,0
39594,-4
39595,-4
39596,0
39597,0
39598,-4
39599,6
39600,0
39601,-4
39602,-4
39603,-4
39604,-4
39605,-4
39606,-4
39607,-16
39608,0
39609,-4
39610,16
39611,0
39612,-4
39613,-16
39614,0
39615,-4
39616,0
39617,0
39618,-4
39619,0
39620,0
39621,0
39622,0
39623,0
39624,0
39625,0
39626,0
39627,0
39628,-4
39629,0
39630,0
39631,0
39632,0
39633,0
39634,-4
39635,0
39636,0
39637,2
39638,4
39639,0
39640,0
39641,0
39642,2
39643,4
39644,0
39645,0
39646,4
39647,6
39648,0
39649,0
39650,0
39651,2
39652,2
39653,0
39654,4
39655,4
39656,4
39657,0
39658,0
39659,0
39660,-8
39661,2
39662,0
39663,10
39664,0
39665,0
39666,-4
39667,-6
39668,0
39669,0
39670,-4
39671,6
39672,4
39673,0
39674,0
39675,0
39676,0
39677,-10
39678,-4
39679,0
39680,0
39681,-4
39682,0
39683,0
39684,0
39685,6
39686,0
39687,0
39688,0
39689,0
39690,-4
39691,-4
39692,-4
39693,-4
39694,-4
39695,-4
39696,-4
39697,0
39698,0
39699,-4
39700,-4
39701,-8
39702,-4
39703,0
39704,8
39705,0
39706,-4
39707,-4
39708,-4
39709,-4
39710,0
39711,-4
39712,-4
39713,-4
39714,-4
39715,0
39716,8
39717,0
39718,0
39719,0
39720,0
39721,-4
39722,0
39723,-4
39724,0
39725,0
39726,0
39727,0
39728,0
39729,0
39730,0
39731,0
39732,-4
39733,0
39734,0
39735,0
39736,0
39737,2
39738,0
39739,6
39740,0
39741,-4
39742,-4
39743,0
39744,0
39745,0
39746,0
39747,0
39748,4
39749,-4
39750,-4
39751,4
39752,10
39753,2
39754,0
39755,2
39756,2
39757,-4
39758,-4
39759,2
39760,0
39761,0
39762,0
39763,4
39764,0
39765,4
39766,-4
39767,2
39768,0
39769,2
39770,0
39771,-4
39772,-4
39773,0
39774,0
39775,0
39776,-8
39777,2
39778,-4
39779,0
39780,0
39781,0
39782,-4
39783,0
39784,-4
39785,2
39786,-4
39787,0
39788,-4
39789,-4
39790,-4
39791,6
39792,-22
39793,0
39794,-4
39795,-4
39796,-4
39797,0
39798,0
39799,-8
39800,-4
39801,-4
39802,0
39803,-4
39804,-4
39805,10
39806,0
39807,0
39808,-4
39809,0
39810,-4
39811,-4
39812,-4
39813,0
39814,0
39815,0
39816,6
39817,0
39818,0
39819,-4
39820,-4
39821,0
39822,6
39823,0
39824,2
39825,0
39826,2
39827,0
39828,-6
39829,0
39830,0
39831,0
39832,0
39833,-12
39834,0
39835,-4
39836,2
39837,0
39838,0
39839,6
39840,4
39841,0
39842,-4
39843,6
39844,0
39845,0
39846,0
39847,2
39848,4
39849,0
39850,2
39851,0
39852,0
39853,0
39854,0
39855,0
39856,4
39857,6
39858,0
39859,4
39860,0
39861,-18
39862,6
39863,0
39864,10
39865,2
39866,0
39867,4
39868,-4
39869,0
39870,0
39871,0
39872,0
39873,0
39874,2
39875,0
39876,-8
39877,-4
39878,0
39879,0
39880,0
39881,-4
39882,-4
39883,0
39884,0
39885,-4
39886,0
39887,-4
39888,-4
39889,0
39890,-4
39891,2
39892,-4
39893,4
39894,-4
39895,0
39896,-4
39897,-4
39898,-4
39899,-4
39900,-4
39901,0
39902,-4
39903,-4
39904,-4
39905,-4
39906,-4
39907,-4
39908,-4
39909,-4
39910,-4
39911,0
39912,-4
39913,0
39914,0
39915,-4
39916,-14
39917,-4
39918,0
39919,-4
39920,0
39921,0
39922,0
39923,0
39924,-4
39925,0
39926,-4
39927,-4
39928,0
39929,-8
39930,4
39931,-4
39932,0
39933,-6
39934,-4
39935,0
39936,0
39937,0
39938,0
39939,0
39940,-4
39941,8
39942,0
39943,10
39944,-4
39945,0
39946,0
39947,-4
39948,2
39949,2
39950,0
39951,0
39952,0
39953,0
39954,10
39955,0
39956,0
39957,0
39958,0
39959,0
39960,10
39961,2
39962,-4
39963,0
39964,0
39965,0
39966,0
39967,-12
39968,2
39969,2
39970,0
39971,-12
39972,0
39973,0
39974,0
39975,0
39976,0
39977,0
39978,-4
39979,0
39980,-4
39981,0
39982,0
39983,-4
39984,0
39985,-4
39986,-4
39987,-4
39988,-4
39989,0
39990,0
39991,6
39992,0
39993,-16
39994,0
39995,-4
39996,-4
39997,-4
39998,-4
39999,-10
40000,-4
40001,0
40002,-4
40003,-4
40004,-4
40005,-4
40006,0
40007,-4
40008,0
40009,-4
40010,0
40011,-4
40012,-6
40013,-4
40014,0
40015,0
40016,-4
40017,2
40018,0
40019,0
40020,-4
40021,0
40022,0
40023,0
40024,0
40025,-4
40026,0
40027,0
40028,0
40029,0
40030,0
40031,0
40032,0
40033,-4
40034,0
40035,0
40036,0
40037,0
40038,0
40039,0
40040,2
40041,2
40042,0
40043,0
40044,0
40045,-4
40046,18
40047,-4
40048,4
40049,0
40050,-4
40051,6
40052,6
40053,4
40054,2
40055,0
40056,0
40057,0
40058,0
40059,2
40060,0
40061,0
40062,-4
40063,4
40064,0
40065,0
40066,-4
40067,0
40068,-4
40069,0
40070,0
40071,0
40072,-4
40073,0
40074,6
40075,0
40076,-4
40077,0
40078,0
40079,0
40080,0
40081,2
40082,0
40083,-4
40084,0
40085,0
40086,0
40087,0
40088,-4
40089,0
40090,-4
40091,0
40092,-4
40093,-4
40094,-4
40095,-4
40096,6
40097,-4
40098,0
40099,-4
40100,-4
40101,-4
40102,-4
40103,-4
40104,-4
40105,-8
40106,-4
40107,0
40108,0
40109,0
40110,0
40111,-4
40112,-4
40113,2
40114,-4
40115,2
40116,0
40117,-8
40118,-4
40119,-4
40120,0
40121,0
40122,-4
40123,0
40124,0
40125,0
40126,0
40127,0
40128,0
40129,0
40130,0
40131,0
40132,2
40133,0
40134,0
40135,0
40136,0
40137,2
40138,0
40139,4
40140,6
40141,0
40142,0
40143,0
40144,0
40145,0
40146,0
40147,4
40148,10
40149,0
40150,-4
40151,4
40152,0
40153,14
40154,0
40155,4
40156,0
40157,8
40158,4
40159,0
40160,0
40161,4
40162,-4
40163,0
40164,10
40165,0
40166,0
40167,6
40168,-4
40169,0
40170,0
40171,2
40172,0
40173,0
40174,0
40175,0
40176,4
40177,-4
40178,4
40179,0
40180,2
40181,-4
40182,-4
40183,0
40184,-4
40185,-4
40186,0
40187,-4
40188,-4
40189,-4
40190,0
40191,0
40192,-4
40193,0
40194,-4
40195,0
40196,-6
40197,0
40198,-4
40199,0
40200,-8
40201,-4
40202,-4
40203,-4
40204,-4
40205,-4
40206,-4
40207,-4
40208,0
40209,0
40210,-4
40211,-4
40212,-4
40213,2
40214,0
40215,0
40216,6
40217,-4
40218,0
40219,-4
40220,-4
40221,-4
40222,0
40223,2
40224,-4
40225,0
40226,0
40227,4
40228,0
40229,0
40230,0
40231,2
40232,0
40233,0
40234,0
40235,4
40236,0
40237,0
40238,0
40239,0
40240,0
40241,0
40242,0
40243,0
40244,0
40245,0
40246,0
40247,0
40248,0
40249,2
40250,0
40251,0
40252,0
40253,0
40254,2
40255,0
40256,0
40257,0
40258,-4
40259,0
40260,6
40261,0
40262,0
40263,-4
40264,0
40265,-4
40266,2
40267,0
40268,0
40269,8
40270,0
40271,-14
40272,0
40273,0
40274,0
40275,0
40276,0
40277,0
40278,-4
40279,-4
40280,0
40281,-4
40282,-4
40283,2
40284,0
40285,0
40286,0
40287,0
40288,-8
40289,-4
40290,-4
40291,0
40292,-4
40293,0
40294,-8
40295,0
40296,-4
40297,-4
40298,6
40299,-8
40300,-4
40301,-4
40302,-4
40303,-4
40304,-6
40305,-4
40306,-14
40307,-4
40308,-4
40309,10
40310,-4
40311,-4
40312,0
40313,0
40314,-4
40315,2
40316,0
40317,2
40318,-8
40319,0
40320,-4
40321,0
40322,0
40323,-4
40324,0
40325,0
40326,0
40327,2
40328,-4
40329,4
40330,0
40331,-4
40332,-4
40333,0
40334,0
40335,0
40336,0
40337,0
40338,0
40339,0
40340,0
40341,0
40342,2
40343,4
40344,-4
40345,0
40346,2
40347,0
40348,0
40349,-4
40350,0
40351,4
40352,4
40353,2
40354,0
40355,2
40356,2
40357,4
40358,0
40359,0
40360,0
40361,2
40362,10
40363,-4
40364,2
40365,-8
40366,0
40367,0
40368,0
40369,0
40370,-4
40371,0
40372,-16
40373,0
40374,-4
40375,-4
40376,-4
40377,0
40378,-4
40379,-4
40380,0
40381,0
40382,2
40383,2
40384,-4
40385,0
40386,0
40387,0
40388,-4
40389,-4
40390,0
40391,-4
40392,-4
40393,-4
40394,0
40395,0
40396,0
40397,-4
40398,0
40399,-4
40400,-4
40401,0
40402,-6
40403,-4
40404,0
40405,-6
40406,-4
40407,-4
40408,-4
40409,0
40410,-4
40411,-4
40412,-4
40413,-4
40414,-4
40415,-4
40416,0
40417,0
40418,0
40419,0
40420,0
40421,-8
40422,0
40423,0
40424,0
40425,0
40426,0
40427,0
40428,0
40429,0
40430,0
40431,-4
40432,0
40433,0
40434,-4
40435,0
40436,0
40437,0
40438,0
40439,0
40440,2
40441,0
40442,2
40443,0
40444,0
40445,-4
40446,6
40447,2
40448,2
40449,4
40450,6
40451,0
40452,0
40453,-4
40454,0
40455,-8
40456,2
40457,6
40458,0
40459,0
40460,-4
40461,0
40462,0
40463,0
40464,0
40465,0
40466,0
40467,-4
40468,0
40469,0
40470,-4
40471,-4
40472,-4
40473,0
40474,0
40475,0
40476,0
40477,0
40478,-4
40479,0
40480,0
40481,-4
40482,0
40483,0
40484,-4
40485,-4
40486,-4
40487,0
40488,0
40489,0
40490,0
40491,-4
40492,0
40493,-4
40494,-4
40495,0
40496,-4
40497,-4
40498,-4
40499,-4
40500,-4
40501,-4
40502,0
40503,-12
40504,-4
40505,-4
40506,0
40507,-8
40508,-4
40509,-6
40510,-8
40511,0
40512,-4
40513,-4
40514,-4
40515,-4
40516,4
40517,2
40518,-4
40519,-14
40520,-4
40521,0
40522,0
40523,0
40524,0
40525,-4
40526,-4
40527,0
40528,0
40529,0
40530,-4
40531,0
40532,0
40533,0
40534,-4
40535,0
40536,0
40537,0
40538,0
40539,0
40540,0
40541,2
40542,8
40543,0
40544,0
40545,-6
40546,4
40547,6
40548,0
40549,2
40550,6
40551,0
40552,0
40553,0
40554,6
40555,0
40556,2
40557,0
40558,0
40559,0
40560,0
40561,4
40562,2
40563,10
40564,0
40565,0
40566,-4
40567,0
40568,0
40569,4
40570,2
40571,-4
40572,0
40573,0
40574,0
40575,0
40576,0
40577,-4
40578,0
40579,0
40580,0
40581,-6
40582,0
40583,0
40584,0
40585,-4
40586,-4
40587,0
40588,-4
40589,0
40590,-4
40591,-4
40592,0
40593,-8
40594,-4
40595,0
40596,0
40597,0
40598,-6
40599,-4
40600,-4
40601,-4
40602,-4
40603,-4
40604,14
40605,0
40606,0
40607,0
40608,2
40609,-4
40610,-4
40611,2
40612,-4
40613,-6
40614,0
40615,0
40616,2
40617,4
40618,0
40619,0
40620,0
40621,-4
40622,0
40623,0
40624,0
40625,0
40626,0
40627,0
40628,0
40629,2
40630,0
40631,0
40632,0
40633,0
40634,0
40635,0
40636,0
40637,0
40638,6
40639,-4
40640,4
40641,6
40642,0
40643,0
40644,-4
40645,0
40646,0
40647,0
40648,0
40649,6
40650,4
40651,0
40652,6
40653,0
40654,2
40655,0
40656,2
40657,0
40658,-4
40659,2
40660,0
40661,0
40662,0
40663,0
40664,-4
40665,2
40666,0
40667,0
40668,0
40669,0
40670,0
40671,0
40672,-4
40673,0
40674,-4
40675,0
40676,4
40677,0
40678,-4
40679,8
40680,0
40681,0
40682,0
40683,0
40684,0
40685,0
40686,0
40687,0
40688,-4
40689,-4
40690,-4
40691,-4
40692,-4
40693,0
40694,-4
40695,-4
40696,-4
40697,-4
40698,-14
40699,-4
40700,-4
40701,0
40702,-4
40703,0
40704,-4
40705,0
40706,-4
40707,0
40708,-4
40709,-4
40710,0
40711,0
40712,-4
40713,-4
40714,-4
40715,-4
40716,0
40717,6
40718,-4
40719,-4
40720,-4
40721,-4
40722,0
40723,0
40724,0
40725,0
40726,2
40727,0
40728,0
40729,0
40730,0
40731,0
40732,2
40733,6
40734,-4
40735,0
40736,4
40737,0
40738,2
40739,0
40740,0
40741,4
40742,0
40743,0
40744,-4
40745,2
40746,0
40747,0
40748,0
40749,-4
40750,0
40751,-4
40752,10
40753,2
40754,2
40755,4
40756,0
40757,0
40758,-4
40759,0
40760,-4
40761,0
40762,0
40763,0
40764,10
40765,0
40766,0
40767,0
40768,2
40769,0
40770,6
40771,0
40772,0
40773,0
40774,14
40775,0
40776,0
40777,0
40778,0
40779,0
40780,0
40781,0
40782,0
40783,-4
40784,0
40785,-4
40786,0
40787,0
40788,-4
40789,-4
40790,0
40791,6
40792,0
40793,0
40794,6
40795,0
40796,0
40797,-4
40798,0
40799,-8
40800,0
40801,-4
40802,-4
40803,-4
40804,-4
40805,-4
40806,-4
40807,-4
40808,0
40809,-4
40810,-4
40811,-4
40812,-4
40813,0
40814,0
40815,0
40816,-14
40817,0
40818,0
40819,4
40820,-4
40821,0
40822,0
40823,0
40824,0
40825,0
40826,0
40827,0
40828,0
40829,-4
40830,2
40831,0
40832,0
40833,0
40834,-4
40835,0
40836,2
40837,0
40838,0
40839,-4
40840,0
40841,10
40842,0
40843,0
40844,0
40845,0
40846,0
40847,0
40848,0
40849,2
40850,0
40851,0
40852,0
40853,0
40854,4
40855,2
40856,0
40857,0
40858,0
40859,0
40860,6
40861,0
40862,6
40863,0
40864,0
40865,6
40866,-4
40867,4
40868,4
40869,-4
40870,4
40871,4
40872,0
40873,2
40874,0
40875,0
40876,0
40877,-4
40878,0
40879,0
40880,0
40881,0
40882,0
40883,0
40884,0
40885,0
40886,-4
40887,0
40888,-4
40889,0
40890,0
40891,18
40892,-4
40893,-4
40894,-4
40895,0
40896,0
40897,0
40898,0
40899,-4
40900,-4
40901,-4
40902,-4
40903,0
40904,-4
40905,-4
40906,-4
40907,0
40908,-4
40909,8
40910,0
40911,-4
40912,-4
40913,2
40914,-4
40915,-14
40916,0
40917,0
40918,-4
40919,0
40920,-4
40921,2
40922,-4
40923,-4
40924,0
40925,-4
40926,0
40927,0
40928,2
40929,2
40930,-4
40931,0
40932,0
40933,0
40934,0
40935,0
40936,0
40937,0
40938,0
40939,0
40940,0
40941,0
40942,0
40943,0
40944,0
40945,0
40946,6
40947,4
40948,4
40949,0
40950,14
40951,0
40952,0
40953,0
40954,0
40955,0
40956,0
40957,0
40958,4
40959,0
40960,-4
40961,-4
40962,0
40963,-4
40964,4
40965,6
40966,-4
40967,0
40968,-4
40969,0
40970,0
40971,0
40972,-4
40973,-4
40974,-4
40975,0
40976,6
40977,0
40978,0
40979,-4
40980,2
40981,-4
40982,0
40983,0
40984,0
40985,0
40986,0
40987,-4
40988,0
40989,-4
40990,0
40991,-4
40992,0
40993,-4
40994,0
40995,-4
40996,-4
40997,-6
40998,-4
40999,-4
41000,-4
41001,0
41002,-4
41003,-4
41004,-4
41005,-4
41006,-4
41007,0
41008,-4
41009,-4
41010,-4
41011,-4
41012,0
41013,-4
41014,0
41015,-4
41016,0
41017,2
41018,0
41019,0
41020,0
41021,0
41022,0
41023,0
41024,0
41025,0
41026,0
41027,-4
41028,0
41029,0
41030,-4
41031,-4
41032,6
41033,0
41034,0
41035,0
41036,0
41037,0
41038,0
41039,-4
41040,0
41041,0
41042,-4
41043,0
41044,0
41045,10
41046,4
41047,4
41048,8
41049,0
41050,0
41051,0
41052,0
41053,6
41054,0
41055,14
41056,2
41057,-10
41058,0
41059,0
41060,0
41061,2
41062,0
41063,4
41064,6
41065,4
41066,0
41067,0
41068,0
41069,6
41070,6
41071,0
41072,0
41073,0
41074,-6
41075,4
41076,0
41077,0
41078,0
41079,-4
41080,0
41081,2
41082,0
41083,0
41084,-4
41085,0
41086,0
41087,-4
41088,0
41089,0
41090,-4
41091,-4
41092,0
41093,0
41094,-4
41095,-8
41096,-4
41097,0
41098,0
41099,-4
41100,-4
41101,-4
41102,0
41103,0
41104,-4
41105,0
41106,-4
41107,-4
41108,-4
41109,-4
41110,0
41111,0
41112,0
41113,-4
41114,-4
41115,0
41116,4
41117,4
41118,0
41119,6
41120,0
41121,2
41122,0
41123,0
41124,0
41125,-4
41126,0
41127,0
41128,0
41129,4
41130,-4
41131,0
41132,0
41133,2
41134,0
41135,4
41136,0
41137,2
41138,0
41139,0
41140,0
41141,4
41142,2
41143,0
41144,0
41145,-4
41146,0
41147,6
41148,0
41149,-4
41150,4
41151,4
41152,0
41153,8
41154,0
41155,-4
41156,0
41157,0
41158,2
41159,4
41160,-4
41161,0
41162,4
41163,0
41164,0
41165,0
41166,-4
41167,0
41168,0
41169,0
41170,2
41171,2
41172,0
41173,0
41174,0
41175,0
41176,-4
41177,0
41178,0
41179,0
41180,6
41181,0
41182,-4
41183,0
41184,0
41185,0
41186,0
41187,0
41188,0
41189,-4
41190,0
41191,0
41192,-4
41193,0
41194,0
41195,-4
41196,0
41197,0
41198,-4
41199,-4
41200,-4
41201,-12
41202,-4
41203,-4
41204,-4
41205,0
41206,-4
41207,-4
41208,0
41209,-4
41210,-4
41211,0
41212,14
41213,0
41214,-4
41215,14
41216,-4
41217,-4
41218,-4
41219,0
41220,0
41221,0
41222,10
41223,0
41224,0
41225,0
41226,-4
41227,0
41228,0
41229,0
41230,0
41231,0
41232,2
41233,0
41234,0
41235,-8
41236,0
41237,0
41238,0
41239,0
41240,0
41241,6
41242,-4
41243,-4
41244,0
41245,0
41246,4
41247,0
41248,0
41249,0
41250,0
41251,0
41252,0
41253,2
41254,6
41255,0
41256,2
41257,0
41258,10
41259,0
41260,0
41261,6
41262,2
41263,0
41264,6
41265,0
41266,-4
41267,0
41268,-8
41269,0
41270,2
41271,2
41272,-4
41273,0
41274,0
41275,0
41276,0
41277,0
41278,0
41279,0
41280,4
41281,0
41282,0
41283,0
41284,0
41285,-4
41286,0
41287,0
41288,0
41289,-4
41290,-4
41291,-4
41292,-4
41293,0
41294,0
41295,0
41296,-4
41297,0
41298,-6
41299,0
41300,-4
41301,0
41302,-4
41303,-4
41304,-4
41305,0
41306,-4
41307,0
41308,-4
41309,-4
41310,-6
41311,0
41312,0
41313,-4
41314,-4
41315,0
41316,-4
41317,0
41318,0
41319,0
41320,0
41321,0
41322,0
41323,0
41324,0
41325,0
41326,0
41327,0
41328,0
41329,0
41330,0
41331,0
41332,0
41333,-4
41334,-4
41335,-4
41336,6
41337,0
41338,0
41339,2
41340,4
41341,0
41342,0
41343,2
41344,-4
41345,0
41346,4
41347,0
41348,4
41349,0
41350,-4
41351,0
41352,0
41353,0
41354,0
41355,-6
41356,0
41357,6
41358,-4
41359,0
41360,0
41361,-4
41362,2
41363,0
41364,14
41365,4
41366,0
41367,4
41368,0
41369,-4
41370,0
41371,0
41372,0
41373,0
41374,-4
41375,0
41376,6
41377,0
41378,4
41379,0
41380,-4
41381,0
41382,0
41383,0
41384,0
41385,0
41386,0
41387,-4
41388,0
41389,-4
41390,2
41391,-4
41392,0
41393,-4
41394,-4
41395,0
41396,0
41397,-4
41398,0
41399,-4
41400,-4
41401,-4
41402,-4
41403,-4
41404,0
41405,0
41406,0
41407,0
41408,0
41409,0
41410,0
41411,-4
41412,0
41413,0
41414,-4
41415,6
41416,0
41417,0
41418,0
41419,2
41420,-4
41421,0
41422,0
41423,0
41424,0
41425,0
41426,0
41427,-8
41428,0
41429,0
41430,0
41431,0
41432,0
41433,0
41434,-4
41435,0
41436,4
41437,0
41438,0
41439,-4
41440,4
41441,0
41442,2
41443,0
41444,0
41445,4
41446,4
41447,0
41448,-4
41449,2
41450,6
41451,6
41452,0
41453,6
41454,0
41455,0
41456,0
41457,6
41458,0
41459,0
41460,6
41461,6
41462,0
41463,0
41464,0
41465,-4
41466,2
41467,0
41468,0
41469,6
41470,0
41471,6
41472,0
41473,0
41474,-16
41475,0
41476,0
41477,0
41478,-4
41479,0
41480,0
41481,0
41482,-4
41483,-4
41484,0
41485,0
41486,-4
41487,-4
41488,0
41489,-4
41490,0
41491,0
41492,-4
41493,-4
41494,-4
41495,-4
41496,0
41497,-14
41498,-4
41499,-4
41500,-4
41501,0
41502,-4
41503,-4
41504,0
41505,-4
41506,-22
41507,-4
41508,0
41509,-4
41510,-6
41511,-4
41512,-4
41513,0
41514,-6
41515,-4
41516,4
41517,0
41518,0
41519,0
41520,4
41521,-4
41522,0
41523,-4
41524,0
41525,0
41526,6
41527,0
41528,-4
41529,2
41530,-4
41531,0
41532,0
41533,0
41534,0
41535,0
41536,0
41537,0
41538,0
41539,0
41540,0
41541,0
41542,0
41543,0
41544,0
41545,8
41546,2
41547,0
41548,0
41549,4
41550,4
41551,0
41552,2
41553,0
41554,0
41555,0
41556,0
41557,2
41558,-4
41559,0
41560,0
41561,0
41562,4
41563,2
41564,4
41565,2
41566,0
41567,0
41568,-4
41569,0
41570,0
41571,2
41572,6
41573,0
41574,-4
41575,0
41576,0
41577,4
41578,-4
41579,0
41580,-14
41581,-4
41582,0
41583,-4
41584,0
41585,-6
41586,0
41587,0
41588,0
41589,0
41590,-4
41591,0
41592,-4
41593,-4
41594,-4
41595,2
41596,0
41597,-4
41598,-4
41599,-4
41600,-4
41601,-4
41602,-4
41603,0
41604,-4
41605,-4
41606,-4
41607,-4
41608,0
41609,-4
41610,-4
41611,0
41612,-4
41613,-4
41614,0
41615,-4
41616,0
41617,0
41618,0
41619,-6
41620,0
41621,2
41622,0
41623,0
41624,-4
41625,-4
41626,0
41627,0
41628,0
41629,-4
41630,0
41631,0
41632,0
41633,0
41634,-4
41635,0
41636,0
41637,0
41638,0
41639,0
41640,0
41641,0
41642,4
41643,0
41644,0
41645,0
41646,0
41647,0
41648,0
41649,2
41650,-4
41651,2
41652,0
41653,0
41654,4
41655,-8
41656,0
41657,0
41658,-4
41659,0
41660,0
41661,2
41662,4
41663,0
41664,0
41665,6
41666,2
41667,0
41668,0
41669,2
41670,-4
41671,4
41672,0
41673,2
41674,0
41675,2
41676,-4
41677,0
41678,0
41679,-4
41680,0
41681,4
41682,0
41683,6
41684,0
41685,-4
41686,-4
41687,-4
41688,0
41689,-4
41690,-4
41691,-4
41692,0
41693,-4
41694,-4
41695,-4
41696,-4
41697,-4
41698,-4
41699,-4
41700,-4
41701,-4
41702,-4
41703,-4
41704,0
41705,-4
41706,-4
41707,-4
41708,-4
41709,0
41710,-4
41711,-4
41712,-4
41713,0
41714,-4
41715,4
41716,-4
41717,0
41718,-4
41719,0
41720,0
41721,6
41722,-4
41723,-4
41724,0
41725,0
41726,0
41727,4
41728,0
41729,6
41730,0
41731,0
41732,0
41733,0
41734,0
41735,0
41736,0
41737,4
41738,0
41739,0
41740,0
41741,0
41742,0
41743,0
41744,0
41745,0
41746,0
41747,0
41748,6
41749,0
41750,6
41751,0
41752,4
41753,4
41754,0
41755,0
41756,0
41757,0
41758,0
41759,0
41760,0
41761,4
41762,10
41763,2
41764,-4
41765,4
41766,4
41767,-4
41768,0
41769,0
41770,0
41771,10
41772,0
41773,0
41774,0
41775,6
41776,4
41777,2
41778,2
41779,-4
41780,-4
41781,0
41782,0
41783,-4
41784,0
41785,0
41786,-4
41787,-4
41788,0
41789,-4
41790,-4
41791,-4
41792,0
41793,-4
41794,-4
41795,-4
41796,-4
41797,0
41798,0
41799,0
41800,-4
41801,0
41802,-8
41803,-4
41804,-4
41805,-4
41806,-10
41807,-4
41808,-4
41809,-4
41810,-4
41811,0
41812,-4
41813,-4
41814,-8
41815,0
41816,0
41817,-4
41818,-4
41819,0
41820,0
41821,-4
41822,-8
41823,0
41824,0
41825,0
41826,0
41827,-12
41828,-4
41829,0
41830,4
41831,0
41832,0
41833,-4
41834,-4
41835,0
41836,-4
41837,0
41838,0
41839,2
41840,0
41841,0
41842,0
41843,0
41844,-4
41845,4
41846,-4
41847,-4
41848,0
41849,0
41850,0
41851,0
41852,0
41853,0
41854,0
41855,2
41856,0
41857,0
41858,10
41859,0
41860,0
41861,0
41862,0
41863,4
41864,0
41865,0
41866,0
41867,-4
41868,-6
41869,-4
41870,2
41871,0
41872,0
41873,0
41874,0
41875,0
41876,0
41877,-4
41878,0
41879,0
41880,-4
41881,2
41882,0
41883,0
41884,0
41885,0
41886,0
41887,0
41888,0
41889,0
41890,0
41891,-6
41892,0
41893,-4
41894,0
41895,-4
41896,-4
41897,-8
41898,0
41899,-4
41900,-4
41901,2
41902,-4
41903,-4
41904,-4
41905,0
41906,-4
41907,0
41908,0
41909,-4
41910,0
41911,0
41912,-4
41913,-4
41914,-4
41915,-6
41916,-6
41917,0
41918,-4
41919,2
41920,-4
41921,0
41922,-4
41923,0
41924,0
41925,-4
41926,6
41927,6
41928,0
41929,0
41930,0
41931,0
41932,0
41933,4
41934,0
41935,4
41936,-4
41937,2
41938,0
41939,0
41940,0
41941,4
41942,0
41943,-4
41944,10
41945,0
41946,-4
41947,0
41948,-4
41949,0
41950,4
41951,0
41952,0
41953,0
41954,0
41955,8
41956,0
41957,10
41958,2
41959,0
41960,10
41961,0
41962,0
41963,4
41964,4
41965,6
41966,-4
41967,-10
41968,0
41969,0
41970,-4
41971,0
41972,0
41973,6
41974,0
41975,0
41976,-4
41977,4
41978,0
41979,-4
41980,-4
41981,2
41982,-4
41983,0
41984,0
41985,0
41986,2
41987,2
41988,0
41989,-4
41990,0
41991,-4
41992,-4
41993,-4
41994,-4
41995,0
41996,-4
41997,-4
41998,-4
41999,0
42000,-4
42001,-4
42002,-4
42003,-4
42004,-4
42005,-4
42006,0
42007,-4
42008,-4
42009,-4
42010,-4
42011,-4
42012,-4
42013,-4
42014,-4
42015,-4
42016,0
42017,-4
42018,-4
42019,0
42020,-4
42021,-12
42022,-4
42023,-4
42024,0
42025,0
42026,0
42027,-4
42028,4
42029,-4
42030,2
42031,2
42032,2
42033,4
42034,-6
42035,0
42036,0
42037,0
42038,2
42039,0
42040,0
42041,6
42042,0
42043,0
42044,-4
42045,0
42046,0
42047,0
42048,0
42049,0
42050,2
42051,4
42052,4
42053,0
42054,0
42055,0
42056,6
42057,0
42058,0
42059,6
42060,0
42061,4
42062,6
42063,0
42064,0
42065,0
42066,0
42067,-4
42068,2
42069,6
42070,0
42071,4
42072,0
42073,-4
42074,-4
42075,-8
42076,-4
42077,-4
42078,-4
42079,0
42080,0
42081,0
42082,0
42083,0
42084,0
42085,0
42086,8
42087,4
42088,-4
42089,0
42090,-22
42091,-4
42092,-4
42093,-4
42094,0
42095,0
42096,-4
42097,0
42098,0
42099,-4
42100,0
42101,-8
42102,-4
42103,-4
42104,-4
42105,-4
42106,-14
42107,0
42108,0
42109,-4
42110,0
42111,-4
42112,-4
42113,0
42114,-4
42115,-8
42116,-4
42117,4
42118,0
42119,-4
42120,-4
42121,0
42122,-8
42123,0
42124,-4
42125,0
42126,0
42127,0
42128,-4
42129,6
42130,0
42131,0
42132,0
42133,0
42134,0
42135,0
42136,2
42137,0
42138,4
42139,6
42140,0
42141,2
42142,-4
42143,0
42144,0
42145,4
42146,4
42147,0
42148,4
42149,0
42150,-8
42151,2
42152,-8
42153,0
42154,-6
42155,0
42156,0
42157,4
42158,0
42159,0
42160,4
42161,-6
42162,0
42163,0
42164,0
42165,2
42166,0
42167,0
42168,0
42169,0
42170,0
42171,0
42172,0
42173,-4
42174,0
42175,-4
42176,-4
42177,0
42178,-4
42179,-4
42180,0
42181,-4
42182,0
42183,-4
42184,0
42185,-4
42186,-4
42187,0
42188,0
42189,-4
42190,2
42191,0
42192,-4
42193,-4
42194,-4
42195,0
42196,-4
42197,-4
42198,-4
42199,-4
42200,-4
42201,0
42202,-6
42203,-4
42204,-4
42205,0
42206,-4
42207,-4
42208,-4
42209,0
42210,-4
42211,-4
42212,0
42213,0
42214,0
42215,0
42216,-4
42217,0
42218,0
42219,0
42220,0
42221,0
42222,-4
42223,-4
42224,0
42225,0
42226,-4
42227,4
42228,0
42229,0
42230,0
42231,0
42232,0
42233,2
42234,4
42235,0
42236,2
42237,2
42238,4
42239,2
42240,-14
42241,0
42242,-4
42243,4
42244,-4
42245,6
42246,0
42247,0
42248,2
42249,0
42250,0
42251,0
42252,0
42253,0
42254,2
42255,0
42256,2
42257,6
42258,0
42259,0
42260,-8
42261,0
42262,0
42263,-6
42264,-4
42265,2
42266,0
42267,-4
42268,0
42269,-4
42270,-6
42271,0
42272,-4
42273,-4
42274,0
42275,0
42276,-4
42277,4
42278,-4
42279,0
42280,0
42281,0
42282,-4
42283,0
42284,-4
42285,8
42286,0
42287,0
42288,2
42289,-4
42290,-8
42291,-4
42292,0
42293,0
42294,2
42295,-4
42296,0
42297,0
42298,0
42299,0
42300,-4
42301,-4
42302,-4
42303,-4
42304,-4
42305,10
42306,-4
42307,-4
42308,0
42309,-6
42310,-4
42311,0
42312,-4
42313,-4
42314,-6
42315,-10
42316,-4
42317,-4
42318,0
42319,0
42320,0
42321,0
42322,0
42323,-4
42324,-4
42325,-4
42326,-4
42327,0
42328,0
42329,0
42330,-4
42331,0
42332,0
42333,0
42334,-4
42335,-4
42336,0
42337,0
42338,0
42339,0
42340,0
42341,0
42342,0
42343,6
42344,0
42345,0
42346,-4
42347,14
42348,0
42349,2
42350,0
42351,0
42352,0
42353,4
42354,0
42355,2
42356,0
42357,4
42358,0
42359,14
42360,0
42361,0
42362,-8
42363,6
42364,0
42365,-4
42366,0
42367,-4
42368,0
42369,8
42370,0
42371,0
42372,0
42373,8
42374,0
42375,0
42376,0
42377,-4
42378,0
42379,0
42380,0
42381,0
42382,0
42383,0
42384,2
42385,6
42386,0
42387,0
42388,0
42389,0
42390,-4
42391,0
42392,-4
42393,-4
42394,-4
42395,-4
42396,2
42397,6
42398,6
42399,-4
42400,-4
42401,0
42402,-4
42403,-8
42404,-4
42405,-4
42406,6
42407,0
42408,10
42409,-4
42410,-4
42411,-6
42412,0
42413,2
42414,0
42415,0
42416,-4
42417,-8
42418,0
42419,-4
42420,-8
42421,-4
42422,-4
42423,2
42424,-4
42425,0
42426,0
42427,0
42428,0
42429,0
42430,-4
42431,-4
42432,0
42433,0
42434,0
42435,0
42436,0
42437,4
42438,-4
42439,0
42440,0
42441,0
42442,0
42443,0
42444,8
42445,0
42446,0
42447,0
42448,-4
42449,2
42450,0
42451,2
42452,-4
42453,0
42454,6
42455,0
42456,0
42457,2
42458,0
42459,0
42460,0
42461,6
42462,6
42463,0
42464,8
42465,-4
42466,0
42467,0
42468,6
42469,0
42470,0
42471,0
42472,2
42473,0
42474,0
42475,14
42476,-14
42477,0
42478,-4
42479,-4
42480,16
42481,-8
42482,6
42483,0
42484,-6
42485,-4
42486,0
42487,0
42488,-4
42489,-4
42490,0
42491,0
42492,-4
42493,-4
42494,0
42495,-4
42496,-4
42497,0
42498,-4
42499,-4
42500,-4
42501,-4
42502,0
42503,-4
42504,-4
42505,-4
42506,-4
42507,-6
42508,0
42509,0
42510,10
42511,0
42512,-4
42513,-10
42514,0
42515,0
42516,-12
42517,0
42518,0
42519,-8
42520,0
42521,0
42522,0
42523,8
42524,0
42525,0
42526,0
42527,-4
42528,0
42529,4
42530,0
42531,0
42532,0
42533,0
42534,-4
42535,0
42536,0
42537,0
42538,18
42539,0
42540,0
42541,0
42542,0
42543,0
42544,4
42545,0
42546,0
42547,0
42548,0
42549,0
42550,0
42551,0
42552,0
42553,4
42554,2
42555,-4
42556,0
42557,-4
42558,0
42559,4
42560,16
42561,-4
42562,2
42563,10
42564,0
42565,6
42566,-4
42567,0
42568,2
42569,0
42570,4
42571,0
42572,0
42573,0
42574,0
42575,0
42576,0
42577,0
42578,-4
42579,0
42580,0
42581,0
42582,0
42583,0
42584,-4
42585,0
42586,0
42587,0
42588,-4
42589,0
42590,0
42591,0
42592,-4
42593,-6
42594,0
42595,0
42596,-4
42597,-4
42598,-4
42599,0
42600,-6
42601,-4
42602,-4
42603,-4
42604,-4
42605,6
42606,-4
42607,-4
42608,-4
42609,-4
42610,-4
42611,-4
42612,-4
42613,-4
42614,0
42615,14
42616,-4
42617,2
42618,0
42619,0
42620,0
42621,-4
42622,0
42623,0
42624,-4
42625,2
42626,-6
42627,2
42628,0
42629,0
42630,0
42631,2
42632,-6
42633,0
42634,0
42635,0
42636,4
42637,-4
42638,0
42639,2
42640,4
42641,0
42642,4
42643,6
42644,0
42645,4
42646,2
42647,2
42648,0
42649,0
42650,0
42651,6
42652,4
42653,2
42654,2
42655,0
42656,0
42657,0
42658,0
42659,0
42660,0
42661,4
42662,-10
42663,-4
42664,0
42665,6
42666,0
42667,-4
42668,-4
42669,-4
42670,0
42671,-4
42672,2
42673,-8
42674,0
42675,0
42676,0
42677,0
42678,0
42679,0
42680,-4
42681,2
42682,0
42683,0
42684,0
42685,0
42686,0
42687,0
42688,0
42689,-4
42690,-4
42691,0
42692,-4
42693,10
42694,-4
42695,2
42696,0
42697,0
42698,0
42699,0
42700,-4
42701,-8
42702,-4
42703,-4
42704,-4
42705,-4
42706,-8
42707,-4
42708,-4
42709,-4
42710,-4
42711,-14
42712,-4
42713,0
42714,-16
42715,-4
42716,0
42717,-4
42718,-4
42719,0
42720,-4
42721,0
42722,-4
42723,-4
42724,0
42725,0
42726,0
42727,0
42728,2
42729,0
42730,0
42731,0
42732,0
42733,0
42734,0
42735,0
42736,0
42737,14
42738,2
42739,-4
42740,0
42741,0
42742,0
42743,0
42744,0
42745,0
42746,0
42747,6
42748,-4
42749,2
42750,0
42751,6
42752,0
42753,8
42754,0
42755,2
42756,0
42757,0
42758,10
42759,0
42760,4
42761,0
42762,0
42763,0
42764,8
42765,0
42766,0
42767,0
42768,-12
42769,0
42770,-4
42771,0
42772,4
42773,0
42774,-8
42775,0
42776,2
42777,6
42778,0
42779,2
42780,0
42781,0
42782,-4
42783,0
42784,-4
42785,0
42786,0
42787,0
42788,0
42789,0
42790,-4
42791,0
42792,-4
42793,-4
42794,-4
42795,-4
42796,-4
42797,-4
42798,-4
42799,-4
42800,-4
42801,-4
42802,0
42803,0
42804,0
42805,0
42806,0
42807,0
42808,0
42809,0
42810,16
42811,-4
42812,-4
42813,-14
42814,-4
42815,-4
42816,-16
42817,0
42818,0
42819,0
42820,0
42821,0
42822,0
42823,6
42824,0
42825,0
42826,0
42827,4
42828,0
42829,-4
42830,0
42831,0
42832,0
42833,0
42834,0
42835,0
42836,0
42837,2
42838,0
42839,0
42840,0
42841,4
42842,0
42843,2
42844,0
42845,0
42846,0
42847,0
42848,0
42849,-4
42850,4
42851,4
42852,6
42853,0
42854,0
42855,4
42856,2
42857,-6
42858,0
42859,0
42860,-8
42861,4
42862,2
42863,0
42864,0
42865,0
42866,6
42867,6
42868,0
42869,-4
42870,-12
42871,-4
42872,10
42873,0
42874,0
42875,-4
42876,-14
42877,0
42878,0
42879,2
42880,0
42881,0
42882,0
42883,0
42884,0
42885,0
42886,-4
42887,0
42888,0
42889,0
42890,-4
42891,-4
42892,-4
42893,0
42894,0
42895,-4
42896,0
42897,-4
42898,0
42899,0
42900,0
42901,-4
42902,4
42903,-4
42904,-4
42905,-10
42906,-4
42907,-4
42908,-4
42909,-18
42910,-4
42911,0
42912,6
42913,0
42914,-4
42915,0
42916,0
42917,0
42918,10
42919,0
42920,0
42921,0
42922,0
42923,0
42924,0
42925,2
42926,-4
42927,0
42928,0
42929,0
42930,0
42931,0
42932,2
42933,-4
42934,0
42935,-4
42936,0
42937,0
42938,0
42939,0
42940,0
42941,0
42942,2
42943,4
42944,0
42945,0
42946,0
42947,0
42948,2
42949,-4
42950,-4
42951,0
42952,0
42953,2
42954,0
42955,0
42956,-4
42957,0
42958,6
42959,4
42960,0
42961,0
42962,10
42963,2
42964,0
42965,-8
42966,-4
42967,-4
42968,0
42969,10
42970,0
42971,0
42972,0
42973,-8
42974,-4
42975,0
42976,0
42977,6
42978,6
42979,0
42980,-4
42981,-12
42982,0
42983,-4
42984,0
42985,-4
42986,-8
42987,-4
42988,0
42989,0
42990,0
42991,-4
42992,-4
42993,-4
42994,-4
42995,-4
42996,0
42997,-4
42998,0
42999,-4
43000,10
43001,-4
43002,-4
43003,-4
43004,-4
43005,-4
43006,-4
43007,0
43008,0
43009,-4
43010,0
43011,-6
43012,-4
43013,-4
43014,0
43015,-4
43016,0
43017,0
43018,0
43019,0
43020,0
43021,0
43022,4
43023,0
43024,0
43025,14
43026,-4
43027,0
43028,0
43029,0
43030,0
43031,0
43032,0
43033,-4
43034,0
43035,-4
43036,0
43037,0
43038,0
43039,0
43040,0
43041,0
43042,0
43043,4
43044,0
43045,0
43046,0
43047,0
43048,4
43049,0
43050,0
43051,-4
43052,0
43053,0
43054,0
43055,0
43056,8
43057,2
43058,-14
43059,4
43060,4
43061,-8
43062,0
43063,0
43064,8
43065,0
43066,0
43067,0
43068,0
43069,-4
43070,0
43071,0
43072,4
43073,0
43074,-8
43075,0
43076,0
43077,6
43078,0
43079,-4
43080,0
43081,0
43082,0
43083,0
43084,0
43085,6
43086,0
43087,0
43088,-4
43089,0
43090,0
43091,0
43092,0
43093,-4
43094,0
43095,-4
43096,-4
43097,-4
43098,-4
43099,-4
43100,-4
43101,-8
43102,-4
43103,-4
43104,0
43105,-4
43106,-4
43107,0
43108,0
43109,-4
43110,-6
43111,-4
43112,0
43113,-4
43114,-4
43115,-4
43116,-4
43117,0
43118,-4
43119,-4
43120,-4
43121,0
43122,0
43123,0
43124,0
43125,0
43126,0
43127,2
43128,0
43129,0
43130,6
43131,0
43132,6
43133,0
43134,0
43135,-4
43136,0
43137,0
43138,2
43139,0
43140,4
43141,0
43142,6
43143,0
43144,0
43145,0
43146,4
43147,0
43148,4
43149,-4
43150,-4
43151,0
43152,0
43153,-8
43154,0
43155,0
43156,0
43157,-8
43158,0
43159,0
43160,-4
43161,0
43162,0
43163,-4
43164,4
43165,0
43166,6
43167,0
43168,-4
43169,0
43170,-4
43171,0
43172,14
43173,0
43174,0
43175,0
43176,-4
43177,0
43178,0
43179,4
43180,0
43181,-4
43182,0
43183,0
43184,0
43185,0
43186,0
43187,0
43188,-4
43189,0
43190,0
43191,0
43192,-4
43193,-4
43194,-4
43195,-4
43196,0
43197,0
43198,0
43199,-4
43200,-4
43201,-4
43202,0
43203,0
43204,-4
43205,2
43206,-4
43207,-4
43208,-4
43209,6
43210,-4
43211,0
43212,-4
43213,-4
43214,0
43215,0
43216,2
43217,-4
43218,0
43219,-4
43220,-4
43221,-4
43222,-4
43223,0
43224,-4
43225,-4
43226,0
43227,0
43228,0
43229,0
43230,0
43231,0
43232,0
43233,0
43234,0
43235,0
43236,0
43237,0
43238,0
43239,-4
43240,0
43241,0
43242,2
43243,0
43244,4
43245,2
43246,0
43247,0
43248,-4
43249,2
43250,0
43251,4
43252,0
43253,0
43254,2
43255,-4
43256,0
43257,2
43258,0
43259,2
43260,4
43261,0
43262,-6
43263,0
43264,0
43265,-4
43266,6
43267,-4
43268,4
43269,8
43270,-4
43271,0
43272,0
43273,-8
43274,0
43275,0
43276,0
43277,0
43278,0
43279,0
43280,-4
43281,0
43282,0
43283,-14
43284,0
43285,2
43286,0
43287,-4
43288,0
43289,0
43290,0
43291,0
43292,-4
43293,0
43294,18
43295,-4
43296,-4
43297,6
43298,6
43299,-6
43300,4
43301,-4
43302,-8
43303,-4
43304,-4
43305,0
43306,0
43307,-4
43308,0
43309,0
43310,0
43311,6
43312,0
43313,-4
43314,-8
43315,-4
43316,0
43317,-4
43318,-4
43319,0
43320,0
43321,-4
43322,4
43323,0
43324,0
43325,0
43326,0
43327,10
43328,0
43329,-4
43330,0
43331,0
43332,0
43333,0
43334,14
43335,0
43336,-4
43337,-4
43338,0
43339,0
43340,0
43341,4
43342,8
43343,0
43344,-4
43345,-4
43346,0
43347,2
43348,2
43349,0
43350,0
43351,4
43352,0
43353,0
43354,0
43355,0
43356,-12
43357,0
43358,8
43359,0
43360,-4
43361,6
43362,2
43363,4
43364,8
43365,2
43366,2
43367,-8
43368,0
43369,-4
43370,0
43371,0
43372,2
43373,0
43374,-10
43375,0
43376,0
43377,0
43378,0
43379,0
43380,-4
43381,-8
43382,0
43383,0
43384,0
43385,0
43386,-4
43387,8
43388,-4
43389,-4
43390,0
43391,-4
43392,-4
43393,-4
43394,-4
43395,0
43396,-4
43397,0
43398,-4
43399,0
43400,-4
43401,-4
43402,-4
43403,-4
43404,0
43405,0
43406,0
43407,-4
43408,-4
43409,-4
43410,-8
43411,-4
43412,0
43413,6
43414,0
43415,0
43416,0
43417,-4
43418,-4
43419,4
43420,0
43421,0
43422,-4
43423,0
43424,0
43425,0
43426,-4
43427,0
43428,0
43429,0
43430,0
43431,-4
43432,-4
43433,0
43434,0
43435,0
43436,0
43437,0
43438,0
43439,2
43440,0
43441,2
43442,0
43443,4
43444,0
43445,0
43446,-4
43447,0
43448,0
43449,0
43450,0
43451,-4
43452,4
43453,0
43454,10
43455,-4
43456,4
43457,0
43458,0
43459,-4
43460,0
43461,0
43462,6
43463,6
43464,0
43465,2
43466,10
43467,2
43468,0
43469,0
43470,2
43471,0
43472,6
43473,0
43474,0
43475,-4
43476,14
43477,0
43478,0
43479,0
43480,0
43481,0
43482,0
43483,0
43484,-4
43485,0
43486,0
43487,-4
43488,-4
43489,-4
43490,0
43491,-4
43492,-4
43493,0
43494,-4
43495,-4
43496,-8
43497,0
43498,-4
43499,0
43500,0
43501,0
43502,-4
43503,-6
43504,-4
43505,-4
43506,0
43507,0
43508,-4
43509,14
43510,-4
43511,0
43512,0
43513,0
43514,-6
43515,-4
43516,0
43517,0
43518,-12
43519,0
43520,0
43521,-4
43522,0
43523,-4
43524,0
43525,0
43526,0
43527,0
43528,4
43529,-4
43530,0
43531,-4
43532,0
43533,0
43534,0
43535,0
43536,0
43537,0
43538,0
43539,0
43540,0
43541,0
43542,0
43543,10
43544,0
43545,0
43546,-4
43547,0
43548,-4
43549,0
43550,0
43551,2
43552,0
43553,2
43554,0
43555,0
43556,4
43557,0
43558,4
43559,0
43560,0
43561,4
43562,4
43563,-4
43564,0
43565,10
43566,6
43567,0
43568,0
43569,6
43570,0
43571,0
43572,-4
43573,0
43574,0
43575,0
43576,0
43577,0
43578,0
43579,-8
43580,0
43581,0
43582,2
43583,-4
43584,0
43585,-4
43586,0
43587,0
43588,2
43589,0
43590,0
43591,0
43592,0
43593,14
43594,0
43595,-4
43596,0
43597,0
43598,-4
43599,-4
43600,0
43601,-4
43602,-4
43603,-4
43604,-4
43605,0
43606,2
43607,-4
43608,-6
43609,-4
43610,0
43611,-8
43612,-4
43613,0
43614,0
43615,-4
43616,-4
43617,-4
43618,0
43619,-4
43620,-8
43621,0
43622,-4
43623,0
43624,0
43625,-8
43626,4
43627,-8
43628,4
43629,0
43630,2
43631,0
43632,0
43633,0
43634,-4
43635,0
43636,0
43637,0
43638,-4
43639,0
43640,0
43641,2
43642,0
43643,4
43644,0
43645,0
43646,4
43647,0
43648,6
43649,0
43650,0
43651,0
43652,10
43653,0
43654,0
43655,0
43656,6
43657,0
43658,0
43659,0
43660,0
43661,0
43662,0
43663,2
43664,6
43665,4
43666,0
43667,-4
43668,0
43669,-4
43670,-4
43671,0
43672,0
43673,0
43674,-4
43675,0
43676,0
43677,0
43678,0
43679,0
43680,4
43681,0
43682,0
43683,0
43684,-4
43685,0
43686,-4
43687,0
43688,-4
43689,-4
43690,-4
43691,-4
43692,-4
43693,-4
43694,-4
43695,-4
43696,-4
43697,-4
43698,-4
43699,-4
43700,-4
43701,0
43702,2
43703,0
43704,0
43705,-4
43706,-4
43707,0
43708,-4
43709,-4
43710,-14
43711,-4
43712,0
43713,-10
43714,-4
43715,-4
43716,6
43717,0
43718,-4
43719,0
43720,-4
43721,0
43722,0
43723,0
43724,-4
43725,0
43726,-4
43727,0
43728,0
43729,0
43730,0
43731,0
43732,0
43733,0
43734,-4
43735,0
43736,0
43737,0
43738,0
43739,0
43740,-4
43741,0
43742,4
43743,0
43744,0
43745,0
43746,4
43747,-8
43748,0
43749,0
43750,0
43751,0
43752,0
43753,0
43754,0
43755,0
43756,2
43757,-8
43758,0
43759,2
43760,0
43761,0
43762,-4
43763,6
43764,2
43765,2
43766,6
43767,0
43768,0
43769,0
43770,-22
43771,0
43772,6
43773,0
43774,0
43775,0
43776,0
43777,0
43778,6
43779,2
43780,-10
43781,0
43782,0
43783,0
43784,0
43785,0
43786,-4
43787,0
43788,0
43789,-4
43790,-4
43791,-4
43792,0
43793,0
43794,-4
43795,-4
43796,0
43797,-4
43798,-4
43799,4
43800,-4
43801,-4
43802,-4
43803,0
43804,0
43805,2
43806,0
43807,-4
43808,-4
43809,-4
43810,-4
43811,-4
43812,-4
43813,0
43814,0
43815,0
43816,0
43817,4
43818,0
43819,0
43820,0
43821,-4
43822,0
43823,0
43824,0
43825,0
43826,0
43827,-4
43828,0
43829,0
43830,-4
43831,0
43832,0
43833,-4
43834,0
43835,0
43836,2
43837,2
43838,0
43839,-4
43840,4
43841,0
43842,0
43843,4
43844,0
43845,0
43846,4
43847,0
43848,2
43849,0
43850,0
43851,8
43852,0
43853,-4
43854,0
43855,4
43856,0
43857,0
43858,0
43859,0
43860,0
43861,-4
43862,2
43863,0
43864,4
43865,6
43866,0
43867,0
43868,-4
43869,0
43870,-4
43871,0
43872,0
43873,10
43874,0
43875,0
43876,0
43877,0
43878,0
43879,0
43880,0
43881,0
43882,6
43883,0
43884,0
43885,-4
43886,0
43887,0
43888,2
43889,0
43890,0
43891,-4
43892,-4
43893,-4
43894,-4
43895,-4
43896,-4
43897,-4
43898,-4
43899,0
43900,2
43901,-4
43902,-4
43903,6
43904,0
43905,-4
43906,0
43907,0
43908,-4
43909,-4
43910,-4
43911,-4
43912,-4
43913,-4
43914,-4
43915,0
43916,0
43917,-4
43918,0
43919,0
43920,-8
43921,-4
43922,-4
43923,-4
43924,-4
43925,-4
43926,0
43927,0
43928,0
43929,0
43930,0
43931,0
43932,0
43933,0
43934,0
43935,2
43936,0
43937,0
43938,0
43939,0
43940,0
43941,0
43942,0
43943,0
43944,2
43945,0
43946,0
43947,0
43948,0
43949,0
43950,0
43951,4
43952,0
43953,0
43954,4
43955,2
43956,4
43957,0
43958,0
43959,0
43960,0
43961,0
43962,0
43963,0
43964,-4
43965,0
43966,0
43967,-4
43968,0
43969,0
43970,0
43971,0
43972,2
43973,0
43974,0
43975,0
43976,0
43977,0
43978,0
43979,-6
43980,0
43981,0
43982,2
43983,0
43984,0
43985,0
43986,-4
43987,0
43988,0
43989,0
43990,0
43991,0
43992,-4
43993,-4
43994,-4
43995,-4
43996,0
43997,-4
43998,0
43999,0
44000,-4
44001,0
44002,-4
44003,0
44004,0
44005,-4
44006,-4
44007,0
44008,-4
44009,-4
44010,2
44011,-4
44012,0
44013,-4
44014,0
44015,-4
44016,0
44017,-4
44018,0
44019,6
44020,0
44021,0
44022,0
44023,0
44024,0
44025,0
44026,0
44027,0
44028,0
44029,0
44030,-4
44031,0
44032,-8
44033,0
44034,0
44035,-14
44036,-14
44037,0
44038,-4
44039,0
44040,2
44041,2
44042,0
44043,0
44044,-10
44045,0
44046,-4
44047,0
44048,0
44049,4
44050,0
44051,2
44052,0
44053,0
44054,0
44055,0
44056,0
44057,-4
44058,0
44059,4
44060,0
44061,0
44062,0
44063,2
44064,6
44065,0
44066,-4
44067,0
44068,0
44069,0
44070,0
44071,4
44072,0
44073,0
44074,-4
44075,0
44076,0
44077,0
44078,0
44079,-4
44080,0
44081,0
44082,-4
44083,-4
44084,0
44085,0
44086,0
44087,0
44088,0
44089,-4
44090,-4
44091,0
44092,-4
44093,-4
44094,-4
44095,-4
44096,-4
44097,-4
44098,10
44099,6
44100,-4
44101,-4
44102,0
44103,-4
44104,-4
44105,-4
44106,-4
44107,-4
44108,-4
44109,0
44110,-4
44111,0
44112,0
44113,0
44114,-14
44115,0
44116,0
44117,2
44118,-4
44119,-4
44120,0
44121,0
44122,0
44123,0
44124,0
44125,0
44126,-10
44127,6
44128,0
44129,0
44130,0
44131,0
44132,0
44133,0
44134,0
44135,0
44136,0
44137,0
44138,2
44139,-4
44140,-12
44141,0
44142,2
44143,0
44144,0
44145,2
44146,0
44147,0
44148,-4
44149,6
44150,0
44151,0
44152,2
44153,0
44154,0
44155,0
44156,0
44157,0
44158,0
44159,8
44160,0
44161,4
44162,6
44163,0
44164,-4
44165,-4
44166,6
44167,0
44168,0
44169,0
44170,-4
44171,4
44172,4
44173,0
44174,0
44175,0
44176,2
44177,0
44178,0
44179,4
44180,0
44181,0
44182,-8
44183,4
44184,0
44185,-4
44186,0
44187,0
44188,-4
44189,0
44190,0
44191,-4
44192,2
44193,-4
44194,-4
44195,-4
44196,0
44197,-4
44198,-4
44199,-4
44200,0
44201,-4
44202,-4
44203,-4
44204,-4
44205,-4
44206,-4
44207,-4
44208,-18
44209,-4
44210,-8
44211,0
44212,0
44213,2
44214,-6
44215,-4
44216,-8
44217,-4
44218,0
44219,2
44220,4
44221,-4
44222,-4
44223,0
44224,-4
44225,-4
44226,0
44227,-4
44228,0
44229,0
44230,0
44231,0
44232,0
44233,-4
44234,0
44235,-4
44236,-4
44237,0
44238,0
44239,0
44240,0
44241,0
44242,0
44243,2
44244,0
44245,0
44246,2
44247,-4
44248,0
44249,0
44250,0
44251,4
44252,0
44253,2
44254,2
44255,0
44256,0
44257,0
44258,0
44259,0
44260,10
44261,0
44262,4
44263,0
44264,0
44265,0
44266,-4
44267,-8
44268,0
44269,0
44270,-4
44271,0
44272,0
44273,0
44274,0
44275,0
44276,-4
44277,0
44278,0
44279,0
44280,0
44281,14
44282,-4
44283,-8
44284,0
44285,-4
44286,0
44287,0
44288,0
44289,-4
44290,-4
44291,-4
44292,0
44293,-4
44294,-4
44295,-4
44296,0
44297,0
44298,0
44299,-4
44300,0
44301,0
44302,-4
44303,-14
44304,-4
44305,-4
44306,-4
44307,-4
44308,-4
44309,0
44310,0
44311,-4
44312,0
44313,0
44314,-4
44315,0
44316,-6
44317,-4
44318,0
44319,0
44320,-4
44321,-4
44322,0
44323,-4
44324,0
44325,0
44326,-4
44327,2
44328,0
44329,0
44330,0
44331,0
44332,0
44333,6
44334,-4
44335,0
44336,0
44337,0
44338,0
44339,0
44340,0
44341,4
44342,2
44343,0
44344,-4
44345,0
44346,2
44347,0
44348,0
44349,0
44350,0
44351,6
44352,6
44353,4
44354,0
44355,-4
44356,0
44357,0
44358,0
44359,0
44360,0
44361,0
44362,0
44363,0
44364,0
44365,0
44366,0
44367,6
44368,-4
44369,4
44370,0
44371,0
44372,-8
44373,2
44374,6
44375,2
44376,0
44377,0
44378,0
44379,-4
44380,-4
44381,0
44382,-8
44383,0
44384,0
44385,-4
44386,0
44387,0
44388,0
44389,0
44390,0
44391,-4
44392,-4
44393,0
44394,-4
44395,-4
44396,-4
44397,-4
44398,-4
44399,-4
44400,0
44401,-4
44402,-4
44403,-4
44404,-4
44405,-4
44406,-4
44407,-16
44408,-4
44409,-8
44410,-4
44411,-4
44412,-4
44413,-4
44414,0
44415,-4
44416,0
44417,-4
44418,2
44419,0
44420,0
44421,6
44422,0
44423,4
44424,0
44425,0
44426,0
44427,-4
44428,0
44429,0
44430,0
44431,0
44432,-4
44433,-4
44434,0
44435,0
44436,-4
44437,0
44438,0
44439,0
44440,0
44441,0
44442,0
44443,0
44444,0
44445,0
44446,0
44447,0
44448,-4
44449,0
44450,0
44451,0
44452,0
44453,0
44454,0
44455,-8
44456,0
44457,2
44458,-4
44459,0
44460,0
44461,10
44462,0
44463,4
44464,-4
44465,0
44466,-4
44467,0
44468,0
44469,0
44470,0
44471,-10
44472,0
44473,-4
44474,-4
44475,0
44476,0
44477,6
44478,-4
44479,2
44480,-4
44481,0
44482,0
44483,0
44484,-4
44485,0
44486,4
44487,4
44488,0
44489,0
44490,0
44491,0
44492,-4
44493,-4
44494,-4
44495,0
44496,0
44497,-4
44498,-4
44499,0
44500,-4
44501,-4
44502,-4
44503,-4
44504,2
44505,6
44506,-4
44507,-4
44508,4
44509,-4
44510,-4
44511,0
44512,-4
44513,0
44514,-4
44515,-4
44516,-4
44517,-4
44518,-4
44519,0
44520,2
44521,0
44522,0
44523,0
44524,0
44525,0
44526,0
44527,0
44528,0
44529,0
44530,0
44531,0
44532,0
44533,-4
44534,-4
44535,-4
44536,0
44537,-4
44538,0
44539,2
44540,0
44541,0
44542,0
44543,0
44544,0
44545,-4
44546,0
44547,6
44548,0
44549,4
44550,0
44551,0
44552,0
44553,0
44554,0
44555,2
44556,10
44557,0
44558,0
44559,0
44560,8
44561,0
44562,2
44563,0
44564,4
44565,0
44566,8
44567,0
44568,0
44569,-4
44570,-4
44571,0
44572,-4
44573,0
44574,-6
44575,0
44576,0
44577,0
44578,0
44579,-4
44580,0
44581,4
44582,2
44583,0
44584,-6
44585,-4
44586,-4
44587,0
44588,-8
44589,-4
44590,0
44591,-4
44592,0
44593,-4
44594,-4
44595,16
44596,4
44597,-4
44598,-8
44599,6
44600,-4
44601,-4
44602,0
44603,0
44604,-4
44605,0
44606,-4
44607,0
44608,0
44609,-4
44610,-4
44611,-4
44612,-4
44613,-4
44614,0
44615,-4
44616,-4
44617,-4
44618,4
44619,-4
44620,0
44621,-4
44622,0
44623,-4
44624,0
44625,0
44626,0
44627,-4
44628,10
44629,-4
44630,2
44631,2
44632,0
44633,-4
44634,0
44635,2
44636,0
44637,-4
44638,0
44639,0
44640,0
44641,0
44642,2
44643,-6
44644,4
44645,0
44646,10
44647,0
44648,-4
44649,2
44650,14
44651,4
44652,2
44653,0
44654,0
44655,0
44656,0
44657,-8
44658,0
44659,0
44660,0
44661,0
44662,-4
44663,0
44664,0
44665,0
44666,0
44667,0
44668,0
44669,-4
44670,-4
44671,0
44672,4
44673,0
44674,0
44675,0
44676,0
44677,0
44678,0
44679,6
44680,0
44681,0
44682,-4
44683,0
44684,10
44685,0
44686,0
44687,0
44688,-4
44689,0
44690,0
44691,0
44692,0
44693,0
44694,-4
44695,0
44696,-14
44697,-4
44698,-4
44699,-4
44700,6
44701,-4
44702,0
44703,-4
44704,-4
44705,-4
44706,-4
44707,-4
44708,-4
44709,-4
44710,-4
44711,-6
44712,-4
44713,-4
44714,-8
44715,-4
44716,-4
44717,0
44718,-4
44719,-4
44720,0
44721,0
44722,0
44723,-4
44724,0
44725,0
44726,0
44727,0
44728,0
44729,0
44730,0
44731,0
44732,0
44733,0
44734,0
44735,0
44736,10
44737,0
44738,0
44739,0
44740,0
44741,0
44742,0
44743,0
44744,2
44745,-4
44746,0
44747,0
44748,-4
44749,2
44750,0
44751,6
44752,0
44753,0
44754,4
44755,2
44756,0
44757,0
44758,2
44759,0
44760,4
44761,-8
44762,0
44763,0
44764,-4
44765,0
44766,0
44767,-4
44768,-4
44769,0
44770,0
44771,4
44772,0
44773,6
44774,0
44775,6
44776,0
44777,0
44778,-4
44779,0
44780,0
44781,-4
44782,6
44783,8
44784,-4
44785,0
44786,0
44787,0
44788,6
44789,0
44790,-4
44791,0
44792,2
44793,-4
44794,-4
44795,-4
44796,-4
44797,2
44798,-4
44799,-4
44800,0
44801,-4
44802,-4
44803,-4
44804,-4
44805,6
44806,-4
44807,-4
44808,8
44809,-4
44810,0
44811,-4
44812,0
44813,-4
44814,-4
44815,0
44816,-8
44817,0
44818,0
44819,6
44820,-4
44821,0
44822,-4
44823,0
44824,0
44825,-4
44826,0
44827,-4
44828,0
44829,-4
44830,0
44831,-4
44832,0
44833,4
44834,4
44835,0
44836,-4
44837,0
44838,0
44839,0
44840,0
44841,0
44842,-4
44843,0
44844,0
44845,0
44846,0
44847,0
44848,6
44849,0
44850,0
44851,2
44852,2
44853,0
44854,-8
44855,2
44856,10
44857,0
44858,0
44859,0
44860,0
44861,0
44862,0
44863,10
44864,4
44865,0
44866,6
44867,0
44868,2
44869,0
44870,-4
44871,0
44872,0
44873,0
44874,0
44875,0
44876,0
44877,-4
44878,0
44879,0
44880,0
44881,0
44882,0
44883,-4
44884,-4
44885,-4
44886,0
44887,0
44888,-4
44889,-8
44890,0
44891,0
44892,0
44893,0
44894,6
44895,-4
44896,-4
44897,0
44898,0
44899,-4
44900,0
44901,0
44902,0
44903,-4
44904,-8
44905,-4
44906,-4
44907,-4
44908,0
44909,-4
44910,-4
44911,0
44912,-4
44913,-4
44914,-4
44915,6
44916,-4
44917,-4
44918,0
44919,0
44920,-4
44921,6
44922,-4
44923,-4
44924,-4
44925,0
44926,0
44927,-4
44928,-4
44929,0
44930,0
44931,-4
44932,0
44933,0
44934,0
44935,0
44936,0
44937,0
44938,0
44939,0
44940,0
44941,4
44942,-4
44943,4
44944,-8
44945,0
44946,0
44947,6
44948,0
44949,0
44950,0
44951,4
44952,0
44953,6
44954,0
44955,0
44956,0
44957,0
44958,0
44959,-10
44960,6
44961,0
44962,-10
44963,0
44964,0
44965,4
44966,4
44967,0
44968,2
44969,10
44970,0
44971,0
44972,6
44973,4
44974,-4
44975,2
44976,0
44977,0
44978,0
44979,-4
44980,0
44981,0
44982,0
44983,0
44984,-4
44985,-8
44986,0
44987,0
44988,0
44989,-4
44990,-4
44991,-4
44992,-14
44993,-4
44994,-4
44995,-4
44996,-4
44997,0
44998,-4
44999,-4
45000,-4
45001,0
45002,-4
45003,-4
45004,0
45005,-4
45006,-4
45007,0
45008,0
45009,-4
45010,0
45011,0
45012,-4
45013,0
45014,-4
45015,0
45016,-4
45017,4
45018,-4
45019,2
45020,2
45021,4
45022,0
45023,-14
45024,-4
45025,-4
45026,0
45027,-4
45028,-4
45029,-4
45030,-4
45031,0
45032,0
45033,0
45034,0
45035,-4
45036,2
45037,0
45038,0
45039,0
45040,0
45041,0
45042,-8
45043,0
45044,0
45045,0
45046,0
45047,0
45048,4
45049,0
45050,4
45051,4
45052,2
45053,6
45054,2
45055,0
45056,0
45057,0
45058,-4
45059,0
45060,0
45061,-8
45062,0
45063,-4
45064,0
45065,2
45066,0
45067,6
45068,0
45069,-4
45070,-4
45071,-6
45072,0
45073,0
45074,0
45075,-8
45076,0
45077,2
45078,0
45079,-4
45080,0
45081,-4
45082,0
45083,0
45084,-4
45085,0
45086,2
45087,0
45088,0
45089,0
45090,0
45091,0
45092,-4
45093,-4
45094,-4
45095,-4
45096,-4
45097,0
45098,-4
45099,-8
45100,-4
45101,-4
45102,-4
45103,-4
45104,-4
45105,0
45106,0
45107,0
45108,-4
45109,-4
45110,-4
45111,-4
45112,-4
45113,0
45114,0
45115,0
45116,-4
45117,-4
45118,-4
45119,-8
45120,0
45121,0
45122,0
45123,0
45124,0
45125,0
45126,0
45127,-4
45128,0
45129,0
45130,-4
45131,0
45132,0
45133,0
45134,0
45135,-4
45136,-4
45137,-4
45138,-22
45139,0
45140,2
45141,0
45142,0
45143,0
45144,0
45145,0
45146,4
45147,2
45148,0
45149,0
45150,0
45151,-14
45152,0
45153,0
45154,0
45155,10
45156,0
45157,0
45158,0
45159,0
45160,0
45161,0
45162,4
45163,6
45164,2
45165,0
45166,6
45167,0
45168,0
45169,-4
45170,6
45171,0
45172,0
45173,0
45174,0
45175,0
45176,0
45177,0
45178,4
45179,0
45180,0
45181,-4
45182,2
45183,-4
45184,2
45185,0
45186,-4
45187,-8
45188,0
45189,0
45190,0
45191,0
45192,-4
45193,0
45194,-4
45195,0
45196,-4
45197,-4
45198,6
45199,-4
45200,0
45201,8
45202,-4
45203,-4
45204,-6
45205,4
45206,-6
45207,0
45208,0
45209,-4
45210,-4
45211,0
45212,0
45213,0
45214,-4
45215,-4
45216,0
45217,-4
45218,-6
45219,-4
45220,0
45221,2
45222,-4
45223,-4
45224,-4
45225,0
45226,0
45227,0
45228,0
45229,0
45230,0
45231,-4
45232,0
45233,0
45234,0
45235,0
45236,0
45237,2
45238,0
45239,0
45240,0
45241,0
45242,2
45243,0
45244,0
45245,-4
45246,6
45247,2
45248,0
45249,0
45250,0
45251,0
45252,0
45253,4
45254,-12
45255,0
45256,2
45257,0
45258,0
45259,10
45260,0
45261,4
45262,2
45263,0
45264,0
45265,-6
45266,-4
45267,0
45268,-4
45269,0
45270,0
45271,4
45272,0
45273,2
45274,-4
45275,-4
45276,0
45277,0
45278,2
45279,-4
45280,0
45281,-4
45282,-4
45283,-4
45284,-4
45285,-4
45286,0
45287,0
45288,0
45289,0
45290,-4
45291,0
45292,-4
45293,-4
45294,0
45295,-4
45296,-8
45297,0
45298,0
45299,-4
45300,0
45301,-4
45302,4
45303,-6
45304,-4
45305,-4
45306,-4
45307,-4
45308,-4
45309,0
45310,0
45311,-6
45312,-4
45313,-4
45314,-8
45315,0
45316,-4
45317,4
45318,-4
45319,0
45320,2
45321,-4
45322,2
45323,6
45324,-4
45325,0
45326,2
45327,-4
45328,2
45329,0
45330,2
45331,2
45332,4
45333,0
45334,0
45335,0
45336,0
45337,0
45338,0
45339,2
45340,0
45341,0
45342,0
45343,0
45344,-4
45345,-6
45346,0
45347,-4
45348,0
45349,4
45350,0
45351,0
45352,2
45353,0
45354,-4
45355,0
45356,0
45357,0
45358,4
45359,0
45360,0
45361,-6
45362,0
45363,4
45364,10
45365,0
45366,0
45367,0
45368,0
45369,0
45370,0
45371,-4
45372,0
45373,-4
45374,0
45375,10
45376,2
45377,-4
45378,0
45379,0
45380,0
45381,0
45382,0
45383,0
45384,0
45385,0
45386,0
45387,0
45388,0
45389,-4
45390,0
45391,-4
45392,0
45393,0
45394,-4
45395,-16
45396,0
45397,-4
45398,-4
45399,-4
45400,0
45401,-4
45402,-4
45403,-4
45404,0
45405,-4
45406,-4
45407,-4
45408,-4
45409,0
45410,-4
45411,-4
45412,-4
45413,0
45414,-4
45415,0
45416,-4
45417,-4
45418,0
45419,0
45420,0
45421,0
45422,0
45423,-4
45424,0
45425,0
45426,0
45427,0
45428,0
45429,-4
45430,-4
45431,0
45432,-4
45433,10
45434,0
45435,0
45436,0
45437,4
45438,-4
45439,0
45440,0
45441,0
45442,0
45443,0
45444,0
45445,14
45446,0
45447,10
45448,0
45449,0
45450,0
45451,0
45452,2
45453,4
45454,0
45455,0
45456,0
45457,4
45458,-6
45459,0
45460,-8
45461,0
45462,6
45463,6
45464,0
45465,0
45466,0
45467,2
45468,2
45469,-4
45470,-6
45471,-4
45472,4
45473,0
45474,0
45475,0
45476,2
45477,4
45478,-4
45479,-4
45480,0
45481,10
45482,-4
45483,0
45484,0
45485,0
45486,0
45487,2
45488,-4
45489,0
45490,-4
45491,-4
45492,-4
45493,-4
45494,-4
45495,-4
45496,-4
45497,-4
45498,0
45499,-4
45500,-4
45501,-4
45502,-4
45503,0
45504,0
45505,-4
45506,0
45507,0
45508,-4
45509,0
45510,-4
45511,-4
45512,0
45513,-4
45514,0
45515,-4
45516,-4
45517,0
45518,-6
45519,0
45520,0
45521,0
45522,0
45523,0
45524,0
45525,0
45526,-4
45527,0
45528,0
45529,-4
45530,0
45531,-4
45532,0
45533,0
45534,0
45535,0
45536,0
45537,0
45538,4
45539,-4
45540,4
45541,0
45542,0
45543,0
45544,0
45545,0
45546,2
45547,0
45548,0
45549,-8
45550,6
45551,0
45552,2
45553,2
45554,6
45555,0
45556,0
45557,6
45558,0
45559,4
45560,0
45561,0
45562,8
45563,0
45564,2
45565,2
45566,2
45567,0
45568,0
45569,4
45570,0
45571,0
45572,-4
45573,0
45574,8
45575,0
45576,0
45577,-4
45578,-4
45579,0
45580,0
45581,-4
45582,0
45583,0
45584,0
45585,0
45586,-4
45587,0
45588,0
45589,-4
45590,-4
45591,-4
45592,0
45593,0
45594,-4
45595,-4
45596,-4
45597,0
45598,0
45599,0
45600,-6
45601,-4
45602,0
45603,-4
45604,-4
45605,-6
45606,0
45607,0
45608,-4
45609,0
45610,-4
45611,6
45612,-4
45613,0
45614,6
45615,-4
45616,-4
45617,8
45618,0
45619,0
45620,0
45621,0
45622,0
45623,0
45624,-4
45625,0
45626,8
45627,0
45628,0
45629,-10
45630,-4
45631,-4
45632,0
45633,0
45634,0
45635,0
45636,0
45637,-4
45638,0
45639,0
45640,-4
45641,0
45642,2
45643,2
45644,0
45645,0
45646,0
45647,2
45648,-6
45649,0
45650,6
45651,0
45652,8
45653,0
45654,0
45655,0
45656,0
45657,-4
45658,0
45659,4
45660,0
45661,10
45662,0
45663,2
45664,4
45665,0
45666,0
45667,2
45668,2
45669,4
45670,-4
45671,-6
45672,-4
45673,0
45674,0
45675,0
45676,0
45677,0
45678,0
45679,2
45680,0
45681,-4
45682,0
45683,-4
45684,-4
45685,0
45686,0
45687,0
45688,-8
45689,2
45690,0
45691,0
45692,0
45693,0
45694,-4
45695,0
45696,0
45697,0
45698,-22
45699,-4
45700,-4
45701,0
45702,-14
45703,-4
45704,-4
45705,-4
45706,-4
45707,-4
45708,-4
45709,0
45710,4
45711,-4
45712,0
45713,8
45714,-4
45715,0
45716,14
45717,-4
45718,-4
45719,6
45720,0
45721,0
45722,6
45723,-4
45724,0
45725,0
45726,0
45727,0
45728,-4
45729,0
45730,0
45731,0
45732,0
45733,-4
45734,-4
45735,0
45736,-4
45737,0
45738,0
45739,0
45740,0
45741,0
45742,0
45743,2
45744,2
45745,0
45746,0
45747,0
45748,2
45749,0
45750,0
45751,0
45752,0
45753,6
45754,0
45755,2
45756,0
45757,0
45758,6
45759,0
45760,14
45761,0
45762,0
45763,-4
45764,2
45765,2
45766,2
45767,-4
45768,4
45769,6
45770,8
45771,-4
45772,2
45773,0
45774,0
45775,4
45776,6
45777,0
45778,-4
45779,-4
45780,0
45781,0
45782,0
45783,0
45784,-4
45785,0
45786,4
45787,0
45788,-6
45789,-4
45790,0
45791,2
45792,0
45793,0
45794,0
45795,-4
45796,-4
45797,-4
45798,0
45799,-4
45800,-4
45801,0
45802,0
45803,0
45804,-4
45805,0
45806,-4
45807,0
45808,0
45809,0
45810,-4
45811,-4
45812,0
45813,-4
45814,-4
45815,-14
45816,-4
45817,0
45818,14
45819,0
45820,0
45821,6
45822,-4
45823,0
45824,0
45825,0
45826,0
45827,0
45828,0
45829,0
45830,0
45831,0
45832,0
45833,-10
45834,0
45835,0
45836,0
45837,0
45838,0
45839,0
45840,0
45841,0
45842,0
45843,2
45844,0
45845,0
45846,2
45847,6
45848,0
45849,6
45850,0
45851,0
45852,2
45853,0
45854,2
45855,10
45856,-4
45857,0
45858,0
45859,0
45860,4
45861,-4
45862,4
45863,2
45864,0
45865,6
45866,4
45867,-4
45868,0
45869,-14
45870,-4
45871,0
45872,6
45873,-4
45874,0
45875,0
45876,0
45877,-4
45878,4
45879,16
45880,0
45881,4
45882,0
45883,0
45884,-4
45885,-4
45886,0
45887,6
45888,0
45889,-4
45890,0
45891,0
45892,-4
45893,-4
45894,-4
45895,0
45896,0
45897,-4
45898,0
45899,-4
45900,-4
45901,0
45902,-4
45903,-4
45904,0
45905,-14
45906,0
45907,-4
45908,-4
45909,10
45910,-4
45911,-4
45912,0
45913,-4
45914,6
45915,2
45916,-4
45917,-4
45918,-4
45919,-4
45920,0
45921,0
45922,0
45923,2
45924,0
45925,0
45926,0
45927,0
45928,0
45929,-4
45930,0
45931,0
45932,0
45933,0
45934,0
45935,0
45936,4
45937,0
45938,0
45939,0
45940,4
45941,0
45942,0
45943,0
45944,-4
45945,6
45946,10
45947,8
45948,4
45949,0
45950,4
45951,0
45952,2
45953,0
45954,4
45955,0
45956,4
45957,0
45958,4
45959,0
45960,-4
45961,6
45962,2
45963,0
45964,-4
45965,0
45966,2
45967,8
45968,0
45969,0
45970,-4
45971,-8
45972,0
45973,6
45974,0
45975,6
45976,0
45977,0
45978,0
45979,0
45980,-4
45981,0
45982,0
45983,0
45984,0
45985,-8
45986,0
45987,0
45988,0
45989,0
45990,0
45991,-4
45992,0
45993,-4
45994,-8
45995,-4
45996,0
45997,-4
45998,-4
45999,0
46000,0
46001,-4
46002,0
46003,-4
46004,-6
46005,-4
46006,-4
46007,0
46008,-4
46009,-4
46010,-4
46011,0
46012,-4
46013,-8
46014,-6
46015,-4
46016,0
46017,0
46018,-4
46019,0
46020,4
46021,-4
46022,0
46023,0
46024,0
46025,-4
46026,6
46027,2
46028,-4
46029,0
46030,0
46031,0
46032,0
46033,0
46034,0
46035,0
46036,-4
46037,0
46038,0
46039,0
46040,0
46041,4
46042,0
46043,2
46044,4
46045,0
46046,0
46047,0
46048,0
46049,0
46050,0
46051,0
46052,-4
46053,4
46054,2
46055,0
46056,4
46057,0
46058,10
46059,0
46060,6
46061,0
46062,6
46063,10
46064,0
46065,0
46066,6
46067,2
46068,0
46069,0
46070,0
46071,0
46072,0
46073,0
46074,0
46075,0
46076,0
46077,0
46078,0
46079,-4
46080,-4
46081,0
46082,0
46083,8
46084,2
46085,0
46086,0
46087,0
46088,0
46089,6
46090,0
46091,0
46092,0
46093,-4
46094,-4
46095,-4
46096,-4
46097,-4
46098,0
46099,0
46100,-4
46101,-4
46102,0
46103,-4
46104,0
46105,-4
46106,-4
46107,-4
46108,-4
46109,0
46110,-4
46111,-4
46112,6
46113,-4
46114,-4
46115,-8
46116,-4
46117,0
46118,0
46119,-4
46120,0
46121,-4
46122,0
46123,0
46124,0
46125,-4
46126,0
46127,-4
46128,0
46129,0
46130,0
46131,-4
46132,0
46133,0
46134,0
46135,0
46136,0
46137,0
46138,0
46139,0
46140,0
46141,0
46142,0
46143,4
46144,0
46145,0
46146,0
46147,0
46148,6
46149,0
46150,0
46151,0
46152,0
46153,-4
46154,0
46155,2
46156,-4
46157,0
46158,0
46159,0
46160,0
46161,0
46162,6
46163,2
46164,0
46165,0
46166,0
46167,0
46168,-8
46169,0
46170,0
46171,0
46172,-8
46173,0
46174,-4
46175,0
46176,0
46177,-4
46178,0
46179,0
46180,0
46181,0
46182,0
46183,0
46184,4
46185,0
46186,-4
46187,0
46188,-4
46189,-8
46190,-4
46191,-4
46192,-4
46193,6
46194,0
46195,-4
46196,-4
46197,0
46198,4
46199,-4
46200,-4
46201,4
46202,-4
46203,-4
46204,0
46205,-4
46206,-4
46207,-4
46208,0
46209,14
46210,0
46211,-4
46212,-4
46213,0
46214,0
46215,-4
46216,-4
46217,0
46218,-6
46219,-4
46220,-4
46221,-4
46222,0
46223,6
46224,-4
46225,0
46226,0
46227,0
46228,-4
46229,-4
46230,-4
46231,-4
46232,2
46233,0
46234,-4
46235,4
46236,0
46237,0
46238,0
46239,0
46240,0
46241,0
46242,0
46243,6
46244,0
46245,-4
46246,0
46247,0
46248,2
46249,-4
46250,0
46251,0
46252,0
46253,2
46254,6
46255,-14
46256,0
46257,6
46258,4
46259,0
46260,0
46261,6
46262,0
46263,6
46264,6
46265,4
46266,0
46267,0
46268,-4
46269,0
46270,-4
46271,-4
46272,0
46273,4
46274,6
46275,0
46276,0
46277,0
46278,10
46279,-6
46280,0
46281,0
46282,0
46283,0
46284,0
46285,0
46286,-4
46287,0
46288,0
46289,-4
46290,0
46291,0
46292,0
46293,0
46294,-4
46295,-8
46296,-4
46297,-4
46298,0
46299,-4
46300,-4
46301,0
46302,0
46303,-4
46304,-4
46305,-4
46306,0
46307,-14
46308,-4
46309,0
46310,-4
46311,0
46312,-4
46313,0
46314,-4
46315,-14
46316,0
46317,2
46318,-4
46319,-4
46320,0
46321,0
46322,0
46323,0
46324,0
46325,0
46326,-4
46327,0
46328,0
46329,-4
46330,-4
46331,0
46332,10
46333,-4
46334,0
46335,0
46336,0
46337,10
46338,0
46339,-4
46340,2
46341,0
46342,0
46343,-4
46344,2
46345,0
46346,0
46347,0
46348,0
46349,0
46350,4
46351,0
46352,0
46353,4
46354,2
46355,0
46356,0
46357,-4
46358,-4
46359,0
46360,14
46361,0
46362,-4
46363,6
46364,4
46365,0
46366,-4
46367,0
46368,4
46369,6
46370,-4
46371,0
46372,0
46373,0
46374,0
46375,0
46376,0
46377,0
46378,0
46379,0
46380,0
46381,0
46382,2
46383,0
46384,-4
46385,0
46386,2
46387,0
46388,0
46389,0
46390,0
46391,-4
46392,0
46393,0
46394,-4
46395,-4
46396,-4
46397,0
46398,-4
46399,0
46400,-4
46401,-4
46402,-4
46403,-4
46404,0
46405,-4
46406,-4
46407,0
46408,-4
46409,-4
46410,-4
46411,-4
46412,-4
46413,-4
46414,0
46415,0
46416,-4
46417,0
46418,6
46419,0
46420,0
46421,-4
46422,0
46423,0
46424,6
46425,0
46426,0
46427,0
46428,0
46429,-6
46430,0
46431,0
46432,0
46433,-4
46434,0
46435,0
46436,0
46437,0
46438,0
46439,4
46440,-4
46441,0
46442,0
46443,0
46444,0
46445,2
46446,0
46447,0
46448,0
46449,0
46450,-8
46451,0
46452,0
46453,6
46454,0
46455,4
46456,0
46457,0
46458,0
46459,4
46460,4
46461,2
46462,10
46463,0
46464,2
46465,6
46466,2
46467,0
46468,0
46469,4
46470,0
46471,4
46472,6
46473,0
46474,-4
46475,0
46476,0
46477,-4
46478,0
46479,0
46480,-8
46481,0
46482,0
46483,0
46484,-4
46485,2
46486,0
46487,-6
46488,0
46489,0
46490,-4
46491,0
46492,0
46493,-4
46494,-4
46495,-4
46496,-4
46497,0
46498,-4
46499,-4
46500,-4
46501,4
46502,-4
46503,-4
46504,-4
46505,0
46506,0
46507,-4
46508,-4
46509,-14
46510,-4
46511,-4
46512,-4
46513,-4
46514,-4
46515,-4
46516,-4
46517,-4
46518,0
46519,0
46520,0
46521,0
46522,0
46523,4
46524,0
46525,-4
46526,0
46527,0
46528,0
46529,0
46530,0
46531,0
46532,0
46533,0
46534,0
46535,0
46536,0
46537,0
46538,0
46539,0
46540,0
46541,0
46542,4
46543,0
46544,0
46545,0
46546,0
46547,0
46548,0
46549,0
46550,0
46551,2
46552,6
46553,2
46554,2
46555,0
46556,0
46557,-4
46558,0
46559,0
46560,0
46561,0
46562,0
46563,2
46564,-16
46565,0
46566,4
46567,-4
46568,0
46569,0
46570,0
46571,0
46572,6
46573,0
46574,2
46575,-4
46576,-4
46577,0
46578,0
46579,0
46580,0
46581,-4
46582,-4
46583,0
46584,0
46585,0
46586,2
46587,-4
46588,0
46589,-4
46590,-4
46591,0
46592,-4
46593,-4
46594,-4
46595,-4
46596,-4
46597,-4
46598,0
46599,-4
46600,-4
46601,0
46602,-4
46603,-4
46604,-4
46605,-4
46606,0
46607,6
46608,-4
46609,-4
46610,0
46611,-4
46612,-4
46613,-8
46614,0
46615,-4
46616,-14
46617,-4
46618,-4
46619,-4
46620,-4
46621,0
46622,0
46623,-4
46624,0
46625,0
46626,6
46627,0
46628,0
46629,0
46630,2
46631,0
46632,-4
46633,2
46634,-4
46635,0
46636,2
46637,0
46638,0
46639,0
46640,0
46641,0
46642,0
46643,0
46644,0
46645,2
46646,2
46647,6
46648,2
46649,0
46650,6
46651,4
46652,0
46653,4
46654,0
46655,6
46656,2
46657,0
46658,8
46659,0
46660,-4
46661,0
46662,2
46663,-16
46664,0
46665,-4
46666,-4
46667,2
46668,4
46669,0
46670,4
46671,0
46672,0
46673,-8
46674,0
46675,6
46676,0
46677,0
46678,-4
46679,-4
46680,0
46681,0
46682,-4
46683,0
46684,-4
46685,0
46686,-4
46687,2
46688,0
46689,-4
46690,-4
46691,0
46692,0
46693,2
46694,-4
46695,-4
46696,-4
46697,-4
46698,-4
46699,0
46700,-4
46701,-4
46702,-4
46703,10
46704,-4
46705,-4
46706,-4
46707,-4
46708,-8
46709,0
46710,-4
46711,-4
46712,4
46713,-4
46714,0
46715,-8
46716,-4
46717,0
46718,-14
46719,0
46720,0
46721,-4
46722,0
46723,0
46724,0
46725,-4
46726,-4
46727,-4
46728,6
46729,-8
46730,0
46731,0
46732,0
46733,-8
46734,-4
46735,6
46736,0
46737,-6
46738,0
46739,0
46740,4
46741,0
46742,0
46743,4
46744,2
46745,0
46746,6
46747,0
46748,-8
46749,2
46750,0
46751,0
46752,0
46753,0
46754,-4
46755,0
46756,0
46757,0
46758,0
46759,6
46760,2
46761,0
46762,0
46763,0
46764,0
46765,10
46766,0
46767,0
46768,6
46769,0
46770,0
46771,0
46772,0
46773,0
46774,4
46775,0
46776,-20
46777,0
46778,0
46779,0
46780,-4
46781,0
46782,-4
46783,0
46784,0
46785,0
46786,-4
46787,0
46788,0
46789,0
46790,-4
46791,-4
46792,-4
46793,-4
46794,0
46795,-4
46796,-4
46797,0
46798,6
46799,-4
46800,0
46801,0
46802,-4
46803,-4
46804,-4
46805,-4
46806,4
46807,-4
46808,-4
46809,10
46810,-4
46811,6
46812,-4
46813,0
46814,-8
46815,0
46816,-6
46817,0
46818,0
46819,-4
46820,0
46821,2
46822,0
46823,-14
46824,-4
46825,-4
46826,-4
46827,0
46828,0
46829,0
46830,0
46831,-8
46832,0
46833,0
46834,0
46835,-4
46836,0
46837,0
46838,0
46839,2
46840,2
46841,0
46842,2
46843,2
46844,0
46845,0
46846,0
46847,0
46848,0
46849,0
46850,8
46851,-8
46852,2
46853,6
46854,0
46855,-4
46856,-4
46857,0
46858,2
46859,0
46860,2
46861,-4
46862,0
46863,4
46864,-4
46865,-4
46866,0
46867,8
46868,0
46869,2
46870,0
46871,-4
46872,0
46873,0
46874,0
46875,0
46876,0
46877,8
46878,0
46879,-4
46880,0
46881,-4
46882,0
46883,0
46884,0
46885,0
46886,0
46887,0
46888,0
46889,0
46890,0
46891,0
46892,0
46893,-4
46894,-4
46895,-4
46896,0
46897,-4
46898,0
46899,-4
46900,-4
46901,-8
46902,-4
46903,-4
46904,-4
46905,-4
46906,6
46907,-4
46908,0
46909,-4
46910,0
46911,-4
46912,-4
46913,0
46914,-4
46915,0
46916,-4
46917,0
46918,0
46919,-4
46920,0
46921,-4
46922,-4
46923,-4
46924,-4
46925,-4
46926,0
46927,-4
46928,-4
46929,0
46930,0
46931,-4
46932,0
46933,0
46934,2
46935,-4
46936,0
46937,0
46938,-4
46939,0
46940,0
46941,6
46942,0
46943,0
46944,0
46945,0
46946,0
46947,0
46948,0
46949,-4
46950,0
46951,0
46952,0
46953,0
46954,2
46955,0
46956,0
46957,0
46958,-6
46959,0
46960,14
46961,4
46962,0
46963,2
46964,0
46965,6
46966,-4
46967,0
46968,0
46969,10
46970,0
46971,0
46972,0
46973,0
46974,0
46975,2
46976,-4
46977,0
46978,0
46979,0
46980,0
46981,2
46982,0
46983,0
46984,-8
46985,2
46986,0
46987,2
46988,0
46989,0
46990,-4
46991,0
46992,-4
46993,-4
46994,-4
46995,-4
46996,-4
46997,-4
46998,-4
46999,-4
47000,-4
47001,-4
47002,-16
47003,-4
47004,-4
47005,-4
47006,0
47007,-4
47008,-4
47009,-4
47010,-4
47011,-4
47012,-14
47013,0
47014,0
47015,-10
47016,-4
47017,0
47018,-4
47019,-4
47020,-4
47021,6
47022,0
47023,-4
47024,0
47025,-4
47026,0
47027,-8
47028,2
47029,-4
47030,6
47031,0
47032,-12
47033,0
47034,0
47035,0
47036,0
47037,0
47038,0
47039,0
47040,0
47041,0
47042,0
47043,0
47044,0
47045,4
47046,0
47047,0
47048,2
47049,0
47050,4
47051,0
47052,2
47053,0
47054,2
47055,0
47056,6
47057,0
47058,0
47059,-4
47060,0
47061,6
47062,2
47063,0
47064,0
47065,14
47066,6
47067,0
47068,6
47069,0
47070,-4
47071,-4
47072,0
47073,0
47074,2
47075,0
47076,2
47077,0
47078,0
47079,0
47080,0
47081,-8
47082,0
47083,0
47084,-8
47085,0
47086,0
47087,0
47088,0
47089,2
47090,-4
47091,0
47092,-4
47093,0
47094,0
47095,-4
47096,0
47097,-4
47098,-4
47099,-4
47100,-4
47101,-4
47102,0
47103,-4
47104,-8
47105,-4
47106,0
47107,-4
47108,-4
47109,-4
47110,-4
47111,-10
47112,0
47113,-4
47114,0
47115,0
47116,-4
47117,-4
47118,0
47119,-4
47120,-12
47121,0
47122,0
47123,6
47124,-4
47125,-4
47126,0
47127,0
47128,0
47129,0
47130,0
47131,0
47132,0
47133,0
47134,0
47135,0
47136,0
47137,0
47138,0
47139,0
47140,0
47141,0
47142,0
47143,6
47144,0
47145,0
47146,4
47147,0
47148,0
47149,0
47150,4
47151,0
47152,0
47153,0
47154,10
47155,0
47156,4
47157,0
47158,0
47159,0
47160,0
47161,0
47162,4
47163,0
47164,-16
47165,0
47166,0
47167,-4
47168,2
47169,2
47170,4
47171,2
47172,2
47173,-4
47174,0
47175,0
47176,0
47177,-14
47178,0
47179,0
47180,0
47181,0
47182,4
47183,-4
47184,-4
47185,4
47186,0
47187,2
47188,-4
47189,-4
47190,0
47191,-4
47192,-4
47193,-4
47194,-4
47195,-4
47196,-4
47197,-4
47198,0
47199,0
47200,0
47201,-6
47202,-4
47203,-4
47204,-4
47205,-4
47206,-4
47207,2
47208,-4
47209,-4
47210,-4
47211,-4
47212,-4
47213,-16
47214,-4
47215,0
47216,-4
47217,-4
47218,-4
47219,10
47220,0
47221,0
47222,6
47223,-4
47224,0
47225,0
47226,0
47227,0
47228,0
47229,0
47230,0
47231,0
47232,0
47233,0
47234,6
47235,-4
47236,0
47237,0
47238,-4
47239,0
47240,0
47241,0
47242,0
47243,0
47244,0
47245,0
47246,0
47247,0
47248,0
47249,0
47250,0
47251,0
47252,2
47253,0
47254,0
47255,2
47256,-14
47257,0
47258,0
47259,0
47260,10
47261,0
47262,0
47263,0
47264,0
47265,4
47266,0
47267,0
47268,0
47269,6
47270,-4
47271,0
47272,-4
47273,0
47274,0
47275,10
47276,0
47277,0
47278,0
47279,2
47280,0
47281,4
47282,-14
47283,0
47284,-4
47285,0
47286,0
47287,0
47288,0
47289,0
47290,0
47291,0
47292,0
47293,2
47294,-4
47295,4
47296,-4
47297,-4
47298,0
47299,-4
47300,-4
47301,-4
47302,0
47303,0
47304,-4
47305,-4
47306,-4
47307,0
47308,-4
47309,-4
47310,-4
47311,-4
47312,6
47313,-4
47314,-4
47315,8
47316,-4
47317,0
47318,-4
47319,-4
47320,-4
47321,0
47322,0
47323,-4
47324,-4
47325,0
47326,0
47327,-4
47328,0
47329,0
47330,0
47331,0
47332,0
47333,0
47334,0
47335,0
47336,0
47337,-4
47338,0
47339,-6
47340,0
47341,0
47342,0
47343,0
47344,0
47345,-4
47346,2
47347,-6
47348,0
47349,0
47350,2
47351,0
47352,-4
47353,0
47354,0
47355,10
47356,0
47357,0
47358,0
47359,0
47360,0
47361,0
47362,-4
47363,0
47364,0
47365,0
47366,4
47367,0
47368,6
47369,0
47370,0
47371,2
47372,-4
47373,0
47374,0
47375,0
47376,0
47377,0
47378,0
47379,-4
47380,0
47381,0
47382,0
47383,-4
47384,0
47385,0
47386,-4
47387,0
47388,-8
47389,0
47390,-4
47391,0
47392,-4
47393,0
47394,0
47395,-4
47396,-4
47397,-4
47398,-6
47399,-4
47400,-4
47401,0
47402,10
47403,0
47404,-4
47405,-4
47406,-4
47407,-4
47408,-4
47409,0
47410,-4
47411,-4
47412,-6
47413,0
47414,0
47415,-8
47416,-4
47417,-4
47418,-4
47419,0
47420,0
47421,0
47422,0
47423,-10
47424,0
47425,-4
47426,0
47427,0
47428,-4
47429,-6
47430,0
47431,0
47432,6
47433,0
47434,0
47435,2
47436,0
47437,0
47438,-4
47439,0
47440,0
47441,0
47442,0
47443,0
47444,-4
47445,0
47446,2
47447,2
47448,0
47449,2
47450,0
47451,0
47452,0
47453,-6
47454,2
47455,4
47456,0
47457,0
47458,2
47459,0
47460,2
47461,0
47462,0
47463,4
47464,0
47465,0
47466,-4
47467,0
47468,0
47469,2
47470,4
47471,0
47472,-4
47473,4
47474,-4
47475,0
47476,0
47477,-8
47478,0
47479,-4
47480,0
47481,-4
47482,0
47483,-4
47484,0
47485,0
47486,0
47487,0
47488,0
47489,0
47490,4
47491,-4
47492,0
47493,0
47494,-4
47495,0
47496,-4
47497,0
47498,0
47499,-4
47500,-4
47501,0
47502,-4
47503,-4
47504,0
47505,-4
47506,-4
47507,-4
47508,-4
47509,-4
47510,-4
47511,-4
47512,0
47513,0
47514,-4
47515,-4
47516,0
47517,-4
47518,0
47519,-4
47520,0
47521,-4
47522,0
47523,0
47524,0
47525,0
47526,0
47527,0
47528,0
47529,-4
47530,-4
47531,0
47532,4
47533,-4
47534,-4
47535,0
47536,0
47537,0
47538,0
47539,0
47540,0
47541,0
47542,2
47543,0
47544,0
47545,6
47546,2
47547,0
47548,0
47549,6
47550,0
47551,0
47552,0
47553,0
47554,-4
47555,4
47556,4
47557,10
47558,0
47559,0
47560,6
47561,0
47562,0
47563,6
47564,2
47565,0
47566,4
47567,0
47568,2
47569,2
47570,0
47571,0
47572,2
47573,6
47574,0
47575,6
47576,0
47577,0
47578,10
47579,-4
47580,-4
47581,0
47582,0
47583,0
47584,0
47585,0
47586,0
47587,0
47588,0
47589,-4
47590,0
47591,-4
47592,0
47593,0
47594,-4
47595,-4
47596,0
47597,-4
47598,0
47599,-4
47600,0
47601,-6
47602,-4
47603,0
47604,-4
47605,-4
47606,0
47607,0
47608,-4
47609,-4
47610,-4
47611,-4
47612,-14
47613,0
47614,-4
47615,-14
47616,-4
47617,0
47618,4
47619,-4
47620,-4
47621,0
47622,4
47623,-4
47624,-4
47625,-4
47626,0
47627,2
47628,-4
47629,0
47630,0
47631,4
47632,0
47633,-4
47634,-4
47635,0
47636,0
47637,0
47638,0
47639,0
47640,0
47641,0
47642,0
47643,0
47644,-8
47645,0
47646,2
47647,0
47648,0
47649,0
47650,0
47651,0
47652,0
47653,0
47654,0
47655,0
47656,0
47657,0
47658,10
47659,0
47660,0
47661,0
47662,0
47663,0
47664,0
47665,14
47666,0
47667,0
47668,0
47669,0
47670,0
47671,4
47672,0
47673,-4
47674,0
47675,0
47676,-4
47677,0
47678,0
47679,0
47680,-4
47681,-4
47682,10
47683,0
47684,0
47685,0
47686,-4
47687,0
47688,0
47689,0
47690,0
47691,-14
47692,-4
47693,-4
47694,-4
47695,-4
47696,-6
47697,0
47698,0
47699,-4
47700,-4
47701,0
47702,-4
47703,-4
47704,-4
47705,-4
47706,-4
47707,-4
47708,-4
47709,-6
47710,-4
47711,-6
47712,-4
47713,-4
47714,0
47715,-4
47716,-4
47717,-4
47718,-4
47719,0
47720,6
47721,-4
47722,0
47723,-4
47724,-4
47725,-4
47726,2
47727,0
47728,-4
47729,0
47730,0
47731,0
47732,2
47733,0
47734,2
47735,0
47736,0
47737,-4
47738,0
47739,0
47740,0
47741,0
47742,0
47743,2
47744,0
47745,0
47746,0
47747,0
47748,0
47749,0
47750,0
47751,0
47752,0
47753,0
47754,0
47755,-4
47756,2
47757,0
47758,0
47759,10
47760,0
47761,10
47762,0
47763,4
47764,14
47765,4
47766,0
47767,2
47768,2
47769,0
47770,-4
47771,0
47772,0
47773,-4
47774,4
47775,0
47776,0
47777,-4
47778,-4
47779,0
47780,-4
47781,0
47782,0
47783,0
47784,-4
47785,0
47786,-4
47787,-8
47788,0
47789,0
47790,-4
47791,0
47792,0
47793,-4
47794,6
47795,-4
47796,-4
47797,-4
47798,-4
47799,-4
47800,-4
47801,-4
47802,-4
47803,0
47804,-4
47805,0
47806,0
47807,-4
47808,-4
47809,-4
47810,0
47811,-4
47812,-4
47813,-18
47814,-6
47815,-4
47816,4
47817,0
47818,-4
47819,-4
47820,0
47821,0
47822,-4
47823,0
47824,0
47825,0
47826,0
47827,0
47828,0
47829,0
47830,-4
47831,2
47832,6
47833,0
47834,0
47835,-4
47836,0
47837,0
47838,0
47839,0
47840,0
47841,0
47842,0
47843,0
47844,0
47845,0
47846,0
47847,0
47848,0
47849,6
47850,8
47851,4
47852,0
47853,2
47854,0
47855,6
47856,0
47857,0
47858,0
47859,0
47860,8
47861,2
47862,0
47863,0
47864,0
47865,0
47866,6
47867,2
47868,0
47869,6
47870,0
47871,0
47872,0
47873,4
47874,-4
47875,0
47876,2
47877,0
47878,0
47879,0
47880,0
47881,-4
47882,-4
47883,-4
47884,0
47885,-4
47886,-4
47887,-4
47888,0
47889,0
47890,-4
47891,-4
47892,0
47893,-4
47894,0
47895,-4
47896,-4
47897,-4
47898,-4
47899,0
47900,-14
47901,-4
47902,0
47903,-6
47904,0
47905,-4
47906,-4
47907,0
47908,0
47909,-4
47910,0
47911,-4
47912,-4
47913,-4
47914,0
47915,-4
47916,-4
47917,-4
47918,-4
47919,-4
47920,0
47921,0
47922,0
47923,-4
47924,-4
47925,0
47926,-4
47927,0
47928,0
47929,-4
47930,0
47931,0
47932,0
47933,0
47934,-4
47935,-4
47936,0
47937,-8
47938,-4
47939,-4
47940,-4
47941,0
47942,0
47943,0
47944,0
47945,0
47946,0
47947,0
47948,-4
47949,0
47950,0
47951,0
47952,2
47953,0
47954,8
47955,2
47956,2
47957,0
47958,-4
47959,0
47960,0
47961,0
47962,0
47963,0
47964,0
47965,2
47966,0
47967,2
47968,-4
47969,0
47970,0
47971,0
47972,0
47973,0
47974,0
47975,-4
47976,0
47977,0
47978,-10
47979,0
47980,-4
47981,-4
47982,-4
47983,0
47984,0
47985,-4
47986,0
47987,-4
47988,0
47989,0
47990,-4
47991,-4
47992,-4
47993,0
47994,-4
47995,0
47996,-4
47997,-4
47998,0
47999,-4
48000,-4
48001,-4
48002,0
48003,0
48004,-4
48005,-6
48006,-4
48007,-4
48008,-4
48009,-4
48010,0
48011,-4
48012,-4
48013,-4
48014,-4
48015,-6
48016,-4
48017,-4
48018,-4
48019,-4
48020,0
48021,0
48022,0
48023,0
48024,-4
48025,-4
48026,0
48027,-4
48028,0
48029,-4
48030,0
48031,0
48032,0
48033,-4
48034,0
48035,0
48036,-4
48037,0
48038,0
48039,0
48040,0
48041,2
48042,0
48043,0
48044,0
48045,0
48046,0
48047,-6
48048,2
48049,4
48050,0
48051,2
48052,0
48053,0
48054,0
48055,6
48056,0
48057,2
48058,0
48059,10
48060,0
48061,0
48062,0
48063,0
48064,0
48065,8
48066,0
48067,0
48068,0
48069,-4
48070,0
48071,-4
48072,0
48073,-4
48074,-4
48075,0
48076,-4
48077,0
48078,0
48079,0
48080,0
48081,0
48082,0
48083,-4
48084,-4
48085,2
48086,-4
48087,0
48088,0
48089,0
48090,0
48091,0
48092,0
48093,-4
48094,-4
48095,6
48096,0
48097,-4
48098,-4
48099,0
48100,-4
48101,0
48102,0
48103,-4
48104,-4
48105,-6
48106,0
48107,-6
48108,-4
48109,-4
48110,0
48111,-4
48112,-4
48113,0
48114,-6
48115,-4
48116,0
48117,-4
48118,-4
48119,0
48120,-4
48121,-8
48122,2
48123,0
48124,4
48125,-4
48126,0
48127,0
48128,0
48129,0
48130,-4
48131,0
48132,0
48133,0
48134,0
48135,0
48136,0
48137,-4
48138,2
48139,0
48140,0
48141,-4
48142,0
48143,0
48144,0
48145,0
48146,0
48147,0
48148,0
48149,2
48150,0
48151,0
48152,6
48153,-4
48154,2
48155,0
48156,4
48157,0
48158,0
48159,0
48160,6
48161,0
48162,2
48163,4
48164,0
48165,0
48166,-8
48167,0
48168,0
48169,-6
48170,0
48171,0
48172,0
48173,8
48174,0
48175,0
48176,0
48177,-6
48178,0
48179,0
48180,0
48181,-4
48182,0
48183,0
48184,0
48185,0
48186,-4
48187,0
48188,2
48189,0
48190,-4
48191,-4
48192,0
48193,0
48194,-6
48195,-4
48196,-4
48197,0
48198,-4
48199,-4
48200,0
48201,0
48202,0
48203,-4
48204,-4
48205,-4
48206,-4
48207,-4
48208,-4
48209,-4
48210,-8
48211,-4
48212,-4
48213,-18
48214,0
48215,-4
48216,0
48217,8
48218,-4
48219,-4
48220,0
48221,0
48222,0
48223,0
48224,-4
48225,0
48226,0
48227,0
48228,-4
48229,-4
48230,10
48231,-4
48232,0
48233,0
48234,0
48235,0
48236,-4
48237,0
48238,0
48239,0
48240,6
48241,0
48242,0
48243,0
48244,0
48245,0
48246,0
48247,0
48248,0
48249,2
48250,0
48251,0
48252,6
48253,0
48254,0
48255,6
48256,0
48257,-4
48258,6
48259,-4
48260,0
48261,4
48262,0
48263,0
48264,-4
48265,0
48266,0
48267,0
48268,-6
48269,-4
48270,0
48271,0
48272,0
48273,0
48274,0
48275,2
48276,0
48277,0
48278,-4
48279,0
48280,0
48281,0
48282,0
48283,0
48284,-4
48285,0
48286,0
48287,0
48288,0
48289,0
48290,0
48291,-4
48292,0
48293,-4
48294,0
48295,0
48296,-4
48297,0
48298,-4
48299,-4
48300,-4
48301,0
48302,-4
48303,-4
48304,6
48305,-6
48306,0
48307,-4
48308,-4
48309,-4
48310,-4
48311,-4
48312,0
48313,0
48314,0
48315,0
48316,0
48317,-4
48318,-6
48319,0
48320,-4
48321,0
48322,-6
48323,0
48324,0
48325,0
48326,0
48327,0
48328,0
48329,4
48330,-4
48331,0
48332,-4
48333,0
48334,-4
48335,0
48336,0
48337,2
48338,-4
48339,0
48340,0
48341,0
48342,0
48343,0
48344,0
48345,0
48346,0
48347,0
48348,0
48349,0
48350,0
48351,0
48352,0
48353,0
48354,0
48355,0
48356,0
48357,0
48358,0
48359,8
48360,0
48361,-6
48362,0
48363,0
48364,0
48365,10
48366,0
48367,0
48368,0
48369,6
48370,0
48371,0
48372,0
48373,-4
48374,-4
48375,0
48376,0
48377,0
48378,0
48379,8
48380,-8
48381,0
48382,0
48383,-4
48384,-4
48385,0
48386,0
48387,0
48388,0
48389,0
48390,0
48391,-4
48392,0
48393,0
48394,0
48395,-4
48396,-4
48397,0
48398,0
48399,0
48400,0
48401,-4
48402,0
48403,0
48404,-4
48405,-4
48406,-4
48407,-4
48408,0
48409,0
48410,-4
48411,-4
48412,6
48413,0
48414,-4
48415,-4
48416,-4
48417,-4
48418,0
48419,-4
48420,0
48421,-4
48422,-4
48423,0
48424,0
48425,0
48426,0
48427,0
48428,0
48429,-12
48430,8
48431,-4
48432,0
48433,0
48434,0
48435,-4
48436,0
48437,2
48438,0
48439,2
48440,0
48441,0
48442,0
48443,0
48444,-4
48445,0
48446,0
48447,0
48448,0
48449,0
48450,0
48451,0
48452,0
48453,0
48454,-4
48455,0
48456,2
48457,0
48458,0
48459,0
48460,2
48461,0
48462,2
48463,4
48464,0
48465,2
48466,6
48467,-4
48468,0
48469,4
48470,0
48471,0
48472,-4
48473,-4
48474,0
48475,0
48476,0
48477,-4
48478,0
48479,0
48480,0
48481,-4
48482,0
48483,0
48484,0
48485,0
48486,-4
48487,-8
48488,-4
48489,0
48490,0
48491,0
48492,-4
48493,0
48494,-4
48495,-4
48496,-4
48497,4
48498,0
48499,-4
48500,0
48501,2
48502,-4
48503,-4
48504,-4
48505,-4
48506,0
48507,-4
48508,-4
48509,0
48510,0
48511,14
48512,0
48513,-4
48514,-4
48515,-4
48516,0
48517,-4
48518,0
48519,-4
48520,-4
48521,4
48522,-4
48523,-6
48524,-4
48525,-4
48526,-4
48527,-4
48528,0
48529,0
48530,0
48531,0
48532,10
48533,0
48534,0
48535,0
48536,0
48537,0
48538,0
48539,0
48540,8
48541,0
48542,2
48543,0
48544,0
48545,6
48546,4
48547,4
48548,0
48549,0
48550,4
48551,0
48552,-4
48553,0
48554,2
48555,0
48556,0
48557,10
48558,0
48559,0
48560,2
48561,-4
48562,0
48563,0
48564,0
48565,4
48566,0
48567,4
48568,0
48569,0
48570,0
48571,-6
48572,0
48573,-4
48574,0
48575,6
48576,0
48577,0
48578,8
48579,-4
48580,0
48581,-4
48582,0
48583,-4
48584,0
48585,0
48586,0
48587,0
48588,6
48589,0
48590,4
48591,-4
48592,0
48593,-4
48594,-4
48595,-4
48596,-4
48597,-4
48598,-4
48599,-4
48600,-4
48601,-4
48602,-4
48603,-4
48604,0
48605,-4
48606,-4
48607,-6
48608,0
48609,-4
48610,-4
48611,0
48612,-4
48613,-4
48614,0
48615,-6
48616,-4
48617,-4
48618,-4
48619,-4
48620,0
48621,-4
48622,0
48623,-4
48624,-4
48625,4
48626,-4
48627,0
48628,0
48629,0
48630,0
48631,-4
48632,-4
48633,0
48634,0
48635,0
48636,0
48637,-4
48638,0
48639,0
48640,0
48641,0
48642,0
48643,6
48644,0
48645,2
48646,0
48647,2
48648,6
48649,4
48650,4
48651,0
48652,-4
48653,0
48654,0
48655,0
48656,4
48657,0
48658,0
48659,0
48660,0
48661,0
48662,2
48663,0
48664,-16
48665,2
48666,2
48667,0
48668,2
48669,-4
48670,2
48671,10
48672,6
48673,0
48674,0
48675,0
48676,0
48677,0
48678,-4
48679,-4
48680,0
48681,2
48682,-4
48683,0
48684,0
48685,0
48686,0
48687,0
48688,0
48689,-4
48690,-4
48691,0
48692,0
48693,0
48694,-4
48695,-4
48696,-4
48697,-8
48698,-4
48699,-4
48700,-4
48701,0
48702,-4
48703,-4
48704,-4
48705,-4
48706,-4
48707,0
48708,-4
48709,-4
48710,-8
48711,-4
48712,-4
48713,-4
48714,-4
48715,0
48716,0
48717,0
48718,-4
48719,0
48720,2
48721,-4
48722,0
48723,0
48724,-16
48725,-4
48726,0
48727,0
48728,0
48729,0
48730,0
48731,0
48732,-4
48733,0
48734,2
48735,0
48736,0
48737,0
48738,0
48739,0
48740,0
48741,4
48742,0
48743,0
48744,0
48745,0
48746,0
48747,0
48748,2
48749,0
48750,-4
48751,0
48752,2
48753,2
48754,-8
48755,4
48756,0
48757,0
48758,0
48759,0
48760,-4
48761,0
48762,0
48763,8
48764,0
48765,0
48766,0
48767,10
48768,0
48769,0
48770,0
48771,6
48772,0
48773,0
48774,0
48775,-4
48776,0
48777,0
48778,0
48779,-4
48780,2
48781,0
48782,0
48783,0
48784,-6
48785,0
48786,-4
48787,0
48788,0
48789,-4
48790,0
48791,-4
48792,0
48793,-4
48794,-4
48795,-4
48796,-4
48797,-6
48798,-4
48799,-4
48800,-4
48801,-4
48802,-4
48803,0
48804,0
48805,-4
48806,-4
48807,-4
48808,-4
48809,-4
48810,0
48811,0
48812,-4
48813,0
48814,-4
48815,0
48816,-4
48817,-4
48818,-4
48819,0
48820,-4
48821,0
48822,-4
48823,0
48824,0
48825,0
48826,-4
48827,0
48828,0
48829,-4
48830,0
48831,2
48832,0
48833,0
48834,0
48835,0
48836,0
48837,0
48838,0
48839,0
48840,2
48841,0
48842,2
48843,2
48844,2
48845,6
48846,-14
48847,2
48848,0
48849,-4
48850,0
48851,0
48852,0
48853,0
48854,-6
48855,2
48856,4
48857,0
48858,0
48859,0
48860,-4
48861,0
48862,0
48863,0
48864,0
48865,2
48866,-4
48867,0
48868,-6
48869,0
48870,0
48871,0
48872,-4
48873,0
48874,0
48875,0
48876,0
48877,0
48878,0
48879,-4
48880,0
48881,0
48882,4
48883,-4
48884,8
48885,0
48886,0
48887,6
48888,-4
48889,0
48890,0
48891,-4
48892,-4
48893,-4
48894,-4
48895,-4
48896,-4
48897,0
48898,-4
48899,-4
48900,-4
48901,-4
48902,0
48903,0
48904,0
48905,-4
48906,-4
48907,-4
48908,0
48909,-4
48910,-4
48911,-4
48912,-4
48913,0
48914,-4
48915,4
48916,-4
48917,-4
48918,-4
48919,-4
48920,-4
48921,-4
48922,2
48923,-4
48924,0
48925,0
48926,-4
48927,-4
48928,-4
48929,-4
48930,-4
48931,0
48932,0
48933,0
48934,0
48935,0
48936,-10
48937,0
48938,0
48939,-4
48940,0
48941,2
48942,-4
48943,0
48944,0
48945,0
48946,0
48947,0
48948,4
48949,0
48950,0
48951,0
48952,0
48953,0
48954,2
48955,4
48956,0
48957,0
48958,0
48959,6
48960,0
48961,0
48962,4
48963,8
48964,0
48965,4
48966,6
48967,0
48968,0
48969,0
48970,6
48971,0
48972,0
48973,0
48974,0
48975,0
48976,-4
48977,0
48978,0
48979,0
48980,0
48981,0
48982,-8
48983,0
48984,-4
48985,0
48986,-4
48987,-4
48988,-4
48989,0
48990,0
48991,-4
48992,0
48993,-4
48994,-4
48995,0
48996,-4
48997,-4
48998,-4
48999,-4
49000,-4
49001,-4
49002,-4
49003,0
49004,0
49005,-4
49006,-4
49007,-4
49008,-4
49009,-4
49010,-14
49011,-4
49012,-4
49013,0
49014,-4
49015,0
49016,0
49017,-6
49018,0
49019,-4
49020,0
49021,-4
49022,-4
49023,-4
49024,-4
49025,-4
49026,0
49027,0
49028,0
49029,0
49030,-4
49031,6
49032,-4
49033,0
49034,0
49035,0
49036,-4
49037,0
49038,0
49039,0
49040,0
49041,0
49042,2
49043,-4
49044,0
49045,4
49046,0
49047,0
49048,0
49049,0
49050,0
49051,4
49052,0
49053,4
49054,0
49055,2
49056,6
49057,2
49058,0
49059,0
49060,0
49061,2
49062,4
49063,0
49064,0
49065,6
49066,6
49067,0
49068,0
49069,6
49070,0
49071,0
49072,0
49073,6
49074,0
49075,-4
49076,0
49077,0
49078,0
49079,-4
49080,10
49081,-4
49082,-4
49083,0
49084,-4
49085,-4
49086,0
49087,0
49088,0
49089,0
49090,-4
49091,-4
49092,-4
49093,-4
49094,-4
49095,0
49096,-4
49097,-4
49098,-4
49099,8
49100,-4
49101,-4
49102,0
49103,0
49104,0
49105,0
49106,-4
49107,-4
49108,-4
49109,0
49110,0
49111,-4
49112,-4
49113,-8
49114,-4
49115,-4
49116,0
49117,-4
49118,-4
49119,-4
49120,-4
49121,0
49122,2
49123,0
49124,0
49125,0
49126,0
49127,0
49128,0
49129,0
49130,0
49131,0
49132,0
49133,6
49134,-4
49135,0
49136,0
49137,0
49138,0
49139,0
49140,0
49141,0
49142,0
49143,6
49144,0
49145,0
49146,0
49147,0
49148,0
49149,2
49150,0
49151,-4
49152,0
49153,0
49154,-8
49155,0
49156,0
49157,0
49158,6
49159,0
49160,0
49161,0
49162,0
49163,0
49164,4
49165,0
49166,4
49167,2
49168,0
49169,0
49170,4
49171,10
49172,0
49173,0
49174,0
49175,0
49176,0
49177,0
49178,6
49179,0
49180,0
49181,0
49182,0
49183,0
49184,-4
49185,-4
49186,0
49187,-4
49188,-4
49189,0
49190,0
49191,-4
49192,-4
49193,-4
49194,0
49195,-4
49196,-4
49197,-4
49198,-4
49199,-4
49200,0
49201,-4
49202,-4
49203,-4
49204,0
49205,-4
49206,-6
49207,-4
49208,-4
49209,-4
49210,0
49211,-4
49212,-4
49213,-4
49214,-4
49215,0
49216,0
49217,-8
49218,-4
49219,-4
49220,6
49221,-4
49222,-4
49223,0
49224,0
49225,0
49226,-6
49227,0
49228,0
49229,8
49230,6
49231,-4
49232,0
49233,-4
49234,0
49235,0
49236,4
49237,0
49238,0
49239,0
49240,0
49241,4
49242,-4
49243,0
49244,0
49245,0
49246,0
49247,0
49248,0
49249,0
49250,4
49251,6
49252,0
49253,0
49254,0
49255,0
49256,2
49257,0
49258,4
49259,-4
49260,0
49261,-6
49262,0
49263,0
49264,0
49265,0
49266,2
49267,-4
49268,2
49269,-4
49270,8
49271,2
49272,-4
49273,-4
49274,2
49275,0
49276,-6
49277,0
49278,0
49279,6
49280,0
49281,0
49282,0
49283,-4
49284,0
49285,6
49286,-4
49287,10
49288,-4
49289,6
49290,-4
49291,-4
49292,0
49293,0
49294,0
49295,0
49296,-4
49297,-4
49298,-4
49299,-4
49300,-4
49301,-12
49302,0
49303,-4
49304,0
49305,-4
49306,-4
49307,0
49308,-4
49309,0
49310,-4
49311,-4
49312,0
49313,-4
49314,-4
49315,0
49316,-4
49317,0
49318,-4
49319,0
49320,0
49321,-4
49322,-4
49323,-4
49324,-4
49325,-4
49326,-4
49327,0
49328,0
49329,0
49330,0
49331,0
49332,-4
49333,0
49334,0
49335,0
49336,0
49337,0
49338,-8
49339,0
49340,-4
49341,0
49342,0
49343,2
49344,2
49345,0
49346,0
49347,0
49348,2
49349,6
49350,0
49351,0
49352,4
49353,0
49354,0
49355,-4
49356,2
49357,4
49358,0
49359,-14
49360,0
49361,0
49362,0
49363,4
49364,0
49365,0
49366,4
49367,0
49368,2
49369,-4
49370,0
49371,0
49372,-4
49373,0
49374,0
49375,4
49376,0
49377,0
49378,0
49379,0
49380,-4
49381,8
49382,0
49383,0
49384,0
49385,-6
49386,6
49387,2
49388,0
49389,6
49390,0
49391,0
49392,0
49393,-4
49394,0
49395,0
49396,-4
49397,0
49398,-4
49399,6
49400,-4
49401,0
49402,-4
49403,0
49404,-4
49405,-4
49406,-4
49407,-4
49408,-4
49409,-4
49410,-4
49411,-4
49412,-6
49413,-4
49414,-4
49415,-4
49416,0
49417,0
49418,-4
49419,-4
49420,-4
49421,-12
49422,0
49423,0
49424,0
49425,0
49426,0
49427,0
49428,-4
49429,0
49430,0
49431,0
49432,0
49433,0
49434,0
49435,0
49436,0
49437,0
49438,-8
49439,0
49440,0
49441,-6
49442,0
49443,0
49444,0
49445,0
49446,0
49447,0
49448,6
49449,-4
49450,6
49451,2
49452,0
49453,0
49454,0
49455,0
49456,0
49457,0
49458,0
49459,0
49460,-16
49461,2
49462,4
49463,0
49464,6
49465,0
49466,2
49467,2
49468,0
49469,-4
49470,2
49471,-4
49472,-4
49473,0
49474,6
49475,-4
49476,-4
49477,0
49478,-4
49479,0
49480,-4
49481,-4
49482,2
49483,0
49484,-4
49485,-4
49486,-4
49487,0
49488,0
49489,0
49490,0
49491,0
49492,-4
49493,0
49494,-4
49495,-4
49496,-4
49497,0
49498,-4
49499,-4
49500,-4
49501,0
49502,-4
49503,0
49504,0
49505,-4
49506,0
49507,0
49508,-4
49509,-4
49510,0
49511,-4
49512,-4
49513,-4
49514,-4
49515,-4
49516,-4
49517,0
49518,-4
49519,-4
49520,0
49521,-4
49522,2
49523,-4
49524,0
49525,0
49526,0
49527,-4
49528,0
49529,8
49530,0
49531,-4
49532,0
49533,0
49534,0
49535,0
49536,0
49537,0
49538,0
49539,0
49540,0
49541,0
49542,0
49543,0
49544,0
49545,0
49546,2
49547,0
49548,0
49549,0
49550,2
49551,4
49552,0
49553,0
49554,4
49555,2
49556,-4
49557,0
49558,0
49559,0
49560,2
49561,0
49562,0
49563,2
49564,0
49565,0
49566,4
49567,0
49568,0
49569,-4
49570,2
49571,0
49572,0
49573,-6
49574,0
49575,0
49576,6
49577,0
49578,0
49579,-6
49580,0
49581,-4
49582,-14
49583,0
49584,4
49585,0
49586,0
49587,2
49588,6
49589,0
49590,0
49591,-4
49592,-4
49593,-4
49594,0
49595,0
49596,-4
49597,-4
49598,-4
49599,-4
49600,0
49601,-4
49602,-4
49603,-4
49604,0
49605,-4
49606,-4
49607,-4
49608,-6
49609,-4
49610,-4
49611,-4
49612,-4
49613,0
49614,0
49615,-8
49616,-4
49617,-4
49618,2
49619,-4
49620,0
49621,-6
49622,0
49623,0
49624,-4
49625,-4
49626,-4
49627,0
49628,-4
49629,0
49630,0
49631,0
49632,0
49633,4
49634,0
49635,0
49636,0
49637,-4
49638,2
49639,0
49640,0
49641,0
49642,6
49643,0
49644,0
49645,0
49646,6
49647,0
49648,0
49649,0
49650,0
49651,0
49652,10
49653,-8
49654,2
49655,0
49656,0
49657,0
49658,0
49659,6
49660,0
49661,2
49662,0
49663,2
49664,0
49665,2
49666,0
49667,6
49668,0
49669,0
49670,0
49671,0
49672,6
49673,0
49674,0
49675,-4
49676,0
49677,4
49678,-4
49679,-4
49680,8
49681,0
49682,4
49683,0
49684,-4
49685,0
49686,0
49687,-4
49688,0
49689,0
49690,2
49691,-4
49692,0
49693,-4
49694,-4
49695,-4
49696,-4
49697,-4
49698,-4
49699,-4
49700,-4
49701,-4
49702,-12
49703,0
49704,-4
49705,-4
49706,-4
49707,0
49708,0
49709,4
49710,-4
49711,-4
49712,0
49713,-4
49714,-4
49715,-4
49716,-4
49717,0
49718,0
49719,-4
49720,-4
49721,0
49722,6
49723,-4
49724,0
49725,-4
49726,0
49727,-4
49728,-4
49729,-4
49730,0
49731,-4
49732,0
49733,-4
49734,0
49735,0
49736,0
49737,0
49738,-4
49739,0
49740,0
49741,0
49742,2
49743,2
49744,0
49745,0
49746,0
49747,0
49748,2
49749,0
49750,0
49751,0
49752,0
49753,4
49754,-4
49755,4
49756,4
49757,4
49758,0
49759,0
49760,0
49761,0
49762,4
49763,4
49764,0
49765,-4
49766,0
49767,0
49768,6
49769,0
49770,4
49771,0
49772,0
49773,0
49774,-8
49775,0
49776,0
49777,0
49778,0
49779,0
49780,0
49781,0
49782,0
49783,-4
49784,0
49785,-8
49786,0
49787,-4
49788,0
49789,-4
49790,0
49791,0
49792,0
49793,0
49794,0
49795,0
49796,0
49797,-4
49798,-4
49799,0
49800,-6
49801,-4
49802,-4
49803,-4
49804,0
49805,-6
49806,-4
49807,-4
49808,-8
49809,0
49810,-4
49811,0
49812,-4
49813,-4
49814,0
49815,-4
49816,-4
49817,0
49818,0
49819,0
49820,0
49821,-4
49822,0
49823,0
49824,-4
49825,-4
49826,0
49827,0
49828,-4
49829,0
49830,0
49831,0
49832,0
49833,0
49834,-4
49835,0
49836,2
49837,0
49838,-4
49839,0
49840,-4
49841,0
49842,0
49843,0
49844,4
49845,2
49846,4
49847,0
49848,2
49849,0
49850,0
49851,0
49852,0
49853,0
49854,0
49855,0
49856,-4
49857,2
49858,0
49859,0
49860,4
49861,8
49862,6
49863,0
49864,0
49865,0
49866,0
49867,8
49868,0
49869,0
49870,-8
49871,2
49872,0
49873,2
49874,-6
49875,0
49876,0
49877,0
49878,0
49879,0
49880,0
49881,0
49882,0
49883,-4
49884,0
49885,-6
49886,0
49887,0
49888,4
49889,0
49890,0
49891,0
49892,-4
49893,0
49894,0
49895,0
49896,-4
49897,0
49898,0
49899,0
49900,0
49901,-4
49902,-8
49903,-8
49904,-4
49905,0
49906,-6
49907,-4
49908,-4
49909,-4
49910,4
49911,-4
49912,-4
49913,-4
49914,0
49915,-4
49916,0
49917,-6
49918,0
49919,-4
49920,0
49921,0
49922,0
49923,0
49924,0
49925,0
49926,-4
49927,0
49928,0
49929,-4
49930,0
49931,2
49932,0
49933,-4
49934,0
49935,4
49936,-4
49937,-4
49938,0
49939,0
49940,0
49941,0
49942,0
49943,0
49944,0
49945,2
49946,6
49947,4
49948,4
49949,0
49950,6
49951,0
49952,4
49953,-8
49954,4
49955,2
49956,0
49957,4
49958,2
49959,0
49960,6
49961,0
49962,0
49963,0
49964,-8
49965,0
49966,0
49967,2
49968,0
49969,4
49970,2
49971,-8
49972,0
49973,0
49974,0
49975,0
49976,2
49977,6
49978,0
49979,0
49980,0
49981,0
49982,0
49983,4
49984,-4
49985,-4
49986,-4
49987,0
49988,0
49989,0
49990,-4
49991,0
49992,0
49993,-4
49994,-4
49995,-4
49996,-4
49997,-4
49998,0
49999,0
50000,-4
50001,-4
50002,-4
50003,-4
50004,0
50005,0
50006,-4
50007,-4
50008,2
50009,-6
50010,0
50011,0
50012,-4
50013,-4
50014,0
50015,-4
50016,-4
50017,0
50018,-4
50019,0
50020,-4
50021,0
50022,0
50023,-4
50024,6
50025,0
50026,0
50027,0
50028,2
50029,0
50030,-4
50031,-4
50032,0
50033,10
50034,-4
50035,0
50036,-4
50037,0
50038,0
50039,0
50040,-4
50041,-4
50042,0
50043,0
50044,0
50045,-4
50046,0
50047,2
50048,0
50049,-6
50050,-4
50051,0
50052,-4
50053,6
50054,2
50055,0
50056,2
50057,6
50058,0
50059,2
50060,10
50061,0
50062,0
50063,0
50064,6
50065,0
50066,-4
50067,0
50068,0
50069,0
50070,6
50071,0
50072,0
50073,-4
50074,6
50075,0
50076,0
50077,0
50078,4
50079,0
50080,0
50081,0
50082,0
50083,0
50084,0
50085,-4
50086,0
50087,0
50088,-4
50089,0
50090,0
50091,0
50092,0
50093,0
50094,-4
50095,2
50096,0
50097,-4
50098,-4
50099,-6
50100,0
50101,0
50102,0
50103,-4
50104,-4
50105,-4
50106,-4
50107,-4
50108,0
50109,-4
50110,0
50111,0
50112,0
50113,-4
50114,-4
50115,0
50116,-6
50117,0
50118,0
50119,-4
50120,0
50121,0
50122,-4
50123,-4
50124,2
50125,4
50126,0
50127,0
50128,-4
50129,2
50130,0
50131,-4
50132,0
50133,0
50134,-4
50135,2
50136,0
50137,0
50138,0
50139,0
50140,-4
50141,0
50142,0
50143,0
50144,0
50145,0
50146,0
50147,-4
50148,0
50149,10
50150,0
50151,0
50152,2
50153,0
50154,-4
50155,0
50156,0
50157,0
50158,0
50159,0
50160,0
50161,-8
50162,6
50163,4
50164,0
50165,0
50166,10
50167,2
50168,4
50169,-6
50170,8
50171,0
50172,-4
50173,-4
50174,-4
50175,0
50176,-6
50177,0
50178,0
50179,-4
50180,2
50181,0
50182,0
50183,-10
50184,-4
50185,0
50186,-4
50187,-4
50188,-4
50189,0
50190,2
50191,0
50192,0
50193,-4
50194,0
50195,0
50196,-4
50197,-4
50198,0
50199,-4
50200,-4
50201,-4
50202,-4
50203,0
50204,6
50205,-4
50206,-4
50207,-4
50208,-4
50209,0
50210,0
50211,0
50212,-4
50213,-4
50214,0
50215,0
50216,-4
50217,-4
50218,0
50219,0
50220,-4
50221,-4
50222,0
50223,0
50224,0
50225,-4
50226,-4
50227,-8
50228,-4
50229,0
50230,-4
50231,0
50232,0
50233,0
50234,0
50235,4
50236,-4
50237,0
50238,0
50239,0
50240,-6
50241,0
50242,0
50243,0
50244,4
50245,2
50246,0
50247,4
50248,0
50249,0
50250,0
50251,6
50252,0
50253,0
50254,0
50255,6
50256,0
50257,0
50258,0
50259,4
50260,4
50261,0
50262,0
50263,4
50264,2
50265,6
50266,0
50267,2
50268,2
50269,2
50270,0
50271,0
50272,-4
50273,4
50274,0
50275,-4
50276,0
50277,2
50278,0
50279,0
50280,-4
50281,0
50282,4
50283,0
50284,0
50285,-4
50286,-4
50287,6
50288,-4
50289,0
50290,0
50291,-4
50292,0
50293,-4
50294,0
50295,-4
50296,6
50297,0
50298,-4
50299,-4
50300,0
50301,6
50302,0
50303,0
50304,-4
50305,0
50306,-4
50307,-4
50308,-4
50309,2
50310,0
50311,0
50312,-4
50313,-4
50314,0
50315,0
50316,0
50317,0
50318,-4
50319,-4
50320,-4
50321,-4
50322,0
50323,6
50324,-4
50325,-4
50326,0
50327,-4
50328,-4
50329,-4
50330,0
50331,0
50332,-4
50333,0
50334,0
50335,0
50336,0
50337,-4
50338,0
50339,0
50340,2
50341,0
50342,0
50343,0
50344,0
50345,0
50346,-4
50347,2
50348,-4
50349,0
50350,0
50351,0
50352,0
50353,0
50354,-4
50355,0
50356,8
50357,0
50358,2
50359,-14
50360,6
50361,0
50362,-14
50363,6
50364,0
50365,0
50366,0
50367,0
50368,0
50369,0
50370,0
50371,0
50372,0
50373,2
50374,4
50375,0
50376,0
50377,0
50378,4
50379,0
50380,0
50381,-4
50382,-4
50383,0
50384,0
50385,0
50386,-4
50387,0
50388,0
50389,0
50390,0
50391,-4
50392,0
50393,2
50394,-4
50395,0
50396,-4
50397,-4
50398,0
50399,0
50400,-4
50401,0
50402,0
50403,-4
50404,-4
50405,-4
50406,0
50407,-4
50408,-8
50409,-4
50410,-14
50411,0
50412,0
50413,-4
50414,-4
50415,-4
50416,0
50417,0
50418,-4
50419,-4
50420,0
50421,0
50422,0
50423,0
50424,0
50425,-4
50426,0
50427,-4
50428,0
50429,-4
50430,0
50431,-4
50432,-4
50433,-8
50434,0
50435,0
50436,2
50437,0
50438,-6
50439,0
50440,0
50441,0
50442,0
50443,6
50444,0
50445,0
50446,-4
50447,0
50448,6
50449,0
50450,0
50451,0
50452,0
50453,2
50454,0
50455,2
50456,0
50457,4
50458,4
50459,0
50460,0
50461,-4
50462,0
50463,6
50464,2
50465,2
50466,-4
50467,0
50468,4
50469,-4
50470,4
50471,2
50472,0
50473,-14
50474,-4
50475,0
50476,-4
50477,2
50478,0
50479,0
50480,-4
50481,0
50482,0
50483,0
50484,0
50485,0
50486,0
50487,0
50488,0
50489,-4
50490,0
50491,0
50492,0
50493,0
50494,0
50495,-4
50496,-4
50497,-4
50498,-6
50499,-4
50500,-4
50501,0
50502,-4
50503,-4
50504,0
50505,-4
50506,0
50507,-4
50508,-4
50509,0
50510,0
50511,-4
50512,-4
50513,10
50514,-4
50515,-4
50516,-4
50517,-4
50518,-4
50519,0
50520,0
50521,0
50522,0
50523,0
50524,0
50525,-4
50526,0
50527,-8
50528,0
50529,0
50530,-4
50531,0
50532,-8
50533,0
50534,0
50535,0
50536,0
50537,0
50538,-4
50539,0
50540,4
50541,0
50542,0
50543,2
50544,0
50545,0
50546,0
50547,0
50548,0
50549,2
50550,2
50551,-4
50552,0
50553,-4
50554,4
50555,0
50556,2
50557,0
50558,4
50559,0
50560,0
50561,0
50562,0
50563,2
50564,4
50565,10
50566,4
50567,0
50568,2
50569,0
50570,4
50571,0
50572,10
50573,2
50574,0
50575,0
50576,0
50577,0
50578,0
50579,-6
50580,-4
50581,0
50582,0
50583,6
50584,0
50585,-4
50586,0
50587,-4
50588,0
50589,0
50590,0
50591,-4
50592,0
50593,0
50594,-4
50595,0
50596,0
50597,-4
50598,0
50599,-4
50600,-4
50601,-4
50602,-4
50603,0
50604,-4
50605,0
50606,-4
50607,0
50608,-6
50609,-4
50610,-4
50611,-4
50612,0
50613,-4
50614,0
50615,-4
50616,-4
50617,0
50618,-4
50619,-4
50620,-4
50621,-4
50622,-4
50623,6
50624,-4
50625,0
50626,0
50627,0
50628,0
50629,0
50630,0
50631,0
50632,-4
50633,0
50634,0
50635,0
50636,0
50637,0
50638,0
50639,-4
50640,0
50641,0
50642,22
50643,0
50644,-4
50645,0
50646,0
50647,0
50648,0
50649,-4
50650,0
50651,0
50652,2
50653,0
50654,0
50655,0
50656,0
50657,0
50658,0
50659,8
50660,0
50661,0
50662,10
50663,0
50664,0
50665,0
50666,0
50667,-4
50668,2
50669,0
50670,4
50671,-4
50672,0
50673,0
50674,6
50675,0
50676,0
50677,6
50678,0
50679,-4
50680,-8
50681,-4
50682,4
50683,0
50684,0
50685,0
50686,0
50687,0
50688,6
50689,-4
50690,-4
50691,-8
50692,0
50693,-4
50694,-4
50695,-4
50696,0
50697,-4
50698,0
50699,0
50700,0
50701,-4
50702,-4
50703,-4
50704,-4
50705,-4
50706,-4
50707,-4
50708,-4
50709,-8
50710,-4
50711,-4
50712,0
50713,0
50714,-4
50715,-4
50716,-4
50717,-4
50718,-4
50719,0
50720,0
50721,2
50722,0
50723,0
50724,2
50725,0
50726,0
50727,0
50728,-4
50729,-4
50730,0
50731,-4
50732,0
50733,0
50734,2
50735,-4
50736,0
50737,0
50738,0
50739,-6
50740,0
50741,0
50742,0
50743,0
50744,-4
50745,0
50746,4
50747,4
50748,2
50749,0
50750,8
50751,0
50752,0
50753,0
50754,0
50755,0
50756,-8
50757,6
50758,-4
50759,0
50760,0
50761,0
50762,2
50763,4
50764,0
50765,0
50766,6
50767,0
50768,0
50769,-4
50770,0
50771,0
50772,-4
50773,-4
50774,0
50775,0
50776,-4
50777,0
50778,0
50779,-4
50780,0
50781,0
50782,0
50783,0
50784,0
50785,0
50786,-4
50787,8
50788,0
50789,0
50790,0
50791,0
50792,0
50793,-4
50794,-4
50795,-4
50796,0
50797,-4
50798,0
50799,0
50800,-6
50801,-4
50802,0
50803,-4
50804,-4
50805,-4
50806,-4
50807,-4
50808,-6
50809,-4
50810,0
50811,-4
50812,-4
50813,6
50814,-4
50815,0
50816,-4
50817,-4
50818,2
50819,-4
50820,-4
50821,-4
50822,0
50823,0
50824,0
50825,0
50826,0
50827,0
50828,0
50829,0
50830,-8
50831,2
50832,-4
50833,0
50834,0
50835,0
50836,2
50837,0
50838,0
50839,0
50840,0
50841,0
50842,0
50843,0
50844,0
50845,0
50846,6
50847,0
50848,0
50849,-4
50850,-4
50851,0
50852,6
50853,0
50854,-4
50855,0
50856,0
50857,4
50858,0
50859,0
50860,0
50861,0
50862,0
50863,2
50864,-4
50865,-8
50866,0
50867,0
50868,0
50869,0
50870,6
50871,0
50872,8
50873,-4
50874,0
50875,0
50876,2
50877,0
50878,0
50879,0
50880,2
50881,0
50882,0
50883,-4
50884,6
50885,0
50886,0
50887,0
50888,-4
50889,-4
50890,0
50891,0
50892,-4
50893,0
50894,-4
50895,0
50896,0
50897,-4
50898,-4
50899,4
50900,-4
50901,-4
50902,-4
50903,-4
50904,0
50905,-4
50906,-4
50907,0
50908,0
50909,-4
50910,0
50911,0
50912,-4
50913,-4
50914,-6
50915,-4
50916,0
50917,-4
50918,0
50919,0
50920,-6
50921,-4
50922,0
50923,-4
50924,0
50925,0
50926,0
50927,0
50928,4
50929,-4
50930,0
50931,0
50932,-4
50933,0
50934,-4
50935,2
50936,0
50937,0
50938,0
50939,2
50940,0
50941,-4
50942,2
50943,24
50944,2
50945,0
50946,2
50947,0
50948,0
50949,0
50950,0
50951,2
50952,0
50953,0
50954,-4
50955,0
50956,4
50957,6
50958,2
50959,0
50960,0
50961,0
50962,6
50963,0
50964,-4
50965,0
50966,0
50967,6
50968,0
50969,2
50970,4
50971,0
50972,4
50973,0
50974,-4
50975,0
50976,0
50977,-8
50978,0
50979,0
50980,-4
50981,4
50982,0
50983,6
50984,0
50985,0
50986,0
50987,0
50988,0
50989,-4
50990,-4
50991,-4
50992,0
50993,0
50994,-4
50995,-4
50996,-4
50997,0
50998,0
50999,-4
51000,0
51001,-4
51002,0
51003,-6
51004,-4
51005,0
51006,-4
51007,0
51008,-4
51009,-4
51010,-4
51011,0
51012,-4
51013,-4
51014,-4
51015,-4
51016,0
51017,-4
51018,-4
51019,-4
51020,-4
51021,0
51022,-4
51023,0
51024,-4
51025,0
51026,-14
51027,-4
51028,0
51029,0
51030,0
51031,0
51032,0
51033,0
51034,0
51035,-4
51036,0
51037,-4
51038,0
51039,0
51040,0
51041,-6
51042,0
51043,-4
51044,0
51045,4
51046,4
51047,0
51048,4
51049,0
51050,4
51051,2
51052,0
51053,2
51054,0
51055,0
51056,0
51057,0
51058,2
51059,-8
51060,-4
51061,0
51062,0
51063,4
51064,0
51065,4
51066,-4
51067,4
51068,0
51069,0
51070,0
51071,0
51072,0
51073,6
51074,0
51075,0
51076,-4
51077,0
51078,-4
51079,0
51080,0
51081,0
51082,4
51083,0
51084,-4
51085,0
51086,0
51087,0
51088,0
51089,-8
51090,-4
51091,0
51092,0
51093,-4
51094,0
51095,0
51096,0
51097,-4
51098,0
51099,-4
51100,-8
51101,-4
51102,-4
51103,-16
51104,0
51105,-4
51106,0
51107,-4
51108,-4
51109,0
51110,-4
51111,0
51112,0
51113,0
51114,-4
51115,-4
51116,-4
51117,-4
51118,0
51119,-4
51120,-4
51121,-4
51122,0
51123,0
51124,-4
51125,6
51126,0
51127,0
51128,-4
51129,-6
51130,0
51131,0
51132,0
51133,-4
51134,-4
51135,0
51136,0
51137,0
51138,0
51139,0
51140,0
51141,0
51142,2
51143,0
51144,6
51145,0
51146,2
51147,0
51148,2
51149,0
51150,0
51151,0
51152,6
51153,0
51154,0
51155,0
51156,6
51157,4
51158,14
51159,0
51160,0
51161,14
51162,0
51163,0
51164,0
51165,-8
51166,0
51167,2
51168,-4
51169,0
51170,0
51171,2
51172,0
51173,4
51174,0
51175,6
51176,0
51177,0
51178,2
51179,-4
51180,0
51181,2
51182,0
51183,0
51184,2
51185,0
51186,0
51187,-4
51188,4
51189,-4
51190,0
51191,0
51192,-4
51193,-4
51194,-4
51195,-4
51196,-4
51197,-4
51198,-4
51199,0
51200,-4
51201,0
51202,-8
51203,-4
51204,-4
51205,-4
51206,-4
51207,-8
51208,-6
51209,0
51210,0
51211,-4
51212,-4
51213,-4
51214,-4
51215,-4
51216,-4
51217,-8
51218,-4
51219,-4
51220,-4
51221,-4
51222,-4
51223,-4
51224,6
51225,0
51226,0
51227,-4
51228,0
51229,-4
51230,0
51231,0
51232,-4
51233,0
51234,0
51235,0
51236,0
51237,0
51238,0
51239,0
51240,0
51241,-4
51242,0
51243,0
51244,0
51245,4
51246,0
51247,0
51248,0
51249,0
51250,2
51251,6
51252,0
51253,4
51254,-4
51255,2
51256,-4
51257,4
51258,0
51259,0
51260,2
51261,0
51262,0
51263,0
51264,4
51265,0
51266,0
51267,4
51268,0
51269,0
51270,0
51271,0
51272,0
51273,0
51274,0
51275,0
51276,0
51277,0
51278,0
51279,10
51280,-4
51281,0
51282,0
51283,4
51284,10
51285,0
51286,2
51287,6
51288,0
51289,0
51290,0
51291,0
51292,-8
51293,-4
51294,-4
51295,0
51296,0
51297,-4
51298,-4
51299,0
51300,-4
51301,-4
51302,-4
51303,-4
51304,-4
51305,-4
51306,0
51307,-4
51308,-4
51309,0
51310,-4
51311,-4
51312,-4
51313,-4
51314,-4
51315,-4
51316,0
51317,-4
51318,0
51319,-6
51320,-4
51321,-4
51322,0
51323,0
51324,0
51325,-4
51326,0
51327,0
51328,0
51329,2
51330,0
51331,0
51332,0
51333,0
51334,0
51335,0
51336,6
51337,0
51338,0
51339,-4
51340,0
51341,-4
51342,0
51343,0
51344,0
51345,2
51346,0
51347,2
51348,6
51349,0
51350,0
51351,2
51352,0
51353,2
51354,0
51355,0
51356,0
51357,0
51358,0
51359,-4
51360,0
51361,0
51362,6
51363,-4
51364,2
51365,2
51366,6
51367,0
51368,0
51369,6
51370,4
51371,0
51372,6
51373,6
51374,0
51375,0
51376,0
51377,0
51378,0
51379,0
51380,0
51381,-8
51382,0
51383,0
51384,-4
51385,0
51386,4
51387,-4
51388,0
51389,-4
51390,0
51391,-8
51392,0
51393,-4
51394,-4
51395,0
51396,0
51397,0
51398,0
51399,-4
51400,0
51401,-4
51402,-4
51403,0
51404,-4
51405,0
51406,0
51407,-8
51408,-4
51409,-4
51410,0
51411,-4
51412,-4
51413,-4
51414,-4
51415,0
51416,-4
51417,-4
51418,0
51419,-4
51420,-6
51421,-4
51422,0
51423,0
51424,0
51425,-8
51426,-4
51427,0
51428,0
51429,0
51430,0
51431,0
51432,-4
51433,0
51434,4
51435,0
51436,0
51437,6
51438,2
51439,0
51440,2
51441,0
51442,0
51443,0
51444,-4
51445,0
51446,0
51447,0
51448,-4
51449,0
51450,0
51451,0
51452,2
51453,0
51454,0
51455,0
51456,0
51457,4
51458,0
51459,0
51460,4
51461,-8
51462,0
51463,-14
51464,0
51465,6
51466,0
51467,0
51468,6
51469,6
51470,0
51471,0
51472,-4
51473,0
51474,0
51475,0
51476,2
51477,0
51478,0
51479,0
51480,0
51481,-4
51482,0
51483,0
51484,0
51485,-4
51486,0
51487,0
51488,0
51489,0
51490,0
51491,0
51492,0
51493,-4
51494,0
51495,-4
51496,0
51497,-4
51498,4
51499,-4
51500,2
51501,-4
51502,-4
51503,-4
51504,0
51505,-4
51506,-4
51507,0
51508,0
51509,-4
51510,-4
51511,10
51512,-4
51513,-4
51514,-4
51515,-4
51516,0
51517,-4
51518,-4
51519,-4
51520,-4
51521,0
51522,-4
51523,6
51524,0
51525,2
51526,0
51527,-4
51528,-4
51529,0
51530,0
51531,-4
51532,-4
51533,-4
51534,0
51535,0
51536,0
51537,0
51538,0
51539,0
51540,2
51541,-4
51542,8
51543,0
51544,2
51545,0
51546,0
51547,0
51548,-4
51549,0
51550,-8
51551,6
51552,0
51553,4
51554,0
51555,0
51556,0
51557,0
51558,-8
51559,4
51560,0
51561,4
51562,2
51563,0
51564,4
51565,0
51566,-4
51567,2
51568,0
51569,0
51570,2
51571,10
51572,0
51573,0
51574,-4
51575,0
51576,0
51577,2
51578,-4
51579,8
51580,0
51581,0
51582,0
51583,0
51584,0
51585,0
51586,2
51587,-4
51588,0
51589,-4
51590,0
51591,0
51592,0
51593,0
51594,-4
51595,0
51596,-4
51597,-4
51598,-4
51599,0
51600,-4
51601,10
51602,-4
51603,6
51604,-4
51605,-4
51606,-4
51607,-4
51608,6
51609,-4
51610,0
51611,-4
51612,4
51613,0
51614,-8
51615,-4
51616,0
51617,-4
51618,-4
51619,-4
51620,-4
51621,0
51622,-4
51623,-4
51624,-4
51625,0
51626,-4
51627,0
51628,-4
51629,0
51630,0
51631,0
51632,0
51633,0
51634,0
51635,0
51636,0
51637,0
51638,0
51639,0
51640,0
51641,0
51642,0
51643,0
51644,0
51645,0
51646,0
51647,0
51648,2
51649,0
51650,0
51651,0
51652,4
51653,0
51654,0
51655,0
51656,-4
51657,2
51658,0
51659,0
51660,2
51661,0
51662,4
51663,6
51664,0
51665,-4
51666,-4
51667,0
51668,0
51669,0
51670,0
51671,0
51672,0
51673,6
51674,0
51675,0
51676,0
51677,0
51678,0
51679,0
51680,0
51681,-4
51682,0
51683,2
51684,-4
51685,0
51686,0
51687,8
51688,6
51689,-4
51690,-4
51691,0
51692,0
51693,-10
51694,0
51695,0
51696,-4
51697,4
51698,-4
51699,0
51700,-4
51701,0
51702,0
51703,-4
51704,-4
51705,-4
51706,-4
51707,-4
51708,-4
51709,-4
51710,-4
51711,-4
51712,-4
51713,0
51714,-4
51715,-4
51716,-4
51717,0
51718,0
51719,-4
51720,-4
51721,-4
51722,-4
51723,-4
51724,0
51725,0
51726,0
51727,0
51728,0
51729,0
51730,0
51731,0
51732,0
51733,0
51734,0
51735,2
51736,0
51737,2
51738,0
51739,0
51740,0
51741,-4
51742,4
51743,2
51744,0
51745,0
51746,4
51747,0
51748,0
51749,6
51750,0
51751,2
51752,14
51753,0
51754,2
51755,2
51756,-4
51757,14
51758,2
51759,6
51760,0
51761,0
51762,4
51763,4
51764,0
51765,8
51766,0
51767,2
51768,0
51769,4
51770,-4
51771,0
51772,0
51773,0
51774,-4
51775,-8
51776,-4
51777,4
51778,0
51779,0
51780,0
51781,0
51782,0
51783,-4
51784,0
51785,0
51786,2
51787,0
51788,0
51789,0
51790,4
51791,0
51792,-4
51793,-4
51794,0
51795,0
51796,-4
51797,-4
51798,-4
51799,-8
51800,0
51801,-4
51802,-4
51803,0
51804,-4
51805,-4
51806,0
51807,-4
51808,-4
51809,0
51810,-4
51811,0
51812,-4
51813,-4
51814,-4
51815,0
51816,0
51817,-4
51818,-4
51819,0
51820,-4
51821,-4
51822,-4
51823,-4
51824,0
51825,-4
51826,0
51827,-4
51828,0
51829,-4
51830,-4
51831,0
51832,0
51833,0
51834,-4
51835,0
51836,0
51837,0
51838,-4
51839,0
51840,0
51841,-4
51842,0
51843,0
51844,0
51845,0
51846,0
51847,0
51848,0
51849,-8
51850,0
51851,0
51852,0
51853,0
51854,0
51855,2
51856,0
51857,4
51858,0
51859,-4
51860,0
51861,0
51862,0
51863,0
51864,6
51865,0
51866,2
51867,6
51868,6
51869,-4
51870,4
51871,10
51872,0
51873,0
51874,0
51875,2
51876,0
51877,6
51878,0
51879,0
51880,0
51881,2
51882,0
51883,0
51884,0
51885,14
51886,-4
51887,-4
51888,0
51889,-4
51890,0
51891,0
51892,0
51893,-4
51894,-4
51895,-4
51896,0
51897,-14
51898,0
51899,-4
51900,0
51901,0
51902,-4
51903,-4
51904,0
51905,0
51906,0
51907,-4
51908,-4
51909,-4
51910,-4
51911,0
51912,-8
51913,-4
51914,-12
51915,-4
51916,-4
51917,0
51918,-4
51919,0
51920,-4
51921,-4
51922,-4
51923,0
51924,0
51925,0
51926,-8
51927,0
51928,0
51929,-4
51930,0
51931,-8
51932,0
51933,10
51934,0
51935,-4
51936,0
51937,0
51938,0
51939,-4
51940,-4
51941,0
51942,0
51943,-4
51944,0
51945,0
51946,0
51947,0
51948,2
51949,0
51950,0
51951,0
51952,0
51953,4
51954,-4
51955,8
51956,2
51957,0
51958,6
51959,0
51960,4
51961,0
51962,0
51963,0
51964,4
51965,0
51966,0
51967,0
51968,0
51969,0
51970,0
51971,2
51972,-4
51973,-4
51974,2
51975,0
51976,0
51977,6
51978,-4
51979,0
51980,-4
51981,0
51982,0
51983,0
51984,0
51985,0
51986,-4
51987,0
51988,0
51989,0
51990,0
51991,-4
51992,0
51993,-4
51994,-4
51995,0
51996,4
51997,-4
51998,0
51999,-4
52000,0
52001,0
52002,-4
52003,-4
52004,-4
52005,-10
52006,-4
52007,-4
52008,-4
52009,-6
52010,-4
52011,0
52012,0
52013,-4
52014,-4
52015,-4
52016,-4
52017,-8
52018,0
52019,0
52020,0
52021,-4
52022,0
52023,0
52024,-4
52025,0
52026,0
52027,0
52028,0
52029,0
52030,0
52031,0
52032,4
52033,-4
52034,0
52035,0
52036,0
52037,0
52038,0
52039,0
52040,-4
52041,0
52042,4
52043,4
52044,0
52045,0
52046,2
52047,0
52048,2
52049,2
52050,4
52051,0
52052,0
52053,0
52054,0
52055,14
52056,-4
52057,-4
52058,2
52059,0
52060,0
52061,0
52062,0
52063,8
52064,0
52065,0
52066,0
52067,0
52068,2
52069,0
52070,2
52071,-4
52072,4
52073,4
52074,0
52075,-4
52076,0
52077,0
52078,-4
52079,0
52080,0
52081,0
52082,6
52083,-6
52084,0
52085,0
52086,-4
52087,-4
52088,-4
52089,0
52090,0
52091,4
52092,0
52093,0
52094,0
52095,-4
52096,-4
52097,-4
52098,-4
52099,-4
52100,0
52101,-4
52102,-4
52103,-10
52104,-4
52105,0
52106,0
52107,-4
52108,-4
52109,-4
52110,-4
52111,0
52112,-4
52113,-4
52114,-4
52115,-4
52116,-4
52117,0
52118,-4
52119,-4
52120,0
52121,-4
52122,0
52123,-4
52124,0
52125,0
52126,0
52127,0
52128,0
52129,0
52130,0
52131,0
52132,0
52133,0
52134,0
52135,-4
52136,0
52137,0
52138,0
52139,0
52140,0
52141,-4
52142,0
52143,0
52144,4
52145,0
52146,0
52147,4
52148,0
52149,0
52150,2
52151,6
52152,0
52153,0
52154,4
52155,0
52156,0
52157,0
52158,4
52159,-6
52160,0
52161,-4
52162,0
52163,4
52164,6
52165,0
52166,2
52167,-4
52168,2
52169,0
52170,0
52171,0
52172,0
52173,0
52174,-6
52175,0
52176,0
52177,8
52178,0
52179,10
52180,0
52181,0
52182,0
52183,-4
52184,-4
52185,2
52186,-4
52187,0
52188,0
52189,-4
52190,0
52191,0
52192,0
52193,0
52194,0
52195,0
52196,0
52197,0
52198,0
52199,-4
52200,-4
52201,-4
52202,-4
52203,0
52204,-4
52205,-4
52206,-4
52207,-4
52208,-4
52209,-4
52210,-4
52211,-4
52212,-6
52213,0
52214,4
52215,-4
52216,-4
52217,10
52218,-4
52219,-8
52220,-4
52221,0
52222,0
52223,0
52224,-4
52225,0
52226,-4
52227,0
52228,0
52229,-4
52230,0
52231,0
52232,0
52233,2
52234,2
52235,-4
52236,0
52237,0
52238,0
52239,-4
52240,0
52241,2
52242,0
52243,0
52244,0
52245,0
52246,4
52247,0
52248,-4
52249,4
52250,0
52251,6
52252,0
52253,0
52254,0
52255,0
52256,0
52257,0
52258,2
52259,0
52260,0
52261,0
52262,10
52263,0
52264,-4
52265,2
52266,0
52267,2
52268,0
52269,-4
52270,0
52271,4
52272,0
52273,4
52274,-4
52275,-4
52276,0
52277,0
52278,0
52279,0
52280,0
52281,0
52282,0
52283,0
52284,0
52285,4
52286,0
52287,0
52288,0
52289,0
52290,0
52291,-4
52292,0
52293,0
52294,-4
52295,0
52296,-4
52297,-4
52298,-4
52299,-4
52300,0
52301,0
52302,0
52303,-6
52304,-4
52305,-4
52306,-4
52307,-4
52308,-6
52309,-4
52310,-4
52311,-4
52312,0
52313,-4
52314,-4
52315,-4
52316,-4
52317,-4
52318,-4
52319,0
52320,-4
52321,-4
52322,-4
52323,0
52324,-4
52325,2
52326,-4
52327,0
52328,0
52329,-4
52330,0
52331,0
52332,-4
52333,2
52334,0
52335,0
52336,0
52337,-12
52338,0
52339,-4
52340,-4
52341,0
52342,2
52343,0
52344,0
52345,-8
52346,0
52347,0
52348,0
52349,0
52350,0
52351,2
52352,0
52353,0
52354,2
52355,0
52356,0
52357,2
52358,6
52359,0
52360,2
52361,0
52362,0
52363,-6
52364,0
52365,0
52366,0
52367,0
52368,0
52369,-4
52370,2
52371,0
52372,0
52373,0
52374,-4
52375,0
52376,-8
52377,-4
52378,0
52379,0
52380,6
52381,0
52382,0
52383,0
52384,0
52385,0
52386,0
52387,0
52388,0
52389,0
52390,0
52391,4
52392,0
52393,0
52394,-4
52395,-4
52396,-4
52397,0
52398,-4
52399,-4
52400,-4
52401,-4
52402,-4
52403,-4
52404,-4
52405,-4
52406,-4
52407,-4
52408,-4
52409,-4
52410,-4
52411,-4
52412,-4
52413,-6
52414,-4
52415,-4
52416,2
52417,-4
52418,-4
52419,-8
52420,-4
52421,-4
52422,-4
52423,-4
52424,-4
52425,0
52426,0
52427,-4
52428,-4
52429,0
52430,-4
52431,0
52432,0
52433,-4
52434,-4
52435,0
52436,0
52437,0
52438,0
52439,0
52440,0
52441,0
52442,-4
52443,-4
52444,0
52445,0
52446,0
52447,0
52448,0
52449,0
52450,0
52451,2
52452,0
52453,0
52454,0
52455,4
52456,0
52457,0
52458,4
52459,0
52460,0
52461,2
52462,0
52463,0
52464,0
52465,0
52466,4
52467,0
52468,4
52469,0
52470,-4
52471,-4
52472,0
52473,0
52474,4
52475,0
52476,0
52477,0
52478,0
52479,-4
52480,-4
52481,0
52482,0
52483,0
52484,2
52485,0
52486,0
52487,0
52488,0
52489,0
52490,0
52491,0
52492,0
52493,0
52494,-4
52495,0
52496,-4
52497,-4
52498,0
52499,0
52500,0
52501,-4
52502,0
52503,-4
52504,-4
52505,-8
52506,-4
52507,-4
52508,-4
52509,0
52510,0
52511,-14
52512,-4
52513,-4
52514,-6
52515,-4
52516,0
52517,-4
52518,-4
52519,-4
52520,-4
52521,-4
52522,-6
52523,0
52524,0
52525,0
52526,-8
52527,-4
52528,-8
52529,0
52530,-14
52531,0
52532,0
52533,0
52534,0
52535,0
52536,0
52537,0
52538,0
52539,0
52540,0
52541,0
52542,0
52543,0
52544,0
52545,0
52546,2
52547,2
52548,0
52549,0
52550,4
52551,0
52552,0
52553,4
52554,0
52555,0
52556,14
52557,0
52558,6
52559,-4
52560,0
52561,4
52562,8
52563,2
52564,10
52565,0
52566,0
52567,2
52568,2
52569,0
52570,0
52571,0
52572,0
52573,4
52574,0
52575,0
52576,0
52577,-14
52578,0
52579,8
52580,0
52581,0
52582,-4
52583,-4
52584,-4
52585,0
52586,0
52587,0
52588,-4
52589,-4
52590,0
52591,-4
52592,0
52593,0
52594,-4
52595,0
52596,6
52597,-4
52598,-4
52599,-4
52600,-4
52601,-4
52602,-4
52603,-4
52604,-4
52605,-4
52606,0
52607,-10
52608,-4
52609,-4
52610,0
52611,-4
52612,0
52613,0
52614,14
52615,0
52616,0
52617,-10
52618,0
52619,-4
52620,-4
52621,8
52622,-4
52623,0
52624,0
52625,0
52626,0
52627,-4
52628,-4
52629,-4
52630,-4
52631,-4
52632,0
52633,0
52634,0
52635,0
52636,0
52637,0
52638,-4
52639,0
52640,4
52641,0
52642,14
52643,0
52644,0
52645,0
52646,0
52647,6
52648,0
52649,0
52650,0
52651,0
52652,0
52653,6
52654,6
52655,0
52656,0
52657,0
52658,4
52659,0
52660,4
52661,4
52662,2
52663,0
52664,0
52665,0
52666,4
52667,0
52668,4
52669,0
52670,4
52671,0
52672,-10
52673,4
52674,-4
52675,-4
52676,0
52677,0
52678,6
52679,0
52680,0
52681,0
52682,0
52683,0
52684,0
52685,-14
52686,0
52687,0
52688,-4
52689,0
52690,0
52691,0
52692,-4
52693,2
52694,-4
52695,-4
52696,-4
52697,0
52698,0
52699,-4
52700,0
52701,0
52702,0
52703,-4
52704,0
52705,-4
52706,-4
52707,-4
52708,0
52709,-4
52710,0
52711,0
52712,-4
52713,-8
52714,-4
52715,8
52716,0
52717,-4
52718,-4
52719,-4
52720,-4
52721,0
52722,-4
52723,-4
52724,6
52725,0
52726,0
52727,-4
52728,0
52729,0
52730,0
52731,0
52732,0
52733,0
52734,-4
52735,0
52736,0
52737,0
52738,-4
52739,0
52740,-6
52741,0
52742,0
52743,0
52744,-4
52745,0
52746,0
52747,0
52748,6
52749,0
52750,0
52751,0
52752,0
52753,0
52754,0
52755,4
52756,0
52757,0
52758,18
52759,0
52760,0
52761,0
52762,0
52763,0
52764,0
52765,4
52766,0
52767,-4
52768,-4
52769,0
52770,0
52771,8
52772,0
52773,4
52774,6
52775,0
52776,4
52777,0
52778,0
52779,0
52780,0
52781,0
52782,0
52783,-4
52784,-4
52785,0
52786,0
52787,0
52788,0
52789,0
52790,0
52791,-4
52792,4
52793,-4
52794,-4
52795,0
52796,0
52797,-4
52798,-4
52799,-4
52800,-4
52801,-4
52802,0
52803,0
52804,-4
52805,-4
52806,0
52807,-4
52808,-8
52809,-8
52810,-6
52811,0
52812,-4
52813,-4
52814,-4
52815,-4
52816,0
52817,4
52818,-4
52819,-4
52820,-6
52821,-4
52822,0
52823,0
52824,0
52825,0
52826,-4
52827,0
52828,0
52829,0
52830,0
52831,0
52832,2
52833,-4
52834,-4
52835,0
52836,0
52837,0
52838,-6
52839,6
52840,-4
52841,0
52842,0
52843,0
52844,0
52845,0
52846,0
52847,0
52848,0
52849,0
52850,2
52851,2
52852,0
52853,-4
52854,0
52855,0
52856,0
52857,0
52858,6
52859,0
52860,-4
52861,0
52862,0
52863,0
52864,-8
52865,0
52866,0
52867,0
52868,2
52869,0
52870,4
52871,-4
52872,2
52873,6
52874,0
52875,0
52876,0
52877,-4
52878,0
52879,0
52880,0
52881,0
52882,0
52883,-8
52884,0
52885,0
52886,2
52887,-4
52888,0
52889,0
52890,0
52891,0
52892,4
52893,-4
52894,0
52895,-4
52896,-4
52897,0
52898,0
52899,-4
52900,-4
52901,-4
52902,-4
52903,0
52904,0
52905,-4
52906,-4
52907,-4
52908,-4
52909,-4
52910,-4
52911,-4
52912,0
52913,0
52914,-4
52915,-4
52916,8
52917,-4
52918,0
52919,0
52920,0
52921,-4
52922,0
52923,0
52924,0
52925,-10
52926,0
52927,0
52928,0
52929,0
52930,0
52931,-8
52932,0
52933,-4
52934,-4
52935,2
52936,0
52937,0
52938,0
52939,0
52940,-4
52941,8
52942,-4
52943,6
52944,0
52945,0
52946,0
52947,2
52948,0
52949,2
52950,-4
52951,4
52952,2
52953,0
52954,6
52955,6
52956,6
52957,2
52958,2
52959,-4
52960,4
52961,4
52962,0
52963,2
52964,0
52965,0
52966,0
52967,0
52968,0
52969,-4
52970,0
52971,0
52972,6
52973,0
52974,0
52975,-4
52976,-4
52977,0
52978,0
52979,0
52980,-4
52981,0
52982,0
52983,0
52984,0
52985,0
52986,0
52987,0
52988,0
52989,0
52990,-4
52991,0
52992,0
52993,0
52994,-4
52995,-4
52996,-4
52997,-4
52998,-4
52999,8
53000,-4
53001,-4
53002,-4
53003,-4
53004,-4
53005,0
53006,-4
53007,0
53008,-4
53009,-4
53010,0
53011,-4
53012,-4
53013,-4
53014,-4
53015,0
53016,-12
53017,-4
53018,0
53019,-6
53020,0
53021,-4
53022,-4
53023,0
53024,-4
53025,0
53026,0
53027,0
53028,-4
53029,0
53030,0
53031,0
53032,-4
53033,-4
53034,0
53035,-4
53036,0
53037,0
53038,0
53039,0
53040,-4
53041,0
53042,0
53043,0
53044,-4
53045,4
53046,2
53047,0
53048,0
53049,6
53050,0
53051,-4
53052,-4
53053,0
53054,0
53055,2
53056,-4
53057,0
53058,2
53059,0
53060,0
53061,0
53062,0
53063,14
53064,0
53065,4
53066,0
53067,0
53068,-8
53069,0
53070,0
53071,-14
53072,0
53073,0
53074,-6
53075,0
53076,-4
53077,0
53078,0
53079,2
53080,-8
53081,-100
53082,-117.333333333333
53083,-125.333333333333
53084,-112
53085,-60
53086,-44
53087,-8
53088,6
53089,24
53090,34
53091,24
53092,-6
53093,-46
53094,-76
53095,-86
53096,-84
53097,-100
53098,-92
53099,-98
53100,-90
53101,-92
53102,-96
53103,-84
53104,-66
53105,-34
53106,-8
53107,8
53108,28
53109,32
53110,34
53111,36
53112,38
53113,38
53114,38
53115,46
53116,48
53117,36
53118,42
53119,42
53120,34
53121,52
53122,50
53123,50
53124,42
53125,52
53126,90
53127,80
53128,62
53129,48
53130,42
53131,36
53132,32
53133,24
53134,24
53135,18
53136,18
53137,16
53138,14
53139,14
53140,14
53141,8
53142,6
53143,6
53144,8
53145,6
53146,6
53147,6
53148,2
53149,4
53150,6
53151,2
53152,4
53153,10
53154,6
53155,4
53156,6
53157,6
53158,6
53159,4
53160,0
53161,0
53162,4
53163,6
53164,6
53165,6
53166,2
53167,6
53168,2
53169,0
53170,6
53171,8
53172,2
53173,0
53174,0
53175,6
53176,2
53177,-4
53178,0
53179,4
53180,4
53181,10
53182,4
53183,2
53184,0
53185,2
53186,4
53187,2
53188,0
53189,10
53190,4
53191,0
53192,6
53193,4
53194,6
53195,2
53196,0
53197,0
53198,0
53199,0
53200,0
53201,0
53202,0
53203,0
53204,-4
53205,0
53206,-4
53207,-4
53208,-6
53209,0
53210,0
53211,8
53212,0
53213,2
53214,0
53215,0
53216,0
53217,0
53218,0
53219,0
53220,-4
53221,8
53222,2
53223,4
53224,0
53225,10
53226,2
53227,2
53228,6
53229,0
53230,4
53231,0
53232,4
53233,0
53234,0
53235,0
53236,0
53237,-4
53238,4
53239,0
53240,4
53241,0
53242,0
53243,0
53244,-4
53245,0
53246,0
53247,0
53248,6
53249,0
53250,0
53251,0
53252,6
53253,6
53254,6
53255,2
53256,4
53257,4
53258,6
53259,2
53260,-4
53261,0
53262,6
53263,0
53264,0
53265,2
53266,0
53267,4
53268,0
53269,14
53270,0
53271,6
53272,0
53273,0
53274,2
53275,-4
53276,0
53277,0
53278,-4
53279,0
53280,0
53281,2
53282,0
53283,0
53284,-4
53285,0
53286,-4
53287,0
53288,0
53289,0
53290,0
53291,0
53292,0
53293,0
53294,0
53295,0
53296,0
53297,0
53298,-4
53299,-4
53300,-4
53301,0
53302,-4
53303,0
53304,-4
53305,0
53306,-4
53307,0
53308,0
53309,-4
53310,-4
53311,0
53312,-4
53313,-4
53314,-4
53315,-4
53316,-4
53317,-4
53318,-8
53319,0
53320,0
53321,6
53322,-4
53323,-4
53324,-8
53325,-4
53326,2
53327,-4
53328,-4
53329,0
53330,-4
53331,0
53332,0
53333,-4
53334,-4
53335,0
53336,-4
53337,0
53338,0
53339,10
53340,0
53341,0
53342,2
53343,0
53344,4
53345,0
53346,4
53347,4
53348,6
53349,0
53350,4
53351,0
53352,2
53353,0
53354,0
53355,0
53356,4
53357,2
53358,0
53359,-4
53360,2
53361,0
53362,6
53363,0
53364,0
53365,-8
53366,0
53367,0
53368,-6
53369,2
53370,6
53371,-8
53372,0
53373,4
53374,-4
53375,0
53376,-4
53377,0
53378,-4
53379,0
53380,6
53381,0
53382,0
53383,0
53384,0
53385,0
53386,-4
53387,-4
53388,0
53389,0
53390,-4
53391,2
53392,-4
53393,0
53394,0
53395,0
53396,-4
53397,0
53398,-4
53399,0
53400,-4
53401,0
53402,0
53403,-4
53404,-4
53405,-4
53406,-4
53407,-4
53408,0
53409,-6
53410,-4
53411,0
53412,0
53413,-4
53414,-4
53415,0
53416,-4
53417,-8
53418,0
53419,0
53420,-6
53421,0
53422,-4
53423,-4
53424,0
53425,0
53426,2
53427,-4
53428,0
53429,4
53430,0
53431,0
53432,8
53433,0
53434,4
53435,0
53436,0
53437,0
53438,0
53439,0
53440,-4
53441,0
53442,-4
53443,-4
53444,0
53445,0
53446,4
53447,0
53448,0
53449,4
53450,0
53451,4
53452,0
53453,0
53454,0
53455,2
53456,0
53457,0
53458,0
53459,0
53460,0
53461,0
53462,0
53463,0
53464,0
53465,0
53466,0
53467,6
53468,0
53469,2
53470,-6
53471,0
53472,0
53473,-4
53474,0
53475,0
53476,0
53477,0
53478,0
53479,-4
53480,0
53481,0
53482,2
53483,4
53484,-4
53485,6
53486,0
53487,0
53488,0
53489,0
53490,-4
53491,0
53492,-4
53493,4
53494,0
53495,0
53496,0
53497,-4
53498,-4
53499,0
53500,-4
53501,-4
53502,-4
53503,0
53504,0
53505,-4
53506,0
53507,-4
53508,-4
53509,-4
53510,-4
53511,-4
53512,-4
53513,-4
53514,-4
53515,0
53516,6
53517,0
53518,0
53519,-4
53520,-4
53521,-4
53522,-4
53523,0
53524,0
53525,0
53526,0
53527,0
53528,-4
53529,0
53530,0
53531,0
53532,0
53533,0
53534,-4
53535,0
53536,6
53537,-4
53538,0
53539,0
53540,0
53541,0
53542,6
53543,0
53544,2
53545,0
53546,0
53547,0
53548,6
53549,0
53550,0
53551,0
53552,2
53553,2
53554,0
53555,0
53556,0
53557,-8
53558,0
53559,0
53560,0
53561,14
53562,6
53563,0
53564,0
53565,0
53566,-4
53567,0
53568,2
53569,4
53570,0
53571,0
53572,-6
53573,0
53574,-4
53575,2
53576,0
53577,0
53578,0
53579,0
53580,-4
53581,2
53582,0
53583,0
53584,0
53585,0
53586,0
53587,0
53588,-4
53589,-4
53590,0
53591,-4
53592,-4
53593,0
53594,-4
53595,0
53596,0
53597,0
53598,0
53599,-4
53600,-4
53601,-4
53602,0
53603,0
53604,0
53605,0
53606,-4
53607,-4
53608,-4
53609,-4
53610,-4
53611,0
53612,0
53613,-4
53614,-4
53615,-4
53616,0
53617,0
53618,6
53619,-4
53620,-4
53621,-12
53622,0
53623,-4
53624,6
53625,0
53626,4
53627,0
53628,0
53629,0
53630,0
53631,-8
53632,0
53633,0
53634,0
53635,0
53636,0
53637,2
53638,0
53639,0
53640,0
53641,0
53642,0
53643,0
53644,0
53645,0
53646,-8
53647,0
53648,0
53649,0
53650,2
53651,2
53652,4
53653,4
53654,0
53655,0
53656,0
53657,2
53658,0
53659,4
53660,0
53661,0
53662,0
53663,0
53664,0
53665,-8
53666,0
53667,0
53668,8
53669,0
53670,0
53671,14
53672,6
53673,0
53674,0
53675,-4
53676,0
53677,0
53678,-8
53679,0
53680,6
53681,-4
53682,0
53683,0
53684,-4
53685,0
53686,-4
53687,0
53688,-4
53689,0
53690,0
53691,-4
53692,0
53693,0
53694,0
53695,0
53696,-4
53697,0
53698,-4
53699,-4
53700,-4
53701,-4
53702,14
53703,-4
53704,0
53705,0
53706,-4
53707,0
53708,-4
53709,-4
53710,-4
53711,-4
53712,-4
53713,-4
53714,-4
53715,-4
53716,-4
53717,-4
53718,0
53719,-4
53720,-4
53721,-4
53722,0
53723,-4
53724,-4
53725,0
53726,2
53727,0
53728,0
53729,-4
53730,-4
53731,0
53732,-4
53733,-4
53734,0
53735,-4
53736,0
53737,0
53738,0
53739,0
53740,0
53741,0
53742,0
53743,0
53744,0
53745,0
53746,2
53747,0
53748,2
53749,0
53750,4
53751,0
53752,6
53753,6
53754,0
53755,0
53756,2
53757,0
53758,2
53759,8
53760,4
53761,0
53762,0
53763,0
53764,0
53765,0
53766,0
53767,-4
53768,0
53769,0
53770,-4
53771,2
53772,4
53773,0
53774,0
53775,0
53776,0
53777,-8
53778,0
53779,0
53780,0
53781,6
53782,0
53783,0
53784,0
53785,0
53786,0
53787,0
53788,-4
53789,0
53790,0
53791,0
53792,0
53793,-4
53794,-4
53795,0
53796,0
53797,0
53798,-4
53799,0
53800,-4
53801,-4
53802,-4
53803,0
53804,-4
53805,0
53806,-4
53807,0
53808,-4
53809,-4
53810,0
53811,0
53812,0
53813,-4
53814,0
53815,-4
53816,0
53817,0
53818,-4
53819,0
53820,0
53821,-4
53822,-4
53823,-4
53824,-4
53825,0
53826,0
53827,0
53828,-4
53829,-4
53830,-4
53831,0
53832,0
53833,0
53834,0
53835,0
53836,0
53837,0
53838,0
53839,-4
53840,2
53841,0
53842,0
53843,-4
53844,0
53845,8
53846,0
53847,4
53848,0
53849,0
53850,2
53851,0
53852,4
53853,-4
53854,0
53855,0
53856,0
53857,0
53858,0
53859,4
53860,0
53861,0
53862,0
53863,0
53864,0
53865,0
53866,10
53867,0
53868,0
53869,0
53870,2
53871,-4
53872,0
53873,2
53874,2
53875,0
53876,-4
53877,-4
53878,2
53879,0
53880,0
53881,0
53882,-8
53883,0
53884,4
53885,0
53886,-4
53887,6
53888,-4
53889,-4
53890,0
53891,-4
53892,0
53893,0
53894,-4
53895,0
53896,-4
53897,-4
53898,-4
53899,-4
53900,-4
53901,-4
53902,0
53903,-4
53904,-4
53905,0
53906,-4
53907,-4
53908,0
53909,-4
53910,0
53911,-4
53912,0
53913,-4
53914,-4
53915,-4
53916,0
53917,-4
53918,-8
53919,-4
53920,0
53921,-4
53922,-4
53923,0
53924,-4
53925,-4
53926,0
53927,0
53928,0
53929,-4
53930,0
53931,0
53932,0
53933,0
53934,0
53935,-4
53936,8
53937,0
53938,-4
53939,0
53940,0
53941,0
53942,0
53943,0
53944,0
53945,0
53946,4
53947,0
53948,4
53949,2
53950,0
53951,0
53952,0
53953,6
53954,0
53955,0
53956,-4
53957,6
53958,4
53959,2
53960,2
53961,2
53962,0
53963,0
53964,0
53965,0
53966,0
53967,0
53968,6
53969,-4
53970,2
53971,-8
53972,6
53973,0
53974,0
53975,0
53976,-4
53977,0
53978,0
53979,0
53980,4
53981,0
53982,0
53983,0
53984,0
53985,0
53986,0
53987,2
53988,-8
53989,-4
53990,0
53991,0
53992,0
53993,0
53994,-4
53995,0
53996,-4
53997,-4
53998,0
53999,-4
54000,-4
54001,-4
54002,-4
54003,-4
54004,0
54005,-4
54006,-4
54007,-4
54008,-4
54009,-8
54010,-4
54011,-4
54012,2
54013,-4
54014,-14
54015,-12
54016,-36
54017,-38
54018,-30
54019,-14
54020,4
54021,10
54022,10
54023,10
54024,10
54025,18
54026,10
54027,10
54028,6
54029,0
54030,-4
54031,-12
54032,-22
54033,-32
54034,-44
54035,-50
54036,-54
54037,-62
54038,-72
54039,-56
54040,-50
54041,-50
54042,-50
54043,-56
54044,-60
54045,-68
54046,-72
54047,-66
54048,-70
54049,-58
54050,-42
54051,-34
54052,-28
54053,-26
54054,-12
54055,-8
54056,0
54057,10
54058,24
54059,28
54060,30
54061,30
54062,32
54063,38
54064,52
54065,58
54066,56
54067,52
54068,52
54069,66
54070,76
54071,66
54072,56
54073,48
54074,48
54075,38
54076,34
54077,38
54078,30
54079,24
54080,18
54081,22
54082,20
54083,18
54084,10
54085,14
54086,6
54087,8
54088,10
54089,6
54090,0
54091,4
54092,4
54093,6
54094,-4
54095,2
54096,0
54097,0
54098,0
54099,0
54100,-4
54101,0
54102,0
54103,-4
54104,-4
54105,0
54106,0
54107,0
54108,-4
54109,-4
54110,0
54111,-4
54112,0
54113,0
54114,-4
54115,0
54116,0
54117,0
54118,0
54119,0
54120,-4
54121,-4
54122,8
54123,0
54124,2
54125,0
54126,0
54127,4
54128,-4
54129,0
54130,0
54131,0
54132,0
54133,6
54134,0
54135,0
54136,0
54137,2
54138,-4
54139,0
54140,2
54141,0
54142,0
54143,4
54144,0
54145,4
54146,0
54147,0
54148,2
54149,0
54150,0
54151,0
54152,0
54153,0
54154,4
54155,2
54156,0
54157,0
54158,0
54159,6
54160,2
54161,0
54162,4
54163,4
54164,4
54165,4
54166,-4
54167,0
54168,0
54169,0
54170,0
54171,6
54172,0
54173,0
54174,2
54175,0
54176,-4
54177,0
54178,2
54179,4
54180,0
54181,0
54182,-4
54183,0
54184,0
54185,0
54186,0
54187,0
54188,0
54189,-4
54190,0
54191,0
54192,4
54193,4
54194,0
54195,0
54196,0
54197,0
54198,0
54199,0
54200,-4
54201,-4
54202,0
54203,-4
54204,-4
54205,-4
54206,-4
54207,0
54208,-4
54209,-4
54210,0
54211,0
54212,-4
54213,-4
54214,-4
54215,0
54216,0
54217,-4
54218,-4
54219,-4
54220,-4
54221,-8
54222,0
54223,0
54224,-4
54225,0
54226,-4
54227,0
54228,-4
54229,0
54230,0
54231,-4
54232,0
54233,4
54234,0
54235,0
54236,2
54237,0
54238,0
54239,0
54240,0
54241,10
54242,0
54243,-4
54244,2
54245,2
54246,0
54247,0
54248,0
54249,0
54250,0
54251,4
54252,2
54253,0
54254,0
54255,6
54256,0
54257,0
54258,0
54259,4
54260,0
54261,0
54262,2
54263,4
54264,0
54265,0
54266,2
54267,0
54268,-4
54269,0
54270,2
54271,6
54272,0
54273,6
54274,0
54275,0
54276,0
54277,0
54278,0
54279,-4
54280,0
54281,0
54282,0
54283,0
54284,4
54285,0
54286,0
54287,0
54288,0
54289,-4
54290,-4
54291,0
54292,-4
54293,0
54294,0
54295,-4
54296,0
54297,-4
54298,0
54299,-4
54300,-4
54301,0
54302,-4
54303,-4
54304,-4
54305,0
54306,0
54307,0
54308,-4
54309,-6
54310,0
54311,-4
54312,0
54313,-4
54314,-4
54315,0
54316,-4
54317,0
54318,-4
54319,-4
54320,0
54321,0
54322,0
54323,-4
54324,-4
54325,-4
54326,-4
54327,0
54328,0
54329,-4
54330,0
54331,0
54332,0
54333,-4
54334,-4
54335,0
54336,0
54337,0
54338,0
54339,2
54340,0
54341,-4
54342,0
54343,0
54344,-4
54345,0
54346,0
54347,4
54348,0
54349,0
54350,0
54351,0
54352,6
54353,-4
54354,-4
54355,0
54356,6
54357,0
54358,0
54359,4
54360,0
54361,0
54362,2
54363,-4
54364,6
54365,0
54366,0
54367,-4
54368,0
54369,-4
54370,0
54371,0
54372,0
54373,0
54374,2
54375,-4
54376,0
54377,6
54378,4
54379,0
54380,0
54381,0
54382,0
54383,4
54384,0
54385,0
54386,0
54387,0
54388,4
54389,-4
54390,0
54391,0
54392,0
54393,0
54394,0
54395,0
54396,0
54397,-4
54398,0
54399,-4
54400,-4
54401,-4
54402,0
54403,0
54404,-4
54405,0
54406,-4
54407,0
54408,0
54409,0
54410,-4
54411,0
54412,0
54413,-6
54414,-4
54415,-4
54416,0
54417,0
54418,0
54419,-4
54420,2
54421,-4
54422,0
54423,-4
54424,0
54425,0
54426,-4
54427,0
54428,-4
54429,0
54430,0
54431,0
54432,10
54433,2
54434,0
54435,0
54436,2
54437,0
54438,0
54439,0
54440,0
54441,0
54442,0
54443,0
54444,0
54445,0
54446,0
54447,0
54448,2
54449,0
54450,-4
54451,0
54452,0
54453,-4
54454,0
54455,-6
54456,0
54457,-4
54458,-4
54459,0
54460,4
54461,0
54462,2
54463,0
54464,-6
54465,0
54466,-6
54467,2
54468,0
54469,8
54470,0
54471,0
54472,4
54473,0
54474,-4
54475,0
54476,0
54477,0
54478,0
54479,10
54480,0
54481,0
54482,-4
54483,0
54484,0
54485,0
54486,2
54487,0
54488,0
54489,-4
54490,0
54491,-4
54492,0
54493,0
54494,-4
54495,0
54496,-4
54497,-4
54498,0
54499,-4
54500,-4
54501,0
54502,-4
54503,-4
54504,0
54505,0
54506,-4
54507,8
54508,0
54509,0
54510,-4
54511,0
54512,0
54513,-4
54514,-8
54515,-4
54516,8
54517,0
54518,0
54519,-4
54520,2
54521,-4
54522,-4
54523,0
54524,-4
54525,0
54526,0
54527,-4
54528,-8
54529,-4
54530,-4
54531,-4
54532,0
54533,0
54534,4
54535,0
54536,0
54537,-8
54538,0
54539,0
54540,0
54541,0
54542,0
54543,-8
54544,-8
54545,-16
54546,-22
54547,-14
54548,-12
54549,0
54550,4
54551,8
54552,10
54553,10
54554,10
54555,10
54556,8
54557,8
54558,4
54559,4
54560,4
54561,0
54562,-4
54563,-4
54564,-4
54565,-4
54566,-8
54567,-6
54568,-4
54569,-4
54570,-4
54571,-8
54572,-4
54573,-4
54574,-8
54575,-6
54576,-10
54577,-16
54578,-20
54579,-22
54580,-24
54581,-22
54582,-24
54583,-14
54584,-22
54585,-30
54586,-24
54587,-22
54588,-24
54589,-26
54590,-24
54591,-28
54592,-28
54593,-28
54594,-26
54595,-22
54596,-16
54597,-12
54598,-8
54599,-8
54600,-4
54601,0
54602,4
54603,4
54604,18
54605,20
54606,24
54607,18
54608,18
54609,22
54610,22
54611,18
54612,20
54613,18
54614,16
54615,16
54616,14
54617,14
54618,10
54619,14
54620,14
54621,6
54622,10
54623,10
54624,8
54625,6
54626,10
54627,8
54628,10
54629,6
54630,6
54631,8
54632,8
54633,8
54634,4
54635,8
54636,6
54637,6
54638,10
54639,6
54640,6
54641,6
54642,4
54643,2
54644,0
54645,6
54646,4
54647,4
54648,4
54649,4
54650,2
54651,0
54652,0
54653,0
54654,-4
54655,6
54656,0
54657,4
54658,2
54659,14
54660,4
54661,6
54662,6
54663,2
54664,2
54665,14
54666,6
54667,-4
54668,6
54669,2
54670,0
54671,-4
54672,0
54673,0
54674,8
54675,4
54676,0
54677,4
54678,0
54679,0
54680,0
54681,0
54682,0
54683,4
54684,-8
54685,-8
54686,0
54687,0
54688,0
54689,0
54690,0
54691,0
54692,0
54693,0
54694,0
54695,4
54696,-4
54697,-4
54698,0
54699,0
54700,-4
54701,0
54702,-4
54703,-4
54704,6
54705,0
54706,-4
54707,0
54708,-4
54709,0
54710,-4
54711,0
54712,0
54713,-4
54714,0
54715,-4
54716,-4
54717,-4
54718,-4
54719,0
54720,0
54721,0
54722,2
54723,-4
54724,-4
54725,-4
54726,0
54727,0
54728,0
54729,0
54730,0
54731,0
54732,-4
54733,0
54734,0
54735,0
54736,0
54737,0
54738,0
54739,0
54740,4
54741,2
54742,0
54743,0
54744,0
54745,0
54746,2
54747,0
54748,0
54749,14
54750,0
54751,0
54752,0
54753,0
54754,0
54755,6
54756,0
54757,6
54758,0
54759,0
54760,6
54761,2
54762,0
54763,0
54764,4
54765,0
54766,2
54767,0
54768,0
54769,4
54770,0
54771,0
54772,6
54773,4
54774,0
54775,0
54776,6
54777,0
54778,0
54779,-8
54780,0
54781,8
54782,0
54783,0
54784,0
54785,0
54786,0
54787,0
54788,0
54789,-4
54790,0
54791,0
54792,-4
54793,4
54794,0
54795,0
54796,-4
54797,0
54798,0
54799,-4
54800,0
54801,0
54802,-4
54803,-4
54804,-4
54805,-4
54806,-4
54807,-4
54808,-4
54809,-4
54810,-4
54811,-4
54812,0
54813,-4
54814,-6
54815,-4
54816,10
54817,-4
54818,0
54819,-4
54820,0
54821,0
54822,0
54823,-4
54824,-4
54825,0
54826,0
54827,-4
54828,0
54829,-4
54830,-8
54831,0
54832,0
54833,-4
54834,4
54835,4
54836,0
54837,0
54838,0
54839,0
54840,0
54841,0
54842,6
54843,-4
54844,-4
54845,-6
54846,0
54847,-4
54848,-4
54849,-14
54850,-4
54851,0
54852,0
54853,0
54854,2
54855,6
54856,8
54857,6
54858,4
54859,6
54860,2
54861,0
54862,0
54863,4
54864,4
54865,0
54866,0
54867,0
54868,-4
54869,-4
54870,0
54871,4
54872,-4
54873,-4
54874,0
54875,6
54876,-4
54877,-4
54878,0
54879,0
54880,0
54881,0
54882,0
54883,-4
54884,-4
54885,0
54886,-4
54887,0
54888,0
54889,-4
54890,-4
54891,-4
54892,-4
54893,-4
54894,-4
54895,-4
54896,-4
54897,-4
54898,-4
54899,-4
54900,-6
54901,-6
54902,-4
54903,-4
54904,-8
54905,-4
54906,-8
54907,-6
54908,-6
54909,-8
54910,-4
54911,-8
54912,-4
54913,-4
54914,-8
54915,-8
54916,-4
54917,-4
54918,-8
54919,-6
54920,-4
54921,-4
54922,-6
54923,-4
54924,-4
54925,-6
54926,-4
54927,-10
54928,0
54929,0
54930,0
54931,0
54932,0
54933,0
54934,0
54935,0
54936,4
54937,0
54938,6
54939,0
54940,6
54941,6
54942,6
54943,4
54944,6
54945,6
54946,4
54947,6
54948,6
54949,6
54950,6
54951,4
54952,6
54953,8
54954,6
54955,6
54956,6
54957,8
54958,6
54959,4
54960,6
54961,8
54962,14
54963,0
54964,4
54965,-12
54966,6
54967,0
54968,6
54969,4
54970,2
54971,0
54972,6
54973,0
54974,4
54975,4
54976,2
54977,0
54978,0
54979,0
54980,0
54981,0
54982,0
54983,0
54984,0
54985,-8
54986,2
54987,0
54988,0
54989,8
54990,-4
54991,0
54992,0
54993,0
54994,0
54995,0
54996,0
54997,-4
54998,0
54999,-4
55000,0
55001,-4
55002,-4
55003,0
55004,0
55005,4
55006,-4
55007,0
55008,0
55009,-4
55010,-4
55011,-4
55012,0
55013,0
55014,-4
55015,-4
55016,0
55017,0
55018,0
55019,-4
55020,0
55021,-4
55022,-4
55023,-4
55024,0
55025,-4
55026,-4
55027,4
55028,-4
55029,-4
55030,0
55031,0
55032,-4
55033,0
55034,0
55035,-4
55036,0
55037,0
55038,2
55039,0
55040,0
55041,0
55042,0
55043,0
55044,0
55045,2
55046,0
55047,6
55048,0
55049,4
55050,0
55051,2
55052,0
55053,10
55054,0
55055,2
55056,2
55057,0
55058,0
55059,-4
55060,6
55061,-6
55062,0
55063,0
55064,6
55065,0
55066,0
55067,4
55068,0
55069,2
55070,4
55071,2
55072,0
55073,0
55074,0
55075,0
55076,-6
55077,0
55078,-4
55079,-4
55080,0
55081,6
55082,0
55083,0
55084,0
55085,0
55086,0
55087,0
55088,-4
55089,0
55090,-4
55091,-4
55092,0
55093,0
55094,0
55095,-4
55096,-4
55097,-4
55098,-4
55099,-4
55100,-4
55101,-4
55102,0
55103,-6
55104,-4
55105,0
55106,0
55107,-4
55108,-4
55109,-6
55110,-4
55111,-4
55112,-4
55113,-4
55114,0
55115,-4
55116,-4
55117,-4
55118,-4
55119,-4
55120,0
55121,-4
55122,-4
55123,-4
55124,0
55125,-4
55126,0
55127,0
55128,4
55129,-4
55130,-4
55131,-4
55132,-4
55133,0
55134,0
55135,-4
55136,0
55137,-4
55138,0
55139,0
55140,-4
55141,-4
55142,0
55143,0
55144,-4
55145,0
55146,0
55147,-4
55148,-4
55149,0
55150,4
55151,0
55152,0
55153,14
55154,-4
55155,0
55156,0
55157,0
55158,0
55159,0
55160,4
55161,0
55162,0
55163,0
55164,8
55165,0
55166,0
55167,4
55168,2
55169,0
55170,4
55171,-4
55172,8
55173,6
55174,0
55175,4
55176,0
55177,4
55178,0
55179,0
55180,0
55181,0
55182,-4
55183,0
55184,0
55185,0
55186,0
55187,2
55188,2
55189,0
55190,0
55191,0
55192,-4
55193,0
55194,0
55195,0
55196,0
55197,0
55198,-4
55199,-4
55200,-4
55201,0
55202,0
55203,10
55204,-4
55205,0
55206,0
55207,0
55208,-4
55209,-4
55210,-4
55211,-4
55212,0
55213,-4
55214,-4
55215,-4
55216,-4
55217,-4
55218,-4
55219,-4
55220,-4
55221,-4
55222,-4
55223,0
55224,0
55225,0
55226,-4
55227,6
55228,0
55229,0
55230,0
55231,-4
55232,0
55233,0
55234,-4
55235,0
55236,0
55237,0
55238,0
55239,0
55240,6
55241,0
55242,0
55243,0
55244,-4
55245,2
55246,2
55247,0
55248,2
55249,0
55250,0
55251,4
55252,0
55253,0
55254,0
55255,0
55256,2
55257,0
55258,2
55259,2
55260,2
55261,0
55262,0
55263,0
55264,0
55265,6
55266,2
55267,4
55268,6
55269,2
55270,0
55271,0
55272,2
55273,0
55274,6
55275,0
55276,2
55277,4
55278,0
55279,0
55280,-4
55281,2
55282,0
55283,-4
55284,0
55285,0
55286,2
55287,0
55288,6
55289,-4
55290,0
55291,-4
55292,4
55293,0
55294,0
55295,0
55296,0
55297,-4
55298,-4
55299,-4
55300,-4
55301,-4
55302,-4
55303,-4
55304,0
55305,-4
55306,-4
55307,-4
55308,-4
55309,-4
55310,-4
55311,-4
55312,0
55313,-4
55314,-4
55315,0
55316,-4
55317,0
55318,-4
55319,0
55320,-4
55321,-4
55322,-4
55323,0
55324,0
55325,-4
55326,-8
55327,0
55328,-4
55329,-8
55330,-4
55331,-12
55332,0
55333,0
55334,0
55335,0
55336,0
55337,-4
55338,0
55339,0
55340,0
55341,0
55342,0
55343,0
55344,-4
55345,0
55346,0
55347,6
55348,0
55349,0
55350,0
55351,0
55352,0
55353,0
55354,0
55355,0
55356,0
55357,0
55358,0
55359,0
55360,4
55361,2
55362,0
55363,8
55364,0
55365,0
55366,2
55367,0
55368,0
55369,4
55370,14
55371,6
55372,2
55373,-4
55374,0
55375,4
55376,-4
55377,-4
55378,-4
55379,0
55380,0
55381,0
55382,0
55383,-12
55384,-4
55385,0
55386,-14
55387,0
55388,-4
55389,0
55390,0
55391,-4
55392,-4
55393,0
55394,0
55395,0
55396,0
55397,0
55398,0
55399,0
55400,0
55401,-4
55402,0
55403,-4
55404,-4
55405,-8
55406,-4
55407,-8
55408,0
55409,-4
55410,-4
55411,0
55412,-6
55413,-4
55414,-4
55415,-4
55416,0
55417,-4
55418,-4
55419,0
55420,10
55421,-4
55422,0
55423,-8
55424,0
55425,0
55426,0
55427,8
55428,-4
55429,0
55430,0
55431,0
55432,0
55433,-4
55434,0
55435,0
55436,-8
55437,2
55438,0
55439,4
55440,0
55441,6
55442,0
55443,0
55444,0
55445,-4
55446,4
55447,0
55448,0
55449,0
55450,4
55451,0
55452,0
55453,2
55454,0
55455,-6
55456,0
55457,2
55458,6
55459,0
55460,6
55461,-6
55462,2
55463,2
55464,0
55465,2
55466,6
55467,0
55468,0
55469,4
55470,2
55471,4
55472,2
55473,6
55474,0
55475,0
55476,0
55477,0
55478,0
55479,-8
55480,4
55481,-4
55482,0
55483,0
55484,0
55485,-4
55486,-4
55487,0
55488,0
55489,-4
55490,0
55491,0
55492,4
55493,2
55494,0
55495,0
55496,-4
55497,0
55498,-4
55499,-4
55500,0
55501,0
55502,0
55503,-4
55504,0
55505,-4
55506,0
55507,-4
55508,-4
55509,-4
55510,-4
55511,0
55512,-4
55513,-4
55514,-8
55515,-4
55516,-16
55517,-4
55518,-4
55519,-4
55520,-4
55521,-4
55522,-4
55523,0
55524,-4
55525,0
55526,0
55527,-4
55528,-4
55529,0
55530,0
55531,-4
55532,0
55533,0
55534,-4
55535,0
55536,0
55537,0
55538,0
55539,8
55540,-4
55541,0
55542,0
55543,0
55544,0
55545,0
55546,0
55547,0
55548,2
55549,0
55550,0
55551,0
55552,0
55553,0
55554,0
55555,0
55556,2
55557,0
55558,0
55559,0
55560,0
55561,0
55562,0
55563,2
55564,0
55565,0
55566,0
55567,6
55568,6
55569,0
55570,4
55571,0
55572,0
55573,0
55574,4
55575,14
55576,-4
55577,0
55578,4
55579,-4
55580,0
55581,-6
55582,0
55583,0
55584,4
55585,-8
55586,0
55587,4
55588,-4
55589,0
55590,0
55591,0
55592,0
55593,0
55594,0
55595,0
55596,-8
55597,0
55598,-4
55599,0
55600,-4
55601,-6
55602,-4
55603,0
55604,-4
55605,0
55606,-4
55607,-4
55608,-4
55609,0
55610,6
55611,-4
55612,-4
55613,-8
55614,-4
55615,-4
55616,-4
55617,-4
55618,-4
55619,-14
55620,-4
55621,-4
55622,-8
55623,-4
55624,-4
55625,0
55626,0
55627,0
55628,0
55629,0
55630,0
55631,0
55632,0
55633,0
55634,-4
55635,0
55636,0
55637,0
55638,0
55639,6
55640,0
55641,-4
55642,4
55643,-4
55644,-4
55645,0
55646,0
55647,0
55648,0
55649,0
55650,0
55651,0
55652,0
55653,0
55654,2
55655,2
55656,0
55657,4
55658,0
55659,0
55660,-4
55661,0
55662,0
55663,0
55664,0
55665,0
55666,4
55667,0
55668,2
55669,0
55670,-16
55671,0
55672,2
55673,-4
55674,0
55675,2
55676,6
55677,-4
55678,0
55679,-4
55680,0
55681,2
55682,0
55683,-4
55684,0
55685,0
55686,-4
55687,0
55688,-4
55689,-4
55690,0
55691,-4
55692,0
55693,0
55694,0
55695,-4
55696,0
55697,-4
55698,-4
55699,-4
55700,-4
55701,-4
55702,0
55703,-4
55704,-4
55705,0
55706,-4
55707,-4
55708,-4
55709,-4
55710,-4
55711,-4
55712,6
55713,0
55714,-4
55715,-4
55716,-4
55717,-4
55718,-4
55719,-4
55720,-4
55721,-6
55722,-4
55723,-4
55724,0
55725,-4
55726,0
55727,0
55728,6
55729,0
55730,0
55731,6
55732,0
55733,2
55734,10
55735,2
55736,-4
55737,0
55738,0
55739,0
55740,0
55741,0
55742,0
55743,0
55744,-4
55745,2
55746,0
55747,0
55748,0
55749,0
55750,0
55751,4
55752,4
55753,4
55754,0
55755,0
55756,0
55757,4
55758,0
55759,4
55760,2
55761,0
55762,2
55763,4
55764,6
55765,2
55766,0
55767,0
55768,0
55769,0
55770,0
55771,0
55772,0
55773,0
55774,0
55775,0
55776,-4
55777,0
55778,2
55779,0
55780,-4
55781,0
55782,-14
55783,0
55784,0
55785,0
55786,0
55787,0
55788,2
55789,-4
55790,-4
55791,0
55792,0
55793,0
55794,-4
55795,0
55796,0
55797,-4
55798,0
55799,-4
55800,0
55801,-6
55802,-4
55803,0
55804,-4
55805,-4
55806,-4
55807,-4
55808,0
55809,-4
55810,-4
55811,-4
55812,-4
55813,-4
55814,0
55815,-4
55816,0
55817,-4
55818,0
55819,0
55820,-6
55821,2
55822,0
55823,0
55824,-4
55825,-12
55826,0
55827,0
55828,0
55829,0
55830,-4
55831,6
55832,0
55833,0
55834,4
55835,-4
55836,0
55837,-4
55838,4
55839,0
55840,0
55841,2
55842,-4
55843,0
55844,-4
55845,0
55846,2
55847,0
55848,0
55849,4
55850,0
55851,0
55852,0
55853,0
55854,0
55855,4
55856,-4
55857,0
55858,-6
55859,0
55860,0
55861,-14
55862,0
55863,0
55864,0
55865,4
55866,2
55867,4
55868,0
55869,0
55870,4
55871,0
55872,0
55873,0
55874,6
55875,6
55876,0
55877,2
55878,0
55879,0
55880,2
55881,6
55882,-4
55883,0
55884,-4
55885,-4
55886,-4
55887,0
55888,-4
55889,0
55890,0
55891,-4
55892,-4
55893,-8
55894,0
55895,-4
55896,0
55897,0
55898,-4
55899,-4
55900,0
55901,-4
55902,-4
55903,-4
55904,-4
55905,10
55906,0
55907,-4
55908,-4
55909,-4
55910,-4
55911,-4
55912,-4
55913,-8
55914,-4
55915,-4
55916,0
55917,-4
55918,-6
55919,-4
55920,0
55921,-6
55922,-4
55923,0
55924,4
55925,-4
55926,-4
55927,0
55928,0
55929,0
55930,0
55931,0
55932,-4
55933,0
55934,0
55935,0
55936,0
55937,0
55938,6
55939,0
55940,2
55941,0
55942,0
55943,0
55944,0
55945,0
55946,0
55947,0
55948,0
55949,0
55950,2
55951,0
55952,0
55953,2
55954,-4
55955,0
55956,4
55957,0
55958,2
55959,0
55960,0
55961,4
55962,-4
55963,-4
55964,0
55965,0
55966,0
55967,4
55968,0
55969,-8
55970,0
55971,6
55972,0
55973,0
55974,0
55975,0
55976,6
55977,0
55978,0
55979,-4
55980,0
55981,0
55982,0
55983,-4
55984,0
55985,0
55986,-4
55987,-4
55988,0
55989,0
55990,-4
55991,-4
55992,0
55993,0
55994,0
55995,0
55996,2
55997,0
55998,-4
55999,-4
56000,-4
56001,0
56002,-4
56003,0
56004,-4
56005,0
56006,-4
56007,-6
56008,-4
56009,-4
56010,-4
56011,0
56012,-4
56013,0
56014,-4
56015,-4
56016,-4
56017,-4
56018,-4
56019,0
56020,-4
56021,-4
56022,-4
56023,-4
56024,-4
56025,4
56026,0
56027,-4
56028,-4
56029,0
56030,-4
56031,0
56032,-4
56033,0
56034,0
56035,-4
56036,0
56037,0
56038,0
56039,0
56040,0
56041,0
56042,0
56043,0
56044,-4
56045,14
56046,0
56047,0
56048,0
56049,0
56050,-8
56051,0
56052,2
56053,0
56054,0
56055,-4
56056,4
56057,0
56058,0
56059,0
56060,0
56061,2
56062,0
56063,-4
56064,2
56065,0
56066,-6
56067,0
56068,2
56069,4
56070,0
56071,2
56072,10
56073,0
56074,2
56075,6
56076,0
56077,0
56078,2
56079,0
56080,4
56081,-8
56082,-4
56083,0
56084,-4
56085,4
56086,4
56087,0
56088,0
56089,0
56090,-4
56091,0
56092,0
56093,0
56094,0
56095,0
56096,-4
56097,-4
56098,-4
56099,-4
56100,-4
56101,0
56102,0
56103,-4
56104,-4
56105,-4
56106,-4
56107,0
56108,-4
56109,-4
56110,-4
56111,-4
56112,-4
56113,2
56114,-4
56115,-4
56116,-16
56117,-4
56118,6
56119,-4
56120,0
56121,0
56122,-4
56123,-6
56124,0
56125,0
56126,0
56127,-6
56128,0
56129,-4
56130,6
56131,0
56132,-4
56133,0
56134,0
56135,0
56136,-4
56137,0
56138,4
56139,0
56140,0
56141,0
56142,-8
56143,0
56144,0
56145,0
56146,0
56147,2
56148,0
56149,0
56150,10
56151,0
56152,-4
56153,0
56154,0
56155,0
56156,2
56157,0
56158,2
56159,2
56160,0
56161,2
56162,0
56163,0
56164,6
56165,0
56166,0
56167,6
56168,0
56169,0
56170,0
56171,-4
56172,2
56173,4
56174,-4
56175,0
56176,0
56177,-4
56178,0
56179,0
56180,-4
56181,0
56182,0
56183,0
56184,0
56185,0
56186,0
56187,0
56188,-6
56189,0
56190,0
56191,0
56192,0
56193,-4
56194,0
56195,0
56196,-4
56197,-4
56198,0
56199,-4
56200,-4
56201,-4
56202,-8
56203,-4
56204,-4
56205,-4
56206,-4
56207,-4
56208,0
56209,-6
56210,-4
56211,-4
56212,-4
56213,-4
56214,-4
56215,-6
56216,-4
56217,-4
56218,0
56219,-4
56220,4
56221,-4
56222,-4
56223,0
56224,0
56225,-4
56226,-4
56227,0
56228,0
56229,-4
56230,-4
56231,-4
56232,0
56233,0
56234,0
56235,-4
56236,0
56237,0
56238,2
56239,0
56240,-8
56241,-8
56242,0
56243,0
56244,0
56245,2
56246,-4
56247,0
56248,0
56249,0
56250,-6
56251,4
56252,0
56253,0
56254,0
56255,4
56256,0
56257,2
56258,0
56259,0
56260,2
56261,4
56262,0
56263,0
56264,4
56265,8
56266,0
56267,-6
56268,4
56269,2
56270,4
56271,0
56272,0
56273,-4
56274,0
56275,0
56276,0
56277,6
56278,0
56279,0
56280,-4
56281,0
56282,-4
56283,0
56284,-4
56285,0
56286,0
56287,0
56288,8
56289,0
56290,-4
56291,0
56292,0
56293,2
56294,0
56295,0
56296,-4
56297,-4
56298,0
56299,0
56300,4
56301,0
56302,-4
56303,-4
56304,-6
56305,-4
56306,-4
56307,-4
56308,-4
56309,-4
56310,-4
56311,-4
56312,0
56313,-4
56314,-4
56315,-4
56316,-4
56317,10
56318,0
56319,-4
56320,0
56321,-4
56322,-4
56323,-6
56324,-4
56325,-4
56326,-4
56327,0
56328,0
56329,2
56330,2
56331,-4
56332,0
56333,0
56334,0
56335,0
56336,0
56337,0
56338,2
56339,0
56340,2
56341,0
56342,0
56343,2
56344,4
56345,-10
56346,0
56347,0
56348,0
56349,0
56350,6
56351,0
56352,0
56353,0
56354,0
56355,2
56356,-4
56357,0
56358,0
56359,0
56360,2
56361,2
56362,0
56363,0
56364,4
56365,2
56366,2
56367,2
56368,0
56369,-6
56370,2
56371,0
56372,4
56373,18
56374,0
56375,0
56376,0
56377,0
56378,-4
56379,0
56380,10
56381,2
56382,10
56383,0
56384,0
56385,0
56386,0
56387,0
56388,4
56389,0
56390,0
56391,0
56392,0
56393,-4
56394,0
56395,0
56396,0
56397,-4
56398,-4
56399,-4
56400,-4
56401,-4
56402,0
56403,0
56404,-14
56405,0
56406,-4
56407,-4
56408,-4
56409,-4
56410,-6
56411,-4
56412,-6
56413,-4
56414,0
56415,-4
56416,-4
56417,-4
56418,-4
56419,0
56420,-4
56421,-4
56422,-6
56423,6
56424,-4
56425,0
56426,-6
56427,-4
56428,0
56429,-4
56430,0
56431,0
56432,0
56433,-4
56434,-4
56435,0
56436,-4
56437,0
56438,0
56439,-8
56440,0
56441,0
56442,-4
56443,-4
56444,0
56445,-4
56446,0
56447,0
56448,0
56449,0
56450,0
56451,0
56452,0
56453,4
56454,6
56455,2
56456,6
56457,0
56458,0
56459,0
56460,4
56461,6
56462,0
56463,0
56464,14
56465,0
56466,4
56467,4
56468,0
56469,0
56470,0
56471,6
56472,0
56473,8
56474,6
56475,0
56476,2
56477,0
56478,-8
56479,0
56480,0
56481,6
56482,0
56483,0
56484,-4
56485,0
56486,6
56487,0
56488,0
56489,-4
56490,6
56491,0
56492,-4
56493,0
56494,0
56495,-4
56496,0
56497,-4
56498,-4
56499,0
56500,0
56501,0
56502,-4
56503,-4
56504,-4
56505,0
56506,-4
56507,-4
56508,-4
56509,-8
56510,-4
56511,-4
56512,-4
56513,-4
56514,-10
56515,-4
56516,-4
56517,0
56518,-4
56519,-4
56520,8
56521,0
56522,-4
56523,0
56524,-4
56525,0
56526,-4
56527,0
56528,-4
56529,0
56530,0
56531,-4
56532,0
56533,-8
56534,-4
56535,0
56536,0
56537,0
56538,0
56539,-8
56540,0
56541,0
56542,0
56543,0
56544,-4
56545,0
56546,0
56547,2
56548,2
56549,0
56550,2
56551,0
56552,0
56553,0
56554,6
56555,0
56556,6
56557,4
56558,0
56559,0
56560,-4
56561,2
56562,0
56563,0
56564,0
56565,4
56566,0
56567,-4
56568,0
56569,0
56570,6
56571,2
56572,0
56573,0
56574,-4
56575,2
56576,0
56577,0
56578,0
56579,0
56580,-10
56581,0
56582,6
56583,0
56584,0
56585,0
56586,0
56587,0
56588,0
56589,-4
56590,0
56591,0
56592,0
56593,0
56594,0
56595,0
56596,-4
56597,0
56598,-4
56599,0
56600,-4
56601,-4
56602,-4
56603,-6
56604,-24
56605,-4
56606,-4
56607,-4
56608,0
56609,0
56610,-4
56611,-4
56612,-4
56613,0
56614,-4
56615,6
56616,-4
56617,-4
56618,-4
56619,-4
56620,-4
56621,-4
56622,0
56623,0
56624,-6
56625,-4
56626,0
56627,0
56628,4
56629,-4
56630,-4
56631,4
56632,-4
56633,0
56634,0
56635,0
56636,-4
56637,0
56638,0
56639,0
56640,2
56641,0
56642,0
56643,4
56644,2
56645,0
56646,2
56647,2
56648,0
56649,4
56650,2
56651,0
56652,4
56653,-4
56654,0
56655,6
56656,0
56657,0
56658,0
56659,2
56660,0
56661,0
56662,0
56663,0
56664,2
56665,0
56666,6
56667,4
56668,0
56669,2
56670,4
56671,0
56672,-4
56673,0
56674,4
56675,0
56676,0
56677,0
56678,-4
56679,6
56680,0
56681,0
56682,0
56683,0
56684,-4
56685,2
56686,0
56687,4
56688,-4
56689,0
56690,0
56691,0
56692,0
56693,0
56694,0
56695,0
56696,0
56697,-4
56698,-4
56699,-4
56700,0
56701,-4
56702,0
56703,-8
56704,-4
56705,-4
56706,0
56707,0
56708,0
56709,-4
56710,-4
56711,-4
56712,-4
56713,0
56714,-4
56715,-4
56716,-4
56717,-4
56718,-6
56719,0
56720,-4
56721,-4
56722,-4
56723,-4
56724,-4
56725,-4
56726,0
56727,0
56728,0
56729,0
56730,-4
56731,-4
56732,-4
56733,0
56734,-4
56735,0
56736,-4
56737,-4
56738,0
56739,0
56740,0
56741,-4
56742,0
56743,0
56744,-4
56745,2
56746,0
56747,0
56748,0
56749,0
56750,4
56751,0
56752,6
56753,0
56754,0
56755,2
56756,-4
56757,4
56758,6
56759,4
56760,4
56761,6
56762,0
56763,0
56764,0
56765,4
56766,2
56767,2
56768,6
56769,0
56770,0
56771,-8
56772,2
56773,0
56774,6
56775,0
56776,0
56777,0
56778,0
56779,-4
56780,4
56781,0
56782,0
56783,0
56784,0
56785,4
56786,0
56787,0
56788,0
56789,6
56790,0
56791,0
56792,0
56793,-4
56794,0
56795,0
56796,-4
56797,-4
56798,0
56799,0
56800,0
56801,-4
56802,-4
56803,-4
56804,0
56805,-4
56806,0
56807,-4
56808,-4
56809,0
56810,-4
56811,-4
56812,-4
56813,-4
56814,-4
56815,-4
56816,-4
56817,-4
56818,-4
56819,-4
56820,2
56821,-4
56822,-4
56823,0
56824,-4
56825,0
56826,6
56827,0
56828,0
56829,0
56830,0
56831,-4
56832,0
56833,0
56834,-4
56835,-4
56836,0
56837,0
56838,0
56839,-4
56840,0
56841,0
56842,0
56843,0
56844,6
56845,0
56846,0
56847,10
56848,-4
56849,0
56850,0
56851,0
56852,6
56853,4
56854,0
56855,4
56856,4
56857,6
56858,0
56859,0
56860,6
56861,4
56862,0
56863,0
56864,0
56865,0
56866,2
56867,0
56868,0
56869,0
56870,10
56871,2
56872,0
56873,0
56874,2
56875,-4
56876,2
56877,-8
56878,0
56879,0
56880,4
56881,0
56882,0
56883,-4
56884,0
56885,4
56886,0
56887,-4
56888,0
56889,-4
56890,0
56891,0
56892,0
56893,2
56894,0
56895,0
56896,0
56897,-4
56898,-4
56899,-4
56900,-4
56901,0
56902,-4
56903,-4
56904,0
56905,-4
56906,10
56907,0
56908,-4
56909,-4
56910,-4
56911,-4
56912,0
56913,-4
56914,0
56915,-4
56916,-4
56917,-8
56918,-4
56919,-4
56920,-4
56921,-4
56922,-4
56923,16
56924,-4
56925,-4
56926,-4
56927,-4
56928,-4
56929,0
56930,0
56931,-4
56932,-6
56933,0
56934,-4
56935,0
56936,-4
56937,0
56938,-4
56939,-4
56940,-4
56941,10
56942,-4
56943,-4
56944,0
56945,0
56946,-4
56947,-4
56948,-4
56949,0
56950,-4
56951,0
56952,0
56953,-4
56954,0
56955,-4
56956,-6
56957,0
56958,-4
56959,6
56960,-4
56961,-4
56962,6
56963,-4
56964,0
56965,6
56966,0
56967,0
56968,0
56969,6
56970,2
56971,-4
56972,0
56973,2
56974,0
56975,-8
56976,0
56977,-4
56978,-8
56979,-14
56980,-4
56981,-4
56982,-4
56983,-4
56984,-4
56985,-4
56986,-4
56987,-4
56988,0
56989,-4
56990,-4
56991,4
56992,0
56993,0
56994,0
56995,0
56996,0
56997,-4
56998,-4
56999,0
57000,0
57001,0
57002,0
57003,0
57004,-4
57005,0
57006,-14
57007,0
57008,4
57009,4
57010,0
57011,0
57012,0
57013,0
57014,0
57015,0
57016,0
57017,0
57018,-4
57019,0
57020,0
57021,-4
57022,0
57023,0
57024,-4
57025,0
57026,-4
57027,0
57028,0
57029,0
57030,6
57031,2
57032,4
57033,0
57034,4
57035,14
57036,-4
57037,4
57038,2
57039,0
57040,2
57041,2
57042,0
57043,2
57044,0
57045,0
57046,2
57047,2
57048,4
57049,2
57050,0
57051,4
57052,2
57053,6
57054,0
57055,6
57056,0
57057,6
57058,0
57059,2
57060,2
57061,6
57062,6
57063,6
57064,6
57065,6
57066,18
57067,4
57068,-6
57069,0
57070,0
57071,-4
57072,6
57073,2
57074,4
57075,2
57076,4
57077,0
57078,-10
57079,0
57080,2
57081,4
57082,0
57083,2
57084,0
57085,0
57086,0
57087,0
57088,10
57089,2
57090,-4
57091,4
57092,0
57093,0
57094,0
57095,2
57096,-4
57097,0
57098,0
57099,0
57100,0
57101,0
57102,0
57103,0
57104,-4
57105,0
57106,-4
57107,0
57108,0
57109,-4
57110,-4
57111,-4
57112,-4
57113,-4
57114,-4
57115,-4
57116,-16
57117,-4
57118,14
57119,0
57120,0
57121,-4
57122,0
57123,-4
57124,0
57125,-6
57126,0
57127,-6
57128,-4
57129,0
57130,0
57131,-4
57132,0
57133,0
57134,-4
57135,0
57136,-4
57137,0
57138,-4
57139,0
57140,0
57141,0
57142,2
57143,0
57144,0
57145,0
57146,0
57147,0
57148,0
57149,2
57150,0
57151,0
57152,0
57153,0
57154,0
57155,0
57156,0
57157,2
57158,0
57159,0
57160,0
57161,0
57162,4
57163,6
57164,10
57165,4
57166,2
57167,6
57168,6
57169,4
57170,4
57171,0
57172,0
57173,4
57174,6
57175,6
57176,0
57177,-4
57178,0
57179,6
57180,0
57181,4
57182,0
57183,0
57184,-4
57185,0
57186,10
57187,-4
57188,4
57189,0
57190,0
57191,0
57192,0
57193,0
57194,-4
57195,0
57196,0
57197,0
57198,-4
57199,0
57200,0
57201,-4
57202,0
57203,-4
57204,-4
57205,0
57206,-4
57207,0
57208,-4
57209,-4
57210,-4
57211,-6
57212,0
57213,-8
57214,-8
57215,0
57216,-4
57217,-4
57218,0
57219,-4
57220,0
57221,-4
57222,-6
57223,0
57224,-4
57225,0
57226,-4
57227,-4
57228,0
57229,-4
57230,0
57231,0
57232,0
57233,0
57234,-4
57235,0
57236,0
57237,0
57238,4
57239,0
57240,-8
57241,0
57242,0
57243,0
57244,0
57245,0
57246,4
57247,0
57248,0
57249,4
57250,0
57251,0
57252,0
57253,4
57254,6
57255,0
57256,0
57257,0
57258,10
57259,0
57260,0
57261,2
57262,6
57263,2
57264,0
57265,8
57266,0
57267,2
57268,4
57269,0
57270,0
57271,0
57272,10
57273,2
57274,2
57275,-8
57276,0
57277,4
57278,-4
57279,0
57280,0
57281,-4
57282,0
57283,-4
57284,0
57285,2
57286,4
57287,0
57288,-4
57289,0
57290,-12
57291,0
57292,0
57293,16
57294,0
57295,0
57296,0
57297,-10
57298,0
57299,0
57300,0
57301,0
57302,0
57303,-4
57304,-4
57305,8
57306,-4
57307,0
57308,14
57309,0
57310,-4
57311,-4
57312,0
57313,-4
57314,-4
57315,0
57316,0
57317,0
57318,0
57319,-4
57320,0
57321,-4
57322,-4
57323,0
57324,-4
57325,0
57326,0
57327,-4
57328,-4
57329,0
57330,0
57331,-4
57332,6
57333,0
57334,2
57335,-4
57336,-4
57337,-8
57338,0
57339,0
57340,0
57341,-4
57342,4
57343,0
57344,0
57345,0
57346,6
57347,0
57348,4
57349,0
57350,6
57351,0
57352,10
57353,0
57354,-4
57355,8
57356,0
57357,6
57358,0
57359,14
57360,2
57361,2
57362,0
57363,4
57364,0
57365,0
57366,8
57367,4
57368,6
57369,2
57370,0
57371,4
57372,2
57373,0
57374,-4
57375,6
57376,2
57377,0
57378,-4
57379,0
57380,0
57381,-6
57382,0
57383,-4
57384,2
57385,0
57386,0
57387,-4
57388,0
57389,-4
57390,-12
57391,6
57392,0
57393,4
57394,0
57395,0
57396,0
57397,-4
57398,-6
57399,-4
57400,2
57401,-4
57402,-4
57403,0
57404,-4
57405,6
57406,0
57407,6
57408,2
57409,6
57410,-4
57411,-4
57412,0
57413,-4
57414,0
57415,-4
57416,-12
57417,0
57418,-4
57419,-4
57420,0
57421,0
57422,0
57423,-4
57424,-4
57425,-4
57426,6
57427,-8
57428,-4
57429,0
57430,-4
57431,-4
57432,0
57433,-4
57434,0
57435,0
57436,0
57437,0
57438,-4
57439,0
57440,-4
57441,0
57442,0
57443,-4
57444,2
57445,-4
57446,2
57447,0
57448,2
57449,0
57450,4
57451,4
57452,0
57453,2
57454,4
57455,0
57456,6
57457,0
57458,4
57459,4
57460,-4
57461,0
57462,0
57463,0
57464,0
57465,4
57466,0
57467,0
57468,0
57469,0
57470,-8
57471,0
57472,0
57473,0
57474,0
57475,6
57476,0
57477,-16
57478,0
57479,0
57480,-4
57481,0
57482,0
57483,0
57484,2
57485,0
57486,0
57487,4
57488,2
57489,-4
57490,-4
57491,14
57492,8
57493,0
57494,0
57495,0
57496,0
57497,0
57498,-4
57499,0
57500,4
57501,0
57502,0
57503,-4
57504,-4
57505,-4
57506,-4
57507,-4
57508,-4
57509,0
57510,-8
57511,-6
57512,-4
57513,0
57514,4
57515,-4
57516,-4
57517,-4
57518,-4
57519,0
57520,-4
57521,-4
57522,-8
57523,-4
57524,-4
57525,-4
57526,-4
57527,0
57528,4
57529,-4
57530,0
57531,2
57532,-4
57533,-8
57534,0
57535,-4
57536,0
57537,-4
57538,4
57539,0
57540,10
57541,4
57542,0
57543,-4
57544,-4
57545,2
57546,0
57547,0
57548,2
57549,0
57550,2
57551,-4
57552,0
57553,-4
57554,0
57555,0
57556,0
57557,4
57558,0
57559,4
57560,0
57561,4
57562,2
57563,-10
57564,0
57565,6
57566,2
57567,2
57568,0
57569,-6
57570,0
57571,0
57572,-4
57573,4
57574,4
57575,2
57576,2
57577,0
57578,0
57579,4
57580,4
57581,0
57582,0
57583,0
57584,0
57585,0
57586,0
57587,0
57588,0
57589,6
57590,-4
57591,0
57592,0
57593,2
57594,-4
57595,0
57596,0
57597,0
57598,-8
57599,-4
57600,0
57601,0
57602,0
57603,0
57604,0
57605,-4
57606,-4
57607,-4
57608,0
57609,-4
57610,-4
57611,8
57612,-4
57613,4
57614,-4
57615,2
57616,-4
57617,-4
57618,-4
57619,-4
57620,-4
57621,-6
57622,-4
57623,-4
57624,0
57625,-4
57626,-4
57627,-4
57628,0
57629,-4
57630,4
57631,0
57632,-4
57633,-4
57634,6
57635,0
57636,-4
57637,-4
57638,0
57639,0
57640,0
57641,-8
57642,-4
57643,2
57644,0
57645,0
57646,2
57647,0
57648,6
57649,0
57650,2
57651,0
57652,4
57653,0
57654,4
57655,4
57656,2
57657,0
57658,4
57659,0
57660,6
57661,0
57662,6
57663,0
57664,0
57665,0
57666,4
57667,2
57668,-4
57669,0
57670,0
57671,0
57672,0
57673,0
57674,6
57675,-4
57676,0
57677,0
57678,-8
57679,-4
57680,0
57681,-6
57682,0
57683,0
57684,2
57685,0
57686,0
57687,0
57688,0
57689,-4
57690,-4
57691,2
57692,-4
57693,-4
57694,6
57695,0
57696,0
57697,0
57698,-4
57699,0
57700,-4
57701,0
57702,0
57703,0
57704,-4
57705,-4
57706,0
57707,-4
57708,0
57709,-4
57710,0
57711,-4
57712,-4
57713,-4
57714,-4
57715,-4
57716,-4
57717,-4
57718,-4
57719,-4
57720,-4
57721,0
57722,0
57723,-4
57724,0
57725,-4
57726,-8
57727,0
57728,0
57729,0
57730,-22
57731,0
57732,-4
57733,0
57734,0
57735,-6
57736,0
57737,0
57738,0
57739,0
57740,-4
57741,-4
57742,-4
57743,0
57744,0
57745,0
57746,0
57747,0
57748,0
57749,0
57750,0
57751,-4
57752,0
57753,2
57754,0
57755,0
57756,2
57757,4
57758,6
57759,0
57760,2
57761,0
57762,8
57763,2
57764,0
57765,2
57766,0
57767,0
57768,2
57769,0
57770,4
57771,2
57772,0
57773,0
57774,0
57775,6
57776,0
57777,0
57778,0
57779,0
57780,-4
57781,0
57782,2
57783,2
57784,8
57785,0
57786,0
57787,0
57788,6
57789,0
57790,-4
57791,0
57792,0
57793,0
57794,0
57795,0
57796,-4
57797,0
57798,-4
57799,0
57800,0
57801,-4
57802,-4
57803,0
57804,-4
57805,-4
57806,-4
57807,-4
57808,0
57809,-4
57810,0
57811,-4
57812,-4
57813,-4
57814,-4
57815,0
57816,-4
57817,-4
57818,-4
57819,-4
57820,-6
57821,-4
57822,0
57823,-4
57824,-4
57825,-4
57826,0
57827,0
57828,-4
57829,0
57830,-4
57831,0
57832,0
57833,0
57834,0
57835,0
57836,0
57837,0
57838,0
57839,0
57840,-4
57841,2
57842,0
57843,0
57844,-4
57845,0
57846,0
57847,0
57848,0
57849,0
57850,0
57851,0
57852,2
57853,0
57854,0
57855,0
57856,4
57857,10
57858,6
57859,0
57860,14
57861,2
57862,6
57863,0
57864,4
57865,-4
57866,0
57867,6
57868,0
57869,8
57870,4
57871,0
57872,4
57873,4
57874,-4
57875,2
57876,0
57877,2
57878,0
57879,-8
57880,-4
57881,-4
57882,6
57883,0
57884,0
57885,10
57886,0
57887,-4
57888,0
57889,-4
57890,0
57891,-4
57892,2
57893,0
57894,-4
57895,0
57896,0
57897,0
57898,0
57899,-4
57900,0
57901,-4
57902,0
57903,-4
57904,-4
57905,-4
57906,0
57907,-14
57908,-4
57909,-4
57910,-4
57911,-6
57912,-4
57913,-4
57914,6
57915,0
57916,-4
57917,0
57918,-4
57919,-6
57920,-4
57921,0
57922,-4
57923,-4
57924,-4
57925,0
57926,-4
57927,0
57928,10
57929,-4
57930,0
57931,2
57932,-4
57933,0
57934,0
57935,2
57936,0
57937,-4
57938,0
57939,0
57940,0
57941,0
57942,0
57943,0
57944,0
57945,0
57946,-4
57947,6
57948,0
57949,0
57950,2
57951,2
57952,0
57953,2
57954,0
57955,-4
57956,6
57957,0
57958,2
57959,0
57960,0
57961,6
57962,6
57963,-10
57964,0
57965,0
57966,0
57967,4
57968,0
57969,2
57970,6
57971,-4
57972,2
57973,0
57974,6
57975,6
57976,0
57977,0
57978,-4
57979,0
57980,0
57981,0
57982,0
57983,-4
57984,0
57985,0
57986,0
57987,-4
57988,0
57989,-4
57990,0
57991,0
57992,18
57993,0
57994,0
57995,0
57996,0
57997,0
57998,0
57999,-4
58000,-4
58001,-4
58002,0
58003,-4
58004,-4
58005,-4
58006,0
58007,-4
58008,-6
58009,-4
58010,-4
58011,-4
58012,-8
58013,2
58014,-4
58015,-4
58016,0
58017,-4
58018,-4
58019,0
58020,-4
58021,-4
58022,-4
58023,-4
58024,-4
58025,-4
58026,0
58027,0
58028,0
58029,0
58030,4
58031,-4
58032,0
58033,-4
58034,0
58035,-4
58036,0
58037,0
58038,0
58039,0
58040,0
58041,0
58042,-4
58043,4
58044,2
58045,0
58046,-4
58047,0
58048,0
58049,2
58050,0
58051,0
58052,0
58053,-4
58054,4
58055,2
58056,0
58057,0
58058,4
58059,4
58060,0
58061,6
58062,6
58063,4
58064,6
58065,0
58066,-8
58067,0
58068,6
58069,0
58070,0
58071,2
58072,4
58073,4
58074,8
58075,2
58076,0
58077,0
58078,4
58079,0
58080,2
58081,0
58082,4
58083,6
58084,-4
58085,0
58086,0
58087,0
58088,0
58089,0
58090,0
58091,0
58092,0
58093,0
58094,0
58095,-4
58096,0
58097,0
58098,0
58099,-4
58100,0
58101,-4
58102,-4
58103,-4
58104,0
58105,-4
58106,0
58107,0
58108,0
58109,0
58110,0
58111,-4
58112,0
58113,0
58114,-4
58115,-4
58116,-4
58117,0
58118,-4
58119,-4
58120,6
58121,-4
58122,-4
58123,-6
58124,-4
58125,-4
58126,-4
58127,-4
58128,-4
58129,0
58130,0
58131,0
58132,-4
58133,0
58134,0
58135,0
58136,-8
58137,14
58138,0
58139,0
58140,0
58141,-4
58142,2
58143,-14
58144,0
58145,0
58146,0
58147,0
58148,0
58149,0
58150,0
58151,6
58152,6
58153,6
58154,-8
58155,4
58156,4
58157,2
58158,2
58159,6
58160,-4
58161,0
58162,6
58163,2
58164,0
58165,0
58166,0
58167,4
58168,4
58169,0
58170,0
58171,0
58172,4
58173,4
58174,6
58175,6
58176,4
58177,0
58178,0
58179,0
58180,4
58181,0
58182,-4
58183,0
58184,0
58185,0
58186,0
58187,0
58188,0
58189,0
58190,-4
58191,0
58192,0
58193,0
58194,-4
58195,2
58196,0
58197,0
58198,0
58199,0
58200,0
58201,0
58202,-4
58203,-4
58204,10
58205,-4
58206,-4
58207,-4
58208,0
58209,-4
58210,-4
58211,-4
58212,-14
58213,-4
58214,0
58215,0
58216,-4
58217,-22
58218,0
58219,-4
58220,-4
58221,-4
58222,0
58223,-4
58224,-4
58225,-4
58226,-4
58227,-4
58228,0
58229,2
58230,0
58231,10
58232,-4
58233,0
58234,0
58235,0
58236,0
58237,0
58238,4
58239,-4
58240,0
58241,0
58242,2
58243,0
58244,0
58245,0
58246,-4
58247,0
58248,6
58249,0
58250,0
58251,0
58252,2
58253,4
58254,2
58255,4
58256,0
58257,4
58258,0
58259,8
58260,0
58261,0
58262,0
58263,2
58264,-4
58265,10
58266,0
58267,0
58268,0
58269,2
58270,2
58271,0
58272,2
58273,0
58274,0
58275,-16
58276,2
58277,-4
58278,-8
58279,-4
58280,0
58281,-4
58282,0
58283,4
58284,0
58285,0
58286,-6
58287,10
58288,0
58289,0
58290,-4
58291,-4
58292,0
58293,0
58294,-4
58295,0
58296,2
58297,0
58298,0
58299,-4
58300,-4
58301,0
58302,4
58303,-4
58304,-4
58305,-4
58306,-4
58307,0
58308,2
58309,0
58310,0
58311,-4
58312,-4
58313,-4
58314,0
58315,0
58316,0
58317,-4
58318,-8
58319,-6
58320,-4
58321,-14
58322,-4
58323,0
58324,-12
58325,0
58326,-4
58327,6
58328,0
58329,0
58330,0
58331,-4
58332,-4
58333,-4
58334,-4
58335,4
58336,-4
58337,-4
58338,0
58339,0
58340,0
58341,0
58342,0
58343,0
58344,0
58345,0
58346,0
58347,0
58348,6
58349,-30
58350,0
58351,4
58352,0
58353,0
58354,-4
58355,6
58356,0
58357,6
58358,2
58359,0
58360,10
58361,6
58362,4
58363,2
58364,0
58365,0
58366,-4
58367,0
58368,6
58369,0
58370,0
58371,0
58372,0
58373,4
58374,0
58375,4
58376,-4
58377,0
58378,0
58379,-4
58380,2
58381,0
58382,0
58383,0
58384,4
58385,0
58386,-4
58387,0
58388,0
58389,-4
58390,0
58391,-4
58392,-4
58393,-4
58394,0
58395,0
58396,2
58397,-4
58398,0
58399,-4
58400,0
58401,-4
58402,0
58403,-4
58404,-4
58405,-4
58406,0
58407,0
58408,-4
58409,0
58410,-18
58411,-8
58412,-4
58413,-14
58414,-6
58415,-4
58416,10
58417,-6
58418,-4
58419,-4
58420,-4
58421,-4
58422,-4
58423,-4
58424,-4
58425,-4
58426,-4
58427,-4
58428,0
58429,-10
58430,0
58431,-4
58432,0
58433,-4
58434,-4
58435,0
58436,4
58437,-4
58438,0
58439,0
58440,-4
58441,-4
58442,0
58443,2
58444,-4
58445,2
58446,0
58447,0
58448,-4
58449,0
58450,6
58451,0
58452,0
58453,6
58454,0
58455,0
58456,2
58457,0
58458,0
58459,0
58460,0
58461,0
58462,4
58463,0
58464,-4
58465,0
58466,0
58467,2
58468,0
58469,0
58470,0
58471,0
58472,4
58473,-4
58474,0
58475,0
58476,6
58477,6
58478,0
58479,-4
58480,0
58481,0
58482,2
58483,4
58484,-8
58485,0
58486,0
58487,-4
58488,0
58489,10
58490,-4
58491,0
58492,0
58493,-4
58494,-4
58495,0
58496,0
58497,-10
58498,-4
58499,0
58500,0
58501,-4
58502,-4
58503,-4
58504,-4
58505,-4
58506,-4
58507,-4
58508,0
58509,-4
58510,-4
58511,-6
58512,0
58513,-8
58514,0
58515,-4
58516,-4
58517,-12
58518,-4
58519,6
58520,-4
58521,-8
58522,-4
58523,-4
58524,0
58525,0
58526,0
58527,0
58528,0
58529,0
58530,0
58531,-14
58532,0
58533,0
58534,0
58535,0
58536,0
58537,0
58538,-4
58539,2
58540,-4
58541,0
58542,0
58543,0
58544,-4
58545,0
58546,0
58547,0
58548,0
58549,0
58550,0
58551,0
58552,0
58553,-4
58554,-4
58555,-4
58556,0
58557,0
58558,0
58559,-4
58560,0
58561,-4
58562,6
58563,0
58564,-4
58565,0
58566,-4
58567,0
58568,0
58569,0
58570,2
58571,0
58572,-4
58573,-4
58574,0
58575,14
58576,0
58577,0
58578,8
58579,-4
58580,0
58581,0
58582,-4
58583,-4
58584,0
58585,0
58586,0
58587,0
58588,0
58589,0
58590,0
58591,0
58592,-4
58593,0
58594,0
58595,-4
58596,-4
58597,-4
58598,-4
58599,-4
58600,0
58601,0
58602,-4
58603,-4
58604,-4
58605,-4
58606,-4
58607,-4
58608,-4
58609,0
58610,-4
58611,-4
58612,-8
58613,-4
58614,-4
58615,-4
58616,-4
58617,0
58618,0
58619,-4
58620,-4
58621,-8
58622,-4
58623,-4
58624,-4
58625,0
58626,-8
58627,2
58628,-4
58629,0
58630,-4
58631,-4
58632,0
58633,-4
58634,-4
58635,-4
58636,0
58637,-4
58638,0
58639,-4
58640,0
58641,0
58642,0
58643,0
58644,0
58645,0
58646,0
58647,0
58648,0
58649,0
58650,0
58651,2
58652,2
58653,-4
58654,6
58655,-8
58656,4
58657,4
58658,0
58659,6
58660,0
58661,4
58662,4
58663,0
58664,0
58665,0
58666,-8
58667,2
58668,6
58669,0
58670,-6
58671,4
58672,-4
58673,0
58674,-4
58675,6
58676,0
58677,16
58678,-4
58679,4
58680,0
58681,0
58682,0
58683,4
58684,0
58685,0
58686,-4
58687,0
58688,-4
58689,0
58690,0
58691,-4
58692,-4
58693,0
58694,-4
58695,0
58696,-4
58697,0
58698,-4
58699,-8
58700,0
58701,0
58702,0
58703,0
58704,0
58705,-4
58706,-4
58707,0
58708,-4
58709,-4
58710,-6
58711,-4
58712,-4
58713,-4
58714,-4
58715,0
58716,-4
58717,-4
58718,-4
58719,-4
58720,10
58721,-4
58722,-4
58723,6
58724,0
58725,-4
58726,6
58727,0
58728,-4
58729,2
58730,0
58731,-4
58732,-4
58733,0
58734,0
58735,-4
58736,-4
58737,0
58738,0
58739,0
58740,-4
58741,0
58742,0
58743,2
58744,-4
58745,0
58746,0
58747,6
58748,0
58749,0
58750,0
58751,0
58752,0
58753,-4
58754,0
58755,0
58756,6
58757,-4
58758,0
58759,0
58760,6
58761,0
58762,6
58763,-12
58764,4
58765,0
58766,0
58767,0
58768,4
58769,-4
58770,0
58771,0
58772,0
58773,18
58774,0
58775,0
58776,0
58777,0
58778,2
58779,0
58780,0
58781,-4
58782,6
58783,0
58784,6
58785,0
58786,0
58787,-4
58788,0
58789,0
58790,0
58791,-6
58792,2
58793,-4
58794,0
58795,0
58796,0
58797,-4
58798,0
58799,-4
58800,0
58801,-4
58802,-6
58803,-4
58804,-4
58805,-4
58806,2
58807,-4
58808,0
58809,6
58810,-4
58811,-4
58812,0
58813,-6
58814,0
58815,0
58816,-4
58817,0
58818,-4
58819,-4
58820,0
58821,-4
58822,-22
58823,0
58824,0
58825,-4
58826,-4
58827,2
58828,8
58829,0
58830,0
58831,6
58832,0
58833,-4
58834,-4
58835,0
58836,0
58837,6
58838,0
58839,-4
58840,4
58841,0
58842,-4
58843,0
58844,0
58845,6
58846,-4
58847,6
58848,0
58849,4
58850,0
58851,0
58852,0
58853,0
58854,0
58855,2
58856,2
58857,0
58858,0
58859,2
58860,-4
58861,6
58862,4
58863,0
58864,0
58865,0
58866,0
58867,-4
58868,0
58869,0
58870,0
58871,2
58872,0
58873,0
58874,4
58875,18
58876,0
58877,2
58878,-8
58879,0
58880,0
58881,2
58882,2
58883,2
58884,0
58885,-8
58886,-4
58887,0
58888,0
58889,-4
58890,0
58891,0
58892,0
58893,0
58894,0
58895,-4
58896,-4
58897,0
58898,6
58899,0
58900,0
58901,0
58902,-12
58903,-4
58904,-4
58905,-4
58906,-4
58907,-4
58908,0
58909,-4
58910,-4
58911,-4
58912,-4
58913,-4
58914,0
58915,0
58916,-4
58917,-4
58918,-4
58919,-4
58920,-4
58921,-10
58922,-4
58923,0
58924,-4
58925,-4
58926,0
58927,-4
58928,0
58929,0
58930,-4
58931,0
58932,0
58933,0
58934,0
58935,0
58936,0
58937,0
58938,0
58939,0
58940,0
58941,0
58942,-4
58943,0
58944,0
58945,0
58946,0
58947,0
58948,0
58949,0
58950,0
58951,0
58952,2
58953,0
58954,2
58955,0
58956,0
58957,-6
58958,0
58959,0
58960,2
58961,0
58962,0
58963,0
58964,0
58965,0
58966,4
58967,0
58968,-4
58969,0
58970,0
58971,8
58972,0
58973,0
58974,4
58975,4
58976,0
58977,0
58978,2
58979,0
58980,-4
58981,-4
58982,4
58983,10
58984,4
58985,0
58986,-16
58987,8
58988,14
58989,0
58990,0
58991,-4
58992,0
58993,0
58994,0
58995,0
58996,0
58997,0
58998,0
58999,-8
59000,-4
59001,-4
59002,-4
59003,-4
59004,-4
59005,-4
59006,0
59007,6
59008,0
59009,0
59010,0
59011,0
59012,-4
59013,-4
59014,2
59015,4
59016,-8
59017,-4
59018,-4
59019,-4
59020,6
59021,-4
59022,-4
59023,2
59024,-4
59025,2
59026,-8
59027,-4
59028,-4
59029,-4
59030,0
59031,0
59032,4
59033,0
59034,6
59035,0
59036,-4
59037,0
59038,0
59039,0
59040,0
59041,-6
59042,0
59043,0
59044,0
59045,0
59046,0
59047,0
59048,0
59049,2
59050,0
59051,0
59052,6
59053,0
59054,0
59055,0
59056,2
59057,0
59058,0
59059,0
59060,4
59061,0
59062,6
59063,0
59064,-4
59065,0
59066,2
59067,0
59068,0
59069,4
59070,0
59071,2
59072,4
59073,14
59074,0
59075,0
59076,0
59077,0
59078,0
59079,4
59080,0
59081,0
59082,-4
59083,0
59084,0
59085,0
59086,0
59087,0
59088,-4
59089,0
59090,8
59091,0
59092,0
59093,0
59094,0
59095,-6
59096,0
59097,0
59098,-4
59099,-4
59100,0
59101,0
59102,0
59103,-4
59104,10
59105,-4
59106,-4
59107,-4
59108,0
59109,0
59110,-4
59111,-4
59112,0
59113,-4
59114,-4
59115,-4
59116,-4
59117,-4
59118,-4
59119,-8
59120,-4
59121,0
59122,-8
59123,-4
59124,-4
59125,6
59126,-4
59127,0
59128,-4
59129,-4
59130,0
59131,-4
59132,0
59133,4
59134,-4
59135,0
59136,-4
59137,-4
59138,0
59139,0
59140,0
59141,-4
59142,0
59143,0
59144,-4
59145,0
59146,0
59147,-4
59148,-4
59149,0
59150,0
59151,0
59152,0
59153,0
59154,0
59155,4
59156,0
59157,2
59158,0
59159,-4
59160,6
59161,0
59162,-4
59163,14
59164,0
59165,0
59166,0
59167,-12
59168,6
59169,4
59170,4
59171,0
59172,10
59173,2
59174,-4
59175,10
59176,4
59177,2
59178,4
59179,0
59180,0
59181,0
59182,-10
59183,0
59184,0
59185,2
59186,0
59187,2
59188,0
59189,2
59190,0
59191,0
59192,0
59193,0
59194,-4
59195,0
59196,0
59197,0
59198,0
59199,-4
59200,-4
59201,0
59202,0
59203,-4
59204,-4
59205,-4
59206,-4
59207,-4
59208,-4
59209,-4
59210,-4
59211,-4
59212,-4
59213,-4
59214,0
59215,-4
59216,-4
59217,-4
59218,0
59219,-4
59220,0
59221,6
59222,-4
59223,0
59224,4
59225,-4
59226,-4
59227,-4
59228,-4
59229,0
59230,-4
59231,0
59232,0
59233,0
59234,-4
59235,0
59236,0
59237,-4
59238,0
59239,-4
59240,-4
59241,2
59242,0
59243,0
59244,0
59245,0
59246,0
59247,2
59248,-4
59249,0
59250,2
59251,0
59252,2
59253,0
59254,0
59255,0
59256,0
59257,4
59258,6
59259,0
59260,-8
59261,0
59262,2
59263,6
59264,0
59265,2
59266,2
59267,0
59268,0
59269,0
59270,2
59271,-16
59272,0
59273,4
59274,-8
59275,0
59276,-4
59277,0
59278,0
59279,-4
59280,0
59281,0
59282,-4
59283,2
59284,0
59285,-4
59286,-4
59287,0
59288,2
59289,-8
59290,0
59291,-6
59292,0
59293,0
59294,4
59295,-4
59296,0
59297,-4
59298,0
59299,-4
59300,0
59301,-4
59302,-4
59303,-4
59304,-4
59305,-4
59306,-4
59307,-4
59308,-4
59309,-4
59310,10
59311,-4
59312,-4
59313,-6
59314,-4
59315,0
59316,0
59317,0
59318,-8
59319,-4
59320,6
59321,-4
59322,0
59323,-12
59324,0
59325,-4
59326,4
59327,0
59328,0
59329,-10
59330,0
59331,0
59332,-6
59333,0
59334,-4
59335,0
59336,0
59337,0
59338,-4
59339,-4
59340,-4
59341,2
59342,2
59343,0
59344,-4
59345,6
59346,0
59347,0
59348,-4
59349,0
59350,0
59351,0
59352,0
59353,4
59354,0
59355,2
59356,-4
59357,2
59358,0
59359,0
59360,0
59361,2
59362,-4
59363,0
59364,4
59365,2
59366,6
59367,0
59368,0
59369,0
59370,0
59371,0
59372,2
59373,8
59374,0
59375,0
59376,0
59377,4
59378,2
59379,-4
59380,-4
59381,6
59382,0
59383,0
59384,-4
59385,0
59386,0
59387,6
59388,-4
59389,-4
59390,0
59391,0
59392,0
59393,4
59394,2
59395,0
59396,0
59397,0
59398,-4
59399,0
59400,0
59401,-4
59402,0
59403,0
59404,-4
59405,0
59406,0
59407,-4
59408,0
59409,0
59410,0
59411,8
59412,-6
59413,-4
59414,-4
59415,-4
59416,10
59417,-4
59418,-4
59419,-6
59420,-4
59421,-4
59422,4
59423,-4
59424,0
59425,-4
59426,0
59427,0
59428,0
59429,4
59430,0
59431,0
59432,0
59433,0
59434,0
59435,4
59436,0
59437,-4
59438,2
59439,-4
59440,0
59441,0
59442,-4
59443,0
59444,0
59445,0
59446,0
59447,2
59448,2
59449,0
59450,0
59451,0
59452,2
59453,0
59454,0
59455,6
59456,-4
59457,0
59458,2
59459,0
59460,2
59461,2
59462,0
59463,2
59464,0
59465,0
59466,0
59467,-8
59468,0
59469,10
59470,0
59471,-4
59472,-8
59473,0
59474,-4
59475,-4
59476,0
59477,0
59478,2
59479,0
59480,0
59481,2
59482,10
59483,-4
59484,2
59485,0
59486,0
59487,-4
59488,-4
59489,0
59490,-6
59491,0
59492,0
59493,0
59494,0
59495,0
59496,0
59497,0
59498,0
59499,0
59500,-4
59501,0
59502,-4
59503,0
59504,-4
59505,-4
59506,-16
59507,0
59508,0
59509,0
59510,-4
59511,-4
59512,0
59513,-4
59514,-4
59515,-4
59516,-4
59517,6
59518,-4
59519,-4
59520,-4
59521,-4
59522,0
59523,-4
59524,0
59525,0
59526,-4
59527,-4
59528,-4
59529,0
59530,0
59531,-4
59532,2
59533,-4
59534,-4
59535,0
59536,0
59537,0
59538,-4
59539,0
59540,0
59541,0
59542,0
59543,-4
59544,0
59545,0
59546,-4
59547,0
59548,0
59549,0
59550,0
59551,0
59552,0
59553,0
59554,0
59555,-4
59556,0
59557,-4
59558,0
59559,0
59560,0
59561,4
59562,4
59563,0
59564,0
59565,0
59566,0
59567,0
59568,6
59569,0
59570,0
59571,4
59572,0
59573,0
59574,0
59575,6
59576,0
59577,8
59578,-4
59579,0
59580,2
59581,10
59582,0
59583,4
59584,-4
59585,4
59586,-4
59587,0
59588,0
59589,-4
59590,0
59591,0
59592,-4
59593,-4
59594,0
59595,-4
59596,0
59597,0
59598,-4
59599,0
59600,-4
59601,-4
59602,-4
59603,-4
59604,-4
59605,-8
59606,0
59607,-4
59608,-4
59609,-4
59610,-4
59611,-4
59612,-4
59613,-4
59614,-4
59615,-4
59616,-4
59617,-4
59618,-4
59619,-4
59620,-4
59621,-4
59622,0
59623,0
59624,-4
59625,-4
59626,-4
59627,-4
59628,0
59629,0
59630,4
59631,-4
59632,0
59633,0
59634,6
59635,0
59636,0
59637,0
59638,0
59639,0
59640,-4
59641,0
59642,0
59643,0
59644,0
59645,0
59646,0
59647,0
59648,0
59649,-4
59650,4
59651,0
59652,0
59653,2
59654,0
59655,2
59656,6
59657,-4
59658,2
59659,0
59660,-4
59661,2
59662,2
59663,0
59664,0
59665,0
59666,0
59667,4
59668,2
59669,6
59670,0
59671,0
59672,4
59673,-4
59674,0
59675,0
59676,2
59677,0
59678,0
59679,-4
59680,10
59681,2
59682,0
59683,4
59684,-4
59685,2
59686,4
59687,0
59688,-4
59689,-8
59690,0
59691,-6
59692,0
59693,-4
59694,0
59695,6
59696,0
59697,0
59698,0
59699,-4
59700,-4
59701,-4
59702,-4
59703,-4
59704,-4
59705,-4
59706,-4
59707,0
59708,-4
59709,0
59710,0
59711,-4
59712,-4
59713,-4
59714,0
59715,-4
59716,6
59717,-4
59718,-4
59719,-4
59720,-4
59721,0
59722,-4
59723,-4
59724,0
59725,-8
59726,-4
59727,-4
59728,0
59729,0
59730,-4
59731,-4
59732,0
59733,0
59734,-4
59735,4
59736,0
59737,-4
59738,0
59739,0
59740,0
59741,0
59742,0
59743,2
59744,0
59745,0
59746,0
59747,0
59748,0
59749,2
59750,0
59751,0
59752,4
59753,0
59754,-4
59755,0
59756,0
59757,4
59758,4
59759,0
59760,2
59761,0
59762,0
59763,2
59764,0
59765,0
59766,0
59767,0
59768,0
59769,0
59770,0
59771,0
59772,10
59773,6
59774,0
59775,10
59776,2
59777,4
59778,0
59779,0
59780,-4
59781,2
59782,-8
59783,0
59784,-6
59785,0
59786,0
59787,2
59788,0
59789,0
59790,2
59791,-4
59792,0
59793,4
59794,-6
59795,0
59796,0
59797,0
59798,0
59799,-4
59800,0
59801,0
59802,0
59803,-4
59804,-4
59805,0
59806,-4
59807,-4
59808,0
59809,-4
59810,-4
59811,0
59812,0
59813,-4
59814,-4
59815,-4
59816,0
59817,-4
59818,0
59819,-4
59820,-4
59821,-4
59822,-4
59823,-4
59824,-4
59825,-4
59826,-4
59827,0
59828,0
59829,0
59830,-4
59831,-4
59832,0
59833,-12
59834,0
59835,0
59836,0
59837,0
59838,0
59839,0
59840,0
59841,0
59842,0
59843,2
59844,0
59845,0
59846,0
59847,0
59848,0
59849,2
59850,4
59851,0
59852,4
59853,0
59854,0
59855,0
59856,0
59857,6
59858,10
59859,0
59860,0
59861,0
59862,-8
59863,0
59864,0
59865,4
59866,6
59867,2
59868,2
59869,0
59870,6
59871,-8
59872,0
59873,0
59874,0
59875,4
59876,6
59877,-4
59878,-4
59879,0
59880,0
59881,2
59882,0
59883,0
59884,0
59885,0
59886,-4
59887,0
59888,0
59889,0
59890,0
59891,0
59892,4
59893,0
59894,0
59895,0
59896,0
59897,0
59898,0
59899,-4
59900,0
59901,0
59902,0
59903,0
59904,-4
59905,0
59906,-4
59907,-4
59908,6
59909,0
59910,-4
59911,-4
59912,0
59913,-4
59914,-4
59915,-4
59916,-4
59917,-4
59918,-4
59919,-4
59920,0
59921,-4
59922,0
59923,-4
59924,-4
59925,0
59926,4
59927,-4
59928,-4
59929,0
59930,0
59931,-4
59932,-4
59933,0
59934,-4
59935,0
59936,-4
59937,-6
59938,0
59939,0
59940,0
59941,0
59942,0
59943,0
59944,0
59945,0
59946,-4
59947,0
59948,0
59949,0
59950,0
59951,0
59952,-4
59953,0
59954,0
59955,2
59956,0
59957,2
59958,0
59959,4
59960,2
59961,0
59962,2
59963,0
59964,4
59965,2
59966,2
59967,4
59968,-6
59969,0
59970,0
59971,0
59972,4
59973,0
59974,0
59975,0
59976,-4
59977,0
59978,2
59979,-4
59980,4
59981,0
59982,2
59983,-8
59984,0
59985,0
59986,-4
59987,0
59988,0
59989,0
59990,0
59991,0
59992,0
59993,0
59994,-4
59995,-4
59996,0
59997,2
59998,-6
59999,-4
60000,-4
60001,-4
60002,-4
60003,0
60004,-4
60005,-4
60006,-4
60007,0
60008,-4
60009,-4
60010,-4
60011,-4
60012,-4
60013,0
60014,0
60015,-4
60016,-4
60017,0
60018,0
60019,-4
60020,-4
60021,-4
60022,0
60023,-4
60024,0
60025,-4
60026,-4
60027,-4
60028,0
60029,0
60030,0
60031,0
60032,0
60033,0
60034,-4
60035,4
60036,0
60037,-4
60038,0
60039,0
60040,-4
60041,0
60042,4
60043,2
60044,0
60045,0
60046,-4
60047,-4
60048,0
60049,0
60050,0
60051,0
60052,0
60053,0
60054,2
60055,2
60056,0
60057,2
60058,0
60059,2
60060,0
60061,6
60062,0
60063,4
60064,4
60065,14
60066,10
60067,-4
60068,0
60069,10
60070,0
60071,0
60072,16
60073,0
60074,2
60075,10
60076,4
60077,0
60078,-4
60079,6
60080,0
60081,0
60082,14
60083,0
60084,6
60085,0
60086,0
60087,0
60088,10
60089,-4
60090,0
60091,14
60092,-4
60093,-4
60094,2
60095,0
60096,-4
60097,0
60098,0
60099,-4
60100,-4
60101,-4
60102,-4
60103,0
60104,-8
60105,0
60106,-8
60107,-4
60108,0
60109,-4
60110,0
60111,-4
60112,0
60113,-4
60114,-4
60115,18
60116,-4
60117,0
60118,-4
60119,-22
60120,0
60121,0
60122,-4
60123,0
60124,-8
60125,-4
60126,0
60127,4
60128,-4
60129,0
60130,6
60131,-4
60132,0
60133,0
60134,0
60135,0
60136,-4
60137,0
60138,0
60139,0
60140,10
60141,0
60142,0
60143,6
60144,-4
60145,0
60146,0
60147,0
60148,0
60149,0
60150,2
60151,2
60152,4
60153,0
60154,0
60155,-4
60156,4
60157,-6
60158,2
60159,0
60160,-4
60161,0
60162,0
60163,0
60164,4
60165,0
60166,0
60167,10
60168,0
60169,0
60170,0
60171,18
60172,0
60173,6
60174,6
60175,0
60176,4
60177,10
60178,-4
60179,-4
60180,0
60181,-14
60182,0
60183,0
60184,4
60185,0
60186,0
60187,0
60188,0
60189,0
60190,0
60191,-4
60192,-8
60193,0
60194,0
60195,-8
60196,0
60197,0
60198,0
60199,0
60200,-4
60201,-4
60202,0
60203,-4
60204,14
60205,-4
60206,-8
60207,-4
60208,-4
60209,2
60210,0
60211,0
60212,-4
60213,0
60214,4
60215,-4
60216,0
60217,-4
60218,-4
60219,-4
60220,-4
60221,0
60222,-4
60223,-8
60224,-4
60225,-4
60226,-4
60227,-4
60228,0
60229,0
60230,0
60231,0
60232,4
60233,-4
60234,0
60235,0
60236,-4
60237,4
60238,-6
60239,10
60240,0
60241,-4
60242,4
60243,0
60244,-4
60245,-8
60246,-8
60247,0
60248,-8
60249,0
60250,0
60251,0
60252,2
60253,2
60254,-10
60255,0
60256,0
60257,0
60258,0
60259,-4
60260,0
60261,2
60262,6
60263,6
60264,0
60265,0
60266,2
60267,0
60268,-6
60269,0
60270,6
60271,6
60272,0
60273,14
60274,2
60275,0
60276,0
60277,6
60278,4
60279,0
60280,10
60281,0
60282,-4
60283,2
60284,0
60285,0
60286,0
60287,-4
60288,0
60289,0
60290,4
60291,0
60292,-4
60293,0
60294,-4
60295,-12
60296,0
60297,0
60298,0
60299,-4
60300,-4
60301,0
60302,0
60303,0
60304,0
60305,-4
60306,-4
60307,-4
60308,-4
60309,0
60310,-4
60311,-4
60312,-4
60313,-4
60314,0
60315,-4
60316,-4
60317,-4
60318,-4
60319,-4
60320,-4
60321,0
60322,8
60323,-4
60324,-4
60325,0
60326,0
60327,0
60328,-4
60329,0
60330,0
60331,-4
60332,0
60333,-4
60334,0
60335,-4
60336,-4
60337,0
60338,-4
60339,0
60340,-4
60341,2
60342,0
60343,0
60344,0
60345,0
60346,0
60347,0
60348,0
60349,0
60350,0
60351,4
60352,2
60353,-4
60354,0
60355,-4
60356,4
60357,0
60358,-6
60359,2
60360,0
60361,0
60362,-4
60363,10
60364,0
60365,0
60366,2
60367,2
60368,2
60369,6
60370,0
60371,0
60372,14
60373,0
60374,-4
60375,0
60376,2
60377,0
60378,0
60379,-4
60380,0
60381,0
60382,4
60383,0
60384,-10
60385,0
60386,0
60387,6
60388,-4
60389,-6
60390,0
60391,0
60392,0
60393,0
60394,-4
60395,0
60396,0
60397,0
60398,-4
60399,0
60400,0
60401,-4
60402,0
60403,-4
60404,-4
60405,-4
60406,0
60407,-4
60408,-4
60409,-4
60410,-4
60411,-4
60412,0
60413,-6
60414,-4
60415,0
60416,0
60417,-4
60418,-4
60419,8
60420,0
60421,4
60422,-4
60423,0
60424,0
60425,-4
60426,0
60427,0
60428,0
60429,-4
60430,-4
60431,0
60432,0
60433,-4
60434,0
60435,6
60436,-4
60437,0
60438,0
60439,0
60440,0
60441,0
60442,-8
60443,0
60444,0
60445,10
60446,0
60447,0
60448,0
60449,0
60450,0
60451,0
60452,0
60453,4
60454,2
60455,10
60456,0
60457,0
60458,2
60459,0
60460,2
60461,0
60462,2
60463,6
60464,0
60465,10
60466,2
60467,-12
60468,0
60469,0
60470,0
60471,-8
60472,0
60473,2
60474,-4
60475,0
60476,4
60477,6
60478,0
60479,0
60480,-4
60481,4
60482,0
60483,0
60484,0
60485,0
60486,-4
60487,0
60488,0
60489,0
60490,0
60491,6
60492,0
60493,0
60494,0
60495,0
60496,-4
60497,0
60498,-4
60499,-4
60500,-14
60501,0
60502,-4
60503,-4
60504,-4
60505,-4
60506,-4
60507,-4
60508,0
60509,0
60510,-4
60511,0
60512,0
60513,-4
60514,-4
60515,-4
60516,-4
60517,-4
60518,-4
60519,-4
60520,-8
60521,-4
60522,0
60523,-6
60524,-4
60525,0
60526,4
60527,-4
60528,-4
60529,-4
60530,0
60531,-4
60532,0
60533,0
60534,-4
60535,0
60536,0
60537,-4
60538,0
60539,0
60540,-4
60541,0
60542,0
60543,0
60544,0
60545,0
60546,0
60547,0
60548,0
60549,0
60550,0
60551,0
60552,0
60553,0
60554,0
60555,0
60556,2
60557,0
60558,0
60559,-4
60560,0
60561,0
60562,2
60563,6
60564,8
60565,0
60566,0
60567,2
60568,6
60569,0
60570,14
60571,0
60572,0
60573,-8
60574,0
60575,0
60576,0
60577,2
60578,0
60579,0
60580,-4
60581,0
60582,0
60583,8
60584,0
60585,6
60586,0
60587,0
60588,-4
60589,-4
60590,0
60591,2
60592,0
60593,0
60594,0
60595,-4
60596,2
60597,-4
60598,-4
60599,-4
60600,0
60601,0
60602,-4
60603,0
60604,-4
60605,-4
60606,0
60607,-4
60608,0
60609,-4
60610,-4
60611,0
60612,0
60613,-4
60614,-4
60615,-4
60616,0
60617,-4
60618,6
60619,-4
60620,-4
60621,0
60622,0
60623,-4
60624,-4
60625,0
60626,-4
60627,0
60628,-4
60629,-4
60630,0
60631,0
60632,0
60633,-4
60634,-14
60635,0
60636,0
60637,0
60638,-4
60639,-10
60640,0
60641,-4
60642,0
60643,0
60644,0
60645,0
60646,2
60647,-4
60648,-4
60649,0
60650,0
60651,0
60652,4
60653,2
60654,0
60655,0
60656,0
60657,0
60658,0
60659,0
60660,6
60661,10
60662,0
60663,0
60664,0
60665,0
60666,0
60667,0
60668,0
60669,0
60670,0
60671,0
60672,6
60673,2
60674,0
60675,0
60676,0
60677,0
60678,0
60679,-4
60680,0
60681,0
60682,10
60683,0
60684,6
60685,-4
60686,-16
60687,6
60688,0
60689,0
60690,-14
60691,0
60692,10
60693,0
60694,0
60695,4
60696,-4
60697,0
60698,-10
60699,-4
60700,-4
60701,-4
60702,0
60703,-4
60704,-4
60705,0
60706,-4
60707,-4
60708,0
60709,-4
60710,-8
60711,-4
60712,-4
60713,-4
60714,-4
60715,-4
60716,-4
60717,0
60718,-4
60719,2
60720,-4
60721,0
60722,0
60723,0
60724,-6
60725,0
60726,0
60727,-4
60728,-4
60729,-4
60730,-4
60731,0
60732,0
60733,-4
60734,0
60735,-12
60736,0
60737,0
60738,0
60739,0
60740,0
60741,0
60742,0
60743,-4
60744,-4
60745,0
60746,2
60747,0
60748,0
60749,2
60750,0
60751,-14
60752,0
60753,0
60754,6
60755,0
60756,0
60757,0
60758,0
60759,-4
60760,0
60761,4
60762,-4
60763,2
60764,0
60765,4
60766,-12
60767,0
60768,4
60769,-14
60770,0
60771,-14
60772,2
60773,0
60774,4
60775,-4
60776,0
60777,0
60778,0
60779,4
60780,4
60781,6
60782,-4
60783,2
60784,0
60785,0
60786,0
60787,0
60788,8
60789,-8
60790,0
60791,0
60792,-4
60793,2
60794,6
60795,-8
60796,0
60797,-4
60798,-4
60799,-4
60800,-4
60801,-4
60802,-4
60803,-4
60804,0
60805,-4
60806,-4
60807,0
60808,-4
60809,-12
60810,0
60811,-4
60812,-8
60813,-4
60814,-4
60815,0
60816,6
60817,0
60818,-4
60819,-4
60820,-4
60821,0
60822,-4
60823,-8
60824,0
60825,-4
60826,6
60827,-4
60828,-4
60829,0
60830,-4
60831,0
60832,-4
60833,0
60834,-4
60835,0
60836,2
60837,0
60838,0
60839,0
60840,0
60841,0
60842,-8
60843,0
60844,0
60845,0
60846,0
60847,0
60848,-4
60849,0
60850,2
60851,0
60852,0
60853,6
60854,0
60855,0
60856,4
60857,-4
60858,2
60859,0
60860,2
60861,-4
60862,4
60863,-8
60864,2
60865,18
60866,0
60867,2
60868,4
60869,2
60870,-4
60871,0
60872,2
60873,-4
60874,0
60875,2
60876,4
60877,2
60878,0
60879,-4
60880,4
60881,0
60882,0
60883,-8
60884,0
60885,10
60886,0
60887,0
60888,0
60889,-4
60890,0
60891,6
60892,0
60893,0
60894,-4
60895,0
60896,0
60897,-4
60898,2
60899,-4
60900,-4
60901,0
60902,-4
60903,-4
60904,-4
60905,-4
60906,0
60907,-4
60908,0
60909,-4
60910,-4
60911,0
60912,-4
60913,-8
60914,-4
60915,-4
60916,0
60917,-4
60918,-4
60919,-4
60920,6
60921,-4
60922,-6
60923,-4
60924,-4
60925,-8
60926,-4
60927,-4
60928,-8
60929,-4
60930,0
60931,-4
60932,0
60933,-4
60934,0
60935,0
60936,0
60937,-14
60938,6
60939,6
60940,0
60941,2
60942,0
60943,-6
60944,0
60945,4
60946,0
60947,-4
60948,10
60949,-4
60950,0
60951,0
60952,0
60953,4
60954,6
60955,0
60956,6
60957,0
60958,-4
60959,0
60960,0
60961,0
60962,0
60963,0
60964,6
60965,2
60966,0
60967,0
60968,0
60969,-4
60970,4
60971,0
60972,0
60973,-4
60974,0
60975,0
60976,-4
60977,2
60978,6
60979,10
60980,-4
60981,2
60982,6
60983,-4
60984,0
60985,0
60986,0
60987,0
60988,0
60989,0
60990,0
60991,0
60992,0
60993,0
60994,0
60995,-4
60996,0
60997,0
60998,-4
60999,-4
61000,0
61001,0
61002,-4
61003,-4
61004,0
61005,-4
61006,-8
61007,-4
61008,0
61009,0
61010,0
61011,-4
61012,-4
61013,-6
61014,-4
61015,0
61016,-4
61017,-4
61018,-4
61019,-4
61020,-4
61021,0
61022,0
61023,-4
61024,-4
61025,-4
61026,0
61027,-8
61028,-4
61029,-4
61030,0
61031,2
61032,-4
61033,-4
61034,-4
61035,-4
61036,0
61037,0
61038,6
61039,6
61040,0
61041,0
61042,0
61043,6
61044,0
61045,6
61046,0
61047,0
61048,-4
61049,0
61050,0
61051,0
61052,0
61053,6
61054,0
61055,0
61056,-4
61057,0
61058,0
61059,2
61060,-4
61061,2
61062,0
61063,0
61064,4
61065,4
61066,0
61067,0
61068,2
61069,4
61070,0
61071,-6
61072,2
61073,0
61074,6
61075,0
61076,-4
61077,0
61078,2
61079,4
61080,-4
61081,8
61082,-4
61083,2
61084,0
61085,0
61086,0
61087,-4
61088,0
61089,0
61090,0
61091,0
61092,-4
61093,-4
61094,-4
61095,0
61096,2
61097,0
61098,0
61099,0
61100,0
61101,0
61102,0
61103,-4
61104,-4
61105,0
61106,0
61107,-4
61108,0
61109,-4
61110,-4
61111,0
61112,0
61113,-4
61114,-4
61115,-4
61116,-4
61117,0
61118,0
61119,-4
61120,0
61121,0
61122,0
61123,-4
61124,-4
61125,-4
61126,0
61127,0
61128,0
61129,-4
61130,8
61131,0
61132,-4
61133,4
61134,0
61135,14
61136,0
61137,0
61138,0
61139,0
61140,2
61141,-4
61142,0
61143,0
61144,-4
61145,0
61146,4
61147,-4
61148,6
61149,0
61150,0
61151,0
61152,0
61153,0
61154,0
61155,0
61156,4
61157,2
61158,0
61159,0
61160,-8
61161,4
61162,-4
61163,4
61164,0
61165,0
61166,-6
61167,-10
61168,0
61169,0
61170,6
61171,0
61172,2
61173,-8
61174,0
61175,4
61176,0
61177,2
61178,0
61179,0
61180,-12
61181,-4
61182,0
61183,10
61184,0
61185,0
61186,0
61187,0
61188,0
61189,-4
61190,0
61191,0
61192,0
61193,-6
61194,-4
61195,0
61196,-4
61197,0
61198,0
61199,-4
61200,0
61201,0
61202,-4
61203,0
61204,-4
61205,-4
61206,0
61207,-4
61208,-4
61209,-4
61210,0
61211,-8
61212,-4
61213,0
61214,-4
61215,-4
61216,-6
61217,0
61218,-4
61219,-4
61220,-8
61221,-4
61222,-4
61223,0
61224,-6
61225,-4
61226,-4
61227,-4
61228,-4
61229,0
61230,0
61231,0
61232,0
61233,-4
61234,-4
61235,-4
61236,0
61237,0
61238,-4
61239,0
61240,4
61241,0
61242,0
61243,0
61244,0
61245,0
61246,2
61247,0
61248,0
61249,0
61250,0
61251,0
61252,0
61253,4
61254,0
61255,0
61256,0
61257,0
61258,0
61259,10
61260,2
61261,0
61262,0
61263,6
61264,2
61265,0
61266,0
61267,0
61268,8
61269,0
61270,0
61271,2
61272,-6
61273,0
61274,0
61275,0
61276,0
61277,0
61278,-4
61279,-4
61280,-4
61281,-4
61282,4
61283,0
61284,-4
61285,0
61286,0
61287,0
61288,0
61289,0
61290,4
61291,-4
61292,0
61293,0
61294,2
61295,6
61296,0
61297,0
61298,0
61299,-4
61300,0
61301,0
61302,0
61303,-4
61304,-4
61305,-4
61306,0
61307,-4
61308,-4
61309,-4
61310,0
61311,-4
61312,0
61313,-4
61314,-8
61315,10
61316,-4
61317,0
61318,-4
61319,0
61320,-4
61321,-4
61322,-4
61323,0
61324,0
61325,0
61326,0
61327,0
61328,-4
61329,0
61330,4
61331,4
61332,0
61333,0
61334,-4
61335,0
61336,0
61337,0
61338,-10
61339,6
61340,0
61341,0
61342,0
61343,0
61344,0
61345,2
61346,6
61347,0
61348,-4
61349,0
61350,-4
61351,-4
61352,-4
61353,0
61354,0
61355,2
61356,0
61357,0
61358,0
61359,0
61360,2
61361,2
61362,0
61363,0
61364,2
61365,0
61366,2
61367,0
61368,0
61369,10
61370,0
61371,-4
61372,0
61373,0
61374,8
61375,0
61376,-4
61377,6
61378,0
61379,0
61380,0
61381,-4
61382,0
61383,-4
61384,-12
61385,0
61386,0
61387,0
61388,0
61389,0
61390,0
61391,-4
61392,0
61393,0
61394,0
61395,0
61396,0
61397,6
61398,-4
61399,-4
61400,-4
61401,-4
61402,-4
61403,-4
61404,-4
61405,0
61406,0
61407,0
61408,-4
61409,-4
61410,-4
61411,-4
61412,-4
61413,0
61414,-4
61415,-4
61416,-4
61417,0
61418,0
61419,6
61420,0
61421,-4
61422,-4
61423,-4
61424,0
61425,0
61426,0
61427,-4
61428,0
61429,-4
61430,2
61431,2
61432,0
61433,0
61434,-4
61435,6
61436,0
61437,0
61438,0
61439,0
61440,0
61441,0
61442,-4
61443,0
61444,0
61445,0
61446,0
61447,0
61448,0
61449,-4
61450,0
61451,0
61452,0
61453,0
61454,0
61455,0
61456,2
61457,4
61458,2
61459,0
61460,0
61461,0
61462,0
61463,0
61464,10
61465,0
61466,2
61467,0
61468,0
61469,0
61470,0
61471,0
61472,2
61473,10
61474,4
61475,6
61476,-4
61477,-4
61478,4
61479,2
61480,-4
61481,0
61482,0
61483,10
61484,0
61485,4
61486,0
61487,0
61488,8
61489,0
61490,-4
61491,-4
61492,4
61493,0
61494,0
61495,0
61496,0
61497,0
61498,0
61499,0
61500,0
61501,0
61502,-4
61503,-4
61504,-4
61505,-4
61506,-4
61507,-4
61508,-4
61509,0
61510,-4
61511,-4
61512,-4
61513,-4
61514,-16
61515,-4
61516,-4
61517,-4
61518,-4
61519,0
61520,-8
61521,-4
61522,0
61523,0
61524,-4
61525,-4
61526,-4
61527,0
61528,-4
61529,-4
61530,0
61531,0
61532,-4
61533,0
61534,0
61535,0
61536,-4
61537,-4
61538,0
61539,0
61540,0
61541,-6
61542,0
61543,4
61544,-14
61545,0
61546,0
61547,0
61548,0
61549,0
61550,0
61551,0
61552,0
61553,0
61554,0
61555,2
61556,0
61557,0
61558,0
61559,0
61560,-4
61561,0
61562,2
61563,0
61564,0
61565,4
61566,0
61567,0
61568,14
61569,0
61570,10
61571,0
61572,8
61573,4
61574,0
61575,4
61576,0
61577,0
61578,10
61579,0
61580,0
61581,6
61582,-14
61583,0
61584,0
61585,0
61586,-4
61587,0
61588,0
61589,-4
61590,0
61591,-4
61592,-4
61593,0
61594,0
61595,0
61596,0
61597,0
61598,0
61599,0
61600,0
61601,-4
61602,-4
61603,-4
61604,-4
61605,-8
61606,-4
61607,-4
61608,-4
61609,-4
61610,-4
61611,0
61612,-4
61613,-6
61614,-4
61615,-4
61616,0
61617,-4
61618,8
61619,-4
61620,-4
61621,-4
61622,-4
61623,-4
61624,-6
61625,0
61626,-4
61627,0
61628,-4
61629,0
61630,0
61631,0
61632,-4
61633,-4
61634,-4
61635,0
61636,-4
61637,0
61638,0
61639,-4
61640,4
61641,0
61642,-4
61643,0
61644,0
61645,0
61646,-4
61647,0
61648,0
61649,0
61650,0
61651,0
61652,0
61653,0
61654,0
61655,2
61656,0
61657,0
61658,4
61659,0
61660,-4
61661,0
61662,18
61663,2
61664,6
61665,2
61666,0
61667,0
61668,2
61669,-4
61670,6
61671,-6
61672,4
61673,2
61674,-4
61675,0
61676,0
61677,-4
61678,0
61679,4
61680,0
61681,8
61682,0
61683,-4
61684,10
61685,2
61686,8
61687,0
61688,0
61689,0
61690,2
61691,6
61692,0
61693,18
61694,-4
61695,-4
61696,-4
61697,0
61698,0
61699,0
61700,-4
61701,0
61702,-4
61703,0
61704,4
61705,0
61706,-4
61707,-4
61708,10
61709,0
61710,-18
61711,0
61712,-4
61713,-4
61714,-6
61715,-4
61716,-4
61717,-4
61718,-4
61719,10
61720,0
61721,0
61722,-4
61723,0
61724,-4
61725,-4
61726,0
61727,-4
61728,-4
61729,-6
61730,0
61731,0
61732,-4
61733,-4
61734,-4
61735,0
61736,0
61737,0
61738,0
61739,0
61740,0
61741,0
61742,0
61743,0
61744,-4
61745,0
61746,0
61747,-4
61748,0
61749,0
61750,2
61751,0
61752,0
61753,0
61754,-6
61755,2
61756,-4
61757,0
61758,2
61759,10
61760,0
61761,0
61762,0
61763,0
61764,4
61765,4
61766,0
61767,6
61768,0
61769,0
61770,0
61771,0
61772,4
61773,0
61774,0
61775,0
61776,0
61777,6
61778,-4
61779,0
61780,-4
61781,0
61782,0
61783,-4
61784,-4
61785,0
61786,0
61787,-4
61788,0
61789,-4
61790,0
61791,0
61792,-4
61793,0
61794,4
61795,-6
61796,0
61797,0
61798,0
61799,-4
61800,4
61801,-4
61802,0
61803,0
61804,0
61805,-4
61806,-4
61807,-4
61808,-4
61809,-6
61810,0
61811,0
61812,-4
61813,0
61814,-4
61815,-4
61816,-4
61817,-4
61818,-4
61819,-4
61820,-8
61821,-4
61822,0
61823,-4
61824,0
61825,-8
61826,-4
61827,-4
61828,4
61829,-4
61830,-4
61831,4
61832,16
61833,0
61834,0
61835,0
61836,-4
61837,0
61838,-4
61839,0
61840,-4
61841,0
61842,0
61843,-4
61844,0
61845,0
61846,-4
61847,0
61848,0
61849,-4
61850,0
61851,0
61852,0
61853,0
61854,-4
61855,4
61856,4
61857,0
61858,2
61859,10
61860,0
61861,0
61862,6
61863,4
61864,-8
61865,2
61866,4
61867,0
61868,0
61869,0
61870,16
61871,0
61872,0
61873,0
61874,2
61875,0
61876,-22
61877,0
61878,0
61879,-6
61880,0
61881,0
61882,6
61883,-16
61884,0
61885,-8
61886,0
61887,0
61888,-4
61889,2
61890,-4
61891,0
61892,0
61893,-4
61894,-4
61895,10
61896,0
61897,0
61898,0
61899,-4
61900,-4
61901,-4
61902,-4
61903,0
61904,-4
61905,0
61906,6
61907,-4
61908,-4
61909,-4
61910,0
61911,0
61912,0
61913,0
61914,-4
61915,0
61916,-4
61917,-4
61918,-8
61919,-4
61920,6
61921,-4
61922,-6
61923,-4
61924,0
61925,-4
61926,-4
61927,0
61928,0
61929,-4
61930,-4
61931,-4
61932,0
61933,0
61934,-4
61935,0
61936,0
61937,2
61938,0
61939,0
61940,0
61941,-4
61942,0
61943,-4
61944,0
61945,0
61946,-4
61947,0
61948,2
61949,0
61950,0
61951,4
61952,0
61953,0
61954,4
61955,4
61956,0
61957,0
61958,0
61959,0
61960,0
61961,2
61962,0
61963,0
61964,0
61965,2
61966,0
61967,4
61968,0
61969,-4
61970,0
61971,0
61972,0
61973,2
61974,4
61975,-4
61976,0
61977,6
61978,2
61979,4
61980,2
61981,8
61982,-4
61983,2
61984,2
61985,0
61986,-6
61987,0
61988,0
61989,-4
61990,0
61991,-4
61992,-14
61993,0
61994,0
61995,0
61996,0
61997,4
61998,0
61999,0
62000,-4
62001,0
62002,0
62003,0
62004,-8
62005,-4
62006,-4
62007,-4
62008,-4
62009,-4
62010,-4
62011,0
62012,-4
62013,0
62014,-6
62015,-4
62016,-4
62017,0
62018,-4
62019,0
62020,-4
62021,-4
62022,-4
62023,6
62024,-4
62025,-4
62026,4
62027,0
62028,-4
62029,-6
62030,0
62031,0
62032,-4
62033,-4
62034,-4
62035,18
62036,-4
62037,0
62038,0
62039,0
62040,-4
62041,-4
62042,0
62043,0
62044,0
62045,0
62046,0
62047,0
62048,4
62049,0
62050,6
62051,0
62052,0
62053,0
62054,0
62055,0
62056,0
62057,0
62058,0
62059,2
62060,0
62061,2
62062,0
62063,0
62064,2
62065,6
62066,4
62067,6
62068,0
62069,0
62070,2
62071,0
62072,0
62073,0
62074,-4
62075,-4
62076,4
62077,0
62078,2
62079,0
62080,0
62081,0
62082,0
62083,-4
62084,-4
62085,0
62086,0
62087,2
62088,0
62089,0
62090,0
62091,-8
62092,0
62093,0
62094,-4
62095,2
62096,-4
62097,0
62098,0
62099,2
62100,-4
62101,0
62102,-4
62103,-4
62104,0
62105,-4
62106,-4
62107,0
62108,-4
62109,-4
62110,-4
62111,-4
62112,-6
62113,0
62114,-4
62115,-4
62116,-4
62117,0
62118,-4
62119,-4
62120,2
62121,-4
62122,0
62123,-4
62124,0
62125,0
62126,0
62127,-4
62128,0
62129,-4
62130,-4
62131,0
62132,-4
62133,-4
62134,0
62135,0
62136,-4
62137,0
62138,-4
62139,0
62140,0
62141,0
62142,0
62143,0
62144,0
62145,0
62146,0
62147,0
62148,0
62149,0
62150,0
62151,4
62152,0
62153,0
62154,0
62155,2
62156,0
62157,2
62158,0
62159,4
62160,10
62161,2
62162,0
62163,-10
62164,2
62165,4
62166,0
62167,8
62168,-4
62169,0
62170,-6
62171,2
62172,-12
62173,2
62174,0
62175,8
62176,4
62177,2
62178,-4
62179,6
62180,0
62181,0
62182,6
62183,0
62184,-4
62185,0
62186,6
62187,0
62188,2
62189,-12
62190,10
62191,0
62192,-4
62193,0
62194,-14
62195,10
62196,-12
62197,0
62198,0
62199,-4
62200,-4
62201,0
62202,0
62203,0
62204,-4
62205,-4
62206,0
62207,0
62208,-4
62209,-4
62210,-12
62211,-4
62212,0
62213,0
62214,-4
62215,-4
62216,-4
62217,4
62218,0
62219,-4
62220,-4
62221,0
62222,0
62223,0
62224,0
62225,0
62226,-4
62227,-4
62228,-4
62229,0
62230,-8
62231,0
62232,4
62233,-4
62234,0
62235,-4
62236,-4
62237,2
62238,0
62239,0
62240,0
62241,0
62242,0
62243,0
62244,-4
62245,0
62246,0
62247,2
62248,0
62249,-4
62250,2
62251,0
62252,-8
62253,2
62254,4
62255,0
62256,0
62257,0
62258,-4
62259,0
62260,0
62261,0
62262,0
62263,0
62264,8
62265,2
62266,-6
62267,0
62268,0
62269,0
62270,2
62271,-4
62272,0
62273,0
62274,-4
62275,0
62276,0
62277,0
62278,4
62279,0
62280,0
62281,-4
62282,0
62283,0
62284,4
62285,0
62286,-4
62287,0
62288,0
62289,0
62290,-4
62291,0
62292,0
62293,0
62294,-4
62295,0
62296,-4
62297,-4
62298,0
62299,0
62300,0
62301,0
62302,0
62303,-4
62304,0
62305,0
62306,0
62307,-6
62308,-4
62309,-4
62310,0
62311,0
62312,-4
62313,0
62314,-4
62315,-4
62316,10
62317,0
62318,0
62319,-8
62320,-4
62321,14
62322,-4
62323,-4
62324,-4
62325,-4
62326,0
62327,-4
62328,-4
62329,-4
62330,-4
62331,0
62332,0
62333,-4
62334,0
62335,-14
62336,0
62337,0
62338,-8
62339,-4
62340,0
62341,0
62342,0
62343,0
62344,4
62345,0
62346,-12
62347,0
62348,-8
62349,6
62350,0
62351,6
62352,0
62353,0
62354,0
62355,4
62356,6
62357,6
62358,0
62359,6
62360,0
62361,2
62362,-4
62363,0
62364,0
62365,0
62366,4
62367,0
62368,0
62369,8
62370,0
62371,0
62372,0
62373,-4
62374,0
62375,2
62376,0
62377,-6
62378,0
62379,0
62380,10
62381,4
62382,0
62383,0
62384,0
62385,2
62386,2
62387,-4
62388,0
62389,0
62390,0
62391,0
62392,-4
62393,0
62394,0
62395,0
62396,0
62397,0
62398,0
62399,0
62400,0
62401,0
62402,-4
62403,-4
62404,-4
62405,0
62406,0
62407,6
62408,-4
62409,-4
62410,-4
62411,-4
62412,-4
62413,0
62414,0
62415,-4
62416,-4
62417,-4
62418,-4
62419,0
62420,-4
62421,-4
62422,-4
62423,0
62424,-4
62425,-4
62426,-4
62427,0
62428,-4
62429,-4
62430,0
62431,0
62432,0
62433,-4
62434,0
62435,-4
62436,0
62437,0
62438,0
62439,0
62440,0
62441,-4
62442,0
62443,0
62444,0
62445,0
62446,2
62447,-4
62448,-4
62449,0
62450,0
62451,2
62452,0
62453,2
62454,4
62455,0
62456,0
62457,0
62458,2
62459,2
62460,0
62461,4
62462,0
62463,-4
62464,2
62465,2
62466,2
62467,6
62468,0
62469,0
62470,4
62471,0
62472,6
62473,0
62474,0
62475,0
62476,2
62477,0
62478,0
62479,2
62480,0
62481,0
62482,6
62483,0
62484,0
62485,-18
62486,0
62487,0
62488,-10
62489,0
62490,-4
62491,2
62492,0
62493,0
62494,0
62495,0
62496,-4
62497,-4
62498,0
62499,0
62500,-4
62501,0
62502,0
62503,0
62504,-4
62505,-4
62506,-4
62507,-4
62508,-4
62509,0
62510,-4
62511,-4
62512,-4
62513,2
62514,-4
62515,-4
62516,-4
62517,-4
62518,0
62519,-4
62520,0
62521,0
62522,-4
62523,0
62524,2
62525,0
62526,-4
62527,-4
62528,-4
62529,-4
62530,-4
62531,0
62532,0
62533,-4
62534,-4
62535,0
62536,0
62537,0
62538,0
62539,-4
62540,-4
62541,0
62542,2
62543,0
62544,0
62545,0
62546,0
62547,0
62548,4
62549,0
62550,0
62551,6
62552,0
62553,0
62554,0
62555,0
62556,4
62557,0
62558,0
62559,-4
62560,0
62561,4
62562,-8
62563,-4
62564,0
62565,2
62566,2
62567,-12
62568,-4
62569,0
62570,0
62571,-4
62572,0
62573,2
62574,0
62575,2
62576,0
62577,6
62578,0
62579,0
62580,-4
62581,6
62582,4
62583,0
62584,6
62585,0
62586,-4
62587,0
62588,0
62589,16
62590,0
62591,0
62592,0
62593,-4
62594,0
62595,-4
62596,0
62597,0
62598,0
62599,-4
62600,0
62601,0
62602,4
62603,-4
62604,0
62605,0
62606,-4
62607,-4
62608,0
62609,-4
62610,-4
62611,0
62612,6
62613,-4
62614,0
62615,-4
62616,0
62617,0
62618,0
62619,-6
62620,0
62621,-16
62622,0
62623,0
62624,-4
62625,0
62626,4
62627,-4
62628,-4
62629,2
62630,-4
62631,6
62632,6
62633,0
62634,0
62635,-4
62636,-4
62637,0
62638,-4
62639,0
62640,0
62641,6
62642,0
62643,0
62644,0
62645,0
62646,0
62647,0
62648,0
62649,0
62650,0
62651,0
62652,0
62653,4
62654,4
62655,0
62656,0
62657,2
62658,0
62659,0
62660,0
62661,0
62662,0
62663,4
62664,4
62665,0
62666,14
62667,0
62668,0
62669,-4
62670,0
62671,0
62672,0
62673,14
62674,-4
62675,0
62676,4
62677,4
62678,0
62679,-4
62680,0
62681,0
62682,0
62683,-8
62684,0
62685,0
62686,0
62687,-4
62688,0
62689,0
62690,0
62691,0
62692,2
62693,0
62694,0
62695,-4
62696,2
62697,0
62698,0
62699,-4
62700,0
62701,-4
62702,0
62703,-4
62704,-4
62705,-4
62706,-4
62707,-4
62708,-4
62709,-4
62710,0
62711,0
62712,-4
62713,-4
62714,-4
62715,-4
62716,-6
62717,-4
62718,-4
62719,-4
62720,0
62721,-4
62722,-4
62723,-4
62724,-4
62725,-4
62726,-4
62727,-4
62728,0
62729,-4
62730,-6
62731,0
62732,8
62733,-4
62734,-4
62735,2
62736,0
62737,0
62738,6
62739,-4
62740,4
62741,0
62742,0
62743,-14
62744,0
62745,0
62746,0
62747,2
62748,0
62749,0
62750,0
62751,0
62752,0
62753,0
62754,0
62755,2
62756,0
62757,4
62758,0
62759,-4
62760,2
62761,4
62762,6
62763,0
62764,0
62765,0
62766,6
62767,0
62768,-4
62769,0
62770,0
62771,0
62772,6
62773,0
62774,0
62775,0
62776,6
62777,0
62778,6
62779,10
62780,4
62781,-4
62782,0
62783,4
62784,0
62785,0
62786,0
62787,6
62788,0
62789,0
62790,0
62791,0
62792,-8
62793,0
62794,0
62795,6
62796,0
62797,-4
62798,-4
62799,0
62800,-4
62801,0
62802,-4
62803,0
62804,0
62805,-4
62806,0
62807,-4
62808,0
62809,-4
62810,0
62811,-4
62812,-4
62813,-4
62814,-4
62815,0
62816,-4
62817,0
62818,-4
62819,0
62820,-4
62821,-4
62822,0
62823,0
62824,-4
62825,0
62826,-4
62827,0
62828,-4
62829,-4
62830,0
62831,2
62832,-4
62833,2
62834,0
62835,-4
62836,0
62837,0
62838,-4
62839,-4
62840,0
62841,-4
62842,4
62843,-4
62844,0
62845,-4
62846,-4
62847,0
62848,0
62849,-4
62850,0
62851,0
62852,2
62853,0
62854,2
62855,0
62856,6
62857,0
62858,0
62859,0
62860,0
62861,2
62862,0
62863,2
62864,2
62865,2
62866,4
62867,0
62868,-6
62869,0
62870,0
62871,0
62872,4
62873,0
62874,2
62875,0
62876,0
62877,-4
62878,0
62879,4
62880,0
62881,10
62882,0
62883,0
62884,8
62885,0
62886,4
62887,0
62888,0
62889,10
62890,-8
62891,0
62892,-4
62893,4
62894,0
62895,-4
62896,0
62897,0
62898,0
62899,0
62900,0
62901,-4
62902,0
62903,0
62904,-4
62905,-4
62906,-4
62907,0
62908,-4
62909,-4
62910,0
62911,-4
62912,0
62913,0
62914,0
62915,2
62916,-4
62917,0
62918,-4
62919,-4
62920,-4
62921,6
62922,0
62923,0
62924,-4
62925,-4
62926,0
62927,-4
62928,-4
62929,2
62930,0
62931,0
62932,-6
62933,0
62934,-4
62935,6
62936,0
62937,-16
62938,0
62939,0
62940,0
62941,0
62942,-4
62943,0
62944,0
62945,0
62946,0
62947,0
62948,0
62949,-4
62950,0
62951,0
62952,0
62953,0
62954,-4
62955,6
62956,4
62957,0
62958,6
62959,0
62960,0
62961,0
62962,-4
62963,0
62964,2
62965,2
62966,6
62967,0
62968,0
62969,2
62970,4
62971,0
62972,0
62973,6
62974,0
62975,4
62976,6
62977,0
62978,0
62979,4
62980,-4
62981,-4
62982,0
62983,-4
62984,-4
62985,0
62986,0
62987,-4
62988,0
62989,0
62990,-4
62991,0
62992,0
62993,-4
62994,2
62995,0
62996,-4
62997,-4
62998,-4
62999,0
63000,0
63001,0
63002,0
63003,-4
63004,-4
63005,0
63006,-4
63007,-4
63008,2
63009,-6
63010,-4
63011,-4
63012,-4
63013,0
63014,-4
63015,-4
63016,-4
63017,0
63018,0
63019,10
63020,-4
63021,-4
63022,-4
63023,0
63024,-4
63025,0
63026,-4
63027,0
63028,-4
63029,0
63030,-4
63031,-4
63032,0
63033,0
63034,4
63035,-4
63036,0
63037,-4
63038,0
63039,0
63040,0
63041,-4
63042,0
63043,0
63044,0
63045,2
63046,0
63047,0
63048,-4
63049,-4
63050,4
63051,2
63052,0
63053,0
63054,0
63055,0
63056,6
63057,2
63058,8
63059,-4
63060,0
63061,-12
63062,6
63063,6
63064,2
63065,4
63066,20
63067,0
63068,0
63069,0
63070,-4
63071,0
63072,-4
63073,0
63074,4
63075,0
63076,0
63077,4
63078,6
63079,10
63080,2
63081,0
63082,-10
63083,-4
63084,0
63085,-8
63086,0
63087,-16
63088,0
63089,0
63090,0
63091,0
63092,-8
63093,0
63094,0
63095,-4
63096,0
63097,14
63098,-4
63099,-4
63100,0
63101,0
63102,-4
63103,0
63104,0
63105,0
63106,-4
63107,-4
63108,-4
63109,14
63110,0
63111,-14
63112,-4
63113,-4
63114,0
63115,-4
63116,0
63117,-4
63118,0
63119,-4
63120,6
63121,-4
63122,-20
63123,0
63124,-4
63125,-4
63126,-4
63127,-8
63128,0
63129,0
63130,2
63131,-4
63132,0
63133,0
63134,14
63135,0
63136,-12
63137,0
63138,-4
63139,0
63140,0
63141,0
63142,0
63143,0
63144,0
63145,0
63146,-4
63147,0
63148,-4
63149,-6
63150,-4
63151,4
63152,0
63153,0
63154,4
63155,2
63156,0
63157,0
63158,0
63159,0
63160,-4
63161,4
63162,0
63163,0
63164,4
63165,0
63166,4
63167,0
63168,0
63169,4
63170,0
63171,0
63172,2
63173,0
63174,-4
63175,0
63176,4
63177,0
63178,14
63179,0
63180,0
63181,-6
63182,0
63183,0
63184,-4
63185,-4
63186,0
63187,0
63188,6
63189,0
63190,0
63191,-4
63192,-4
63193,0
63194,-4
63195,-8
63196,8
63197,0
63198,0
63199,0
63200,0
63201,8
63202,-4
63203,0
63204,-4
63205,6
63206,0
63207,-4
63208,0
63209,-4
63210,-4
63211,0
63212,-4
63213,-4
63214,8
63215,-4
63216,-4
63217,0
63218,-4
63219,0
63220,-4
63221,2
63222,-4
63223,-4
63224,0
63225,0
63226,-4
63227,-22
63228,0
63229,-6
63230,-4
63231,0
63232,0
63233,-4
63234,-4
63235,-4
63236,0
63237,0
63238,0
63239,-4
63240,0
63241,0
63242,0
63243,-4
63244,0
63245,-4
63246,0
63247,2
63248,0
63249,2
63250,0
63251,0
63252,0
63253,2
63254,0
63255,0
63256,0
63257,4
63258,0
63259,0
63260,6
63261,0
63262,0
63263,2
63264,0
63265,2
63266,0
63267,6
63268,-8
63269,-4
63270,4
63271,6
63272,0
63273,0
63274,-4
63275,0
63276,4
63277,4
63278,0
63279,-4
63280,18
63281,6
63282,4
63283,2
63284,-4
63285,0
63286,8
63287,0
63288,0
63289,-4
63290,2
63291,0
63292,0
63293,-4
63294,0
63295,0
63296,0
63297,-4
63298,-4
63299,0
63300,0
63301,-4
63302,2
63303,0
63304,-4
63305,-4
63306,-4
63307,-8
63308,-4
63309,-4
63310,-18
63311,0
63312,0
63313,0
63314,0
63315,-12
63316,0
63317,6
63318,0
63319,8
63320,0
63321,0
63322,-4
63323,-4
63324,-4
63325,-8
63326,0
63327,0
63328,-4
63329,0
63330,-4
63331,-4
63332,0
63333,0
63334,-4
63335,-4
63336,0
63337,0
63338,-12
63339,0
63340,-4
63341,0
63342,0
63343,-4
63344,0
63345,4
63346,-16
63347,0
63348,0
63349,0
63350,0
63351,0
63352,0
63353,0
63354,0
63355,0
63356,2
63357,0
63358,0
63359,0
63360,2
63361,0
63362,0
63363,0
63364,0
63365,2
63366,0
63367,0
63368,4
63369,0
63370,0
63371,0
63372,0
63373,0
63374,0
63375,0
63376,2
63377,0
63378,0
63379,10
63380,0
63381,4
63382,6
63383,0
63384,-4
63385,6
63386,2
63387,-10
63388,0
63389,-4
63390,2
63391,0
63392,0
63393,0
63394,0
63395,0
63396,-4
63397,0
63398,-4
63399,0
63400,0
63401,-4
63402,6
63403,0
63404,-4
63405,16
63406,-4
63407,0
63408,-4
63409,-4
63410,0
63411,0
63412,-4
63413,-4
63414,0
63415,-4
63416,0
63417,0
63418,-4
63419,-4
63420,-4
63421,-4
63422,-22
63423,0
63424,0
63425,-4
63426,-4
63427,-4
63428,0
63429,-4
63430,0
63431,0
63432,0
63433,6
63434,-4
63435,0
63436,18
63437,0
63438,0
63439,0
63440,16
63441,-4
63442,0
63443,0
63444,0
63445,-4
63446,0
63447,0
63448,0
63449,-4
63450,0
63451,0
63452,0
63453,-16
63454,0
63455,6
63456,0
63457,0
63458,0
63459,0
63460,0
63461,-4
63462,6
63463,6
63464,0
63465,4
63466,-4
63467,6
63468,0
63469,0
63470,2
63471,0
63472,-4
63473,0
63474,0
63475,4
63476,0
63477,-4
63478,2
63479,-4
63480,0
63481,6
63482,0
63483,0
63484,6
63485,0
63486,0
63487,0
63488,-8
63489,0
63490,0
63491,0
63492,0
63493,0
63494,0
63495,-4
63496,-4
63497,0
63498,0
63499,-4
63500,-8
63501,-4
63502,0
63503,0
63504,-4
63505,0
63506,-4
63507,0
63508,-4
63509,0
63510,0
63511,-4
63512,0
63513,-6
63514,-4
63515,-4
63516,0
63517,-4
63518,-4
63519,-4
63520,-4
63521,-4
63522,-4
63523,0
63524,0
63525,-4
63526,-8
63527,0
63528,-8
63529,2
63530,0
63531,0
63532,2
63533,6
63534,0
63535,0
63536,0
63537,-4
63538,0
63539,2
63540,0
63541,-4
63542,0
63543,10
63544,0
63545,0
63546,0
63547,0
63548,-4
63549,0
63550,-4
63551,-4
63552,0
63553,0
63554,0
63555,4
63556,6
63557,0
63558,0
63559,0
63560,0
63561,-8
63562,2
63563,0
63564,6
63565,0
63566,2
63567,0
63568,0
63569,0
63570,4
63571,6
63572,0
63573,0
63574,0
63575,0
63576,6
63577,10
63578,0
63579,4
63580,0
63581,0
63582,4
63583,0
63584,-14
63585,0
63586,6
63587,0
63588,0
63589,0
63590,-4
63591,-4
63592,-8
63593,-4
63594,4
63595,-4
63596,0
63597,-6
63598,0
63599,0
63600,0
63601,0
63602,4
63603,0
63604,0
63605,0
63606,-4
63607,-4
63608,0
63609,-4
63610,-4
63611,0
63612,-4
63613,0
63614,-4
63615,-4
63616,-4
63617,-4
63618,0
63619,-4
63620,-4
63621,-4
63622,-4
63623,-4
63624,-4
63625,0
63626,-4
63627,8
63628,0
63629,-6
63630,-4
63631,0
63632,0
63633,0
63634,0
63635,0
63636,-4
63637,0
63638,-4
63639,-4
63640,0
63641,0
63642,-4
63643,0
63644,-12
63645,0
63646,0
63647,0
63648,-4
63649,0
63650,0
63651,0
63652,2
63653,14
63654,0
63655,2
63656,0
63657,0
63658,-4
63659,-12
63660,0
63661,0
63662,0
63663,2
63664,-4
63665,-4
63666,2
63667,-8
63668,0
63669,0
63670,2
63671,0
63672,0
63673,0
63674,0
63675,6
63676,0
63677,0
63678,0
63679,-4
63680,-4
63681,0
63682,4
63683,-4
63684,0
63685,-4
63686,0
63687,0
63688,-4
63689,0
63690,-6
63691,-6
63692,0
63693,-4
63694,0
63695,0
63696,0
63697,0
63698,0
63699,0
63700,-4
63701,0
63702,0
63703,-4
63704,0
63705,0
63706,-4
63707,-4
63708,0
63709,-14
63710,-4
63711,-4
63712,-4
63713,-6
63714,-4
63715,-6
63716,0
63717,0
63718,-4
63719,-4
63720,-4
63721,-4
63722,0
63723,-4
63724,0
63725,-4
63726,0
63727,0
63728,0
63729,-4
63730,4
63731,-4
63732,0
63733,0
63734,10
63735,0
63736,2
63737,-4
63738,6
63739,0
63740,0
63741,0
63742,2
63743,-4
63744,0
63745,0
63746,0
63747,0
63748,0
63749,-4
63750,0
63751,0
63752,0
63753,0
63754,0
63755,2
63756,2
63757,4
63758,6
63759,-8
63760,4
63761,0
63762,2
63763,0
63764,0
63765,0
63766,6
63767,0
63768,0
63769,0
63770,10
63771,0
63772,2
63773,0
63774,-14
63775,-4
63776,2
63777,0
63778,0
63779,2
63780,0
63781,-4
63782,0
63783,0
63784,0
63785,0
63786,0
63787,0
63788,0
63789,0
63790,0
63791,0
63792,0
63793,0
63794,0
63795,0
63796,0
63797,-4
63798,0
63799,0
63800,0
63801,2
63802,-4
63803,-4
63804,0
63805,0
63806,-4
63807,2
63808,6
63809,0
63810,0
63811,-4
63812,-4
63813,-4
63814,-4
63815,-4
63816,-8
63817,-4
63818,0
63819,-4
63820,0
63821,0
63822,-4
63823,-4
63824,0
63825,-4
63826,-4
63827,4
63828,-4
63829,0
63830,8
63831,-4
63832,0
63833,-4
63834,-4
63835,-4
63836,0
63837,-4
63838,0
63839,-4
63840,4
63841,-4
63842,0
63843,4
63844,0
63845,0
63846,0
63847,4
63848,-4
63849,0
63850,-4
63851,2
63852,-4
63853,0
63854,0
63855,0
63856,2
63857,4
63858,-14
63859,0
63860,-8
63861,0
63862,0
63863,0
63864,0
63865,4
63866,4
63867,0
63868,0
63869,0
63870,0
63871,-14
63872,0
63873,0
63874,0
63875,2
63876,6
63877,0
63878,6
63879,-4
63880,-4
63881,0
63882,2
63883,-4
63884,0
63885,0
63886,0
63887,0
63888,0
63889,8
63890,0
63891,0
63892,0
63893,0
63894,2
63895,0
63896,-4
63897,0
63898,-4
63899,-4
63900,0
63901,0
63902,0
63903,-4
63904,-4
63905,-4
63906,0
63907,-4
63908,-4
63909,0
63910,24
63911,-4
63912,0
63913,-4
63914,-4
63915,0
63916,10
63917,-4
63918,-4
63919,0
63920,-4
63921,-18
63922,-4
63923,6
63924,0
63925,0
63926,-4
63927,-4
63928,-4
63929,0
63930,0
63931,-6
63932,4
63933,-4
63934,0
63935,14
63936,0
63937,0
63938,-4
63939,0
63940,-4
63941,0
63942,0
63943,8
63944,0
63945,0
63946,0
63947,0
63948,0
63949,0
63950,0
63951,0
63952,-4
63953,2
63954,0
63955,0
63956,0
63957,0
63958,0
63959,-4
63960,2
63961,0
63962,-6
63963,-4
63964,0
63965,0
63966,0
63967,2
63968,18
63969,-4
63970,0
63971,4
63972,4
63973,2
63974,0
63975,6
63976,0
63977,6
63978,0
63979,-14
63980,0
63981,6
63982,-6
63983,0
63984,-4
63985,0
63986,0
63987,4
63988,0
63989,-4
63990,-4
63991,-4
63992,-4
63993,0
63994,0
63995,-4
63996,0
63997,0
63998,-6
63999,-4
64000,0
64001,-4
64002,0
64003,0
64004,0
64005,-4
64006,-4
64007,0
64008,-4
64009,-4
64010,-4
64011,-4
64012,10
64013,-8
64014,-4
64015,0
64016,-4
64017,-4
64018,-4
64019,-4
64020,0
64021,-4
64022,6
64023,0
64024,-4
64025,-4
64026,-4
64027,0
64028,0
64029,0
64030,-8
64031,0
64032,2
64033,0
64034,-4
64035,-4
64036,-4
64037,0
64038,-4
64039,-6
64040,0
64041,0
64042,8
64043,0
64044,0
64045,0
64046,-4
64047,2
64048,-4
64049,0
64050,0
64051,0
64052,0
64053,4
64054,0
64055,0
64056,0
64057,2
64058,0
64059,0
64060,0
64061,-4
64062,2
64063,0
64064,-4
64065,6
64066,4
64067,2
64068,0
64069,0
64070,-10
64071,0
64072,2
64073,2
64074,-4
64075,2
64076,6
64077,4
64078,-8
64079,0
64080,0
64081,-10
64082,0
64083,0
64084,4
64085,0
64086,0
64087,2
64088,0
64089,0
64090,0
64091,0
64092,0
64093,-4
64094,-4
64095,10
64096,0
64097,6
64098,2
64099,0
64100,0
64101,0
64102,0
64103,-4
64104,0
64105,-4
64106,0
64107,-4
64108,-4
64109,0
64110,0
64111,-8
64112,-4
64113,-4
64114,0
64115,-4
64116,-4
64117,14
64118,-4
64119,-4
64120,-4
64121,-4
64122,0
64123,-4
64124,-4
64125,-4
64126,0
64127,0
64128,-4
64129,-6
64130,-4
64131,0
64132,-4
64133,-4
64134,0
64135,-4
64136,0
64137,0
64138,0
64139,0
64140,-8
64141,6
64142,2
64143,-4
64144,0
64145,-4
64146,-4
64147,0
64148,18
64149,0
64150,0
64151,0
64152,0
64153,0
64154,0
64155,0
64156,-4
64157,0
64158,0
64159,0
64160,2
64161,0
64162,0
64163,0
64164,0
64165,2
64166,4
64167,2
64168,0
64169,0
64170,0
64171,0
64172,4
64173,6
64174,0
64175,0
64176,10
64177,2
64178,4
64179,-4
64180,10
64181,0
64182,0
64183,-4
64184,0
64185,0
64186,-8
64187,0
64188,-4
64189,-4
64190,0
64191,0
64192,0
64193,0
64194,0
64195,0
64196,0
64197,0
64198,0
64199,0
64200,0
64201,0
64202,-4
64203,0
64204,0
64205,0
64206,-4
64207,-4
64208,-4
64209,0
64210,-4
64211,0
64212,-4
64213,-4
64214,-4
64215,0
64216,-4
64217,-4
64218,0
64219,-4
64220,-4
64221,0
64222,0
64223,-4
64224,-4
64225,0
64226,18
64227,-4
64228,-4
64229,6
64230,0
64231,0
64232,0
64233,0
64234,0
64235,-8
64236,0
64237,-4
64238,-4
64239,-4
64240,0
64241,0
64242,0
64243,0
64244,0
64245,0
64246,0
64247,-4
64248,0
64249,0
64250,-4
64251,0
64252,0
64253,0
64254,0
64255,2
64256,2
64257,0
64258,0
64259,0
64260,0
64261,0
64262,0
64263,-4
64264,0
64265,0
64266,-4
64267,0
64268,2
64269,2
64270,0
64271,0
64272,0
64273,0
64274,2
64275,4
64276,0
64277,2
64278,0
64279,-4
64280,0
64281,0
64282,6
64283,0
64284,0
64285,-4
64286,0
64287,4
64288,0
64289,-20
64290,0
64291,-4
64292,0
64293,0
64294,-4
64295,0
64296,0
64297,0
64298,0
64299,8
64300,-6
64301,0
64302,0
64303,0
64304,0
64305,0
64306,-4
64307,-4
64308,0
64309,0
64310,0
64311,0
64312,-4
64313,-4
64314,0
64315,0
64316,-14
64317,0
64318,-4
64319,-4
64320,-4
64321,-4
64322,0
64323,-4
64324,-4
64325,0
64326,-4
64327,-4
64328,10
64329,0
64330,-4
64331,-4
64332,-4
64333,4
64334,0
64335,0
64336,0
64337,0
64338,0
64339,0
64340,0
64341,0
64342,0
64343,-4
64344,-4
64345,2
64346,4
64347,0
64348,-4
64349,0
64350,0
64351,-4
64352,-4
64353,4
64354,0
64355,0
64356,0
64357,0
64358,0
64359,-4
64360,0
64361,0
64362,4
64363,-4
64364,0
64365,0
64366,0
64367,0
64368,-4
64369,0
64370,0
64371,2
64372,6
64373,0
64374,4
64375,0
64376,2
64377,0
64378,10
64379,2
64380,0
64381,-12
64382,-4
64383,4
64384,-4
64385,4
64386,0
64387,-6
64388,0
64389,-4
64390,-4
64391,-8
64392,0
64393,-4
64394,-8
64395,0
64396,0
64397,0
64398,0
64399,0
64400,2
64401,0
64402,0
64403,0
64404,-4
64405,0
64406,-4
64407,-4
64408,-4
64409,-6
64410,0
64411,0
64412,-4
64413,-4
64414,-4
64415,0
64416,-4
64417,-4
64418,-4
64419,0
64420,8
64421,-4
64422,-4
64423,-4
64424,-4
64425,0
64426,-6
64427,0
64428,0
64429,0
64430,-4
64431,0
64432,-4
64433,-4
64434,0
64435,0
64436,-4
64437,-4
64438,0
64439,-8
64440,0
64441,-4
64442,-4
64443,0
64444,0
64445,-4
64446,0
64447,0
64448,0
64449,0
64450,0
64451,0
64452,2
64453,0
64454,0
64455,0
64456,4
64457,0
64458,-4
64459,4
64460,10
64461,0
64462,0
64463,-4
64464,0
64465,0
64466,0
64467,-14
64468,6
64469,4
64470,0
64471,0
64472,0
64473,0
64474,2
64475,0
64476,-4
64477,-8
64478,-4
64479,2
64480,2
64481,-4
64482,0
64483,0
64484,-4
64485,0
64486,0
64487,0
64488,-4
64489,0
64490,0
64491,0
64492,0
64493,4
64494,-4
64495,-8
64496,0
64497,0
64498,0
64499,-4
64500,0
64501,0
64502,-4
64503,-4
64504,-4
64505,0
64506,-4
64507,16
64508,0
64509,-8
64510,-4
64511,-4
64512,4
64513,0
64514,0
64515,-4
64516,-4
64517,0
64518,-4
64519,0
64520,-4
64521,6
64522,-4
64523,10
64524,-4
64525,0
64526,0
64527,-4
64528,-4
64529,-4
64530,-4
64531,2
64532,-4
64533,0
64534,-4
64535,0
64536,-4
64537,-4
64538,0
64539,0
64540,-4
64541,-4
64542,0
64543,0
64544,0
64545,0
64546,0
64547,0
64548,0
64549,0
64550,0
64551,0
64552,0
64553,2
64554,0
64555,0
64556,2
64557,0
64558,4
64559,0
64560,2
64561,-4
64562,4
64563,0
64564,0
64565,0
64566,0
64567,0
64568,0
64569,-4
64570,2
64571,2
64572,2
64573,4
64574,0
64575,0
64576,0
64577,6
64578,0
64579,-14
64580,4
64581,0
64582,-4
64583,-4
64584,-4
64585,-4
64586,-4
64587,0
64588,0
64589,-8
64590,-4
64591,-4
64592,0
64593,4
64594,0
64595,-4
64596,0
64597,-8
64598,0
64599,-4
64600,-4
64601,0
64602,-4
64603,-4
64604,-4
64605,-4
64606,-18
64607,-4
64608,-4
64609,-4
64610,0
64611,0
64612,-4
64613,0
64614,0
64615,-8
64616,0
64617,-4
64618,-4
64619,-4
64620,-4
64621,-4
64622,0
64623,-4
64624,0
64625,-4
64626,-4
64627,0
64628,0
64629,-4
64630,2
64631,0
64632,-4
64633,0
64634,10
64635,-4
64636,-4
64637,-4
64638,0
64639,0
64640,0
64641,0
64642,0
64643,0
64644,0
64645,0
64646,0
64647,0
64648,0
64649,0
64650,-4
64651,0
64652,2
64653,0
64654,0
64655,0
64656,-6
64657,4
64658,-4
64659,0
64660,2
64661,0
64662,0
64663,2
64664,4
64665,-4
64666,-4
64667,0
64668,0
64669,-8
64670,2
64671,0
64672,-4
64673,0
64674,-4
64675,2
64676,4
64677,-4
64678,14
64679,2
64680,4
64681,-6
64682,-4
64683,0
64684,4
64685,0
64686,2
64687,-8
64688,0
64689,0
64690,10
64691,-8
64692,-8
64693,0
64694,0
64695,-4
64696,0
64697,0
64698,0
64699,-4
64700,0
64701,0
64702,-4
64703,2
64704,-4
64705,0
64706,0
64707,-4
64708,-4
64709,-4
64710,-4
64711,6
64712,-4
64713,0
64714,-4
64715,0
64716,-18
64717,-4
64718,-6
64719,-4
64720,0
64721,-4
64722,-4
64723,0
64724,-4
64725,0
64726,0
64727,-4
64728,-4
64729,-4
64730,0
64731,-6
64732,0
64733,-16
64734,0
64735,0
64736,6
64737,0
64738,-4
64739,6
64740,0
64741,0
64742,0
64743,-4
64744,-4
64745,0
64746,4
64747,0
64748,6
64749,0
64750,0
64751,0
64752,2
64753,0
64754,0
64755,0
64756,2
64757,0
64758,0
64759,-4
64760,0
64761,0
64762,0
64763,0
64764,0
64765,4
64766,0
64767,0
64768,0
64769,2
64770,0
64771,0
64772,0
64773,0
64774,0
64775,0
64776,-4
64777,-10
64778,0
64779,0
64780,6
64781,6
64782,0
64783,0
64784,0
64785,0
64786,0
64787,0
64788,2
64789,0
64790,0
64791,0
64792,0
64793,-4
64794,8
64795,0
64796,0
64797,0
64798,0
64799,-4
64800,0
64801,0
64802,-4
64803,-4
64804,-4
64805,-4
64806,-6
64807,-4
64808,-8
64809,0
64810,-4
64811,-4
64812,0
64813,-4
64814,-4
64815,-4
64816,-4
64817,-4
64818,-4
64819,0
64820,-4
64821,-8
64822,-4
64823,8
64824,-4
64825,0
64826,-6
64827,-4
64828,0
64829,-4
64830,0
64831,0
64832,6
64833,0
64834,0
64835,-4
64836,-4
64837,4
64838,0
64839,0
64840,0
64841,0
64842,0
64843,0
64844,0
64845,4
64846,0
64847,4
64848,0
64849,0
64850,0
64851,0
64852,0
64853,2
64854,0
64855,0
64856,2
64857,0
64858,4
64859,2
64860,0
64861,2
64862,0
64863,0
64864,0
64865,0
64866,4
64867,-10
64868,4
64869,0
64870,0
64871,10
64872,0
64873,0
64874,0
64875,0
64876,0
64877,0
64878,-4
64879,-14
64880,0
64881,0
64882,10
64883,0
64884,-4
64885,0
64886,-4
64887,4
64888,0
64889,0
64890,0
64891,0
64892,0
64893,6
64894,-4
64895,-8
64896,-4
64897,0
64898,0
64899,0
64900,0
64901,0
64902,0
64903,-4
64904,0
64905,0
64906,0
64907,-4
64908,-4
64909,0
64910,-4
64911,-4
64912,0
64913,0
64914,-4
64915,4
64916,-4
64917,4
64918,-4
64919,0
64920,-4
64921,-4
64922,-4
64923,-4
64924,0
64925,-4
64926,0
64927,-8
64928,0
64929,-4
64930,0
64931,-4
64932,-4
64933,-4
64934,0
64935,0
64936,0
64937,0
64938,0
64939,-4
64940,0
64941,0
64942,-4
64943,0
64944,2
64945,0
64946,0
64947,0
64948,0
64949,0
64950,0
64951,0
64952,0
64953,0
64954,-4
64955,4
64956,0
64957,4
64958,0
64959,0
64960,2
64961,-4
64962,8
64963,0
64964,-6
64965,-4
64966,0
64967,0
64968,4
64969,0
64970,0
64971,-4
64972,6
64973,4
64974,0
64975,0
64976,4
64977,0
64978,20
64979,0
64980,0
64981,0
64982,0
64983,0
64984,-4
64985,0
64986,2
64987,0
64988,0
64989,0
64990,4
64991,2
64992,-4
64993,-6
64994,0
64995,0
64996,6
64997,0
64998,-6
64999,0
65000,-10
65001,-8
65002,-4
65003,-4
65004,-4
65005,-4
65006,-4
65007,-4
65008,0
65009,-4
65010,-4
65011,0
65012,0
65013,-4
65014,-4
65015,0
65016,-4
65017,-4
65018,-4
65019,-4
65020,-4
65021,-4
65022,-4
65023,0
65024,-4
65025,-4
65026,-4
65027,-4
65028,-4
65029,0
65030,-4
65031,-4
65032,6
65033,-4
65034,-4
65035,0
65036,0
65037,0
65038,0
65039,2
65040,0
65041,0
65042,0
65043,4
65044,0
65045,0
65046,0
65047,0
65048,0
65049,0
65050,0
65051,0
65052,0
65053,0
65054,0
65055,0
65056,0
65057,0
65058,0
65059,2
65060,6
65061,2
65062,0
65063,0
65064,0
65065,0
65066,-4
65067,0
65068,8
65069,0
65070,0
65071,2
65072,4
65073,4
65074,0
65075,0
65076,-4
65077,4
65078,0
65079,4
65080,-4
65081,0
65082,0
65083,-8
65084,0
65085,0
65086,0
65087,0
65088,-12
65089,0
65090,0
65091,0
65092,0
65093,0
65094,4
65095,-4
65096,0
65097,0
65098,-4
65099,-4
65100,0
65101,0
65102,0
65103,-4
65104,-4
65105,0
65106,0
65107,0
65108,-4
65109,0
65110,-4
65111,-4
65112,0
65113,-4
65114,0
65115,-4
65116,-4
65117,-4
65118,0
65119,0
65120,-4
65121,0
65122,-4
65123,-4
65124,0
65125,-4
65126,0
65127,0
65128,-6
65129,-4
65130,-4
65131,-4
65132,-4
65133,0
65134,0
65135,14
65136,0
65137,8
65138,-4
65139,0
65140,-4
65141,-4
65142,-4
65143,0
65144,0
65145,0
65146,-4
65147,0
65148,-4
65149,2
65150,4
65151,6
65152,0
65153,10
65154,0
65155,0
65156,2
65157,2
65158,0
65159,-4
65160,0
65161,-4
65162,0
65163,0
65164,0
65165,0
65166,0
65167,4
65168,0
65169,0
65170,0
65171,-14
65172,2
65173,0
65174,-4
65175,0
65176,6
65177,4
65178,0
65179,-14
65180,0
65181,2
65182,-8
65183,0
65184,0
65185,4
65186,0
65187,0
65188,0
65189,0
65190,0
65191,0
65192,0
65193,0
65194,-4
65195,0
65196,0
65197,0
65198,0
65199,0
65200,0
65201,0
65202,-4
65203,-4
65204,-4
65205,-4
65206,-4
65207,0
65208,-4
65209,8
65210,0
65211,0
65212,-4
65213,-4
65214,-4
65215,2
65216,0
65217,-4
65218,-4
65219,-4
65220,-4
65221,-4
65222,-4
65223,-4
65224,-4
65225,-4
65226,0
65227,4
65228,0
65229,-4
65230,4
65231,0
65232,0
65233,2
65234,0
65235,-4
65236,-4
65237,0
65238,-4
65239,0
65240,0
65241,0
65242,0
65243,0
65244,0
65245,0
65246,2
65247,0
65248,0
65249,0
65250,0
65251,0
65252,0
65253,-4
65254,0
65255,0
65256,6
65257,0
65258,0
65259,-6
65260,0
65261,6
65262,0
65263,0
65264,0
65265,0
65266,4
65267,10
65268,4
65269,0
65270,0
65271,0
65272,14
65273,0
65274,0
65275,0
65276,4
65277,-4
65278,0
65279,0
65280,4
65281,14
65282,2
65283,0
65284,4
65285,0
65286,0
65287,-4
65288,0
65289,0
65290,-4
65291,2
65292,0
65293,-8
65294,0
65295,-4
65296,0
65297,0
65298,-4
65299,-4
65300,0
65301,0
65302,-4
65303,0
65304,-4
65305,-4
65306,-4
65307,-4
65308,-4
65309,32
65310,2
65311,-20
65312,-4
65313,-4
65314,0
65315,0
65316,-4
65317,-6
65318,0
65319,-4
65320,-4
65321,-4
65322,-8
65323,-4
65324,-16
65325,-4
65326,-6
65327,8
65328,0
65329,-4
65330,-4
65331,0
65332,-4
65333,-16
65334,-4
65335,0
65336,6
65337,-4
65338,6
65339,-4
65340,0
65341,0
65342,0
65343,-4
65344,6
65345,0
65346,0
65347,0
65348,0
65349,-4
65350,0
65351,-4
65352,0
65353,-18
65354,0
65355,0
65356,4
65357,0
65358,0
65359,0
65360,0
65361,0
65362,0
65363,8
65364,6
65365,0
65366,0
65367,4
65368,0
65369,-14
65370,6
65371,4
65372,2
65373,0
65374,0
65375,2
65376,8
65377,4
65378,4
65379,-4
65380,0
65381,0
65382,-4
65383,6
65384,0
65385,0
65386,-4
65387,0
65388,4
65389,0
65390,0
65391,6
65392,-14
65393,0
65394,0
65395,0
65396,-8
65397,0
65398,4
65399,-4
65400,-4
65401,0
65402,0
65403,0
65404,-4
65405,0
65406,0
65407,-4
65408,0
65409,-4
65410,-4
65411,-4
65412,0
65413,-4
65414,-4
65415,-4
65416,2
65417,-4
65418,-4
65419,-12
65420,18
65421,-4
65422,-4
65423,4
65424,-4
65425,-4
65426,0
65427,0
65428,0
65429,-4
65430,-4
65431,4
65432,2
65433,-4
65434,-4
65435,20
65436,0
65437,4
65438,0
65439,-4
65440,6
65441,0
65442,-4
65443,0
65444,0
65445,0
65446,0
65447,0
65448,0
65449,0
65450,0
65451,0
65452,-4
65453,0
65454,0
65455,0
65456,0
65457,2
65458,2
65459,4
65460,0
65461,4
65462,0
65463,0
65464,-4
65465,-10
65466,-4
65467,2
65468,-8
65469,0
65470,0
65471,0
65472,4
65473,14
65474,0
65475,6
65476,2
65477,4
65478,0
65479,10
65480,-4
65481,6
65482,-6
65483,0
65484,0
65485,-4
65486,0
65487,0
65488,-4
65489,-4
65490,-4
65491,0
65492,-4
65493,0
65494,2
65495,0
65496,-4
65497,-4
65498,10
65499,-4
65500,0
65501,0
65502,-4
65503,0
65504,-4
65505,0
65506,-4
65507,-4
65508,0
65509,0
65510,0
65511,-4
65512,0
65513,0
65514,-4
65515,-6
65516,0
65517,-4
65518,-6
65519,0
65520,-4
65521,0
65522,0
65523,0
65524,-4
65525,0
65526,-4
65527,-4
65528,-4
65529,-4
65530,-6
65531,-4
65532,0
65533,-4
65534,6
65535,-4
65536,0
65537,2
65538,-4
65539,0
65540,0
65541,6
65542,-4
65543,0
65544,0
65545,0
65546,-4
65547,0
65548,0
65549,-8
65550,0
65551,-4
65552,0
65553,0
65554,2
65555,2
65556,0
65557,0
65558,0
65559,4
65560,6
65561,2
65562,0
65563,2
65564,-4
65565,0
65566,0
65567,4
65568,6
65569,0
65570,0
65571,0
65572,-6
65573,0
65574,6
65575,0
65576,0
65577,8
65578,0
65579,0
65580,0
65581,0
65582,6
65583,0
65584,6
65585,-4
65586,0
65587,-8
65588,2
65589,-4
65590,0
65591,0
65592,0
65593,-4
65594,0
65595,0
65596,0
65597,0
65598,0
65599,-4
65600,4
65601,0
65602,6
65603,-4
65604,-4
65605,-4
65606,0
65607,0
65608,-4
65609,0
65610,0
65611,0
65612,0
65613,-4
65614,-6
65615,0
65616,-4
65617,-4
65618,-4
65619,0
65620,0
65621,-4
65622,-14
65623,-4
65624,2
65625,-4
65626,-4
65627,-26
65628,-4
65629,-4
65630,2
65631,-4
65632,-4
65633,-4
65634,-4
65635,0
65636,0
65637,0
65638,4
65639,-4
65640,0
65641,0
65642,0
65643,0
65644,0
65645,-4
65646,0
65647,0
65648,0
65649,0
65650,2
65651,-4
65652,0
65653,4
65654,0
65655,4
65656,4
65657,4
65658,0
65659,0
65660,2
65661,0
65662,0
65663,2
65664,0
65665,4
65666,0
65667,-4
65668,0
65669,-4
65670,-4
65671,0
65672,0
65673,0
65674,2
65675,0
65676,2
65677,0
65678,0
65679,-4
65680,-14
65681,0
65682,0
65683,2
65684,-4
65685,-4
65686,0
65687,0
65688,0
65689,-4
65690,0
65691,0
65692,-4
65693,8
65694,0
65695,-4
65696,0
65697,0
65698,-4
65699,0
65700,0
65701,6
65702,0
65703,0
65704,0
65705,0
65706,0
65707,-4
65708,-4
65709,-4
65710,-4
65711,-4
65712,0
65713,0
65714,-8
65715,0
65716,-4
65717,-14
65718,-4
65719,-8
65720,4
65721,-4
65722,-4
65723,-4
65724,-4
65725,0
65726,-4
65727,-4
65728,-4
65729,-4
65730,-4
65731,0
65732,-4
65733,-4
65734,0
65735,18
65736,0
65737,0
65738,0
65739,-14
65740,0
65741,0
65742,0
65743,0
65744,0
65745,0
65746,0
65747,0
65748,0
65749,0
65750,0
65751,0
65752,-4
65753,2
65754,0
65755,2
65756,0
65757,0
65758,2
65759,2
65760,6
65761,-4
65762,0
65763,0
65764,4
65765,4
65766,0
65767,4
65768,0
65769,0
65770,0
65771,-8
65772,0
65773,-8
65774,0
65775,6
65776,0
65777,4
65778,0
65779,8
65780,2
65781,0
65782,-4
65783,0
65784,-4
65785,-4
65786,0
65787,0
65788,0
65789,0
65790,0
65791,0
65792,0
65793,0
65794,0
65795,0
65796,0
65797,0
65798,0
65799,0
65800,0
65801,0
65802,0
65803,0
65804,-4
65805,0
65806,0
65807,0
65808,-4
65809,-4
65810,0
65811,-4
65812,-4
65813,0
65814,0
65815,0
65816,-4
65817,-4
65818,-4
65819,-4
65820,-4
65821,-6
65822,-4
65823,-4
65824,-4
65825,-22
65826,-4
65827,0
65828,-22
65829,0
65830,-4
65831,-4
65832,-4
65833,0
65834,-14
65835,0
65836,0
65837,0
65838,0
65839,0
65840,-4
65841,0
65842,4
65843,2
65844,0
65845,-4
65846,0
65847,4
65848,0
65849,0
65850,6
65851,0
65852,-4
65853,0
65854,0
65855,2
65856,0
65857,4
65858,-4
65859,0
65860,10
65861,2
65862,0
65863,0
65864,0
65865,-4
65866,0
65867,2
65868,10
65869,2
65870,2
65871,0
65872,-4
65873,0
65874,-4
65875,-4
65876,0
65877,6
65878,-4
65879,0
65880,0
65881,8
65882,0
65883,0
65884,2
65885,0
65886,2
65887,0
65888,0
65889,6
65890,0
65891,0
65892,0
65893,0
65894,0
65895,0
65896,6
65897,0
65898,0
65899,-4
65900,0
65901,0
65902,-4
65903,-4
65904,-4
65905,-4
65906,0
65907,-4
65908,0
65909,-4
65910,-14
65911,6
65912,0
65913,0
65914,-18
65915,0
65916,-4
65917,-4
65918,-6
65919,-4
65920,-4
65921,-4
65922,-4
65923,-4
65924,-4
65925,0
65926,0
65927,6
65928,0
65929,-8
65930,-8
65931,0
65932,0
65933,-16
65934,0
65935,0
65936,0
65937,0
65938,-4
65939,0
65940,0
65941,10
65942,-4
65943,0
65944,-4
65945,6
65946,0
65947,0
65948,0
65949,-4
65950,0
65951,-4
65952,-4
65953,0
65954,0
65955,0
65956,0
65957,2
65958,-6
65959,2
65960,0
65961,0
65962,0
65963,0
65964,0
65965,0
65966,0
65967,4
65968,2
65969,2
65970,0
65971,0
65972,-4
65973,0
65974,-16
65975,0
65976,0
65977,0
65978,2
65979,0
65980,-4
65981,0
65982,0
65983,0
65984,-4
65985,-4
65986,0
65987,6
65988,0
65989,2
65990,2
65991,0
65992,0
65993,0
65994,6
65995,0
65996,0
65997,0
65998,0
65999,0
66000,0
66001,0
66002,0
66003,-4
66004,-4
66005,-4
66006,0
66007,0
66008,-4
66009,0
66010,0
66011,-4
66012,-4
66013,-4
66014,0
66015,0
66016,0
66017,-4
66018,-4
66019,-4
66020,-4
66021,-4
66022,0
66023,-4
66024,-4
66025,-4
66026,0
66027,0
66028,0
66029,-4
66030,-4
66031,0
66032,-4
66033,-4
66034,0
66035,-14
66036,0
66037,0
66038,0
66039,0
66040,0
66041,-4
66042,0
66043,2
66044,0
66045,0
66046,-12
66047,0
66048,0
66049,-14
66050,4
66051,0
66052,0
66053,0
66054,0
66055,0
66056,2
66057,2
66058,0
66059,-8
66060,6
66061,4
66062,-4
66063,4
66064,0
66065,4
66066,0
66067,0
66068,0
66069,6
66070,10
66071,0
66072,0
66073,8
66074,0
66075,4
66076,0
66077,0
66078,4
66079,-12
66080,-4
66081,6
66082,10
66083,0
66084,0
66085,-4
66086,-4
66087,0
66088,8
66089,0
66090,0
66091,-8
66092,0
66093,2
66094,0
66095,0
66096,0
66097,0
66098,0
66099,0
66100,0
66101,0
66102,0
66103,0
66104,-8
66105,-4
66106,0
66107,0
66108,-4
66109,-4
66110,0
66111,-4
66112,0
66113,-4
66114,-4
66115,2
66116,-4
66117,-4
66118,-4
66119,-4
66120,10
66121,-4
66122,-4
66123,-4
66124,0
66125,18
66126,-4
66127,0
66128,-16
66129,-4
66130,0
66131,-4
66132,0
66133,0
66134,-12
66135,0
66136,0
66137,-4
66138,0
66139,-4
66140,0
66141,-4
66142,0
66143,0
66144,-14
66145,0
66146,2
66147,0
66148,0
66149,-4
66150,0
66151,0
66152,0
66153,0
66154,2
66155,0
66156,0
66157,2
66158,0
66159,0
66160,0
66161,0
66162,6
66163,0
66164,2
66165,0
66166,0
66167,0
66168,0
66169,4
66170,0
66171,0
66172,0
66173,0
66174,4
66175,0
66176,0
66177,0
66178,-22
66179,4
66180,0
66181,-8
66182,4
66183,0
66184,-4
66185,-4
66186,0
66187,0
66188,0
66189,-12
66190,0
66191,0
66192,0
66193,0
66194,0
66195,0
66196,0
66197,0
66198,0
66199,0
66200,6
66201,0
66202,0
66203,0
66204,-4
66205,-4
66206,0
66207,-4
66208,0
66209,0
66210,-4
66211,0
66212,-4
66213,-4
66214,-4
66215,-4
66216,-4
66217,-4
66218,-4
66219,-4
66220,-4
66221,-4
66222,-4
66223,0
66224,-8
66225,-4
66226,-4
66227,-4
66228,-4
66229,-4
66230,-14
66231,-4
66232,0
66233,14
66234,-4
66235,-4
66236,0
66237,0
66238,4
66239,-4
66240,0
66241,0
66242,0
66243,-4
66244,0
66245,0
66246,0
66247,0
66248,0
66249,0
66250,0
66251,0
66252,0
66253,0
66254,0
66255,0
66256,0
66257,4
66258,0
66259,4
66260,-4
66261,0
66262,0
66263,2
66264,4
66265,4
66266,-4
66267,0
66268,6
66269,4
66270,0
66271,0
66272,10
66273,6
66274,-12
66275,6
66276,0
66277,-8
66278,4
66279,0
66280,14
66281,2
66282,4
66283,6
66284,-4
66285,-4
66286,0
66287,-4
66288,0
66289,0
66290,-4
66291,0
66292,-4
66293,2
66294,0
66295,0
66296,4
66297,0
66298,0
66299,0
66300,0
66301,-4
66302,2
66303,0
66304,-4
66305,-4
66306,0
66307,0
66308,-4
66309,-4
66310,-4
66311,0
66312,-4
66313,0
66314,0
66315,-4
66316,-4
66317,0
66318,0
66319,-4
66320,-4
66321,-4
66322,-4
66323,0
66324,-4
66325,-4
66326,-4
66327,-4
66328,-4
66329,-8
66330,0
66331,-4
66332,4
66333,0
66334,0
66335,6
66336,-4
66337,-4
66338,-4
66339,-4
66340,-4
66341,0
66342,-14
66343,0
66344,2
66345,0
66346,0
66347,0
66348,0
66349,-4
66350,0
66351,0
66352,0
66353,0
66354,0
66355,0
66356,0
66357,-8
66358,0
66359,0
66360,4
66361,2
66362,4
66363,0
66364,2
66365,-10
66366,2
66367,0
66368,0
66369,0
66370,6
66371,0
66372,0
66373,-4
66374,0
66375,0
66376,0
66377,-4
66378,0
66379,4
66380,0
66381,0
66382,10
66383,4
66384,-4
66385,-4
66386,4
66387,0
66388,-4
66389,0
66390,0
66391,-8
66392,0
66393,-6
66394,0
66395,0
66396,2
66397,-4
66398,-4
66399,0
66400,0
66401,2
66402,6
66403,0
66404,-4
66405,0
66406,-4
66407,-4
66408,-4
66409,0
66410,-4
66411,0
66412,-4
66413,-8
66414,0
66415,-16
66416,2
66417,-4
66418,-4
66419,-4
66420,-4
66421,-4
66422,-4
66423,-18
66424,-4
66425,-4
66426,-4
66427,-4
66428,-4
66429,-4
66430,0
66431,0
66432,0
66433,0
66434,4
66435,0
66436,0
66437,4
66438,0
66439,-14
66440,0
66441,0
66442,0
66443,0
66444,0
66445,0
66446,-4
66447,0
66448,0
66449,0
66450,-4
66451,0
66452,-4
66453,6
66454,0
66455,0
66456,0
66457,4
66458,0
66459,0
66460,0
66461,4
66462,0
66463,0
66464,0
66465,0
66466,0
66467,-4
66468,0
66469,0
66470,6
66471,14
66472,0
66473,0
66474,2
66475,0
66476,0
66477,0
66478,16
66479,0
66480,2
66481,-14
66482,2
66483,2
66484,-4
66485,0
66486,0
66487,0
66488,0
66489,6
66490,2
66491,0
66492,0
66493,0
66494,0
66495,0
66496,-4
66497,0
66498,0
66499,0
66500,0
66501,-4
66502,0
66503,0
66504,-4
66505,-4
66506,-4
66507,-4
66508,-4
66509,-4
66510,-4
66511,0
66512,-4
66513,-4
66514,-4
66515,-4
66516,2
66517,-4
66518,-4
66519,0
66520,-4
66521,-20
66522,0
66523,0
66524,0
66525,-4
66526,-4
66527,18
66528,-4
66529,-4
66530,-16
66531,-4
66532,-6
66533,6
66534,-4
66535,0
66536,-6
66537,0
66538,-4
66539,0
66540,0
66541,0
66542,0
66543,-4
66544,-4
66545,-4
66546,0
66547,-4
66548,0
66549,-4
66550,0
66551,0
66552,6
66553,0
66554,-4
66555,2
66556,2
66557,0
66558,0
66559,0
66560,0
66561,0
66562,0
66563,2
66564,2
66565,0
66566,0
66567,0
66568,2
66569,2
66570,2
66571,0
66572,0
66573,0
66574,-4
66575,0
66576,6
66577,-4
66578,0
66579,-4
66580,10
66581,4
66582,0
66583,6
66584,0
66585,0
66586,0
66587,0
66588,0
66589,0
66590,0
66591,0
66592,0
66593,-4
66594,0
66595,6
66596,0
66597,0
66598,-4
66599,0
66600,0
66601,0
66602,0
66603,0
66604,-4
66605,-4
66606,0
66607,-4
66608,-4
66609,-4
66610,-6
66611,10
66612,0
66613,-4
66614,0
66615,-4
66616,-4
66617,-6
66618,-4
66619,-4
66620,0
66621,-4
66622,-20
66623,-4
66624,-4
66625,0
66626,-4
66627,-4
66628,0
66629,10
66630,-6
66631,-4
66632,-14
66633,0
66634,0
66635,0
66636,-4
66637,0
66638,-4
66639,0
66640,0
66641,0
66642,2
66643,0
66644,0
66645,-4
66646,0
66647,10
66648,6
66649,4
66650,0
66651,0
66652,8
66653,2
66654,0
66655,-22
66656,4
66657,2
66658,2
66659,0
66660,6
66661,2
66662,10
66663,0
66664,0
66665,4
66666,0
66667,0
66668,6
66669,0
66670,4
66671,4
66672,4
66673,0
66674,2
66675,0
66676,0
66677,4
66678,0
66679,8
66680,0
66681,-4
66682,6
66683,0
66684,-4
66685,-4
66686,-4
66687,2
66688,10
66689,0
66690,0
66691,-4
66692,0
66693,0
66694,6
66695,0
66696,-6
66697,0
66698,0
66699,0
66700,-4
66701,0
66702,0
66703,-4
66704,-4
66705,0
66706,0
66707,-4
66708,0
66709,-4
66710,14
66711,-4
66712,-4
66713,-4
66714,-4
66715,-4
66716,-4
66717,-4
66718,-6
66719,0
66720,0
66721,0
66722,-4
66723,0
66724,-4
66725,8
66726,-4
66727,0
66728,-16
66729,0
66730,0
66731,-16
66732,0
66733,-6
66734,0
66735,0
66736,0
66737,-6
66738,-4
66739,6
66740,0
66741,0
66742,0
66743,0
66744,0
66745,-8
66746,0
66747,0
66748,0
66749,0
66750,-4
66751,0
66752,-4
66753,2
66754,0
66755,6
66756,0
66757,0
66758,0
66759,0
66760,0
66761,2
66762,2
66763,2
66764,-8
66765,6
66766,0
66767,0
66768,0
66769,2
66770,-8
66771,-8
66772,0
66773,2
66774,0
66775,4
66776,0
66777,4
66778,0
66779,0
66780,4
66781,6
66782,0
66783,0
66784,-6
66785,0
66786,0
66787,0
66788,0
66789,-4
66790,0
66791,0
66792,0
66793,0
66794,-4
66795,0
66796,0
66797,6
66798,0
66799,0
66800,0
66801,-4
66802,0
66803,2
66804,-4
66805,0
66806,-4
66807,6
66808,-4
66809,-4
66810,0
66811,0
66812,0
66813,-4
66814,0
66815,0
66816,-4
66817,-4
66818,-4
66819,-4
66820,6
66821,-4
66822,-4
66823,-4
66824,-6
66825,-4
66826,0
66827,4
66828,-4
66829,-4
66830,-20
66831,0
66832,-4
66833,4
66834,0
66835,-4
66836,0
66837,-4
66838,0
66839,-4
66840,-12
66841,0
66842,0
66843,0
66844,-4
66845,0
66846,0
66847,0
66848,0
66849,2
66850,-4
66851,0
66852,0
66853,2
66854,0
66855,0
66856,0
66857,0
66858,0
66859,2
66860,0
66861,0
66862,0
66863,-4
66864,0
66865,2
66866,4
66867,0
66868,2
66869,2
66870,0
66871,0
66872,-4
66873,0
66874,10
66875,0
66876,0
66877,-8
66878,0
66879,2
66880,-4
66881,0
66882,2
66883,10
66884,-4
66885,-4
66886,-4
66887,-4
66888,0
66889,8
66890,0
66891,2
66892,0
66893,2
66894,0
66895,0
66896,0
66897,-14
66898,4
66899,6
66900,-4
66901,0
66902,4
66903,6
66904,-4
66905,0
66906,0
66907,0
66908,0
66909,0
66910,-4
66911,0
66912,-4
66913,0
66914,0
66915,0
66916,0
66917,-4
66918,-4
66919,-4
66920,-4
66921,-4
66922,-6
66923,-4
66924,-4
66925,-4
66926,4
66927,-4
66928,-4
66929,-4
66930,0
66931,0
66932,10
66933,-4
66934,0
66935,-4
66936,0
66937,-4
66938,-4
66939,-4
66940,0
66941,-8
66942,-4
66943,-4
66944,-4
66945,4
66946,0
66947,0
66948,0
66949,0
66950,-4
66951,4
66952,-4
66953,2
66954,0
66955,0
66956,4
66957,0
66958,0
66959,4
66960,4
66961,0
66962,0
66963,0
66964,0
66965,6
66966,0
66967,4
66968,0
66969,0
66970,2
66971,0
66972,0
66973,0
66974,0
66975,4
66976,0
66977,2
66978,0
66979,10
66980,2
66981,6
66982,8
66983,0
66984,-4
66985,4
66986,6
66987,0
66988,0
66989,0
66990,6
66991,0
66992,0
66993,0
66994,0
66995,-8
66996,-4
66997,0
66998,0
66999,0
67000,0
67001,0
67002,0
67003,-12
67004,0
67005,0
67006,-4
67007,-4
67008,-4
67009,0
67010,-4
67011,-4
67012,0
67013,14
67014,-4
67015,0
67016,-4
67017,-10
67018,-4
67019,-4
67020,-4
67021,0
67022,-4
67023,-4
67024,-4
67025,6
67026,-4
67027,0
67028,-8
67029,0
67030,0
67031,-4
67032,-4
67033,-4
67034,-4
67035,-4
67036,0
67037,4
67038,-4
67039,-4
67040,0
67041,0
67042,0
67043,0
67044,0
67045,0
67046,-4
67047,4
67048,0
67049,-4
67050,4
67051,0
67052,0
67053,0
67054,4
67055,0
67056,0
67057,-4
67058,0
67059,0
67060,0
67061,0
67062,0
67063,0
67064,0
67065,6
67066,2
67067,4
67068,10
67069,0
67070,4
67071,4
67072,4
67073,-8
67074,0
67075,0
67076,0
67077,2
67078,-4
67079,2
67080,0
67081,6
67082,2
67083,2
67084,4
67085,10
67086,0
67087,-4
67088,-4
67089,0
67090,0
67091,-4
67092,2
67093,0
67094,0
67095,0
67096,0
67097,0
67098,0
67099,0
67100,-4
67101,14
67102,-4
67103,0
67104,-4
67105,-4
67106,2
67107,-4
67108,-4
67109,-4
67110,-4
67111,-4
67112,0
67113,0
67114,-4
67115,-4
67116,0
67117,0
67118,0
67119,-4
67120,-4
67121,-4
67122,0
67123,-4
67124,-4
67125,-4
67126,-4
67127,-4
67128,0
67129,0
67130,4
67131,-6
67132,0
67133,6
67134,-4
67135,-4
67136,0
67137,0
67138,0
67139,0
67140,0
67141,-4
67142,0
67143,-4
67144,0
67145,-4
67146,0
67147,0
67148,-4
67149,0
67150,0
67151,0
67152,0
67153,0
67154,0
67155,0
67156,0
67157,2
67158,0
67159,6
67160,0
67161,2
67162,0
67163,6
67164,0
67165,0
67166,0
67167,0
67168,6
67169,4
67170,6
67171,18
67172,0
67173,0
67174,0
67175,0
67176,0
67177,6
67178,4
67179,-4
67180,6
67181,0
67182,0
67183,-4
67184,-4
67185,0
67186,0
67187,-10
67188,2
67189,10
67190,0
67191,0
67192,-4
67193,-8
67194,0
67195,0
67196,-14
67197,0
67198,0
67199,0
67200,0
67201,-4
67202,-4
67203,0
67204,0
67205,-4
67206,-4
67207,-4
67208,0
67209,2
67210,-4
67211,-4
67212,-4
67213,-4
67214,0
67215,-6
67216,0
67217,-4
67218,-4
67219,-6
67220,6
67221,0
67222,0
67223,-4
67224,-22
67225,-4
67226,-4
67227,-4
67228,0
67229,0
67230,0
67231,-4
67232,0
67233,0
67234,-4
67235,0
67236,-4
67237,0
67238,-4
67239,-4
67240,-4
67241,0
67242,0
67243,2
67244,-4
67245,0
67246,0
67247,0
67248,0
67249,0
67250,0
67251,2
67252,0
67253,0
67254,0
67255,0
67256,0
67257,0
67258,0
67259,-4
67260,0
67261,-8
67262,6
67263,0
67264,2
67265,10
67266,0
67267,0
67268,0
67269,-4
67270,0
67271,0
67272,-4
67273,0
67274,6
67275,0
67276,0
67277,4
67278,0
67279,6
67280,0
67281,0
67282,10
67283,0
67284,-4
67285,0
67286,-6
67287,0
67288,6
67289,0
67290,0
67291,0
67292,0
67293,2
67294,0
67295,0
67296,-4
67297,-4
67298,-4
67299,0
67300,-4
67301,0
67302,0
67303,0
67304,0
67305,-4
67306,-4
67307,-4
67308,0
67309,-4
67310,-4
67311,-6
67312,6
67313,-4
67314,0
67315,6
67316,0
67317,0
67318,-4
67319,-6
67320,-4
67321,0
67322,-4
67323,0
67324,-4
67325,-4
67326,0
67327,-4
67328,0
67329,-4
67330,-4
67331,-4
67332,0
67333,0
67334,-4
67335,-4
67336,0
67337,-4
67338,0
67339,0
67340,0
67341,0
67342,0
67343,-4
67344,-14
67345,0
67346,4
67347,0
67348,0
67349,0
67350,0
67351,0
67352,2
67353,-6
67354,2
67355,0
67356,0
67357,2
67358,0
67359,0
67360,4
67361,4
67362,0
67363,0
67364,0
67365,0
67366,0
67367,-6
67368,0
67369,0
67370,2
67371,2
67372,0
67373,-14
67374,0
67375,-18
67376,6
67377,0
67378,-4
67379,0
67380,6
67381,-4
67382,0
67383,-4
67384,-4
67385,-4
67386,0
67387,0
67388,10
67389,0
67390,0
67391,0
67392,-4
67393,0
67394,0
67395,8
67396,0
67397,0
67398,2
67399,0
67400,-8
67401,0
67402,0
67403,0
67404,-4
67405,0
67406,2
67407,-4
67408,-4
67409,-4
67410,-4
67411,0
67412,-4
67413,-4
67414,-4
67415,0
67416,0
67417,-4
67418,-4
67419,-4
67420,-4
67421,-4
67422,-4
67423,-4
67424,-4
67425,-4
67426,0
67427,0
67428,-4
67429,0
67430,-16
67431,-4
67432,0
67433,6
67434,0
67435,0
67436,-4
67437,0
67438,0
67439,-4
67440,-6
67441,0
67442,0
67443,0
67444,0
67445,0
67446,0
67447,0
67448,0
67449,4
67450,0
67451,0
67452,-4
67453,0
67454,0
67455,0
67456,0
67457,0
67458,6
67459,0
67460,-4
67461,2
67462,0
67463,6
67464,0
67465,0
67466,2
67467,0
67468,6
67469,0
67470,0
67471,-10
67472,0
67473,0
67474,-4
67475,0
67476,2
67477,-14
67478,0
67479,0
67480,-10
67481,0
67482,6
67483,-8
67484,0
67485,0
67486,4
67487,-8
67488,0
67489,0
67490,0
67491,-4
67492,-4
67493,4
67494,0
67495,-4
67496,0
67497,0
67498,0
67499,0
67500,0
67501,0
67502,0
67503,0
67504,0
67505,6
67506,0
67507,0
67508,-4
67509,-4
67510,-52
67511,-136
67512,-150.666666666667
67513,-134
67514,-52
67515,-28
67516,6
67517,28
67518,38
67519,42
67520,10
67521,-22
67522,-70
67523,-120
67524,-144
67525,-120
67526,-92
67527,-74
67528,-62
67529,-52
67530,-44
67531,-40
67532,-30
67533,-26
67534,-10
67535,2
67536,22
67537,24
67538,30
67539,34
67540,28
67541,44
67542,42
67543,42
67544,48
67545,50
67546,44
67547,42
67548,52
67549,56
67550,52
67551,56
67552,52
67553,88
67554,94
67555,52
67556,42
67557,46
67558,38
67559,32
67560,32
67561,24
67562,24
67563,24
67564,18
67565,18
67566,14
67567,14
67568,14
67569,10
67570,8
67571,10
67572,24
67573,6
67574,8
67575,8
67576,10
67577,6
67578,2
67579,0
67580,2
67581,6
67582,14
67583,4
67584,4
67585,0
67586,4
67587,4
67588,6
67589,4
67590,0
67591,4
67592,4
67593,2
67594,4
67595,6
67596,0
67597,0
67598,6
67599,0
67600,4
67601,-8
67602,2
67603,4
67604,4
67605,2
67606,6
67607,4
67608,-4
67609,2
67610,24
67611,2
67612,2
67613,6
67614,0
67615,2
67616,0
67617,6
67618,2
67619,6
67620,2
67621,4
67622,2
67623,4
67624,2
67625,6
67626,0
67627,2
67628,10
67629,0
67630,0
67631,-8
67632,0
67633,0
67634,4
67635,0
67636,0
67637,-6
67638,0
67639,0
67640,0
67641,0
67642,6
67643,6
67644,6
67645,2
67646,6
67647,0
67648,2
67649,0
67650,0
67651,2
67652,0
67653,0
67654,2
67655,6
67656,2
67657,2
67658,0
67659,0
67660,0
67661,4
67662,0
67663,0
67664,0
67665,0
67666,0
67667,0
67668,2
67669,-10
67670,2
67671,0
67672,4
67673,10
67674,0
67675,6
67676,0
67677,0
67678,10
67679,0
67680,4
67681,2
67682,6
67683,2
67684,0
67685,8
67686,0
67687,0
67688,-4
67689,0
67690,6
67691,0
67692,2
67693,0
67694,0
67695,2
67696,-4
67697,0
67698,-4
67699,0
67700,0
67701,-4
67702,0
67703,0
67704,-4
67705,0
67706,-4
67707,0
67708,-4
67709,-4
67710,-4
67711,0
67712,0
67713,-4
67714,-4
67715,0
67716,0
67717,-4
67718,0
67719,-4
67720,-4
67721,0
67722,0
67723,6
67724,-4
67725,-4
67726,-4
67727,0
67728,-4
67729,-6
67730,-6
67731,-4
67732,0
67733,-4
67734,-4
67735,0
67736,0
67737,-4
67738,0
67739,-14
67740,0
67741,0
67742,4
67743,-4
67744,-4
67745,0
67746,-4
67747,0
67748,0
67749,0
67750,0
67751,0
67752,0
67753,0
67754,4
67755,2
67756,0
67757,0
67758,-10
67759,0
67760,0
67761,0
67762,0
67763,0
67764,-4
67765,-6
67766,2
67767,0
67768,0
67769,6
67770,4
67771,2
67772,0
67773,0
67774,0
67775,0
67776,6
67777,10
67778,4
67779,0
67780,10
67781,0
67782,4
67783,8
67784,0
67785,4
67786,2
67787,-14
67788,0
67789,10
67790,2
67791,0
67792,8
67793,-4
67794,-4
67795,-4
67796,4
67797,0
67798,4
67799,0
67800,0
67801,-4
67802,4
67803,0
67804,0
67805,0
67806,0
67807,0
67808,-4
67809,-4
67810,-4
67811,0
67812,0
67813,0
67814,4
67815,4
67816,10
67817,-4
67818,-4
67819,-4
67820,4
67821,0
67822,0
67823,-4
67824,0
67825,-4
67826,0
67827,0
67828,-4
67829,-6
67830,-4
67831,0
67832,0
67833,-4
67834,-4
67835,4
67836,0
67837,0
67838,6
67839,-4
67840,-12
67841,0
67842,0
67843,0
67844,0
67845,0
67846,0
67847,0
67848,0
67849,2
67850,0
67851,6
67852,2
67853,0
67854,4
67855,0
67856,8
67857,0
67858,0
67859,2
67860,0
67861,0
67862,0
67863,0
67864,14
67865,0
67866,2
67867,6
67868,4
67869,0
67870,-4
67871,2
67872,-4
67873,0
67874,-4
67875,4
67876,-6
67877,0
67878,6
67879,2
67880,0
67881,0
67882,4
67883,2
67884,0
67885,-4
67886,6
67887,0
67888,0
67889,0
67890,0
67891,0
67892,-12
67893,-4
67894,0
67895,-4
67896,0
67897,0
67898,8
67899,0
67900,-8
67901,0
67902,6
67903,-6
67904,0
67905,0
67906,-4
67907,0
67908,0
67909,0
67910,0
67911,-4
67912,0
67913,-4
67914,6
67915,0
67916,-4
67917,14
67918,-4
67919,-4
67920,-4
67921,6
67922,-4
67923,-4
67924,-4
67925,-4
67926,-4
67927,-4
67928,0
67929,-4
67930,0
67931,-6
67932,-4
67933,-4
67934,-4
67935,0
67936,0
67937,0
67938,0
67939,0
67940,0
67941,6
67942,2
67943,0
67944,0
67945,4
67946,0
67947,-4
67948,0
67949,2
67950,-4
67951,0
67952,0
67953,0
67954,0
67955,0
67956,-14
67957,0
67958,0
67959,-4
67960,4
67961,0
67962,-8
67963,0
67964,0
67965,2
67966,0
67967,4
67968,-8
67969,0
67970,2
67971,4
67972,0
67973,6
67974,2
67975,6
67976,0
67977,4
67978,10
67979,-4
67980,0
67981,6
67982,0
67983,0
67984,0
67985,10
67986,0
67987,4
67988,10
67989,0
67990,-8
67991,0
67992,0
67993,0
67994,-4
67995,0
67996,-8
67997,-4
67998,0
67999,-4
68000,0
68001,0
68002,-4
68003,0
68004,0
68005,0
68006,0
68007,0
68008,-4
68009,-4
68010,-4
68011,0
68012,0
68013,0
68014,-4
68015,0
68016,-4
68017,-4
68018,-20
68019,-4
68020,0
68021,-4
68022,-4
68023,-4
68024,-4
68025,-22
68026,-4
68027,0
68028,-4
68029,-4
68030,-4
68031,-4
68032,0
68033,-4
68034,-4
68035,0
68036,0
68037,-14
68038,-4
68039,4
68040,0
68041,-4
68042,2
68043,0
68044,0
68045,-10
68046,0
68047,-4
68048,0
68049,0
68050,0
68051,0
68052,0
68053,0
68054,0
68055,0
68056,0
68057,0
68058,0
68059,0
68060,0
68061,0
68062,0
68063,6
68064,0
68065,0
68066,6
68067,2
68068,0
68069,2
68070,0
68071,4
68072,0
68073,0
68074,2
68075,0
68076,0
68077,-14
68078,0
68079,2
68080,-4
68081,2
68082,0
68083,6
68084,-4
68085,0
68086,2
68087,6
68088,0
68089,0
68090,0
68091,-12
68092,0
68093,0
68094,-4
68095,0
68096,-4
68097,0
68098,0
68099,0
68100,-4
68101,0
68102,0
68103,-4
68104,0
68105,0
68106,0
68107,0
68108,0
68109,0
68110,0
68111,-6
68112,-4
68113,2
68114,-4
68115,-4
68116,0
68117,-4
68118,-4
68119,-8
68120,0
68121,0
68122,0
68123,-4
68124,-4
68125,-4
68126,-4
68127,-4
68128,0
68129,-4
68130,0
68131,0
68132,6
68133,0
68134,-4
68135,0
68136,0
68137,0
68138,0
68139,0
68140,0
68141,-4
68142,0
68143,0
68144,2
68145,0
68146,0
68147,0
68148,0
68149,0
68150,0
68151,0
68152,0
68153,0
68154,0
68155,-4
68156,0
68157,0
68158,0
68159,0
68160,2
68161,6
68162,-4
68163,0
68164,0
68165,4
68166,0
68167,0
68168,0
68169,4
68170,0
68171,0
68172,0
68173,0
68174,10
68175,0
68176,10
68177,0
68178,0
68179,-4
68180,0
68181,0
68182,6
68183,-14
68184,0
68185,2
68186,-6
68187,0
68188,0
68189,6
68190,0
68191,-4
68192,2
68193,0
68194,0
68195,6
68196,4
68197,-4
68198,0
68199,-4
68200,-4
68201,0
68202,2
68203,0
68204,0
68205,0
68206,0
68207,0
68208,-4
68209,-4
68210,0
68211,0
68212,0
68213,-8
68214,0
68215,-4
68216,-4
68217,-4
68218,0
68219,-6
68220,-4
68221,0
68222,-4
68223,-4
68224,-4
68225,-4
68226,0
68227,-4
68228,-4
68229,0
68230,-4
68231,0
68232,-4
68233,0
68234,-4
68235,0
68236,0
68237,4
68238,0
68239,-4
68240,-4
68241,-4
68242,0
68243,0
68244,-4
68245,0
68246,0
68247,0
68248,0
68249,-4
68250,0
68251,0
68252,-4
68253,0
68254,0
68255,-4
68256,0
68257,0
68258,0
68259,0
68260,0
68261,2
68262,2
68263,0
68264,0
68265,-6
68266,0
68267,0
68268,2
68269,2
68270,0
68271,0
68272,8
68273,0
68274,0
68275,0
68276,0
68277,0
68278,4
68279,-4
68280,0
68281,6
68282,4
68283,0
68284,-4
68285,-14
68286,0
68287,0
68288,0
68289,0
68290,-8
68291,2
68292,0
68293,0
68294,0
68295,0
68296,0
68297,0
68298,10
68299,0
68300,2
68301,0
68302,0
68303,0
68304,0
68305,-4
68306,-4
68307,0
68308,-4
68309,0
68310,-4
68311,0
68312,-4
68313,0
68314,-4
68315,0
68316,-14
68317,-4
68318,-4
68319,-8
68320,-4
68321,0
68322,-4
68323,0
68324,-4
68325,-6
68326,0
68327,0
68328,4
68329,0
68330,-6
68331,-4
68332,0
68333,2
68334,-4
68335,-4
68336,0
68337,2
68338,0
68339,-4
68340,-4
68341,6
68342,0
68343,0
68344,0
68345,-4
68346,0
68347,0
68348,0
68349,0
68350,0
68351,0
68352,0
68353,0
68354,0
68355,0
68356,0
68357,0
68358,0
68359,0
68360,0
68361,0
68362,0
68363,0
68364,8
68365,0
68366,0
68367,2
68368,8
68369,0
68370,4
68371,0
68372,-4
68373,18
68374,0
68375,0
68376,2
68377,10
68378,0
68379,0
68380,-4
68381,0
68382,0
68383,0
68384,-4
68385,0
68386,-4
68387,0
68388,2
68389,0
68390,4
68391,4
68392,0
68393,0
68394,-4
68395,0
68396,0
68397,0
68398,-14
68399,2
68400,-4
68401,0
68402,0
68403,0
68404,-4
68405,-4
68406,-4
68407,0
68408,-4
68409,-4
68410,-4
68411,-4
68412,-4
68413,0
68414,-6
68415,-4
68416,0
68417,-4
68418,-6
68419,-4
68420,-4
68421,-4
68422,-4
68423,0
68424,-4
68425,-4
68426,-4
68427,-4
68428,-4
68429,-4
68430,-4
68431,-4
68432,-6
68433,0
68434,-4
68435,4
68436,0
68437,0
68438,-4
68439,0
68440,-14
68441,-50
68442,-66
68443,-64
68444,-50
68445,-42
68446,-24
68447,-4
68448,10
68449,18
68450,24
68451,10
68452,24
68453,20
68454,14
68455,6
68456,-8
68457,-16
68458,-34
68459,-64
68460,-92
68461,-68
68462,-64
68463,-60
68464,-54
68465,-54
68466,-50
68467,-50
68468,-50
68469,-48
68470,-48
68471,-50
68472,-50
68473,-52
68474,-50
68475,-36
68476,-18
68477,-16
68478,-12
68479,4
68480,10
68481,16
68482,24
68483,28
68484,28
68485,24
68486,38
68487,32
68488,34
68489,38
68490,36
68491,38
68492,32
68493,36
68494,36
68495,32
68496,32
68497,34
68498,52
68499,64
68500,56
68501,52
68502,56
68503,42
68504,38
68505,32
68506,32
68507,28
68508,24
68509,24
68510,18
68511,14
68512,10
68513,10
68514,8
68515,8
68516,4
68517,4
68518,6
68519,2
68520,4
68521,0
68522,4
68523,0
68524,-4
68525,-4
68526,-8
68527,2
68528,0
68529,-4
68530,0
68531,0
68532,-6
68533,0
68534,0
68535,10
68536,0
68537,0
68538,6
68539,0
68540,0
68541,0
68542,2
68543,0
68544,0
68545,2
68546,0
68547,2
68548,2
68549,2
68550,0
68551,14
68552,2
68553,0
68554,4
68555,4
68556,6
68557,2
68558,2
68559,6
68560,4
68561,4
68562,0
68563,6
68564,4
68565,6
68566,0
68567,2
68568,6
68569,-8
68570,4
68571,6
68572,4
68573,2
68574,6
68575,6
68576,2
68577,4
68578,-4
68579,6
68580,2
68581,4
68582,0
68583,6
68584,0
68585,6
68586,-4
68587,4
68588,-10
68589,0
68590,-4
68591,0
68592,0
68593,18
68594,-4
68595,0
68596,0
68597,10
68598,0
68599,0
68600,0
68601,0
68602,0
68603,-4
68604,-4
68605,0
68606,0
68607,0
68608,0
68609,-4
68610,0
68611,-4
68612,-4
68613,0
68614,-4
68615,-4
68616,-8
68617,-4
68618,-4
68619,0
68620,-4
68621,-8
68622,-10
68623,0
68624,-4
68625,-4
68626,-4
68627,-4
68628,0
68629,-4
68630,-6
68631,-4
68632,0
68633,2
68634,-8
68635,-4
68636,4
68637,6
68638,0
68639,-4
68640,0
68641,14
68642,0
68643,0
68644,0
68645,-4
68646,-4
68647,0
68648,0
68649,0
68650,0
68651,0
68652,2
68653,0
68654,0
68655,2
68656,4
68657,0
68658,0
68659,0
68660,0
68661,0
68662,6
68663,4
68664,0
68665,4
68666,6
68667,0
68668,0
68669,0
68670,2
68671,0
68672,4
68673,-10
68674,-4
68675,-4
68676,0
68677,-6
68678,0
68679,6
68680,6
68681,6
68682,2
68683,0
68684,8
68685,-4
68686,4
68687,2
68688,0
68689,0
68690,4
68691,0
68692,-4
68693,0
68694,0
68695,0
68696,0
68697,-4
68698,0
68699,0
68700,0
68701,0
68702,0
68703,0
68704,0
68705,0
68706,-4
68707,-4
68708,-4
68709,0
68710,0
68711,0
68712,-4
68713,0
68714,-4
68715,-4
68716,-4
68717,-4
68718,0
68719,-4
68720,-4
68721,0
68722,0
68723,10
68724,-4
68725,-4
68726,0
68727,0
68728,-4
68729,-4
68730,-4
68731,-4
68732,0
68733,0
68734,-6
68735,0
68736,-8
68737,0
68738,-4
68739,0
68740,-4
68741,0
68742,-4
68743,0
68744,0
68745,0
68746,0
68747,0
68748,0
68749,0
68750,0
68751,0
68752,0
68753,0
68754,0
68755,0
68756,0
68757,0
68758,0
68759,0
68760,6
68761,0
68762,6
68763,0
68764,0
68765,-4
68766,8
68767,8
68768,0
68769,0
68770,14
68771,2
68772,0
68773,0
68774,-4
68775,0
68776,0
68777,0
68778,0
68779,0
68780,0
68781,2
68782,0
68783,4
68784,-4
68785,0
68786,-6
68787,0
68788,-4
68789,8
68790,2
68791,6
68792,0
68793,0
68794,0
68795,0
68796,8
68797,-4
68798,-8
68799,0
68800,2
68801,-4
68802,0
68803,0
68804,0
68805,0
68806,-4
68807,0
68808,0
68809,-4
68810,-4
68811,-4
68812,-4
68813,-14
68814,-4
68815,6
68816,0
68817,-4
68818,0
68819,-4
68820,0
68821,0
68822,-4
68823,0
68824,0
68825,0
68826,6
68827,-4
68828,-4
68829,0
68830,-4
68831,-4
68832,0
68833,-4
68834,-4
68835,0
68836,0
68837,0
68838,-12
68839,-4
68840,4
68841,0
68842,0
68843,-4
68844,-4
68845,0
68846,0
68847,-4
68848,0
68849,0
68850,0
68851,0
68852,-4
68853,-4
68854,-4
68855,0
68856,2
68857,0
68858,0
68859,0
68860,2
68861,0
68862,4
68863,0
68864,4
68865,0
68866,0
68867,-4
68868,-10
68869,0
68870,-4
68871,-4
68872,0
68873,2
68874,0
68875,0
68876,0
68877,0
68878,6
68879,0
68880,0
68881,0
68882,-4
68883,0
68884,-4
68885,-12
68886,-4
68887,0
68888,4
68889,0
68890,-4
68891,0
68892,10
68893,0
68894,0
68895,0
68896,-4
68897,0
68898,-4
68899,-4
68900,4
68901,0
68902,0
68903,0
68904,0
68905,0
68906,-8
68907,0
68908,-4
68909,4
68910,-4
68911,-4
68912,-4
68913,-4
68914,-4
68915,0
68916,-4
68917,-4
68918,-14
68919,-4
68920,0
68921,-4
68922,0
68923,-4
68924,-4
68925,-6
68926,-4
68927,0
68928,0
68929,0
68930,-4
68931,-4
68932,-4
68933,0
68934,0
68935,-4
68936,-4
68937,18
68938,0
68939,-4
68940,0
68941,0
68942,0
68943,0
68944,0
68945,-4
68946,0
68947,0
68948,0
68949,0
68950,0
68951,6
68952,0
68953,-4
68954,-4
68955,-8
68956,-6
68957,-8
68958,-8
68959,-10
68960,-16
68961,-8
68962,-8
68963,-4
68964,6
68965,4
68966,8
68967,10
68968,10
68969,6
68970,10
68971,4
68972,4
68973,0
68974,0
68975,4
68976,-4
68977,-4
68978,-4
68979,-6
68980,-4
68981,-6
68982,-8
68983,-4
68984,-8
68985,-4
68986,-8
68987,-6
68988,-4
68989,-8
68990,4
68991,-12
68992,-12
68993,-18
68994,-12
68995,-8
68996,-18
68997,-18
68998,-22
68999,-20
69000,-18
69001,-18
69002,-18
69003,-20
69004,-16
69005,-16
69006,-8
69007,-14
69008,-14
69009,-8
69010,-14
69011,-4
69012,-8
69013,-6
69014,-26
69015,-4
69016,0
69017,6
69018,6
69019,18
69020,10
69021,6
69022,10
69023,8
69024,10
69025,14
69026,14
69027,14
69028,14
69029,10
69030,10
69031,10
69032,14
69033,10
69034,14
69035,10
69036,6
69037,10
69038,10
69039,6
69040,10
69041,10
69042,8
69043,10
69044,10
69045,6
69046,10
69047,6
69048,10
69049,10
69050,4
69051,-8
69052,6
69053,6
69054,8
69055,6
69056,6
69057,2
69058,6
69059,10
69060,4
69061,-4
69062,0
69063,4
69064,6
69065,4
69066,6
69067,6
69068,0
69069,0
69070,8
69071,0
69072,2
69073,4
69074,6
69075,6
69076,0
69077,4
69078,6
69079,2
69080,14
69081,0
69082,0
69083,-6
69084,0
69085,4
69086,6
69087,0
69088,0
69089,2
69090,0
69091,10
69092,0
69093,0
69094,0
69095,0
69096,0
69097,0
69098,-4
69099,0
69100,0
69101,0
69102,-4
69103,0
69104,0
69105,0
69106,0
69107,-4
69108,0
69109,-4
69110,-4
69111,-4
69112,0
69113,-4
69114,-4
69115,-4
69116,-4
69117,-4
69118,-4
69119,-4
69120,-4
69121,0
69122,0
69123,0
69124,-6
69125,-4
69126,10
69127,-4
69128,0
69129,-4
69130,0
69131,0
69132,0
69133,-4
69134,0
69135,-14
69136,-4
69137,-4
69138,2
69139,-4
69140,-6
69141,0
69142,0
69143,0
69144,0
69145,-4
69146,0
69147,0
69148,-4
69149,2
69150,0
69151,0
69152,0
69153,0
69154,2
69155,2
69156,2
69157,2
69158,0
69159,0
69160,0
69161,0
69162,0
69163,0
69164,0
69165,0
69166,10
69167,-4
69168,0
69169,0
69170,14
69171,0
69172,2
69173,0
69174,0
69175,0
69176,4
69177,0
69178,4
69179,0
69180,0
69181,4
69182,6
69183,4
69184,2
69185,6
69186,0
69187,0
69188,-4
69189,0
69190,0
69191,-4
69192,10
69193,-4
69194,2
69195,0
69196,0
69197,0
69198,0
69199,0
69200,0
69201,0
69202,0
69203,0
69204,2
69205,0
69206,-4
69207,0
69208,0
69209,-4
69210,0
69211,-4
69212,-4
69213,-4
69214,-4
69215,0
69216,0
69217,0
69218,0
69219,0
69220,-4
69221,-4
69222,0
69223,0
69224,-4
69225,-4
69226,0
69227,-4
69228,-4
69229,0
69230,-4
69231,0
69232,0
69233,0
69234,6
69235,4
69236,-4
69237,0
69238,0
69239,-4
69240,0
69241,-4
69242,0
69243,-4
69244,0
69245,0
69246,0
69247,0
69248,-4
69249,0
69250,-4
69251,0
69252,-4
69253,-4
69254,-4
69255,0
69256,-4
69257,-4
69258,-4
69259,-4
69260,-4
69261,-4
69262,0
69263,0
69264,0
69265,0
69266,0
69267,-6
69268,0
69269,0
69270,4
69271,2
69272,6
69273,2
69274,0
69275,8
69276,0
69277,0
69278,0
69279,0
69280,0
69281,10
69282,0
69283,0
69284,0
69285,0
69286,-4
69287,0
69288,0
69289,0
69290,4
69291,-4
69292,0
69293,10
69294,0
69295,0
69296,-4
69297,0
69298,-4
69299,-4
69300,-6
69301,0
69302,-4
69303,-10
69304,-6
69305,-4
69306,-4
69307,-4
69308,-4
69309,-4
69310,-4
69311,-4
69312,-4
69313,-4
69314,-4
69315,-12
69316,-6
69317,-8
69318,-6
69319,-10
69320,-4
69321,-4
69322,-6
69323,-4
69324,-8
69325,-6
69326,-4
69327,-14
69328,-6
69329,-6
69330,-24
69331,-4
69332,-6
69333,0
69334,-8
69335,-4
69336,0
69337,2
69338,-4
69339,-4
69340,-4
69341,-14
69342,0
69343,0
69344,-4
69345,0
69346,0
69347,0
69348,0
69349,0
69350,0
69351,4
69352,4
69353,2
69354,6
69355,0
69356,6
69357,6
69358,6
69359,2
69360,6
69361,6
69362,6
69363,0
69364,6
69365,6
69366,8
69367,6
69368,6
69369,0
69370,2
69371,10
69372,6
69373,10
69374,6
69375,4
69376,6
69377,6
69378,6
69379,2
69380,10
69381,0
69382,8
69383,0
69384,4
69385,6
69386,0
69387,4
69388,2
69389,0
69390,4
69391,6
69392,0
69393,0
69394,-4
69395,0
69396,0
69397,0
69398,2
69399,-4
69400,-4
69401,0
69402,0
69403,0
69404,0
69405,0
69406,-4
69407,0
69408,0
69409,0
69410,0
69411,-4
69412,0
69413,0
69414,0
69415,-4
69416,0
69417,-4
69418,-4
69419,-4
69420,-4
69421,0
69422,-4
69423,-4
69424,-8
69425,-4
69426,-4
69427,0
69428,-8
69429,-4
69430,0
69431,-4
69432,0
69433,0
69434,-4
69435,0
69436,0
69437,0
69438,-16
69439,0
69440,0
69441,-4
69442,0
69443,-4
69444,0
69445,0
69446,2
69447,0
69448,-4
69449,0
69450,0
69451,6
69452,0
69453,10
69454,-8
69455,0
69456,2
69457,2
69458,0
69459,0
69460,0
69461,2
69462,-8
69463,6
69464,0
69465,2
69466,2
69467,0
69468,0
69469,0
69470,6
69471,0
69472,0
69473,2
69474,10
69475,2
69476,0
69477,2
69478,2
69479,0
69480,0
69481,0
69482,-16
69483,0
69484,0
69485,10
69486,0
69487,-4
69488,-4
69489,-4
69490,2
69491,0
69492,-4
69493,0
69494,-4
69495,0
69496,0
69497,6
69498,-4
69499,0
69500,0
69501,0
69502,-4
69503,0
69504,0
69505,-4
69506,0
69507,-4
69508,-4
69509,0
69510,-4
69511,0
69512,-12
69513,0
69514,-4
69515,-4
69516,-6
69517,-4
69518,-4
69519,-4
69520,-4
69521,0
69522,-4
69523,0
69524,-4
69525,-4
69526,-4
69527,-4
69528,0
69529,0
69530,6
69531,-4
69532,-4
69533,-4
69534,0
69535,0
69536,-4
69537,-4
69538,0
69539,-4
69540,-4
69541,-4
69542,0
69543,0
69544,0
69545,0
69546,0
69547,0
69548,-4
69549,-4
69550,-4
69551,0
69552,-4
69553,0
69554,-4
69555,0
69556,4
69557,0
69558,0
69559,0
69560,4
69561,2
69562,0
69563,0
69564,0
69565,0
69566,0
69567,0
69568,0
69569,0
69570,0
69571,0
69572,-4
69573,0
69574,0
69575,10
69576,2
69577,0
69578,0
69579,0
69580,6
69581,-16
69582,0
69583,2
69584,0
69585,0
69586,2
69587,-8
69588,0
69589,4
69590,0
69591,0
69592,0
69593,-4
69594,0
69595,0
69596,-6
69597,0
69598,4
69599,0
69600,0
69601,0
69602,2
69603,0
69604,0
69605,0
69606,-4
69607,0
69608,0
69609,-4
69610,0
69611,0
69612,-28
69613,-4
69614,6
69615,-4
69616,0
69617,-4
69618,0
69619,-4
69620,-16
69621,0
69622,-4
69623,0
69624,0
69625,-8
69626,0
69627,-4
69628,0
69629,-4
69630,-14
69631,-4
69632,-4
69633,-12
69634,0
69635,0
69636,-4
69637,0
69638,0
69639,-4
69640,-4
69641,-4
69642,-4
69643,0
69644,-4
69645,-4
69646,6
69647,0
69648,-4
69649,0
69650,0
69651,0
69652,-4
69653,-4
69654,-18
69655,0
69656,6
69657,4
69658,0
69659,0
69660,4
69661,2
69662,4
69663,2
69664,2
69665,6
69666,6
69667,-4
69668,0
69669,6
69670,6
69671,0
69672,0
69673,0
69674,0
69675,0
69676,0
69677,0
69678,0
69679,6
69680,-18
69681,4
69682,6
69683,0
69684,2
69685,0
69686,-4
69687,0
69688,0
69689,6
69690,0
69691,0
69692,0
69693,0
69694,-14
69695,10
69696,0
69697,0
69698,0
69699,-4
69700,-4
69701,-4
69702,-10
69703,0
69704,0
69705,0
69706,-4
69707,0
69708,0
69709,-4
69710,-4
69711,-4
69712,-4
69713,-4
69714,0
69715,-4
69716,0
69717,0
69718,-4
69719,-4
69720,-8
69721,-4
69722,14
69723,-8
69724,-4
69725,-4
69726,0
69727,0
69728,0
69729,4
69730,-4
69731,-4
69732,18
69733,-4
69734,-4
69735,-8
69736,0
69737,0
69738,-4
69739,-4
69740,0
69741,-4
69742,-4
69743,0
69744,-4
69745,0
69746,0
69747,0
69748,0
69749,0
69750,0
69751,0
69752,0
69753,2
69754,-4
69755,0
69756,0
69757,0
69758,0
69759,2
69760,0
69761,0
69762,0
69763,0
69764,0
69765,10
69766,4
69767,0
69768,6
69769,-4
69770,6
69771,-4
69772,6
69773,0
69774,4
69775,2
69776,-12
69777,2
69778,-4
69779,0
69780,2
69781,4
69782,0
69783,2
69784,0
69785,6
69786,-4
69787,0
69788,-4
69789,-4
69790,-4
69791,10
69792,0
69793,0
69794,0
69795,0
69796,0
69797,-4
69798,-4
69799,-8
69800,0
69801,-4
69802,-8
69803,0
69804,0
69805,-4
69806,0
69807,-4
69808,-4
69809,-4
69810,-4
69811,0
69812,-4
69813,-4
69814,0
69815,-4
69816,-4
69817,0
69818,-4
69819,-4
69820,-4
69821,0
69822,-4
69823,0
69824,-16
69825,-4
69826,-4
69827,-4
69828,-22
69829,-4
69830,-4
69831,10
69832,-4
69833,0
69834,0
69835,-4
69836,0
69837,10
69838,0
69839,0
69840,-4
69841,-4
69842,0
69843,0
69844,6
69845,-4
69846,0
69847,0
69848,0
69849,0
69850,2
69851,0
69852,4
69853,4
69854,-4
69855,0
69856,0
69857,2
69858,0
69859,0
69860,0
69861,0
69862,0
69863,0
69864,0
69865,0
69866,0
69867,0
69868,0
69869,6
69870,4
69871,0
69872,0
69873,0
69874,2
69875,2
69876,0
69877,0
69878,0
69879,0
69880,-4
69881,14
69882,0
69883,0
69884,10
69885,2
69886,6
69887,0
69888,0
69889,0
69890,-8
69891,0
69892,0
69893,0
69894,0
69895,0
69896,0
69897,10
69898,0
69899,-4
69900,-4
69901,0
69902,0
69903,-4
69904,0
69905,-4
69906,0
69907,0
69908,0
69909,-4
69910,-4
69911,-4
69912,0
69913,-4
69914,-4
69915,0
69916,-4
69917,-4
69918,-4
69919,-18
69920,-4
69921,-4
69922,-4
69923,-4
69924,-4
69925,-6
69926,-4
69927,-4
69928,-4
69929,0
69930,8
69931,-4
69932,-4
69933,6
69934,-4
69935,-4
69936,-4
69937,0
69938,0
69939,-4
69940,-4
69941,-4
69942,-4
69943,-4
69944,-10
69945,10
69946,0
69947,0
69948,0
69949,0
69950,0
69951,0
69952,-8
69953,-4
69954,0
69955,0
69956,0
69957,0
69958,0
69959,0
69960,2
69961,0
69962,4
69963,-4
69964,0
69965,6
69966,4
69967,0
69968,0
69969,2
69970,-4
69971,0
69972,0
69973,0
69974,0
69975,0
69976,2
69977,2
69978,0
69979,-4
69980,10
69981,6
69982,0
69983,-4
69984,0
69985,0
69986,6
69987,-4
69988,-4
69989,-4
69990,-4
69991,0
69992,0
69993,10
69994,0
69995,0
69996,-6
69997,0
69998,-4
69999,-4
70000,0
70001,2
70002,0
70003,0
70004,2
70005,0
70006,0
70007,-4
70008,-4
70009,0
70010,-4
70011,-4
70012,0
70013,-4
70014,-4
70015,0
70016,-4
70017,-4
70018,-4
70019,0
70020,4
70021,-4
70022,0
70023,-8
70024,-4
70025,-4
70026,-4
70027,-4
70028,0
70029,10
70030,0
70031,0
70032,-4
70033,-4
70034,-4
70035,4
70036,0
70037,0
70038,-8
70039,0
70040,0
70041,0
70042,0
70043,0
70044,0
70045,0
70046,0
70047,0
70048,0
70049,0
70050,0
70051,0
70052,0
70053,-4
70054,0
70055,2
70056,0
70057,0
70058,4
70059,0
70060,6
70061,4
70062,0
70063,0
70064,0
70065,2
70066,4
70067,0
70068,0
70069,2
70070,2
70071,4
70072,14
70073,16
70074,-4
70075,0
70076,10
70077,0
70078,0
70079,-14
70080,0
70081,0
70082,0
70083,2
70084,0
70085,8
70086,2
70087,0
70088,0
70089,-4
70090,0
70091,8
70092,0
70093,0
70094,0
70095,-8
70096,0
70097,0
70098,-14
70099,0
70100,0
70101,0
70102,0
70103,0
70104,0
70105,0
70106,0
70107,-4
70108,0
70109,-4
70110,0
70111,0
70112,0
70113,-4
70114,-4
70115,0
70116,0
70117,-4
70118,-4
70119,-4
70120,-4
70121,-4
70122,-6
70123,-4
70124,-4
70125,-4
70126,0
70127,-4
70128,-22
70129,-4
70130,-4
70131,18
70132,-4
70133,2
70134,-4
70135,0
70136,-4
70137,0
70138,0
70139,-4
70140,-12
70141,0
70142,0
70143,6
70144,0
70145,0
70146,0
70147,0
70148,0
70149,0
70150,0
70151,0
70152,0
70153,6
70154,0
70155,4
70156,0
70157,4
70158,0
70159,0
70160,2
70161,-8
70162,0
70163,18
70164,2
70165,0
70166,-6
70167,2
70168,6
70169,4
70170,6
70171,-12
70172,2
70173,0
70174,2
70175,0
70176,0
70177,4
70178,2
70179,0
70180,-4
70181,2
70182,0
70183,6
70184,-4
70185,-4
70186,2
70187,6
70188,0
70189,0
70190,10
70191,0
70192,18
70193,0
70194,0
70195,-4
70196,0
70197,-8
70198,-4
70199,-4
70200,0
70201,-4
70202,-10
70203,0
70204,0
70205,0
70206,-10
70207,-8
70208,0
70209,-4
70210,0
70211,-4
70212,-4
70213,-30
70214,0
70215,-4
70216,2
70217,-6
70218,-4
70219,-4
70220,-4
70221,-4
70222,-4
70223,0
70224,-4
70225,-8
70226,-4
70227,-8
70228,-4
70229,-4
70230,-24
70231,-4
70232,-4
70233,-4
70234,-4
70235,0
70236,4
70237,2
70238,4
70239,6
70240,-4
70241,-8
70242,-4
70243,0
70244,0
70245,-10
70246,-4
70247,0
70248,-6
70249,0
70250,0
70251,0
70252,0
70253,0
70254,20
70255,4
70256,0
70257,0
70258,0
70259,0
70260,4
70261,0
70262,0
70263,2
70264,0
70265,0
70266,0
70267,0
70268,0
70269,-4
70270,2
70271,6
70272,2
70273,0
70274,0
70275,0
70276,0
70277,0
70278,0
70279,-4
70280,10
70281,2
70282,6
70283,6
70284,0
70285,-4
70286,-4
70287,4
70288,0
70289,2
70290,0
70291,0
70292,0
70293,-4
70294,-4
70295,0
70296,0
70297,6
70298,0
70299,0
70300,-4
70301,0
70302,0
70303,0
70304,0
70305,0
70306,-10
70307,0
70308,0
70309,-4
70310,0
70311,-4
70312,0
70313,-4
70314,-4
70315,-4
70316,-4
70317,-4
70318,0
70319,0
70320,-8
70321,0
70322,-4
70323,-4
70324,-4
70325,-4
70326,0
70327,-4
70328,-4
70329,-8
70330,-4
70331,-4
70332,0
70333,-4
70334,-4
70335,0
70336,-4
70337,0
70338,-8
70339,-4
70340,-4
70341,0
70342,-6
70343,0
70344,0
70345,-4
70346,2
70347,-4
70348,0
70349,10
70350,0
70351,-4
70352,0
70353,0
70354,0
70355,-6
70356,0
70357,0
70358,0
70359,0
70360,-4
70361,0
70362,4
70363,0
70364,0
70365,-10
70366,4
70367,0
70368,0
70369,0
70370,10
70371,0
70372,6
70373,6
70374,2
70375,0
70376,6
70377,0
70378,0
70379,14
70380,0
70381,0
70382,6
70383,0
70384,6
70385,2
70386,0
70387,0
70388,0
70389,0
70390,-4
70391,6
70392,0
70393,0
70394,0
70395,-4
70396,-6
70397,0
70398,0
70399,0
70400,4
70401,-14
70402,0
70403,0
70404,0
70405,-4
70406,-6
70407,-4
70408,-4
70409,0
70410,-4
70411,0
70412,-4
70413,-4
70414,-4
70415,4
70416,0
70417,-4
70418,-4
70419,-4
70420,-4
70421,-4
70422,0
70423,-8
70424,-4
70425,0
70426,8
70427,-4
70428,-14
70429,-6
70430,-6
70431,-12
70432,-4
70433,0
70434,6
70435,-4
70436,-4
70437,0
70438,0
70439,-4
70440,14
70441,-4
70442,0
70443,-6
70444,-4
70445,0
70446,0
70447,4
70448,-4
70449,0
70450,0
70451,0
70452,0
70453,0
70454,0
70455,0
70456,0
70457,2
70458,0
70459,-4
70460,2
70461,4
70462,6
70463,4
70464,0
70465,0
70466,0
70467,2
70468,0
70469,0
70470,2
70471,6
70472,2
70473,0
70474,10
70475,4
70476,2
70477,0
70478,0
70479,4
70480,0
70481,10
70482,4
70483,4
70484,-8
70485,0
70486,6
70487,0
70488,-10
70489,0
70490,0
70491,0
70492,6
70493,0
70494,-4
70495,0
70496,0
70497,0
70498,-4
70499,0
70500,0
70501,0
70502,0
70503,0
70504,0
70505,-4
70506,0
70507,-12
70508,0
70509,-4
70510,-4
70511,-4
70512,4
70513,-4
70514,0
70515,-4
70516,-4
70517,0
70518,-4
70519,-4
70520,0
70521,-4
70522,-4
70523,-4
70524,-4
70525,-4
70526,-4
70527,0
70528,-4
70529,-4
70530,-8
70531,0
70532,-4
70533,6
70534,-4
70535,0
70536,-4
70537,2
70538,0
70539,0
70540,-4
70541,-4
70542,-4
70543,0
70544,0
70545,0
70546,-4
70547,0
70548,4
70549,0
70550,0
70551,0
70552,-4
70553,0
70554,-4
70555,0
70556,2
70557,2
70558,2
70559,0
70560,4
70561,0
70562,0
70563,0
70564,2
70565,-4
70566,0
70567,8
70568,0
70569,0
70570,2
70571,0
70572,2
70573,0
70574,0
70575,10
70576,0
70577,-4
70578,0
70579,4
70580,14
70581,4
70582,0
70583,-4
70584,0
70585,0
70586,-4
70587,0
70588,0
70589,0
70590,-10
70591,0
70592,14
70593,0
70594,0
70595,-4
70596,0
70597,2
70598,0
70599,0
70600,0
70601,0
70602,0
70603,-14
70604,0
70605,0
70606,-4
70607,-14
70608,0
70609,-4
70610,-4
70611,0
70612,-6
70613,-4
70614,-4
70615,-4
70616,-4
70617,0
70618,-4
70619,-8
70620,0
70621,-4
70622,0
70623,-4
70624,-4
70625,8
70626,-4
70627,0
70628,-4
70629,0
70630,-4
70631,-4
70632,-4
70633,-4
70634,-4
70635,-4
70636,-4
70637,0
70638,6
70639,0
70640,0
70641,-4
70642,0
70643,0
70644,0
70645,0
70646,-4
70647,0
70648,0
70649,-4
70650,2
70651,0
70652,0
70653,0
70654,0
70655,0
70656,0
70657,4
70658,0
70659,0
70660,10
70661,2
70662,0
70663,-4
70664,0
70665,0
70666,-4
70667,0
70668,0
70669,6
70670,2
70671,2
70672,0
70673,-4
70674,0
70675,0
70676,4
70677,0
70678,4
70679,4
70680,6
70681,0
70682,0
70683,4
70684,2
70685,0
70686,0
70687,2
70688,0
70689,-14
70690,0
70691,-6
70692,0
70693,0
70694,0
70695,0
70696,0
70697,14
70698,0
70699,0
70700,0
70701,0
70702,-4
70703,0
70704,-4
70705,6
70706,0
70707,0
70708,0
70709,-4
70710,-4
70711,0
70712,0
70713,-4
70714,0
70715,-4
70716,-8
70717,-16
70718,-6
70719,0
70720,-4
70721,-4
70722,-4
70723,-4
70724,-4
70725,-4
70726,-4
70727,0
70728,4
70729,-4
70730,-4
70731,4
70732,-4
70733,-4
70734,-4
70735,0
70736,-4
70737,4
70738,0
70739,-4
70740,0
70741,0
70742,0
70743,0
70744,0
70745,0
70746,0
70747,0
70748,0
70749,0
70750,0
70751,-4
70752,0
70753,0
70754,0
70755,-4
70756,6
70757,0
70758,0
70759,0
70760,2
70761,0
70762,0
70763,0
70764,0
70765,0
70766,0
70767,0
70768,2
70769,0
70770,0
70771,4
70772,0
70773,8
70774,4
70775,2
70776,0
70777,2
70778,18
70779,0
70780,0
70781,-6
70782,4
70783,0
70784,10
70785,4
70786,0
70787,-4
70788,-8
70789,0
70790,0
70791,0
70792,0
70793,0
70794,0
70795,18
70796,-12
70797,2
70798,0
70799,0
70800,-4
70801,0
70802,-4
70803,0
70804,0
70805,0
70806,-4
70807,0
70808,-4
70809,0
70810,2
70811,0
70812,-4
70813,-4
70814,0
70815,-4
70816,0
70817,-4
70818,0
70819,8
70820,-4
70821,-4
70822,-8
70823,-4
70824,6
70825,-4
70826,-4
70827,-4
70828,-4
70829,-4
70830,-4
70831,-4
70832,-6
70833,0
70834,-4
70835,0
70836,-8
70837,0
70838,0
70839,6
70840,0
70841,0
70842,-4
70843,4
70844,0
70845,0
70846,0
70847,-4
70848,0
70849,0
70850,-4
70851,0
70852,0
70853,0
70854,0
70855,4
70856,6
70857,0
70858,2
70859,0
70860,2
70861,0
70862,2
70863,0
70864,-4
70865,2
70866,0
70867,2
70868,0
70869,0
70870,0
70871,4
70872,0
70873,0
70874,0
70875,6
70876,0
70877,6
70878,0
70879,0
70880,18
70881,2
70882,0
70883,4
70884,4
70885,0
70886,10
70887,0
70888,-4
70889,2
70890,-4
70891,-4
70892,0
70893,0
70894,0
70895,-4
70896,0
70897,0
70898,0
70899,0
70900,-4
70901,0
70902,0
70903,0
70904,-4
70905,0
70906,0
70907,0
70908,-4
70909,-4
70910,-4
70911,-4
70912,-4
70913,-4
70914,0
70915,0
70916,-4
70917,-4
70918,-4
70919,-4
70920,0
70921,0
70922,-4
70923,-4
70924,-4
70925,-22
70926,-4
70927,-4
70928,-4
70929,0
70930,-4
70931,0
70932,8
70933,-4
70934,-4
70935,10
70936,-4
70937,0
70938,6
70939,-4
70940,-4
70941,-4
70942,0
70943,0
70944,0
70945,-4
70946,-4
70947,0
70948,0
70949,0
70950,14
70951,0
70952,-4
70953,0
70954,-4
70955,0
70956,0
70957,-8
70958,0
70959,0
70960,0
70961,2
70962,4
70963,10
70964,6
70965,-6
70966,6
70967,0
70968,0
70969,4
70970,2
70971,6
70972,2
70973,0
70974,0
70975,0
70976,2
70977,4
70978,0
70979,4
70980,4
70981,0
70982,4
70983,0
70984,0
70985,0
70986,10
70987,0
70988,0
70989,6
70990,0
70991,0
70992,0
70993,4
70994,0
70995,-4
70996,2
70997,0
70998,0
70999,-4
71000,-4
71001,-4
71002,0
71003,-4
71004,0
71005,0
71006,0
71007,0
71008,-4
71009,-4
71010,0
71011,0
71012,0
71013,-8
71014,0
71015,0
71016,-4
71017,-4
71018,0
71019,-4
71020,-4
71021,-8
71022,-4
71023,-4
71024,-4
71025,-4
71026,2
71027,-4
71028,-8
71029,-4
71030,0
71031,2
71032,-4
71033,0
71034,0
71035,-4
71036,0
71037,6
71038,0
71039,0
71040,-6
71041,-4
71042,-4
71043,0
71044,0
71045,0
71046,0
71047,0
71048,-4
71049,-4
71050,0
71051,0
71052,0
71053,0
71054,0
71055,0
71056,0
71057,0
71058,6
71059,0
71060,2
71061,4
71062,0
71063,0
71064,0
71065,0
71066,0
71067,0
71068,6
71069,0
71070,0
71071,2
71072,6
71073,-4
71074,0
71075,0
71076,-8
71077,4
71078,-4
71079,0
71080,0
71081,6
71082,0
71083,4
71084,4
71085,0
71086,8
71087,0
71088,4
71089,0
71090,0
71091,18
71092,-4
71093,0
71094,10
71095,-4
71096,4
71097,10
71098,0
71099,0
71100,0
71101,0
71102,0
71103,0
71104,0
71105,0
71106,0
71107,0
71108,-4
71109,0
71110,-4
71111,-4
71112,-4
71113,-4
71114,-8
71115,10
71116,-6
71117,-4
71118,-4
71119,-4
71120,-6
71121,0
71122,0
71123,0
71124,-4
71125,-4
71126,-4
71127,-4
71128,-4
71129,-4
71130,0
71131,-4
71132,-4
71133,-6
71134,0
71135,-4
71136,-6
71137,0
71138,0
71139,0
71140,-4
71141,0
71142,-4
71143,-4
71144,0
71145,0
71146,-4
71147,-4
71148,0
71149,0
71150,0
71151,-4
71152,0
71153,-4
71154,-4
71155,0
71156,0
71157,6
71158,0
71159,0
71160,0
71161,0
71162,0
71163,0
71164,0
71165,0
71166,0
71167,-4
71168,14
71169,4
71170,4
71171,4
71172,0
71173,18
71174,0
71175,0
71176,0
71177,2
71178,0
71179,0
71180,0
71181,4
71182,6
71183,0
71184,-14
71185,6
71186,0
71187,6
71188,-4
71189,0
71190,0
71191,0
71192,0
71193,0
71194,0
71195,-8
71196,-4
71197,0
71198,0
71199,0
71200,0
71201,0
71202,0
71203,0
71204,0
71205,0
71206,-4
71207,0
71208,0
71209,-4
71210,0
71211,0
71212,0
71213,-4
71214,0
71215,-4
71216,0
71217,-8
71218,6
71219,-4
71220,-4
71221,-4
71222,-4
71223,0
71224,-4
71225,0
71226,0
71227,20
71228,-4
71229,-6
71230,-4
71231,0
71232,-6
71233,-4
71234,-4
71235,-6
71236,0
71237,4
71238,6
71239,-4
71240,0
71241,-8
71242,-4
71243,0
71244,-4
71245,0
71246,-4
71247,14
71248,0
71249,-16
71250,0
71251,2
71252,0
71253,6
71254,0
71255,0
71256,0
71257,2
71258,0
71259,0
71260,0
71261,0
71262,4
71263,4
71264,2
71265,0
71266,-4
71267,2
71268,0
71269,0
71270,8
71271,6
71272,2
71273,0
71274,0
71275,0
71276,0
71277,2
71278,0
71279,-8
71280,0
71281,0
71282,4
71283,4
71284,0
71285,0
71286,10
71287,0
71288,0
71289,0
71290,2
71291,0
71292,-18
71293,-4
71294,0
71295,0
71296,4
71297,0
71298,0
71299,0
71300,-4
71301,-4
71302,0
71303,-8
71304,0
71305,0
71306,0
71307,0
71308,-4
71309,-8
71310,0
71311,-4
71312,-4
71313,-4
71314,0
71315,-4
71316,-4
71317,-4
71318,0
71319,-12
71320,2
71321,-4
71322,-14
71323,-4
71324,-4
71325,-4
71326,-4
71327,-4
71328,-4
71329,-8
71330,-4
71331,0
71332,-8
71333,-4
71334,-6
71335,-8
71336,0
71337,-4
71338,-4
71339,-6
71340,-4
71341,0
71342,0
71343,-4
71344,0
71345,0
71346,0
71347,0
71348,-4
71349,0
71350,0
71351,4
71352,2
71353,0
71354,6
71355,-4
71356,-4
71357,0
71358,2
71359,-4
71360,0
71361,-4
71362,0
71363,6
71364,2
71365,4
71366,2
71367,0
71368,0
71369,0
71370,0
71371,6
71372,2
71373,0
71374,0
71375,0
71376,4
71377,2
71378,0
71379,14
71380,-4
71381,0
71382,0
71383,10
71384,4
71385,4
71386,-4
71387,14
71388,0
71389,-4
71390,4
71391,2
71392,2
71393,0
71394,-16
71395,2
71396,0
71397,6
71398,0
71399,-4
71400,0
71401,0
71402,-4
71403,0
71404,2
71405,-4
71406,-4
71407,0
71408,0
71409,-4
71410,0
71411,0
71412,0
71413,-4
71414,-4
71415,-4
71416,0
71417,0
71418,2
71419,-4
71420,0
71421,-4
71422,0
71423,-4
71424,-4
71425,-4
71426,-16
71427,-4
71428,-8
71429,-6
71430,0
71431,-22
71432,-6
71433,0
71434,0
71435,-6
71436,-4
71437,0
71438,2
71439,0
71440,0
71441,-4
71442,-4
71443,-4
71444,-8
71445,0
71446,0
71447,8
71448,0
71449,-4
71450,0
71451,-4
71452,0
71453,-4
71454,0
71455,0
71456,2
71457,0
71458,-4
71459,0
71460,0
71461,0
71462,4
71463,6
71464,6
71465,0
71466,0
71467,0
71468,2
71469,2
71470,0
71471,10
71472,4
71473,2
71474,-4
71475,0
71476,0
71477,0
71478,4
71479,0
71480,-4
71481,14
71482,0
71483,0
71484,-4
71485,-4
71486,6
71487,-4
71488,0
71489,0
71490,-4
71491,0
71492,0
71493,0
71494,-14
71495,2
71496,0
71497,0
71498,-4
71499,-4
71500,4
71501,0
71502,0
71503,0
71504,10
71505,2
71506,8
71507,0
71508,-4
71509,-4
71510,-4
71511,0
71512,0
71513,-6
71514,-4
71515,-4
71516,-8
71517,-4
71518,-4
71519,-4
71520,-4
71521,-4
71522,-4
71523,0
71524,6
71525,-4
71526,-4
71527,-4
71528,0
71529,-4
71530,-8
71531,0
71532,0
71533,-4
71534,0
71535,-4
71536,-4
71537,0
71538,0
71539,-4
71540,-4
71541,0
71542,-4
71543,0
71544,-8
71545,-4
71546,0
71547,0
71548,0
71549,0
71550,0
71551,0
71552,0
71553,0
71554,-8
71555,0
71556,0
71557,0
71558,0
71559,0
71560,0
71561,2
71562,0
71563,0
71564,0
71565,-6
71566,0
71567,6
71568,20
71569,-4
71570,0
71571,6
71572,0
71573,0
71574,4
71575,24
71576,4
71577,2
71578,6
71579,-4
71580,2
71581,6
71582,8
71583,-6
71584,0
71585,6
71586,-12
71587,2
71588,0
71589,-4
71590,6
71591,0
71592,0
71593,0
71594,-4
71595,-10
71596,0
71597,-16
71598,0
71599,0
71600,0
71601,0
71602,4
71603,0
71604,14
71605,-4
71606,0
71607,-4
71608,0
71609,-4
71610,0
71611,-4
71612,0
71613,-4
71614,-6
71615,-4
71616,-8
71617,0
71618,0
71619,-4
71620,-4
71621,-4
71622,-4
71623,-4
71624,-4
71625,0
71626,-4
71627,0
71628,-4
71629,-4
71630,-4
71631,-4
71632,-4
71633,-4
71634,-4
71635,-4
71636,6
71637,-4
71638,-6
71639,0
71640,18
71641,-4
71642,10
71643,-4
71644,-4
71645,-4
71646,6
71647,0
71648,0
71649,0
71650,0
71651,0
71652,0
71653,0
71654,0
71655,0
71656,0
71657,2
71658,0
71659,0
71660,0
71661,0
71662,0
71663,6
71664,4
71665,2
71666,8
71667,2
71668,0
71669,0
71670,-8
71671,2
71672,0
71673,6
71674,0
71675,0
71676,6
71677,0
71678,-8
71679,0
71680,0
71681,0
71682,4
71683,0
71684,0
71685,-4
71686,2
71687,0
71688,4
71689,0
71690,2
71691,0
71692,0
71693,-14
71694,0
71695,4
71696,0
71697,-4
71698,0
71699,0
71700,6
71701,-4
71702,0
71703,4
71704,0
71705,0
71706,0
71707,0
71708,-4
71709,-4
71710,-4
71711,-6
71712,-36
71713,0
71714,14
71715,-8
71716,0
71717,6
71718,-18
71719,-4
71720,0
71721,-4
71722,6
71723,-6
71724,-4
71725,-4
71726,-8
71727,-4
71728,-8
71729,-4
71730,-4
71731,-6
71732,0
71733,-4
71734,8
71735,-4
71736,0
71737,-14
71738,0
71739,-4
71740,-4
71741,0
71742,2
71743,-4
71744,-4
71745,6
71746,0
71747,-16
71748,-4
71749,4
71750,0
71751,-4
71752,0
71753,0
71754,14
71755,0
71756,-8
71757,-4
71758,0
71759,0
71760,2
71761,0
71762,-4
71763,0
71764,4
71765,4
71766,2
71767,0
71768,0
71769,0
71770,-4
71771,2
71772,0
71773,0
71774,0
71775,0
71776,0
71777,0
71778,0
71779,-4
71780,-4
71781,0
71782,0
71783,2
71784,-8
71785,0
71786,-4
71787,-4
71788,0
71789,0
71790,-4
71791,-4
71792,6
71793,0
71794,-4
71795,-4
71796,-4
71797,-4
71798,0
71799,0
71800,0
71801,-14
71802,-8
71803,0
71804,0
71805,0
71806,0
71807,10
71808,6
71809,-4
71810,-8
71811,0
71812,-4
71813,-4
71814,0
71815,-4
71816,0
71817,0
71818,-4
71819,-4
71820,-14
71821,-4
71822,-4
71823,0
71824,-4
71825,0
71826,-4
71827,-4
71828,-4
71829,-4
71830,-14
71831,-4
71832,0
71833,10
71834,-4
71835,0
71836,18
71837,-4
71838,-4
71839,0
71840,0
71841,0
71842,0
71843,0
71844,-4
71845,0
71846,0
71847,-4
71848,-4
71849,0
71850,0
71851,4
71852,-4
71853,0
71854,0
71855,6
71856,-4
71857,0
71858,0
71859,6
71860,4
71861,0
71862,4
71863,0
71864,0
71865,0
71866,-8
71867,0
71868,0
71869,0
71870,-4
71871,8
71872,0
71873,6
71874,6
71875,6
71876,0
71877,-8
71878,0
71879,6
71880,0
71881,6
71882,-4
71883,0
71884,2
71885,0
71886,-14
71887,6
71888,4
71889,2
71890,0
71891,2
71892,-4
71893,0
71894,0
71895,0
71896,-14
71897,2
71898,0
71899,6
71900,0
71901,2
71902,0
71903,0
71904,2
71905,-4
71906,0
71907,0
71908,0
71909,0
71910,0
71911,-4
71912,-4
71913,-8
71914,-4
71915,-4
71916,-4
71917,-8
71918,-4
71919,0
71920,0
71921,-4
71922,-6
71923,0
71924,-22
71925,-4
71926,-4
71927,-4
71928,-4
71929,-28
71930,-4
71931,-4
71932,-14
71933,-4
71934,-6
71935,-8
71936,-4
71937,-4
71938,14
71939,-4
71940,-4
71941,8
71942,0
71943,0
71944,4
71945,0
71946,-4
71947,-4
71948,0
71949,-4
71950,0
71951,-4
71952,0
71953,6
71954,0
71955,-4
71956,-4
71957,0
71958,0
71959,0
71960,0
71961,2
71962,0
71963,0
71964,0
71965,0
71966,0
71967,0
71968,0
71969,-4
71970,-4
71971,0
71972,2
71973,0
71974,0
71975,4
71976,4
71977,0
71978,0
71979,0
71980,0
71981,0
71982,-4
71983,-4
71984,4
71985,-4
71986,0
71987,6
71988,-4
71989,-22
71990,-4
71991,0
71992,-4
71993,0
71994,2
71995,-4
71996,0
71997,0
71998,0
71999,0
72000,-4
72001,0
72002,0
72003,0
72004,0
72005,0
72006,-4
72007,0
72008,-8
72009,0
72010,0
72011,0
72012,-4
72013,-4
72014,-4
72015,-4
72016,-4
72017,-4
72018,0
72019,-4
72020,-4
72021,-4
72022,-4
72023,-4
72024,-4
72025,-4
72026,-8
72027,0
72028,0
72029,-4
72030,-4
72031,14
72032,0
72033,0
72034,-6
72035,-4
72036,-4
72037,0
72038,-4
72039,0
72040,0
72041,-4
72042,6
72043,-4
72044,-4
72045,-6
72046,0
72047,6
72048,0
72049,0
72050,0
72051,0
72052,-4
72053,0
72054,0
72055,-4
72056,-4
72057,0
72058,2
72059,0
72060,0
72061,-8
72062,0
72063,0
72064,0
72065,0
72066,0
72067,0
72068,0
72069,0
72070,0
72071,0
72072,8
72073,2
72074,6
72075,0
72076,24
72077,4
72078,-4
72079,0
72080,-4
72081,16
72082,0
72083,0
72084,4
72085,-4
72086,0
72087,-8
72088,0
72089,0
72090,4
72091,-4
72092,0
72093,0
72094,6
72095,0
72096,0
72097,2
72098,-4
72099,0
72100,0
72101,0
72102,0
72103,0
72104,-14
72105,0
72106,2
72107,-4
72108,-4
72109,0
72110,-4
72111,0
72112,-4
72113,-4
72114,0
72115,-8
72116,-4
72117,0
72118,-4
72119,0
72120,-4
72121,-4
72122,-22
72123,-4
72124,-4
72125,0
72126,0
72127,-4
72128,-4
72129,-8
72130,-4
72131,2
72132,-4
72133,0
72134,-4
72135,2
72136,-4
72137,0
72138,-4
72139,6
72140,-4
72141,0
72142,0
72143,4
72144,0
72145,0
72146,-4
72147,0
72148,0
72149,4
72150,2
72151,0
72152,0
72153,4
72154,0
72155,0
72156,0
72157,4
72158,2
72159,0
72160,0
72161,4
72162,6
72163,4
72164,0
72165,2
72166,0
72167,10
72168,0
72169,-4
72170,10
72171,2
72172,2
72173,4
72174,0
72175,0
72176,2
72177,-10
72178,0
72179,0
72180,0
72181,4
72182,0
72183,-14
72184,4
72185,0
72186,-14
72187,2
72188,2
72189,-4
72190,4
72191,0
72192,-8
72193,0
72194,0
72195,-4
72196,6
72197,-4
72198,0
72199,0
72200,0
72201,-4
72202,-4
72203,6
72204,0
72205,-14
72206,14
72207,0
72208,-4
72209,0
72210,0
72211,0
72212,-4
72213,0
72214,0
72215,-4
72216,-4
72217,6
72218,-8
72219,-4
72220,-4
72221,0
72222,0
72223,0
72224,-4
72225,-4
72226,-4
72227,10
72228,-4
72229,0
72230,-4
72231,-4
72232,10
72233,0
72234,0
72235,-4
72236,0
72237,-4
72238,14
72239,0
72240,-4
72241,24
72242,0
72243,-4
72244,0
72245,0
72246,0
72247,0
72248,-4
72249,4
72250,0
72251,4
72252,2
72253,0
72254,-4
72255,0
72256,0
72257,0
72258,6
72259,-8
72260,0
72261,4
72262,0
72263,0
72264,0
72265,0
72266,2
72267,6
72268,0
72269,2
72270,0
72271,0
72272,0
72273,8
72274,0
72275,14
72276,2
72277,6
72278,2
72279,0
72280,0
72281,0
72282,0
72283,4
72284,2
72285,10
72286,4
72287,0
72288,-4
72289,-8
72290,0
72291,-4
72292,2
72293,0
72294,0
72295,0
72296,-14
72297,10
72298,0
72299,0
72300,0
72301,10
72302,-4
72303,0
72304,0
72305,4
72306,0
72307,0
72308,0
72309,0
72310,-4
72311,6
72312,-4
72313,-4
72314,-4
72315,-6
72316,-4
72317,-4
72318,0
72319,0
72320,-4
72321,-4
72322,0
72323,-4
72324,0
72325,0
72326,-4
72327,-4
72328,-4
72329,-4
72330,-4
72331,4
72332,-4
72333,0
72334,-4
72335,-4
72336,-4
72337,0
72338,-4
72339,0
72340,0
72341,-4
72342,-6
72343,-4
72344,-6
72345,0
72346,-4
72347,0
72348,-4
72349,0
72350,-4
72351,2
72352,-4
72353,0
72354,16
72355,-4
72356,0
72357,14
72358,2
72359,0
72360,0
72361,6
72362,4
72363,6
72364,2
72365,-4
72366,0
72367,4
72368,4
72369,4
72370,0
72371,6
72372,4
72373,6
72374,2
72375,2
72376,6
72377,4
72378,-4
72379,4
72380,0
72381,10
72382,0
72383,0
72384,-12
72385,0
72386,0
72387,-4
72388,2
72389,0
72390,2
72391,6
72392,0
72393,0
72394,0
72395,0
72396,-4
72397,0
72398,2
72399,-8
72400,0
72401,0
72402,0
72403,-4
72404,4
72405,0
72406,0
72407,0
72408,0
72409,0
72410,0
72411,-4
72412,0
72413,0
72414,0
72415,-14
72416,-4
72417,2
72418,-4
72419,0
72420,-4
72421,0
72422,-4
72423,-4
72424,0
72425,0
72426,6
72427,-4
72428,-4
72429,-4
72430,-8
72431,-4
72432,0
72433,-14
72434,6
72435,-4
72436,-16
72437,0
72438,-4
72439,0
72440,0
72441,0
72442,0
72443,0
72444,-4
72445,0
72446,0
72447,-8
72448,0
72449,0
72450,0
72451,-4
72452,0
72453,6
72454,0
72455,4
72456,-4
72457,0
72458,4
72459,0
72460,0
72461,2
72462,2
72463,6
72464,10
72465,4
72466,10
72467,4
72468,0
72469,0
72470,6
72471,0
72472,-4
72473,2
72474,2
72475,2
72476,4
72477,6
72478,2
72479,0
72480,6
72481,4
72482,2
72483,-8
72484,0
72485,0
72486,0
72487,0
72488,6
72489,0
72490,6
72491,0
72492,6
72493,2
72494,10
72495,2
72496,0
72497,4
72498,0
72499,0
72500,0
72501,0
72502,2
72503,0
72504,0
72505,0
72506,-4
72507,0
72508,0
72509,-4
72510,0
72511,-4
72512,-4
72513,0
72514,-4
72515,-4
72516,0
72517,-4
72518,-4
72519,-8
72520,4
72521,0
72522,-4
72523,-4
72524,-4
72525,-4
72526,0
72527,-18
72528,-4
72529,14
72530,-4
72531,-4
72532,6
72533,-4
72534,-4
72535,0
72536,0
72537,-4
72538,0
72539,-4
72540,0
72541,-12
72542,0
72543,0
72544,-4
72545,0
72546,0
72547,0
72548,0
72549,6
72550,0
72551,0
72552,0
72553,0
72554,0
72555,0
72556,0
72557,0
72558,0
72559,0
72560,4
72561,0
72562,0
72563,0
72564,0
72565,0
72566,0
72567,4
72568,6
72569,-8
72570,0
72571,4
72572,2
72573,0
72574,-8
72575,-4
72576,0
72577,0
72578,0
72579,10
72580,0
72581,0
72582,-8
72583,0
72584,0
72585,-8
72586,0
72587,0
72588,-4
72589,0
72590,0
72591,0
72592,-4
72593,-4
72594,-4
72595,-20
72596,-4
72597,4
72598,14
72599,-4
72600,-18
72601,-4
72602,0
72603,0
72604,-8
72605,0
72606,0
72607,0
72608,0
72609,-4
72610,-4
72611,-4
72612,-4
72613,-4
72614,-4
72615,-4
72616,0
72617,-4
72618,-6
72619,-4
72620,-4
72621,-4
72622,-4
72623,0
72624,4
72625,-8
72626,-4
72627,-4
72628,0
72629,-4
72630,-4
72631,14
72632,-4
72633,0
72634,10
72635,-4
72636,-4
72637,0
72638,0
72639,0
72640,-8
72641,0
72642,0
72643,0
72644,0
72645,0
72646,0
72647,0
72648,0
72649,-4
72650,0
72651,-4
72652,0
72653,0
72654,0
72655,0
72656,0
72657,-4
72658,-4
72659,6
72660,-4
72661,0
72662,0
72663,0
72664,0
72665,0
72666,-4
72667,2
72668,6
72669,0
72670,-10
72671,0
72672,4
72673,4
72674,0
72675,0
72676,2
72677,0
72678,-14
72679,0
72680,2
72681,-8
72682,0
72683,0
72684,-14
72685,2
72686,-4
72687,-4
72688,0
72689,0
72690,0
72691,4
72692,-4
72693,4
72694,0
72695,0
72696,-4
72697,0
72698,2
72699,2
72700,-4
72701,0
72702,-4
72703,10
72704,0
72705,0
72706,0
72707,-6
72708,-4
72709,0
72710,2
72711,-4
72712,-4
72713,-4
72714,-4
72715,-6
72716,-4
72717,-6
72718,-4
72719,-4
72720,-12
72721,-4
72722,0
72723,2
72724,-4
72725,-4
72726,8
72727,0
72728,-4
72729,0
72730,0
72731,-4
72732,0
72733,-4
72734,-4
72735,0
72736,-4
72737,-4
72738,4
72739,2
72740,0
72741,4
72742,6
72743,-4
72744,0
72745,-4
72746,0
72747,-4
72748,-4
72749,0
72750,0
72751,0
72752,0
72753,0
72754,0
72755,0
72756,0
72757,0
72758,-4
72759,2
72760,0
72761,0
72762,0
72763,0
72764,0
72765,2
72766,0
72767,-6
72768,0
72769,4
72770,4
72771,8
72772,4
72773,2
72774,0
72775,0
72776,6
72777,0
72778,0
72779,0
72780,16
72781,0
72782,6
72783,14
72784,0
72785,2
72786,0
72787,0
72788,0
72789,0
72790,14
72791,6
72792,2
72793,0
72794,-4
72795,0
72796,0
72797,0
72798,-4
72799,-4
72800,0
72801,2
72802,-14
72803,-14
72804,0
72805,0
72806,0
72807,0
72808,0
72809,0
72810,0
72811,-4
72812,-4
72813,-4
72814,0
72815,-4
72816,-4
72817,0
72818,-4
72819,-4
72820,0
72821,-4
72822,-4
72823,-4
72824,0
72825,-6
72826,0
72827,-4
72828,-4
72829,0
72830,0
72831,-4
72832,-4
72833,-4
72834,-4
72835,0
72836,-4
72837,-4
72838,-4
72839,-4
72840,0
72841,4
72842,-4
72843,2
72844,0
72845,0
72846,-4
72847,0
72848,0
72849,-4
72850,-4
72851,0
72852,0
72853,0
72854,-12
72855,-4
72856,-4
72857,0
72858,0
72859,0
72860,-4
72861,-4
72862,0
72863,0
72864,0
72865,0
72866,-4
72867,0
72868,0
72869,0
72870,0
72871,0
72872,0
72873,0
72874,4
72875,6
72876,0
72877,0
72878,0
72879,6
72880,0
72881,6
72882,0
72883,0
72884,2
72885,0
72886,0
72887,0
72888,-4
72889,0
72890,0
72891,0
72892,0
72893,0
72894,0
72895,0
72896,4
72897,0
72898,6
72899,0
72900,-4
72901,0
72902,-4
72903,0
72904,0
72905,4
72906,4
72907,0
72908,0
72909,0
72910,-4
72911,0
72912,0
72913,-4
72914,-4
72915,-4
72916,-4
72917,-4
72918,0
72919,0
72920,2
72921,0
72922,-8
72923,-8
72924,-4
72925,-4
72926,-4
72927,-4
72928,-4
72929,-4
72930,0
72931,0
72932,-4
72933,0
72934,14
72935,2
72936,-6
72937,-14
72938,0
72939,-4
72940,0
72941,0
72942,0
72943,-4
72944,-4
72945,-4
72946,0
72947,0
72948,-4
72949,-10
72950,0
72951,0
72952,2
72953,0
72954,0
72955,0
72956,-4
72957,0
72958,-4
72959,-4
72960,0
72961,0
72962,4
72963,0
72964,0
72965,0
72966,0
72967,0
72968,0
72969,0
72970,2
72971,2
72972,0
72973,2
72974,10
72975,6
72976,-4
72977,0
72978,0
72979,2
72980,2
72981,-6
72982,0
72983,2
72984,10
72985,0
72986,0
72987,-4
72988,0
72989,0
72990,4
72991,-16
72992,0
72993,6
72994,-4
72995,-4
72996,18
72997,-4
72998,0
72999,0
73000,6
73001,0
73002,0
73003,0
73004,0
73005,0
73006,-8
73007,0
73008,-4
73009,-4
73010,-4
73011,-4
73012,-4
73013,-6
73014,-4
73015,0
73016,-4
73017,0
73018,-4
73019,-4
73020,-4
73021,-4
73022,0
73023,-4
73024,-8
73025,-4
73026,0
73027,-4
73028,10
73029,-4
73030,-6
73031,-4
73032,0
73033,-4
73034,0
73035,-4
73036,0
73037,-4
73038,0
73039,0
73040,-4
73041,-4
73042,-10
73043,0
73044,0
73045,-4
73046,0
73047,0
73048,0
73049,-4
73050,0
73051,0
73052,0
73053,0
73054,0
73055,-4
73056,0
73057,-4
73058,0
73059,0
73060,6
73061,0
73062,4
73063,0
73064,0
73065,6
73066,6
73067,2
73068,6
73069,-4
73070,-4
73071,0
73072,0
73073,2
73074,2
73075,0
73076,10
73077,0
73078,0
73079,0
73080,-10
73081,0
73082,-4
73083,-8
73084,0
73085,4
73086,0
73087,0
73088,0
73089,0
73090,8
73091,0
73092,0
73093,0
73094,-4
73095,-4
73096,0
73097,-4
73098,0
73099,0
73100,0
73101,0
73102,0
73103,0
73104,0
73105,-8
73106,0
73107,0
73108,0
73109,-4
73110,-4
73111,0
73112,0
73113,-4
73114,0
73115,-4
73116,-4
73117,0
73118,-4
73119,0
73120,-4
73121,-4
73122,0
73123,0
73124,-4
73125,0
73126,-4
73127,-4
73128,-4
73129,0
73130,0
73131,-4
73132,0
73133,0
73134,-4
73135,-4
73136,-4
73137,-4
73138,0
73139,14
73140,-4
73141,0
73142,0
73143,0
73144,0
73145,-4
73146,0
73147,0
73148,0
73149,0
73150,0
73151,2
73152,4
73153,0
73154,0
73155,0
73156,0
73157,0
73158,0
73159,-4
73160,4
73161,0
73162,0
73163,-10
73164,4
73165,6
73166,-8
73167,0
73168,0
73169,0
73170,-8
73171,-4
73172,0
73173,0
73174,0
73175,0
73176,0
73177,22
73178,0
73179,-14
73180,2
73181,0
73182,0
73183,-4
73184,0
73185,-10
73186,0
73187,0
73188,6
73189,0
73190,-4
73191,6
73192,0
73193,0
73194,0
73195,0
73196,0
73197,4
73198,0
73199,-4
73200,-4
73201,0
73202,0
73203,0
73204,-4
73205,0
73206,-4
73207,-4
73208,-4
73209,0
73210,-4
73211,0
73212,-4
73213,0
73214,0
73215,-4
73216,-4
73217,-6
73218,-4
73219,-4
73220,-4
73221,-8
73222,-4
73223,-4
73224,-8
73225,-4
73226,-4
73227,0
73228,-4
73229,-4
73230,-4
73231,-12
73232,0
73233,-4
73234,6
73235,-4
73236,0
73237,-4
73238,-4
73239,-4
73240,10
73241,-4
73242,-4
73243,-4
73244,-4
73245,0
73246,-4
73247,0
73248,0
73249,0
73250,0
73251,6
73252,0
73253,0
73254,16
73255,0
73256,0
73257,0
73258,0
73259,0
73260,4
73261,0
73262,-8
73263,0
73264,6
73265,0
73266,0
73267,14
73268,0
73269,0
73270,6
73271,0
73272,0
73273,6
73274,0
73275,-8
73276,4
73277,4
73278,10
73279,0
73280,0
73281,14
73282,0
73283,2
73284,-8
73285,-4
73286,0
73287,-4
73288,0
73289,-4
73290,2
73291,-14
73292,0
73293,-4
73294,0
73295,-4
73296,0
73297,0
73298,0
73299,0
73300,0
73301,0
73302,0
73303,-8
73304,-4
73305,0
73306,0
73307,-4
73308,4
73309,-4
73310,-4
73311,0
73312,-26
73313,-4
73314,-4
73315,-4
73316,-4
73317,6
73318,-4
73319,-4
73320,-4
73321,0
73322,0
73323,-4
73324,0
73325,0
73326,-4
73327,0
73328,-6
73329,-4
73330,-8
73331,0
73332,-4
73333,-6
73334,-4
73335,-4
73336,0
73337,-4
73338,0
73339,-8
73340,0
73341,0
73342,0
73343,-4
73344,-14
73345,0
73346,-4
73347,0
73348,0
73349,0
73350,0
73351,10
73352,0
73353,-4
73354,-4
73355,0
73356,0
73357,4
73358,0
73359,0
73360,2
73361,0
73362,-4
73363,0
73364,2
73365,0
73366,0
73367,-10
73368,0
73369,0
73370,0
73371,2
73372,0
73373,4
73374,6
73375,0
73376,6
73377,0
73378,10
73379,0
73380,-8
73381,2
73382,4
73383,4
73384,-4
73385,0
73386,0
73387,-10
73388,4
73389,0
73390,0
73391,0
73392,0
73393,8
73394,0
73395,0
73396,-4
73397,10
73398,-14
73399,0
73400,-4
73401,0
73402,2
73403,2
73404,0
73405,0
73406,0
73407,0
73408,-6
73409,-4
73410,0
73411,0
73412,-4
73413,-4
73414,-4
73415,-4
73416,-4
73417,0
73418,-4
73419,-4
73420,0
73421,0
73422,0
73423,-4
73424,-4
73425,0
73426,-6
73427,0
73428,-4
73429,-4
73430,6
73431,-4
73432,0
73433,4
73434,-4
73435,-4
73436,-4
73437,-4
73438,-4
73439,0
73440,-4
73441,0
73442,-4
73443,6
73444,-4
73445,0
73446,-4
73447,-8
73448,0
73449,-4
73450,0
73451,0
73452,-4
73453,-4
73454,0
73455,-4
73456,0
73457,0
73458,0
73459,-4
73460,-4
73461,0
73462,-4
73463,0
73464,4
73465,2
73466,-4
73467,0
73468,0
73469,-4
73470,-4
73471,0
73472,0
73473,-8
73474,2
73475,2
73476,0
73477,8
73478,0
73479,-10
73480,0
73481,0
73482,-4
73483,0
73484,0
73485,4
73486,-8
73487,2
73488,6
73489,0
73490,0
73491,4
73492,0
73493,0
73494,-4
73495,0
73496,0
73497,0
73498,0
73499,-4
73500,-4
73501,0
73502,-4
73503,0
73504,0
73505,-4
73506,0
73507,0
73508,0
73509,2
73510,-4
73511,0
73512,-4
73513,0
73514,0
73515,-4
73516,10
73517,0
73518,-4
73519,-6
73520,0
73521,-18
73522,-4
73523,-4
73524,-4
73525,-4
73526,-4
73527,-4
73528,-22
73529,0
73530,8
73531,-4
73532,0
73533,0
73534,-4
73535,0
73536,4
73537,-4
73538,-4
73539,2
73540,0
73541,-4
73542,0
73543,-4
73544,0
73545,0
73546,0
73547,0
73548,0
73549,0
73550,0
73551,0
73552,0
73553,0
73554,0
73555,2
73556,-4
73557,-4
73558,4
73559,0
73560,2
73561,6
73562,0
73563,0
73564,0
73565,-4
73566,6
73567,0
73568,0
73569,0
73570,0
73571,-12
73572,0
73573,0
73574,0
73575,10
73576,-4
73577,0
73578,10
73579,0
73580,-4
73581,0
73582,0
73583,0
73584,-4
73585,0
73586,6
73587,10
73588,2
73589,0
73590,2
73591,0
73592,0
73593,10
73594,0
73595,0
73596,-8
73597,0
73598,-4
73599,0
73600,0
73601,2
73602,-6
73603,0
73604,6
73605,0
73606,0
73607,0
73608,0
73609,0
73610,0
73611,-4
73612,0
73613,-4
73614,-4
73615,0
73616,-4
73617,-4
73618,-6
73619,14
73620,-4
73621,-4
73622,-4
73623,-4
73624,0
73625,0
73626,0
73627,0
73628,0
73629,-4
73630,4
73631,-4
73632,-4
73633,0
73634,-4
73635,-4
73636,0
73637,0
73638,-4
73639,-8
73640,2
73641,0
73642,0
73643,-4
73644,4
73645,0
73646,0
73647,0
73648,0
73649,-4
73650,-14
73651,-4
73652,0
73653,0
73654,0
73655,0
73656,0
73657,-4
73658,0
73659,0
73660,0
73661,0
73662,0
73663,0
73664,0
73665,0
73666,0
73667,0
73668,4
73669,0
73670,-4
73671,6
73672,2
73673,0
73674,2
73675,0
73676,6
73677,2
73678,6
73679,0
73680,-4
73681,0
73682,4
73683,4
73684,2
73685,-4
73686,0
73687,0
73688,0
73689,-4
73690,0
73691,0
73692,0
73693,8
73694,0
73695,0
73696,-4
73697,-4
73698,0
73699,-4
73700,0
73701,0
73702,-4
73703,0
73704,-4
73705,0
73706,6
73707,-4
73708,0
73709,-4
73710,0
73711,0
73712,-4
73713,0
73714,-4
73715,0
73716,0
73717,-4
73718,-10
73719,-4
73720,-4
73721,-4
73722,-4
73723,-4
73724,-4
73725,-4
73726,-8
73727,-4
73728,-4
73729,-4
73730,-4
73731,0
73732,2
73733,0
73734,-4
73735,-4
73736,-4
73737,0
73738,0
73739,0
73740,0
73741,0
73742,0
73743,-4
73744,0
73745,-4
73746,0
73747,0
73748,0
73749,0
73750,0
73751,2
73752,2
73753,0
73754,0
73755,0
73756,0
73757,0
73758,0
73759,2
73760,0
73761,0
73762,-4
73763,0
73764,0
73765,2
73766,6
73767,0
73768,0
73769,0
73770,2
73771,0
73772,0
73773,4
73774,-8
73775,0
73776,0
73777,0
73778,2
73779,0
73780,0
73781,2
73782,-4
73783,6
73784,2
73785,0
73786,0
73787,0
73788,0
73789,0
73790,0
73791,0
73792,-4
73793,0
73794,0
73795,0
73796,0
73797,-4
73798,0
73799,0
73800,0
73801,0
73802,0
73803,-4
73804,0
73805,0
73806,0
73807,2
73808,0
73809,0
73810,0
73811,0
73812,0
73813,-4
73814,-4
73815,-4
73816,-4
73817,-4
73818,-4
73819,-4
73820,-4
73821,-4
73822,6
73823,-4
73824,-4
73825,-4
73826,-4
73827,2
73828,-4
73829,-4
73830,-4
73831,-4
73832,0
73833,-4
73834,-8
73835,-4
73836,-4
73837,0
73838,0
73839,0
73840,-4
73841,0
73842,-4
73843,14
73844,-4
73845,0
73846,0
73847,4
73848,0
73849,2
73850,-4
73851,0
73852,-8
73853,0
73854,4
73855,4
73856,0
73857,-4
73858,0
73859,6
73860,0
73861,0
73862,0
73863,2
73864,0
73865,0
73866,4
73867,8
73868,0
73869,0
73870,0
73871,4
73872,0
73873,0
73874,2
73875,0
73876,0
73877,0
73878,2
73879,0
73880,0
73881,6
73882,0
73883,0
73884,6
73885,4
73886,6
73887,0
73888,-12
73889,-4
73890,0
73891,8
73892,0
73893,0
73894,0
73895,0
73896,0
73897,4
73898,0
73899,0
73900,0
73901,-4
73902,0
73903,0
73904,0
73905,0
73906,0
73907,2
73908,-4
73909,-4
73910,0
73911,0
73912,0
73913,0
73914,0
73915,-4
73916,0
73917,0
73918,0
73919,0
73920,-4
73921,0
73922,-4
73923,-4
73924,-6
73925,-4
73926,-4
73927,-4
73928,-4
73929,-4
73930,-4
73931,0
73932,-4
73933,-4
73934,0
73935,0
73936,2
73937,0
73938,-4
73939,0
73940,0
73941,0
73942,-4
73943,0
73944,-4
73945,0
73946,0
73947,4
73948,0
73949,0
73950,0
73951,0
73952,0
73953,6
73954,-4
73955,0
73956,0
73957,0
73958,0
73959,0
73960,0
73961,0
73962,0
73963,0
73964,0
73965,-8
73966,0
73967,6
73968,2
73969,0
73970,4
73971,4
73972,6
73973,0
73974,0
73975,0
73976,0
73977,0
73978,-10
73979,0
73980,4
73981,0
73982,2
73983,4
73984,-4
73985,0
73986,-4
73987,0
73988,-4
73989,2
73990,-4
73991,0
73992,0
73993,-6
73994,0
73995,0
73996,-10
73997,0
73998,0
73999,-8
74000,0
74001,-8
74002,-4
74003,0
74004,0
74005,0
74006,-4
74007,0
74008,2
74009,-4
74010,0
74011,0
74012,0
74013,-4
74014,0
74015,-4
74016,0
74017,-4
74018,-4
74019,-4
74020,-4
74021,-4
74022,-4
74023,-4
74024,-4
74025,-4
74026,-4
74027,0
74028,-4
74029,-4
74030,-4
74031,-4
74032,-4
74033,0
74034,0
74035,0
74036,0
74037,-4
74038,0
74039,0
74040,-4
74041,-4
74042,8
74043,0
74044,0
74045,0
74046,0
74047,0
74048,-4
74049,-4
74050,0
74051,0
74052,0
74053,0
74054,-4
74055,0
74056,0
74057,0
74058,2
74059,-30
74060,0
74061,0
74062,4
74063,4
74064,0
74065,2
74066,0
74067,2
74068,4
74069,-8
74070,6
74071,6
74072,0
74073,6
74074,2
74075,18
74076,8
74077,0
74078,0
74079,0
74080,4
74081,0
74082,6
74083,8
74084,0
74085,0
74086,-6
74087,0
74088,4
74089,-6
74090,0
74091,0
74092,4
74093,0
74094,0
74095,2
74096,0
74097,-4
74098,0
74099,-4
74100,0
74101,6
74102,0
74103,0
74104,0
74105,-4
74106,0
74107,0
74108,0
74109,-4
74110,0
74111,-4
74112,0
74113,-4
74114,-6
74115,-4
74116,0
74117,0
74118,0
74119,0
74120,0
74121,0
74122,0
74123,-4
74124,0
74125,-14
74126,6
74127,-4
74128,0
74129,-8
74130,-4
74131,-4
74132,-14
74133,-4
74134,-4
74135,-8
74136,0
74137,-4
74138,-4
74139,0
74140,0
74141,0
74142,2
74143,0
74144,-4
74145,0
74146,0
74147,0
74148,0
74149,0
74150,-8
74151,0
74152,0
74153,0
74154,-4
74155,0
74156,0
74157,10
74158,4
74159,0
74160,2
74161,0
74162,0
74163,2
74164,0
74165,0
74166,0
74167,4
74168,0
74169,4
74170,2
74171,-8
74172,4
74173,4
74174,10
74175,4
74176,0
74177,-8
74178,0
74179,0
74180,4
74181,-12
74182,4
74183,0
74184,10
74185,4
74186,0
74187,0
74188,0
74189,0
74190,0
74191,-20
74192,0
74193,6
74194,0
74195,16
74196,0
74197,0
74198,0
74199,0
74200,0
74201,0
74202,2
74203,0
74204,-4
74205,0
74206,0
74207,6
74208,0
74209,-4
74210,6
74211,0
74212,0
74213,4
74214,0
74215,-4
74216,0
74217,-4
74218,-4
74219,0
74220,0
74221,-4
74222,-4
74223,-8
74224,0
74225,-4
74226,-4
74227,-4
74228,-6
74229,-4
74230,-12
74231,0
74232,-4
74233,0
74234,-4
74235,0
74236,-4
74237,0
74238,-4
74239,0
74240,-4
74241,0
74242,-4
74243,0
74244,0
74245,4
74246,0
74247,0
74248,2
74249,-4
74250,-14
74251,0
74252,0
74253,0
74254,0
74255,-4
74256,-4
74257,2
74258,6
74259,4
74260,0
74261,0
74262,0
74263,4
74264,0
74265,0
74266,-4
74267,4
74268,-8
74269,0
74270,0
74271,0
74272,10
74273,0
74274,0
74275,0
74276,0
74277,0
74278,-4
74279,4
74280,-4
74281,0
74282,2
74283,-4
74284,4
74285,0
74286,-8
74287,0
74288,0
74289,0
74290,-4
74291,0
74292,0
74293,0
74294,0
74295,0
74296,0
74297,-12
74298,-6
74299,0
74300,0
74301,-12
74302,0
74303,0
74304,0
74305,0
74306,0
74307,0
74308,0
74309,2
74310,-4
74311,0
74312,-4
74313,0
74314,-4
74315,0
74316,-4
74317,0
74318,0
74319,-4
74320,0
74321,-4
74322,-4
74323,-4
74324,-4
74325,-4
74326,0
74327,-4
74328,-4
74329,2
74330,-4
74331,-4
74332,-4
74333,-4
74334,-8
74335,-4
74336,-4
74337,6
74338,-4
74339,-4
74340,-4
74341,0
74342,-4
74343,0
74344,0
74345,0
74346,-16
74347,0
74348,2
74349,-4
74350,0
74351,10
74352,0
74353,0
74354,0
74355,0
74356,2
74357,0
74358,-4
74359,10
74360,2
74361,0
74362,0
74363,0
74364,0
74365,4
74366,2
74367,0
74368,0
74369,0
74370,0
74371,0
74372,6
74373,8
74374,-4
74375,0
74376,6
74377,0
74378,0
74379,0
74380,0
74381,2
74382,10
74383,0
74384,0
74385,6
74386,2
74387,0
74388,0
74389,-4
74390,4
74391,0
74392,2
74393,0
74394,2
74395,0
74396,0
74397,0
74398,2
74399,0
74400,0
74401,-4
74402,10
74403,0
74404,-4
74405,10
74406,0
74407,0
74408,-4
74409,0
74410,0
74411,0
74412,0
74413,-4
74414,-4
74415,0
74416,-4
74417,0
74418,-4
74419,2
74420,-4
74421,-4
74422,0
74423,-4
74424,0
74425,0
74426,-4
74427,-8
74428,-4
74429,-4
74430,0
74431,-4
74432,-4
74433,0
74434,-4
74435,0
74436,-8
74437,-4
74438,0
74439,-4
74440,0
74441,0
74442,-4
74443,0
74444,4
74445,0
74446,0
74447,0
74448,0
74449,0
74450,2
74451,4
74452,4
74453,0
74454,0
74455,-14
74456,-4
74457,0
74458,0
74459,2
74460,0
74461,4
74462,2
74463,2
74464,0
74465,0
74466,2
74467,0
74468,0
74469,2
74470,0
74471,0
74472,6
74473,6
74474,0
74475,-4
74476,0
74477,10
74478,4
74479,10
74480,0
74481,-8
74482,0
74483,0
74484,10
74485,0
74486,4
74487,0
74488,0
74489,0
74490,-4
74491,0
74492,0
74493,6
74494,2
74495,6
74496,0
74497,0
74498,0
74499,-4
74500,-8
74501,0
74502,0
74503,-8
74504,4
74505,0
74506,0
74507,0
74508,-4
74509,-4
74510,0
74511,0
74512,-4
74513,-4
74514,-4
74515,-14
74516,-4
74517,-4
74518,-4
74519,-4
74520,-6
74521,-4
74522,0
74523,-4
74524,-4
74525,0
74526,0
74527,-4
74528,-14
74529,-4
74530,-4
74531,0
74532,-4
74533,0
74534,-4
74535,4
74536,-4
74537,-4
74538,-4
74539,-4
74540,0
74541,-14
74542,0
74543,0
74544,-4
74545,0
74546,0
74547,0
74548,-4
74549,0
74550,0
74551,0
74552,0
74553,-4
74554,0
74555,0
74556,0
74557,-4
74558,0
74559,0
74560,6
74561,0
74562,0
74563,0
74564,2
74565,0
74566,6
74567,2
74568,0
74569,-8
74570,14
74571,10
74572,0
74573,0
74574,0
74575,0
74576,0
74577,0
74578,0
74579,0
74580,0
74581,0
74582,0
74583,6
74584,0
74585,2
74586,6
74587,6
74588,0
74589,0
74590,10
74591,0
74592,0
74593,-4
74594,0
74595,0
74596,-4
74597,0
74598,0
74599,0
74600,0
74601,0
74602,2
74603,0
74604,0
74605,-4
74606,0
74607,0
74608,-4
74609,-4
74610,-4
74611,0
74612,-4
74613,-4
74614,-4
74615,-4
74616,0
74617,24
74618,-4
74619,10
74620,-4
74621,-4
74622,-4
74623,0
74624,4
74625,-4
74626,-4
74627,0
74628,-4
74629,-4
74630,8
74631,0
74632,0
74633,-4
74634,0
74635,-4
74636,-4
74637,-4
74638,4
74639,0
74640,0
74641,-4
74642,6
74643,0
74644,-14
74645,0
74646,0
74647,-4
74648,0
74649,0
74650,0
74651,0
74652,4
74653,-4
74654,0
74655,0
74656,0
74657,0
74658,0
74659,0
74660,6
74661,0
74662,2
74663,0
74664,0
74665,2
74666,0
74667,0
74668,-4
74669,0
74670,0
74671,0
74672,10
74673,4
74674,0
74675,2
74676,4
74677,4
74678,0
74679,2
74680,0
74681,0
74682,0
74683,0
74684,0
74685,0
74686,-14
74687,0
74688,-4
74689,-8
74690,-4
74691,0
74692,0
74693,2
74694,0
74695,0
74696,-4
74697,0
74698,-4
74699,0
74700,-4
74701,-4
74702,-4
74703,18
74704,8
74705,0
74706,0
74707,0
74708,0
74709,-4
74710,-4
74711,-4
74712,0
74713,-4
74714,-4
74715,0
74716,-4
74717,0
74718,-4
74719,-4
74720,-4
74721,-4
74722,6
74723,-4
74724,0
74725,0
74726,0
74727,-4
74728,0
74729,-6
74730,-4
74731,-4
74732,10
74733,-4
74734,-4
74735,0
74736,-4
74737,-4
74738,0
74739,0
74740,-4
74741,-6
74742,0
74743,0
74744,0
74745,-6
74746,-4
74747,0
74748,-4
74749,0
74750,0
74751,0
74752,4
74753,2
74754,-4
74755,4
74756,0
74757,0
74758,2
74759,-4
74760,0
74761,0
74762,0
74763,4
74764,0
74765,0
74766,0
74767,0
74768,-12
74769,-4
74770,0
74771,0
74772,0
74773,0
74774,0
74775,4
74776,6
74777,0
74778,0
74779,-8
74780,2
74781,0
74782,4
74783,0
74784,-4
74785,14
74786,6
74787,2
74788,6
74789,0
74790,0
74791,0
74792,-4
74793,0
74794,8
74795,0
74796,0
74797,14
74798,-6
74799,8
74800,0
74801,0
74802,-4
74803,0
74804,0
74805,0
74806,2
74807,0
74808,-4
74809,0
74810,6
74811,0
74812,0
74813,-4
74814,-4
74815,-4
74816,0
74817,-4
74818,-4
74819,0
74820,-4
74821,-4
74822,0
74823,-4
74824,-4
74825,0
74826,-16
74827,0
74828,-4
74829,-4
74830,-4
74831,20
74832,0
74833,-4
74834,-14
74835,-4
74836,0
74837,-6
74838,-4
74839,-4
74840,0
74841,0
74842,-4
74843,8
74844,0
74845,0
74846,-4
74847,0
74848,0
74849,0
74850,-4
74851,0
74852,0
74853,0
74854,0
74855,-8
74856,0
74857,0
74858,0
74859,0
74860,0
74861,0
74862,6
74863,6
74864,4
74865,8
74866,0
74867,0
74868,4
74869,2
74870,0
74871,2
74872,0
74873,0
74874,6
74875,0
74876,0
74877,8
74878,2
74879,0
74880,0
74881,10
74882,4
74883,0
74884,10
74885,4
74886,0
74887,0
74888,2
74889,-4
74890,0
74891,-6
74892,2
74893,2
74894,0
74895,0
74896,0
74897,0
74898,-4
74899,0
74900,0
74901,-8
74902,0
74903,0
74904,0
74905,-4
74906,0
74907,0
74908,0
74909,6
74910,0
74911,-4
74912,-4
74913,0
74914,-4
74915,8
74916,-4
74917,-4
74918,-4
74919,0
74920,-4
74921,0
74922,-4
74923,0
74924,-4
74925,0
74926,-4
74927,-4
74928,-4
74929,-4
74930,-6
74931,0
74932,-4
74933,-4
74934,-4
74935,-4
74936,-16
74937,0
74938,0
74939,-8
74940,0
74941,0
74942,-4
74943,0
74944,0
74945,0
74946,-4
74947,-4
74948,4
74949,-4
74950,-4
74951,0
74952,0
74953,0
74954,0
74955,-4
74956,0
74957,-4
74958,0
74959,0
74960,0
74961,6
74962,0
74963,0
74964,0
74965,0
74966,4
74967,0
74968,0
74969,0
74970,6
74971,2
74972,0
74973,2
74974,4
74975,0
74976,2
74977,2
74978,-8
74979,2
74980,4
74981,0
74982,0
74983,-14
74984,6
74985,0
74986,-12
74987,2
74988,0
74989,0
74990,-4
74991,0
74992,0
74993,-4
74994,0
74995,0
74996,2
74997,-4
74998,0
74999,0
75000,0
75001,-4
75002,-4
75003,0
75004,0
75005,0
75006,0
75007,0
75008,0
75009,0
75010,-4
75011,-4
75012,0
75013,0
75014,0
75015,-4
75016,-4
75017,-4
75018,-4
75019,-4
75020,-4
75021,-4
75022,0
75023,0
75024,-8
75025,-4
75026,0
75027,-4
75028,-4
75029,-4
75030,-4
75031,0
75032,6
75033,0
75034,-4
75035,0
75036,0
75037,0
75038,-4
75039,0
75040,-4
75041,4
75042,-4
75043,-4
75044,-8
75045,-4
75046,0
75047,0
75048,6
75049,0
75050,-4
75051,0
75052,4
75053,0
75054,0
75055,-4
75056,-4
75057,0
75058,0
75059,0
75060,0
75061,0
75062,0
75063,4
75064,0
75065,0
75066,0
75067,2
75068,0
75069,0
75070,0
75071,6
75072,2
75073,0
75074,4
75075,0
75076,0
75077,4
75078,0
75079,0
75080,2
75081,6
75082,6
75083,0
75084,0
75085,10
75086,2
75087,4
75088,-4
75089,0
75090,-4
75091,-4
75092,-14
75093,0
75094,2
75095,0
75096,0
75097,2
75098,0
75099,0
75100,18
75101,0
75102,-4
75103,0
75104,0
75105,0
75106,6
75107,-6
75108,-8
75109,-4
75110,0
75111,-4
75112,0
75113,-4
75114,-4
75115,0
75116,0
75117,-4
75118,-4
75119,4
75120,0
75121,16
75122,-4
75123,0
75124,-4
75125,-4
75126,-6
75127,-4
75128,-4
75129,6
75130,-4
75131,-4
75132,-4
75133,-4
75134,-16
75135,-4
75136,-4
75137,0
75138,-4
75139,0
75140,-4
75141,-4
75142,0
75143,-8
75144,0
75145,0
75146,0
75147,-4
75148,0
75149,-4
75150,0
75151,0
75152,0
75153,0
75154,-4
75155,0
75156,-6
75157,-4
75158,0
75159,-4
75160,4
75161,4
75162,2
75163,0
75164,0
75165,0
75166,0
75167,0
75168,0
75169,0
75170,2
75171,0
75172,0
75173,4
75174,2
75175,-4
75176,0
75177,-8
75178,0
75179,2
75180,0
75181,0
75182,0
75183,4
75184,2
75185,0
75186,0
75187,8
75188,0
75189,0
75190,-8
75191,0
75192,-4
75193,4
75194,0
75195,0
75196,-4
75197,0
75198,0
75199,-4
75200,0
75201,0
75202,0
75203,-4
75204,-14
75205,-4
75206,-4
75207,0
75208,0
75209,-4
75210,-4
75211,0
75212,0
75213,-4
75214,-4
75215,0
75216,-4
75217,-4
75218,-4
75219,-4
75220,0
75221,-4
75222,-16
75223,-4
75224,-4
75225,0
75226,-4
75227,-14
75228,-4
75229,0
75230,0
75231,0
75232,-4
75233,6
75234,0
75235,-4
75236,-14
75237,-4
75238,-4
75239,-16
75240,4
75241,-4
75242,-8
75243,0
75244,-4
75245,-4
75246,-10
75247,-4
75248,-4
75249,0
75250,-4
75251,0
75252,0
75253,0
75254,0
75255,0
75256,0
75257,-4
75258,4
75259,0
75260,4
75261,0
75262,0
75263,0
75264,0
75265,2
75266,-6
75267,-4
75268,2
75269,0
75270,6
75271,2
75272,0
75273,0
75274,0
75275,0
75276,2
75277,2
75278,6
75279,0
75280,14
75281,4
75282,-4
75283,-4
75284,0
75285,0
75286,6
75287,0
75288,0
75289,6
75290,0
75291,-4
75292,0
75293,18
75294,-4
75295,8
75296,0
75297,0
75298,0
75299,-4
75300,0
75301,-4
75302,-4
75303,0
75304,-4
75305,0
75306,0
75307,0
75308,0
75309,0
75310,0
75311,0
75312,0
75313,0
75314,-4
75315,-4
75316,0
75317,-8
75318,-4
75319,-4
75320,-4
75321,-4
75322,0
75323,-4
75324,-4
75325,-4
75326,-4
75327,-4
75328,18
75329,-4
75330,-4
75331,-4
75332,-4
75333,-4
75334,0
75335,0
75336,0
75337,-4
75338,-4
75339,-4
75340,-4
75341,6
75342,0
75343,0
75344,8
75345,0
75346,0
75347,0
75348,-4
75349,2
75350,0
75351,-4
75352,0
75353,0
75354,0
75355,0
75356,2
75357,2
75358,0
75359,0
75360,0
75361,2
75362,0
75363,2
75364,6
75365,2
75366,0
75367,0
75368,0
75369,0
75370,0
75371,2
75372,0
75373,0
75374,6
75375,0
75376,0
75377,0
75378,0
75379,-4
75380,0
75381,0
75382,4
75383,2
75384,0
75385,-8
75386,0
75387,2
75388,-4
75389,-4
75390,0
75391,-4
75392,6
75393,-4
75394,0
75395,2
75396,-18
75397,0
75398,0
75399,-4
75400,-4
75401,0
75402,0
75403,-4
75404,-4
75405,-4
75406,-4
75407,0
75408,0
75409,0
75410,-4
75411,-4
75412,0
75413,-4
75414,-4
75415,-4
75416,-4
75417,-4
75418,-4
75419,-4
75420,0
75421,0
75422,-4
75423,-4
75424,-4
75425,-4
75426,-4
75427,-4
75428,-4
75429,-4
75430,-4
75431,-4
75432,-4
75433,-4
75434,6
75435,-4
75436,-4
75437,-4
75438,-4
75439,-4
75440,0
75441,0
75442,-4
75443,-4
75444,-4
75445,0
75446,0
75447,0
75448,0
75449,0
75450,-4
75451,-4
75452,0
75453,0
75454,8
75455,0
75456,0
75457,6
75458,22
75459,0
75460,0
75461,10
75462,-4
75463,0
75464,0
75465,0
75466,0
75467,4
75468,4
75469,0
75470,0
75471,0
75472,0
75473,0
75474,0
75475,0
75476,-4
75477,-4
75478,0
75479,0
75480,4
75481,10
75482,0
75483,4
75484,6
75485,0
75486,0
75487,0
75488,-4
75489,6
75490,-4
75491,-10
75492,0
75493,0
75494,0
75495,0
75496,0
75497,-8
75498,-4
75499,6
75500,6
75501,0
75502,10
75503,-4
75504,0
75505,-4
75506,10
75507,0
75508,-4
75509,0
75510,-4
75511,-4
75512,-6
75513,-4
75514,0
75515,-4
75516,-4
75517,0
75518,-4
75519,0
75520,0
75521,0
75522,0
75523,-4
75524,-6
75525,-4
75526,-4
75527,0
75528,-4
75529,-4
75530,-4
75531,-4
75532,0
75533,-8
75534,-4
75535,0
75536,0
75537,-4
75538,0
75539,-6
75540,-4
75541,0
75542,2
75543,-4
75544,0
75545,-4
75546,0
75547,0
75548,0
75549,0
75550,0
75551,0
75552,0
75553,0
75554,0
75555,0
75556,0
75557,0
75558,0
75559,0
75560,10
75561,-8
75562,0
75563,0
75564,0
75565,0
75566,0
75567,2
75568,6
75569,0
75570,0
75571,2
75572,-10
75573,2
75574,0
75575,8
75576,0
75577,0
75578,-4
75579,0
75580,-10
75581,0
75582,4
75583,6
75584,0
75585,0
75586,-10
75587,0
75588,0
75589,0
75590,0
75591,0
75592,2
75593,-4
75594,0
75595,-4
75596,0
75597,-4
75598,0
75599,0
75600,0
75601,0
75602,-4
75603,4
75604,-4
75605,0
75606,0
75607,-4
75608,0
75609,-4
75610,2
75611,0
75612,0
75613,0
75614,-4
75615,0
75616,-4
75617,0
75618,-4
75619,0
75620,-4
75621,-4
75622,-4
75623,0
75624,-4
75625,0
75626,-4
75627,2
75628,0
75629,-4
75630,4
75631,-4
75632,0
75633,-4
75634,-4
75635,-8
75636,-4
75637,0
75638,-4
75639,0
75640,2
75641,0
75642,0
75643,-4
75644,4
75645,0
75646,0
75647,-4
75648,0
75649,0
75650,0
75651,0
75652,4
75653,0
75654,0
75655,0
75656,0
75657,0
75658,0
75659,-4
75660,0
75661,-4
75662,0
75663,0
75664,2
75665,0
75666,2
75667,0
75668,6
75669,6
75670,0
75671,0
75672,0
75673,-8
75674,4
75675,0
75676,4
75677,0
75678,0
75679,0
75680,0
75681,2
75682,0
75683,0
75684,0
75685,-4
75686,0
75687,0
75688,-4
75689,0
75690,0
75691,0
75692,6
75693,0
75694,-4
75695,0
75696,-12
75697,0
75698,0
75699,0
75700,0
75701,8
75702,2
75703,0
75704,4
75705,0
75706,0
75707,0
75708,0
75709,-4
75710,0
75711,0
75712,0
75713,0
75714,0
75715,-4
75716,-4
75717,0
75718,0
75719,6
75720,0
75721,-4
75722,0
75723,-4
75724,-8
75725,0
75726,-4
75727,-4
75728,-4
75729,-4
75730,-4
75731,-6
75732,-4
75733,-4
75734,-4
75735,-4
75736,-4
75737,-8
75738,-4
75739,-4
75740,-8
75741,0
75742,0
75743,0
75744,-4
75745,-4
75746,0
75747,0
75748,8
75749,8
75750,0
75751,0
75752,0
75753,0
75754,-4
75755,0
75756,8
75757,0
75758,-4
75759,-4
75760,-4
75761,0
75762,4
75763,0
75764,0
75765,2
75766,0
75767,0
75768,0
75769,0
75770,0
75771,0
75772,4
75773,0
75774,-4
75775,0
75776,0
75777,6
75778,2
75779,8
75780,0
75781,10
75782,0
75783,0
75784,10
75785,0
75786,2
75787,0
75788,0
75789,0
75790,6
75791,8
75792,6
75793,2
75794,0
75795,0
75796,0
75797,4
75798,2
75799,-4
75800,-4
75801,0
75802,0
75803,0
75804,-4
75805,-4
75806,0
75807,0
75808,0
75809,-8
75810,-4
75811,-4
75812,-4
75813,0
75814,0
75815,0
75816,0
75817,0
75818,-4
75819,-4
75820,-4
75821,-4
75822,-4
75823,-4
75824,-4
75825,-4
75826,-4
75827,0
75828,-4
75829,-4
75830,-4
75831,-4
75832,-4
75833,-4
75834,-4
75835,-4
75836,-6
75837,-4
75838,-4
75839,-6
75840,0
75841,0
75842,0
75843,0
75844,-4
75845,0
75846,0
75847,0
75848,0
75849,0
75850,2
75851,2
75852,-4
75853,-8
75854,0
75855,-4
75856,0
75857,0
75858,-4
75859,0
75860,2
75861,0
75862,0
75863,0
75864,0
75865,0
75866,0
75867,0
75868,0
75869,0
75870,0
75871,0
75872,0
75873,2
75874,0
75875,0
75876,4
75877,-8
75878,0
75879,0
75880,0
75881,0
75882,4
75883,0
75884,0
75885,-4
75886,0
75887,4
75888,0
75889,0
75890,-14
75891,0
75892,0
75893,10
75894,2
75895,0
75896,0
75897,0
75898,-4
75899,2
75900,-8
75901,0
75902,6
75903,0
75904,0
75905,0
75906,-4
75907,0
75908,2
75909,0
75910,-4
75911,0
75912,0
75913,0
75914,-4
75915,0
75916,-4
75917,-4
75918,-4
75919,-4
75920,-4
75921,-4
75922,0
75923,0
75924,-6
75925,-4
75926,0
75927,6
75928,-4
75929,-4
75930,-16
75931,-4
75932,2
75933,-4
75934,-4
75935,2
75936,-4
75937,-4
75938,-4
75939,-4
75940,0
75941,-4
75942,0
75943,-4
75944,-4
75945,0
75946,-4
75947,-4
75948,0
75949,0
75950,0
75951,-4
75952,0
75953,2
75954,4
75955,-4
75956,0
75957,-4
75958,-4
75959,0
75960,0
75961,0
75962,0
75963,0
75964,0
75965,8
75966,0
75967,-4
75968,8
75969,2
75970,4
75971,6
75972,0
75973,0
75974,6
75975,2
75976,0
75977,0
75978,-8
75979,0
75980,2
75981,0
75982,10
75983,0
75984,-4
75985,0
75986,6
75987,-4
75988,6
75989,-6
75990,0
75991,0
75992,10
75993,2
75994,0
75995,2
75996,2
75997,0
75998,0
75999,0
76000,0
76001,0
76002,-4
76003,0
76004,-4
76005,0
76006,-4
76007,0
76008,0
76009,-4
76010,0
76011,-4
76012,-4
76013,4
76014,-4
76015,6
76016,-4
76017,4
76018,-4
76019,-4
76020,-4
76021,0
76022,-6
76023,0
76024,-6
76025,-4
76026,-4
76027,-4
76028,-4
76029,-4
76030,-4
76031,0
76032,-4
76033,-4
76034,0
76035,-4
76036,-4
76037,-6
76038,-4
76039,-4
76040,0
76041,-4
76042,0
76043,-4
76044,0
76045,0
76046,0
76047,0
76048,4
76049,-4
76050,-4
76051,0
76052,0
76053,-4
76054,0
76055,-4
76056,0
76057,-4
76058,0
76059,0
76060,-4
76061,2
76062,-4
76063,-4
76064,4
76065,-4
76066,2
76067,0
76068,2
76069,6
76070,4
76071,0
76072,-4
76073,0
76074,0
76075,4
76076,0
76077,0
76078,0
76079,-12
76080,2
76081,-4
76082,6
76083,0
76084,-6
76085,-4
76086,6
76087,4
76088,0
76089,2
76090,0
76091,-8
76092,0
76093,0
76094,-8
76095,0
76096,8
76097,-4
76098,0
76099,0
76100,2
76101,6
76102,0
76103,14
76104,0
76105,0
76106,6
76107,0
76108,0
76109,0
76110,-4
76111,-4
76112,-4
76113,-4
76114,0
76115,-4
76116,-4
76117,0
76118,20
76119,-4
76120,10
76121,0
76122,14
76123,-4
76124,-4
76125,-4
76126,-4
76127,0
76128,-4
76129,-22
76130,-4
76131,-4
76132,0
76133,0
76134,-4
76135,-4
76136,-6
76137,-4
76138,-4
76139,0
76140,0
76141,0
76142,-4
76143,0
76144,0
76145,0
76146,-4
76147,0
76148,0
76149,0
76150,-4
76151,0
76152,0
76153,2
76154,0
76155,0
76156,0
76157,2
76158,6
76159,0
76160,0
76161,2
76162,2
76163,0
76164,-4
76165,0
76166,6
76167,4
76168,0
76169,-4
76170,4
76171,0
76172,0
76173,-10
76174,0
76175,4
76176,4
76177,0
76178,0
76179,0
76180,0
76181,4
76182,2
76183,10
76184,2
76185,0
76186,0
76187,0
76188,0
76189,2
76190,-14
76191,0
76192,0
76193,-4
76194,-4
76195,0
76196,0
76197,0
76198,6
76199,0
76200,4
76201,2
76202,0
76203,4
76204,-4
76205,-4
76206,0
76207,0
76208,0
76209,-4
76210,-8
76211,2
76212,0
76213,-4
76214,6
76215,-4
76216,0
76217,-4
76218,0
76219,-6
76220,-4
76221,0
76222,-4
76223,-14
76224,-6
76225,-6
76226,-8
76227,-4
76228,-4
76229,-4
76230,-6
76231,-4
76232,0
76233,-4
76234,0
76235,0
76236,-4
76237,-4
76238,-4
76239,-4
76240,-4
76241,0
76242,6
76243,0
76244,0
76245,0
76246,6
76247,0
76248,0
76249,-4
76250,-4
76251,0
76252,0
76253,-4
76254,0
76255,0
76256,0
76257,0
76258,0
76259,-4
76260,0
76261,0
76262,2
76263,0
76264,-4
76265,0
76266,6
76267,0
76268,0
76269,-6
76270,2
76271,0
76272,4
76273,2
76274,-8
76275,0
76276,-8
76277,4
76278,10
76279,0
76280,0
76281,0
76282,10
76283,0
76284,6
76285,0
76286,2
76287,4
76288,0
76289,6
76290,0
76291,2
76292,6
76293,0
76294,0
76295,0
76296,0
76297,-4
76298,0
76299,0
76300,0
76301,0
76302,6
76303,0
76304,0
76305,-4
76306,0
76307,0
76308,-4
76309,0
76310,0
76311,-8
76312,0
76313,-4
76314,-4
76315,0
76316,0
76317,-4
76318,0
76319,-4
76320,-4
76321,0
76322,-4
76323,-4
76324,-4
76325,0
76326,10
76327,0
76328,-10
76329,-4
76330,-4
76331,-4
76332,-4
76333,0
76334,2
76335,0
76336,-4
76337,0
76338,-4
76339,0
76340,0
76341,6
76342,0
76343,0
76344,-4
76345,-4
76346,0
76347,0
76348,0
76349,-4
76350,0
76351,-4
76352,0
76353,0
76354,-4
76355,-4
76356,4
76357,0
76358,0
76359,0
76360,0
76361,-4
76362,0
76363,0
76364,6
76365,0
76366,0
76367,0
76368,0
76369,4
76370,0
76371,0
76372,4
76373,6
76374,0
76375,2
76376,0
76377,0
76378,0
76379,2
76380,0
76381,-4
76382,0
76383,2
76384,-4
76385,2
76386,0
76387,6
76388,6
76389,0
76390,0
76391,-8
76392,-4
76393,-4
76394,2
76395,0
76396,-14
76397,4
76398,0
76399,0
76400,0
76401,0
76402,0
76403,0
76404,0
76405,-4
76406,0
76407,0
76408,0
76409,-4
76410,0
76411,-4
76412,-4
76413,0
76414,-4
76415,-4
76416,0
76417,0
76418,0
76419,-4
76420,-4
76421,0
76422,-4
76423,0
76424,-4
76425,0
76426,-4
76427,-4
76428,-4
76429,-4
76430,0
76431,14
76432,-4
76433,0
76434,-4
76435,0
76436,-6
76437,-4
76438,-4
76439,0
76440,-4
76441,4
76442,0
76443,-14
76444,0
76445,-4
76446,0
76447,0
76448,-4
76449,-4
76450,4
76451,0
76452,0
76453,-4
76454,-4
76455,0
76456,0
76457,2
76458,0
76459,-4
76460,0
76461,2
76462,0
76463,0
76464,0
76465,0
76466,0
76467,0
76468,4
76469,0
76470,0
76471,-4
76472,4
76473,0
76474,0
76475,6
76476,2
76477,4
76478,0
76479,2
76480,-4
76481,0
76482,0
76483,8
76484,4
76485,6
76486,0
76487,-4
76488,0
76489,0
76490,10
76491,0
76492,-4
76493,-4
76494,0
76495,4
76496,0
76497,-4
76498,0
76499,0
76500,0
76501,6
76502,0
76503,4
76504,0
76505,0
76506,4
76507,0
76508,0
76509,0
76510,0
76511,0
76512,-4
76513,0
76514,-4
76515,-4
76516,0
76517,-4
76518,-4
76519,-4
76520,-4
76521,0
76522,-4
76523,0
76524,0
76525,-4
76526,-4
76527,-4
76528,0
76529,-4
76530,-4
76531,0
76532,-4
76533,-4
76534,-4
76535,-4
76536,-4
76537,-4
76538,-4
76539,0
76540,-4
76541,0
76542,10
76543,0
76544,-4
76545,0
76546,0
76547,-4
76548,0
76549,-4
76550,0
76551,-4
76552,4
76553,0
76554,0
76555,-4
76556,0
76557,0
76558,-4
76559,0
76560,6
76561,0
76562,2
76563,2
76564,0
76565,0
76566,0
76567,0
76568,0
76569,0
76570,14
76571,0
76572,0
76573,-6
76574,4
76575,0
76576,4
76577,4
76578,0
76579,0
76580,10
76581,0
76582,4
76583,0
76584,2
76585,0
76586,14
76587,-4
76588,4
76589,0
76590,0
76591,0
76592,-4
76593,0
76594,-4
76595,10
76596,0
76597,0
76598,-4
76599,-4
76600,0
76601,0
76602,0
76603,-4
76604,-4
76605,-4
76606,8
76607,-4
76608,-4
76609,0
76610,0
76611,0
76612,-4
76613,0
76614,0
76615,-4
76616,-4
76617,0
76618,-4
76619,0
76620,6
76621,0
76622,-4
76623,0
76624,-4
76625,-4
76626,-4
76627,4
76628,-8
76629,-4
76630,-4
76631,-4
76632,-4
76633,-4
76634,-8
76635,0
76636,-4
76637,4
76638,-4
76639,-4
76640,-4
76641,0
76642,0
76643,0
76644,-4
76645,0
76646,0
76647,4
76648,0
76649,0
76650,0
76651,-4
76652,0
76653,6
76654,0
76655,-4
76656,0
76657,0
76658,0
76659,-4
76660,0
76661,0
76662,8
76663,0
76664,6
76665,0
76666,0
76667,0
76668,8
76669,0
76670,0
76671,0
76672,6
76673,0
76674,0
76675,2
76676,8
76677,0
76678,10
76679,-4
76680,0
76681,2
76682,2
76683,0
76684,0
76685,0
76686,0
76687,0
76688,6
76689,0
76690,-4
76691,-4
76692,0
76693,0
76694,0
76695,0
76696,-8
76697,0
76698,0
76699,-4
76700,-4
76701,0
76702,0
76703,0
76704,-4
76705,0
76706,-4
76707,0
76708,0
76709,2
76710,0
76711,0
76712,-4
76713,-4
76714,0
76715,0
76716,-4
76717,-4
76718,0
76719,-4
76720,-4
76721,-4
76722,0
76723,-4
76724,-4
76725,-4
76726,-16
76727,-4
76728,-4
76729,0
76730,2
76731,-8
76732,0
76733,0
76734,0
76735,0
76736,-4
76737,-4
76738,0
76739,0
76740,0
76741,-4
76742,0
76743,0
76744,0
76745,-4
76746,0
76747,-4
76748,-4
76749,-8
76750,4
76751,0
76752,-4
76753,0
76754,0
76755,0
76756,0
76757,-4
76758,0
76759,0
76760,0
76761,-4
76762,0
76763,4
76764,0
76765,0
76766,0
76767,0
76768,6
76769,0
76770,0
76771,0
76772,6
76773,2
76774,0
76775,0
76776,0
76777,6
76778,2
76779,-4
76780,2
76781,2
76782,0
76783,4
76784,-4
76785,0
76786,-4
76787,14
76788,0
76789,2
76790,-8
76791,0
76792,0
76793,6
76794,0
76795,-4
76796,0
76797,0
76798,-4
76799,0
76800,0
76801,0
76802,8
76803,0
76804,0
76805,-4
76806,0
76807,0
76808,2
76809,0
76810,-4
76811,-4
76812,-4
76813,0
76814,0
76815,0
76816,-4
76817,-6
76818,0
76819,0
76820,-4
76821,-4
76822,-4
76823,0
76824,-4
76825,-4
76826,-4
76827,0
76828,-4
76829,-4
76830,-4
76831,-4
76832,-4
76833,-4
76834,-4
76835,-4
76836,0
76837,-4
76838,-4
76839,-4
76840,-4
76841,0
76842,2
76843,0
76844,0
76845,0
76846,0
76847,0
76848,0
76849,0
76850,0
76851,0
76852,0
76853,2
76854,0
76855,16
76856,0
76857,0
76858,4
76859,0
76860,0
76861,-4
76862,4
76863,0
76864,4
76865,0
76866,-4
76867,-10
76868,0
76869,-4
76870,0
76871,2
76872,4
76873,0
76874,0
76875,-10
76876,0
76877,0
76878,0
76879,0
76880,4
76881,0
76882,4
76883,0
76884,0
76885,-4
76886,10
76887,4
76888,4
76889,14
76890,6
76891,-4
76892,-6
76893,-4
76894,0
76895,-8
76896,-4
76897,0
76898,-4
76899,0
76900,0
76901,-4
76902,-4
76903,-8
76904,2
76905,0
76906,-4
76907,-4
76908,2
76909,0
76910,0
76911,0
76912,0
76913,-4
76914,-4
76915,-4
76916,0
76917,-6
76918,0
76919,24
76920,-4
76921,-4
76922,-4
76923,-4
76924,0
76925,-18
76926,0
76927,0
76928,0
76929,-4
76930,-16
76931,-4
76932,18
76933,-4
76934,0
76935,0
76936,-4
76937,0
76938,2
76939,0
76940,0
76941,-6
76942,0
76943,0
76944,-4
76945,0
76946,0
76947,0
76948,0
76949,0
76950,0
76951,-4
76952,0
76953,2
76954,0
76955,0
76956,0
76957,0
76958,10
76959,0
76960,0
76961,0
76962,0
76963,0
76964,0
76965,0
76966,0
76967,6
76968,0
76969,0
76970,0
76971,2
76972,6
76973,2
76974,0
76975,6
76976,0
76977,8
76978,0
76979,4
76980,0
76981,-4
76982,0
76983,0
76984,-4
76985,0
76986,0
76987,-4
76988,-4
76989,6
76990,6
76991,-8
76992,-4
76993,0
76994,-12
76995,0
76996,-14
76997,-4
76998,0
76999,0
77000,-4
77001,0
77002,0
77003,6
77004,2
77005,0
77006,-6
77007,0
77008,0
77009,2
77010,6
77011,0
77012,-4
77013,0
77014,-4
77015,-4
77016,-4
77017,-4
77018,-4
77019,-4
77020,0
77021,-4
77022,-10
77023,0
77024,-4
77025,-4
77026,-4
77027,0
77028,-16
77029,-4
77030,-4
77031,0
77032,0
77033,0
77034,0
77035,-4
77036,-4
77037,-4
77038,-4
77039,-4
77040,0
77041,0
77042,-4
77043,8
77044,0
77045,0
77046,-4
77047,14
77048,0
77049,0
77050,0
77051,-4
77052,2
77053,0
77054,0
77055,0
77056,0
77057,-4
77058,0
77059,0
77060,2
77061,0
77062,0
77063,4
77064,0
77065,0
77066,0
77067,2
77068,0
77069,2
77070,0
77071,2
77072,0
77073,10
77074,0
77075,0
77076,6
77077,0
77078,0
77079,6
77080,2
77081,-4
77082,2
77083,6
77084,-4
77085,2
77086,-4
77087,6
77088,4
77089,0
77090,-6
77091,0
77092,0
77093,0
77094,0
77095,0
77096,2
77097,0
77098,0
77099,0
77100,0
77101,0
77102,0
77103,-4
77104,4
77105,0
77106,6
77107,-4
77108,0
77109,0
77110,-4
77111,0
77112,0
77113,-4
77114,0
77115,-4
77116,0
77117,-4
77118,-4
77119,0
77120,-6
77121,-4
77122,-4
77123,-4
77124,-4
77125,-4
77126,6
77127,-4
77128,-4
77129,8
77130,-4
77131,-4
77132,-4
77133,10
77134,-4
77135,-4
77136,-22
77137,0
77138,-4
77139,2
77140,-4
77141,-4
77142,-4
77143,-4
77144,-4
77145,-4
77146,0
77147,0
77148,14
77149,0
77150,0
77151,-14
77152,0
77153,10
77154,-4
77155,0
77156,2
77157,2
77158,0
77159,0
77160,0
77161,0
77162,0
77163,2
77164,-10
77165,0
77166,0
77167,0
77168,4
77169,4
77170,-4
77171,0
77172,0
77173,0
77174,6
77175,4
77176,0
77177,0
77178,0
77179,0
77180,0
77181,6
77182,4
77183,0
77184,0
77185,4
77186,0
77187,0
77188,2
77189,6
77190,0
77191,0
77192,-4
77193,-4
77194,0
77195,-4
77196,2
77197,18
77198,-4
77199,0
77200,-4
77201,0
77202,-6
77203,-4
77204,0
77205,0
77206,4
77207,0
77208,6
77209,0
77210,4
77211,0
77212,0
77213,0
77214,-4
77215,0
77216,-4
77217,-4
77218,-4
77219,0
77220,-4
77221,-4
77222,-4
77223,0
77224,0
77225,-4
77226,0
77227,-4
77228,0
77229,-4
77230,-8
77231,-4
77232,-6
77233,-4
77234,-4
77235,6
77236,-4
77237,-4
77238,-14
77239,0
77240,0
77241,0
77242,-4
77243,0
77244,-6
77245,0
77246,-4
77247,0
77248,0
77249,0
77250,4
77251,0
77252,-6
77253,0
77254,0
77255,0
77256,-4
77257,-14
77258,2
77259,-4
77260,0
77261,2
77262,0
77263,0
77264,0
77265,0
77266,0
77267,2
77268,-4
77269,0
77270,0
77271,0
77272,0
77273,0
77274,0
77275,-4
77276,4
77277,0
77278,0
77279,0
77280,0
77281,4
77282,0
77283,0
77284,6
77285,16
77286,2
77287,0
77288,-4
77289,0
77290,0
77291,2
77292,-4
77293,0
77294,0
77295,0
77296,0
77297,0
77298,8
77299,0
77300,0
77301,4
77302,-4
77303,0
77304,0
77305,0
77306,0
77307,0
77308,14
77309,4
77310,0
77311,0
77312,0
77313,-4
77314,-4
77315,-4
77316,-4
77317,-4
77318,-4
77319,-4
77320,-4
77321,-4
77322,-4
77323,-4
77324,0
77325,-8
77326,0
77327,-4
77328,0
77329,0
77330,-4
77331,-4
77332,-4
77333,-4
77334,6
77335,-4
77336,-4
77337,-4
77338,-4
77339,0
77340,-4
77341,0
77342,0
77343,10
77344,0
77345,0
77346,0
77347,-4
77348,0
77349,-4
77350,0
77351,2
77352,6
77353,0
77354,2
77355,2
77356,2
77357,0
77358,0
77359,0
77360,-4
77361,4
77362,0
77363,0
77364,2
77365,0
77366,6
77367,0
77368,4
77369,4
77370,2
77371,0
77372,4
77373,4
77374,0
77375,4
77376,6
77377,0
77378,0
77379,0
77380,0
77381,-14
77382,0
77383,6
77384,0
77385,0
77386,2
77387,-4
77388,4
77389,0
77390,-8
77391,0
77392,0
77393,-4
77394,0
77395,-4
77396,6
77397,0
77398,0
77399,0
77400,0
77401,0
77402,0
77403,-4
77404,0
77405,-4
77406,0
77407,-4
77408,0
77409,0
77410,0
77411,0
77412,0
77413,0
77414,-4
77415,-4
77416,0
77417,-4
77418,-4
77419,0
77420,0
77421,0
77422,-4
77423,-4
77424,-4
77425,0
77426,-4
77427,-4
77428,-4
77429,-4
77430,0
77431,0
77432,-4
77433,4
77434,-4
77435,0
77436,-20
77437,0
77438,-4
77439,-4
77440,-4
77441,-4
77442,-8
77443,0
77444,0
77445,0
77446,0
77447,0
77448,-4
77449,0
77450,0
77451,0
77452,0
77453,0
77454,0
77455,-4
77456,0
77457,-4
77458,-14
77459,-4
77460,0
77461,0
77462,4
77463,0
77464,4
77465,0
77466,-4
77467,2
77468,6
77469,6
77470,4
77471,4
77472,-8
77473,4
77474,-4
77475,4
77476,6
77477,0
77478,0
77479,0
77480,2
77481,4
77482,6
77483,4
77484,0
77485,0
77486,-16
77487,6
77488,4
77489,0
77490,-4
77491,0
77492,0
77493,0
77494,0
77495,4
77496,0
77497,-14
77498,0
77499,0
77500,0
77501,0
77502,4
77503,0
77504,-6
77505,0
77506,0
77507,-4
77508,-4
77509,0
77510,0
77511,4
77512,0
77513,0
77514,0
77515,0
77516,8
77517,0
77518,-4
77519,4
77520,-6
77521,-6
77522,-8
77523,-4
77524,0
77525,-4
77526,0
77527,0
77528,-4
77529,0
77530,0
77531,-4
77532,-4
77533,-4
77534,0
77535,18
77536,0
77537,2
77538,2
77539,-4
77540,-6
77541,-4
77542,0
77543,0
77544,-6
77545,-4
77546,-4
77547,0
77548,0
77549,0
77550,-14
77551,-4
77552,-4
77553,4
77554,0
77555,0
77556,0
77557,0
77558,0
77559,-14
77560,0
77561,0
77562,6
77563,0
77564,2
77565,2
77566,2
77567,0
77568,0
77569,0
77570,0
77571,0
77572,2
77573,0
77574,-4
77575,2
77576,0
77577,2
77578,0
77579,2
77580,4
77581,0
77582,0
77583,4
77584,-4
77585,10
77586,0
77587,0
77588,-8
77589,0
77590,4
77591,10
77592,0
77593,-4
77594,-4
77595,0
77596,0
77597,-4
77598,-8
77599,-4
77600,-4
77601,0
77602,-6
77603,0
77604,-4
77605,0
77606,0
77607,0
77608,-4
77609,0
77610,0
77611,-6
77612,0
77613,0
77614,-4
77615,0
77616,-4
77617,-4
77618,-4
77619,-4
77620,-4
77621,-4
77622,-4
77623,-4
77624,-8
77625,-4
77626,-4
77627,-4
77628,0
77629,-4
77630,0
77631,-4
77632,-4
77633,0
77634,-18
77635,-4
77636,0
77637,10
77638,-4
77639,0
77640,0
77641,-4
77642,0
77643,6
77644,-4
77645,0
77646,0
77647,2
77648,-4
77649,0
77650,0
77651,0
77652,0
77653,0
77654,0
77655,-4
77656,-4
77657,-4
77658,0
77659,0
77660,0
77661,0
77662,0
77663,-4
77664,0
77665,0
77666,2
77667,-4
77668,0
77669,0
77670,-4
77671,0
77672,-4
77673,2
77674,2
77675,0
77676,-4
77677,2
77678,-8
77679,-4
77680,2
77681,-12
77682,0
77683,0
77684,0
77685,0
77686,0
77687,10
77688,0
77689,0
77690,6
77691,0
77692,0
77693,0
77694,0
77695,-4
77696,6
77697,0
77698,0
77699,0
77700,-14
77701,0
77702,0
77703,0
77704,-4
77705,-4
77706,0
77707,0
77708,0
77709,0
77710,-4
77711,0
77712,0
77713,0
77714,-4
77715,0
77716,-4
77717,0
77718,-4
77719,0
77720,-6
77721,-4
77722,0
77723,0
77724,-4
77725,-4
77726,-4
77727,-8
77728,-16
77729,-6
77730,0
77731,0
77732,-4
77733,-14
77734,-4
77735,-4
77736,18
77737,-4
77738,0
77739,0
77740,-4
77741,0
77742,-12
77743,0
77744,-4
77745,-10
77746,-4
77747,0
77748,2
77749,0
77750,-4
77751,0
77752,10
77753,0
77754,0
77755,0
77756,-4
77757,0
77758,0
77759,-4
77760,0
77761,0
77762,4
77763,0
77764,0
77765,-4
77766,0
77767,6
77768,0
77769,0
77770,0
77771,0
77772,0
77773,-4
77774,4
77775,6
77776,0
77777,4
77778,4
77779,4
77780,0
77781,0
77782,0
77783,0
77784,0
77785,6
77786,-22
77787,6
77788,6
77789,-4
77790,0
77791,0
77792,-4
77793,-4
77794,0
77795,-4
77796,0
77797,-4
77798,0
77799,0
77800,0
77801,0
77802,-4
77803,0
77804,0
77805,0
77806,-4
77807,0
77808,-6
77809,-4
77810,-4
77811,-4
77812,0
77813,-4
77814,0
77815,0
77816,-4
77817,-4
77818,-4
77819,-4
77820,-4
77821,-4
77822,-4
77823,0
77824,-4
77825,-4
77826,-4
77827,0
77828,-4
77829,0
77830,-4
77831,-4
77832,0
77833,0
77834,-4
77835,6
77836,-4
77837,-4
77838,18
77839,-4
77840,-4
77841,-14
77842,0
77843,-4
77844,6
77845,0
77846,-4
77847,0
77848,0
77849,0
77850,0
77851,4
77852,0
77853,4
77854,-4
77855,-4
77856,0
77857,0
77858,0
77859,-4
77860,-4
77861,0
77862,2
77863,0
77864,0
77865,0
77866,4
77867,0
77868,0
77869,0
77870,0
77871,0
77872,6
77873,0
77874,-4
77875,0
77876,-4
77877,4
77878,0
77879,0
77880,10
77881,0
77882,-8
77883,0
77884,4
77885,-8
77886,4
77887,2
77888,14
77889,2
77890,0
77891,6
77892,0
77893,0
77894,-4
77895,-4
77896,0
77897,0
77898,0
77899,-4
77900,0
77901,4
77902,0
77903,0
77904,4
77905,0
77906,4
77907,-4
77908,2
77909,0
77910,6
77911,0
77912,0
77913,0
77914,0
77915,0
77916,0
77917,-4
77918,-4
77919,-4
77920,-4
77921,-4
77922,-4
77923,-4
77924,-4
77925,-4
77926,2
77927,-4
77928,-4
77929,-4
77930,-4
77931,-4
77932,-4
77933,0
77934,-14
77935,-4
77936,0
77937,-14
77938,-4
77939,0
77940,6
77941,-4
77942,-4
77943,-4
77944,0
77945,-4
77946,0
77947,0
77948,0
77949,0
77950,0
77951,0
77952,0
77953,-4
77954,0
77955,0
77956,0
77957,2
77958,0
77959,0
77960,-4
77961,6
77962,-4
77963,-4
77964,0
77965,2
77966,6
77967,0
77968,0
77969,0
77970,4
77971,0
77972,4
77973,-12
77974,0
77975,0
77976,0
77977,0
77978,-4
77979,0
77980,0
77981,6
77982,0
77983,4
77984,-4
77985,4
77986,2
77987,6
77988,2
77989,6
77990,6
77991,2
77992,0
77993,6
77994,18
77995,-4
77996,-4
77997,0
77998,-4
77999,-6
78000,0
78001,-6
78002,0
78003,-4
78004,0
78005,0
78006,0
78007,-10
78008,0
78009,-8
78010,-10
78011,-4
78012,0
78013,0
78014,-4
78015,-4
78016,-4
78017,-4
78018,0
78019,-4
78020,-6
78021,-4
78022,-4
78023,-4
78024,-4
78025,-4
78026,0
78027,-4
78028,-8
78029,0
78030,-4
78031,-4
78032,-4
78033,0
78034,-4
78035,-4
78036,0
78037,0
78038,-6
78039,-4
78040,0
78041,0
78042,0
78043,0
78044,0
78045,0
78046,-4
78047,-4
78048,0
78049,-4
78050,-4
78051,-4
78052,0
78053,0
78054,0
78055,2
78056,0
78057,-4
78058,0
78059,0
78060,0
78061,-4
78062,0
78063,0
78064,0
78065,0
78066,0
78067,2
78068,0
78069,4
78070,0
78071,0
78072,0
78073,6
78074,-12
78075,0
78076,0
78077,0
78078,-16
78079,-8
78080,2
78081,2
78082,6
78083,-10
78084,0
78085,0
78086,-10
78087,6
78088,0
78089,-12
78090,0
78091,0
78092,0
78093,-4
78094,0
78095,4
78096,0
78097,0
78098,0
78099,-4
78100,14
78101,0
78102,-4
78103,0
78104,0
78105,0
78106,4
78107,0
78108,-4
78109,0
78110,0
78111,0
78112,0
78113,-4
78114,-4
78115,0
78116,-4
78117,-4
78118,-4
78119,-4
78120,0
78121,-6
78122,0
78123,-4
78124,0
78125,-4
78126,-4
78127,0
78128,-4
78129,18
78130,-4
78131,-4
78132,0
78133,0
78134,-4
78135,-4
78136,-4
78137,-4
78138,-4
78139,0
78140,0
78141,0
78142,0
78143,-4
78144,0
78145,0
78146,-4
78147,-4
78148,-4
78149,-4
78150,0
78151,0
78152,-4
78153,-4
78154,-4
78155,0
78156,-4
78157,0
78158,6
78159,-4
78160,0
78161,-14
78162,0
78163,0
78164,0
78165,0
78166,0
78167,0
78168,0
78169,6
78170,0
78171,0
78172,0
78173,0
78174,0
78175,10
78176,2
78177,6
78178,2
78179,0
78180,-4
78181,0
78182,-8
78183,0
78184,0
78185,-8
78186,0
78187,4
78188,10
78189,4
78190,4
78191,2
78192,-4
78193,0
78194,0
78195,-14
78196,0
78197,0
78198,4
78199,0
78200,0
78201,0
78202,0
78203,-6
78204,0
78205,-4
78206,0
78207,0
78208,0
78209,0
78210,0
78211,0
78212,0
78213,0
78214,-4
78215,0
78216,-4
78217,-4
78218,-4
78219,0
78220,0
78221,0
78222,0
78223,-4
78224,0
78225,-16
78226,-8
78227,-4
78228,-4
78229,-4
78230,-4
78231,0
78232,-4
78233,0
78234,2
78235,-4
78236,-8
78237,6
78238,0
78239,-4
78240,0
78241,0
78242,0
78243,-4
78244,-4
78245,-4
78246,18
78247,0
78248,0
78249,14
78250,-4
78251,0
78252,0
78253,0
78254,-4
78255,-4
78256,0
78257,-4
78258,0
78259,-4
78260,-4
78261,0
78262,0
78263,-20
78264,2
78265,0
78266,0
78267,0
78268,4
78269,0
78270,-4
78271,0
78272,0
78273,4
78274,0
78275,6
78276,8
78277,0
78278,4
78279,0
78280,0
78281,4
78282,6
78283,-4
78284,-6
78285,6
78286,0
78287,-4
78288,0
78289,0
78290,-4
78291,2
78292,4
78293,4
78294,10
78295,-4
78296,-4
78297,0
78298,-4
78299,-4
78300,0
78301,0
78302,0
78303,0
78304,-4
78305,-4
78306,0
78307,0
78308,0
78309,0
78310,0
78311,0
78312,0
78313,-4
78314,-4
78315,0
78316,-4
78317,0
78318,-4
78319,-4
78320,-4
78321,-4
78322,-4
78323,-4
78324,0
78325,-4
78326,-4
78327,-4
78328,0
78329,-4
78330,-4
78331,-4
78332,-4
78333,-8
78334,-4
78335,0
78336,0
78337,0
78338,0
78339,-8
78340,-4
78341,-4
78342,0
78343,0
78344,-4
78345,0
78346,0
78347,-6
78348,0
78349,0
78350,0
78351,0
78352,0
78353,-4
78354,-4
78355,0
78356,-8
78357,0
78358,2
78359,20
78360,-14
78361,0
78362,0
78363,-8
78364,2
78365,0
78366,0
78367,2
78368,0
78369,4
78370,0
78371,0
78372,6
78373,0
78374,2
78375,0
78376,4
78377,0
78378,4
78379,4
78380,0
78381,16
78382,4
78383,0
78384,-4
78385,0
78386,6
78387,2
78388,0
78389,6
78390,4
78391,-4
78392,0
78393,-8
78394,-4
78395,2
78396,0
78397,0
78398,0
78399,-8
78400,6
78401,-4
78402,-4
78403,0
78404,-4
78405,-4
78406,0
78407,-4
78408,0
78409,0
78410,0
78411,0
78412,-4
78413,0
78414,0
78415,-4
78416,-4
78417,-4
78418,-4
78419,-4
78420,0
78421,0
78422,-4
78423,-4
78424,-4
78425,-4
78426,0
78427,-6
78428,0
78429,-6
78430,0
78431,0
78432,0
78433,0
78434,2
78435,-16
78436,-4
78437,4
78438,-4
78439,-4
78440,-4
78441,-16
78442,0
78443,0
78444,-4
78445,0
78446,-4
78447,-4
78448,16
78449,-4
78450,0
78451,-4
78452,0
78453,0
78454,0
78455,-4
78456,2
78457,0
78458,-4
78459,-4
78460,0
78461,0
78462,0
78463,0
78464,0
78465,2
78466,0
78467,0
78468,0
78469,2
78470,0
78471,2
78472,2
78473,0
78474,6
78475,0
78476,2
78477,14
78478,4
78479,0
78480,0
78481,0
78482,-8
78483,2
78484,2
78485,0
78486,4
78487,2
78488,0
78489,0
78490,0
78491,-4
78492,0
78493,2
78494,0
78495,-14
78496,0
78497,10
78498,0
78499,-4
78500,0
78501,2
78502,0
78503,0
78504,0
78505,-4
78506,-4
78507,0
78508,-4
78509,0
78510,0
78511,-4
78512,-4
78513,0
78514,0
78515,0
78516,-4
78517,-6
78518,0
78519,-4
78520,-4
78521,-6
78522,-4
78523,-4
78524,-4
78525,0
78526,-4
78527,-8
78528,0
78529,-4
78530,-4
78531,-4
78532,0
78533,-4
78534,6
78535,-4
78536,-4
78537,-4
78538,0
78539,-4
78540,-8
78541,0
78542,0
78543,-4
78544,0
78545,0
78546,-8
78547,-4
78548,-4
78549,0
78550,0
78551,0
78552,0
78553,0
78554,0
78555,0
78556,0
78557,0
78558,0
78559,0
78560,-4
78561,0
78562,0
78563,0
78564,0
78565,-8
78566,0
78567,4
78568,0
78569,0
78570,0
78571,-4
78572,4
78573,0
78574,4
78575,-10
78576,6
78577,-4
78578,0
78579,0
78580,4
78581,0
78582,0
78583,0
78584,-10
78585,2
78586,6
78587,6
78588,6
78589,2
78590,2
78591,-4
78592,0
78593,0
78594,10
78595,4
78596,0
78597,0
78598,-4
78599,0
78600,0
78601,0
78602,0
78603,-8
78604,-4
78605,0
78606,0
78607,-4
78608,6
78609,-4
78610,0
78611,4
78612,-4
78613,0
78614,-4
78615,-4
78616,-4
78617,-4
78618,-4
78619,-4
78620,0
78621,-22
78622,-4
78623,-4
78624,-4
78625,-10
78626,-4
78627,0
78628,0
78629,-4
78630,-4
78631,0
78632,-4
78633,-4
78634,-4
78635,0
78636,-4
78637,-4
78638,-4
78639,-4
78640,-4
78641,0
78642,-4
78643,0
78644,0
78645,0
78646,0
78647,-8
78648,0
78649,0
78650,-4
78651,14
78652,2
78653,-4
78654,0
78655,4
78656,-4
78657,0
78658,-10
78659,0
78660,0
78661,0
78662,0
78663,0
78664,0
78665,0
78666,0
78667,0
78668,0
78669,0
78670,2
78671,0
78672,4
78673,0
78674,0
78675,0
78676,8
78677,2
78678,0
78679,0
78680,2
78681,-8
78682,6
78683,-4
78684,0
78685,0
78686,0
78687,0
78688,0
78689,2
78690,0
78691,2
78692,4
78693,-8
78694,0
78695,-4
78696,10
78697,0
78698,-4
78699,-4
78700,0
78701,0
78702,0
78703,0
78704,0
78705,0
78706,0
78707,0
78708,0
78709,-4
78710,0
78711,0
78712,-4
78713,-4
78714,0
78715,-4
78716,-4
78717,-4
78718,-4
78719,-4
78720,0
78721,-4
78722,0
78723,0
78724,-4
78725,-4
78726,-4
78727,-4
78728,-4
78729,-4
78730,-4
78731,0
78732,-4
78733,-4
78734,-4
78735,-6
78736,0
78737,-4
78738,-8
78739,0
78740,-4
78741,-14
78742,-4
78743,4
78744,-4
78745,2
78746,-4
78747,0
78748,0
78749,0
78750,0
78751,-4
78752,0
78753,-8
78754,-4
78755,0
78756,-4
78757,2
78758,0
78759,0
78760,0
78761,2
78762,4
78763,0
78764,0
78765,6
78766,0
78767,4
78768,4
78769,0
78770,0
78771,0
78772,4
78773,0
78774,0
78775,0
78776,4
78777,4
78778,-8
78779,0
78780,0
78781,0
78782,6
78783,0
78784,2
78785,-4
78786,0
78787,6
78788,0
78789,0
78790,0
78791,0
78792,6
78793,0
78794,-4
78795,-4
78796,0
78797,-4
78798,0
78799,0
78800,10
78801,0
78802,-4
78803,0
78804,6
78805,0
78806,0
78807,4
78808,-4
78809,-4
78810,4
78811,0
78812,0
78813,-4
78814,-4
78815,-4
78816,-4
78817,0
78818,-4
78819,-4
78820,0
78821,-4
78822,0
78823,-4
78824,-4
78825,0
78826,-4
78827,0
78828,-4
78829,-16
78830,2
78831,0
78832,-10
78833,-4
78834,0
78835,-4
78836,0
78837,4
78838,-4
78839,-4
78840,0
78841,0
78842,0
78843,0
78844,0
78845,0
78846,-4
78847,0
78848,-4
78849,-4
78850,0
78851,0
78852,0
78853,0
78854,0
78855,-4
78856,0
78857,0
78858,0
78859,-4
78860,0
78861,10
78862,2
78863,0
78864,0
78865,0
78866,-4
78867,-8
78868,0
78869,0
78870,6
78871,0
78872,-4
78873,-4
78874,-4
78875,0
78876,0
78877,2
78878,0
78879,6
78880,-8
78881,0
78882,0
78883,0
78884,-14
78885,-4
78886,0
78887,6
78888,0
78889,0
78890,6
78891,0
78892,0
78893,0
78894,-8
78895,0
78896,-4
78897,0
78898,0
78899,0
78900,0
78901,0
78902,2
78903,-4
78904,0
78905,0
78906,-4
78907,0
78908,0
78909,0
78910,0
78911,-4
78912,-4
78913,0
78914,0
78915,2
78916,-4
78917,0
78918,0
78919,-4
78920,-4
78921,0
78922,-4
78923,-4
78924,-4
78925,-4
78926,-4
78927,-8
78928,-4
78929,-4
78930,-4
78931,-4
78932,-4
78933,2
78934,-4
78935,0
78936,-4
78937,-4
78938,-8
78939,4
78940,-4
78941,0
78942,2
78943,-4
78944,-4
78945,0
78946,-4
78947,0
78948,0
78949,-4
78950,-4
78951,-4
78952,6
78953,0
78954,0
78955,0
78956,0
78957,-4
78958,0
78959,6
78960,-4
78961,-4
78962,0
78963,0
78964,2
78965,0
78966,4
78967,0
78968,2
78969,4
78970,0
78971,2
78972,-6
78973,4
78974,4
78975,0
78976,0
78977,2
78978,4
78979,4
78980,0
78981,0
78982,4
78983,0
78984,0
78985,2
78986,0
78987,4
78988,0
78989,-4
78990,18
78991,0
78992,0
78993,-4
78994,0
78995,2
78996,0
78997,0
78998,10
78999,0
79000,0
79001,0
79002,0
79003,0
79004,0
79005,-4
79006,0
79007,-4
79008,0
79009,0
79010,0
79011,0
79012,0
79013,0
79014,-4
79015,-6
79016,0
79017,14
79018,0
79019,0
79020,18
79021,-4
79022,-16
79023,0
79024,-6
79025,-4
79026,-4
79027,-4
79028,-4
79029,-4
79030,-4
79031,10
79032,-4
79033,-4
79034,-4
79035,-4
79036,0
79037,-4
79038,4
79039,-4
79040,2
79041,-4
79042,-4
79043,0
79044,-6
79045,-4
79046,-4
79047,0
79048,-4
79049,-4
79050,0
79051,0
79052,0
79053,0
79054,-4
79055,0
79056,-4
79057,0
79058,0
79059,0
79060,0
79061,0
79062,6
79063,2
79064,0
79065,0
79066,0
79067,0
79068,-4
79069,0
79070,0
79071,4
79072,0
79073,4
79074,0
79075,0
79076,4
79077,6
79078,0
79079,6
79080,0
79081,0
79082,6
79083,0
79084,0
79085,10
79086,0
79087,6
79088,6
79089,2
79090,0
79091,4
79092,-4
79093,-4
79094,0
79095,-8
79096,0
79097,0
79098,0
79099,10
79100,0
79101,0
79102,-4
79103,2
79104,-4
79105,-4
79106,0
79107,-8
79108,-4
79109,0
79110,0
79111,0
79112,0
79113,2
79114,-4
79115,0
79116,0
79117,-4
79118,-4
79119,-4
79120,0
79121,0
79122,0
79123,-4
79124,0
79125,-14
79126,-4
79127,0
79128,-4
79129,-4
79130,-4
79131,-4
79132,0
79133,-4
79134,-4
79135,-4
79136,-4
79137,0
79138,-4
79139,-6
79140,-4
79141,-4
79142,0
79143,6
79144,0
79145,0
79146,0
79147,0
79148,-8
79149,-4
79150,0
79151,0
79152,0
79153,0
79154,0
79155,14
79156,0
79157,0
79158,-8
79159,0
79160,0
79161,0
79162,0
79163,0
79164,0
79165,0
79166,8
79167,0
79168,-4
79169,0
79170,0
79171,2
79172,0
79173,6
79174,4
79175,2
79176,0
79177,4
79178,-8
79179,0
79180,-8
79181,4
79182,-4
79183,2
79184,-8
79185,0
79186,2
79187,0
79188,4
79189,0
79190,0
79191,10
79192,0
79193,0
79194,-4
79195,0
79196,0
79197,0
79198,0
79199,0
79200,0
79201,8
79202,0
79203,0
79204,0
79205,0
79206,0
79207,0
79208,2
79209,0
79210,0
79211,0
79212,0
79213,-4
79214,0
79215,-4
79216,6
79217,-4
79218,0
79219,-4
79220,0
79221,-4
79222,-4
79223,0
79224,-4
79225,-4
79226,-22
79227,-4
79228,-8
79229,-4
79230,8
79231,0
79232,-4
79233,-4
79234,0
79235,0
79236,-6
79237,0
79238,-4
79239,-4
79240,0
79241,0
79242,4
79243,0
79244,0
79245,0
79246,4
79247,-4
79248,-4
79249,0
79250,0
79251,0
79252,0
79253,-10
79254,0
79255,0
79256,0
79257,0
79258,-4
79259,0
79260,0
79261,0
79262,0
79263,0
79264,0
79265,0
79266,10
79267,0
79268,4
79269,0
79270,2
79271,0
79272,0
79273,2
79274,0
79275,0
79276,6
79277,4
79278,4
79279,0
79280,0
79281,2
79282,4
79283,0
79284,0
79285,0
79286,6
79287,0
79288,4
79289,0
79290,10
79291,0
79292,4
79293,-8
79294,0
79295,0
79296,-4
79297,0
79298,14
79299,0
79300,0
79301,0
79302,0
79303,0
79304,-4
79305,-4
79306,0
79307,0
79308,0
79309,8
79310,0
79311,-4
79312,0
79313,-4
79314,0
79315,-4
79316,0
79317,-4
79318,-4
79319,-4
79320,-4
79321,0
79322,-4
79323,0
79324,-4
79325,-4
79326,-4
79327,-4
79328,-4
79329,-4
79330,-4
79331,0
79332,-4
79333,-8
79334,-4
79335,-4
79336,-4
79337,0
79338,6
79339,-4
79340,-8
79341,-4
79342,0
79343,2
79344,0
79345,8
79346,0
79347,-4
79348,-4
79349,0
79350,-4
79351,0
79352,4
79353,2
79354,-4
79355,4
79356,0
79357,0
79358,0
79359,0
79360,0
79361,0
79362,0
79363,2
79364,0
79365,0
79366,10
79367,0
79368,2
79369,0
79370,0
79371,2
79372,-4
79373,-12
79374,0
79375,0
79376,0
79377,4
79378,2
79379,2
79380,0
79381,0
79382,4
79383,0
79384,2
79385,-4
79386,0
79387,0
79388,0
79389,-4
79390,0
79391,0
79392,8
79393,0
79394,-4
79395,4
79396,0
79397,0
79398,0
79399,0
79400,0
79401,0
79402,4
79403,-4
79404,-4
79405,-6
79406,0
79407,0
79408,0
79409,0
79410,6
79411,-4
79412,0
79413,0
79414,0
79415,0
79416,-14
79417,0
79418,0
79419,-4
79420,0
79421,-4
79422,0
79423,-4
79424,-4
79425,0
79426,-4
79427,-4
79428,0
79429,-4
79430,0
79431,0
79432,0
79433,-4
79434,-4
79435,-4
79436,0
79437,-4
79438,-4
79439,-4
79440,-4
79441,0
79442,-4
79443,0
79444,0
79445,0
79446,0
79447,0
79448,-4
79449,0
79450,0
79451,0
79452,0
79453,0
79454,0
79455,0
79456,2
79457,0
79458,0
79459,0
79460,-4
79461,0
79462,0
79463,0
79464,0
79465,2
79466,0
79467,0
79468,0
79469,0
79470,0
79471,0
79472,6
79473,0
79474,2
79475,0
79476,4
79477,4
79478,2
79479,-8
79480,-4
79481,0
79482,10
79483,4
79484,-8
79485,0
79486,0
79487,-4
79488,10
79489,0
79490,0
79491,0
79492,0
79493,4
79494,-4
79495,-4
79496,0
79497,6
79498,0
79499,0
79500,-8
79501,4
79502,-4
79503,0
79504,0
79505,-4
79506,2
79507,0
79508,0
79509,0
79510,-4
79511,-10
79512,-4
79513,0
79514,0
79515,-4
79516,0
79517,-4
79518,-4
79519,0
79520,-4
79521,-4
79522,-4
79523,0
79524,-6
79525,-4
79526,-4
79527,-4
79528,-4
79529,-4
79530,0
79531,-4
79532,-4
79533,-4
79534,0
79535,0
79536,0
79537,-4
79538,-4
79539,-8
79540,-4
79541,-4
79542,-4
79543,0
79544,0
79545,0
79546,0
79547,0
79548,-4
79549,-4
79550,0
79551,0
79552,0
79553,-4
79554,-4
79555,-8
79556,0
79557,-4
79558,0
79559,-4
79560,0
79561,2
79562,0
79563,0
79564,-4
79565,0
79566,2
79567,0
79568,0
79569,-4
79570,-8
79571,6
79572,0
79573,6
79574,0
79575,0
79576,0
79577,0
79578,-8
79579,2
79580,0
79581,0
79582,0
79583,4
79584,0
79585,0
79586,4
79587,-4
79588,0
79589,4
79590,14
79591,2
79592,-4
79593,0
79594,2
79595,0
79596,0
79597,0
79598,-4
79599,-4
79600,0
79601,2
79602,2
79603,0
79604,-4
79605,0
79606,4
79607,-6
79608,0
79609,0
79610,0
79611,0
79612,-4
79613,0
79614,0
79615,0
79616,0
79617,0
79618,-4
79619,0
79620,0
79621,-4
79622,-4
79623,-4
79624,-4
79625,-4
79626,0
79627,-4
79628,-4
79629,-4
79630,-4
79631,0
79632,-4
79633,-4
79634,0
79635,0
79636,0
79637,-4
79638,0
79639,-4
79640,-4
79641,-4
79642,0
79643,0
79644,0
79645,-4
79646,-4
79647,0
79648,0
79649,0
79650,4
79651,-4
79652,0
79653,-4
79654,-4
79655,6
79656,0
79657,0
79658,0
79659,0
79660,0
79661,0
79662,4
79663,0
79664,36
79665,0
79666,4
79667,0
79668,0
79669,8
79670,-6
79671,4
79672,0
79673,0
79674,0
79675,0
79676,6
79677,6
79678,0
79679,0
79680,0
79681,-4
79682,0
79683,-4
79684,0
79685,-4
79686,0
79687,0
79688,0
79689,-4
79690,0
79691,6
79692,-4
79693,-4
79694,0
79695,-4
79696,18
79697,0
79698,-8
79699,0
79700,0
79701,0
79702,0
79703,0
79704,2
79705,0
79706,0
79707,0
79708,0
79709,0
79710,-4
79711,0
79712,0
79713,-4
79714,4
79715,-4
79716,-4
79717,0
79718,0
79719,-4
79720,4
79721,-4
79722,0
79723,-4
79724,-4
79725,0
79726,0
79727,0
79728,-4
79729,-4
79730,-4
79731,-4
79732,-4
79733,0
79734,-4
79735,-4
79736,0
79737,-6
79738,-4
79739,-4
79740,-4
79741,0
79742,0
79743,0
79744,14
79745,0
79746,0
79747,4
79748,2
79749,0
79750,0
79751,0
79752,0
79753,-4
79754,2
79755,0
79756,0
79757,-8
79758,2
79759,-4
79760,0
79761,-4
79762,0
79763,4
79764,0
79765,0
79766,6
79767,2
79768,0
79769,-8
79770,0
79771,6
79772,6
79773,2
79774,0
79775,4
79776,6
79777,-10
79778,4
79779,0
79780,0
79781,0
79782,10
79783,4
79784,4
79785,0
79786,2
79787,0
79788,4
79789,0
79790,0
79791,6
79792,0
79793,0
79794,0
79795,-4
79796,2
79797,-12
79798,0
79799,0
79800,-4
79801,-4
79802,0
79803,0
79804,0
79805,-4
79806,0
79807,0
79808,0
79809,0
79810,-4
79811,0
79812,0
79813,-4
79814,-4
79815,0
79816,-4
79817,-4
79818,-4
79819,-4
79820,0
79821,-4
79822,-4
79823,-4
79824,0
79825,-4
79826,-4
79827,0
79828,-4
79829,-4
79830,-4
79831,-4
79832,-22
79833,-4
79834,-4
79835,-4
79836,-8
79837,-14
79838,-4
79839,-4
79840,-4
79841,-4
79842,-4
79843,16
79844,-4
79845,0
79846,8
79847,0
79848,14
79849,-4
79850,2
79851,2
79852,0
79853,-4
79854,-4
79855,-4
79856,0
79857,0
79858,0
79859,0
79860,-4
79861,0
79862,0
79863,4
79864,-8
79865,0
79866,0
79867,0
79868,0
79869,0
79870,0
79871,0
79872,2
79873,-4
79874,0
79875,4
79876,0
79877,0
79878,4
79879,0
79880,10
79881,0
79882,0
79883,0
79884,0
79885,2
79886,4
79887,-14
79888,0
79889,-4
79890,-12
79891,0
79892,0
79893,-4
79894,0
79895,0
79896,0
79897,-4
79898,6
79899,0
79900,0
79901,-8
79902,6
79903,2
79904,0
79905,0
79906,0
79907,0
79908,0
79909,-4
79910,0
79911,0
79912,0
79913,-4
79914,0
79915,-4
79916,-4
79917,-4
79918,-4
79919,-4
79920,-4
79921,-4
79922,0
79923,-4
79924,0
79925,2
79926,-4
79927,-4
79928,-4
79929,4
79930,-14
79931,-4
79932,-4
79933,0
79934,-4
79935,-4
79936,0
79937,-4
79938,-4
79939,0
79940,-4
79941,4
79942,-4
79943,0
79944,0
79945,-16
79946,0
79947,-4
79948,0
79949,0
79950,0
79951,0
79952,0
79953,-4
79954,0
79955,0
79956,4
79957,0
79958,0
79959,0
79960,2
79961,0
79962,0
79963,0
79964,0
79965,0
79966,0
79967,0
79968,4
79969,0
79970,2
79971,2
79972,0
79973,4
79974,4
79975,18
79976,6
79977,0
79978,10
79979,0
79980,0
79981,14
79982,0
79983,-4
79984,0
79985,4
79986,0
79987,0
79988,0
79989,6
79990,0
79991,2
79992,4
79993,-4
79994,2
79995,4
79996,0
79997,6
79998,0
79999,0
80000,0
80001,0
80002,-4
80003,0
80004,0
80005,0
80006,6
80007,0
80008,-4
80009,-4
80010,4
80011,0
80012,-4
80013,0
80014,0
80015,0
80016,-8
80017,0
80018,-6
80019,0
80020,-4
80021,-4
80022,0
80023,0
80024,-4
80025,-12
80026,-4
80027,-4
80028,6
80029,-4
80030,0
80031,8
80032,-4
80033,0
80034,0
80035,-22
80036,0
80037,0
80038,-14
80039,-4
80040,-4
80041,-4
80042,-4
80043,0
80044,8
80045,0
80046,0
80047,0
80048,0
80049,0
80050,-12
80051,0
80052,4
80053,4
80054,-4
80055,14
80056,0
80057,0
80058,0
80059,0
80060,0
80061,0
80062,0
80063,0
80064,0
80065,0
80066,2
80067,4
80068,0
80069,0
80070,0
80071,0
80072,0
80073,0
80074,0
80075,2
80076,0
80077,2
80078,0
80079,4
80080,0
80081,0
80082,-4
80083,4
80084,2
80085,2
80086,0
80087,-4
80088,10
80089,0
80090,0
80091,6
80092,6
80093,0
80094,-4
80095,-4
80096,0
80097,-4
80098,0
80099,14
80100,0
80101,0
80102,0
80103,0
80104,-4
80105,0
80106,-4
80107,0
80108,2
80109,0
80110,-4
80111,0
80112,-6
80113,-4
80114,0
80115,0
80116,-4
80117,0
80118,-4
80119,0
80120,-4
80121,0
80122,0
80123,0
80124,0
80125,0
80126,-4
80127,-4
80128,-4
80129,-4
80130,-4
80131,-4
80132,-4
80133,-4
80134,-8
80135,0
80136,-4
80137,14
80138,-4
80139,0
80140,-22
80141,-4
80142,-4
80143,-4
80144,-4
80145,0
80146,6
80147,0
80148,4
80149,0
80150,0
80151,0
80152,0
80153,0
80154,0
80155,0
80156,-4
80157,0
80158,0
80159,-4
80160,0
80161,0
80162,0
80163,0
80164,0
80165,0
80166,4
80167,6
80168,-4
80169,2
80170,2
80171,0
80172,0
80173,0
80174,0
80175,0
80176,4
80177,-6
80178,0
80179,4
80180,-4
80181,0
80182,0
80183,2
80184,0
80185,0
80186,0
80187,-16
80188,0
80189,0
80190,4
80191,4
80192,0
80193,-4
80194,-4
80195,0
80196,-4
80197,0
80198,0
80199,-4
80200,-8
80201,0
80202,0
80203,-4
80204,-4
80205,0
80206,-4
80207,0
80208,0
80209,-4
80210,6
80211,0
80212,-4
80213,0
80214,-4
80215,0
80216,-4
80217,0
80218,-4
80219,-4
80220,-4
80221,0
80222,0
80223,0
80224,0
80225,0
80226,-4
80227,-16
80228,-4
80229,-6
80230,-4
80231,-4
80232,-4
80233,-4
80234,-4
80235,-4
80236,-4
80237,-4
80238,0
80239,-10
80240,-4
80241,0
80242,10
80243,-4
80244,-4
80245,-6
80246,-4
80247,0
80248,0
80249,-4
80250,0
80251,0
80252,0
80253,4
80254,0
80255,0
80256,0
80257,6
80258,-8
80259,0
80260,0
80261,0
80262,-4
80263,0
80264,2
80265,0
80266,0
80267,2
80268,4
80269,0
80270,0
80271,0
80272,0
80273,-4
80274,0
80275,0
80276,0
80277,6
80278,0
80279,0
80280,0
80281,10
80282,6
80283,18
80284,0
80285,2
80286,2
80287,0
80288,0
80289,14
80290,0
80291,2
80292,-8
80293,0
80294,0
80295,6
80296,0
80297,0
80298,-12
80299,0
80300,-4
80301,0
80302,0
80303,0
80304,0
80305,0
80306,0
80307,0
80308,-4
80309,-4
80310,-4
80311,0
80312,0
80313,2
80314,-4
80315,0
80316,0
80317,-4
80318,0
80319,-4
80320,-6
80321,-4
80322,-4
80323,0
80324,-4
80325,-4
80326,-4
80327,0
80328,-4
80329,-4
80330,-4
80331,-10
80332,-4
80333,-4
80334,-4
80335,-4
80336,-4
80337,-4
80338,-6
80339,-4
80340,-4
80341,0
80342,0
80343,0
80344,-8
80345,-4
80346,0
80347,0
80348,0
80349,0
80350,8
80351,0
80352,0
80353,-4
80354,-4
80355,0
80356,0
80357,0
80358,0
80359,0
80360,-4
80361,-4
80362,6
80363,0
80364,0
80365,0
80366,0
80367,0
80368,8
80369,0
80370,0
80371,-4
80372,4
80373,6
80374,-4
80375,0
80376,4
80377,0
80378,-14
80379,0
80380,0
80381,0
80382,6
80383,0
80384,6
80385,4
80386,4
80387,2
80388,6
80389,2
80390,6
80391,14
80392,6
80393,0
80394,-4
80395,0
80396,0
80397,-8
80398,0
80399,-8
80400,0
80401,0
80402,0
80403,0
80404,-8
80405,-4
80406,14
80407,0
80408,-4
80409,4
80410,-4
80411,0
80412,-4
80413,4
80414,-4
80415,0
80416,0
80417,0
80418,0
80419,-4
80420,-4
80421,16
80422,-4
80423,0
80424,0
80425,0
80426,0
80427,0
80428,0
80429,-4
80430,-4
80431,-4
80432,-4
80433,-4
80434,-16
80435,-4
80436,-4
80437,-4
80438,-4
80439,-4
80440,0
80441,0
80442,-4
80443,0
80444,0
80445,0
80446,-14
80447,-4
80448,8
80449,0
80450,0
80451,0
80452,0
80453,0
80454,0
80455,0
80456,0
80457,0
80458,0
80459,0
80460,-4
80461,-4
80462,0
80463,0
80464,4
80465,4
80466,2
80467,0
80468,4
80469,0
80470,0
80471,2
80472,0
80473,0
80474,2
80475,2
80476,10
80477,0
80478,0
80479,0
80480,0
80481,0
80482,-4
80483,6
80484,6
80485,-4
80486,2
80487,14
80488,6
80489,0
80490,6
80491,2
80492,-4
80493,0
80494,0
80495,0
80496,2
80497,2
80498,0
80499,0
80500,0
80501,0
80502,0
80503,0
80504,-4
80505,0
80506,0
80507,6
80508,4
80509,0
80510,0
80511,0
80512,0
80513,0
80514,-4
80515,-4
80516,-4
80517,-4
80518,-4
80519,-4
80520,-4
80521,-4
80522,-4
80523,0
80524,-4
80525,-4
80526,-4
80527,-46
80528,-132
80529,-116
80530,-136
80531,-70
80532,-28
80533,0
80534,30
80535,48
80536,20
80537,-8
80538,-62
80539,-108
80540,-102
80541,-104
80542,-94
80543,-108
80544,-134
80545,-132
80546,-128
80547,-116
80548,-108
80549,-96
80550,-64
80551,-44
80552,-16
80553,6
80554,28
80555,38
80556,46
80557,38
80558,42
80559,46
80560,50
80561,52
80562,56
80563,60
80564,60
80565,58
80566,60
80567,66
80568,64
80569,70
80570,86
80571,74
80572,72
80573,80
80574,74
80575,66
80576,60
80577,56
80578,48
80579,42
80580,38
80581,34
80582,28
80583,24
80584,20
80585,16
80586,24
80587,14
80588,10
80589,22
80590,10
80591,8
80592,0
80593,8
80594,6
80595,4
80596,18
80597,4
80598,4
80599,2
80600,4
80601,8
80602,6
80603,6
80604,2
80605,4
80606,2
80607,6
80608,6
80609,4
80610,6
80611,6
80612,2
80613,2
80614,4
80615,2
80616,2
80617,24
80618,0
80619,2
80620,0
80621,0
80622,-4
80623,2
80624,4
80625,0
80626,0
80627,0
80628,-4
80629,4
80630,8
80631,0
80632,0
80633,-12
80634,2
80635,-4
80636,4
80637,2
80638,-8
80639,0
80640,6
80641,6
80642,0
80643,6
80644,10
80645,6
80646,0
80647,4
80648,0
80649,0
80650,0
80651,0
80652,0
80653,0
80654,10
80655,0
80656,6
80657,6
80658,0
80659,0
80660,4
80661,4
80662,4
80663,4
80664,6
80665,0
80666,4
80667,6
80668,4
80669,-6
80670,2
80671,0
80672,4
80673,0
80674,0
80675,4
80676,0
80677,4
80678,0
80679,2
80680,0
80681,0
80682,2
80683,0
80684,2
80685,2
80686,2
80687,0
80688,10
80689,0
80690,4
80691,-4
80692,2
80693,2
80694,-4
80695,-8
80696,2
80697,4
80698,2
80699,-4
80700,0
80701,0
80702,0
80703,4
80704,0
80705,-4
80706,0
80707,0
80708,-4
80709,0
80710,-4
80711,0
80712,0
80713,0
80714,0
80715,4
80716,0
80717,-4
80718,-4
80719,-4
80720,0
80721,-4
80722,0
80723,-4
80724,0
80725,0
80726,-4
80727,0
80728,-4
80729,0
80730,0
80731,0
80732,0
80733,0
80734,-8
80735,0
80736,-4
80737,0
80738,-4
80739,-4
80740,6
80741,0
80742,-4
80743,0
80744,-4
80745,0
80746,0
80747,-4
80748,-4
80749,0
80750,-4
80751,0
80752,0
80753,0
80754,0
80755,0
80756,0
80757,-4
80758,-4
80759,-4
80760,0
80761,0
80762,0
80763,2
80764,4
80765,2
80766,0
80767,2
80768,0
80769,0
80770,0
80771,0
80772,0
80773,0
80774,0
80775,0
80776,0
80777,6
80778,0
80779,0
80780,0
80781,0
80782,10
80783,0
80784,-8
80785,4
80786,0
80787,8
80788,0
80789,0
80790,-6
80791,-4
80792,2
80793,6
80794,-14
80795,0
80796,0
80797,14
80798,0
80799,-16
80800,-4
80801,0
80802,0
80803,0
80804,0
80805,2
80806,0
80807,-4
80808,0
80809,0
80810,-4
80811,4
80812,0
80813,0
80814,-4
80815,-4
80816,0
80817,-4
80818,-4
80819,-4
80820,0
80821,0
80822,-4
80823,0
80824,-4
80825,-4
80826,-4
80827,-4
80828,-4
80829,-4
80830,-4
80831,0
80832,-4
80833,-4
80834,-4
80835,-4
80836,6
80837,0
80838,-6
80839,-18
80840,0
80841,-4
80842,-14
80843,-6
80844,0
80845,-4
80846,-4
80847,0
80848,0
80849,0
80850,-4
80851,0
80852,0
80853,0
80854,0
80855,14
80856,2
80857,0
80858,0
80859,0
80860,2
80861,0
80862,0
80863,0
80864,0
80865,0
80866,0
80867,2
80868,4
80869,0
80870,0
80871,0
80872,4
80873,-8
80874,-4
80875,0
80876,8
80877,2
80878,4
80879,2
80880,4
80881,0
80882,0
80883,6
80884,0
80885,0
80886,-10
80887,0
80888,0
80889,-4
80890,0
80891,0
80892,4
80893,0
80894,-4
80895,0
80896,10
80897,0
80898,0
80899,0
80900,-4
80901,-4
80902,0
80903,0
80904,14
80905,0
80906,2
80907,0
80908,0
80909,6
80910,0
80911,10
80912,-4
80913,0
80914,-4
80915,-4
80916,-4
80917,0
80918,0
80919,-4
80920,-4
80921,-4
80922,-4
80923,-6
80924,10
80925,0
80926,-4
80927,-4
80928,-4
80929,0
80930,0
80931,0
80932,-4
80933,-4
80934,-4
80935,2
80936,0
80937,0
80938,0
80939,-4
80940,0
80941,-4
80942,0
80943,-4
80944,-4
80945,0
80946,0
80947,-4
80948,-4
80949,16
80950,0
80951,-4
80952,0
80953,0
80954,0
80955,0
80956,0
80957,0
80958,0
80959,0
80960,-4
80961,2
80962,0
80963,0
80964,0
80965,0
80966,0
80967,0
80968,2
80969,0
80970,4
80971,0
80972,0
80973,0
80974,0
80975,0
80976,-12
80977,2
80978,0
80979,-4
80980,10
80981,-4
80982,2
80983,0
80984,2
80985,-4
80986,4
80987,-4
80988,6
80989,0
80990,0
80991,4
80992,0
80993,4
80994,-4
80995,-10
80996,-4
80997,0
80998,0
80999,0
81000,0
81001,-4
81002,-4
81003,6
81004,-4
81005,0
81006,0
81007,-8
81008,10
81009,6
81010,0
81011,0
81012,0
81013,0
81014,-4
81015,0
81016,-4
81017,-4
81018,0
81019,0
81020,-4
81021,-4
81022,0
81023,6
81024,-4
81025,-4
81026,-4
81027,-4
81028,-4
81029,-4
81030,0
81031,0
81032,-4
81033,-4
81034,-4
81035,0
81036,-4
81037,0
81038,-4
81039,-4
81040,2
81041,-4
81042,-4
81043,-8
81044,0
81045,0
81046,-4
81047,0
81048,0
81049,0
81050,-4
81051,0
81052,0
81053,-4
81054,0
81055,0
81056,-4
81057,0
81058,0
81059,0
81060,-4
81061,0
81062,2
81063,0
81064,0
81065,4
81066,0
81067,6
81068,0
81069,0
81070,0
81071,8
81072,0
81073,2
81074,0
81075,0
81076,0
81077,-10
81078,0
81079,0
81080,0
81081,2
81082,0
81083,2
81084,0
81085,2
81086,0
81087,-4
81088,6
81089,0
81090,0
81091,0
81092,0
81093,0
81094,-8
81095,0
81096,0
81097,0
81098,0
81099,-10
81100,0
81101,0
81102,0
81103,0
81104,-4
81105,6
81106,0
81107,0
81108,0
81109,0
81110,0
81111,0
81112,0
81113,0
81114,-4
81115,-4
81116,-4
81117,2
81118,-4
81119,-4
81120,0
81121,0
81122,0
81123,-4
81124,0
81125,-4
81126,0
81127,6
81128,-4
81129,-4
81130,0
81131,0
81132,-4
81133,-4
81134,0
81135,-4
81136,0
81137,-4
81138,0
81139,-4
81140,-4
81141,-4
81142,-4
81143,0
81144,-4
81145,0
81146,-8
81147,0
81148,6
81149,-4
81150,0
81151,-4
81152,2
81153,0
81154,0
81155,0
81156,0
81157,0
81158,0
81159,2
81160,-4
81161,0
81162,0
81163,0
81164,0
81165,0
81166,0
81167,0
81168,0
81169,4
81170,-4
81171,6
81172,0
81173,2
81174,0
81175,2
81176,0
81177,2
81178,6
81179,0
81180,2
81181,0
81182,0
81183,4
81184,0
81185,0
81186,10
81187,0
81188,4
81189,0
81190,0
81191,0
81192,0
81193,-4
81194,0
81195,-4
81196,6
81197,0
81198,0
81199,2
81200,4
81201,0
81202,0
81203,0
81204,0
81205,0
81206,0
81207,-4
81208,0
81209,-4
81210,0
81211,0
81212,0
81213,0
81214,0
81215,-4
81216,-4
81217,-4
81218,-4
81219,-4
81220,-6
81221,-4
81222,-4
81223,-4
81224,-4
81225,-4
81226,-4
81227,0
81228,-4
81229,-4
81230,-4
81231,-4
81232,-4
81233,0
81234,-4
81235,-4
81236,0
81237,-4
81238,-4
81239,-4
81240,-4
81241,2
81242,-4
81243,0
81244,0
81245,-8
81246,0
81247,0
81248,-4
81249,-4
81250,0
81251,0
81252,0
81253,0
81254,0
81255,2
81256,0
81257,-4
81258,-4
81259,0
81260,-4
81261,14
81262,10
81263,2
81264,4
81265,0
81266,2
81267,6
81268,0
81269,0
81270,-8
81271,0
81272,-4
81273,0
81274,-4
81275,0
81276,0
81277,0
81278,0
81279,0
81280,2
81281,0
81282,0
81283,-8
81284,2
81285,10
81286,0
81287,0
81288,-6
81289,0
81290,2
81291,-4
81292,2
81293,0
81294,-4
81295,4
81296,0
81297,0
81298,6
81299,0
81300,0
81301,-10
81302,0
81303,0
81304,10
81305,0
81306,-4
81307,0
81308,-4
81309,0
81310,4
81311,0
81312,0
81313,0
81314,0
81315,-4
81316,-4
81317,-4
81318,-4
81319,-4
81320,0
81321,-4
81322,-6
81323,-4
81324,-4
81325,-4
81326,-4
81327,-4
81328,-4
81329,0
81330,0
81331,-6
81332,-4
81333,-4
81334,-4
81335,-4
81336,-4
81337,0
81338,-4
81339,0
81340,-8
81341,-8
81342,0
81343,0
81344,6
81345,0
81346,4
81347,0
81348,2
81349,0
81350,-4
81351,0
81352,-4
81353,0
81354,0
81355,0
81356,0
81357,0
81358,2
81359,0
81360,-4
81361,0
81362,0
81363,0
81364,0
81365,2
81366,0
81367,0
81368,0
81369,4
81370,-4
81371,0
81372,0
81373,2
81374,0
81375,0
81376,-10
81377,6
81378,4
81379,0
81380,2
81381,-4
81382,0
81383,0
81384,6
81385,0
81386,4
81387,-6
81388,4
81389,0
81390,-4
81391,0
81392,0
81393,6
81394,10
81395,0
81396,-4
81397,6
81398,0
81399,10
81400,0
81401,0
81402,0
81403,0
81404,-4
81405,0
81406,0
81407,-10
81408,-4
81409,-4
81410,-4
81411,0
81412,-4
81413,0
81414,0
81415,0
81416,0
81417,0
81418,-4
81419,-4
81420,0
81421,-4
81422,-4
81423,0
81424,8
81425,14
81426,-4
81427,-4
81428,-4
81429,-4
81430,-4
81431,0
81432,-4
81433,-4
81434,-16
81435,-4
81436,0
81437,0
81438,0
81439,0
81440,0
81441,-4
81442,-4
81443,-4
81444,-4
81445,-4
81446,4
81447,0
81448,2
81449,0
81450,-4
81451,2
81452,0
81453,0
81454,0
81455,0
81456,-4
81457,0
81458,0
81459,0
81460,0
81461,0
81462,0
81463,0
81464,-4
81465,0
81466,0
81467,0
81468,-4
81469,0
81470,0
81471,2
81472,2
81473,6
81474,0
81475,0
81476,0
81477,0
81478,-14
81479,-54
81480,-34
81481,-10
81482,0
81483,8
81484,6
81485,4
81486,10
81487,10
81488,8
81489,6
81490,0
81491,-6
81492,-14
81493,-8
81494,-6
81495,0
81496,-4
81497,0
81498,0
81499,4
81500,6
81501,6
81502,10
81503,10
81504,10
81505,6
81506,-4
81507,-4
81508,-8
81509,-4
81510,-4
81511,-6
81512,-8
81513,0
81514,-4
81515,-4
81516,0
81517,0
81518,6
81519,6
81520,6
81521,8
81522,8
81523,2
81524,10
81525,10
81526,8
81527,0
81528,-4
81529,-4
81530,-4
81531,0
81532,-4
81533,-4
81534,0
81535,0
81536,0
81537,0
81538,6
81539,6
81540,2
81541,0
81542,2
81543,0
81544,0
81545,14
81546,0
81547,-4
81548,4
81549,0
81550,0
81551,4
81552,-6
81553,-4
81554,0
81555,-4
81556,4
81557,-4
81558,-4
81559,-4
81560,0
81561,-4
81562,-4
81563,-4
81564,0
81565,-4
81566,0
81567,-4
81568,-4
81569,-4
81570,0
81571,-4
81572,0
81573,0
81574,0
81575,0
81576,0
81577,0
81578,6
81579,0
81580,0
81581,0
81582,0
81583,-4
81584,0
81585,-4
81586,0
81587,0
81588,0
81589,2
81590,0
81591,4
81592,6
81593,0
81594,0
81595,-4
81596,0
81597,-4
81598,-4
81599,-4
81600,0
81601,2
81602,0
81603,-4
81604,0
81605,0
81606,0
81607,-4
81608,0
81609,-4
81610,0
81611,-8
81612,-4
81613,0
81614,2
81615,0
81616,-4
81617,-4
81618,-4
81619,0
81620,0
81621,-4
81622,0
81623,0
81624,0
81625,0
81626,-4
81627,-4
81628,-4
81629,0
81630,-4
81631,0
81632,-4
81633,18
81634,-4
81635,6
81636,-4
81637,0
81638,0
81639,0
81640,0
81641,0
81642,0
81643,-4
81644,0
81645,-4
81646,-4
81647,0
81648,0
81649,-4
81650,-4
81651,0
81652,0
81653,-4
81654,0
81655,0
81656,0
81657,0
81658,-4
81659,-14
81660,0
81661,2
81662,0
81663,2
81664,0
81665,0
81666,0
81667,6
81668,0
81669,4
81670,0
81671,0
81672,0
81673,0
81674,0
81675,0
81676,0
81677,4
81678,0
81679,0
81680,4
81681,6
81682,0
81683,0
81684,4
81685,0
81686,2
81687,-4
81688,2
81689,0
81690,4
81691,0
81692,4
81693,4
81694,-14
81695,0
81696,0
81697,-4
81698,4
81699,4
81700,0
81701,-4
81702,-4
81703,0
81704,-8
81705,4
81706,0
81707,0
81708,-4
81709,0
81710,0
81711,0
81712,-4
81713,-4
81714,0
81715,-4
81716,0
81717,-4
81718,0
81719,-4
81720,-4
81721,-4
81722,-4
81723,-4
81724,0
81725,-4
81726,-4
81727,-4
81728,-4
81729,-4
81730,-4
81731,0
81732,-4
81733,-4
81734,-4
81735,-4
81736,-6
81737,0
81738,-4
81739,-8
81740,-4
81741,-4
81742,-6
81743,0
81744,-4
81745,2
81746,0
81747,0
81748,4
81749,0
81750,0
81751,-4
81752,0
81753,0
81754,-4
81755,0
81756,0
81757,0
81758,0
81759,2
81760,0
81761,-4
81762,0
81763,-4
81764,0
81765,0
81766,2
81767,4
81768,-4
81769,6
81770,0
81771,4
81772,-4
81773,0
81774,6
81775,-8
81776,2
81777,0
81778,0
81779,-4
81780,2
81781,0
81782,-4
81783,0
81784,-4
81785,0
81786,6
81787,0
81788,0
81789,0
81790,0
81791,0
81792,4
81793,-6
81794,-4
81795,0
81796,-4
81797,4
81798,0
81799,0
81800,0
81801,0
81802,0
81803,0
81804,-4
81805,-4
81806,-4
81807,0
81808,0
81809,-4
81810,0
81811,-4
81812,0
81813,0
81814,-4
81815,0
81816,-4
81817,-4
81818,0
81819,-6
81820,0
81821,0
81822,-6
81823,-4
81824,-4
81825,-4
81826,0
81827,-4
81828,-4
81829,-4
81830,-4
81831,-4
81832,10
81833,0
81834,-4
81835,-4
81836,-4
81837,-4
81838,-4
81839,-6
81840,-4
81841,0
81842,-4
81843,-4
81844,-4
81845,-8
81846,0
81847,0
81848,0
81849,0
81850,0
81851,-6
81852,-4
81853,0
81854,0
81855,0
81856,-4
81857,0
81858,0
81859,0
81860,0
81861,6
81862,-4
81863,6
81864,0
81865,2
81866,0
81867,0
81868,2
81869,6
81870,0
81871,6
81872,0
81873,0
81874,6
81875,-4
81876,-8
81877,4
81878,0
81879,0
81880,0
81881,0
81882,0
81883,0
81884,0
81885,4
81886,4
81887,0
81888,-4
81889,6
81890,4
81891,2
81892,10
81893,0
81894,0
81895,-4
81896,0
81897,4
81898,0
81899,0
81900,6
81901,0
81902,0
81903,0
81904,0
81905,0
81906,0
81907,2
81908,-4
81909,0
81910,-10
81911,4
81912,0
81913,0
81914,-4
81915,-4
81916,-4
81917,-4
81918,0
81919,10
81920,-4
81921,10
81922,14
81923,-4
81924,-10
81925,0
81926,-8
81927,0
81928,-4
81929,-16
81930,-4
81931,-4
81932,-4
81933,-4
81934,-4
81935,-14
81936,0
81937,-4
81938,-4
81939,0
81940,-4
81941,-4
81942,-4
81943,0
81944,-4
81945,0
81946,0
81947,-4
81948,-4
81949,-8
81950,0
81951,0
81952,0
81953,-12
81954,0
81955,4
81956,10
81957,0
81958,0
81959,0
81960,0
81961,4
81962,0
81963,0
81964,0
81965,2
81966,0
81967,0
81968,0
81969,0
81970,0
81971,0
81972,0
81973,0
81974,0
81975,0
81976,0
81977,6
81978,2
81979,4
81980,0
81981,2
81982,4
81983,2
81984,0
81985,0
81986,0
81987,-4
81988,6
81989,4
81990,2
81991,0
81992,4
81993,2
81994,-4
81995,0
81996,0
81997,2
81998,0
81999,4
82000,0
82001,-4
82002,0
82003,0
82004,0
82005,6
82006,0
82007,0
82008,8
82009,0
82010,-4
82011,0
82012,0
82013,0
82014,6
82015,-4
82016,-4
82017,0
82018,6
82019,-4
82020,-4
82021,0
82022,0
82023,0
82024,-12
82025,-14
82026,-16
82027,-22
82028,-26
82029,-26
82030,-20
82031,-14
82032,-4
82033,4
82034,4
82035,6
82036,8
82037,6
82038,6
82039,4
82040,6
82041,2
82042,0
82043,-4
82044,-4
82045,-4
82046,-22
82047,-12
82048,-8
82049,-14
82050,-16
82051,-14
82052,-16
82053,-20
82054,-20
82055,-24
82056,-22
82057,-30
82058,-26
82059,-28
82060,-38
82061,-38
82062,-44
82063,-46
82064,-30
82065,-30
82066,-24
82067,-20
82068,-22
82069,-18
82070,-10
82071,-10
82072,-10
82073,-14
82074,-12
82075,-8
82076,-6
82077,-6
82078,-16
82079,0
82080,-4
82081,14
82082,10
82083,6
82084,0
82085,10
82086,14
82087,14
82088,14
82089,14
82090,18
82091,18
82092,14
82093,14
82094,32
82095,36
82096,34
82097,32
82098,32
82099,30
82100,28
82101,24
82102,18
82103,24
82104,6
82105,24
82106,18
82107,14
82108,16
82109,14
82110,14
82111,14
82112,14
82113,10
82114,14
82115,6
82116,6
82117,4
82118,4
82119,4
82120,0
82121,4
82122,2
82123,2
82124,0
82125,0
82126,0
82127,2
82128,8
82129,0
82130,6
82131,0
82132,-4
82133,-4
82134,0
82135,0
82136,10
82137,0
82138,0
82139,-22
82140,0
82141,0
82142,0
82143,2
82144,-4
82145,6
82146,4
82147,0
82148,-8
82149,2
82150,0
82151,4
82152,0
82153,0
82154,0
82155,10
82156,0
82157,4
82158,0
82159,0
82160,6
82161,0
82162,0
82163,0
82164,2
82165,0
82166,0
82167,0
82168,0
82169,0
82170,0
82171,2
82172,0
82173,6
82174,-4
82175,0
82176,4
82177,0
82178,2
82179,4
82180,6
82181,0
82182,0
82183,0
82184,0
82185,0
82186,2
82187,0
82188,2
82189,-4
82190,0
82191,4
82192,-6
82193,0
82194,0
82195,-4
82196,2
82197,0
82198,-4
82199,0
82200,6
82201,0
82202,0
82203,0
82204,0
82205,-4
82206,0
82207,0
82208,0
82209,-4
82210,-4
82211,-6
82212,4
82213,0
82214,-4
82215,-4
82216,0
82217,0
82218,0
82219,-4
82220,-4
82221,0
82222,0
82223,0
82224,-4
82225,0
82226,-4
82227,0
82228,0
82229,-4
82230,-4
82231,-4
82232,-4
82233,0
82234,-4
82235,0
82236,-4
82237,-4
82238,-14
82239,-4
82240,-4
82241,14
82242,0
82243,-4
82244,-6
82245,0
82246,-4
82247,-4
82248,0
82249,0
82250,0
82251,0
82252,2
82253,0
82254,0
82255,0
82256,0
82257,0
82258,0
82259,-14
82260,0
82261,0
82262,-4
82263,0
82264,0
82265,-4
82266,0
82267,0
82268,0
82269,2
82270,0
82271,0
82272,0
82273,0
82274,0
82275,0
82276,4
82277,0
82278,4
82279,6
82280,2
82281,0
82282,0
82283,0
82284,2
82285,0
82286,0
82287,6
82288,0
82289,0
82290,4
82291,-4
82292,0
82293,0
82294,-4
82295,0
82296,0
82297,-4
82298,0
82299,0
82300,0
82301,-4
82302,0
82303,0
82304,0
82305,0
82306,0
82307,18
82308,-4
82309,0
82310,-4
82311,0
82312,-4
82313,8
82314,-4
82315,0
82316,0
82317,0
82318,-4
82319,0
82320,-4
82321,-4
82322,-4
82323,0
82324,-4
82325,6
82326,0
82327,-4
82328,-4
82329,-4
82330,2
82331,-4
82332,-4
82333,-4
82334,-8
82335,-6
82336,-4
82337,-4
82338,-4
82339,-8
82340,-8
82341,-6
82342,0
82343,-8
82344,-8
82345,-4
82346,0
82347,0
82348,0
82349,0
82350,4
82351,2
82352,0
82353,0
82354,0
82355,0
82356,2
82357,0
82358,0
82359,0
82360,-4
82361,0
82362,-4
82363,-4
82364,0
82365,0
82366,10
82367,-4
82368,0
82369,-4
82370,-4
82371,-6
82372,-8
82373,0
82374,10
82375,-4
82376,-4
82377,-8
82378,-4
82379,-4
82380,-4
82381,-8
82382,-4
82383,-4
82384,-8
82385,-4
82386,-8
82387,0
82388,-4
82389,-4
82390,10
82391,-6
82392,-8
82393,4
82394,-6
82395,-8
82396,-12
82397,0
82398,-6
82399,-20
82400,-6
82401,-8
82402,-4
82403,-10
82404,-8
82405,-6
82406,-4
82407,-8
82408,-8
82409,-8
82410,2
82411,-8
82412,4
82413,0
82414,-8
82415,-4
82416,-6
82417,-8
82418,-4
82419,-4
82420,-6
82421,-4
82422,-4
82423,0
82424,-8
82425,4
82426,0
82427,6
82428,4
82429,4
82430,6
82431,4
82432,6
82433,6
82434,0
82435,6
82436,0
82437,6
82438,6
82439,-4
82440,8
82441,6
82442,18
82443,6
82444,6
82445,6
82446,8
82447,6
82448,6
82449,6
82450,8
82451,4
82452,6
82453,6
82454,8
82455,4
82456,2
82457,6
82458,6
82459,4
82460,4
82461,2
82462,4
82463,6
82464,-16
82465,4
82466,4
82467,0
82468,0
82469,4
82470,2
82471,6
82472,6
82473,4
82474,6
82475,6
82476,6
82477,6
82478,10
82479,6
82480,6
82481,6
82482,-6
82483,4
82484,2
82485,2
82486,0
82487,2
82488,6
82489,-4
82490,0
82491,0
82492,4
82493,0
82494,0
82495,4
82496,0
82497,0
82498,6
82499,2
82500,0
82501,0
82502,0
82503,0
82504,0
82505,0
82506,0
82507,0
82508,0
82509,-10
82510,0
82511,-4
82512,0
82513,0
82514,0
82515,0
82516,0
82517,-4
82518,0
82519,-4
82520,-4
82521,0
82522,-4
82523,-4
82524,0
82525,-4
82526,0
82527,0
82528,-4
82529,-4
82530,-6
82531,-4
82532,0
82533,-4
82534,0
82535,0
82536,0
82537,-4
82538,10
82539,-4
82540,-4
82541,-12
82542,-4
82543,-4
82544,-8
82545,0
82546,0
82547,-4
82548,-4
82549,4
82550,-4
82551,0
82552,-4
82553,0
82554,-4
82555,-8
82556,0
82557,0
82558,-4
82559,0
82560,-4
82561,0
82562,0
82563,0
82564,0
82565,0
82566,0
82567,0
82568,4
82569,0
82570,0
82571,-4
82572,-6
82573,4
82574,0
82575,0
82576,0
82577,0
82578,0
82579,4
82580,0
82581,0
82582,0
82583,6
82584,0
82585,-14
82586,0
82587,2
82588,6
82589,2
82590,0
82591,-6
82592,-4
82593,0
82594,8
82595,0
82596,0
82597,2
82598,0
82599,0
82600,0
82601,0
82602,0
82603,0
82604,-4
82605,0
82606,-4
82607,0
82608,-4
82609,0
82610,-4
82611,-4
82612,0
82613,-4
82614,-4
82615,-4
82616,-4
82617,-4
82618,-4
82619,-4
82620,-4
82621,0
82622,-22
82623,-4
82624,-6
82625,0
82626,-4
82627,-8
82628,-4
82629,-4
82630,-4
82631,-6
82632,-8
82633,-4
82634,-8
82635,-4
82636,-4
82637,-8
82638,-4
82639,-4
82640,-8
82641,-4
82642,0
82643,-4
82644,-4
82645,-4
82646,-4
82647,-4
82648,0
82649,-4
82650,-4
82651,-4
82652,-4
82653,0
82654,-4
82655,0
82656,0
82657,0
82658,0
82659,0
82660,0
82661,-4
82662,0
82663,0
82664,0
82665,0
82666,0
82667,0
82668,-4
82669,0
82670,0
82671,0
82672,2
82673,0
82674,6
82675,0
82676,0
82677,4
82678,0
82679,10
82680,0
82681,0
82682,2
82683,0
82684,0
82685,0
82686,6
82687,0
82688,0
82689,6
82690,8
82691,0
82692,2
82693,-8
82694,0
82695,0
82696,0
82697,-4
82698,0
82699,0
82700,4
82701,-4
82702,2
82703,4
82704,0
82705,2
82706,0
82707,0
82708,4
82709,0
82710,2
82711,0
82712,0
82713,2
82714,4
82715,0
82716,0
82717,0
82718,-4
82719,0
82720,0
82721,6
82722,0
82723,-4
82724,0
82725,0
82726,0
82727,-4
82728,-4
82729,-4
82730,0
82731,0
82732,0
82733,0
82734,-8
82735,0
82736,6
82737,0
82738,0
82739,18
82740,0
82741,0
82742,-4
82743,0
82744,-4
82745,18
82746,0
82747,2
82748,-14
82749,0
82750,6
82751,0
82752,0
82753,0
82754,0
82755,0
82756,2
82757,0
82758,0
82759,4
82760,0
82761,-4
82762,-4
82763,0
82764,0
82765,0
82766,4
82767,2
82768,2
82769,2
82770,0
82771,0
82772,4
82773,4
82774,6
82775,4
82776,2
82777,6
82778,0
82779,0
82780,6
82781,0
82782,6
82783,0
82784,0
82785,4
82786,4
82787,4
82788,6
82789,0
82790,0
82791,0
82792,0
82793,0
82794,0
82795,6
82796,0
82797,0
82798,-4
82799,0
82800,-4
82801,0
82802,0
82803,2
82804,-4
82805,0
82806,0
82807,0
82808,0
82809,-4
82810,-8
82811,-4
82812,0
82813,0
82814,-8
82815,-4
82816,-4
82817,-4
82818,-4
82819,-4
82820,-4
82821,-4
82822,-4
82823,0
82824,-4
82825,0
82826,0
82827,-4
82828,-8
82829,-8
82830,-4
82831,-4
82832,-4
82833,0
82834,-4
82835,-4
82836,0
82837,-4
82838,0
82839,-4
82840,-8
82841,0
82842,0
82843,-4
82844,-4
82845,-4
82846,-4
82847,0
82848,-4
82849,0
82850,0
82851,-4
82852,-4
82853,-4
82854,-4
82855,10
82856,-4
82857,-10
82858,-4
82859,0
82860,0
82861,0
82862,0
82863,0
82864,0
82865,0
82866,-4
82867,0
82868,0
82869,0
82870,0
82871,4
82872,0
82873,0
82874,-8
82875,0
82876,0
82877,4
82878,10
82879,2
82880,0
82881,-4
82882,0
82883,-4
82884,0
82885,6
82886,4
82887,6
82888,8
82889,-14
82890,2
82891,0
82892,0
82893,6
82894,0
82895,0
82896,0
82897,-4
82898,0
82899,0
82900,0
82901,0
82902,0
82903,0
82904,0
82905,0
82906,-4
82907,0
82908,-4
82909,-4
82910,-8
82911,0
82912,0
82913,0
82914,-4
82915,0
82916,0
82917,0
82918,-4
82919,-4
82920,-4
82921,0
82922,-4
82923,-4
82924,-4
82925,0
82926,0
82927,-8
82928,0
82929,-4
82930,0
82931,0
82932,0
82933,8
82934,-4
82935,-4
82936,-4
82937,10
82938,0
82939,-4
82940,-4
82941,-4
82942,0
82943,0
82944,-6
82945,0
82946,4
82947,0
82948,2
82949,0
82950,0
82951,0
82952,2
82953,0
82954,0
82955,0
82956,0
82957,0
82958,-4
82959,0
82960,2
82961,2
82962,0
82963,0
82964,0
82965,0
82966,0
82967,0
82968,0
82969,0
82970,2
82971,0
82972,4
82973,0
82974,0
82975,0
82976,0
82977,0
82978,0
82979,4
82980,0
82981,0
82982,0
82983,0
82984,4
82985,4
82986,0
82987,10
82988,4
82989,4
82990,10
82991,0
82992,4
82993,8
82994,-4
82995,0
82996,0
82997,10
82998,0
82999,2
83000,4
83001,8
83002,0
83003,0
83004,0
83005,0
83006,4
83007,-4
83008,0
83009,4
83010,10
83011,-4
83012,0
83013,0
83014,-8
83015,-4
83016,-4
83017,0
83018,0
83019,-4
83020,-4
83021,0
83022,0
83023,-4
83024,18
83025,-4
83026,-4
83027,-4
83028,-12
83029,-4
83030,-4
83031,0
83032,-4
83033,-4
83034,-8
83035,-4
83036,-4
83037,0
83038,-4
83039,0
83040,-4
83041,-4
83042,14
83043,-4
83044,-4
83045,6
83046,0
83047,-4
83048,4
83049,0
83050,-4
83051,0
83052,0
83053,0
83054,0
83055,0
83056,-4
83057,0
83058,-4
83059,2
83060,-4
83061,0
83062,0
83063,0
83064,0
83065,0
83066,6
83067,0
83068,0
83069,2
83070,0
83071,4
83072,0
83073,-4
83074,0
83075,0
83076,0
83077,4
83078,2
83079,4
83080,2
83081,0
83082,0
83083,0
83084,6
83085,4
83086,-18
83087,0
83088,0
83089,-4
83090,0
83091,2
83092,10
83093,2
83094,0
83095,-4
83096,4
83097,0
83098,0
83099,6
83100,0
83101,0
83102,6
83103,0
83104,0
83105,4
83106,0
83107,2
83108,-4
83109,-4
83110,-4
83111,2
83112,-4
83113,4
83114,0
83115,0
83116,0
83117,0
83118,-4
83119,-4
83120,-4
83121,0
83122,0
83123,0
83124,0
83125,0
83126,-4
83127,-4
83128,0
83129,-4
83130,0
83131,-4
83132,-4
83133,-4
83134,0
83135,-4
83136,-4
83137,-4
83138,-6
83139,0
83140,0
83141,-8
83142,-4
83143,-4
83144,-4
83145,-4
83146,-4
83147,-4
83148,-4
83149,-4
83150,-4
83151,-4
83152,0
83153,0
83154,-4
83155,-4
83156,0
83157,0
83158,-14
83159,-4
83160,0
83161,-4
83162,0
83163,0
83164,0
83165,2
83166,0
83167,2
83168,0
83169,0
83170,2
83171,0
83172,0
83173,0
83174,0
83175,0
83176,2
83177,0
83178,0
83179,4
83180,0
83181,6
83182,10
83183,-4
83184,0
83185,10
83186,0
83187,2
83188,0
83189,2
83190,0
83191,4
83192,0
83193,0
83194,4
83195,-4
83196,0
83197,0
83198,14
83199,-4
83200,10
83201,0
83202,0
83203,0
83204,0
83205,4
83206,-4
83207,-4
83208,-4
83209,0
83210,0
83211,0
83212,0
83213,0
83214,0
83215,0
83216,-4
83217,0
83218,0
83219,-4
83220,4
83221,0
83222,-8
83223,-4
83224,0
83225,-4
83226,-4
83227,-4
83228,0
83229,-4
83230,-4
83231,6
83232,0
83233,-8
83234,0
83235,-4
83236,-8
83237,10
83238,-4
83239,-4
83240,-4
83241,-4
83242,0
83243,-14
83244,-4
83245,0
83246,6
83247,0
83248,0
83249,-14
83250,0
83251,0
83252,0
83253,-4
83254,-4
83255,0
83256,-4
83257,0
83258,-4
83259,2
83260,0
83261,0
83262,-8
83263,4
83264,10
83265,0
83266,0
83267,0
83268,0
83269,4
83270,0
83271,2
83272,18
83273,-4
83274,0
83275,0
83276,0
83277,-4
83278,6
83279,4
83280,10
83281,0
83282,4
83283,2
83284,0
83285,4
83286,2
83287,10
83288,2
83289,0
83290,6
83291,2
83292,2
83293,-4
83294,0
83295,0
83296,0
83297,10
83298,0
83299,4
83300,0
83301,0
83302,0
83303,0
83304,0
83305,0
83306,0
83307,2
83308,-4
83309,0
83310,-4
83311,0
83312,0
83313,0
83314,-4
83315,-4
83316,0
83317,-4
83318,-4
83319,-4
83320,-6
83321,-4
83322,0
83323,0
83324,0
83325,0
83326,0
83327,-4
83328,-4
83329,-4
83330,-4
83331,0
83332,-4
83333,-4
83334,-4
83335,-4
83336,-4
83337,-4
83338,-4
83339,-4
83340,-4
83341,-4
83342,-4
83343,0
83344,-4
83345,4
83346,4
83347,0
83348,0
83349,-4
83350,0
83351,0
83352,6
83353,4
83354,-4
83355,2
83356,0
83357,-4
83358,0
83359,0
83360,0
83361,-4
83362,-14
83363,-4
83364,-4
83365,0
83366,0
83367,0
83368,0
83369,0
83370,-4
83371,4
83372,8
83373,2
83374,4
83375,18
83376,0
83377,-10
83378,0
83379,0
83380,4
83381,4
83382,0
83383,0
83384,-14
83385,0
83386,-10
83387,0
83388,4
83389,10
83390,0
83391,0
83392,0
83393,-4
83394,0
83395,0
83396,8
83397,0
83398,0
83399,8
83400,4
83401,0
83402,0
83403,0
83404,0
83405,0
83406,0
83407,0
83408,0
83409,2
83410,0
83411,-8
83412,0
83413,0
83414,0
83415,-6
83416,-4
83417,-4
83418,-4
83419,10
83420,-4
83421,-4
83422,-4
83423,-4
83424,-4
83425,-4
83426,-4
83427,-16
83428,-4
83429,-4
83430,-4
83431,-4
83432,0
83433,-4
83434,-4
83435,-4
83436,0
83437,-4
83438,-4
83439,-4
83440,0
83441,-6
83442,-4
83443,0
83444,0
83445,0
83446,0
83447,-4
83448,0
83449,0
83450,4
83451,0
83452,0
83453,0
83454,0
83455,-4
83456,-4
83457,0
83458,0
83459,0
83460,0
83461,0
83462,0
83463,-6
83464,0
83465,2
83466,0
83467,0
83468,0
83469,0
83470,0
83471,0
83472,2
83473,0
83474,-4
83475,0
83476,0
83477,0
83478,0
83479,0
83480,0
83481,0
83482,6
83483,0
83484,0
83485,0
83486,0
83487,0
83488,2
83489,0
83490,0
83491,0
83492,0
83493,2
83494,0
83495,-6
83496,0
83497,2
83498,-4
83499,0
83500,0
83501,0
83502,10
83503,0
83504,0
83505,0
83506,-4
83507,0
83508,-4
83509,2
83510,-10
83511,-4
83512,-4
83513,-4
83514,-4
83515,8
83516,6
83517,0
83518,-4
83519,20
83520,-4
83521,-4
83522,-4
83523,0
83524,-4
83525,-4
83526,0
83527,0
83528,-8
83529,-4
83530,-4
83531,-4
83532,0
83533,0
83534,-4
83535,-4
83536,-4
83537,0
83538,-4
83539,0
83540,-4
83541,-4
83542,-4
83543,6
83544,0
83545,-8
83546,0
83547,0
83548,-4
83549,-4
83550,-4
83551,18
83552,0
83553,0
83554,0
83555,0
83556,-4
83557,2
83558,-4
83559,-4
83560,0
83561,-4
83562,0
83563,0
83564,0
83565,0
83566,0
83567,0
83568,0
83569,0
83570,4
83571,2
83572,0
83573,0
83574,-4
83575,0
83576,0
83577,6
83578,0
83579,0
83580,4
83581,-20
83582,0
83583,6
83584,0
83585,6
83586,0
83587,18
83588,4
83589,2
83590,6
83591,0
83592,6
83593,-10
83594,6
83595,4
83596,2
83597,6
83598,-4
83599,4
83600,0
83601,-4
83602,0
83603,0
83604,0
83605,0
83606,-4
83607,-12
83608,0
83609,0
83610,0
83611,0
83612,4
83613,6
83614,0
83615,0
83616,-4
83617,0
83618,0
83619,-4
83620,0
83621,10
83622,-4
83623,-8
83624,-4
83625,-4
83626,-4
83627,0
83628,0
83629,-6
83630,-4
83631,-4
83632,-4
83633,-4
83634,-4
83635,-4
83636,-6
83637,-4
83638,-4
83639,-4
83640,0
83641,-4
83642,-10
83643,-4
83644,-4
83645,-8
83646,0
83647,0
83648,-8
83649,-4
83650,0
83651,0
83652,2
83653,6
83654,-4
83655,0
83656,-4
83657,0
83658,-4
83659,0
83660,0
83661,0
83662,0
83663,0
83664,0
83665,0
83666,0
83667,0
83668,0
83669,0
83670,4
83671,0
83672,-4
83673,0
83674,2
83675,0
83676,-4
83677,0
83678,6
83679,6
83680,-4
83681,2
83682,4
83683,0
83684,-14
83685,0
83686,10
83687,2
83688,0
83689,-14
83690,4
83691,0
83692,0
83693,0
83694,0
83695,0
83696,0
83697,2
83698,0
83699,10
83700,0
83701,-10
83702,0
83703,0
83704,0
83705,0
83706,0
83707,0
83708,0
83709,0
83710,0
83711,0
83712,10
83713,0
83714,2
83715,0
83716,-4
83717,-4
83718,0
83719,-4
83720,-4
83721,0
83722,-4
83723,0
83724,0
83725,-4
83726,-4
83727,0
83728,-4
83729,-4
83730,-4
83731,-4
83732,-4
83733,0
83734,-4
83735,-4
83736,0
83737,-4
83738,0
83739,2
83740,-4
83741,-8
83742,-4
83743,-4
83744,-4
83745,-4
83746,0
83747,2
83748,-4
83749,-4
83750,4
83751,0
83752,0
83753,0
83754,-14
83755,0
83756,0
83757,-4
83758,0
83759,0
83760,0
83761,0
83762,0
83763,2
83764,0
83765,-4
83766,0
83767,6
83768,0
83769,0
83770,0
83771,0
83772,4
83773,0
83774,4
83775,2
83776,4
83777,8
83778,6
83779,4
83780,6
83781,0
83782,0
83783,4
83784,0
83785,0
83786,0
83787,4
83788,14
83789,0
83790,0
83791,-8
83792,4
83793,-4
83794,-6
83795,0
83796,0
83797,0
83798,6
83799,0
83800,0
83801,6
83802,-4
83803,2
83804,-4
83805,0
83806,18
83807,-4
83808,-6
83809,-4
83810,-4
83811,-6
83812,-4
83813,-4
83814,0
83815,0
83816,0
83817,0
83818,0
83819,-4
83820,-4
83821,-4
83822,-4
83823,-4
83824,-4
83825,0
83826,-4
83827,-4
83828,-4
83829,-6
83830,-4
83831,-6
83832,-4
83833,0
83834,-4
83835,-4
83836,0
83837,0
83838,0
83839,0
83840,-4
83841,2
83842,-8
83843,-8
83844,-4
83845,0
83846,-4
83847,-4
83848,0
83849,6
83850,0
83851,-14
83852,4
83853,0
83854,0
83855,-4
83856,-4
83857,-4
83858,0
83859,0
83860,0
83861,0
83862,-10
83863,0
83864,0
83865,2
83866,4
83867,4
83868,0
83869,0
83870,0
83871,0
83872,2
83873,0
83874,0
83875,2
83876,0
83877,0
83878,6
83879,6
83880,4
83881,-4
83882,-16
83883,14
83884,0
83885,4
83886,2
83887,14
83888,2
83889,6
83890,6
83891,0
83892,4
83893,6
83894,4
83895,0
83896,-4
83897,-6
83898,0
83899,0
83900,0
83901,0
83902,-4
83903,0
83904,6
83905,-14
83906,-4
83907,0
83908,-4
83909,-4
83910,-4
83911,-4
83912,0
83913,-4
83914,0
83915,0
83916,-4
83917,-4
83918,-4
83919,0
83920,0
83921,0
83922,0
83923,0
83924,2
83925,10
83926,0
83927,0
83928,8
83929,6
83930,0
83931,0
83932,18
83933,4
83934,0
83935,0
83936,0
83937,0
83938,0
83939,-4
83940,-4
83941,-4
83942,-8
83943,-4
83944,0
83945,-8
83946,-4
83947,-4
83948,-4
83949,0
83950,-4
83951,0
83952,-4
83953,0
83954,0
83955,-4
83956,-8
83957,-4
83958,6
83959,0
83960,0
83961,0
83962,-4
83963,-4
83964,-4
83965,0
83966,0
83967,-8
83968,-4
83969,-4
83970,-4
83971,0
83972,-4
83973,6
83974,-4
83975,-4
83976,-4
83977,2
83978,-8
83979,-22
83980,0
83981,-14
83982,-4
83983,0
83984,-4
83985,0
83986,-8
83987,-4
83988,0
83989,-4
83990,0
83991,-4
83992,6
83993,-4
83994,0
83995,6
83996,-14
83997,0
83998,0
83999,-14
84000,-4
84001,-6
84002,-4
84003,0
84004,0
84005,4
84006,0
84007,4
84008,0
84009,4
84010,0
84011,0
84012,0
84013,0
84014,0
84015,4
84016,0
84017,4
84018,2
84019,0
84020,0
84021,0
84022,0
84023,6
84024,4
84025,4
84026,0
84027,2
84028,0
84029,-4
84030,0
84031,0
84032,6
84033,0
84034,-6
84035,4
84036,8
84037,0
84038,-4
84039,0
84040,0
84041,6
84042,0
84043,0
84044,-8
84045,4
84046,0
84047,4
84048,4
84049,2
84050,0
84051,0
84052,0
84053,-12
84054,0
84055,6
84056,2
84057,0
84058,0
84059,10
84060,6
84061,-8
84062,0
84063,0
84064,8
84065,0
84066,4
84067,2
84068,2
84069,6
84070,0
84071,6
84072,-4
84073,0
84074,10
84075,6
84076,2
84077,0
84078,6
84079,2
84080,-4
84081,0
84082,4
84083,0
84084,4
84085,4
84086,4
84087,6
84088,-12
84089,4
84090,0
84091,8
84092,2
84093,0
84094,0
84095,10
84096,0
84097,-4
84098,-4
84099,-4
84100,0
84101,0
84102,6
84103,-4
84104,-4
84105,-4
84106,-4
84107,-4
84108,-4
84109,-4
84110,0
84111,0
84112,0
84113,-4
84114,0
84115,-4
84116,-4
84117,0
84118,-4
84119,0
84120,-4
84121,-4
84122,-10
84123,-4
84124,-14
84125,0
84126,0
84127,-4
84128,0
84129,-4
84130,-4
84131,-4
84132,0
84133,-4
84134,-4
84135,-8
84136,-4
84137,0
84138,-4
84139,-4
84140,-8
84141,0
84142,-4
84143,-4
84144,-4
84145,-4
84146,0
84147,-8
84148,-4
84149,-4
84150,2
84151,-4
84152,0
84153,4
84154,-4
84155,-4
84156,0
84157,0
84158,0
84159,0
84160,-14
84161,0
84162,0
84163,24
84164,-20
84165,0
84166,6
84167,4
84168,4
84169,0
84170,0
84171,0
84172,6
84173,0
84174,4
84175,4
84176,0
84177,6
84178,6
84179,6
84180,4
84181,4
84182,0
84183,2
84184,0
84185,18
84186,0
84187,-4
84188,0
84189,0
84190,-4
84191,0
84192,0
84193,0
84194,18
84195,2
84196,6
84197,0
84198,0
84199,0
84200,4
84201,4
84202,0
84203,6
84204,0
84205,0
84206,0
84207,0
84208,-4
84209,0
84210,4
84211,0
84212,0
84213,2
84214,0
84215,0
84216,0
84217,0
84218,0
84219,-4
84220,0
84221,0
84222,-4
84223,0
84224,-4
84225,-4
84226,0
84227,0
84228,-4
84229,0
84230,-8
84231,-4
84232,0
84233,-4
84234,-4
84235,-4
84236,-4
84237,0
84238,-4
84239,-4
84240,0
84241,0
84242,-8
84243,0
84244,-4
84245,-10
84246,0
84247,2
84248,-4
84249,0
84250,0
84251,0
84252,-4
84253,0
84254,-4
84255,0
84256,0
84257,0
84258,-4
84259,-4
84260,-4
84261,0
84262,-4
84263,0
84264,-4
84265,-4
84266,0
84267,4
84268,0
84269,0
84270,4
84271,2
84272,0
84273,0
84274,0
84275,4
84276,-6
84277,-12
84278,2
84279,6
84280,4
84281,6
84282,0
84283,0
84284,0
84285,0
84286,0
84287,0
84288,0
84289,-6
84290,0
84291,0
84292,0
84293,0
84294,-4
84295,6
84296,0
84297,-4
84298,-4
84299,-14
84300,0
84301,4
84302,2
84303,0
84304,0
84305,4
84306,-4
84307,0
84308,0
84309,-8
84310,0
84311,6
84312,0
84313,0
84314,-4
84315,2
84316,0
84317,0
84318,0
84319,0
84320,-4
84321,0
84322,0
84323,0
84324,0
84325,0
84326,0
84327,-10
84328,-4
84329,-4
84330,-4
84331,-4
84332,0
84333,-4
84334,0
84335,-4
84336,20
84337,0
84338,-8
84339,-4
84340,-4
84341,-4
84342,0
84343,0
84344,-8
84345,0
84346,0
84347,6
84348,0
84349,0
84350,8
84351,-4
84352,0
84353,4
84354,-4
84355,-4
84356,-6
84357,0
84358,10
84359,2
84360,0
84361,0
84362,2
84363,0
84364,-4
84365,0
84366,0
84367,2
84368,2
84369,6
84370,0
84371,4
84372,6
84373,4
84374,0
84375,4
84376,0
84377,6
84378,2
84379,18
84380,6
84381,0
84382,2
84383,2
84384,0
84385,2
84386,4
84387,0
84388,-8
84389,6
84390,4
84391,-8
84392,2
84393,0
84394,-4
84395,2
84396,0
84397,2
84398,-14
84399,0
84400,0
84401,0
84402,-4
84403,0
84404,-4
84405,0
84406,0
84407,0
84408,-4
84409,0
84410,-4
84411,0
84412,0
84413,0
84414,0
84415,8
84416,0
84417,0
84418,-4
84419,0
84420,0
84421,-4
84422,-4
84423,-4
84424,-4
84425,0
84426,-4
84427,-4
84428,0
84429,0
84430,-4
84431,-4
84432,-4
84433,-4
84434,-4
84435,0
84436,-4
84437,-8
84438,-4
84439,-4
84440,0
84441,-4
84442,0
84443,-8
84444,0
84445,0
84446,-4
84447,10
84448,0
84449,2
84450,0
84451,0
84452,0
84453,0
84454,-6
84455,6
84456,0
84457,0
84458,2
84459,0
84460,0
84461,0
84462,-4
84463,0
84464,-4
84465,0
84466,0
84467,0
84468,2
84469,0
84470,0
84471,0
84472,0
84473,0
84474,2
84475,0
84476,0
84477,-4
84478,0
84479,4
84480,0
84481,0
84482,4
84483,0
84484,4
84485,-10
84486,2
84487,-4
84488,0
84489,4
84490,0
84491,4
84492,2
84493,0
84494,-6
84495,0
84496,-6
84497,10
84498,0
84499,0
84500,2
84501,4
84502,0
84503,0
84504,0
84505,-4
84506,0
84507,0
84508,0
84509,-4
84510,0
84511,-4
84512,-4
84513,6
84514,0
84515,0
84516,-4
84517,-4
84518,0
84519,0
84520,-4
84521,-4
84522,-4
84523,-4
84524,-4
84525,0
84526,-4
84527,-4
84528,-4
84529,0
84530,-4
84531,-4
84532,-4
84533,-4
84534,-4
84535,-4
84536,-4
84537,-4
84538,-4
84539,-10
84540,-4
84541,0
84542,8
84543,0
84544,-4
84545,-10
84546,-4
84547,-4
84548,0
84549,-4
84550,-4
84551,0
84552,6
84553,0
84554,-4
84555,0
84556,0
84557,-4
84558,0
84559,0
84560,0
84561,0
84562,0
84563,0
84564,0
84565,6
84566,0
84567,4
84568,2
84569,0
84570,10
84571,-10
84572,2
84573,-4
84574,6
84575,0
84576,0
84577,0
84578,0
84579,0
84580,6
84581,6
84582,-14
84583,-4
84584,0
84585,0
84586,-4
84587,0
84588,0
84589,0
84590,0
84591,0
84592,0
84593,-4
84594,4
84595,6
84596,-4
84597,2
84598,0
84599,0
84600,0
84601,14
84602,0
84603,0
84604,0
84605,-16
84606,0
84607,0
84608,0
84609,0
84610,-4
84611,0
84612,0
84613,0
84614,0
84615,0
84616,-4
84617,4
84618,-4
84619,0
84620,-4
84621,22
84622,-4
84623,-4
84624,0
84625,-4
84626,0
84627,0
84628,-4
84629,-4
84630,0
84631,-4
84632,-18
84633,-4
84634,0
84635,-4
84636,10
84637,0
84638,-4
84639,-4
84640,0
84641,-4
84642,-8
84643,0
84644,0
84645,-4
84646,-4
84647,0
84648,0
84649,-4
84650,-8
84651,-4
84652,-4
84653,0
84654,-4
84655,0
84656,0
84657,0
84658,-4
84659,0
84660,0
84661,-4
84662,0
84663,8
84664,2
84665,-4
84666,0
84667,0
84668,0
84669,0
84670,0
84671,0
84672,0
84673,-4
84674,8
84675,0
84676,4
84677,4
84678,-4
84679,0
84680,0
84681,-12
84682,0
84683,0
84684,0
84685,0
84686,2
84687,2
84688,24
84689,6
84690,4
84691,10
84692,4
84693,2
84694,6
84695,0
84696,-4
84697,0
84698,-14
84699,0
84700,-4
84701,-4
84702,-4
84703,0
84704,-4
84705,0
84706,0
84707,-4
84708,0
84709,-4
84710,-4
84711,0
84712,-8
84713,-4
84714,0
84715,0
84716,0
84717,0
84718,0
84719,0
84720,0
84721,-8
84722,-4
84723,-4
84724,-6
84725,0
84726,-4
84727,0
84728,-4
84729,-6
84730,-4
84731,0
84732,0
84733,-4
84734,-18
84735,-4
84736,-4
84737,-4
84738,-4
84739,0
84740,-4
84741,-4
84742,-4
84743,0
84744,0
84745,0
84746,-4
84747,-4
84748,0
84749,0
84750,-4
84751,-4
84752,0
84753,-4
84754,-6
84755,-4
84756,0
84757,0
84758,0
84759,0
84760,0
84761,0
84762,-4
84763,-4
84764,-4
84765,0
84766,0
84767,0
84768,0
84769,0
84770,0
84771,0
84772,0
84773,0
84774,0
84775,0
84776,2
84777,0
84778,0
84779,6
84780,2
84781,0
84782,2
84783,2
84784,0
84785,-14
84786,0
84787,0
84788,0
84789,6
84790,-14
84791,-4
84792,0
84793,6
84794,0
84795,0
84796,0
84797,-4
84798,0
84799,2
84800,-10
84801,0
84802,-4
84803,6
84804,0
84805,-4
84806,-4
84807,8
84808,0
84809,0
84810,0
84811,-8
84812,0
84813,-4
84814,0
84815,0
84816,0
84817,8
84818,-4
84819,4
84820,-8
84821,-4
84822,0
84823,0
84824,-4
84825,0
84826,-6
84827,0
84828,16
84829,-6
84830,-4
84831,-4
84832,-4
84833,0
84834,-4
84835,0
84836,-4
84837,-4
84838,-4
84839,-8
84840,-4
84841,-6
84842,-8
84843,-4
84844,-4
84845,0
84846,-4
84847,0
84848,4
84849,-4
84850,0
84851,0
84852,0
84853,-4
84854,0
84855,0
84856,-4
84857,0
84858,0
84859,-4
84860,0
84861,0
84862,0
84863,-4
84864,0
84865,0
84866,0
84867,2
84868,0
84869,-4
84870,0
84871,0
84872,0
84873,0
84874,0
84875,8
84876,4
84877,0
84878,0
84879,0
84880,-6
84881,0
84882,-4
84883,-4
84884,0
84885,0
84886,4
84887,2
84888,-4
84889,-14
84890,0
84891,0
84892,4
84893,2
84894,0
84895,0
84896,-8
84897,-4
84898,0
84899,6
84900,-4
84901,0
84902,0
84903,14
84904,0
84905,0
84906,0
84907,0
84908,0
84909,-4
84910,2
84911,10
84912,0
84913,0
84914,-4
84915,-4
84916,0
84917,4
84918,-4
84919,0
84920,0
84921,0
84922,0
84923,0
84924,-4
84925,-8
84926,-4
84927,-4
84928,-4
84929,0
84930,-4
84931,0
84932,-4
84933,2
84934,-4
84935,-4
84936,4
84937,-4
84938,-4
84939,-4
84940,-4
84941,4
84942,-4
84943,-4
84944,-4
84945,0
84946,-4
84947,-4
84948,-12
84949,0
84950,-4
84951,0
84952,-4
84953,0
84954,2
84955,0
84956,0
84957,0
84958,-4
84959,-4
84960,-4
84961,-4
84962,0
84963,0
84964,0
84965,-4
84966,0
84967,0
84968,0
84969,-4
84970,10
84971,4
84972,2
84973,0
84974,0
84975,10
84976,0
84977,4
84978,0
84979,2
84980,6
84981,0
84982,-4
84983,0
84984,10
84985,0
84986,10
84987,0
84988,-4
84989,0
84990,0
84991,-4
84992,2
84993,-4
84994,2
84995,4
84996,0
84997,0
84998,8
84999,0
85000,0
85001,4
85002,0
85003,0
85004,-4
85005,-6
85006,0
85007,0
85008,6
85009,-4
85010,0
85011,-4
85012,0
85013,-4
85014,0
85015,0
85016,-4
85017,-4
85018,-4
85019,0
85020,0
85021,-4
85022,-8
85023,0
85024,-4
85025,-16
85026,0
85027,-4
85028,-4
85029,-4
85030,10
85031,0
85032,-8
85033,-4
85034,0
85035,-4
85036,-4
85037,-4
85038,-4
85039,0
85040,-8
85041,-4
85042,-4
85043,0
85044,0
85045,0
85046,0
85047,-4
85048,-4
85049,2
85050,-4
85051,0
85052,0
85053,-8
85054,-4
85055,0
85056,0
85057,0
85058,0
85059,0
85060,0
85061,6
85062,0
85063,0
85064,0
85065,0
85066,0
85067,0
85068,0
85069,-4
85070,0
85071,0
85072,0
85073,0
85074,0
85075,0
85076,0
85077,0
85078,2
85079,0
85080,0
85081,0
85082,4
85083,4
85084,0
85085,-4
85086,0
85087,2
85088,2
85089,0
85090,2
85091,0
85092,-4
85093,0
85094,2
85095,6
85096,2
85097,6
85098,6
85099,2
85100,10
85101,0
85102,10
85103,0
85104,0
85105,-4
85106,0
85107,0
85108,2
85109,0
85110,0
85111,0
85112,2
85113,-8
85114,0
85115,0
85116,-4
85117,0
85118,0
85119,0
85120,-4
85121,0
85122,0
85123,-4
85124,-4
85125,-4
85126,-4
85127,-4
85128,-4
85129,-4
85130,0
85131,-4
85132,-4
85133,0
85134,0
85135,-6
85136,-4
85137,-14
85138,-4
85139,-8
85140,-4
85141,0
85142,-4
85143,0
85144,0
85145,0
85146,0
85147,0
85148,2
85149,0
85150,-4
85151,0
85152,0
85153,-4
85154,0
85155,0
85156,0
85157,0
85158,0
85159,0
85160,0
85161,0
85162,0
85163,0
85164,0
85165,0
85166,-4
85167,0
85168,0
85169,0
85170,6
85171,0
85172,2
85173,0
85174,0
85175,4
85176,-4
85177,-10
85178,-6
85179,2
85180,0
85181,4
85182,0
85183,0
85184,0
85185,2
85186,2
85187,0
85188,0
85189,10
85190,0
85191,-4
85192,0
85193,4
85194,2
85195,0
85196,0
85197,-4
85198,0
85199,-4
85200,0
85201,2
85202,0
85203,-8
85204,-4
85205,0
85206,0
85207,8
85208,0
85209,-4
85210,2
85211,0
85212,0
85213,2
85214,0
85215,-4
85216,0
85217,-4
85218,0
85219,-4
85220,-4
85221,0
85222,0
85223,-4
85224,-4
85225,0
85226,-4
85227,-8
85228,4
85229,-4
85230,-4
85231,-4
85232,0
85233,0
85234,-4
85235,-4
85236,4
85237,-4
85238,4
85239,-4
85240,-4
85241,0
85242,0
85243,-4
85244,6
85245,-4
85246,2
85247,0
85248,-6
85249,0
85250,-4
85251,-4
85252,4
85253,-4
85254,0
85255,-4
85256,0
85257,0
85258,18
85259,0
85260,0
85261,-4
85262,0
85263,0
85264,0
85265,0
85266,6
85267,2
85268,4
85269,0
85270,2
85271,0
85272,0
85273,-4
85274,4
85275,0
85276,6
85277,0
85278,0
85279,0
85280,0
85281,4
85282,0
85283,-6
85284,-4
85285,0
85286,14
85287,0
85288,-8
85289,0
85290,0
85291,-4
85292,0
85293,2
85294,-4
85295,-4
85296,-4
85297,0
85298,8
85299,-4
85300,2
85301,4
85302,0
85303,-4
85304,0
85305,-8
85306,-8
85307,-4
85308,0
85309,0
85310,10
85311,-8
85312,14
85313,0
85314,-4
85315,0
85316,0
85317,0
85318,0
85319,0
85320,-6
85321,0
85322,-4
85323,0
85324,-4
85325,0
85326,8
85327,-4
85328,0
85329,-4
85330,-4
85331,0
85332,-4
85333,-4
85334,2
85335,-4
85336,0
85337,-4
85338,-4
85339,0
85340,-4
85341,0
85342,-4
85343,0
85344,-4
85345,-4
85346,2
85347,0
85348,0
85349,0
85350,0
85351,0
85352,0
85353,-4
85354,0
85355,0
85356,0
85357,0
85358,-4
85359,-4
85360,-4
85361,0
85362,0
85363,0
85364,0
85365,2
85366,-4
85367,-4
85368,0
85369,0
85370,0
85371,0
85372,0
85373,0
85374,-4
85375,0
85376,0
85377,2
85378,0
85379,2
85380,-8
85381,2
85382,0
85383,0
85384,0
85385,0
85386,0
85387,0
85388,0
85389,4
85390,-4
85391,-4
85392,2
85393,0
85394,-4
85395,-4
85396,0
85397,-8
85398,4
85399,0
85400,6
85401,0
85402,-10
85403,0
85404,-4
85405,0
85406,-4
85407,0
85408,-4
85409,-4
85410,0
85411,0
85412,0
85413,0
85414,0
85415,-4
85416,0
85417,0
85418,0
85419,-4
85420,0
85421,0
85422,0
85423,0
85424,0
85425,-4
85426,-4
85427,-4
85428,0
85429,0
85430,-4
85431,-4
85432,0
85433,0
85434,-4
85435,0
85436,0
85437,10
85438,-4
85439,-8
85440,0
85441,0
85442,-4
85443,-4
85444,-4
85445,2
85446,0
85447,0
85448,0
85449,-4
85450,0
85451,-4
85452,0
85453,0
85454,-4
85455,0
85456,0
85457,0
85458,0
85459,0
85460,-4
85461,0
85462,6
85463,-4
85464,0
85465,0
85466,0
85467,0
85468,6
85469,0
85470,0
85471,0
85472,6
85473,-4
85474,-4
85475,2
85476,0
85477,0
85478,0
85479,0
85480,0
85481,0
85482,4
85483,0
85484,0
85485,6
85486,0
85487,0
85488,0
85489,8
85490,0
85491,0
85492,4
85493,0
85494,0
85495,0
85496,-6
85497,0
85498,2
85499,0
85500,0
85501,0
85502,0
85503,-4
85504,0
85505,0
85506,0
85507,0
85508,0
85509,0
85510,-4
85511,0
85512,0
85513,-4
85514,0
85515,-4
85516,-4
85517,-4
85518,-4
85519,-4
85520,0
85521,-4
85522,0
85523,0
85524,-4
85525,0
85526,-4
85527,0
85528,-4
85529,-4
85530,-4
85531,-4
85532,0
85533,-4
85534,0
85535,-4
85536,0
85537,-4
85538,-4
85539,0
85540,0
85541,0
85542,-4
85543,-4
85544,-4
85545,2
85546,0
85547,0
85548,-4
85549,0
85550,-4
85551,0
85552,-4
85553,0
85554,-4
85555,0
85556,0
85557,0
85558,2
85559,0
85560,4
85561,0
85562,4
85563,0
85564,0
85565,0
85566,0
85567,2
85568,0
85569,0
85570,0
85571,0
85572,0
85573,4
85574,0
85575,0
85576,0
85577,-4
85578,0
85579,0
85580,0
85581,4
85582,0
85583,6
85584,4
85585,0
85586,-8
85587,0
85588,-12
85589,0
85590,0
85591,0
85592,0
85593,0
85594,0
85595,8
85596,4
85597,0
85598,0
85599,0
85600,-4
85601,10
85602,2
85603,0
85604,6
85605,2
85606,0
85607,-8
85608,0
85609,2
85610,0
85611,0
85612,-4
85613,0
85614,0
85615,0
85616,0
85617,-4
85618,0
85619,0
85620,0
85621,-4
85622,0
85623,-4
85624,-4
85625,-4
85626,-4
85627,-4
85628,0
85629,-4
85630,-4
85631,0
85632,-4
85633,-4
85634,-4
85635,-4
85636,0
85637,0
85638,-4
85639,-4
85640,-4
85641,0
85642,-4
85643,-4
85644,0
85645,-4
85646,-8
85647,0
85648,0
85649,0
85650,-4
85651,0
85652,-4
85653,0
85654,0
85655,0
85656,-4
85657,0
85658,-4
85659,0
85660,-4
85661,0
85662,0
85663,0
85664,0
85665,0
85666,0
85667,0
85668,4
85669,0
85670,2
85671,0
85672,4
85673,-4
85674,0
85675,0
85676,0
85677,0
85678,2
85679,10
85680,2
85681,0
85682,4
85683,0
85684,0
85685,-4
85686,0
85687,4
85688,0
85689,0
85690,0
85691,0
85692,0
85693,6
85694,-4
85695,0
85696,0
85697,6
85698,0
85699,-4
85700,0
85701,0
85702,-4
85703,0
85704,0
85705,0
85706,0
85707,0
85708,0
85709,-4
85710,-4
85711,0
85712,-4
85713,0
85714,0
85715,0
85716,-4
85717,0
85718,0
85719,-4
85720,-4
85721,-4
85722,-4
85723,0
85724,-4
85725,0
85726,0
85727,-4
85728,-8
85729,-4
85730,0
85731,-4
85732,0
85733,0
85734,-4
85735,-4
85736,-4
85737,-6
85738,-4
85739,-8
85740,0
85741,-4
85742,-8
85743,0
85744,-4
85745,-4
85746,0
85747,0
85748,-4
85749,-4
85750,0
85751,-6
85752,-4
85753,0
85754,-4
85755,0
85756,0
85757,0
85758,0
85759,-4
85760,0
85761,0
85762,0
85763,0
85764,0
85765,0
85766,0
85767,0
85768,0
85769,0
85770,2
85771,0
85772,0
85773,4
85774,2
85775,2
85776,0
85777,4
85778,0
85779,0
85780,-8
85781,4
85782,-10
85783,0
85784,0
85785,18
85786,0
85787,4
85788,4
85789,10
85790,0
85791,4
85792,6
85793,-4
85794,-4
85795,0
85796,10
85797,-4
85798,0
85799,-4
85800,0
85801,0
85802,0
85803,0
85804,0
85805,0
85806,-4
85807,0
85808,6
85809,0
85810,0
85811,6
85812,8
85813,0
85814,0
85815,0
85816,6
85817,-4
85818,-4
85819,-4
85820,-4
85821,-4
85822,0
85823,0
85824,-4
85825,-4
85826,-4
85827,-4
85828,-4
85829,-4
85830,-4
85831,-4
85832,-4
85833,-4
85834,0
85835,0
85836,-4
85837,0
85838,0
85839,0
85840,0
85841,-4
85842,-4
85843,-4
85844,0
85845,0
85846,-4
85847,-4
85848,-16
85849,-4
85850,0
85851,0
85852,0
85853,-4
85854,0
85855,-4
85856,2
85857,-4
85858,0
85859,-4
85860,0
85861,2
85862,0
85863,6
85864,-4
85865,0
85866,-4
85867,0
85868,0
85869,0
85870,0
85871,2
85872,0
85873,0
85874,0
85875,0
85876,2
85877,0
85878,-4
85879,2
85880,-4
85881,2
85882,2
85883,0
85884,0
85885,0
85886,10
85887,2
85888,-8
85889,0
85890,0
85891,2
85892,-4
85893,0
85894,0
85895,-8
85896,4
85897,-4
85898,0
85899,0
85900,0
85901,-4
85902,0
85903,16
85904,-4
85905,0
85906,2
85907,0
85908,6
85909,0
85910,-4
85911,-4
85912,0
85913,0
85914,-4
85915,0
85916,-4
85917,-4
85918,-4
85919,-4
85920,-4
85921,-4
85922,-4
85923,-4
85924,-4
85925,0
85926,0
85927,-4
85928,-4
85929,-4
85930,-4
85931,-4
85932,0
85933,0
85934,-4
85935,0
85936,4
85937,0
85938,-4
85939,0
85940,-4
85941,-4
85942,-4
85943,-8
85944,0
85945,-4
85946,-4
85947,0
85948,-4
85949,-4
85950,0
85951,2
85952,-14
85953,0
85954,-4
85955,0
85956,0
85957,0
85958,0
85959,0
85960,14
85961,0
85962,-4
85963,0
85964,0
85965,0
85966,0
85967,4
85968,0
85969,0
85970,0
85971,0
85972,0
85973,4
85974,0
85975,0
85976,-4
85977,0
85978,2
85979,4
85980,0
85981,-8
85982,0
85983,-4
85984,6
85985,0
85986,0
85987,2
85988,0
85989,0
85990,-4
85991,0
85992,2
85993,0
85994,-4
85995,0
85996,0
85997,4
85998,-4
85999,0
86000,-4
86001,0
86002,4
86003,0
86004,0
86005,0
86006,-4
86007,0
86008,-4
86009,0
86010,0
86011,-4
86012,0
86013,0
86014,-4
86015,4
86016,0
86017,-4
86018,0
86019,0
86020,-4
86021,0
86022,-4
86023,-4
86024,-4
86025,-4
86026,0
86027,-4
86028,0
86029,-4
86030,0
86031,-8
86032,-4
86033,6
86034,-8
86035,0
86036,-4
86037,-4
86038,-4
86039,0
86040,0
86041,0
86042,-4
86043,-4
86044,-4
86045,-8
86046,-4
86047,-4
86048,6
86049,-4
86050,-4
86051,-4
86052,4
86053,0
86054,0
86055,0
86056,0
86057,-4
86058,0
86059,0
86060,0
86061,0
86062,-4
86063,2
86064,-16
86065,-4
86066,2
86067,0
86068,0
86069,-4
86070,0
86071,0
86072,0
86073,0
86074,2
86075,8
86076,0
86077,6
86078,2
86079,8
86080,0
86081,6
86082,14
86083,2
86084,0
86085,0
86086,0
86087,0
86088,2
86089,6
86090,2
86091,0
86092,6
86093,0
86094,4
86095,6
86096,2
86097,0
86098,-4
86099,-8
86100,0
86101,0
86102,0
86103,2
86104,0
86105,0
86106,0
86107,0
86108,0
86109,0
86110,4
86111,0
86112,0
86113,-4
86114,0
86115,0
86116,-4
86117,4
86118,10
86119,0
86120,-4
86121,-4
86122,-4
86123,-4
86124,-14
86125,6
86126,-4
86127,0
86128,0
86129,-4
86130,-4
86131,0
86132,0
86133,0
86134,-4
86135,-4
86136,-4
86137,-4
86138,-4
86139,0
86140,-4
86141,0
86142,0
86143,-4
86144,-8
86145,-4
86146,0
86147,-6
86148,-4
86149,0
86150,0
86151,0
86152,-4
86153,0
86154,0
86155,-4
86156,0
86157,-4
86158,0
86159,0
86160,0
86161,0
86162,0
86163,0
86164,0
86165,-4
86166,-4
86167,0
86168,0
86169,0
86170,0
86171,0
86172,0
86173,0
86174,0
86175,4
86176,0
86177,0
86178,0
86179,0
86180,0
86181,2
86182,2
86183,0
86184,0
86185,-4
86186,-4
86187,0
86188,0
86189,0
86190,0
86191,0
86192,0
86193,0
86194,0
86195,-14
86196,-4
86197,0
86198,0
86199,0
86200,0
86201,-4
86202,0
86203,10
86204,0
86205,0
86206,0
86207,0
86208,0
86209,0
86210,6
86211,-4
86212,0
86213,-4
86214,0
86215,0
86216,0
86217,-4
86218,-4
86219,0
86220,0
86221,-4
86222,-6
86223,-4
86224,-32
86225,-22
86226,0
86227,-16
86228,-4
86229,-4
86230,0
86231,-4
86232,2
86233,0
86234,-4
86235,-4
86236,14
86237,-4
86238,0
86239,-4
86240,0
86241,-4
86242,-4
86243,0
86244,-4
86245,-4
86246,-4
86247,0
86248,0
86249,-4
86250,0
86251,-4
86252,0
86253,0
86254,0
86255,0
86256,0
86257,0
86258,-4
86259,0
86260,0
86261,0
86262,-4
86263,0
86264,-4
86265,0
86266,-4
86267,0
86268,0
86269,0
86270,0
86271,0
86272,0
86273,-4
86274,0
86275,0
86276,-4
86277,0
86278,0
86279,-4
86280,0
86281,6
86282,2
86283,2
86284,-4
86285,0
86286,0
86287,-4
86288,0
86289,-4
86290,-4
86291,0
86292,0
86293,-4
86294,0
86295,0
86296,-4
86297,-4
86298,2
86299,0
86300,10
86301,2
86302,0
86303,2
86304,0
86305,-4
86306,0
86307,2
86308,6
86309,0
86310,-4
86311,0
86312,0
86313,0
86314,-4
86315,0
86316,0
86317,0
86318,-4
86319,0
86320,0
86321,-10
86322,-4
86323,-4
86324,0
86325,0
86326,-6
86327,0
86328,0
86329,0
86330,-4
86331,0
86332,0
86333,-4
86334,0
86335,0
86336,-4
86337,2
86338,-4
86339,0
86340,-4
86341,-4
86342,2
86343,-4
86344,0
86345,-8
86346,0
86347,0
86348,0
86349,6
86350,-4
86351,-4
86352,0
86353,-4
86354,0
86355,0
86356,0
86357,0
86358,0
86359,0
86360,0
86361,0
86362,0
86363,-4
86364,0
86365,0
86366,-4
86367,0
86368,0
86369,0
86370,2
86371,4
86372,0
86373,-8
86374,0
86375,0
86376,-8
86377,0
86378,0
86379,0
86380,-4
86381,4
86382,0
86383,8
86384,0
86385,0
86386,0
86387,6
86388,4
86389,-10
86390,0
86391,-4
86392,0
86393,0
86394,-4
86395,0
86396,-8
86397,0
86398,-4
86399,4
86400,0
86401,0
86402,0
86403,0
86404,-4
86405,0
86406,0
86407,4
86408,0
86409,-4
86410,0
86411,-4
86412,0
86413,0
86414,-4
86415,0
86416,0
86417,0
86418,-4
86419,0
86420,-4
86421,4
86422,-4
86423,0
86424,-4
86425,-4
86426,0
86427,-4
86428,0
86429,0
86430,-4
86431,-10
86432,-4
86433,2
86434,-4
86435,0
86436,-4
86437,-4
86438,-4
86439,-4
86440,-4
86441,0
86442,-4
86443,0
86444,-4
86445,0
86446,-4
86447,0
86448,0
86449,-4
86450,-4
86451,-4
86452,0
86453,0
86454,-4
86455,0
86456,0
86457,0
86458,0
86459,0
86460,0
86461,-14
86462,14
86463,0
86464,0
86465,0
86466,0
86467,2
86468,0
86469,0
86470,2
86471,-4
86472,2
86473,0
86474,0
86475,0
86476,4
86477,0
86478,0
86479,2
86480,0
86481,0
86482,0
86483,4
86484,0
86485,0
86486,0
86487,0
86488,6
86489,0
86490,0
86491,0
86492,0
86493,4
86494,-4
86495,-4
86496,0
86497,0
86498,-8
86499,0
86500,0
86501,-4
86502,0
86503,6
86504,0
86505,0
86506,0
86507,0
86508,2
86509,0
86510,0
86511,0
86512,0
86513,-4
86514,0
86515,0
86516,-4
86517,0
86518,0
86519,0
86520,0
86521,-4
86522,-4
86523,10
86524,-4
86525,-4
86526,-4
86527,-4
86528,0
86529,0
86530,0
86531,-4
86532,0
86533,-4
86534,0
86535,-4
86536,0
86537,0
86538,0
86539,-4
86540,-4
86541,-4
86542,0
86543,-4
86544,-4
86545,0
86546,0
86547,0
86548,-4
86549,0
86550,0
86551,-4
86552,-14
86553,0
86554,0
86555,-4
86556,2
86557,0
86558,0
86559,0
86560,0
86561,0
86562,0
86563,-4
86564,0
86565,0
86566,0
86567,0
86568,0
86569,0
86570,-4
86571,0
86572,0
86573,2
86574,0
86575,0
86576,0
86577,-8
86578,0
86579,14
86580,0
86581,0
86582,0
86583,0
86584,-4
86585,0
86586,0
86587,0
86588,4
86589,-4
86590,8
86591,0
86592,0
86593,-4
86594,0
86595,0
86596,4
86597,4
86598,0
86599,0
86600,-4
86601,2
86602,0
86603,0
86604,14
86605,-4
86606,0
86607,0
86608,-4
86609,-4
86610,-4
86611,0
86612,0
86613,0
86614,-4
86615,8
86616,6
86617,0
86618,-4
86619,-4
86620,0
86621,0
86622,-4
86623,-4
86624,-4
86625,0
86626,-4
86627,-4
86628,0
86629,-4
86630,-4
86631,-4
86632,-4
86633,-4
86634,-4
86635,0
86636,-4
86637,-4
86638,-4
86639,0
86640,-4
86641,0
86642,0
86643,0
86644,0
86645,0
86646,-4
86647,0
86648,2
86649,0
86650,0
86651,2
86652,0
86653,0
86654,0
86655,0
86656,0
86657,0
86658,0
86659,0
86660,2
86661,2
86662,0
86663,0
86664,0
86665,0
86666,-4
86667,6
86668,0
86669,0
86670,0
86671,2
86672,0
86673,4
86674,0
86675,2
86676,0
86677,2
86678,0
86679,2
86680,2
86681,2
86682,0
86683,0
86684,-4
86685,2
86686,4
86687,6
86688,0
86689,-8
86690,0
86691,0
86692,0
86693,4
86694,0
86695,2
86696,0
86697,0
86698,2
86699,-6
86700,-4
86701,-4
86702,-4
86703,0
86704,-4
86705,8
86706,4
86707,0
86708,0
86709,0
86710,0
86711,10
86712,0
86713,0
86714,0
86715,0
86716,-4
86717,-4
86718,0
86719,0
86720,0
86721,0
86722,0
86723,-4
86724,-4
86725,-4
86726,0
86727,-14
86728,-4
86729,-4
86730,-4
86731,-4
86732,-4
86733,-4
86734,-4
86735,0
86736,-4
86737,-4
86738,0
86739,0
86740,-4
86741,0
86742,-6
86743,-4
86744,0
86745,-4
86746,0
86747,0
86748,16
86749,0
86750,-4
86751,-6
86752,-4
86753,0
86754,0
86755,-4
86756,0
86757,0
86758,0
86759,-4
86760,0
86761,2
86762,0
86763,0
86764,0
86765,0
86766,0
86767,-6
86768,0
86769,0
86770,4
86771,2
86772,0
86773,0
86774,4
86775,6
86776,6
86777,0
86778,-4
86779,4
86780,-4
86781,-4
86782,0
86783,-4
86784,0
86785,0
86786,0
86787,2
86788,4
86789,0
86790,-4
86791,0
86792,10
86793,0
86794,0
86795,-8
86796,0
86797,2
86798,-4
86799,-4
86800,0
86801,0
86802,0
86803,0
86804,0
86805,0
86806,0
86807,0
86808,0
86809,0
86810,0
86811,0
86812,6
86813,0
86814,0
86815,0
86816,2
86817,0
86818,-4
86819,-4
86820,0
86821,0
86822,-4
86823,0
86824,-4
86825,-4
86826,0
86827,-4
86828,0
86829,-4
86830,-4
86831,0
86832,-4
86833,-4
86834,-4
86835,0
86836,-4
86837,-4
86838,-6
86839,-4
86840,0
86841,-4
86842,0
86843,-4
86844,-8
86845,-4
86846,-4
86847,6
86848,0
86849,0
86850,0
86851,0
86852,4
86853,0
86854,0
86855,2
86856,0
86857,0
86858,6
86859,0
86860,0
86861,0
86862,2
86863,0
86864,0
86865,0
86866,-4
86867,0
86868,0
86869,0
86870,0
86871,0
86872,2
86873,0
86874,2
86875,-8
86876,4
86877,-4
86878,0
86879,0
86880,0
86881,0
86882,0
86883,4
86884,4
86885,2
86886,-14
86887,0
86888,0
86889,0
86890,0
86891,0
86892,-6
86893,0
86894,-16
86895,0
86896,4
86897,-4
86898,-4
86899,-4
86900,0
86901,0
86902,0
86903,0
86904,0
86905,0
86906,0
86907,0
86908,-4
86909,0
86910,0
86911,0
86912,0
86913,0
86914,0
86915,0
86916,0
86917,-4
86918,-4
86919,-4
86920,0
86921,0
86922,-4
86923,-4
86924,0
86925,-6
86926,-6
86927,0
86928,-4
86929,-4
86930,0
86931,0
86932,-4
86933,-4
86934,-4
86935,0
86936,-4
86937,0
86938,-4
86939,-4
86940,-4
86941,0
86942,0
86943,0
86944,0
86945,0
86946,-4
86947,4
86948,0
86949,0
86950,0
86951,0
86952,-4
86953,0
86954,0
86955,0
86956,6
86957,0
86958,0
86959,4
86960,-4
86961,-4
86962,10
86963,0
86964,0
86965,0
86966,0
86967,2
86968,-18
86969,0
86970,0
86971,0
86972,6
86973,0
86974,2
86975,4
86976,14
86977,4
86978,0
86979,6
86980,0
86981,0
86982,10
86983,0
86984,0
86985,0
86986,0
86987,-8
86988,0
86989,-4
86990,0
86991,0
86992,0
86993,0
86994,0
86995,2
86996,-10
86997,0
86998,0
86999,-4
87000,0
87001,0
87002,6
87003,-4
87004,0
87005,6
87006,2
87007,0
87008,-8
87009,0
87010,4
87011,0
87012,0
87013,0
87014,0
87015,0
87016,0
87017,0
87018,-4
87019,-4
87020,0
87021,-4
87022,0
87023,0
87024,-4
87025,-4
87026,20
87027,0
87028,0
87029,-4
87030,0
87031,-4
87032,14
87033,-4
87034,0
87035,-4
87036,0
87037,-4
87038,0
87039,-20
87040,-4
87041,0
87042,-4
87043,-4
87044,0
87045,-4
87046,0
87047,-4
87048,0
87049,-4
87050,-4
87051,2
87052,0
87053,0
87054,0
87055,0
87056,0
87057,0
87058,0
87059,4
87060,0
87061,0
87062,0
87063,0
87064,-4
87065,0
87066,0
87067,0
87068,0
87069,0
87070,0
87071,0
87072,0
87073,2
87074,0
87075,0
87076,0
87077,0
87078,8
87079,-4
87080,2
87081,0
87082,4
87083,0
87084,0
87085,-8
87086,0
87087,0
87088,0
87089,0
87090,0
87091,0
87092,4
87093,0
87094,-4
87095,-12
87096,0
87097,0
87098,-12
87099,0
87100,2
87101,0
87102,-4
87103,0
87104,0
87105,-4
87106,-4
87107,10
87108,0
87109,0
87110,0
87111,-4
87112,0
87113,0
87114,0
87115,0
87116,-4
87117,0
87118,0
87119,0
87120,0
87121,-4
87122,0
87123,-4
87124,-4
87125,0
87126,-4
87127,0
87128,-8
87129,-4
87130,-4
87131,0
87132,0
87133,-4
87134,0
87135,-16
87136,0
87137,-4
87138,-4
87139,-4
87140,-4
87141,-4
87142,0
87143,-4
87144,0
87145,0
87146,-4
87147,0
87148,0
87149,0
87150,16
87151,-4
87152,-4
87153,0
87154,0
87155,-4
87156,0
87157,0
87158,0
87159,-4
87160,-4
87161,0
87162,0
87163,0
87164,0
87165,0
87166,0
87167,0
87168,0
87169,0
87170,0
87171,0
87172,4
87173,2
87174,4
87175,2
87176,0
87177,-4
87178,0
87179,0
87180,-4
87181,-4
87182,0
87183,-4
87184,0
87185,2
87186,-12
87187,0
87188,2
87189,0
87190,8
87191,4
87192,0
87193,-4
87194,-4
87195,-4
87196,0
87197,0
87198,0
87199,0
87200,0
87201,0
87202,0
87203,0
87204,0
87205,-4
87206,0
87207,0
87208,0
87209,-4
87210,-4
87211,-8
87212,0
87213,6
87214,-4
87215,-4
87216,0
87217,-4
87218,-4
87219,-4
87220,-4
87221,-4
87222,0
87223,-4
87224,0
87225,-4
87226,-4
87227,-4
87228,0
87229,-4
87230,-14
87231,-4
87232,-4
87233,4
87234,0
87235,-4
87236,6
87237,0
87238,-4
87239,-4
87240,-4
87241,-4
87242,-4
87243,-4
87244,-4
87245,0
87246,-4
87247,-4
87248,-4
87249,-10
87250,0
87251,0
87252,0
87253,0
87254,0
87255,2
87256,0
87257,0
87258,0
87259,-4
87260,0
87261,0
87262,-4
87263,0
87264,4
87265,-4
87266,0
87267,0
87268,0
87269,0
87270,0
87271,2
87272,0
87273,4
87274,4
87275,0
87276,0
87277,0
87278,2
87279,-4
87280,0
87281,0
87282,0
87283,2
87284,2
87285,0
87286,2
87287,0
87288,0
87289,0
87290,0
87291,0
87292,4
87293,-4
87294,0
87295,0
87296,2
87297,4
87298,0
87299,6
87300,0
87301,-4
87302,6
87303,0
87304,0
87305,-4
87306,0
87307,2
87308,0
87309,0
87310,0
87311,-4
87312,-4
87313,0
87314,0
87315,-8
87316,-4
87317,0
87318,0
87319,0
87320,0
87321,-4
87322,0
87323,-4
87324,-6
87325,0
87326,-4
87327,0
87328,-4
87329,-4
87330,0
87331,0
87332,-4
87333,-4
87334,0
87335,-4
87336,0
87337,-8
87338,0
87339,-4
87340,0
87341,0
87342,-4
87343,-4
87344,-4
87345,0
87346,0
87347,-4
87348,0
87349,0
87350,2
87351,-4
87352,0
87353,0
87354,0
87355,0
87356,0
87357,0
87358,0
87359,0
87360,0
87361,0
87362,4
87363,10
87364,0
87365,-4
87366,0
87367,6
87368,0
87369,0
87370,-4
87371,2
87372,2
87373,-4
87374,-4
87375,4
87376,0
87377,0
87378,-4
87379,0
87380,0
87381,2
87382,0
87383,0
87384,2
87385,10
87386,0
87387,0
87388,0
87389,0
87390,0
87391,2
87392,0
87393,0
87394,4
87395,6
87396,0
87397,0
87398,-4
87399,0
87400,0
87401,-4
87402,0
87403,0
87404,0
87405,-4
87406,0
87407,0
87408,6
87409,0
87410,-4
87411,-4
87412,0
87413,0
87414,0
87415,2
87416,-4
87417,-4
87418,-4
87419,0
87420,0
87421,0
87422,-4
87423,-4
87424,-4
87425,0
87426,-4
87427,-4
87428,-4
87429,-4
87430,-4
87431,0
87432,8
87433,-4
87434,0
87435,0
87436,0
87437,0
87438,4
87439,-4
87440,0
87441,0
87442,-4
87443,-4
87444,0
87445,-4
87446,-8
87447,-4
87448,-4
87449,0
87450,-14
87451,0
87452,-4
87453,-4
87454,8
87455,0
87456,-4
87457,0
87458,0
87459,0
87460,0
87461,0
87462,0
87463,0
87464,0
87465,0
87466,0
87467,10
87468,2
87469,0
87470,0
87471,0
87472,10
87473,0
87474,0
87475,6
87476,-4
87477,0
87478,6
87479,6
87480,0
87481,0
87482,4
87483,0
87484,0
87485,0
87486,10
87487,0
87488,2
87489,0
87490,-10
87491,0
87492,0
87493,6
87494,-4
87495,4
87496,0
87497,6
87498,0
87499,-4
87500,0
87501,0
87502,0
87503,0
87504,0
87505,0
87506,0
87507,0
87508,0
87509,2
87510,-4
87511,0
87512,0
87513,0
87514,0
87515,0
87516,0
87517,0
87518,-4
87519,0
87520,0
87521,0
87522,0
87523,-4
87524,-4
87525,-4
87526,-4
87527,-4
87528,0
87529,0
87530,-4
87531,0
87532,0
87533,-4
87534,-4
87535,0
87536,-4
87537,0
87538,-4
87539,-4
87540,0
87541,0
87542,-4
87543,-4
87544,0
87545,-6
87546,-4
87547,0
87548,-4
87549,0
87550,0
87551,0
87552,0
87553,0
87554,0
87555,-8
87556,0
87557,-4
87558,-4
87559,0
87560,0
87561,0
87562,0
87563,-4
87564,-4
87565,0
87566,0
87567,0
87568,0
87569,0
87570,0
87571,0
87572,0
87573,0
87574,0
87575,2
87576,-4
87577,0
87578,-8
87579,0
87580,6
87581,0
87582,4
87583,0
87584,0
87585,0
87586,0
87587,0
87588,0
87589,0
87590,0
87591,0
87592,-4
87593,10
87594,0
87595,6
87596,2
87597,0
87598,0
87599,0
87600,0
87601,0
87602,-4
87603,0
87604,4
87605,-4
87606,0
87607,0
87608,0
87609,2
87610,0
87611,-14
87612,0
87613,0
87614,-6
87615,0
87616,0
87617,0
87618,-8
87619,6
87620,-4
87621,0
87622,-4
87623,-4
87624,-4
87625,14
87626,-4
87627,-4
87628,-4
87629,6
87630,0
87631,-4
87632,-4
87633,14
87634,-4
87635,-4
87636,-4
87637,-4
87638,-4
87639,-10
87640,-4
87641,0
87642,0
87643,-4
87644,0
87645,0
87646,0
87647,-4
87648,-4
87649,2
87650,0
87651,-4
87652,0
87653,4
87654,0
87655,0
87656,0
87657,-4
87658,-4
87659,0
87660,0
87661,0
87662,0
87663,-4
87664,-4
87665,0
87666,0
87667,2
87668,0
87669,0
87670,-4
87671,2
87672,0
87673,0
87674,2
87675,0
87676,0
87677,4
87678,0
87679,4
87680,0
87681,0
87682,0
87683,0
87684,0
87685,0
87686,0
87687,0
87688,2
87689,0
87690,0
87691,-8
87692,0
87693,0
87694,-4
87695,-4
87696,0
87697,2
87698,-8
87699,0
87700,0
87701,0
87702,0
87703,0
87704,0
87705,8
87706,0
87707,0
87708,0
87709,0
87710,-4
87711,-4
87712,14
87713,-4
87714,0
87715,0
87716,0
87717,0
87718,0
87719,4
87720,-4
87721,0
87722,0
87723,-4
87724,-4
87725,-4
87726,-4
87727,-4
87728,-4
87729,0
87730,-4
87731,0
87732,-4
87733,-4
87734,-4
87735,-4
87736,-4
87737,-4
87738,0
87739,0
87740,0
87741,0
87742,0
87743,0
87744,-4
87745,-4
87746,-4
87747,0
87748,2
87749,0
87750,-8
87751,0
87752,0
87753,0
87754,6
87755,0
87756,0
87757,0
87758,0
87759,0
87760,0
87761,-8
87762,0
87763,0
87764,2
87765,-4
87766,0
87767,2
87768,4
87769,0
87770,0
87771,0
87772,0
87773,0
87774,6
87775,0
87776,0
87777,0
87778,0
87779,-4
87780,0
87781,0
87782,16
87783,0
87784,4
87785,-4
87786,0
87787,0
87788,10
87789,4
87790,0
87791,0
87792,0
87793,4
87794,10
87795,0
87796,0
87797,6
87798,-4
87799,0
87800,0
87801,8
87802,0
87803,-4
87804,0
87805,0
87806,-8
87807,-4
87808,0
87809,0
87810,0
87811,0
87812,0
87813,0
87814,0
87815,0
87816,0
87817,0
87818,4
87819,-4
87820,-4
87821,0
87822,0
87823,-4
87824,0
87825,-4
87826,-4
87827,-4
87828,0
87829,-4
87830,-4
87831,0
87832,-4
87833,0
87834,0
87835,-4
87836,0
87837,-4
87838,0
87839,-4
87840,-4
87841,-4
87842,-4
87843,-4
87844,0
87845,-4
87846,2
87847,0
87848,-4
87849,0
87850,-4
87851,0
87852,-4
87853,-4
87854,0
87855,0
87856,0
87857,0
87858,0
87859,0
87860,-4
87861,0
87862,4
87863,10
87864,0
87865,-4
87866,0
87867,-4
87868,0
87869,2
87870,-14
87871,4
87872,0
87873,0
87874,0
87875,0
87876,0
87877,0
87878,0
87879,0
87880,0
87881,4
87882,0
87883,-4
87884,0
87885,0
87886,0
87887,4
87888,0
87889,4
87890,0
87891,0
87892,0
87893,10
87894,0
87895,2
87896,-8
87897,0
87898,4
87899,-4
87900,-4
87901,0
87902,-4
87903,2
87904,0
87905,0
87906,0
87907,0
87908,0
87909,0
87910,-8
87911,-4
87912,0
87913,-4
87914,0
87915,-4
87916,-4
87917,0
87918,0
87919,4
87920,0
87921,-4
87922,-6
87923,0
87924,-16
87925,0
87926,-4
87927,0
87928,-4
87929,-4
87930,-4
87931,0
87932,-4
87933,0
87934,-4
87935,-4
87936,-4
87937,-4
87938,-4
87939,4
87940,-4
87941,-4
87942,6
87943,0
87944,-4
87945,-4
87946,-4
87947,2
87948,-6
87949,0
87950,0
87951,-4
87952,-4
87953,0
87954,-4
87955,0
87956,0
87957,0
87958,2
87959,0
87960,-4
87961,0
87962,0
87963,0
87964,0
87965,0
87966,0
87967,0
87968,0
87969,0
87970,0
87971,2
87972,4
87973,0
87974,0
87975,0
87976,0
87977,0
87978,0
87979,0
87980,0
87981,0
87982,0
87983,16
87984,0
87985,0
87986,0
87987,-4
87988,0
87989,0
87990,0
87991,2
87992,-4
87993,0
87994,6
87995,-4
87996,0
87997,-4
87998,-8
87999,-4
88000,0
88001,-4
88002,0
88003,0
88004,0
88005,2
88006,0
88007,0
88008,0
88009,-4
88010,-4
88011,-6
88012,0
88013,2
88014,-4
88015,0
88016,-4
88017,-4
88018,-4
88019,-4
88020,-4
88021,-4
88022,-4
88023,-4
88024,-4
88025,-4
88026,-4
88027,-4
88028,0
88029,-4
88030,-4
88031,-4
88032,0
88033,-4
88034,-6
88035,-4
88036,0
88037,0
88038,-4
88039,0
88040,-4
88041,4
88042,0
88043,0
88044,-18
88045,-4
88046,-4
88047,-14
88048,-4
88049,0
88050,4
88051,-4
88052,0
88053,0
88054,0
88055,0
88056,-4
88057,0
88058,0
88059,0
88060,-4
88061,0
88062,0
88063,-4
88064,0
88065,0
88066,0
88067,0
88068,0
88069,-4
88070,0
88071,0
88072,0
88073,0
88074,0
88075,0
88076,0
88077,0
88078,0
88079,-4
88080,6
88081,6
88082,0
88083,0
88084,0
88085,4
88086,0
88087,0
88088,10
88089,0
88090,2
88091,0
88092,0
88093,0
88094,-4
88095,0
88096,0
88097,6
88098,0
88099,0
88100,0
88101,0
88102,0
88103,0
88104,0
88105,-10
88106,0
88107,0
88108,0
88109,-8
88110,0
88111,6
88112,-4
88113,0
88114,0
88115,0
88116,0
88117,2
88118,0
88119,-4
88120,0
88121,0
88122,-4
88123,0
88124,-4
88125,-4
88126,0
88127,0
88128,2
88129,-4
88130,10
88131,0
88132,-4
88133,-4
88134,-4
88135,0
88136,-4
88137,-4
88138,0
88139,0
88140,8
88141,-4
88142,-4
88143,-4
88144,0
88145,-6
88146,0
88147,0
88148,-4
88149,0
88150,2
88151,0
88152,-4
88153,-4
88154,0
88155,0
88156,0
88157,0
88158,0
88159,-4
88160,-4
88161,-4
88162,0
88163,0
88164,0
88165,0
88166,0
88167,0
88168,0
88169,0
88170,0
88171,0
88172,0
88173,0
88174,0
88175,0
88176,-4
88177,2
88178,0
88179,0
88180,0
88181,0
88182,6
88183,0
88184,0
88185,0
88186,0
88187,-4
88188,0
88189,0
88190,0
88191,6
88192,0
88193,8
88194,0
88195,4
88196,-8
88197,4
88198,0
88199,6
88200,-4
88201,0
88202,-4
88203,0
88204,0
88205,0
88206,0
88207,-4
88208,0
88209,-4
88210,2
88211,-4
88212,0
88213,-4
88214,0
88215,0
88216,0
88217,0
88218,0
88219,0
88220,0
88221,0
88222,-6
88223,0
88224,-4
88225,-4
88226,-4
88227,-4
88228,-4
88229,-4
88230,0
88231,-4
88232,-4
88233,-4
88234,-4
88235,0
88236,-4
88237,-4
88238,-4
88239,0
88240,-4
88241,-4
88242,-22
88243,-4
88244,-4
88245,-16
88246,-4
88247,-4
88248,-8
88249,-4
88250,0
88251,0
88252,-4
88253,-4
88254,0
88255,-10
88256,-4
88257,0
88258,-4
88259,-4
88260,0
88261,-8
88262,0
88263,0
88264,0
88265,0
88266,0
88267,0
88268,0
88269,0
88270,0
88271,0
88272,0
88273,0
88274,0
88275,0
88276,0
88277,0
88278,0
88279,2
88280,0
88281,0
88282,0
88283,2
88284,2
88285,-4
88286,2
88287,-4
88288,2
88289,0
88290,0
88291,0
88292,2
88293,0
88294,0
88295,0
88296,-4
88297,6
88298,6
88299,0
88300,0
88301,0
88302,0
88303,0
88304,2
88305,0
88306,4
88307,0
88308,0
88309,0
88310,-4
88311,0
88312,0
88313,0
88314,0
88315,-4
88316,0
88317,0
88318,0
88319,-4
88320,-4
88321,0
88322,0
88323,-4
88324,-4
88325,0
88326,-4
88327,-4
88328,-4
88329,0
88330,-4
88331,-4
88332,0
88333,-4
88334,-4
88335,-4
88336,-4
88337,0
88338,0
88339,-4
88340,0
88341,-4
88342,-4
88343,-4
88344,0
88345,-4
88346,0
88347,-4
88348,-4
88349,0
88350,-4
88351,-4
88352,0
88353,0
88354,-4
88355,0
88356,0
88357,-8
88358,0
88359,0
88360,0
88361,0
88362,0
88363,6
88364,0
88365,0
88366,10
88367,-20
88368,-4
88369,0
88370,0
88371,0
88372,0
88373,2
88374,0
88375,-10
88376,0
88377,4
88378,0
88379,0
88380,0
88381,0
88382,2
88383,-10
88384,-4
88385,0
88386,0
88387,0
88388,8
88389,0
88390,4
88391,4
88392,0
88393,0
88394,2
88395,0
88396,0
88397,14
88398,0
88399,-4
88400,-4
88401,-4
88402,0
88403,0
88404,0
88405,0
88406,4
88407,0
88408,0
88409,-8
88410,0
88411,4
88412,0
88413,-4
88414,-4
88415,-4
88416,0
88417,0
88418,-4
88419,-4
88420,-4
88421,0
88422,-4
88423,-4
88424,-4
88425,0
88426,-4
88427,-4
88428,0
88429,0
88430,-4
88431,-4
88432,0
88433,0
88434,-4
88435,-4
88436,-4
88437,0
88438,6
88439,-4
88440,0
88441,0
88442,4
88443,0
88444,-4
88445,-4
88446,-4
88447,0
88448,-4
88449,0
88450,0
88451,0
88452,-14
88453,0
88454,0
88455,0
88456,-4
88457,0
88458,-4
88459,0
88460,0
88461,0
88462,-4
88463,0
88464,0
88465,0
88466,0
88467,0
88468,0
88469,0
88470,0
88471,0
88472,0
88473,0
88474,0
88475,2
88476,2
88477,0
88478,0
88479,0
88480,-4
88481,0
88482,4
88483,2
88484,0
88485,-12
88486,0
88487,0
88488,0
88489,2
88490,0
88491,2
88492,2
88493,0
88494,0
88495,0
88496,10
88497,0
88498,4
88499,6
88500,0
88501,2
88502,-4
88503,0
88504,0
88505,0
88506,0
88507,-4
88508,-14
88509,0
88510,-4
88511,-4
88512,-4
88513,0
88514,0
88515,-4
88516,0
88517,0
88518,0
88519,-4
88520,-4
88521,-4
88522,0
88523,0
88524,-4
88525,0
88526,-4
88527,0
88528,0
88529,-4
88530,-4
88531,0
88532,0
88533,0
88534,-4
88535,0
88536,10
88537,-4
88538,0
88539,0
88540,-4
88541,0
88542,-4
88543,0
88544,-4
88545,0
88546,-4
88547,6
88548,-4
88549,-4
88550,0
88551,0
88552,-4
88553,0
88554,-4
88555,0
88556,0
88557,0
88558,0
88559,0
88560,0
88561,0
88562,-4
88563,0
88564,-4
88565,0
88566,0
88567,0
88568,0
88569,0
88570,0
88571,0
88572,0
88573,0
88574,0
88575,0
88576,0
88577,0
88578,-4
88579,0
88580,0
88581,0
88582,8
88583,4
88584,10
88585,0
88586,0
88587,-8
88588,0
88589,6
88590,0
88591,6
88592,0
88593,0
88594,0
88595,-14
88596,0
88597,0
88598,2
88599,-4
88600,0
88601,-4
88602,0
88603,0
88604,0
88605,0
88606,0
88607,0
88608,0
88609,0
88610,0
88611,-4
88612,-4
88613,0
88614,-8
88615,-4
88616,0
88617,0
88618,4
88619,-4
88620,0
88621,-4
88622,-4
88623,-4
88624,0
88625,-4
88626,0
88627,0
88628,0
88629,-4
88630,-4
88631,10
88632,0
88633,-4
88634,-8
88635,-4
88636,-4
88637,0
88638,-4
88639,0
88640,0
88641,8
88642,-4
88643,-4
88644,-4
88645,0
88646,-4
88647,-4
88648,0
88649,-4
88650,0
88651,0
88652,0
88653,0
88654,0
88655,0
88656,-12
88657,-4
88658,0
88659,-10
88660,0
88661,-8
88662,0
88663,0
88664,2
88665,0
88666,0
88667,0
88668,0
88669,0
88670,0
88671,0
88672,0
88673,-4
88674,0
88675,0
88676,0
88677,2
88678,0
88679,0
88680,0
88681,2
88682,2
88683,0
88684,2
88685,0
88686,0
88687,2
88688,4
88689,2
88690,0
88691,0
88692,0
88693,6
88694,-14
88695,0
88696,0
88697,0
88698,4
88699,-4
88700,-4
88701,0
88702,4
88703,4
88704,0
88705,6
88706,-4
88707,0
88708,0
88709,0
88710,-4
88711,-4
88712,0
88713,0
88714,0
88715,0
88716,0
88717,0
88718,6
88719,0
88720,-4
88721,0
88722,-4
88723,-4
88724,0
88725,-4
88726,0
88727,0
88728,-4
88729,0
88730,0
88731,-4
88732,0
88733,-4
88734,0
88735,-4
88736,-4
88737,0
88738,6
88739,-4
88740,-4
88741,0
88742,0
88743,0
88744,-4
88745,-4
88746,-4
88747,-6
88748,0
88749,10
88750,0
88751,0
88752,-8
88753,0
88754,0
88755,-4
88756,0
88757,0
88758,0
88759,-4
88760,0
88761,0
88762,6
88763,0
88764,0
88765,0
88766,0
88767,0
88768,0
88769,0
88770,0
88771,0
88772,2
88773,0
88774,0
88775,0
88776,0
88777,0
88778,0
88779,0
88780,0
88781,0
88782,0
88783,10
88784,2
88785,4
88786,2
88787,0
88788,0
88789,0
88790,0
88791,0
88792,0
88793,0
88794,0
88795,4
88796,10
88797,0
88798,2
88799,-6
88800,0
88801,0
88802,0
88803,0
88804,0
88805,0
88806,-8
88807,0
88808,0
88809,-6
88810,2
88811,-4
88812,0
88813,0
88814,0
88815,0
88816,0
88817,-6
88818,0
88819,-4
88820,0
88821,-4
88822,0
88823,-4
88824,-4
88825,0
88826,-4
88827,-4
88828,0
88829,-4
88830,0
88831,-4
88832,0
88833,-6
88834,-4
88835,0
88836,0
88837,-4
88838,-4
88839,-6
88840,0
88841,0
88842,0
88843,-4
88844,-4
88845,-4
88846,2
88847,-4
88848,-4
88849,0
88850,0
88851,0
88852,-4
88853,0
88854,-4
88855,0
88856,0
88857,-4
88858,0
88859,0
88860,14
88861,-4
88862,0
88863,0
88864,-4
88865,0
88866,0
88867,0
88868,4
88869,0
88870,2
88871,-4
88872,0
88873,0
88874,-4
88875,0
88876,6
88877,0
88878,0
88879,0
88880,0
88881,0
88882,0
88883,0
88884,0
88885,0
88886,0
88887,-4
88888,-4
88889,8
88890,0
88891,-4
88892,0
88893,0
88894,-4
88895,10
88896,2
88897,0
88898,-4
88899,0
88900,0
88901,4
88902,0
88903,0
88904,6
88905,0
88906,0
88907,0
88908,0
88909,0
88910,0
88911,-4
88912,0
88913,0
88914,2
88915,0
88916,0
88917,0
88918,0
88919,0
88920,0
88921,0
88922,0
88923,0
88924,-4
88925,-4
88926,-4
88927,-4
88928,0
88929,-4
88930,-4
88931,-4
88932,-4
88933,0
88934,-4
88935,0
88936,0
88937,0
88938,-4
88939,-4
88940,-4
88941,-4
88942,-4
88943,0
88944,8
88945,-4
88946,-4
88947,-4
88948,0
88949,-4
88950,16
88951,0
88952,0
88953,0
88954,0
88955,0
88956,0
88957,-4
88958,0
88959,0
88960,-4
88961,0
88962,0
88963,0
88964,0
88965,0
88966,-4
88967,0
88968,-4
88969,-4
88970,0
88971,0
88972,0
88973,0
88974,-8
88975,0
88976,6
88977,0
88978,0
88979,4
88980,-4
88981,6
88982,0
88983,4
88984,-8
88985,2
88986,0
88987,2
88988,0
88989,0
88990,-4
88991,0
88992,4
88993,-4
88994,6
88995,0
88996,6
88997,-4
88998,-4
88999,0
89000,-4
89001,0
89002,2
89003,0
89004,0
89005,-8
89006,-4
89007,0
89008,0
89009,2
89010,0
89011,0
89012,-4
89013,0
89014,0
89015,2
89016,0
89017,0
89018,0
89019,-4
89020,0
89021,0
89022,0
89023,0
89024,-36
89025,0
89026,-16
89027,0
89028,-4
89029,2
89030,0
89031,-4
89032,-4
89033,-4
89034,-14
89035,0
89036,-4
89037,-4
89038,-4
89039,-4
89040,0
89041,-4
89042,-4
89043,-8
89044,-4
89045,0
89046,10
89047,-4
89048,-4
89049,6
89050,-4
89051,-4
89052,-4
89053,0
89054,0
89055,-4
89056,0
89057,0
89058,-4
89059,0
89060,-4
89061,0
89062,0
89063,0
89064,-4
89065,0
89066,0
89067,-4
89068,10
89069,-4
89070,2
89071,0
89072,0
89073,0
89074,6
89075,0
89076,2
89077,6
89078,0
89079,0
89080,4
89081,0
89082,4
89083,0
89084,0
89085,0
89086,0
89087,2
89088,0
89089,0
89090,0
89091,4
89092,6
89093,10
89094,0
89095,0
89096,-4
89097,0
89098,0
89099,6
89100,0
89101,0
89102,6
89103,0
89104,0
89105,0
89106,6
89107,0
89108,0
89109,0
89110,0
89111,0
89112,0
89113,10
89114,-8
89115,0
89116,0
89117,2
89118,0
89119,0
89120,-8
89121,-4
89122,-4
89123,32
89124,-4
89125,-4
89126,0
89127,0
89128,0
89129,-4
89130,-4
89131,-4
89132,0
89133,-4
89134,0
89135,-4
89136,0
89137,0
89138,-4
89139,-4
89140,0
89141,0
89142,-10
89143,-4
89144,0
89145,0
89146,0
89147,0
89148,-4
89149,0
89150,0
89151,0
89152,0
89153,0
89154,0
89155,-4
89156,-4
89157,0
89158,0
89159,-4
89160,0
89161,0
89162,4
89163,0
89164,-4
89165,-4
89166,0
89167,0
89168,0
89169,0
89170,0
89171,0
89172,4
89173,0
89174,0
89175,4
89176,0
89177,0
89178,6
89179,0
89180,2
89181,-4
89182,0
89183,0
89184,0
89185,0
89186,0
89187,4
89188,0
89189,-8
89190,0
89191,0
89192,0
89193,0
89194,0
89195,-14
89196,-4
89197,2
89198,6
89199,0
89200,0
89201,2
89202,0
89203,0
89204,-8
89205,0
89206,0
89207,-4
89208,4
89209,8
89210,0
89211,0
89212,0
89213,0
89214,0
89215,0
89216,-4
89217,0
89218,0
89219,-4
89220,0
89221,0
89222,-4
89223,-4
89224,-4
89225,-4
89226,0
89227,-4
89228,4
89229,-4
89230,0
89231,0
89232,-4
89233,-4
89234,-4
89235,0
89236,-4
89237,4
89238,0
89239,-4
89240,0
89241,-16
89242,0
89243,-4
89244,-18
89245,-4
89246,-4
89247,-4
89248,-4
89249,-4
89250,14
89251,0
89252,0
89253,6
89254,0
89255,0
89256,-4
89257,4
89258,0
89259,0
89260,0
89261,0
89262,-4
89263,6
89264,0
89265,0
89266,4
89267,0
89268,0
89269,0
89270,0
89271,0
89272,0
89273,0
89274,0
89275,0
89276,0
89277,0
89278,0
89279,0
89280,0
89281,0
89282,0
89283,0
89284,4
89285,0
89286,0
89287,0
89288,0
89289,0
89290,6
89291,0
89292,2
89293,0
89294,10
89295,4
89296,2
89297,-4
89298,0
89299,4
89300,-4
89301,0
89302,0
89303,6
89304,-4
89305,-10
89306,0
89307,0
89308,0
89309,-4
89310,0
89311,0
89312,0
89313,0
89314,0
89315,0
89316,-10
89317,0
89318,0
89319,-4
89320,0
89321,0
89322,0
89323,0
89324,-4
89325,14
89326,-4
89327,0
89328,-4
89329,-4
89330,0
89331,-4
89332,-4
89333,-4
89334,-4
89335,-4
89336,0
89337,0
89338,2
89339,0
89340,-4
89341,0
89342,0
89343,-8
89344,-4
89345,0
89346,-14
89347,0
89348,0
89349,0
89350,-4
89351,0
89352,0
89353,-4
89354,-4
89355,0
89356,0
89357,0
89358,0
89359,-4
89360,0
89361,0
89362,0
89363,0
89364,-6
89365,-4
89366,0
89367,0
89368,0
89369,4
89370,0
89371,0
89372,0
89373,6
89374,2
89375,0
89376,0
89377,0
89378,0
89379,0
89380,0
89381,4
89382,0
89383,4
89384,-4
89385,2
89386,0
89387,0
89388,-8
89389,0
89390,8
89391,4
89392,-4
89393,-8
89394,0
89395,2
89396,6
89397,0
89398,0
89399,0
89400,6
89401,0
89402,-4
89403,14
89404,0
89405,0
89406,0
89407,0
89408,0
89409,0
89410,0
89411,0
89412,0
89413,-4
89414,0
89415,-4
89416,-8
89417,0
89418,-4
89419,-4
89420,0
89421,0
89422,-4
89423,0
89424,0
89425,-4
89426,-4
89427,-4
89428,-4
89429,-4
89430,0
89431,-4
89432,0
89433,-4
89434,-10
89435,-4
89436,0
89437,-4
89438,0
89439,-4
89440,-4
89441,-4
89442,-18
89443,0
89444,-4
89445,4
89446,-4
89447,0
89448,-14
89449,-4
89450,0
89451,0
89452,-4
89453,0
89454,-4
89455,-4
89456,0
89457,0
89458,2
89459,0
89460,-4
89461,0
89462,0
89463,-4
89464,0
89465,0
89466,2
89467,-4
89468,0
89469,4
89470,0
89471,0
89472,0
89473,0
89474,0
89475,0
89476,0
89477,0
89478,0
89479,-4
89480,2
89481,0
89482,6
89483,0
89484,4
89485,0
89486,0
89487,0
89488,0
89489,-4
89490,2
89491,-4
89492,4
89493,4
89494,-4
89495,16
89496,0
89497,0
89498,-4
89499,-4
89500,-4
89501,0
89502,-4
89503,0
89504,-8
89505,0
89506,0
89507,6
89508,0
89509,0
89510,0
89511,-4
89512,0
89513,0
89514,-4
89515,6
89516,0
89517,0
89518,0
89519,0
89520,0
89521,0
89522,0
89523,-4
89524,0
89525,-4
89526,0
89527,-4
89528,-4
89529,-4
89530,0
89531,-14
89532,-4
89533,0
89534,-4
89535,-4
89536,6
89537,0
89538,0
89539,-18
89540,-4
89541,8
89542,-4
89543,0
89544,-14
89545,-4
89546,-4
89547,0
89548,-4
89549,-4
89550,-4
89551,0
89552,0
89553,10
89554,-4
89555,0
89556,0
89557,0
89558,0
89559,0
89560,0
89561,0
89562,0
89563,4
89564,0
89565,0
89566,2
89567,0
89568,0
89569,0
89570,0
89571,8
89572,0
89573,6
89574,0
89575,0
89576,6
89577,6
89578,0
89579,0
89580,0
89581,0
89582,0
89583,-6
89584,6
89585,2
89586,0
89587,14
89588,0
89589,0
89590,0
89591,0
89592,2
89593,0
89594,-10
89595,0
89596,0
89597,6
89598,2
89599,0
89600,0
89601,0
89602,-4
89603,4
89604,0
89605,-4
89606,2
89607,0
89608,0
89609,0
89610,0
89611,-4
89612,0
89613,0
89614,2
89615,0
89616,0
89617,0
89618,0
89619,-4
89620,-4
89621,-4
89622,-4
89623,0
89624,-4
89625,-4
89626,-4
89627,0
89628,-4
89629,-4
89630,0
89631,-4
89632,0
89633,-4
89634,0
89635,-8
89636,0
89637,-4
89638,0
89639,-4
89640,0
89641,0
89642,-4
89643,-18
89644,-4
89645,-4
89646,0
89647,0
89648,0
89649,-16
89650,2
89651,2
89652,0
89653,-4
89654,0
89655,0
89656,0
89657,-4
89658,0
89659,0
89660,-4
89661,0
89662,2
89663,0
89664,-4
89665,0
89666,0
89667,0
89668,4
89669,0
89670,0
89671,0
89672,0
89673,4
89674,0
89675,0
89676,0
89677,0
89678,-4
89679,0
89680,0
89681,0
89682,4
89683,0
89684,4
89685,0
89686,0
89687,0
89688,16
89689,0
89690,0
89691,0
89692,0
89693,0
89694,0
89695,6
89696,10
89697,0
89698,0
89699,-6
89700,-4
89701,0
89702,-6
89703,0
89704,2
89705,0
89706,2
89707,0
89708,0
89709,0
89710,0
89711,0
89712,-4
89713,-4
89714,0
89715,0
89716,0
89717,0
89718,0
89719,-4
89720,0
89721,-4
89722,-4
89723,-4
89724,-4
89725,-4
89726,-4
89727,0
89728,-4
89729,0
89730,-4
89731,0
89732,0
89733,-4
89734,-4
89735,-4
89736,0
89737,-4
89738,-4
89739,-4
89740,0
89741,0
89742,-4
89743,-4
89744,-4
89745,0
89746,-4
89747,0
89748,0
89749,-4
89750,2
89751,6
89752,-4
89753,0
89754,0
89755,4
89756,0
89757,0
89758,0
89759,-4
89760,-4
89761,0
89762,0
89763,0
89764,0
89765,0
89766,0
89767,-4
89768,0
89769,0
89770,0
89771,0
89772,4
89773,0
89774,-4
89775,0
89776,0
89777,4
89778,0
89779,0
89780,0
89781,4
89782,0
89783,0
89784,6
89785,0
89786,0
89787,0
89788,0
89789,-10
89790,2
89791,0
89792,0
89793,0
89794,0
89795,0
89796,0
89797,4
89798,0
89799,0
89800,0
89801,0
89802,0
89803,0
89804,6
89805,0
89806,0
89807,0
89808,0
89809,-4
89810,-4
89811,0
89812,0
89813,-4
89814,0
89815,0
89816,0
89817,0
89818,0
89819,0
89820,0
89821,-4
89822,-4
89823,0
89824,0
89825,0
89826,-4
89827,0
89828,-8
89829,-4
89830,0
89831,0
89832,0
89833,-4
89834,6
89835,-4
89836,0
89837,-4
89838,-4
89839,16
89840,0
89841,18
89842,-4
89843,0
89844,-14
89845,0
89846,-4
89847,0
89848,0
89849,-4
89850,-6
89851,0
89852,0
89853,0
89854,0
89855,-10
89856,0
89857,0
89858,-4
89859,0
89860,-4
89861,0
89862,0
89863,0
89864,0
89865,0
89866,0
89867,-4
89868,0
89869,0
89870,0
89871,0
89872,0
89873,0
89874,2
89875,0
89876,0
89877,0
89878,0
89879,0
89880,4
89881,8
89882,0
89883,0
89884,0
89885,0
89886,10
89887,-6
89888,0
89889,0
89890,0
89891,0
89892,0
89893,4
89894,-6
89895,0
89896,0
89897,2
89898,0
89899,6
89900,0
89901,0
89902,2
89903,-4
89904,0
89905,0
89906,0
89907,0
89908,-4
89909,-4
89910,0
89911,-4
89912,6
89913,2
89914,-4
89915,-4
89916,8
89917,0
89918,4
89919,0
89920,-4
89921,-4
89922,-4
89923,-4
89924,0
89925,0
89926,0
89927,0
89928,0
89929,0
89930,4
89931,0
89932,0
89933,-4
89934,-4
89935,0
89936,14
89937,-12
89938,0
89939,0
89940,0
89941,0
89942,0
89943,6
89944,-4
89945,0
89946,18
89947,-4
89948,-4
89949,-14
89950,0
89951,0
89952,6
89953,-4
89954,-4
89955,0
89956,0
89957,0
89958,-4
89959,0
89960,0
89961,0
89962,0
89963,0
89964,-4
89965,-4
89966,0
89967,0
89968,0
89969,0
89970,-4
89971,0
89972,2
89973,0
89974,0
89975,0
89976,2
89977,0
89978,0
89979,4
89980,2
89981,0
89982,4
89983,0
89984,2
89985,0
89986,0
89987,0
89988,0
89989,0
89990,10
89991,0
89992,0
89993,0
89994,0
89995,4
89996,-10
89997,2
89998,0
89999,6
90000,4
90001,2
90002,2
90003,-16
90004,0
90005,-4
90006,2
90007,-4
90008,0
90009,2
90010,0
90011,0
90012,0
90013,6
90014,0
90015,0
90016,0
90017,0
90018,4
90019,0
90020,0
90021,0
90022,0
90023,0
90024,-4
90025,0
90026,0
90027,0
90028,0
90029,0
90030,-4
90031,-4
90032,-14
90033,-4
90034,-4
90035,2
90036,0
90037,0
90038,-4
90039,-4
90040,-4
90041,-4
90042,0
90043,0
90044,0
90045,-4
90046,-4
90047,-4
90048,-14
90049,-4
90050,0
90051,-4
90052,0
90053,0
90054,8
90055,0
90056,0
90057,0
90058,0
90059,0
90060,-14
90061,-4
90062,14
90063,0
90064,0
90065,0
90066,-4
90067,0
90068,0
90069,0
90070,0
90071,0
90072,4
90073,0
90074,0
90075,0
90076,4
90077,0
90078,4
90079,0
90080,0
90081,2
90082,0
90083,-8
90084,4
90085,2
90086,0
90087,0
90088,0
90089,-4
90090,0
90091,-4
90092,0
90093,2
90094,0
90095,-10
90096,0
90097,0
90098,0
90099,0
90100,0
90101,4
90102,-6
90103,0
90104,0
90105,0
90106,-8
90107,0
90108,0
90109,0
90110,0
90111,0
90112,0
90113,0
90114,10
90115,-4
90116,0
90117,0
90118,0
90119,-8
90120,0
90121,-4
90122,0
90123,-4
90124,0
90125,-4
90126,-4
90127,0
90128,0
90129,0
90130,0
90131,-4
90132,-4
90133,-14
90134,0
90135,0
90136,-4
90137,0
90138,0
90139,0
90140,0
90141,6
90142,0
90143,0
90144,-4
90145,0
90146,-4
90147,-4
90148,0
90149,-4
90150,-4
90151,0
90152,-4
90153,-4
90154,0
90155,6
90156,0
90157,-4
90158,0
90159,0
90160,0
90161,-4
90162,0
90163,0
90164,-4
90165,-4
90166,0
90167,0
90168,0
90169,-4
90170,2
90171,0
90172,4
90173,2
90174,0
90175,0
90176,0
90177,-8
90178,-4
90179,2
90180,-4
90181,-4
90182,0
90183,0
90184,0
90185,2
90186,0
90187,0
90188,-4
90189,0
90190,10
90191,0
90192,-4
90193,2
90194,-4
90195,0
90196,-8
90197,-4
90198,0
90199,-8
90200,-4
90201,0
90202,0
90203,8
90204,0
90205,-14
90206,0
90207,0
90208,0
90209,0
90210,0
90211,0
90212,0
90213,0
90214,0
90215,0
90216,2
90217,0
90218,0
90219,0
90220,0
90221,-4
90222,0
90223,0
90224,-4
90225,-4
90226,-4
90227,0
90228,4
90229,0
90230,0
90231,-4
90232,0
90233,0
90234,-4
90235,-4
90236,-4
90237,-4
90238,-4
90239,-4
90240,0
90241,-4
90242,0
90243,-4
90244,-6
90245,0
90246,-4
90247,0
90248,0
90249,0
90250,4
90251,0
90252,-4
90253,2
90254,0
90255,-4
90256,0
90257,0
90258,0
90259,0
90260,-4
90261,0
90262,-4
90263,2
90264,0
90265,-4
90266,10
90267,-4
90268,-4
90269,-4
90270,0
90271,2
90272,0
90273,0
90274,-4
90275,2
90276,0
90277,4
90278,0
90279,0
90280,0
90281,0
90282,0
90283,0
90284,4
90285,0
90286,8
90287,2
90288,0
90289,0
90290,-14
90291,4
90292,6
90293,0
90294,0
90295,6
90296,0
90297,0
90298,-4
90299,0
90300,6
90301,-4
90302,-8
90303,0
90304,6
90305,-4
90306,2
90307,0
90308,0
90309,0
90310,-4
90311,0
90312,0
90313,0
90314,-8
90315,0
90316,0
90317,0
90318,-4
90319,0
90320,0
90321,-4
90322,-4
90323,-4
90324,-4
90325,0
90326,-8
90327,-4
90328,0
90329,-4
90330,-4
90331,-4
90332,0
90333,-4
90334,-4
90335,0
90336,-4
90337,-4
90338,0
90339,-4
90340,-4
90341,0
90342,-4
90343,-4
90344,-4
90345,-4
90346,2
90347,0
90348,0
90349,0
90350,0
90351,-4
90352,-8
90353,-4
90354,0
90355,-4
90356,2
90357,-4
90358,-4
90359,0
90360,0
90361,0
90362,0
90363,-4
90364,0
90365,0
90366,0
90367,2
90368,0
90369,-4
90370,2
90371,2
90372,0
90373,4
90374,0
90375,6
90376,0
90377,6
90378,8
90379,0
90380,6
90381,-8
90382,0
90383,0
90384,0
90385,14
90386,0
90387,0
90388,2
90389,6
90390,0
90391,2
90392,2
90393,0
90394,2
90395,0
90396,2
90397,2
90398,-4
90399,0
90400,0
90401,0
90402,2
90403,0
90404,10
90405,0
90406,6
90407,0
90408,0
90409,0
90410,0
90411,0
90412,0
90413,-4
90414,-6
90415,0
90416,0
90417,0
90418,0
90419,0
90420,0
90421,0
90422,0
90423,-4
90424,-4
90425,0
90426,-4
90427,-4
90428,-4
90429,-4
90430,0
90431,-4
90432,-4
90433,-4
90434,-4
90435,-4
90436,-4
90437,-4
90438,0
90439,0
90440,0
90441,-4
90442,0
90443,-4
90444,-4
90445,-4
90446,0
90447,0
90448,0
90449,-4
90450,0
90451,0
90452,0
90453,2
90454,0
90455,-4
90456,0
90457,0
90458,0
90459,0
90460,0
90461,-4
90462,0
90463,4
90464,0
90465,0
90466,0
90467,-4
90468,0
90469,0
90470,4
90471,2
90472,0
90473,0
90474,0
90475,6
90476,0
90477,0
90478,-4
90479,0
90480,6
90481,0
90482,0
90483,0
90484,2
90485,2
90486,2
90487,0
90488,0
90489,10
90490,0
90491,4
90492,0
90493,0
90494,0
90495,0
90496,2
90497,0
90498,0
90499,0
90500,0
90501,-6
90502,0
90503,0
90504,8
90505,0
90506,-4
90507,0
90508,0
90509,0
90510,0
90511,-6
90512,2
90513,8
90514,0
90515,-4
90516,4
90517,0
90518,0
90519,-4
90520,0
90521,0
90522,-4
90523,0
90524,2
90525,-4
90526,-4
90527,0
90528,0
90529,-4
90530,0
90531,-4
90532,-4
90533,-4
90534,-4
90535,0
90536,0
90537,-4
90538,0
90539,-4
90540,-4
90541,-4
90542,-4
90543,0
90544,0
90545,0
90546,-4
90547,0
90548,0
90549,-4
90550,-4
90551,0
90552,8
90553,0
90554,-4
90555,-4
90556,-4
90557,0
90558,0
90559,-4
90560,-4
90561,0
90562,0
90563,14
90564,-4
90565,0
90566,-4
90567,0
90568,2
90569,-4
90570,0
90571,0
90572,0
90573,2
90574,0
90575,2
90576,6
90577,0
90578,0
90579,0
90580,0
90581,0
90582,0
90583,0
90584,0
90585,0
90586,0
90587,2
90588,10
90589,0
90590,0
90591,0
90592,-8
90593,2
90594,0
90595,2
90596,0
90597,0
90598,-4
90599,-4
90600,0
90601,0
90602,0
90603,-4
90604,0
90605,0
90606,0
90607,0
90608,0
90609,0
90610,0
90611,0
90612,0
90613,-4
90614,0
90615,0
90616,-4
90617,4
90618,0
90619,0
90620,0
90621,-4
90622,0
90623,0
90624,0
90625,-4
90626,18
90627,0
90628,-4
90629,-4
90630,-4
90631,0
90632,-4
90633,0
90634,-4
90635,0
90636,-4
90637,0
90638,0
90639,-4
90640,0
90641,-4
90642,0
90643,0
90644,-6
90645,-4
90646,0
90647,0
90648,0
90649,0
90650,-4
90651,-4
90652,0
90653,-4
90654,0
90655,0
90656,0
90657,0
90658,0
90659,0
90660,-4
90661,0
90662,2
90663,0
90664,4
90665,6
90666,0
90667,0
90668,0
90669,0
90670,0
90671,0
90672,0
90673,0
90674,0
90675,0
90676,0
90677,0
90678,0
90679,0
90680,2
90681,4
90682,0
90683,0
90684,0
90685,6
90686,0
90687,0
90688,0
90689,0
90690,0
90691,0
90692,0
90693,0
90694,0
90695,-4
90696,0
90697,0
90698,6
90699,0
90700,6
90701,2
90702,0
90703,0
90704,4
90705,0
90706,0
90707,0
90708,0
90709,0
90710,0
90711,0
90712,-10
90713,0
90714,0
90715,0
90716,0
90717,-4
90718,0
90719,0
90720,-4
90721,0
90722,0
90723,0
90724,6
90725,0
90726,30
90727,-4
90728,0
90729,-4
90730,0
90731,-4
90732,0
90733,-4
90734,0
90735,-4
90736,-4
90737,-4
90738,-4
90739,-4
90740,-4
90741,-4
90742,0
90743,-4
90744,14
90745,0
90746,0
90747,10
90748,4
90749,0
90750,-6
90751,0
90752,0
90753,-4
90754,0
90755,0
90756,-4
90757,0
90758,0
90759,0
90760,0
90761,0
90762,2
90763,0
90764,0
90765,-4
90766,0
90767,0
90768,0
90769,-4
90770,0
90771,0
90772,0
90773,2
90774,10
90775,0
90776,0
90777,0
90778,0
90779,0
90780,-4
90781,-8
90782,0
90783,0
90784,0
90785,6
90786,0
90787,0
90788,0
90789,6
90790,0
90791,8
90792,0
90793,0
90794,-8
90795,0
90796,6
90797,10
90798,0
90799,0
90800,-4
90801,0
90802,4
90803,0
90804,-4
90805,-4
90806,2
90807,0
90808,0
90809,0
90810,0
90811,0
90812,0
90813,-4
90814,-4
90815,-4
90816,0
90817,2
90818,0
90819,-4
90820,0
90821,-4
90822,0
90823,0
90824,-4
90825,-4
90826,0
90827,0
90828,-4
90829,-4
90830,0
90831,-4
90832,0
90833,-4
90834,-4
90835,-14
90836,-4
90837,-4
90838,0
90839,-4
90840,0
90841,0
90842,-4
90843,0
90844,0
90845,0
90846,0
90847,-4
90848,4
90849,0
90850,0
90851,0
90852,-8
90853,0
90854,0
90855,0
90856,-4
90857,0
90858,-4
90859,0
90860,0
90861,-4
90862,0
90863,0
90864,-4
90865,0
90866,0
90867,-6
90868,0
90869,0
90870,0
90871,2
90872,0
90873,0
90874,0
90875,0
90876,2
90877,0
90878,-4
90879,6
90880,2
90881,0
90882,0
90883,10
90884,-4
90885,0
90886,0
90887,-8
90888,0
90889,2
90890,-8
90891,0
90892,10
90893,0
90894,0
90895,4
90896,0
90897,0
90898,0
90899,0
90900,0
90901,-4
90902,6
90903,-4
90904,0
90905,-6
90906,0
90907,0
90908,8
90909,2
90910,4
90911,0
90912,0
90913,-4
90914,2
90915,-4
90916,-4
90917,0
90918,-4
90919,0
90920,-4
90921,-4
90922,0
90923,-4
90924,0
90925,0
90926,0
90927,0
90928,-4
90929,-4
90930,6
90931,0
90932,-4
90933,-4
90934,-4
90935,0
90936,0
90937,-4
90938,-4
90939,-4
90940,-4
90941,-4
90942,-16
90943,-4
90944,0
90945,8
90946,-4
90947,0
90948,-4
90949,0
90950,-4
90951,-4
90952,0
90953,0
90954,6
90955,-4
90956,-4
90957,-4
90958,0
90959,0
90960,0
90961,0
90962,0
90963,0
90964,0
90965,0
90966,0
90967,6
90968,0
90969,0
90970,0
90971,0
90972,0
90973,0
90974,0
90975,0
90976,0
90977,0
90978,0
90979,0
90980,0
90981,0
90982,0
90983,0
90984,0
90985,4
90986,0
90987,0
90988,10
90989,0
90990,0
90991,4
90992,0
90993,0
90994,0
90995,10
90996,2
90997,0
90998,4
90999,-4
91000,0
91001,0
91002,-8
91003,0
91004,4
91005,0
91006,0
91007,0
91008,0
91009,-10
91010,6
91011,0
91012,0
91013,0
91014,6
91015,-8
91016,-8
91017,0
91018,0
91019,0
91020,0
91021,0
91022,0
91023,0
91024,-4
91025,0
91026,-4
91027,-4
91028,0
91029,0
91030,-4
91031,2
91032,0
91033,0
91034,-4
91035,-4
91036,-4
91037,-4
91038,-4
91039,-4
91040,0
91041,2
91042,0
91043,0
91044,-4
91045,-4
91046,0
91047,-4
91048,-4
91049,-4
91050,0
91051,0
91052,2
91053,-4
91054,0
91055,0
91056,-4
91057,0
91058,-4
91059,4
91060,2
91061,0
91062,0
91063,-4
91064,4
91065,0
91066,14
91067,0
91068,6
91069,-4
91070,0
91071,2
91072,0
91073,0
91074,0
91075,4
91076,0
91077,0
91078,0
91079,-8
91080,0
91081,0
91082,0
91083,0
91084,0
91085,0
91086,4
91087,0
91088,0
91089,0
91090,-4
91091,0
91092,0
91093,6
91094,0
91095,4
91096,0
91097,0
91098,0
91099,2
91100,-8
91101,-4
91102,2
91103,-6
91104,0
91105,0
91106,0
91107,-8
91108,0
91109,0
91110,0
91111,0
91112,2
91113,0
91114,0
91115,0
91116,-4
91117,0
91118,0
91119,0
91120,-4
91121,0
91122,0
91123,0
91124,-4
91125,0
91126,-4
91127,8
91128,-4
91129,-6
91130,0
91131,0
91132,-4
91133,-4
91134,-4
91135,0
91136,-4
91137,-4
91138,-4
91139,0
91140,-4
91141,0
91142,-4
91143,0
91144,-4
91145,-4
91146,-4
91147,0
91148,-6
91149,-4
91150,0
91151,-4
91152,-4
91153,0
91154,-6
91155,0
91156,-4
91157,0
91158,0
91159,0
91160,0
91161,0
91162,4
91163,0
91164,0
91165,0
91166,0
91167,0
91168,0
91169,0
91170,0
91171,0
91172,0
91173,0
91174,0
91175,0
91176,0
91177,0
91178,0
91179,2
91180,2
91181,0
91182,6
91183,0
91184,2
91185,2
91186,0
91187,0
91188,2
91189,4
91190,0
91191,2
91192,2
91193,-6
91194,0
91195,0
91196,0
91197,2
91198,0
91199,0
91200,0
91201,6
91202,-4
91203,0
91204,-4
91205,0
91206,0
91207,0
91208,-8
91209,0
91210,0
91211,2
91212,0
91213,0
91214,0
91215,0
91216,0
91217,0
91218,0
91219,0
91220,-4
91221,0
91222,0
91223,0
91224,0
91225,-4
91226,-4
91227,-4
91228,0
91229,-4
91230,0
91231,0
91232,0
91233,-4
91234,0
91235,0
91236,-4
91237,-4
91238,-4
91239,-4
91240,4
91241,-4
91242,-4
91243,-4
91244,-4
91245,-4
91246,0
91247,-4
91248,0
91249,0
91250,0
91251,0
91252,10
91253,0
91254,-4
91255,-4
91256,0
91257,-4
91258,-4
91259,0
91260,-4
91261,0
91262,0
91263,0
91264,2
91265,0
91266,0
91267,6
91268,0
91269,0
91270,10
91271,0
91272,0
91273,0
91274,0
91275,0
91276,0
91277,-4
91278,0
91279,0
91280,4
91281,-4
91282,6
91283,2
91284,0
91285,2
91286,2
91287,4
91288,4
91289,0
91290,0
91291,0
91292,2
91293,0
91294,2
91295,8
91296,4
91297,6
91298,-6
91299,-4
91300,0
91301,4
91302,-4
91303,0
91304,0
91305,2
91306,0
91307,0
91308,-4
91309,-10
91310,0
91311,0
91312,0
91313,0
91314,-4
91315,0
91316,0
91317,2
91318,0
91319,0
91320,-4
91321,-4
91322,0
91323,0
91324,0
91325,0
91326,0
91327,-4
91328,-4
91329,0
91330,0
91331,2
91332,-8
91333,-4
91334,-4
91335,0
91336,0
91337,2
91338,6
91339,-4
91340,-4
91341,-4
91342,-4
91343,0
91344,-4
91345,-4
91346,-4
91347,0
91348,0
91349,0
91350,-4
91351,-4
91352,-4
91353,-4
91354,-4
91355,0
91356,0
91357,6
91358,0
91359,0
91360,0
91361,0
91362,0
91363,0
91364,0
91365,0
91366,0
91367,2
91368,-4
91369,-4
91370,0
91371,0
91372,0
91373,4
91374,-4
91375,2
91376,2
91377,0
91378,0
91379,-4
91380,-4
91381,0
91382,0
91383,10
91384,0
91385,6
91386,0
91387,0
91388,0
91389,-4
91390,0
91391,10
91392,0
91393,0
91394,-14
91395,0
91396,2
91397,-4
91398,0
91399,0
91400,6
91401,-4
91402,0
91403,0
91404,0
91405,0
91406,-10
91407,0
91408,0
91409,0
91410,0
91411,0
91412,0
91413,0
91414,-8
91415,0
91416,0
91417,0
91418,0
91419,0
91420,-4
91421,-4
91422,-4
91423,0
91424,-4
91425,0
91426,0
91427,-4
91428,-4
91429,-4
91430,0
91431,-4
91432,-4
91433,0
91434,0
91435,-4
91436,0
91437,0
91438,-4
91439,6
91440,-4
91441,-4
91442,-4
91443,6
91444,-4
91445,-4
91446,-4
91447,-4
91448,-4
91449,-4
91450,0
91451,-4
91452,6
91453,0
91454,0
91455,6
91456,0
91457,0
91458,0
91459,-4
91460,0
91461,0
91462,0
91463,0
91464,0
91465,4
91466,0
91467,0
91468,0
91469,-4
91470,0
91471,6
91472,0
91473,0
91474,0
91475,0
91476,0
91477,0
91478,0
91479,-4
91480,-8
91481,0
91482,0
91483,2
91484,0
91485,0
91486,0
91487,2
91488,0
91489,0
91490,0
91491,0
91492,0
91493,-8
91494,0
91495,0
91496,-4
91497,0
91498,0
91499,4
91500,0
91501,0
91502,0
91503,-8
91504,0
91505,0
91506,0
91507,8
91508,0
91509,0
91510,0
91511,0
91512,0
91513,0
91514,-4
91515,10
91516,0
91517,0
91518,0
91519,0
91520,6
91521,-4
91522,-4
91523,-4
91524,-4
91525,-4
91526,-4
91527,-4
91528,-4
91529,-4
91530,4
91531,0
91532,0
91533,0
91534,8
91535,-4
91536,-4
91537,-4
91538,0
91539,-4
91540,6
91541,-4
91542,-8
91543,-4
91544,0
91545,6
91546,-4
91547,0
91548,2
91549,-4
91550,0
91551,-10
91552,0
91553,-4
91554,-4
91555,0
91556,0
91557,0
91558,-4
91559,-4
91560,-4
91561,0
91562,-4
91563,2
91564,0
91565,0
91566,0
91567,0
91568,0
91569,0
91570,-4
91571,0
91572,2
91573,-4
91574,0
91575,0
91576,0
91577,0
91578,6
91579,0
91580,0
91581,2
91582,0
91583,0
91584,0
91585,-8
91586,0
91587,2
91588,0
91589,0
91590,0
91591,0
91592,0
91593,0
91594,0
91595,-18
91596,2
91597,0
91598,10
91599,0
91600,-4
91601,0
91602,0
91603,0
91604,0
91605,0
91606,0
91607,0
91608,-8
91609,0
91610,-4
91611,-4
91612,-4
91613,-4
91614,-4
91615,0
91616,0
91617,0
91618,-4
91619,-4
91620,0
91621,0
91622,-4
91623,0
91624,0
91625,0
91626,0
91627,-4
91628,-4
91629,0
91630,0
91631,0
91632,0
91633,0
91634,0
91635,2
91636,-4
91637,-4
91638,0
91639,-4
91640,-4
91641,0
91642,-4
91643,0
91644,8
91645,-4
91646,-4
91647,-10
91648,0
91649,-4
91650,-4
91651,-4
91652,0
91653,0
91654,0
91655,0
91656,-4
91657,-4
91658,0
91659,0
91660,0
91661,0
91662,-8
91663,0
91664,0
91665,4
91666,0
91667,2
91668,-4
91669,-4
91670,6
91671,0
91672,2
91673,2
91674,0
91675,0
91676,4
91677,4
91678,0
91679,0
91680,-4
91681,0
91682,0
91683,0
91684,0
91685,4
91686,6
91687,-8
91688,8
91689,4
91690,0
91691,0
91692,0
91693,0
91694,-16
91695,0
91696,0
91697,6
91698,6
91699,4
91700,6
91701,0
91702,0
91703,0
91704,14
91705,-4
91706,8
91707,0
91708,0
91709,-4
91710,-10
91711,0
91712,0
91713,0
91714,0
91715,0
91716,0
91717,-4
91718,0
91719,0
91720,-4
91721,0
91722,-4
91723,-4
91724,-4
91725,0
91726,-4
91727,0
91728,-4
91729,0
91730,-4
91731,-4
91732,-4
91733,-4
91734,-4
91735,-4
91736,-4
91737,10
91738,0
91739,-4
91740,0
91741,-4
91742,-4
91743,0
91744,-4
91745,-4
91746,-8
91747,0
91748,-4
91749,-16
91750,0
91751,0
91752,0
91753,0
91754,0
91755,-14
91756,-4
91757,0
91758,-4
91759,-4
91760,-4
91761,0
91762,0
91763,0
91764,0
91765,0
91766,0
91767,0
91768,10
91769,0
91770,0
91771,0
91772,0
91773,0
91774,0
91775,4
91776,0
91777,0
91778,0
91779,0
91780,0
91781,-4
91782,-8
91783,10
91784,0
91785,4
91786,-4
91787,0
91788,0
91789,0
91790,0
91791,0
91792,2
91793,0
91794,0
91795,4
91796,0
91797,2
91798,0
91799,6
91800,0
91801,6
91802,4
91803,8
91804,-4
91805,0
91806,0
91807,-4
91808,0
91809,0
91810,0
91811,0
91812,-4
91813,0
91814,-6
91815,-4
91816,0
91817,0
91818,0
91819,0
91820,0
91821,-4
91822,0
91823,-4
91824,-4
91825,-4
91826,-22
91827,-4
91828,0
91829,-6
91830,-4
91831,0
91832,2
91833,-4
91834,-4
91835,-4
91836,0
91837,-4
91838,-4
91839,-4
91840,2
91841,0
91842,-4
91843,-4
91844,0
91845,-4
91846,-4
91847,0
91848,4
91849,0
91850,-4
91851,0
91852,0
91853,0
91854,6
91855,0
91856,-4
91857,0
91858,0
91859,0
91860,-4
91861,2
91862,0
91863,-4
91864,0
91865,0
91866,0
91867,0
91868,0
91869,0
91870,0
91871,2
91872,0
91873,0
91874,4
91875,0
91876,2
91877,0
91878,0
91879,0
91880,0
91881,0
91882,0
91883,6
91884,6
91885,0
91886,4
91887,0
91888,0
91889,0
91890,0
91891,0
91892,-8
91893,0
91894,2
91895,0
91896,0
91897,2
91898,0
91899,0
91900,0
91901,6
91902,0
91903,0
91904,0
91905,10
91906,0
91907,0
91908,0
91909,0
91910,0
91911,0
91912,10
91913,0
91914,-4
91915,-4
91916,10
91917,0
91918,0
91919,0
91920,0
91921,10
91922,-4
91923,-4
91924,0
91925,0
91926,-4
91927,2
91928,-4
91929,-4
91930,0
91931,0
91932,0
91933,0
91934,-4
91935,-4
91936,0
91937,-4
91938,-4
91939,-4
91940,0
91941,-4
91942,-4
91943,0
91944,-4
91945,-4
91946,-4
91947,0
91948,-4
91949,-6
91950,-4
91951,-4
91952,0
91953,-4
91954,0
91955,0
91956,0
91957,0
91958,0
91959,0
91960,-4
91961,0
91962,0
91963,0
91964,2
91965,2
91966,0
91967,0
91968,0
91969,-6
91970,0
91971,0
91972,0
91973,2
91974,0
91975,0
91976,0
91977,2
91978,0
91979,4
91980,6
91981,0
91982,0
91983,2
91984,0
91985,4
91986,0
91987,0
91988,-4
91989,0
91990,2
91991,-4
91992,0
91993,0
91994,-12
91995,2
91996,0
91997,4
91998,0
91999,0
92000,-4
92001,0
92002,0
92003,-4
92004,-12
92005,2
92006,-4
92007,-4
92008,0
92009,2
92010,0
92011,2
92012,0
92013,0
92014,-4
92015,6
92016,-8
92017,0
92018,0
92019,-4
92020,-4
92021,6
92022,-4
92023,0
92024,-4
92025,-4
92026,-4
92027,0
92028,0
92029,0
92030,0
92031,0
92032,0
92033,0
92034,0
92035,-4
92036,0
92037,-4
92038,-4
92039,-4
92040,-4
92041,10
92042,0
92043,0
92044,-4
92045,-4
92046,-4
92047,-4
92048,-4
92049,-4
92050,0
92051,0
92052,0
92053,0
92054,-4
92055,-6
92056,0
92057,8
92058,0
92059,0
92060,0
92061,0
92062,0
92063,-4
92064,6
92065,0
92066,0
92067,4
92068,2
92069,-4
92070,0
92071,0
92072,0
92073,0
92074,0
92075,-4
92076,0
92077,6
92078,2
92079,0
92080,0
92081,0
92082,0
92083,0
92084,0
92085,-4
92086,4
92087,-10
92088,0
92089,0
92090,2
92091,4
92092,0
92093,-4
92094,0
92095,6
92096,4
92097,2
92098,0
92099,-4
92100,0
92101,0
92102,-4
92103,-8
92104,0
92105,0
92106,0
92107,0
92108,-4
92109,0
92110,6
92111,0
92112,4
92113,-4
92114,-4
92115,-4
92116,-4
92117,0
92118,0
92119,0
92120,0
92121,0
92122,-4
92123,-4
92124,0
92125,6
92126,-4
92127,0
92128,0
92129,-4
92130,0
92131,-4
92132,-4
92133,-4
92134,0
92135,-4
92136,0
92137,-4
92138,-4
92139,0
92140,0
92141,-4
92142,-4
92143,0
92144,0
92145,-4
92146,-4
92147,-4
92148,-4
92149,0
92150,0
92151,0
92152,0
92153,0
92154,0
92155,-4
92156,-4
92157,0
92158,2
92159,0
92160,-4
92161,0
92162,0
92163,0
92164,0
92165,-4
92166,-8
92167,0
92168,0
92169,0
92170,-4
92171,2
92172,0
92173,0
92174,0
92175,0
92176,0
92177,0
92178,0
92179,0
92180,0
92181,0
92182,4
92183,0
92184,-4
92185,0
92186,0
92187,0
92188,0
92189,2
92190,-4
92191,2
92192,10
