index,CH1_Voltage(mV)
11,0
12,-4
13,-4
14,0
15,0
16,0
17,0
18,0
19,0
20,0
21,0
22,-6
23,-12
24,0
25,0
26,0
27,0
28,14
29,2
30,0
31,0
32,0
33,2
34,0
35,0
36,-6
37,-10
38,0
39,2
40,4
41,0
42,4
43,0
44,4
45,0
46,2
47,0
48,6
49,4
50,4
51,2
52,0
53,0
54,0
55,6
56,0
57,4
58,2
59,10
60,0
61,0
62,0
63,2
64,-4
65,-4
66,-4
67,0
68,0
69,0
70,0
71,0
72,-4
73,6
74,0
75,0
76,-4
77,4
78,0
79,0
80,2
81,0
82,0
83,-4
84,0
85,-6
86,0
87,-4
88,-4
89,0
90,-4
91,-4
92,-4
93,-4
94,0
95,0
96,0
97,0
98,-4
99,-4
100,-4
101,0
102,0
103,-4
104,0
105,4
106,0
107,0
108,0
109,0
110,0
111,0
112,0
113,0
114,4
115,6
116,-2
117,0
118,0
119,0
120,0
121,0
122,-4
123,10
124,0
125,0
126,0
127,0
128,-4
129,2
130,0
131,-16
132,4
133,2
134,12
135,0
136,0
137,0
138,0
139,2
140,-4
141,2
142,6
143,2
144,0
145,0
146,0
147,2
148,0
149,0
150,0
151,0
152,0
153,0
154,0
155,2
156,0
157,0
158,-4
159,4
160,4
161,0
162,0
163,4
164,2
165,-4
166,-4
167,0
168,0
169,0
170,0
171,-4
172,0
173,0
174,0
175,-4
176,0
177,-4
178,0
179,0
180,0
181,0
182,0
183,0
184,0
185,-4
186,0
187,0
188,-4
189,-4
190,0
191,0
192,-4
193,0
194,-4
195,-4
196,0
197,-4
198,-4
199,-4
200,-4
201,0
202,0
203,0
204,0
205,0
206,-4
207,-4
208,0
209,0
210,0
211,-4
212,-4
213,4
214,2
215,0
216,0
217,0
218,0
219,0
220,-4
221,0
222,2
223,0
224,0
225,0
226,0
227,2
228,0
229,0
230,0
231,0
232,0
233,0
234,-4
235,0
236,0
237,0
238,0
239,2
240,0
241,-4
242,-10
243,0
244,0
245,2
246,0
247,0
248,10
249,0
250,0
251,0
252,0
253,-4
254,2
255,-4
256,4
257,0
258,0
259,0
260,0
261,0
262,2
263,0
264,0
265,0
266,0
267,6
268,0
269,0
270,-4
271,0
272,0
273,0
274,-4
275,0
276,0
277,-4
278,0
279,-10
280,0
281,0
282,0
283,-6
284,-4
285,0
286,0
287,-4
288,0
289,0
290,0
291,-4
292,-4
293,0
294,0
295,-4
296,-4
297,-4
298,-4
299,-4
300,-4
301,4
302,0
303,0
304,0
305,0
306,0
307,0
308,0
309,0
310,-4
311,-4
312,0
313,0
314,0
315,0
316,-4
317,0
318,0
319,0
320,-4
321,0
322,0
323,-4
324,0
325,6
326,0
327,0
328,0
329,0
330,2
331,0
332,0
333,0
334,6
335,0
336,0
337,0
338,0
339,2
340,2
341,0
342,2
343,-4
344,0
345,4
346,2
347,0
348,4
349,0
350,0
351,0
352,2
353,0
354,2
355,2
356,2
357,-4
358,2
359,0
360,2
361,-2
362,0
363,0
364,0
365,-4
366,0
367,-4
368,-4
369,4
370,0
371,2
372,0
373,0
374,-4
375,-4
376,2
377,0
378,0
379,0
380,0
381,-4
382,0
383,-4
384,-4
385,-4
386,-4
387,0
388,-4
389,0
390,0
391,-4
392,-4
393,0
394,-2
395,0
396,-4
397,-4
398,-4
399,-4
400,4
401,0
402,0
403,-4
404,0
405,-4
406,0
407,0
408,-4
409,0
410,0
411,0
412,0
413,-2
414,-4
415,-4
416,0
417,6
418,-4
419,-6
420,0
421,0
422,-10
423,10
424,0
425,0
426,0
427,0
428,0
429,0
430,-6
431,0
432,0
433,0
434,0
435,0
436,4
437,0
438,0
439,2
440,2
441,0
442,0
443,10
444,0
445,4
446,0
447,6
448,2
449,12
450,4
451,0
452,-8
453,0
454,-4
455,0
456,0
457,6
458,0
459,0
460,2
461,0
462,0
463,6
464,0
465,-6
466,4
467,0
468,-6
469,0
470,0
471,0
472,0
473,0
474,-4
475,0
476,0
477,0
478,0
479,2
480,0
481,0
482,0
483,-4
484,0
485,0
486,-4
487,0
488,0
489,0
490,0
491,0
492,0
493,0
494,0
495,-4
496,-4
497,-8
498,-4
499,0
500,-4
501,-4
502,0
503,0
504,0
505,0
506,0
507,0
508,-4
509,0
510,-4
511,-4
512,0
513,0
514,0
515,10
516,0
517,0
518,0
519,0
520,0
521,0
522,0
523,0
524,0
525,0
526,-12
527,0
528,0
529,0
530,0
531,2
532,0
533,0
534,0
535,0
536,0
537,0
538,0
539,0
540,0
541,0
542,0
543,-4
544,2
545,0
546,0
547,4
548,0
549,0
550,0
551,0
552,0
553,0
554,2
555,0
556,6
557,0
558,0
559,4
560,-4
561,0
562,0
563,4
564,0
565,0
566,0
567,0
568,0
569,-10
570,0
571,0
572,0
573,0
574,0
575,0
576,0
577,0
578,0
579,-4
580,-4
581,0
582,0
583,0
584,0
585,-4
586,0
587,0
588,0
589,-4
590,0
591,-4
592,-4
593,0
594,0
595,-4
596,-4
597,-4
598,-4
599,0
600,0
601,-4
602,-4
603,0
604,0
605,0
606,0
607,2
608,0
609,-4
610,0
611,0
612,0
613,-4
614,2
615,0
616,0
617,0
618,2
619,0
620,0
621,0
622,2
623,0
624,0
625,0
626,0
627,2
628,2
629,0
630,-4
631,0
632,-4
633,0
634,0
635,4
636,0
637,0
638,0
639,0
640,0
641,2
642,0
643,0
644,0
645,0
646,0
647,2
648,4
649,0
650,0
651,0
652,0
653,-4
654,0
655,-4
656,0
657,0
658,0
659,-14
660,0
661,2
662,6
663,0
664,-4
665,-2
666,0
667,0
668,0
669,4
670,-4
671,0
672,0
673,0
674,0
675,0
676,0
677,-4
678,0
679,0
680,4
681,0
682,0
683,0
684,-4
685,0
686,0
687,0
688,-4
689,0
690,4
691,0
692,0
693,0
694,0
695,0
696,0
697,0
698,0
699,-4
700,2
701,0
702,-4
703,0
704,-6
705,0
706,-4
707,-4
708,0
709,0
710,0
711,0
712,0
713,0
714,0
715,0
716,2
717,0
718,0
719,0
720,-14
721,0
722,0
723,0
724,-4
725,0
726,0
727,0
728,0
729,0
730,0
731,12
732,-4
733,0
734,0
735,0
736,6
737,0
738,0
739,0
740,0
741,0
742,2
743,0
744,0
745,2
746,0
747,0
748,0
749,2
750,2
751,6
752,0
753,0
754,2
755,0
756,0
757,0
758,0
759,4
760,2
761,2
762,0
763,-4
764,0
765,0
766,0
767,2
768,0
769,2
770,0
771,0
772,4
773,-4
774,4
775,2
776,0
777,0
778,0
779,-4
780,0
781,-4
782,0
783,-4
784,0
785,0
786,-4
787,-4
788,-4
789,-4
790,0
791,-4
792,-6
793,-4
794,0
795,-4
796,-4
797,-4
798,-4
799,-4
800,-2
801,-4
802,0
803,0
804,-4
805,-4
806,-4
807,0
808,0
809,-4
810,-4
811,-8
812,-4
813,-4
814,-4
815,2
816,-4
817,0
818,0
819,0
820,0
821,-2
822,0
823,0
824,0
825,0
826,0
827,0
828,0
829,0
830,2
831,0
832,0
833,2
834,0
835,2
836,0
837,2
838,2
839,0
840,0
841,2
842,0
843,0
844,0
845,0
846,0
847,0
848,4
849,0
850,-12
851,0
852,2
853,2
854,6
855,0
856,0
857,-4
858,0
859,0
860,0
861,2
862,0
863,0
864,-8
865,0
866,0
867,0
868,0
869,4
870,0
871,-6
872,0
873,0
874,-4
875,-4
876,0
877,0
878,0
879,0
880,0
881,-2
882,0
883,-4
884,0
885,-4
886,-4
887,-4
888,0
889,0
890,0
891,0
892,-4
893,-4
894,-4
895,0
896,-4
897,0
898,0
899,0
900,0
901,-4
902,0
903,-4
904,0
905,-12
906,-4
907,-4
908,2
909,0
910,-4
911,-4
912,-2
913,0
914,-10
915,0
916,0
917,-4
918,0
919,0
920,0
921,-4
922,10
923,-4
924,0
925,0
926,10
927,0
928,-2
929,0
930,0
931,0
932,0
933,0
934,0
935,2
936,-4
937,0
938,0
939,0
940,4
941,0
942,0
943,0
944,0
945,0
946,0
947,-4
948,0
949,0
950,0
951,0
952,0
953,-4
954,0
955,6
956,0
957,2
958,2
959,6
960,2
961,0
962,-4
963,4
964,4
965,-4
966,0
967,2
968,4
969,0
970,-4
971,0
972,0
973,0
974,0
975,0
976,0
977,-4
978,-4
979,0
980,2
981,-4
982,0
983,0
984,0
985,-4
986,0
987,0
988,-4
989,4
990,0
991,-4
992,0
993,-4
994,0
995,0
996,-4
997,0
998,-4
999,0
1000,-4
1001,0
1002,0
1003,-4
1004,0
1005,-4
1006,0
1007,0
1008,-4
1009,-4
1010,-4
1011,0
1012,0
1013,0
1014,-4
1015,10
1016,0
1017,0
1018,-12
1019,0
1020,0
1021,0
1022,0
1023,0
1024,0
1025,0
1026,0
1027,2
1028,0
1029,0
1030,2
1031,0
1032,0
1033,0
1034,0
1035,0
1036,0
1037,2
1038,0
1039,-8
1040,0
1041,2
1042,4
1043,0
1044,0
1045,0
1046,0
1047,0
1048,2
1049,6
1050,0
1051,0
1052,0
1053,-4
1054,0
1055,4
1056,0
1057,0
1058,6
1059,2
1060,0
1061,-4
1062,0
1063,-4
1064,0
1065,2
1066,0
1067,-4
1068,6
1069,0
1070,0
1071,-4
1072,-4
1073,0
1074,0
1075,0
1076,0
1077,0
1078,2
1079,6
1080,0
1081,-4
1082,0
1083,0
1084,6
1085,-4
1086,0
1087,-4
1088,0
1089,10
1090,0
1091,-6
1092,-16
1093,-4
1094,-14
1095,-4
1096,-4
1097,0
1098,-4
1099,0
1100,-4
1101,-4
1102,0
1103,-8
1104,-4
1105,4
1106,0
1107,0
1108,0
1109,0
1110,-4
1111,-4
1112,0
1113,-6
1114,0
1115,0
1116,0
1117,-14
1118,0
1119,-8
1120,0
1121,0
1122,0
1123,-2
1124,0
1125,0
1126,4
1127,-4
1128,-4
1129,2
1130,0
1131,0
1132,0
1133,0
1134,0
1135,0
1136,0
1137,0
1138,0
1139,0
1140,0
1141,0
1142,0
1143,0
1144,2
1145,0
1146,0
1147,0
1148,4
1149,2
1150,0
1151,0
1152,0
1153,2
1154,2
1155,2
1156,0
1157,-4
1158,-14
1159,0
1160,0
1161,4
1162,0
1163,2
1164,2
1165,4
1166,0
1167,0
1168,0
1169,0
1170,0
1171,-4
1172,0
1173,0
1174,0
1175,0
1176,0
1177,6
1178,0
1179,0
1180,6
1181,-4
1182,0
1183,-4
1184,0
1185,-4
1186,-4
1187,0
1188,0
1189,0
1190,0
1191,-4
1192,-4
1193,0
1194,-4
1195,0
1196,0
1197,-4
1198,-4
1199,0
1200,0
1201,0
1202,0
1203,-4
1204,0
1205,-4
1206,0
1207,0
1208,0
1209,-4
1210,0
1211,-4
1212,-4
1213,0
1214,-4
1215,4
1216,0
1217,0
1218,0
1219,0
1220,0
1221,-4
1222,0
1223,-4
1224,0
1225,0
1226,0
1227,0
1228,10
1229,-8
1230,0
1231,-4
1232,2
1233,0
1234,-4
1235,0
1236,10
1237,0
1238,2
1239,0
1240,0
1241,0
1242,2
1243,0
1244,0
1245,4
1246,0
1247,0
1248,0
1249,2
1250,0
1251,2
1252,-14
1253,0
1254,0
1255,0
1256,6
1257,0
1258,0
1259,6
1260,0
1261,0
1262,-4
1263,0
1264,0
1265,0
1266,4
1267,0
1268,2
1269,-4
1270,0
1271,0
1272,0
1273,10
1274,2
1275,0
1276,-4
1277,0
1278,0
1279,-4
1280,0
1281,-4
1282,-4
1283,-4
1284,0
1285,0
1286,0
1287,-4
1288,10
1289,0
1290,-4
1291,0
1292,0
1293,-4
1294,-4
1295,0
1296,-4
1297,0
1298,0
1299,0
1300,0
1301,-4
1302,-2
1303,0
1304,-6
1305,-4
1306,-4
1307,-2
1308,-4
1309,0
1310,-2
1311,-4
1312,0
1313,0
1314,-4
1315,0
1316,0
1317,0
1318,-4
1319,0
1320,-10
1321,-4
1322,0
1323,0
1324,0
1325,0
1326,0
1327,0
1328,0
1329,0
1330,0
1331,0
1332,0
1333,0
1334,0
1335,0
1336,2
1337,2
1338,-4
1339,0
1340,-4
1341,0
1342,2
1343,4
1344,0
1345,0
1346,2
1347,0
1348,0
1349,0
1350,6
1351,2
1352,10
1353,0
1354,0
1355,0
1356,0
1357,-4
1358,0
1359,-4
1360,2
1361,0
1362,2
1363,2
1364,0
1365,4
1366,0
1367,0
1368,6
1369,0
1370,-4
1371,0
1372,-4
1373,4
1374,0
1375,0
1376,6
1377,0
1378,0
1379,0
1380,0
1381,-4
1382,0
1383,0
1384,0
1385,0
1386,-2
1387,-4
1388,-6
1389,0
1390,0
1391,-2
1392,2
1393,-4
1394,0
1395,-4
1396,0
1397,0
1398,6
1399,-4
1400,0
1401,0
1402,-12
1403,0
1404,-4
1405,0
1406,-4
1407,0
1408,0
1409,0
1410,0
1411,2
1412,0
1413,-4
1414,2
1415,-4
1416,-4
1417,-4
1418,0
1419,0
1420,0
1421,0
1422,0
1423,0
1424,0
1425,-6
1426,0
1427,0
1428,2
1429,0
1430,10
1431,0
1432,0
1433,0
1434,2
1435,0
1436,-4
1437,0
1438,0
1439,2
1440,-10
1441,0
1442,0
1443,0
1444,0
1445,0
1446,0
1447,2
1448,2
1449,6
1450,0
1451,0
1452,0
1453,0
1454,0
1455,-8
1456,0
1457,0
1458,6
1459,4
1460,0
1461,6
1462,0
1463,4
1464,6
1465,0
1466,0
1467,0
1468,-4
1469,0
1470,0
1471,-4
1472,0
1473,0
1474,0
1475,0
1476,0
1477,-10
1478,0
1479,0
1480,0
1481,0
1482,0
1483,2
1484,0
1485,2
1486,0
1487,0
1488,-4
1489,0
1490,-4
1491,0
1492,-4
1493,-2
1494,0
1495,0
1496,-4
1497,2
1498,-4
1499,-4
1500,-4
1501,-4
1502,-4
1503,0
1504,0
1505,-14
1506,-4
1507,4
1508,0
1509,0
1510,2
1511,0
1512,0
1513,0
1514,-4
1515,0
1516,-4
1517,-4
1518,0
1519,6
1520,0
1521,0
1522,6
1523,-4
1524,-4
1525,0
1526,0
1527,-4
1528,0
1529,0
1530,0
1531,0
1532,-4
1533,0
1534,4
1535,0
1536,0
1537,0
1538,0
1539,0
1540,0
1541,0
1542,0
1543,0
1544,0
1545,6
1546,6
1547,2
1548,0
1549,2
1550,0
1551,0
1552,0
1553,2
1554,0
1555,0
1556,0
1557,0
1558,2
1559,0
1560,0
1561,0
1562,0
1563,4
1564,4
1565,0
1566,0
1567,-4
1568,0
1569,0
1570,0
1571,0
1572,0
1573,0
1574,0
1575,-4
1576,0
1577,6
1578,0
1579,2
1580,0
1581,0
1582,0
1583,0
1584,0
1585,0
1586,0
1587,-4
1588,-4
1589,0
1590,0
1591,0
1592,-4
1593,0
1594,-4
1595,0
1596,-4
1597,-4
1598,0
1599,0
1600,-4
1601,0
1602,-4
1603,0
1604,-4
1605,0
1606,-4
1607,0
1608,0
1609,0
1610,-4
1611,-4
1612,-4
1613,0
1614,2
1615,0
1616,-4
1617,0
1618,0
1619,0
1620,-4
1621,-4
1622,0
1623,0
1624,0
1625,0
1626,-4
1627,0
1628,0
1629,0
1630,0
1631,2
1632,0
1633,0
1634,0
1635,4
1636,0
1637,0
1638,0
1639,0
1640,2
1641,0
1642,0
1643,2
1644,-4
1645,0
1646,0
1647,0
1648,0
1649,2
1650,0
1651,0
1652,0
1653,2
1654,2
1655,0
1656,0
1657,0
1658,0
1659,4
1660,0
1661,0
1662,2
1663,6
1664,0
1665,-4
1666,0
1667,-20
1668,-4
1669,-4
1670,4
1671,0
1672,0
1673,-4
1674,0
1675,10
1676,0
1677,6
1678,0
1679,0
1680,0
1681,0
1682,0
1683,-2
1684,0
1685,-4
1686,-4
1687,-4
1688,-4
1689,-4
1690,-4
1691,0
1692,-4
1693,0
1694,-4
1695,0
1696,-12
1697,-4
1698,-4
1699,-4
1700,0
1701,-4
1702,-4
1703,0
1704,-14
1705,-4
1706,-4
1707,0
1708,-4
1709,-6
1710,-4
1711,0
1712,-4
1713,0
1714,0
1715,10
1716,-4
1717,0
1718,0
1719,0
1720,-4
1721,0
1722,0
1723,0
1724,0
1725,0
1726,-4
1727,-4
1728,2
1729,0
1730,0
1731,-4
1732,0
1733,2
1734,-4
1735,4
1736,0
1737,0
1738,0
1739,0
1740,0
1741,0
1742,0
1743,0
1744,0
1745,2
1746,2
1747,6
1748,0
1749,2
1750,0
1751,6
1752,6
1753,0
1754,2
1755,2
1756,0
1757,0
1758,0
1759,0
1760,0
1761,0
1762,0
1763,0
1764,2
1765,0
1766,-8
1767,4
1768,-4
1769,6
1770,0
1771,0
1772,0
1773,0
1774,2
1775,2
1776,-4
1777,0
1778,0
1779,0
1780,0
1781,0
1782,2
1783,0
1784,0
1785,-6
1786,-4
1787,-4
1788,0
1789,0
1790,-4
1791,-4
1792,-4
1793,0
1794,0
1795,0
1796,-4
1797,0
1798,0
1799,-4
1800,0
1801,-4
1802,0
1803,-4
1804,0
1805,0
1806,-4
1807,0
1808,0
1809,0
1810,0
1811,0
1812,-4
1813,0
1814,0
1815,-4
1816,0
1817,0
1818,-4
1819,0
1820,-4
1821,0
1822,0
1823,0
1824,0
1825,0
1826,-4
1827,0
1828,4
1829,0
1830,0
1831,0
1832,-8
1833,-14
1834,0
1835,-4
1836,0
1837,0
1838,0
1839,0
1840,0
1841,-4
1842,0
1843,2
1844,0
1845,2
1846,0
1847,0
1848,0
1849,2
1850,2
1851,0
1852,0
1853,6
1854,0
1855,6
1856,0
1857,4
1858,2
1859,2
1860,0
1861,0
1862,4
1863,0
1864,0
1865,0
1866,6
1867,0
1868,-4
1869,-4
1870,0
1871,0
1872,0
1873,0
1874,0
1875,-4
1876,0
1877,-4
1878,0
1879,0
1880,0
1881,4
1882,0
1883,0
1884,-4
1885,0
1886,0
1887,-4
1888,-4
1889,-4
1890,0
1891,-4
1892,0
1893,0
1894,0
1895,-4
1896,-4
1897,-4
1898,-4
1899,-4
1900,0
1901,0
1902,0
1903,0
1904,0
1905,0
1906,-4
1907,0
1908,-4
1909,0
1910,0
1911,0
1912,-4
1913,0
1914,0
1915,-4
1916,-4
1917,0
1918,-4
1919,-4
1920,0
1921,0
1922,0
1923,-4
1924,4
1925,0
1926,0
1927,0
1928,6
1929,0
1930,-4
1931,0
1932,-8
1933,6
1934,0
1935,-6
1936,4
1937,0
1938,0
1939,0
1940,0
1941,0
1942,0
1943,6
1944,0
1945,0
1946,0
1947,-4
1948,6
1949,2
1950,0
1951,0
1952,0
1953,0
1954,2
1955,2
1956,0
1957,-8
1958,0
1959,0
1960,0
1961,-4
1962,0
1963,0
1964,-4
1965,0
1966,0
1967,4
1968,0
1969,0
1970,0
1971,0
1972,0
1973,0
1974,0
1975,0
1976,4
1977,0
1978,0
1979,0
1980,-4
1981,0
1982,0
1983,0
1984,0
1985,0
1986,-4
1987,0
1988,-4
1989,-2
1990,-4
1991,0
1992,-4
1993,0
1994,0
1995,-4
1996,0
1997,0
1998,0
1999,0
2000,0
2001,0
2002,-4
2003,-4
2004,0
2005,-4
2006,-4
2007,0
2008,0
2009,-4
2010,-4
2011,0
2012,-4
2013,0
2014,-4
2015,0
2016,2
2017,-14
2018,-4
2019,0
2020,-4
2021,0
2022,0
2023,0
2024,0
2025,0
2026,0
2027,2
2028,0
2029,0
2030,0
2031,0
2032,0
2033,0
2034,0
2035,-4
2036,0
2037,0
2038,0
2039,0
2040,0
2041,6
2042,2
2043,-6
2044,0
2045,0
2046,0
2047,0
2048,2
2049,-4
2050,0
2051,2
2052,2
2053,0
2054,6
2055,0
2056,2
2057,0
2058,0
2059,0
2060,4
2061,0
2062,0
2063,0
2064,-12
2065,0
2066,0
2067,-4
2068,-4
2069,0
2070,-4
2071,0
2072,0
2073,0
2074,0
2075,0
2076,0
2077,0
2078,6
2079,-4
2080,0
2081,0
2082,0
2083,0
2084,0
2085,0
2086,0
2087,0
2088,0
2089,0
2090,-4
2091,-4
2092,0
2093,0
2094,0
2095,-6
2096,-6
2097,0
2098,0
2099,-4
2100,0
2101,2
2102,-4
2103,0
2104,-4
2105,2
2106,0
2107,0
2108,-6
2109,-4
2110,0
2111,0
2112,0
2113,0
2114,2
2115,0
2116,0
2117,0
2118,0
2119,-4
2120,0
2121,0
2122,0
2123,0
2124,0
2125,0
2126,0
2127,0
2128,0
2129,0
2130,0
2131,2
2132,0
2133,0
2134,0
2135,0
2136,0
2137,0
2138,0
2139,0
2140,0
2141,0
2142,0
2143,0
2144,2
2145,0
2146,6
2147,0
2148,0
2149,0
2150,0
2151,4
2152,0
2153,0
2154,2
2155,0
2156,2
2157,0
2158,0
2159,2
2160,0
2161,0
2162,0
2163,2
2164,0
2165,-4
2166,-4
2167,-4
2168,0
2169,6
2170,0
2171,6
2172,0
2173,0
2174,0
2175,0
2176,-4
2177,0
2178,0
2179,0
2180,0
2181,0
2182,0
2183,0
2184,0
2185,-4
2186,-4
2187,-4
2188,0
2189,0
2190,20
2191,-4
2192,-2
2193,0
2194,0
2195,0
2196,0
2197,0
2198,-4
2199,-2
2200,0
2201,-4
2202,0
2203,0
2204,0
2205,0
2206,0
2207,-4
2208,0
2209,0
2210,-4
2211,-4
2212,0
2213,0
2214,-4
2215,0
2216,0
2217,-4
2218,0
2219,0
2220,0
2221,0
2222,-4
2223,0
2224,0
2225,0
2226,-4
2227,0
2228,-4
2229,0
2230,2
2231,-6
2232,0
2233,0
2234,0
2235,2
2236,0
2237,6
2238,0
2239,0
2240,0
2241,0
2242,0
2243,0
2244,-4
2245,0
2246,0
2247,0
2248,0
2249,0
2250,0
2251,0
2252,0
2253,0
2254,0
2255,2
2256,0
2257,-4
2258,0
2259,2
2260,-6
2261,0
2262,0
2263,4
2264,-4
2265,0
2266,0
2267,0
2268,-4
2269,0
2270,0
2271,0
2272,0
2273,0
2274,0
2275,0
2276,0
2277,0
2278,0
2279,0
2280,0
2281,0
2282,0
2283,0
2284,0
2285,-4
2286,0
2287,0
2288,0
2289,0
2290,0
2291,0
2292,0
2293,-4
2294,0
2295,0
2296,-4
2297,-4
2298,-4
2299,-4
2300,-4
2301,-4
2302,-4
2303,-4
2304,-6
2305,-4
2306,-4
2307,-4
2308,0
2309,0
2310,0
2311,-4
2312,4
2313,0
2314,-4
2315,0
2316,0
2317,0
2318,0
2319,0
2320,0
2321,0
2322,-10
2323,0
2324,2
2325,0
2326,0
2327,10
2328,0
2329,0
2330,0
2331,0
2332,-4
2333,-4
2334,-4
2335,0
2336,0
2337,0
2338,4
2339,0
2340,0
2341,4
2342,0
2343,0
2344,-4
2345,0
2346,0
2347,0
2348,-4
2349,0
2350,0
2351,0
2352,2
2353,4
2354,0
2355,0
2356,0
2357,6
2358,2
2359,0
2360,0
2361,6
2362,0
2363,0
2364,-4
2365,0
2366,0
2367,2
2368,-6
2369,2
2370,-4
2371,0
2372,0
2373,0
2374,0
2375,0
2376,0
2377,0
2378,0
2379,0
2380,0
2381,6
2382,0
2383,0
2384,0
2385,-4
2386,0
2387,-4
2388,0
2389,-4
2390,0
2391,-4
2392,20
2393,0
2394,0
2395,0
2396,0
2397,0
2398,0
2399,-14
2400,-4
2401,0
2402,-4
2403,0
2404,0
2405,0
2406,-4
2407,0
2408,0
2409,0
2410,-4
2411,0
2412,-2
2413,0
2414,0
2415,0
2416,-2
2417,0
2418,0
2419,0
2420,0
2421,0
2422,0
2423,0
2424,0
2425,0
2426,0
2427,0
2428,0
2429,12
2430,0
2431,4
2432,0
2433,0
2434,2
2435,4
2436,0
2437,10
2438,0
2439,0
2440,0
2441,0
2442,0
2443,0
2444,0
2445,0
2446,0
2447,2
2448,0
2449,-4
2450,0
2451,0
2452,0
2453,0
2454,4
2455,2
2456,0
2457,-8
2458,0
2459,6
2460,0
2461,0
2462,2
2463,0
2464,2
2465,0
2466,0
2467,0
2468,2
2469,2
2470,0
2471,0
2472,0
2473,0
2474,0
2475,0
2476,2
2477,0
2478,-10
2479,0
2480,0
2481,0
2482,-4
2483,0
2484,0
2485,0
2486,-4
2487,0
2488,-4
2489,0
2490,0
2491,0
2492,-4
2493,-4
2494,0
2495,0
2496,0
2497,0
2498,0
2499,-4
2500,0
2501,0
2502,6
2503,0
2504,0
2505,-4
2506,-4
2507,-4
2508,-4
2509,-4
2510,-4
2511,-4
2512,-4
2513,-4
2514,0
2515,0
2516,0
2517,0
2518,-4
2519,0
2520,0
2521,-4
2522,0
2523,0
2524,0
2525,0
2526,-4
2527,0
2528,2
2529,6
2530,-4
2531,0
2532,0
2533,0
2534,0
2535,2
2536,0
2537,0
2538,2
2539,2
2540,0
2541,0
2542,0
2543,0
2544,0
2545,0
2546,0
2547,0
2548,0
2549,0
2550,0
2551,0
2552,-4
2553,0
2554,0
2555,0
2556,0
2557,2
2558,0
2559,0
2560,2
2561,0
2562,-4
2563,0
2564,0
2565,-4
2566,-4
2567,0
2568,0
2569,-8
2570,4
2571,0
2572,0
2573,0
2574,0
2575,0
2576,0
2577,0
2578,0
2579,0
2580,0
2581,0
2582,0
2583,0
2584,2
2585,-4
2586,0
2587,0
2588,0
2589,-4
2590,0
2591,0
2592,0
2593,-4
2594,-4
2595,-4
2596,-4
2597,-4
2598,-4
2599,-4
2600,0
2601,-4
2602,0
2603,0
2604,0
2605,0
2606,-10
2607,0
2608,0
2609,0
2610,-12
2611,-4
2612,-4
2613,0
2614,-12
2615,-4
2616,4
2617,-4
2618,10
2619,0
2620,0
2621,0
2622,0
2623,0
2624,0
2625,-8
2626,0
2627,4
2628,-4
2629,0
2630,0
2631,0
2632,0
2633,0
2634,-4
2635,2
2636,0
2637,0
2638,0
2639,0
2640,0
2641,0
2642,0
2643,4
2644,0
2645,6
2646,-8
2647,2
2648,4
2649,4
2650,4
2651,0
2652,0
2653,6
2654,0
2655,6
2656,0
2657,0
2658,0
2659,0
2660,0
2661,0
2662,2
2663,2
2664,0
2665,-6
2666,0
2667,0
2668,0
2669,0
2670,0
2671,0
2672,6
2673,0
2674,0
2675,0
2676,0
2677,-4
2678,0
2679,0
2680,0
2681,0
2682,0
2683,2
2684,0
2685,0
2686,0
2687,0
2688,0
2689,-4
2690,0
2691,-10
2692,0
2693,-4
2694,0
2695,0
2696,0
2697,10
2698,0
2699,-4
2700,-4
2701,-4
2702,-4
2703,0
2704,0
2705,0
2706,-4
2707,0
2708,-4
2709,-14
2710,-4
2711,-4
2712,6
2713,-4
2714,-4
2715,-4
2716,0
2717,0
2718,0
2719,0
2720,0
2721,0
2722,0
2723,-4
2724,0
2725,0
2726,0
2727,-4
2728,0
2729,0
2730,0
2731,0
2732,0
2733,6
2734,0
2735,0
2736,0
2737,2
2738,4
2739,4
2740,2
2741,0
2742,2
2743,0
2744,0
2745,0
2746,0
2747,2
2748,0
2749,0
2750,-10
2751,0
2752,0
2753,2
2754,0
2755,0
2756,2
2757,0
2758,2
2759,0
2760,4
2761,0
2762,0
2763,6
2764,2
2765,2
2766,-4
2767,0
2768,0
2769,0
2770,0
2771,0
2772,0
2773,0
2774,0
2775,-4
2776,0
2777,14
2778,0
2779,0
2780,0
2781,0
2782,0
2783,-4
2784,0
2785,0
2786,0
2787,0
2788,0
2789,-4
2790,-4
2791,-4
2792,0
2793,0
2794,0
2795,0
2796,-8
2797,-4
2798,-4
2799,-4
2800,-4
2801,-4
2802,0
2803,-8
2804,0
2805,0
2806,-4
2807,0
2808,6
2809,-4
2810,0
2811,0
2812,0
2813,0
2814,-4
2815,-4
2816,0
2817,4
2818,0
2819,4
2820,-4
2821,-4
2822,0
2823,0
2824,0
2825,0
2826,0
2827,0
2828,0
2829,0
2830,0
2831,0
2832,0
2833,0
2834,0
2835,0
2836,0
2837,0
2838,0
2839,0
2840,0
2841,0
2842,2
2843,0
2844,2
2845,0
2846,0
2847,6
2848,0
2849,0
2850,0
2851,0
2852,0
2853,0
2854,-4
2855,0
2856,0
2857,6
2858,0
2859,0
2860,-4
2861,2
2862,2
2863,-4
2864,6
2865,0
2866,-4
2867,0
2868,4
2869,0
2870,-2
2871,0
2872,0
2873,-6
2874,-4
2875,0
2876,0
2877,0
2878,0
2879,0
2880,0
2881,0
2882,0
2883,2
2884,-4
2885,-4
2886,-4
2887,0
2888,-2
2889,0
2890,-4
2891,-4
2892,-4
2893,0
2894,-4
2895,0
2896,-4
2897,-4
2898,0
2899,-4
2900,-4
2901,0
2902,-4
2903,0
2904,-4
2905,-4
2906,-4
2907,-4
2908,0
2909,0
2910,0
2911,-4
2912,0
2913,0
2914,-4
2915,2
2916,0
2917,0
2918,-4
2919,0
2920,0
2921,0
2922,0
2923,4
2924,2
2925,0
2926,-4
2927,0
2928,4
2929,0
2930,0
2931,-4
2932,0
2933,0
2934,-4
2935,0
2936,0
2937,0
2938,2
2939,0
2940,0
2941,0
2942,0
2943,0
2944,0
2945,0
2946,0
2947,0
2948,-6
2949,0
2950,2
2951,0
2952,4
2953,0
2954,4
2955,0
2956,0
2957,0
2958,0
2959,4
2960,0
2961,6
2962,0
2963,0
2964,2
2965,-4
2966,0
2967,0
2968,-2
2969,0
2970,2
2971,0
2972,0
2973,0
2974,0
2975,-4
2976,-4
2977,-4
2978,-4
2979,-4
2980,-4
2981,-4
2982,0
2983,0
2984,0
2985,-6
2986,0
2987,-4
2988,-4
2989,2
2990,0
2991,-4
2992,-2
2993,0
2994,0
2995,0
2996,-4
2997,0
2998,-4
2999,-4
3000,0
3001,-4
3002,0
3003,0
3004,0
3005,0
3006,0
3007,-4
3008,6
3009,0
3010,0
3011,-6
3012,0
3013,-4
3014,-4
3015,-4
3016,0
3017,0
3018,0
3019,0
3020,2
3021,0
3022,0
3023,0
3024,0
3025,0
3026,0
3027,6
3028,0
3029,4
3030,0
3031,0
3032,0
3033,0
3034,4
3035,0
3036,0
3037,0
3038,2
3039,0
3040,0
3041,2
3042,2
3043,0
3044,0
3045,0
3046,0
3047,0
3048,0
3049,0
3050,0
3051,0
3052,4
3053,0
3054,0
3055,6
3056,0
3057,0
3058,-4
3059,0
3060,2
3061,-6
3062,2
3063,-4
3064,-4
3065,0
3066,0
3067,0
3068,0
3069,0
3070,-4
3071,0
3072,0
3073,-4
3074,0
3075,-6
3076,0
3077,0
3078,0
3079,0
3080,0
3081,0
3082,2
3083,0
3084,0
3085,-4
3086,0
3087,0
3088,-4
3089,0
3090,-4
3091,-4
3092,0
3093,-4
3094,4
3095,-4
3096,0
3097,0
3098,0
3099,-4
3100,-4
3101,2
3102,4
3103,-4
3104,-4
3105,6
3106,0
3107,-4
3108,-2
3109,-4
3110,0
3111,-4
3112,0
3113,-4
3114,0
3115,0
3116,0
3117,0
3118,-4
3119,-4
3120,0
3121,10
3122,0
3123,-4
3124,0
3125,0
3126,-4
3127,0
3128,-8
3129,0
3130,-4
3131,0
3132,0
3133,0
3134,0
3135,2
3136,0
3137,0
3138,0
3139,0
3140,2
3141,-4
3142,0
3143,0
3144,-4
3145,2
3146,0
3147,0
3148,0
3149,0
3150,4
3151,-4
3152,0
3153,-4
3154,0
3155,6
3156,2
3157,6
3158,0
3159,0
3160,4
3161,0
3162,2
3163,0
3164,-10
3165,-4
3166,-4
3167,0
3168,-4
3169,0
3170,-12
3171,0
3172,0
3173,0
3174,0
3175,4
3176,0
3177,0
3178,0
3179,0
3180,0
3181,0
3182,0
3183,0
3184,-4
3185,6
3186,0
3187,-4
3188,-2
3189,-4
3190,-4
3191,0
3192,-4
3193,-4
3194,6
3195,-4
3196,-2
3197,-4
3198,-4
3199,-14
3200,0
3201,2
3202,-4
3203,-12
3204,0
3205,0
3206,0
3207,0
3208,0
3209,2
3210,0
3211,-4
3212,0
3213,-6
3214,-4
3215,-4
3216,0
3217,0
3218,0
3219,-4
3220,0
3221,0
3222,6
3223,0
3224,0
3225,0
3226,0
3227,2
3228,0
3229,0
3230,6
3231,0
3232,0
3233,0
3234,0
3235,0
3236,0
3237,0
3238,2
3239,6
3240,4
3241,6
3242,0
3243,0
3244,0
3245,0
3246,4
3247,2
3248,0
3249,0
3250,0
3251,2
3252,0
3253,0
3254,0
3255,2
3256,0
3257,0
3258,0
3259,0
3260,0
3261,2
3262,2
3263,6
3264,0
3265,0
3266,2
3267,-4
3268,0
3269,0
3270,0
3271,-4
3272,0
3273,0
3274,0
3275,0
3276,0
3277,6
3278,0
3279,0
3280,0
3281,2
3282,0
3283,0
3284,0
3285,-4
3286,0
3287,0
3288,0
3289,0
3290,0
3291,-4
3292,0
3293,-4
3294,0
3295,0
3296,-4
3297,-4
3298,0
3299,0
3300,-4
3301,-4
3302,0
3303,0
3304,-4
3305,-4
3306,0
3307,0
3308,0
3309,-4
3310,0
3311,0
3312,-4
3313,0
3314,0
3315,-4
3316,0
3317,0
3318,4
3319,0
3320,0
3321,-4
3322,0
3323,2
3324,0
3325,-4
3326,0
3327,0
3328,0
3329,2
3330,0
3331,0
3332,0
3333,0
3334,-4
3335,0
3336,0
3337,0
3338,0
3339,2
3340,0
3341,-4
3342,-4
3343,2
3344,0
3345,0
3346,0
3347,0
3348,0
3349,2
3350,-4
3351,2
3352,0
3353,0
3354,10
3355,4
3356,4
3357,4
3358,0
3359,-14
3360,0
3361,0
3362,0
3363,0
3364,0
3365,0
3366,0
3367,0
3368,-4
3369,6
3370,0
3371,0
3372,-4
3373,0
3374,0
3375,0
3376,-4
3377,0
3378,-4
3379,0
3380,0
3381,-4
3382,0
3383,0
3384,0
3385,0
3386,0
3387,-4
3388,-4
3389,0
3390,-4
3391,-4
3392,2
3393,0
3394,0
3395,0
3396,-4
3397,-4
3398,-4
3399,-4
3400,0
3401,-4
3402,0
3403,0
3404,0
3405,0
3406,0
3407,-4
3408,0
3409,0
3410,0
3411,-12
3412,-4
3413,0
3414,2
3415,0
3416,-2
3417,-4
3418,0
3419,0
3420,0
3421,-4
3422,-4
3423,0
3424,0
3425,-4
3426,-4
3427,10
3428,0
3429,0
3430,0
3431,0
3432,0
3433,0
3434,-4
3435,4
3436,0
3437,2
3438,0
3439,0
3440,0
3441,0
3442,0
3443,0
3444,0
3445,6
3446,0
3447,10
3448,0
3449,4
3450,2
3451,0
3452,-4
3453,2
3454,0
3455,0
3456,0
3457,0
3458,-4
3459,0
3460,0
3461,6
3462,0
3463,0
3464,0
3465,0
3466,0
3467,0
3468,0
3469,0
3470,0
3471,0
3472,2
3473,-4
3474,0
3475,0
3476,-6
3477,0
3478,6
3479,-4
3480,-4
3481,-4
3482,0
3483,2
3484,2
3485,-4
3486,-4
3487,-4
3488,0
3489,0
3490,-4
3491,-2
3492,-4
3493,0
3494,0
3495,-4
3496,2
3497,0
3498,-4
3499,-4
3500,-4
3501,-4
3502,0
3503,0
3504,-4
3505,0
3506,-4
3507,0
3508,-4
3509,0
3510,0
3511,-4
3512,-4
3513,0
3514,0
3515,-4
3516,6
3517,0
3518,-4
3519,-4
3520,0
3521,-4
3522,0
3523,0
3524,0
3525,-4
3526,-4
3527,0
3528,0
3529,0
3530,0
3531,-4
3532,-4
3533,0
3534,0
3535,-4
3536,0
3537,0
3538,0
3539,0
3540,0
3541,0
3542,0
3543,0
3544,0
3545,0
3546,0
3547,2
3548,0
3549,2
3550,4
3551,0
3552,6
3553,-4
3554,0
3555,-14
3556,2
3557,0
3558,0
3559,0
3560,-4
3561,0
3562,0
3563,2
3564,0
3565,0
3566,0
3567,-8
3568,2
3569,0
3570,-6
3571,0
3572,-4
3573,2
3574,0
3575,0
3576,0
3577,0
3578,0
3579,-2
3580,0
3581,4
3582,0
3583,4
3584,0
3585,0
3586,0
3587,0
3588,0
3589,0
3590,0
3591,0
3592,0
3593,0
3594,0
3595,-4
3596,0
3597,4
3598,-4
3599,0
3600,-4
3601,-4
3602,2
3603,-4
3604,0
3605,0
3606,-4
3607,0
3608,0
3609,-4
3610,-4
3611,-4
3612,0
3613,0
3614,-4
3615,0
3616,0
3617,0
3618,0
3619,0
3620,0
3621,0
3622,0
3623,0
3624,0
3625,0
3626,0
3627,0
3628,0
3629,0
3630,0
3631,0
3632,0
3633,0
3634,0
3635,4
3636,0
3637,0
3638,0
3639,0
3640,0
3641,0
3642,0
3643,0
3644,0
3645,0
3646,0
3647,0
3648,0
3649,0
3650,2
3651,-4
3652,2
3653,0
3654,0
3655,0
3656,0
3657,4
3658,0
3659,0
3660,0
3661,0
3662,0
3663,-4
3664,-4
3665,0
3666,0
3667,0
3668,0
3669,-4
3670,0
3671,0
3672,0
3673,0
3674,0
3675,0
3676,0
3677,-4
3678,0
3679,-4
3680,2
3681,0
3682,0
3683,0
3684,0
3685,-4
3686,0
3687,0
3688,0
3689,0
3690,-4
3691,-4
3692,0
3693,-4
3694,0
3695,-4
3696,0
3697,0
3698,-4
3699,-2
3700,0
3701,0
3702,0
3703,-4
3704,0
3705,-4
3706,-4
3707,0
3708,0
3709,0
3710,-4
3711,-4
3712,0
3713,0
3714,0
3715,0
3716,0
3717,0
3718,6
3719,0
3720,4
3721,-4
3722,0
3723,0
3724,0
3725,0
3726,0
3727,0
3728,0
3729,2
3730,0
3731,0
3732,-4
3733,-4
3734,0
3735,0
3736,4
3737,2
3738,2
3739,0
3740,0
3741,0
3742,0
3743,-4
3744,0
3745,0
3746,0
3747,0
3748,0
3749,0
3750,2
3751,0
3752,0
3753,0
3754,-4
3755,0
3756,2
3757,0
3758,0
3759,-14
3760,0
3761,-4
3762,0
3763,0
3764,2
3765,0
3766,2
3767,0
3768,-2
3769,0
3770,0
3771,0
3772,0
3773,0
3774,0
3775,0
3776,0
3777,-4
3778,-4
3779,0
3780,0
3781,0
3782,0
3783,0
3784,0
3785,0
3786,0
3787,0
3788,-4
3789,0
3790,-4
3791,-4
3792,0
3793,14
3794,-4
3795,-4
3796,0
3797,0
3798,-4
3799,-4
3800,-4
3801,-4
3802,0
3803,-4
3804,0
3805,-4
3806,-4
3807,0
3808,10
3809,0
3810,-4
3811,6
3812,-4
3813,0
3814,4
3815,0
3816,0
3817,0
3818,0
3819,-2
3820,0
3821,0
3822,0
3823,0
3824,-6
3825,10
3826,0
3827,0
3828,0
3829,0
3830,0
3831,-4
3832,0
3833,6
3834,-8
3835,0
3836,2
3837,4
3838,0
3839,0
3840,0
3841,0
3842,-4
3843,0
3844,2
3845,0
3846,0
3847,0
3848,2
3849,2
3850,-4
3851,0
3852,0
3853,0
3854,0
3855,0
3856,0
3857,-4
3858,6
3859,0
3860,0
3861,0
3862,0
3863,2
3864,0
3865,0
3866,0
3867,0
3868,6
3869,0
3870,0
3871,0
3872,-4
3873,-4
3874,0
3875,0
3876,0
3877,-4
3878,0
3879,-4
3880,0
3881,0
3882,0
3883,0
3884,0
3885,-2
3886,0
3887,0
3888,-4
3889,0
3890,0
3891,-2
3892,-4
3893,-2
3894,-4
3895,-2
3896,0
3897,0
3898,0
3899,-4
3900,-4
3901,-4
3902,0
3903,0
3904,-4
3905,0
3906,0
3907,0
3908,-4
3909,-4
3910,0
3911,-4
3912,-4
3913,-4
3914,0
3915,0
3916,4
3917,0
3918,0
3919,0
3920,0
3921,-4
3922,0
3923,0
3924,0
3925,0
3926,0
3927,0
3928,0
3929,0
3930,0
3931,0
3932,0
3933,4
3934,-4
3935,0
3936,0
3937,0
3938,0
3939,0
3940,0
3941,2
3942,-4
3943,0
3944,0
3945,2
3946,-4
3947,0
3948,0
3949,2
3950,0
3951,0
3952,6
3953,4
3954,2
3955,6
3956,2
3957,0
3958,0
3959,0
3960,0
3961,2
3962,0
3963,0
3964,0
3965,0
3966,-4
3967,-6
3968,0
3969,0
3970,0
3971,0
3972,0
3973,0
3974,-4
3975,0
3976,2
3977,0
3978,-4
3979,0
3980,0
3981,-4
3982,0
3983,0
3984,0
3985,0
3986,-4
3987,-4
3988,0
3989,0
3990,0
3991,0
3992,0
3993,-4
3994,-4
3995,-4
3996,0
3997,0
3998,-4
3999,0
4000,0
4001,0
4002,-4
4003,-4
4004,0
4005,0
4006,-2
4007,0
4008,0
4009,0
4010,-4
4011,0
4012,-4
4013,0
4014,6
4015,-4
4016,0
4017,0
4018,4
4019,0
4020,0
4021,0
4022,0
4023,0
4024,0
4025,0
4026,0
4027,0
4028,0
4029,0
4030,6
4031,0
4032,0
4033,0
4034,4
4035,-4
4036,0
4037,-4
4038,0
4039,0
4040,0
4041,2
4042,0
4043,0
4044,0
4045,0
4046,6
4047,10
4048,4
4049,6
4050,6
4051,0
4052,0
4053,-6
4054,0
4055,2
4056,0
4057,0
4058,0
4059,-4
4060,0
4061,0
4062,2
4063,-4
4064,4
4065,0
4066,0
4067,0
4068,0
4069,0
4070,-4
4071,0
4072,0
4073,0
4074,0
4075,0
4076,0
4077,0
4078,0
4079,-4
4080,-4
4081,0
4082,4
4083,2
4084,0
4085,-4
4086,-4
4087,0
4088,0
4089,0
4090,0
4091,0
4092,0
4093,-4
4094,0
4095,-4
4096,-4
4097,0
4098,0
4099,-4
4100,-4
4101,0
4102,-4
4103,6
4104,-4
4105,0
4106,0
4107,-4
4108,0
4109,0
4110,-4
4111,0
4112,-6
4113,0
4114,0
4115,2
4116,0
4117,-4
4118,-4
4119,2
4120,0
4121,0
4122,2
4123,0
4124,0
4125,-4
4126,0
4127,0
4128,2
4129,-4
4130,0
4131,0
4132,0
4133,-4
4134,0
4135,0
4136,4
4137,0
4138,0
4139,0
4140,0
4141,0
4142,0
4143,0
4144,0
4145,4
4146,2
4147,0
4148,0
4149,2
4150,4
4151,4
4152,0
4153,4
4154,2
4155,0
4156,10
4157,0
4158,4
4159,0
4160,0
4161,4
4162,0
4163,0
4164,0
4165,-4
4166,-4
4167,6
4168,0
4169,2
4170,0
4171,-4
4172,0
4173,0
4174,0
4175,0
4176,-4
4177,0
4178,-4
4179,0
4180,2
4181,-4
4182,0
4183,0
4184,0
4185,-4
4186,-4
4187,0
4188,0
4189,0
4190,-2
4191,-4
4192,-4
4193,0
4194,-4
4195,-4
4196,0
4197,-4
4198,0
4199,-4
4200,-4
4201,-4
4202,0
4203,-4
4204,0
4205,0
4206,-4
4207,-4
4208,4
4209,0
4210,-4
4211,6
4212,0
4213,-4
4214,0
4215,-4
4216,-4
4217,2
4218,2
4219,0
4220,-10
4221,0
4222,0
4223,6
4224,0
4225,0
4226,6
4227,0
4228,-4
4229,0
4230,-4
4231,0
4232,0
4233,0
4234,0
4235,0
4236,4
4237,2
4238,0
4239,2
4240,2
4241,0
4242,0
4243,4
4244,0
4245,-4
4246,0
4247,0
4248,0
4249,6
4250,4
4251,0
4252,0
4253,2
4254,2
4255,0
4256,0
4257,0
4258,-4
4259,0
4260,0
4261,0
4262,0
4263,2
4264,2
4265,0
4266,0
4267,-4
4268,4
4269,0
4270,0
4271,0
4272,0
4273,0
4274,0
4275,0
4276,0
4277,-4
4278,0
4279,-4
4280,-4
4281,2
4282,-4
4283,0
4284,0
4285,-6
4286,0
4287,0
4288,0
4289,0
4290,0
4291,-4
4292,0
4293,0
4294,0
4295,0
4296,0
4297,0
4298,-4
4299,0
4300,-4
4301,0
4302,0
4303,0
4304,0
4305,-4
4306,-4
4307,0
4308,-2
4309,0
4310,0
4311,0
4312,-4
4313,-6
4314,0
4315,-4
4316,-4
4317,0
4318,0
4319,0
4320,0
4321,0
4322,0
4323,0
4324,2
4325,0
4326,0
4327,-4
4328,-4
4329,0
4330,0
4331,0
4332,0
4333,0
4334,-4
4335,0
4336,0
4337,0
4338,0
4339,0
4340,0
4341,2
4342,0
4343,0
4344,0
4345,0
4346,0
4347,-4
4348,0
4349,0
4350,0
4351,0
4352,0
4353,0
4354,2
4355,-4
4356,0
4357,0
4358,0
4359,0
4360,0
4361,0
4362,0
4363,4
4364,0
4365,4
4366,0
4367,4
4368,-4
4369,2
4370,-6
4371,0
4372,-4
4373,-4
4374,0
4375,0
4376,0
4377,0
4378,0
4379,0
4380,0
4381,0
4382,0
4383,-4
4384,0
4385,0
4386,-4
4387,0
4388,0
4389,-4
4390,0
4391,0
4392,0
4393,-4
4394,0
4395,0
4396,0
4397,-4
4398,-4
4399,0
4400,-4
4401,-4
4402,2
4403,0
4404,0
4405,2
4406,-4
4407,-4
4408,-4
4409,-4
4410,2
4411,0
4412,0
4413,-4
4414,0
4415,-4
4416,0
4417,0
4418,0
4419,0
4420,-2
4421,4
4422,-4
4423,0
4424,0
4425,2
4426,0
4427,0
4428,0
4429,10
4430,-4
4431,-4
4432,2
4433,0
4434,0
4435,0
4436,0
4437,0
4438,-4
4439,0
4440,0
4441,0
4442,0
4443,-4
4444,0
4445,2
4446,0
4447,0
4448,-4
4449,4
4450,6
4451,-4
4452,2
4453,6
4454,0
4455,0
4456,0
4457,6
4458,0
4459,2
4460,0
4461,2
4462,0
4463,4
4464,6
4465,0
4466,6
4467,-4
4468,0
4469,-4
4470,4
4471,2
4472,-4
4473,0
4474,0
4475,2
4476,0
4477,0
4478,2
4479,0
4480,0
4481,0
4482,-4
4483,0
4484,6
4485,-4
4486,0
4487,-4
4488,-6
4489,-4
4490,-4
4491,4
4492,0
4493,0
4494,-4
4495,0
4496,0
4497,-4
4498,0
4499,0
4500,-4
4501,-4
4502,-4
4503,0
4504,-4
4505,0
4506,0
4507,0
4508,0
4509,-4
4510,-4
4511,-4
4512,-4
4513,0
4514,0
4515,0
4516,0
4517,0
4518,4
4519,-4
4520,0
4521,0
4522,-6
4523,0
4524,0
4525,0
4526,0
4527,-4
4528,2
4529,0
4530,0
4531,0
4532,-4
4533,0
4534,0
4535,0
4536,0
4537,0
4538,0
4539,0
4540,0
4541,0
4542,0
4543,0
4544,2
4545,0
4546,2
4547,0
4548,0
4549,4
4550,2
4551,0
4552,-8
4553,0
4554,0
4555,0
4556,0
4557,4
4558,6
4559,0
4560,0
4561,0
4562,0
4563,4
4564,0
4565,0
4566,0
4567,-4
4568,0
4569,4
4570,0
4571,-4
4572,0
4573,0
4574,0
4575,-4
4576,0
4577,0
4578,-4
4579,0
4580,4
4581,0
4582,2
4583,0
4584,2
4585,-4
4586,0
4587,-4
4588,-4
4589,-4
4590,0
4591,-4
4592,-4
4593,-4
4594,-4
4595,0
4596,0
4597,-4
4598,0
4599,0
4600,0
4601,0
4602,0
4603,0
4604,-4
4605,0
4606,-4
4607,0
4608,-6
4609,0
4610,0
4611,0
4612,0
4613,-4
4614,0
4615,0
4616,-4
4617,0
4618,0
4619,0
4620,-4
4621,0
4622,0
4623,0
4624,0
4625,0
4626,0
4627,0
4628,-4
4629,2
4630,-4
4631,-4
4632,0
4633,0
4634,-4
4635,0
4636,2
4637,0
4638,0
4639,0
4640,0
4641,2
4642,0
4643,0
4644,0
4645,2
4646,-4
4647,-6
4648,0
4649,0
4650,0
4651,4
4652,0
4653,0
4654,6
4655,0
4656,0
4657,0
4658,-12
4659,6
4660,2
4661,4
4662,0
4663,0
4664,0
4665,0
4666,-4
4667,0
4668,2
4669,0
4670,-4
4671,0
4672,6
4673,0
4674,0
4675,0
4676,0
4677,0
4678,0
4679,-4
4680,0
4681,0
4682,0
4683,0
4684,0
4685,0
4686,0
4687,0
4688,-4
4689,-4
4690,0
4691,0
4692,-4
4693,-4
4694,0
4695,-4
4696,-4
4697,0
4698,-2
4699,-4
4700,-4
4701,-4
4702,-4
4703,0
4704,-4
4705,-4
4706,-4
4707,0
4708,0
4709,-2
4710,0
4711,0
4712,0
4713,0
4714,-4
4715,-4
4716,0
4717,-4
4718,0
4719,0
4720,-4
4721,0
4722,0
4723,6
4724,0
4725,0
4726,0
4727,0
4728,-4
4729,6
4730,-4
4731,0
4732,2
4733,0
4734,0
4735,0
4736,2
4737,2
4738,6
4739,0
4740,0
4741,-4
4742,0
4743,-4
4744,0
4745,0
4746,-6
4747,0
4748,-4
4749,0
4750,0
4751,0
4752,0
4753,0
4754,0
4755,0
4756,0
4757,0
4758,4
4759,0
4760,10
4761,2
4762,0
4763,0
4764,0
4765,0
4766,0
4767,-6
4768,0
4769,0
4770,10
4771,0
4772,0
4773,0
4774,0
4775,0
4776,0
4777,0
4778,-4
4779,0
4780,0
4781,-4
4782,-6
4783,0
4784,2
4785,2
4786,0
4787,0
4788,-4
4789,0
4790,0
4791,0
4792,0
4793,0
4794,10
4795,0
4796,4
4797,-4
4798,-8
4799,-4
4800,0
4801,-4
4802,2
4803,-4
4804,0
4805,6
4806,0
4807,6
4808,0
4809,0
4810,-4
4811,0
4812,0
4813,0
4814,-4
4815,0
4816,2
4817,0
4818,0
4819,0
4820,0
4821,-4
4822,0
4823,0
4824,2
4825,-4
4826,0
4827,-4
4828,0
4829,0
4830,-4
4831,0
4832,0
4833,0
4834,0
4835,2
4836,0
4837,0
4838,0
4839,2
4840,2
4841,0
4842,2
4843,0
4844,0
4845,0
4846,0
4847,0
4848,0
4849,0
4850,0
4851,0
4852,0
4853,0
4854,0
4855,0
4856,0
4857,0
4858,2
4859,6
4860,2
4861,0
4862,4
4863,0
4864,0
4865,2
4866,10
4867,0
4868,0
4869,-4
4870,0
4871,0
4872,0
4873,0
4874,0
4875,0
4876,0
4877,0
4878,-4
4879,0
4880,0
4881,0
4882,-4
4883,0
4884,0
4885,0
4886,0
4887,0
4888,0
4889,0
4890,-10
4891,-2
4892,-4
4893,-4
4894,0
4895,-2
4896,-4
4897,-4
4898,0
4899,0
4900,-4
4901,-4
4902,-4
4903,-4
4904,0
4905,0
4906,0
4907,0
4908,0
4909,-4
4910,0
4911,-4
4912,0
4913,-4
4914,0
4915,-4
4916,0
4917,0
4918,6
4919,0
4920,-4
4921,0
4922,0
4923,0
4924,0
4925,2
4926,0
4927,0
4928,2
4929,0
4930,0
4931,0
4932,0
4933,0
4934,-4
4935,0
4936,0
4937,2
4938,0
4939,0
4940,0
4941,0
4942,2
4943,0
4944,0
4945,-4
4946,0
4947,0
4948,0
4949,0
4950,2
4951,0
4952,4
4953,4
4954,2
4955,0
4956,0
4957,0
4958,2
4959,0
4960,4
4961,0
4962,-4
4963,0
4964,0
4965,-4
4966,0
4967,0
4968,0
4969,-4
4970,0
4971,0
4972,2
4973,0
4974,4
4975,-6
4976,4
4977,0
4978,0
4979,-4
4980,-4
4981,0
4982,-4
4983,-4
4984,0
4985,0
4986,0
4987,-4
4988,0
4989,0
4990,-4
4991,0
4992,2
4993,0
4994,-4
4995,-2
4996,0
4997,-4
4998,-4
4999,0
5000,-4
5001,-4
5002,-4
5003,0
5004,-4
5005,-4
5006,0
5007,0
5008,-4
5009,-4
5010,0
5011,2
5012,0
5013,0
5014,0
5015,0
5016,-4
5017,6
5018,0
5019,0
5020,6
5021,0
5022,0
5023,0
5024,2
5025,0
5026,0
5027,-8
5028,0
5029,0
5030,-4
5031,4
5032,0
5033,0
5034,-4
5035,0
5036,2
5037,0
5038,0
5039,0
5040,-6
5041,0
5042,0
5043,0
5044,0
5045,0
5046,0
5047,0
5048,0
5049,0
5050,0
5051,2
5052,0
5053,2
5054,2
5055,0
5056,0
5057,0
5058,6
5059,0
5060,2
5061,6
5062,0
5063,0
5064,6
5065,0
5066,0
5067,0
5068,-4
5069,-4
5070,0
5071,0
5072,-4
5073,-4
5074,0
5075,0
5076,0
5077,2
5078,-4
5079,0
5080,0
5081,0
5082,0
5083,0
5084,-4
5085,0
5086,-4
5087,4
5088,0
5089,0
5090,0
5091,-4
5092,-4
5093,-4
5094,0
5095,0
5096,0
5097,0
5098,0
5099,0
5100,-4
5101,-4
5102,-4
5103,0
5104,0
5105,0
5106,0
5107,-4
5108,0
5109,0
5110,-2
5111,-4
5112,0
5113,-4
5114,0
5115,-4
5116,-4
5117,-4
5118,2
5119,0
5120,0
5121,-4
5122,0
5123,6
5124,0
5125,0
5126,0
5127,0
5128,0
5129,-4
5130,0
5131,4
5132,0
5133,0
5134,0
5135,0
5136,2
5137,0
5138,2
5139,0
5140,2
5141,0
5142,0
5143,0
5144,0
5145,0
5146,0
5147,0
5148,2
5149,0
5150,0
5151,0
5152,4
5153,0
5154,0
5155,2
5156,0
5157,0
5158,0
5159,0
5160,0
5161,0
5162,0
5163,0
5164,6
5165,0
5166,-4
5167,-4
5168,0
5169,0
5170,0
5171,0
5172,0
5173,0
5174,0
5175,0
5176,0
5177,0
5178,0
5179,0
5180,0
5181,-4
5182,0
5183,-4
5184,0
5185,0
5186,0
5187,0
5188,0
5189,0
5190,0
5191,-4
5192,0
5193,0
5194,-4
5195,-4
5196,0
5197,-4
5198,-4
5199,0
5200,0
5201,-4
5202,0
5203,-4
5204,-4
5205,0
5206,-4
5207,-4
5208,0
5209,0
5210,-4
5211,0
5212,0
5213,-4
5214,0
5215,-4
5216,0
5217,0
5218,-4
5219,0
5220,0
5221,2
5222,-4
5223,0
5224,0
5225,-6
5226,0
5227,0
5228,0
5229,-4
5230,0
5231,0
5232,4
5233,0
5234,0
5235,0
5236,2
5237,2
5238,0
5239,0
5240,0
5241,0
5242,-4
5243,0
5244,0
5245,0
5246,0
5247,-4
5248,-4
5249,2
5250,2
5251,0
5252,2
5253,0
5254,0
5255,2
5256,0
5257,0
5258,0
5259,2
5260,0
5261,4
5262,2
5263,0
5264,-4
5265,-4
5266,0
5267,0
5268,-4
5269,6
5270,0
5271,0
5272,0
5273,-4
5274,0
5275,2
5276,0
5277,0
5278,0
5279,0
5280,-4
5281,0
5282,0
5283,0
5284,-4
5285,-2
5286,-4
5287,0
5288,0
5289,0
5290,0
5291,-4
5292,0
5293,-4
5294,-2
5295,0
5296,-4
5297,0
5298,-4
5299,0
5300,-2
5301,-6
5302,-4
5303,0
5304,-4
5305,-4
5306,-4
5307,-4
5308,0
5309,0
5310,0
5311,-4
5312,0
5313,0
5314,0
5315,0
5316,2
5317,0
5318,2
5319,0
5320,0
5321,0
5322,-4
5323,0
5324,0
5325,0
5326,0
5327,0
5328,6
5329,0
5330,2
5331,0
5332,0
5333,0
5334,-4
5335,0
5336,2
5337,0
5338,0
5339,0
5340,6
5341,-4
5342,0
5343,0
5344,0
5345,0
5346,4
5347,0
5348,2
5349,2
5350,2
5351,2
5352,4
5353,2
5354,0
5355,0
5356,2
5357,4
5358,0
5359,4
5360,0
5361,0
5362,-4
5363,0
5364,0
5365,-4
5366,0
5367,0
5368,0
5369,0
5370,0
5371,0
5372,0
5373,0
5374,0
5375,0
5376,0
5377,0
5378,0
5379,0
5380,-4
5381,0
5382,0
5383,0
5384,-4
5385,4
5386,0
5387,0
5388,0
5389,0
5390,-4
5391,-4
5392,-4
5393,-4
5394,-4
5395,0
5396,0
5397,-10
5398,0
5399,0
5400,-6
5401,-4
5402,0
5403,-4
5404,0
5405,-4
5406,0
5407,0
5408,0
5409,0
5410,-4
5411,0
5412,0
5413,0
5414,-4
5415,0
5416,0
5417,0
5418,0
5419,0
5420,0
5421,-2
5422,4
5423,0
5424,0
5425,0
5426,0
5427,0
5428,0
5429,0
5430,4
5431,0
5432,0
5433,0
5434,0
5435,-4
5436,-4
5437,0
5438,2
5439,0
5440,0
5441,0
5442,0
5443,0
5444,-4
5445,0
5446,0
5447,2
5448,0
5449,-6
5450,0
5451,4
5452,2
5453,4
5454,0
5455,0
5456,0
5457,0
5458,4
5459,2
5460,0
5461,0
5462,0
5463,-4
5464,0
5465,0
5466,2
5467,0
5468,-4
5469,0
5470,0
5471,-12
5472,0
5473,0
5474,0
5475,2
5476,0
5477,0
5478,0
5479,0
5480,-4
5481,0
5482,-4
5483,0
5484,0
5485,-4
5486,0
5487,0
5488,0
5489,0
5490,2
5491,0
5492,-4
5493,0
5494,-4
5495,-4
5496,0
5497,0
5498,0
5499,0
5500,-4
5501,-4
5502,0
5503,6
5504,-4
5505,-4
5506,-4
5507,0
5508,-4
5509,0
5510,-4
5511,0
5512,0
5513,0
5514,0
5515,0
5516,0
5517,-4
5518,0
5519,0
5520,2
5521,0
5522,-10
5523,0
5524,0
5525,0
5526,0
5527,2
5528,0
5529,0
5530,0
5531,0
5532,0
5533,0
5534,-4
5535,0
5536,0
5537,0
5538,0
5539,0
5540,0
5541,0
5542,0
5543,0
5544,0
5545,2
5546,0
5547,0
5548,0
5549,2
5550,0
5551,2
5552,0
5553,-4
5554,2
5555,0
5556,-4
5557,2
5558,0
5559,0
5560,4
5561,0
5562,2
5563,2
5564,2
5565,2
5566,4
5567,0
5568,-4
5569,0
5570,-14
5571,0
5572,0
5573,0
5574,0
5575,0
5576,0
5577,0
5578,-10
5579,0
5580,-2
5581,0
5582,0
5583,0
5584,0
5585,0
5586,0
5587,0
5588,0
5589,0
5590,0
5591,-4
5592,-2
5593,-4
5594,0
5595,0
5596,-4
5597,-4
5598,0
5599,-4
5600,0
5601,-4
5602,2
5603,-4
5604,0
5605,-4
5606,0
5607,-4
5608,-4
5609,0
5610,0
5611,-4
5612,0
5613,-4
5614,0
5615,-4
5616,-4
5617,-4
5618,0
5619,0
5620,0
5621,-4
5622,0
5623,0
5624,0
5625,-4
5626,0
5627,2
5628,0
5629,-4
5630,0
5631,4
5632,0
5633,2
5634,0
5635,-4
5636,0
5637,0
5638,0
5639,0
5640,0
5641,4
5642,0
5643,4
5644,-4
5645,0
5646,0
5647,2
5648,0
5649,0
5650,0
5651,2
5652,4
5653,0
5654,0
5655,0
5656,0
5657,2
5658,0
5659,0
5660,0
5661,0
5662,0
5663,-14
5664,0
5665,0
5666,6
5667,0
5668,0
5669,0
5670,0
5671,0
5672,0
5673,0
5674,0
5675,0
5676,0
5677,0
5678,4
5679,-4
5680,-4
5681,0
5682,0
5683,-4
5684,0
5685,0
5686,-4
5687,-4
5688,-4
5689,-4
5690,0
5691,-4
5692,0
5693,2
5694,10
5695,-4
5696,0
5697,0
5698,-4
5699,0
5700,0
5701,-4
5702,0
5703,0
5704,0
5705,0
5706,-4
5707,-4
5708,0
5709,-6
5710,0
5711,0
5712,6
5713,-4
5714,0
5715,0
5716,0
5717,0
5718,0
5719,2
5720,0
5721,6
5722,0
5723,0
5724,6
5725,0
5726,0
5727,0
5728,-4
5729,2
5730,0
5731,0
5732,-4
5733,0
5734,-4
5735,-4
5736,-4
5737,2
5738,0
5739,2
5740,0
5741,0
5742,0
5743,0
5744,0
5745,2
5746,0
5747,0
5748,-4
5749,0
5750,0
5751,0
5752,4
5753,0
5754,0
5755,6
5756,0
5757,0
5758,0
5759,-4
5760,0
5761,0
5762,0
5763,0
5764,0
5765,-4
5766,0
5767,-4
5768,0
5769,2
5770,0
5771,-2
5772,0
5773,0
5774,0
5775,0
5776,0
5777,-2
5778,0
5779,0
5780,0
5781,-4
5782,-4
5783,0
5784,0
5785,0
5786,-4
5787,-4
5788,0
5789,0
5790,-4
5791,-4
5792,-4
5793,-4
5794,-4
5795,-4
5796,0
5797,0
5798,0
5799,-4
5800,-4
5801,-4
5802,-4
5803,0
5804,0
5805,-4
5806,-4
5807,0
5808,-4
5809,0
5810,0
5811,-4
5812,-4
5813,-4
5814,0
5815,-4
5816,-4
5817,2
5818,0
5819,0
5820,-2
5821,0
5822,-4
5823,2
5824,0
5825,0
5826,0
5827,-4
5828,0
5829,0
5830,0
5831,0
5832,0
5833,0
5834,0
5835,-4
5836,0
5837,0
5838,10
5839,0
5840,0
5841,0
5842,0
5843,0
5844,0
5845,0
5846,0
5847,0
5848,2
5849,0
5850,2
5851,2
5852,0
5853,0
5854,0
5855,0
5856,6
5857,0
5858,0
5859,0
5860,0
5861,-4
5862,0
5863,0
5864,6
5865,0
5866,0
5867,0
5868,0
5869,0
5870,-4
5871,-4
5872,0
5873,-4
5874,0
5875,0
5876,0
5877,0
5878,-4
5879,0
5880,0
5881,-4
5882,0
5883,0
5884,0
5885,0
5886,0
5887,0
5888,0
5889,-4
5890,-2
5891,0
5892,-4
5893,-4
5894,0
5895,0
5896,-4
5897,-4
5898,-4
5899,0
5900,-4
5901,-4
5902,-4
5903,-4
5904,0
5905,-4
5906,6
5907,-4
5908,0
5909,-4
5910,-4
5911,-4
5912,0
5913,-4
5914,0
5915,2
5916,-4
5917,0
5918,0
5919,-4
5920,2
5921,0
5922,0
5923,-6
5924,0
5925,0
5926,0
5927,-4
5928,0
5929,0
5930,0
5931,0
5932,0
5933,0
5934,0
5935,0
5936,0
5937,0
5938,2
5939,0
5940,0
5941,0
5942,2
5943,0
5944,0
5945,0
5946,0
5947,-4
5948,0
5949,4
5950,4
5951,0
5952,0
5953,4
5954,2
5955,2
5956,0
5957,0
5958,0
5959,0
5960,4
5961,0
5962,4
5963,0
5964,0
5965,0
5966,0
5967,2
5968,0
5969,0
5970,0
5971,0
5972,0
5973,0
5974,-4
5975,-4
5976,0
5977,0
5978,-4
5979,-4
5980,-4
5981,-4
5982,-4
5983,0
5984,0
5985,0
5986,-4
5987,0
5988,0
5989,0
5990,0
5991,-4
5992,-4
5993,0
5994,2
5995,0
5996,0
5997,0
5998,0
5999,-4
6000,-4
6001,-6
6002,0
6003,-4
6004,0
6005,0
6006,0
6007,0
6008,-4
6009,0
6010,0
6011,0
6012,-4
6013,-4
6014,0
6015,0
6016,0
6017,-4
6018,4
6019,0
6020,-4
6021,0
6022,-4
6023,0
6024,0
6025,-8
6026,6
6027,2
6028,0
6029,0
6030,0
6031,0
6032,0
6033,0
6034,0
6035,0
6036,0
6037,2
6038,0
6039,4
6040,0
6041,0
6042,0
6043,0
6044,0
6045,0
6046,0
6047,0
6048,0
6049,0
6050,0
6051,2
6052,0
6053,0
6054,0
6055,0
6056,2
6057,-4
6058,0
6059,0
6060,0
6061,-10
6062,0
6063,0
6064,6
6065,-12
6066,0
6067,0
6068,0
6069,6
6070,0
6071,-4
6072,0
6073,0
6074,0
6075,0
6076,-4
6077,0
6078,0
6079,0
6080,0
6081,0
6082,0
6083,0
6084,0
6085,0
6086,-2
6087,-4
6088,0
6089,2
6090,0
6091,0
6092,0
6093,-4
6094,0
6095,0
6096,0
6097,0
6098,-4
6099,0
6100,-10
6101,-4
6102,-4
6103,-4
6104,-4
6105,0
6106,0
6107,-4
6108,0
6109,0
6110,-4
6111,0
6112,0
6113,-4
6114,0
6115,0
6116,0
6117,0
6118,-4
6119,-4
6120,0
6121,0
6122,-4
6123,4
6124,0
6125,0
6126,0
6127,0
6128,-4
6129,0
6130,0
6131,-4
6132,-4
6133,0
6134,0
6135,-4
6136,0
6137,0
6138,0
6139,0
6140,0
6141,2
6142,0
6143,0
6144,4
6145,0
6146,0
6147,0
6148,0
6149,0
6150,-4
6151,-4
6152,0
6153,4
6154,0
6155,0
6156,0
6157,0
6158,2
6159,0
6160,-4
6161,6
6162,0
6163,-4
6164,2
6165,0
6166,0
6167,0
6168,-2
6169,0
6170,-4
6171,0
6172,0
6173,0
6174,0
6175,0
6176,0
6177,0
6178,0
6179,0
6180,0
6181,-4
6182,0
6183,0
6184,0
6185,0
6186,-4
6187,0
6188,-4
6189,0
6190,0
6191,-4
6192,-4
6193,-4
6194,-4
6195,-4
6196,6
6197,-4
6198,0
6199,0
6200,0
6201,0
6202,-4
6203,-4
6204,0
6205,0
6206,-4
6207,-4
6208,-4
6209,0
6210,2
6211,-4
6212,0
6213,-4
6214,0
6215,4
6216,-4
6217,0
6218,0
6219,0
6220,-4
6221,-4
6222,0
6223,4
6224,0
6225,-4
6226,4
6227,0
6228,0
6229,0
6230,0
6231,0
6232,0
6233,0
6234,0
6235,0
6236,0
6237,0
6238,0
6239,2
6240,0
6241,2
6242,0
6243,0
6244,2
6245,2
6246,0
6247,0
6248,0
6249,0
6250,0
6251,0
6252,0
6253,10
6254,-4
6255,0
6256,0
6257,2
6258,0
6259,0
6260,4
6261,0
6262,0
6263,0
6264,-4
6265,0
6266,0
6267,0
6268,-10
6269,0
6270,0
6271,0
6272,-4
6273,0
6274,-4
6275,0
6276,-4
6277,0
6278,0
6279,0
6280,0
6281,0
6282,0
6283,2
6284,0
6285,0
6286,-4
6287,-4
6288,-4
6289,-4
6290,0
6291,0
6292,0
6293,0
6294,0
6295,-4
6296,0
6297,-4
6298,-4
6299,0
6300,-4
6301,-4
6302,-4
6303,0
6304,0
6305,0
6306,-8
6307,0
6308,-4
6309,-4
6310,-4
6311,0
6312,-4
6313,-4
6314,-4
6315,-4
6316,-4
6317,0
6318,2
6319,0
6320,0
6321,0
6322,0
6323,-2
6324,0
6325,0
6326,0
6327,-2
6328,0
6329,0
6330,0
6331,0
6332,0
6333,0
6334,0
6335,0
6336,0
6337,0
6338,0
6339,0
6340,2
6341,0
6342,-4
6343,0
6344,0
6345,0
6346,0
6347,-4
6348,0
6349,0
6350,0
6351,4
6352,4
6353,0
6354,0
6355,2
6356,0
6357,0
6358,0
6359,0
6360,0
6361,0
6362,0
6363,0
6364,-14
6365,0
6366,0
6367,0
6368,0
6369,0
6370,0
6371,-4
6372,0
6373,0
6374,0
6375,0
6376,0
6377,0
6378,-4
6379,4
6380,-4
6381,0
6382,0
6383,0
6384,0
6385,-4
6386,-4
6387,0
6388,0
6389,0
6390,0
6391,2
6392,-4
6393,0
6394,0
6395,0
6396,0
6397,0
6398,0
6399,-4
6400,0
6401,-2
6402,0
6403,-4
6404,0
6405,0
6406,-4
6407,-4
6408,-4
6409,0
6410,-4
6411,-4
6412,0
6413,0
6414,0
6415,0
6416,0
6417,0
6418,-4
6419,0
6420,-2
6421,0
6422,0
6423,0
6424,0
6425,0
6426,0
6427,0
6428,0
6429,2
6430,-4
6431,0
6432,-4
6433,0
6434,6
6435,0
6436,6
6437,0
6438,0
6439,2
6440,-4
6441,2
6442,-4
6443,0
6444,0
6445,2
6446,2
6447,2
6448,6
6449,0
6450,0
6451,2
6452,0
6453,0
6454,0
6455,-4
6456,0
6457,4
6458,4
6459,0
6460,0
6461,0
6462,-4
6463,0
6464,-4
6465,2
6466,4
6467,2
6468,0
6469,0
6470,2
6471,0
6472,0
6473,0
6474,0
6475,0
6476,-4
6477,0
6478,0
6479,2
6480,0
6481,0
6482,0
6483,0
6484,-4
6485,0
6486,0
6487,-4
6488,-4
6489,0
6490,-4
6491,-4
6492,-4
6493,-4
6494,0
6495,0
6496,-4
6497,0
6498,0
6499,0
6500,-4
6501,0
6502,-4
6503,0
6504,-4
6505,0
6506,0
6507,-4
6508,0
6509,-4
6510,0
6511,-4
6512,-4
6513,0
6514,0
6515,-2
6516,-4
6517,-8
6518,0
6519,-4
6520,0
6521,-4
6522,-4
6523,0
6524,0
6525,-4
6526,2
6527,0
6528,0
6529,0
6530,0
6531,0
6532,0
6533,0
6534,0
6535,10
6536,0
6537,0
6538,0
6539,0
6540,0
6541,-4
6542,2
6543,0
6544,0
6545,-4
6546,2
6547,0
6548,4
6549,-4
6550,0
6551,0
6552,-6
6553,0
6554,0
6555,0
6556,2
6557,0
6558,0
6559,0
6560,0
6561,2
6562,0
6563,0
6564,0
6565,4
6566,-4
6567,2
6568,0
6569,0
6570,0
6571,-4
6572,0
6573,0
6574,0
6575,0
6576,0
6577,-4
6578,0
6579,6
6580,-4
6581,0
6582,2
6583,-4
6584,0
6585,-4
6586,0
6587,0
6588,-4
6589,-4
6590,-4
6591,0
6592,0
6593,0
6594,0
6595,-4
6596,0
6597,-4
6598,-4
6599,0
6600,0
6601,-4
6602,-4
6603,-4
6604,-4
6605,0
6606,0
6607,2
6608,0
6609,0
6610,-4
6611,-4
6612,0
6613,-4
6614,-4
6615,0
6616,0
6617,-4
6618,0
6619,-4
6620,0
6621,0
6622,0
6623,0
6624,0
6625,0
6626,0
6627,0
6628,2
6629,0
6630,2
6631,0
6632,0
6633,0
6634,0
6635,0
6636,0
6637,0
6638,0
6639,0
6640,0
6641,0
6642,2
6643,0
6644,0
6645,0
6646,2
6647,0
6648,-4
6649,0
6650,0
6651,0
6652,0
6653,0
6654,2
6655,0
6656,6
6657,0
6658,0
6659,0
6660,2
6661,0
6662,0
6663,-4
6664,2
6665,2
6666,0
6667,0
6668,0
6669,0
6670,0
6671,0
6672,0
6673,-4
6674,0
6675,0
6676,0
6677,0
6678,0
6679,0
6680,0
6681,-4
6682,0
6683,0
6684,0
6685,0
6686,0
6687,-4
6688,-2
6689,-4
6690,0
6691,0
6692,-4
6693,0
6694,-4
6695,-4
6696,0
6697,-4
6698,-4
6699,0
6700,0
6701,-4
6702,-4
6703,0
6704,0
6705,-4
6706,0
6707,0
6708,0
6709,6
6710,-2
6711,0
6712,-4
6713,0
6714,0
6715,-4
6716,-4
6717,0
6718,2
6719,-4
6720,0
6721,0
6722,0
6723,-4
6724,0
6725,0
6726,0
6727,0
6728,0
6729,-4
6730,2
6731,0
6732,0
6733,0
6734,-4
6735,0
6736,0
6737,2
6738,0
6739,0
6740,2
6741,0
6742,4
6743,0
6744,0
6745,0
6746,0
6747,4
6748,0
6749,0
6750,0
6751,0
6752,0
6753,0
6754,0
6755,0
6756,-4
6757,0
6758,0
6759,0
6760,6
6761,0
6762,0
6763,0
6764,0
6765,2
6766,-4
6767,-4
6768,0
6769,2
6770,2
6771,0
6772,0
6773,0
6774,0
6775,0
6776,0
6777,0
6778,6
6779,0
6780,0
6781,0
6782,-4
6783,-4
6784,0
6785,0
6786,0
6787,0
6788,0
6789,0
6790,0
6791,0
6792,-4
6793,-4
6794,-4
6795,0
6796,-4
6797,-4
6798,0
6799,0
6800,0
6801,-4
6802,0
6803,0
6804,0
6805,-4
6806,-4
6807,0
6808,0
6809,0
6810,-2
6811,-4
6812,0
6813,-4
6814,0
6815,-12
6816,0
6817,0
6818,0
6819,6
6820,0
6821,-4
6822,0
6823,0
6824,0
6825,0
6826,0
6827,0
6828,0
6829,4
6830,4
6831,-4
6832,0
6833,0
6834,0
6835,0
6836,0
6837,2
6838,0
6839,0
6840,0
6841,0
6842,0
6843,0
6844,0
6845,0
6846,-4
6847,0
6848,0
6849,0
6850,0
6851,0
6852,0
6853,0
6854,0
6855,0
6856,0
6857,0
6858,0
6859,0
6860,0
6861,0
6862,2
6863,6
6864,0
6865,0
6866,4
6867,0
6868,0
6869,-4
6870,4
6871,0
6872,4
6873,0
6874,0
6875,4
6876,0
6877,-4
6878,0
6879,0
6880,-4
6881,0
6882,0
6883,0
6884,0
6885,0
6886,0
6887,-4
6888,0
6889,0
6890,-4
6891,-4
6892,0
6893,0
6894,0
6895,0
6896,2
6897,-2
6898,0
6899,0
6900,0
6901,-4
6902,0
6903,-4
6904,0
6905,0
6906,0
6907,0
6908,0
6909,-4
6910,0
6911,0
6912,-4
6913,0
6914,0
6915,2
6916,0
6917,-4
6918,-4
6919,0
6920,0
6921,6
6922,0
6923,0
6924,2
6925,2
6926,0
6927,0
6928,0
6929,0
6930,0
6931,0
6932,0
6933,6
6934,0
6935,0
6936,0
6937,0
6938,2
6939,0
6940,0
6941,0
6942,0
6943,0
6944,0
6945,0
6946,0
6947,-4
6948,4
6949,0
6950,2
6951,-4
6952,4
6953,0
6954,0
6955,0
6956,0
6957,0
6958,0
6959,0
6960,0
6961,0
6962,4
6963,2
6964,0
6965,6
6966,0
6967,0
6968,0
6969,2
6970,0
6971,4
6972,0
6973,0
6974,0
6975,0
6976,0
6977,0
6978,0
6979,0
6980,-4
6981,0
6982,0
6983,0
6984,0
6985,0
6986,0
6987,-4
6988,-4
6989,0
6990,0
6991,-4
6992,0
6993,0
6994,0
6995,0
6996,-4
6997,-2
6998,0
6999,0
7000,0
7001,-2
7002,0
7003,-4
7004,0
7005,-4
7006,0
7007,0
7008,0
7009,0
7010,0
7011,0
7012,-4
7013,-4
7014,-4
7015,-4
7016,0
7017,2
7018,2
7019,0
7020,-4
7021,0
7022,-4
7023,0
7024,2
7025,0
7026,0
7027,-4
7028,2
7029,0
7030,0
7031,2
7032,4
7033,0
7034,0
7035,0
7036,2
7037,0
7038,0
7039,2
7040,0
7041,0
7042,0
7043,4
7044,0
7045,2
7046,0
7047,-4
7048,-4
7049,0
7050,0
7051,0
7052,2
7053,0
7054,2
7055,-2
7056,6
7057,0
7058,2
7059,2
7060,2
7061,-12
7062,2
7063,0
7064,0
7065,2
7066,0
7067,4
7068,0
7069,-4
7070,4
7071,-4
7072,0
7073,0
7074,-4
7075,0
7076,0
7077,0
7078,0
7079,0
7080,-4
7081,-4
7082,0
7083,0
7084,0
7085,0
7086,2
7087,0
7088,0
7089,0
7090,-4
7091,0
7092,0
7093,-4
7094,-4
7095,0
7096,0
7097,-2
7098,0
7099,0
7100,0
7101,-4
7102,-4
7103,0
7104,-4
7105,-4
7106,0
7107,0
7108,0
7109,0
7110,-4
7111,-4
7112,-4
7113,0
7114,0
7115,0
7116,-2
7117,0
7118,0
7119,0
7120,6
7121,0
7122,6
7123,0
7124,0
7125,-8
7126,0
7127,6
7128,-4
7129,0
7130,0
7131,0
7132,2
7133,0
7134,0
7135,-4
7136,2
7137,0
7138,0
7139,0
7140,-4
7141,0
7142,2
7143,0
7144,0
7145,0
7146,0
7147,0
7148,0
7149,0
7150,0
7151,0
7152,0
7153,-4
7154,0
7155,0
7156,0
7157,2
7158,0
7159,0
7160,-4
7161,0
7162,2
7163,0
7164,4
7165,0
7166,0
7167,2
7168,0
7169,0
7170,0
7171,0
7172,0
7173,0
7174,0
7175,0
7176,0
7177,0
7178,0
7179,0
7180,-4
7181,-4
7182,0
7183,0
7184,0
7185,0
7186,0
7187,0
7188,0
7189,0
7190,0
7191,0
7192,-4
7193,-4
7194,0
7195,0
7196,0
7197,0
7198,0
7199,0
7200,0
7201,-4
7202,-4
7203,-4
7204,0
7205,0
7206,-4
7207,-4
7208,-4
7209,0
7210,0
7211,-4
7212,-4
7213,0
7214,-4
7215,-4
7216,-4
7217,0
7218,2
7219,4
7220,0
7221,0
7222,0
7223,0
7224,0
7225,0
7226,0
7227,0
7228,0
7229,0
7230,-4
7231,4
7232,0
7233,0
7234,0
7235,2
7236,0
7237,0
7238,0
7239,0
7240,2
7241,2
7242,0
7243,0
7244,-4
7245,0
7246,0
7247,4
7248,0
7249,-4
7250,0
7251,4
7252,0
7253,0
7254,0
7255,0
7256,0
7257,-4
7258,0
7259,0
7260,4
7261,0
7262,2
7263,-4
7264,6
7265,0
7266,-4
7267,4
7268,0
7269,2
7270,0
7271,0
7272,0
7273,0
7274,0
7275,2
7276,-4
7277,-4
7278,0
7279,0
7280,0
7281,0
7282,6
7283,2
7284,-4
7285,0
7286,0
7287,0
7288,-4
7289,0
7290,0
7291,-4
7292,-4
7293,0
7294,0
7295,0
7296,0
7297,0
7298,0
7299,-4
7300,-2
7301,-4
7302,0
7303,-4
7304,0
7305,0
7306,-4
7307,0
7308,0
7309,10
7310,0
7311,0
7312,6
7313,0
7314,0
7315,-4
7316,0
7317,-2
7318,-6
7319,0
7320,-4
7321,-8
7322,0
7323,0
7324,0
7325,0
7326,0
7327,0
7328,0
7329,0
7330,2
7331,0
7332,0
7333,-4
7334,-4
7335,0
7336,0
7337,2
7338,0
7339,0
7340,0
7341,0
7342,0
7343,0
7344,2
7345,0
7346,0
7347,0
7348,0
7349,0
7350,0
7351,6
7352,0
7353,4
7354,0
7355,-6
7356,0
7357,0
7358,0
7359,0
7360,0
7361,0
7362,-4
7363,0
7364,0
7365,4
7366,2
7367,-4
7368,2
7369,2
7370,0
7371,0
7372,0
7373,0
7374,0
7375,-4
7376,0
7377,0
7378,0
7379,0
7380,0
7381,0
7382,0
7383,-4
7384,0
7385,2
7386,0
7387,0
7388,0
7389,0
7390,0
7391,0
7392,0
7393,-4
7394,0
7395,0
7396,0
7397,-4
7398,-4
7399,-4
7400,0
7401,-4
7402,-4
7403,-4
7404,-4
7405,0
7406,-4
7407,0
7408,0
7409,-2
7410,0
7411,0
7412,-4
7413,0
7414,-4
7415,0
7416,-4
7417,2
7418,0
7419,0
7420,-4
7421,0
7422,-4
7423,0
7424,2
7425,0
7426,0
7427,0
7428,0
7429,0
7430,-4
7431,0
7432,0
7433,-2
7434,6
7435,0
7436,2
7437,10
7438,0
7439,0
7440,0
7441,0
7442,0
7443,2
7444,4
7445,0
7446,2
7447,0
7448,0
7449,0
7450,0
7451,4
7452,0
7453,6
7454,0
7455,2
7456,-4
7457,0
7458,6
7459,2
7460,0
7461,-4
7462,2
7463,0
7464,-4
7465,0
7466,4
7467,2
7468,-4
7469,2
7470,0
7471,-4
7472,0
7473,-4
7474,0
7475,0
7476,0
7477,0
7478,0
7479,-4
7480,-4
7481,2
7482,0
7483,0
7484,0
7485,0
7486,-4
7487,0
7488,-4
7489,-4
7490,-4
7491,0
7492,0
7493,-4
7494,0
7495,6
7496,-4
7497,-4
7498,0
7499,-4
7500,0
7501,-10
7502,-4
7503,0
7504,0
7505,-4
7506,-4
7507,-4
7508,0
7509,-4
7510,-4
7511,0
7512,-4
7513,0
7514,-4
7515,0
7516,0
7517,-4
7518,0
7519,0
7520,0
7521,0
7522,-4
7523,0
7524,0
7525,0
7526,2
7527,-4
7528,0
7529,0
7530,0
7531,0
7532,-4
7533,2
7534,0
7535,0
7536,0
7537,0
7538,0
7539,0
7540,0
7541,2
7542,4
7543,2
7544,0
7545,0
7546,2
7547,0
7548,-4
7549,0
7550,0
7551,4
7552,0
7553,2
7554,0
7555,0
7556,0
7557,0
7558,0
7559,0
7560,-4
7561,2
7562,0
7563,4
7564,2
7565,0
7566,0
7567,-4
7568,0
7569,0
7570,0
7571,2
7572,0
7573,0
7574,0
7575,0
7576,0
7577,0
7578,2
7579,-6
7580,0
7581,0
7582,0
7583,0
7584,0
7585,0
7586,0
7587,0
7588,0
7589,0
7590,-4
7591,0
7592,0
7593,0
7594,0
7595,0
7596,-4
7597,-4
7598,-4
7599,0
7600,0
7601,0
7602,-4
7603,-4
7604,0
7605,-2
7606,-4
7607,-4
7608,-4
7609,0
7610,4
7611,0
7612,-4
7613,0
7614,-4
7615,-4
7616,0
7617,-4
7618,0
7619,0
7620,0
7621,-4
7622,0
7623,-4
7624,0
7625,0
7626,0
7627,0
7628,-4
7629,4
7630,0
7631,2
7632,0
7633,0
7634,2
7635,0
7636,0
7637,0
7638,0
7639,2
7640,0
7641,0
7642,0
7643,0
7644,0
7645,0
7646,0
7647,0
7648,2
7649,0
7650,0
7651,0
7652,4
7653,0
7654,0
7655,2
7656,0
7657,0
7658,0
7659,-4
7660,0
7661,0
7662,0
7663,2
7664,0
7665,2
7666,0
7667,2
7668,-4
7669,-4
7670,4
7671,0
7672,2
7673,-4
7674,6
7675,0
7676,0
7677,0
7678,0
7679,0
7680,0
7681,-4
7682,0
7683,-4
7684,0
7685,0
7686,0
7687,0
7688,-4
7689,0
7690,-4
7691,0
7692,-4
7693,0
7694,-4
7695,-4
7696,0
7697,0
7698,-4
7699,-4
7700,0
7701,-4
7702,-4
7703,0
7704,-4
7705,-4
7706,-4
7707,4
7708,-4
7709,0
7710,-4
7711,0
7712,0
7713,-4
7714,6
7715,0
7716,0
7717,0
7718,-6
7719,0
7720,0
7721,0
7722,0
7723,0
7724,0
7725,-4
7726,0
7727,0
7728,0
7729,0
7730,-6
7731,2
7732,0
7733,0
7734,0
7735,2
7736,0
7737,0
7738,4
7739,0
7740,0
7741,-4
7742,0
7743,0
7744,0
7745,2
7746,0
7747,6
7748,0
7749,0
7750,6
7751,4
7752,2
7753,0
7754,6
7755,-4
7756,0
7757,0
7758,2
7759,-6
7760,0
7761,0
7762,4
7763,0
7764,0
7765,-4
7766,0
7767,0
7768,2
7769,0
7770,0
7771,-4
7772,-4
7773,0
7774,10
7775,0
7776,0
7777,2
7778,0
7779,4
7780,0
7781,0
7782,0
7783,0
7784,0
7785,0
7786,0
7787,-4
7788,-4
7789,0
7790,0
7791,0
7792,0
7793,0
7794,0
7795,-2
7796,-4
7797,0
7798,-4
7799,2
7800,0
7801,0
7802,-4
7803,-4
7804,0
7805,-6
7806,-4
7807,-4
7808,0
7809,-4
7810,-4
7811,-10
7812,-4
7813,0
7814,6
7815,0
7816,-4
7817,-6
7818,0
7819,0
7820,-4
7821,-6
7822,0
7823,4
7824,0
7825,0
7826,0
7827,0
7828,-4
7829,0
7830,0
7831,-4
7832,0
7833,0
7834,0
7835,0
7836,0
7837,2
7838,0
7839,0
7840,0
7841,2
7842,0
7843,0
7844,2
7845,0
7846,0
7847,0
7848,2
7849,4
7850,-4
7851,2
7852,0
7853,0
7854,0
7855,0
7856,2
7857,0
7858,0
7859,0
7860,0
7861,0
7862,0
7863,0
7864,0
7865,0
7866,0
7867,0
7868,0
7869,0
7870,0
7871,0
7872,0
7873,0
7874,2
7875,0
7876,-4
7877,0
7878,0
7879,0
7880,-4
7881,0
7882,-4
7883,0
7884,0
7885,0
7886,2
7887,0
7888,0
7889,-4
7890,0
7891,-4
7892,-4
7893,-2
7894,0
7895,-4
7896,-4
7897,-4
7898,0
7899,0
7900,0
7901,-4
7902,-4
7903,0
7904,0
7905,-4
7906,-4
7907,-10
7908,-4
7909,-4
7910,0
7911,-4
7912,-12
7913,0
7914,0
7915,2
7916,-4
7917,-4
7918,6
7919,0
7920,-4
7921,0
7922,0
7923,6
7924,0
7925,0
7926,0
7927,0
7928,0
7929,0
7930,0
7931,0
7932,0
7933,0
7934,0
7935,0
7936,0
7937,0
7938,0
7939,0
7940,0
7941,0
7942,0
7943,0
7944,2
7945,0
7946,0
7947,0
7948,2
7949,0
7950,0
7951,-4
7952,0
7953,0
7954,2
7955,2
7956,0
7957,0
7958,-4
7959,0
7960,-4
7961,0
7962,0
7963,0
7964,4
7965,0
7966,0
7967,4
7968,-4
7969,0
7970,-4
7971,0
7972,0
7973,0
7974,-4
7975,0
7976,0
7977,0
7978,0
7979,0
7980,0
7981,0
7982,-4
7983,0
7984,0
7985,0
7986,0
7987,0
7988,0
7989,-4
7990,0
7991,-2
7992,-4
7993,0
7994,0
7995,0
7996,0
7997,0
7998,0
7999,0
8000,-4
8001,-4
8002,-4
8003,0
8004,0
8005,-4
8006,-4
8007,0
8008,0
8009,0
8010,0
8011,0
8012,-4
8013,0
8014,0
8015,0
8016,-4
8017,0
8018,2
8019,0
8020,0
8021,0
8022,0
8023,-4
8024,0
8025,-4
8026,0
8027,-4
8028,0
8029,0
8030,0
8031,2
8032,0
8033,0
8034,10
8035,-4
8036,0
8037,0
8038,0
8039,0
8040,-4
8041,0
8042,0
8043,0
8044,0
8045,0
8046,0
8047,2
8048,0
8049,0
8050,0
8051,0
8052,0
8053,0
8054,0
8055,0
8056,0
8057,4
8058,0
8059,4
8060,4
8061,2
8062,2
8063,-2
8064,0
8065,0
8066,-4
8067,0
8068,0
8069,-4
8070,6
8071,-4
8072,2
8073,-4
8074,-4
8075,0
8076,0
8077,0
8078,0
8079,-4
8080,2
8081,0
8082,2
8083,0
8084,0
8085,0
8086,2
8087,0
8088,0
8089,0
8090,0
8091,-4
8092,0
8093,0
8094,-4
8095,0
8096,-4
8097,0
8098,-4
8099,-6
8100,-4
8101,-4
8102,-4
8103,0
8104,0
8105,0
8106,0
8107,0
8108,0
8109,0
8110,-4
8111,-4
8112,0
8113,-4
8114,0
8115,-4
8116,-4
8117,0
8118,0
8119,-4
8120,6
8121,-4
8122,0
8123,0
8124,0
8125,0
8126,0
8127,0
8128,0
8129,-6
8130,2
8131,0
8132,0
8133,0
8134,0
8135,0
8136,0
8137,6
8138,0
8139,4
8140,0
8141,2
8142,0
8143,0
8144,0
8145,4
8146,0
8147,0
8148,0
8149,0
8150,0
8151,0
8152,0
8153,2
8154,2
8155,-6
8156,0
8157,0
8158,4
8159,2
8160,0
8161,0
8162,0
8163,0
8164,-4
8165,12
8166,2
8167,0
8168,0
8169,2
8170,0
8171,0
8172,-4
8173,0
8174,0
8175,-8
8176,0
8177,0
8178,0
8179,0
8180,0
8181,-4
8182,0
8183,0
8184,0
8185,0
8186,0
8187,0
8188,0
8189,0
8190,0
8191,0
8192,0
8193,-4
8194,-2
8195,-4
8196,0
8197,0
8198,-4
8199,0
8200,-4
8201,0
8202,-4
8203,0
8204,-4
8205,-4
8206,0
8207,0
8208,-4
8209,6
8210,-4
8211,0
8212,-4
8213,0
8214,0
8215,-4
8216,0
8217,0
8218,0
8219,0
8220,0
8221,2
8222,0
8223,0
8224,0
8225,-4
8226,0
8227,0
8228,0
8229,0
8230,0
8231,0
8232,0
8233,0
8234,0
8235,0
8236,0
8237,0
8238,0
8239,0
8240,0
8241,0
8242,0
8243,0
8244,0
8245,2
8246,2
8247,0
8248,0
8249,0
8250,0
8251,0
8252,2
8253,6
8254,0
8255,-4
8256,0
8257,2
8258,2
8259,2
8260,0
8261,-2
8262,0
8263,0
8264,4
8265,0
8266,0
8267,0
8268,6
8269,0
8270,0
8271,-4
8272,-4
8273,0
8274,0
8275,-4
8276,0
8277,0
8278,0
8279,-8
8280,0
8281,-4
8282,0
8283,0
8284,0
8285,0
8286,0
8287,0
8288,0
8289,0
8290,-2
8291,0
8292,0
8293,-4
8294,-4
8295,-4
8296,0
8297,0
8298,0
8299,0
8300,0
8301,0
8302,-4
8303,0
8304,0
8305,0
8306,-4
8307,0
8308,0
8309,4
8310,0
8311,0
8312,6
8313,-4
8314,0
8315,2
8316,0
8317,0
8318,0
8319,0
8320,0
8321,-6
8322,0
8323,0
8324,0
8325,0
8326,0
8327,0
8328,0
8329,0
8330,0
8331,0
8332,-4
8333,0
8334,0
8335,0
8336,-14
8337,0
8338,0
8339,0
8340,0
8341,2
8342,0
8343,0
8344,2
8345,0
8346,0
8347,-4
8348,0
8349,0
8350,0
8351,4
8352,0
8353,4
8354,0
8355,2
8356,0
8357,-4
8358,0
8359,4
8360,0
8361,2
8362,2
8363,2
8364,0
8365,-4
8366,0
8367,0
8368,0
8369,0
8370,0
8371,0
8372,4
8373,2
8374,-4
8375,0
8376,0
8377,0
8378,0
8379,2
8380,0
8381,-6
8382,-4
8383,0
8384,-6
8385,0
8386,2
8387,0
8388,-4
8389,-4
8390,2
8391,0
8392,0
8393,0
8394,-2
8395,-6
8396,-4
8397,-4
8398,0
8399,-4
8400,0
8401,-4
8402,-4
8403,-4
8404,0
8405,0
8406,-4
8407,-4
8408,-4
8409,-4
8410,0
8411,0
8412,0
8413,0
8414,0
8415,0
8416,-4
8417,-4
8418,0
8419,0
8420,0
8421,0
8422,0
8423,-4
8424,0
8425,-8
8426,0
8427,0
8428,0
8429,0
8430,0
8431,0
8432,0
8433,0
8434,0
8435,-4
8436,0
8437,0
8438,0
8439,0
8440,0
8441,0
8442,2
8443,0
8444,0
8445,-4
8446,0
8447,0
8448,-6
8449,2
8450,4
8451,0
8452,0
8453,-4
8454,0
8455,0
8456,-4
8457,6
8458,0
8459,4
8460,0
8461,0
8462,-6
8463,0
8464,0
8465,-4
8466,2
8467,2
8468,-4
8469,6
8470,0
8471,0
8472,10
8473,0
8474,0
8475,0
8476,0
8477,0
8478,0
8479,-4
8480,-2
8481,0
8482,-4
8483,0
8484,0
8485,0
8486,0
8487,0
8488,-4
8489,-4
8490,0
8491,0
8492,0
8493,0
8494,-4
8495,0
8496,10
8497,0
8498,10
8499,-4
8500,-4
8501,-4
8502,-4
8503,-4
8504,0
8505,0
8506,0
8507,2
8508,0
8509,10
8510,-4
8511,0
8512,0
8513,-2
8514,-4
8515,4
8516,-4
8517,-4
8518,-8
8519,0
8520,0
8521,0
8522,0
8523,0
8524,0
8525,0
8526,0
8527,0
8528,-6
8529,0
8530,0
8531,0
8532,0
8533,0
8534,0
8535,0
8536,0
8537,0
8538,0
8539,0
8540,0
8541,0
8542,6
8543,0
8544,2
8545,0
8546,0
8547,-2
8548,0
8549,4
8550,-4
8551,0
8552,4
8553,0
8554,0
8555,0
8556,0
8557,0
8558,0
8559,0
8560,4
8561,6
8562,2
8563,0
8564,-4
8565,0
8566,0
8567,4
8568,0
8569,0
8570,0
8571,-6
8572,0
8573,-4
8574,-4
8575,0
8576,6
8577,0
8578,0
8579,0
8580,0
8581,0
8582,-4
8583,-4
8584,0
8585,-4
8586,2
8587,-4
8588,0
8589,0
8590,0
8591,0
8592,0
8593,0
8594,0
8595,-4
8596,0
8597,-4
8598,-4
8599,0
8600,0
8601,-4
8602,0
8603,0
8604,0
8605,0
8606,0
8607,0
8608,0
8609,0
8610,-4
8611,-2
8612,0
8613,0
8614,-4
8615,0
8616,-4
8617,-4
8618,-4
8619,2
8620,6
8621,-4
8622,-4
8623,0
8624,4
8625,0
8626,0
8627,-4
8628,0
8629,0
8630,-4
8631,4
8632,0
8633,2
8634,2
8635,-4
8636,-4
8637,-4
8638,0
8639,0
8640,0
8641,0
8642,0
8643,2
8644,-4
8645,0
8646,0
8647,0
8648,0
8649,0
8650,0
8651,0
8652,6
8653,0
8654,-4
8655,6
8656,0
8657,2
8658,10
8659,2
8660,0
8661,0
8662,0
8663,0
8664,-14
8665,0
8666,0
8667,2
8668,0
8669,0
8670,0
8671,2
8672,0
8673,6
8674,0
8675,0
8676,0
8677,-4
8678,-8
8679,0
8680,0
8681,-4
8682,0
8683,-4
8684,0
8685,0
8686,0
8687,-4
8688,-4
8689,10
8690,-4
8691,-4
8692,0
8693,-4
8694,-4
8695,-4
8696,-4
8697,-4
8698,0
8699,0
8700,0
8701,0
8702,-4
8703,-4
8704,-4
8705,-6
8706,-4
8707,0
8708,-8
8709,-4
8710,-4
8711,-4
8712,0
8713,0
8714,-4
8715,-4
8716,0
8717,0
8718,-4
8719,2
8720,-4
8721,0
8722,2
8723,0
8724,0
8725,0
8726,-4
8727,0
8728,0
8729,-4
8730,0
8731,0
8732,0
8733,0
8734,0
8735,2
8736,0
8737,0
8738,0
8739,0
8740,0
8741,0
8742,-4
8743,0
8744,-4
8745,0
8746,0
8747,0
8748,2
8749,0
8750,4
8751,-4
8752,0
8753,0
8754,0
8755,0
8756,10
8757,0
8758,0
8759,0
8760,0
8761,0
8762,0
8763,-4
8764,2
8765,-4
8766,-4
8767,2
8768,0
8769,-4
8770,0
8771,2
8772,0
8773,0
8774,0
8775,0
8776,0
8777,0
8778,-4
8779,0
8780,-4
8781,-4
8782,-4
8783,0
8784,0
8785,4
8786,-4
8787,0
8788,0
8789,0
8790,0
8791,-4
8792,-4
8793,-4
8794,0
8795,0
8796,-4
8797,0
8798,0
8799,-4
8800,0
8801,0
8802,-4
8803,-4
8804,-2
8805,0
8806,0
8807,0
8808,-4
8809,-4
8810,-4
8811,-4
8812,0
8813,-4
8814,0
8815,4
8816,0
8817,0
8818,0
8819,-4
8820,0
8821,0
8822,0
8823,0
8824,-4
8825,0
8826,0
8827,-4
8828,0
8829,0
8830,0
8831,0
8832,0
8833,0
8834,0
8835,0
8836,-4
8837,0
8838,0
8839,-4
8840,0
8841,-4
8842,6
8843,0
8844,-4
8845,2
8846,0
8847,6
8848,0
8849,0
8850,0
8851,0
8852,0
8853,0
8854,0
8855,0
8856,0
8857,6
8858,0
8859,-4
8860,0
8861,0
8862,-4
8863,0
8864,0
8865,0
8866,-4
8867,0
8868,-4
8869,0
8870,-4
8871,0
8872,0
8873,0
8874,0
8875,0
8876,0
8877,2
8878,0
8879,0
8880,0
8881,-2
8882,0
8883,0
8884,2
8885,-4
8886,0
8887,0
8888,0
8889,0
8890,0
8891,0
8892,-4
8893,0
8894,-4
8895,0
8896,0
8897,0
8898,0
8899,-4
8900,0
8901,0
8902,-4
8903,0
8904,-4
8905,-4
8906,0
8907,0
8908,-4
8909,-4
8910,0
8911,6
8912,0
8913,0
8914,-4
8915,0
8916,0
8917,-8
8918,0
8919,0
8920,0
8921,-2
8922,0
8923,0
8924,0
8925,0
8926,0
8927,0
8928,0
8929,0
8930,-4
8931,-4
8932,0
8933,0
8934,0
8935,-4
8936,0
8937,0
8938,2
8939,0
8940,20
8941,0
8942,0
8943,0
8944,0
8945,0
8946,0
8947,0
8948,2
8949,2
8950,6
8951,0
8952,2
8953,4
8954,0
8955,0
8956,0
8957,0
8958,0
8959,-4
8960,0
8961,-4
8962,2
8963,2
8964,0
8965,2
8966,0
8967,-4
8968,-10
8969,0
8970,0
8971,0
8972,0
8973,0
8974,0
8975,-6
8976,0
8977,0
8978,0
8979,-4
8980,0
8981,4
8982,-4
8983,0
8984,0
8985,-4
8986,0
8987,0
8988,0
8989,0
8990,0
8991,-4
8992,-4
8993,0
8994,-4
8995,-4
8996,0
8997,0
8998,0
8999,-4
9000,-4
9001,0
9002,0
9003,6
9004,-4
9005,0
9006,0
9007,-4
9008,0
9009,0
9010,0
9011,-4
9012,0
9013,0
9014,-12
9015,0
9016,-4
9017,-10
9018,-4
9019,0
9020,4
9021,0
9022,0
9023,0
9024,0
9025,-4
9026,0
9027,0
9028,0
9029,-4
9030,0
9031,0
9032,0
9033,0
9034,0
9035,0
9036,0
9037,0
9038,0
9039,0
9040,0
9041,0
9042,0
9043,2
9044,0
9045,0
9046,0
9047,0
9048,-4
9049,0
9050,10
9051,-4
9052,0
9053,0
9054,0
9055,4
9056,0
9057,0
9058,-4
9059,0
9060,-6
9061,0
9062,0
9063,6
9064,0
9065,0
9066,0
9067,-4
9068,-4
9069,0
9070,-4
9071,0
9072,0
9073,0
9074,2
9075,0
9076,-4
9077,6
9078,2
9079,0
9080,0
9081,0
9082,-4
9083,0
9084,0
9085,0
9086,0
9087,0
9088,0
9089,0
9090,0
9091,0
9092,-4
9093,0
9094,-4
9095,-4
9096,-4
9097,-4
9098,6
9099,0
9100,0
9101,0
9102,-4
9103,-4
9104,-4
9105,2
9106,0
9107,0
9108,0
9109,-4
9110,-4
9111,-4
9112,-4
9113,0
9114,-4
9115,-4
9116,-4
9117,-4
9118,0
9119,6
9120,0
9121,0
9122,6
9123,0
9124,-4
9125,0
9126,2
9127,0
9128,0
9129,0
9130,2
9131,0
9132,0
9133,0
9134,2
9135,2
9136,0
9137,0
9138,0
9139,0
9140,2
9141,0
9142,0
9143,0
9144,0
9145,2
9146,0
9147,2
9148,0
9149,0
9150,2
9151,0
9152,0
9153,2
9154,2
9155,0
9156,-4
9157,0
9158,0
9159,0
9160,0
9161,0
9162,0
9163,0
9164,2
9165,4
9166,-4
9167,0
9168,0
9169,-4
9170,-4
9171,0
9172,2
9173,0
9174,0
9175,0
9176,2
9177,0
9178,0
9179,0
9180,-4
9181,0
9182,0
9183,-2
9184,0
9185,0
9186,0
9187,0
9188,-4
9189,0
9190,-4
9191,-4
9192,0
9193,0
9194,0
9195,0
9196,0
9197,-4
9198,0
9199,0
9200,-4
9201,-10
9202,0
9203,-4
9204,-4
9205,-4
9206,-8
9207,-4
9208,-4
9209,-4
9210,0
9211,0
9212,2
9213,0
9214,0
9215,-4
9216,-2
9217,-4
9218,-4
9219,0
9220,0
9221,-4
9222,0
9223,0
9224,0
9225,4
9226,0
9227,0
9228,0
9229,0
9230,0
9231,0
9232,0
9233,0
9234,2
9235,0
9236,0
9237,0
9238,0
9239,0
9240,0
9241,0
9242,0
9243,2
9244,0
9245,0
9246,-4
9247,0
9248,0
9249,-4
9250,0
9251,0
9252,0
9253,2
9254,10
9255,0
9256,0
9257,2
9258,0
9259,6
9260,0
9261,0
9262,6
9263,0
9264,4
9265,2
9266,2
9267,0
9268,0
9269,2
9270,0
9271,0
9272,2
9273,0
9274,0
9275,0
9276,0
9277,0
9278,0
9279,0
9280,0
9281,0
9282,0
9283,0
9284,0
9285,-4
9286,0
9287,0
9288,0
9289,-4
9290,-4
9291,-4
9292,-4
9293,0
9294,-4
9295,-4
9296,0
9297,0
9298,-4
9299,-4
9300,-4
9301,-4
9302,2
9303,-4
9304,-12
9305,0
9306,-2
9307,-4
9308,-4
9309,10
9310,0
9311,0
9312,-4
9313,-4
9314,0
9315,-4
9316,-4
9317,0
9318,0
9319,0
9320,0
9321,-4
9322,0
9323,-4
9324,-4
9325,0
9326,0
9327,0
9328,0
9329,0
9330,0
9331,-4
9332,6
9333,0
9334,-4
9335,0
9336,-4
9337,-2
9338,0
9339,0
9340,-4
9341,0
9342,-4
9343,0
9344,0
9345,0
9346,0
9347,0
9348,2
9349,-4
9350,4
9351,0
9352,0
9353,0
9354,0
9355,0
9356,0
9357,0
9358,0
9359,4
9360,0
9361,-4
9362,0
9363,2
9364,0
9365,4
9366,0
9367,-4
9368,-12
9369,0
9370,-4
9371,0
9372,0
9373,0
9374,2
9375,0
9376,-4
9377,0
9378,0
9379,0
9380,-4
9381,0
9382,0
9383,0
9384,0
9385,-4
9386,-4
9387,-4
9388,0
9389,-4
9390,0
9391,0
9392,0
9393,0
9394,-4
9395,-4
9396,0
9397,0
9398,0
9399,0
9400,-4
9401,-2
9402,0
9403,-4
9404,-4
9405,0
9406,-4
9407,0
9408,0
9409,0
9410,0
9411,-4
9412,-4
9413,-4
9414,-2
9415,-2
9416,-2
9417,0
9418,0
9419,0
9420,0
9421,-4
9422,0
9423,0
9424,-4
9425,0
9426,0
9427,0
9428,0
9429,0
9430,0
9431,0
9432,2
9433,0
9434,0
9435,0
9436,-4
9437,0
9438,0
9439,-4
9440,0
9441,0
9442,0
9443,0
9444,0
9445,0
9446,0
9447,0
9448,2
9449,0
9450,0
9451,0
9452,0
9453,2
9454,2
9455,0
9456,4
9457,2
9458,0
9459,2
9460,-4
9461,0
9462,0
9463,0
9464,0
9465,0
9466,0
9467,-4
9468,0
9469,0
9470,0
9471,0
9472,0
9473,-4
9474,0
9475,0
9476,0
9477,0
9478,0
9479,0
9480,0
9481,-4
9482,0
9483,0
9484,0
9485,-4
9486,2
9487,0
9488,0
9489,-4
9490,0
9491,0
9492,-4
9493,-4
9494,0
9495,-4
9496,0
9497,6
9498,0
9499,0
9500,-4
9501,0
9502,0
9503,4
9504,-4
9505,0
9506,-4
9507,-4
9508,0
9509,-4
9510,-4
9511,0
9512,-4
9513,-6
9514,0
9515,0
9516,6
9517,0
9518,0
9519,4
9520,0
9521,-4
9522,-4
9523,0
9524,0
9525,0
9526,0
9527,-4
9528,0
9529,0
9530,0
9531,0
9532,0
9533,0
9534,4
9535,0
9536,0
9537,-4
9538,0
9539,2
9540,0
9541,0
9542,0
9543,0
9544,0
9545,4
9546,2
9547,0
9548,0
9549,0
9550,-4
9551,0
9552,0
9553,2
9554,2
9555,6
9556,0
9557,0
9558,0
9559,2
9560,4
9561,4
9562,2
9563,6
9564,0
9565,0
9566,0
9567,0
9568,0
9569,0
9570,0
9571,0
9572,0
9573,0
9574,0
9575,0
9576,0
9577,-4
9578,0
9579,0
9580,0
9581,0
9582,0
9583,-4
9584,0
9585,-4
9586,0
9587,0
9588,-4
9589,-4
9590,-4
9591,-4
9592,-4
9593,-4
9594,0
9595,-4
9596,-2
9597,0
9598,0
9599,0
9600,0
9601,0
9602,-4
9603,-4
9604,-4
9605,-4
9606,0
9607,-4
9608,0
9609,-4
9610,0
9611,0
9612,-4
9613,-4
9614,-4
9615,0
9616,-4
9617,0
9618,-6
9619,0
9620,-4
9621,2
9622,-4
9623,-4
9624,0
9625,0
9626,0
9627,0
9628,0
9629,0
9630,-6
9631,0
9632,0
9633,0
9634,0
9635,0
9636,-2
9637,0
9638,0
9639,0
9640,0
9641,0
9642,0
9643,2
9644,0
9645,0
9646,0
9647,0
9648,2
9649,0
9650,0
9651,2
9652,0
9653,2
9654,2
9655,0
9656,0
9657,-4
9658,0
9659,10
9660,0
9661,2
9662,0
9663,0
9664,0
9665,4
9666,0
9667,0
9668,0
9669,0
9670,0
9671,0
9672,0
9673,0
9674,0
9675,0
9676,0
9677,0
9678,0
9679,0
9680,0
9681,0
9682,0
9683,-4
9684,-4
9685,0
9686,0
9687,2
9688,0
9689,0
9690,-4
9691,-4
9692,-4
9693,0
9694,0
9695,0
9696,0
9697,0
9698,-4
9699,-4
9700,0
9701,0
9702,-4
9703,-4
9704,0
9705,0
9706,0
9707,-4
9708,-4
9709,-4
9710,0
9711,-4
9712,0
9713,0
9714,0
9715,-4
9716,-4
9717,-4
9718,-4
9719,-2
9720,-4
9721,0
9722,0
9723,-4
9724,0
9725,-4
9726,-4
9727,-4
9728,0
9729,0
9730,-4
9731,0
9732,0
9733,0
9734,0
9735,0
9736,0
9737,0
9738,0
9739,0
9740,4
9741,0
9742,4
9743,2
9744,-4
9745,2
9746,0
9747,0
9748,-4
9749,0
9750,0
9751,4
9752,0
9753,2
9754,2
9755,0
9756,0
9757,0
9758,0
9759,0
9760,0
9761,-14
9762,0
9763,0
9764,0
9765,0
9766,0
9767,0
9768,0
9769,0
9770,-4
9771,10
9772,0
9773,0
9774,0
9775,-4
9776,-4
9777,0
9778,0
9779,0
9780,-12
9781,-4
9782,0
9783,0
9784,-4
9785,2
9786,4
9787,0
9788,2
9789,0
9790,0
9791,-4
9792,-4
9793,-4
9794,0
9795,0
9796,-4
9797,0
9798,0
9799,-4
9800,0
9801,-4
9802,0
9803,-4
9804,0
9805,-4
9806,-4
9807,0
9808,0
9809,0
9810,0
9811,0
9812,0
9813,0
9814,-4
9815,-4
9816,0
9817,-4
9818,0
9819,0
9820,0
9821,0
9822,0
9823,0
9824,-4
9825,0
9826,4
9827,-4
9828,4
9829,0
9830,0
9831,0
9832,0
9833,4
9834,2
9835,4
9836,0
9837,0
9838,0
9839,0
9840,0
9841,0
9842,0
9843,2
9844,4
9845,0
9846,0
9847,0
9848,0
9849,0
9850,0
9851,0
9852,0
9853,4
9854,2
9855,0
9856,0
9857,0
9858,-4
9859,2
9860,0
9861,2
9862,2
9863,6
9864,2
9865,0
9866,4
9867,0
9868,0
9869,0
9870,2
9871,0
9872,0
9873,0
9874,0
9875,0
9876,-4
9877,0
9878,0
9879,-4
9880,0
9881,0
9882,0
9883,0
9884,0
9885,0
9886,2
9887,0
9888,0
9889,0
9890,0
9891,0
9892,-4
9893,0
9894,-4
9895,0
9896,-4
9897,-4
9898,0
9899,-4
9900,0
9901,-4
9902,0
9903,0
9904,-4
9905,0
9906,0
9907,0
9908,-12
9909,0
9910,6
9911,0
9912,-4
9913,-12
9914,0
9915,0
9916,4
9917,-4
9918,0
9919,-6
9920,0
9921,-2
9922,0
9923,0
9924,2
9925,0
9926,0
9927,0
9928,0
9929,0
9930,0
9931,0
9932,0
9933,0
9934,2
9935,-6
9936,0
9937,0
9938,0
9939,0
9940,0
9941,0
9942,0
9943,0
9944,0
9945,0
9946,0
9947,0
9948,6
9949,2
9950,0
9951,0
9952,0
9953,0
9954,0
9955,2
9956,0
9957,0
9958,0
9959,2
9960,0
9961,0
9962,0
9963,0
9964,0
9965,0
9966,0
9967,0
9968,0
9969,6
9970,0
9971,0
9972,6
9973,2
9974,2
9975,0
9976,0
9977,10
9978,4
9979,0
9980,0
9981,6
9982,0
9983,0
9984,0
9985,0
9986,-4
9987,0
9988,0
9989,0
9990,0
9991,0
9992,-4
9993,0
9994,-4
9995,-4
9996,-4
9997,-2
9998,-4
9999,-4
10000,0
10001,-4
10002,0
10003,0
10004,0
10005,0
10006,-4
10007,-4
10008,-4
10009,-4
10010,-4
10011,0
10012,-10
10013,0
10014,0
10015,-14
10016,0
10017,-4
10018,-4
10019,0
10020,0
10021,-4
10022,-4
10023,0
10024,0
10025,-4
10026,0
10027,0
10028,0
10029,0
10030,0
10031,0
10032,0
10033,10
10034,0
10035,0
10036,0
10037,0
10038,-4
10039,0
10040,0
10041,0
10042,0
10043,0
10044,0
10045,0
10046,-4
10047,0
10048,0
10049,0
10050,0
10051,0
10052,-4
10053,0
10054,0
10055,10
10056,-4
10057,0
10058,0
10059,-4
10060,2
10061,0
10062,4
10063,0
10064,0
10065,-6
10066,0
10067,0
10068,0
10069,0
10070,0
10071,0
10072,10
10073,0
10074,-4
10075,0
10076,0
10077,0
10078,-4
10079,0
10080,0
10081,-4
10082,-4
10083,0
10084,0
10085,0
10086,0
10087,0
10088,0
10089,0
10090,-4
10091,0
10092,0
10093,-4
10094,0
10095,-4
10096,-4
10097,-4
10098,-4
10099,-4
10100,0
10101,-4
10102,-4
10103,-4
10104,-4
10105,0
10106,0
10107,0
10108,0
10109,0
10110,-4
10111,-4
10112,0
10113,0
10114,-4
10115,0
10116,0
10117,-8
10118,0
10119,0
10120,0
10121,0
10122,2
10123,2
10124,0
10125,0
10126,4
10127,0
10128,0
10129,0
10130,0
10131,0
10132,2
10133,0
10134,0
10135,0
10136,0
10137,-4
10138,6
10139,0
10140,2
10141,0
10142,0
10143,0
10144,2
10145,0
10146,2
10147,-4
10148,0
10149,-4
10150,-4
10151,0
10152,0
10153,2
10154,0
10155,0
10156,-4
10157,0
10158,0
10159,0
10160,0
10161,12
10162,0
10163,0
10164,-4
10165,0
10166,2
10167,2
10168,0
10169,0
10170,0
10171,0
10172,0
10173,0
10174,2
10175,2
10176,0
10177,-4
10178,0
10179,-4
10180,0
10181,0
10182,-4
10183,0
10184,0
10185,0
10186,0
10187,0
10188,0
10189,-4
10190,0
10191,0
10192,-4
10193,-4
10194,-4
10195,0
10196,2
10197,-4
10198,0
10199,-4
10200,0
10201,-2
10202,-4
10203,-4
10204,-4
10205,0
10206,0
10207,-4
10208,-4
10209,0
10210,-4
10211,-4
10212,-4
10213,-4
10214,0
10215,0
10216,0
10217,0
10218,-4
10219,0
10220,-4
10221,-4
10222,0
10223,0
10224,-4
10225,0
10226,0
10227,0
10228,0
10229,-4
10230,0
10231,0
10232,0
10233,0
10234,-4
10235,0
10236,-4
10237,0
10238,2
10239,0
10240,0
10241,0
10242,0
10243,0
10244,2
10245,2
10246,-6
10247,0
10248,0
10249,-4
10250,0
10251,-10
10252,0
10253,2
10254,0
10255,0
10256,0
10257,0
10258,10
10259,0
10260,6
10261,0
10262,0
10263,6
10264,0
10265,0
10266,2
10267,0
10268,2
10269,0
10270,-4
10271,0
10272,0
10273,2
10274,2
10275,0
10276,-4
10277,2
10278,0
10279,0
10280,6
10281,0
10282,0
10283,4
10284,0
10285,0
10286,0
10287,0
10288,-4
10289,0
10290,0
10291,0
10292,-4
10293,0
10294,14
10295,-4
10296,-28
10297,-4
10298,-4
10299,0
10300,4
10301,4
10302,-4
10303,0
10304,6
10305,0
10306,0
10307,0
10308,-4
10309,0
10310,0
10311,-4
10312,0
10313,0
10314,0
10315,-4
10316,-4
10317,-4
10318,0
10319,-4
10320,0
10321,0
10322,0
10323,0
10324,-4
10325,0
10326,0
10327,0
10328,4
10329,0
10330,0
10331,-12
10332,0
10333,0
10334,0
10335,0
10336,0
10337,0
10338,0
10339,0
10340,0
10341,0
10342,2
10343,0
10344,10
10345,0
10346,0
10347,0
10348,0
10349,0
10350,0
10351,0
10352,0
10353,2
10354,0
10355,2
10356,2
10357,2
10358,0
10359,0
10360,0
10361,0
10362,2
10363,6
10364,2
10365,0
10366,4
10367,0
10368,2
10369,-4
10370,0
10371,0
10372,2
10373,0
10374,0
10375,0
10376,2
10377,0
10378,0
10379,0
10380,6
10381,-4
10382,0
10383,2
10384,0
10385,0
10386,0
10387,-4
10388,2
10389,0
10390,0
10391,0
10392,0
10393,0
10394,-4
10395,0
10396,0
10397,0
10398,0
10399,-4
10400,-4
10401,-4
10402,0
10403,-4
10404,0
10405,-4
10406,-4
10407,0
10408,0
10409,0
10410,-4
10411,-4
10412,6
10413,0
10414,0
10415,-4
10416,-4
10417,0
10418,2
10419,-4
10420,0
10421,0
10422,0
10423,-4
10424,-4
10425,0
10426,0
10427,0
10428,0
10429,-4
10430,0
10431,2
10432,0
10433,0
10434,0
10435,0
10436,0
10437,0
10438,6
10439,2
10440,0
10441,0
10442,0
10443,4
10444,2
10445,2
10446,0
10447,0
10448,0
10449,0
10450,0
10451,2
10452,0
10453,2
10454,6
10455,0
10456,-4
10457,0
10458,0
10459,-4
10460,0
10461,0
10462,0
10463,0
10464,0
10465,6
10466,-4
10467,2
10468,6
10469,0
10470,0
10471,-4
10472,4
10473,-4
10474,2
10475,0
10476,0
10477,0
10478,-14
10479,0
10480,0
10481,0
10482,0
10483,0
10484,0
10485,2
10486,-4
10487,0
10488,-4
10489,-4
10490,0
10491,0
10492,0
10493,-4
10494,0
10495,0
10496,0
10497,0
10498,0
10499,0
10500,0
10501,0
10502,-4
10503,0
10504,-4
10505,0
10506,4
10507,0
10508,-4
10509,-10
10510,0
10511,-4
10512,0
10513,0
10514,0
10515,0
10516,0
10517,4
10518,0
10519,-4
10520,0
10521,0
10522,0
10523,0
10524,0
10525,-4
10526,0
10527,0
10528,-4
10529,0
10530,0
10531,-4
10532,0
10533,0
10534,0
10535,-10
10536,0
10537,2
10538,0
10539,0
10540,0
10541,0
10542,0
10543,0
10544,0
10545,0
10546,2
10547,0
10548,10
10549,0
10550,0
10551,0
10552,-4
10553,6
10554,0
10555,4
10556,0
10557,6
10558,2
10559,0
10560,0
10561,4
10562,0
10563,0
10564,2
10565,4
10566,0
10567,0
10568,0
10569,0
10570,0
10571,0
10572,0
10573,0
10574,0
10575,0
10576,0
10577,-4
10578,-4
10579,0
10580,0
10581,4
10582,-4
10583,0
10584,0
10585,0
10586,0
10587,0
10588,0
10589,0
10590,-4
10591,0
10592,-2
10593,0
10594,0
10595,0
10596,-4
10597,0
10598,-8
10599,0
10600,0
10601,0
10602,0
10603,4
10604,-4
10605,-4
10606,-2
10607,-14
10608,-4
10609,-4
10610,-4
10611,0
10612,-4
10613,0
10614,0
10615,-4
10616,-4
10617,0
10618,0
10619,2
10620,0
10621,0
10622,0
10623,-4
10624,0
10625,-4
10626,-6
10627,0
10628,-4
10629,0
10630,0
10631,2
10632,0
10633,0
10634,-6
10635,0
10636,0
10637,0
10638,0
10639,2
10640,0
10641,2
10642,0
10643,4
10644,2
10645,-6
10646,0
10647,2
10648,4
10649,0
10650,2
10651,2
10652,0
10653,0
10654,0
10655,0
10656,0
10657,0
10658,6
10659,0
10660,-4
10661,0
10662,0
10663,4
10664,2
10665,4
10666,0
10667,0
10668,2
10669,0
10670,2
10671,-4
10672,0
10673,-4
10674,2
10675,-12
10676,0
10677,0
10678,0
10679,0
10680,-4
10681,0
10682,-2
10683,-4
10684,0
10685,0
10686,0
10687,0
10688,-4
10689,0
10690,0
10691,-2
10692,0
10693,0
10694,-4
10695,-4
10696,-4
10697,-4
10698,0
10699,0
10700,0
10701,0
10702,0
10703,-4
10704,-4
10705,0
10706,0
10707,-2
10708,0
10709,0
10710,-4
10711,0
10712,0
10713,0
10714,0
10715,0
10716,0
10717,-2
10718,-4
10719,-4
10720,0
10721,0
10722,0
10723,2
10724,0
10725,0
10726,0
10727,-4
10728,-4
10729,-4
10730,0
10731,2
10732,0
10733,0
10734,0
10735,0
10736,0
10737,0
10738,0
10739,0
10740,0
10741,2
10742,2
10743,2
10744,2
10745,0
10746,0
10747,2
10748,2
10749,0
10750,0
10751,-4
10752,0
10753,2
10754,10
10755,4
10756,0
10757,0
10758,0
10759,0
10760,0
10761,0
10762,-4
10763,0
10764,4
10765,0
10766,2
10767,0
10768,0
10769,10
10770,0
10771,-4
10772,-4
10773,0
10774,0
10775,0
10776,-4
10777,0
10778,0
10779,0
10780,2
10781,-4
10782,-6
10783,0
10784,0
10785,2
10786,0
10787,2
10788,0
10789,-4
10790,-4
10791,0
10792,0
10793,-4
10794,-4
10795,-4
10796,0
10797,-4
10798,0
10799,0
10800,0
10801,-4
10802,0
10803,-4
10804,-4
10805,0
10806,-4
10807,0
10808,0
10809,0
10810,-4
10811,0
10812,-12
10813,0
10814,-4
10815,10
10816,-4
10817,-4
10818,10
10819,0
10820,0
10821,0
10822,0
10823,0
10824,0
10825,-4
10826,0
10827,0
10828,6
10829,0
10830,-2
10831,-4
10832,0
10833,0
10834,2
10835,0
10836,0
10837,0
10838,0
10839,0
10840,0
10841,2
10842,2
10843,2
10844,0
10845,2
10846,0
10847,0
10848,0
10849,2
10850,-4
10851,0
10852,0
10853,0
10854,4
10855,4
10856,0
10857,0
10858,0
10859,4
10860,0
10861,-4
10862,0
10863,0
10864,2
10865,-4
10866,0
10867,0
10868,6
10869,0
10870,0
10871,0
10872,6
10873,0
10874,-6
10875,4
10876,0
10877,0
10878,0
10879,2
10880,-4
10881,0
10882,-4
10883,0
10884,0
10885,-4
10886,-4
10887,-4
10888,4
10889,2
10890,-4
10891,0
10892,0
10893,-4
10894,0
10895,0
10896,-4
10897,0
10898,0
10899,-4
10900,0
10901,-14
10902,0
10903,-4
10904,0
10905,0
10906,0
10907,-4
10908,0
10909,4
10910,0
10911,2
10912,-2
10913,0
10914,2
10915,-4
10916,-4
10917,-4
10918,0
10919,0
10920,6
10921,0
10922,-4
10923,-4
10924,0
10925,6
10926,0
10927,-4
10928,0
10929,0
10930,-4
10931,0
10932,0
10933,0
10934,0
10935,0
10936,-4
10937,0
10938,0
10939,-4
10940,0
10941,0
10942,0
10943,0
10944,2
10945,0
10946,0
10947,0
10948,2
10949,-4
10950,0
10951,0
10952,-10
10953,0
10954,0
10955,4
10956,-12
10957,-6
10958,2
10959,0
10960,4
10961,-14
10962,2
10963,0
10964,0
10965,2
10966,0
10967,-4
10968,-4
10969,0
10970,-4
10971,-2
10972,0
10973,0
10974,0
10975,0
10976,0
10977,0
10978,-4
10979,6
10980,4
10981,0
10982,0
10983,0
10984,6
10985,-10
10986,-4
10987,0
10988,0
10989,-4
10990,-4
10991,0
10992,-4
10993,-4
10994,0
10995,-4
10996,-4
10997,0
10998,-2
10999,-4
11000,0
11001,0
11002,-6
11003,-2
11004,-4
11005,-4
11006,-4
11007,0
11008,-4
11009,-4
11010,0
11011,0
11012,-4
11013,0
11014,-4
11015,0
11016,4
11017,0
11018,-4
11019,0
11020,-4
11021,0
11022,4
11023,0
11024,-4
11025,0
11026,-4
11027,0
11028,0
11029,0
11030,6
11031,0
11032,-4
11033,0
11034,0
11035,0
11036,0
11037,0
11038,0
11039,0
11040,0
11041,0
11042,0
11043,0
11044,4
11045,0
11046,0
11047,0
11048,0
11049,0
11050,-4
11051,0
11052,0
11053,4
11054,2
11055,6
11056,0
11057,0
11058,0
11059,0
11060,0
11061,0
11062,0
11063,0
11064,0
11065,0
11066,2
11067,6
11068,0
11069,0
11070,4
11071,0
11072,0
11073,4
11074,0
11075,0
11076,-4
11077,-4
11078,-4
11079,0
11080,0
11081,0
11082,0
11083,0
11084,-4
11085,0
11086,0
11087,0
11088,0
11089,0
11090,0
11091,0
11092,0
11093,-4
11094,-4
11095,-4
11096,-4
11097,0
11098,0
11099,-4
11100,0
11101,0
11102,-4
11103,-4
11104,0
11105,4
11106,0
11107,-4
11108,-4
11109,0
11110,-4
11111,0
11112,0
11113,0
11114,-4
11115,-2
11116,-4
11117,-4
11118,-4
11119,0
11120,0
11121,0
11122,0
11123,0
11124,0
11125,-4
11126,-8
11127,-4
11128,0
11129,0
11130,0
11131,2
11132,6
11133,0
11134,0
11135,0
11136,-4
11137,0
11138,-4
11139,0
11140,0
11141,0
11142,0
11143,0
11144,2
11145,0
11146,4
11147,4
11148,6
11149,4
11150,0
11151,0
11152,0
11153,4
11154,0
11155,0
11156,0
11157,0
11158,0
11159,0
11160,0
11161,0
11162,6
11163,0
11164,0
11165,-4
11166,0
11167,2
11168,0
11169,2
11170,-4
11171,0
11172,-4
11173,0
11174,6
11175,0
11176,-6
11177,0
11178,0
11179,0
11180,0
11181,0
11182,0
11183,0
11184,-2
11185,0
11186,-4
11187,0
11188,0
11189,0
11190,0
11191,0
11192,0
11193,-4
11194,-4
11195,0
11196,-6
11197,-4
11198,-4
11199,0
11200,0
11201,0
11202,-4
11203,-4
11204,0
11205,-4
11206,-4
11207,-4
11208,0
11209,0
11210,0
11211,-2
11212,-4
11213,-4
11214,-4
11215,0
11216,-4
11217,0
11218,0
11219,-4
11220,0
11221,0
11222,0
11223,0
11224,0
11225,-4
11226,0
11227,0
11228,0
11229,0
11230,0
11231,0
11232,-4
11233,-4
11234,0
11235,0
11236,0
11237,0
11238,0
11239,0
11240,2
11241,2
11242,0
11243,0
11244,0
11245,0
11246,-4
11247,0
11248,6
11249,0
11250,0
11251,0
11252,0
11253,0
11254,-4
11255,0
11256,0
11257,0
11258,0
11259,0
11260,0
11261,0
11262,0
11263,0
11264,0
11265,4
11266,0
11267,0
11268,2
11269,0
11270,0
11271,-4
11272,-4
11273,0
11274,0
11275,0
11276,0
11277,0
11278,0
11279,0
11280,0
11281,0
11282,0
11283,0
11284,0
11285,4
11286,-4
11287,0
11288,0
11289,-4
11290,-4
11291,0
11292,-4
11293,0
11294,0
11295,-4
11296,-24
11297,0
11298,6
11299,0
11300,0
11301,0
11302,0
11303,0
11304,-4
11305,-4
11306,-4
11307,0
11308,-4
11309,0
11310,0
11311,0
11312,0
11313,-4
11314,-4
11315,-4
11316,0
11317,0
11318,-4
11319,0
11320,2
11321,0
11322,0
11323,-4
11324,0
11325,0
11326,0
11327,-4
11328,0
11329,2
11330,2
11331,-4
11332,0
11333,-4
11334,-4
11335,-4
11336,2
11337,0
11338,0
11339,0
11340,0
11341,4
11342,0
11343,0
11344,0
11345,0
11346,0
11347,0
11348,0
11349,0
11350,4
11351,4
11352,2
11353,0
11354,6
11355,0
11356,2
11357,2
11358,2
11359,0
11360,2
11361,0
11362,2
11363,6
11364,-4
11365,0
11366,2
11367,0
11368,0
11369,0
11370,0
11371,0
11372,0
11373,0
11374,0
11375,0
11376,0
11377,0
11378,-4
11379,0
11380,0
11381,-4
11382,0
11383,0
11384,0
11385,0
11386,0
11387,0
11388,0
11389,0
11390,0
11391,0
11392,0
11393,-4
11394,0
11395,-4
11396,-4
11397,0
11398,0
11399,0
11400,0
11401,0
11402,-2
11403,-6
11404,-4
11405,0
11406,-4
11407,0
11408,-4
11409,0
11410,-4
11411,0
11412,4
11413,-4
11414,0
11415,-4
11416,4
11417,0
11418,0
11419,-4
11420,0
11421,0
11422,0
11423,0
11424,0
11425,0
11426,-4
11427,0
11428,-4
11429,0
11430,0
11431,-4
11432,0
11433,0
11434,-4
11435,0
11436,0
11437,0
11438,-2
11439,0
11440,0
11441,0
11442,0
11443,0
11444,0
11445,2
11446,2
11447,0
11448,0
11449,0
11450,-4
11451,-4
11452,0
11453,0
11454,4
11455,0
11456,4
11457,-8
11458,0
11459,2
11460,0
11461,0
11462,0
11463,-4
11464,0
11465,0
11466,0
11467,0
11468,0
11469,0
11470,-4
11471,0
11472,-4
11473,6
11474,0
11475,0
11476,0
11477,0
11478,0
11479,0
11480,0
11481,0
11482,-4
11483,2
11484,0
11485,-4
11486,0
11487,4
11488,0
11489,0
11490,-4
11491,-4
11492,0
11493,-4
11494,0
11495,-4
11496,-4
11497,0
11498,-4
11499,-4
11500,-4
11501,-8
11502,0
11503,-4
11504,0
11505,-4
11506,-4
11507,0
11508,-4
11509,0
11510,-6
11511,0
11512,-4
11513,0
11514,-4
11515,-4
11516,0
11517,-4
11518,0
11519,0
11520,0
11521,0
11522,-10
11523,-4
11524,0
11525,0
11526,2
11527,-4
11528,0
11529,0
11530,0
11531,0
11532,0
11533,0
11534,0
11535,0
11536,0
11537,0
11538,0
11539,0
11540,0
11541,0
11542,0
11543,0
11544,0
11545,0
11546,0
11547,0
11548,2
11549,-4
11550,-4
11551,2
11552,0
11553,6
11554,0
11555,-6
11556,0
11557,0
11558,6
11559,0
11560,0
11561,0
11562,-4
11563,2
11564,0
11565,0
11566,0
11567,2
11568,-4
11569,6
11570,0
11571,0
11572,-4
11573,4
11574,0
11575,0
11576,0
11577,0
11578,0
11579,0
11580,-2
11581,0
11582,-6
11583,2
11584,0
11585,-4
11586,-4
11587,-4
11588,2
11589,0
11590,-4
11591,-2
11592,0
11593,0
11594,0
11595,0
11596,-4
11597,-4
11598,0
11599,-4
11600,0
11601,0
11602,-10
11603,-4
11604,-4
11605,-8
11606,-4
11607,0
11608,-6
11609,-4
11610,-4
11611,-4
11612,-4
11613,0
11614,-4
11615,-14
11616,0
11617,-4
11618,6
11619,-4
11620,0
11621,0
11622,0
11623,0
11624,6
11625,0
11626,0
11627,-4
11628,0
11629,0
11630,-4
11631,0
11632,-4
11633,0
11634,0
11635,0
11636,0
11637,0
11638,0
11639,0
11640,6
11641,0
11642,2
11643,0
11644,0
11645,0
11646,0
11647,0
11648,0
11649,0
11650,0
11651,0
11652,0
11653,-6
11654,0
11655,2
11656,0
11657,0
11658,0
11659,0
11660,2
11661,0
11662,0
11663,0
11664,2
11665,0
11666,0
11667,0
11668,6
11669,-4
11670,0
11671,0
11672,0
11673,0
11674,4
11675,0
11676,0
11677,0
11678,0
11679,0
11680,0
11681,0
11682,0
11683,0
11684,0
11685,0
11686,0
11687,0
11688,0
11689,0
11690,0
11691,-4
11692,0
11693,0
11694,-4
11695,-4
11696,0
11697,-4
11698,0
11699,4
11700,0
11701,-4
11702,-4
11703,-12
11704,-4
11705,-4
11706,-4
11707,0
11708,0
11709,-6
11710,0
11711,-4
11712,-4
11713,-4
11714,2
11715,0
11716,-4
11717,6
11718,0
11719,0
11720,4
11721,2
11722,0
11723,0
11724,-4
11725,-4
11726,-4
11727,0
11728,-4
11729,2
11730,0
11731,0
11732,0
11733,-4
11734,0
11735,0
11736,0
11737,2
11738,0
11739,-4
11740,0
11741,0
11742,0
11743,0
11744,0
11745,0
11746,0
11747,0
11748,0
11749,2
11750,0
11751,0
11752,0
11753,0
11754,4
11755,0
11756,0
11757,0
11758,0
11759,0
11760,2
11761,6
11762,0
11763,2
11764,0
11765,0
11766,2
11767,6
11768,0
11769,0
11770,-4
11771,0
11772,-4
11773,0
11774,0
11775,0
11776,0
11777,-6
11778,0
11779,0
11780,-4
11781,0
11782,0
11783,0
11784,0
11785,0
11786,0
11787,0
11788,4
11789,0
11790,0
11791,0
11792,0
11793,0
11794,0
11795,-4
11796,0
11797,-4
11798,0
11799,-2
11800,0
11801,-4
11802,0
11803,-4
11804,-4
11805,0
11806,-4
11807,0
11808,-4
11809,0
11810,-4
11811,0
11812,0
11813,0
11814,-4
11815,0
11816,4
11817,-4
11818,-4
11819,-6
11820,0
11821,-4
11822,2
11823,0
11824,0
11825,-4
11826,0
11827,0
11828,0
11829,0
11830,0
11831,0
11832,0
11833,6
11834,0
11835,-4
11836,0
11837,-4
11838,-4
11839,0
11840,2
11841,2
11842,2
11843,2
11844,2
11845,0
11846,0
11847,0
11848,0
11849,0
11850,0
11851,0
11852,0
11853,0
11854,0
11855,0
11856,2
11857,-4
11858,0
11859,0
11860,4
11861,0
11862,0
11863,-6
11864,2
11865,0
11866,-4
11867,0
11868,2
11869,0
11870,4
11871,0
11872,0
11873,0
11874,4
11875,4
11876,0
11877,0
11878,-10
11879,4
11880,0
11881,0
11882,2
11883,-4
11884,0
11885,0
11886,-4
11887,0
11888,0
11889,0
11890,-4
11891,-4
11892,0
11893,-4
11894,-4
11895,0
11896,0
11897,-4
11898,0
11899,-4
11900,0
11901,0
11902,0
11903,-4
11904,-4
11905,-4
11906,-4
11907,10
11908,-4
11909,0
11910,2
11911,0
11912,-4
11913,0
11914,-4
11915,0
11916,0
11917,-4
11918,0
11919,0
11920,0
11921,4
11922,2
11923,0
11924,0
11925,0
11926,0
11927,2
11928,0
11929,0
11930,0
11931,0
11932,0
11933,2
11934,0
11935,0
11936,-4
11937,0
11938,0
11939,0
11940,0
11941,0
11942,0
11943,2
11944,0
11945,2
11946,0
11947,-4
11948,4
11949,0
11950,0
11951,6
11952,-4
11953,0
11954,0
11955,2
11956,0
11957,0
11958,4
11959,0
11960,0
11961,0
11962,-4
11963,4
11964,0
11965,2
11966,2
11967,0
11968,0
11969,2
11970,4
11971,0
11972,-6
11973,0
11974,0
11975,0
11976,-4
11977,0
11978,0
11979,0
11980,0
11981,0
11982,0
11983,0
11984,0
11985,0
11986,0
11987,-2
11988,0
11989,0
11990,0
11991,0
11992,-4
11993,-4
11994,-4
11995,0
11996,-4
11997,0
11998,-4
11999,0
12000,-4
12001,0
12002,0
12003,-4
12004,-4
12005,0
12006,0
12007,0
12008,-4
12009,0
12010,0
12011,-4
12012,0
12013,-4
12014,-4
12015,4
12016,0
12017,-4
12018,6
12019,0
12020,0
12021,0
12022,0
12023,-4
12024,-10
12025,0
12026,0
12027,2
12028,0
12029,4
12030,0
12031,-2
12032,0
12033,0
12034,2
12035,2
12036,0
12037,-4
12038,0
12039,0
12040,0
12041,0
12042,0
12043,0
12044,2
12045,0
12046,0
12047,6
12048,0
12049,0
12050,0
12051,0
12052,4
12053,0
12054,0
12055,0
12056,0
12057,0
12058,0
12059,0
12060,0
12061,10
12062,0
12063,0
12064,0
12065,2
12066,0
12067,0
12068,4
12069,0
12070,0
12071,-10
12072,0
12073,0
12074,-8
12075,0
12076,0
12077,0
12078,0
12079,0
12080,0
12081,-14
12082,0
12083,-4
12084,-8
12085,0
12086,0
12087,0
12088,0
12089,-4
12090,-4
12091,0
12092,0
12093,0
12094,-4
12095,-4
12096,-4
12097,-4
12098,-4
12099,-4
12100,0
12101,-4
12102,-4
12103,-4
12104,-4
12105,-4
12106,-4
12107,-4
12108,0
12109,-8
12110,-4
12111,-4
12112,0
12113,-4
12114,0
12115,0
12116,-4
12117,-6
12118,0
12119,-4
12120,0
12121,0
12122,0
12123,-14
12124,-4
12125,-4
12126,0
12127,-4
12128,0
12129,0
12130,0
12131,0
12132,0
12133,2
12134,0
12135,0
12136,-4
12137,0
12138,0
12139,0
12140,0
12141,2
12142,0
12143,0
12144,0
12145,0
12146,0
12147,0
12148,0
12149,2
12150,2
12151,0
12152,2
12153,6
12154,0
12155,0
12156,0
12157,0
12158,0
12159,0
12160,0
12161,2
12162,0
12163,0
12164,0
12165,0
12166,0
12167,-14
12168,0
12169,0
12170,6
12171,0
12172,0
12173,0
12174,0
12175,0
12176,0
12177,-6
12178,0
12179,0
12180,0
12181,0
12182,0
12183,0
12184,4
12185,-8
12186,0
12187,0
12188,0
12189,-4
12190,0
12191,-4
12192,-4
12193,2
12194,2
12195,0
12196,0
12197,-4
12198,0
12199,-4
12200,-4
12201,0
12202,0
12203,-4
12204,-4
12205,0
12206,0
12207,0
12208,0
12209,0
12210,0
12211,-2
12212,-6
12213,-4
12214,-4
12215,-4
12216,-4
12217,0
12218,-2
12219,0
12220,0
12221,0
12222,-4
12223,-4
12224,0
12225,0
12226,0
12227,0
12228,0
12229,0
12230,0
12231,-4
12232,0
12233,0
12234,0
12235,0
12236,0
12237,0
12238,-4
12239,0
12240,0
12241,0
12242,0
12243,2
12244,0
12245,0
12246,0
12247,0
12248,0
12249,4
12250,0
12251,0
12252,0
12253,0
12254,2
12255,0
12256,4
12257,0
12258,2
12259,0
12260,2
12261,0
12262,0
12263,2
12264,0
12265,0
12266,6
12267,0
12268,0
12269,6
12270,0
12271,0
12272,-4
12273,-8
12274,0
12275,0
12276,0
12277,0
12278,4
12279,2
12280,0
12281,-4
12282,0
12283,0
12284,0
12285,0
12286,0
12287,0
12288,0
12289,0
12290,0
12291,-4
12292,0
12293,0
12294,0
12295,0
12296,0
12297,0
12298,0
12299,2
12300,0
12301,0
12302,-4
12303,2
12304,0
12305,-4
12306,-4
12307,2
12308,0
12309,0
12310,-4
12311,0
12312,0
12313,0
12314,0
12315,-4
12316,-4
12317,-4
12318,4
12319,4
12320,0
12321,0
12322,-4
12323,-4
12324,-4
12325,0
12326,0
12327,0
12328,0
12329,0
12330,0
12331,0
12332,0
12333,0
12334,4
12335,0
12336,0
12337,0
12338,-4
12339,2
12340,-4
12341,0
12342,0
12343,0
12344,2
12345,2
12346,4
12347,0
12348,0
12349,2
12350,4
12351,0
12352,0
12353,0
12354,0
12355,0
12356,6
12357,-6
12358,0
12359,0
12360,-14
12361,2
12362,6
12363,0
12364,2
12365,0
12366,0
12367,4
12368,0
12369,6
12370,0
12371,0
12372,6
12373,0
12374,0
12375,0
12376,0
12377,0
12378,0
12379,6
12380,0
12381,0
12382,4
12383,-4
12384,0
12385,0
12386,-4
12387,0
12388,0
12389,0
12390,0
12391,0
12392,0
12393,-4
12394,-4
12395,-4
12396,-4
12397,-4
12398,0
12399,0
12400,0
12401,2
12402,0
12403,0
12404,-4
12405,-4
12406,-6
12407,-4
12408,6
12409,-4
12410,0
12411,0
12412,0
12413,0
12414,0
12415,-4
12416,-4
12417,0
12418,-4
12419,0
12420,-4
12421,0
12422,0
12423,0
12424,0
12425,0
12426,-4
12427,4
12428,0
12429,0
12430,0
12431,0
12432,-4
12433,0
12434,2
12435,0
12436,0
12437,0
12438,0
12439,0
12440,0
12441,0
12442,0
12443,0
12444,6
12445,0
12446,2
12447,2
12448,0
12449,0
12450,0
12451,0
12452,0
12453,0
12454,0
12455,6
12456,0
12457,0
12458,0
12459,0
12460,0
12461,4
12462,2
12463,-4
12464,0
12465,2
12466,0
12467,0
12468,0
12469,4
12470,-4
12471,0
12472,0
12473,0
12474,-4
12475,0
12476,6
12477,0
12478,0
12479,0
12480,0
12481,0
12482,-4
12483,0
12484,2
12485,0
12486,0
12487,-4
12488,0
12489,0
12490,0
12491,-4
12492,0
12493,0
12494,0
12495,0
12496,-28
12497,-4
12498,0
12499,0
12500,0
12501,0
12502,0
12503,0
12504,0
12505,-4
12506,0
12507,-4
12508,0
12509,-4
12510,0
12511,0
12512,0
12513,0
12514,0
12515,0
12516,0
12517,0
12518,0
12519,0
12520,4
12521,0
12522,0
12523,-4
12524,0
12525,0
12526,-4
12527,0
12528,0
12529,0
12530,0
12531,0
12532,2
12533,-4
12534,0
12535,0
12536,0
12537,0
12538,0
12539,0
12540,0
12541,2
12542,0
12543,0
12544,0
12545,0
12546,0
12547,2
12548,0
12549,2
12550,0
12551,0
12552,0
12553,0
12554,0
12555,-4
12556,0
12557,0
12558,0
12559,6
12560,0
12561,-14
12562,0
12563,0
12564,-10
12565,2
12566,2
12567,0
12568,0
12569,4
12570,0
12571,-4
12572,2
12573,0
12574,-4
12575,0
12576,0
12577,4
12578,0
12579,0
12580,0
12581,0
12582,0
12583,-4
12584,-4
12585,-4
12586,0
12587,2
12588,0
12589,-4
12590,0
12591,-4
12592,0
12593,0
12594,0
12595,-4
12596,0
12597,-4
12598,0
12599,-4
12600,-4
12601,-4
12602,-4
12603,-4
12604,-4
12605,-4
12606,-4
12607,0
12608,-4
12609,0
12610,-4
12611,0
12612,0
12613,-8
12614,-4
12615,0
12616,-4
12617,0
12618,0
12619,0
12620,0
12621,0
12622,6
12623,-4
12624,2
12625,0
12626,0
12627,0
12628,0
12629,0
12630,0
12631,-4
12632,-10
12633,2
12634,0
12635,0
12636,0
12637,0
12638,0
12639,0
12640,-4
12641,0
12642,6
12643,0
12644,0
12645,0
12646,2
12647,0
12648,0
12649,0
12650,4
12651,0
12652,6
12653,-4
12654,0
12655,0
12656,0
12657,0
12658,0
12659,0
12660,2
12661,0
12662,0
12663,2
12664,0
12665,0
12666,2
12667,0
12668,4
12669,0
12670,0
12671,0
12672,0
12673,-4
12674,0
12675,4
12676,0
12677,2
12678,0
12679,0
12680,0
12681,10
12682,-4
12683,0
12684,-4
12685,2
12686,-4
12687,0
12688,0
12689,2
12690,-4
12691,0
12692,0
12693,0
12694,-4
12695,0
12696,-4
12697,0
12698,-4
12699,0
12700,0
12701,-8
12702,-4
12703,0
12704,0
12705,-4
12706,-4
12707,0
12708,0
12709,0
12710,-4
12711,0
12712,-4
12713,-4
12714,0
12715,2
12716,-4
12717,-2
12718,-4
12719,0
12720,2
12721,-4
12722,0
12723,0
12724,-4
12725,0
12726,2
12727,0
12728,0
12729,0
12730,-2
12731,0
12732,0
12733,0
12734,2
12735,0
12736,0
12737,0
12738,0
12739,0
12740,4
12741,0
12742,0
12743,0
12744,0
12745,0
12746,0
12747,0
12748,0
12749,0
12750,6
12751,0
12752,6
12753,4
12754,0
12755,4
12756,0
12757,6
12758,0
12759,0
12760,0
12761,0
12762,-6
12763,0
12764,0
12765,0
12766,0
12767,0
12768,0
12769,0
12770,0
12771,0
12772,-4
12773,0
12774,0
12775,-14
12776,0
12777,0
12778,-6
12779,-4
12780,-4
12781,0
12782,0
12783,0
12784,-4
12785,0
12786,-4
12787,0
12788,4
12789,6
12790,0
12791,0
12792,0
12793,0
12794,0
12795,0
12796,0
12797,0
12798,0
12799,-4
12800,0
12801,6
12802,-4
12803,-4
12804,-4
12805,-4
12806,-4
12807,0
12808,0
12809,0
12810,0
12811,-4
12812,0
12813,0
12814,0
12815,-4
12816,0
12817,-6
12818,-4
12819,-4
12820,0
12821,0
12822,0
12823,-4
12824,0
12825,0
12826,-4
12827,2
12828,0
12829,2
12830,0
12831,0
12832,-4
12833,0
12834,0
12835,-4
12836,0
12837,2
12838,0
12839,-4
12840,0
12841,2
12842,0
12843,6
12844,0
12845,0
12846,0
12847,4
12848,2
12849,0
12850,0
12851,0
12852,0
12853,0
12854,4
12855,0
12856,4
12857,0
12858,6
12859,-4
12860,0
12861,0
12862,0
12863,0
12864,0
12865,0
12866,-4
12867,0
12868,4
12869,0
12870,0
12871,-4
12872,0
12873,0
12874,0
12875,0
12876,0
12877,0
12878,2
12879,0
12880,0
12881,0
12882,0
12883,0
12884,0
12885,0
12886,0
12887,0
12888,0
12889,0
12890,-4
12891,-4
12892,0
12893,0
12894,-4
12895,-4
12896,0
12897,0
12898,-4
12899,0
12900,0
12901,-4
12902,0
12903,0
12904,0
12905,-4
12906,-2
12907,-4
12908,0
12909,0
12910,-4
12911,-4
12912,0
12913,0
12914,0
12915,0
12916,0
12917,-4
12918,0
12919,-4
12920,0
12921,0
12922,0
12923,-4
12924,0
12925,0
12926,0
12927,0
12928,-4
12929,0
12930,0
12931,0
12932,0
12933,0
12934,0
12935,0
12936,0
12937,2
12938,0
12939,0
12940,0
12941,0
12942,0
12943,0
12944,4
12945,0
12946,0
12947,0
12948,2
12949,0
12950,0
12951,2
12952,0
12953,0
12954,4
12955,-4
12956,0
12957,0
12958,-4
12959,2
12960,2
12961,-4
12962,0
12963,0
12964,6
12965,0
12966,0
12967,4
12968,0
12969,-4
12970,4
12971,0
12972,0
12973,-4
12974,0
12975,0
12976,0
12977,0
12978,0
12979,0
12980,0
12981,0
12982,0
12983,0
12984,0
12985,0
12986,-4
12987,0
12988,-4
12989,0
12990,0
12991,0
12992,0
12993,-4
12994,-4
12995,0
12996,-4
12997,-4
12998,-8
12999,0
13000,0
13001,-4
13002,0
13003,-4
13004,0
13005,-4
13006,-4
13007,0
13008,0
13009,6
13010,-4
13011,-4
13012,0
13013,6
13014,-4
13015,-4
13016,-6
13017,-4
13018,0
13019,6
13020,-4
13021,0
13022,4
13023,0
13024,0
13025,0
13026,0
13027,0
13028,2
13029,0
13030,0
13031,0
13032,-4
13033,0
13034,0
13035,0
13036,0
13037,0
13038,0
13039,0
13040,-4
13041,0
13042,0
13043,0
13044,0
13045,0
13046,0
13047,0
13048,0
13049,-4
13050,0
13051,4
13052,0
13053,0
13054,0
13055,6
13056,0
13057,0
13058,0
13059,2
13060,0
13061,0
13062,-4
13063,0
13064,0
13065,4
13066,6
13067,-4
13068,0
13069,-4
13070,0
13071,0
13072,0
13073,0
13074,0
13075,6
13076,0
13077,-4
13078,0
13079,0
13080,0
13081,0
13082,0
13083,-4
13084,0
13085,0
13086,0
13087,0
13088,2
13089,0
13090,0
13091,0
13092,0
13093,-4
13094,0
13095,-4
13096,0
13097,0
13098,0
13099,0
13100,0
13101,0
13102,-4
13103,0
13104,0
13105,-4
13106,-4
13107,-4
13108,0
13109,0
13110,-4
13111,-4
13112,0
13113,0
13114,0
13115,-4
13116,2
13117,-4
13118,0
13119,-4
13120,0
13121,-4
13122,0
13123,0
13124,0
13125,0
13126,0
13127,0
13128,0
13129,-4
13130,0
13131,-4
13132,0
13133,-4
13134,2
13135,0
13136,0
13137,2
13138,6
13139,4
13140,-4
13141,-2
13142,14
13143,-4
13144,0
13145,-4
13146,0
13147,-4
13148,0
13149,-6
13150,2
13151,0
13152,6
13153,0
13154,0
13155,2
13156,2
13157,0
13158,0
13159,0
13160,0
13161,0
13162,6
13163,0
13164,4
13165,-4
13166,4
13167,0
13168,0
13169,-6
13170,4
13171,2
13172,0
13173,6
13174,0
13175,0
13176,0
13177,0
13178,0
13179,0
13180,0
13181,0
13182,-4
13183,0
13184,-2
13185,-4
13186,0
13187,0
13188,0
13189,0
13190,0
13191,4
13192,0
13193,-4
13194,-4
13195,0
13196,0
13197,-6
13198,-4
13199,-14
13200,-2
13201,0
13202,0
13203,0
13204,-4
13205,-4
13206,0
13207,-4
13208,0
13209,0
13210,-4
13211,-4
13212,0
13213,0
13214,-4
13215,0
13216,0
13217,0
13218,0
13219,0
13220,-4
13221,0
13222,0
13223,0
13224,0
13225,0
13226,-4
13227,0
13228,0
13229,0
13230,0
13231,0
13232,0
13233,2
13234,0
13235,0
13236,0
13237,0
13238,-4
13239,-4
13240,-4
13241,0
13242,0
13243,0
13244,0
13245,0
13246,0
13247,4
13248,0
13249,0
13250,0
13251,0
13252,0
13253,0
13254,2
13255,4
13256,2
13257,0
13258,6
13259,0
13260,0
13261,-4
13262,0
13263,2
13264,0
13265,0
13266,0
13267,0
13268,-6
13269,0
13270,0
13271,0
13272,0
13273,0
13274,2
13275,0
13276,0
13277,0
13278,0
13279,-6
13280,4
13281,0
13282,0
13283,0
13284,0
13285,0
13286,-4
13287,0
13288,-2
13289,0
13290,-4
13291,-4
13292,0
13293,0
13294,0
13295,-4
13296,-4
13297,-4
13298,0
13299,0
13300,-4
13301,-4
13302,-6
13303,0
13304,-4
13305,-4
13306,-2
13307,-6
13308,2
13309,0
13310,0
13311,-4
13312,0
13313,0
13314,2
13315,0
13316,-4
13317,0
13318,0
13319,0
13320,-4
13321,0
13322,0
13323,-4
13324,0
13325,0
13326,0
13327,0
13328,-4
13329,0
13330,0
13331,0
13332,6
13333,2
13334,-4
13335,0
13336,0
13337,0
13338,0
13339,-16
13340,0
13341,0
13342,0
13343,2
13344,0
13345,0
13346,0
13347,0
13348,2
13349,0
13350,0
13351,0
13352,-4
13353,-4
13354,0
13355,0
13356,-4
13357,0
13358,2
13359,-4
13360,0
13361,0
13362,0
13363,0
13364,0
13365,0
13366,0
13367,2
13368,0
13369,0
13370,-4
13371,0
13372,0
13373,0
13374,0
13375,0
13376,0
13377,0
13378,0
13379,0
13380,0
13381,0
13382,-4
13383,0
13384,0
13385,0
13386,0
13387,-4
13388,-4
13389,0
13390,-4
13391,-4
13392,0
13393,0
13394,2
13395,0
13396,-4
13397,-4
13398,-4
13399,-4
13400,-4
13401,0
13402,0
13403,0
13404,0
13405,-4
13406,-4
13407,-4
13408,-4
13409,-4
13410,-4
13411,0
13412,0
13413,-4
13414,0
13415,0
13416,-4
13417,-4
13418,0
13419,4
13420,0
13421,0
13422,-4
13423,-4
13424,0
13425,4
13426,0
13427,0
13428,-4
13429,0
13430,0
13431,-4
13432,0
13433,0
13434,0
13435,0
13436,0
13437,0
13438,2
13439,0
13440,0
13441,0
13442,0
13443,0
13444,-4
13445,0
13446,0
13447,0
13448,-4
13449,0
13450,0
13451,0
13452,2
13453,0
13454,2
13455,0
13456,4
13457,2
13458,0
13459,0
13460,2
13461,0
13462,0
13463,0
13464,0
13465,2
13466,-4
13467,0
13468,4
13469,0
13470,2
13471,0
13472,-4
13473,-8
13474,0
13475,0
13476,0
13477,0
13478,0
13479,0
13480,0
13481,0
13482,-4
13483,0
13484,-4
13485,0
13486,4
13487,0
13488,0
13489,0
13490,0
13491,-4
13492,0
13493,0
13494,0
13495,0
13496,-4
13497,-4
13498,-4
13499,-4
13500,0
13501,0
13502,0
13503,0
13504,-4
13505,-4
13506,0
13507,-4
13508,0
13509,0
13510,0
13511,-4
13512,0
13513,-4
13514,0
13515,0
13516,-4
13517,0
13518,-2
13519,-4
13520,0
13521,0
13522,0
13523,-4
13524,-4
13525,0
13526,0
13527,0
13528,2
13529,2
13530,2
13531,4
13532,0
13533,0
13534,4
13535,0
13536,-2
13537,4
13538,0
13539,0
13540,0
13541,0
13542,2
13543,0
13544,-4
13545,0
13546,0
13547,0
13548,0
13549,-4
13550,0
13551,0
13552,-4
13553,0
13554,0
13555,6
13556,0
13557,2
13558,-4
13559,0
13560,2
13561,0
13562,-4
13563,2
13564,0
13565,2
13566,2
13567,0
13568,6
13569,-4
13570,0
13571,-4
13572,0
13573,0
13574,2
13575,0
13576,0
13577,0
13578,0
13579,0
13580,0
13581,2
13582,0
13583,-4
13584,0
13585,0
13586,0
13587,0
13588,-4
13589,0
13590,-2
13591,0
13592,-4
13593,0
13594,-4
13595,0
13596,-4
13597,0
13598,-4
13599,0
13600,-4
13601,0
13602,-2
13603,-4
13604,0
13605,-4
13606,-4
13607,2
13608,0
13609,0
13610,-14
13611,-4
13612,-4
13613,0
13614,0
13615,-4
13616,-4
13617,0
13618,0
13619,0
13620,0
13621,0
13622,0
13623,0
13624,-12
13625,-4
13626,4
13627,0
13628,0
13629,0
13630,0
13631,0
13632,0
13633,-4
13634,-6
13635,0
13636,0
13637,-4
13638,0
13639,0
13640,0
13641,2
13642,0
13643,2
13644,2
13645,0
13646,0
13647,0
13648,2
13649,0
13650,0
13651,6
13652,0
13653,0
13654,0
13655,0
13656,0
13657,0
13658,0
13659,0
13660,0
13661,0
13662,0
13663,0
13664,2
13665,4
13666,2
13667,0
13668,-4
13669,0
13670,4
13671,0
13672,0
13673,0
13674,2
13675,0
13676,0
13677,0
13678,4
13679,0
13680,0
13681,0
13682,-4
13683,0
13684,0
13685,0
13686,-4
13687,0
13688,0
13689,-4
13690,0
13691,-4
13692,0
13693,0
13694,-4
13695,0
13696,0
13697,0
13698,-4
13699,0
13700,-4
13701,-4
13702,-4
13703,0
13704,0
13705,-4
13706,0
13707,0
13708,0
13709,0
13710,0
13711,0
13712,0
13713,-4
13714,-4
13715,0
13716,-2
13717,2
13718,0
13719,-4
13720,0
13721,0
13722,-4
13723,2
13724,0
13725,-4
13726,-4
13727,0
13728,0
13729,0
13730,0
13731,0
13732,0
13733,0
13734,0
13735,0
13736,-4
13737,0
13738,0
13739,0
13740,0
13741,2
13742,0
13743,-2
13744,0
13745,2
13746,0
13747,4
13748,2
13749,2
13750,0
13751,2
13752,-4
13753,0
13754,4
13755,0
13756,0
13757,0
13758,10
13759,0
13760,0
13761,10
13762,0
13763,0
13764,10
13765,0
13766,0
13767,0
13768,-4
13769,0
13770,0
13771,0
13772,-4
13773,2
13774,0
13775,0
13776,0
13777,2
13778,0
13779,0
13780,-4
13781,-4
13782,0
13783,2
13784,-4
13785,-4
13786,0
13787,0
13788,0
13789,-4
13790,0
13791,-4
13792,0
13793,0
13794,0
13795,0
13796,0
13797,-4
13798,0
13799,0
13800,0
13801,-4
13802,-4
13803,-4
13804,-4
13805,-4
13806,-4
13807,-4
13808,0
13809,0
13810,-4
13811,0
13812,0
13813,0
13814,0
13815,0
13816,0
13817,0
13818,0
13819,4
13820,-4
13821,2
13822,-4
13823,0
13824,0
13825,-4
13826,0
13827,0
13828,0
13829,0
13830,0
13831,-4
13832,0
13833,6
13834,0
13835,-4
13836,-4
13837,0
13838,0
13839,0
13840,4
13841,0
13842,0
13843,0
13844,0
13845,2
13846,4
13847,0
13848,6
13849,0
13850,0
13851,-4
13852,0
13853,-4
13854,0
13855,4
13856,0
13857,0
13858,0
13859,6
13860,0
13861,0
13862,0
13863,0
13864,0
13865,0
13866,2
13867,0
13868,0
13869,0
13870,-4
13871,-4
13872,0
13873,0
13874,0
13875,2
13876,-14
13877,0
13878,0
13879,0
13880,0
13881,0
13882,0
13883,-4
13884,0
13885,0
13886,0
13887,0
13888,0
13889,6
13890,0
13891,-4
13892,0
13893,-4
13894,0
13895,-4
13896,-4
13897,0
13898,0
13899,0
13900,-4
13901,-4
13902,-4
13903,0
13904,0
13905,-4
13906,0
13907,0
13908,0
13909,-8
13910,0
13911,-4
13912,-4
13913,-4
13914,0
13915,-4
13916,-4
13917,-4
13918,-4
13919,-4
13920,-4
13921,-4
13922,0
13923,0
13924,0
13925,0
13926,-14
13927,0
13928,0
13929,0
13930,0
13931,-4
13932,-4
13933,0
13934,2
13935,-4
13936,0
13937,0
13938,0
13939,0
13940,0
13941,0
13942,2
13943,0
13944,0
13945,-8
13946,0
13947,-4
13948,0
13949,0
13950,0
13951,0
13952,0
13953,2
13954,4
13955,0
13956,0
13957,0
13958,2
13959,0
13960,10
13961,2
13962,6
13963,0
13964,0
13965,-4
13966,0
13967,0
13968,-4
13969,6
13970,0
13971,0
13972,0
13973,0
13974,0
13975,0
13976,0
13977,4
13978,0
13979,0
13980,0
13981,0
13982,0
13983,0
13984,-4
13985,0
13986,0
13987,0
13988,0
13989,0
13990,0
13991,-4
13992,-4
13993,0
13994,-4
13995,-4
13996,0
13997,-2
13998,0
13999,2
14000,-2
14001,-4
14002,-8
14003,-4
14004,0
14005,-4
14006,-4
14007,0
14008,-4
14009,0
14010,0
14011,-4
14012,-4
14013,0
14014,0
14015,4
14016,-4
14017,-4
14018,-10
14019,0
14020,0
14021,-4
14022,0
14023,0
14024,0
14025,0
14026,0
14027,0
14028,2
14029,0
14030,0
14031,0
14032,0
14033,0
14034,0
14035,0
14036,0
14037,2
14038,0
14039,0
14040,0
14041,0
14042,0
14043,0
14044,0
14045,0
14046,-4
14047,-4
14048,0
14049,0
14050,0
14051,0
14052,0
14053,0
14054,0
14055,2
14056,0
14057,0
14058,0
14059,2
14060,0
14061,2
14062,0
14063,0
14064,0
14065,0
14066,0
14067,4
14068,-6
14069,4
14070,4
14071,0
14072,0
14073,-4
14074,0
14075,0
14076,0
14077,0
14078,6
14079,0
14080,-4
14081,0
14082,0
14083,0
14084,0
14085,-6
14086,10
14087,0
14088,4
14089,0
14090,0
14091,-4
14092,0
14093,0
14094,0
14095,-4
14096,-4
14097,0
14098,-4
14099,0
14100,0
14101,0
14102,0
14103,0
14104,-4
14105,0
14106,-4
14107,0
14108,-4
14109,-2
14110,0
14111,-4
14112,0
14113,-4
14114,-4
14115,-2
14116,0
14117,-8
14118,-4
14119,4
14120,0
14121,0
14122,-4
14123,0
14124,0
14125,0
14126,0
14127,-4
14128,0
14129,0
14130,0
14131,0
14132,4
14133,2
14134,-4
14135,0
14136,0
14137,0
14138,0
14139,14
14140,-4
14141,0
14142,2
14143,0
14144,0
14145,0
14146,0
14147,4
14148,4
14149,0
14150,2
14151,0
14152,0
14153,0
14154,0
14155,0
14156,0
14157,2
14158,0
14159,0
14160,0
14161,0
14162,0
14163,-4
14164,10
14165,0
14166,0
14167,2
14168,0
14169,0
14170,0
14171,0
14172,0
14173,2
14174,-10
14175,0
14176,0
14177,0
14178,0
14179,6
14180,-4
14181,-6
14182,0
14183,0
14184,0
14185,0
14186,0
14187,0
14188,2
14189,0
14190,0
14191,-4
14192,0
14193,-4
14194,0
14195,0
14196,-4
14197,-4
14198,0
14199,0
14200,-4
14201,-4
14202,-4
14203,-4
14204,-4
14205,0
14206,0
14207,0
14208,-4
14209,0
14210,-4
14211,-4
14212,-4
14213,0
14214,-4
14215,0
14216,0
14217,0
14218,2
14219,-2
14220,0
14221,-4
14222,0
14223,0
14224,-4
14225,-4
14226,0
14227,2
14228,0
14229,0
14230,0
14231,0
14232,0
14233,0
14234,-4
14235,-4
14236,0
14237,0
14238,0
14239,0
14240,0
14241,0
14242,0
14243,0
14244,0
14245,0
14246,0
14247,0
14248,0
14249,0
14250,-4
14251,2
14252,0
14253,4
14254,0
14255,4
14256,0
14257,0
14258,-4
14259,-4
14260,0
14261,0
14262,0
14263,-6
14264,0
14265,4
14266,2
14267,0
14268,0
14269,0
14270,0
14271,6
14272,0
14273,0
14274,0
14275,0
14276,-14
14277,0
14278,0
14279,0
14280,6
14281,-4
14282,0
14283,0
14284,0
14285,0
14286,0
14287,0
14288,0
14289,0
14290,0
14291,0
14292,0
14293,0
14294,-4
14295,0
14296,-4
14297,-4
14298,-4
14299,-4
14300,10
14301,0
14302,-4
14303,0
14304,0
14305,-6
14306,-4
14307,-4
14308,0
14309,0
14310,-4
14311,-4
14312,0
14313,0
14314,0
14315,0
14316,-16
14317,0
14318,0
14319,6
14320,0
14321,0
14322,0
14323,-4
14324,2
14325,0
14326,0
14327,-4
14328,0
14329,0
14330,0
14331,0
14332,0
14333,-4
14334,0
14335,0
14336,0
14337,0
14338,0
14339,0
14340,2
14341,0
14342,0
14343,0
14344,4
14345,0
14346,2
14347,0
14348,0
14349,2
14350,2
14351,0
14352,0
14353,0
14354,0
14355,0
14356,0
14357,0
14358,0
14359,0
14360,0
14361,4
14362,0
14363,0
14364,0
14365,6
14366,2
14367,0
14368,0
14369,0
14370,0
14371,0
14372,0
14373,0
14374,0
14375,-14
14376,-4
14377,0
14378,0
14379,0
14380,0
14381,0
14382,2
14383,-4
14384,-6
14385,0
14386,0
14387,-4
14388,-4
14389,0
14390,0
14391,0
14392,0
14393,0
14394,0
14395,-4
14396,0
14397,-4
14398,0
14399,0
14400,0
14401,0
14402,0
14403,0
14404,0
14405,0
14406,-4
14407,0
14408,0
14409,0
14410,6
14411,0
14412,-4
14413,0
14414,0
14415,-4
14416,0
14417,-4
14418,-4
14419,0
14420,0
14421,0
14422,0
14423,0
14424,-4
14425,0
14426,-4
14427,-4
14428,0
14429,10
14430,0
14431,-6
14432,0
14433,0
14434,0
14435,0
14436,0
14437,0
14438,0
14439,-4
14440,0
14441,0
14442,0
14443,0
14444,0
14445,0
14446,0
14447,0
14448,2
14449,0
14450,0
14451,0
14452,2
14453,2
14454,0
14455,0
14456,6
14457,0
14458,0
14459,2
14460,6
14461,0
14462,-14
14463,0
14464,0
14465,-4
14466,0
14467,0
14468,6
14469,0
14470,2
14471,-4
14472,-4
14473,0
14474,2
14475,-4
14476,0
14477,0
14478,0
14479,-4
14480,0
14481,0
14482,-4
14483,-4
14484,0
14485,0
14486,-4
14487,0
14488,-4
14489,0
14490,-4
14491,-4
14492,0
14493,0
14494,-4
14495,20
14496,-4
14497,-4
14498,0
14499,0
14500,0
14501,-4
14502,-4
14503,0
14504,0
14505,0
14506,-4
14507,-4
14508,0
14509,2
14510,0
14511,-4
14512,0
14513,0
14514,-10
14515,0
14516,-4
14517,0
14518,0
14519,-4
14520,10
14521,0
14522,-4
14523,-4
14524,-4
14525,0
14526,-4
14527,0
14528,0
14529,0
14530,0
14531,0
14532,4
14533,0
14534,0
14535,0
14536,2
14537,0
14538,-4
14539,0
14540,0
14541,0
14542,-4
14543,0
14544,-4
14545,0
14546,2
14547,0
14548,4
14549,0
14550,4
14551,-4
14552,-4
14553,0
14554,2
14555,4
14556,0
14557,2
14558,0
14559,0
14560,2
14561,0
14562,0
14563,2
14564,-4
14565,0
14566,0
14567,6
14568,2
14569,0
14570,6
14571,-4
14572,0
14573,0
14574,-2
14575,0
14576,0
14577,-4
14578,4
14579,-4
14580,0
14581,0
14582,-4
14583,2
14584,-12
14585,0
14586,0
14587,0
14588,0
14589,-4
14590,0
14591,0
14592,-4
14593,0
14594,0
14595,0
14596,0
14597,-4
14598,0
14599,-4
14600,0
14601,0
14602,6
14603,0
14604,0
14605,-4
14606,-4
14607,-4
14608,0
14609,0
14610,0
14611,-4
14612,-4
14613,-2
14614,0
14615,0
14616,-4
14617,-4
14618,-4
14619,-4
14620,-4
14621,0
14622,4
14623,0
14624,0
14625,0
14626,0
14627,4
14628,0
14629,0
14630,0
14631,-4
14632,0
14633,0
14634,0
14635,0
14636,0
14637,0
14638,6
14639,0
14640,-4
14641,0
14642,2
14643,12
14644,2
14645,0
14646,0
14647,-4
14648,2
14649,0
14650,0
14651,2
14652,0
14653,0
14654,-4
14655,4
14656,4
14657,0
14658,-4
14659,0
14660,0
14661,-14
14662,2
14663,0
14664,0
14665,0
14666,0
14667,0
14668,0
14669,0
14670,0
14671,0
14672,0
14673,-4
14674,0
14675,0
14676,10
14677,0
14678,0
14679,6
14680,0
14681,0
14682,0
14683,0
14684,0
14685,6
14686,2
14687,4
14688,0
14689,6
14690,-4
14691,0
14692,-4
14693,0
14694,-4
14695,-4
14696,-4
14697,-2
14698,-4
14699,-4
14700,-4
14701,6
14702,0
14703,0
14704,-4
14705,-4
14706,0
14707,-4
14708,-4
14709,-4
14710,0
14711,0
14712,-4
14713,0
14714,0
14715,0
14716,-4
14717,0
14718,0
14719,-4
14720,0
14721,0
14722,4
14723,0
14724,0
14725,-14
14726,-4
14727,0
14728,-4
14729,0
14730,0
14731,0
14732,-4
14733,0
14734,0
14735,0
14736,0
14737,0
14738,-4
14739,0
14740,-4
14741,6
14742,2
14743,0
14744,0
14745,6
14746,0
14747,0
14748,0
14749,0
14750,0
14751,0
14752,0
14753,0
14754,4
14755,6
14756,0
14757,6
14758,0
14759,10
14760,0
14761,0
14762,2
14763,2
14764,0
14765,2
14766,-4
14767,6
14768,0
14769,-4
14770,4
14771,0
14772,2
14773,2
14774,0
14775,-4
14776,0
14777,0
14778,0
14779,0
14780,0
14781,0
14782,0
14783,0
14784,0
14785,2
14786,-8
14787,0
14788,0
14789,0
14790,0
14791,-4
14792,0
14793,0
14794,0
14795,0
14796,0
14797,-4
14798,-4
14799,0
14800,-4
14801,-4
14802,-4
14803,-4
14804,0
14805,0
14806,-4
14807,0
14808,-4
14809,0
14810,0
14811,0
14812,-4
14813,0
14814,0
14815,14
14816,0
14817,2
14818,10
14819,0
14820,0
14821,-10
14822,0
14823,-4
14824,0
14825,0
14826,-4
14827,0
14828,-6
14829,0
14830,0
14831,0
14832,0
14833,0
14834,4
14835,0
14836,0
14837,0
14838,0
14839,0
14840,0
14841,10
14842,0
14843,0
14844,2
14845,0
14846,0
14847,0
14848,0
14849,6
14850,0
14851,2
14852,0
14853,0
14854,0
14855,2
14856,4
14857,4
14858,0
14859,0
14860,-6
14861,2
14862,0
14863,0
14864,0
14865,2
14866,2
14867,-4
14868,0
14869,-4
14870,2
14871,-6
14872,-4
14873,-4
14874,6
14875,0
14876,0
14877,0
14878,0
14879,0
14880,0
14881,0
14882,0
14883,0
14884,0
14885,-4
14886,0
14887,0
14888,0
14889,0
14890,0
14891,0
14892,0
14893,0
14894,0
14895,0
14896,2
14897,0
14898,0
14899,-4
14900,2
14901,-4
14902,4
14903,0
14904,0
14905,-4
14906,-4
14907,0
14908,-2
14909,-4
14910,0
14911,-4
14912,-4
14913,0
14914,0
14915,-4
14916,-4
14917,6
14918,-4
14919,-4
14920,-4
14921,-4
14922,-4
14923,2
14924,0
14925,0
14926,0
14927,0
14928,0
14929,0
14930,6
14931,4
14932,0
14933,-4
14934,0
14935,-6
14936,0
14937,0
14938,0
14939,0
14940,0
14941,0
14942,0
14943,0
14944,0
14945,2
14946,2
14947,0
14948,6
14949,0
14950,-4
14951,0
14952,0
14953,0
14954,0
14955,0
14956,0
14957,2
14958,0
14959,0
14960,2
14961,0
14962,0
14963,4
14964,-4
14965,0
14966,0
14967,-4
14968,0
14969,2
14970,2
14971,-4
14972,2
14973,0
14974,-4
14975,0
14976,0
14977,0
14978,4
14979,0
14980,0
14981,-4
14982,0
14983,2
14984,2
14985,0
14986,-4
14987,0
14988,0
14989,0
14990,0
14991,0
14992,0
14993,-4
14994,-4
14995,0
14996,0
14997,-4
14998,-6
14999,0
15000,2
15001,-4
15002,-4
15003,0
15004,-4
15005,-4
15006,0
15007,-4
15008,0
15009,-4
15010,-4
15011,-4
15012,-4
15013,0
15014,0
15015,-4
15016,-4
15017,0
15018,0
15019,-4
15020,0
15021,-2
15022,0
15023,0
15024,-4
15025,0
15026,0
15027,0
15028,0
15029,-4
15030,4
15031,-10
15032,0
15033,2
15034,0
15035,-6
15036,0
15037,-6
15038,0
15039,0
15040,0
15041,0
15042,0
15043,0
15044,0
15045,0
15046,4
15047,0
15048,2
15049,0
15050,4
15051,0
15052,0
15053,0
15054,4
15055,0
15056,0
15057,2
15058,0
15059,0
15060,-4
15061,14
15062,0
15063,-4
15064,0
15065,0
15066,0
15067,-4
15068,0
15069,0
15070,-4
15071,2
15072,0
15073,-16
15074,-4
15075,0
15076,0
15077,0
15078,0
15079,2
15080,0
15081,2
15082,-4
15083,0
15084,-8
15085,-4
15086,0
15087,0
15088,0
15089,-4
15090,0
15091,0
15092,0
15093,0
15094,0
15095,-4
15096,-4
15097,-4
15098,-24
15099,0
15100,6
15101,0
15102,-4
15103,0
15104,-2
15105,-4
15106,6
15107,0
15108,-4
15109,0
15110,0
15111,-4
15112,0
15113,0
15114,0
15115,0
15116,-4
15117,-4
15118,-4
15119,-4
15120,-4
15121,0
15122,-4
15123,0
15124,0
15125,10
15126,0
15127,0
15128,0
15129,0
15130,0
15131,0
15132,0
15133,10
15134,0
15135,0
15136,0
15137,-4
15138,0
15139,-4
15140,-4
15141,0
15142,-4
15143,-4
15144,0
15145,2
15146,0
15147,2
15148,0
15149,0
15150,0
15151,0
15152,-4
15153,0
15154,0
15155,0
15156,4
15157,2
15158,14
15159,6
15160,2
15161,2
15162,0
15163,0
15164,0
15165,0
15166,0
15167,0
15168,-4
15169,6
15170,0
15171,-4
15172,-4
15173,-4
15174,2
15175,0
15176,0
15177,0
15178,0
15179,0
15180,-4
15181,10
15182,4
15183,0
15184,0
15185,-4
15186,0
15187,0
15188,10
15189,0
15190,2
15191,0
15192,0
15193,-4
15194,0
15195,0
15196,0
15197,-4
15198,0
15199,-4
15200,0
15201,0
15202,0
15203,-4
15204,0
15205,0
15206,0
15207,0
15208,4
15209,0
15210,-4
15211,-4
15212,-4
15213,0
15214,-4
15215,6
15216,0
15217,0
15218,0
15219,0
15220,0
15221,-4
15222,0
15223,0
15224,-4
15225,0
15226,0
15227,0
15228,2
15229,0
15230,0
15231,0
15232,-4
15233,4
15234,0
15235,0
15236,0
15237,0
15238,0
15239,0
15240,0
15241,0
15242,-4
15243,10
15244,2
15245,2
15246,4
15247,0
15248,4
15249,0
15250,0
15251,0
15252,-4
15253,2
15254,10
15255,0
15256,2
15257,6
15258,2
15259,2
15260,2
15261,0
15262,2
15263,-4
15264,0
15265,4
15266,-4
15267,0
15268,0
15269,0
15270,6
15271,-6
15272,0
15273,0
15274,-4
15275,0
15276,-4
15277,-4
15278,2
15279,0
15280,0
15281,0
15282,2
15283,0
15284,0
15285,4
15286,-4
15287,-4
15288,0
15289,0
15290,2
15291,0
15292,0
15293,-4
15294,-4
15295,0
15296,-4
15297,0
15298,-4
15299,0
15300,-4
15301,-2
15302,0
15303,-4
15304,2
15305,0
15306,-4
15307,0
15308,0
15309,0
15310,2
15311,-4
15312,0
15313,-4
15314,-4
15315,-4
15316,-4
15317,0
15318,2
15319,0
15320,2
15321,-4
15322,4
15323,0
15324,0
15325,0
15326,0
15327,0
15328,-4
15329,0
15330,0
15331,0
15332,0
15333,0
15334,0
15335,2
15336,0
15337,0
15338,0
15339,0
15340,-4
15341,0
15342,-4
15343,2
15344,4
15345,2
15346,0
15347,0
15348,0
15349,0
15350,-4
15351,6
15352,0
15353,0
15354,0
15355,4
15356,2
15357,0
15358,0
15359,0
15360,0
15361,2
15362,2
15363,2
15364,6
15365,0
15366,2
15367,2
15368,6
15369,2
15370,0
15371,0
15372,0
15373,0
15374,0
15375,0
15376,-2
15377,0
15378,-4
15379,0
15380,0
15381,-4
15382,0
15383,-4
15384,0
15385,-4
15386,6
15387,-4
15388,0
15389,6
15390,0
15391,2
15392,0
15393,0
15394,-4
15395,-4
15396,-4
15397,-4
15398,0
15399,0
15400,-4
15401,-4
15402,0
15403,-4
15404,-4
15405,0
15406,-4
15407,-4
15408,0
15409,0
15410,0
15411,-4
15412,-4
15413,0
15414,-4
15415,0
15416,0
15417,-4
15418,0
15419,0
15420,-4
15421,0
15422,0
15423,0
15424,0
15425,0
15426,6
15427,0
15428,0
15429,0
15430,0
15431,-4
15432,0
15433,0
15434,-2
15435,0
15436,2
15437,0
15438,0
15439,0
15440,0
15441,0
15442,6
15443,-4
15444,0
15445,0
15446,0
15447,4
15448,0
15449,0
15450,0
15451,0
15452,2
15453,0
15454,0
15455,0
15456,0
15457,2
15458,0
15459,2
15460,0
15461,6
15462,2
15463,-4
15464,0
15465,0
15466,0
15467,0
15468,0
15469,2
15470,0
15471,0
15472,4
15473,6
15474,0
15475,-2
15476,-4
15477,0
15478,0
15479,-8
15480,0
15481,0
15482,2
15483,-2
15484,0
15485,0
15486,-4
15487,0
15488,0
15489,0
15490,6
15491,0
15492,-4
15493,-4
15494,-4
15495,0
15496,-4
15497,-4
15498,-4
15499,-4
15500,0
15501,0
15502,-4
15503,-4
15504,-2
15505,-4
15506,-4
15507,-4
15508,0
15509,0
15510,0
15511,-8
15512,0
15513,6
15514,0
15515,-4
15516,10
15517,0
15518,-4
15519,0
15520,-4
15521,0
15522,-6
15523,-4
15524,0
15525,-6
15526,0
15527,-10
15528,0
15529,0
15530,0
15531,0
15532,0
15533,0
15534,-4
15535,-4
15536,0
15537,-4
15538,0
15539,0
15540,0
15541,4
15542,0
15543,0
15544,0
15545,0
15546,0
15547,0
15548,0
15549,-4
15550,0
15551,0
15552,2
15553,6
15554,0
15555,0
15556,0
15557,0
15558,0
15559,-4
15560,2
15561,0
15562,0
15563,6
15564,0
15565,2
15566,-6
15567,2
15568,0
15569,-4
15570,0
15571,0
15572,-4
15573,0
15574,0
15575,0
15576,0
15577,0
15578,0
15579,-4
15580,0
15581,-4
15582,4
15583,-4
15584,0
15585,0
15586,0
15587,0
15588,0
15589,4
15590,0
15591,-4
15592,-4
15593,0
15594,-2
15595,0
15596,0
15597,-4
15598,0
15599,0
15600,0
15601,-4
15602,0
15603,0
15604,-4
15605,0
15606,-4
15607,-4
15608,-4
15609,0
15610,0
15611,0
15612,-4
15613,0
15614,0
15615,-14
15616,0
15617,0
15618,10
15619,-4
15620,2
15621,10
15622,0
15623,-4
15624,-4
15625,0
15626,2
15627,0
15628,0
15629,0
15630,-4
15631,0
15632,0
15633,2
15634,0
15635,0
15636,-4
15637,6
15638,0
15639,0
15640,0
15641,0
15642,0
15643,0
15644,0
15645,4
15646,0
15647,0
15648,0
15649,2
15650,2
15651,0
15652,0
15653,0
15654,0
15655,-4
15656,2
15657,0
15658,4
15659,10
15660,0
15661,0
15662,4
15663,0
15664,2
15665,4
15666,0
15667,0
15668,0
15669,2
15670,0
15671,0
15672,-16
15673,0
15674,0
15675,6
15676,0
15677,2
15678,2
15679,0
15680,10
15681,0
15682,-14
15683,0
15684,-4
15685,-4
15686,-4
15687,0
15688,-4
15689,0
15690,0
15691,-4
15692,-4
15693,0
15694,-4
15695,0
15696,-4
15697,0
15698,0
15699,0
15700,-4
15701,-4
15702,0
15703,-4
15704,0
15705,-4
15706,-4
15707,-4
15708,-4
15709,-14
15710,0
15711,-4
15712,-6
15713,-4
15714,-4
15715,0
15716,-4
15717,0
15718,-4
15719,0
15720,2
15721,-4
15722,-4
15723,0
15724,0
15725,0
15726,-4
15727,0
15728,-16
15729,0
15730,0
15731,0
15732,2
15733,-12
15734,2
15735,0
15736,2
15737,0
15738,0
15739,0
15740,-4
15741,2
15742,0
15743,4
15744,2
15745,2
15746,2
15747,0
15748,0
15749,2
15750,2
15751,0
15752,0
15753,4
15754,0
15755,0
15756,4
15757,0
15758,0
15759,0
15760,2
15761,0
15762,0
15763,0
15764,6
15765,2
15766,0
15767,6
15768,0
15769,0
15770,0
15771,0
15772,2
15773,0
15774,-4
15775,0
15776,0
15777,0
15778,-4
15779,0
15780,0
15781,0
15782,0
15783,0
15784,0
15785,0
15786,0
15787,-4
15788,0
15789,-4
15790,0
15791,0
15792,-4
15793,-4
15794,0
15795,-4
15796,0
15797,-4
15798,-4
15799,0
15800,0
15801,-4
15802,0
15803,-4
15804,-4
15805,0
15806,-4
15807,0
15808,0
15809,-4
15810,-6
15811,-4
15812,-4
15813,-4
15814,-4
15815,0
15816,-4
15817,-4
15818,0
15819,0
15820,0
15821,0
15822,0
15823,6
15824,0
15825,0
15826,-12
15827,0
15828,0
15829,0
15830,0
15831,0
15832,0
15833,0
15834,2
15835,0
15836,0
15837,0
15838,0
15839,0
15840,0
15841,0
15842,2
15843,0
15844,0
15845,6
15846,0
15847,-4
15848,2
15849,-4
15850,0
15851,0
15852,2
15853,6
15854,0
15855,0
15856,0
15857,-6
15858,0
15859,0
15860,0
15861,0
15862,2
15863,0
15864,0
15865,0
15866,-4
15867,0
15868,0
15869,0
15870,6
15871,0
15872,2
15873,0
15874,0
15875,2
15876,-4
15877,0
15878,0
15879,0
15880,0
15881,0
15882,0
15883,0
15884,0
15885,-6
15886,0
15887,-4
15888,-8
15889,0
15890,-4
15891,0
15892,-4
15893,0
15894,-4
15895,-4
15896,0
15897,0
15898,-6
15899,-10
15900,-4
15901,-4
15902,2
15903,-4
15904,0
15905,0
15906,-4
15907,-4
15908,-4
15909,-4
15910,-4
15911,-4
15912,-4
15913,-6
15914,0
15915,-4
15916,-4
15917,-4
15918,-4
15919,-4
15920,-4
15921,-4
15922,10
15923,0
15924,0
15925,0
15926,0
15927,0
15928,0
15929,0
15930,6
15931,-4
15932,0
15933,0
15934,4
15935,2
15936,0
15937,0
15938,0
15939,-4
15940,0
15941,0
15942,0
15943,0
15944,0
15945,0
15946,0
15947,6
15948,0
15949,0
15950,0
15951,0
15952,2
15953,0
15954,0
15955,0
15956,0
15957,0
15958,0
15959,0
15960,2
15961,0
15962,0
15963,0
15964,2
15965,0
15966,4
15967,0
15968,-4
15969,10
15970,6
15971,0
15972,-4
15973,2
15974,0
15975,0
15976,0
15977,0
15978,2
15979,0
15980,-4
15981,0
15982,-4
15983,0
15984,0
15985,-4
15986,4
15987,-4
15988,0
15989,0
15990,0
15991,-4
15992,-4
15993,0
15994,0
15995,0
15996,-4
15997,-2
15998,-2
15999,-4
16000,0
16001,-4
16002,0
16003,0
16004,-4
16005,0
16006,-4
16007,0
16008,-2
16009,0
16010,0
16011,-4
16012,-4
16013,0
16014,-4
16015,-4
16016,-4
16017,-4
16018,0
16019,0
16020,0
16021,-4
16022,0
16023,0
16024,-4
16025,4
16026,-4
16027,4
16028,0
16029,0
16030,-4
16031,-4
16032,0
16033,0
16034,0
16035,0
16036,0
16037,2
16038,0
16039,0
16040,2
16041,0
16042,0
16043,0
16044,0
16045,-4
16046,0
16047,-4
16048,0
16049,2
16050,0
16051,0
16052,0
16053,6
16054,0
16055,2
16056,4
16057,-4
16058,-4
16059,0
16060,4
16061,0
16062,0
16063,2
16064,0
16065,4
16066,0
16067,0
16068,-6
16069,0
16070,0
16071,6
16072,0
16073,0
16074,0
16075,6
16076,0
16077,0
16078,0
16079,0
16080,-4
16081,0
16082,-4
16083,0
16084,0
16085,0
16086,0
16087,0
16088,0
16089,0
16090,0
16091,0
16092,0
16093,-6
16094,0
16095,2
16096,2
16097,-4
16098,-4
16099,-4
16100,-4
16101,-4
16102,-4
16103,0
16104,-4
16105,6
16106,-4
16107,-4
16108,0
16109,-4
16110,0
16111,0
16112,-6
16113,-4
16114,0
16115,-4
16116,0
16117,0
16118,-4
16119,-4
16120,0
16121,0
16122,-6
16123,0
16124,6
16125,0
16126,0
16127,0
16128,0
16129,0
16130,-4
16131,0
16132,2
16133,0
16134,-4
16135,0
16136,0
16137,0
16138,0
16139,0
16140,0
16141,0
16142,0
16143,0
16144,2
16145,0
16146,2
16147,4
16148,4
16149,0
16150,2
16151,6
16152,2
16153,0
16154,0
16155,0
16156,-4
16157,6
16158,0
16159,-4
16160,0
16161,0
16162,10
16163,0
16164,2
16165,0
16166,0
16167,0
16168,4
16169,0
16170,0
16171,-14
16172,0
16173,0
16174,0
16175,0
16176,0
16177,0
16178,0
16179,0
16180,0
16181,0
16182,0
16183,0
16184,0
16185,0
16186,0
16187,0
16188,0
16189,0
16190,-4
16191,0
16192,-4
16193,-4
16194,-4
16195,-4
16196,-4
16197,-2
16198,-4
16199,0
16200,0
16201,-4
16202,-4
16203,-2
16204,0
16205,0
16206,0
16207,-4
16208,0
16209,-14
16210,0
16211,-4
16212,0
16213,-4
16214,-8
16215,-4
16216,-4
16217,0
16218,0
16219,-4
16220,-8
16221,0
16222,0
16223,0
16224,0
16225,0
16226,6
16227,0
16228,14
16229,0
16230,0
16231,0
16232,0
16233,-4
16234,0
16235,2
16236,0
16237,0
16238,0
16239,0
16240,0
16241,0
16242,0
16243,0
16244,0
16245,0
16246,6
16247,2
16248,0
16249,0
16250,0
16251,2
16252,6
16253,0
16254,0
16255,2
16256,0
16257,0
16258,-16
16259,0
16260,4
16261,0
16262,2
16263,2
16264,0
16265,0
16266,0
16267,16
16268,2
16269,0
16270,0
16271,4
16272,6
16273,-4
16274,2
16275,0
16276,0
16277,0
16278,-8
16279,0
16280,0
16281,0
16282,0
16283,0
16284,0
16285,0
16286,-4
16287,0
16288,0
16289,0
16290,0
16291,0
16292,0
16293,0
16294,-4
16295,-4
16296,-4
16297,-2
16298,-14
16299,-4
16300,-4
16301,-4
16302,0
16303,-4
16304,0
16305,0
16306,0
16307,-2
16308,0
16309,0
16310,0
16311,0
16312,0
16313,0
16314,0
16315,0
16316,-4
16317,-4
16318,0
16319,0
16320,0
16321,0
16322,0
16323,0
16324,0
16325,2
16326,-4
16327,0
16328,0
16329,0
16330,0
16331,2
16332,-4
16333,-4
16334,0
16335,2
16336,0
16337,10
16338,-4
16339,0
16340,0
16341,0
16342,0
16343,0
16344,4
16345,0
16346,0
16347,-4
16348,-8
16349,0
16350,2
16351,0
16352,4
16353,0
16354,2
16355,0
16356,0
16357,4
16358,0
16359,0
16360,2
16361,6
16362,0
16363,10
16364,2
16365,2
16366,2
16367,6
16368,0
16369,0
16370,0
16371,0
16372,0
16373,-6
16374,0
16375,0
16376,2
16377,0
16378,-4
16379,0
16380,0
16381,0
16382,-4
16383,0
16384,-10
16385,0
16386,0
16387,0
16388,0
16389,0
16390,0
16391,0
16392,-4
16393,-4
16394,0
16395,0
16396,-4
16397,0
16398,-4
16399,0
16400,-4
16401,-4
16402,0
16403,6
16404,-6
16405,0
16406,0
16407,-4
16408,0
16409,-4
16410,0
16411,-4
16412,-4
16413,-6
16414,-4
16415,0
16416,-4
16417,0
16418,-4
16419,0
16420,-4
16421,-14
16422,-6
16423,-4
16424,-4
16425,6
16426,0
16427,-4
16428,0
16429,-8
16430,0
16431,-4
16432,2
16433,0
16434,0
16435,-8
16436,2
16437,0
16438,0
16439,0
16440,0
16441,-4
16442,4
16443,0
16444,0
16445,4
16446,0
16447,2
16448,0
16449,4
16450,-4
16451,4
16452,2
16453,0
16454,6
16455,0
16456,2
16457,-12
16458,0
16459,0
16460,2
16461,6
16462,0
16463,0
16464,0
16465,4
16466,0
16467,0
16468,2
16469,4
16470,10
16471,0
16472,-4
16473,0
16474,10
16475,-4
16476,0
16477,0
16478,0
16479,-4
16480,2
16481,-4
16482,4
16483,0
16484,2
16485,0
16486,-4
16487,0
16488,-10
16489,0
16490,-4
16491,0
16492,0
16493,-4
16494,-4
16495,-4
16496,-4
16497,-4
16498,0
16499,-4
16500,-4
16501,0
16502,0
16503,6
16504,-4
16505,-4
16506,0
16507,-4
16508,-4
16509,-4
16510,0
16511,0
16512,-6
16513,0
16514,-4
16515,-4
16516,-4
16517,0
16518,0
16519,-4
16520,0
16521,-4
16522,0
16523,0
16524,0
16525,4
16526,0
16527,-6
16528,0
16529,0
16530,0
16531,-4
16532,14
16533,0
16534,-4
16535,0
16536,0
16537,0
16538,0
16539,0
16540,0
16541,0
16542,4
16543,0
16544,2
16545,0
16546,0
16547,2
16548,0
16549,0
16550,0
16551,0
16552,12
16553,0
16554,0
16555,-4
16556,0
16557,2
16558,0
16559,0
16560,0
16561,0
16562,10
16563,0
16564,-4
16565,0
16566,0
16567,4
16568,0
16569,0
16570,-4
16571,4
16572,-4
16573,0
16574,-4
16575,0
16576,2
16577,0
16578,0
16579,0
16580,0
16581,-6
16582,6
16583,2
16584,0
16585,0
16586,0
16587,6
16588,0
16589,0
16590,0
16591,0
16592,0
16593,0
16594,0
16595,0
16596,-4
16597,0
16598,-4
16599,-4
16600,-4
16601,-4
16602,-8
16603,0
16604,0
16605,-4
16606,-4
16607,-4
16608,0
16609,-4
16610,0
16611,-4
16612,-4
16613,-4
16614,-14
16615,0
16616,-4
16617,0
16618,-4
16619,-4
16620,-4
16621,0
16622,-4
16623,2
16624,0
16625,0
16626,-4
16627,0
16628,4
16629,0
16630,0
16631,-4
16632,0
16633,0
16634,-4
16635,2
16636,-4
16637,0
16638,2
16639,0
16640,0
16641,-4
16642,0
16643,0
16644,2
16645,0
16646,0
16647,4
16648,0
16649,0
16650,0
16651,2
16652,2
16653,0
16654,0
16655,-10
16656,2
16657,2
16658,2
16659,-4
16660,-4
16661,0
16662,0
16663,0
16664,10
16665,0
16666,0
16667,0
16668,0
16669,0
16670,-6
16671,-4
16672,0
16673,-4
16674,-4
16675,0
16676,0
16677,0
16678,0
16679,0
16680,0
16681,-4
16682,0
16683,-4
16684,0
16685,0
16686,0
16687,6
16688,0
16689,0
16690,0
16691,0
16692,0
16693,0
16694,0
16695,0
16696,0
16697,-4
16698,-4
16699,0
16700,0
16701,0
16702,0
16703,0
16704,0
16705,-12
16706,0
16707,-4
16708,0
16709,0
16710,0
16711,-4
16712,0
16713,-4
16714,0
16715,0
16716,0
16717,-4
16718,0
16719,-4
16720,0
16721,0
16722,0
16723,0
16724,0
16725,0
16726,-4
16727,-4
16728,0
16729,2
16730,0
16731,0
16732,0
16733,2
16734,0
16735,0
16736,0
16737,0
16738,2
16739,0
16740,0
16741,0
16742,4
16743,0
16744,0
16745,4
16746,0
16747,0
16748,0
16749,0
16750,-4
16751,0
16752,0
16753,0
16754,0
16755,0
16756,4
16757,4
16758,6
16759,2
16760,0
16761,0
16762,0
16763,6
16764,0
16765,6
16766,10
16767,0
16768,-4
16769,-4
16770,0
16771,4
16772,0
16773,0
16774,0
16775,0
16776,-20
16777,0
16778,-4
16779,0
16780,0
16781,0
16782,0
16783,0
16784,6
16785,0
16786,0
16787,0
16788,0
16789,0
16790,0
16791,-4
16792,0
16793,-4
16794,0
16795,-2
16796,-4
16797,0
16798,0
16799,0
16800,-12
16801,-4
16802,0
16803,0
16804,2
16805,0
16806,0
16807,-4
16808,-4
16809,-4
16810,-4
16811,-4
16812,0
16813,6
16814,0
16815,0
16816,0
16817,0
16818,0
16819,0
16820,-4
16821,-6
16822,0
16823,4
16824,0
16825,-4
16826,0
16827,-4
16828,0
16829,0
16830,-2
16831,-4
16832,0
16833,0
16834,0
16835,2
16836,0
16837,0
16838,-4
16839,0
16840,-4
16841,2
16842,0
16843,0
16844,0
16845,2
16846,2
16847,0
16848,0
16849,-4
16850,4
16851,2
16852,0
16853,0
16854,0
16855,0
16856,4
16857,0
16858,4
16859,0
16860,0
16861,6
16862,2
16863,0
16864,2
16865,0
16866,0
16867,2
16868,0
16869,-4
16870,0
16871,0
16872,-4
16873,0
16874,0
16875,0
16876,-4
16877,0
16878,0
16879,0
16880,-4
16881,0
16882,0
16883,0
16884,6
16885,0
16886,-4
16887,0
16888,-4
16889,0
16890,0
16891,0
16892,-4
16893,-4
16894,0
16895,0
16896,-4
16897,0
16898,-2
16899,-4
16900,-10
16901,0
16902,0
16903,-4
16904,0
16905,0
16906,-4
16907,-4
16908,-4
16909,-4
16910,-4
16911,6
16912,-4
16913,0
16914,0
16915,10
16916,-2
16917,-4
16918,-6
16919,-4
16920,-4
16921,-16
16922,0
16923,0
16924,0
16925,0
16926,-4
16927,0
16928,0
16929,0
16930,0
16931,4
16932,0
16933,0
16934,0
16935,0
16936,10
16937,0
16938,0
16939,0
16940,2
16941,-4
16942,0
16943,-4
16944,-4
16945,0
16946,0
16947,2
16948,0
16949,-2
16950,2
16951,6
16952,0
16953,0
16954,0
16955,4
16956,4
16957,0
16958,4
16959,0
16960,0
16961,4
16962,-4
16963,0
16964,0
16965,6
16966,-4
16967,0
16968,6
16969,0
16970,0
16971,6
16972,0
16973,-4
16974,0
16975,2
16976,2
16977,-4
16978,0
16979,-6
16980,0
16981,0
16982,0
16983,0
16984,4
16985,0
16986,0
16987,0
16988,0
16989,0
16990,0
16991,0
16992,-4
16993,0
16994,-4
16995,0
16996,-4
16997,-4
16998,0
16999,-10
17000,-4
17001,-4
17002,-4
17003,0
17004,0
17005,0
17006,-4
17007,-4
17008,-4
17009,-2
17010,-4
17011,0
17012,0
17013,-4
17014,0
17015,0
17016,-4
17017,-10
17018,0
17019,2
17020,12
17021,0
17022,-4
17023,-4
17024,0
17025,0
17026,2
17027,0
17028,6
17029,0
17030,0
17031,0
17032,0
17033,0
17034,0
17035,2
17036,0
17037,0
17038,0
17039,0
17040,0
17041,0
17042,0
17043,6
17044,0
17045,0
17046,0
17047,0
17048,0
17049,2
17050,0
17051,0
17052,0
17053,0
17054,0
17055,0
17056,2
17057,0
17058,0
17059,0
17060,0
17061,0
17062,6
17063,2
17064,0
17065,0
17066,0
17067,2
17068,0
17069,0
17070,0
17071,0
17072,2
17073,0
17074,4
17075,2
17076,0
17077,-4
17078,-2
17079,-4
17080,-4
17081,0
17082,-4
17083,6
17084,0
17085,6
17086,0
17087,0
17088,-4
17089,-4
17090,4
17091,0
17092,0
17093,0
17094,0
17095,-2
17096,0
17097,-4
17098,-4
17099,-4
17100,-4
17101,-4
17102,0
17103,-4
17104,0
17105,0
17106,-4
17107,-4
17108,-6
17109,0
17110,0
17111,0
17112,0
17113,-4
17114,0
17115,-4
17116,2
17117,-4
17118,-4
17119,-4
17120,0
17121,-4
17122,-6
17123,6
17124,0
17125,0
17126,0
17127,0
17128,-6
17129,-2
17130,0
17131,0
17132,0
17133,0
17134,2
17135,0
17136,0
17137,2
17138,0
17139,0
17140,0
17141,0
17142,0
17143,2
17144,4
17145,0
17146,0
17147,4
17148,0
17149,0
17150,0
17151,4
17152,2
17153,2
17154,6
17155,2
17156,2
17157,6
17158,2
17159,4
17160,-6
17161,2
17162,0
17163,6
17164,0
17165,2
17166,6
17167,-4
17168,0
17169,0
17170,2
17171,2
17172,0
17173,10
17174,0
17175,0
17176,2
17177,0
17178,2
17179,0
17180,0
17181,2
17182,6
17183,0
17184,0
17185,0
17186,-4
17187,0
17188,-4
17189,-6
17190,0
17191,0
17192,-4
17193,0
17194,-4
17195,-4
17196,-4
17197,0
17198,-4
17199,-2
17200,0
17201,0
17202,-4
17203,0
17204,0
17205,0
17206,-4
17207,0
17208,0
17209,2
17210,-6
17211,-4
17212,-4
17213,-4
17214,0
17215,0
17216,-4
17217,-2
17218,0
17219,0
17220,0
17221,-4
17222,0
17223,-4
17224,0
17225,-10
17226,0
17227,-4
17228,0
17229,-4
17230,0
17231,0
17232,0
17233,0
17234,0
17235,2
17236,0
17237,2
17238,0
17239,-4
17240,0
17241,-4
17242,0
17243,0
17244,0
17245,0
17246,0
17247,0
17248,4
17249,0
17250,0
17251,-4
17252,-6
17253,0
17254,0
17255,2
17256,0
17257,0
17258,-4
17259,2
17260,-4
17261,-4
17262,0
17263,-12
17264,0
17265,0
17266,0
17267,0
17268,4
17269,-16
17270,4
17271,-4
17272,-6
17273,4
17274,2
17275,2
17276,0
17277,0
17278,2
17279,-4
17280,0
17281,0
17282,0
17283,0
17284,0
17285,0
17286,-4
17287,-6
17288,0
17289,0
17290,0
17291,0
17292,-4
17293,0
17294,0
17295,0
17296,0
17297,-4
17298,-4
17299,-4
17300,0
17301,-4
17302,-6
17303,0
17304,0
17305,-10
17306,-4
17307,-4
17308,-4
17309,-4
17310,-4
17311,-4
17312,-4
17313,-4
17314,0
17315,6
17316,-4
17317,-4
17318,2
17319,0
17320,0
17321,-16
17322,-4
17323,-4
17324,0
17325,0
17326,4
17327,10
17328,0
17329,0
17330,-8
17331,-4
17332,-2
17333,-12
17334,0
17335,2
17336,0
17337,0
17338,0
17339,0
17340,0
17341,-4
17342,0
17343,0
17344,0
17345,2
17346,0
17347,0
17348,0
17349,-4
17350,0
17351,0
17352,4
17353,2
17354,0
17355,-4
17356,-4
17357,2
17358,0
17359,0
17360,0
17361,0
17362,0
17363,0
17364,0
17365,2
17366,0
17367,0
17368,-4
17369,0
17370,0
17371,0
17372,0
17373,0
17374,0
17375,-8
17376,0
17377,-4
17378,0
17379,0
17380,2
17381,0
17382,0
17383,0
17384,-6
17385,0
17386,0
17387,-14
17388,0
17389,0
17390,0
17391,-4
17392,6
17393,-2
17394,0
17395,-4
17396,-4
17397,0
17398,0
17399,0
17400,-4
17401,-4
17402,0
17403,0
17404,-4
17405,0
17406,0
17407,-4
17408,-4
17409,0
17410,0
17411,-4
17412,0
17413,0
17414,0
17415,0
17416,0
17417,-4
17418,-4
17419,0
17420,-4
17421,0
17422,0
17423,0
17424,4
17425,-4
17426,6
17427,-4
17428,2
17429,-4
17430,2
17431,-6
17432,6
17433,0
17434,0
17435,0
17436,0
17437,0
17438,0
17439,-10
17440,0
17441,-4
17442,0
17443,0
17444,0
17445,0
17446,2
17447,0
17448,0
17449,0
17450,0
17451,0
17452,0
17453,0
17454,0
17455,0
17456,0
17457,6
17458,0
17459,0
17460,2
17461,0
17462,4
17463,0
17464,6
17465,0
17466,2
17467,2
17468,0
17469,0
17470,-4
17471,0
17472,0
17473,0
17474,-6
17475,0
17476,0
17477,0
17478,0
17479,0
17480,2
17481,0
17482,0
17483,2
17484,0
17485,0
17486,0
17487,0
17488,0
17489,0
17490,-4
17491,0
17492,4
17493,-4
17494,-4
17495,-4
17496,-4
17497,0
17498,0
17499,-4
17500,0
17501,-4
17502,-4
17503,0
17504,-4
17505,-4
17506,0
17507,-4
17508,-4
17509,0
17510,0
17511,0
17512,10
17513,-4
17514,-4
17515,0
17516,-4
17517,0
17518,0
17519,-4
17520,-4
17521,0
17522,-6
17523,0
17524,0
17525,0
17526,-10
17527,0
17528,-10
17529,0
17530,0
17531,0
17532,0
17533,0
17534,-4
17535,0
17536,-2
17537,0
17538,0
17539,-4
17540,0
17541,0
17542,0
17543,6
17544,0
17545,0
17546,0
17547,0
17548,0
17549,0
17550,4
17551,0
17552,0
17553,2
17554,4
17555,0
17556,2
17557,-12
17558,0
17559,0
17560,0
17561,2
17562,4
17563,0
17564,0
17565,2
17566,-4
17567,6
17568,0
17569,0
17570,0
17571,0
17572,0
17573,-4
17574,0
17575,2
17576,-4
17577,0
17578,0
17579,0
17580,4
17581,-4
17582,4
17583,2
17584,-4
17585,0
17586,2
17587,0
17588,0
17589,0
17590,0
17591,4
17592,-4
17593,-4
17594,-4
17595,0
17596,-4
17597,0
17598,0
17599,-4
17600,-4
17601,-4
17602,0
17603,-4
17604,0
17605,2
17606,0
17607,-4
17608,-4
17609,0
17610,-4
17611,-4
17612,-4
17613,0
17614,-4
17615,-2
17616,-8
17617,-6
17618,-4
17619,-6
17620,-4
17621,-4
17622,4
17623,0
17624,0
17625,0
17626,0
17627,0
17628,0
17629,0
17630,0
17631,0
17632,0
17633,0
17634,0
17635,0
17636,0
17637,0
17638,2
17639,0
17640,0
17641,0
17642,0
17643,0
17644,0
17645,0
17646,0
17647,0
17648,0
17649,0
17650,0
17651,0
17652,0
17653,2
17654,0
17655,0
17656,2
17657,0
17658,0
17659,12
17660,0
17661,0
17662,0
17663,-6
17664,0
17665,0
17666,0
17667,-4
17668,0
17669,-8
17670,2
17671,0
17672,6
17673,-4
17674,0
17675,0
17676,-6
17677,0
17678,6
17679,0
17680,-4
17681,0
17682,6
17683,0
17684,0
17685,6
17686,0
17687,2
17688,-4
17689,0
17690,0
17691,0
17692,-4
17693,-4
17694,-4
17695,-4
17696,0
17697,-4
17698,0
17699,-4
17700,0
17701,-4
17702,0
17703,-4
17704,0
17705,-4
17706,0
17707,0
17708,-4
17709,-18
17710,0
17711,-6
17712,0
17713,-4
17714,-4
17715,-4
17716,0
17717,-4
17718,-4
17719,-4
17720,-6
17721,-4
17722,0
17723,0
17724,-4
17725,0
17726,0
17727,0
17728,0
17729,0
17730,0
17731,-4
17732,0
17733,4
17734,0
17735,0
17736,-4
17737,0
17738,0
17739,0
17740,0
17741,0
17742,0
17743,0
17744,0
17745,2
17746,0
17747,0
17748,4
17749,2
17750,10
17751,4
17752,0
17753,0
17754,0
17755,6
17756,0
17757,0
17758,0
17759,0
17760,0
17761,-4
17762,0
17763,0
17764,0
17765,4
17766,0
17767,0
17768,2
17769,6
17770,0
17771,6
17772,0
17773,0
17774,-4
17775,0
17776,0
17777,0
17778,0
17779,0
17780,0
17781,0
17782,-4
17783,0
17784,0
17785,0
17786,-4
17787,-4
17788,0
17789,0
17790,0
17791,0
17792,2
17793,0
17794,-2
17795,-4
17796,-4
17797,-4
17798,0
17799,-4
17800,-10
17801,-4
17802,-4
17803,-4
17804,0
17805,0
17806,-6
17807,0
17808,-6
17809,0
17810,0
17811,0
17812,-4
17813,-4
17814,-4
17815,0
17816,-4
17817,-4
17818,0
17819,2
17820,-6
17821,0
17822,2
17823,0
17824,-22
17825,0
17826,0
17827,0
17828,0
17829,0
17830,0
17831,0
17832,0
17833,0
17834,0
17835,0
17836,-4
17837,0
17838,2
17839,0
17840,0
17841,0
17842,2
17843,0
17844,6
17845,0
17846,0
17847,6
17848,0
17849,4
17850,6
17851,0
17852,0
17853,4
17854,0
17855,0
17856,0
17857,0
17858,0
17859,0
17860,2
17861,0
17862,-8
17863,0
17864,10
17865,2
17866,0
17867,-6
17868,0
17869,0
17870,-4
17871,0
17872,0
17873,6
17874,0
17875,0
17876,2
17877,0
17878,0
17879,0
17880,10
17881,-4
17882,0
17883,2
17884,0
17885,0
17886,0
17887,0
17888,0
17889,0
17890,0
17891,0
17892,-2
17893,0
17894,-4
17895,-4
17896,0
17897,-4
17898,0
17899,-4
17900,0
17901,0
17902,-4
17903,0
17904,-4
17905,4
17906,-4
17907,-4
17908,0
17909,0
17910,0
17911,-4
17912,-22
17913,-4
17914,0
17915,0
17916,-4
17917,0
17918,0
17919,2
17920,0
17921,0
17922,4
17923,0
17924,0
17925,0
17926,10
17927,0
17928,10
17929,0
17930,0
17931,0
17932,6
17933,0
17934,0
17935,16
17936,0
17937,0
17938,0
17939,0
17940,0
17941,0
17942,0
17943,2
17944,0
17945,0
17946,2
17947,2
17948,10
17949,0
17950,4
17951,4
17952,2
17953,0
17954,4
17955,0
17956,0
17957,0
17958,2
17959,2
17960,0
17961,0
17962,0
17963,0
17964,0
17965,0
17966,2
17967,-8
17968,2
17969,6
17970,4
17971,0
17972,-4
17973,-8
17974,-4
17975,-4
17976,4
17977,-4
17978,-4
17979,0
17980,-4
17981,-4
17982,0
17983,-4
17984,-4
17985,0
17986,0
17987,0
17988,0
17989,0
17990,0
17991,2
17992,-4
17993,6
17994,0
17995,0
17996,0
17997,0
17998,-4
17999,-4
18000,0
18001,0
18002,0
18003,-4
18004,-4
18005,-4
18006,-4
18007,-4
18008,-4
18009,-4
18010,-4
18011,0
18012,-4
18013,-4
18014,0
18015,-4
18016,6
18017,0
18018,0
18019,-4
18020,0
18021,-4
18022,0
18023,0
18024,0
18025,-4
18026,0
18027,-4
18028,0
18029,0
18030,0
18031,0
18032,0
18033,0
18034,0
18035,2
18036,0
18037,0
18038,0
18039,0
18040,2
18041,6
18042,0
18043,0
18044,4
18045,0
18046,-4
18047,0
18048,0
18049,2
18050,2
18051,0
18052,6
18053,4
18054,0
18055,0
18056,4
18057,6
18058,0
18059,2
18060,-4
18061,0
18062,0
18063,10
18064,2
18065,4
18066,10
18067,0
18068,0
18069,0
18070,0
18071,-4
18072,6
18073,-4
18074,0
18075,0
18076,0
18077,-4
18078,-8
18079,0
18080,0
18081,0
18082,0
18083,10
18084,0
18085,0
18086,4
18087,0
18088,0
18089,-4
18090,0
18091,0
18092,0
18093,-4
18094,-4
18095,2
18096,-4
18097,6
18098,0
18099,-4
18100,-4
18101,-4
18102,-4
18103,0
18104,-4
18105,-4
18106,-4
18107,0
18108,-4
18109,0
18110,-4
18111,0
18112,0
18113,-4
18114,-4
18115,-4
18116,0
18117,0
18118,-4
18119,0
18120,-4
18121,-4
18122,0
18123,0
18124,-4
18125,14
18126,0
18127,2
18128,0
18129,0
18130,0
18131,0
18132,0
18133,0
18134,0
18135,0
18136,0
18137,0
18138,-4
18139,0
18140,0
18141,-12
18142,0
18143,-4
18144,0
18145,0
18146,0
18147,2
18148,0
18149,4
18150,0
18151,0
18152,10
18153,0
18154,0
18155,-4
18156,2
18157,-14
18158,0
18159,-4
18160,0
18161,-12
18162,0
18163,0
18164,2
18165,18
18166,0
18167,0
18168,-8
18169,-4
18170,0
18171,-6
18172,-4
18173,0
18174,0
18175,-4
18176,0
18177,0
18178,0
18179,4
18180,0
18181,0
18182,0
18183,0
18184,0
18185,0
18186,0
18187,-4
18188,0
18189,0
18190,-4
18191,0
18192,-4
18193,-4
18194,0
18195,-4
18196,0
18197,10
18198,-2
18199,-4
18200,2
18201,0
18202,2
18203,0
18204,-4
18205,0
18206,-4
18207,-16
18208,0
18209,-14
18210,0
18211,-14
18212,-4
18213,-4
18214,-4
18215,0
18216,-4
18217,-4
18218,0
18219,-4
18220,-4
18221,0
18222,-4
18223,6
18224,-4
18225,0
18226,0
18227,0
18228,0
18229,0
18230,2
18231,0
18232,0
18233,2
18234,0
18235,4
18236,0
18237,6
18238,-8
18239,0
18240,0
18241,0
18242,0
18243,0
18244,-4
18245,4
18246,-4
18247,-4
18248,0
18249,6
18250,2
18251,0
18252,0
18253,2
18254,2
18255,0
18256,0
18257,2
18258,4
18259,0
18260,0
18261,4
18262,2
18263,2
18264,0
18265,0
18266,0
18267,6
18268,0
18269,0
18270,0
18271,2
18272,4
18273,4
18274,0
18275,2
18276,-4
18277,-6
18278,0
18279,0
18280,0
18281,0
18282,0
18283,0
18284,-4
18285,0
18286,0
18287,0
18288,0
18289,0
18290,-6
18291,-4
18292,0
18293,-4
18294,-4
18295,0
18296,-4
18297,-8
18298,-4
18299,-6
18300,0
18301,-4
18302,-4
18303,0
18304,0
18305,-4
18306,0
18307,-4
18308,0
18309,0
18310,-4
18311,0
18312,-4
18313,0
18314,6
18315,0
18316,-4
18317,-10
18318,-4
18319,-4
18320,6
18321,-4
18322,-4
18323,-4
18324,4
18325,0
18326,0
18327,0
18328,-4
18329,0
18330,0
18331,0
18332,-2
18333,0
18334,0
18335,0
18336,0
18337,2
18338,18
18339,2
18340,0
18341,0
18342,0
18343,0
18344,0
18345,0
18346,0
18347,-4
18348,4
18349,6
18350,0
18351,2
18352,0
18353,0
18354,0
18355,4
18356,0
18357,4
18358,-4
18359,4
18360,-4
18361,4
18362,-12
18363,0
18364,0
18365,0
18366,2
18367,-6
18368,0
18369,2
18370,0
18371,0
18372,-4
18373,-4
18374,0
18375,-4
18376,0
18377,0
18378,2
18379,0
18380,-4
18381,0
18382,0
18383,0
18384,-4
18385,0
18386,-4
18387,0
18388,0
18389,0
18390,0
18391,-4
18392,2
18393,0
18394,-4
18395,0
18396,0
18397,-8
18398,0
18399,-4
18400,0
18401,0
18402,-4
18403,-4
18404,0
18405,0
18406,-4
18407,0
18408,0
18409,-4
18410,0
18411,0
18412,-4
18413,0
18414,0
18415,0
18416,0
18417,0
18418,0
18419,0
18420,0
18421,0
18422,-4
18423,-4
18424,-4
18425,2
18426,0
18427,0
18428,-4
18429,0
18430,-4
18431,0
18432,-6
18433,0
18434,-4
18435,0
18436,2
18437,0
18438,0
18439,0
18440,0
18441,0
18442,2
18443,4
18444,0
18445,0
18446,4
18447,0
18448,4
18449,2
18450,4
18451,0
18452,0
18453,-4
18454,-6
18455,0
18456,0
18457,0
18458,0
18459,2
18460,0
18461,4
18462,2
18463,4
18464,2
18465,0
18466,-4
18467,0
18468,0
18469,-6
18470,0
18471,0
18472,-4
18473,0
18474,0
18475,0
18476,0
18477,0
18478,0
18479,0
18480,0
18481,0
18482,0
18483,0
18484,6
18485,-4
18486,-4
18487,0
18488,-4
18489,0
18490,-4
18491,0
18492,0
18493,0
18494,-4
18495,-4
18496,-4
18497,-4
18498,-4
18499,0
18500,-4
18501,0
18502,0
18503,-4
18504,6
18505,-6
18506,0
18507,-4
18508,-4
18509,-4
18510,2
18511,0
18512,-4
18513,-8
18514,0
18515,-4
18516,-4
18517,0
18518,-4
18519,-4
18520,-4
18521,0
18522,4
18523,0
18524,2
18525,14
18526,4
18527,0
18528,0
18529,0
18530,0
18531,0
18532,0
18533,0
18534,0
18535,-10
18536,2
18537,0
18538,0
18539,-4
18540,0
18541,0
18542,4
18543,-4
18544,2
18545,0
18546,0
18547,0
18548,2
18549,2
18550,0
18551,0
18552,0
18553,-4
18554,2
18555,0
18556,6
18557,0
18558,0
18559,0
18560,-6
18561,0
18562,0
18563,4
18564,0
18565,-6
18566,0
18567,0
18568,-4
18569,0
18570,2
18571,2
18572,0
18573,-4
18574,0
18575,4
18576,0
18577,-4
18578,0
18579,2
18580,0
18581,0
18582,-6
18583,-4
18584,0
18585,0
18586,4
18587,-14
18588,-4
18589,-4
18590,0
18591,0
18592,-2
18593,-4
18594,-4
18595,0
18596,-4
18597,0
18598,-4
18599,-4
18600,-4
18601,0
18602,-4
18603,-4
18604,-4
18605,-4
18606,0
18607,-4
18608,-4
18609,-4
18610,0
18611,-4
18612,0
18613,-4
18614,0
18615,0
18616,-4
18617,-6
18618,0
18619,-4
18620,-4
18621,-4
18622,-4
18623,0
18624,0
18625,0
18626,-4
18627,0
18628,0
18629,0
18630,0
18631,-66
18632,-100
18633,-98
18634,-50
18635,10
18636,46
18637,62
18638,38
18639,20
18640,14
18641,18
18642,18
18643,12
18644,0
18645,-34
18646,-28
18647,-40
18648,-50
18649,-62
18650,-46
18651,-42
18652,-32
18653,-34
18654,-38
18655,-40
18656,-42
18657,-46
18658,-38
18659,-30
18660,-22
18661,-6
18662,10
18663,32
18664,46
18665,52
18666,52
18667,66
18668,70
18669,54
18670,46
18671,46
18672,36
18673,30
18674,24
18675,20
18676,20
18677,14
18678,10
18679,6
18680,10
18681,6
18682,6
18683,2
18684,0
18685,0
18686,0
18687,2
18688,-4
18689,0
18690,0
18691,0
18692,0
18693,-4
18694,0
18695,0
18696,-4
18697,-4
18698,-4
18699,-4
18700,-4
18701,-4
18702,-4
18703,0
18704,0
18705,0
18706,6
18707,-4
18708,-4
18709,-4
18710,0
18711,-18
18712,-4
18713,-4
18714,-4
18715,0
18716,0
18717,4
18718,-4
18719,0
18720,-4
18721,0
18722,0
18723,4
18724,0
18725,0
18726,0
18727,0
18728,0
18729,0
18730,0
18731,0
18732,0
18733,2
18734,0
18735,4
18736,4
18737,0
18738,0
18739,2
18740,6
18741,0
18742,0
18743,-14
18744,0
18745,0
18746,0
18747,2
18748,0
18749,4
18750,0
18751,4
18752,6
18753,0
18754,4
18755,4
18756,0
18757,10
18758,6
18759,2
18760,0
18761,0
18762,-4
18763,2
18764,-4
18765,6
18766,0
18767,0
18768,0
18769,-4
18770,6
18771,0
18772,2
18773,-4
18774,0
18775,0
18776,2
18777,0
18778,4
18779,0
18780,2
18781,-4
18782,0
18783,0
18784,0
18785,0
18786,-4
18787,0
18788,0
18789,-4
18790,0
18791,0
18792,0
18793,-4
18794,0
18795,0
18796,0
18797,0
18798,0
18799,0
18800,-8
18801,-4
18802,0
18803,-4
18804,-4
18805,0
18806,-4
18807,-4
18808,-4
18809,0
18810,-4
18811,-6
18812,-4
18813,-4
18814,0
18815,-2
18816,6
18817,0
18818,-4
18819,-4
18820,-4
18821,-4
18822,2
18823,-4
18824,4
18825,-4
18826,0
18827,-2
18828,2
18829,0
18830,0
18831,0
18832,0
18833,0
18834,-4
18835,0
18836,2
18837,6
18838,0
18839,-10
18840,2
18841,6
18842,-4
18843,0
18844,0
18845,2
18846,0
18847,0
18848,0
18849,2
18850,-4
18851,0
18852,6
18853,0
18854,2
18855,0
18856,4
18857,0
18858,0
18859,0
18860,0
18861,0
18862,2
18863,2
18864,2
18865,0
18866,10
18867,0
18868,0
18869,-6
18870,0
18871,0
18872,-4
18873,6
18874,-4
18875,0
18876,10
18877,0
18878,0
18879,2
18880,-8
18881,0
18882,0
18883,0
18884,4
18885,-4
18886,0
18887,2
18888,-4
18889,0
18890,0
18891,0
18892,0
18893,-4
18894,0
18895,-4
18896,0
18897,0
18898,0
18899,0
18900,0
18901,-4
18902,-8
18903,-4
18904,2
18905,-4
18906,0
18907,-4
18908,-8
18909,-4
18910,-4
18911,0
18912,-4
18913,0
18914,-4
18915,-4
18916,-4
18917,0
18918,-4
18919,0
18920,0
18921,0
18922,0
18923,0
18924,-4
18925,6
18926,0
18927,-4
18928,0
18929,-4
18930,0
18931,-4
18932,0
18933,0
18934,0
18935,2
18936,0
18937,0
18938,4
18939,0
18940,0
18941,-6
18942,10
18943,0
18944,2
18945,4
18946,2
18947,4
18948,0
18949,0
18950,-10
18951,0
18952,-8
18953,4
18954,0
18955,-4
18956,0
18957,0
18958,6
18959,4
18960,2
18961,6
18962,-4
18963,10
18964,0
18965,4
18966,0
18967,0
18968,0
18969,6
18970,0
18971,4
18972,-4
18973,4
18974,0
18975,2
18976,2
18977,0
18978,18
18979,0
18980,0
18981,-10
18982,0
18983,0
18984,6
18985,-2
18986,-4
18987,2
18988,0
18989,0
18990,-4
18991,-4
18992,0
18993,0
18994,-4
18995,0
18996,-6
18997,0
18998,0
18999,-4
19000,-4
19001,-4
19002,-14
19003,0
19004,-4
19005,6
19006,-4
19007,-4
19008,-8
19009,-4
19010,-4
19011,-4
19012,-4
19013,6
19014,-4
19015,-20
19016,-4
19017,-6
19018,-18
19019,0
19020,0
19021,-12
19022,-4
19023,0
19024,6
19025,0
19026,-4
19027,-4
19028,0
19029,4
19030,0
19031,0
19032,0
19033,0
19034,-4
19035,-4
19036,0
19037,0
19038,0
19039,0
19040,4
19041,0
19042,4
19043,4
19044,0
19045,4
19046,2
19047,0
19048,2
19049,-4
19050,2
19051,4
19052,4
19053,0
19054,0
19055,-6
19056,4
19057,4
19058,4
19059,0
19060,-4
19061,-4
19062,0
19063,0
19064,0
19065,0
19066,4
19067,0
19068,2
19069,0
19070,4
19071,0
19072,0
19073,0
19074,0
19075,-4
19076,-4
19077,2
19078,0
19079,-4
19080,0
19081,0
19082,0
19083,0
19084,0
19085,-4
19086,0
19087,0
19088,0
19089,0
19090,0
19091,0
19092,0
19093,-4
19094,0
19095,-4
19096,0
19097,-4
19098,-4
19099,-2
19100,-4
19101,-4
19102,-4
19103,-2
19104,0
19105,0
19106,0
19107,-4
19108,-4
19109,-4
19110,-4
19111,-14
19112,-4
19113,0
19114,-4
19115,-4
19116,0
19117,10
19118,0
19119,-4
19120,6
19121,-4
19122,2
19123,0
19124,-2
19125,0
19126,0
19127,-4
19128,-4
19129,0
19130,-4
19131,-4
19132,0
19133,0
19134,0
19135,-4
19136,0
19137,0
19138,0
19139,2
19140,0
19141,0
19142,0
19143,0
19144,2
19145,0
19146,0
19147,0
19148,0
19149,4
19150,4
19151,0
19152,0
19153,0
19154,6
19155,2
19156,-8
19157,4
19158,0
19159,4
19160,2
19161,0
19162,0
19163,0
19164,-8
19165,0
19166,2
19167,10
19168,-4
19169,0
19170,-10
19171,4
19172,0
19173,0
19174,6
19175,2
19176,-2
19177,-4
19178,0
19179,10
19180,0
19181,0
19182,0
19183,0
19184,0
19185,0
19186,0
19187,6
19188,-4
19189,0
19190,0
19191,0
19192,0
19193,-4
19194,-4
19195,-4
19196,0
19197,-4
19198,-4
19199,-4
19200,-4
19201,-4
19202,-6
19203,0
19204,0
19205,0
19206,-4
19207,-4
19208,0
19209,-6
19210,0
19211,-4
19212,0
19213,-4
19214,-4
19215,0
19216,6
19217,0
19218,0
19219,6
19220,-4
19221,-4
19222,2
19223,0
19224,0
19225,6
19226,-4
19227,0
19228,6
19229,0
19230,0
19231,0
19232,0
19233,2
19234,0
19235,0
19236,4
19237,0
19238,0
19239,0
19240,0
19241,0
19242,4
19243,0
19244,0
19245,4
19246,0
19247,0
19248,0
19249,0
19250,0
19251,0
19252,0
19253,4
19254,0
19255,0
19256,2
19257,-6
19258,6
19259,0
19260,0
19261,0
19262,4
19263,0
19264,2
19265,0
19266,-12
19267,0
19268,0
19269,2
19270,-4
19271,0
19272,-4
19273,2
19274,-4
19275,0
19276,0
19277,0
19278,-4
19279,0
19280,-4
19281,0
19282,-4
19283,0
19284,0
19285,-4
19286,0
19287,0
19288,-4
19289,0
19290,0
19291,-4
19292,0
19293,-4
19294,0
19295,-4
19296,-4
19297,0
19298,-4
19299,0
19300,0
19301,-4
19302,0
19303,-6
19304,-4
19305,0
19306,0
19307,-4
19308,0
19309,-12
19310,-4
19311,0
19312,-4
19313,-4
19314,-4
19315,-4
19316,-4
19317,0
19318,-4
19319,0
19320,-4
19321,0
19322,-4
19323,-2
19324,0
19325,-14
19326,-4
19327,0
19328,-4
19329,0
19330,-4
19331,0
19332,0
19333,2
19334,0
19335,0
19336,0
19337,0
19338,0
19339,0
19340,-6
19341,0
19342,0
19343,-4
19344,2
19345,2
19346,0
19347,4
19348,0
19349,-4
19350,2
19351,2
19352,0
19353,0
19354,2
19355,0
19356,4
19357,-4
19358,4
19359,2
19360,0
19361,0
19362,4
19363,6
19364,2
19365,0
19366,-30
19367,-46
19368,-52
19369,-36
19370,-24
19371,-8
19372,6
19373,14
19374,24
19375,32
19376,26
19377,28
19378,24
19379,18
19380,18
19381,10
19382,6
19383,0
19384,-4
19385,-6
19386,-10
19387,-10
19388,-14
19389,-12
19390,-8
19391,-8
19392,-10
19393,-4
19394,-8
19395,-8
19396,-6
19397,-10
19398,-10
19399,-10
19400,-12
19401,-14
19402,-14
19403,-14
19404,-10
19405,-14
19406,-8
19407,2
19408,0
19409,4
19410,6
19411,10
19412,10
19413,10
19414,12
19415,10
19416,12
19417,10
19418,10
19419,12
19420,10
19421,18
19422,6
19423,10
19424,0
19425,10
19426,6
19427,10
19428,6
19429,0
19430,6
19431,6
19432,4
19433,6
19434,6
19435,6
19436,4
19437,0
19438,4
19439,0
19440,2
19441,0
19442,4
19443,0
19444,2
19445,2
19446,2
19447,0
19448,0
19449,0
19450,0
19451,0
19452,0
19453,-4
19454,0
19455,0
19456,0
19457,0
19458,-4
19459,4
19460,0
19461,0
19462,0
19463,6
19464,4
19465,14
19466,0
19467,0
19468,-4
19469,0
19470,0
19471,10
19472,6
19473,0
19474,-4
19475,10
19476,2
19477,0
19478,6
19479,0
19480,0
19481,0
19482,2
19483,0
19484,2
19485,0
19486,-4
19487,0
19488,-4
19489,0
19490,0
19491,14
19492,6
19493,0
19494,-4
19495,-4
19496,-4
19497,-4
19498,-4
19499,0
19500,-4
19501,-4
19502,-4
19503,-4
19504,-4
19505,-4
19506,0
19507,-4
19508,0
19509,-4
19510,0
19511,0
19512,-4
19513,0
19514,-4
19515,-4
19516,0
19517,-4
19518,0
19519,-4
19520,0
19521,-4
19522,-4
19523,0
19524,0
19525,0
19526,0
19527,0
19528,0
19529,-8
19530,0
19531,0
19532,0
19533,0
19534,0
19535,0
19536,-4
19537,-4
19538,4
19539,0
19540,6
19541,2
19542,0
19543,0
19544,6
19545,4
19546,2
19547,0
19548,4
19549,4
19550,0
19551,2
19552,2
19553,2
19554,0
19555,0
19556,2
19557,0
19558,-8
19559,0
19560,-4
19561,6
19562,0
19563,0
19564,0
19565,2
19566,0
19567,-8
19568,-4
19569,2
19570,0
19571,-4
19572,0
19573,4
19574,4
19575,0
19576,-4
19577,-4
19578,0
19579,4
19580,0
19581,0
19582,0
19583,0
19584,-4
19585,0
19586,6
19587,0
19588,-4
19589,0
19590,0
19591,0
19592,0
19593,-2
19594,-4
19595,-4
19596,0
19597,-4
19598,0
19599,-4
19600,0
19601,-4
19602,-4
19603,-4
19604,-4
19605,-4
19606,-4
19607,0
19608,6
19609,0
19610,-6
19611,0
19612,-4
19613,0
19614,-6
19615,0
19616,0
19617,-4
19618,-4
19619,0
19620,-4
19621,0
19622,0
19623,0
19624,-4
19625,0
19626,10
19627,-4
19628,2
19629,0
19630,-12
19631,0
19632,0
19633,0
19634,0
19635,-8
19636,0
19637,0
19638,0
19639,0
19640,2
19641,-2
19642,-4
19643,-4
19644,-10
19645,-8
19646,-4
19647,-4
19648,-4
19649,-4
19650,0
19651,2
19652,4
19653,4
19654,6
19655,6
19656,6
19657,4
19658,6
19659,6
19660,10
19661,6
19662,4
19663,4
19664,12
19665,0
19666,4
19667,0
19668,0
19669,0
19670,-14
19671,0
19672,0
19673,14
19674,0
19675,4
19676,-4
19677,0
19678,0
19679,12
19680,0
19681,0
19682,0
19683,2
19684,0
19685,0
19686,10
19687,0
19688,0
19689,0
19690,0
19691,0
19692,0
19693,0
19694,-4
19695,-4
19696,0
19697,0
19698,0
19699,0
19700,-4
19701,-4
19702,-4
19703,-4
19704,0
19705,-4
19706,-4
19707,0
19708,-4
19709,-4
19710,-2
19711,-4
19712,0
19713,-4
19714,-4
19715,0
19716,-10
19717,0
19718,0
19719,6
19720,-4
19721,0
19722,-20
19723,0
19724,-4
19725,0
19726,0
19727,-4
19728,0
19729,0
19730,0
19731,0
19732,0
19733,0
19734,0
19735,0
19736,0
19737,2
19738,0
19739,4
19740,2
19741,4
19742,0
19743,4
19744,0
19745,0
19746,6
19747,2
19748,6
19749,4
19750,2
19751,0
19752,0
19753,4
19754,0
19755,-4
19756,4
19757,4
19758,2
19759,0
19760,2
19761,0
19762,2
19763,2
19764,2
19765,2
19766,6
19767,4
19768,0
19769,-4
19770,0
19771,0
19772,-8
19773,0
19774,0
19775,-4
19776,16
19777,0
19778,0
19779,0
19780,-4
19781,0
19782,0
19783,0
19784,0
19785,0
19786,0
19787,-6
19788,-4
19789,2
19790,-4
19791,-4
19792,-4
19793,-4
19794,0
19795,-4
19796,-4
19797,0
19798,-4
19799,-12
19800,0
19801,0
19802,-4
19803,-4
19804,0
19805,4
19806,-4
19807,-4
19808,-4
19809,0
19810,0
19811,-4
19812,-4
19813,-6
19814,0
19815,0
19816,-4
19817,0
19818,4
19819,-4
19820,-4
19821,4
19822,0
19823,0
19824,10
19825,-4
19826,0
19827,-6
19828,-4
19829,2
19830,-4
19831,0
19832,12
19833,-4
19834,0
19835,-4
19836,2
19837,0
19838,0
19839,0
19840,0
19841,0
19842,0
19843,0
19844,0
19845,0
19846,0
19847,0
19848,0
19849,4
19850,2
19851,0
19852,-4
19853,2
19854,0
19855,2
19856,6
19857,6
19858,4
19859,2
19860,4
19861,0
19862,0
19863,10
19864,2
19865,-6
19866,0
19867,0
19868,-8
19869,4
19870,0
19871,4
19872,0
19873,0
19874,0
19875,10
19876,0
19877,0
19878,-6
19879,0
19880,-4
19881,0
19882,0
19883,0
19884,-4
19885,-6
19886,0
19887,-14
19888,0
19889,0
19890,-4
19891,0
19892,0
19893,-4
19894,-4
19895,-4
19896,0
19897,0
19898,0
19899,10
19900,0
19901,-4
19902,14
19903,0
19904,14
19905,0
19906,-8
19907,0
19908,-4
19909,-4
19910,-4
19911,0
19912,0
19913,0
19914,0
19915,-4
19916,0
19917,0
19918,0
19919,0
19920,-4
19921,0
19922,0
19923,-4
19924,-4
19925,4
19926,0
19927,0
19928,0
19929,-4
19930,0
19931,0
19932,0
19933,2
19934,0
19935,0
19936,0
19937,0
19938,0
19939,0
19940,-4
19941,0
19942,0
19943,0
19944,0
19945,4
19946,2
19947,2
19948,4
19949,4
19950,0
19951,0
19952,2
19953,-6
19954,0
19955,0
19956,4
19957,0
19958,2
19959,4
19960,2
19961,-4
19962,0
19963,6
19964,6
19965,0
19966,2
19967,10
19968,0
19969,-4
19970,4
19971,0
19972,0
19973,4
19974,-6
19975,0
19976,0
19977,-14
19978,0
19979,-2
19980,0
19981,0
19982,-4
19983,-4
19984,-4
19985,0
19986,0
19987,0
19988,0
19989,0
19990,-4
19991,0
19992,-4
19993,-4
19994,0
19995,0
19996,0
19997,-4
19998,-4
19999,-2
20000,0
20001,-4
20002,-4
20003,-4
20004,-4
20005,0
20006,-4
20007,-14
20008,-6
20009,0
20010,0
20011,-4
20012,0
20013,-4
20014,-6
20015,-2
20016,-4
20017,0
20018,-4
20019,-4
20020,0
20021,-4
20022,0
20023,0
20024,0
20025,0
20026,-4
20027,-4
20028,0
20029,-4
20030,2
20031,0
20032,0
20033,0
20034,0
20035,0
20036,0
20037,-4
20038,0
20039,2
20040,0
20041,0
20042,0
20043,2
20044,0
20045,4
20046,0
20047,0
20048,0
20049,2
20050,0
20051,0
20052,0
20053,0
20054,0
20055,0
20056,2
20057,6
20058,6
20059,0
20060,0
20061,10
20062,0
20063,0
20064,-4
20065,0
20066,0
20067,10
20068,-4
20069,0
20070,12
20071,4
20072,-4
20073,-4
20074,0
20075,0
20076,0
20077,-4
20078,0
20079,6
20080,0
20081,0
20082,-8
20083,-4
20084,6
20085,-4
20086,0
20087,0
20088,0
20089,0
20090,0
20091,0
20092,0
20093,-4
20094,-6
20095,-4
20096,0
20097,0
20098,4
20099,-4
20100,0
20101,0
20102,-4
20103,-4
20104,0
20105,-2
20106,0
20107,0
20108,-4
20109,-4
20110,-4
20111,12
20112,-4
20113,0
20114,6
20115,-4
20116,4
20117,-2
20118,-4
20119,0
20120,-4
20121,-4
20122,0
20123,-4
20124,0
20125,4
20126,-4
20127,-4
20128,0
20129,0
20130,-12
20131,-4
20132,0
20133,0
20134,0
20135,-4
20136,0
20137,0
20138,0
20139,0
20140,0
20141,0
20142,0
20143,0
20144,0
20145,0
20146,0
20147,0
20148,6
20149,0
20150,6
20151,0
20152,0
20153,2
20154,2
20155,0
20156,0
20157,0
20158,0
20159,2
20160,0
20161,0
20162,6
20163,0
20164,0
20165,2
20166,4
20167,0
20168,4
20169,6
20170,0
20171,0
20172,6
20173,2
20174,0
20175,-4
20176,2
20177,2
20178,-4
20179,0
20180,0
20181,0
20182,0
20183,-4
20184,0
20185,0
20186,-4
20187,-4
20188,-4
20189,0
20190,-4
20191,-4
20192,0
20193,-4
20194,-4
20195,2
20196,0
20197,0
20198,0
20199,-4
20200,-6
20201,-4
20202,0
20203,-4
20204,0
20205,-4
20206,0
20207,-4
20208,-4
20209,-4
20210,-12
20211,-4
20212,0
20213,-4
20214,-2
20215,-2
20216,-4
20217,-4
20218,0
20219,0
20220,0
20221,0
20222,-4
20223,-4
20224,0
20225,6
20226,0
20227,2
20228,0
20229,0
20230,-4
20231,-6
20232,0
20233,0
20234,0
20235,6
20236,-4
20237,2
20238,-4
20239,2
20240,14
20241,0
20242,0
20243,0
20244,-4
20245,2
20246,0
20247,2
20248,2
20249,0
20250,0
20251,0
20252,4
20253,0
20254,0
20255,4
20256,0
20257,2
20258,0
20259,6
20260,2
20261,-4
20262,6
20263,6
20264,2
20265,6
20266,0
20267,0
20268,2
20269,0
20270,0
20271,10
20272,0
20273,0
20274,4
20275,-6
20276,0
20277,0
20278,-20
20279,6
20280,0
20281,0
20282,0
20283,0
20284,0
20285,0
20286,0
20287,6
20288,0
20289,0
20290,-4
20291,0
20292,4
20293,4
20294,0
20295,0
20296,-4
20297,-4
20298,4
20299,0
20300,-4
20301,-4
20302,-4
20303,0
20304,-4
20305,-4
20306,0
20307,-6
20308,-4
20309,-4
20310,0
20311,0
20312,0
20313,-6
20314,-4
20315,14
20316,0
20317,0
20318,0
20319,0
20320,-4
20321,-4
20322,-4
20323,4
20324,-4
20325,0
20326,0
20327,14
20328,0
20329,0
20330,0
20331,0
20332,14
20333,0
20334,-12
20335,2
20336,0
20337,0
20338,0
20339,0
20340,0
20341,0
20342,0
20343,-4
20344,4
20345,0
20346,0
20347,0
20348,2
20349,0
20350,0
20351,-4
20352,2
20353,4
20354,0
20355,6
20356,-4
20357,2
20358,2
20359,0
20360,4
20361,0
20362,4
20363,2
20364,2
20365,2
20366,0
20367,2
20368,0
20369,2
20370,0
20371,6
20372,2
20373,0
20374,6
20375,-4
20376,-4
20377,-4
20378,0
20379,0
20380,0
20381,-4
20382,0
20383,0
20384,0
20385,6
20386,0
20387,0
20388,0
20389,-4
20390,0
20391,0
20392,-4
20393,-4
20394,0
20395,0
20396,0
20397,0
20398,-4
20399,0
20400,0
20401,-6
20402,-4
20403,-4
20404,0
20405,-4
20406,-4
20407,-4
20408,-4
20409,-4
20410,0
20411,0
20412,0
20413,-4
20414,0
20415,0
20416,-4
20417,-4
20418,0
20419,2
20420,-4
20421,-4
20422,0
20423,0
20424,-4
20425,0
20426,-4
20427,-4
20428,0
20429,-12
20430,-4
20431,0
20432,0
20433,-6
20434,-4
20435,0
20436,0
20437,0
20438,0
20439,0
20440,0
20441,2
20442,0
20443,0
20444,0
20445,4
20446,0
20447,0
20448,4
20449,4
20450,0
20451,0
20452,2
20453,0
20454,0
20455,10
20456,2
20457,0
20458,4
20459,4
20460,0
20461,2
20462,0
20463,2
20464,2
20465,0
20466,-2
20467,-6
20468,2
20469,0
20470,10
20471,0
20472,0
20473,0
20474,0
20475,0
20476,0
20477,-4
20478,2
20479,-6
20480,0
20481,0
20482,0
20483,0
20484,-4
20485,-4
20486,0
20487,0
20488,-6
20489,0
20490,-6
20491,-4
20492,-6
20493,2
20494,0
20495,0
20496,0
20497,0
20498,-4
20499,0
20500,-4
20501,-4
20502,-4
20503,-4
20504,-6
20505,-4
20506,2
20507,-4
20508,-4
20509,-4
20510,-2
20511,-4
20512,-4
20513,0
20514,6
20515,-2
20516,-4
20517,-4
20518,-4
20519,-4
20520,-4
20521,0
20522,2
20523,-4
20524,-4
20525,-6
20526,0
20527,0
20528,-4
20529,0
20530,6
20531,0
20532,2
20533,0
20534,0
20535,2
20536,0
20537,6
20538,-4
20539,0
20540,0
20541,-4
20542,0
20543,0
20544,12
20545,2
20546,2
20547,4
20548,0
20549,0
20550,0
20551,0
20552,0
20553,2
20554,-4
20555,0
20556,6
20557,-4
20558,6
20559,4
20560,2
20561,6
20562,-4
20563,0
20564,0
20565,2
20566,10
20567,4
20568,4
20569,2
20570,4
20571,0
20572,0
20573,0
20574,0
20575,2
20576,0
20577,0
20578,0
20579,2
20580,0
20581,0
20582,-4
20583,2
20584,0
20585,4
20586,0
20587,0
20588,-12
20589,0
20590,2
20591,0
20592,0
20593,0
20594,-4
20595,-4
20596,0
20597,-4
20598,0
20599,-4
20600,0
20601,-4
20602,-4
20603,0
20604,6
20605,-4
20606,-4
20607,0
20608,-4
20609,-4
20610,0
20611,-14
20612,0
20613,0
20614,-4
20615,0
20616,0
20617,-4
20618,-4
20619,-4
20620,0
20621,0
20622,-4
20623,0
20624,-6
20625,0
20626,2
20627,-4
20628,0
20629,0
20630,0
20631,0
20632,0
20633,0
20634,0
20635,0
20636,0
20637,2
20638,0
20639,0
20640,0
20641,-14
20642,-4
20643,-4
20644,0
20645,2
20646,0
20647,0
20648,0
20649,2
20650,4
20651,2
20652,-4
20653,0
20654,2
20655,0
20656,4
20657,0
20658,-4
20659,0
20660,0
20661,4
20662,-4
20663,0
20664,0
20665,2
20666,0
20667,-4
20668,0
20669,-20
20670,2
20671,2
20672,4
20673,0
20674,2
20675,0
20676,-4
20677,0
20678,2
20679,0
20680,-4
20681,0
20682,0
20683,-6
20684,6
20685,0
20686,0
20687,0
20688,6
20689,-4
20690,-4
20691,0
20692,2
20693,-4
20694,0
20695,0
20696,0
20697,-4
20698,-4
20699,-4
20700,0
20701,-4
20702,-4
20703,0
20704,-4
20705,0
20706,0
20707,-18
20708,-4
20709,0
20710,-4
20711,-4
20712,6
20713,-4
20714,-4
20715,0
20716,-4
20717,0
20718,4
20719,0
20720,0
20721,6
20722,-4
20723,0
20724,0
20725,-4
20726,0
20727,2
20728,0
20729,0
20730,0
20731,0
20732,0
20733,0
20734,0
20735,0
20736,0
20737,4
20738,0
20739,0
20740,0
20741,0
20742,0
20743,0
20744,4
20745,0
20746,0
20747,4
20748,4
20749,2
20750,0
20751,0
20752,6
20753,0
20754,0
20755,0
20756,0
20757,2
20758,2
20759,2
20760,2
20761,2
20762,0
20763,6
20764,0
20765,4
20766,0
20767,10
20768,0
20769,2
20770,4
20771,0
20772,0
20773,0
20774,0
20775,-4
20776,0
20777,4
20778,2
20779,2
20780,0
20781,4
20782,0
20783,0
20784,0
20785,0
20786,0
20787,-4
20788,0
20789,-4
20790,0
20791,0
20792,4
20793,0
20794,0
20795,0
20796,-2
20797,0
20798,0
20799,-4
20800,-4
20801,-42
20802,0
20803,-6
20804,-4
20805,-4
20806,0
20807,-4
20808,-2
20809,-4
20810,-4
20811,-4
20812,-4
20813,0
20814,-4
20815,-4
20816,-4
20817,0
20818,-4
20819,0
20820,0
20821,-4
20822,-4
20823,0
20824,0
20825,-4
20826,10
20827,0
20828,0
20829,0
20830,2
20831,-4
20832,0
20833,0
20834,0
20835,-4
20836,0
20837,0
20838,4
20839,2
20840,0
20841,0
20842,2
20843,0
20844,0
20845,0
20846,4
20847,0
20848,0
20849,6
20850,2
20851,6
20852,0
20853,-4
20854,0
20855,0
20856,0
20857,2
20858,2
20859,-4
20860,0
20861,2
20862,0
20863,0
20864,2
20865,2
20866,0
20867,0
20868,0
20869,0
20870,-4
20871,0
20872,2
20873,0
20874,0
20875,-4
20876,-2
20877,6
20878,4
20879,0
20880,-4
20881,-4
20882,0
20883,0
20884,0
20885,0
20886,0
20887,0
20888,-4
20889,0
20890,0
20891,-4
20892,0
20893,0
20894,-4
20895,0
20896,-4
20897,0
20898,0
20899,0
20900,0
20901,-2
20902,0
20903,0
20904,-4
20905,-4
20906,0
20907,0
20908,0
20909,0
20910,-4
20911,0
20912,-4
20913,-2
20914,-6
20915,-2
20916,-4
20917,0
20918,0
20919,0
20920,0
20921,-4
20922,-4
20923,0
20924,-4
20925,4
20926,-4
20927,-4
20928,-4
20929,0
20930,-4
20931,0
20932,0
20933,0
20934,0
20935,0
20936,0
20937,0
20938,0
20939,4
20940,0
20941,-4
20942,0
20943,6
20944,0
20945,-4
20946,0
20947,2
20948,4
20949,0
20950,2
20951,-6
20952,0
20953,-6
20954,2
20955,0
20956,0
20957,0
20958,0
20959,6
20960,0
20961,0
20962,0
20963,0
20964,-10
20965,2
20966,10
20967,0
20968,0
20969,6
20970,2
20971,0
20972,2
20973,0
20974,2
20975,0
20976,-8
20977,2
20978,-4
20979,2
20980,0
20981,0
20982,4
20983,0
20984,0
20985,-4
20986,-4
20987,2
20988,0
20989,-4
20990,0
20991,-4
20992,0
20993,0
20994,-4
20995,0
20996,0
20997,0
20998,0
20999,0
21000,0
21001,-4
21002,-4
21003,-4
21004,-4
21005,-4
21006,-4
21007,-4
21008,-4
21009,-4
21010,0
21011,-4
21012,-4
21013,-4
21014,0
21015,0
21016,-4
21017,-4
21018,-4
21019,-4
21020,-4
21021,0
21022,0
21023,-4
21024,0
21025,0
21026,0
21027,0
21028,0
21029,0
21030,-2
21031,-4
21032,0
21033,-4
21034,-4
21035,0
21036,-4
21037,-4
21038,2
21039,0
21040,0
21041,0
21042,0
21043,0
21044,2
21045,0
21046,0
21047,0
21048,0
21049,4
21050,0
21051,2
21052,4
21053,2
21054,0
21055,4
21056,-6
21057,0
21058,2
21059,4
21060,0
21061,-4
21062,-4
21063,0
21064,0
21065,2
21066,4
21067,0
21068,-2
21069,-10
21070,0
21071,0
21072,6
21073,0
21074,-4
21075,0
21076,-4
21077,0
21078,0
21079,0
21080,0
21081,0
21082,6
21083,4
21084,-4
21085,6
21086,0
21087,-4
21088,0
21089,-4
21090,0
21091,0
21092,-4
21093,0
21094,-4
21095,0
21096,0
21097,0
21098,0
21099,-4
21100,-4
21101,-4
21102,-4
21103,-4
21104,-4
21105,4
21106,4
21107,0
21108,-4
21109,0
21110,-4
21111,0
21112,0
21113,-4
21114,0
21115,-4
21116,0
21117,0
21118,2
21119,0
21120,-4
21121,-4
21122,-4
21123,0
21124,0
21125,-8
21126,0
21127,0
21128,2
21129,0
21130,2
21131,2
21132,0
21133,0
21134,-4
21135,0
21136,0
21137,-4
21138,6
21139,0
21140,0
21141,-4
21142,0
21143,0
21144,-4
21145,4
21146,4
21147,4
21148,6
21149,0
21150,0
21151,0
21152,0
21153,4
21154,0
21155,-6
21156,-6
21157,6
21158,0
21159,4
21160,2
21161,4
21162,0
21163,0
21164,2
21165,-4
21166,0
21167,2
21168,14
21169,6
21170,4
21171,0
21172,4
21173,0
21174,0
21175,6
21176,4
21177,-4
21178,4
21179,0
21180,-4
21181,0
21182,0
21183,0
21184,6
21185,0
21186,-2
21187,0
21188,-2
21189,0
21190,0
21191,0
21192,2
21193,2
21194,0
21195,-4
21196,0
21197,-4
21198,0
21199,-4
21200,-4
21201,0
21202,0
21203,-4
21204,-4
21205,0
21206,0
21207,10
21208,2
21209,0
21210,0
21211,-4
21212,-4
21213,-4
21214,0
21215,-4
21216,0
21217,-4
21218,-14
21219,0
21220,0
21221,0
21222,0
21223,-4
21224,0
21225,14
21226,0
21227,-4
21228,0
21229,-4
21230,0
21231,-4
21232,0
21233,-14
21234,-6
21235,0
21236,0
21237,4
21238,0
21239,-4
21240,0
21241,4
21242,0
21243,0
21244,0
21245,6
21246,0
21247,0
21248,4
21249,0
21250,0
21251,0
21252,4
21253,0
21254,-6
21255,0
21256,4
21257,0
21258,0
21259,0
21260,0
21261,0
21262,0
21263,0
21264,0
21265,2
21266,4
21267,-4
21268,0
21269,0
21270,0
21271,0
21272,0
21273,4
21274,-4
21275,-4
21276,-4
21277,4
21278,0
21279,0
21280,6
21281,0
21282,0
21283,0
21284,0
21285,0
21286,0
21287,0
21288,0
21289,-4
21290,0
21291,0
21292,0
21293,0
21294,-4
21295,-4
21296,-4
21297,-4
21298,-4
21299,0
21300,-4
21301,0
21302,-6
21303,-4
21304,0
21305,2
21306,-4
21307,-4
21308,-4
21309,-4
21310,0
21311,0
21312,-4
21313,-4
21314,0
21315,0
21316,-4
21317,-4
21318,-10
21319,0
21320,0
21321,-4
21322,2
21323,0
21324,-4
21325,0
21326,-4
21327,-10
21328,2
21329,-4
21330,0
21331,0
21332,0
21333,0
21334,-4
21335,0
21336,0
21337,0
21338,10
21339,0
21340,0
21341,0
21342,0
21343,-4
21344,0
21345,-4
21346,0
21347,0
21348,0
21349,4
21350,0
21351,0
21352,2
21353,2
21354,0
21355,0
21356,0
21357,0
21358,2
21359,0
21360,-8
21361,6
21362,0
21363,0
21364,2
21365,0
21366,6
21367,0
21368,0
21369,-4
21370,2
21371,2
21372,6
21373,-4
21374,2
21375,2
21376,10
21377,0
21378,0
21379,4
21380,-4
21381,0
21382,10
21383,0
21384,0
21385,4
21386,0
21387,-4
21388,2
21389,-4
21390,0
21391,2
21392,0
21393,0
21394,0
21395,6
21396,0
21397,-4
21398,0
21399,0
21400,0
21401,-4
21402,6
21403,-6
21404,-4
21405,-4
21406,-4
21407,0
21408,-4
21409,-4
21410,-6
21411,-4
21412,0
21413,-4
21414,0
21415,-2
21416,-4
21417,0
21418,-4
21419,0
21420,-4
21421,-4
21422,-4
21423,-4
21424,-4
21425,0
21426,-6
21427,0
21428,-4
21429,-4
21430,6
21431,0
21432,-14
21433,-4
21434,0
21435,0
21436,0
21437,2
21438,0
21439,2
21440,0
21441,4
21442,0
21443,-4
21444,0
21445,-4
21446,0
21447,0
21448,0
21449,0
21450,0
21451,2
21452,0
21453,4
21454,0
21455,0
21456,-4
21457,4
21458,0
21459,2
21460,0
21461,4
21462,0
21463,0
21464,0
21465,0
21466,-4
21467,2
21468,6
21469,2
21470,6
21471,0
21472,0
21473,0
21474,6
21475,0
21476,2
21477,0
21478,10
21479,0
21480,4
21481,-4
21482,2
21483,0
21484,0
21485,0
21486,0
21487,0
21488,-6
21489,-4
21490,0
21491,-4
21492,0
21493,0
21494,0
21495,-4
21496,0
21497,-4
21498,-4
21499,-4
21500,-4
21501,-4
21502,0
21503,-6
21504,-4
21505,0
21506,0
21507,-4
21508,14
21509,-4
21510,-4
21511,-4
21512,-4
21513,0
21514,-4
21515,-4
21516,-4
21517,-4
21518,-4
21519,0
21520,-4
21521,-4
21522,-4
21523,-4
21524,-4
21525,0
21526,-4
21527,0
21528,0
21529,0
21530,0
21531,2
21532,0
21533,0
21534,0
21535,0
21536,0
21537,0
21538,0
21539,-4
21540,0
21541,0
21542,0
21543,0
21544,0
21545,-4
21546,2
21547,0
21548,0
21549,4
21550,0
21551,0
21552,0
21553,4
21554,14
21555,6
21556,4
21557,0
21558,0
21559,-4
21560,0
21561,2
21562,2
21563,0
21564,2
21565,0
21566,0
21567,0
21568,2
21569,2
21570,4
21571,0
21572,0
21573,2
21574,0
21575,6
21576,-4
21577,-4
21578,-4
21579,-6
21580,0
21581,0
21582,-4
21583,0
21584,0
21585,0
21586,-6
21587,0
21588,0
21589,-6
21590,0
21591,0
21592,0
21593,-4
21594,0
21595,10
21596,0
21597,-4
21598,-4
21599,-4
21600,-4
21601,-4
21602,0
21603,-4
21604,-4
21605,0
21606,-4
21607,-4
21608,0
21609,-4
21610,0
21611,2
21612,0
21613,0
21614,-12
21615,-4
21616,-4
21617,0
21618,0
21619,-4
21620,-4
21621,-4
21622,2
21623,-4
21624,-4
21625,0
21626,-4
21627,0
21628,-4
21629,0
21630,-2
21631,0
21632,0
21633,-4
21634,0
21635,-4
21636,0
21637,0
21638,-4
21639,0
21640,2
21641,0
21642,0
21643,0
21644,0
21645,-4
21646,0
21647,0
21648,-20
21649,-4
21650,0
21651,0
21652,-4
21653,0
21654,6
21655,0
21656,0
21657,4
21658,-4
21659,0
21660,0
21661,0
21662,0
21663,0
21664,0
21665,6
21666,4
21667,0
21668,0
21669,10
21670,0
21671,0
21672,0
21673,0
21674,4
21675,2
21676,0
21677,0
21678,2
21679,-4
21680,4
21681,0
21682,0
21683,0
21684,0
21685,0
21686,0
21687,-4
21688,-4
21689,0
21690,0
21691,0
21692,0
21693,-4
21694,0
21695,2
21696,0
21697,-4
21698,-4
21699,0
21700,-4
21701,-4
21702,0
21703,-4
21704,0
21705,-4
21706,0
21707,-4
21708,0
21709,0
21710,-4
21711,-4
21712,0
21713,-4
21714,0
21715,10
21716,-4
21717,-4
21718,-4
21719,-4
21720,-4
21721,0
21722,-6
21723,-4
21724,-4
21725,-4
21726,0
21727,0
21728,-6
21729,0
21730,0
21731,0
21732,0
21733,0
21734,4
21735,-2
21736,0
21737,0
21738,0
21739,-4
21740,0
21741,2
21742,0
21743,0
21744,0
21745,0
21746,2
21747,0
21748,4
21749,2
21750,0
21751,0
21752,6
21753,4
21754,0
21755,6
21756,0
21757,0
21758,-6
21759,0
21760,0
21761,0
21762,6
21763,4
21764,0
21765,0
21766,0
21767,0
21768,2
21769,2
21770,2
21771,0
21772,6
21773,-4
21774,4
21775,4
21776,6
21777,0
21778,0
21779,-4
21780,0
21781,-4
21782,-4
21783,-4
21784,0
21785,0
21786,0
21787,0
21788,0
21789,-4
21790,0
21791,0
21792,-4
21793,-8
21794,0
21795,0
21796,2
21797,0
21798,-4
21799,-4
21800,0
21801,-4
21802,-8
21803,-4
21804,14
21805,-4
21806,-4
21807,0
21808,4
21809,-4
21810,0
21811,-4
21812,0
21813,-4
21814,-4
21815,0
21816,0
21817,0
21818,-4
21819,-4
21820,0
21821,0
21822,-4
21823,-4
21824,2
21825,-6
21826,0
21827,6
21828,-4
21829,-4
21830,0
21831,-4
21832,-4
21833,0
21834,0
21835,0
21836,0
21837,0
21838,4
21839,0
21840,0
21841,0
21842,0
21843,0
21844,0
21845,0
21846,0
21847,0
21848,0
21849,0
21850,2
21851,0
21852,10
21853,-4
21854,0
21855,4
21856,0
21857,0
21858,0
21859,0
21860,-4
21861,4
21862,0
21863,2
21864,2
21865,2
21866,0
21867,2
21868,0
21869,0
21870,6
21871,2
21872,2
21873,4
21874,6
21875,2
21876,2
21877,2
21878,0
21879,-6
21880,0
21881,2
21882,6
21883,0
21884,2
21885,0
21886,0
21887,2
21888,0
21889,0
21890,0
21891,-4
21892,0
21893,0
21894,0
21895,0
21896,0
21897,-4
21898,0
21899,-4
21900,-4
21901,-4
21902,-4
21903,-4
21904,-4
21905,-4
21906,0
21907,0
21908,-4
21909,0
21910,-4
21911,-4
21912,-2
21913,-4
21914,-4
21915,0
21916,-4
21917,0
21918,-4
21919,0
21920,-10
21921,0
21922,-4
21923,-10
21924,-4
21925,-4
21926,-6
21927,-4
21928,-2
21929,-4
21930,0
21931,0
21932,0
21933,0
21934,0
21935,0
21936,0
21937,0
21938,-4
21939,0
21940,0
21941,0
21942,0
21943,-4
21944,0
21945,-6
21946,0
21947,2
21948,0
21949,2
21950,0
21951,0
21952,2
21953,0
21954,0
21955,2
21956,6
21957,0
21958,2
21959,2
21960,0
21961,0
21962,0
21963,-4
21964,0
21965,0
21966,0
21967,0
21968,2
21969,2
21970,0
21971,0
21972,2
21973,4
21974,2
21975,0
21976,0
21977,0
21978,-4
21979,0
21980,-4
21981,6
21982,-4
21983,0
21984,0
21985,2
21986,2
21987,-6
21988,0
21989,0
21990,0
21991,0
21992,0
21993,-4
21994,-4
21995,0
21996,0
21997,0
21998,4
21999,-4
22000,0
22001,0
22002,-4
22003,-4
22004,-4
22005,0
22006,0
22007,-4
22008,-4
22009,0
22010,4
22011,-4
22012,0
22013,-4
22014,0
22015,-4
22016,-4
22017,0
22018,0
22019,0
22020,0
22021,0
22022,-4
22023,-14
22024,-4
22025,-4
22026,6
22027,-4
22028,0
22029,0
22030,0
22031,2
22032,-4
22033,-4
22034,0
22035,0
22036,0
22037,0
22038,0
22039,0
22040,0
22041,0
22042,0
22043,0
22044,0
22045,2
22046,0
22047,4
22048,0
22049,0
22050,0
22051,0
22052,0
22053,4
22054,4
22055,0
22056,2
22057,0
22058,0
22059,0
22060,0
22061,4
22062,-4
22063,0
22064,-8
22065,6
22066,0
22067,10
22068,0
22069,6
22070,0
22071,0
22072,6
22073,0
22074,2
22075,6
22076,0
22077,2
22078,0
22079,-12
22080,0
22081,0
22082,0
22083,4
22084,0
22085,-4
22086,0
22087,0
22088,0
22089,6
22090,0
22091,0
22092,0
22093,0
22094,6
22095,2
22096,0
22097,-4
22098,-4
22099,0
22100,0
22101,6
22102,-4
22103,-4
22104,0
22105,0
22106,10
22107,0
22108,-6
22109,-4
22110,-4
22111,6
22112,-4
22113,0
22114,-4
22115,-4
22116,-4
22117,-4
22118,-4
22119,-4
22120,-4
22121,-4
22122,0
22123,0
22124,-4
22125,0
22126,0
22127,0
22128,-14
22129,0
22130,0
22131,0
22132,0
22133,0
22134,0
22135,-4
22136,0
22137,0
22138,-8
22139,0
22140,6
22141,2
22142,-4
22143,0
22144,0
22145,0
22146,0
22147,0
22148,2
22149,0
22150,0
22151,4
22152,2
22153,6
22154,0
22155,0
22156,2
22157,0
22158,-4
22159,0
22160,4
22161,0
22162,0
22163,0
22164,2
22165,0
22166,2
22167,0
22168,2
22169,-6
22170,2
22171,0
22172,4
22173,-4
22174,2
22175,10
22176,0
22177,2
22178,0
22179,4
22180,-4
22181,0
22182,0
22183,0
22184,0
22185,0
22186,0
22187,-4
22188,0
22189,-8
22190,-4
22191,0
22192,-4
22193,0
22194,0
22195,0
22196,0
22197,-6
22198,0
22199,0
22200,0
22201,0
22202,-4
22203,-4
22204,0
22205,-4
22206,0
22207,-4
22208,0
22209,0
22210,0
22211,0
22212,-4
22213,2
22214,-4
22215,-4
22216,-4
22217,-4
22218,-4
22219,-4
22220,0
22221,4
22222,-4
22223,0
22224,-4
22225,0
22226,-4
22227,-4
22228,-18
22229,0
22230,0
22231,-4
22232,0
22233,-4
22234,2
22235,0
22236,-4
22237,-4
22238,0
22239,0
22240,18
22241,0
22242,0
22243,0
22244,0
22245,0
22246,0
22247,-4
22248,0
22249,0
22250,0
22251,0
22252,4
22253,2
22254,0
22255,0
22256,0
22257,-2
22258,-4
22259,0
22260,4
22261,0
22262,0
22263,0
22264,0
22265,2
22266,-6
22267,2
22268,6
22269,2
22270,6
22271,6
22272,2
22273,0
22274,6
22275,2
22276,2
22277,-4
22278,0
22279,0
22280,0
22281,0
22282,2
22283,2
22284,6
22285,0
22286,0
22287,0
22288,4
22289,-4
22290,-12
22291,0
22292,0
22293,0
22294,4
22295,-6
22296,10
22297,0
22298,0
22299,-4
22300,0
22301,-4
22302,-4
22303,-4
22304,-4
22305,-4
22306,-4
22307,-4
22308,0
22309,0
22310,0
22311,-4
22312,6
22313,-4
22314,-4
22315,-4
22316,0
22317,0
22318,-4
22319,-4
22320,-14
22321,-4
22322,-4
22323,6
22324,-4
22325,0
22326,-4
22327,0
22328,0
22329,-4
22330,0
22331,0
22332,-4
22333,-4
22334,0
22335,0
22336,-4
22337,0
22338,0
22339,-4
22340,0
22341,0
22342,0
22343,0
22344,0
22345,0
22346,2
22347,0
22348,0
22349,0
22350,0
22351,6
22352,4
22353,0
22354,0
22355,0
22356,4
22357,2
22358,-4
22359,-12
22360,2
22361,2
22362,0
22363,4
22364,4
22365,0
22366,-4
22367,0
22368,0
22369,4
22370,0
22371,0
22372,0
22373,0
22374,0
22375,0
22376,0
22377,-14
22378,0
22379,0
22380,-4
22381,0
22382,0
22383,0
22384,10
22385,0
22386,0
22387,4
22388,0
22389,0
22390,-4
22391,0
22392,0
22393,0
22394,0
22395,-4
22396,6
22397,-4
22398,0
22399,-4
22400,0
22401,-4
22402,-4
22403,0
22404,-4
22405,0
22406,0
22407,0
22408,14
22409,2
22410,-4
22411,-4
22412,0
22413,-4
22414,-4
22415,-2
22416,-2
22417,-4
22418,-4
22419,-4
22420,0
22421,-4
22422,-4
22423,-4
22424,0
22425,-2
22426,6
22427,-4
22428,-4
22429,0
22430,0
22431,0
22432,0
22433,0
22434,0
22435,-4
22436,0
22437,0
22438,0
22439,0
22440,0
22441,4
22442,0
22443,0
22444,0
22445,0
22446,0
22447,0
22448,0
22449,0
22450,2
22451,4
22452,2
22453,0
22454,2
22455,2
22456,2
22457,0
22458,-4
22459,14
22460,2
22461,0
22462,0
22463,0
22464,0
22465,2
22466,0
22467,-4
22468,2
22469,-4
22470,0
22471,4
22472,0
22473,0
22474,6
22475,4
22476,2
22477,0
22478,-4
22479,10
22480,0
22481,0
22482,6
22483,0
22484,0
22485,-4
22486,0
22487,4
22488,0
22489,4
22490,0
22491,-14
22492,0
22493,2
22494,0
22495,-4
22496,-4
22497,0
22498,0
22499,0
22500,0
22501,0
22502,-4
22503,-6
22504,0
22505,-4
22506,-4
22507,-4
22508,0
22509,-4
22510,0
22511,-4
22512,-4
22513,-4
22514,0
22515,-4
22516,-4
22517,14
22518,-4
22519,10
22520,-2
22521,-4
22522,20
22523,-2
22524,0
22525,-20
22526,0
22527,-4
22528,2
22529,-4
22530,0
22531,0
22532,-4
22533,6
22534,2
22535,0
22536,-4
22537,0
22538,0
22539,0
22540,4
22541,0
22542,0
22543,2
22544,0
22545,0
22546,2
22547,6
22548,0
22549,0
22550,0
22551,2
22552,2
22553,0
22554,2
22555,-4
22556,0
22557,0
22558,0
22559,0
22560,4
22561,4
22562,0
22563,0
22564,0
22565,10
22566,4
22567,0
22568,0
22569,2
22570,0
22571,2
22572,-12
22573,0
22574,2
22575,6
22576,4
22577,0
22578,-4
22579,0
22580,0
22581,6
22582,0
22583,0
22584,-4
22585,0
22586,-4
22587,0
22588,0
22589,0
22590,0
22591,0
22592,-4
22593,0
22594,0
22595,-4
22596,0
22597,0
22598,0
22599,-4
22600,0
22601,-4
22602,0
22603,0
22604,0
22605,0
22606,0
22607,0
22608,0
22609,-4
22610,-4
22611,-2
22612,-6
22613,0
22614,0
22615,2
22616,0
22617,-4
22618,0
22619,0
22620,-4
22621,-6
22622,-4
22623,-4
22624,-8
22625,-4
22626,-4
22627,4
22628,-4
22629,0
22630,0
22631,0
22632,-4
22633,0
22634,-12
22635,0
22636,-4
22637,0
22638,0
22639,-4
22640,6
22641,0
22642,0
22643,-4
22644,0
22645,0
22646,0
22647,0
22648,2
22649,-4
22650,0
22651,0
22652,0
22653,0
22654,0
22655,-4
22656,2
22657,2
22658,4
22659,0
22660,0
22661,-4
22662,0
22663,0
22664,-4
22665,0
22666,4
22667,0
22668,2
22669,-4
22670,0
22671,6
22672,2
22673,0
22674,2
22675,0
22676,0
22677,0
22678,10
22679,0
22680,0
22681,0
22682,-4
22683,4
22684,0
22685,0
22686,0
22687,0
22688,0
22689,-4
22690,0
22691,-4
22692,-6
22693,-4
22694,0
22695,-4
22696,0
22697,-4
22698,-4
22699,-4
22700,0
22701,0
22702,-4
22703,0
22704,-4
22705,-6
22706,-4
22707,-4
22708,-4
22709,-4
22710,-4
22711,-14
22712,-4
22713,-4
22714,-4
22715,-2
22716,-14
22717,-4
22718,-4
22719,-4
22720,0
22721,-4
22722,-4
22723,-4
22724,0
22725,0
22726,4
22727,-4
22728,0
22729,0
22730,0
22731,-4
22732,-6
22733,0
22734,0
22735,-4
22736,0
22737,0
22738,-4
22739,0
22740,0
22741,10
22742,0
22743,6
22744,0
22745,0
22746,-4
22747,0
22748,2
22749,0
22750,0
22751,6
22752,4
22753,4
22754,4
22755,4
22756,0
22757,-4
22758,0
22759,0
22760,2
22761,0
22762,2
22763,0
22764,0
22765,0
22766,0
22767,0
22768,0
22769,0
22770,-4
22771,0
22772,0
22773,0
22774,0
22775,0
22776,0
22777,0
22778,-4
22779,0
22780,-6
22781,-4
22782,0
22783,0
22784,0
22785,0
22786,0
22787,0
22788,-4
22789,-4
22790,0
22791,0
22792,-4
22793,0
22794,2
22795,0
22796,0
22797,0
22798,0
22799,0
22800,0
22801,4
22802,0
22803,-4
22804,-6
22805,-8
22806,0
22807,-4
22808,-4
22809,0
22810,-4
22811,-4
22812,-4
22813,-4
22814,-4
22815,-4
22816,0
22817,-2
22818,0
22819,-4
22820,-4
22821,-4
22822,6
22823,0
22824,0
22825,0
22826,0
22827,0
22828,2
22829,0
22830,0
22831,0
22832,2
22833,-6
22834,0
22835,0
22836,0
22837,0
22838,-4
22839,0
22840,0
22841,2
22842,0
22843,0
22844,0
22845,0
22846,0
22847,-4
22848,-14
22849,2
22850,2
22851,0
22852,0
22853,0
22854,4
22855,0
22856,4
22857,0
22858,4
22859,0
22860,0
22861,0
22862,0
22863,0
22864,0
22865,0
22866,0
22867,4
22868,2
22869,6
22870,2
22871,0
22872,0
22873,10
22874,0
22875,0
22876,-6
22877,0
22878,4
22879,-2
22880,0
22881,0
22882,-8
22883,0
22884,-4
22885,-4
22886,0
22887,-4
22888,-4
22889,0
22890,-4
22891,-4
22892,-4
22893,0
22894,0
22895,-4
22896,0
22897,0
22898,0
22899,0
22900,0
22901,-4
22902,0
22903,0
22904,16
22905,0
22906,-18
22907,0
22908,-4
22909,0
22910,0
22911,0
22912,0
22913,2
22914,-4
22915,0
22916,-4
22917,-16
22918,-4
22919,-24
22920,-4
22921,0
22922,-4
22923,-4
22924,-4
22925,-4
22926,0
22927,2
22928,6
22929,0
22930,0
22931,18
22932,0
22933,-4
22934,0
22935,0
22936,0
22937,0
22938,0
22939,-12
22940,0
22941,0
22942,0
22943,0
22944,0
22945,0
22946,-4
22947,0
22948,-4
22949,0
22950,0
22951,0
22952,0
22953,0
22954,-4
22955,6
22956,0
22957,0
22958,2
22959,0
22960,0
22961,2
22962,4
22963,4
22964,10
22965,10
22966,0
22967,4
22968,4
22969,0
22970,2
22971,0
22972,2
22973,-4
22974,4
22975,-4
22976,0
22977,-4
22978,0
22979,4
22980,-4
22981,6
22982,0
22983,0
22984,0
22985,0
22986,-8
22987,6
22988,0
22989,0
22990,0
22991,0
22992,0
22993,0
22994,0
22995,0
22996,0
22997,-4
22998,0
22999,0
23000,0
23001,-4
23002,0
23003,-6
23004,0
23005,0
23006,-2
23007,0
23008,-4
23009,0
23010,-4
23011,-4
23012,0
23013,-4
23014,-6
23015,0
23016,-4
23017,-4
23018,0
23019,-4
23020,-4
23021,-6
23022,0
23023,-4
23024,-10
23025,-4
23026,-4
23027,-4
23028,0
23029,-4
23030,-4
23031,0
23032,-4
23033,0
23034,-4
23035,0
23036,0
23037,0
23038,0
23039,-4
23040,2
23041,0
23042,0
23043,0
23044,0
23045,4
23046,0
23047,0
23048,0
23049,-22
23050,0
23051,4
23052,0
23053,0
23054,2
23055,0
23056,0
23057,0
23058,0
23059,-4
23060,16
23061,0
23062,4
23063,-4
23064,0
23065,2
23066,2
23067,0
23068,-4
23069,0
23070,2
23071,6
23072,2
23073,2
23074,0
23075,0
23076,0
23077,0
23078,-8
23079,0
23080,0
23081,0
23082,0
23083,2
23084,0
23085,0
23086,-18
23087,-14
23088,-4
23089,0
23090,0
23091,0
23092,0
23093,-4
23094,6
23095,0
23096,0
23097,0
23098,-4
23099,0
23100,-4
23101,0
23102,0
23103,-4
23104,-4
23105,-4
23106,-4
23107,0
23108,10
23109,-10
23110,-2
23111,0
23112,-4
23113,-4
23114,-4
23115,0
23116,0
23117,0
23118,6
23119,-4
23120,-6
23121,-4
23122,-4
23123,-10
23124,0
23125,-4
23126,-6
23127,0
23128,-4
23129,-4
23130,0
23131,0
23132,-4
23133,0
23134,0
23135,4
23136,-4
23137,-4
23138,6
23139,0
23140,0
23141,4
23142,0
23143,0
23144,2
23145,0
23146,2
23147,0
23148,0
23149,2
23150,4
23151,4
23152,0
23153,0
23154,0
23155,0
23156,0
23157,0
23158,0
23159,-4
23160,0
23161,10
23162,0
23163,-4
23164,0
23165,0
23166,10
23167,4
23168,2
23169,2
23170,-10
23171,0
23172,0
23173,0
23174,2
23175,6
23176,0
23177,-12
23178,-4
23179,0
23180,6
23181,0
23182,0
23183,2
23184,-4
23185,2
23186,0
23187,0
23188,0
23189,0
23190,-4
23191,0
23192,-6
23193,-6
23194,0
23195,4
23196,0
23197,0
23198,4
23199,0
23200,-4
23201,-4
23202,0
23203,-2
23204,0
23205,0
23206,-4
23207,0
23208,-4
23209,-4
23210,16
23211,-4
23212,-6
23213,-14
23214,0
23215,-4
23216,0
23217,-4
23218,0
23219,0
23220,-4
23221,0
23222,0
23223,-6
23224,0
23225,-4
23226,0
23227,-4
23228,-4
23229,0
23230,0
23231,0
23232,0
23233,0
23234,0
23235,0
23236,4
23237,-4
23238,-4
23239,0
23240,10
23241,0
23242,0
23243,0
23244,0
23245,0
23246,-4
23247,-4
23248,2
23249,4
23250,0
23251,2
23252,2
23253,2
23254,0
23255,6
23256,0
23257,10
23258,2
23259,0
23260,0
23261,-4
23262,2
23263,4
23264,0
23265,2
23266,2
23267,2
23268,2
23269,6
23270,4
23271,0
23272,0
23273,-6
23274,-4
23275,0
23276,-4
23277,0
23278,0
23279,0
23280,-14
23281,0
23282,-4
23283,0
23284,6
23285,0
23286,2
23287,0
23288,0
23289,-14
23290,0
23291,0
23292,0
23293,0
23294,2
23295,-4
23296,0
23297,-10
23298,0
23299,0
23300,0
23301,0
23302,-4
23303,-4
23304,-4
23305,-4
23306,-4
23307,-14
23308,-4
23309,-4
23310,0
23311,0
23312,-4
23313,0
23314,0
23315,-4
23316,-4
23317,0
23318,0
23319,-8
23320,-4
23321,0
23322,0
23323,0
23324,2
23325,2
23326,0
23327,-4
23328,4
23329,0
23330,0
23331,0
23332,0
23333,2
23334,2
23335,0
23336,0
23337,6
23338,-2
23339,0
23340,0
23341,0
23342,0
23343,0
23344,-6
23345,0
23346,-4
23347,0
23348,2
23349,2
23350,0
23351,0
23352,2
23353,0
23354,0
23355,0
23356,0
23357,2
23358,2
23359,4
23360,4
23361,0
23362,6
23363,-4
23364,0
23365,0
23366,4
23367,0
23368,2
23369,6
23370,2
23371,0
23372,2
23373,-4
23374,6
23375,-2
23376,0
23377,0
23378,0
23379,14
23380,0
23381,0
23382,4
23383,-4
23384,-2
23385,-8
23386,0
23387,0
23388,-4
23389,0
23390,0
23391,-4
23392,0
23393,0
23394,0
23395,-8
23396,6
23397,0
23398,0
23399,0
23400,0
23401,-4
23402,-4
23403,-2
23404,0
23405,0
23406,0
23407,-4
23408,0
23409,-4
23410,-4
23411,0
23412,0
23413,-4
23414,0
23415,-4
23416,-4
23417,0
23418,0
23419,0
23420,-4
23421,0
23422,0
23423,0
23424,10
23425,0
23426,0
23427,-6
23428,0
23429,2
23430,-6
23431,0
23432,0
23433,-4
23434,-4
23435,0
23436,0
23437,0
23438,0
23439,4
23440,0
23441,-4
23442,4
23443,0
23444,0
23445,0
23446,2
23447,0
23448,0
23449,0
23450,4
23451,0
23452,4
23453,0
23454,0
23455,2
23456,4
23457,0
23458,0
23459,0
23460,0
23461,2
23462,2
23463,2
23464,2
23465,6
23466,2
23467,0
23468,4
23469,2
23470,2
23471,-4
23472,0
23473,2
23474,2
23475,0
23476,0
23477,0
23478,-4
23479,0
23480,0
23481,-4
23482,0
23483,0
23484,0
23485,0
23486,-4
23487,4
23488,6
23489,0
23490,-4
23491,4
23492,-4
23493,0
23494,-4
23495,0
23496,-4
23497,-4
23498,-4
23499,-4
23500,0
23501,-2
23502,-4
23503,-4
23504,-4
23505,-4
23506,-4
23507,-4
23508,0
23509,-4
23510,0
23511,0
23512,-20
23513,0
23514,0
23515,-4
23516,-4
23517,-2
23518,0
23519,-4
23520,0
23521,0
23522,0
23523,-4
23524,0
23525,-4
23526,0
23527,-4
23528,0
23529,0
23530,4
23531,-4
23532,0
23533,0
23534,-8
23535,0
23536,0
23537,0
23538,0
23539,-12
23540,0
23541,0
23542,0
23543,2
23544,0
23545,0
23546,0
23547,0
23548,-4
23549,0
23550,0
23551,0
23552,4
23553,0
23554,2
23555,0
23556,2
23557,0
23558,0
23559,0
23560,2
23561,2
23562,4
23563,0
23564,0
23565,0
23566,10
23567,0
23568,10
23569,0
23570,2
23571,0
23572,-4
23573,-4
23574,-24
23575,2
23576,0
23577,4
23578,0
23579,0
23580,0
23581,2
23582,2
23583,-14
23584,4
23585,-4
23586,0
23587,0
23588,0
23589,0
23590,2
23591,-4
23592,0
23593,0
23594,-4
23595,0
23596,0
23597,0
23598,0
23599,0
23600,0
23601,-4
23602,0
23603,-4
23604,-4
23605,-4
23606,0
23607,0
23608,-4
23609,0
23610,0
23611,0
23612,0
23613,-8
23614,-4
23615,0
23616,-4
23617,-4
23618,-4
23619,-4
23620,-24
23621,-4
23622,0
23623,-24
23624,-4
23625,2
23626,-4
23627,0
23628,0
23629,-6
23630,-4
23631,-4
23632,0
23633,0
23634,0
23635,6
23636,-4
23637,0
23638,0
23639,0
23640,0
23641,4
23642,0
23643,0
23644,0
23645,2
23646,0
23647,-4
23648,0
23649,0
23650,4
23651,0
23652,0
23653,6
23654,0
23655,4
23656,-4
23657,0
23658,0
23659,-6
23660,2
23661,0
23662,0
23663,6
23664,2
23665,2
23666,-6
23667,0
23668,0
23669,0
23670,-8
23671,4
23672,0
23673,6
23674,0
23675,0
23676,4
23677,2
23678,0
23679,0
23680,6
23681,0
23682,0
23683,0
23684,0
23685,0
23686,0
23687,0
23688,0
23689,2
23690,-4
23691,-4
23692,0
23693,-4
23694,0
23695,0
23696,-4
23697,0
23698,-4
23699,2
23700,0
23701,-4
23702,0
23703,4
23704,-4
23705,6
23706,0
23707,0
23708,-4
23709,4
23710,-4
23711,-4
23712,0
23713,-4
23714,0
23715,-4
23716,-4
23717,-4
23718,0
23719,0
23720,0
23721,-4
23722,0
23723,0
23724,0
23725,-4
23726,-4
23727,-4
23728,-6
23729,2
23730,-4
23731,0
23732,-4
23733,0
23734,0
23735,-14
23736,-4
23737,-4
23738,0
23739,0
23740,4
23741,2
23742,2
23743,0
23744,0
23745,0
23746,0
23747,0
23748,0
23749,0
23750,2
23751,0
23752,0
23753,2
23754,0
23755,-4
23756,6
23757,4
23758,6
23759,0
23760,0
23761,0
23762,2
23763,0
23764,4
23765,0
23766,2
23767,-4
23768,0
23769,-8
23770,2
23771,0
23772,-4
23773,0
23774,4
23775,2
23776,0
23777,0
23778,0
23779,0
23780,0
23781,4
23782,0
23783,0
23784,0
23785,-8
23786,0
23787,0
23788,0
23789,0
23790,0
23791,0
23792,-4
23793,0
23794,0
23795,-4
23796,0
23797,-4
23798,0
23799,-4
23800,0
23801,-4
23802,0
23803,46
23804,0
23805,-6
23806,10
23807,0
23808,-4
23809,0
23810,0
23811,0
23812,-4
23813,-14
23814,-4
23815,-4
23816,0
23817,6
23818,-4
23819,-22
23820,0
23821,-4
23822,0
23823,0
23824,2
23825,-4
23826,-4
23827,-4
23828,0
23829,0
23830,0
23831,-4
23832,-4
23833,-10
23834,0
23835,0
23836,-4
23837,0
23838,2
23839,-4
23840,2
23841,0
23842,0
23843,0
23844,-4
23845,2
23846,0
23847,0
23848,0
23849,0
23850,4
23851,0
23852,4
23853,-8
23854,4
23855,2
23856,0
23857,2
23858,-4
23859,2
23860,4
23861,6
23862,2
23863,0
23864,0
23865,0
23866,2
23867,2
23868,0
23869,0
23870,0
23871,0
23872,0
23873,0
23874,2
23875,10
23876,6
23877,6
23878,0
23879,-4
23880,0
23881,6
23882,0
23883,2
23884,0
23885,-6
23886,0
23887,0
23888,0
23889,0
23890,0
23891,-4
23892,-14
23893,-4
23894,0
23895,2
23896,0
23897,0
23898,2
23899,-8
23900,2
23901,0
23902,-4
23903,-4
23904,-4
23905,-4
23906,-4
23907,-2
23908,-4
23909,-4
23910,0
23911,-10
23912,-4
23913,-4
23914,-4
23915,0
23916,-4
23917,-4
23918,-4
23919,-4
23920,-4
23921,-14
23922,0
23923,0
23924,10
23925,-4
23926,0
23927,6
23928,-4
23929,-4
23930,0
23931,0
23932,-4
23933,0
23934,0
23935,0
23936,-4
23937,0
23938,-4
23939,0
23940,6
23941,0
23942,0
23943,0
23944,0
23945,4
23946,0
23947,10
23948,0
23949,0
23950,0
23951,4
23952,4
23953,0
23954,4
23955,0
23956,0
23957,10
23958,0
23959,0
23960,0
23961,0
23962,0
23963,0
23964,0
23965,6
23966,0
23967,0
23968,0
23969,4
23970,4
23971,0
23972,2
23973,0
23974,-22
23975,6
23976,-4
23977,-6
23978,-4
23979,2
23980,6
23981,0
23982,0
23983,-4
23984,2
23985,0
23986,0
23987,6
23988,0
23989,0
23990,2
23991,0
23992,0
23993,0
23994,2
23995,0
23996,2
23997,0
23998,0
23999,0
24000,0
24001,0
24002,-4
24003,-4
24004,-2
24005,0
24006,0
24007,2
24008,-4
24009,-4
24010,-4
24011,-4
24012,-4
24013,-4
24014,-6
24015,-6
24016,-4
24017,0
24018,18
24019,0
24020,-6
24021,0
24022,-4
24023,-4
24024,0
24025,-4
24026,0
24027,0
24028,0
24029,-4
24030,0
24031,0
24032,-4
24033,0
24034,6
24035,0
24036,0
24037,0
24038,0
24039,-4
24040,0
24041,6
24042,0
24043,0
24044,-4
24045,0
24046,0
24047,-4
24048,0
24049,0
24050,0
24051,6
24052,0
24053,4
24054,2
24055,0
24056,0
24057,6
24058,0
24059,2
24060,2
24061,4
24062,-10
24063,0
24064,10
24065,0
24066,-12
24067,0
24068,4
24069,0
24070,-8
24071,4
24072,-4
24073,-10
24074,0
24075,2
24076,0
24077,0
24078,0
24079,0
24080,-4
24081,0
24082,0
24083,0
24084,0
24085,0
24086,0
24087,0
24088,-4
24089,0
24090,-4
24091,0
24092,0
24093,0
24094,0
24095,0
24096,-4
24097,0
24098,0
24099,-4
24100,-4
24101,0
24102,-4
24103,0
24104,-4
24105,-2
24106,0
24107,-2
24108,-4
24109,-4
24110,-4
24111,0
24112,-18
24113,-6
24114,0
24115,-4
24116,-14
24117,-4
24118,-4
24119,0
24120,-4
24121,0
24122,-4
24123,0
24124,-4
24125,-4
24126,0
24127,-4
24128,-4
24129,14
24130,2
24131,-4
24132,-14
24133,-4
24134,-4
24135,-4
24136,0
24137,0
24138,0
24139,-4
24140,-4
24141,0
24142,0
24143,0
24144,-8
24145,0
24146,0
24147,0
24148,0
24149,2
24150,0
24151,0
24152,0
24153,0
24154,-4
24155,2
24156,0
24157,0
24158,0
24159,0
24160,0
24161,4
24162,0
24163,2
24164,2
24165,2
24166,0
24167,0
24168,0
24169,-4
24170,0
24171,0
24172,-8
24173,0
24174,2
24175,-4
24176,2
24177,0
24178,0
24179,-10
24180,0
24181,0
24182,0
24183,0
24184,2
24185,0
24186,0
24187,0
24188,0
24189,2
24190,0
24191,0
24192,0
24193,0
24194,0
24195,0
24196,6
24197,0
24198,0
24199,-4
24200,0
24201,0
24202,0
24203,0
24204,-4
24205,-4
24206,-4
24207,-4
24208,0
24209,-4
24210,-4
24211,0
24212,0
24213,-6
24214,-4
24215,-4
24216,-4
24217,-8
24218,0
24219,-24
24220,-4
24221,-4
24222,0
24223,-4
24224,0
24225,-4
24226,0
24227,-6
24228,-4
24229,0
24230,0
24231,-14
24232,0
24233,-4
24234,-4
24235,0
24236,-4
24237,0
24238,0
24239,0
24240,0
24241,0
24242,0
24243,-4
24244,0
24245,4
24246,0
24247,0
24248,2
24249,0
24250,0
24251,0
24252,0
24253,0
24254,0
24255,0
24256,2
24257,0
24258,0
24259,0
24260,2
24261,0
24262,0
24263,10
24264,-4
24265,-4
24266,0
24267,16
24268,0
24269,-14
24270,-4
24271,2
24272,-22
24273,0
24274,0
24275,10
24276,-4
24277,0
24278,-4
24279,0
24280,0
24281,2
24282,-4
24283,0
24284,0
24285,-4
24286,0
24287,0
24288,0
24289,0
24290,4
24291,0
24292,-4
24293,0
24294,2
24295,-4
24296,0
24297,0
24298,0
24299,0
24300,2
24301,-4
24302,0
24303,0
24304,0
24305,-4
24306,-4
24307,0
24308,0
24309,0
24310,0
24311,0
24312,0
24313,4
24314,-4
24315,-4
24316,-4
24317,0
24318,0
24319,-4
24320,0
24321,0
24322,0
24323,0
24324,4
24325,0
24326,0
24327,4
24328,0
24329,2
24330,-4
24331,2
24332,0
24333,-14
24334,0
24335,2
24336,10
24337,2
24338,10
24339,0
24340,0
24341,0
24342,0
24343,0
24344,2
24345,0
24346,-4
24347,2
24348,0
24349,2
24350,4
24351,-4
24352,0
24353,0
24354,2
24355,0
24356,0
24357,0
24358,2
24359,6
24360,-10
24361,2
24362,2
24363,2
24364,0
24365,0
24366,0
24367,0
24368,0
24369,0
24370,-4
24371,-14
24372,0
24373,0
24374,-6
24375,0
24376,0
24377,-4
24378,-6
24379,0
24380,-4
24381,-18
24382,0
24383,-8
24384,0
24385,0
24386,-6
24387,2
24388,-4
24389,-4
24390,-4
24391,0
24392,-8
24393,-6
24394,6
24395,0
24396,2
24397,0
24398,-4
24399,0
24400,-4
24401,-4
24402,18
24403,-4
24404,-6
24405,-4
24406,-4
24407,-6
24408,-4
24409,0
24410,-4
24411,0
24412,-4
24413,-8
24414,-4
24415,-4
24416,-4
24417,-4
24418,0
24419,0
24420,-4
24421,-4
24422,0
24423,6
24424,0
24425,0
24426,0
24427,0
24428,0
24429,-4
24430,4
24431,2
24432,-4
24433,0
24434,0
24435,4
24436,0
24437,0
24438,0
24439,0
24440,0
24441,0
24442,0
24443,0
24444,0
24445,0
24446,0
24447,0
24448,-4
24449,2
24450,-14
24451,2
24452,2
24453,0
24454,2
24455,2
24456,4
24457,0
24458,6
24459,2
24460,4
24461,-4
24462,2
24463,0
24464,6
24465,-8
24466,4
24467,0
24468,0
24469,0
24470,6
24471,0
24472,0
24473,6
24474,6
24475,6
24476,0
24477,14
24478,0
24479,0
24480,6
24481,-4
24482,-4
24483,-22
24484,0
24485,-4
24486,14
24487,0
24488,-4
24489,-4
24490,0
24491,-4
24492,-6
24493,2
24494,2
24495,-4
24496,-4
24497,-4
24498,-4
24499,-4
24500,0
24501,-6
24502,-4
24503,-4
24504,-4
24505,-4
24506,-4
24507,0
24508,-10
24509,-4
24510,-20
24511,-4
24512,-6
24513,-4
24514,-4
24515,-8
24516,-4
24517,-4
24518,-8
24519,-4
24520,-22
24521,-4
24522,-4
24523,-16
24524,-6
24525,-6
24526,-4
24527,-4
24528,-4
24529,-4
24530,-4
24531,-4
24532,-14
24533,-6
24534,-4
24535,-4
24536,-4
24537,-4
24538,-4
24539,-4
24540,-8
24541,-4
24542,-6
24543,-4
24544,-4
24545,-4
24546,-4
24547,-4
24548,10
24549,-6
24550,-4
24551,-4
24552,-4
24553,0
24554,-4
24555,-4
24556,-4
24557,-4
24558,-2
24559,-4
24560,-4
24561,-4
24562,-8
24563,0
24564,0
24565,-4
24566,0
24567,-4
24568,-4
24569,0
24570,0
24571,0
24572,4
24573,-24
24574,-4
24575,0
24576,-6
24577,0
24578,0
24579,0
24580,0
24581,0
24582,0
24583,0
24584,0
24585,0
24586,2
24587,4
24588,2
24589,6
24590,4
24591,6
24592,0
24593,4
24594,4
24595,4
24596,-4
24597,0
24598,0
24599,0
24600,-4
24601,-4
24602,2
24603,-4
24604,-4
24605,0
24606,0
24607,-6
24608,-4
24609,-4
24610,-4
24611,-6
24612,-4
24613,-4
24614,0
24615,-4
24616,-22
24617,-4
24618,-4
24619,-4
24620,-4
24621,0
24622,2
24623,0
24624,-2
24625,-8
24626,0
24627,-4
24628,0
24629,-4
24630,2
24631,0
24632,0
24633,0
24634,0
24635,0
24636,0
24637,0
24638,0
24639,2
24640,6
24641,6
24642,2
24643,6
24644,4
24645,0
24646,4
24647,6
24648,4
24649,2
24650,2
24651,6
24652,4
24653,4
24654,6
24655,0
24656,6
24657,2
24658,6
24659,6
24660,2
24661,6
24662,-8
24663,6
24664,2
24665,0
24666,4
24667,6
24668,6
24669,2
24670,6
24671,6
24672,4
24673,0
24674,4
24675,10
24676,6
24677,6
24678,-4
24679,0
24680,4
24681,6
24682,-14
24683,4
24684,0
24685,4
24686,0
24687,2
24688,0
24689,2
24690,0
24691,4
24692,4
24693,0
24694,0
24695,0
24696,4
24697,4
24698,0
24699,2
24700,0
24701,0
24702,-6
24703,-4
24704,0
24705,-4
24706,0
24707,0
24708,-4
24709,0
24710,0
24711,2
24712,10
24713,-4
24714,0
24715,0
24716,0
24717,0
24718,0
24719,-4
24720,0
24721,2
24722,0
24723,-4
24724,0
24725,0
24726,0
24727,6
24728,0
24729,2
24730,0
24731,0
24732,0
24733,-6
24734,4
24735,2
24736,0
24737,4
24738,0
24739,-4
24740,6
24741,6
24742,0
24743,0
24744,6
24745,0
24746,2
24747,0
24748,-4
24749,2
24750,0
24751,6
24752,6
24753,2
24754,6
24755,6
24756,2
24757,6
24758,4
24759,2
24760,2
24761,4
24762,4
24763,6
24764,6
24765,2
24766,6
24767,4
24768,4
24769,0
24770,4
24771,6
24772,0
24773,4
24774,14
24775,2
24776,4
24777,10
24778,4
24779,4
24780,6
24781,6
24782,4
24783,6
24784,0
24785,4
24786,4
24787,2
24788,0
24789,0
24790,2
24791,-6
24792,0
24793,0
24794,2
24795,-4
24796,0
24797,0
24798,0
24799,2
24800,0
24801,0
24802,0
24803,-4
24804,0
24805,-6
24806,-6
24807,-12
24808,0
24809,-4
24810,0
24811,0
24812,0
24813,-4
24814,0
24815,-4
24816,0
24817,0
24818,0
24819,-4
24820,-4
24821,0
24822,2
24823,0
24824,-4
24825,-4
24826,-4
24827,0
24828,0
24829,2
24830,-16
24831,2
24832,0
24833,0
24834,0
24835,0
24836,0
24837,0
24838,0
24839,2
24840,2
24841,0
24842,0
24843,6
24844,4
24845,2
24846,10
24847,0
24848,4
24849,4
24850,0
24851,0
24852,6
24853,0
24854,2
24855,-6
24856,0
24857,-6
24858,4
24859,0
24860,4
24861,4
24862,2
24863,-12
24864,2
24865,2
24866,4
24867,2
24868,-4
24869,4
24870,2
24871,0
24872,0
24873,0
24874,2
24875,2
24876,4
24877,10
24878,0
24879,0
24880,0
24881,2
24882,-4
24883,-12
24884,6
24885,0
24886,4
24887,0
24888,2
24889,0
24890,-4
24891,-4
24892,2
24893,0
24894,-4
24895,0
24896,0
24897,-4
24898,0
24899,0
24900,-4
24901,-4
24902,0
24903,0
24904,-4
24905,30
24906,0
24907,-14
24908,0
24909,-4
24910,-6
24911,0
24912,-4
24913,2
24914,0
24915,-4
24916,-4
24917,-4
24918,-12
24919,-4
24920,6
24921,0
24922,0
24923,6
24924,-4
24925,-2
24926,-12
24927,0
24928,0
24929,-4
24930,0
24931,-4
24932,0
24933,2
24934,0
24935,2
24936,0
24937,-4
24938,0
24939,0
24940,0
24941,2
24942,0
24943,6
24944,0
24945,0
24946,-14
24947,4
24948,0
24949,2
24950,6
24951,0
24952,0
24953,4
24954,0
24955,0
24956,0
24957,2
24958,2
24959,-4
24960,0
24961,6
24962,2
24963,2
24964,6
24965,-4
24966,2
24967,2
24968,0
24969,0
24970,0
24971,2
24972,0
24973,16
24974,2
24975,0
24976,0
24977,6
24978,-4
24979,6
24980,0
24981,0
24982,4
24983,0
24984,6
24985,0
24986,2
24987,18
24988,-4
24989,4
24990,0
24991,0
24992,0
24993,0
24994,0
24995,-14
24996,0
24997,2
24998,-4
24999,0
25000,0
25001,-4
25002,-4
25003,0
25004,0
25005,-4
25006,0
25007,-4
25008,0
25009,-6
25010,-6
25011,-2
25012,-4
25013,-4
25014,-4
25015,0
25016,-4
25017,0
25018,-4
25019,0
25020,-4
25021,-4
25022,-4
25023,0
25024,-4
25025,-4
25026,0
25027,-4
25028,-6
25029,0
25030,-4
25031,0
25032,-4
25033,-4
25034,0
25035,-4
25036,0
25037,-4
25038,0
25039,0
25040,-4
25041,2
25042,2
25043,4
25044,0
25045,0
25046,0
25047,0
25048,0
25049,-4
25050,2
25051,0
25052,0
25053,2
25054,0
25055,0
25056,2
25057,0
25058,0
25059,2
25060,0
25061,6
25062,0
25063,0
25064,2
25065,2
25066,0
25067,-4
25068,0
25069,0
25070,0
25071,2
25072,10
25073,-4
25074,0
25075,6
25076,0
25077,0
25078,0
25079,0
25080,2
25081,0
25082,-4
25083,-4
25084,-4
25085,0
25086,0
25087,-4
25088,0
25089,0
25090,0
25091,0
25092,-12
25093,-4
25094,0
25095,2
25096,-4
25097,-4
25098,-4
25099,-2
25100,0
25101,0
25102,-4
25103,-4
25104,0
25105,-4
25106,-4
25107,0
25108,-4
25109,10
25110,0
25111,-4
25112,-4
25113,-4
25114,-4
25115,0
25116,-4
25117,-6
25118,0
25119,4
25120,-4
25121,-8
25122,-4
25123,-4
25124,-4
25125,0
25126,-4
25127,0
25128,2
25129,-4
25130,0
25131,14
25132,0
25133,-8
25134,0
25135,0
25136,-4
25137,0
25138,0
25139,0
25140,0
25141,0
25142,2
25143,0
25144,-4
25145,0
25146,0
25147,0
25148,0
25149,0
25150,6
25151,0
25152,2
25153,0
25154,0
25155,0
25156,4
25157,0
25158,6
25159,0
25160,2
25161,0
25162,-6
25163,2
25164,10
25165,2
25166,0
25167,-4
25168,0
25169,0
25170,0
25171,-4
25172,0
25173,0
25174,0
25175,-8
25176,0
25177,-4
25178,2
25179,0
25180,0
25181,6
25182,0
25183,-4
25184,0
25185,0
25186,-4
25187,-4
25188,0
25189,0
25190,0
25191,0
25192,-8
25193,-4
25194,-10
25195,0
25196,0
25197,-4
25198,-4
25199,0
25200,2
25201,0
25202,0
25203,-4
25204,0
25205,0
25206,-2
25207,0
25208,0
25209,0
25210,0
25211,0
25212,-4
25213,-4
25214,-8
25215,0
25216,-4
25217,14
25218,-4
25219,-4
25220,-4
25221,-22
25222,-4
25223,-4
25224,-24
25225,-4
25226,-4
25227,2
25228,0
25229,-4
25230,2
25231,0
25232,0
25233,0
25234,0
25235,-4
25236,4
25237,2
25238,-4
25239,6
25240,0
25241,-8
25242,-4
25243,6
25244,-4
25245,0
25246,0
25247,-2
25248,0
25249,0
25250,0
25251,0
25252,0
25253,0
25254,2
25255,2
25256,0
25257,0
25258,16
25259,0
25260,0
25261,0
25262,6
25263,2
25264,0
25265,2
25266,0
25267,4
25268,-4
25269,0
25270,0
25271,-4
25272,0
25273,0
25274,10
25275,4
25276,2
25277,-4
25278,0
25279,4
25280,-4
25281,16
25282,0
25283,-4
25284,0
25285,6
25286,-4
25287,0
25288,-4
25289,0
25290,0
25291,0
25292,-4
25293,-16
25294,-6
25295,-4
25296,0
25297,0
25298,0
25299,2
25300,-4
25301,0
25302,0
25303,-4
25304,-4
25305,-4
25306,0
25307,-4
25308,-22
25309,-4
25310,-4
25311,-4
25312,-10
25313,-4
25314,-4
25315,4
25316,-4
25317,-4
25318,-4
25319,-4
25320,-4
25321,-4
25322,-4
25323,0
25324,-4
25325,-4
25326,-14
25327,-4
25328,-4
25329,-10
25330,0
25331,-4
25332,-4
25333,0
25334,-4
25335,0
25336,0
25337,0
25338,0
25339,0
25340,-4
25341,0
25342,0
25343,0
25344,2
25345,-4
25346,-4
25347,0
25348,0
25349,0
25350,0
25351,2
25352,4
25353,0
25354,0
25355,0
25356,0
25357,2
25358,2
25359,0
25360,4
25361,0
25362,0
25363,6
25364,0
25365,0
25366,4
25367,2
25368,0
25369,2
25370,-6
25371,2
25372,0
25373,6
25374,0
25375,2
25376,2
25377,10
25378,0
25379,-4
25380,-6
25381,2
25382,-4
25383,6
25384,0
25385,-18
25386,0
25387,-4
25388,0
25389,2
25390,-12
25391,0
25392,0
25393,-14
25394,4
25395,0
25396,0
25397,0
25398,-4
25399,0
25400,0
25401,0
25402,0
25403,0
25404,-4
25405,-4
25406,0
25407,-4
25408,-4
25409,-4
25410,-4
25411,-4
25412,0
25413,4
25414,-4
25415,0
25416,-4
25417,0
25418,-6
25419,-4
25420,0
25421,-2
25422,0
25423,0
25424,-4
25425,-4
25426,-4
25427,-4
25428,-22
25429,0
25430,0
25431,0
25432,0
25433,0
25434,10
25435,0
25436,2
25437,0
25438,-4
25439,0
25440,2
25441,-4
25442,0
25443,-4
25444,-4
25445,0
25446,0
25447,0
25448,0
25449,0
25450,0
25451,0
25452,2
25453,0
25454,0
25455,0
25456,0
25457,4
25458,0
25459,0
25460,0
25461,0
25462,0
25463,0
25464,0
25465,2
25466,4
25467,0
25468,2
25469,0
25470,0
25471,4
25472,6
25473,0
25474,6
25475,0
25476,-14
25477,-4
25478,0
25479,-4
25480,0
25481,0
25482,-4
25483,0
25484,2
25485,0
25486,-4
25487,0
25488,0
25489,0
25490,0
25491,0
25492,0
25493,0
25494,0
25495,-4
25496,0
25497,0
25498,0
25499,0
25500,-4
25501,-4
25502,0
25503,-4
25504,0
25505,-4
25506,0
25507,0
25508,-4
25509,-4
25510,0
25511,-4
25512,-4
25513,-4
25514,-4
25515,-4
25516,-8
25517,-4
25518,-4
25519,-4
25520,0
25521,-4
25522,0
25523,-4
25524,-4
25525,-4
25526,-4
25527,-8
25528,0
25529,0
25530,0
25531,6
25532,0
25533,0
25534,0
25535,0
25536,0
25537,0
25538,0
25539,0
25540,0
25541,-4
25542,0
25543,0
25544,0
25545,0
25546,0
25547,0
25548,0
25549,0
25550,4
25551,0
25552,2
25553,0
25554,0
25555,4
25556,2
25557,4
25558,0
25559,0
25560,0
25561,0
25562,0
25563,0
25564,0
25565,0
25566,-8
25567,2
25568,0
25569,-4
25570,0
25571,0
25572,-4
25573,0
25574,0
25575,6
25576,0
25577,0
25578,2
25579,-6
25580,0
25581,0
25582,4
25583,0
25584,4
25585,0
25586,-10
25587,0
25588,0
25589,0
25590,0
25591,0
25592,0
25593,0
25594,0
25595,0
25596,0
25597,0
25598,0
25599,-4
25600,0
25601,0
25602,0
25603,0
25604,0
25605,-22
25606,-4
25607,-4
25608,-4
25609,0
25610,-4
25611,-4
25612,0
25613,-4
25614,0
25615,0
25616,0
25617,-4
25618,0
25619,-2
25620,-20
25621,-4
25622,-4
25623,-4
25624,0
25625,0
25626,-4
25627,-4
25628,0
25629,0
25630,0
25631,-4
25632,-8
25633,-4
25634,10
25635,0
25636,0
25637,0
25638,0
25639,-4
25640,0
25641,-4
25642,0
25643,-4
25644,0
25645,0
25646,-4
25647,0
25648,0
25649,0
25650,0
25651,2
25652,0
25653,0
25654,0
25655,0
25656,6
25657,0
25658,-4
25659,0
25660,10
25661,0
25662,0
25663,0
25664,6
25665,0
25666,0
25667,-12
25668,4
25669,0
25670,0
25671,0
25672,2
25673,0
25674,0
25675,0
25676,0
25677,0
25678,0
25679,-4
25680,0
25681,-4
25682,0
25683,6
25684,0
25685,-6
25686,0
25687,0
25688,0
25689,-2
25690,0
25691,0
25692,0
25693,-4
25694,0
25695,-6
25696,0
25697,0
25698,0
25699,-4
25700,0
25701,-4
25702,-4
25703,-4
25704,-4
25705,-4
25706,0
25707,0
25708,0
25709,0
25710,-4
25711,-4
25712,0
25713,-4
25714,0
25715,-4
25716,-4
25717,0
25718,0
25719,0
25720,-4
25721,0
25722,-2
25723,-6
25724,18
25725,-4
25726,-4
25727,6
25728,-4
25729,0
25730,0
25731,0
25732,0
25733,0
25734,0
25735,-12
25736,-4
25737,0
25738,0
25739,0
25740,-4
25741,0
25742,-4
25743,0
25744,-4
25745,2
25746,2
25747,6
25748,0
25749,0
25750,2
25751,2
25752,0
25753,2
25754,0
25755,2
25756,10
25757,6
25758,4
25759,4
25760,0
25761,4
25762,2
25763,0
25764,10
25765,2
25766,0
25767,4
25768,2
25769,0
25770,2
25771,2
25772,0
25773,0
25774,4
25775,0
25776,0
25777,10
25778,0
25779,0
25780,0
25781,0
25782,6
25783,0
25784,0
25785,2
25786,-4
25787,-4
25788,0
25789,0
25790,0
25791,0
25792,0
25793,0
25794,0
25795,-4
25796,0
25797,0
25798,0
25799,-4
25800,-4
25801,4
25802,0
25803,-4
25804,0
25805,-4
25806,-4
25807,0
25808,-4
25809,-6
25810,-4
25811,-4
25812,0
25813,-4
25814,-4
25815,2
25816,-2
25817,-4
25818,-4
25819,18
25820,-4
25821,6
25822,0
25823,-4
25824,-4
25825,0
25826,-4
25827,-10
25828,-4
25829,0
25830,-4
25831,-20
25832,0
25833,0
25834,0
25835,-4
25836,0
25837,0
25838,0
25839,0
25840,0
25841,0
25842,6
25843,2
25844,0
25845,-10
25846,0
25847,0
25848,0
25849,0
25850,0
25851,0
25852,0
25853,4
25854,0
25855,0
25856,4
25857,0
25858,6
25859,0
25860,0
25861,6
25862,0
25863,0
25864,4
25865,2
25866,6
25867,2
25868,0
25869,6
25870,2
25871,2
25872,6
25873,6
25874,0
25875,2
25876,0
25877,0
25878,6
25879,4
25880,0
25881,0
25882,0
25883,0
25884,-4
25885,0
25886,0
25887,0
25888,0
25889,0
25890,4
25891,0
25892,2
25893,6
25894,-4
25895,0
25896,0
25897,0
25898,0
25899,0
25900,-4
25901,0
25902,0
25903,-4
25904,-4
25905,0
25906,0
25907,-4
25908,0
25909,-4
25910,0
25911,-2
25912,0
25913,-4
25914,-4
25915,-6
25916,0
25917,-4
25918,-4
25919,0
25920,-4
25921,0
25922,-8
25923,-4
25924,-4
25925,-4
25926,0
25927,-4
25928,0
25929,0
25930,0
25931,2
25932,0
25933,0
25934,-4
25935,-4
25936,2
25937,-4
25938,-4
25939,0
25940,0
25941,0
25942,0
25943,2
25944,2
25945,0
25946,0
25947,0
25948,6
25949,4
25950,0
25951,0
25952,0
25953,0
25954,0
25955,0
25956,2
25957,0
25958,4
25959,2
25960,4
25961,0
25962,6
25963,2
25964,4
25965,0
25966,4
25967,2
25968,0
25969,0
25970,0
25971,0
25972,10
25973,0
25974,4
25975,2
25976,6
25977,0
25978,-4
25979,0
25980,0
25981,0
25982,-4
25983,0
25984,-4
25985,0
25986,0
25987,0
25988,-4
25989,-4
25990,0
25991,0
25992,0
25993,0
25994,-4
25995,-4
25996,0
25997,-4
25998,0
25999,6
26000,-4
26001,-4
26002,-4
26003,-4
26004,-4
26005,-4
26006,-4
26007,0
26008,-10
26009,0
26010,-4
26011,0
26012,-4
26013,0
26014,0
26015,-4
26016,-6
26017,-4
26018,-6
26019,0
26020,-4
26021,0
26022,0
26023,-4
26024,-4
26025,-4
26026,-4
26027,-4
26028,-4
26029,0
26030,0
26031,-4
26032,0
26033,-4
26034,2
26035,-4
26036,0
26037,0
26038,0
26039,0
26040,-4
26041,0
26042,0
26043,0
26044,0
26045,0
26046,0
26047,0
26048,-12
26049,0
26050,0
26051,0
26052,4
26053,6
26054,2
26055,-4
26056,2
26057,0
26058,-6
26059,0
26060,2
26061,-4
26062,0
26063,0
26064,2
26065,4
26066,0
26067,-4
26068,2
26069,10
26070,0
26071,-6
26072,2
26073,4
26074,6
26075,0
26076,0
26077,4
26078,-4
26079,6
26080,-4
26081,-4
26082,-4
26083,0
26084,0
26085,0
26086,0
26087,2
26088,0
26089,0
26090,0
26091,4
26092,0
26093,2
26094,0
26095,0
26096,0
26097,0
26098,-4
26099,0
26100,0
26101,0
26102,0
26103,0
26104,0
26105,-4
26106,-4
26107,-4
26108,0
26109,0
26110,0
26111,0
26112,-4
26113,0
26114,-4
26115,-6
26116,-4
26117,2
26118,0
26119,0
26120,0
26121,-4
26122,0
26123,0
26124,0
26125,-4
26126,4
26127,-4
26128,-4
26129,0
26130,12
26131,0
26132,0
26133,-12
26134,0
26135,0
26136,0
26137,0
26138,0
26139,0
26140,-4
26141,4
26142,0
26143,0
26144,0
26145,14
26146,4
26147,0
26148,0
26149,0
26150,6
26151,0
26152,0
26153,0
26154,0
26155,6
26156,4
26157,0
26158,0
26159,0
26160,0
26161,2
26162,0
26163,0
26164,4
26165,0
26166,0
26167,-14
26168,0
26169,0
26170,2
26171,-4
26172,0
26173,0
26174,10
26175,0
26176,6
26177,-4
26178,0
26179,4
26180,0
26181,-18
26182,-4
26183,-4
26184,0
26185,4
26186,0
26187,0
26188,0
26189,0
26190,0
26191,-4
26192,-4
26193,0
26194,0
26195,0
26196,0
26197,0
26198,0
26199,-4
26200,-4
26201,0
26202,0
26203,-4
26204,0
26205,-8
26206,-4
26207,0
26208,0
26209,-4
26210,-4
26211,-4
26212,-4
26213,-4
26214,-4
26215,-4
26216,0
26217,-2
26218,-4
26219,-4
26220,0
26221,-4
26222,-4
26223,-4
26224,0
26225,-4
26226,-6
26227,-4
26228,0
26229,6
26230,-4
26231,-4
26232,0
26233,-4
26234,0
26235,-4
26236,0
26237,-4
26238,0
26239,0
26240,0
26241,0
26242,0
26243,-4
26244,0
26245,-4
26246,0
26247,0
26248,0
26249,0
26250,0
26251,0
26252,2
26253,0
26254,4
26255,6
26256,0
26257,0
26258,0
26259,2
26260,2
26261,0
26262,0
26263,0
26264,2
26265,2
26266,0
26267,0
26268,4
26269,0
26270,-8
26271,0
26272,4
26273,2
26274,2
26275,-4
26276,6
26277,0
26278,0
26279,0
26280,-4
26281,0
26282,0
26283,10
26284,4
26285,-8
26286,0
26287,0
26288,0
26289,0
26290,0
26291,0
26292,-4
26293,4
26294,0
26295,-2
26296,-6
26297,0
26298,-4
26299,-4
26300,-4
26301,0
26302,-4
26303,-4
26304,-4
26305,0
26306,-4
26307,-4
26308,-4
26309,-4
26310,-4
26311,-4
26312,0
26313,-4
26314,-6
26315,0
26316,0
26317,0
26318,6
26319,0
26320,0
26321,-4
26322,0
26323,0
26324,-6
26325,0
26326,-4
26327,0
26328,0
26329,-4
26330,0
26331,-4
26332,-4
26333,0
26334,10
26335,-4
26336,2
26337,0
26338,2
26339,0
26340,0
26341,0
26342,0
26343,0
26344,0
26345,0
26346,0
26347,0
26348,0
26349,0
26350,2
26351,2
26352,0
26353,10
26354,2
26355,2
26356,0
26357,0
26358,6
26359,-4
26360,-6
26361,-6
26362,0
26363,2
26364,6
26365,0
26366,0
26367,0
26368,2
26369,0
26370,2
26371,0
26372,4
26373,0
26374,2
26375,2
26376,6
26377,-4
26378,0
26379,6
26380,0
26381,0
26382,4
26383,-4
26384,0
26385,0
26386,0
26387,0
26388,0
26389,0
26390,0
26391,0
26392,0
26393,0
26394,-4
26395,0
26396,-6
26397,0
26398,0
26399,0
26400,0
26401,-4
26402,-4
26403,2
26404,0
26405,-4
26406,-4
26407,-4
26408,-4
26409,-4
26410,0
26411,0
26412,0
26413,0
26414,0
26415,0
26416,-4
26417,-4
26418,-4
26419,-4
26420,-4
26421,0
26422,-4
26423,10
26424,0
26425,-4
26426,0
26427,-4
26428,0
26429,4
26430,4
26431,0
26432,0
26433,0
26434,0
26435,2
26436,0
26437,0
26438,0
26439,0
26440,-4
26441,0
26442,2
26443,0
26444,0
26445,0
26446,0
26447,0
26448,0
26449,4
26450,2
26451,2
26452,6
26453,4
26454,0
26455,0
26456,0
26457,0
26458,0
26459,0
26460,0
26461,6
26462,0
26463,0
26464,4
26465,0
26466,0
26467,0
26468,0
26469,-4
26470,0
26471,0
26472,-6
26473,0
26474,0
26475,-6
26476,6
26477,0
26478,2
26479,-4
26480,4
26481,4
26482,2
26483,0
26484,0
26485,0
26486,-4
26487,0
26488,0
26489,2
26490,0
26491,0
26492,0
26493,0
26494,-4
26495,0
26496,6
26497,0
26498,0
26499,0
26500,-4
26501,-2
26502,0
26503,-4
26504,0
26505,-4
26506,0
26507,0
26508,0
26509,0
26510,-4
26511,-4
26512,-4
26513,-4
26514,-4
26515,-4
26516,-4
26517,-4
26518,-6
26519,-4
26520,4
26521,0
26522,0
26523,-6
26524,-4
26525,-4
26526,-4
26527,0
26528,0
26529,0
26530,0
26531,0
26532,-4
26533,2
26534,0
26535,0
26536,6
26537,0
26538,0
26539,0
26540,-4
26541,0
26542,2
26543,0
26544,0
26545,0
26546,0
26547,-4
26548,6
26549,0
26550,6
26551,2
26552,0
26553,0
26554,6
26555,0
26556,-4
26557,-10
26558,4
26559,0
26560,0
26561,0
26562,2
26563,0
26564,2
26565,10
26566,-4
26567,10
26568,0
26569,0
26570,0
26571,2
26572,2
26573,0
26574,-4
26575,2
26576,-4
26577,0
26578,0
26579,4
26580,0
26581,-6
26582,0
26583,2
26584,0
26585,0
26586,-4
26587,-14
26588,4
26589,-4
26590,0
26591,0
26592,-4
26593,-4
26594,-4
26595,-12
26596,0
26597,6
26598,10
26599,0
26600,0
26601,0
26602,0
26603,-4
26604,-4
26605,-4
26606,-4
26607,-4
26608,-4
26609,0
26610,-4
26611,-4
26612,-4
26613,-6
26614,-4
26615,-4
26616,6
26617,-6
26618,-4
26619,-4
26620,-4
26621,-4
26622,-4
26623,-4
26624,-2
26625,-4
26626,-8
26627,0
26628,-4
26629,4
26630,0
26631,-4
26632,0
26633,0
26634,0
26635,-4
26636,2
26637,0
26638,0
26639,0
26640,-4
26641,0
26642,0
26643,0
26644,4
26645,0
26646,-4
26647,0
26648,0
26649,2
26650,2
26651,2
26652,2
26653,0
26654,0
26655,2
26656,2
26657,6
26658,4
26659,6
26660,0
26661,0
26662,4
26663,-4
26664,4
26665,6
26666,2
26667,0
26668,0
26669,0
26670,0
26671,2
26672,0
26673,4
26674,0
26675,0
26676,0
26677,-4
26678,0
26679,0
26680,-4
26681,0
26682,2
26683,0
26684,0
26685,0
26686,0
26687,0
26688,0
26689,-4
26690,0
26691,0
26692,-4
26693,14
26694,2
26695,6
26696,0
26697,-8
26698,6
26699,0
26700,-4
26701,-4
26702,0
26703,-4
26704,-4
26705,-4
26706,0
26707,-4
26708,0
26709,-4
26710,0
26711,0
26712,0
26713,0
26714,-4
26715,-4
26716,-4
26717,-4
26718,0
26719,-4
26720,0
26721,0
26722,-4
26723,4
26724,-2
26725,-4
26726,-4
26727,-4
26728,-4
26729,-4
26730,0
26731,-4
26732,-4
26733,0
26734,-4
26735,0
26736,0
26737,-4
26738,0
26739,-4
26740,-10
26741,2
26742,4
26743,0
26744,0
26745,2
26746,0
26747,0
26748,0
26749,4
26750,0
26751,2
26752,2
26753,0
26754,4
26755,6
26756,2
26757,-4
26758,-4
26759,0
26760,0
26761,0
26762,4
26763,2
26764,2
26765,0
26766,0
26767,0
26768,-10
26769,2
26770,6
26771,0
26772,2
26773,20
26774,0
26775,0
26776,-4
26777,2
26778,0
26779,-4
26780,4
26781,0
26782,0
26783,-6
26784,0
26785,6
26786,0
26787,0
26788,0
26789,0
26790,2
26791,-4
26792,0
26793,-4
26794,0
26795,0
26796,0
26797,0
26798,0
26799,0
26800,0
26801,0
26802,2
26803,0
26804,0
26805,-4
26806,0
26807,0
26808,0
26809,0
26810,0
26811,0
26812,-4
26813,-14
26814,-4
26815,0
26816,-4
26817,-4
26818,-14
26819,0
26820,-4
26821,0
26822,-4
26823,0
26824,-4
26825,-4
26826,-4
26827,-4
26828,0
26829,-4
26830,-4
26831,4
26832,-4
26833,-4
26834,-6
26835,0
26836,0
26837,0
26838,2
26839,-6
26840,0
26841,0
26842,-4
26843,-4
26844,0
26845,0
26846,2
26847,4
26848,-4
26849,0
26850,0
26851,0
26852,0
26853,0
26854,2
26855,4
26856,4
26857,0
26858,0
26859,0
26860,0
26861,2
26862,0
26863,4
26864,-4
26865,0
26866,2
26867,0
26868,0
26869,0
26870,2
26871,4
26872,18
26873,0
26874,6
26875,-8
26876,2
26877,4
26878,0
26879,2
26880,0
26881,0
26882,-12
26883,-2
26884,-6
26885,0
26886,10
26887,2
26888,0
26889,0
26890,-4
26891,0
26892,-4
26893,0
26894,0
26895,0
26896,2
26897,-4
26898,0
26899,0
26900,-2
26901,-4
26902,-4
26903,-4
26904,-4
26905,0
26906,-4
26907,-4
26908,0
26909,-4
26910,-4
26911,-4
26912,-4
26913,-4
26914,-8
26915,-4
26916,-4
26917,0
26918,-4
26919,0
26920,-4
26921,0
26922,0
26923,0
26924,-4
26925,-4
26926,-4
26927,0
26928,0
26929,-4
26930,0
26931,-6
26932,0
26933,0
26934,0
26935,0
26936,0
26937,4
26938,2
26939,-6
26940,-4
26941,0
26942,0
26943,2
26944,0
26945,6
26946,0
26947,-4
26948,0
26949,0
26950,0
26951,0
26952,0
26953,0
26954,2
26955,2
26956,10
26957,0
26958,-8
26959,4
26960,0
26961,4
26962,0
26963,0
26964,2
26965,0
26966,0
26967,0
26968,2
26969,10
26970,0
26971,-4
26972,4
26973,0
26974,6
26975,0
26976,4
26977,6
26978,-4
26979,-4
26980,-4
26981,-4
26982,0
26983,-4
26984,0
26985,0
26986,0
26987,10
26988,-4
26989,2
26990,12
26991,0
26992,-14
26993,0
26994,0
26995,0
26996,6
26997,0
26998,0
26999,-4
27000,0
27001,-4
27002,-4
27003,0
27004,0
27005,-4
27006,-16
27007,-4
27008,-4
27009,-4
27010,-4
27011,0
27012,-4
27013,0
27014,2
27015,-4
27016,0
27017,0
27018,-4
27019,-22
27020,-4
27021,-20
27022,0
27023,0
27024,-4
27025,0
27026,0
27027,0
27028,-4
27029,0
27030,-4
27031,0
27032,-4
27033,6
27034,0
27035,-4
27036,0
27037,0
27038,0
27039,0
27040,0
27041,-8
27042,0
27043,0
27044,2
27045,0
27046,0
27047,0
27048,-4
27049,2
27050,-30
27051,4
27052,6
27053,2
27054,4
27055,-4
27056,0
27057,0
27058,0
27059,0
27060,10
27061,6
27062,0
27063,0
27064,2
27065,-4
27066,0
27067,10
27068,2
27069,0
27070,0
27071,0
27072,0
27073,4
27074,4
27075,4
27076,4
27077,0
27078,0
27079,0
27080,-6
27081,0
27082,0
27083,0
27084,0
27085,0
27086,2
27087,0
27088,-6
27089,6
27090,0
27091,0
27092,-4
27093,0
27094,0
27095,-4
27096,2
27097,0
27098,0
27099,0
27100,0
27101,-4
27102,0
27103,-4
27104,-4
27105,-4
27106,0
27107,0
27108,0
27109,-4
27110,-4
27111,-4
27112,-4
27113,0
27114,-4
27115,-4
27116,-4
27117,2
27118,0
27119,-4
27120,-6
27121,-4
27122,0
27123,6
27124,0
27125,0
27126,2
27127,-4
27128,-2
27129,6
27130,0
27131,0
27132,0
27133,0
27134,0
27135,0
27136,2
27137,0
27138,0
27139,0
27140,0
27141,4
27142,0
27143,-4
27144,0
27145,0
27146,-4
27147,0
27148,0
27149,0
27150,6
27151,2
27152,2
27153,-4
27154,0
27155,6
27156,2
27157,2
27158,0
27159,-4
27160,6
27161,-8
27162,0
27163,0
27164,0
27165,2
27166,0
27167,-4
27168,-4
27169,2
27170,2
27171,0
27172,0
27173,14
27174,2
27175,0
27176,0
27177,2
27178,4
27179,6
27180,6
27181,0
27182,0
27183,-4
27184,-4
27185,0
27186,0
27187,0
27188,0
27189,0
27190,0
27191,-4
27192,0
27193,-10
27194,2
27195,2
27196,-4
27197,-4
27198,0
27199,0
27200,-4
27201,0
27202,-4
27203,-4
27204,0
27205,-4
27206,-4
27207,0
27208,-4
27209,-4
27210,6
27211,4
27212,-4
27213,0
27214,-4
27215,-4
27216,0
27217,0
27218,0
27219,-4
27220,-14
27221,0
27222,-4
27223,-4
27224,-4
27225,0
27226,-4
27227,-4
27228,0
27229,0
27230,-4
27231,2
27232,-14
27233,0
27234,0
27235,-4
27236,18
27237,-4
27238,0
27239,0
27240,-4
27241,0
27242,0
27243,-4
27244,-4
27245,0
27246,0
27247,0
27248,0
27249,0
27250,6
27251,-20
27252,0
27253,0
27254,0
27255,0
27256,-4
27257,0
27258,0
27259,0
27260,0
27261,0
27262,0
27263,2
27264,2
27265,-10
27266,0
27267,0
27268,10
27269,2
27270,2
27271,0
27272,-4
27273,0
27274,0
27275,-4
27276,0
27277,2
27278,4
27279,0
27280,0
27281,4
27282,10
27283,0
27284,4
27285,0
27286,-10
27287,2
27288,0
27289,0
27290,2
27291,-4
27292,0
27293,0
27294,0
27295,0
27296,0
27297,-4
27298,0
27299,-4
27300,0
27301,-4
27302,0
27303,0
27304,2
27305,-4
27306,-4
27307,0
27308,-4
27309,-6
27310,-4
27311,0
27312,0
27313,-4
27314,-4
27315,0
27316,-4
27317,-4
27318,-4
27319,-4
27320,-4
27321,-4
27322,-4
27323,-4
27324,-4
27325,-4
27326,0
27327,0
27328,-2
27329,-4
27330,0
27331,-4
27332,0
27333,0
27334,0
27335,0
27336,0
27337,0
27338,0
27339,0
27340,0
27341,0
27342,0
27343,0
27344,0
27345,2
27346,0
27347,0
27348,-4
27349,2
27350,0
27351,0
27352,2
27353,0
27354,2
27355,0
27356,2
27357,0
27358,2
27359,0
27360,2
27361,-4
27362,4
27363,6
27364,0
27365,2
27366,0
27367,0
27368,0
27369,0
27370,2
27371,0
27372,0
27373,0
27374,0
27375,-6
27376,2
27377,4
27378,6
27379,0
27380,2
27381,0
27382,6
27383,0
27384,6
27385,0
27386,-4
27387,0
27388,0
27389,0
27390,-4
27391,2
27392,0
27393,-4
27394,10
27395,0
27396,0
27397,0
27398,0
27399,4
27400,-4
27401,0
27402,0
27403,-4
27404,-4
27405,0
27406,-4
27407,-4
27408,-4
27409,6
27410,-4
27411,-4
27412,0
27413,-4
27414,-4
27415,-4
27416,-2
27417,0
27418,-4
27419,-6
27420,-4
27421,2
27422,0
27423,-4
27424,0
27425,-4
27426,-4
27427,0
27428,-2
27429,-2
27430,0
27431,6
27432,0
27433,-4
27434,0
27435,-4
27436,0
27437,-4
27438,2
27439,14
27440,0
27441,0
27442,0
27443,-4
27444,0
27445,0
27446,2
27447,0
27448,0
27449,0
27450,2
27451,0
27452,0
27453,2
27454,2
27455,0
27456,0
27457,0
27458,-4
27459,0
27460,0
27461,0
27462,2
27463,0
27464,10
27465,-4
27466,-4
27467,0
27468,0
27469,18
27470,4
27471,6
27472,0
27473,4
27474,-12
27475,0
27476,2
27477,0
27478,-4
27479,0
27480,2
27481,-6
27482,0
27483,0
27484,-4
27485,0
27486,0
27487,-4
27488,0
27489,0
27490,0
27491,0
27492,0
27493,0
27494,0
27495,0
27496,0
27497,-4
27498,6
27499,6
27500,-4
27501,-4
27502,-4
27503,-4
27504,0
27505,-4
27506,0
27507,-2
27508,-6
27509,-4
27510,-4
27511,0
27512,0
27513,0
27514,-4
27515,-4
27516,0
27517,0
27518,0
27519,0
27520,-4
27521,0
27522,0
27523,-4
27524,-4
27525,2
27526,4
27527,0
27528,2
27529,0
27530,0
27531,0
27532,0
27533,-8
27534,0
27535,-12
27536,2
27537,0
27538,0
27539,0
27540,0
27541,0
27542,0
27543,-4
27544,0
27545,0
27546,12
27547,0
27548,0
27549,0
27550,0
27551,2
27552,0
27553,2
27554,0
27555,0
27556,4
27557,0
27558,-4
27559,0
27560,0
27561,2
27562,0
27563,2
27564,4
27565,4
27566,2
27567,2
27568,4
27569,0
27570,4
27571,6
27572,0
27573,0
27574,2
27575,4
27576,0
27577,6
27578,0
27579,2
27580,-6
27581,0
27582,2
27583,10
27584,0
27585,10
27586,0
27587,0
27588,0
27589,-14
27590,0
27591,4
27592,-18
27593,-4
27594,0
27595,0
27596,-4
27597,0
27598,0
27599,0
27600,-4
27601,0
27602,-4
27603,-4
27604,-4
27605,-4
27606,-4
27607,0
27608,0
27609,0
27610,-4
27611,-4
27612,-4
27613,-2
27614,-10
27615,-4
27616,-4
27617,4
27618,-4
27619,-4
27620,0
27621,-4
27622,0
27623,0
27624,0
27625,0
27626,-4
27627,2
27628,-4
27629,-4
27630,0
27631,0
27632,0
27633,0
27634,0
27635,0
27636,0
27637,0
27638,0
27639,0
27640,0
27641,-4
27642,0
27643,0
27644,12
27645,0
27646,0
27647,0
27648,0
27649,0
27650,2
27651,4
27652,0
27653,0
27654,2
27655,0
27656,2
27657,2
27658,0
27659,2
27660,0
27661,4
27662,4
27663,2
27664,6
27665,0
27666,-4
27667,6
27668,0
27669,0
27670,0
27671,4
27672,4
27673,6
27674,0
27675,2
27676,-4
27677,0
27678,0
27679,6
27680,2
27681,2
27682,0
27683,6
27684,0
27685,-4
27686,0
27687,0
27688,0
27689,14
27690,0
27691,0
27692,10
27693,0
27694,0
27695,0
27696,0
27697,-4
27698,-4
27699,0
27700,0
27701,0
27702,-4
27703,-4
27704,0
27705,-4
27706,0
27707,0
27708,-4
27709,-4
27710,0
27711,-4
27712,-4
27713,-4
27714,0
27715,-4
27716,6
27717,0
27718,0
27719,-4
27720,0
27721,-4
27722,4
27723,-4
27724,0
27725,-6
27726,0
27727,0
27728,0
27729,-4
27730,0
27731,0
27732,0
27733,0
27734,-4
27735,0
27736,0
27737,0
27738,0
27739,0
27740,-4
27741,2
27742,0
27743,2
27744,0
27745,0
27746,0
27747,2
27748,-4
27749,0
27750,2
27751,0
27752,0
27753,0
27754,6
27755,6
27756,0
27757,14
27758,-4
27759,0
27760,-4
27761,-6
27762,-4
27763,0
27764,0
27765,-4
27766,0
27767,0
27768,2
27769,0
27770,0
27771,-4
27772,6
27773,2
27774,4
27775,-8
27776,0
27777,4
27778,0
27779,0
27780,2
27781,0
27782,0
27783,-4
27784,2
27785,0
27786,0
27787,0
27788,-4
27789,-4
27790,0
27791,0
27792,-4
27793,2
27794,0
27795,-4
27796,0
27797,-4
27798,-4
27799,0
27800,-4
27801,0
27802,-4
27803,0
27804,0
27805,2
27806,0
27807,-6
27808,-4
27809,-4
27810,0
27811,-4
27812,-4
27813,0
27814,-4
27815,2
27816,0
27817,0
27818,-4
27819,-4
27820,-4
27821,-4
27822,-4
27823,0
27824,4
27825,-4
27826,-4
27827,-6
27828,-4
27829,-2
27830,4
27831,0
27832,-4
27833,0
27834,0
27835,-4
27836,0
27837,0
27838,0
27839,-4
27840,6
27841,-4
27842,2
27843,0
27844,0
27845,0
27846,-4
27847,-4
27848,-4
27849,2
27850,0
27851,2
27852,0
27853,0
27854,0
27855,10
27856,0
27857,-14
27858,6
27859,0
27860,-4
27861,2
27862,2
27863,0
27864,2
27865,0
27866,0
27867,4
27868,0
27869,0
27870,0
27871,-6
27872,4
27873,0
27874,2
27875,0
27876,2
27877,-4
27878,-4
27879,0
27880,0
27881,-6
27882,0
27883,0
27884,2
27885,0
27886,10
27887,0
27888,-4
27889,0
27890,0
27891,-4
27892,0
27893,6
27894,-4
27895,0
27896,6
27897,0
27898,0
27899,0
27900,-4
27901,0
27902,0
27903,-4
27904,-4
27905,-8
27906,-6
27907,-18
27908,-4
27909,0
27910,-4
27911,6
27912,0
27913,-4
27914,0
27915,-10
27916,-4
27917,-4
27918,-2
27919,-6
27920,-4
27921,10
27922,-4
27923,-4
27924,-4
27925,-4
27926,6
27927,-4
27928,0
27929,-6
27930,0
27931,-4
27932,0
27933,10
27934,0
27935,4
27936,0
27937,-4
27938,0
27939,0
27940,0
27941,0
27942,0
27943,0
27944,0
27945,2
27946,0
27947,0
27948,-4
27949,0
27950,0
27951,4
27952,0
27953,2
27954,0
27955,4
27956,0
27957,4
27958,0
27959,-4
27960,0
27961,2
27962,4
27963,0
27964,2
27965,0
27966,2
27967,0
27968,0
27969,4
27970,2
27971,-4
27972,0
27973,-4
27974,-10
27975,0
27976,0
27977,0
27978,4
27979,0
27980,4
27981,0
27982,-4
27983,0
27984,0
27985,2
27986,0
27987,-8
27988,0
27989,0
27990,0
27991,-16
27992,0
27993,0
27994,-6
27995,-4
27996,0
27997,0
27998,0
27999,0
28000,2
28001,0
28002,-4
28003,-4
28004,4
28005,-4
28006,-4
28007,-4
28008,0
28009,-4
28010,-4
28011,-4
28012,-2
28013,0
28014,-4
28015,-4
28016,-4
28017,-4
28018,-4
28019,-4
28020,-4
28021,0
28022,-4
28023,-14
28024,-4
28025,0
28026,-14
28027,-2
28028,-4
28029,-4
28030,-4
28031,0
28032,-4
28033,-4
28034,0
28035,0
28036,0
28037,0
28038,-4
28039,2
28040,0
28041,0
28042,0
28043,0
28044,0
28045,-4
28046,4
28047,2
28048,-4
28049,0
28050,0
28051,0
28052,0
28053,0
28054,0
28055,2
28056,2
28057,0
28058,0
28059,10
28060,0
28061,0
28062,0
28063,0
28064,6
28065,0
28066,6
28067,0
28068,0
28069,2
28070,0
28071,0
28072,2
28073,-8
28074,0
28075,4
28076,6
28077,6
28078,0
28079,4
28080,2
28081,2
28082,-4
28083,-8
28084,0
28085,-4
28086,0
28087,0
28088,-6
28089,-4
28090,-4
28091,-4
28092,-4
28093,0
28094,-4
28095,-4
28096,-4
28097,0
28098,-4
28099,-4
28100,-8
28101,0
28102,0
28103,-4
28104,-4
28105,0
28106,-4
28107,0
28108,0
28109,0
28110,-4
28111,-4
28112,0
28113,-4
28114,-4
28115,-4
28116,2
28117,-4
28118,0
28119,-4
28120,-4
28121,-4
28122,6
28123,-4
28124,-4
28125,-6
28126,0
28127,0
28128,0
28129,-4
28130,-4
28131,0
28132,2
28133,0
28134,0
28135,0
28136,-4
28137,0
28138,0
28139,0
28140,0
28141,0
28142,0
28143,0
28144,2
28145,-4
28146,0
28147,-4
28148,0
28149,0
28150,2
28151,0
28152,0
28153,0
28154,-4
28155,4
28156,-4
28157,0
28158,0
28159,16
28160,0
28161,4
28162,2
28163,0
28164,10
28165,2
28166,12
28167,0
28168,-4
28169,0
28170,0
28171,4
28172,0
28173,4
28174,0
28175,6
28176,0
28177,0
28178,-4
28179,-6
28180,2
28181,4
28182,0
28183,2
28184,-4
28185,6
28186,0
28187,0
28188,6
28189,0
28190,2
28191,0
28192,0
28193,0
28194,-4
28195,-4
28196,0
28197,2
28198,0
28199,0
28200,-4
28201,0
28202,-4
28203,-4
28204,0
28205,0
28206,-4
28207,0
28208,-2
28209,6
28210,-4
28211,-4
28212,0
28213,0
28214,-12
28215,-4
28216,0
28217,0
28218,0
28219,0
28220,6
28221,-4
28222,0
28223,-4
28224,0
28225,0
28226,-14
28227,-4
28228,2
28229,-6
28230,-4
28231,-4
28232,0
28233,-4
28234,0
28235,-4
28236,0
28237,2
28238,0
28239,0
28240,0
28241,-4
28242,0
28243,0
28244,10
28245,-8
28246,0
28247,-4
28248,0
28249,0
28250,0
28251,0
28252,0
28253,0
28254,2
28255,-4
28256,-8
28257,0
28258,0
28259,0
28260,0
28261,0
28262,0
28263,0
28264,0
28265,0
28266,4
28267,2
28268,0
28269,0
28270,0
28271,0
28272,2
28273,0
28274,0
28275,2
28276,0
28277,0
28278,4
28279,-4
28280,0
28281,-4
28282,-6
28283,-4
28284,0
28285,0
28286,0
28287,-4
28288,0
28289,-4
28290,-6
28291,0
28292,-4
28293,-4
28294,-2
28295,0
28296,0
28297,0
28298,0
28299,-4
28300,0
28301,0
28302,-4
28303,0
28304,0
28305,0
28306,-4
28307,0
28308,-4
28309,-4
28310,4
28311,-4
28312,2
28313,0
28314,-4
28315,-4
28316,-4
28317,-4
28318,-4
28319,-4
28320,2
28321,-4
28322,0
28323,-4
28324,-4
28325,-4
28326,-4
28327,-4
28328,2
28329,0
28330,0
28331,4
28332,6
28333,0
28334,0
28335,0
28336,-4
28337,2
28338,0
28339,0
28340,0
28341,-4
28342,10
28343,0
28344,4
28345,0
28346,0
28347,0
28348,0
28349,0
28350,0
28351,6
28352,0
28353,0
28354,2
28355,0
28356,0
28357,0
28358,0
28359,0
28360,6
28361,6
28362,-4
28363,0
28364,2
28365,0
28366,2
28367,0
28368,0
28369,6
28370,0
28371,6
28372,0
28373,2
28374,0
28375,0
28376,0
28377,0
28378,0
28379,-4
28380,2
28381,6
28382,4
28383,-4
28384,2
28385,0
28386,0
28387,0
28388,-4
28389,0
28390,0
28391,0
28392,0
28393,0
28394,0
28395,0
28396,0
28397,6
28398,-4
28399,0
28400,2
28401,-4
28402,0
28403,-4
28404,-10
28405,-4
28406,-22
28407,0
28408,-4
28409,0
28410,-4
28411,-4
28412,-4
28413,-4
28414,-4
28415,-4
28416,-4
28417,-4
28418,0
28419,0
28420,-4
28421,0
28422,-4
28423,-4
28424,0
28425,-4
28426,-4
28427,-4
28428,-4
28429,0
28430,2
28431,0
28432,-4
28433,0
28434,-4
28435,-4
28436,0
28437,0
28438,14
28439,0
28440,-4
28441,-4
28442,0
28443,0
28444,0
28445,10
28446,0
28447,0
28448,0
28449,0
28450,0
28451,0
28452,0
28453,0
28454,28
28455,2
28456,6
28457,4
28458,4
28459,2
28460,4
28461,10
28462,0
28463,0
28464,4
28465,0
28466,2
28467,4
28468,0
28469,4
28470,0
28471,0
28472,0
28473,0
28474,0
28475,0
28476,6
28477,0
28478,0
28479,-4
28480,-4
28481,0
28482,-4
28483,0
28484,0
28485,-4
28486,0
28487,4
28488,0
28489,0
28490,0
28491,0
28492,0
28493,-4
28494,0
28495,0
28496,0
28497,-6
28498,0
28499,0
28500,0
28501,-4
28502,-4
28503,-4
28504,-8
28505,-4
28506,0
28507,0
28508,0
28509,-4
28510,-4
28511,2
28512,-4
28513,0
28514,-4
28515,0
28516,-4
28517,0
28518,0
28519,-4
28520,-4
28521,-4
28522,-2
28523,0
28524,-10
28525,0
28526,-4
28527,-4
28528,-4
28529,0
28530,-4
28531,-8
28532,0
28533,0
28534,2
28535,-4
28536,0
28537,0
28538,0
28539,-4
28540,0
28541,-4
28542,12
28543,0
28544,0
28545,4
28546,0
28547,2
28548,0
28549,0
28550,4
28551,6
28552,2
28553,0
28554,6
28555,0
28556,0
28557,-4
28558,0
28559,0
28560,4
28561,4
28562,14
28563,6
28564,4
28565,2
28566,0
28567,4
28568,0
28569,0
28570,-4
28571,0
28572,0
28573,6
28574,0
28575,0
28576,-10
28577,-4
28578,0
28579,6
28580,0
28581,2
28582,0
28583,-4
28584,4
28585,-4
28586,4
28587,6
28588,0
28589,-4
28590,0
28591,-4
28592,0
28593,-4
28594,0
28595,0
28596,0
28597,6
28598,0
28599,0
28600,-4
28601,0
28602,0
28603,-4
28604,0
28605,-4
28606,0
28607,0
28608,-4
28609,-4
28610,0
28611,-2
28612,0
28613,0
28614,-4
28615,-4
28616,0
28617,-4
28618,-4
28619,4
28620,0
28621,-14
28622,-4
28623,0
28624,0
28625,0
28626,-4
28627,-4
28628,-4
28629,-4
28630,-2
28631,0
28632,0
28633,2
28634,0
28635,-4
28636,0
28637,6
28638,-4
28639,0
28640,0
28641,-4
28642,0
28643,0
28644,0
28645,0
28646,-4
28647,4
28648,0
28649,-2
28650,0
28651,0
28652,2
28653,0
28654,0
28655,2
28656,0
28657,0
28658,6
28659,0
28660,4
28661,2
28662,0
28663,2
28664,0
28665,2
28666,6
28667,0
28668,10
28669,2
28670,4
28671,0
28672,0
28673,2
28674,-4
28675,0
28676,0
28677,0
28678,6
28679,2
28680,4
28681,0
28682,4
28683,-4
28684,0
28685,0
28686,0
28687,2
28688,0
28689,0
28690,-4
28691,0
28692,-4
28693,-4
28694,0
28695,-4
28696,4
28697,-4
28698,4
28699,4
28700,2
28701,0
28702,0
28703,-4
28704,-4
28705,-4
28706,-4
28707,-4
28708,-4
28709,-4
28710,10
28711,-2
28712,-4
28713,2
28714,-2
28715,-4
28716,0
28717,-16
28718,0
28719,-4
28720,0
28721,0
28722,-4
28723,-4
28724,-8
28725,0
28726,-4
28727,4
28728,-4
28729,0
28730,-6
28731,-4
28732,-4
28733,0
28734,0
28735,-4
28736,0
28737,2
28738,0
28739,0
28740,0
28741,0
28742,0
28743,2
28744,0
28745,0
28746,4
28747,2
28748,0
28749,0
28750,-4
28751,0
28752,0
28753,0
28754,2
28755,0
28756,0
28757,2
28758,4
28759,4
28760,2
28761,0
28762,0
28763,0
28764,6
28765,2
28766,0
28767,0
28768,0
28769,6
28770,0
28771,6
28772,0
28773,0
28774,6
28775,2
28776,0
28777,6
28778,0
28779,-4
28780,0
28781,-8
28782,0
28783,-4
28784,0
28785,0
28786,6
28787,0
28788,0
28789,0
28790,0
28791,0
28792,2
28793,0
28794,-4
28795,-4
28796,0
28797,0
28798,0
28799,0
28800,-4
28801,0
28802,0
28803,-4
28804,-4
28805,-4
28806,-4
28807,-4
28808,-4
28809,-4
28810,-4
28811,0
28812,0
28813,-4
28814,-4
28815,-4
28816,10
28817,-4
28818,0
28819,0
28820,-2
28821,4
28822,-4
28823,-4
28824,0
28825,0
28826,-4
28827,-4
28828,-4
28829,-4
28830,-4
28831,0
28832,0
28833,4
28834,0
28835,0
28836,0
28837,0
28838,-4
28839,0
28840,-4
28841,6
28842,0
28843,0
28844,0
28845,0
28846,-4
28847,2
28848,-4
28849,0
28850,0
28851,0
28852,0
28853,2
28854,0
28855,4
28856,0
28857,-4
28858,2
28859,2
28860,2
28861,0
28862,4
28863,0
28864,2
28865,2
28866,0
28867,4
28868,0
28869,18
28870,2
28871,10
28872,2
28873,2
28874,4
28875,0
28876,0
28877,-8
28878,0
28879,2
28880,-4
28881,4
28882,-4
28883,4
28884,0
28885,2
28886,4
28887,0
28888,2
28889,0
28890,0
28891,-4
28892,10
28893,0
28894,-4
28895,0
28896,2
28897,-2
28898,0
28899,0
28900,0
28901,-4
28902,-4
28903,-4
28904,-4
28905,0
28906,-4
28907,-4
28908,0
28909,-4
28910,-4
28911,-4
28912,-4
28913,-4
28914,0
28915,-4
28916,0
28917,-4
28918,-4
28919,6
28920,-4
28921,-4
28922,0
28923,-18
28924,0
28925,0
28926,-6
28927,0
28928,-4
28929,6
28930,-4
28931,2
28932,0
28933,-4
28934,0
28935,-4
28936,0
28937,0
28938,-4
28939,0
28940,-4
28941,0
28942,0
28943,0
28944,0
28945,0
28946,0
28947,0
28948,0
28949,2
28950,0
28951,0
28952,0
28953,0
28954,4
28955,0
28956,0
28957,-4
28958,-4
28959,10
28960,4
28961,0
28962,4
28963,2
28964,0
28965,-4
28966,4
28967,6
28968,0
28969,0
28970,0
28971,4
28972,0
28973,0
28974,0
28975,0
28976,-10
28977,2
28978,0
28979,-6
28980,2
28981,0
28982,0
28983,0
28984,0
28985,0
28986,0
28987,0
28988,0
28989,2
28990,0
28991,10
28992,-4
28993,-4
28994,0
28995,0
28996,-2
28997,-2
28998,0
28999,0
29000,2
29001,0
29002,-4
29003,0
29004,-4
29005,-4
29006,0
29007,-4
29008,-2
29009,-12
29010,0
29011,-4
29012,-4
29013,-4
29014,-4
29015,-10
29016,0
29017,0
29018,0
29019,0
29020,10
29021,-4
29022,-4
29023,-4
29024,-2
29025,-10
29026,-4
29027,-4
29028,20
29029,0
29030,-4
29031,0
29032,-4
29033,0
29034,-6
29035,0
29036,0
29037,0
29038,-4
29039,0
29040,-4
29041,2
29042,6
29043,-4
29044,0
29045,0
29046,0
29047,0
29048,0
29049,2
29050,0
29051,-10
29052,0
29053,0
29054,0
29055,0
29056,0
29057,-4
29058,0
29059,4
29060,0
29061,4
29062,4
29063,0
29064,0
29065,4
29066,0
29067,-4
29068,-4
29069,0
29070,-10
29071,0
29072,4
29073,4
29074,0
29075,-6
29076,0
29077,2
29078,-4
29079,2
29080,0
29081,-4
29082,-10
29083,0
29084,0
29085,4
29086,2
29087,2
29088,6
29089,-4
29090,0
29091,-14
29092,2
29093,-6
29094,2
29095,-4
29096,-4
29097,0
29098,0
29099,0
29100,-4
29101,-4
29102,0
29103,-4
29104,-6
29105,0
29106,-4
29107,-36
29108,0
29109,-10
29110,-2
29111,-4
29112,-4
29113,-4
29114,0
29115,4
29116,-4
29117,-4
29118,-4
29119,-4
29120,0
29121,-4
29122,-4
29123,0
29124,-4
29125,-4
29126,-4
29127,-4
29128,0
29129,0
29130,4
29131,-4
29132,0
29133,0
29134,0
29135,0
29136,-4
29137,-4
29138,0
29139,0
29140,0
29141,0
29142,0
29143,0
29144,4
29145,0
29146,0
29147,4
29148,-4
29149,-4
29150,-4
29151,0
29152,0
29153,4
29154,2
29155,2
29156,4
29157,0
29158,0
29159,0
29160,0
29161,14
29162,-6
29163,4
29164,4
29165,6
29166,0
29167,6
29168,6
29169,2
29170,2
29171,-4
29172,0
29173,0
29174,2
29175,2
29176,-4
29177,0
29178,-14
29179,0
29180,0
29181,-14
29182,-4
29183,-4
29184,6
29185,0
29186,2
29187,0
29188,0
29189,-14
29190,14
29191,0
29192,0
29193,0
29194,0
29195,0
29196,0
29197,-10
29198,-4
29199,-4
29200,0
29201,0
29202,-4
29203,-4
29204,-4
29205,0
29206,0
29207,-4
29208,-4
29209,-4
29210,0
29211,0
29212,-6
29213,0
29214,-8
29215,-4
29216,0
29217,-4
29218,-6
29219,0
29220,-4
29221,-4
29222,0
29223,-4
29224,0
29225,0
29226,4
29227,-8
29228,-4
29229,0
29230,2
29231,0
29232,0
29233,0
29234,0
29235,0
29236,0
29237,0
29238,0
29239,-4
29240,0
29241,0
29242,0
29243,0
29244,0
29245,0
29246,0
29247,0
29248,-4
29249,0
29250,0
29251,2
29252,0
29253,0
29254,0
29255,0
29256,2
29257,2
29258,2
29259,2
29260,2
29261,-4
29262,6
29263,6
29264,4
29265,6
29266,6
29267,4
29268,0
29269,2
29270,0
29271,-4
29272,0
29273,-4
29274,-8
29275,0
29276,0
29277,16
29278,0
29279,4
29280,6
29281,0
29282,0
29283,0
29284,14
29285,0
29286,-10
29287,0
29288,0
29289,0
29290,0
29291,0
29292,-4
29293,-4
29294,-4
29295,0
29296,2
29297,0
29298,0
29299,2
29300,0
29301,0
29302,0
29303,-4
29304,-4
29305,0
29306,-4
29307,0
29308,-4
29309,0
29310,0
29311,24
29312,-24
29313,-4
29314,2
29315,-4
29316,-4
29317,0
29318,-4
29319,-4
29320,-2
29321,-30
29322,0
29323,-6
29324,0
29325,-4
29326,-4
29327,0
29328,-4
29329,6
29330,-4
29331,2
29332,0
29333,-6
29334,0
29335,0
29336,2
29337,0
29338,6
29339,0
29340,-4
29341,0
29342,0
29343,4
29344,2
29345,6
29346,0
29347,0
29348,0
29349,-4
29350,0
29351,0
29352,4
29353,0
29354,0
29355,4
29356,0
29357,6
29358,0
29359,0
29360,0
29361,0
29362,0
29363,-4
29364,-6
29365,0
29366,0
29367,4
29368,0
29369,10
29370,0
29371,0
29372,0
29373,6
29374,4
29375,0
29376,-6
29377,0
29378,0
29379,-4
29380,-16
29381,2
29382,-4
29383,0
29384,0
29385,0
29386,0
29387,-4
29388,0
29389,-4
29390,0
29391,0
29392,4
29393,-4
29394,6
29395,6
29396,2
29397,0
29398,0
29399,0
29400,-4
29401,0
29402,0
29403,0
29404,-4
29405,-4
29406,0
29407,-4
29408,-4
29409,-4
29410,-6
29411,-4
29412,-4
29413,-14
29414,-2
29415,-6
29416,6
29417,0
29418,-4
29419,-4
29420,0
29421,-4
29422,0
29423,0
29424,-4
29425,0
29426,0
29427,-4
29428,0
29429,-4
29430,-4
29431,0
29432,24
29433,-4
29434,-4
29435,-4
29436,0
29437,0
29438,0
29439,-6
29440,2
29441,0
29442,0
29443,6
29444,2
29445,0
29446,0
29447,6
29448,0
29449,0
29450,0
29451,0
29452,0
29453,-4
29454,0
29455,0
29456,2
29457,0
29458,2
29459,4
29460,-4
29461,0
29462,6
29463,0
29464,0
29465,6
29466,2
29467,2
29468,0
29469,0
29470,2
29471,0
29472,2
29473,-4
29474,2
29475,-4
29476,14
29477,2
29478,0
29479,12
29480,4
29481,2
29482,-4
29483,-8
29484,0
29485,0
29486,0
29487,14
29488,-4
29489,0
29490,0
29491,-4
29492,-10
29493,0
29494,0
29495,6
29496,-4
29497,0
29498,0
29499,0
29500,0
29501,4
29502,0
29503,-4
29504,0
29505,0
29506,-4
29507,-4
29508,-4
29509,-4
29510,12
29511,-4
29512,-4
29513,-4
29514,-4
29515,0
29516,-4
29517,0
29518,-4
29519,0
29520,0
29521,-4
29522,6
29523,-4
29524,-4
29525,-4
29526,0
29527,0
29528,-4
29529,0
29530,-4
29531,0
29532,0
29533,-4
29534,0
29535,0
29536,10
29537,0
29538,0
29539,0
29540,0
29541,2
29542,0
29543,0
29544,-4
29545,0
29546,0
29547,-4
29548,0
29549,0
29550,0
29551,0
29552,4
29553,4
29554,0
29555,4
29556,2
29557,4
29558,2
29559,0
29560,0
29561,-4
29562,0
29563,2
29564,0
29565,-4
29566,-4
29567,0
29568,0
29569,0
29570,-4
29571,0
29572,26
29573,2
29574,0
29575,-10
29576,4
29577,0
29578,6
29579,0
29580,0
29581,0
29582,-22
29583,0
29584,0
29585,-4
29586,0
29587,2
29588,-4
29589,0
29590,0
29591,0
29592,-4
29593,0
29594,0
29595,0
29596,0
29597,0
29598,-6
29599,6
29600,-4
29601,-4
29602,-4
29603,-2
29604,-4
29605,-4
29606,-4
29607,0
29608,0
29609,0
29610,-6
29611,0
29612,-4
29613,-4
29614,-6
29615,-4
29616,-4
29617,0
29618,-4
29619,-4
29620,-4
29621,0
29622,-4
29623,0
29624,-4
29625,-4
29626,0
29627,-6
29628,-4
29629,0
29630,-4
29631,0
29632,2
29633,0
29634,-18
29635,-4
29636,-18
29637,0
29638,2
29639,0
29640,0
29641,0
29642,0
29643,0
29644,6
29645,-4
29646,0
29647,0
29648,2
29649,-4
29650,2
29651,0
29652,0
29653,0
29654,2
29655,0
29656,6
29657,2
29658,4
29659,0
29660,4
29661,2
29662,2
29663,0
29664,0
29665,10
29666,0
29667,-4
29668,-4
29669,0
29670,2
29671,0
29672,0
29673,2
29674,6
29675,0
29676,0
29677,0
29678,2
29679,2
29680,0
29681,10
29682,4
29683,0
29684,10
29685,0
29686,4
29687,0
29688,0
29689,4
29690,-4
29691,0
29692,2
29693,-4
29694,-4
29695,-4
29696,0
29697,0
29698,0
29699,0
29700,-4
29701,0
29702,0
29703,0
29704,-4
29705,-4
29706,-4
29707,0
29708,-6
29709,-4
29710,-4
29711,0
29712,0
29713,-4
29714,-4
29715,-14
29716,-4
29717,-4
29718,-4
29719,0
29720,0
29721,-4
29722,-4
29723,2
29724,-4
29725,0
29726,-4
29727,-4
29728,-4
29729,-4
29730,0
29731,-4
29732,2
29733,18
29734,2
29735,0
29736,0
29737,-16
29738,0
29739,0
29740,0
29741,0
29742,4
29743,0
29744,0
29745,0
29746,2
29747,0
29748,2
29749,0
29750,4
29751,4
29752,0
29753,0
29754,0
29755,2
29756,10
29757,0
29758,0
29759,-2
29760,0
29761,2
29762,2
29763,4
29764,0
29765,0
29766,0
29767,6
29768,0
29769,6
29770,0
29771,0
29772,0
29773,0
29774,0
29775,0
29776,2
29777,-12
29778,-4
29779,6
29780,-12
29781,4
29782,0
29783,0
29784,-12
29785,-4
29786,10
29787,-4
29788,0
29789,0
29790,-14
29791,0
29792,0
29793,24
29794,0
29795,-4
29796,-4
29797,0
29798,0
29799,0
29800,-4
29801,-4
29802,-4
29803,0
29804,0
29805,-4
29806,-4
29807,-6
29808,-4
29809,-4
29810,-4
29811,0
29812,0
29813,-4
29814,-2
29815,-4
29816,-4
29817,-4
29818,-4
29819,-4
29820,-2
29821,-4
29822,0
29823,20
29824,0
29825,-4
29826,20
29827,0
29828,-4
29829,6
29830,-4
29831,4
29832,0
29833,2
29834,4
29835,4
29836,0
29837,0
29838,6
29839,0
29840,0
29841,6
29842,0
29843,0
29844,2
29845,0
29846,0
29847,2
29848,-4
29849,-4
29850,-4
29851,0
29852,0
29853,2
29854,0
29855,0
29856,0
29857,2
29858,6
29859,4
29860,2
29861,-4
29862,4
29863,-4
29864,4
29865,0
29866,4
29867,2
29868,0
29869,0
29870,0
29871,0
29872,0
29873,-4
29874,2
29875,0
29876,6
29877,2
29878,4
29879,-10
29880,2
29881,0
29882,-4
29883,-24
29884,0
29885,-6
29886,0
29887,-4
29888,0
29889,-4
29890,0
29891,-4
29892,0
29893,-4
29894,2
29895,-4
29896,0
29897,4
29898,0
29899,0
29900,-4
29901,0
29902,-4
29903,-4
29904,0
29905,-6
29906,-4
29907,0
29908,4
29909,0
29910,-4
29911,-4
29912,-4
29913,0
29914,-4
29915,-4
29916,4
29917,-4
29918,-4
29919,-4
29920,-4
29921,-4
29922,-6
29923,0
29924,0
29925,-4
29926,-4
29927,-4
29928,4
29929,-4
29930,-4
29931,6
29932,0
29933,-4
29934,2
29935,2
29936,-4
29937,4
29938,4
29939,4
29940,2
29941,0
29942,0
29943,0
29944,0
29945,0
29946,0
29947,-2
29948,0
29949,0
29950,-4
29951,0
29952,2
29953,4
29954,0
29955,0
29956,-20
29957,0
29958,-4
29959,-14
29960,2
29961,-4
29962,0
29963,-4
29964,6
29965,0
29966,0
29967,0
29968,4
29969,0
29970,-6
29971,2
29972,10
29973,4
29974,0
29975,6
29976,0
29977,0
29978,0
29979,-4
29980,0
29981,0
29982,-12
29983,0
29984,0
29985,12
29986,0
29987,0
29988,-2
29989,0
29990,0
29991,2
29992,0
29993,0
29994,-4
29995,2
29996,-4
29997,10
29998,-4
29999,0
30000,-4
30001,-4
30002,-4
30003,-4
30004,0
30005,0
30006,-4
30007,0
30008,0
30009,6
30010,-4
30011,2
30012,-4
30013,10
30014,-4
30015,-4
30016,-4
30017,-4
30018,0
30019,-4
30020,-20
30021,0
30022,10
30023,0
30024,-4
30025,-4
30026,-6
30027,0
30028,0
30029,0
30030,0
30031,6
30032,2
30033,0
30034,-4
30035,0
30036,0
30037,0
30038,2
30039,6
30040,-4
30041,0
30042,-4
30043,6
30044,0
30045,0
30046,2
30047,0
30048,0
30049,-4
30050,-30
30051,0
30052,0
30053,4
30054,0
30055,2
30056,14
30057,0
30058,0
30059,0
30060,2
30061,0
30062,0
30063,0
30064,2
30065,0
30066,0
30067,0
30068,0
30069,2
30070,0
30071,0
30072,0
30073,0
30074,0
30075,-4
30076,2
30077,4
30078,0
30079,0
30080,0
30081,6
30082,0
30083,0
30084,0
30085,0
30086,0
30087,-4
30088,-10
30089,0
30090,2
30091,0
30092,12
30093,0
30094,0
30095,6
30096,-6
30097,0
30098,0
30099,-4
30100,0
30101,-8
30102,0
30103,-4
30104,0
30105,-4
30106,-4
30107,0
30108,0
30109,0
30110,0
30111,-4
30112,0
30113,0
30114,-6
30115,-4
30116,0
30117,0
30118,0
30119,-4
30120,-4
30121,-4
30122,-4
30123,-4
30124,-4
30125,-4
30126,-4
30127,-32
30128,-4
30129,-6
30130,4
30131,-4
30132,0
30133,0
30134,0
30135,0
30136,0
30137,0
30138,0
30139,0
30140,0
30141,-4
30142,0
30143,0
30144,0
30145,0
30146,2
30147,0
30148,0
30149,-4
30150,0
30151,2
30152,0
30153,0
30154,0
30155,0
30156,0
30157,0
30158,0
30159,0
30160,-6
30161,2
30162,0
30163,0
30164,-4
30165,-6
30166,2
30167,6
30168,16
30169,4
30170,0
30171,-10
30172,4
30173,-4
30174,18
30175,0
30176,0
30177,-14
30178,-4
30179,0
30180,0
30181,0
30182,-4
30183,0
30184,10
30185,0
30186,-4
30187,2
30188,0
30189,6
30190,4
30191,-4
30192,4
30193,0
30194,-4
30195,-4
30196,-4
30197,0
30198,0
30199,0
30200,0
30201,4
30202,-4
30203,0
30204,-4
30205,4
30206,0
30207,-4
30208,0
30209,0
30210,4
30211,-4
30212,-4
30213,0
30214,-4
30215,-4
30216,-4
30217,-4
30218,-8
30219,-4
30220,-2
30221,-6
30222,0
30223,0
30224,0
30225,-2
30226,-4
30227,-4
30228,-4
30229,-4
30230,-6
30231,0
30232,-4
30233,10
30234,-4
30235,0
30236,2
30237,0
30238,0
30239,0
30240,-4
30241,0
30242,0
30243,2
30244,0
30245,2
30246,-4
30247,0
30248,2
30249,-4
30250,0
30251,0
30252,2
30253,0
30254,0
30255,10
30256,4
30257,-4
30258,0
30259,2
30260,0
30261,0
30262,0
30263,-4
30264,4
30265,-6
30266,6
30267,4
30268,-4
30269,-4
30270,0
30271,10
30272,0
30273,10
30274,0
30275,4
30276,2
30277,0
30278,0
30279,-4
30280,0
30281,0
30282,0
30283,4
30284,-4
30285,0
30286,2
30287,0
30288,0
30289,0
30290,0
30291,0
30292,0
30293,-6
30294,0
30295,0
30296,-4
30297,0
30298,-4
30299,0
30300,0
30301,0
30302,-4
30303,-4
30304,0
30305,-4
30306,-4
30307,-4
30308,0
30309,-4
30310,0
30311,0
30312,0
30313,-6
30314,-4
30315,0
30316,0
30317,-8
30318,-4
30319,0
30320,-4
30321,-4
30322,-4
30323,-4
30324,-4
30325,-4
30326,-2
30327,-4
30328,6
30329,2
30330,0
30331,-4
30332,-4
30333,0
30334,-4
30335,2
30336,0
30337,0
30338,0
30339,0
30340,0
30341,0
30342,0
30343,0
30344,-4
30345,0
30346,0
30347,0
30348,0
30349,0
30350,0
30351,2
30352,6
30353,4
30354,2
30355,0
30356,0
30357,2
30358,4
30359,0
30360,4
30361,4
30362,4
30363,0
30364,-4
30365,6
30366,6
30367,0
30368,4
30369,0
30370,0
30371,0
30372,4
30373,-4
30374,0
30375,0
30376,-14
30377,2
30378,-4
30379,4
30380,-2
30381,0
30382,0
30383,-6
30384,0
30385,6
30386,0
30387,-4
30388,0
30389,0
30390,0
30391,-2
30392,4
30393,-4
30394,0
30395,0
30396,2
30397,4
30398,4
30399,-4
30400,0
30401,0
30402,0
30403,-4
30404,0
30405,10
30406,0
30407,10
30408,-4
30409,-4
30410,-6
30411,0
30412,-4
30413,-4
30414,0
30415,-4
30416,-4
30417,-4
30418,-4
30419,-4
30420,-4
30421,-4
30422,0
30423,-4
30424,0
30425,-4
30426,0
30427,0
30428,6
30429,0
30430,-4
30431,2
30432,-4
30433,0
30434,2
30435,0
30436,-4
30437,-4
30438,4
30439,4
30440,0
30441,0
30442,0
30443,0
30444,-2
30445,-16
30446,0
30447,0
30448,0
30449,0
30450,0
30451,-4
30452,0
30453,0
30454,0
30455,2
30456,4
30457,-8
30458,4
30459,0
30460,0
30461,2
30462,0
30463,0
30464,0
30465,0
30466,4
30467,0
30468,0
30469,0
30470,-12
30471,2
30472,-14
30473,-4
30474,2
30475,10
30476,0
30477,0
30478,6
30479,0
30480,2
30481,6
30482,0
30483,-4
30484,4
30485,-8
30486,0
30487,4
30488,-4
30489,-4
30490,0
30491,0
30492,0
30493,-4
30494,-10
30495,0
30496,0
30497,0
30498,0
30499,0
30500,0
30501,0
30502,0
30503,0
30504,0
30505,-4
30506,0
30507,-4
30508,0
30509,0
30510,-2
30511,-4
30512,-4
30513,0
30514,0
30515,0
30516,-6
30517,0
30518,-4
30519,-4
30520,-22
30521,-4
30522,0
30523,0
30524,2
30525,-4
30526,-4
30527,-6
30528,0
30529,0
30530,2
30531,-4
30532,0
30533,0
30534,0
30535,-4
30536,-10
30537,-4
30538,2
30539,-4
30540,-4
30541,-4
30542,0
30543,0
30544,0
30545,0
30546,2
30547,0
30548,0
30549,0
30550,0
30551,0
30552,0
30553,0
30554,0
30555,10
30556,2
30557,4
30558,-4
30559,0
30560,0
30561,2
30562,6
30563,-10
30564,0
30565,0
30566,0
30567,0
30568,0
30569,0
30570,0
30571,2
30572,0
30573,0
30574,-4
30575,4
30576,0
30577,0
30578,14
30579,0
30580,0
30581,-4
30582,0
30583,0
30584,-4
30585,0
30586,0
30587,4
30588,6
30589,0
30590,0
30591,0
30592,0
30593,0
30594,2
30595,-4
30596,2
30597,0
30598,0
30599,0
30600,0
30601,-4
30602,4
30603,0
30604,0
30605,-4
30606,-4
30607,0
30608,-4
30609,-4
30610,0
30611,0
30612,-6
30613,0
30614,-6
30615,2
30616,-4
30617,0
30618,-4
30619,-4
30620,-4
30621,-4
30622,-4
30623,-4
30624,4
30625,-4
30626,0
30627,-4
30628,-8
30629,-4
30630,-6
30631,-6
30632,-4
30633,-4
30634,0
30635,-22
30636,0
30637,0
30638,-4
30639,0
30640,0
30641,2
30642,2
30643,-2
30644,4
30645,-4
30646,0
30647,0
30648,2
30649,0
30650,0
30651,18
30652,0
30653,-4
30654,2
30655,0
30656,0
30657,2
30658,0
30659,0
30660,2
30661,-6
30662,0
30663,-4
30664,6
30665,4
30666,4
30667,2
30668,4
30669,0
30670,2
30671,-14
30672,2
30673,6
30674,0
30675,0
30676,0
30677,10
30678,0
30679,2
30680,-6
30681,0
30682,0
30683,0
30684,0
30685,-4
30686,0
30687,0
30688,6
30689,0
30690,0
30691,0
30692,0
30693,0
30694,0
30695,-4
30696,0
30697,0
30698,-6
30699,-4
30700,0
30701,10
30702,-4
30703,0
30704,-4
30705,0
30706,0
30707,-4
30708,-4
30709,-4
30710,-4
30711,0
30712,0
30713,-4
30714,-4
30715,-4
30716,0
30717,-4
30718,-4
30719,-4
30720,-6
30721,-4
30722,-4
30723,0
30724,0
30725,0
30726,-4
30727,-4
30728,-4
30729,-4
30730,-4
30731,-4
30732,2
30733,0
30734,2
30735,-4
30736,2
30737,0
30738,0
30739,-12
30740,0
30741,6
30742,0
30743,0
30744,0
30745,0
30746,-14
30747,4
30748,-4
30749,2
30750,0
30751,2
30752,0
30753,4
30754,0
30755,-4
30756,0
30757,0
30758,0
30759,0
30760,0
30761,0
30762,2
30763,0
30764,-14
30765,2
30766,6
30767,2
30768,18
30769,4
30770,2
30771,0
30772,0
30773,-10
30774,4
30775,-4
30776,-10
30777,10
30778,2
30779,0
30780,10
30781,0
30782,0
30783,-4
30784,6
30785,0
30786,6
30787,0
30788,-4
30789,-2
30790,0
30791,0
30792,0
30793,0
30794,-8
30795,-4
30796,0
30797,0
30798,-4
30799,-4
30800,0
30801,4
30802,-2
30803,-8
30804,0
30805,-4
30806,0
30807,-4
30808,-4
30809,0
30810,0
30811,-4
30812,0
30813,-4
30814,-4
30815,0
30816,-4
30817,-4
30818,-4
30819,-4
30820,0
30821,-4
30822,-4
30823,-4
30824,-6
30825,-4
30826,-4
30827,26
30828,-4
30829,-4
30830,6
30831,0
30832,-4
30833,-4
30834,0
30835,0
30836,0
30837,-4
30838,0
30839,0
30840,0
30841,2
30842,-2
30843,-4
30844,0
30845,0
30846,0
30847,0
30848,-4
30849,0
30850,0
30851,-2
30852,6
30853,4
30854,4
30855,0
30856,0
30857,6
30858,2
30859,0
30860,0
30861,4
30862,-4
30863,0
30864,2
30865,2
30866,4
30867,-18
30868,0
30869,6
30870,0
30871,0
30872,4
30873,2
30874,2
30875,0
30876,4
30877,0
30878,0
30879,4
30880,4
30881,0
30882,0
30883,-8
30884,0
30885,0
30886,0
30887,0
30888,-4
30889,0
30890,-4
30891,-6
30892,0
30893,-4
30894,0
30895,-4
30896,0
30897,0
30898,-4
30899,0
30900,0
30901,-4
30902,-4
30903,-4
30904,0
30905,0
30906,0
30907,-4
30908,-4
30909,0
30910,-4
30911,-4
30912,0
30913,-4
30914,-4
30915,-4
30916,-4
30917,-4
30918,0
30919,-4
30920,-2
30921,-6
30922,0
30923,0
30924,0
30925,-4
30926,-6
30927,-4
30928,0
30929,-8
30930,-4
30931,0
30932,-4
30933,0
30934,0
30935,6
30936,-4
30937,-4
30938,0
30939,0
30940,0
30941,-4
30942,0
30943,18
30944,0
30945,-4
30946,4
30947,-4
30948,-2
30949,0
30950,0
30951,0
30952,0
30953,0
30954,2
30955,4
30956,2
30957,-4
30958,2
30959,2
30960,0
30961,2
30962,2
30963,-4
30964,-4
30965,0
30966,4
30967,4
30968,4
30969,4
30970,0
30971,-4
30972,-4
30973,0
30974,0
30975,2
30976,2
30977,6
30978,-4
30979,-10
30980,0
30981,2
30982,-4
30983,0
30984,2
30985,2
30986,6
30987,0
30988,0
30989,0
30990,0
30991,0
30992,0
30993,0
30994,6
30995,0
30996,0
30997,0
30998,0
30999,2
31000,0
31001,0
31002,0
31003,0
31004,-4
31005,0
31006,0
31007,-4
31008,-6
31009,0
31010,0
31011,0
31012,0
31013,-4
31014,-4
31015,-4
31016,-6
31017,-4
31018,-4
31019,0
31020,-4
31021,0
31022,-4
31023,-4
31024,0
31025,-4
31026,0
31027,-10
31028,-4
31029,-4
31030,6
31031,0
31032,0
31033,-4
31034,2
31035,0
31036,-16
31037,0
31038,0
31039,0
31040,-4
31041,0
31042,0
31043,0
31044,0
31045,0
31046,0
31047,0
31048,0
31049,0
31050,0
31051,4
31052,0
31053,4
31054,0
31055,4
31056,0
31057,-4
31058,0
31059,0
31060,-8
31061,-4
31062,0
31063,-4
31064,4
31065,0
31066,-4
31067,6
31068,2
31069,0
31070,0
31071,0
31072,0
31073,-4
31074,0
31075,0
31076,0
31077,-12
31078,2
31079,0
31080,6
31081,0
31082,0
31083,2
31084,2
31085,6
31086,12
31087,0
31088,-4
31089,2
31090,0
31091,0
31092,0
31093,-4
31094,6
31095,0
31096,0
31097,-4
31098,6
31099,0
31100,0
31101,0
31102,-4
31103,-4
31104,0
31105,-4
31106,0
31107,-6
31108,2
31109,0
31110,-4
31111,0
31112,-4
31113,-4
31114,-4
31115,-4
31116,-6
31117,-4
31118,0
31119,-4
31120,0
31121,-6
31122,-4
31123,0
31124,0
31125,0
31126,2
31127,-4
31128,-4
31129,0
31130,0
31131,0
31132,0
31133,4
31134,-4
31135,0
31136,-4
31137,0
31138,0
31139,0
31140,-4
31141,-8
31142,0
31143,0
31144,0
31145,-8
31146,-4
31147,6
31148,0
31149,0
31150,0
31151,0
31152,0
31153,4
31154,-4
31155,0
31156,2
31157,0
31158,-10
31159,0
31160,-6
31161,2
31162,-4
31163,0
31164,2
31165,6
31166,4
31167,0
31168,4
31169,2
31170,4
31171,-4
31172,0
31173,6
31174,0
31175,0
31176,18
31177,6
31178,0
31179,-8
31180,0
31181,4
31182,2
31183,0
31184,2
31185,0
31186,2
31187,2
31188,0
31189,0
31190,-12
31191,16
31192,-4
31193,0
31194,0
31195,-4
31196,0
31197,0
31198,2
31199,0
31200,0
31201,-6
31202,0
31203,0
31204,-4
31205,2
31206,-4
31207,0
31208,-4
31209,0
31210,0
31211,2
31212,-4
31213,-4
31214,4
31215,-4
31216,-4
31217,0
31218,-4
31219,0
31220,-2
31221,-4
31222,0
31223,-4
31224,0
31225,0
31226,0
31227,0
31228,-4
31229,-4
31230,-4
31231,-4
31232,0
31233,-4
31234,0
31235,6
31236,-4
31237,0
31238,0
31239,0
31240,0
31241,0
31242,0
31243,4
31244,0
31245,-4
31246,0
31247,-4
31248,0
31249,2
31250,2
31251,2
31252,-8
31253,4
31254,0
31255,2
31256,0
31257,0
31258,-4
31259,2
31260,0
31261,2
31262,0
31263,-4
31264,0
31265,0
31266,0
31267,4
31268,-10
31269,-4
31270,0
31271,2
31272,-4
31273,0
31274,0
31275,0
31276,0
31277,0
31278,6
31279,-4
31280,0
31281,-4
31282,18
31283,4
31284,4
31285,0
31286,0
31287,-4
31288,0
31289,0
31290,18
31291,-8
31292,0
31293,0
31294,0
31295,-4
31296,-4
31297,0
31298,0
31299,0
31300,-4
31301,0
31302,-4
31303,-4
31304,-4
31305,-4
31306,-4
31307,0
31308,-4
31309,-4
31310,0
31311,0
31312,-6
31313,-8
31314,0
31315,-4
31316,-4
31317,-4
31318,-24
31319,-24
31320,-4
31321,-4
31322,6
31323,-4
31324,-4
31325,0
31326,0
31327,0
31328,-4
31329,0
31330,4
31331,-4
31332,0
31333,0
31334,-14
31335,0
31336,-4
31337,0
31338,2
31339,-4
31340,0
31341,4
31342,0
31343,0
31344,0
31345,0
31346,0
31347,0
31348,0
31349,-2
31350,-4
31351,2
31352,4
31353,2
31354,0
31355,4
31356,0
31357,0
31358,0
31359,0
31360,2
31361,0
31362,0
31363,2
31364,0
31365,2
31366,2
31367,4
31368,4
31369,4
31370,6
31371,2
31372,14
31373,0
31374,0
31375,0
31376,0
31377,2
31378,10
31379,4
31380,2
31381,0
31382,0
31383,0
31384,0
31385,10
31386,-4
31387,14
31388,0
31389,0
31390,0
31391,-4
31392,4
31393,0
31394,0
31395,6
31396,0
31397,2
31398,-4
31399,0
31400,0
31401,0
31402,-4
31403,0
31404,0
31405,-4
31406,-4
31407,-4
31408,-4
31409,-4
31410,0
31411,2
31412,-14
31413,6
31414,0
31415,-4
31416,0
31417,0
31418,0
31419,0
31420,0
31421,0
31422,-22
31423,0
31424,0
31425,-4
31426,-4
31427,0
31428,-4
31429,0
31430,-4
31431,-6
31432,0
31433,0
31434,-4
31435,-4
31436,0
31437,0
31438,-6
31439,0
31440,0
31441,0
31442,-4
31443,0
31444,0
31445,2
31446,2
31447,0
31448,6
31449,0
31450,-4
31451,2
31452,0
31453,0
31454,0
31455,0
31456,0
31457,0
31458,0
31459,0
31460,0
31461,0
31462,0
31463,4
31464,6
31465,0
31466,0
31467,-16
31468,0
31469,0
31470,0
31471,0
31472,6
31473,0
31474,-8
31475,2
31476,6
31477,10
31478,-4
31479,6
31480,6
31481,0
31482,-4
31483,6
31484,-4
31485,0
31486,-14
31487,2
31488,0
31489,2
31490,-4
31491,0
31492,0
31493,0
31494,0
31495,-4
31496,0
31497,-4
31498,-4
31499,6
31500,0
31501,0
31502,-4
31503,-4
31504,-4
31505,-4
31506,2
31507,-4
31508,-4
31509,-4
31510,-4
31511,0
31512,-4
31513,-4
31514,0
31515,14
31516,-6
31517,-4
31518,-4
31519,-4
31520,0
31521,0
31522,0
31523,-4
31524,0
31525,0
31526,6
31527,-2
31528,0
31529,-4
31530,0
31531,0
31532,-4
31533,0
31534,2
31535,0
31536,0
31537,-4
31538,0
31539,0
31540,4
31541,-14
31542,-4
31543,0
31544,0
31545,-4
31546,2
31547,0
31548,-20
31549,-4
31550,0
31551,0
31552,0
31553,2
31554,0
31555,0
31556,0
31557,0
31558,0
31559,0
31560,0
31561,2
31562,2
31563,0
31564,0
31565,0
31566,0
31567,2
31568,0
31569,4
31570,4
31571,12
31572,0
31573,0
31574,0
31575,0
31576,6
31577,0
31578,0
31579,6
31580,0
31581,0
31582,-4
31583,-6
31584,0
31585,-4
31586,0
31587,6
31588,10
31589,2
31590,-4
31591,0
31592,0
31593,0
31594,-4
31595,0
31596,0
31597,0
31598,-4
31599,-6
31600,0
31601,10
31602,-4
31603,-4
31604,0
31605,0
31606,-4
31607,0
31608,0
31609,-4
31610,-4
31611,-4
31612,-4
31613,0
31614,-4
31615,4
31616,-4
31617,-4
31618,0
31619,-4
31620,-4
31621,-16
31622,-4
31623,24
31624,-4
31625,0
31626,0
31627,-4
31628,0
31629,0
31630,-4
31631,6
31632,10
31633,0
31634,0
31635,2
31636,2
31637,-8
31638,0
31639,0
31640,2
31641,0
31642,0
31643,0
31644,0
31645,-4
31646,0
31647,0
31648,0
31649,0
31650,0
31651,-4
31652,0
31653,0
31654,4
31655,2
31656,0
31657,0
31658,0
31659,2
31660,2
31661,0
31662,0
31663,0
31664,0
31665,0
31666,2
31667,0
31668,-4
31669,-4
31670,0
31671,0
31672,2
31673,0
31674,0
31675,0
31676,18
31677,6
31678,4
31679,-14
31680,0
31681,0
31682,2
31683,0
31684,0
31685,4
31686,2
31687,0
31688,0
31689,14
31690,2
31691,-4
31692,2
31693,0
31694,0
31695,0
31696,0
31697,-4
31698,0
31699,10
31700,0
31701,0
31702,0
31703,-4
31704,0
31705,-4
31706,-4
31707,-6
31708,-4
31709,-4
31710,-4
31711,0
31712,0
31713,-4
31714,0
31715,-4
31716,-4
31717,-4
31718,-4
31719,-8
31720,-2
31721,0
31722,0
31723,0
31724,-4
31725,-16
31726,-4
31727,0
31728,-22
31729,-4
31730,4
31731,16
31732,0
31733,0
31734,0
31735,0
31736,0
31737,0
31738,0
31739,0
31740,0
31741,2
31742,-4
31743,-4
31744,2
31745,4
31746,16
31747,0
31748,-4
31749,0
31750,0
31751,0
31752,0
31753,0
31754,0
31755,2
31756,0
31757,4
31758,0
31759,4
31760,0
31761,0
31762,0
31763,0
31764,0
31765,0
31766,6
31767,2
31768,4
31769,-14
31770,0
31771,0
31772,0
31773,0
31774,0
31775,-14
31776,2
31777,6
31778,-4
31779,0
31780,0
31781,0
31782,-12
31783,2
31784,0
31785,0
31786,0
31787,-4
31788,0
31789,2
31790,6
31791,2
31792,2
31793,0
31794,-6
31795,-4
31796,2
31797,0
31798,-4
31799,0
31800,6
31801,0
31802,-4
31803,-4
31804,0
31805,0
31806,0
31807,-4
31808,0
31809,-2
31810,-4
31811,-4
31812,-4
31813,-6
31814,-4
31815,0
31816,-4
31817,0
31818,0
31819,-14
31820,-4
31821,-4
31822,6
31823,0
31824,-10
31825,-4
31826,0
31827,-4
31828,-4
31829,-4
31830,-4
31831,4
31832,0
31833,-6
31834,0
31835,0
31836,0
31837,0
31838,0
31839,4
31840,0
31841,-4
31842,0
31843,0
31844,0
31845,0
31846,0
31847,0
31848,0
31849,-4
31850,0
31851,-4
31852,2
31853,0
31854,0
31855,0
31856,0
31857,-4
31858,0
31859,6
31860,-4
31861,0
31862,0
31863,6
31864,0
31865,6
31866,2
31867,0
31868,0
31869,0
31870,16
31871,2
31872,6
31873,0
31874,-6
31875,0
31876,0
31877,-4
31878,-4
31879,2
31880,-4
31881,-6
31882,-4
31883,-4
31884,0
31885,0
31886,0
31887,10
31888,-24
31889,-56
31890,-98
31891,-116
31892,-82
31893,-20
31894,20
31895,46
31896,42
31897,24
31898,4
31899,-16
31900,-50
31901,-64
31902,-56
31903,-34
31904,-24
31905,-16
31906,-16
31907,-38
31908,-48
31909,-46
31910,-40
31911,-36
31912,-24
31913,-12
31914,6
31915,18
31916,48
31917,66
31918,60
31919,54
31920,28
31921,42
31922,38
31923,32
31924,32
31925,28
31926,24
31927,24
31928,18
31929,6
31930,10
31931,6
31932,10
31933,-6
31934,6
31935,4
31936,10
31937,0
31938,4
31939,-4
31940,0
31941,2
31942,4
31943,0
31944,0
31945,0
31946,0
31947,0
31948,0
31949,0
31950,-4
31951,0
31952,0
31953,2
31954,2
31955,0
31956,0
31957,0
31958,0
31959,-6
31960,6
31961,2
31962,6
31963,-4
31964,2
31965,4
31966,2
31967,4
31968,6
31969,0
31970,0
31971,-4
31972,2
31973,4
31974,0
31975,6
31976,0
31977,6
31978,0
31979,0
31980,-12
31981,0
31982,0
31983,6
31984,10
31985,0
31986,6
31987,-4
31988,-14
31989,0
31990,2
31991,4
31992,2
31993,0
31994,0
31995,6
31996,0
31997,0
31998,-4
31999,4
32000,0
32001,6
32002,0
32003,0
32004,0
32005,0
32006,0
32007,-8
32008,0
32009,20
32010,2
32011,0
32012,0
32013,-12
32014,0
32015,0
32016,-4
32017,4
32018,-4
32019,0
32020,-4
32021,-6
32022,-4
32023,-4
32024,-4
32025,-4
32026,-4
32027,0
32028,0
32029,-4
32030,0
32031,0
32032,2
32033,0
32034,2
32035,0
32036,-4
32037,0
32038,-4
32039,0
32040,-4
32041,-4
32042,-4
32043,0
32044,0
32045,0
32046,-4
32047,0
32048,0
32049,-10
32050,0
32051,-8
32052,0
32053,0
32054,0
32055,0
32056,6
32057,0
32058,0
32059,14
32060,-12
32061,0
32062,0
32063,0
32064,10
32065,4
32066,0
32067,-2
32068,0
32069,0
32070,0
32071,14
32072,0
32073,16
32074,2
32075,4
32076,-16
32077,4
32078,4
32079,-8
32080,0
32081,0
32082,-6
32083,0
32084,0
32085,-4
32086,6
32087,0
32088,-4
32089,0
32090,0
32091,0
32092,0
32093,-6
32094,0
32095,0
32096,2
32097,10
32098,0
32099,0
32100,0
32101,-4
32102,6
32103,0
32104,-4
32105,0
32106,-4
32107,0
32108,-4
32109,0
32110,-8
32111,-4
32112,-4
32113,-4
32114,-14
32115,-4
32116,0
32117,-4
32118,0
32119,-4
32120,0
32121,-4
32122,0
32123,-4
32124,0
32125,-6
32126,-4
32127,0
32128,2
32129,-4
32130,-4
32131,4
32132,-6
32133,0
32134,0
32135,-16
32136,-4
32137,-6
32138,0
32139,0
32140,2
32141,20
32142,0
32143,0
32144,10
32145,0
32146,0
32147,0
32148,0
32149,0
32150,0
32151,-20
32152,0
32153,0
32154,2
32155,4
32156,0
32157,2
32158,4
32159,0
32160,0
32161,-6
32162,0
32163,0
32164,0
32165,-8
32166,2
32167,6
32168,0
32169,2
32170,0
32171,2
32172,6
32173,2
32174,0
32175,0
32176,0
32177,0
32178,6
32179,0
32180,6
32181,6
32182,-4
32183,-4
32184,0
32185,-6
32186,0
32187,-4
32188,0
32189,0
32190,6
32191,6
32192,6
32193,0
32194,0
32195,-4
32196,-4
32197,-4
32198,-4
32199,-4
32200,0
32201,2
32202,0
32203,-4
32204,-4
32205,-2
32206,-10
32207,0
32208,0
32209,0
32210,0
32211,-4
32212,0
32213,-4
32214,-4
32215,0
32216,-4
32217,-4
32218,-2
32219,2
32220,-4
32221,-4
32222,-4
32223,-4
32224,-4
32225,-4
32226,-4
32227,-10
32228,-4
32229,-4
32230,-4
32231,2
32232,0
32233,2
32234,-24
32235,0
32236,-4
32237,0
32238,-4
32239,-4
32240,0
32241,0
32242,0
32243,2
32244,0
32245,-12
32246,0
32247,2
32248,0
32249,0
32250,0
32251,0
32252,0
32253,0
32254,0
32255,0
32256,14
32257,0
32258,0
32259,0
32260,0
32261,-12
32262,0
32263,0
32264,0
32265,0
32266,-4
32267,4
32268,6
32269,-4
32270,0
32271,2
32272,-4
32273,0
32274,-2
32275,0
32276,-4
32277,-4
32278,-2
32279,0
32280,6
32281,-16
32282,2
32283,0
32284,-4
32285,0
32286,2
32287,6
32288,4
32289,0
32290,0
32291,-12
32292,0
32293,-4
32294,4
32295,0
32296,0
32297,-4
32298,-4
32299,0
32300,0
32301,0
32302,-4
32303,-4
32304,0
32305,-4
32306,-28
32307,-4
32308,-4
32309,0
32310,-4
32311,-4
32312,-4
32313,-4
32314,-4
32315,-4
32316,-6
32317,-4
32318,-4
32319,6
32320,-4
32321,0
32322,-4
32323,-4
32324,-4
32325,0
32326,0
32327,18
32328,0
32329,-4
32330,0
32331,-4
32332,2
32333,-14
32334,-4
32335,-4
32336,2
32337,0
32338,0
32339,-4
32340,0
32341,0
32342,-4
32343,0
32344,0
32345,0
32346,-6
32347,0
32348,0
32349,0
32350,0
32351,0
32352,0
32353,2
32354,0
32355,0
32356,0
32357,0
32358,-4
32359,0
32360,2
32361,0
32362,-4
32363,-4
32364,4
32365,-4
32366,6
32367,2
32368,2
32369,0
32370,16
32371,0
32372,0
32373,0
32374,18
32375,0
32376,0
32377,-4
32378,-4
32379,4
32380,-4
32381,0
32382,-4
32383,-4
32384,-12
32385,0
32386,0
32387,0
32388,0
32389,0
32390,0
32391,-4
32392,0
32393,0
32394,-8
32395,0
32396,0
32397,0
32398,0
32399,0
32400,0
32401,-4
32402,6
32403,-4
32404,0
32405,0
32406,0
32407,-4
32408,6
32409,0
32410,-4
32411,32
32412,-4
32413,0
32414,2
32415,-4
32416,-18
32417,-8
32418,0
32419,0
32420,-14
32421,-4
32422,-4
32423,0
32424,-4
32425,0
32426,-8
32427,-4
32428,-4
32429,-6
32430,-4
32431,0
32432,2
32433,0
32434,-4
32435,2
32436,0
32437,0
32438,0
32439,6
32440,-4
32441,-4
32442,-4
32443,0
32444,0
32445,0
32446,0
32447,2
32448,0
32449,4
32450,0
32451,0
32452,4
32453,0
32454,0
32455,2
32456,0
32457,0
32458,28
32459,0
32460,4
32461,4
32462,4
32463,0
32464,2
32465,0
32466,0
32467,4
32468,2
32469,4
32470,0
32471,4
32472,4
32473,-6
32474,0
32475,0
32476,0
32477,2
32478,0
32479,-4
32480,0
32481,0
32482,0
32483,4
32484,0
32485,2
32486,6
32487,0
32488,0
32489,0
32490,0
32491,0
32492,0
32493,0
32494,0
32495,0
32496,0
32497,0
32498,0
32499,-8
32500,0
32501,0
32502,0
32503,-14
32504,-4
32505,0
32506,0
32507,0
32508,16
32509,-4
32510,-4
32511,0
32512,0
32513,-4
32514,-4
32515,0
32516,-4
32517,0
32518,-4
32519,0
32520,-4
32521,0
32522,-4
32523,-28
32524,0
32525,-4
32526,0
32527,0
32528,-4
32529,-4
32530,0
32531,-4
32532,0
32533,-4
32534,0
32535,-20
32536,0
32537,6
32538,0
32539,0
32540,4
32541,-4
32542,-14
32543,0
32544,2
32545,0
32546,0
32547,-4
32548,0
32549,0
32550,2
32551,0
32552,0
32553,0
32554,0
32555,0
32556,2
32557,0
32558,0
32559,0
32560,4
32561,2
32562,0
32563,-6
32564,0
32565,0
32566,4
32567,-14
32568,2
32569,4
32570,0
32571,14
32572,0
32573,0
32574,-4
32575,0
32576,0
32577,0
32578,4
32579,20
32580,0
32581,0
32582,-14
32583,0
32584,0
32585,-4
32586,0
32587,0
32588,2
32589,-4
32590,-4
32591,0
32592,4
32593,-4
32594,0
32595,-6
32596,-4
32597,0
32598,-4
32599,-4
32600,-4
32601,0
32602,0
32603,-4
32604,0
32605,4
32606,-4
32607,-4
32608,-4
32609,-4
32610,-4
32611,-4
32612,-4
32613,-4
32614,0
32615,0
32616,-4
32617,12
32618,-4
32619,-4
32620,0
32621,2
32622,0
32623,0
32624,0
32625,12
32626,-4
32627,2
32628,-32
32629,-4
32630,0
32631,0
32632,0
32633,-4
32634,0
32635,0
32636,-4
32637,0
32638,0
32639,0
32640,0
32641,0
32642,0
32643,0
32644,-4
32645,4
32646,0
32647,-4
32648,-20
32649,-32
32650,-42
32651,-46
32652,-42
32653,-28
32654,-12
32655,2
32656,12
32657,20
32658,28
32659,30
32660,30
32661,20
32662,20
32663,10
32664,24
32665,14
32666,6
32667,6
32668,0
32669,-4
32670,-8
32671,-14
32672,-14
32673,-22
32674,-20
32675,-16
32676,-28
32677,-22
32678,-20
32679,-22
32680,-20
32681,-12
32682,-10
32683,-12
32684,-10
32685,14
32686,-2
32687,-8
32688,0
32689,-4
32690,-4
32691,2
32692,2
32693,-6
32694,18
32695,20
32696,18
32697,20
32698,24
32699,20
32700,14
32701,20
32702,14
32703,14
32704,14
32705,14
32706,10
32707,6
32708,6
32709,10
32710,4
32711,6
32712,2
32713,0
32714,4
32715,4
32716,0
32717,-4
32718,0
32719,-8
32720,-4
32721,-4
32722,-20
32723,-4
32724,-6
32725,-4
32726,-4
32727,0
32728,-4
32729,-4
32730,0
32731,-6
32732,0
32733,-4
32734,-4
32735,0
32736,0
32737,-4
32738,0
32739,0
32740,-4
32741,-4
32742,0
32743,0
32744,0
32745,0
32746,4
32747,0
32748,0
32749,0
32750,0
32751,0
32752,-6
32753,0
32754,0
32755,4
32756,6
32757,0
32758,0
32759,0
32760,0
32761,2
32762,-12
32763,4
32764,0
32765,0
32766,4
32767,2
32768,0
32769,-10
32770,4
32771,0
32772,-4
32773,6
32774,-12
32775,2
32776,4
32777,-4
32778,0
32779,-4
32780,-4
32781,0
32782,0
32783,0
32784,-14
32785,2
32786,2
32787,0
32788,0
32789,0
32790,0
32791,10
32792,-4
32793,-4
32794,0
32795,0
32796,12
32797,0
32798,-14
32799,2
32800,-6
32801,6
32802,0
32803,-4
32804,-4
32805,0
32806,0
32807,-4
32808,-4
32809,0
32810,0
32811,-4
32812,-20
32813,-4
32814,-4
32815,-4
32816,-4
32817,0
32818,-6
32819,20
32820,0
32821,0
32822,-4
32823,-4
32824,-4
32825,0
32826,-6
32827,-4
32828,0
32829,-4
32830,-4
32831,-4
32832,0
32833,-4
32834,-4
32835,0
32836,0
32837,2
32838,0
32839,-4
32840,-4
32841,-4
32842,0
32843,0
32844,0
32845,4
32846,0
32847,0
32848,2
32849,-8
32850,0
32851,0
32852,0
32853,0
32854,0
32855,0
32856,0
32857,4
32858,-4
32859,0
32860,0
32861,0
32862,4
32863,0
32864,4
32865,4
32866,-12
32867,6
32868,18
32869,4
32870,0
32871,2
32872,0
32873,4
32874,0
32875,0
32876,-4
32877,2
32878,-4
32879,4
32880,-4
32881,0
32882,0
32883,6
32884,0
32885,0
32886,6
32887,0
32888,-4
32889,0
32890,0
32891,0
32892,-4
32893,0
32894,-4
32895,-4
32896,0
32897,-4
32898,-4
32899,0
32900,0
32901,0
32902,0
32903,-4
32904,0
32905,-2
32906,-4
32907,-4
32908,-4
32909,-4
32910,-6
32911,-4
32912,2
32913,-4
32914,-4
32915,-4
32916,-4
32917,-4
32918,6
32919,0
32920,0
32921,-6
32922,-4
32923,2
32924,-4
32925,0
32926,6
32927,-4
32928,-4
32929,-4
32930,0
32931,-4
32932,-6
32933,0
32934,0
32935,-4
32936,0
32937,2
32938,0
32939,20
32940,2
32941,0
32942,2
32943,0
32944,0
32945,-14
32946,0
32947,0
32948,0
32949,0
32950,0
32951,0
32952,-6
32953,4
32954,0
32955,4
32956,2
32957,0
32958,2
32959,4
32960,10
32961,-4
32962,0
32963,4
32964,0
32965,0
32966,0
32967,0
32968,-4
32969,0
32970,0
32971,10
32972,-6
32973,-18
32974,-8
32975,-14
32976,-14
32977,-4
32978,-4
32979,6
32980,6
32981,0
32982,10
32983,6
32984,10
32985,10
32986,4
32987,10
32988,20
32989,6
32990,2
32991,4
32992,4
32993,0
32994,0
32995,0
32996,0
32997,-6
32998,0
32999,-4
33000,-4
33001,-2
33002,-6
33003,-4
33004,-4
33005,-4
33006,40
33007,-4
33008,-6
33009,-6
33010,10
33011,0
33012,-4
33013,-6
33014,0
33015,0
33016,-4
33017,-4
33018,-4
33019,-4
33020,-4
33021,24
33022,-4
33023,-4
33024,-4
33025,2
33026,0
33027,0
33028,-4
33029,6
33030,-4
33031,0
33032,6
33033,0
33034,-4
33035,2
33036,0
33037,-4
33038,0
33039,-4
33040,0
33041,-4
33042,0
33043,0
33044,6
33045,0
33046,0
33047,4
33048,2
33049,0
33050,0
33051,0
33052,0
33053,2
33054,6
33055,0
33056,6
33057,4
33058,4
33059,14
33060,0
33061,-12
33062,6
33063,0
33064,0
33065,2
33066,6
33067,-14
33068,4
33069,0
33070,2
33071,4
33072,2
33073,2
33074,0
33075,6
33076,-4
33077,2
33078,4
33079,6
33080,6
33081,4
33082,4
33083,6
33084,-4
33085,0
33086,0
33087,0
33088,0
33089,0
33090,-12
33091,0
33092,0
33093,10
33094,4
33095,-8
33096,0
33097,0
33098,0
33099,0
33100,0
33101,2
33102,0
33103,0
33104,-4
33105,0
33106,-4
33107,-6
33108,-4
33109,0
33110,0
33111,0
33112,0
33113,-6
33114,0
33115,0
33116,-6
33117,0
33118,0
33119,-4
33120,-4
33121,0
33122,2
33123,0
33124,-4
33125,-4
33126,0
33127,-4
33128,-4
33129,0
33130,-4
33131,0
33132,0
33133,0
33134,2
33135,0
33136,0
33137,-18
33138,0
33139,0
33140,4
33141,-4
33142,0
33143,2
33144,0
33145,-14
33146,0
33147,0
33148,0
33149,16
33150,0
33151,0
33152,0
33153,0
33154,6
33155,0
33156,0
33157,0
33158,-4
33159,2
33160,0
33161,-4
33162,0
33163,0
33164,2
33165,6
33166,0
33167,24
33168,4
33169,0
33170,0
33171,0
33172,12
33173,0
33174,-4
33175,0
33176,0
33177,10
33178,0
33179,2
33180,2
33181,-4
33182,0
33183,-4
33184,-4
33185,0
33186,0
33187,0
33188,0
33189,0
33190,-4
33191,-4
33192,0
33193,-4
33194,0
33195,-4
33196,-4
33197,-4
33198,0
33199,0
33200,0
33201,-2
33202,0
33203,-4
33204,0
33205,0
33206,-4
33207,-4
33208,-4
33209,-4
33210,2
33211,4
33212,0
33213,-4
33214,-2
33215,-4
33216,-4
33217,-4
33218,-4
33219,0
33220,-4
33221,-4
33222,-4
33223,-4
33224,-2
33225,-4
33226,-4
33227,0
33228,-4
33229,-4
33230,0
33231,0
33232,-4
33233,-18
33234,0
33235,0
33236,0
33237,-4
33238,16
33239,0
33240,0
33241,0
33242,0
33243,-4
33244,0
33245,0
33246,-4
33247,0
33248,2
33249,-4
33250,0
33251,-18
33252,0
33253,-4
33254,2
33255,0
33256,0
33257,0
33258,4
33259,0
33260,0
33261,4
33262,0
33263,0
33264,6
33265,0
33266,0
33267,0
33268,0
33269,-14
33270,-6
33271,0
33272,0
33273,6
33274,2
33275,4
33276,0
33277,6
33278,0
33279,4
33280,2
33281,0
33282,0
33283,-14
33284,0
33285,2
33286,6
33287,0
33288,0
33289,0
33290,0
33291,10
33292,6
33293,0
33294,2
33295,-4
33296,-4
33297,0
33298,0
33299,20
33300,0
33301,0
33302,-4
33303,-4
33304,0
33305,-4
33306,0
33307,0
33308,-4
33309,0
33310,2
33311,-4
33312,-4
33313,-8
33314,-6
33315,-4
33316,-4
33317,-4
33318,-4
33319,-8
33320,6
33321,-4
33322,0
33323,-4
33324,-4
33325,0
33326,0
33327,-4
33328,0
33329,-6
33330,-4
33331,0
33332,4
33333,0
33334,0
33335,0
33336,0
33337,0
33338,0
33339,-4
33340,0
33341,0
33342,0
33343,0
33344,-14
33345,0
33346,0
33347,0
33348,0
33349,-4
33350,0
33351,20
33352,0
33353,0
33354,2
33355,2
33356,2
33357,6
33358,4
33359,0
33360,2
33361,0
33362,-4
33363,-6
33364,6
33365,4
33366,2
33367,2
33368,0
33369,0
33370,0
33371,-8
33372,-4
33373,6
33374,2
33375,0
33376,0
33377,2
33378,2
33379,0
33380,2
33381,0
33382,-10
33383,0
33384,2
33385,6
33386,0
33387,0
33388,0
33389,0
33390,0
33391,0
33392,0
33393,0
33394,2
33395,0
33396,0
33397,6
33398,-4
33399,0
33400,-4
33401,4
33402,0
33403,-4
33404,-4
33405,0
33406,-4
33407,0
33408,-4
33409,-4
33410,0
33411,2
33412,-6
33413,-4
33414,-4
33415,10
33416,-4
33417,-4
33418,-4
33419,-4
33420,0
33421,-16
33422,0
33423,-4
33424,-4
33425,-20
33426,-4
33427,-4
33428,-4
33429,-4
33430,-4
33431,6
33432,0
33433,-4
33434,6
33435,0
33436,-4
33437,14
33438,0
33439,0
33440,0
33441,6
33442,0
33443,-4
33444,2
33445,-8
33446,0
33447,0
33448,0
33449,-4
33450,0
33451,0
33452,0
33453,-4
33454,0
33455,0
33456,0
33457,4
33458,0
33459,0
33460,2
33461,4
33462,-14
33463,2
33464,0
33465,2
33466,6
33467,0
33468,0
33469,0
33470,2
33471,0
33472,6
33473,2
33474,2
33475,6
33476,0
33477,0
33478,0
33479,4
33480,4
33481,0
33482,-10
33483,0
33484,-4
33485,-4
33486,2
33487,0
33488,0
33489,0
33490,4
33491,0
33492,0
33493,2
33494,2
33495,0
33496,-14
33497,-4
33498,-10
33499,0
33500,-4
33501,0
33502,0
33503,0
33504,0
33505,-4
33506,0
33507,-4
33508,-4
33509,0
33510,-4
33511,0
33512,-6
33513,-4
33514,-2
33515,2
33516,0
33517,-4
33518,10
33519,0
33520,-4
33521,-4
33522,-4
33523,0
33524,-2
33525,2
33526,-4
33527,0
33528,-6
33529,0
33530,-4
33531,-4
33532,-4
33533,-4
33534,4
33535,-4
33536,-4
33537,0
33538,0
33539,6
33540,0
33541,0
33542,0
33543,0
33544,0
33545,0
33546,0
33547,0
33548,0
33549,0
33550,0
33551,0
33552,0
33553,0
33554,0
33555,2
33556,0
33557,0
33558,0
33559,2
33560,0
33561,0
33562,4
33563,6
33564,0
33565,0
33566,20
33567,2
33568,0
33569,0
33570,0
33571,2
33572,2
33573,6
33574,-10
33575,2
33576,0
33577,0
33578,-4
33579,-4
33580,2
33581,2
33582,0
33583,0
33584,12
33585,0
33586,-4
33587,10
33588,-2
33589,0
33590,4
33591,2
33592,0
33593,0
33594,0
33595,0
33596,0
33597,0
33598,0
33599,-4
33600,-10
33601,-6
33602,-4
33603,-4
33604,2
33605,0
33606,-4
33607,-4
33608,-6
33609,-4
33610,0
33611,0
33612,10
33613,-4
33614,-4
33615,-4
33616,0
33617,-6
33618,0
33619,0
33620,0
33621,-4
33622,-6
33623,-4
33624,6
33625,-4
33626,2
33627,20
33628,-4
33629,-4
33630,0
33631,-4
33632,0
33633,28
33634,-4
33635,0
33636,-4
33637,0
33638,-4
33639,0
33640,0
33641,2
33642,0
33643,0
33644,-4
33645,0
33646,-4
33647,-4
33648,-4
33649,0
33650,0
33651,0
33652,0
33653,0
33654,4
33655,0
33656,0
33657,4
33658,2
33659,0
33660,0
33661,0
33662,2
33663,0
33664,0
33665,6
33666,6
33667,0
33668,2
33669,0
33670,-4
33671,0
33672,0
33673,2
33674,6
33675,0
33676,2
33677,-16
33678,0
33679,4
33680,-4
33681,2
33682,4
33683,-6
33684,0
33685,0
33686,0
33687,0
33688,0
33689,0
33690,-14
33691,0
33692,0
33693,-4
33694,0
33695,-4
33696,0
33697,0
33698,0
33699,0
33700,-8
33701,6
33702,-4
33703,0
33704,-2
33705,-4
33706,0
33707,-4
33708,-6
33709,0
33710,-4
33711,0
33712,-4
33713,0
33714,0
33715,-4
33716,-4
33717,0
33718,-4
33719,-4
33720,-4
33721,-4
33722,-4
33723,0
33724,0
33725,0
33726,10
33727,-4
33728,0
33729,10
33730,-4
33731,0
33732,-4
33733,-4
33734,0
33735,-4
33736,-4
33737,-4
33738,-4
33739,-4
33740,0
33741,0
33742,0
33743,0
33744,0
33745,0
33746,2
33747,10
33748,20
33749,0
33750,0
33751,0
33752,0
33753,0
33754,2
33755,-4
33756,0
33757,4
33758,2
33759,0
33760,2
33761,0
33762,0
33763,2
33764,0
33765,-4
33766,2
33767,4
33768,0
33769,16
33770,6
33771,-4
33772,0
33773,-6
33774,2
33775,2
33776,-10
33777,2
33778,2
33779,0
33780,2
33781,4
33782,6
33783,16
33784,-4
33785,6
33786,-8
33787,0
33788,2
33789,0
33790,0
33791,-6
33792,-4
33793,-12
33794,0
33795,-4
33796,0
33797,2
33798,-4
33799,-2
33800,-4
33801,-4
33802,0
33803,0
33804,-6
33805,0
33806,0
33807,-4
33808,-4
33809,0
33810,0
33811,-4
33812,-4
33813,-4
33814,-4
33815,-2
33816,-4
33817,4
33818,0
33819,-4
33820,-4
33821,0
33822,0
33823,0
33824,-4
33825,-4
33826,-6
33827,-4
33828,-4
33829,-22
33830,2
33831,-4
33832,4
33833,2
33834,-4
33835,4
33836,-4
33837,0
33838,-4
33839,2
33840,0
33841,0
33842,0
33843,0
33844,4
33845,0
33846,-4
33847,0
33848,0
33849,-12
33850,0
33851,0
33852,0
33853,-34
33854,0
33855,4
33856,2
33857,0
33858,6
33859,4
33860,4
33861,0
33862,0
33863,0
33864,2
33865,0
33866,2
33867,0
33868,2
33869,4
33870,0
33871,16
33872,0
33873,6
33874,0
33875,-14
33876,4
33877,-4
33878,6
33879,6
33880,0
33881,4
33882,0
33883,0
33884,-6
33885,-18
33886,0
33887,2
33888,0
33889,-12
33890,0
33891,0
33892,0
33893,0
33894,-4
33895,0
33896,-14
33897,-4
33898,0
33899,6
33900,0
33901,6
33902,0
33903,0
33904,-4
33905,-4
33906,-4
33907,0
33908,0
33909,0
33910,-14
33911,-10
33912,-4
33913,2
33914,-4
33915,-4
33916,0
33917,-4
33918,-6
33919,-4
33920,-4
33921,-4
33922,-4
33923,-4
33924,0
33925,0
33926,-4
33927,-6
33928,0
33929,-4
33930,6
33931,-4
33932,-4
33933,6
33934,2
33935,0
33936,0
33937,0
33938,0
33939,0
33940,-8
33941,0
33942,-4
33943,0
33944,0
33945,0
33946,0
33947,0
33948,-4
33949,-4
33950,-16
33951,0
33952,-4
33953,0
33954,-4
33955,2
33956,0
33957,0
33958,6
33959,0
33960,-4
33961,-10
33962,0
33963,10
33964,4
33965,2
33966,0
33967,2
33968,10
33969,2
33970,0
33971,0
33972,0
33973,0
33974,0
33975,-4
33976,2
33977,0
33978,-14
33979,-4
33980,-4
33981,10
33982,6
33983,2
33984,4
33985,-16
33986,0
33987,0
33988,2
33989,0
33990,0
33991,0
33992,0
33993,0
33994,0
33995,0
33996,-4
33997,2
33998,-4
33999,0
34000,0
34001,0
34002,0
34003,-4
34004,0
34005,-4
34006,-4
34007,-4
34008,2
34009,-4
34010,6
34011,-4
34012,-4
34013,0
34014,-8
34015,0
34016,-4
34017,-4
34018,2
34019,-2
34020,-4
34021,-4
34022,0
34023,-4
34024,4
34025,-4
34026,-4
34027,-4
34028,-4
34029,-4
34030,0
34031,0
34032,0
34033,-4
34034,0
34035,0
34036,0
34037,0
34038,-4
34039,-4
34040,-4
34041,2
34042,0
34043,0
34044,0
34045,6
34046,0
34047,0
34048,-4
34049,0
34050,0
34051,0
34052,0
34053,0
34054,0
34055,2
34056,0
34057,0
34058,2
34059,0
34060,6
34061,0
34062,2
34063,6
34064,6
34065,-10
34066,0
34067,6
34068,0
34069,0
34070,0
34071,0
34072,12
34073,2
34074,-22
34075,0
34076,0
34077,24
34078,-4
34079,6
34080,10
34081,0
34082,-4
34083,-4
34084,-4
34085,0
34086,0
34087,2
34088,0
34089,0
34090,6
34091,0
34092,0
34093,0
34094,-16
34095,2
34096,0
34097,-4
34098,0
34099,0
34100,0
34101,0
34102,0
34103,-6
34104,-6
34105,-4
34106,2
34107,0
34108,-4
34109,-4
34110,0
34111,10
34112,-4
34113,4
34114,-4
34115,-28
34116,-4
34117,-2
34118,0
34119,0
34120,-4
34121,-4
34122,-6
34123,-4
34124,-4
34125,-4
34126,-6
34127,-4
34128,-4
34129,-6
34130,-4
34131,0
34132,-6
34133,-2
34134,0
34135,-4
34136,-2
34137,0
34138,6
34139,0
34140,0
34141,0
34142,0
34143,0
34144,0
34145,0
34146,0
34147,2
34148,0
34149,0
34150,0
34151,-10
34152,2
34153,0
34154,0
34155,2
34156,0
34157,6
34158,6
34159,4
34160,2
34161,0
34162,0
34163,0
34164,0
34165,0
34166,10
34167,0
34168,0
34169,0
34170,2
34171,4
34172,2
34173,0
34174,0
34175,0
34176,-4
34177,4
34178,0
34179,-4
34180,-6
34181,0
34182,4
34183,6
34184,-4
34185,0
34186,0
34187,0
34188,-2
34189,0
34190,-8
34191,-4
34192,0
34193,0
34194,2
34195,0
34196,0
34197,2
34198,6
34199,0
34200,0
34201,0
34202,2
34203,0
34204,-4
34205,0
34206,0
34207,10
34208,-4
34209,-4
34210,-4
34211,-6
34212,-4
34213,-4
34214,0
34215,0
34216,-12
34217,-6
34218,-4
34219,-2
34220,-4
34221,-6
34222,-4
34223,-2
34224,-4
34225,2
34226,-4
34227,0
34228,2
34229,-4
34230,-4
34231,4
34232,0
34233,-6
34234,0
34235,0
34236,0
34237,-4
34238,0
34239,-4
34240,0
34241,0
34242,0
34243,0
34244,0
34245,0
34246,10
34247,2
34248,-4
34249,0
34250,2
34251,0
34252,0
34253,0
34254,2
34255,4
34256,0
34257,2
34258,0
34259,2
34260,-4
34261,2
34262,6
34263,2
34264,0
34265,2
34266,2
34267,-4
34268,4
34269,0
34270,26
34271,-4
34272,0
34273,6
34274,0
34275,-4
34276,0
34277,0
34278,2
34279,-16
34280,0
34281,6
34282,0
34283,2
34284,-4
34285,4
34286,0
34287,0
34288,6
34289,0
34290,0
34291,-14
34292,10
34293,14
34294,0
34295,0
34296,0
34297,0
34298,0
34299,0
34300,0
34301,0
34302,0
34303,0
34304,-4
34305,-2
34306,-4
34307,-4
34308,0
34309,0
34310,-4
34311,0
34312,-4
34313,-4
34314,-4
34315,0
34316,0
34317,-4
34318,-4
34319,-6
34320,-6
34321,6
34322,-4
34323,0
34324,-4
34325,-4
34326,-4
34327,-4
34328,0
34329,-4
34330,-4
34331,0
34332,0
34333,0
34334,2
34335,0
34336,0
34337,-4
34338,0
34339,0
34340,-4
34341,0
34342,0
34343,-4
34344,-14
34345,-4
34346,0
34347,6
34348,-8
34349,0
34350,0
34351,0
34352,0
34353,0
34354,0
34355,0
34356,4
34357,0
34358,2
34359,4
34360,2
34361,4
34362,0
34363,0
34364,0
34365,0
34366,0
34367,0
34368,-4
34369,0
34370,2
34371,2
34372,0
34373,0
34374,0
34375,0
34376,-4
34377,6
34378,-14
34379,0
34380,0
34381,-6
34382,6
34383,0
34384,0
34385,20
34386,2
34387,0
34388,0
34389,6
34390,0
34391,2
34392,0
34393,-4
34394,0
34395,-6
34396,6
34397,0
34398,-2
34399,0
34400,0
34401,-4
34402,0
34403,-4
34404,0
34405,-4
34406,-2
34407,-4
34408,-4
34409,0
34410,-4
34411,0
34412,0
34413,-4
34414,-4
34415,0
34416,-4
34417,-4
34418,-4
34419,-4
34420,0
34421,0
34422,-4
34423,0
34424,-8
34425,0
34426,-4
34427,-14
34428,-4
34429,-10
34430,-28
34431,0
34432,0
34433,-6
34434,0
34435,0
34436,0
34437,-4
34438,-4
34439,0
34440,0
34441,4
34442,0
34443,0
34444,0
34445,-4
34446,0
34447,2
34448,-4
34449,0
34450,0
34451,0
34452,0
34453,0
34454,6
34455,0
34456,0
34457,14
34458,0
34459,2
34460,0
34461,0
34462,0
34463,4
34464,-4
34465,0
34466,0
34467,2
34468,4
34469,0
34470,0
34471,0
34472,-10
34473,2
34474,6
34475,0
34476,0
34477,12
34478,0
34479,-4
34480,4
34481,0
34482,0
34483,-4
34484,10
34485,0
34486,2
34487,6
34488,0
34489,-4
34490,0
34491,0
34492,0
34493,4
34494,0
34495,0
34496,0
34497,2
34498,0
34499,2
34500,0
34501,0
34502,0
34503,0
34504,-12
34505,0
34506,0
34507,12
34508,0
34509,0
34510,0
34511,0
34512,-2
34513,-4
34514,-4
34515,-4
34516,-4
34517,0
34518,-4
34519,-4
34520,0
34521,-2
34522,-20
34523,-4
34524,-4
34525,0
34526,-6
34527,-4
34528,-4
34529,-4
34530,0
34531,0
34532,6
34533,0
34534,4
34535,0
34536,0
34537,0
34538,-14
34539,0
34540,0
34541,-2
34542,16
34543,0
34544,-4
34545,0
34546,0
34547,4
34548,0
34549,0
34550,4
34551,0
34552,0
34553,2
34554,0
34555,0
34556,0
34557,0
34558,2
34559,2
34560,2
34561,0
34562,2
34563,0
34564,4
34565,6
34566,2
34567,2
34568,0
34569,2
34570,2
34571,2
34572,0
34573,4
34574,4
34575,0
34576,-10
34577,0
34578,-4
34579,2
34580,0
34581,2
34582,-4
34583,-16
34584,-4
34585,0
34586,0
34587,0
34588,6
34589,0
34590,-4
34591,0
34592,0
34593,0
34594,4
34595,0
34596,-10
34597,0
34598,0
34599,-4
34600,0
34601,0
34602,0
34603,0
34604,2
34605,0
34606,0
34607,-4
34608,0
34609,-4
34610,0
34611,-4
34612,-4
34613,-4
34614,0
34615,-4
34616,-4
34617,-4
34618,12
34619,-4
34620,0
34621,-4
34622,0
34623,0
34624,0
34625,-4
34626,-2
34627,0
34628,-4
34629,-4
34630,-4
34631,-4
34632,-4
34633,0
34634,-4
34635,6
34636,-4
34637,-4
34638,0
34639,-4
34640,0
34641,0
34642,0
34643,0
34644,0
34645,0
34646,0
34647,2
34648,2
34649,0
34650,0
34651,0
34652,0
34653,16
34654,4
34655,0
34656,0
34657,0
34658,0
34659,4
34660,0
34661,4
34662,6
34663,0
34664,0
34665,6
34666,12
34667,6
34668,0
34669,2
34670,2
34671,0
34672,0
34673,-4
34674,0
34675,2
34676,0
34677,2
34678,2
34679,-6
34680,-4
34681,0
34682,4
34683,4
34684,0
34685,6
34686,0
34687,-4
34688,-4
34689,0
34690,0
34691,-4
34692,-4
34693,2
34694,0
34695,4
34696,0
34697,-6
34698,0
34699,4
34700,4
34701,4
34702,10
34703,0
34704,0
34705,0
34706,0
34707,-6
34708,0
34709,-4
34710,-2
34711,-4
34712,-4
34713,0
34714,-4
34715,6
34716,-4
34717,0
34718,-6
34719,0
34720,-6
34721,-2
34722,-4
34723,-22
34724,-4
34725,10
34726,-4
34727,0
34728,-22
34729,-4
34730,4
34731,-4
34732,-4
34733,2
34734,-8
34735,-4
34736,-4
34737,0
34738,0
34739,-4
34740,-2
34741,2
34742,2
34743,-4
34744,4
34745,-4
34746,2
34747,2
34748,2
34749,2
34750,0
34751,2
34752,0
34753,0
34754,0
34755,0
34756,0
34757,6
34758,4
34759,0
34760,0
34761,2
34762,0
34763,0
34764,4
34765,-4
34766,0
34767,0
34768,0
34769,4
34770,0
34771,-14
34772,2
34773,0
34774,2
34775,-4
34776,2
34777,0
34778,6
34779,0
34780,-4
34781,10
34782,0
34783,0
34784,-4
34785,-4
34786,-4
34787,4
34788,-4
34789,0
34790,0
34791,0
34792,12
34793,-2
34794,0
34795,0
34796,-4
34797,0
34798,-14
34799,0
34800,0
34801,0
34802,0
34803,2
34804,0
34805,-4
34806,-4
34807,-4
34808,-4
34809,-4
34810,-4
34811,-4
34812,-4
34813,0
34814,0
34815,0
34816,-6
34817,-4
34818,-6
34819,0
34820,-6
34821,0
34822,0
34823,-4
34824,0
34825,-4
34826,-4
34827,0
34828,-4
34829,-4
34830,-4
34831,0
34832,0
34833,-6
34834,-4
34835,0
34836,2
34837,0
34838,0
34839,-4
34840,-4
34841,-4
34842,0
34843,-4
34844,0
34845,-4
34846,-4
34847,0
34848,0
34849,0
34850,-20
34851,0
34852,0
34853,-16
34854,0
34855,2
34856,4
34857,4
34858,0
34859,0
34860,0
34861,-6
34862,2
34863,0
34864,0
34865,2
34866,6
34867,-4
34868,2
34869,24
34870,0
34871,-4
34872,-4
34873,2
34874,0
34875,6
34876,0
34877,-14
34878,2
34879,2
34880,10
34881,0
34882,-4
34883,0
34884,-10
34885,0
34886,6
34887,4
34888,0
34889,10
34890,0
34891,0
34892,0
34893,0
34894,0
34895,10
34896,0
34897,0
34898,0
34899,0
34900,2
34901,2
34902,0
34903,-4
34904,0
34905,-4
34906,0
34907,0
34908,-4
34909,0
34910,-4
34911,0
34912,-4
34913,0
34914,0
34915,-4
34916,0
34917,-4
34918,-4
34919,-20
34920,0
34921,-4
34922,4
34923,-4
34924,-28
34925,-4
34926,2
34927,-4
34928,0
34929,0
34930,2
34931,-4
34932,6
34933,-4
34934,2
34935,0
34936,-4
34937,0
34938,0
34939,0
34940,0
34941,-14
34942,-4
34943,0
34944,0
34945,0
34946,0
34947,0
34948,0
34949,6
34950,2
34951,6
34952,10
34953,0
34954,0
34955,2
34956,2
34957,0
34958,4
34959,4
34960,0
34961,0
34962,10
34963,0
34964,2
34965,2
34966,0
34967,6
34968,6
34969,2
34970,4
34971,0
34972,2
34973,0
34974,2
34975,6
34976,16
34977,0
34978,0
34979,0
34980,0
34981,6
34982,0
34983,6
34984,0
34985,0
34986,0
34987,2
34988,2
34989,0
34990,6
34991,0
34992,0
34993,0
34994,2
34995,0
34996,-4
34997,0
34998,0
34999,0
35000,2
35001,0
35002,-4
35003,-4
35004,-4
35005,-4
35006,0
35007,-12
35008,-4
35009,0
35010,-6
35011,0
35012,0
35013,-4
35014,0
35015,0
35016,-4
35017,-4
35018,-4
35019,-4
35020,0
35021,-4
35022,-4
35023,-2
35024,-4
35025,-4
35026,-4
35027,-4
35028,4
35029,-4
35030,-4
35031,2
35032,0
35033,0
35034,4
35035,0
35036,0
35037,2
35038,-4
35039,0
35040,0
35041,2
35042,0
35043,0
35044,0
35045,0
35046,0
35047,0
35048,2
35049,0
35050,-4
35051,0
35052,-4
35053,0
35054,6
35055,6
35056,2
35057,6
35058,0
35059,0
35060,16
35061,0
35062,14
35063,0
35064,-4
35065,2
35066,2
35067,2
35068,6
35069,4
35070,0
35071,-4
35072,0
35073,-4
35074,2
35075,2
35076,4
35077,0
35078,2
35079,10
35080,6
35081,0
35082,-4
35083,0
35084,0
35085,0
35086,14
35087,-4
35088,-4
35089,0
35090,20
35091,0
35092,0
35093,0
35094,0
35095,0
35096,-4
35097,0
35098,-4
35099,0
35100,4
35101,0
35102,2
35103,0
35104,0
35105,-4
35106,0
35107,0
35108,-4
35109,-4
35110,-14
35111,-4
35112,0
35113,-4
35114,-4
35115,-4
35116,-4
35117,-4
35118,-8
35119,-4
35120,-4
35121,-4
35122,-4
35123,20
35124,-4
35125,-28
35126,0
35127,0
35128,-4
35129,-4
35130,-4
35131,-4
35132,0
35133,-4
35134,-4
35135,0
35136,0
35137,0
35138,0
35139,0
35140,0
35141,-4
35142,0
35143,0
35144,0
35145,0
35146,0
35147,0
35148,0
35149,0
35150,0
35151,0
35152,0
35153,2
35154,4
35155,0
35156,2
35157,0
35158,0
35159,0
35160,-4
35161,2
35162,0
35163,0
35164,-14
35165,6
35166,4
35167,0
35168,4
35169,0
35170,6
35171,4
35172,0
35173,2
35174,-4
35175,0
35176,0
35177,0
35178,-4
35179,6
35180,0
35181,2
35182,2
35183,-4
35184,0
35185,10
35186,0
35187,4
35188,0
35189,0
35190,0
35191,-4
35192,0
35193,-6
35194,6
35195,0
35196,-18
35197,0
35198,-4
35199,2
35200,4
35201,-4
35202,2
35203,-4
35204,-4
35205,0
35206,0
35207,-6
35208,0
35209,-4
35210,-4
35211,-4
35212,0
35213,2
35214,0
35215,-2
35216,0
35217,-4
35218,-4
35219,-4
35220,0
35221,-4
35222,-4
35223,0
35224,-4
35225,-4
35226,-4
35227,-8
35228,-4
35229,0
35230,-6
35231,0
35232,0
35233,4
35234,0
35235,2
35236,0
35237,0
35238,-4
35239,-4
35240,0
35241,0
35242,0
35243,0
35244,2
35245,14
35246,6
35247,2
35248,2
35249,0
35250,6
35251,-4
35252,0
35253,0
35254,0
35255,4
35256,0
35257,0
35258,0
35259,2
35260,6
35261,4
35262,4
35263,0
35264,-6
35265,6
35266,6
35267,0
35268,0
35269,0
35270,-10
35271,24
35272,0
35273,4
35274,0
35275,2
35276,2
35277,-10
35278,0
35279,2
35280,6
35281,-4
35282,0
35283,6
35284,0
35285,0
35286,4
35287,14
35288,2
35289,14
35290,0
35291,0
35292,-4
35293,0
35294,0
35295,2
35296,0
35297,-4
35298,0
35299,-4
35300,-4
35301,0
35302,2
35303,-4
35304,0
35305,0
35306,-4
35307,-4
35308,-4
35309,-4
35310,-4
35311,-4
35312,0
35313,0
35314,-20
35315,-16
35316,0
35317,-4
35318,0
35319,-4
35320,-4
35321,-4
35322,0
35323,0
35324,-10
35325,-4
35326,-4
35327,-2
35328,0
35329,-4
35330,-4
35331,0
35332,0
35333,4
35334,0
35335,-4
35336,-4
35337,0
35338,0
35339,-4
35340,-4
35341,0
35342,0
35343,0
35344,-4
35345,0
35346,0
35347,0
35348,2
35349,0
35350,0
35351,0
35352,0
35353,0
35354,10
35355,18
35356,2
35357,6
35358,0
35359,0
35360,2
35361,0
35362,2
35363,6
35364,0
35365,2
35366,12
35367,0
35368,4
35369,-10
35370,0
35371,2
35372,-16
35373,0
35374,0
35375,0
35376,16
35377,2
35378,4
35379,0
35380,0
35381,2
35382,-4
35383,14
35384,-4
35385,2
35386,-6
35387,2
35388,0
35389,0
35390,0
35391,0
35392,0
35393,-4
35394,0
35395,0
35396,0
35397,0
35398,-16
35399,0
35400,0
35401,0
35402,0
35403,10
35404,0
35405,-4
35406,0
35407,-4
35408,-4
35409,-4
35410,-2
35411,-4
35412,-4
35413,2
35414,0
35415,-4
35416,20
35417,-4
35418,-4
35419,-14
35420,0
35421,-4
35422,-4
35423,-4
35424,-4
35425,0
35426,-4
35427,-4
35428,0
35429,0
35430,-4
35431,0
35432,-4
35433,-4
35434,0
35435,-18
35436,0
35437,0
35438,0
35439,-4
35440,-4
35441,10
35442,-4
35443,0
35444,0
35445,0
35446,0
35447,2
35448,0
35449,0
35450,4
35451,2
35452,0
35453,0
35454,0
35455,0
35456,0
35457,4
35458,4
35459,2
35460,0
35461,2
35462,0
35463,2
35464,2
35465,2
35466,0
35467,-14
35468,4
35469,6
35470,0
35471,0
35472,2
35473,-4
35474,0
35475,6
35476,0
35477,2
35478,0
35479,-4
35480,6
35481,2
35482,0
35483,2
35484,2
35485,-4
35486,0
35487,-4
35488,4
35489,0
35490,20
35491,0
35492,0
35493,0
35494,0
35495,6
35496,0
35497,4
35498,0
35499,0
35500,-4
35501,-4
35502,0
35503,0
35504,-4
35505,-4
35506,0
35507,0
35508,-4
35509,-4
35510,-4
35511,0
35512,-4
35513,0
35514,0
35515,-2
35516,-4
35517,18
35518,-4
35519,-6
35520,0
35521,-4
35522,-4
35523,-4
35524,0
35525,-10
35526,-4
35527,0
35528,10
35529,-4
35530,0
35531,4
35532,0
35533,0
35534,-4
35535,0
35536,0
35537,-4
35538,-4
35539,-4
35540,0
35541,0
35542,6
35543,12
35544,0
35545,-4
35546,0
35547,0
35548,0
35549,-4
35550,-12
35551,2
35552,2
35553,0
35554,4
35555,0
35556,4
35557,0
35558,0
35559,6
35560,0
35561,0
35562,6
35563,0
35564,0
35565,0
35566,2
35567,4
35568,-6
35569,0
35570,2
35571,0
35572,2
35573,18
35574,0
35575,24
35576,2
35577,0
35578,-14
35579,2
35580,6
35581,-10
35582,0
35583,0
35584,6
35585,16
35586,6
35587,-4
35588,0
35589,4
35590,0
35591,-6
35592,0
35593,0
35594,0
35595,-4
35596,-4
35597,0
35598,0
35599,-4
35600,0
35601,0
35602,6
35603,-4
35604,-4
35605,0
35606,-4
35607,-6
35608,2
35609,0
35610,-6
35611,0
35612,0
35613,-4
35614,-4
35615,0
35616,0
35617,0
35618,-6
35619,0
35620,-4
35621,-2
35622,-4
35623,-4
35624,-4
35625,0
35626,-2
35627,-8
35628,-4
35629,0
35630,-4
35631,0
35632,-6
35633,4
35634,-4
35635,0
35636,0
35637,0
35638,-4
35639,0
35640,-4
35641,-4
35642,0
35643,0
35644,0
35645,0
35646,0
35647,0
35648,0
35649,6
35650,0
35651,0
35652,-4
35653,0
35654,0
35655,0
35656,0
35657,2
35658,6
35659,2
35660,0
35661,0
35662,0
35663,4
35664,0
35665,6
35666,0
35667,0
35668,4
35669,0
35670,10
35671,14
35672,-4
35673,2
35674,0
35675,0
35676,0
35677,-16
35678,0
35679,0
35680,0
35681,4
35682,0
35683,4
35684,-10
35685,0
35686,2
35687,0
35688,0
35689,-4
35690,0
35691,-2
35692,-2
35693,0
35694,6
35695,0
35696,0
35697,0
35698,-4
35699,0
35700,0
35701,-4
35702,4
35703,0
35704,-4
35705,0
35706,-4
35707,-2
35708,-2
35709,0
35710,-4
35711,-4
35712,-4
35713,-4
35714,-4
35715,-4
35716,-4
35717,-4
35718,10
35719,0
35720,-6
35721,0
35722,0
35723,-2
35724,2
35725,0
35726,0
35727,-4
35728,-4
35729,2
35730,0
35731,4
35732,4
35733,-4
35734,-4
35735,0
35736,-18
35737,0
35738,-4
35739,0
35740,12
35741,0
35742,2
35743,-4
35744,0
35745,4
35746,4
35747,0
35748,0
35749,0
35750,0
35751,0
35752,0
35753,2
35754,4
35755,0
35756,0
35757,0
35758,0
35759,0
35760,0
35761,10
35762,0
35763,0
35764,2
35765,4
35766,0
35767,0
35768,4
35769,4
35770,0
35771,2
35772,-10
35773,2
35774,0
35775,4
35776,-14
35777,0
35778,2
35779,6
35780,2
35781,2
35782,-4
35783,14
35784,2
35785,0
35786,-6
35787,0
35788,4
35789,-4
35790,4
35791,0
35792,0
35793,0
35794,0
35795,0
35796,2
35797,0
35798,0
35799,0
35800,0
35801,-4
35802,0
35803,0
35804,-4
35805,-4
35806,-4
35807,0
35808,-6
35809,-14
35810,0
35811,-8
35812,-6
35813,0
35814,-4
35815,-6
35816,0
35817,-4
35818,-4
35819,-6
35820,0
35821,0
35822,-4
35823,-4
35824,-4
35825,0
35826,-4
35827,-4
35828,0
35829,-4
35830,0
35831,-6
35832,-4
35833,-4
35834,6
35835,4
35836,0
35837,0
35838,0
35839,0
35840,0
35841,0
35842,0
35843,0
35844,-14
35845,-4
35846,4
35847,0
35848,0
35849,0
35850,0
35851,0
35852,0
35853,30
35854,0
35855,2
35856,4
35857,4
35858,0
35859,-4
35860,4
35861,-4
35862,-4
35863,0
35864,-4
35865,2
35866,-14
35867,4
35868,6
35869,0
35870,2
35871,0
35872,0
35873,6
35874,2
35875,2
35876,0
35877,0
35878,-4
35879,0
35880,4
35881,0
35882,6
35883,0
35884,2
35885,-6
35886,0
35887,0
35888,2
35889,2
35890,6
35891,2
35892,0
35893,2
35894,-4
35895,0
35896,0
35897,0
35898,0
35899,0
35900,-6
35901,-4
35902,0
35903,0
35904,-4
35905,-4
35906,0
35907,0
35908,0
35909,-24
35910,-2
35911,20
35912,-8
35913,-4
35914,4
35915,20
35916,-4
35917,-4
35918,-4
35919,0
35920,-4
35921,0
35922,-4
35923,6
35924,-4
35925,-8
35926,0
35927,-4
35928,26
35929,0
35930,-4
35931,0
35932,-4
35933,4
35934,6
35935,0
35936,0
35937,0
35938,0
35939,-8
35940,0
35941,2
35942,-4
35943,-4
35944,20
35945,0
35946,-4
35947,0
35948,4
35949,0
35950,0
35951,-10
35952,0
35953,2
35954,-4
35955,0
35956,0
35957,0
35958,0
35959,6
35960,0
35961,2
35962,2
35963,0
35964,0
35965,0
35966,6
35967,10
35968,0
35969,0
35970,0
35971,6
35972,0
35973,10
35974,2
35975,-4
35976,2
35977,6
35978,-28
35979,0
35980,0
35981,-4
35982,0
35983,-4
35984,6
35985,0
35986,2
35987,2
35988,0
35989,-4
35990,2
35991,14
35992,-4
35993,-4
35994,0
35995,0
35996,-4
35997,-4
35998,18
35999,-4
36000,-4
36001,0
36002,0
36003,0
36004,6
36005,0
36006,-4
36007,-4
36008,0
36009,-4
36010,-4
36011,0
36012,0
36013,0
36014,-4
36015,-4
36016,0
36017,2
36018,-4
36019,0
36020,-4
36021,-4
36022,-4
36023,-4
36024,0
36025,-4
36026,-4
36027,0
36028,0
36029,-4
36030,-30
36031,-4
36032,-4
36033,10
36034,-4
36035,0
36036,0
36037,0
36038,0
36039,-4
36040,2
36041,2
36042,0
36043,0
36044,-4
36045,0
36046,0
36047,6
36048,0
36049,-4
36050,0
36051,0
36052,2
36053,0
36054,2
36055,0
36056,6
36057,0
36058,-6
36059,0
36060,6
36061,6
36062,0
36063,6
36064,2
36065,0
36066,-2
36067,4
36068,-4
36069,4
36070,4
36071,4
36072,4
36073,4
36074,0
36075,2
36076,2
36077,10
36078,4
36079,4
36080,10
36081,6
36082,0
36083,10
36084,0
36085,-4
36086,-4
36087,-16
36088,0
36089,-10
36090,0
36091,0
36092,10
36093,0
36094,-4
36095,0
36096,0
36097,-4
36098,-4
36099,-4
36100,0
36101,0
36102,0
36103,-4
36104,6
36105,0
36106,-4
36107,0
36108,-4
36109,0
36110,0
36111,0
36112,-4
36113,-14
36114,0
36115,-4
36116,0
36117,-4
36118,-4
36119,-4
36120,-4
36121,-8
36122,-4
36123,-4
36124,-20
36125,-4
36126,-4
36127,-4
36128,-4
36129,0
36130,-4
36131,-4
36132,0
36133,-4
36134,0
36135,0
36136,-4
36137,-4
36138,-4
36139,0
36140,0
36141,0
36142,4
36143,0
36144,0
36145,0
36146,0
36147,6
36148,2
36149,-4
36150,18
36151,0
36152,0
36153,2
36154,6
36155,4
36156,0
36157,0
36158,10
36159,0
36160,0
36161,0
36162,2
36163,4
36164,0
36165,0
36166,0
36167,0
36168,0
36169,4
36170,6
36171,0
36172,-8
36173,0
36174,2
36175,2
36176,20
36177,0
36178,-4
36179,6
36180,0
36181,2
36182,2
36183,20
36184,4
36185,0
36186,-6
36187,0
36188,0
36189,4
36190,0
36191,0
36192,24
36193,-8
36194,4
36195,0
36196,0
36197,-4
36198,0
36199,0
36200,0
36201,-4
36202,0
36203,0
36204,2
36205,-4
36206,0
36207,-4
36208,-4
36209,0
36210,-4
36211,-4
36212,0
36213,-28
36214,-4
36215,-4
36216,-4
36217,-4
36218,-10
36219,0
36220,-4
36221,0
36222,-10
36223,0
36224,-4
36225,-4
36226,-6
36227,0
36228,0
36229,-4
36230,-4
36231,0
36232,-4
36233,-4
36234,0
36235,6
36236,6
36237,0
36238,-4
36239,-4
36240,0
36241,0
36242,2
36243,0
36244,-4
36245,0
36246,-20
36247,0
36248,0
36249,0
36250,0
36251,0
36252,0
36253,0
36254,4
36255,10
36256,0
36257,0
36258,0
36259,2
36260,2
36261,0
36262,2
36263,0
36264,0
36265,6
36266,-4
36267,-4
36268,2
36269,0
36270,0
36271,2
36272,0
36273,0
36274,4
36275,4
36276,6
36277,4
36278,4
36279,6
36280,2
36281,4
36282,-4
36283,0
36284,10
36285,0
36286,0
36287,-2
36288,-4
36289,2
36290,-14
36291,0
36292,0
36293,0
36294,0
36295,0
36296,0
36297,-4
36298,0
36299,0
36300,2
36301,-4
36302,4
36303,0
36304,6
36305,0
36306,0
36307,-2
36308,-4
36309,-4
36310,-4
36311,-46
36312,0
36313,-4
36314,-4
36315,0
36316,-4
36317,14
36318,0
36319,-4
36320,-4
36321,-4
36322,-4
36323,-4
36324,-6
36325,-4
36326,0
36327,-2
36328,-4
36329,-6
36330,-4
36331,0
36332,0
36333,-22
36334,0
36335,2
36336,2
36337,2
36338,0
36339,10
36340,0
36341,0
36342,-18
36343,-4
36344,-16
36345,0
36346,4
36347,0
36348,0
36349,0
36350,0
36351,0
36352,4
36353,2
36354,0
36355,2
36356,0
36357,0
36358,2
36359,4
36360,-4
36361,0
36362,2
36363,0
36364,2
36365,-4
36366,2
36367,0
36368,2
36369,0
36370,4
36371,2
36372,2
36373,14
36374,0
36375,-14
36376,2
36377,6
36378,-10
36379,0
36380,0
36381,6
36382,0
36383,6
36384,0
36385,10
36386,0
36387,-4
36388,0
36389,0
36390,-10
36391,0
36392,0
36393,0
36394,0
36395,-4
36396,-4
36397,0
36398,0
36399,0
36400,-4
36401,-4
36402,0
36403,0
36404,-10
36405,0
36406,-4
36407,-4
36408,0
36409,-4
36410,-4
36411,-4
36412,-4
36413,0
36414,-4
36415,-4
36416,-4
36417,0
36418,-6
36419,0
36420,-4
36421,6
36422,-8
36423,0
36424,-4
36425,-4
36426,-4
36427,-4
36428,0
36429,-14
36430,-4
36431,-4
36432,10
36433,-4
36434,0
36435,0
36436,-4
36437,0
36438,-4
36439,-4
36440,-4
36441,0
36442,0
36443,0
36444,0
36445,0
36446,0
36447,0
36448,0
36449,2
36450,0
36451,-22
36452,-4
36453,0
36454,0
36455,4
36456,-10
36457,0
36458,2
36459,4
36460,0
36461,6
36462,0
36463,0
36464,6
36465,-4
36466,2
36467,4
36468,0
36469,2
36470,4
36471,-4
36472,0
36473,0
36474,-4
36475,2
36476,6
36477,-4
36478,0
36479,4
36480,-4
36481,0
36482,6
36483,-4
36484,0
36485,0
36486,0
36487,-4
36488,0
36489,0
36490,0
36491,-4
36492,0
36493,0
36494,0
36495,-4
36496,0
36497,6
36498,2
36499,0
36500,0
36501,4
36502,6
36503,0
36504,0
36505,0
36506,2
36507,0
36508,-4
36509,-4
36510,-4
36511,-4
36512,-4
36513,-4
36514,-6
36515,0
36516,0
36517,-20
36518,-4
36519,0
36520,-4
36521,-6
36522,0
36523,-4
36524,-4
36525,-4
36526,-4
36527,-8
36528,18
36529,-4
36530,-4
36531,-6
36532,-16
36533,-4
36534,2
36535,-4
36536,0
36537,0
36538,0
36539,4
36540,0
36541,-4
36542,-4
36543,0
36544,0
36545,0
36546,0
36547,0
36548,-4
36549,2
36550,0
36551,0
36552,-6
36553,-20
36554,0
36555,4
36556,2
36557,0
36558,-10
36559,0
36560,0
36561,0
36562,-4
36563,0
36564,0
36565,2
36566,4
36567,0
36568,0
36569,2
36570,4
36571,18
36572,4
36573,0
36574,12
36575,0
36576,0
36577,-6
36578,0
36579,2
36580,0
36581,6
36582,16
36583,0
36584,4
36585,2
36586,12
36587,0
36588,-4
36589,6
36590,0
36591,16
36592,0
36593,2
36594,-4
36595,0
36596,0
36597,0
36598,0
36599,-4
36600,0
36601,0
36602,0
36603,-2
36604,0
36605,-4
36606,-4
36607,-4
36608,-4
36609,0
36610,-4
36611,-4
36612,0
36613,-4
36614,0
36615,-4
36616,-4
36617,-4
36618,-10
36619,-4
36620,6
36621,0
36622,-4
36623,-10
36624,-4
36625,-22
36626,-4
36627,-4
36628,0
36629,-4
36630,-4
36631,-4
36632,-4
36633,0
36634,10
36635,2
36636,0
36637,0
36638,-2
36639,-4
36640,0
36641,6
36642,0
36643,0
36644,4
36645,0
36646,4
36647,-4
36648,6
36649,-4
36650,-4
36651,10
36652,4
36653,-4
36654,0
36655,2
36656,0
36657,4
36658,4
36659,0
36660,0
36661,-4
36662,0
36663,0
36664,0
36665,0
36666,2
36667,0
36668,-4
36669,0
36670,4
36671,4
36672,26
36673,0
36674,4
36675,6
36676,4
36677,0
36678,0
36679,28
36680,-4
36681,0
36682,0
36683,4
36684,6
36685,6
36686,-22
36687,0
36688,0
36689,0
36690,0
36691,0
36692,12
36693,-4
36694,-4
36695,-4
36696,0
36697,0
36698,-4
36699,0
36700,-4
36701,0
36702,0
36703,0
36704,-2
36705,-6
36706,0
36707,-4
36708,0
36709,-6
36710,-4
36711,-4
36712,-4
36713,-4
36714,0
36715,-4
36716,0
36717,0
36718,-4
36719,-4
36720,-4
36721,-4
36722,-2
36723,-4
36724,-4
36725,0
36726,0
36727,-4
36728,-4
36729,0
36730,-4
36731,-4
36732,4
36733,-4
36734,0
36735,0
36736,10
36737,-4
36738,-4
36739,0
36740,0
36741,0
36742,0
36743,10
36744,2
36745,0
36746,-4
36747,6
36748,6
36749,4
36750,0
36751,0
36752,12
36753,-36
36754,0
36755,-2
36756,2
36757,4
36758,2
36759,0
36760,-4
36761,-4
36762,-4
36763,6
36764,4
36765,0
36766,4
36767,0
36768,-4
36769,2
36770,0
36771,6
36772,0
36773,-12
36774,0
36775,-12
36776,0
36777,0
36778,14
36779,0
36780,0
36781,0
36782,6
36783,4
36784,4
36785,10
36786,-4
36787,0
36788,6
36789,0
36790,6
36791,0
36792,0
36793,0
36794,0
36795,2
36796,-4
36797,-4
36798,-14
36799,16
36800,24
36801,-2
36802,-4
36803,-6
36804,-4
36805,-6
36806,-6
36807,0
36808,-4
36809,0
36810,4
36811,-4
36812,-4
36813,-4
36814,0
36815,14
36816,-4
36817,-4
36818,-4
36819,-4
36820,-4
36821,-6
36822,0
36823,-2
36824,-4
36825,-4
36826,0
36827,0
36828,0
36829,2
36830,-4
36831,-4
36832,-18
36833,0
36834,0
36835,6
36836,2
36837,-4
36838,6
36839,0
36840,-6
36841,0
36842,-4
36843,4
36844,-4
36845,0
36846,0
36847,0
36848,2
36849,0
36850,0
36851,0
36852,2
36853,0
36854,0
36855,2
36856,0
36857,4
36858,4
36859,0
36860,0
36861,0
36862,4
36863,-4
36864,-4
36865,0
36866,2
36867,0
36868,0
36869,-16
36870,0
36871,4
36872,0
36873,0
36874,2
36875,4
36876,0
36877,24
36878,0
36879,0
36880,2
36881,2
36882,0
36883,6
36884,16
36885,0
36886,6
36887,2
36888,0
36889,0
36890,2
36891,-4
36892,0
36893,0
36894,0
36895,0
36896,-4
36897,0
36898,0
36899,-4
36900,0
36901,0
36902,0
36903,0
36904,0
36905,0
36906,0
36907,0
36908,0
36909,-4
36910,-4
36911,-6
36912,-4
36913,0
36914,4
36915,0
36916,0
36917,0
36918,-4
36919,-4
36920,0
36921,-4
36922,-4
36923,-4
36924,-4
36925,6
36926,-4
36927,-4
36928,-22
36929,-4
36930,0
36931,-24
36932,0
36933,-4
36934,-2
36935,0
36936,0
36937,0
36938,0
36939,0
36940,0
36941,-4
36942,0
36943,0
36944,0
36945,-4
36946,0
36947,-4
36948,-4
36949,-4
36950,0
36951,0
36952,0
36953,0
36954,2
36955,-4
36956,0
36957,0
36958,0
36959,0
36960,0
36961,0
36962,0
36963,2
36964,-6
36965,2
36966,-10
36967,-4
36968,2
36969,4
36970,4
36971,10
36972,-20
36973,6
36974,0
36975,4
36976,2
36977,0
36978,4
36979,12
36980,0
36981,0
36982,-14
36983,4
36984,-4
36985,-6
36986,-6
36987,-2
36988,-4
36989,10
36990,-4
36991,0
36992,10
36993,-4
36994,2
36995,-10
36996,0
36997,-6
36998,-4
36999,-4
37000,0
37001,-4
37002,2
37003,0
37004,-4
37005,-4
37006,0
37007,0
37008,0
37009,-4
37010,-4
37011,-4
37012,0
37013,0
37014,-6
37015,0
37016,0
37017,-4
37018,-6
37019,-4
37020,0
37021,-4
37022,-6
37023,0
37024,-4
37025,-4
37026,0
37027,-4
37028,-8
37029,0
37030,-4
37031,-4
37032,0
37033,-4
37034,-12
37035,0
37036,0
37037,0
37038,0
37039,0
37040,0
37041,0
37042,0
37043,0
37044,0
37045,0
37046,10
37047,0
37048,0
37049,0
37050,0
37051,2
37052,0
37053,0
37054,0
37055,10
37056,-6
37057,0
37058,6
37059,4
37060,0
37061,0
37062,0
37063,0
37064,4
37065,-4
37066,-14
37067,0
37068,0
37069,0
37070,2
37071,-14
37072,4
37073,-4
37074,0
37075,2
37076,2
37077,0
37078,-4
37079,0
37080,2
37081,0
37082,-14
37083,-6
37084,6
37085,-4
37086,0
37087,4
37088,0
37089,0
37090,0
37091,2
37092,0
37093,-8
37094,4
37095,0
37096,2
37097,-8
37098,0
37099,0
37100,0
37101,14
37102,0
37103,0
37104,-4
37105,0
37106,-4
37107,0
37108,0
37109,0
37110,-6
37111,-4
37112,-4
37113,0
37114,0
37115,0
37116,6
37117,0
37118,-2
37119,-6
37120,-6
37121,24
37122,24
37123,0
37124,-6
37125,4
37126,0
37127,-4
37128,-6
37129,-4
37130,0
37131,-6
37132,-8
37133,6
37134,0
37135,0
37136,2
37137,-14
37138,-4
37139,-4
37140,0
37141,4
37142,-4
37143,0
37144,0
37145,2
37146,-4
37147,0
37148,0
37149,2
37150,0
37151,0
37152,0
37153,0
37154,0
37155,0
37156,0
37157,0
37158,0
37159,0
37160,0
37161,0
37162,0
37163,2
37164,0
37165,2
37166,2
37167,18
37168,2
37169,2
37170,-8
37171,4
37172,2
37173,-12
37174,0
37175,-4
37176,4
37177,-4
37178,0
37179,2
37180,-4
37181,-4
37182,0
37183,0
37184,2
37185,2
37186,0
37187,0
37188,2
37189,2
37190,0
37191,0
37192,2
37193,0
37194,0
37195,-4
37196,-4
37197,-4
37198,4
37199,-6
37200,10
37201,0
37202,0
37203,0
37204,6
37205,-4
37206,-4
37207,0
37208,0
37209,0
37210,0
37211,-4
37212,-4
37213,-4
37214,-8
37215,-4
37216,0
37217,2
37218,-4
37219,-4
37220,-6
37221,0
37222,0
37223,16
37224,-4
37225,0
37226,-4
37227,20
37228,0
37229,0
37230,4
37231,-4
37232,0
37233,2
37234,0
37235,0
37236,-4
37237,0
37238,-4
37239,-4
37240,0
37241,0
37242,6
37243,-4
37244,4
37245,6
37246,0
37247,0
37248,4
37249,-4
37250,0
37251,-4
37252,0
37253,0
37254,0
37255,0
37256,0
37257,4
37258,2
37259,0
37260,2
37261,-2
37262,0
37263,-4
37264,-12
37265,4
37266,2
37267,0
37268,-4
37269,2
37270,0
37271,0
37272,-4
37273,0
37274,6
37275,2
37276,4
37277,0
37278,2
37279,0
37280,0
37281,4
37282,0
37283,-4
37284,0
37285,0
37286,0
37287,10
37288,2
37289,0
37290,0
37291,10
37292,4
37293,0
37294,0
37295,0
37296,4
37297,0
37298,-4
37299,-6
37300,-10
37301,0
37302,0
37303,0
37304,-8
37305,-4
37306,-4
37307,-4
37308,0
37309,0
37310,-4
37311,-4
37312,0
37313,-4
37314,-28
37315,-4
37316,-4
37317,-4
37318,-4
37319,-4
37320,-4
37321,-4
37322,0
37323,-4
37324,-4
37325,-4
37326,-4
37327,-4
37328,0
37329,-14
37330,-4
37331,-4
37332,-18
37333,0
37334,-4
37335,0
37336,6
37337,-4
37338,0
37339,0
37340,-4
37341,0
37342,2
37343,0
37344,0
37345,-4
37346,0
37347,0
37348,-6
37349,0
37350,0
37351,-4
37352,0
37353,0
37354,-4
37355,0
37356,4
37357,0
37358,0
37359,0
37360,0
37361,0
37362,0
37363,0
37364,4
37365,0
37366,2
37367,6
37368,0
37369,6
37370,4
37371,2
37372,0
37373,2
37374,-22
37375,6
37376,-6
37377,0
37378,2
37379,10
37380,2
37381,0
37382,-8
37383,0
37384,4
37385,-4
37386,18
37387,0
37388,0
37389,10
37390,-4
37391,0
37392,-4
37393,0
37394,2
37395,-4
37396,0
37397,0
37398,0
37399,-4
37400,0
37401,0
37402,2
37403,2
37404,-2
37405,0
37406,0
37407,0
37408,-4
37409,-4
37410,-4
37411,-4
37412,-4
37413,-4
37414,0
37415,-4
37416,-4
37417,-4
37418,0
37419,-4
37420,-4
37421,2
37422,-4
37423,-4
37424,-4
37425,0
37426,-4
37427,-4
37428,-8
37429,-4
37430,0
37431,0
37432,0
37433,0
37434,-4
37435,0
37436,0
37437,-4
37438,-4
37439,-4
37440,-4
37441,2
37442,0
37443,0
37444,-4
37445,0
37446,2
37447,0
37448,0
37449,6
37450,6
37451,0
37452,0
37453,-2
37454,2
37455,0
37456,0
37457,2
37458,4
37459,0
37460,4
37461,4
37462,4
37463,0
37464,0
37465,2
37466,0
37467,0
37468,0
37469,14
37470,2
37471,6
37472,6
37473,2
37474,0
37475,4
37476,4
37477,0
37478,0
37479,2
37480,0
37481,6
37482,18
37483,-2
37484,2
37485,-12
37486,-4
37487,0
37488,-4
37489,0
37490,0
37491,0
37492,20
37493,0
37494,0
37495,-4
37496,0
37497,-4
37498,-4
37499,0
37500,-4
37501,0
37502,-14
37503,-4
37504,0
37505,-4
37506,-4
37507,0
37508,-4
37509,-4
37510,-4
37511,0
37512,0
37513,0
37514,0
37515,-4
37516,-4
37517,0
37518,-4
37519,10
37520,-2
37521,-6
37522,-10
37523,-4
37524,-4
37525,2
37526,-4
37527,2
37528,0
37529,-4
37530,-6
37531,2
37532,-4
37533,2
37534,-6
37535,-4
37536,-6
37537,10
37538,-4
37539,6
37540,-4
37541,-8
37542,-4
37543,0
37544,-4
37545,2
37546,0
37547,-4
37548,0
37549,0
37550,2
37551,0
37552,0
37553,0
37554,6
37555,2
37556,4
37557,0
37558,2
37559,0
37560,4
37561,0
37562,0
37563,0
37564,0
37565,2
37566,2
37567,2
37568,0
37569,0
37570,-4
37571,6
37572,0
37573,-12
37574,0
37575,-22
37576,4
37577,6
37578,-4
37579,0
37580,2
37581,-4
37582,0
37583,0
37584,6
37585,2
37586,-4
37587,6
37588,0
37589,2
37590,14
37591,0
37592,0
37593,4
37594,-4
37595,-4
37596,0
37597,-14
37598,0
37599,0
37600,0
37601,0
37602,0
37603,-8
37604,-4
37605,-4
37606,-4
37607,-4
37608,0
37609,0
37610,-4
37611,0
37612,6
37613,-4
37614,0
37615,0
37616,-4
37617,-4
37618,-4
37619,-6
37620,0
37621,0
37622,-4
37623,-20
37624,-4
37625,0
37626,-4
37627,-4
37628,-6
37629,0
37630,-4
37631,-4
37632,0
37633,-4
37634,-4
37635,-4
37636,2
37637,0
37638,4
37639,0
37640,-4
37641,0
37642,-8
37643,0
37644,-4
37645,6
37646,2
37647,0
37648,0
37649,2
37650,0
37651,-4
37652,0
37653,0
37654,-4
37655,0
37656,0
37657,0
37658,0
37659,2
37660,0
37661,2
37662,0
37663,-4
37664,0
37665,-10
37666,-6
37667,-12
37668,0
37669,2
37670,14
37671,-4
37672,0
37673,0
37674,-4
37675,0
37676,-4
37677,4
37678,6
37679,-4
37680,-12
37681,4
37682,0
37683,-10
37684,0
37685,0
37686,6
37687,2
37688,0
37689,-4
37690,0
37691,-4
37692,0
37693,0
37694,0
37695,0
37696,0
37697,0
37698,0
37699,-4
37700,0
37701,6
37702,-4
37703,0
37704,0
37705,0
37706,-4
37707,0
37708,-4
37709,-4
37710,-50
37711,-6
37712,0
37713,0
37714,0
37715,-4
37716,4
37717,-4
37718,0
37719,-4
37720,-4
37721,0
37722,-4
37723,0
37724,-4
37725,-4
37726,0
37727,-4
37728,-6
37729,10
37730,0
37731,-6
37732,0
37733,0
37734,-4
37735,-24
37736,0
37737,2
37738,-8
37739,-4
37740,-4
37741,0
37742,0
37743,-4
37744,-8
37745,0
37746,-4
37747,10
37748,0
37749,0
37750,0
37751,0
37752,0
37753,-14
37754,0
37755,0
37756,4
37757,6
37758,0
37759,4
37760,0
37761,2
37762,0
37763,2
37764,-2
37765,0
37766,0
37767,2
37768,-10
37769,2
37770,0
37771,0
37772,2
37773,0
37774,0
37775,0
37776,-4
37777,0
37778,2
37779,-22
37780,-4
37781,2
37782,14
37783,6
37784,0
37785,-4
37786,0
37787,0
37788,4
37789,0
37790,0
37791,0
37792,10
37793,0
37794,0
37795,-4
37796,-24
37797,-2
37798,-4
37799,-4
37800,2
37801,-4
37802,0
37803,0
37804,0
37805,10
37806,-4
37807,-4
37808,0
37809,-10
37810,0
37811,0
37812,-4
37813,-4
37814,-4
37815,-4
37816,-4
37817,10
37818,-6
37819,-4
37820,-4
37821,-4
37822,0
37823,0
37824,-4
37825,0
37826,-4
37827,0
37828,6
37829,-6
37830,0
37831,10
37832,-4
37833,-4
37834,-4
37835,0
37836,4
37837,0
37838,0
37839,0
37840,-4
37841,0
37842,0
37843,-4
37844,0
37845,0
37846,0
37847,0
37848,-4
37849,2
37850,0
37851,0
37852,0
37853,0
37854,-4
37855,-4
37856,0
37857,0
37858,-4
37859,2
37860,0
37861,0
37862,0
37863,0
37864,0
37865,2
37866,0
37867,0
37868,2
37869,0
37870,2
37871,0
37872,-4
37873,0
37874,0
37875,0
37876,2
37877,6
37878,-4
37879,-4
37880,-4
37881,6
37882,0
37883,-6
37884,-4
37885,4
37886,-2
37887,-4
37888,14
37889,0
37890,4
37891,0
37892,0
37893,6
37894,6
37895,6
37896,0
37897,0
37898,-4
37899,0
37900,0
37901,0
37902,0
37903,0
37904,0
37905,6
37906,-4
37907,-4
37908,-4
37909,18
37910,0
37911,0
37912,-4
37913,-4
37914,-6
37915,-4
37916,-4
37917,0
37918,2
37919,-4
37920,-4
37921,0
37922,-4
37923,-4
37924,-4
37925,4
37926,0
37927,-6
37928,-2
37929,-4
37930,-4
37931,0
37932,-4
37933,-4
37934,0
37935,-4
37936,6
37937,2
37938,-4
37939,-6
37940,0
37941,0
37942,4
37943,0
37944,0
37945,0
37946,-4
37947,0
37948,-18
37949,0
37950,-4
37951,6
37952,6
37953,2
37954,0
37955,0
37956,0
37957,0
37958,0
37959,0
37960,0
37961,2
37962,0
37963,2
37964,-4
37965,2
37966,2
37967,2
37968,0
37969,6
37970,6
37971,18
37972,0
37973,2
37974,0
37975,0
37976,0
37977,18
37978,0
37979,0
37980,-4
37981,0
37982,2
37983,0
37984,-14
37985,-4
37986,0
37987,-4
37988,2
37989,0
37990,24
37991,-4
37992,0
37993,12
37994,-10
37995,-14
37996,-4
37997,0
37998,0
37999,0
38000,0
38001,0
38002,0
38003,2
38004,0
38005,-12
38006,0
38007,-4
38008,-4
38009,2
38010,-8
38011,-2
38012,-4
38013,-4
38014,-4
38015,0
38016,-4
38017,-4
38018,-4
38019,-2
38020,-4
38021,-2
38022,4
38023,4
38024,0
38025,-4
38026,-4
38027,-6
38028,-4
38029,-4
38030,-4
38031,0
38032,-4
38033,0
38034,4
38035,2
38036,-20
38037,0
38038,0
38039,0
38040,-4
38041,2
38042,0
38043,0
38044,0
38045,0
38046,2
38047,-4
38048,0
38049,-4
38050,0
38051,2
38052,0
38053,0
38054,0
38055,0
38056,0
38057,4
38058,2
38059,10
38060,4
38061,12
38062,0
38063,6
38064,0
38065,4
38066,0
38067,4
38068,-4
38069,0
38070,2
38071,0
38072,4
38073,0
38074,6
38075,4
38076,0
38077,2
38078,0
38079,-4
38080,4
38081,0
38082,2
38083,12
38084,0
38085,-4
38086,0
38087,0
38088,-4
38089,0
38090,4
38091,10
38092,0
38093,0
38094,0
38095,0
38096,0
38097,4
38098,-4
38099,0
38100,0
38101,-4
38102,2
38103,-4
38104,2
38105,0
38106,6
38107,0
38108,0
38109,0
38110,0
38111,24
38112,-4
38113,-4
38114,0
38115,-4
38116,-4
38117,-4
38118,0
38119,-4
38120,0
38121,-4
38122,0
38123,-4
38124,-4
38125,-4
38126,14
38127,-4
38128,4
38129,-4
38130,-8
38131,-4
38132,-4
38133,2
38134,-8
38135,0
38136,2
38137,-4
38138,14
38139,0
38140,6
38141,0
38142,-4
38143,-8
38144,-4
38145,10
38146,0
38147,0
38148,0
38149,0
38150,0
38151,0
38152,-4
38153,0
38154,0
38155,2
38156,4
38157,0
38158,0
38159,2
38160,4
38161,0
38162,0
38163,2
38164,0
38165,0
38166,-4
38167,0
38168,0
38169,4
38170,6
38171,0
38172,4
38173,0
38174,-14
38175,4
38176,20
38177,2
38178,6
38179,18
38180,2
38181,-2
38182,6
38183,0
38184,0
38185,6
38186,0
38187,0
38188,0
38189,0
38190,0
38191,-4
38192,-4
38193,0
38194,-4
38195,2
38196,0
38197,2
38198,0
38199,0
38200,0
38201,0
38202,-10
38203,-4
38204,0
38205,-4
38206,-4
38207,0
38208,-4
38209,-4
38210,-4
38211,0
38212,-4
38213,0
38214,0
38215,-4
38216,-4
38217,-4
38218,-4
38219,-8
38220,-22
38221,-4
38222,-4
38223,0
38224,6
38225,-4
38226,10
38227,-4
38228,0
38229,-30
38230,0
38231,-4
38232,-4
38233,-4
38234,-4
38235,6
38236,4
38237,0
38238,-4
38239,-20
38240,-4
38241,10
38242,2
38243,0
38244,-4
38245,0
38246,4
38247,0
38248,2
38249,0
38250,0
38251,2
38252,6
38253,0
38254,0
38255,0
38256,4
38257,6
38258,2
38259,4
38260,6
38261,6
38262,4
38263,4
38264,4
38265,-4
38266,0
38267,-4
38268,4
38269,0
38270,6
38271,0
38272,0
38273,0
38274,0
38275,0
38276,4
38277,2
38278,0
38279,0
38280,0
38281,2
38282,0
38283,0
38284,2
38285,-10
38286,-4
38287,0
38288,-4
38289,0
38290,0
38291,0
38292,4
38293,0
38294,0
38295,0
38296,0
38297,-4
38298,2
38299,0
38300,0
38301,-2
38302,6
38303,0
38304,-4
38305,-4
38306,0
38307,-4
38308,-4
38309,-4
38310,-4
38311,-4
38312,-4
38313,0
38314,6
38315,-4
38316,0
38317,-6
38318,-4
38319,-6
38320,-10
38321,0
38322,-4
38323,0
38324,0
38325,-4
38326,-24
38327,0
38328,-6
38329,-4
38330,-4
38331,2
38332,-4
38333,-4
38334,-4
38335,0
38336,0
38337,0
38338,-6
38339,-4
38340,2
38341,0
38342,0
38343,-4
38344,-4
38345,0
38346,-4
38347,0
38348,0
38349,4
38350,2
38351,-16
38352,2
38353,28
38354,0
38355,0
38356,2
38357,2
38358,2
38359,6
38360,2
38361,6
38362,0
38363,6
38364,2
38365,0
38366,4
38367,0
38368,0
38369,0
38370,6
38371,-14
38372,2
38373,-14
38374,2
38375,2
38376,6
38377,0
38378,4
38379,2
38380,2
38381,0
38382,0
38383,0
38384,6
38385,6
38386,-4
38387,4
38388,0
38389,0
38390,-4
38391,0
38392,0
38393,0
38394,12
38395,12
38396,0
38397,2
38398,0
38399,-20
38400,10
38401,14
38402,-4
38403,-4
38404,-4
38405,0
38406,0
38407,0
38408,0
38409,-4
38410,-4
38411,0
38412,-4
38413,-4
38414,-4
38415,-16
38416,0
38417,-4
38418,6
38419,-4
38420,-4
38421,-4
38422,-28
38423,0
38424,0
38425,0
38426,0
38427,0
38428,-4
38429,4
38430,-4
38431,-2
38432,0
38433,-4
38434,0
38435,-4
38436,4
38437,2
38438,0
38439,-14
38440,-4
38441,10
38442,0
38443,0
38444,0
38445,2
38446,0
38447,0
38448,4
38449,-4
38450,0
38451,0
38452,0
38453,4
38454,2
38455,0
38456,4
38457,2
38458,6
38459,6
38460,2
38461,0
38462,2
38463,12
38464,4
38465,0
38466,2
38467,-4
38468,0
38469,10
38470,4
38471,-14
38472,2
38473,0
38474,6
38475,4
38476,-4
38477,0
38478,6
38479,-4
38480,-4
38481,4
38482,-6
38483,0
38484,2
38485,6
38486,6
38487,-4
38488,2
38489,-8
38490,0
38491,6
38492,-4
38493,0
38494,0
38495,0
38496,0
38497,12
38498,0
38499,0
38500,0
38501,-4
38502,4
38503,0
38504,0
38505,0
38506,0
38507,0
38508,0
38509,-4
38510,-4
38511,0
38512,-6
38513,0
38514,-4
38515,-6
38516,-4
38517,-4
38518,0
38519,0
38520,0
38521,0
38522,-4
38523,-4
38524,-4
38525,-4
38526,0
38527,0
38528,-4
38529,0
38530,0
38531,-8
38532,-4
38533,0
38534,6
38535,0
38536,0
38537,-4
38538,0
38539,0
38540,0
38541,-4
38542,-4
38543,0
38544,-6
38545,6
38546,-4
38547,0
38548,0
38549,-4
38550,0
38551,-4
38552,0
38553,0
38554,0
38555,2
38556,2
38557,2
38558,-4
38559,2
38560,2
38561,6
38562,0
38563,0
38564,10
38565,0
38566,2
38567,0
38568,4
38569,2
38570,6
38571,0
38572,0
38573,0
38574,0
38575,0
38576,4
38577,2
38578,-2
38579,-4
38580,0
38581,-4
38582,-2
38583,-4
38584,-4
38585,10
38586,-4
38587,0
38588,0
38589,-4
38590,0
38591,0
38592,0
38593,0
38594,-4
38595,4
38596,0
38597,-10
38598,-4
38599,-4
38600,0
38601,-4
38602,0
38603,0
38604,-4
38605,-4
38606,-2
38607,-4
38608,0
38609,-8
38610,-4
38611,-4
38612,-10
38613,-4
38614,0
38615,0
38616,0
38617,0
38618,0
38619,0
38620,-4
38621,0
38622,-4
38623,-4
38624,-4
38625,-4
38626,-4
38627,-10
38628,0
38629,-4
38630,0
38631,0
38632,-4
38633,-4
38634,0
38635,2
38636,-4
38637,-4
38638,-4
38639,-4
38640,0
38641,6
38642,0
38643,-4
38644,0
38645,-4
38646,0
38647,-4
38648,4
38649,0
38650,6
38651,-4
38652,-4
38653,-4
38654,10
38655,0
38656,-12
38657,-4
38658,0
38659,2
38660,4
38661,4
38662,-14
38663,2
38664,-16
38665,-4
38666,-4
38667,-4
38668,0
38669,0
38670,28
38671,4
38672,0
38673,0
38674,0
38675,-6
38676,4
38677,4
38678,-4
38679,2
38680,0
38681,10
38682,0
38683,6
38684,-14
38685,0
38686,6
38687,-4
38688,-10
38689,0
38690,6
38691,-4
38692,12
38693,0
38694,0
38695,0
38696,0
38697,-4
38698,0
38699,-4
38700,0
38701,0
38702,-4
38703,0
38704,0
38705,-4
38706,-4
38707,6
38708,-4
38709,0
38710,0
38711,-4
38712,6
38713,-2
38714,-4
38715,0
38716,0
38717,-4
38718,-4
38719,-4
38720,-20
38721,0
38722,-4
38723,-4
38724,-4
38725,0
38726,-4
38727,2
38728,0
38729,-4
38730,0
38731,-4
38732,-4
38733,-4
38734,10
38735,-4
38736,2
38737,-6
38738,-4
38739,0
38740,10
38741,-4
38742,0
38743,-4
38744,-4
38745,0
38746,12
38747,-4
38748,-10
38749,0
38750,0
38751,-4
38752,-4
38753,0
38754,0
38755,0
38756,0
38757,0
38758,0
38759,-4
38760,2
38761,4
38762,6
38763,2
38764,4
38765,6
38766,2
38767,0
38768,0
38769,4
38770,6
38771,10
38772,2
38773,12
38774,2
38775,2
38776,4
38777,2
38778,-4
38779,6
38780,0
38781,-4
38782,6
38783,-4
38784,2
38785,6
38786,-14
38787,0
38788,0
38789,-4
38790,0
38791,0
38792,0
38793,6
38794,0
38795,0
38796,10
38797,0
38798,-4
38799,0
38800,0
38801,-4
38802,2
38803,0
38804,2
38805,0
38806,-4
38807,-4
38808,-4
38809,0
38810,-6
38811,0
38812,0
38813,-6
38814,0
38815,-4
38816,-4
38817,-4
38818,-4
38819,-4
38820,-4
38821,-2
38822,0
38823,-4
38824,-4
38825,-2
38826,0
38827,0
38828,0
38829,0
38830,-4
38831,-36
38832,-4
38833,0
38834,-28
38835,-4
38836,4
38837,-6
38838,0
38839,-4
38840,6
38841,-2
38842,0
38843,-6
38844,0
38845,0
38846,-14
38847,0
38848,-6
38849,0
38850,0
38851,2
38852,6
38853,6
38854,0
38855,0
38856,0
38857,0
38858,0
38859,6
38860,0
38861,0
38862,0
38863,0
38864,2
38865,-8
38866,0
38867,4
38868,-4
38869,2
38870,4
38871,-6
38872,6
38873,0
38874,2
38875,0
38876,0
38877,6
38878,2
38879,-14
38880,0
38881,0
38882,-4
38883,2
38884,0
38885,0
38886,6
38887,4
38888,0
38889,0
38890,0
38891,0
38892,0
38893,-4
38894,6
38895,2
38896,0
38897,2
38898,4
38899,-4
38900,0
38901,-4
38902,2
38903,0
38904,-4
38905,0
38906,-4
38907,0
38908,-4
38909,0
38910,-2
38911,-4
38912,-4
38913,10
38914,-4
38915,-4
38916,-4
38917,-4
38918,0
38919,-4
38920,-4
38921,0
38922,0
38923,-4
38924,-4
38925,-10
38926,-4
38927,-22
38928,-4
38929,-4
38930,12
38931,-4
38932,-4
38933,-4
38934,0
38935,0
38936,-8
38937,0
38938,-4
38939,10
38940,0
38941,0
38942,0
38943,0
38944,0
38945,0
38946,4
38947,0
38948,0
38949,4
38950,0
38951,0
38952,0
38953,0
38954,0
38955,4
38956,0
38957,0
38958,0
38959,6
38960,0
38961,4
38962,2
38963,0
38964,4
38965,4
38966,4
38967,0
38968,-4
38969,4
38970,10
38971,2
38972,4
38973,0
38974,2
38975,0
38976,-2
38977,0
38978,0
38979,12
38980,6
38981,2
38982,0
38983,-6
38984,-10
38985,0
38986,-4
38987,0
38988,4
38989,-4
38990,0
38991,-10
38992,0
38993,0
38994,6
38995,-4
38996,0
38997,0
38998,-22
38999,0
39000,-4
39001,2
39002,0
39003,-4
39004,0
39005,0
39006,-4
39007,-2
39008,-4
39009,-4
39010,-6
39011,14
39012,0
39013,0
39014,-4
39015,0
39016,0
39017,-4
39018,0
39019,-4
39020,-4
39021,0
39022,-4
39023,0
39024,-4
39025,-4
39026,-4
39027,-4
39028,-4
39029,-10
39030,-4
39031,-4
39032,2
39033,-4
39034,0
39035,0
39036,-28
39037,0
39038,-4
39039,-4
39040,-4
39041,6
39042,-4
39043,0
39044,0
39045,-4
39046,0
39047,0
39048,0
39049,-4
39050,-4
39051,2
39052,0
39053,0
39054,4
39055,0
39056,0
39057,0
39058,2
39059,6
39060,4
39061,0
39062,0
39063,0
39064,0
39065,0
39066,0
39067,-4
39068,0
39069,2
39070,2
39071,-4
39072,0
39073,0
39074,0
39075,-14
39076,6
39077,-18
39078,0
39079,0
39080,0
39081,0
39082,4
39083,4
39084,-12
39085,0
39086,-4
39087,6
39088,0
39089,0
39090,0
39091,0
39092,-22
39093,0
39094,0
39095,0
39096,2
39097,6
39098,-2
39099,0
39100,4
39101,10
39102,-4
39103,-4
39104,0
39105,0
39106,0
39107,-4
39108,-4
39109,0
39110,0
39111,-2
39112,-4
39113,-4
39114,-4
39115,0
39116,18
39117,-12
39118,-4
39119,-6
39120,-4
39121,-8
39122,-4
39123,-4
39124,28
39125,-4
39126,-4
39127,0
39128,32
39129,0
39130,-4
39131,0
39132,-4
39133,-4
39134,6
39135,0
39136,-4
39137,6
39138,0
39139,0
39140,6
39141,0
39142,2
39143,-4
39144,0
39145,-4
39146,-4
39147,0
39148,-4
39149,4
39150,-4
39151,0
39152,0
39153,14
39154,-6
39155,-4
39156,0
39157,0
39158,24
39159,0
39160,0
39161,-4
39162,0
39163,0
39164,6
39165,-4
39166,6
39167,-14
39168,2
39169,2
39170,2
39171,6
39172,-10
39173,-6
39174,2
39175,0
39176,-4
39177,0
39178,2
39179,0
39180,-4
39181,-16
39182,2
39183,0
39184,-6
39185,-6
39186,-4
39187,0
39188,4
39189,20
39190,0
39191,-6
39192,0
39193,0
39194,-8
39195,4
39196,-4
39197,0
39198,-4
39199,2
39200,0
39201,-4
39202,-4
39203,16
39204,0
39205,-6
39206,0
39207,0
39208,-10
39209,0
39210,0
39211,0
39212,-4
39213,0
39214,-4
39215,-6
39216,-4
39217,-4
39218,-4
39219,-4
39220,-4
39221,-4
39222,-6
39223,4
39224,-4
39225,-4
39226,-4
39227,0
39228,-4
39229,0
39230,2
39231,-4
39232,-4
39233,-4
39234,-8
39235,0
39236,0
39237,2
39238,0
39239,0
39240,0
39241,-14
39242,0
39243,0
39244,0
39245,-22
39246,-4
39247,0
39248,6
39249,-4
39250,0
39251,0
39252,2
39253,0
39254,0
39255,0
39256,0
39257,0
39258,0
39259,0
39260,4
39261,-4
39262,0
39263,10
39264,-10
39265,2
39266,-14
39267,18
39268,14
39269,0
39270,0
39271,0
39272,0
39273,0
39274,-4
39275,4
39276,-6
39277,2
39278,2
39279,-4
39280,-8
39281,2
39282,0
39283,2
39284,4
39285,0
39286,2
39287,0
39288,0
39289,12
39290,-4
39291,6
39292,2
39293,-14
39294,-4
39295,0
39296,0
39297,-4
39298,0
39299,-4
39300,10
39301,16
39302,2
39303,-4
39304,0
39305,-2
39306,-2
39307,0
39308,-4
39309,-4
39310,0
39311,-4
39312,0
39313,-4
39314,-4
39315,-4
39316,14
39317,2
39318,0
39319,0
39320,-6
39321,0
39322,-4
39323,-6
39324,-4
39325,0
39326,-4
39327,6
39328,0
39329,-4
39330,-4
39331,-4
39332,-8
39333,-4
39334,-4
39335,0
39336,0
39337,6
39338,-4
39339,-10
39340,16
39341,0
39342,0
39343,-4
39344,2
39345,0
39346,-4
39347,0
39348,4
39349,0
39350,0
39351,-4
39352,2
39353,-4
39354,0
39355,4
39356,2
39357,0
39358,0
39359,2
39360,0
39361,-10
39362,4
39363,-4
39364,-12
39365,-2
39366,-4
39367,2
39368,-4
39369,4
39370,4
39371,-4
39372,0
39373,0
39374,0
39375,4
39376,2
39377,4
39378,2
39379,0
39380,0
39381,-8
39382,4
39383,0
39384,10
39385,6
39386,0
39387,4
39388,-14
39389,-4
39390,0
39391,0
39392,0
39393,-4
39394,0
39395,0
39396,-4
39397,-4
39398,2
39399,2
39400,0
39401,0
39402,-4
39403,0
39404,0
39405,0
39406,-4
39407,0
39408,0
39409,0
39410,0
39411,-6
39412,-4
39413,0
39414,-4
39415,0
39416,2
39417,-10
39418,-4
39419,-6
39420,-4
39421,0
39422,-4
39423,-4
39424,0
39425,-6
39426,-6
39427,-4
39428,-4
39429,-4
39430,0
39431,0
39432,-4
39433,4
39434,0
39435,0
39436,6
39437,0
39438,-4
39439,0
39440,0
39441,-2
39442,-4
39443,6
39444,4
39445,0
39446,0
39447,0
39448,-4
39449,0
39450,0
39451,-4
39452,0
39453,0
39454,0
39455,0
39456,0
39457,0
39458,0
39459,-4
39460,-4
39461,0
39462,4
39463,-6
39464,-10
39465,6
39466,-14
39467,4
39468,16
39469,0
39470,2
39471,0
39472,2
39473,0
39474,0
39475,2
39476,0
39477,10
39478,2
39479,-4
39480,-8
39481,0
39482,0
39483,-4
39484,0
39485,0
39486,6
39487,-4
39488,0
39489,4
39490,2
39491,0
39492,0
39493,2
39494,2
39495,0
39496,0
39497,-16
39498,0
39499,0
39500,0
39501,0
39502,-2
39503,0
39504,0
39505,0
39506,-14
39507,-14
39508,0
39509,0
39510,-6
39511,0
39512,0
39513,-4
39514,-6
39515,0
39516,-4
39517,-4
39518,-4
39519,-4
39520,-4
39521,-4
39522,0
39523,-4
39524,-4
39525,-4
39526,0
39527,-4
39528,-4
39529,-4
39530,0
39531,0
39532,2
39533,-4
39534,0
39535,6
39536,-4
39537,0
39538,2
39539,30
39540,0
39541,0
39542,0
39543,0
39544,-4
39545,24
39546,0
39547,0
39548,-8
39549,-2
39550,-4
39551,0
39552,0
39553,0
39554,0
39555,-4
39556,0
39557,0
39558,4
39559,6
39560,2
39561,0
39562,0
39563,0
39564,0
39565,0
39566,4
39567,0
39568,0
39569,6
39570,2
39571,4
39572,2
39573,-4
39574,0
39575,0
39576,-2
39577,2
39578,0
39579,10
39580,0
39581,0
39582,4
39583,2
39584,0
39585,0
39586,0
39587,2
39588,-4
39589,10
39590,0
39591,6
39592,0
39593,0
39594,0
39595,-4
39596,-4
39597,0
39598,0
39599,-4
39600,2
39601,-4
39602,-4
39603,0
39604,0
39605,-4
39606,0
39607,2
39608,0
39609,-4
39610,-28
39611,-4
39612,0
39613,-6
39614,-4
39615,-4
39616,-2
39617,0
39618,0
39619,24
39620,-4
39621,-2
39622,0
39623,-4
39624,0
39625,-2
39626,-4
39627,-4
39628,-10
39629,-4
39630,-8
39631,-12
39632,-4
39633,-4
39634,4
39635,0
39636,-4
39637,-6
39638,6
39639,0
39640,4
39641,0
39642,-4
39643,-4
39644,0
39645,-4
39646,0
39647,0
39648,2
39649,-4
39650,0
39651,0
39652,0
39653,0
39654,0
39655,2
39656,0
39657,2
39658,4
39659,4
39660,4
39661,0
39662,2
39663,4
39664,0
39665,12
39666,4
39667,4
39668,0
39669,2
39670,20
39671,2
39672,-8
39673,-4
39674,-6
39675,2
39676,-12
39677,0
39678,-8
39679,0
39680,0
39681,4
39682,-28
39683,0
39684,-2
39685,-16
39686,4
39687,0
39688,-6
39689,14
39690,4
39691,14
39692,0
39693,2
39694,16
39695,0
39696,0
39697,0
39698,-4
39699,0
39700,-4
39701,2
39702,-4
39703,-4
39704,0
39705,0
39706,4
39707,-4
39708,0
39709,0
39710,-4
39711,-4
39712,-6
39713,-4
39714,-4
39715,-4
39716,-4
39717,-4
39718,-4
39719,2
39720,0
39721,-4
39722,4
39723,-4
39724,-8
39725,-4
39726,-22
39727,-4
39728,0
39729,-4
39730,0
39731,-6
39732,6
39733,0
39734,0
39735,-6
39736,0
39737,0
39738,-4
39739,-4
39740,-2
39741,0
39742,0
39743,6
39744,0
39745,0
39746,0
39747,0
39748,0
39749,-14
39750,2
39751,-4
39752,-4
39753,0
39754,10
39755,0
39756,-4
39757,4
39758,0
39759,0
39760,2
39761,0
39762,10
39763,0
39764,0
39765,4
39766,-4
39767,0
39768,0
39769,4
39770,2
39771,0
39772,2
39773,4
39774,0
39775,6
39776,0
39777,0
39778,0
39779,0
39780,0
39781,2
39782,4
39783,0
39784,6
39785,-4
39786,-4
39787,6
39788,0
39789,2
39790,-4
39791,0
39792,-8
39793,0
39794,2
39795,0
39796,0
39797,0
39798,10
39799,0
39800,0
39801,2
39802,4
39803,-4
39804,-4
39805,0
39806,0
39807,-8
39808,0
39809,0
39810,-4
39811,-4
39812,-46
39813,2
39814,-4
39815,-4
39816,-6
39817,-2
39818,-4
39819,0
39820,-4
39821,-6
39822,-4
39823,-4
39824,-4
39825,-8
39826,-4
39827,6
39828,0
39829,-4
39830,10
39831,-4
39832,-4
39833,-14
39834,-4
39835,-4
39836,-16
39837,-4
39838,-4
39839,4
39840,0
39841,0
39842,-2
39843,10
39844,-4
39845,-4
39846,0
39847,2
39848,-4
39849,0
39850,-10
39851,18
39852,0
39853,0
39854,0
39855,-4
39856,0
39857,0
39858,0
39859,0
39860,-4
39861,2
39862,0
39863,0
39864,2
39865,4
39866,0
39867,0
39868,-4
39869,4
39870,2
39871,-14
39872,2
39873,0
39874,0
39875,6
39876,0
39877,0
39878,0
39879,-4
39880,-4
39881,4
39882,-4
39883,-4
39884,0
39885,0
39886,-8
39887,0
39888,0
39889,-4
39890,0
39891,0
39892,0
39893,0
39894,0
39895,0
39896,0
39897,-6
39898,0
39899,-8
39900,-4
39901,0
39902,-2
39903,-4
39904,2
39905,-8
39906,-4
39907,0
39908,0
39909,-4
39910,0
39911,2
39912,0
39913,-4
39914,-4
39915,0
39916,0
39917,-6
39918,-4
39919,-4
39920,0
39921,-8
39922,0
39923,0
39924,-8
39925,-4
39926,-4
39927,-4
39928,-4
39929,16
39930,-4
39931,-4
39932,2
39933,-4
39934,-4
39935,-6
39936,0
39937,0
39938,0
39939,0
39940,0
39941,0
39942,-4
39943,0
39944,0
39945,-8
39946,0
39947,0
39948,-4
39949,0
39950,4
39951,0
39952,0
39953,4
39954,0
39955,0
39956,2
39957,0
39958,4
39959,0
39960,2
39961,0
39962,4
39963,4
39964,0
39965,2
39966,4
39967,-4
39968,0
39969,6
39970,-4
39971,0
39972,4
39973,0
39974,0
39975,0
39976,6
39977,2
39978,4
39979,14
39980,0
39981,2
39982,4
39983,0
39984,4
39985,16
39986,-4
39987,4
39988,0
39989,10
39990,-4
39991,-6
39992,0
39993,0
39994,-4
39995,4
39996,-4
39997,-4
39998,-4
39999,-4
40000,-8
40001,0
40002,-14
40003,-4
40004,6
40005,12
40006,0
40007,-4
40008,0
40009,-6
40010,0
40011,-4
40012,-4
40013,-4
40014,0
40015,0
40016,-8
40017,-6
40018,10
40019,0
40020,-4
40021,-6
40022,-4
40023,-4
40024,0
40025,-4
40026,-10
40027,-4
40028,-14
40029,0
40030,0
40031,28
40032,-4
40033,-4
40034,-4
40035,-4
40036,-4
40037,-14
40038,0
40039,0
40040,-4
40041,0
40042,2
40043,4
40044,0
40045,-4
40046,0
40047,0
40048,0
40049,0
40050,0
40051,0
40052,-4
40053,0
40054,4
40055,4
40056,0
40057,0
40058,-6
40059,0
40060,10
40061,0
40062,0
40063,-4
40064,6
40065,0
40066,2
40067,0
40068,0
40069,24
40070,6
40071,2
40072,-6
40073,10
40074,-6
40075,0
40076,2
40077,2
40078,0
40079,0
40080,0
40081,-20
40082,0
40083,6
40084,-4
40085,0
40086,4
40087,0
40088,-22
40089,2
40090,4
40091,0
40092,6
40093,-4
40094,0
40095,-4
40096,-4
40097,0
40098,-4
40099,2
40100,-4
40101,-4
40102,0
40103,-4
40104,2
40105,0
40106,0
40107,-4
40108,-4
40109,0
40110,0
40111,-4
40112,0
40113,-4
40114,0
40115,0
40116,10
40117,-4
40118,0
40119,-8
40120,0
40121,-4
40122,-4
40123,10
40124,-6
40125,-4
40126,-4
40127,0
40128,0
40129,-4
40130,-4
40131,-4
40132,0
40133,-10
40134,-4
40135,0
40136,0
40137,-4
40138,0
40139,6
40140,10
40141,0
40142,0
40143,-4
40144,0
40145,0
40146,0
40147,0
40148,0
40149,-4
40150,4
40151,2
40152,0
40153,-10
40154,0
40155,-4
40156,6
40157,0
40158,0
40159,0
40160,2
40161,6
40162,6
40163,0
40164,10
40165,0
40166,0
40167,0
40168,6
40169,-4
40170,-6
40171,0
40172,-10
40173,4
40174,0
40175,0
40176,4
40177,18
40178,0
40179,0
40180,24
40181,2
40182,0
40183,4
40184,0
40185,-6
40186,6
40187,-4
40188,0
40189,0
40190,-18
40191,0
40192,-14
40193,0
40194,0
40195,0
40196,0
40197,0
40198,-16
40199,2
40200,2
40201,0
40202,0
40203,2
40204,-4
40205,0
40206,-4
40207,-4
40208,0
40209,0
40210,-6
40211,-4
40212,-4
40213,0
40214,-6
40215,-4
40216,-4
40217,0
40218,0
40219,-4
40220,0
40221,-4
40222,-24
40223,-4
40224,0
40225,4
40226,-2
40227,10
40228,-6
40229,-8
40230,-4
40231,-6
40232,6
40233,-2
40234,-4
40235,-4
40236,-4
40237,0
40238,-4
40239,24
40240,-4
40241,-10
40242,-4
40243,0
40244,0
40245,2
40246,0
40247,0
40248,-4
40249,0
40250,2
40251,0
40252,0
40253,0
40254,0
40255,0
40256,0
40257,0
40258,4
40259,0
40260,0
40261,0
40262,0
40263,-6
40264,0
40265,-6
40266,0
40267,4
40268,-4
40269,0
40270,0
40271,4
40272,0
40273,6
40274,0
40275,0
40276,2
40277,0
40278,4
40279,-12
40280,0
40281,6
40282,-6
40283,2
40284,2
40285,-4
40286,6
40287,2
40288,0
40289,6
40290,0
40291,6
40292,-4
40293,6
40294,0
40295,0
40296,0
40297,0
40298,-4
40299,-4
40300,-4
40301,-4
40302,-4
40303,0
40304,0
40305,-4
40306,0
40307,-4
40308,-4
40309,0
40310,0
40311,-4
40312,-4
40313,-6
40314,0
40315,-6
40316,-4
40317,-4
40318,-4
40319,0
40320,-6
40321,-6
40322,-4
40323,0
40324,-4
40325,-4
40326,-4
40327,0
40328,-4
40329,0
40330,-4
40331,-4
40332,6
40333,-4
40334,0
40335,2
40336,-4
40337,-4
40338,0
40339,0
40340,0
40341,-4
40342,0
40343,0
40344,0
40345,-4
40346,-4
40347,0
40348,0
40349,0
40350,2
40351,0
40352,-2
40353,0
40354,4
40355,0
40356,-4
40357,0
40358,-4
40359,-4
40360,0
40361,2
40362,6
40363,-10
40364,0
40365,-12
40366,4
40367,0
40368,2
40369,4
40370,0
40371,10
40372,0
40373,4
40374,2
40375,2
40376,4
40377,4
40378,10
40379,0
40380,2
40381,6
40382,2
40383,6
40384,10
40385,-12
40386,0
40387,-4
40388,10
40389,0
40390,4
40391,-18
40392,0
40393,0
40394,14
40395,-4
40396,0
40397,6
40398,-4
40399,-4
40400,2
40401,0
40402,0
40403,-4
40404,-4
40405,0
40406,-6
40407,-4
40408,-4
40409,0
40410,2
40411,0
40412,0
40413,-4
40414,0
40415,-14
40416,0
40417,-4
40418,-4
40419,2
40420,-4
40421,6
40422,-4
40423,-4
40424,-4
40425,-4
40426,-18
40427,-4
40428,26
40429,-4
40430,0
40431,-22
40432,0
40433,-6
40434,0
40435,0
40436,0
40437,24
40438,0
40439,-4
40440,10
40441,-4
40442,24
40443,0
40444,0
40445,0
40446,0
40447,0
40448,6
40449,0
40450,2
40451,-4
40452,-4
40453,-4
40454,0
40455,4
40456,0
40457,4
40458,0
40459,0
40460,0
40461,2
40462,0
40463,4
40464,6
40465,2
40466,0
40467,6
40468,-6
40469,0
40470,0
40471,4
40472,6
40473,16
40474,6
40475,0
40476,0
40477,0
40478,4
40479,4
40480,6
40481,28
40482,2
40483,0
40484,10
40485,0
40486,0
40487,-4
40488,-4
40489,0
40490,-4
40491,2
40492,2
40493,0
40494,0
40495,10
40496,0
40497,0
40498,0
40499,6
40500,0
40501,0
40502,0
40503,-16
40504,0
40505,0
40506,-4
40507,0
40508,0
40509,-4
40510,0
40511,-4
40512,0
40513,0
40514,-4
40515,-4
40516,0
40517,0
40518,0
40519,0
40520,-4
40521,0
40522,-4
40523,6
40524,6
40525,0
40526,0
40527,0
40528,-4
40529,-4
40530,28
40531,-6
40532,-4
40533,24
40534,-4
40535,-4
40536,-4
40537,-4
40538,0
40539,-4
40540,0
40541,0
40542,0
40543,0
40544,0
40545,0
40546,0
40547,0
40548,0
40549,4
40550,-4
40551,2
40552,2
40553,0
40554,0
40555,-4
40556,0
40557,-4
40558,0
40559,0
40560,14
40561,0
40562,4
40563,2
40564,0
40565,2
40566,0
40567,0
40568,0
40569,14
40570,4
40571,6
40572,4
40573,2
40574,2
40575,4
40576,0
40577,-12
40578,0
40579,2
40580,-4
40581,4
40582,0
40583,12
40584,6
40585,0
40586,6
40587,-4
40588,0
40589,0
40590,-10
40591,0
40592,6
40593,0
40594,2
40595,2
40596,-4
40597,0
40598,0
40599,0
40600,6
40601,0
40602,0
40603,-4
40604,0
40605,0
40606,-4
40607,-4
40608,-4
40609,0
40610,-4
40611,0
40612,0
40613,-4
40614,-4
40615,-4
40616,-4
40617,0
40618,-4
40619,-4
40620,-4
40621,-4
40622,-6
40623,-4
40624,-4
40625,-10
40626,-4
40627,4
40628,-4
40629,0
40630,-10
40631,0
40632,-4
40633,6
40634,0
40635,-4
40636,6
40637,0
40638,0
40639,0
40640,-10
40641,-4
40642,10
40643,0
40644,0
40645,0
40646,0
40647,0
40648,0
40649,0
40650,16
40651,4
40652,-4
40653,-4
40654,0
40655,-4
40656,4
40657,6
40658,0
40659,0
40660,4
40661,0
40662,0
40663,0
40664,2
40665,0
40666,6
40667,0
40668,6
40669,4
40670,0
40671,-4
40672,0
40673,0
40674,4
40675,4
40676,10
40677,6
40678,-10
40679,4
40680,2
40681,0
40682,0
40683,-4
40684,0
40685,-8
40686,-4
40687,2
40688,-6
40689,24
40690,0
40691,-4
40692,0
40693,12
40694,0
40695,0
40696,0
40697,0
40698,-4
40699,-4
40700,0
40701,10
40702,2
40703,0
40704,0
40705,-4
40706,-4
40707,0
40708,-4
40709,0
40710,-4
40711,-4
40712,-4
40713,-4
40714,-4
40715,-4
40716,0
40717,-4
40718,0
40719,0
40720,2
40721,-4
40722,-4
40723,-4
40724,-2
40725,-4
40726,-4
40727,-4
40728,0
40729,0
40730,-4
40731,-6
40732,-4
40733,-4
40734,6
40735,0
40736,0
40737,-4
40738,-4
40739,0
40740,0
40741,0
40742,0
40743,0
40744,-4
40745,-6
40746,-4
40747,0
40748,0
40749,0
40750,-4
40751,0
40752,0
40753,-8
40754,0
40755,0
40756,0
40757,-4
40758,2
40759,4
40760,0
40761,0
40762,6
40763,2
40764,2
40765,0
40766,2
40767,0
40768,4
40769,2
40770,0
40771,2
40772,4
40773,0
40774,2
40775,4
40776,-16
40777,4
40778,14
40779,6
40780,4
40781,-6
40782,0
40783,0
40784,0
40785,0
40786,0
40787,0
40788,-14
40789,0
40790,0
40791,14
40792,2
40793,-4
40794,-4
40795,0
40796,0
40797,0
40798,-16
40799,-4
40800,-4
40801,-4
40802,0
40803,0
40804,2
40805,0
40806,-6
40807,2
40808,-4
40809,0
40810,-4
40811,-4
40812,-4
40813,-4
40814,0
40815,0
40816,0
40817,0
40818,0
40819,-4
40820,-6
40821,0
40822,-4
40823,-6
40824,0
40825,-4
40826,-14
40827,-4
40828,0
40829,-4
40830,-4
40831,-6
40832,-4
40833,-4
40834,-4
40835,18
40836,-4
40837,-4
40838,-4
40839,-4
40840,-4
40841,-6
40842,-4
40843,-4
40844,0
40845,0
40846,0
40847,-4
40848,6
40849,4
40850,0
40851,-14
40852,6
40853,0
40854,2
40855,0
40856,0
40857,4
40858,0
40859,0
40860,2
40861,0
40862,2
40863,2
40864,2
40865,0
40866,2
40867,0
40868,2
40869,0
40870,2
40871,0
40872,2
40873,-10
40874,4
40875,0
40876,0
40877,2
40878,2
40879,6
40880,6
40881,0
40882,4
40883,6
40884,-4
40885,-4
40886,6
40887,0
40888,-4
40889,0
40890,-4
40891,-4
40892,0
40893,0
40894,10
40895,0
40896,0
40897,6
40898,0
40899,2
40900,-4
40901,0
40902,0
40903,0
40904,-4
40905,0
40906,2
40907,-4
40908,-4
40909,0
40910,-4
40911,-6
40912,-4
40913,-2
40914,14
40915,-6
40916,-4
40917,-6
40918,-14
40919,0
40920,-4
40921,0
40922,-4
40923,-4
40924,-4
40925,-6
40926,-4
40927,0
40928,-4
40929,0
40930,-4
40931,-4
40932,-6
40933,0
40934,-4
40935,6
40936,2
40937,0
40938,-4
40939,-8
40940,-4
40941,-2
40942,10
40943,-4
40944,4
40945,10
40946,4
40947,-4
40948,0
40949,0
40950,0
40951,2
40952,2
40953,2
40954,0
40955,0
40956,12
40957,4
40958,6
40959,2
40960,0
40961,2
40962,6
40963,2
40964,-14
40965,-8
40966,2
40967,-4
40968,16
40969,2
40970,0
40971,0
40972,6
40973,0
40974,-4
40975,14
40976,6
40977,0
40978,0
40979,10
40980,0
40981,6
40982,0
40983,16
40984,0
40985,0
40986,-4
40987,18
40988,0
40989,0
40990,6
40991,0
40992,0
40993,0
40994,-8
40995,0
40996,0
40997,-4
40998,0
40999,0
41000,0
41001,28
41002,6
41003,0
41004,0
41005,0
41006,0
41007,-4
41008,-4
41009,-4
41010,0
41011,0
41012,-4
41013,-6
41014,-4
41015,4
41016,0
41017,-28
41018,-4
41019,-4
41020,-4
41021,-4
41022,-20
41023,-4
41024,-2
41025,-4
41026,6
41027,-6
41028,-6
41029,-4
41030,-6
41031,-22
41032,-2
41033,0
41034,-14
41035,0
41036,0
41037,-10
41038,-4
41039,2
41040,-4
41041,-4
41042,-4
41043,0
41044,-14
41045,0
41046,-4
41047,-6
41048,2
41049,0
41050,0
41051,0
41052,2
41053,0
41054,6
41055,2
41056,10
41057,0
41058,0
41059,0
41060,0
41061,2
41062,14
41063,-4
41064,4
41065,-6
41066,4
41067,-14
41068,-4
41069,4
41070,0
41071,0
41072,14
41073,0
41074,0
41075,0
41076,6
41077,0
41078,0
41079,0
41080,0
41081,4
41082,-28
41083,0
41084,0
41085,-10
41086,0
41087,-4
41088,-4
41089,20
41090,-4
41091,0
41092,0
41093,6
41094,-4
41095,0
41096,0
41097,0
41098,-4
41099,0
41100,0
41101,-4
41102,0
41103,-4
41104,0
41105,-14
41106,0
41107,-4
41108,0
41109,-6
41110,-4
41111,-4
41112,-4
41113,-6
41114,-4
41115,-4
41116,-4
41117,-4
41118,-4
41119,-4
41120,-4
41121,10
41122,-4
41123,-4
41124,4
41125,-2
41126,-2
41127,28
41128,-4
41129,4
41130,-4
41131,-2
41132,2
41133,-4
41134,-4
41135,0
41136,0
41137,0
41138,-4
41139,-6
41140,0
41141,2
41142,-4
41143,-4
41144,-4
41145,0
41146,0
41147,-4
41148,0
41149,2
41150,4
41151,0
41152,-4
41153,10
41154,0
41155,0
41156,2
41157,4
41158,4
41159,0
41160,0
41161,2
41162,4
41163,6
41164,4
41165,2
41166,4
41167,6
41168,0
41169,0
41170,4
41171,14
41172,0
41173,2
41174,-4
41175,2
41176,6
41177,4
41178,0
41179,0
41180,10
41181,0
41182,-4
41183,-6
41184,0
41185,0
41186,0
41187,-12
41188,0
41189,0
41190,-4
41191,2
41192,0
41193,0
41194,-14
41195,0
41196,0
41197,0
41198,26
41199,2
41200,-4
41201,-12
41202,6
41203,-6
41204,4
41205,0
41206,0
41207,4
41208,-4
41209,0
41210,-4
41211,-4
41212,10
41213,-4
41214,-4
41215,0
41216,0
41217,-4
41218,-4
41219,0
41220,-10
41221,-6
41222,0
41223,-4
41224,0
41225,0
41226,-4
41227,-4
41228,-4
41229,0
41230,-4
41231,0
41232,-4
41233,0
41234,10
41235,0
41236,-4
41237,-6
41238,0
41239,-4
41240,-4
41241,0
41242,-4
41243,0
41244,10
41245,0
41246,0
41247,2
41248,0
41249,0
41250,0
41251,0
41252,0
41253,0
41254,-4
41255,2
41256,0
41257,0
41258,0
41259,0
41260,0
41261,0
41262,0
41263,-4
41264,2
41265,2
41266,2
41267,4
41268,-4
41269,6
41270,2
41271,0
41272,-4
41273,-4
41274,-14
41275,2
41276,2
41277,-4
41278,0
41279,0
41280,0
41281,6
41282,6
41283,0
41284,2
41285,0
41286,-14
41287,2
41288,0
41289,0
41290,0
41291,-4
41292,2
41293,0
41294,-4
41295,0
41296,0
41297,-4
41298,0
41299,0
41300,0
41301,0
41302,-4
41303,0
41304,2
41305,-4
41306,0
41307,-2
41308,4
41309,-4
41310,0
41311,-4
41312,-4
41313,0
41314,-6
41315,2
41316,-4
41317,-4
41318,-4
41319,-4
41320,-4
41321,-12
41322,-4
41323,0
41324,-4
41325,-6
41326,0
41327,-4
41328,-4
41329,24
41330,0
41331,0
41332,-6
41333,-6
41334,0
41335,6
41336,0
41337,2
41338,4
41339,-12
41340,0
41341,0
41342,0
41343,-4
41344,-4
41345,0
41346,-4
41347,2
41348,0
41349,10
41350,-4
41351,-4
41352,0
41353,2
41354,6
41355,-4
41356,0
41357,0
41358,6
41359,0
41360,0
41361,0
41362,0
41363,6
41364,0
41365,0
41366,10
41367,0
41368,0
41369,0
41370,2
41371,-4
41372,2
41373,6
41374,0
41375,16
41376,0
41377,0
41378,0
41379,6
41380,2
41381,0
41382,0
41383,18
41384,-4
41385,6
41386,-4
41387,0
41388,4
41389,0
41390,-4
41391,-4
41392,0
41393,0
41394,-14
41395,0
41396,-2
41397,-4
41398,-10
41399,0
41400,0
41401,0
41402,0
41403,-6
41404,0
41405,10
41406,6
41407,-4
41408,-4
41409,0
41410,0
41411,0
41412,-4
41413,-4
41414,-4
41415,-4
41416,-4
41417,-4
41418,0
41419,-4
41420,-2
41421,-4
41422,0
41423,0
41424,-2
41425,-4
41426,-8
41427,-2
41428,-20
41429,-4
41430,-4
41431,-4
41432,0
41433,-6
41434,0
41435,0
41436,-4
41437,4
41438,-4
41439,0
41440,-4
41441,2
41442,-6
41443,0
41444,-2
41445,2
41446,6
41447,0
41448,0
41449,0
41450,-4
41451,0
41452,-4
41453,0
41454,0
41455,0
41456,0
41457,0
41458,2
41459,0
41460,0
41461,-4
41462,0
41463,10
41464,-4
41465,6
41466,0
41467,0
41468,0
41469,0
41470,2
41471,6
41472,-8
41473,0
41474,2
41475,0
41476,-4
41477,2
41478,-8
41479,0
41480,-4
41481,-4
41482,4
41483,-4
41484,6
41485,14
41486,2
41487,2
41488,-2
41489,0
41490,0
41491,-4
41492,0
41493,6
41494,-4
41495,-4
41496,0
41497,0
41498,0
41499,-12
41500,0
41501,0
41502,-4
41503,0
41504,0
41505,0
41506,-4
41507,0
41508,0
41509,0
41510,-4
41511,-4
41512,-4
41513,0
41514,0
41515,0
41516,-4
41517,-4
41518,0
41519,0
41520,6
41521,2
41522,-6
41523,-4
41524,-10
41525,-4
41526,-4
41527,-4
41528,0
41529,-4
41530,0
41531,-4
41532,12
41533,-4
41534,-4
41535,4
41536,0
41537,0
41538,6
41539,-4
41540,0
41541,2
41542,0
41543,6
41544,0
41545,0
41546,-4
41547,-4
41548,0
41549,0
41550,0
41551,0
41552,0
41553,0
41554,6
41555,2
41556,-4
41557,-4
41558,0
41559,-14
41560,2
41561,-4
41562,0
41563,0
41564,0
41565,0
41566,0
41567,-8
41568,0
41569,-16
41570,2
41571,0
41572,6
41573,0
41574,0
41575,0
41576,2
41577,-8
41578,6
41579,2
41580,18
41581,2
41582,4
41583,0
41584,0
41585,2
41586,0
41587,-4
41588,0
41589,0
41590,-4
41591,0
41592,0
41593,0
41594,-4
41595,-4
41596,-4
41597,0
41598,0
41599,-4
41600,0
41601,0
41602,0
41603,2
41604,-4
41605,2
41606,0
41607,-4
41608,0
41609,-4
41610,-4
41611,-4
41612,4
41613,-4
41614,0
41615,-4
41616,-28
41617,-4
41618,-4
41619,0
41620,-4
41621,0
41622,0
41623,-4
41624,0
41625,-4
41626,-8
41627,-4
41628,6
41629,-2
41630,-4
41631,10
41632,-4
41633,-4
41634,-8
41635,0
41636,-4
41637,-6
41638,-4
41639,0
41640,-4
41641,0
41642,0
41643,-4
41644,0
41645,-4
41646,0
41647,0
41648,4
41649,0
41650,6
41651,0
41652,0
41653,0
41654,0
41655,2
41656,-4
41657,0
41658,-4
41659,0
41660,0
41661,0
41662,0
41663,0
41664,2
41665,10
41666,4
41667,0
41668,0
41669,2
41670,-8
41671,-4
41672,6
41673,0
41674,-4
41675,6
41676,0
41677,-6
41678,0
41679,-14
41680,2
41681,0
41682,6
41683,0
41684,4
41685,0
41686,6
41687,4
41688,0
41689,-4
41690,-14
41691,-4
41692,-10
41693,0
41694,0
41695,-4
41696,0
41697,0
41698,-10
41699,0
41700,6
41701,0
41702,0
41703,0
41704,-4
41705,-4
41706,0
41707,0
41708,2
41709,0
41710,0
41711,38
41712,-4
41713,-4
41714,-4
41715,2
41716,-4
41717,0
41718,-4
41719,-4
41720,0
41721,-6
41722,-4
41723,-4
41724,-4
41725,-6
41726,0
41727,-6
41728,-4
41729,2
41730,-8
41731,-4
41732,-4
41733,-10
41734,0
41735,-4
41736,-6
41737,-4
41738,26
41739,2
41740,2
41741,-4
41742,-4
41743,-4
41744,0
41745,0
41746,20
41747,-18
41748,0
41749,0
41750,0
41751,24
41752,0
41753,20
41754,-4
41755,-22
41756,-20
41757,0
41758,4
41759,0
41760,-4
41761,6
41762,2
41763,-4
41764,12
41765,-4
41766,6
41767,0
41768,0
41769,2
41770,0
41771,4
41772,2
41773,0
41774,0
41775,2
41776,-4
41777,0
41778,10
41779,0
41780,0
41781,6
41782,6
41783,0
41784,4
41785,12
41786,4
41787,0
41788,0
41789,10
41790,0
41791,0
41792,10
41793,2
41794,-4
41795,-14
41796,0
41797,0
41798,6
41799,2
41800,-10
41801,0
41802,0
41803,-4
41804,6
41805,2
41806,-4
41807,-4
41808,-4
41809,6
41810,-4
41811,-4
41812,0
41813,-4
41814,-4
41815,-4
41816,-4
41817,-4
41818,0
41819,-4
41820,-4
41821,-2
41822,0
41823,-4
41824,0
41825,0
41826,0
41827,-8
41828,-4
41829,4
41830,-4
41831,-4
41832,0
41833,0
41834,-4
41835,-6
41836,0
41837,-4
41838,0
41839,-14
41840,-4
41841,-4
41842,0
41843,-4
41844,0
41845,0
41846,6
41847,0
41848,2
41849,0
41850,0
41851,4
41852,10
41853,-4
41854,0
41855,-4
41856,0
41857,0
41858,0
41859,0
41860,-4
41861,2
41862,2
41863,0
41864,4
41865,0
41866,-4
41867,0
41868,0
41869,0
41870,6
41871,2
41872,-4
41873,0
41874,0
41875,0
41876,2
41877,4
41878,0
41879,-4
41880,-10
41881,4
41882,0
41883,0
41884,20
41885,0
41886,-4
41887,-4
41888,4
41889,0
41890,0
41891,-6
41892,-4
41893,6
41894,-4
41895,0
41896,0
41897,0
41898,2
41899,0
41900,-4
41901,-4
41902,0
41903,-4
41904,-4
41905,0
41906,0
41907,0
41908,0
41909,-4
41910,0
41911,0
41912,-4
41913,-4
41914,-4
41915,2
41916,0
41917,-4
41918,-4
41919,-4
41920,-4
41921,0
41922,-6
41923,-4
41924,-4
41925,0
41926,10
41927,-4
41928,-4
41929,0
41930,-4
41931,28
41932,0
41933,-4
41934,-4
41935,-4
41936,-4
41937,-4
41938,-14
41939,0
41940,0
41941,6
41942,0
41943,2
41944,0
41945,0
41946,0
41947,0
41948,0
41949,0
41950,0
41951,0
41952,0
41953,0
41954,0
41955,-22
41956,2
41957,-2
41958,0
41959,-4
41960,-4
41961,-4
41962,2
41963,2
41964,6
41965,2
41966,0
41967,0
41968,4
41969,0
41970,0
41971,0
41972,-4
41973,2
41974,2
41975,2
41976,0
41977,2
41978,0
41979,0
41980,6
41981,0
41982,2
41983,-16
41984,4
41985,6
41986,0
41987,0
41988,-4
41989,-4
41990,-4
41991,0
41992,0
41993,0
41994,0
41995,0
41996,0
41997,0
41998,0
41999,6
42000,-4
42001,-4
42002,0
42003,-4
42004,4
42005,0
42006,0
42007,0
42008,-4
42009,0
42010,0
42011,-4
42012,-4
42013,-4
42014,0
42015,0
42016,-4
42017,-30
42018,0
42019,-4
42020,18
42021,0
42022,0
42023,0
42024,0
42025,-4
42026,-8
42027,0
42028,20
42029,0
42030,-4
42031,-4
42032,0
42033,-6
42034,-4
42035,4
42036,-4
42037,0
42038,0
42039,0
42040,-4
42041,0
42042,0
42043,0
42044,2
42045,0
42046,0
42047,-4
42048,4
42049,0
42050,0
42051,0
42052,0
42053,0
42054,0
42055,2
42056,0
42057,0
42058,-4
42059,0
42060,0
42061,2
42062,2
42063,2
42064,0
42065,4
42066,-4
42067,-6
42068,0
42069,0
42070,-4
42071,2
42072,0
42073,0
42074,0
42075,-4
42076,-6
42077,0
42078,0
42079,0
42080,0
42081,6
42082,0
42083,-4
42084,0
42085,2
42086,-4
42087,2
42088,-4
42089,0
42090,2
42091,0
42092,2
42093,0
42094,0
42095,0
42096,-10
42097,0
42098,0
42099,-4
42100,-20
42101,-4
42102,0
42103,-4
42104,0
42105,0
42106,0
42107,-2
42108,-4
42109,0
42110,0
42111,0
42112,-4
42113,-4
42114,0
42115,0
42116,-4
42117,-6
42118,4
42119,-4
42120,-4
42121,0
42122,-6
42123,-4
42124,0
42125,4
42126,-4
42127,-4
42128,0
42129,0
42130,0
42131,-6
42132,-2
42133,0
42134,0
42135,4
42136,0
42137,0
42138,2
42139,2
42140,0
42141,-18
42142,0
42143,20
42144,0
42145,0
42146,0
42147,0
42148,-4
42149,0
42150,2
42151,2
42152,-10
42153,6
42154,0
42155,-4
42156,2
42157,0
42158,4
42159,6
42160,2
42161,2
42162,4
42163,0
42164,0
42165,-4
42166,2
42167,0
42168,-8
42169,-8
42170,10
42171,2
42172,2
42173,6
42174,2
42175,0
42176,10
42177,2
42178,10
42179,6
42180,6
42181,-14
42182,0
42183,0
42184,10
42185,-4
42186,2
42187,-6
42188,6
42189,2
42190,2
42191,-6
42192,2
42193,-10
42194,0
42195,0
42196,2
42197,0
42198,2
42199,0
42200,-4
42201,-4
42202,-4
42203,6
42204,-4
42205,0
42206,0
42207,4
42208,0
42209,-4
42210,-4
42211,0
42212,0
42213,0
42214,-4
42215,-4
42216,0
42217,0
42218,-10
42219,-4
42220,-4
42221,-4
42222,-4
42223,-4
42224,-4
42225,-4
42226,-4
42227,-4
42228,-4
42229,-4
42230,-4
42231,-4
42232,0
42233,-4
42234,-4
42235,-4
42236,0
42237,-4
42238,-4
42239,-4
42240,0
42241,-4
42242,-12
42243,0
42244,0
42245,0
42246,-4
42247,0
42248,10
42249,0
42250,2
42251,0
42252,0
42253,0
42254,0
42255,0
42256,2
42257,0
42258,0
42259,0
42260,4
42261,4
42262,2
42263,2
42264,0
42265,0
42266,2
42267,10
42268,4
42269,0
42270,2
42271,18
42272,2
42273,0
42274,0
42275,0
42276,0
42277,2
42278,6
42279,2
42280,14
42281,2
42282,0
42283,0
42284,4
42285,0
42286,-4
42287,6
42288,0
42289,-4
42290,-12
42291,0
42292,2
42293,0
42294,2
42295,0
42296,0
42297,2
42298,0
42299,-4
42300,0
42301,-4
42302,-4
42303,-6
42304,0
42305,0
42306,0
42307,-4
42308,0
42309,-4
42310,0
42311,0
42312,-4
42313,-6
42314,0
42315,0
42316,-4
42317,-10
42318,-4
42319,-4
42320,-8
42321,-4
42322,-4
42323,6
42324,0
42325,-4
42326,-4
42327,-4
42328,-4
42329,2
42330,0
42331,0
42332,0
42333,2
42334,-4
42335,-4
42336,0
42337,0
42338,4
42339,0
42340,-4
42341,0
42342,-4
42343,-4
42344,-4
42345,0
42346,20
42347,-8
42348,-4
42349,4
42350,0
42351,2
42352,0
42353,0
42354,6
42355,-4
42356,0
42357,0
42358,0
42359,0
42360,0
42361,2
42362,4
42363,2
42364,0
42365,0
42366,2
42367,2
42368,-4
42369,0
42370,0
42371,0
42372,0
42373,4
42374,0
42375,0
42376,0
42377,16
42378,-4
42379,10
42380,0
42381,0
42382,16
42383,-4
42384,0
42385,6
42386,6
42387,4
42388,0
42389,4
42390,0
42391,0
42392,18
42393,0
42394,0
42395,-6
42396,0
42397,0
42398,0
42399,0
42400,-4
42401,0
42402,0
42403,0
42404,0
42405,6
42406,0
42407,-6
42408,-4
42409,-4
42410,0
42411,-4
42412,-4
42413,-4
42414,0
42415,-4
42416,0
42417,0
42418,-4
42419,0
42420,-4
42421,0
42422,-6
42423,-4
42424,-4
42425,-6
42426,-4
42427,0
42428,0
42429,0
42430,-4
42431,-4
42432,-4
42433,0
42434,-8
42435,0
42436,0
42437,-4
42438,-6
42439,4
42440,-6
42441,-4
42442,0
42443,-4
42444,0
42445,0
42446,0
42447,0
42448,0
42449,0
42450,0
42451,0
42452,0
42453,0
42454,-4
42455,0
42456,0
42457,0
42458,-4
42459,6
42460,6
42461,0
42462,0
42463,4
42464,0
42465,0
42466,0
42467,2
42468,0
42469,4
42470,0
42471,0
42472,0
42473,2
42474,0
42475,0
42476,2
42477,0
42478,0
42479,0
42480,2
42481,-10
42482,0
42483,0
42484,0
42485,2
42486,0
42487,-4
42488,-4
42489,0
42490,0
42491,6
42492,2
42493,4
42494,0
42495,0
42496,-4
42497,-4
42498,-18
42499,0
42500,6
42501,0
42502,0
42503,0
42504,0
42505,0
42506,0
42507,-4
42508,-4
42509,-2
42510,-4
42511,-4
42512,0
42513,-4
42514,-4
42515,-4
42516,-4
42517,-4
42518,-4
42519,-4
42520,0
42521,-4
42522,-10
42523,-4
42524,0
42525,-4
42526,-4
42527,0
42528,-6
42529,0
42530,0
42531,0
42532,0
42533,-8
42534,-4
42535,2
42536,-4
42537,-4
42538,-4
42539,-4
42540,2
42541,-4
42542,2
42543,0
42544,-14
42545,0
42546,0
42547,0
42548,0
42549,0
42550,2
42551,0
42552,0
42553,0
42554,0
42555,-4
42556,0
42557,-4
42558,0
42559,0
42560,-4
42561,0
42562,0
42563,0
42564,-4
42565,6
42566,4
42567,4
42568,0
42569,-4
42570,0
42571,0
42572,0
42573,0
42574,2
42575,2
42576,-14
42577,2
42578,0
42579,0
42580,-6
42581,2
42582,0
42583,0
42584,-4
42585,2
42586,0
42587,-10
42588,0
42589,0
42590,0
42591,2
42592,0
42593,12
42594,0
42595,0
42596,0
42597,0
42598,0
42599,0
42600,-4
42601,0
42602,-4
42603,-4
42604,0
42605,0
42606,2
42607,0
42608,-4
42609,-6
42610,-4
42611,-4
42612,-4
42613,-8
42614,-4
42615,-4
42616,-4
42617,-4
42618,-4
42619,0
42620,-4
42621,-4
42622,-6
42623,-4
42624,-4
42625,0
42626,-4
42627,-4
42628,-4
42629,0
42630,-4
42631,0
42632,0
42633,-4
42634,-6
42635,0
42636,-4
42637,4
42638,-4
42639,2
42640,-4
42641,0
42642,-4
42643,0
42644,-4
42645,0
42646,-4
42647,0
42648,10
42649,0
42650,0
42651,0
42652,0
42653,0
42654,0
42655,-4
42656,0
42657,14
42658,2
42659,0
42660,2
42661,0
42662,0
42663,10
42664,4
42665,10
42666,6
42667,0
42668,10
42669,6
42670,10
42671,0
42672,-4
42673,6
42674,0
42675,0
42676,0
42677,-4
42678,0
42679,0
42680,0
42681,2
42682,-4
42683,20
42684,2
42685,0
42686,0
42687,4
42688,0
42689,0
42690,0
42691,0
42692,-4
42693,0
42694,0
42695,0
42696,0
42697,2
42698,0
42699,0
42700,2
42701,-8
42702,0
42703,0
42704,0
42705,0
42706,0
42707,0
42708,0
42709,-4
42710,0
42711,0
42712,-6
42713,-20
42714,0
42715,10
42716,0
42717,-2
42718,-4
42719,6
42720,6
42721,-4
42722,-4
42723,16
42724,-4
42725,0
42726,0
42727,0
42728,-4
42729,-22
42730,-2
42731,0
42732,-12
42733,-4
42734,0
42735,10
42736,-4
42737,0
42738,-14
42739,-4
42740,0
42741,-4
42742,0
42743,0
42744,0
42745,0
42746,-8
42747,0
42748,0
42749,4
42750,6
42751,-4
42752,0
42753,2
42754,0
42755,-18
42756,-4
42757,-6
42758,0
42759,0
42760,0
42761,0
42762,4
42763,6
42764,0
42765,0
42766,4
42767,0
42768,0
42769,2
42770,0
42771,-4
42772,0
42773,0
42774,2
42775,2
42776,4
42777,2
42778,0
42779,0
42780,2
42781,0
42782,0
42783,2
42784,0
42785,0
42786,0
42787,2
42788,2
42789,2
42790,0
42791,-6
42792,0
42793,0
42794,0
42795,18
42796,-4
42797,-4
42798,-6
42799,0
42800,-4
42801,0
42802,0
42803,0
42804,0
42805,0
42806,0
42807,-4
42808,-4
42809,0
42810,-4
42811,-4
42812,0
42813,0
42814,-4
42815,0
42816,-4
42817,0
42818,0
42819,0
42820,0
42821,4
42822,-4
42823,0
42824,-4
42825,-4
42826,0
42827,-4
42828,-6
42829,0
42830,0
42831,6
42832,-6
42833,0
42834,-4
42835,-4
42836,0
42837,2
42838,-4
42839,0
42840,0
42841,0
42842,0
42843,2
42844,-4
42845,0
42846,0
42847,-4
42848,0
42849,0
42850,6
42851,-4
42852,4
42853,-6
42854,2
42855,6
42856,2
42857,4
42858,0
42859,4
42860,0
42861,0
42862,0
42863,0
42864,0
42865,0
42866,0
42867,-4
42868,0
42869,6
42870,2
42871,0
42872,2
42873,0
42874,0
42875,6
42876,0
42877,0
42878,-8
42879,2
42880,6
42881,-22
42882,2
42883,0
42884,14
42885,0
42886,2
42887,6
42888,0
42889,0
42890,-4
42891,-10
42892,0
42893,10
42894,0
42895,0
42896,-10
42897,-4
42898,-6
42899,0
42900,-4
42901,0
42902,0
42903,0
42904,-4
42905,0
42906,0
42907,0
42908,4
42909,0
42910,0
42911,-4
42912,-4
42913,-4
42914,-4
42915,0
42916,0
42917,-10
42918,-4
42919,-4
42920,-4
42921,-4
42922,-6
42923,-4
42924,0
42925,-8
42926,-4
42927,0
42928,-4
42929,-4
42930,-14
42931,-4
42932,0
42933,6
42934,-4
42935,4
42936,2
42937,0
42938,0
42939,6
42940,0
42941,2
42942,24
42943,0
42944,0
42945,0
42946,0
42947,0
42948,-4
42949,16
42950,0
42951,2
42952,6
42953,0
42954,0
42955,0
42956,0
42957,0
42958,0
42959,0
42960,0
42961,0
42962,2
42963,0
42964,-4
42965,2
42966,0
42967,0
42968,0
42969,4
42970,0
42971,0
42972,4
42973,0
42974,0
42975,0
42976,18
42977,4
42978,0
42979,6
42980,0
42981,0
42982,4
42983,14
42984,4
42985,-4
42986,0
42987,0
42988,2
42989,0
42990,-14
42991,0
42992,0
42993,-4
42994,2
42995,4
42996,0
42997,0
42998,0
42999,-4
43000,0
43001,0
43002,-4
43003,0
43004,-4
43005,-4
43006,2
43007,0
43008,0
43009,-8
43010,-4
43011,-4
43012,-6
43013,0
43014,0
43015,0
43016,-4
43017,-4
43018,0
43019,-4
43020,0
43021,-4
43022,-4
43023,-4
43024,-4
43025,-4
43026,-4
43027,-4
43028,-4
43029,-6
43030,0
43031,-4
43032,-10
43033,-4
43034,0
43035,24
43036,-4
43037,-4
43038,-18
43039,2
43040,0
43041,-4
43042,0
43043,-4
43044,-4
43045,0
43046,-4
43047,-8
43048,4
43049,0
43050,0
43051,2
43052,0
43053,0
43054,0
43055,0
43056,0
43057,0
43058,4
43059,-2
43060,4
43061,0
43062,-6
43063,0
43064,2
43065,2
43066,0
43067,0
43068,0
43069,0
43070,-4
43071,-4
43072,2
43073,2
43074,0
43075,0
43076,0
43077,-16
43078,0
43079,14
43080,6
43081,0
43082,-4
43083,0
43084,2
43085,10
43086,4
43087,-4
43088,-4
43089,0
43090,0
43091,0
43092,10
43093,2
43094,0
43095,2
43096,-4
43097,0
43098,0
43099,0
43100,0
43101,0
43102,0
43103,0
43104,-4
43105,-4
43106,0
43107,0
43108,-4
43109,-4
43110,-4
43111,0
43112,0
43113,-4
43114,-4
43115,0
43116,-4
43117,-4
43118,0
43119,0
43120,2
43121,-4
43122,0
43123,-6
43124,-4
43125,-4
43126,-4
43127,-12
43128,-4
43129,0
43130,0
43131,-6
43132,0
43133,-4
43134,6
43135,0
43136,-8
43137,0
43138,-4
43139,4
43140,-4
43141,-22
43142,0
43143,0
43144,0
43145,0
43146,6
43147,4
43148,10
43149,0
43150,0
43151,0
43152,-4
43153,0
43154,0
43155,2
43156,0
43157,0
43158,0
43159,0
43160,0
43161,2
43162,-4
43163,0
43164,2
43165,0
43166,2
43167,0
43168,-2
43169,6
43170,16
43171,-4
43172,2
43173,0
43174,2
43175,0
43176,0
43177,0
43178,-4
43179,0
43180,0
43181,10
43182,6
43183,0
43184,0
43185,4
43186,0
43187,-4
43188,0
43189,2
43190,6
43191,10
43192,0
43193,4
43194,0
43195,0
43196,4
43197,0
43198,0
43199,6
43200,-4
43201,0
43202,-4
43203,-4
43204,6
43205,0
43206,6
43207,-6
43208,0
43209,0
43210,0
43211,0
43212,-4
43213,0
43214,-4
43215,-4
43216,-4
43217,0
43218,0
43219,10
43220,2
43221,-4
43222,0
43223,0
43224,0
43225,0
43226,-4
43227,0
43228,0
43229,-4
43230,-6
43231,0
43232,-4
43233,-4
43234,0
43235,-4
43236,6
43237,0
43238,0
43239,0
43240,0
43241,0
43242,-4
43243,-4
43244,6
43245,0
43246,0
43247,0
43248,0
43249,0
43250,0
43251,-4
43252,0
43253,2
43254,0
43255,0
43256,0
43257,-4
43258,0
43259,0
43260,0
43261,0
43262,0
43263,0
43264,0
43265,4
43266,0
43267,4
43268,10
43269,0
43270,0
43271,-2
43272,2
43273,0
43274,2
43275,-4
43276,4
43277,4
43278,24
43279,0
43280,6
43281,-4
43282,0
43283,0
43284,0
43285,0
43286,-4
43287,0
43288,0
43289,2
43290,0
43291,-4
43292,-4
43293,-14
43294,4
43295,0
43296,-20
43297,6
43298,-8
43299,0
43300,0
43301,0
43302,0
43303,-4
43304,-4
43305,-4
43306,-6
43307,6
43308,-4
43309,0
43310,0
43311,0
43312,-4
43313,-4
43314,0
43315,-4
43316,-4
43317,0
43318,10
43319,-4
43320,-4
43321,-4
43322,-4
43323,-4
43324,0
43325,18
43326,-8
43327,-2
43328,-4
43329,-4
43330,0
43331,-4
43332,-6
43333,0
43334,-4
43335,-2
43336,-4
43337,0
43338,-12
43339,-4
43340,0
43341,-4
43342,0
43343,-4
43344,-4
43345,2
43346,0
43347,0
43348,0
43349,2
43350,0
43351,2
43352,0
43353,0
43354,0
43355,0
43356,0
43357,0
43358,4
43359,0
43360,6
43361,0
43362,2
43363,2
43364,0
43365,6
43366,-4
43367,0
43368,0
43369,2
43370,0
43371,0
43372,-6
43373,0
43374,-14
43375,0
43376,0
43377,6
43378,0
43379,6
43380,2
43381,2
43382,6
43383,6
43384,4
43385,0
43386,2
43387,0
43388,6
43389,0
43390,0
43391,-2
43392,-8
43393,-4
43394,10
43395,0
43396,0
43397,0
43398,0
43399,-4
43400,0
43401,0
43402,0
43403,2
43404,0
43405,0
43406,0
43407,0
43408,-4
43409,-4
43410,-4
43411,0
43412,-4
43413,-4
43414,-6
43415,-4
43416,-4
43417,0
43418,-4
43419,-4
43420,0
43421,-4
43422,-6
43423,2
43424,0
43425,0
43426,-4
43427,-4
43428,-4
43429,10
43430,0
43431,-4
43432,-4
43433,0
43434,-4
43435,0
43436,0
43437,0
43438,-4
43439,0
43440,-4
43441,-4
43442,0
43443,0
43444,-4
43445,0
43446,0
43447,0
43448,0
43449,6
43450,0
43451,0
43452,0
43453,-4
43454,2
43455,0
43456,-4
43457,0
43458,0
43459,0
43460,0
43461,4
43462,4
43463,2
43464,0
43465,6
43466,-4
43467,-4
43468,6
43469,6
43470,-4
43471,0
43472,-4
43473,4
43474,0
43475,2
43476,0
43477,-4
43478,0
43479,0
43480,0
43481,-4
43482,0
43483,4
43484,-4
43485,12
43486,0
43487,0
43488,0
43489,-4
43490,4
43491,-2
43492,0
43493,4
43494,0
43495,0
43496,0
43497,0
43498,0
43499,0
43500,-4
43501,0
43502,2
43503,0
43504,-4
43505,0
43506,0
43507,0
43508,0
43509,-4
43510,0
43511,0
43512,-4
43513,-4
43514,-4
43515,-4
43516,-28
43517,0
43518,-4
43519,0
43520,-4
43521,-4
43522,0
43523,-4
43524,0
43525,0
43526,0
43527,-4
43528,-4
43529,-4
43530,-4
43531,0
43532,-4
43533,-4
43534,0
43535,-4
43536,0
43537,-4
43538,4
43539,0
43540,0
43541,0
43542,-4
43543,-4
43544,0
43545,0
43546,0
43547,0
43548,0
43549,0
43550,0
43551,0
43552,0
43553,0
43554,-4
43555,0
43556,0
43557,0
43558,0
43559,2
43560,4
43561,0
43562,2
43563,2
43564,2
43565,0
43566,2
43567,0
43568,0
43569,-4
43570,-4
43571,4
43572,0
43573,4
43574,0
43575,0
43576,0
43577,4
43578,4
43579,0
43580,4
43581,-4
43582,0
43583,2
43584,0
43585,4
43586,-16
43587,0
43588,4
43589,0
43590,-6
43591,0
43592,4
43593,-4
43594,0
43595,-8
43596,0
43597,0
43598,0
43599,0
43600,6
43601,-4
43602,0
43603,0
43604,0
43605,-4
43606,4
43607,10
43608,-4
43609,6
43610,-4
43611,-4
43612,0
43613,-4
43614,-6
43615,0
43616,0
43617,-4
43618,-12
43619,0
43620,-4
43621,-4
43622,-4
43623,-4
43624,-4
43625,0
43626,0
43627,-4
43628,-4
43629,-16
43630,-4
43631,0
43632,2
43633,-4
43634,-6
43635,-4
43636,0
43637,-4
43638,0
43639,0
43640,2
43641,-4
43642,0
43643,0
43644,0
43645,0
43646,0
43647,0
43648,0
43649,0
43650,0
43651,2
43652,0
43653,-4
43654,2
43655,0
43656,0
43657,-4
43658,0
43659,-4
43660,2
43661,2
43662,0
43663,0
43664,2
43665,2
43666,2
43667,2
43668,6
43669,-4
43670,0
43671,2
43672,0
43673,0
43674,2
43675,6
43676,14
43677,0
43678,0
43679,0
43680,2
43681,0
43682,0
43683,-8
43684,4
43685,-4
43686,12
43687,0
43688,0
43689,-4
43690,6
43691,4
43692,0
43693,-8
43694,0
43695,0
43696,0
43697,0
43698,2
43699,-8
43700,0
43701,0
43702,-4
43703,0
43704,0
43705,-4
43706,-4
43707,0
43708,0
43709,-4
43710,-4
43711,0
43712,0
43713,-4
43714,-4
43715,-4
43716,-4
43717,0
43718,-4
43719,-4
43720,0
43721,0
43722,4
43723,-4
43724,-4
43725,0
43726,-2
43727,0
43728,2
43729,-4
43730,4
43731,-2
43732,0
43733,4
43734,-4
43735,-4
43736,-4
43737,-4
43738,-4
43739,0
43740,4
43741,-4
43742,0
43743,-4
43744,-4
43745,0
43746,20
43747,4
43748,2
43749,0
43750,-4
43751,0
43752,0
43753,0
43754,0
43755,6
43756,0
43757,-4
43758,0
43759,0
43760,4
43761,0
43762,2
43763,0
43764,2
43765,0
43766,0
43767,0
43768,0
43769,2
43770,0
43771,4
43772,10
43773,0
43774,0
43775,2
43776,2
43777,16
43778,0
43779,0
43780,0
43781,-8
43782,0
43783,0
43784,-4
43785,24
43786,2
43787,0
43788,-6
43789,0
43790,0
43791,2
43792,-14
43793,0
43794,6
43795,0
43796,0
43797,0
43798,0
43799,0
43800,0
43801,2
43802,6
43803,0
43804,-4
43805,6
43806,0
43807,0
43808,-4
43809,2
43810,0
43811,-4
43812,0
43813,-4
43814,-4
43815,-4
43816,-4
43817,-4
43818,-4
43819,-22
43820,0
43821,0
43822,2
43823,-4
43824,0
43825,-4
43826,0
43827,-4
43828,-4
43829,-4
43830,-4
43831,0
43832,0
43833,-4
43834,6
43835,0
43836,0
43837,-4
43838,-4
43839,0
43840,4
43841,0
43842,0
43843,-6
43844,-4
43845,0
43846,4
43847,0
43848,0
43849,0
43850,0
43851,2
43852,0
43853,0
43854,0
43855,-2
43856,-4
43857,0
43858,0
43859,0
43860,2
43861,2
43862,-4
43863,2
43864,0
43865,0
43866,0
43867,2
43868,-12
43869,2
43870,6
43871,0
43872,0
43873,0
43874,0
43875,0
43876,0
43877,4
43878,6
43879,2
43880,0
43881,2
43882,0
43883,6
43884,6
43885,0
43886,0
43887,-22
43888,0
43889,2
43890,6
43891,2
43892,-2
43893,2
43894,0
43895,2
43896,2
43897,0
43898,0
43899,0
43900,0
43901,2
43902,2
43903,0
43904,0
43905,-4
43906,0
43907,6
43908,0
43909,0
43910,-4
43911,0
43912,0
43913,-4
43914,-4
43915,-6
43916,0
43917,-4
43918,-4
43919,-4
43920,0
43921,0
43922,-14
43923,-6
43924,-4
43925,-4
43926,-4
43927,-4
43928,-4
43929,-4
43930,-4
43931,-4
43932,0
43933,6
43934,0
43935,-4
43936,6
43937,-4
43938,0
43939,0
43940,0
43941,2
43942,0
43943,-4
43944,2
43945,0
43946,0
43947,-4
43948,4
43949,0
43950,0
43951,0
43952,0
43953,0
43954,0
43955,6
43956,0
43957,0
43958,0
43959,0
43960,0
43961,0
43962,4
43963,2
43964,0
43965,2
43966,2
43967,0
43968,0
43969,0
43970,0
43971,0
43972,2
43973,6
43974,0
43975,2
43976,2
43977,0
43978,-16
43979,0
43980,-8
43981,0
43982,0
43983,2
43984,2
43985,0
43986,-4
43987,0
43988,0
43989,4
43990,2
43991,2
43992,0
43993,14
43994,0
43995,0
43996,-4
43997,0
43998,0
43999,0
44000,0
44001,-4
44002,-2
44003,0
44004,-4
44005,0
44006,-4
44007,0
44008,10
44009,0
44010,0
44011,0
44012,0
44013,-4
44014,0
44015,-4
44016,-4
44017,-4
44018,-4
44019,0
44020,-4
44021,-4
44022,-4
44023,0
44024,-4
44025,0
44026,0
44027,-4
44028,10
44029,-4
44030,-4
44031,-4
44032,0
44033,-8
44034,-6
44035,0
44036,-4
44037,0
44038,-4
44039,0
44040,6
44041,0
44042,0
44043,6
44044,0
44045,0
44046,-4
44047,-4
44048,0
44049,0
44050,4
44051,-4
44052,0
44053,0
44054,0
44055,-4
44056,0
44057,0
44058,0
44059,4
44060,2
44061,2
44062,0
44063,0
44064,0
44065,2
44066,2
44067,4
44068,0
44069,6
44070,6
44071,0
44072,0
44073,0
44074,0
44075,6
44076,-10
44077,2
44078,2
44079,0
44080,0
44081,0
44082,-4
44083,4
44084,4
44085,0
44086,0
44087,0
44088,0
44089,6
44090,0
44091,2
44092,0
44093,14
44094,2
44095,0
44096,6
44097,0
44098,0
44099,0
44100,-4
44101,0
44102,0
44103,4
44104,-4
44105,0
44106,0
44107,0
44108,-4
44109,-4
44110,-4
44111,0
44112,-4
44113,-4
44114,-4
44115,0
44116,0
44117,-4
44118,0
44119,-4
44120,-4
44121,-4
44122,-4
44123,-4
44124,-16
44125,0
44126,0
44127,-4
44128,-4
44129,0
44130,-4
44131,-4
44132,0
44133,-22
44134,-4
44135,-4
44136,14
44137,-4
44138,0
44139,6
44140,-4
44141,2
44142,-6
44143,-4
44144,0
44145,0
44146,0
44147,-18
44148,-8
44149,0
44150,6
44151,-14
44152,0
44153,-4
44154,0
44155,2
44156,0
44157,2
44158,2
44159,2
44160,2
44161,0
44162,2
44163,4
44164,0
44165,0
44166,-4
44167,2
44168,0
44169,0
44170,0
44171,10
44172,-4
44173,6
44174,-4
44175,0
44176,2
44177,14
44178,0
44179,-6
44180,0
44181,2
44182,0
44183,0
44184,6
44185,2
44186,-4
44187,6
44188,0
44189,0
44190,-8
44191,-6
44192,0
44193,0
44194,0
44195,4
44196,-4
44197,-2
44198,10
44199,0
44200,-4
44201,4
44202,-4
44203,0
44204,-4
44205,-4
44206,-4
44207,2
44208,6
44209,0
44210,-4
44211,0
44212,-4
44213,-4
44214,-4
44215,-4
44216,-4
44217,-4
44218,-4
44219,2
44220,0
44221,-4
44222,-4
44223,-6
44224,-4
44225,0
44226,-4
44227,-4
44228,-4
44229,0
44230,-4
44231,-4
44232,-4
44233,0
44234,-4
44235,6
44236,0
44237,-4
44238,6
44239,0
44240,0
44241,-2
44242,2
44243,0
44244,-4
44245,0
44246,0
44247,0
44248,-16
44249,0
44250,0
44251,-10
44252,0
44253,0
44254,2
44255,0
44256,0
44257,14
44258,0
44259,0
44260,0
44261,0
44262,2
44263,0
44264,-16
44265,4
44266,0
44267,10
44268,6
44269,4
44270,4
44271,-14
44272,0
44273,2
44274,0
44275,0
44276,2
44277,2
44278,-4
44279,4
44280,6
44281,0
44282,0
44283,0
44284,0
44285,0
44286,6
44287,10
44288,0
44289,0
44290,-6
44291,-4
44292,0
44293,-4
44294,0
44295,6
44296,0
44297,0
44298,-4
44299,0
44300,0
44301,0
44302,0
44303,0
44304,0
44305,0
44306,0
44307,2
44308,0
44309,0
44310,-4
44311,-4
44312,-2
44313,0
44314,0
44315,0
44316,-4
44317,-4
44318,-4
44319,-4
44320,-4
44321,-4
44322,-4
44323,-4
44324,-4
44325,-4
44326,-4
44327,0
44328,-10
44329,-4
44330,2
44331,0
44332,0
44333,-4
44334,2
44335,-14
44336,-4
44337,-4
44338,-4
44339,18
44340,0
44341,0
44342,-4
44343,-4
44344,0
44345,0
44346,0
44347,0
44348,0
44349,0
44350,0
44351,0
44352,20
44353,0
44354,0
44355,-6
44356,0
44357,-4
44358,-4
44359,2
44360,4
44361,4
44362,0
44363,0
44364,0
44365,0
44366,0
44367,0
44368,2
44369,0
44370,4
44371,2
44372,10
44373,0
44374,0
44375,0
44376,0
44377,0
44378,0
44379,0
44380,0
44381,0
44382,0
44383,0
44384,4
44385,0
44386,6
44387,2
44388,0
44389,0
44390,0
44391,0
44392,2
44393,0
44394,0
44395,-4
44396,0
44397,0
44398,0
44399,0
44400,0
44401,-14
44402,0
44403,0
44404,0
44405,0
44406,2
44407,0
44408,2
44409,-4
44410,-4
44411,-6
44412,0
44413,0
44414,-4
44415,6
44416,0
44417,0
44418,-4
44419,0
44420,-4
44421,0
44422,-4
44423,0
44424,-4
44425,0
44426,-4
44427,0
44428,-4
44429,10
44430,-4
44431,-4
44432,-4
44433,-4
44434,-6
44435,2
44436,-4
44437,-4
44438,-4
44439,0
44440,0
44441,-4
44442,0
44443,0
44444,0
44445,0
44446,2
44447,0
44448,0
44449,0
44450,0
44451,0
44452,0
44453,0
44454,0
44455,2
44456,0
44457,4
44458,10
44459,2
44460,0
44461,0
44462,2
44463,4
44464,0
44465,4
44466,0
44467,0
44468,14
44469,0
44470,0
44471,4
44472,0
44473,10
44474,0
44475,-4
44476,-20
44477,2
44478,2
44479,0
44480,2
44481,18
44482,0
44483,2
44484,4
44485,0
44486,4
44487,0
44488,-6
44489,-4
44490,4
44491,-4
44492,0
44493,2
44494,0
44495,0
44496,2
44497,0
44498,-14
44499,2
44500,0
44501,0
44502,0
44503,0
44504,-4
44505,-2
44506,-4
44507,0
44508,0
44509,-4
44510,10
44511,0
44512,0
44513,-4
44514,-2
44515,0
44516,0
44517,-4
44518,-6
44519,-4
44520,-4
44521,0
44522,-4
44523,-4
44524,-4
44525,0
44526,-4
44527,-2
44528,-4
44529,-4
44530,-4
44531,0
44532,-4
44533,0
44534,0
44535,0
44536,-6
44537,2
44538,-4
44539,2
44540,24
44541,0
44542,0
44543,-6
44544,0
44545,0
44546,-4
44547,0
44548,-4
44549,0
44550,-10
44551,0
44552,0
44553,0
44554,4
44555,-22
44556,2
44557,0
44558,0
44559,2
44560,4
44561,0
44562,0
44563,4
44564,0
44565,4
44566,0
44567,0
44568,0
44569,0
44570,0
44571,2
44572,2
44573,0
44574,0
44575,0
44576,0
44577,4
44578,-4
44579,0
44580,6
44581,0
44582,2
44583,6
44584,0
44585,0
44586,6
44587,0
44588,0
44589,4
44590,-10
44591,0
44592,0
44593,4
44594,0
44595,10
44596,0
44597,-4
44598,0
44599,2
44600,0
44601,0
44602,0
44603,0
44604,-4
44605,0
44606,4
44607,-4
44608,0
44609,-4
44610,0
44611,-4
44612,0
44613,-4
44614,0
44615,-40
44616,0
44617,-4
44618,-4
44619,-4
44620,-4
44621,0
44622,-4
44623,0
44624,-4
44625,0
44626,-4
44627,0
44628,4
44629,-4
44630,0
44631,0
44632,0
44633,26
44634,-4
44635,-4
44636,20
44637,0
44638,0
44639,6
44640,0
44641,0
44642,2
44643,0
44644,0
44645,0
44646,6
44647,2
44648,-4
44649,0
44650,-4
44651,0
44652,2
44653,2
44654,16
44655,2
44656,0
44657,0
44658,0
44659,0
44660,0
44661,0
44662,4
44663,0
44664,0
44665,0
44666,2
44667,4
44668,0
44669,2
44670,0
44671,0
44672,0
44673,2
44674,6
44675,4
44676,6
44677,0
44678,-20
44679,4
44680,-4
44681,0
44682,0
44683,0
44684,2
44685,-4
44686,14
44687,-4
44688,0
44689,6
44690,4
44691,0
44692,2
44693,0
44694,0
44695,0
44696,6
44697,0
44698,-4
44699,0
44700,-4
44701,0
44702,2
44703,0
44704,0
44705,0
44706,0
44707,-4
44708,2
44709,0
44710,0
44711,-4
44712,-2
44713,-4
44714,-4
44715,-4
44716,-4
44717,0
44718,-4
44719,-4
44720,0
44721,-4
44722,0
44723,-4
44724,-8
44725,-4
44726,-4
44727,-4
44728,-4
44729,-4
44730,-4
44731,0
44732,24
44733,-4
44734,-4
44735,24
44736,-4
44737,0
44738,-14
44739,0
44740,2
44741,4
44742,0
44743,0
44744,-4
44745,0
44746,-4
44747,0
44748,0
44749,0
44750,0
44751,4
44752,0
44753,0
44754,0
44755,0
44756,0
44757,4
44758,0
44759,0
44760,2
44761,0
44762,2
44763,0
44764,0
44765,4
44766,0
44767,0
44768,0
44769,4
44770,-4
44771,-12
44772,0
44773,4
44774,6
44775,0
44776,0
44777,0
44778,0
44779,6
44780,2
44781,6
44782,14
44783,0
44784,4
44785,0
44786,0
44787,0
44788,6
44789,2
44790,-4
44791,-4
44792,0
44793,2
44794,0
44795,0
44796,6
44797,-4
44798,0
44799,0
44800,6
44801,-4
44802,0
44803,-4
44804,-4
44805,-4
44806,0
44807,-4
44808,0
44809,-4
44810,0
44811,-4
44812,-4
44813,-4
44814,-4
44815,-4
44816,-4
44817,0
44818,-4
44819,4
44820,0
44821,-20
44822,-4
44823,-4
44824,-4
44825,-4
44826,0
44827,-4
44828,-4
44829,0
44830,-2
44831,-4
44832,-22
44833,-4
44834,-4
44835,-4
44836,-6
44837,0
44838,0
44839,-14
44840,0
44841,-2
44842,6
44843,0
44844,0
44845,-4
44846,0
44847,0
44848,0
44849,0
44850,0
44851,-4
44852,0
44853,0
44854,0
44855,2
44856,-20
44857,0
44858,0
44859,0
44860,2
44861,0
44862,0
44863,0
44864,2
44865,0
44866,0
44867,0
44868,0
44869,0
44870,0
44871,0
44872,6
44873,0
44874,2
44875,6
44876,0
44877,-12
44878,6
44879,0
44880,2
44881,-4
44882,0
44883,4
44884,6
44885,0
44886,4
44887,4
44888,-6
44889,0
44890,0
44891,0
44892,2
44893,0
44894,-8
44895,0
44896,0
44897,2
44898,0
44899,-2
44900,6
44901,0
44902,-18
44903,0
44904,0
44905,-4
44906,-4
44907,0
44908,0
44909,2
44910,-4
44911,0
44912,0
44913,-4
44914,0
44915,-4
44916,-4
44917,-4
44918,0
44919,0
44920,-4
44921,0
44922,-4
44923,-2
44924,-4
44925,0
44926,-4
44927,-4
44928,-4
44929,-4
44930,0
44931,0
44932,-4
44933,-4
44934,0
44935,-4
44936,0
44937,-4
44938,-4
44939,0
44940,0
44941,-10
44942,-4
44943,0
44944,-4
44945,0
44946,0
44947,2
44948,-4
44949,-4
44950,0
44951,0
44952,0
44953,0
44954,0
44955,0
44956,4
44957,-4
44958,0
44959,0
44960,2
44961,2
44962,2
44963,0
44964,0
44965,0
44966,12
44967,0
44968,-4
44969,0
44970,2
44971,0
44972,4
44973,4
44974,0
44975,0
44976,0
44977,2
44978,10
44979,0
44980,6
44981,4
44982,2
44983,6
44984,4
44985,0
44986,2
44987,4
44988,-16
44989,0
44990,-4
44991,4
44992,12
44993,0
44994,0
44995,0
44996,0
44997,0
44998,0
44999,0
45000,0
45001,-6
45002,0
45003,0
45004,-4
45005,-4
45006,0
45007,0
45008,0
45009,-4
45010,0
45011,-4
45012,2
45013,0
45014,-4
45015,-4
45016,0
45017,0
45018,0
45019,-4
45020,-4
45021,-4
45022,-4
45023,0
45024,-4
45025,-6
45026,-4
45027,0
45028,0
45029,-4
45030,-8
45031,-4
45032,-4
45033,2
45034,0
45035,-4
45036,-4
45037,-4
45038,0
45039,-4
45040,2
45041,-16
45042,0
45043,0
45044,0
45045,0
45046,0
45047,-8
45048,-4
45049,0
45050,0
45051,0
45052,-4
45053,-4
45054,0
45055,2
45056,0
45057,2
45058,0
45059,2
45060,4
45061,0
45062,0
45063,0
45064,0
45065,2
45066,-10
45067,0
45068,-4
45069,2
45070,2
45071,4
45072,4
45073,0
45074,6
45075,0
45076,0
45077,2
45078,0
45079,6
45080,0
45081,2
45082,24
45083,-4
45084,-4
45085,-12
45086,4
45087,0
45088,10
45089,0
45090,0
45091,6
45092,-4
45093,0
45094,0
45095,0
45096,0
45097,0
45098,0
45099,0
45100,0
45101,-4
45102,0
45103,-4
45104,0
45105,0
45106,0
45107,0
45108,0
45109,-4
45110,-4
45111,0
45112,0
45113,-4
45114,-4
45115,-4
45116,18
45117,-4
45118,-4
45119,-4
45120,0
45121,0
45122,-4
45123,-4
45124,6
45125,-4
45126,-4
45127,0
45128,0
45129,0
45130,-4
45131,-4
45132,6
45133,-4
45134,-4
45135,-4
45136,0
45137,-4
45138,-4
45139,-4
45140,0
45141,-4
45142,-4
45143,-4
45144,2
45145,0
45146,-4
45147,0
45148,-4
45149,-4
45150,0
45151,0
45152,0
45153,-4
45154,0
45155,-2
45156,0
45157,0
45158,-4
45159,0
45160,0
45161,0
45162,2
45163,0
45164,0
45165,0
45166,14
45167,0
45168,6
45169,2
45170,0
45171,4
45172,0
45173,0
45174,0
45175,0
45176,4
45177,0
45178,0
45179,-22
45180,0
45181,12
45182,0
45183,0
45184,10
45185,0
45186,6
45187,6
45188,0
45189,-4
45190,0
45191,-6
45192,0
45193,0
45194,-10
45195,0
45196,0
45197,0
45198,0
45199,0
45200,0
45201,0
45202,4
45203,0
45204,0
45205,0
45206,0
45207,0
45208,0
45209,0
45210,-4
45211,0
45212,-4
45213,-4
45214,-4
45215,0
45216,-8
45217,0
45218,-4
45219,0
45220,0
45221,0
45222,-4
45223,0
45224,-4
45225,-4
45226,0
45227,0
45228,-4
45229,-4
45230,-4
45231,20
45232,0
45233,-4
45234,-4
45235,-4
45236,-4
45237,-4
45238,0
45239,-4
45240,-4
45241,-4
45242,0
45243,0
45244,0
45245,0
45246,0
45247,0
45248,0
45249,-4
45250,6
45251,4
45252,12
45253,0
45254,0
45255,0
45256,4
45257,0
45258,-4
45259,0
45260,0
45261,2
45262,0
45263,0
45264,4
45265,0
45266,2
45267,2
45268,-4
45269,0
45270,0
45271,0
45272,0
45273,0
45274,0
45275,20
45276,0
45277,2
45278,2
45279,0
45280,10
45281,0
45282,0
45283,14
45284,-4
45285,4
45286,12
45287,0
45288,0
45289,0
45290,-6
45291,0
45292,0
45293,0
45294,0
45295,-4
45296,0
45297,0
45298,14
45299,2
45300,-2
45301,0
45302,-16
45303,-4
45304,0
45305,0
45306,-4
45307,0
45308,0
45309,0
45310,-4
45311,0
45312,0
45313,-4
45314,0
45315,-4
45316,-4
45317,-6
45318,0
45319,0
45320,0
45321,-4
45322,-4
45323,-4
45324,-4
45325,-4
45326,0
45327,0
45328,0
45329,14
45330,-4
45331,-18
45332,0
45333,-4
45334,10
45335,0
45336,-4
45337,0
45338,0
45339,0
45340,6
45341,0
45342,-4
45343,0
45344,0
45345,0
45346,0
45347,-4
45348,6
45349,0
45350,-2
45351,0
45352,0
45353,0
45354,0
45355,0
45356,-22
45357,0
45358,0
45359,0
45360,0
45361,2
45362,2
45363,2
45364,2
45365,0
45366,0
45367,0
45368,0
45369,0
45370,4
45371,4
45372,4
45373,6
45374,2
45375,0
45376,2
45377,2
45378,2
45379,0
45380,0
45381,0
45382,14
45383,-4
45384,6
45385,-4
45386,10
45387,0
45388,0
45389,4
45390,4
45391,6
45392,0
45393,14
45394,0
45395,14
45396,0
45397,0
45398,0
45399,0
45400,0
45401,0
45402,0
45403,0
45404,2
45405,-4
45406,6
45407,-2
45408,-4
45409,0
45410,-4
45411,0
45412,-4
45413,-4
45414,0
45415,-4
45416,0
45417,0
45418,-4
45419,-4
45420,-4
45421,0
45422,-6
45423,-4
45424,-14
45425,0
45426,-4
45427,-8
45428,-4
45429,-4
45430,0
45431,-4
45432,0
45433,-4
45434,-4
45435,-4
45436,-6
45437,0
45438,0
45439,-4
45440,-4
45441,6
45442,0
45443,0
45444,0
45445,-4
45446,2
45447,0
45448,-4
45449,0
45450,0
45451,4
45452,0
45453,2
45454,2
45455,-4
45456,0
45457,0
45458,0
45459,6
45460,0
45461,2
45462,2
45463,2
45464,4
45465,4
45466,0
45467,4
45468,0
45469,2
45470,0
45471,2
45472,0
45473,0
45474,6
45475,0
45476,2
45477,2
45478,0
45479,0
45480,4
45481,2
45482,6
45483,6
45484,0
45485,0
45486,-10
45487,2
45488,-4
45489,0
45490,0
45491,0
45492,0
45493,-4
45494,16
45495,0
45496,0
45497,-4
45498,0
45499,2
45500,0
45501,-14
45502,0
45503,0
45504,4
45505,-14
45506,0
45507,0
45508,0
45509,-4
45510,0
45511,-4
45512,-4
45513,-4
45514,-4
45515,0
45516,0
45517,-4
45518,-4
45519,0
45520,-4
45521,0
45522,0
45523,-4
45524,0
45525,-6
45526,-4
45527,-4
45528,-4
45529,-4
45530,-4
45531,-6
45532,6
45533,0
45534,0
45535,-4
45536,0
45537,0
45538,-4
45539,-4
45540,-4
45541,0
45542,0
45543,0
45544,-4
45545,0
45546,18
45547,2
45548,0
45549,2
45550,2
45551,-4
45552,0
45553,2
45554,0
45555,-4
45556,-4
45557,0
45558,0
45559,4
45560,2
45561,4
45562,0
45563,6
45564,0
45565,2
45566,0
45567,-4
45568,6
45569,0
45570,-4
45571,0
45572,0
45573,0
45574,0
45575,2
45576,6
45577,0
45578,0
45579,0
45580,-4
45581,0
45582,2
45583,2
45584,10
45585,0
45586,0
45587,2
45588,4
45589,0
45590,4
45591,2
45592,4
45593,0
45594,-6
45595,2
45596,-8
45597,0
45598,0
45599,0
45600,0
45601,2
45602,0
45603,-10
45604,0
45605,4
45606,0
45607,0
45608,0
45609,0
45610,-4
45611,-4
45612,0
45613,0
45614,-4
45615,-4
45616,0
45617,0
45618,-4
45619,0
45620,0
45621,0
45622,-4
45623,0
45624,-4
45625,-4
45626,-4
45627,0
45628,18
45629,-4
45630,0
45631,-2
45632,-4
45633,2
45634,0
45635,0
45636,-4
45637,0
45638,-6
45639,-4
45640,0
45641,-4
45642,0
45643,-4
45644,6
45645,0
45646,0
45647,-6
45648,0
45649,0
45650,0
45651,-4
45652,0
45653,0
45654,0
45655,0
45656,0
45657,2
45658,0
45659,-4
45660,0
45661,0
45662,2
45663,0
45664,2
45665,6
45666,0
45667,0
45668,4
45669,2
45670,0
45671,-4
45672,0
45673,2
45674,4
45675,2
45676,2
45677,2
45678,6
45679,0
45680,6
45681,0
45682,0
45683,0
45684,0
45685,6
45686,-10
45687,0
45688,6
45689,6
45690,-4
45691,-4
45692,0
45693,-4
45694,0
45695,0
45696,0
45697,0
45698,-8
45699,0
45700,-14
45701,2
45702,-4
45703,0
45704,-2
45705,0
45706,2
45707,4
45708,0
45709,-12
45710,-4
45711,0
45712,-4
45713,0
45714,-4
45715,0
45716,-4
45717,0
45718,-4
45719,16
45720,-4
45721,-4
45722,-4
45723,2
45724,-4
45725,-4
45726,0
45727,-4
45728,-4
45729,-4
45730,-4
45731,-4
45732,-4
45733,0
45734,0
45735,-4
45736,-4
45737,-4
45738,-4
45739,0
45740,-4
45741,0
45742,-2
45743,16
45744,0
45745,4
45746,0
45747,0
45748,0
45749,4
45750,0
45751,0
45752,0
45753,-4
45754,0
45755,0
45756,0
45757,0
45758,0
45759,0
45760,0
45761,0
45762,0
45763,0
45764,4
45765,0
45766,10
45767,0
45768,0
45769,0
45770,2
45771,0
45772,2
45773,-4
45774,6
45775,4
45776,2
45777,0
45778,0
45779,-22
45780,0
45781,18
45782,2
45783,0
45784,14
45785,0
45786,2
45787,2
45788,2
45789,0
45790,2
45791,6
45792,-4
45793,0
45794,12
45795,0
45796,6
45797,0
45798,-4
45799,0
45800,0
45801,4
45802,0
45803,-6
45804,-4
45805,0
45806,6
45807,-4
45808,0
45809,-4
45810,0
45811,-4
45812,-4
45813,-4
45814,-4
45815,-4
45816,-4
45817,0
45818,-10
45819,-4
45820,16
45821,0
45822,-4
45823,0
45824,0
45825,2
45826,0
45827,-4
45828,0
45829,-4
45830,0
45831,-14
45832,-4
45833,-2
45834,-10
45835,-4
45836,0
45837,12
45838,0
45839,-4
45840,-4
45841,-4
45842,0
45843,4
45844,0
45845,-4
45846,-4
45847,2
45848,0
45849,0
45850,0
45851,0
45852,0
45853,0
45854,0
45855,4
45856,0
45857,0
45858,0
45859,0
45860,2
45861,0
45862,2
45863,2
45864,6
45865,6
45866,2
45867,-4
45868,6
45869,0
45870,2
45871,0
45872,-4
45873,10
45874,2
45875,0
45876,4
45877,0
45878,0
45879,0
45880,6
45881,0
45882,0
45883,-8
45884,0
45885,0
45886,-6
45887,0
45888,2
45889,4
45890,2
45891,0
45892,0
45893,12
45894,0
45895,10
45896,0
45897,0
45898,-4
45899,0
45900,-10
45901,0
45902,0
45903,0
45904,0
45905,-4
45906,0
45907,2
45908,0
45909,-4
45910,0
45911,0
45912,0
45913,0
45914,-22
45915,-4
45916,-4
45917,-4
45918,0
45919,-4
45920,2
45921,-4
45922,-2
45923,-20
45924,-10
45925,-4
45926,-4
45927,-6
45928,-4
45929,-4
45930,-6
45931,-4
45932,0
45933,-4
45934,-4
45935,-4
45936,0
45937,0
45938,-4
45939,-4
45940,0
45941,0
45942,-8
45943,-4
45944,-4
45945,0
45946,4
45947,0
45948,0
45949,0
45950,0
45951,-4
45952,0
45953,-4
45954,0
45955,0
45956,0
45957,-4
45958,0
45959,0
45960,0
45961,0
45962,0
45963,4
45964,0
45965,0
45966,6
45967,2
45968,0
45969,-4
45970,2
45971,6
45972,0
45973,0
45974,4
45975,0
45976,4
45977,10
45978,6
45979,0
45980,-10
45981,0
45982,0
45983,0
45984,2
45985,0
45986,18
45987,0
45988,-4
45989,-14
45990,0
45991,4
45992,0
45993,-4
45994,0
45995,-4
45996,4
45997,0
45998,-4
45999,0
46000,4
46001,0
46002,0
46003,0
46004,0
46005,0
46006,-4
46007,0
46008,0
46009,-4
46010,-4
46011,0
46012,-4
46013,-4
46014,0
46015,-4
46016,-4
46017,0
46018,0
46019,0
46020,0
46021,0
46022,0
46023,0
46024,-4
46025,-4
46026,-6
46027,10
46028,0
46029,-4
46030,-4
46031,-4
46032,-16
46033,-4
46034,0
46035,-24
46036,0
46037,-2
46038,-4
46039,0
46040,0
46041,-12
46042,0
46043,0
46044,12
46045,0
46046,0
46047,6
46048,0
46049,0
46050,0
46051,2
46052,0
46053,0
46054,0
46055,0
46056,10
46057,0
46058,-4
46059,0
46060,0
46061,2
46062,2
46063,4
46064,-4
46065,2
46066,2
46067,4
46068,0
46069,0
46070,2
46071,2
46072,2
46073,0
46074,0
46075,2
46076,0
46077,0
46078,0
46079,0
46080,2
46081,6
46082,0
46083,0
46084,0
46085,-4
46086,0
46087,0
46088,10
46089,0
46090,0
46091,0
46092,0
46093,2
46094,4
46095,2
46096,0
46097,0
46098,-4
46099,0
46100,0
46101,2
46102,-6
46103,0
46104,0
46105,0
46106,0
46107,0
46108,0
46109,0
46110,0
46111,-4
46112,-4
46113,-4
46114,-4
46115,0
46116,-12
46117,-4
46118,-2
46119,-4
46120,0
46121,0
46122,0
46123,-4
46124,-4
46125,0
46126,-4
46127,0
46128,-4
46129,2
46130,0
46131,0
46132,-4
46133,0
46134,2
46135,-4
46136,0
46137,0
46138,-4
46139,-4
46140,-4
46141,4
46142,0
46143,0
46144,-14
46145,0
46146,-4
46147,4
46148,0
46149,0
46150,0
46151,0
46152,2
46153,14
46154,0
46155,0
46156,0
46157,0
46158,14
46159,0
46160,-4
46161,-4
46162,2
46163,0
46164,6
46165,0
46166,-6
46167,0
46168,0
46169,2
46170,4
46171,4
46172,4
46173,0
46174,0
46175,2
46176,0
46177,4
46178,-4
46179,0
46180,0
46181,-22
46182,4
46183,0
46184,6
46185,2
46186,0
46187,-4
46188,0
46189,0
46190,2
46191,0
46192,-4
46193,0
46194,0
46195,0
46196,0
46197,-4
46198,0
46199,0
46200,0
46201,0
46202,-4
46203,6
46204,0
46205,-4
46206,0
46207,16
46208,-4
46209,0
46210,0
46211,0
46212,0
46213,-4
46214,-4
46215,-4
46216,0
46217,-4
46218,-4
46219,-4
46220,0
46221,-4
46222,-4
46223,0
46224,0
46225,-14
46226,0
46227,-4
46228,-4
46229,-4
46230,-2
46231,-4
46232,-4
46233,0
46234,0
46235,-4
46236,-4
46237,0
46238,-4
46239,-4
46240,-4
46241,0
46242,0
46243,0
46244,-4
46245,-4
46246,2
46247,0
46248,0
46249,-4
46250,-4
46251,0
46252,2
46253,0
46254,0
46255,0
46256,0
46257,0
46258,0
46259,0
46260,0
46261,0
46262,0
46263,2
46264,6
46265,0
46266,4
46267,0
46268,0
46269,6
46270,-4
46271,6
46272,2
46273,-4
46274,4
46275,4
46276,0
46277,0
46278,0
46279,0
46280,6
46281,6
46282,6
46283,2
46284,6
46285,6
46286,-10
46287,0
46288,0
46289,6
46290,-4
46291,4
46292,2
46293,20
46294,-4
46295,-6
46296,-4
46297,0
46298,-4
46299,-4
46300,0
46301,-4
46302,4
46303,0
46304,0
46305,0
46306,0
46307,0
46308,0
46309,6
46310,0
46311,0
46312,0
46313,-4
46314,0
46315,-4
46316,0
46317,-4
46318,-4
46319,-4
46320,-10
46321,4
46322,-6
46323,-4
46324,-6
46325,0
46326,-4
46327,-8
46328,0
46329,-4
46330,14
46331,0
46332,4
46333,-4
46334,-4
46335,10
46336,0
46337,-4
46338,-12
46339,0
46340,-4
46341,-4
46342,0
46343,-4
46344,6
46345,-4
46346,-12
46347,0
46348,-4
46349,0
46350,-4
46351,0
46352,0
46353,0
46354,0
46355,-4
46356,-4
46357,0
46358,0
46359,0
46360,0
46361,0
46362,-4
46363,0
46364,2
46365,0
46366,0
46367,0
46368,0
46369,0
46370,0
46371,0
46372,0
46373,-4
46374,0
46375,4
46376,4
46377,0
46378,10
46379,0
46380,0
46381,0
46382,0
46383,0
46384,4
46385,-4
46386,0
46387,0
46388,6
46389,0
46390,2
46391,4
46392,0
46393,0
46394,-4
46395,0
46396,4
46397,0
46398,0
46399,0
46400,0
46401,0
46402,0
46403,0
46404,0
46405,4
46406,0
46407,0
46408,0
46409,0
46410,0
46411,0
46412,-4
46413,-4
46414,2
46415,0
46416,-4
46417,-2
46418,-4
46419,-4
46420,-4
46421,0
46422,-4
46423,0
46424,-4
46425,-4
46426,0
46427,-4
46428,10
46429,-4
46430,0
46431,-4
46432,-2
46433,0
46434,-8
46435,0
46436,-4
46437,-8
46438,-4
46439,-4
46440,0
46441,2
46442,0
46443,-4
46444,6
46445,0
46446,-4
46447,4
46448,0
46449,0
46450,0
46451,-4
46452,-4
46453,-2
46454,2
46455,0
46456,0
46457,10
46458,0
46459,0
46460,0
46461,0
46462,0
46463,0
46464,-4
46465,0
46466,0
46467,0
46468,0
46469,2
46470,0
46471,0
46472,0
46473,2
46474,-8
46475,4
46476,0
46477,2
46478,4
46479,-4
46480,0
46481,2
46482,0
46483,-4
46484,6
46485,0
46486,0
46487,2
46488,0
46489,0
46490,6
46491,0
46492,0
46493,-4
46494,0
46495,0
46496,0
46497,0
46498,2
46499,-4
46500,0
46501,0
46502,0
46503,-4
46504,0
46505,0
46506,0
46507,0
46508,0
46509,4
46510,-4
46511,-4
46512,-4
46513,0
46514,-4
46515,-4
46516,-2
46517,-4
46518,-8
46519,0
46520,-4
46521,-4
46522,-4
46523,0
46524,-14
46525,-4
46526,0
46527,0
46528,-4
46529,18
46530,0
46531,-4
46532,0
46533,0
46534,-4
46535,-4
46536,4
46537,0
46538,-4
46539,-6
46540,-4
46541,0
46542,4
46543,-4
46544,0
46545,6
46546,0
46547,0
46548,0
46549,-4
46550,0
46551,-4
46552,0
46553,0
46554,0
46555,-4
46556,0
46557,0
46558,0
46559,0
46560,0
46561,0
46562,0
46563,2
46564,2
46565,2
46566,0
46567,6
46568,0
46569,-4
46570,0
46571,0
46572,4
46573,2
46574,0
46575,6
46576,0
46577,2
46578,2
46579,0
46580,2
46581,0
46582,0
46583,6
46584,0
46585,0
46586,2
46587,4
46588,0
46589,6
46590,0
46591,-4
46592,0
46593,2
46594,0
46595,10
46596,0
46597,0
46598,0
46599,0
46600,0
46601,-4
46602,0
46603,-4
46604,-4
46605,0
46606,2
46607,0
46608,0
46609,2
46610,0
46611,0
46612,-2
46613,-4
46614,0
46615,-4
46616,0
46617,-4
46618,-4
46619,0
46620,-4
46621,-4
46622,-4
46623,0
46624,-6
46625,-4
46626,-4
46627,0
46628,-4
46629,0
46630,2
46631,0
46632,0
46633,0
46634,0
46635,4
46636,-4
46637,-6
46638,0
46639,-4
46640,0
46641,-4
46642,0
46643,0
46644,-4
46645,0
46646,-6
46647,0
46648,0
46649,0
46650,0
46651,-4
46652,4
46653,-4
46654,-4
46655,-14
46656,0
46657,6
46658,-6
46659,6
46660,0
46661,0
46662,0
46663,0
46664,0
46665,0
46666,0
46667,0
46668,0
46669,-4
46670,4
46671,-4
46672,4
46673,-4
46674,0
46675,6
46676,2
46677,6
46678,0
46679,0
46680,0
46681,2
46682,0
46683,4
46684,0
46685,4
46686,2
46687,2
46688,0
46689,0
46690,0
46691,0
46692,6
46693,2
46694,0
46695,2
46696,0
46697,0
46698,-8
46699,6
46700,-4
46701,-14
46702,0
46703,4
46704,0
46705,-4
46706,-4
46707,2
46708,0
46709,0
46710,-4
46711,-6
46712,-4
46713,-4
46714,-4
46715,-4
46716,-4
46717,0
46718,0
46719,-4
46720,-4
46721,-4
46722,-4
46723,0
46724,-4
46725,-4
46726,0
46727,-4
46728,2
46729,-4
46730,-4
46731,0
46732,-4
46733,0
46734,6
46735,-4
46736,-4
46737,-10
46738,-6
46739,0
46740,-10
46741,6
46742,0
46743,-4
46744,4
46745,0
46746,-4
46747,0
46748,-2
46749,-4
46750,-4
46751,0
46752,-4
46753,0
46754,4
46755,0
46756,0
46757,0
46758,0
46759,0
46760,-4
46761,6
46762,2
46763,2
46764,6
46765,6
46766,2
46767,-4
46768,0
46769,2
46770,0
46771,0
46772,0
46773,10
46774,2
46775,10
46776,-4
46777,6
46778,0
46779,4
46780,4
46781,6
46782,6
46783,4
46784,12
46785,0
46786,0
46787,-4
46788,-6
46789,0
46790,0
46791,-6
46792,0
46793,0
46794,-6
46795,0
46796,10
46797,0
46798,0
46799,-4
46800,2
46801,-4
46802,0
46803,0
46804,0
46805,-4
46806,0
46807,-4
46808,-4
46809,-4
46810,2
46811,-4
46812,0
46813,-4
46814,0
46815,-4
46816,0
46817,0
46818,0
46819,-4
46820,-4
46821,0
46822,4
46823,-4
46824,-4
46825,-4
46826,-4
46827,-4
46828,-4
46829,-6
46830,-4
46831,-14
46832,0
46833,4
46834,-6
46835,-4
46836,-4
46837,-4
46838,-4
46839,0
46840,-4
46841,-4
46842,-4
46843,12
46844,-4
46845,0
46846,0
46847,-12
46848,4
46849,0
46850,0
46851,4
46852,-4
46853,0
46854,0
46855,2
46856,-4
46857,0
46858,-4
46859,4
46860,0
46861,6
46862,4
46863,2
46864,2
46865,0
46866,-4
46867,4
46868,0
46869,2
46870,2
46871,2
46872,0
46873,0
46874,6
46875,2
46876,-12
46877,0
46878,-2
46879,0
46880,0
46881,0
46882,6
46883,0
46884,2
46885,0
46886,-6
46887,2
46888,0
46889,10
46890,0
46891,-4
46892,-4
46893,6
46894,-4
46895,6
46896,0
46897,6
46898,0
46899,0
46900,0
46901,0
46902,0
46903,4
46904,0
46905,0
46906,0
46907,2
46908,10
46909,0
46910,-4
46911,-4
46912,-4
46913,-2
46914,0
46915,-2
46916,-4
46917,0
46918,-4
46919,0
46920,2
46921,0
46922,-4
46923,-4
46924,-4
46925,-4
46926,-4
46927,0
46928,0
46929,0
46930,-4
46931,0
46932,-4
46933,0
46934,-4
46935,-4
46936,0
46937,-4
46938,-4
46939,-4
46940,-4
46941,2
46942,-2
46943,0
46944,0
46945,0
46946,2
46947,-4
46948,-4
46949,-16
46950,10
46951,0
46952,-2
46953,0
46954,0
46955,6
46956,0
46957,-6
46958,2
46959,2
46960,0
46961,0
46962,0
46963,0
46964,4
46965,0
46966,0
46967,6
46968,2
46969,-4
46970,0
46971,0
46972,4
46973,0
46974,2
46975,-4
46976,6
46977,6
46978,-4
46979,0
46980,-6
46981,0
46982,-2
46983,-4
46984,4
46985,6
46986,2
46987,-4
46988,-4
46989,2
46990,6
46991,0
46992,4
46993,6
46994,0
46995,6
46996,-4
46997,2
46998,-6
46999,0
47000,0
47001,-4
47002,6
47003,-4
47004,0
47005,-4
47006,0
47007,0
47008,0
47009,0
47010,0
47011,-4
47012,0
47013,0
47014,0
47015,-4
47016,0
47017,6
47018,-4
47019,-4
47020,0
47021,2
47022,0
47023,-4
47024,-6
47025,-6
47026,-6
47027,-4
47028,0
47029,0
47030,0
47031,-4
47032,0
47033,-6
47034,4
47035,-8
47036,4
47037,0
47038,0
47039,-4
47040,0
47041,2
47042,-6
47043,2
47044,10
47045,0
47046,10
47047,-4
47048,-2
47049,-4
47050,-4
47051,2
47052,0
47053,0
47054,6
47055,0
47056,0
47057,2
47058,2
47059,-4
47060,-4
47061,-4
47062,-4
47063,-4
47064,2
47065,0
47066,0
47067,6
47068,4
47069,2
47070,-4
47071,0
47072,0
47073,0
47074,-4
47075,-4
47076,0
47077,-4
47078,0
47079,0
47080,-6
47081,6
47082,2
47083,0
47084,-4
47085,4
47086,6
47087,-4
47088,6
47089,0
47090,6
47091,0
47092,6
47093,0
47094,-10
47095,6
47096,6
47097,0
47098,2
47099,-4
47100,-4
47101,-4
47102,4
47103,-14
47104,6
47105,0
47106,-4
47107,0
47108,0
47109,2
47110,0
47111,-6
47112,-4
47113,0
47114,0
47115,2
47116,0
47117,0
47118,-4
47119,4
47120,0
47121,-4
47122,-4
47123,-4
47124,-4
47125,-12
47126,-4
47127,0
47128,-4
47129,-4
47130,0
47131,2
47132,0
47133,0
47134,0
47135,-4
47136,0
47137,-4
47138,-10
47139,-4
47140,4
47141,-4
47142,0
47143,14
47144,-4
47145,0
47146,0
47147,4
47148,0
47149,0
47150,0
47151,0
47152,10
47153,0
47154,-6
47155,0
47156,2
47157,0
47158,0
47159,0
47160,0
47161,-4
47162,4
47163,-4
47164,0
47165,2
47166,-4
47167,0
47168,0
47169,6
47170,0
47171,2
47172,6
47173,0
47174,2
47175,0
47176,-4
47177,0
47178,0
47179,6
47180,0
47181,2
47182,6
47183,-4
47184,2
47185,0
47186,4
47187,4
47188,0
47189,0
47190,10
47191,2
47192,-4
47193,-4
47194,-4
47195,0
47196,4
47197,0
47198,6
47199,0
47200,0
47201,0
47202,2
47203,0
47204,0
47205,0
47206,-4
47207,-4
47208,0
47209,0
47210,0
47211,-6
47212,-4
47213,0
47214,-8
47215,-4
47216,0
47217,-4
47218,0
47219,0
47220,0
47221,-4
47222,0
47223,-4
47224,-4
47225,-4
47226,4
47227,0
47228,4
47229,-14
47230,0
47231,-4
47232,0
47233,-4
47234,-4
47235,-12
47236,4
47237,0
47238,-4
47239,2
47240,0
47241,4
47242,0
47243,4
47244,2
47245,-2
47246,-4
47247,0
47248,-6
47249,0
47250,0
47251,0
47252,6
47253,-4
47254,2
47255,2
47256,0
47257,2
47258,-4
47259,-6
47260,2
47261,0
47262,6
47263,0
47264,4
47265,0
47266,10
47267,-4
47268,-10
47269,18
47270,0
47271,-6
47272,0
47273,6
47274,4
47275,0
47276,0
47277,0
47278,-4
47279,0
47280,0
47281,4
47282,6
47283,0
47284,2
47285,0
47286,-2
47287,0
47288,-4
47289,0
47290,-4
47291,0
47292,0
47293,0
47294,0
47295,4
47296,0
47297,4
47298,0
47299,-4
47300,2
47301,0
47302,0
47303,-4
47304,-4
47305,-4
47306,0
47307,-4
47308,-4
47309,0
47310,6
47311,4
47312,0
47313,0
47314,-4
47315,6
47316,-24
47317,2
47318,-32
47319,-4
47320,-4
47321,-10
47322,-4
47323,-4
47324,-4
47325,-4
47326,6
47327,-4
47328,-4
47329,0
47330,6
47331,-4
47332,-20
47333,0
47334,-4
47335,-6
47336,-4
47337,2
47338,2
47339,0
47340,-4
47341,-4
47342,0
47343,-4
47344,4
47345,0
47346,-4
47347,0
47348,-4
47349,2
47350,-6
47351,0
47352,2
47353,-4
47354,-4
47355,-4
47356,4
47357,0
47358,-6
47359,-4
47360,6
47361,0
47362,0
47363,0
47364,-4
47365,0
47366,0
47367,0
47368,4
47369,0
47370,2
47371,6
47372,6
47373,0
47374,-4
47375,0
47376,2
47377,0
47378,6
47379,0
47380,2
47381,-4
47382,4
47383,0
47384,0
47385,2
47386,0
47387,2
47388,6
47389,10
47390,0
47391,-8
47392,6
47393,-4
47394,6
47395,0
47396,6
47397,-4
47398,0
47399,-6
47400,0
47401,-4
47402,6
47403,0
47404,0
47405,-4
47406,6
47407,-4
47408,-4
47409,6
47410,0
47411,-4
47412,-4
47413,2
47414,4
47415,4
47416,-4
47417,-4
47418,-4
47419,-4
47420,2
47421,-6
47422,-2
47423,0
47424,0
47425,0
47426,0
47427,0
47428,0
47429,-4
47430,-4
47431,-4
47432,0
47433,0
47434,0
47435,0
47436,0
47437,2
47438,0
47439,-4
47440,6
47441,-8
47442,0
47443,-14
47444,0
47445,0
47446,-4
47447,0
47448,0
47449,0
47450,-4
47451,-6
47452,6
47453,0
47454,4
47455,0
47456,6
47457,0
47458,2
47459,-4
47460,0
47461,2
47462,4
47463,0
47464,6
47465,6
47466,4
47467,-4
47468,-2
47469,2
47470,2
47471,0
47472,-4
47473,0
47474,-4
47475,6
47476,0
47477,6
47478,0
47479,4
47480,0
47481,-4
47482,4
47483,0
47484,0
47485,0
47486,-4
47487,18
47488,0
47489,-8
47490,6
47491,4
47492,0
47493,4
47494,-4
47495,-4
47496,-4
47497,0
47498,0
47499,-6
47500,-4
47501,0
47502,2
47503,4
47504,-4
47505,0
47506,0
47507,4
47508,0
47509,0
47510,2
47511,-4
47512,-4
47513,-4
47514,-4
47515,0
47516,-4
47517,0
47518,-4
47519,-4
47520,0
47521,0
47522,-4
47523,0
47524,-4
47525,-4
47526,-4
47527,-6
47528,-4
47529,0
47530,4
47531,-4
47532,-6
47533,0
47534,12
47535,-4
47536,0
47537,-4
47538,-16
47539,-8
47540,0
47541,0
47542,-6
47543,2
47544,0
47545,-4
47546,-4
47547,-4
47548,0
47549,-4
47550,2
47551,4
47552,2
47553,0
47554,2
47555,0
47556,0
47557,2
47558,10
47559,-4
47560,6
47561,0
47562,0
47563,0
47564,-4
47565,0
47566,0
47567,2
47568,4
47569,2
47570,6
47571,6
47572,0
47573,-4
47574,0
47575,0
47576,2
47577,0
47578,0
47579,4
47580,0
47581,0
47582,0
47583,-6
47584,4
47585,0
47586,6
47587,6
47588,2
47589,4
47590,-4
47591,0
47592,0
47593,0
47594,-4
47595,0
47596,0
47597,0
47598,-4
47599,0
47600,0
47601,0
47602,2
47603,0
47604,-4
47605,0
47606,-4
47607,0
47608,0
47609,-10
47610,-6
47611,-4
47612,-6
47613,-6
47614,-4
47615,0
47616,0
47617,-4
47618,0
47619,-4
47620,0
47621,0
47622,0
47623,-6
47624,-4
47625,-4
47626,0
47627,-4
47628,-6
47629,-4
47630,6
47631,0
47632,0
47633,-2
47634,0
47635,-4
47636,-4
47637,-6
47638,-4
47639,-6
47640,0
47641,0
47642,-8
47643,0
47644,0
47645,0
47646,0
47647,-4
47648,0
47649,0
47650,2
47651,-4
47652,-4
47653,6
47654,0
47655,-14
47656,-4
47657,0
47658,6
47659,0
47660,6
47661,0
47662,6
47663,0
47664,2
47665,-4
47666,-4
47667,6
47668,0
47669,0
47670,4
47671,6
47672,0
47673,-4
47674,0
47675,4
47676,10
47677,6
47678,-4
47679,2
47680,-4
47681,0
47682,4
47683,0
47684,-4
47685,4
47686,0
47687,2
47688,-4
47689,-4
47690,0
47691,0
47692,-4
47693,0
47694,-4
47695,4
47696,0
47697,4
47698,0
47699,0
47700,0
47701,0
47702,0
47703,0
47704,-6
47705,6
47706,-6
47707,0
47708,2
47709,6
47710,-4
47711,-4
47712,-4
47713,0
47714,-4
47715,-6
47716,-6
47717,0
47718,0
47719,-4
47720,0
47721,-4
47722,-6
47723,-4
47724,-4
47725,-2
47726,12
47727,0
47728,-6
47729,-4
47730,-4
47731,-4
47732,-4
47733,-4
47734,10
47735,-4
47736,-4
47737,0
47738,-4
47739,0
47740,-4
47741,0
47742,2
47743,2
47744,0
47745,0
47746,-4
47747,0
47748,0
47749,-10
47750,-4
47751,-8
47752,-4
47753,2
47754,-4
47755,0
47756,4
47757,0
47758,0
47759,6
47760,6
47761,6
47762,0
47763,4
47764,2
47765,2
47766,2
47767,4
47768,0
47769,0
47770,4
47771,-4
47772,0
47773,-4
47774,-4
47775,2
47776,6
47777,2
47778,0
47779,0
47780,0
47781,20
47782,0
47783,6
47784,0
47785,0
47786,-4
47787,0
47788,-4
47789,-4
47790,6
47791,0
47792,-4
47793,-18
47794,0
47795,0
47796,-2
47797,0
47798,-4
47799,0
47800,0
47801,-4
47802,2
47803,-4
47804,0
47805,-8
47806,2
47807,0
47808,0
47809,2
47810,0
47811,0
47812,0
47813,0
47814,0
47815,-4
47816,2
47817,-4
47818,-4
47819,0
47820,-4
47821,-4
47822,-4
47823,-6
47824,2
47825,-4
47826,-4
47827,0
47828,-14
47829,0
47830,0
47831,0
47832,0
47833,0
47834,-4
47835,0
47836,2
47837,0
47838,4
47839,0
47840,4
47841,-4
47842,4
47843,-6
47844,-4
47845,10
47846,0
47847,0
47848,-4
47849,2
47850,6
47851,-4
47852,-4
47853,-4
47854,6
47855,4
47856,0
47857,6
47858,10
47859,0
47860,0
47861,10
47862,2
47863,0
47864,4
47865,2
47866,2
47867,0
47868,2
47869,0
47870,0
47871,0
47872,-4
47873,2
47874,2
47875,0
47876,4
47877,0
47878,-4
47879,4
47880,6
47881,2
47882,0
47883,6
47884,6
47885,4
47886,18
47887,0
47888,2
47889,2
47890,0
47891,-4
47892,2
47893,-4
47894,-4
47895,0
47896,0
47897,6
47898,0
47899,0
47900,0
47901,0
47902,0
47903,4
47904,-6
47905,-4
47906,-6
47907,10
47908,-8
47909,4
47910,6
47911,-4
47912,-4
47913,-4
47914,-6
47915,-4
47916,0
47917,0
47918,-6
47919,-4
47920,-4
47921,4
47922,-4
47923,4
47924,2
47925,-4
47926,-4
47927,0
47928,0
47929,2
47930,0
47931,0
47932,4
47933,-4
47934,-4
47935,10
47936,0
47937,0
47938,0
47939,-6
47940,0
47941,0
47942,-4
47943,-4
47944,0
47945,0
47946,2
47947,0
47948,0
47949,0
47950,0
47951,0
47952,0
47953,0
47954,0
47955,0
47956,2
47957,4
47958,2
47959,2
47960,6
47961,0
47962,0
47963,0
47964,0
47965,2
47966,0
47967,-4
47968,0
47969,-8
47970,4
47971,0
47972,0
47973,0
47974,6
47975,2
47976,6
47977,2
47978,-4
47979,0
47980,10
47981,4
47982,0
47983,0
47984,2
47985,6
47986,0
47987,2
47988,-16
47989,-4
47990,-10
47991,2
47992,-4
47993,-4
47994,4
47995,0
47996,-4
47997,2
47998,6
47999,-4
48000,2
48001,0
48002,0
48003,0
48004,0
48005,-4
48006,6
48007,2
48008,0
48009,-4
48010,0
48011,0
48012,-4
48013,0
48014,0
48015,-4
48016,-4
48017,-4
48018,-4
48019,6
48020,-4
48021,0
48022,-4
48023,0
48024,0
48025,0
48026,-4
48027,-4
48028,0
48029,-4
48030,-4
48031,-4
48032,0
48033,-4
48034,12
48035,-6
48036,-4
48037,6
48038,0
48039,-4
48040,-6
48041,0
48042,-6
48043,6
48044,4
48045,-4
48046,-4
48047,-4
48048,0
48049,-12
48050,4
48051,-4
48052,-4
48053,-4
48054,6
48055,6
48056,0
48057,2
48058,6
48059,0
48060,0
48061,0
48062,-4
48063,0
48064,0
48065,2
48066,2
48067,0
48068,-8
48069,4
48070,6
48071,0
48072,6
48073,0
48074,0
48075,4
48076,2
48077,6
48078,-4
48079,2
48080,0
48081,6
48082,0
48083,0
48084,0
48085,0
48086,0
48087,0
48088,0
48089,0
48090,6
48091,6
48092,-4
48093,10
48094,0
48095,4
48096,6
48097,4
48098,0
48099,-6
48100,0
48101,0
48102,14
48103,0
48104,-4
48105,2
48106,0
48107,4
48108,4
48109,0
48110,-2
48111,2
48112,-4
48113,4
48114,-4
48115,0
48116,-4
48117,-4
48118,0
48119,-4
48120,-10
48121,-4
48122,0
48123,-4
48124,-4
48125,-4
48126,-8
48127,-4
48128,-6
48129,-4
48130,-4
48131,12
48132,-4
48133,6
48134,-4
48135,-4
48136,-14
48137,0
48138,-4
48139,0
48140,4
48141,-4
48142,10
48143,0
48144,-6
48145,-4
48146,0
48147,-20
48148,4
48149,0
48150,-4
48151,6
48152,-4
48153,-4
48154,-4
48155,6
48156,-4
48157,4
48158,2
48159,0
48160,6
48161,2
48162,2
48163,0
48164,-6
48165,0
48166,0
48167,-4
48168,-6
48169,6
48170,6
48171,6
48172,14
48173,-6
48174,6
48175,-4
48176,2
48177,2
48178,10
48179,6
48180,0
48181,0
48182,0
48183,-4
48184,0
48185,6
48186,2
48187,6
48188,-4
48189,6
48190,-4
48191,0
48192,0
48193,-6
48194,-4
48195,0
48196,10
48197,0
48198,4
48199,-10
48200,4
48201,0
48202,-4
48203,0
48204,6
48205,0
48206,0
48207,4
48208,-4
48209,-4
48210,0
48211,4
48212,0
48213,0
48214,-8
48215,-6
48216,0
48217,-4
48218,-4
48219,-2
48220,0
48221,-4
48222,-4
48223,0
48224,-4
48225,-4
48226,-6
48227,0
48228,-16
48229,0
48230,0
48231,0
48232,0
48233,0
48234,0
48235,2
48236,0
48237,-4
48238,-4
48239,2
48240,0
48241,0
48242,-8
48243,0
48244,2
48245,0
48246,0
48247,4
48248,4
48249,0
48250,-4
48251,6
48252,0
48253,4
48254,-4
48255,4
48256,0
48257,-4
48258,-4
48259,2
48260,6
48261,0
48262,4
48263,0
48264,-4
48265,6
48266,2
48267,0
48268,2
48269,4
48270,-4
48271,2
48272,0
48273,6
48274,4
48275,0
48276,0
48277,4
48278,0
48279,2
48280,-4
48281,0
48282,20
48283,2
48284,4
48285,2
48286,10
48287,0
48288,6
48289,0
48290,4
48291,6
48292,-10
48293,0
48294,2
48295,-4
48296,0
48297,2
48298,0
48299,0
48300,2
48301,-2
48302,0
48303,0
48304,0
48305,0
48306,0
48307,0
48308,0
48309,0
48310,0
48311,-4
48312,-4
48313,-4
48314,0
48315,-4
48316,-6
48317,-4
48318,-4
48319,-6
48320,-4
48321,0
48322,-4
48323,-4
48324,-6
48325,-6
48326,-8
48327,4
48328,-8
48329,-6
48330,14
48331,0
48332,0
48333,-4
48334,-12
48335,-4
48336,-4
48337,-4
48338,-4
48339,-6
48340,6
48341,-6
48342,6
48343,-4
48344,0
48345,0
48346,0
48347,0
48348,-4
48349,0
48350,-4
48351,0
48352,0
48353,0
48354,-4
48355,4
48356,2
48357,0
48358,0
48359,0
48360,0
48361,6
48362,0
48363,0
48364,4
48365,4
48366,0
48367,2
48368,0
48369,0
48370,0
48371,-4
48372,0
48373,0
48374,0
48375,-6
48376,2
48377,0
48378,4
48379,2
48380,0
48381,0
48382,0
48383,0
48384,0
48385,0
48386,4
48387,-6
48388,4
48389,-2
48390,-4
48391,6
48392,-6
48393,-4
48394,0
48395,2
48396,-6
48397,2
48398,6
48399,0
48400,2
48401,-4
48402,6
48403,-4
48404,-4
48405,2
48406,-4
48407,-4
48408,-4
48409,4
48410,4
48411,-6
48412,-8
48413,-4
48414,-4
48415,0
48416,6
48417,6
48418,-4
48419,0
48420,-4
48421,4
48422,0
48423,-6
48424,-4
48425,-4
48426,-6
48427,0
48428,0
48429,-4
48430,-4
48431,-6
48432,-4
48433,-4
48434,4
48435,-4
48436,6
48437,-6
48438,-4
48439,-4
48440,0
48441,-8
48442,10
48443,2
48444,0
48445,-4
48446,0
48447,0
48448,0
48449,-4
48450,10
48451,-12
48452,0
48453,-6
48454,0
48455,4
48456,-4
48457,0
48458,0
48459,0
48460,-4
48461,6
48462,-4
48463,-4
48464,4
48465,2
48466,4
48467,6
48468,6
48469,2
48470,-4
48471,2
48472,6
48473,0
48474,-4
48475,0
48476,6
48477,2
48478,-4
48479,6
48480,0
48481,0
48482,2
48483,-4
48484,0
48485,0
48486,6
48487,4
48488,2
48489,20
48490,2
48491,2
48492,0
48493,2
48494,-4
48495,4
48496,0
48497,0
48498,0
48499,0
48500,6
48501,0
48502,0
48503,-4
48504,2
48505,-2
48506,0
48507,-4
48508,0
48509,2
48510,6
48511,0
48512,0
48513,4
48514,-4
48515,-4
48516,-4
48517,0
48518,-4
48519,-2
48520,-4
48521,-4
48522,-4
48523,0
48524,4
48525,0
48526,-6
48527,0
48528,0
48529,2
48530,0
48531,0
48532,-4
48533,0
48534,-4
48535,4
48536,6
48537,0
48538,-4
48539,4
48540,0
48541,-4
48542,-4
48543,6
48544,-6
48545,0
48546,-4
48547,0
48548,0
48549,2
48550,0
48551,0
48552,2
48553,-6
48554,0
48555,4
48556,0
48557,0
48558,0
48559,0
48560,-6
48561,0
48562,0
48563,-4
48564,0
48565,2
48566,6
48567,-4
48568,4
48569,-4
48570,0
48571,0
48572,0
48573,0
48574,0
48575,0
48576,6
48577,0
48578,-22
48579,-2
48580,0
48581,0
48582,-4
48583,6
48584,0
48585,0
48586,2
48587,0
48588,0
48589,4
48590,-6
48591,6
48592,-4
48593,0
48594,6
48595,0
48596,-4
48597,0
48598,0
48599,-4
48600,0
48601,-4
48602,0
48603,-4
48604,0
48605,6
48606,0
48607,0
48608,-8
48609,-4
48610,0
48611,0
48612,4
48613,2
48614,0
48615,-4
48616,0
48617,10
48618,0
48619,2
48620,2
48621,-6
48622,-4
48623,-4
48624,-4
48625,-4
48626,-4
48627,2
48628,-4
48629,-4
48630,6
48631,0
48632,0
48633,0
48634,-18
48635,0
48636,0
48637,10
48638,0
48639,-4
48640,10
48641,0
48642,-4
48643,-4
48644,-4
48645,0
48646,-18
48647,0
48648,2
48649,0
48650,0
48651,0
48652,0
48653,4
48654,6
48655,0
48656,6
48657,-4
48658,0
48659,2
48660,0
48661,6
48662,0
48663,0
48664,0
48665,2
48666,0
48667,-4
48668,2
48669,-6
48670,-6
48671,-4
48672,6
48673,2
48674,-8
48675,-4
48676,6
48677,0
48678,-4
48679,4
48680,0
48681,-4
48682,-4
48683,2
48684,4
48685,0
48686,-4
48687,-12
48688,0
48689,4
48690,0
48691,0
48692,0
48693,0
48694,0
48695,-4
48696,0
48697,0
48698,0
48699,-52
48700,-82
48701,-105
48702,-100
48703,-42
48704,-6
48705,16
48706,38
48707,48
48708,56
48709,48
48710,32
48711,4
48712,-42
48713,-60
48714,-62
48715,-70
48716,-58
48717,-46
48718,-30
48719,-14
48720,-4
48721,4
48722,6
48723,12
48724,18
48725,18
48726,10
48727,24
48728,20
48729,20
48730,24
48731,20
48732,30
48733,44
48734,66
48735,52
48736,52
48737,30
48738,24
48739,28
48740,20
48741,10
48742,12
48743,12
48744,6
48745,0
48746,6
48747,2
48748,2
48749,4
48750,10
48751,0
48752,0
48753,2
48754,4
48755,0
48756,2
48757,0
48758,0
48759,2
48760,0
48761,6
48762,2
48763,0
48764,-2
48765,2
48766,0
48767,6
48768,0
48769,6
48770,-4
48771,6
48772,4
48773,0
48774,6
48775,4
48776,6
48777,0
48778,0
48779,6
48780,0
48781,12
48782,4
48783,-4
48784,6
48785,6
48786,-10
48787,0
48788,0
48789,0
48790,6
48791,4
48792,-4
48793,0
48794,6
48795,2
48796,10
48797,2
48798,0
48799,4
48800,0
48801,6
48802,6
48803,2
48804,6
48805,0
48806,2
48807,0
48808,-4
48809,2
48810,0
48811,0
48812,0
48813,-4
48814,0
48815,0
48816,0
48817,0
48818,-4
48819,-4
48820,-28
48821,4
48822,-20
48823,0
48824,6
48825,-4
48826,-4
48827,-4
48828,-4
48829,-2
48830,0
48831,-4
48832,-4
48833,-4
48834,-4
48835,10
48836,-4
48837,-4
48838,-4
48839,4
48840,-4
48841,6
48842,-4
48843,0
48844,-4
48845,6
48846,0
48847,0
48848,-4
48849,-4
48850,2
48851,2
48852,0
48853,-4
48854,-4
48855,0
48856,4
48857,-4
48858,4
48859,4
48860,-2
48861,0
48862,2
48863,2
48864,0
48865,4
48866,-4
48867,-4
48868,-4
48869,-2
48870,0
48871,-6
48872,2
48873,-4
48874,0
48875,-4
48876,2
48877,-4
48878,-4
48879,6
48880,-4
48881,0
48882,-4
48883,-4
48884,-4
48885,-20
48886,-4
48887,-4
48888,2
48889,4
48890,4
48891,0
48892,0
48893,4
48894,-4
48895,-14
48896,0
48897,10
48898,0
48899,0
48900,-4
48901,-4
48902,4
48903,0
48904,0
48905,4
48906,0
48907,0
48908,-2
48909,-6
48910,0
48911,0
48912,2
48913,-4
48914,0
48915,-4
48916,6
48917,0
48918,0
48919,-4
48920,-4
48921,-4
48922,-4
48923,-4
48924,0
48925,-4
48926,-4
48927,0
48928,0
48929,-10
48930,-6
48931,-4
48932,-6
48933,-4
48934,10
48935,-4
48936,-4
48937,6
48938,0
48939,-4
48940,-4
48941,-4
48942,-4
48943,-8
48944,0
48945,0
48946,0
48947,0
48948,0
48949,0
48950,0
48951,4
48952,-4
48953,0
48954,0
48955,6
48956,4
48957,0
48958,0
48959,0
48960,0
48961,-4
48962,-4
48963,0
48964,0
48965,0
48966,0
48967,0
48968,0
48969,2
48970,0
48971,2
48972,0
48973,6
48974,0
48975,0
48976,4
48977,0
48978,-4
48979,4
48980,6
48981,2
48982,2
48983,6
48984,0
48985,0
48986,0
48987,6
48988,2
48989,6
48990,0
48991,0
48992,0
48993,0
48994,-4
48995,0
48996,-4
48997,6
48998,0
48999,0
49000,0
49001,-4
49002,0
49003,0
49004,18
49005,-6
49006,-4
49007,2
49008,-4
49009,0
49010,-4
49011,0
49012,-4
49013,-6
49014,-4
49015,0
49016,-4
49017,-2
49018,-6
49019,-4
49020,0
49021,0
49022,-4
49023,-4
49024,0
49025,0
49026,-4
49027,-4
49028,0
49029,-4
49030,-4
49031,-4
49032,-4
49033,-6
49034,-2
49035,2
49036,-12
49037,0
49038,-4
49039,-14
49040,0
49041,0
49042,-12
49043,-4
49044,0
49045,0
49046,-4
49047,-4
49048,0
49049,0
49050,4
49051,0
49052,0
49053,0
49054,-2
49055,0
49056,0
49057,0
49058,0
49059,-4
49060,-4
49061,0
49062,4
49063,0
49064,0
49065,-4
49066,0
49067,-4
49068,-4
49069,-4
49070,0
49071,4
49072,0
49073,6
49074,4
49075,0
49076,4
49077,-8
49078,0
49079,0
49080,0
49081,16
49082,4
49083,6
49084,0
49085,-4
49086,2
49087,0
49088,0
49089,-8
49090,6
49091,4
49092,2
49093,-4
49094,0
49095,0
49096,0
49097,0
49098,-4
49099,0
49100,0
49101,0
49102,-4
49103,0
49104,-4
49105,6
49106,-4
49107,0
49108,2
49109,-4
49110,-4
49111,0
49112,-4
49113,0
49114,-4
49115,-4
49116,-4
49117,-4
49118,-4
49119,-4
49120,0
49121,-4
49122,0
49123,-4
49124,-4
49125,0
49126,0
49127,-6
49128,-4
49129,-4
49130,0
49131,-4
49132,-4
49133,-4
49134,-4
49135,0
49136,0
49137,-4
49138,0
49139,0
49140,0
49141,2
49142,-4
49143,0
49144,0
49145,6
49146,0
49147,0
49148,0
49149,0
49150,10
49151,4
49152,4
49153,-4
49154,0
49155,2
49156,2
49157,0
49158,0
49159,2
49160,-4
49161,0
49162,2
49163,0
49164,0
49165,0
49166,2
49167,2
49168,2
49169,4
49170,-4
49171,4
49172,4
49173,-6
49174,-6
49175,0
49176,2
49177,0
49178,0
49179,2
49180,0
49181,0
49182,0
49183,0
49184,-4
49185,0
49186,0
49187,0
49188,6
49189,2
49190,0
49191,-6
49192,0
49193,0
49194,0
49195,6
49196,0
49197,6
49198,0
49199,-4
49200,0
49201,0
49202,2
49203,-4
49204,2
49205,0
49206,2
49207,-4
49208,2
49209,0
49210,6
49211,6
49212,0
49213,-2
49214,-4
49215,0
49216,-4
49217,0
49218,-4
49219,-4
49220,0
49221,-4
49222,-4
49223,-6
49224,-8
49225,0
49226,-4
49227,-4
49228,0
49229,-4
49230,-2
49231,-4
49232,-12
49233,-4
49234,6
49235,-4
49236,-4
49237,4
49238,-4
49239,-4
49240,14
49241,-4
49242,0
49243,0
49244,-4
49245,-4
49246,0
49247,0
49248,-12
49249,0
49250,0
49251,0
49252,2
49253,0
49254,2
49255,-4
49256,0
49257,-4
49258,0
49259,-4
49260,0
49261,2
49262,2
49263,2
49264,0
49265,2
49266,2
49267,0
49268,0
49269,0
49270,0
49271,0
49272,0
49273,2
49274,4
49275,-4
49276,4
49277,4
49278,0
49279,6
49280,6
49281,0
49282,0
49283,4
49284,10
49285,0
49286,2
49287,6
49288,0
49289,0
49290,-4
49291,-4
49292,0
49293,0
49294,-4
49295,2
49296,0
49297,2
49298,0
49299,0
49300,0
49301,10
49302,-6
49303,0
49304,0
49305,-4
49306,-8
49307,6
49308,0
49309,0
49310,10
49311,-4
49312,0
49313,-4
49314,-4
49315,0
49316,0
49317,0
49318,0
49319,-4
49320,0
49321,-4
49322,-4
49323,0
49324,0
49325,-14
49326,0
49327,-4
49328,-4
49329,-4
49330,0
49331,0
49332,-4
49333,-10
49334,0
49335,0
49336,0
49337,-4
49338,0
49339,2
49340,-4
49341,0
49342,4
49343,0
49344,-4
49345,0
49346,0
49347,-8
49348,0
49349,0
49350,0
49351,-4
49352,0
49353,6
49354,0
49355,0
49356,0
49357,0
49358,2
49359,6
49360,-4
49361,-4
49362,2
49363,2
49364,0
49365,0
49366,-4
49367,0
49368,0
49369,0
49370,-10
49371,0
49372,2
49373,0
49374,2
49375,0
49376,-4
49377,0
49378,0
49379,2
49380,6
49381,-4
49382,4
49383,6
49384,0
49385,0
49386,-4
49387,-4
49388,4
49389,6
49390,0
49391,0
49392,-6
49393,0
49394,-4
49395,4
49396,-4
49397,0
49398,16
49399,-4
49400,2
49401,-4
49402,0
49403,-4
49404,2
49405,-4
49406,0
49407,-4
49408,-4
49409,2
49410,4
49411,0
49412,0
49413,0
49414,2
49415,0
49416,-4
49417,-4
49418,-4
49419,0
49420,-4
49421,-4
49422,-4
49423,-4
49424,0
49425,0
49426,-6
49427,-4
49428,0
49429,0
49430,0
49431,-20
49432,-30
49433,-42
49434,-40
49435,-24
49436,-16
49437,-4
49438,0
49439,10
49440,10
49441,24
49442,14
49443,20
49444,16
49445,10
49446,6
49447,-14
49448,-4
49449,-8
49450,-10
49451,-12
49452,-10
49453,-4
49454,-4
49455,0
49456,6
49457,4
49458,-4
49459,0
49460,2
49461,6
49462,6
49463,2
49464,0
49465,0
49466,0
49467,-4
49468,-4
49469,0
49470,2
49471,0
49472,4
49473,6
49474,0
49475,6
49476,6
49477,6
49478,6
49479,6
49480,6
49481,10
49482,6
49483,10
49484,6
49485,16
49486,6
49487,6
49488,6
49489,2
49490,6
49491,4
49492,-8
49493,4
49494,2
49495,6
49496,2
49497,0
49498,-4
49499,0
49500,2
49501,0
49502,0
49503,0
49504,2
49505,0
49506,-4
49507,0
49508,0
49509,-6
49510,-4
49511,0
49512,-4
49513,0
49514,-4
49515,-4
49516,-8
49517,-6
49518,-6
49519,6
49520,-4
49521,4
49522,-4
49523,0
49524,-4
49525,-4
49526,-4
49527,-4
49528,-4
49529,-4
49530,-4
49531,0
49532,-4
49533,-4
49534,-4
49535,-4
49536,-6
49537,-4
49538,0
49539,-4
49540,0
49541,-4
49542,0
49543,-4
49544,0
49545,6
49546,0
49547,0
49548,-4
49549,4
49550,6
49551,-6
49552,-4
49553,0
49554,0
49555,0
49556,0
49557,2
49558,0
49559,6
49560,0
49561,0
49562,6
49563,0
49564,0
49565,4
49566,0
49567,4
49568,2
49569,0
49570,4
49571,-4
49572,2
49573,6
49574,4
49575,0
49576,0
49577,10
49578,0
49579,-4
49580,6
49581,6
49582,6
49583,-4
49584,2
49585,0
49586,4
49587,-6
49588,2
49589,-4
49590,0
49591,-4
49592,4
49593,0
49594,12
49595,6
49596,-4
49597,0
49598,0
49599,-4
49600,-10
49601,0
49602,0
49603,-4
49604,0
49605,-4
49606,-4
49607,0
49608,0
49609,0
49610,0
49611,-4
49612,2
49613,-4
49614,0
49615,0
49616,0
49617,-4
49618,-4
49619,-4
49620,-4
49621,-4
49622,0
49623,-4
49624,0
49625,-4
49626,-4
49627,-4
49628,-4
49629,-4
49630,-4
49631,-4
49632,-4
49633,-4
49634,-2
49635,-4
49636,-4
49637,-4
49638,-4
49639,-4
49640,-4
49641,-4
49642,-4
49643,-4
49644,0
49645,-4
49646,2
49647,-4
49648,0
49649,-4
49650,-4
49651,-4
49652,4
49653,0
49654,0
49655,0
49656,0
49657,0
49658,0
49659,0
49660,0
49661,-4
49662,0
49663,0
49664,10
49665,0
49666,0
49667,2
49668,-4
49669,2
49670,-4
49671,0
49672,0
49673,-8
49674,-6
49675,0
49676,4
49677,6
49678,0
49679,0
49680,0
49681,0
49682,0
49683,0
49684,0
49685,0
49686,6
49687,2
49688,2
49689,2
49690,0
49691,4
49692,0
49693,0
49694,0
49695,0
49696,6
49697,0
49698,2
49699,0
49700,0
49701,2
49702,-4
49703,-4
49704,0
49705,0
49706,4
49707,0
49708,-4
49709,6
49710,4
49711,0
49712,0
49713,-4
49714,0
49715,-4
49716,-4
49717,-8
49718,-4
49719,-4
49720,-6
49721,-6
49722,-6
49723,-4
49724,6
49725,-4
49726,-4
49727,-4
49728,0
49729,0
49730,0
49731,0
49732,0
49733,6
49734,0
49735,-4
49736,0
49737,0
49738,-6
49739,-4
49740,-4
49741,0
49742,-4
49743,0
49744,0
49745,-12
49746,0
49747,0
49748,-4
49749,0
49750,0
49751,2
49752,-4
49753,2
49754,2
49755,0
49756,4
49757,0
49758,2
49759,2
49760,4
49761,0
49762,2
49763,6
49764,2
49765,4
49766,0
49767,0
49768,0
49769,0
49770,0
49771,0
49772,10
49773,0
49774,4
49775,2
49776,10
49777,2
49778,2
49779,0
49780,4
49781,6
49782,4
49783,0
49784,0
49785,-8
49786,0
49787,0
49788,4
49789,2
49790,4
49791,2
49792,6
49793,0
49794,2
49795,-4
49796,0
49797,0
49798,6
49799,0
49800,2
49801,0
49802,2
49803,-4
49804,2
49805,0
49806,-4
49807,0
49808,-4
49809,0
49810,0
49811,0
49812,-4
49813,-4
49814,0
49815,0
49816,-4
49817,-4
49818,-4
49819,-4
49820,0
49821,0
49822,-4
49823,0
49824,-4
49825,0
49826,0
49827,-6
49828,-2
49829,0
49830,-4
49831,0
49832,-4
49833,-2
49834,-4
49835,0
49836,0
49837,-4
49838,0
49839,-6
49840,-4
49841,-6
49842,-4
49843,4
49844,0
49845,0
49846,0
49847,0
49848,-4
49849,0
49850,0
49851,-2
49852,-4
49853,0
49854,0
49855,-6
49856,0
49857,0
49858,-4
49859,0
49860,0
49861,0
49862,2
49863,0
49864,-4
49865,4
49866,4
49867,6
49868,0
49869,0
49870,2
49871,0
49872,4
49873,0
49874,0
49875,2
49876,4
49877,4
49878,0
49879,0
49880,0
49881,0
49882,6
49883,0
49884,10
49885,0
49886,0
49887,6
49888,0
49889,0
49890,-4
49891,6
49892,0
49893,0
49894,6
49895,4
49896,0
49897,-6
49898,0
49899,0
49900,-4
49901,0
49902,0
49903,-4
49904,0
49905,2
49906,-4
49907,4
49908,0
49909,-4
49910,-10
49911,0
49912,-4
49913,-4
49914,0
49915,0
49916,0
49917,0
49918,0
49919,-4
49920,-4
49921,0
49922,-4
49923,0
49924,-4
49925,-4
49926,-4
49927,-4
49928,-4
49929,0
49930,0
49931,-6
49932,-4
49933,0
49934,0
49935,-4
49936,-4
49937,-4
49938,-4
49939,2
49940,-4
49941,-4
49942,-4
49943,0
49944,-4
49945,2
49946,14
49947,-4
49948,10
49949,0
49950,0
49951,0
49952,0
49953,0
49954,0
49955,0
49956,-4
49957,4
49958,-4
49959,0
49960,0
49961,2
49962,0
49963,2
49964,0
49965,4
49966,4
49967,6
49968,0
49969,4
49970,0
49971,0
49972,4
49973,2
49974,0
49975,2
49976,0
49977,6
49978,0
49979,2
49980,0
49981,0
49982,0
49983,0
49984,0
49985,6
49986,0
49987,0
49988,-4
49989,2
49990,6
49991,0
49992,0
49993,-4
49994,2
49995,-4
49996,6
49997,0
49998,0
49999,0
50000,-6
50001,6
50002,0
50003,-6
50004,4
50005,0
50006,-4
50007,0
50008,0
50009,0
50010,-4
50011,2
50012,-4
50013,0
50014,-4
50015,0
50016,-4
50017,0
50018,0
50019,-4
50020,0
50021,-4
50022,0
50023,0
50024,0
50025,0
50026,0
50027,-4
50028,-4
50029,-6
50030,6
50031,0
50032,-4
50033,-4
50034,-4
50035,0
50036,0
50037,-14
50038,-4
50039,-6
50040,-6
50041,0
50042,-4
50043,0
50044,0
50045,6
50046,0
50047,0
50048,-4
50049,0
50050,0
50051,0
50052,0
50053,0
50054,0
50055,-4
50056,0
50057,-4
50058,-2
50059,10
50060,0
50061,0
50062,4
50063,2
50064,2
50065,4
50066,4
50067,6
50068,2
50069,2
50070,2
50071,2
50072,0
50073,-4
50074,0
50075,0
50076,0
50077,4
50078,2
50079,6
50080,6
50081,-4
50082,-4
50083,-4
50084,0
50085,10
50086,4
50087,2
50088,-4
50089,-4
50090,0
50091,2
50092,-4
50093,4
50094,0
50095,-4
50096,4
50097,-4
50098,6
50099,0
50100,0
50101,2
50102,0
50103,0
50104,0
50105,0
50106,-4
50107,0
50108,0
50109,0
50110,0
50111,0
50112,-4
50113,0
50114,0
50115,-4
50116,0
50117,-4
50118,-4
50119,-4
50120,0
50121,-4
50122,-4
50123,0
50124,0
50125,-4
50126,0
50127,-6
50128,-4
50129,-4
50130,0
50131,14
50132,0
50133,-4
50134,-4
50135,-4
50136,-4
50137,-6
50138,-8
50139,-4
50140,-4
50141,0
50142,0
50143,0
50144,6
50145,0
50146,0
50147,-4
50148,-4
50149,6
50150,0
50151,0
50152,0
50153,2
50154,0
50155,0
50156,0
50157,2
50158,0
50159,0
50160,0
50161,0
50162,0
50163,6
50164,0
50165,0
50166,0
50167,2
50168,-2
50169,2
50170,10
50171,6
50172,0
50173,4
50174,-4
50175,0
50176,0
50177,6
50178,2
50179,2
50180,0
50181,2
50182,0
50183,0
50184,4
50185,0
50186,6
50187,6
50188,0
50189,4
50190,0
50191,0
50192,0
50193,2
50194,10
50195,0
50196,0
50197,10
50198,-4
50199,0
50200,0
50201,-4
50202,2
50203,4
50204,-10
50205,0
50206,2
50207,-4
50208,0
50209,0
50210,0
50211,0
50212,0
50213,10
50214,-10
50215,0
50216,0
50217,-4
50218,-14
50219,2
50220,-4
50221,0
50222,-4
50223,6
50224,0
50225,0
50226,-4
50227,-4
50228,2
50229,-4
50230,-4
50231,-4
50232,6
50233,0
50234,-10
50235,-4
50236,-4
50237,0
50238,0
50239,0
50240,0
50241,-4
50242,-2
50243,2
50244,4
50245,0
50246,-4
50247,-4
50248,4
50249,0
50250,0
50251,-14
50252,6
50253,0
50254,0
50255,4
50256,0
50257,0
50258,0
50259,-4
50260,-4
50261,-4
50262,0
50263,0
50264,0
50265,0
50266,2
50267,0
50268,6
50269,6
50270,2
50271,0
50272,0
50273,-4
50274,-4
50275,0
50276,2
50277,4
50278,0
50279,0
50280,0
50281,2
50282,4
50283,0
50284,0
50285,0
50286,2
50287,0
50288,6
50289,2
50290,6
50291,0
50292,0
50293,-4
50294,0
50295,-4
50296,0
50297,0
50298,2
50299,0
50300,0
50301,4
50302,0
50303,0
50304,0
50305,0
50306,-4
50307,-4
50308,0
50309,0
50310,0
50311,4
50312,4
50313,-2
50314,2
50315,-2
50316,-4
50317,2
50318,-4
50319,-6
50320,0
50321,-4
50322,-4
50323,-4
50324,-4
50325,0
50326,-14
50327,-4
50328,-4
50329,0
50330,-4
50331,-4
50332,0
50333,0
50334,-4
50335,-6
50336,-4
50337,-4
50338,-4
50339,-4
50340,0
50341,-4
50342,0
50343,-4
50344,-4
50345,0
50346,0
50347,2
50348,0
50349,-10
50350,0
50351,0
50352,0
50353,0
50354,0
50355,0
50356,10
50357,0
50358,0
50359,-4
50360,-4
50361,0
50362,-4
50363,0
50364,4
50365,0
50366,0
50367,0
50368,0
50369,2
50370,0
50371,0
50372,-6
50373,4
50374,0
50375,0
50376,4
50377,2
50378,4
50379,4
50380,10
50381,0
50382,-4
50383,18
50384,0
50385,2
50386,0
50387,4
50388,-4
50389,12
50390,6
50391,-4
50392,10
50393,-4
50394,2
50395,0
50396,2
50397,2
50398,-8
50399,0
50400,0
50401,0
50402,-6
50403,-4
50404,0
50405,-4
50406,0
50407,0
50408,0
50409,0
50410,0
50411,0
50412,4
50413,-2
50414,-4
50415,0
50416,0
50417,0
50418,0
50419,-6
50420,-4
50421,-4
50422,-4
50423,-4
50424,-4
50425,0
50426,-4
50427,12
50428,0
50429,0
50430,-4
50431,4
50432,-4
50433,-4
50434,-4
50435,-4
50436,-4
50437,0
50438,-4
50439,-2
50440,0
50441,0
50442,-4
50443,-4
50444,14
50445,2
50446,0
50447,2
50448,0
50449,-4
50450,0
50451,0
50452,0
50453,0
50454,6
50455,-4
50456,6
50457,-4
50458,-4
50459,-4
50460,0
50461,2
50462,-4
50463,-4
50464,0
50465,0
50466,0
50467,14
50468,0
50469,0
50470,0
50471,0
50472,2
50473,2
50474,2
50475,-2
50476,0
50477,4
50478,-4
50479,4
50480,2
50481,4
50482,0
50483,0
50484,-6
50485,2
50486,0
50487,0
50488,-4
50489,-4
50490,10
50491,10
50492,0
50493,0
50494,-4
50495,-2
50496,4
50497,4
50498,0
50499,6
50500,0
50501,-4
50502,0
50503,-6
50504,0
50505,0
50506,2
50507,0
50508,-4
50509,0
50510,4
50511,-4
50512,0
50513,-4
50514,0
50515,0
50516,0
50517,-28
50518,-4
50519,0
50520,-4
50521,0
50522,0
50523,-4
50524,0
50525,-4
50526,2
50527,0
50528,-6
50529,-4
50530,-6
50531,-4
50532,-6
50533,-4
50534,-4
50535,-4
50536,-4
50537,0
50538,-4
50539,-4
50540,-6
50541,0
50542,6
50543,-4
50544,-4
50545,0
50546,6
50547,0
50548,6
50549,0
50550,0
50551,6
50552,-4
50553,4
50554,0
50555,0
50556,0
50557,0
50558,0
50559,0
50560,0
50561,2
50562,-4
50563,6
50564,2
50565,0
50566,4
50567,4
50568,0
50569,4
50570,2
50571,0
50572,0
50573,0
50574,0
50575,0
50576,0
50577,0
50578,-8
50579,2
50580,4
50581,0
50582,0
50583,0
50584,0
50585,0
50586,0
50587,0
50588,0
50589,0
50590,-12
50591,2
50592,-4
50593,-4
50594,0
50595,0
50596,6
50597,0
50598,0
50599,0
50600,0
50601,-4
50602,0
50603,-4
50604,2
50605,0
50606,0
50607,0
50608,-6
50609,0
50610,-4
50611,0
50612,0
50613,-4
50614,-4
50615,0
50616,-4
50617,0
50618,-4
50619,-4
50620,-4
50621,-4
50622,0
50623,0
50624,0
50625,0
50626,0
50627,-4
50628,-4
50629,-6
50630,0
50631,-4
50632,-4
50633,0
50634,-4
50635,-4
50636,0
50637,0
50638,0
50639,-4
50640,-4
50641,-4
50642,0
50643,0
50644,0
50645,6
50646,2
50647,-4
50648,0
50649,-4
50650,0
50651,4
50652,0
50653,2
50654,0
50655,-4
50656,0
50657,0
50658,0
50659,0
50660,4
50661,0
50662,0
50663,2
50664,0
50665,6
50666,2
50667,-2
50668,0
50669,-4
50670,0
50671,4
50672,6
50673,10
50674,2
50675,4
50676,-6
50677,0
50678,6
50679,0
50680,6
50681,0
50682,0
50683,-6
50684,2
50685,10
50686,0
50687,2
50688,0
50689,2
50690,0
50691,0
50692,6
50693,-4
50694,2
50695,10
50696,0
50697,-4
50698,10
50699,0
50700,0
50701,4
50702,-4
50703,-4
50704,0
50705,-4
50706,0
50707,-4
50708,6
50709,-10
50710,-4
50711,-4
50712,0
50713,0
50714,2
50715,0
50716,-4
50717,-4
50718,-6
50719,0
50720,-4
50721,-4
50722,-4
50723,6
50724,-4
50725,-4
50726,4
50727,-4
50728,-6
50729,-4
50730,0
50731,0
50732,0
50733,0
50734,0
50735,-4
50736,0
50737,-4
50738,0
50739,-4
50740,0
50741,0
50742,-4
50743,-4
50744,10
50745,0
50746,0
50747,-8
50748,0
50749,0
50750,2
50751,0
50752,0
50753,0
50754,0
50755,0
50756,0
50757,0
50758,2
50759,0
50760,4
50761,0
50762,0
50763,6
50764,0
50765,4
50766,0
50767,0
50768,0
50769,-4
50770,0
50771,6
50772,0
50773,2
50774,0
50775,2
50776,0
50777,6
50778,0
50779,-6
50780,2
50781,-2
50782,4
50783,0
50784,2
50785,6
50786,0
50787,0
50788,0
50789,0
50790,6
50791,-4
50792,0
50793,-4
50794,6
50795,0
50796,2
50797,0
50798,0
50799,6
50800,0
50801,0
50802,2
50803,0
50804,-4
50805,0
50806,0
50807,0
50808,2
50809,-4
50810,-4
50811,0
50812,2
50813,-4
50814,-4
50815,0
50816,-4
50817,0
50818,-4
50819,-4
50820,-4
50821,0
50822,-2
50823,-4
50824,-4
50825,-4
50826,-4
50827,-8
50828,-4
50829,-6
50830,-4
50831,-2
50832,-4
50833,-4
50834,0
50835,0
50836,-4
50837,-6
50838,0
50839,-4
50840,-10
50841,-4
50842,2
50843,-10
50844,6
50845,0
50846,-4
50847,0
50848,0
50849,0
50850,-8
50851,0
50852,0
50853,-4
50854,-4
50855,2
50856,0
50857,0
50858,0
50859,-4
50860,10
50861,0
50862,0
50863,4
50864,2
50865,0
50866,-2
50867,0
50868,2
50869,0
50870,2
50871,-8
50872,4
50873,0
50874,0
50875,6
50876,2
50877,0
50878,0
50879,6
50880,2
50881,2
50882,0
50883,4
50884,0
50885,2
50886,-4
50887,0
50888,4
50889,2
50890,-4
50891,0
50892,-4
50893,2
50894,0
50895,-4
50896,4
50897,2
50898,0
50899,0
50900,6
50901,0
50902,0
50903,0
50904,0
50905,2
50906,0
50907,-4
50908,0
50909,0
50910,-4
50911,0
50912,0
50913,0
50914,0
50915,4
50916,-4
50917,-4
50918,-4
50919,0
50920,-14
50921,0
50922,-6
50923,-4
50924,0
50925,-4
50926,-4
50927,-4
50928,-4
50929,-4
50930,-4
50931,0
50932,-4
50933,-4
50934,-4
50935,-4
50936,-4
50937,0
50938,-4
50939,-4
50940,-4
50941,0
50942,0
50943,-6
50944,0
50945,-4
50946,2
50947,0
50948,0
50949,2
50950,0
50951,2
50952,0
50953,0
50954,0
50955,0
50956,2
50957,0
50958,2
50959,-4
50960,2
50961,6
50962,16
50963,2
50964,4
50965,0
50966,2
50967,2
50968,4
50969,0
50970,0
50971,4
50972,6
50973,0
50974,0
50975,0
50976,0
50977,6
50978,-14
50979,0
50980,0
50981,0
50982,0
50983,-10
50984,-4
50985,0
50986,2
50987,6
50988,2
50989,-4
50990,0
50991,0
50992,-4
50993,0
50994,0
50995,0
50996,0
50997,2
50998,-8
50999,4
51000,0
51001,-4
51002,0
51003,0
51004,0
51005,0
51006,4
51007,0
51008,0
51009,2
51010,0
51011,-4
51012,0
51013,-4
51014,0
51015,0
51016,-4
51017,-4
51018,-4
51019,0
51020,0
51021,-4
51022,4
51023,-6
51024,-4
51025,-4
51026,0
51027,-4
51028,-6
51029,0
51030,-2
51031,0
51032,-2
51033,0
51034,-4
51035,0
51036,-4
51037,-4
51038,0
51039,-4
51040,0
51041,-4
51042,-4
51043,-4
51044,0
51045,0
51046,-4
51047,-4
51048,0
51049,2
51050,0
51051,0
51052,0
51053,0
51054,2
51055,0
51056,0
51057,0
51058,0
51059,0
51060,0
51061,0
51062,0
51063,-4
51064,0
51065,0
51066,2
51067,2
51068,2
51069,0
51070,0
51071,4
51072,0
51073,4
51074,2
51075,6
51076,6
51077,2
51078,0
51079,0
51080,-4
51081,14
51082,-4
51083,2
51084,0
51085,0
51086,2
51087,-4
51088,2
51089,0
51090,6
51091,0
51092,2
51093,0
51094,-8
51095,2
51096,0
51097,0
51098,0
51099,0
51100,0
51101,0
51102,0
51103,-4
51104,0
51105,0
51106,0
51107,-4
51108,-4
51109,0
51110,0
51111,0
51112,0
51113,-4
51114,0
51115,-4
51116,0
51117,0
51118,0
51119,-4
51120,0
51121,-4
51122,-4
51123,-4
51124,0
51125,0
51126,-4
51127,-4
51128,-4
51129,0
51130,-4
51131,-6
51132,-4
51133,-4
51134,-4
51135,0
51136,-4
51137,-4
51138,0
51139,-4
51140,0
51141,0
51142,0
51143,-4
51144,0
51145,6
51146,6
51147,2
51148,0
51149,0
51150,14
51151,0
51152,0
51153,0
51154,0
51155,0
51156,0
51157,0
51158,-4
51159,2
51160,-4
51161,4
51162,-4
51163,-4
51164,14
51165,0
51166,4
51167,0
51168,2
51169,2
51170,2
51171,0
51172,0
51173,0
51174,4
51175,0
51176,12
51177,4
51178,4
51179,-4
51180,0
51181,0
51182,-10
51183,4
51184,2
51185,0
51186,6
51187,0
51188,2
51189,0
51190,0
51191,2
51192,0
51193,-2
51194,0
51195,0
51196,6
51197,2
51198,-4
51199,0
51200,-4
51201,0
51202,0
51203,0
51204,0
51205,4
51206,0
51207,-2
51208,2
51209,-6
51210,0
51211,0
51212,0
51213,6
51214,0
51215,-4
51216,0
51217,0
51218,0
51219,-4
51220,0
51221,-4
51222,-6
51223,-4
51224,-4
51225,-4
51226,0
51227,-4
51228,-4
51229,0
51230,-4
51231,-4
51232,0
51233,-4
51234,-4
51235,0
51236,0
51237,0
51238,0
51239,-4
51240,0
51241,4
51242,2
51243,-4
51244,0
51245,0
51246,0
51247,0
51248,-4
51249,-4
51250,0
51251,-4
51252,6
51253,6
51254,4
51255,-4
51256,0
51257,0
51258,6
51259,2
51260,2
51261,2
51262,0
51263,0
51264,0
51265,0
51266,0
51267,-4
51268,0
51269,0
51270,4
51271,0
51272,-4
51273,0
51274,0
51275,0
51276,0
51277,0
51278,4
51279,4
51280,4
51281,2
51282,0
51283,0
51284,2
51285,2
51286,6
51287,0
51288,0
51289,0
51290,0
51291,4
51292,0
51293,0
51294,0
51295,-4
51296,0
51297,0
51298,10
51299,0
51300,-4
51301,-2
51302,0
51303,0
51304,0
51305,0
51306,-4
51307,0
51308,0
51309,0
51310,0
51311,-6
51312,-4
51313,0
51314,-4
51315,-4
51316,-4
51317,-4
51318,-4
51319,0
51320,0
51321,-4
51322,-4
51323,-4
51324,-4
51325,-4
51326,-4
51327,-4
51328,-6
51329,0
51330,0
51331,0
51332,0
51333,-4
51334,-4
51335,6
51336,-4
51337,-8
51338,-4
51339,0
51340,0
51341,-4
51342,-4
51343,4
51344,-4
51345,0
51346,-4
51347,10
51348,0
51349,10
51350,0
51351,0
51352,0
51353,-4
51354,-4
51355,-4
51356,0
51357,-8
51358,-2
51359,0
51360,0
51361,0
51362,2
51363,0
51364,4
51365,0
51366,0
51367,4
51368,0
51369,0
51370,0
51371,2
51372,6
51373,2
51374,2
51375,0
51376,-4
51377,-4
51378,10
51379,0
51380,0
51381,-4
51382,0
51383,0
51384,2
51385,0
51386,0
51387,-4
51388,0
51389,2
51390,0
51391,4
51392,-4
51393,0
51394,-6
51395,0
51396,0
51397,-2
51398,0
51399,0
51400,0
51401,0
51402,6
51403,4
51404,-14
51405,0
51406,-4
51407,0
51408,0
51409,-4
51410,0
51411,0
51412,-6
51413,-4
51414,-4
51415,0
51416,0
51417,0
51418,-4
51419,-4
51420,-4
51421,0
51422,-4
51423,-4
51424,0
51425,0
51426,0
51427,-4
51428,-14
51429,0
51430,-6
51431,-4
51432,0
51433,-4
51434,-6
51435,-4
51436,0
51437,-4
51438,-4
51439,0
51440,-4
51441,-4
51442,-6
51443,0
51444,0
51445,0
51446,0
51447,0
51448,-4
51449,-4
51450,-8
51451,0
51452,0
51453,0
51454,0
51455,-6
51456,0
51457,0
51458,0
51459,0
51460,0
51461,0
51462,0
51463,6
51464,0
51465,4
51466,0
51467,4
51468,2
51469,0
51470,2
51471,0
51472,2
51473,0
51474,0
51475,4
51476,0
51477,0
51478,0
51479,0
51480,10
51481,0
51482,4
51483,0
51484,18
51485,0
51486,0
51487,0
51488,6
51489,4
51490,4
51491,2
51492,0
51493,-4
51494,0
51495,2
51496,-4
51497,0
51498,4
51499,0
51500,4
51501,0
51502,0
51503,0
51504,0
51505,0
51506,0
51507,0
51508,-2
51509,0
51510,0
51511,2
51512,0
51513,-4
51514,0
51515,0
51516,-4
51517,-4
51518,-4
51519,-10
51520,-4
51521,-6
51522,-4
51523,0
51524,-4
51525,0
51526,0
51527,-4
51528,-4
51529,0
51530,-4
51531,0
51532,-20
51533,-4
51534,-4
51535,-4
51536,-2
51537,-4
51538,0
51539,0
51540,-4
51541,-4
51542,0
51543,-4
51544,-4
51545,4
51546,-2
51547,0
51548,-4
51549,-4
51550,-4
51551,0
51552,0
51553,2
51554,0
51555,2
51556,0
51557,4
51558,-4
51559,0
51560,0
51561,0
51562,0
51563,2
51564,0
51565,0
51566,2
51567,2
51568,4
51569,-4
51570,2
51571,-4
51572,6
51573,0
51574,-6
51575,-12
51576,0
51577,0
51578,0
51579,-14
51580,2
51581,-4
51582,0
51583,2
51584,0
51585,0
51586,0
51587,4
51588,2
51589,6
51590,0
51591,4
51592,0
51593,0
51594,-2
51595,-8
51596,0
51597,0
51598,6
51599,0
51600,6
51601,0
51602,0
51603,0
51604,4
51605,-10
51606,0
51607,0
51608,-4
51609,0
51610,-10
51611,0
51612,0
51613,-4
51614,-4
51615,-8
51616,-4
51617,0
51618,-4
51619,-4
51620,-4
51621,0
51622,-18
51623,-4
51624,-10
51625,-4
51626,0
51627,0
51628,-4
51629,-2
51630,-4
51631,-4
51632,0
51633,-12
51634,-4
51635,-4
51636,-4
51637,-4
51638,-4
51639,-4
51640,-6
51641,0
51642,-4
51643,-4
51644,0
51645,-4
51646,0
51647,-4
51648,-4
51649,0
51650,0
51651,0
51652,-4
51653,4
51654,0
51655,0
51656,10
51657,0
51658,0
51659,-4
51660,-2
51661,0
51662,-4
51663,0
51664,0
51665,2
51666,0
51667,0
51668,2
51669,4
51670,2
51671,0
51672,0
51673,2
51674,0
51675,6
51676,0
51677,6
51678,4
51679,4
51680,-2
51681,0
51682,0
51683,0
51684,0
51685,2
51686,0
51687,10
51688,-4
51689,6
51690,-4
51691,4
51692,-4
51693,0
51694,-4
51695,0
51696,-4
51697,-10
51698,0
51699,0
51700,0
51701,0
51702,0
51703,0
51704,0
51705,0
51706,0
51707,0
51708,-4
51709,-4
51710,0
51711,4
51712,0
51713,-4
51714,-4
51715,0
51716,-4
51717,-4
51718,-4
51719,-2
51720,-4
51721,-4
51722,-4
51723,-4
51724,0
51725,-4
51726,-4
51727,2
51728,-4
51729,-4
51730,-4
51731,0
51732,0
51733,-2
51734,-8
51735,-4
51736,-2
51737,-4
51738,-4
51739,0
51740,0
51741,-4
51742,-4
51743,-4
51744,0
51745,0
51746,6
51747,0
51748,-4
51749,0
51750,2
51751,0
51752,0
51753,-4
51754,-4
51755,-4
51756,0
51757,0
51758,-4
51759,0
51760,4
51761,0
51762,10
51763,0
51764,2
51765,2
51766,0
51767,4
51768,6
51769,4
51770,2
51771,2
51772,4
51773,6
51774,0
51775,0
51776,2
51777,2
51778,4
51779,0
51780,2
51781,6
51782,0
51783,0
51784,0
51785,0
51786,12
51787,0
51788,0
51789,0
51790,0
51791,2
51792,6
51793,-6
51794,0
51795,-4
51796,2
51797,0
51798,2
51799,6
51800,0
51801,0
51802,0
51803,0
51804,0
51805,-4
51806,4
51807,0
51808,0
51809,-4
51810,0
51811,0
51812,0
51813,-4
51814,0
51815,4
51816,-4
51817,-4
51818,0
51819,-4
51820,6
51821,-4
51822,0
51823,16
51824,-4
51825,-4
51826,0
51827,-4
51828,10
51829,0
51830,-6
51831,-2
51832,6
51833,-4
51834,-4
51835,-4
51836,-4
51837,0
51838,-4
51839,-4
51840,-4
51841,0
51842,-4
51843,-4
51844,-4
51845,0
51846,0
51847,0
51848,0
51849,0
51850,0
51851,2
51852,0
51853,0
51854,0
51855,2
51856,-4
51857,0
51858,6
51859,14
51860,-4
51861,0
51862,2
51863,0
51864,2
51865,4
51866,0
51867,4
51868,-8
51869,4
51870,0
51871,4
51872,0
51873,2
51874,2
51875,0
51876,2
51877,2
51878,2
51879,2
51880,0
51881,0
51882,0
51883,4
51884,2
51885,0
51886,2
51887,0
51888,0
51889,4
51890,0
51891,0
51892,-18
51893,0
51894,-4
51895,0
51896,-4
51897,0
51898,0
51899,0
51900,-6
51901,0
51902,0
51903,0
51904,2
51905,0
51906,2
51907,0
51908,0
51909,0
51910,-4
51911,0
51912,0
51913,0
51914,-4
51915,0
51916,0
51917,-4
51918,-4
51919,-4
51920,10
51921,-4
51922,0
51923,-4
51924,-4
51925,-4
51926,0
51927,-4
51928,-4
51929,0
51930,0
51931,-4
51932,0
51933,-6
51934,0
51935,-6
51936,-4
51937,-4
51938,0
51939,-4
51940,-4
51941,-4
51942,0
51943,0
51944,0
51945,-4
51946,0
51947,-20
51948,-4
51949,4
51950,0
51951,2
51952,6
51953,-4
51954,10
51955,-4
51956,2
51957,0
51958,0
51959,-4
51960,0
51961,0
51962,0
51963,0
51964,4
51965,0
51966,4
51967,6
51968,2
51969,0
51970,4
51971,0
51972,-4
51973,0
51974,0
51975,-4
51976,0
51977,0
51978,4
51979,-4
51980,0
51981,2
51982,0
51983,0
51984,4
51985,2
51986,2
51987,6
51988,4
51989,0
51990,6
51991,10
51992,0
51993,6
51994,0
51995,4
51996,0
51997,0
51998,4
51999,0
52000,0
52001,0
52002,-4
52003,0
52004,0
52005,0
52006,0
52007,-4
52008,0
52009,0
52010,-4
52011,-6
52012,0
52013,-4
52014,0
52015,-4
52016,0
52017,-4
52018,-4
52019,-2
52020,0
52021,0
52022,-4
52023,-4
52024,0
52025,10
52026,-4
52027,-4
52028,-6
52029,-4
52030,0
52031,0
52032,-4
52033,-4
52034,-4
52035,-4
52036,-4
52037,-4
52038,-4
52039,-4
52040,-6
52041,12
52042,0
52043,0
52044,-8
52045,0
52046,0
52047,2
52048,0
52049,0
52050,0
52051,0
52052,0
52053,0
52054,0
52055,-4
52056,2
52057,-4
52058,0
52059,-4
52060,2
52061,-6
52062,-4
52063,2
52064,0
52065,2
52066,6
52067,0
52068,2
52069,4
52070,2
52071,0
52072,0
52073,4
52074,6
52075,4
52076,0
52077,-6
52078,4
52079,6
52080,4
52081,0
52082,6
52083,2
52084,10
52085,0
52086,4
52087,-4
52088,0
52089,0
52090,-14
52091,2
52092,-4
52093,4
52094,2
52095,2
52096,2
52097,-10
52098,4
52099,4
52100,0
52101,-4
52102,0
52103,0
52104,0
52105,6
52106,2
52107,-4
52108,0
52109,2
52110,-4
52111,0
52112,0
52113,0
52114,-4
52115,0
52116,-4
52117,0
52118,-4
52119,-4
52120,-4
52121,-4
52122,-4
52123,-4
52124,-4
52125,-4
52126,0
52127,-4
52128,-4
52129,-4
52130,0
52131,0
52132,-4
52133,0
52134,-4
52135,-4
52136,-4
52137,0
52138,0
52139,-4
52140,6
52141,-4
52142,-4
52143,6
52144,0
52145,-4
52146,0
52147,-6
52148,0
52149,-4
52150,0
52151,0
52152,-4
52153,-4
52154,0
52155,0
52156,0
52157,0
52158,6
52159,-4
52160,-4
52161,0
52162,2
52163,-4
52164,0
52165,4
52166,0
52167,2
52168,0
52169,0
52170,0
52171,6
52172,2
52173,-4
52174,2
52175,0
52176,2
52177,2
52178,0
52179,2
52180,-4
52181,0
52182,0
52183,0
52184,0
52185,-14
52186,0
52187,0
52188,10
52189,0
52190,0
52191,-4
52192,4
52193,0
52194,0
52195,6
52196,4
52197,0
52198,0
52199,4
52200,-4
52201,0
52202,0
52203,0
52204,0
52205,4
52206,-4
52207,0
52208,0
52209,6
52210,2
52211,2
52212,14
52213,-14
52214,0
52215,2
52216,-4
52217,-2
52218,-4
52219,-2
52220,0
52221,0
52222,-14
52223,0
52224,-2
52225,-4
52226,0
52227,-4
52228,-4
52229,-4
52230,-4
52231,-4
52232,0
52233,-6
52234,-4
52235,-4
52236,0
52237,0
52238,-4
52239,0
52240,-4
52241,2
52242,0
52243,-18
52244,0
52245,-4
52246,0
52247,-20
52248,2
52249,0
52250,0
52251,-10
52252,0
52253,0
52254,-4
52255,0
52256,-4
52257,0
52258,0
52259,0
52260,-4
52261,0
52262,0
52263,-4
52264,-4
52265,0
52266,0
52267,0
52268,4
52269,0
52270,0
52271,0
52272,0
52273,-4
52274,0
52275,0
52276,0
52277,2
52278,0
52279,6
52280,4
52281,0
52282,2
52283,-2
52284,0
52285,0
52286,2
52287,6
52288,4
52289,2
52290,-4
52291,0
52292,4
52293,2
52294,6
52295,0
52296,0
52297,0
52298,6
52299,2
52300,6
52301,0
52302,0
52303,0
52304,0
52305,0
52306,-10
52307,0
52308,0
52309,0
52310,0
52311,4
52312,0
52313,-4
52314,0
52315,-4
52316,-4
52317,0
52318,2
52319,-4
52320,-4
52321,-4
52322,0
52323,-4
52324,-4
52325,0
52326,-4
52327,-4
52328,0
52329,-4
52330,0
52331,-4
52332,-18
52333,-4
52334,0
52335,0
52336,0
52337,-4
52338,0
52339,-4
52340,0
52341,-4
52342,-4
52343,-4
52344,-4
52345,0
52346,2
52347,-4
52348,0
52349,0
52350,-4
52351,0
52352,2
52353,0
52354,0
52355,-4
52356,4
52357,2
52358,-4
52359,2
52360,2
52361,0
52362,0
52363,2
52364,0
52365,0
52366,4
52367,0
52368,0
52369,0
52370,0
52371,0
52372,0
52373,-4
52374,0
52375,4
52376,4
52377,0
52378,4
52379,6
52380,4
52381,0
52382,0
52383,6
52384,0
52385,0
52386,-10
52387,0
52388,0
52389,2
52390,6
52391,2
52392,-4
52393,-10
52394,-4
52395,0
52396,-4
52397,0
52398,-4
52399,0
52400,0
52401,-18
52402,2
52403,0
52404,2
52405,-4
52406,4
52407,0
52408,-4
52409,-4
52410,0
52411,0
52412,0
52413,0
52414,0
52415,0
52416,0
52417,-4
52418,0
52419,-4
52420,-2
52421,-4
52422,-4
52423,-4
52424,0
52425,-4
52426,-4
52427,-6
52428,-4
52429,0
52430,-4
52431,-12
52432,-4
52433,0
52434,-4
52435,0
52436,-4
52437,-4
52438,-4
52439,0
52440,-6
52441,-4
52442,-4
52443,-4
52444,2
52445,0
52446,0
52447,-4
52448,-4
52449,0
52450,0
52451,0
52452,0
52453,-6
52454,0
52455,0
52456,0
52457,0
52458,4
52459,0
52460,0
52461,18
52462,0
52463,0
52464,-4
52465,0
52466,4
52467,4
52468,6
52469,0
52470,4
52471,2
52472,2
52473,0
52474,6
52475,0
52476,0
52477,0
52478,2
52479,4
52480,6
52481,0
52482,0
52483,-4
52484,0
52485,0
52486,-4
52487,2
52488,-4
52489,-4
52490,-12
52491,-4
52492,0
52493,0
52494,10
52495,-4
52496,0
52497,0
52498,-4
52499,0
52500,0
52501,0
52502,10
52503,0
52504,-4
52505,-4
52506,2
52507,-4
52508,-4
52509,-4
52510,0
52511,-4
52512,0
52513,0
52514,-4
52515,-4
52516,-4
52517,-4
52518,-4
52519,0
52520,0
52521,-4
52522,-4
52523,-4
52524,-4
52525,0
52526,0
52527,-4
52528,-4
52529,-6
52530,-4
52531,-4
52532,-4
52533,-4
52534,-4
52535,-4
52536,-4
52537,-4
52538,-4
52539,2
52540,-4
52541,0
52542,-6
52543,0
52544,-4
52545,4
52546,0
52547,-4
52548,-4
52549,6
52550,0
52551,0
52552,0
52553,-4
52554,-4
52555,0
52556,2
52557,0
52558,0
52559,0
52560,4
52561,0
52562,0
52563,-4
52564,0
52565,-14
52566,0
52567,0
52568,4
52569,2
52570,2
52571,4
52572,0
52573,4
52574,4
52575,0
52576,-4
52577,4
52578,6
52579,4
52580,0
52581,0
52582,2
52583,0
52584,2
52585,6
52586,0
52587,6
52588,4
52589,0
52590,4
52591,0
52592,0
52593,0
52594,-4
52595,2
52596,-4
52597,2
52598,6
52599,-4
52600,16
52601,0
52602,0
52603,0
52604,0
52605,0
52606,0
52607,2
52608,0
52609,0
52610,0
52611,4
52612,-4
52613,0
52614,-4
52615,-4
52616,0
52617,0
52618,0
52619,0
52620,-4
52621,0
52622,-4
52623,0
52624,-4
52625,-4
52626,-4
52627,0
52628,-4
52629,-4
52630,-4
52631,-4
52632,2
52633,0
52634,-4
52635,-4
52636,-4
52637,-4
52638,6
52639,-4
52640,0
52641,20
52642,-4
52643,0
52644,0
52645,0
52646,0
52647,-6
52648,-6
52649,0
52650,0
52651,-4
52652,0
52653,0
52654,0
52655,0
52656,0
52657,0
52658,4
52659,14
52660,0
52661,0
52662,-4
52663,0
52664,0
52665,2
52666,0
52667,0
52668,0
52669,0
52670,0
52671,0
52672,6
52673,0
52674,0
52675,0
52676,0
52677,2
52678,-4
52679,4
52680,0
52681,-4
52682,6
52683,0
52684,0
52685,2
52686,6
52687,0
52688,6
52689,-4
52690,0
52691,4
52692,-4
52693,2
52694,0
52695,4
52696,0
52697,-4
52698,0
52699,0
52700,0
52701,0
52702,-6
52703,0
52704,0
52705,-4
52706,0
52707,0
52708,0
52709,0
52710,-2
52711,0
52712,-6
52713,0
52714,-4
52715,0
52716,-4
52717,-4
52718,-2
52719,-4
52720,-4
52721,-4
52722,-4
52723,-6
52724,-4
52725,-4
52726,0
52727,-4
52728,-4
52729,-4
52730,-4
52731,-4
52732,0
52733,-4
52734,0
52735,0
52736,-4
52737,-4
52738,-8
52739,0
52740,-4
52741,-12
52742,-4
52743,-4
52744,0
52745,0
52746,2
52747,0
52748,-4
52749,0
52750,0
52751,0
52752,0
52753,-2
52754,-4
52755,4
52756,0
52757,0
52758,6
52759,0
52760,-4
52761,0
52762,0
52763,0
52764,-4
52765,2
52766,4
52767,0
52768,2
52769,0
52770,6
52771,2
52772,0
52773,2
52774,0
52775,0
52776,2
52777,2
52778,0
52779,2
52780,0
52781,6
52782,0
52783,0
52784,0
52785,-4
52786,4
52787,4
52788,-8
52789,4
52790,0
52791,-8
52792,0
52793,2
52794,0
52795,-4
52796,0
52797,0
52798,18
52799,0
52800,0
52801,0
52802,0
52803,0
52804,-12
52805,-4
52806,0
52807,10
52808,0
52809,0
52810,2
52811,2
52812,2
52813,0
52814,-4
52815,0
52816,-4
52817,-4
52818,0
52819,-4
52820,-4
52821,-4
52822,-2
52823,0
52824,-4
52825,0
52826,0
52827,-4
52828,-4
52829,-4
52830,0
52831,4
52832,-4
52833,-4
52834,-4
52835,6
52836,0
52837,-6
52838,-4
52839,0
52840,-4
52841,-4
52842,0
52843,0
52844,0
52845,0
52846,6
52847,2
52848,-4
52849,6
52850,-4
52851,-4
52852,-4
52853,0
52854,-2
52855,0
52856,0
52857,-4
52858,4
52859,0
52860,0
52861,4
52862,-4
52863,0
52864,0
52865,0
52866,4
52867,4
52868,0
52869,2
52870,2
52871,0
52872,14
52873,6
52874,-2
52875,-4
52876,10
52877,6
52878,4
52879,0
52880,2
52881,0
52882,0
52883,0
52884,0
52885,0
52886,0
52887,-22
52888,0
52889,2
52890,10
52891,4
52892,2
52893,-4
52894,0
52895,0
52896,-4
52897,-6
52898,0
52899,0
52900,0
52901,4
52902,0
52903,0
52904,0
52905,0
52906,0
52907,-4
52908,0
52909,0
52910,0
52911,0
52912,2
52913,0
52914,-4
52915,0
52916,0
52917,0
52918,0
52919,-4
52920,-4
52921,0
52922,4
52923,-4
52924,0
52925,-4
52926,10
52927,-6
52928,-4
52929,-4
52930,0
52931,0
52932,0
52933,-4
52934,0
52935,-4
52936,-4
52937,-4
52938,-4
52939,0
52940,-18
52941,-4
52942,-4
52943,2
52944,0
52945,0
52946,-4
52947,-4
52948,0
52949,0
52950,0
52951,-4
52952,0
52953,0
52954,-4
52955,-4
52956,0
52957,0
52958,-8
52959,0
52960,0
52961,2
52962,2
52963,-4
52964,0
52965,0
52966,0
52967,2
52968,0
52969,4
52970,2
52971,0
52972,0
52973,0
52974,-6
52975,6
52976,6
52977,0
52978,0
52979,4
52980,6
52981,2
52982,2
52983,2
52984,18
52985,2
52986,10
52987,0
52988,2
52989,2
52990,10
52991,6
52992,0
52993,2
52994,2
52995,0
52996,2
52997,2
52998,6
52999,0
53000,4
53001,-4
53002,0
53003,0
53004,0
53005,4
53006,4
53007,-4
53008,14
53009,-4
53010,0
53011,2
53012,-4
53013,0
53014,0
53015,-4
53016,0
53017,0
53018,0
53019,-2
53020,-4
53021,-4
53022,-4
53023,-4
53024,0
53025,0
53026,-4
53027,-4
53028,0
53029,-4
53030,-4
53031,0
53032,0
53033,-4
53034,0
53035,-4
53036,-14
53037,-4
53038,-4
53039,-8
53040,6
53041,-4
53042,-4
53043,-6
53044,0
53045,-4
53046,0
53047,0
53048,0
53049,0
53050,0
53051,0
53052,0
53053,0
53054,0
53055,-4
53056,-4
53057,0
53058,0
53059,0
53060,0
53061,0
53062,0
53063,0
53064,0
53065,6
53066,2
53067,4
53068,2
53069,2
53070,2
53071,-4
53072,0
53073,0
53074,0
53075,0
53076,0
53077,0
53078,0
53079,-14
53080,-4
53081,6
53082,14
53083,0
53084,2
53085,6
53086,0
53087,0
53088,0
53089,-4
53090,-4
53091,6
53092,-4
53093,0
53094,0
53095,2
53096,0
53097,0
53098,14
53099,2
53100,0
53101,0
53102,4
53103,0
53104,0
53105,0
53106,0
53107,-4
53108,2
53109,0
53110,0
53111,0
53112,0
53113,-4
53114,6
53115,-4
53116,0
53117,0
53118,0
53119,0
53120,-4
53121,0
53122,-4
53123,-4
53124,-4
53125,0
53126,0
53127,-4
53128,0
53129,-4
53130,-4
53131,-4
53132,-4
53133,-4
53134,-4
53135,0
53136,0
53137,0
53138,0
53139,4
53140,0
53141,-2
53142,-10
53143,-4
53144,0
53145,-6
53146,-20
53147,0
53148,-4
53149,-8
53150,0
53151,0
53152,0
53153,0
53154,0
53155,0
53156,-2
53157,0
53158,6
53159,0
53160,-4
53161,2
53162,0
53163,0
53164,0
53165,0
53166,0
53167,-4
53168,2
53169,-6
53170,0
53171,-8
53172,0
53173,0
53174,0
53175,0
53176,6
53177,0
53178,-4
53179,2
53180,2
53181,2
53182,0
53183,2
53184,0
53185,2
53186,4
53187,0
53188,0
53189,0
53190,0
53191,4
53192,6
53193,-6
53194,4
53195,0
53196,2
53197,10
53198,0
53199,0
53200,4
53201,0
53202,-4
53203,2
53204,-4
53205,0
53206,-4
53207,-4
53208,0
53209,0
53210,0
53211,0
53212,0
53213,0
53214,0
53215,10
53216,0
53217,-4
53218,-4
53219,-4
53220,0
53221,0
53222,-4
53223,-4
53224,-4
53225,-4
53226,-2
53227,-4
53228,-4
53229,-4
53230,-4
53231,0
53232,-4
53233,-4
53234,0
53235,0
53236,0
53237,-6
53238,0
53239,0
53240,-8
53241,0
53242,0
53243,0
53244,0
53245,-4
53246,0
53247,-4
53248,0
53249,0
53250,0
53251,0
53252,0
53253,0
53254,0
53255,2
53256,6
53257,0
53258,-10
53259,2
53260,-4
53261,0
53262,0
53263,-4
53264,18
53265,2
53266,4
53267,-4
53268,0
53269,-4
53270,6
53271,-6
53272,0
53273,2
53274,2
53275,0
53276,0
53277,0
53278,0
53279,0
53280,0
53281,4
53282,2
53283,2
53284,14
53285,2
53286,10
53287,-4
53288,-4
53289,6
53290,0
53291,0
53292,4
53293,2
53294,2
53295,-4
53296,-4
53297,-4
53298,-4
53299,-6
53300,-4
53301,-8
53302,-4
53303,-4
53304,0
53305,0
53306,0
53307,-4
53308,-4
53309,-4
53310,-4
53311,0
53312,0
53313,-4
53314,0
53315,4
53316,-4
53317,0
53318,0
53319,-4
53320,-6
53321,-4
53322,0
53323,-4
53324,-6
53325,-4
53326,0
53327,-6
53328,0
53329,-4
53330,-4
53331,-10
53332,-4
53333,-4
53334,0
53335,-4
53336,-6
53337,0
53338,-4
53339,6
53340,0
53341,2
53342,0
53343,0
53344,-6
53345,0
53346,20
53347,0
53348,0
53349,12
53350,0
53351,0
53352,0
53353,0
53354,0
53355,0
53356,2
53357,4
53358,4
53359,4
53360,0
53361,0
53362,-4
53363,0
53364,0
53365,0
53366,0
53367,-22
53368,0
53369,4
53370,2
53371,0
53372,0
53373,2
53374,-4
53375,10
53376,-4
53377,2
53378,-6
53379,0
53380,4
53381,2
53382,0
53383,2
53384,4
53385,10
53386,0
53387,0
53388,0
53389,4
53390,2
53391,10
53392,2
53393,2
53394,0
53395,0
53396,2
53397,0
53398,-4
53399,2
53400,6
53401,0
53402,-12
53403,0
53404,2
53405,0
53406,6
53407,0
53408,-10
53409,0
53410,0
53411,0
53412,6
53413,0
53414,0
53415,0
53416,-4
53417,-4
53418,-4
53419,-4
53420,0
53421,-4
53422,0
53423,0
53424,-4
53425,-4
53426,-4
53427,-4
53428,0
53429,-4
53430,-4
53431,0
53432,0
53433,-4
53434,-10
53435,0
53436,-4
53437,0
53438,0
53439,-4
53440,0
53441,0
53442,0
53443,0
53444,0
53445,0
53446,0
53447,0
53448,-16
53449,0
53450,4
53451,0
53452,-4
53453,2
53454,0
53455,-4
53456,0
53457,0
53458,0
53459,2
53460,0
53461,0
53462,2
53463,-4
53464,0
53465,2
53466,36
53467,-4
53468,2
53469,2
53470,4
53471,0
53472,6
53473,2
53474,-4
53475,0
53476,-4
53477,0
53478,0
53479,0
53480,0
53481,2
53482,2
53483,0
53484,6
53485,0
53486,0
53487,0
53488,0
53489,-4
53490,0
53491,4
53492,4
53493,4
53494,0
53495,0
53496,0
53497,2
53498,0
53499,2
53500,0
53501,0
53502,0
53503,0
53504,-12
53505,10
53506,4
53507,0
53508,-4
53509,-4
53510,4
53511,-4
53512,-4
53513,-14
53514,10
53515,0
53516,0
53517,-4
53518,0
53519,-4
53520,-4
53521,-4
53522,-4
53523,2
53524,-4
53525,-4
53526,-4
53527,-4
53528,0
53529,-4
53530,-4
53531,4
53532,0
53533,-4
53534,0
53535,-4
53536,-4
53537,-4
53538,-4
53539,-4
53540,-6
53541,-4
53542,-4
53543,0
53544,-18
53545,-4
53546,4
53547,4
53548,6
53549,0
53550,-4
53551,0
53552,2
53553,0
53554,0
53555,-4
53556,0
53557,0
53558,0
53559,0
53560,0
53561,-4
53562,6
53563,0
53564,0
53565,0
53566,0
53567,2
53568,0
53569,-4
53570,6
53571,2
53572,0
53573,16
53574,2
53575,0
53576,0
53577,0
53578,2
53579,10
53580,2
53581,4
53582,4
53583,6
53584,20
53585,2
53586,0
53587,2
53588,0
53589,6
53590,0
53591,4
53592,6
53593,2
53594,6
53595,4
53596,2
53597,0
53598,-4
53599,0
53600,0
53601,0
53602,2
53603,0
53604,0
53605,-4
53606,4
53607,0
53608,-4
53609,0
53610,0
53611,0
53612,-4
53613,-4
53614,0
53615,0
53616,-4
53617,0
53618,0
53619,-4
53620,0
53621,-4
53622,0
53623,-4
53624,0
53625,-4
53626,-4
53627,-4
53628,-4
53629,0
53630,-4
53631,0
53632,-4
53633,-4
53634,-4
53635,0
53636,-4
53637,0
53638,-4
53639,-4
53640,-6
53641,0
53642,-4
53643,0
53644,-4
53645,-4
53646,0
53647,0
53648,0
53649,0
53650,0
53651,0
53652,0
53653,0
53654,18
53655,-14
53656,0
53657,0
53658,-2
53659,-14
53660,0
53661,0
53662,0
53663,-4
53664,-6
53665,0
53666,0
53667,0
53668,0
53669,0
53670,0
53671,2
53672,10
53673,0
53674,-8
53675,0
53676,4
53677,-4
53678,2
53679,2
53680,-10
53681,6
53682,0
53683,0
53684,2
53685,14
53686,2
53687,-4
53688,0
53689,2
53690,6
53691,0
53692,-4
53693,-4
53694,2
53695,0
53696,0
53697,4
53698,0
53699,0
53700,-10
53701,0
53702,0
53703,-4
53704,0
53705,2
53706,0
53707,0
53708,0
53709,0
53710,0
53711,0
53712,0
53713,-4
53714,0
53715,0
53716,0
53717,-4
53718,0
53719,-4
53720,0
53721,-4
53722,-4
53723,-4
53724,24
53725,-4
53726,-4
53727,-6
53728,-4
53729,0
53730,0
53731,0
53732,-4
53733,0
53734,-4
53735,-4
53736,-4
53737,-4
53738,0
53739,-4
53740,-4
53741,-4
53742,0
53743,0
53744,0
53745,-8
53746,0
53747,0
53748,0
53749,0
53750,-4
53751,0
53752,0
53753,0
53754,0
53755,-4
53756,0
53757,2
53758,-4
53759,0
53760,0
53761,0
53762,0
53763,0
53764,0
53765,2
53766,0
53767,0
53768,0
53769,4
53770,2
53771,2
53772,2
53773,6
53774,0
53775,0
53776,4
53777,-10
53778,6
53779,0
53780,0
53781,0
53782,-4
53783,-20
53784,2
53785,0
53786,2
53787,0
53788,0
53789,4
53790,4
53791,0
53792,0
53793,-16
53794,2
53795,6
53796,6
53797,0
53798,2
53799,0
53800,0
53801,2
53802,0
53803,-4
53804,6
53805,0
53806,0
53807,0
53808,12
53809,-4
53810,4
53811,0
53812,-4
53813,0
53814,0
53815,0
53816,-4
53817,0
53818,-4
53819,-4
53820,-6
53821,0
53822,-4
53823,-4
53824,0
53825,2
53826,0
53827,-4
53828,-4
53829,-4
53830,0
53831,-14
53832,0
53833,-4
53834,-4
53835,-4
53836,-8
53837,-4
53838,0
53839,0
53840,-12
53841,-4
53842,0
53843,-4
53844,-14
53845,0
53846,0
53847,0
53848,6
53849,-4
53850,0
53851,-4
53852,0
53853,0
53854,0
53855,-4
53856,0
53857,0
53858,0
53859,0
53860,-6
53861,18
53862,0
53863,0
53864,0
53865,6
53866,0
53867,2
53868,4
53869,0
53870,2
53871,0
53872,0
53873,6
53874,0
53875,0
53876,0
53877,4
53878,0
53879,0
53880,6
53881,0
53882,6
53883,0
53884,-4
53885,0
53886,-6
53887,0
53888,0
53889,-8
53890,0
53891,0
53892,0
53893,6
53894,0
53895,2
53896,-4
53897,-4
53898,-6
53899,-2
53900,0
53901,-10
53902,0
53903,0
53904,10
53905,-4
53906,0
53907,0
53908,-8
53909,0
53910,0
53911,0
53912,0
53913,0
53914,2
53915,0
53916,0
53917,0
53918,0
53919,-4
53920,18
53921,12
53922,-6
53923,-4
53924,-2
53925,-4
53926,0
53927,-4
53928,0
53929,0
53930,-4
53931,-4
53932,-4
53933,-4
53934,-4
53935,-14
53936,-4
53937,6
53938,-4
53939,0
53940,10
53941,-6
53942,-4
53943,-14
53944,-4
53945,-4
53946,-6
53947,-4
53948,-4
53949,-4
53950,-4
53951,0
53952,0
53953,-4
53954,2
53955,2
53956,-4
53957,-4
53958,-6
53959,-4
53960,0
53961,-4
53962,0
53963,0
53964,0
53965,0
53966,-4
53967,-6
53968,6
53969,0
53970,0
53971,0
53972,0
53973,0
53974,6
53975,0
53976,-4
53977,0
53978,0
53979,0
53980,4
53981,2
53982,0
53983,0
53984,2
53985,-4
53986,2
53987,14
53988,0
53989,0
53990,2
53991,4
53992,0
53993,0
53994,0
53995,4
53996,-4
53997,-4
53998,0
53999,-2
54000,-6
54001,0
54002,0
54003,6
54004,0
54005,0
54006,-4
54007,0
54008,0
54009,-4
54010,-4
54011,0
54012,0
54013,0
54014,0
54015,6
54016,-4
54017,0
54018,-6
54019,-4
54020,0
54021,-4
54022,-4
54023,-4
54024,-4
54025,-4
54026,-4
54027,2
54028,-4
54029,-4
54030,0
54031,0
54032,0
54033,-4
54034,-4
54035,-22
54036,-4
54037,-4
54038,-4
54039,0
54040,0
54041,-4
54042,-4
54043,-4
54044,-10
54045,-4
54046,0
54047,2
54048,14
54049,0
54050,-4
54051,0
54052,6
54053,0
54054,0
54055,0
54056,-4
54057,-4
54058,-4
54059,0
54060,0
54061,0
54062,0
54063,0
54064,0
54065,0
54066,4
54067,0
54068,0
54069,4
54070,2
54071,6
54072,0
54073,2
54074,0
54075,0
54076,0
54077,0
54078,0
54079,0
54080,6
54081,0
54082,0
54083,-8
54084,6
54085,2
54086,6
54087,0
54088,4
54089,-4
54090,0
54091,0
54092,0
54093,10
54094,0
54095,0
54096,-10
54097,-4
54098,0
54099,6
54100,0
54101,6
54102,0
54103,-6
54104,0
54105,0
54106,2
54107,-4
54108,0
54109,-4
54110,0
54111,4
54112,-4
54113,0
54114,0
54115,0
54116,0
54117,0
54118,-2
54119,-4
54120,-4
54121,-4
54122,-4
54123,-4
54124,-4
54125,0
54126,0
54127,-4
54128,-16
54129,0
54130,-4
54131,-4
54132,-4
54133,-4
54134,0
54135,2
54136,-4
54137,10
54138,-4
54139,-4
54140,-20
54141,0
54142,-4
54143,-4
54144,-2
54145,0
54146,-4
54147,0
54148,0
54149,-4
54150,0
54151,6
54152,0
54153,0
54154,-4
54155,-6
54156,2
54157,0
54158,4
54159,0
54160,0
54161,0
54162,0
54163,0
54164,0
54165,0
54166,0
54167,0
54168,2
54169,0
54170,0
54171,2
54172,0
54173,0
54174,4
54175,4
54176,-2
54177,0
54178,-4
54179,-4
54180,0
54181,0
54182,0
54183,0
54184,0
54185,0
54186,0
54187,2
54188,2
54189,-4
54190,0
54191,4
54192,2
54193,-28
54194,2
54195,0
54196,-4
54197,10
54198,0
54199,-4
54200,6
54201,0
54202,-4
54203,0
54204,0
54205,2
54206,0
54207,0
54208,0
54209,-4
54210,2
54211,4
54212,2
54213,2
54214,0
54215,-4
54216,-4
54217,-4
54218,0
54219,0
54220,-4
54221,-4
54222,-4
54223,-4
54224,0
54225,-4
54226,0
54227,-4
54228,0
54229,-6
54230,-4
54231,-4
54232,0
54233,-4
54234,0
54235,-4
54236,-4
54237,-4
54238,-4
54239,14
54240,-4
54241,-4
54242,0
54243,-4
54244,0
54245,0
54246,0
54247,-4
54248,10
54249,-4
54250,-4
54251,-20
54252,0
54253,-4
54254,-10
54255,2
54256,2
54257,0
54258,0
54259,-4
54260,-4
54261,0
54262,0
54263,0
54264,0
54265,2
54266,0
54267,2
54268,0
54269,2
54270,2
54271,4
54272,0
54273,0
54274,-4
54275,0
54276,0
54277,0
54278,-8
54279,0
54280,6
54281,2
54282,0
54283,0
54284,0
54285,10
54286,0
54287,-4
54288,4
54289,0
54290,10
54291,4
54292,0
54293,0
54294,2
54295,4
54296,2
54297,6
54298,0
54299,0
54300,4
54301,4
54302,4
54303,0
54304,0
54305,0
54306,-4
54307,0
54308,0
54309,-4
54310,0
54311,0
54312,0
54313,-4
54314,0
54315,6
54316,0
54317,-4
54318,-4
54319,0
54320,0
54321,0
54322,-4
54323,0
54324,-4
54325,-4
54326,0
54327,-4
54328,-4
54329,0
54330,10
54331,0
54332,-4
54333,0
54334,-6
54335,-4
54336,-4
54337,-4
54338,-24
54339,2
54340,-4
54341,16
54342,-4
54343,-4
54344,0
54345,-4
54346,0
54347,6
54348,0
54349,0
54350,2
54351,0
54352,20
54353,-4
54354,0
54355,0
54356,2
54357,0
54358,-4
54359,4
54360,0
54361,-4
54362,10
54363,2
54364,0
54365,0
54366,4
54367,0
54368,0
54369,0
54370,2
54371,0
54372,4
54373,2
54374,0
54375,-8
54376,2
54377,0
54378,0
54379,0
54380,2
54381,0
54382,6
54383,10
54384,0
54385,2
54386,6
54387,0
54388,-4
54389,10
54390,0
54391,2
54392,-12
54393,-4
54394,0
54395,-4
54396,4
54397,0
54398,0
54399,-8
54400,0
54401,2
54402,0
54403,0
54404,0
54405,0
54406,-4
54407,10
54408,0
54409,0
54410,-4
54411,2
54412,0
54413,0
54414,0
54415,0
54416,-4
54417,-4
54418,-4
54419,-4
54420,-4
54421,0
54422,-4
54423,-4
54424,0
54425,-4
54426,0
54427,0
54428,-4
54429,-4
54430,-4
54431,0
54432,-4
54433,-4
54434,-4
54435,6
54436,-4
54437,-20
54438,0
54439,2
54440,-4
54441,-4
54442,-4
54443,0
54444,-4
54445,0
54446,10
54447,-4
54448,0
54449,0
54450,0
54451,2
54452,0
54453,0
54454,-4
54455,0
54456,0
54457,0
54458,-2
54459,0
54460,0
54461,0
54462,-4
54463,2
54464,-4
54465,0
54466,-4
54467,0
54468,0
54469,0
54470,0
54471,0
54472,0
54473,0
54474,0
54475,0
54476,0
54477,12
54478,-4
54479,4
54480,0
54481,-6
54482,0
54483,0
54484,0
54485,-4
54486,0
54487,6
54488,0
54489,0
54490,0
54491,4
54492,4
54493,6
54494,2
54495,0
54496,0
54497,-8
54498,0
54499,2
54500,6
54501,2
54502,-8
54503,0
54504,0
54505,-4
54506,0
54507,2
54508,4
54509,0
54510,0
54511,0
54512,0
54513,-4
54514,-4
54515,0
54516,-4
54517,-12
54518,0
54519,0
54520,0
54521,2
54522,18
54523,0
54524,0
54525,-4
54526,0
54527,0
54528,-4
54529,0
54530,-4
54531,-4
54532,-6
54533,0
54534,-4
54535,-6
54536,0
54537,-6
54538,0
54539,0
54540,20
54541,-4
54542,-4
54543,10
54544,-4
54545,-4
54546,6
54547,2
54548,-4
54549,6
54550,-4
54551,0
54552,0
54553,4
54554,0
54555,0
54556,0
54557,0
54558,0
54559,0
54560,6
54561,-12
54562,0
54563,0
54564,0
54565,0
54566,0
54567,0
54568,2
54569,2
54570,0
54571,4
54572,4
54573,-4
54574,2
54575,0
54576,-4
54577,0
54578,-4
54579,0
54580,0
54581,6
54582,0
54583,2
54584,0
54585,-8
54586,2
54587,2
54588,0
54589,0
54590,0
54591,0
54592,2
54593,0
54594,0
54595,0
54596,0
54597,0
54598,0
54599,4
54600,0
54601,0
54602,2
54603,-4
54604,0
54605,0
54606,0
54607,-6
54608,-4
54609,6
54610,-4
54611,0
54612,-4
54613,0
54614,4
54615,-6
54616,-4
54617,-4
54618,0
54619,0
54620,-4
54621,-4
54622,-4
54623,-4
54624,-4
54625,-4
54626,-4
54627,-4
54628,0
54629,0
54630,-4
54631,0
54632,-4
54633,-4
54634,-4
54635,-4
54636,0
54637,-4
54638,0
54639,10
54640,0
54641,-4
54642,2
54643,-4
54644,-2
54645,-10
54646,-4
54647,-4
54648,4
54649,0
54650,-4
54651,6
54652,0
54653,0
54654,2
54655,-10
54656,2
54657,0
54658,-4
54659,0
54660,0
54661,-4
54662,0
54663,0
54664,2
54665,0
54666,0
54667,0
54668,0
54669,0
54670,2
54671,0
54672,0
54673,0
54674,0
54675,0
54676,-6
54677,0
54678,0
54679,-4
54680,0
54681,4
54682,6
54683,-4
54684,0
54685,0
54686,-6
54687,0
54688,-14
54689,6
54690,2
54691,0
54692,2
54693,0
54694,4
54695,0
54696,0
54697,0
54698,-4
54699,2
54700,0
54701,0
54702,2
54703,0
54704,0
54705,6
54706,10
54707,0
54708,0
54709,0
54710,-14
54711,6
54712,-4
54713,0
54714,0
54715,0
54716,0
54717,-6
54718,0
54719,0
54720,-4
54721,-4
54722,-4
54723,-4
54724,-4
54725,-4
54726,6
54727,-4
54728,-4
54729,-4
54730,-4
54731,-4
54732,-4
54733,0
54734,4
54735,0
54736,-4
54737,0
54738,0
54739,-4
54740,-2
54741,10
54742,0
54743,-4
54744,-4
54745,-4
54746,-4
54747,0
54748,2
54749,2
54750,2
54751,0
54752,-10
54753,-4
54754,0
54755,0
54756,-4
54757,2
54758,0
54759,0
54760,-4
54761,2
54762,0
54763,0
54764,2
54765,6
54766,4
54767,0
54768,0
54769,0
54770,0
54771,0
54772,0
54773,2
54774,2
54775,2
54776,0
54777,-4
54778,0
54779,0
54780,0
54781,0
54782,10
54783,4
54784,4
54785,10
54786,0
54787,0
54788,2
54789,0
54790,0
54791,0
54792,0
54793,10
54794,6
54795,2
54796,2
54797,0
54798,0
54799,0
54800,16
54801,0
54802,10
54803,0
54804,0
54805,0
54806,0
54807,0
54808,0
54809,0
54810,0
54811,0
54812,-4
54813,0
54814,0
54815,0
54816,0
54817,-4
54818,-4
54819,-4
54820,0
54821,0
54822,0
54823,-2
54824,-4
54825,0
54826,0
54827,0
54828,0
54829,0
54830,-4
54831,-4
54832,-14
54833,0
54834,-4
54835,4
54836,-4
54837,0
54838,-4
54839,-4
54840,0
54841,-4
54842,-10
54843,0
54844,0
54845,6
54846,-4
54847,0
54848,0
54849,-14
54850,0
54851,-4
54852,-4
54853,-4
54854,-4
54855,0
54856,-4
54857,0
54858,0
54859,4
54860,2
54861,0
54862,2
54863,0
54864,-4
54865,0
54866,0
54867,0
54868,0
54869,0
54870,0
54871,0
54872,0
54873,0
54874,0
54875,0
54876,2
54877,0
54878,2
54879,0
54880,4
54881,0
54882,0
54883,2
54884,2
54885,0
54886,0
54887,0
54888,0
54889,4
54890,-4
54891,6
54892,-4
54893,2
54894,2
54895,0
54896,2
54897,0
54898,-4
54899,0
54900,0
54901,6
54902,0
54903,10
54904,0
54905,0
54906,0
54907,2
54908,0
54909,0
54910,-4
54911,0
54912,0
54913,0
54914,2
54915,0
54916,-2
54917,-4
54918,-2
54919,-4
54920,0
54921,-4
54922,0
54923,4
54924,-4
54925,-4
54926,-4
54927,-4
54928,-4
54929,0
54930,-4
54931,-4
54932,-2
54933,0
54934,-4
54935,-4
54936,2
54937,-4
54938,-6
54939,-4
54940,-4
54941,4
54942,0
54943,-4
54944,6
54945,-4
54946,-4
54947,-6
54948,0
54949,-4
54950,6
54951,-4
54952,2
54953,0
54954,0
54955,0
54956,0
54957,0
54958,0
54959,0
54960,0
54961,0
54962,0
54963,0
54964,0
54965,10
54966,0
54967,0
54968,-30
54969,0
54970,0
54971,0
54972,0
54973,4
54974,0
54975,0
54976,0
54977,6
54978,6
54979,0
54980,0
54981,6
54982,0
54983,-4
54984,0
54985,4
54986,-22
54987,2
54988,-12
54989,0
54990,-4
54991,6
54992,4
54993,2
54994,0
54995,10
54996,0
54997,0
54998,-6
54999,0
55000,0
55001,10
55002,0
55003,-4
55004,0
55005,0
55006,0
55007,6
55008,0
55009,2
55010,-4
55011,0
55012,0
55013,0
55014,-4
55015,0
55016,0
55017,-4
55018,-4
55019,-2
55020,-4
55021,-4
55022,-6
55023,-4
55024,-4
55025,0
55026,4
55027,-4
55028,-4
55029,16
55030,-4
55031,-4
55032,0
55033,0
55034,4
55035,-4
55036,-4
55037,0
55038,6
55039,0
55040,-4
55041,0
55042,0
55043,0
55044,0
55045,-4
55046,-2
55047,0
55048,0
55049,0
55050,10
55051,0
55052,6
55053,0
55054,-4
55055,-4
55056,10
55057,0
55058,-4
55059,0
55060,0
55061,0
55062,0
55063,-6
55064,0
55065,0
55066,0
55067,0
55068,0
55069,0
55070,0
55071,4
55072,0
55073,2
55074,0
55075,0
55076,4
55077,0
55078,0
55079,0
55080,0
55081,0
55082,2
55083,-4
55084,0
55085,14
55086,0
55087,0
55088,0
55089,0
55090,2
55091,0
55092,0
55093,6
55094,0
55095,6
55096,6
55097,-6
55098,0
55099,0
55100,0
55101,2
55102,4
55103,0
55104,0
55105,-6
55106,6
55107,-6
55108,0
55109,6
55110,0
55111,0
55112,0
55113,0
55114,0
55115,0
55116,-4
55117,0
55118,0
55119,-2
55120,0
55121,0
55122,-4
55123,-4
55124,-8
55125,0
55126,-4
55127,-4
55128,-4
55129,-4
55130,0
55131,0
55132,0
55133,0
55134,-4
55135,-4
55136,10
55137,-4
55138,-4
55139,-4
55140,-4
55141,10
55142,-4
55143,-4
55144,-4
55145,0
55146,0
55147,-4
55148,0
55149,-4
55150,-4
55151,0
55152,-4
55153,0
55154,0
55155,0
55156,0
55157,0
55158,0
55159,0
55160,-4
55161,0
55162,0
55163,-4
55164,2
55165,-4
55166,2
55167,0
55168,2
55169,0
55170,0
55171,-4
55172,10
55173,0
55174,0
55175,2
55176,0
55177,2
55178,0
55179,4
55180,0
55181,0
55182,0
55183,0
55184,0
55185,0
55186,-4
55187,2
55188,-6
55189,4
55190,0
55191,0
55192,10
55193,0
55194,0
55195,10
55196,2
55197,2
55198,0
55199,0
55200,-4
55201,0
55202,0
55203,6
55204,2
55205,0
55206,0
55207,0
55208,-4
55209,0
55210,2
55211,0
55212,-12
55213,0
55214,0
55215,0
55216,0
55217,0
55218,-4
55219,0
55220,0
55221,-4
55222,-4
55223,0
55224,-4
55225,0
55226,0
55227,0
55228,0
55229,-4
55230,0
55231,-4
55232,-4
55233,-4
55234,-4
55235,-4
55236,2
55237,-4
55238,-4
55239,0
55240,0
55241,-4
55242,6
55243,0
55244,-4
55245,-4
55246,-4
55247,0
55248,0
55249,2
55250,0
55251,-4
55252,0
55253,2
55254,0
55255,0
55256,-4
55257,0
55258,4
55259,0
55260,0
55261,0
55262,-4
55263,0
55264,0
55265,0
55266,0
55267,0
55268,0
55269,2
55270,0
55271,2
55272,0
55273,0
55274,0
55275,2
55276,6
55277,0
55278,2
55279,2
55280,0
55281,6
55282,0
55283,0
55284,0
55285,2
55286,0
55287,0
55288,0
55289,4
55290,4
55291,-4
55292,0
55293,0
55294,-4
55295,0
55296,0
55297,0
55298,-4
55299,0
55300,4
55301,0
55302,0
55303,0
55304,0
55305,0
55306,0
55307,0
55308,-4
55309,-4
55310,-4
55311,0
55312,0
55313,-4
55314,0
55315,0
55316,0
55317,0
55318,-4
55319,0
55320,-4
55321,-4
55322,-6
55323,-4
55324,0
55325,2
55326,0
55327,0
55328,0
55329,-4
55330,0
55331,-4
55332,0
55333,-10
55334,-12
55335,-4
55336,-4
55337,-4
55338,-4
55339,-4
55340,-4
55341,-4
55342,-8
55343,-4
55344,-4
55345,-4
55346,20
55347,-4
55348,0
55349,0
55350,6
55351,0
55352,-6
55353,-4
55354,0
55355,0
55356,0
55357,0
55358,0
55359,0
55360,4
55361,0
55362,0
55363,0
55364,2
55365,0
55366,0
55367,0
55368,0
55369,0
55370,0
55371,6
55372,0
55373,4
55374,2
55375,0
55376,2
55377,4
55378,-4
55379,0
55380,4
55381,0
55382,2
55383,2
55384,2
55385,6
55386,4
55387,0
55388,0
55389,-4
55390,-12
55391,0
55392,4
55393,2
55394,6
55395,2
55396,2
55397,10
55398,0
55399,0
55400,-4
55401,0
55402,0
55403,0
55404,-4
55405,0
55406,0
55407,0
55408,4
55409,2
55410,0
55411,0
55412,-4
55413,-2
55414,0
55415,0
55416,0
55417,0
55418,-4
55419,-4
55420,0
55421,-4
55422,-6
55423,-4
55424,-4
55425,-4
55426,-4
55427,-12
55428,-4
55429,0
55430,0
55431,-4
55432,-6
55433,0
55434,-4
55435,-4
55436,0
55437,-4
55438,-4
55439,0
55440,-4
55441,0
55442,0
55443,-4
55444,-4
55445,-4
55446,0
55447,0
55448,-4
55449,-4
55450,0
55451,0
55452,0
55453,-4
55454,10
55455,6
55456,2
55457,0
55458,0
55459,0
55460,-4
55461,2
55462,0
55463,0
55464,6
55465,0
55466,0
55467,0
55468,0
55469,0
55470,0
55471,2
55472,-2
55473,0
55474,-4
55475,-4
55476,0
55477,-4
55478,0
55479,6
55480,0
55481,2
55482,-6
55483,4
55484,4
55485,0
55486,0
55487,2
55488,-2
55489,0
55490,0
55491,0
55492,18
55493,0
55494,0
55495,-6
55496,2
55497,0
55498,0
55499,18
55500,0
55501,0
55502,2
55503,-4
55504,0
55505,0
55506,0
55507,-4
55508,-4
55509,0
55510,0
55511,0
55512,0
55513,-4
55514,-4
55515,6
55516,0
55517,-4
55518,0
55519,0
55520,0
55521,-4
55522,-4
55523,0
55524,-4
55525,0
55526,-4
55527,0
55528,0
55529,-4
55530,-4
55531,-4
55532,-4
55533,-14
55534,-4
55535,0
55536,0
55537,-4
55538,-4
55539,0
55540,-4
55541,0
55542,0
55543,-4
55544,-8
55545,-4
55546,-4
55547,4
55548,-4
55549,0
55550,-4
55551,0
55552,0
55553,10
55554,0
55555,0
55556,0
55557,0
55558,4
55559,2
55560,0
55561,0
55562,-2
55563,-12
55564,-4
55565,0
55566,-4
55567,0
55568,2
55569,-4
55570,0
55571,4
55572,2
55573,6
55574,0
55575,0
55576,0
55577,0
55578,4
55579,0
55580,2
55581,-8
55582,2
55583,0
55584,-10
55585,4
55586,2
55587,-6
55588,0
55589,0
55590,2
55591,2
55592,4
55593,0
55594,0
55595,4
55596,0
55597,0
55598,0
55599,-4
55600,-12
55601,0
55602,0
55603,-4
55604,6
55605,2
55606,0
55607,-4
55608,-4
55609,0
55610,0
55611,14
55612,0
55613,-4
55614,0
55615,0
55616,0
55617,-4
55618,0
55619,-4
55620,0
55621,-4
55622,0
55623,-4
55624,-2
55625,-4
55626,0
55627,-4
55628,-4
55629,-4
55630,0
55631,-6
55632,-4
55633,-4
55634,0
55635,-4
55636,0
55637,-4
55638,-4
55639,-4
55640,0
55641,-2
55642,4
55643,-4
55644,-4
55645,-4
55646,-4
55647,0
55648,2
55649,14
55650,0
55651,0
55652,0
55653,-4
55654,0
55655,-4
55656,-4
55657,0
55658,0
55659,2
55660,4
55661,-4
55662,0
55663,0
55664,-4
55665,-22
55666,4
55667,2
55668,0
55669,0
55670,-4
55671,0
55672,0
55673,6
55674,-4
55675,0
55676,2
55677,0
55678,2
55679,0
55680,0
55681,-4
55682,0
55683,14
55684,2
55685,-12
55686,0
55687,0
55688,0
55689,16
55690,0
55691,4
55692,-6
55693,-4
55694,2
55695,6
55696,2
55697,2
55698,-4
55699,14
55700,2
55701,-4
55702,0
55703,0
55704,0
55705,0
55706,0
55707,0
55708,0
55709,18
55710,-4
55711,0
55712,0
55713,0
55714,0
55715,0
55716,0
55717,-4
55718,-4
55719,0
55720,0
55721,40
55722,0
55723,6
55724,-4
55725,-4
55726,0
55727,-4
55728,2
55729,0
55730,-4
55731,0
55732,0
55733,-14
55734,-4
55735,6
55736,-4
55737,-4
55738,-4
55739,-4
55740,-4
55741,2
55742,-4
55743,0
55744,2
55745,0
55746,0
55747,2
55748,-4
55749,0
55750,0
55751,0
55752,0
55753,0
55754,-4
55755,0
55756,0
55757,-4
55758,-12
55759,0
55760,0
55761,0
55762,0
55763,-18
55764,0
55765,2
55766,0
55767,4
55768,0
55769,0
55770,2
55771,-4
55772,0
55773,2
55774,0
55775,4
55776,0
55777,-4
55778,0
55779,2
55780,2
55781,0
55782,-6
55783,0
55784,0
55785,0
55786,-8
55787,0
55788,-10
55789,0
55790,0
55791,-8
55792,0
55793,0
55794,4
55795,0
55796,0
55797,0
55798,0
55799,0
55800,0
55801,0
55802,-4
55803,2
55804,6
55805,0
55806,0
55807,0
55808,4
55809,0
55810,-10
55811,-4
55812,0
55813,-4
55814,0
55815,0
55816,0
55817,0
55818,0
55819,-4
55820,0
55821,-4
55822,0
55823,-4
55824,-4
55825,0
55826,0
55827,-4
55828,-4
55829,-4
55830,-4
55831,-4
55832,-4
55833,-4
55834,-4
55835,-4
55836,-4
55837,-4
55838,0
55839,-4
55840,-8
55841,-4
55842,-4
55843,6
55844,-4
55845,0
55846,6
55847,-4
55848,0
55849,-4
55850,-4
55851,2
55852,-10
55853,0
55854,0
55855,-12
55856,4
55857,10
55858,0
55859,0
55860,2
55861,-4
55862,0
55863,-4
55864,0
55865,2
55866,0
55867,2
55868,0
55869,0
55870,0
55871,6
55872,0
55873,0
55874,2
55875,2
55876,0
55877,-4
55878,0
55879,6
55880,-4
55881,0
55882,4
55883,2
55884,0
55885,0
55886,0
55887,6
55888,0
55889,-4
55890,0
55891,2
55892,6
55893,-6
55894,0
55895,2
55896,10
55897,6
55898,0
55899,-6
55900,-4
55901,0
55902,-8
55903,0
55904,0
55905,4
55906,-4
55907,-4
55908,0
55909,0
55910,0
55911,4
55912,0
55913,6
55914,0
55915,-12
55916,6
55917,0
55918,0
55919,0
55920,0
55921,-4
55922,0
55923,0
55924,-4
55925,-4
55926,-4
55927,6
55928,-4
55929,4
55930,-4
55931,-4
55932,-4
55933,0
55934,0
55935,0
55936,-4
55937,-4
55938,-4
55939,-8
55940,-4
55941,0
55942,-4
55943,0
55944,-6
55945,0
55946,-4
55947,-4
55948,0
55949,0
55950,0
55951,0
55952,0
55953,0
55954,2
55955,-4
55956,0
55957,0
55958,-4
55959,0
55960,0
55961,-4
55962,2
55963,0
55964,0
55965,0
55966,0
55967,0
55968,0
55969,0
55970,2
55971,0
55972,0
55973,0
55974,0
55975,6
55976,2
55977,2
55978,0
55979,0
55980,0
55981,-6
55982,6
55983,-6
55984,0
55985,10
55986,2
55987,2
55988,-4
55989,0
55990,0
55991,0
55992,0
55993,0
55994,0
55995,-4
55996,0
55997,0
55998,-4
55999,-4
56000,-4
56001,-4
56002,0
56003,0
56004,2
56005,0
56006,-4
56007,2
56008,0
56009,-4
56010,0
56011,-14
56012,6
56013,4
56014,0
56015,0
56016,6
56017,-4
56018,-4
56019,-2
56020,0
56021,0
56022,0
56023,-4
56024,-4
56025,0
56026,-4
56027,-4
56028,-6
56029,-4
56030,-4
56031,-4
56032,-2
56033,-4
56034,-4
56035,0
56036,0
56037,0
56038,-6
56039,-4
56040,0
56041,-4
56042,-4
56043,0
56044,-4
56045,-4
56046,2
56047,-4
56048,-4
56049,0
56050,-6
56051,0
56052,-6
56053,0
56054,0
56055,-4
56056,0
56057,0
56058,-10
56059,0
56060,0
56061,2
56062,0
56063,0
56064,0
56065,0
56066,0
56067,-4
56068,0
56069,-4
56070,0
56071,0
56072,0
56073,0
56074,2
56075,4
56076,2
56077,0
56078,0
56079,2
56080,0
56081,4
56082,6
56083,0
56084,0
56085,0
56086,0
56087,0
56088,0
56089,4
56090,2
56091,0
56092,2
56093,6
56094,6
56095,4
56096,0
56097,12
56098,0
56099,0
56100,0
56101,4
56102,0
56103,0
56104,-4
56105,0
56106,0
56107,0
56108,0
56109,-6
56110,-4
56111,-4
56112,0
56113,-4
56114,0
56115,0
56116,2
56117,0
56118,-4
56119,-4
56120,0
56121,0
56122,-4
56123,-4
56124,0
56125,0
56126,-4
56127,-4
56128,-4
56129,-4
56130,-4
56131,-6
56132,-4
56133,-4
56134,-4
56135,-4
56136,0
56137,0
56138,-4
56139,0
56140,0
56141,-4
56142,-4
56143,2
56144,-4
56145,-4
56146,-4
56147,0
56148,0
56149,-6
56150,-4
56151,0
56152,0
56153,0
56154,-4
56155,0
56156,0
56157,-4
56158,0
56159,0
56160,0
56161,0
56162,0
56163,0
56164,2
56165,0
56166,0
56167,0
56168,0
56169,0
56170,2
56171,0
56172,4
56173,0
56174,0
56175,4
56176,0
56177,2
56178,-8
56179,-4
56180,0
56181,0
56182,4
56183,0
56184,2
56185,-4
56186,2
56187,2
56188,0
56189,2
56190,0
56191,2
56192,12
56193,2
56194,0
56195,0
56196,0
56197,0
56198,0
56199,10
56200,2
56201,0
56202,-4
56203,0
56204,0
56205,0
56206,2
56207,0
56208,-4
56209,2
56210,4
56211,-4
56212,2
56213,-4
56214,0
56215,0
56216,-4
56217,0
56218,-4
56219,-4
56220,-4
56221,0
56222,0
56223,0
56224,0
56225,-4
56226,-4
56227,-4
56228,0
56229,0
56230,0
56231,-8
56232,-4
56233,-4
56234,-4
56235,-4
56236,0
56237,6
56238,-4
56239,-20
56240,0
56241,-4
56242,0
56243,-4
56244,-2
56245,-8
56246,0
56247,0
56248,2
56249,14
56250,0
56251,0
56252,0
56253,0
56254,0
56255,16
56256,4
56257,0
56258,0
56259,-4
56260,2
56261,2
56262,0
56263,0
56264,12
56265,-4
56266,0
56267,-4
56268,0
56269,0
56270,0
56271,0
56272,0
56273,2
56274,0
56275,4
56276,0
56277,-4
56278,0
56279,4
56280,0
56281,-4
56282,0
56283,10
56284,2
56285,0
56286,-4
56287,0
56288,4
56289,4
56290,2
56291,0
56292,0
56293,10
56294,2
56295,0
56296,0
56297,10
56298,-4
56299,2
56300,4
56301,-12
56302,0
56303,4
56304,0
56305,0
56306,-18
56307,-8
56308,0
56309,0
56310,0
56311,0
56312,0
56313,0
56314,2
56315,0
56316,4
56317,0
56318,-4
56319,0
56320,-4
56321,-4
56322,0
56323,0
56324,0
56325,0
56326,0
56327,0
56328,-4
56329,-4
56330,0
56331,-4
56332,-4
56333,0
56334,0
56335,-4
56336,0
56337,4
56338,-4
56339,6
56340,0
56341,-4
56342,0
56343,0
56344,-4
56345,-6
56346,0
56347,0
56348,4
56349,-4
56350,0
56351,0
56352,0
56353,0
56354,0
56355,-4
56356,2
56357,0
56358,0
56359,0
56360,-6
56361,0
56362,0
56363,0
56364,0
56365,0
56366,2
56367,0
56368,2
56369,0
56370,0
56371,0
56372,4
56373,2
56374,2
56375,4
56376,2
56377,0
56378,0
56379,0
56380,0
56381,-4
56382,4
56383,0
56384,0
56385,0
56386,0
56387,0
56388,0
56389,0
56390,-4
56391,0
56392,2
56393,4
56394,0
56395,4
56396,0
56397,-6
56398,-2
56399,0
56400,0
56401,10
56402,0
56403,-4
56404,-4
56405,-4
56406,0
56407,4
56408,0
56409,0
56410,0
56411,0
56412,0
56413,0
56414,0
56415,-4
56416,0
56417,0
56418,-2
56419,0
56420,0
56421,-4
56422,0
56423,-4
56424,0
56425,4
56426,0
56427,-2
56428,-4
56429,-4
56430,0
56431,0
56432,-4
56433,-6
56434,-4
56435,-4
56436,-4
56437,-4
56438,0
56439,-4
56440,-4
56441,-6
56442,-4
56443,-4
56444,-6
56445,0
56446,-4
56447,0
56448,0
56449,0
56450,0
56451,0
56452,-4
56453,-4
56454,-4
56455,0
56456,0
56457,0
56458,-4
56459,-10
56460,-4
56461,2
56462,0
56463,0
56464,2
56465,-4
56466,0
56467,-16
56468,0
56469,0
56470,0
56471,2
56472,2
56473,0
56474,0
56475,4
56476,6
56477,0
56478,4
56479,0
56480,0
56481,0
56482,0
56483,0
56484,0
56485,2
56486,0
56487,-18
56488,0
56489,6
56490,2
56491,0
56492,2
56493,0
56494,6
56495,0
56496,0
56497,0
56498,10
56499,-4
56500,2
56501,0
56502,10
56503,0
56504,0
56505,-4
56506,0
56507,4
56508,0
56509,-4
56510,-4
56511,0
56512,-4
56513,-14
56514,0
56515,0
56516,0
56517,0
56518,-4
56519,-4
56520,0
56521,0
56522,0
56523,-6
56524,0
56525,0
56526,-4
56527,-4
56528,-8
56529,-20
56530,0
56531,0
56532,-4
56533,6
56534,-6
56535,0
56536,-4
56537,0
56538,0
56539,-4
56540,-4
56541,-4
56542,0
56543,-4
56544,-4
56545,-8
56546,-4
56547,0
56548,0
56549,-2
56550,2
56551,0
56552,-8
56553,0
56554,0
56555,0
56556,0
56557,0
56558,4
56559,0
56560,0
56561,0
56562,0
56563,0
56564,0
56565,10
56566,2
56567,24
56568,4
56569,0
56570,0
56571,0
56572,0
56573,0
56574,0
56575,10
56576,2
56577,0
56578,-6
56579,10
56580,2
56581,4
56582,0
56583,4
56584,2
56585,2
56586,10
56587,0
56588,10
56589,0
56590,4
56591,2
56592,0
56593,0
56594,-4
56595,0
56596,2
56597,-4
56598,0
56599,0
56600,-4
56601,2
56602,0
56603,2
56604,4
56605,0
56606,6
56607,-4
56608,-4
56609,2
56610,0
56611,0
56612,0
56613,0
56614,-4
56615,4
56616,0
56617,10
56618,-4
56619,0
56620,0
56621,0
56622,-4
56623,-4
56624,-4
56625,0
56626,0
56627,-6
56628,-4
56629,-4
56630,2
56631,6
56632,2
56633,-4
56634,0
56635,-4
56636,0
56637,-4
56638,-4
56639,-4
56640,-4
56641,-4
56642,-4
56643,-4
56644,-6
56645,-6
56646,-4
56647,0
56648,0
56649,0
56650,0
56651,-2
56652,0
56653,-4
56654,0
56655,0
56656,-4
56657,0
56658,0
56659,0
56660,2
56661,0
56662,4
56663,0
56664,-4
56665,0
56666,0
56667,0
56668,2
56669,0
56670,0
56671,4
56672,0
56673,10
56674,0
56675,0
56676,4
56677,0
56678,0
56679,6
56680,0
56681,-4
56682,0
56683,0
56684,0
56685,0
56686,2
56687,0
56688,0
56689,-4
56690,0
56691,2
56692,0
56693,0
56694,12
56695,0
56696,0
56697,-4
56698,0
56699,-2
56700,2
56701,-4
56702,2
56703,2
56704,0
56705,-8
56706,0
56707,0
56708,0
56709,-4
56710,0
56711,0
56712,0
56713,-4
56714,2
56715,0
56716,0
56717,0
56718,-4
56719,-6
56720,0
56721,0
56722,0
56723,-4
56724,0
56725,-4
56726,6
56727,-4
56728,-8
56729,0
56730,-4
56731,-4
56732,-4
56733,-4
56734,0
56735,-4
56736,-4
56737,14
56738,-4
56739,-4
56740,-4
56741,0
56742,-4
56743,-4
56744,0
56745,-4
56746,-4
56747,-4
56748,-12
56749,0
56750,0
56751,2
56752,0
56753,-4
56754,0
56755,0
56756,-4
56757,2
56758,0
56759,0
56760,0
56761,2
56762,0
56763,0
56764,0
56765,4
56766,0
56767,2
56768,0
56769,0
56770,0
56771,4
56772,0
56773,2
56774,0
56775,4
56776,0
56777,-4
56778,0
56779,0
56780,0
56781,-4
56782,0
56783,0
56784,0
56785,2
56786,0
56787,0
56788,2
56789,0
56790,0
56791,14
56792,0
56793,6
56794,-6
56795,2
56796,-4
56797,-4
56798,4
56799,4
56800,2
56801,18
56802,0
56803,10
56804,0
56805,-4
56806,10
56807,-4
56808,16
56809,0
56810,0
56811,0
56812,0
56813,0
56814,0
56815,-4
56816,-4
56817,0
56818,-4
56819,0
56820,0
56821,0
56822,-4
56823,0
56824,-4
56825,-4
56826,0
56827,0
56828,0
56829,-4
56830,-4
56831,6
56832,-6
56833,0
56834,-4
56835,-4
56836,0
56837,-4
56838,-6
56839,-4
56840,-6
56841,-4
56842,0
56843,-4
56844,-4
56845,-4
56846,6
56847,-4
56848,-4
56849,-6
56850,0
56851,0
56852,0
56853,0
56854,-6
56855,-4
56856,0
56857,-4
56858,0
56859,0
56860,0
56861,12
56862,0
56863,0
56864,0
56865,0
56866,0
56867,0
56868,0
56869,0
56870,2
56871,0
56872,2
56873,0
56874,6
56875,0
56876,0
56877,0
56878,2
56879,4
56880,4
56881,2
56882,6
56883,0
56884,-16
56885,0
56886,6
56887,0
56888,0
56889,2
56890,2
56891,2
56892,0
56893,10
56894,-4
56895,4
56896,6
56897,0
56898,2
56899,-4
56900,14
56901,0
56902,0
56903,0
56904,0
56905,0
56906,0
56907,0
56908,-4
56909,0
56910,0
56911,-4
56912,0
56913,-4
56914,-4
56915,-4
56916,2
56917,0
56918,-4
56919,-6
56920,0
56921,0
56922,-4
56923,-4
56924,-6
56925,-6
56926,0
56927,0
56928,0
56929,-4
56930,-4
56931,-4
56932,-4
56933,-4
56934,-4
56935,0
56936,-4
56937,-4
56938,0
56939,-8
56940,-4
56941,0
56942,-6
56943,-4
56944,-4
56945,-14
56946,-4
56947,-4
56948,0
56949,0
56950,0
56951,0
56952,0
56953,0
56954,0
56955,0
56956,-4
56957,-4
56958,0
56959,0
56960,0
56961,0
56962,2
56963,0
56964,2
56965,0
56966,0
56967,2
56968,2
56969,0
56970,2
56971,2
56972,0
56973,2
56974,0
56975,0
56976,0
56977,0
56978,0
56979,2
56980,0
56981,0
56982,0
56983,10
56984,0
56985,0
56986,0
56987,18
56988,0
56989,0
56990,2
56991,0
56992,4
56993,4
56994,0
56995,-4
56996,2
56997,0
56998,-4
56999,-4
57000,0
57001,2
57002,2
57003,2
57004,0
57005,0
57006,0
57007,0
57008,0
57009,0
57010,-4
57011,10
57012,0
57013,0
57014,0
57015,-2
57016,-4
57017,-4
57018,-4
57019,-4
57020,-4
57021,0
57022,-4
57023,0
57024,-4
57025,0
57026,-4
57027,-4
57028,4
57029,0
57030,0
57031,-2
57032,-4
57033,-6
57034,-4
57035,-4
57036,-4
57037,-4
57038,-4
57039,-4
57040,0
57041,-4
57042,-4
57043,0
57044,-6
57045,0
57046,0
57047,6
57048,-4
57049,0
57050,2
57051,-4
57052,-4
57053,-4
57054,0
57055,0
57056,2
57057,14
57058,0
57059,0
57060,0
57061,0
57062,0
57063,2
57064,0
57065,4
57066,-4
57067,0
57068,2
57069,0
57070,0
57071,2
57072,2
57073,0
57074,2
57075,0
57076,2
57077,0
57078,0
57079,0
57080,6
57081,-4
57082,6
57083,0
57084,0
57085,6
57086,2
57087,0
57088,-4
57089,2
57090,-4
57091,0
57092,0
57093,0
57094,-12
57095,6
57096,0
57097,10
57098,2
57099,0
57100,6
57101,0
57102,0
57103,-6
57104,0
57105,0
57106,-6
57107,0
57108,-4
57109,0
57110,0
57111,-4
57112,10
57113,4
57114,-14
57115,0
57116,0
57117,0
57118,-4
57119,0
57120,0
57121,0
57122,-4
57123,-2
57124,-4
57125,-4
57126,-4
57127,0
57128,0
57129,2
57130,6
57131,-6
57132,-4
57133,-4
57134,-4
57135,-4
57136,-6
57137,-4
57138,-6
57139,-4
57140,20
57141,-4
57142,0
57143,18
57144,0
57145,0
57146,-10
57147,-4
57148,-4
57149,-4
57150,0
57151,-2
57152,-4
57153,0
57154,-10
57155,0
57156,0
57157,0
57158,0
57159,0
57160,0
57161,0
57162,0
57163,0
57164,2
57165,0
57166,2
57167,0
57168,0
57169,0
57170,0
57171,0
57172,4
57173,2
57174,0
57175,0
57176,6
57177,0
57178,6
57179,0
57180,2
57181,4
57182,0
57183,0
57184,2
57185,0
57186,-14
57187,0
57188,0
57189,4
57190,2
57191,0
57192,0
57193,0
57194,0
57195,4
57196,14
57197,0
57198,0
57199,-6
57200,-4
57201,6
57202,2
57203,0
57204,-4
57205,0
57206,0
57207,0
57208,-4
57209,0
57210,0
57211,0
57212,0
57213,0
57214,0
57215,-2
57216,2
57217,0
57218,0
57219,0
57220,0
57221,-4
57222,0
57223,-4
57224,-6
57225,-4
57226,0
57227,0
57228,-4
57229,-4
57230,-2
57231,-4
57232,2
57233,-4
57234,6
57235,-4
57236,-4
57237,0
57238,-4
57239,-4
57240,-4
57241,-4
57242,-4
57243,0
57244,-4
57245,-10
57246,-4
57247,0
57248,-16
57249,0
57250,-2
57251,0
57252,0
57253,-4
57254,0
57255,16
57256,0
57257,0
57258,0
57259,0
57260,2
57261,-10
57262,0
57263,0
57264,2
57265,-18
57266,0
57267,0
57268,6
57269,4
57270,0
57271,0
57272,0
57273,0
57274,2
57275,4
57276,-10
57277,2
57278,2
57279,0
57280,0
57281,2
57282,2
57283,0
57284,0
57285,0
57286,2
57287,4
57288,0
57289,0
57290,2
57291,-8
57292,2
57293,-4
57294,4
57295,2
57296,0
57297,0
57298,0
57299,-4
57300,6
57301,6
57302,0
57303,0
57304,0
57305,-8
57306,0
57307,2
57308,0
57309,6
57310,0
57311,-4
57312,0
57313,0
57314,0
57315,-4
57316,0
57317,0
57318,-2
57319,-2
57320,-4
57321,0
57322,-4
57323,-4
57324,-4
57325,6
57326,-4
57327,-6
57328,0
57329,-4
57330,0
57331,-4
57332,-4
57333,-4
57334,-4
57335,-4
57336,-4
57337,0
57338,-4
57339,-2
57340,-4
57341,-4
57342,-4
57343,-6
57344,-4
57345,-4
57346,-6
57347,-4
57348,-4
57349,0
57350,4
57351,-4
57352,4
57353,0
57354,2
57355,0
57356,0
57357,0
57358,2
57359,0
57360,0
57361,-4
57362,0
57363,-4
57364,0
57365,0
57366,0
57367,0
57368,0
57369,6
57370,2
57371,2
57372,2
57373,0
57374,0
57375,-4
57376,0
57377,0
57378,4
57379,-4
57380,0
57381,4
57382,0
57383,2
57384,0
57385,6
57386,0
57387,0
57388,-18
57389,0
57390,10
57391,0
57392,4
57393,6
57394,0
57395,6
57396,6
57397,0
57398,0
57399,0
57400,6
57401,0
57402,4
57403,-12
57404,0
57405,0
57406,-4
57407,0
57408,0
57409,6
57410,-4
57411,-4
57412,0
57413,0
57414,2
57415,2
57416,0
57417,0
57418,0
57419,-4
57420,0
57421,0
57422,0
57423,0
57424,-4
57425,0
57426,-4
57427,-4
57428,-4
57429,-6
57430,-4
57431,-4
57432,-6
57433,-4
57434,-4
57435,14
57436,-6
57437,-4
57438,-4
57439,-4
57440,0
57441,0
57442,-4
57443,0
57444,-10
57445,-4
57446,0
57447,2
57448,4
57449,-4
57450,0
57451,4
57452,0
57453,0
57454,0
57455,0
57456,0
57457,0
57458,0
57459,0
57460,0
57461,0
57462,0
57463,6
57464,-8
57465,0
57466,0
57467,0
57468,0
57469,0
57470,6
57471,2
57472,0
57473,0
57474,2
57475,0
57476,2
57477,-4
57478,2
57479,10
57480,4
57481,2
57482,2
57483,6
57484,0
57485,6
57486,-4
57487,4
57488,0
57489,-4
57490,0
57491,2
57492,0
57493,-4
57494,2
57495,0
57496,12
57497,-4
57498,4
57499,6
57500,6
57501,0
57502,-4
57503,-4
57504,0
57505,-4
57506,0
57507,0
57508,0
57509,0
57510,0
57511,0
57512,0
57513,0
57514,0
57515,2
57516,4
57517,-8
57518,0
57519,-4
57520,0
57521,-4
57522,-4
57523,-4
57524,0
57525,0
57526,0
57527,0
57528,20
57529,-4
57530,0
57531,0
57532,0
57533,-4
57534,-4
57535,-6
57536,0
57537,-4
57538,-4
57539,-4
57540,-4
57541,-4
57542,0
57543,0
57544,-4
57545,0
57546,-4
57547,-4
57548,-4
57549,0
57550,-4
57551,0
57552,0
57553,0
57554,-2
57555,-4
57556,4
57557,-4
57558,0
57559,-4
57560,-4
57561,2
57562,0
57563,-4
57564,0
57565,0
57566,2
57567,-4
57568,4
57569,10
57570,0
57571,2
57572,0
57573,4
57574,0
57575,-4
57576,0
57577,0
57578,-4
57579,4
57580,0
57581,4
57582,-10
57583,6
57584,2
57585,0
57586,2
57587,0
57588,2
57589,0
57590,4
57591,-4
57592,0
57593,0
57594,-4
57595,0
57596,0
57597,6
57598,0
57599,0
57600,-4
57601,0
57602,0
57603,0
57604,0
57605,-4
57606,0
57607,0
57608,0
57609,0
57610,4
57611,0
57612,0
57613,2
57614,6
57615,-4
57616,0
57617,-4
57618,0
57619,-4
57620,0
57621,6
57622,-4
57623,0
57624,-4
57625,-4
57626,-4
57627,0
57628,-4
57629,0
57630,0
57631,0
57632,-4
57633,6
57634,-4
57635,0
57636,0
57637,-4
57638,-4
57639,-4
57640,0
57641,0
57642,-4
57643,-6
57644,-4
57645,4
57646,0
57647,0
57648,-4
57649,6
57650,0
57651,0
57652,4
57653,-16
57654,0
57655,-4
57656,0
57657,0
57658,-4
57659,0
57660,-4
57661,0
57662,0
57663,0
57664,0
57665,0
57666,0
57667,0
57668,0
57669,2
57670,0
57671,0
57672,0
57673,0
57674,4
57675,0
57676,4
57677,0
57678,0
57679,0
57680,2
57681,0
57682,0
57683,-6
57684,-4
57685,4
57686,0
57687,0
57688,0
57689,0
57690,0
57691,2
57692,2
57693,10
57694,0
57695,2
57696,4
57697,0
57698,0
57699,0
57700,10
57701,0
57702,0
57703,0
57704,0
57705,0
57706,0
57707,0
57708,0
57709,2
57710,0
57711,0
57712,10
57713,0
57714,4
57715,0
57716,0
57717,0
57718,0
57719,-4
57720,0
57721,0
57722,0
57723,-4
57724,0
57725,-4
57726,-4
57727,24
57728,0
57729,2
57730,0
57731,-4
57732,-2
57733,-6
57734,-4
57735,-4
57736,-4
57737,-4
57738,0
57739,-4
57740,0
57741,-4
57742,-4
57743,-4
57744,-4
57745,-4
57746,0
57747,-4
57748,-4
57749,-4
57750,6
57751,0
57752,0
57753,0
57754,0
57755,0
57756,-4
57757,0
57758,0
57759,0
57760,0
57761,0
57762,0
57763,0
57764,2
57765,0
57766,0
57767,-4
57768,0
57769,0
57770,0
57771,2
57772,0
57773,2
57774,2
57775,0
57776,-4
57777,0
57778,0
57779,0
57780,-4
57781,0
57782,4
57783,4
57784,6
57785,0
57786,0
57787,-20
57788,0
57789,0
57790,2
57791,10
57792,6
57793,0
57794,6
57795,-4
57796,4
57797,0
57798,6
57799,0
57800,0
57801,4
57802,6
57803,0
57804,10
57805,4
57806,0
57807,6
57808,-4
57809,0
57810,0
57811,6
57812,0
57813,0
57814,0
57815,0
57816,0
57817,0
57818,0
57819,0
57820,0
57821,-4
57822,0
57823,0
57824,-4
57825,-4
57826,-4
57827,0
57828,0
57829,0
57830,-4
57831,-4
57832,0
57833,-4
57834,-4
57835,0
57836,-4
57837,0
57838,0
57839,-4
57840,-4
57841,-4
57842,4
57843,-4
57844,-4
57845,0
57846,-4
57847,-4
57848,-4
57849,2
57850,0
57851,-4
57852,0
57853,0
57854,0
57855,-4
57856,0
57857,0
57858,0
57859,0
57860,-4
57861,0
57862,0
57863,0
57864,0
57865,0
57866,0
57867,0
57868,0
57869,0
57870,0
57871,0
57872,0
57873,4
57874,0
57875,10
57876,0
57877,0
57878,10
57879,0
57880,4
57881,0
57882,0
57883,0
57884,-4
57885,0
57886,-4
57887,0
57888,2
57889,0
57890,0
57891,0
57892,6
57893,0
57894,0
57895,4
57896,4
57897,0
57898,0
57899,6
57900,0
57901,0
57902,0
57903,0
57904,0
57905,0
57906,0
57907,0
57908,0
57909,0
57910,10
57911,0
57912,0
57913,-10
57914,-4
57915,0
57916,-4
57917,0
57918,0
57919,-12
57920,-4
57921,-4
57922,0
57923,4
57924,0
57925,0
57926,-2
57927,-4
57928,0
57929,-4
57930,-2
57931,-4
57932,-4
57933,-4
57934,-4
57935,0
57936,-4
57937,-4
57938,-4
57939,-4
57940,-4
57941,0
57942,-14
57943,-4
57944,-4
57945,-8
57946,-4
57947,-4
57948,-14
57949,-4
57950,0
57951,6
57952,-4
57953,0
57954,0
57955,-4
57956,0
57957,0
57958,-4
57959,-4
57960,0
57961,2
57962,0
57963,0
57964,0
57965,2
57966,0
57967,-14
57968,0
57969,0
57970,6
57971,0
57972,6
57973,6
57974,6
57975,2
57976,0
57977,0
57978,4
57979,-4
57980,0
57981,0
57982,0
57983,-6
57984,0
57985,-4
57986,-6
57987,0
57988,0
57989,10
57990,4
57991,4
57992,-8
57993,2
57994,0
57995,10
57996,6
57997,-4
57998,2
57999,2
58000,0
58001,-4
58002,4
58003,0
58004,2
58005,-4
58006,0
58007,-6
58008,-4
58009,-4
58010,0
58011,0
58012,-4
58013,0
58014,0
58015,2
58016,0
58017,0
58018,-4
58019,-8
58020,-4
58021,0
58022,-4
58023,0
58024,-4
58025,-4
58026,0
58027,0
58028,-4
58029,-4
58030,0
58031,-4
58032,-4
58033,-4
58034,-4
58035,-4
58036,6
58037,-4
58038,-4
58039,-4
58040,0
58041,0
58042,0
58043,-2
58044,-4
58045,6
58046,-4
58047,0
58048,-6
58049,6
58050,-4
58051,0
58052,4
58053,-4
58054,6
58055,0
58056,0
58057,2
58058,0
58059,0
58060,-4
58061,0
58062,0
58063,0
58064,2
58065,0
58066,0
58067,0
58068,0
58069,0
58070,0
58071,0
58072,0
58073,6
58074,0
58075,0
58076,0
58077,0
58078,0
58079,0
58080,0
58081,0
58082,0
58083,4
58084,0
58085,0
58086,0
58087,2
58088,4
58089,0
58090,2
58091,0
58092,0
58093,-4
58094,0
58095,0
58096,4
58097,0
58098,-4
58099,0
58100,4
58101,-4
58102,0
58103,0
58104,6
58105,0
58106,0
58107,-4
58108,-10
58109,-6
58110,0
58111,0
58112,0
58113,-4
58114,0
58115,0
58116,0
58117,0
58118,0
58119,-4
58120,0
58121,-4
58122,0
58123,-4
58124,0
58125,0
58126,2
58127,0
58128,0
58129,6
58130,-4
58131,-4
58132,-4
58133,-6
58134,-4
58135,-4
58136,-4
58137,0
58138,-2
58139,4
58140,-4
58141,-4
58142,0
58143,-4
58144,0
58145,0
58146,0
58147,-4
58148,0
58149,-4
58150,0
58151,-4
58152,-4
58153,-4
58154,0
58155,2
58156,0
58157,0
58158,0
58159,0
58160,-4
58161,0
58162,0
58163,4
58164,2
58165,-4
58166,6
58167,-4
58168,0
58169,2
58170,0
58171,0
58172,0
58173,0
58174,4
58175,0
58176,2
58177,0
58178,0
58179,-10
58180,6
58181,10
58182,0
58183,0
58184,6
58185,0
58186,0
58187,2
58188,2
58189,0
58190,4
58191,2
58192,-4
58193,4
58194,0
58195,2
58196,-4
58197,0
58198,0
58199,10
58200,-4
58201,-4
58202,6
58203,0
58204,-4
58205,0
58206,2
58207,2
58208,4
58209,0
58210,0
58211,0
58212,-4
58213,0
58214,4
58215,0
58216,6
58217,2
58218,0
58219,-4
58220,-4
58221,0
58222,2
58223,-4
58224,0
58225,0
58226,-4
58227,0
58228,-4
58229,0
58230,0
58231,-14
58232,-4
58233,-4
58234,-4
58235,-4
58236,-4
58237,-4
58238,-4
58239,-4
58240,-4
58241,0
58242,0
58243,-10
58244,-4
58245,-4
58246,-4
58247,6
58248,0
58249,-4
58250,4
58251,0
58252,0
58253,-4
58254,0
58255,0
58256,0
58257,0
58258,0
58259,-14
58260,2
58261,0
58262,0
58263,0
58264,-14
58265,-2
58266,-4
58267,0
58268,2
58269,0
58270,2
58271,0
58272,4
58273,2
58274,0
58275,4
58276,0
58277,2
58278,2
58279,10
58280,0
58281,0
58282,-6
58283,0
58284,0
58285,0
58286,6
58287,-4
58288,0
58289,4
58290,2
58291,6
58292,2
58293,0
58294,0
58295,0
58296,6
58297,0
58298,-12
58299,0
58300,0
58301,4
58302,10
58303,2
58304,-4
58305,0
58306,-4
58307,-4
58308,0
58309,-4
58310,-4
58311,-4
58312,2
58313,0
58314,-4
58315,-4
58316,0
58317,0
58318,0
58319,0
58320,-4
58321,0
58322,0
58323,-4
58324,-4
58325,0
58326,0
58327,-4
58328,0
58329,0
58330,0
58331,-4
58332,0
58333,-4
58334,0
58335,-4
58336,0
58337,-4
58338,-4
58339,0
58340,-4
58341,0
58342,6
58343,-4
58344,0
58345,10
58346,0
58347,0
58348,-6
58349,-4
58350,0
58351,6
58352,0
58353,2
58354,12
58355,-4
58356,0
58357,18
58358,-2
58359,0
58360,0
58361,0
58362,0
58363,6
58364,4
58365,0
58366,2
58367,0
58368,-4
58369,0
58370,0
58371,2
58372,0
58373,2
58374,0
58375,0
58376,0
58377,0
58378,2
58379,0
58380,0
58381,0
58382,4
58383,2
58384,6
58385,2
58386,2
58387,0
58388,0
58389,0
58390,0
58391,0
58392,4
58393,0
58394,0
58395,0
58396,0
58397,4
58398,2
58399,-6
58400,0
58401,-4
58402,0
58403,6
58404,0
58405,6
58406,4
58407,0
58408,2
58409,0
58410,0
58411,4
58412,2
58413,-4
58414,0
58415,6
58416,0
58417,0
58418,-4
58419,-4
58420,-4
58421,0
58422,-4
58423,-4
58424,0
58425,0
58426,-6
58427,-16
58428,-4
58429,-4
58430,-4
58431,2
58432,-4
58433,-4
58434,-10
58435,0
58436,-4
58437,-4
58438,4
58439,-4
58440,-4
58441,0
58442,-4
58443,0
58444,0
58445,-6
58446,0
58447,0
58448,-4
58449,-4
58450,0
58451,-4
58452,20
58453,0
58454,4
58455,0
58456,2
58457,6
58458,0
58459,-4
58460,-6
58461,-4
58462,0
58463,0
58464,0
58465,0
58466,-4
58467,0
58468,-4
58469,0
58470,2
58471,0
58472,0
58473,2
58474,0
58475,0
58476,2
58477,0
58478,6
58479,4
58480,2
58481,0
58482,0
58483,0
58484,2
58485,4
58486,2
58487,2
58488,0
58489,4
58490,0
58491,0
58492,0
58493,0
58494,2
58495,2
58496,0
58497,0
58498,0
58499,6
58500,0
58501,-8
58502,0
58503,-4
58504,-22
58505,0
58506,0
58507,0
58508,-4
58509,0
58510,-16
58511,0
58512,-4
58513,0
58514,0
58515,0
58516,-12
58517,-4
58518,-4
58519,-4
58520,-4
58521,0
58522,0
58523,-4
58524,0
58525,0
58526,-4
58527,-4
58528,6
58529,-4
58530,-4
58531,0
58532,-4
58533,0
58534,-12
58535,-4
58536,-4
58537,0
58538,-4
58539,16
58540,0
58541,-4
58542,0
58543,0
58544,6
58545,-4
58546,-4
58547,-4
58548,-4
58549,-4
58550,-14
58551,0
58552,0
58553,0
58554,0
58555,0
58556,0
58557,0
58558,-4
58559,-4
58560,0
58561,2
58562,0
58563,0
58564,0
58565,0
58566,0
58567,0
58568,10
58569,0
58570,0
58571,4
58572,0
58573,4
58574,4
58575,2
58576,0
58577,0
58578,0
58579,4
58580,4
58581,-8
58582,0
58583,0
58584,6
58585,0
58586,-10
58587,-6
58588,0
58589,4
58590,2
58591,4
58592,0
58593,-4
58594,-2
58595,4
58596,6
58597,6
58598,6
58599,2
58600,12
58601,0
58602,0
58603,-4
58604,0
58605,-4
58606,0
58607,0
58608,12
58609,-8
58610,0
58611,0
58612,0
58613,0
58614,0
58615,0
58616,-6
58617,0
58618,0
58619,0
58620,0
58621,0
58622,-4
58623,-4
58624,-4
58625,0
58626,-4
58627,-4
58628,-4
58629,-4
58630,6
58631,2
58632,-4
58633,-4
58634,-4
58635,-6
58636,0
58637,0
58638,-4
58639,-4
58640,-4
58641,0
58642,-6
58643,-4
58644,-4
58645,-4
58646,0
58647,0
58648,0
58649,-4
58650,0
58651,0
58652,-4
58653,-4
58654,0
58655,0
58656,4
58657,0
58658,-4
58659,0
58660,0
58661,0
58662,0
58663,-4
58664,0
58665,0
58666,0
58667,-4
58668,0
58669,0
58670,6
58671,6
58672,4
58673,0
58674,0
58675,0
58676,4
58677,6
58678,0
58679,4
58680,-4
58681,0
58682,0
58683,2
58684,0
58685,0
58686,0
58687,0
58688,0
58689,0
58690,0
58691,2
58692,6
58693,6
58694,2
58695,4
58696,4
58697,0
58698,6
58699,0
58700,-4
58701,0
58702,0
58703,-4
58704,0
58705,0
58706,2
58707,-4
58708,0
58709,0
58710,0
58711,0
58712,0
58713,-4
58714,-4
58715,-4
58716,-4
58717,2
58718,-4
58719,-4
58720,0
58721,-6
58722,0
58723,-4
58724,-4
58725,-6
58726,-4
58727,0
58728,-4
58729,0
58730,-4
58731,0
58732,2
58733,-4
58734,-4
58735,-4
58736,-4
58737,0
58738,-4
58739,-6
58740,-4
58741,0
58742,-4
58743,-4
58744,-4
58745,0
58746,-4
58747,-4
58748,-4
58749,0
58750,0
58751,-4
58752,-4
58753,-14
58754,0
58755,10
58756,0
58757,0
58758,0
58759,0
58760,0
58761,0
58762,-4
58763,0
58764,4
58765,2
58766,0
58767,0
58768,-4
58769,0
58770,2
58771,2
58772,0
58773,0
58774,4
58775,6
58776,0
58777,2
58778,0
58779,2
58780,0
58781,2
58782,0
58783,0
58784,-16
58785,0
58786,4
58787,-4
58788,0
58789,0
58790,0
58791,2
58792,6
58793,4
58794,14
58795,2
58796,0
58797,-4
58798,0
58799,0
58800,4
58801,0
58802,0
58803,0
58804,-4
58805,0
58806,0
58807,0
58808,-4
58809,0
58810,-8
58811,0
58812,0
58813,0
58814,0
58815,0
58816,0
58817,-10
58818,-4
58819,-4
58820,-4
58821,0
58822,0
58823,-4
58824,0
58825,-4
58826,0
58827,-4
58828,-4
58829,-4
58830,0
58831,-4
58832,-4
58833,-4
58834,0
58835,-4
58836,2
58837,-4
58838,-4
58839,-4
58840,0
58841,-4
58842,0
58843,-14
58844,0
58845,-4
58846,-16
58847,6
58848,0
58849,-4
58850,0
58851,-4
58852,-4
58853,0
58854,-4
58855,0
58856,0
58857,0
58858,0
58859,0
58860,-4
58861,0
58862,0
58863,-4
58864,10
58865,6
58866,6
58867,0
58868,0
58869,0
58870,0
58871,2
58872,4
58873,0
58874,0
58875,0
58876,0
58877,6
58878,2
58879,6
58880,0
58881,-4
58882,0
58883,4
58884,0
58885,4
58886,-8
58887,0
58888,0
58889,0
58890,6
58891,0
58892,0
58893,10
58894,2
58895,2
58896,-6
58897,4
58898,4
58899,6
58900,0
58901,2
58902,-4
58903,0
58904,0
58905,6
58906,-4
58907,0
58908,0
58909,20
58910,2
58911,4
58912,10
58913,-4
58914,0
58915,0
58916,0
58917,-2
58918,-4
58919,0
58920,2
58921,0
58922,0
58923,0
58924,0
58925,0
58926,0
58927,-4
58928,-4
58929,-4
58930,0
58931,-4
58932,-4
58933,-4
58934,-4
58935,0
58936,-6
58937,-4
58938,-6
58939,-4
58940,-4
58941,-4
58942,6
58943,0
58944,0
58945,-8
58946,0
58947,-4
58948,-4
58949,0
58950,-4
58951,-8
58952,-4
58953,-4
58954,0
58955,0
58956,0
58957,-4
58958,0
58959,0
58960,0
58961,0
58962,0
58963,0
58964,0
58965,0
58966,-4
58967,0
58968,0
58969,0
58970,0
58971,0
58972,0
58973,0
58974,2
58975,0
58976,0
58977,-4
58978,-4
58979,4
58980,-4
58981,0
58982,4
58983,2
58984,2
58985,6
58986,0
58987,0
58988,4
58989,-4
58990,0
58991,6
58992,0
58993,0
58994,6
58995,4
58996,0
58997,4
58998,0
58999,0
59000,0
59001,6
59002,0
59003,4
59004,0
59005,0
59006,0
59007,0
59008,0
59009,0
59010,-4
59011,6
59012,0
59013,-4
59014,0
59015,-4
59016,0
59017,0
59018,0
59019,0
59020,-4
59021,0
59022,0
59023,0
59024,-4
59025,-4
59026,-4
59027,-6
59028,0
59029,0
59030,0
59031,0
59032,6
59033,0
59034,-4
59035,-4
59036,0
59037,-4
59038,-4
59039,-4
59040,-4
59041,0
59042,-4
59043,-4
59044,-4
59045,0
59046,0
59047,-4
59048,0
59049,-4
59050,-4
59051,0
59052,2
59053,-4
59054,-4
59055,-4
59056,0
59057,0
59058,0
59059,0
59060,0
59061,0
59062,0
59063,0
59064,0
59065,2
59066,-4
59067,0
59068,6
59069,0
59070,0
59071,0
59072,0
59073,4
59074,2
59075,0
59076,-4
59077,0
59078,0
59079,-8
59080,4
59081,0
59082,6
59083,4
59084,6
59085,0
59086,2
59087,0
59088,0
59089,0
59090,0
59091,0
59092,0
59093,-14
59094,2
59095,2
59096,6
59097,2
59098,0
59099,0
59100,-4
59101,0
59102,-4
59103,0
59104,-4
59105,0
59106,0
59107,6
59108,0
59109,0
59110,0
59111,-4
59112,0
59113,0
59114,0
59115,10
59116,0
59117,0
59118,0
59119,0
59120,-4
59121,-4
59122,-4
59123,0
59124,-14
59125,-4
59126,-4
59127,-4
59128,-4
59129,-4
59130,0
59131,-6
59132,0
59133,4
59134,-4
59135,-4
59136,-4
59137,-6
59138,0
59139,-4
59140,20
59141,0
59142,-4
59143,0
59144,0
59145,-4
59146,-4
59147,0
59148,20
59149,-4
59150,-4
59151,-4
59152,-4
59153,2
59154,-14
59155,0
59156,-2
59157,-4
59158,0
59159,-4
59160,0
59161,-14
59162,0
59163,0
59164,0
59165,6
59166,0
59167,0
59168,0
59169,-4
59170,-4
59171,0
59172,0
59173,0
59174,-6
59175,2
59176,10
59177,0
59178,0
59179,6
59180,2
59181,0
59182,4
59183,0
59184,2
59185,0
59186,-4
59187,6
59188,-10
59189,0
59190,2
59191,2
59192,-4
59193,2
59194,2
59195,6
59196,0
59197,2
59198,6
59199,0
59200,4
59201,0
59202,-4
59203,2
59204,4
59205,0
59206,0
59207,2
59208,0
59209,0
59210,0
59211,0
59212,0
59213,0
59214,-4
59215,0
59216,0
59217,-4
59218,-4
59219,0
59220,-4
59221,0
59222,0
59223,0
59224,-4
59225,0
59226,-38
59227,-4
59228,0
59229,-4
59230,-4
59231,-4
59232,0
59233,-4
59234,-4
59235,-4
59236,-4
59237,0
59238,0
59239,-6
59240,-4
59241,-4
59242,-4
59243,0
59244,10
59245,0
59246,0
59247,-20
59248,-4
59249,0
59250,0
59251,0
59252,0
59253,4
59254,-4
59255,-4
59256,0
59257,0
59258,-4
59259,-4
59260,0
59261,0
59262,0
59263,0
59264,0
59265,-16
59266,0
59267,0
59268,0
59269,0
59270,4
59271,0
59272,0
59273,0
59274,4
59275,0
59276,10
59277,0
59278,2
59279,0
59280,0
59281,2
59282,2
59283,4
59284,4
59285,0
59286,2
59287,0
59288,0
59289,6
59290,0
59291,14
59292,0
59293,0
59294,10
59295,2
59296,0
59297,-4
59298,2
59299,0
59300,6
59301,-4
59302,0
59303,-4
59304,6
59305,0
59306,2
59307,0
59308,0
59309,0
59310,0
59311,2
59312,0
59313,2
59314,-4
59315,0
59316,4
59317,-6
59318,0
59319,-4
59320,0
59321,-12
59322,-4
59323,2
59324,2
59325,0
59326,0
59327,-4
59328,-4
59329,0
59330,-6
59331,0
59332,0
59333,-4
59334,-6
59335,0
59336,-4
59337,-4
59338,0
59339,-4
59340,0
59341,-4
59342,0
59343,-6
59344,-4
59345,0
59346,18
59347,-4
59348,-4
59349,-14
59350,-4
59351,0
59352,-4
59353,2
59354,-6
59355,2
59356,-4
59357,-4
59358,0
59359,6
59360,0
59361,0
59362,4
59363,2
59364,0
59365,0
59366,0
59367,2
59368,0
59369,-4
59370,0
59371,2
59372,0
59373,0
59374,4
59375,4
59376,0
59377,0
59378,0
59379,2
59380,0
59381,0
59382,-6
59383,0
59384,2
59385,0
59386,0
59387,0
59388,0
59389,0
59390,-16
59391,4
59392,-6
59393,0
59394,4
59395,4
59396,0
59397,4
59398,4
59399,4
59400,-4
59401,0
59402,0
59403,0
59404,0
59405,2
59406,0
59407,0
59408,-4
59409,-10
59410,14
59411,2
59412,0
59413,-4
59414,-4
59415,-4
59416,-4
59417,-4
59418,-4
59419,0
59420,-4
59421,0
59422,0
59423,0
59424,0
59425,-4
59426,-4
59427,0
59428,0
59429,0
59430,-22
59431,0
59432,-4
59433,4
59434,-4
59435,-4
59436,-4
59437,0
59438,0
59439,-4
59440,-2
59441,-4
59442,-4
59443,-4
59444,0
59445,0
59446,-4
59447,-6
59448,-4
59449,0
59450,-4
59451,6
59452,2
59453,-4
59454,6
59455,0
59456,0
59457,-4
59458,0
59459,0
59460,2
59461,-4
59462,0
59463,-4
59464,0
59465,0
59466,0
59467,-2
59468,0
59469,0
59470,-4
59471,4
59472,0
59473,0
59474,-4
59475,0
59476,0
59477,0
59478,4
59479,0
59480,6
59481,0
59482,4
59483,2
59484,10
59485,6
59486,-4
59487,0
59488,2
59489,0
59490,2
59491,6
59492,0
59493,2
59494,6
59495,2
59496,2
59497,4
59498,0
59499,0
59500,6
59501,0
59502,0
59503,2
59504,-4
59505,0
59506,-14
59507,0
59508,0
59509,0
59510,0
59511,-4
59512,10
59513,0
59514,-4
59515,0
59516,4
59517,-4
59518,0
59519,0
59520,0
59521,-4
59522,-4
59523,-4
59524,0
59525,-4
59526,-4
59527,-6
59528,0
59529,0
59530,2
59531,0
59532,-4
59533,0
59534,0
59535,-4
59536,0
59537,0
59538,-4
59539,-4
59540,-2
59541,-4
59542,-4
59543,-10
59544,0
59545,-2
59546,-10
59547,0
59548,0
59549,-6
59550,-4
59551,0
59552,0
59553,0
59554,-4
59555,-14
59556,0
59557,0
59558,-4
59559,-4
59560,2
59561,0
59562,0
59563,-4
59564,-4
59565,0
59566,-6
59567,-4
59568,-4
59569,-4
59570,0
59571,0
59572,-8
59573,0
59574,0
59575,0
59576,0
59577,4
59578,2
59579,0
59580,0
59581,0
59582,0
59583,2
59584,4
59585,0
59586,4
59587,0
59588,2
59589,0
59590,4
59591,2
59592,0
59593,12
59594,0
59595,0
59596,-4
59597,-4
59598,0
59599,-8
59600,-4
59601,-2
59602,0
59603,6
59604,0
59605,0
59606,0
59607,2
59608,2
59609,0
59610,0
59611,2
59612,0
59613,0
59614,0
59615,-4
59616,-4
59617,0
59618,4
59619,2
59620,2
59621,0
59622,4
59623,0
59624,-4
59625,-2
59626,-4
59627,-6
59628,-4
59629,-4
59630,-4
59631,0
59632,-4
59633,-4
59634,0
59635,-6
59636,-4
59637,-4
59638,0
59639,-4
59640,0
59641,-4
59642,-4
59643,6
59644,-4
59645,-4
59646,10
59647,-4
59648,0
59649,0
59650,-4
59651,2
59652,-4
59653,2
59654,0
59655,6
59656,0
59657,0
59658,-4
59659,0
59660,2
59661,-4
59662,0
59663,0
59664,-4
59665,0
59666,0
59667,-4
59668,0
59669,0
59670,0
59671,2
59672,0
59673,2
59674,2
59675,0
59676,0
59677,2
59678,0
59679,0
59680,2
59681,16
59682,14
59683,-2
59684,0
59685,2
59686,0
59687,10
59688,6
59689,0
59690,-22
59691,0
59692,0
59693,2
59694,4
59695,0
59696,6
59697,4
59698,-4
59699,4
59700,14
59701,0
59702,0
59703,0
59704,10
59705,0
59706,10
59707,0
59708,0
59709,-4
59710,-6
59711,0
59712,0
59713,0
59714,0
59715,0
59716,0
59717,6
59718,0
59719,0
59720,0
59721,-4
59722,0
59723,-4
59724,0
59725,-4
59726,-4
59727,0
59728,0
59729,0
59730,-4
59731,0
59732,-8
59733,-4
59734,-4
59735,-4
59736,-4
59737,6
59738,-8
59739,-4
59740,0
59741,-4
59742,0
59743,-4
59744,-6
59745,-4
59746,-4
59747,-4
59748,-4
59749,0
59750,-4
59751,0
59752,-4
59753,-4
59754,0
59755,0
59756,0
59757,0
59758,0
59759,0
59760,0
59761,0
59762,-4
59763,0
59764,0
59765,-4
59766,-4
59767,0
59768,14
59769,-8
59770,0
59771,4
59772,-4
59773,0
59774,2
59775,0
59776,0
59777,0
59778,4
59779,0
59780,4
59781,2
59782,0
59783,-2
59784,2
59785,0
59786,-4
59787,0
59788,0
59789,10
59790,2
59791,18
59792,2
59793,0
59794,0
59795,2
59796,-4
59797,-4
59798,2
59799,2
59800,18
59801,0
59802,0
59803,4
59804,-4
59805,0
59806,0
59807,0
59808,-2
59809,0
59810,0
59811,0
59812,4
59813,0
59814,0
59815,0
59816,-4
59817,0
59818,-4
59819,0
59820,6
59821,0
59822,-4
59823,-4
59824,-4
59825,0
59826,-4
59827,-4
59828,-4
59829,-4
59830,4
59831,0
59832,-4
59833,10
59834,0
59835,-4
59836,6
59837,-4
59838,-4
59839,-18
59840,0
59841,0
59842,-4
59843,12
59844,0
59845,0
59846,-4
59847,-2
59848,-4
59849,-22
59850,-4
59851,0
59852,-4
59853,-4
59854,0
59855,-4
59856,0
59857,-4
59858,-4
59859,-4
59860,0
59861,2
59862,0
59863,0
59864,0
59865,0
59866,0
59867,0
59868,0
59869,4
59870,0
59871,2
59872,6
59873,0
59874,0
59875,0
59876,4
59877,4
59878,0
59879,0
59880,4
59881,2
59882,0
59883,0
59884,-6
59885,2
59886,0
59887,2
59888,2
59889,0
59890,0
59891,2
59892,0
59893,0
59894,0
59895,4
59896,2
59897,2
59898,-2
59899,-4
59900,0
59901,-4
59902,10
59903,0
59904,0
59905,-4
59906,0
59907,0
59908,2
59909,0
59910,2
59911,0
59912,2
59913,-2
59914,0
59915,0
59916,0
59917,0
59918,-12
59919,-4
59920,0
59921,-4
59922,0
59923,-4
59924,-4
59925,-4
59926,0
59927,-4
59928,-4
59929,-2
59930,-4
59931,-4
59932,-4
59933,0
59934,0
59935,0
59936,-4
59937,-4
59938,-4
59939,-4
59940,6
59941,-4
59942,0
59943,-4
59944,6
59945,-4
59946,0
59947,4
59948,-4
59949,-4
59950,4
59951,0
59952,0
59953,-4
59954,-4
59955,-4
59956,-24
59957,2
59958,0
59959,0
59960,0
59961,0
59962,0
59963,0
59964,-4
59965,0
59966,0
59967,2
59968,-4
59969,0
59970,6
59971,0
59972,0
59973,0
59974,2
59975,2
59976,0
59977,4
59978,4
59979,0
59980,-4
59981,4
59982,2
59983,0
59984,4
59985,-6
59986,0
59987,2
59988,2
59989,0
59990,-2
59991,0
59992,4
59993,4
59994,16
59995,0
59996,0
59997,-4
59998,0
59999,0
60000,6
60001,10
60002,0
60003,-4
60004,-12
60005,-4
60006,-4
60007,0
60008,0
60009,-14
60010,6
60011,-4
60012,-4
60013,4
60014,2
60015,0
60016,-4
60017,0
60018,0
60019,-4
60020,0
60021,0
60022,0
60023,-4
60024,0
60025,0
60026,4
60027,-4
60028,-4
60029,-4
60030,-4
60031,0
60032,-4
60033,-4
60034,-4
60035,-4
60036,-4
60037,4
60038,-22
60039,4
60040,-4
60041,-20
60042,0
60043,-4
60044,0
60045,-4
60046,0
60047,-4
60048,-4
60049,0
60050,0
60051,0
60052,0
60053,-22
60054,-4
60055,-4
60056,-4
60057,10
60058,0
60059,0
60060,0
60061,2
60062,-14
60063,0
60064,0
60065,0
60066,0
60067,0
60068,0
60069,0
60070,0
60071,0
60072,2
60073,0
60074,0
60075,0
60076,12
60077,0
60078,10
60079,2
60080,0
60081,0
60082,4
60083,2
60084,4
60085,0
60086,0
60087,2
60088,0
60089,-12
60090,2
60091,0
60092,2
60093,-16
60094,0
60095,2
60096,-14
60097,0
60098,6
60099,12
60100,0
60101,0
60102,0
60103,4
60104,0
60105,0
60106,0
60107,-6
60108,0
60109,0
60110,-4
60111,0
60112,0
60113,0
60114,-4
60115,0
60116,0
60117,-16
60118,-4
60119,0
60120,0
60121,-4
60122,0
60123,-4
60124,-4
60125,4
60126,6
60127,-6
60128,-6
60129,2
60130,0
60131,0
60132,4
60133,0
60134,0
60135,0
60136,-4
60137,0
60138,-4
60139,0
60140,0
60141,-4
60142,-4
60143,-4
60144,-4
60145,-4
60146,0
60147,-2
60148,-4
60149,0
60150,0
60151,-6
60152,-4
60153,0
60154,0
60155,0
60156,0
60157,0
60158,-14
60159,0
60160,-4
60161,0
60162,-4
60163,2
60164,0
60165,0
60166,-4
60167,0
60168,6
60169,0
60170,0
60171,2
60172,4
60173,0
60174,0
60175,6
60176,0
60177,0
60178,2
60179,-4
60180,0
60181,6
60182,0
60183,6
60184,6
60185,2
60186,0
60187,0
60188,2
60189,0
60190,18
60191,2
60192,0
60193,2
60194,0
60195,-4
60196,6
60197,-4
60198,14
60199,2
60200,0
60201,0
60202,0
60203,2
60204,4
60205,0
60206,0
60207,-4
60208,10
60209,4
60210,0
60211,-4
60212,-4
60213,0
60214,0
60215,0
60216,0
60217,0
60218,-4
60219,0
60220,0
60221,-4
60222,0
60223,-4
60224,0
60225,18
60226,-2
60227,-4
60228,0
60229,-4
60230,-4
60231,-4
60232,-4
60233,0
60234,0
60235,-4
60236,0
60237,-4
60238,-2
60239,0
60240,-4
60241,-2
60242,-4
60243,-4
60244,24
60245,0
60246,-4
60247,-22
60248,-4
60249,-4
60250,-4
60251,-4
60252,6
60253,-4
60254,2
60255,-2
60256,-4
60257,-4
60258,0
60259,0
60260,0
60261,0
60262,0
60263,0
60264,-4
60265,0
60266,0
60267,0
60268,2
60269,-4
60270,0
60271,0
60272,0
60273,0
60274,-2
60275,0
60276,0
60277,0
60278,-4
60279,0
60280,10
60281,0
60282,0
60283,2
60284,0
60285,-6
60286,0
60287,0
60288,0
60289,0
60290,0
60291,4
60292,0
60293,0
60294,-6
60295,6
60296,6
60297,2
60298,4
60299,0
60300,-12
60301,0
60302,2
60303,0
60304,-16
60305,0
60306,12
60307,0
60308,2
60309,14
60310,0
60311,-14
60312,0
60313,0
60314,2
60315,0
60316,0
60317,0
60318,0
60319,0
60320,0
60321,-4
60322,-4
60323,-4
60324,0
60325,-4
60326,0
60327,2
60328,-4
60329,0
60330,6
60331,-4
60332,0
60333,-4
60334,-4
60335,-4
60336,0
60337,-4
60338,-4
60339,-4
60340,-4
60341,0
60342,-4
60343,0
60344,0
60345,0
60346,-4
60347,-4
60348,0
60349,-4
60350,-4
60351,-4
60352,-4
60353,0
60354,2
60355,0
60356,0
60357,-4
60358,0
60359,0
60360,0
60361,0
60362,0
60363,0
60364,0
60365,-4
60366,-4
60367,-4
60368,0
60369,-4
60370,0
60371,2
60372,0
60373,0
60374,0
60375,2
60376,0
60377,-4
60378,0
60379,0
60380,-4
60381,6
60382,0
60383,0
60384,0
60385,0
60386,4
60387,0
60388,0
60389,2
60390,0
60391,0
60392,0
60393,0
60394,0
60395,4
60396,0
60397,0
60398,-4
60399,20
60400,4
60401,0
60402,-4
60403,0
60404,0
60405,0
60406,4
60407,6
60408,0
60409,-4
60410,0
60411,0
60412,0
60413,10
60414,-4
60415,0
60416,-4
60417,0
60418,0
60419,2
60420,-2
60421,-4
60422,-4
60423,-4
60424,0
60425,-6
60426,-4
60427,0
60428,0
60429,-4
60430,-4
60431,-4
60432,2
60433,2
60434,0
60435,0
60436,-12
60437,0
60438,0
60439,-4
60440,-6
60441,-4
60442,0
60443,-4
60444,0
60445,-4
60446,-20
60447,-4
60448,-4
60449,-4
60450,0
60451,2
60452,0
60453,0
60454,4
60455,0
60456,-4
60457,0
60458,0
60459,4
60460,0
60461,0
60462,4
60463,-4
60464,0
60465,-4
60466,-4
60467,4
60468,0
60469,2
60470,0
60471,0
60472,2
60473,2
60474,0
60475,2
60476,0
60477,0
60478,0
60479,0
60480,2
60481,0
60482,-4
60483,-4
60484,0
60485,0
60486,6
60487,0
60488,0
60489,0
60490,0
60491,2
60492,0
60493,0
60494,4
60495,0
60496,4
60497,20
60498,0
60499,-4
60500,6
60501,0
60502,0
60503,0
60504,-6
60505,0
60506,-4
60507,0
60508,-14
60509,4
60510,0
60511,0
60512,6
60513,0
60514,10
60515,-4
60516,0
60517,-4
60518,-4
60519,0
60520,4
60521,0
60522,0
60523,0
60524,-4
60525,-4
60526,0
60527,0
60528,0
60529,0
60530,-4
60531,0
60532,-24
60533,-4
60534,0
60535,0
60536,-4
60537,-2
60538,-4
60539,0
60540,-4
60541,6
60542,-4
60543,-4
60544,-4
60545,-4
60546,-6
60547,-4
60548,-4
60549,-14
60550,-4
60551,0
60552,6
60553,-4
60554,2
60555,-2
60556,0
60557,10
60558,0
60559,0
60560,-2
60561,0
60562,0
60563,0
60564,0
60565,0
60566,0
60567,2
60568,0
60569,0
60570,0
60571,0
60572,0
60573,2
60574,2
60575,6
60576,0
60577,0
60578,0
60579,2
60580,2
60581,10
60582,0
60583,6
60584,0
60585,4
60586,4
60587,4
60588,-14
60589,-4
60590,0
60591,4
60592,0
60593,-12
60594,4
60595,4
60596,-12
60597,0
60598,6
60599,-4
60600,4
60601,6
60602,0
60603,-14
60604,-4
60605,2
60606,0
60607,2
60608,0
60609,0
60610,6
60611,10
60612,0
60613,-4
60614,0
60615,10
60616,2
60617,6
60618,0
60619,2
60620,-8
60621,-4
60622,-4
60623,0
60624,0
60625,-4
60626,0
60627,-4
60628,-2
60629,-4
60630,0
60631,-4
60632,0
60633,-4
60634,-4
60635,-4
60636,-6
60637,0
60638,0
60639,-4
60640,-4
60641,-4
60642,-6
60643,-4
60644,-4
60645,-10
60646,0
60647,-4
60648,-4
60649,-2
60650,0
60651,-4
60652,0
60653,2
60654,-4
60655,0
60656,-4
60657,2
60658,0
60659,2
60660,0
60661,-4
60662,2
60663,0
60664,0
60665,2
60666,0
60667,0
60668,0
60669,-4
60670,0
60671,0
60672,0
60673,0
60674,0
60675,4
60676,2
60677,4
60678,-4
60679,6
60680,0
60681,0
60682,0
60683,0
60684,4
60685,0
60686,2
60687,4
60688,2
60689,2
60690,0
60691,0
60692,0
60693,2
60694,4
60695,2
60696,0
60697,-4
60698,2
60699,0
60700,4
60701,-14
60702,0
60703,2
60704,-6
60705,2
60706,0
60707,0
60708,6
60709,2
60710,0
60711,0
60712,4
60713,0
60714,6
60715,0
60716,-2
60717,0
60718,-4
60719,0
60720,2
60721,-4
60722,-2
60723,0
60724,0
60725,-4
60726,-4
60727,-6
60728,0
60729,-4
60730,4
60731,-4
60732,-4
60733,-4
60734,-4
60735,-4
60736,-4
60737,-4
60738,-4
60739,0
60740,0
60741,-4
60742,-4
60743,-4
60744,-4
60745,0
60746,0
60747,-28
60748,0
60749,-4
60750,0
60751,-4
60752,0
60753,-4
60754,0
60755,0
60756,0
60757,0
60758,0
60759,2
60760,2
60761,-6
60762,0
60763,0
60764,0
60765,0
60766,0
60767,-4
60768,2
60769,-4
60770,0
60771,0
60772,2
60773,4
60774,0
60775,2
60776,0
60777,0
60778,-4
60779,2
60780,20
60781,4
60782,4
60783,0
60784,4
60785,0
60786,14
60787,6
60788,2
60789,2
60790,2
60791,6
60792,6
60793,-8
60794,0
60795,0
60796,4
60797,-4
60798,0
60799,-4
60800,0
60801,2
60802,-4
60803,6
60804,-4
60805,0
60806,16
60807,0
60808,0
60809,-4
60810,0
60811,0
60812,-4
60813,0
60814,-10
60815,0
60816,0
60817,-4
60818,0
60819,0
60820,0
60821,0
60822,-4
60823,-4
60824,0
60825,0
60826,-4
60827,0
60828,-4
60829,-4
60830,0
60831,0
60832,0
60833,0
60834,-4
60835,-4
60836,-4
60837,-4
60838,-8
60839,2
60840,-4
60841,-4
60842,0
60843,-2
60844,-4
60845,0
60846,-4
60847,0
60848,-8
60849,-6
60850,-4
60851,0
60852,0
60853,0
60854,-4
60855,-6
60856,0
60857,18
60858,0
60859,0
60860,0
60861,0
60862,0
60863,-4
60864,0
60865,0
60866,0
60867,0
60868,4
60869,-12
60870,6
60871,0
60872,2
60873,0
60874,0
60875,0
60876,0
60877,0
60878,0
60879,0
60880,0
60881,0
60882,6
60883,-8
60884,6
60885,0
60886,2
60887,0
60888,-4
60889,14
60890,0
60891,6
60892,-8
60893,0
60894,4
60895,6
60896,0
60897,4
60898,6
60899,0
60900,2
60901,6
60902,-4
60903,0
60904,0
60905,14
60906,0
60907,10
60908,0
60909,0
60910,0
60911,0
60912,0
60913,0
60914,0
60915,-4
60916,6
60917,-10
60918,4
60919,0
60920,0
60921,6
60922,0
60923,-4
60924,-4
60925,0
60926,0
60927,0
60928,-4
60929,0
60930,0
60931,-6
60932,-4
60933,0
60934,-4
60935,-4
60936,0
60937,0
60938,0
60939,-4
60940,-4
60941,0
60942,-4
60943,-4
60944,0
60945,-2
60946,-4
60947,-4
60948,0
60949,-4
60950,4
60951,0
60952,-4
60953,-8
60954,-4
60955,-4
60956,-14
60957,0
60958,0
60959,-4
60960,0
60961,0
60962,2
60963,0
60964,6
60965,0
60966,4
60967,0
60968,0
60969,0
60970,0
60971,0
60972,4
60973,-4
60974,2
60975,0
60976,0
60977,0
60978,0
60979,0
60980,0
60981,2
60982,4
60983,4
60984,2
60985,0
60986,-4
60987,0
60988,2
60989,2
60990,2
60991,-4
60992,4
60993,0
60994,-4
60995,6
60996,4
60997,-8
60998,0
60999,0
61000,-6
61001,0
61002,-4
61003,-4
61004,-14
61005,0
61006,2
61007,2
61008,-14
61009,0
61010,0
61011,-4
61012,0
61013,-4
61014,0
61015,0
61016,4
61017,0
61018,0
61019,0
61020,-4
61021,10
61022,-4
61023,0
61024,-2
61025,0
61026,0
61027,0
61028,-4
61029,-4
61030,-4
61031,-4
61032,0
61033,-4
61034,0
61035,10
61036,-4
61037,-4
61038,2
61039,-4
61040,-4
61041,0
61042,-4
61043,-6
61044,0
61045,-4
61046,0
61047,0
61048,0
61049,-4
61050,2
61051,0
61052,0
61053,-4
61054,0
61055,0
61056,-4
61057,-4
61058,-4
61059,0
61060,0
61061,0
61062,0
61063,2
61064,0
61065,0
61066,-4
61067,0
61068,6
61069,0
61070,-4
61071,2
61072,0
61073,4
61074,0
61075,4
61076,2
61077,0
61078,6
61079,0
61080,0
61081,-4
61082,2
61083,4
61084,6
61085,0
61086,0
61087,-4
61088,0
61089,2
61090,2
61091,-4
61092,4
61093,-8
61094,0
61095,0
61096,6
61097,0
61098,4
61099,18
61100,0
61101,0
61102,-6
61103,-10
61104,4
61105,0
61106,2
61107,0
61108,0
61109,14
61110,-4
61111,0
61112,0
61113,0
61114,-4
61115,-4
61116,0
61117,0
61118,0
61119,-8
61120,-4
61121,6
61122,0
61123,0
61124,-4
61125,-4
61126,0
61127,-4
61128,0
61129,-4
61130,-6
61131,0
61132,0
61133,-4
61134,-4
61135,0
61136,-18
61137,0
61138,6
61139,0
61140,-4
61141,0
61142,-4
61143,-4
61144,-4
61145,-10
61146,-4
61147,-4
61148,6
61149,-4
61150,-4
61151,-4
61152,6
61153,0
61154,-4
61155,-6
61156,0
61157,-4
61158,0
61159,0
61160,4
61161,-4
61162,0
61163,0
61164,4
61165,0
61166,2
61167,-4
61168,0
61169,0
61170,0
61171,-4
61172,2
61173,0
61174,0
61175,0
61176,2
61177,0
61178,0
61179,-10
61180,0
61181,0
61182,-14
61183,0
61184,0
61185,0
61186,2
61187,-10
61188,0
61189,2
61190,0
61191,0
61192,10
61193,0
61194,0
61195,-10
61196,2
61197,6
61198,0
61199,0
61200,4
61201,0
61202,-4
61203,-4
61204,-14
61205,0
61206,4
61207,0
61208,0
61209,2
61210,0
61211,-4
61212,0
61213,0
61214,0
61215,0
61216,0
61217,-4
61218,0
61219,0
61220,6
61221,20
61222,-4
61223,0
61224,0
61225,0
61226,0
61227,0
61228,0
61229,0
61230,-4
61231,-4
61232,-2
61233,-4
61234,0
61235,-4
61236,-4
61237,-4
61238,-4
61239,-4
61240,-4
61241,-4
61242,-4
61243,-4
61244,-2
61245,-16
61246,-4
61247,-4
61248,-6
61249,-4
61250,0
61251,-4
61252,0
61253,0
61254,-4
61255,0
61256,0
61257,0
61258,0
61259,0
61260,4
61261,-4
61262,-4
61263,0
61264,2
61265,0
61266,0
61267,0
61268,0
61269,0
61270,-4
61271,0
61272,0
61273,4
61274,0
61275,0
61276,6
61277,20
61278,0
61279,0
61280,0
61281,0
61282,-6
61283,0
61284,-6
61285,4
61286,4
61287,0
61288,0
61289,2
61290,0
61291,-10
61292,0
61293,-14
61294,0
61295,0
61296,6
61297,-4
61298,-4
61299,4
61300,10
61301,0
61302,0
61303,0
61304,-4
61305,4
61306,0
61307,0
61308,0
61309,0
61310,-4
61311,0
61312,0
61313,-4
61314,-4
61315,0
61316,0
61317,0
61318,0
61319,-12
61320,0
61321,0
61322,0
61323,-4
61324,-4
61325,0
61326,0
61327,-4
61328,0
61329,-4
61330,-4
61331,-4
61332,0
61333,-6
61334,0
61335,0
61336,0
61337,-4
61338,-6
61339,0
61340,-4
61341,0
61342,-18
61343,-4
61344,4
61345,0
61346,-4
61347,6
61348,-4
61349,-4
61350,6
61351,4
61352,-4
61353,0
61354,0
61355,0
61356,2
61357,-4
61358,0
61359,0
61360,0
61361,0
61362,0
61363,0
61364,0
61365,6
61366,0
61367,0
61368,6
61369,0
61370,0
61371,0
61372,2
61373,0
61374,-4
61375,0
61376,2
61377,0
61378,-4
61379,2
61380,0
61381,0
61382,0
61383,4
61384,2
61385,0
61386,0
61387,2
61388,0
61389,0
61390,0
61391,0
61392,0
61393,0
61394,6
61395,-14
61396,4
61397,2
61398,0
61399,2
61400,0
61401,0
61402,-12
61403,-4
61404,4
61405,-4
61406,-4
61407,0
61408,-4
61409,6
61410,2
61411,0
61412,0
61413,6
61414,0
61415,0
61416,6
61417,0
61418,-4
61419,0
61420,0
61421,-4
61422,-4
61423,0
61424,-4
61425,-4
61426,-4
61427,0
61428,-4
61429,0
61430,-4
61431,-4
61432,0
61433,0
61434,-4
61435,-4
61436,-4
61437,0
61438,-4
61439,0
61440,-4
61441,-8
61442,0
61443,-16
61444,-4
61445,-2
61446,-4
61447,0
61448,-4
61449,-4
61450,0
61451,0
61452,-4
61453,0
61454,0
61455,-18
61456,-4
61457,-4
61458,0
61459,0
61460,-4
61461,0
61462,18
61463,-4
61464,0
61465,0
61466,0
61467,2
61468,0
61469,0
61470,-4
61471,0
61472,2
61473,4
61474,2
61475,0
61476,6
61477,0
61478,0
61479,4
61480,0
61481,2
61482,0
61483,-8
61484,10
61485,0
61486,0
61487,18
61488,4
61489,0
61490,0
61491,2
61492,4
61493,0
61494,-4
61495,0
61496,0
61497,2
61498,0
61499,0
61500,0
61501,0
61502,-4
61503,6
61504,0
61505,0
61506,0
61507,0
61508,0
61509,0
61510,20
61511,0
61512,-4
61513,0
61514,0
61515,0
61516,6
61517,-4
61518,-4
61519,0
61520,0
61521,0
61522,-4
61523,0
61524,0
61525,0
61526,-4
61527,0
61528,-4
61529,-6
61530,-2
61531,-4
61532,-6
61533,-4
61534,0
61535,0
61536,-4
61537,-12
61538,2
61539,-4
61540,-4
61541,-6
61542,-4
61543,-4
61544,-4
61545,4
61546,-4
61547,-4
61548,0
61549,0
61550,-4
61551,-10
61552,0
61553,-4
61554,0
61555,0
61556,0
61557,-4
61558,0
61559,0
61560,0
61561,0
61562,4
61563,0
61564,0
61565,0
61566,18
61567,-4
61568,0
61569,0
61570,0
61571,0
61572,0
61573,0
61574,0
61575,-4
61576,-6
61577,2
61578,0
61579,0
61580,0
61581,0
61582,2
61583,14
61584,0
61585,2
61586,4
61587,-14
61588,2
61589,0
61590,0
61591,4
61592,4
61593,0
61594,2
61595,-6
61596,6
61597,4
61598,0
61599,4
61600,0
61601,0
61602,0
61603,0
61604,0
61605,-6
61606,0
61607,0
61608,0
61609,0
61610,0
61611,-4
61612,0
61613,4
61614,-4
61615,2
61616,0
61617,0
61618,0
61619,0
61620,-4
61621,2
61622,0
61623,0
61624,-2
61625,-4
61626,-4
61627,-2
61628,-4
61629,-4
61630,-4
61631,-4
61632,-4
61633,-4
61634,0
61635,-22
61636,-120.720720720721
61637,-121
61638,-113.513513513514
61639,-58
61640,-20
61641,4
61642,24
61643,38
61644,52
61645,40
61646,30
61647,0
61648,-40
61649,-62
61650,-70
61651,-64
61652,-58
61653,-42
61654,-24
61655,-16
61656,-8
61657,2
61658,10
61659,10
61660,18
61661,20
61662,24
61663,24
61664,30
61665,28
61666,30
61667,32
61668,34
61669,46
61670,74
61671,66
61672,54
61673,46
61674,28
61675,14
61676,20
61677,18
61678,16
61679,10
61680,12
61681,10
61682,-4
61683,6
61684,4
61685,-4
61686,2
61687,6
61688,0
61689,14
61690,-4
61691,2
61692,-8
61693,4
61694,14
61695,0
61696,0
61697,14
61698,0
61699,4
61700,-4
61701,4
61702,0
61703,4
61704,-8
61705,0
61706,0
61707,0
61708,0
61709,0
61710,0
61711,-4
61712,-6
61713,-4
61714,0
61715,0
61716,-6
61717,12
61718,14
61719,2
61720,-4
61721,20
61722,0
61723,0
61724,0
61725,0
61726,0
61727,0
61728,2
61729,0
61730,0
61731,0
61732,10
61733,0
61734,4
61735,-8
61736,2
61737,0
61738,-4
61739,10
61740,0
61741,0
61742,0
61743,0
61744,0
61745,0
61746,0
61747,0
61748,2
61749,-4
61750,2
61751,-4
61752,6
61753,4
61754,2
61755,4
61756,0
61757,0
61758,0
61759,0
61760,0
61761,0
61762,-4
61763,2
61764,-4
61765,0
61766,-4
61767,0
61768,0
61769,-14
61770,0
61771,0
61772,14
61773,0
61774,2
61775,0
61776,2
61777,2
61778,0
61779,0
61780,10
61781,0
61782,-4
61783,0
61784,0
61785,0
61786,6
61787,2
61788,14
61789,0
61790,2
61791,6
61792,0
61793,-14
61794,2
61795,0
61796,-4
61797,0
61798,2
61799,12
61800,0
61801,0
61802,6
61803,0
61804,-4
61805,0
61806,6
61807,0
61808,0
61809,0
61810,0
61811,0
61812,0
61813,-4
61814,-6
61815,0
61816,0
61817,0
61818,0
61819,0
61820,2
61821,0
61822,0
61823,0
61824,0
61825,0
61826,20
61827,-4
61828,0
61829,0
61830,4
61831,0
61832,0
61833,-4
61834,-4
61835,-4
61836,0
61837,-2
61838,0
61839,-4
61840,0
61841,6
61842,-4
61843,24
61844,-4
61845,0
61846,-28
61847,-4
61848,0
61849,-6
61850,0
61851,-4
61852,4
61853,0
61854,0
61855,0
61856,12
61857,-4
61858,0
61859,-4
61860,2
61861,0
61862,-4
61863,0
61864,2
61865,0
61866,2
61867,0
61868,0
61869,0
61870,0
61871,0
61872,0
61873,18
61874,6
61875,4
61876,6
61877,2
61878,0
61879,6
61880,2
61881,10
61882,4
61883,0
61884,0
61885,0
61886,0
61887,6
61888,0
61889,0
61890,2
61891,2
61892,-4
61893,2
61894,0
61895,-14
61896,0
61897,0
61898,6
61899,0
61900,6
61901,6
61902,6
61903,0
61904,2
61905,0
61906,0
61907,0
61908,0
61909,-2
61910,-4
61911,0
61912,0
61913,0
61914,-4
61915,-4
61916,0
61917,-8
61918,0
61919,-4
61920,6
61921,6
61922,0
61923,-6
61924,0
61925,-4
61926,0
61927,-12
61928,-4
61929,0
61930,-4
61931,-2
61932,-8
61933,-4
61934,0
61935,4
61936,-4
61937,-4
61938,0
61939,-4
61940,0
61941,0
61942,-4
61943,6
61944,0
61945,0
61946,-4
61947,0
61948,-4
61949,-4
61950,-4
61951,4
61952,0
61953,0
61954,0
61955,-22
61956,-4
61957,0
61958,0
61959,0
61960,-6
61961,0
61962,0
61963,-6
61964,0
61965,0
61966,-4
61967,2
61968,-4
61969,0
61970,0
61971,-4
61972,2
61973,0
61974,0
61975,2
61976,0
61977,0
61978,0
61979,0
61980,0
61981,2
61982,10
61983,0
61984,2
61985,6
61986,-4
61987,0
61988,2
61989,0
61990,18
61991,0
61992,0
61993,2
61994,0
61995,0
61996,0
61997,0
61998,0
61999,-8
62000,2
62001,0
62002,-4
62003,-16
62004,-4
62005,4
62006,-4
62007,0
62008,0
62009,-4
62010,6
62011,0
62012,0
62013,0
62014,-4
62015,0
62016,0
62017,0
62018,0
62019,0
62020,-4
62021,-10
62022,0
62023,-6
62024,-4
62025,0
62026,0
62027,-10
62028,2
62029,0
62030,-4
62031,0
62032,0
62033,-4
62034,-4
62035,-4
62036,-4
62037,-4
62038,4
62039,-4
62040,0
62041,-4
62042,-4
62043,-4
62044,0
62045,-4
62046,0
62047,-4
62048,-28
62049,0
62050,-4
62051,-6
62052,-4
62053,-4
62054,-4
62055,0
62056,-4
62057,2
62058,0
62059,0
62060,-4
62061,0
62062,0
62063,0
62064,0
62065,0
62066,0
62067,0
62068,0
62069,0
62070,0
62071,0
62072,0
62073,10
62074,0
62075,0
62076,0
62077,0
62078,0
62079,4
62080,2
62081,0
62082,-10
62083,0
62084,0
62085,-16
62086,-4
62087,4
62088,18
62089,0
62090,0
62091,12
62092,0
62093,-4
62094,0
62095,6
62096,4
62097,4
62098,0
62099,4
62100,2
62101,-4
62102,0
62103,0
62104,0
62105,4
62106,16
62107,0
62108,-12
62109,0
62110,-4
62111,0
62112,0
62113,0
62114,0
62115,0
62116,-10
62117,0
62118,-4
62119,4
62120,0
62121,0
62122,0
62123,-4
62124,-4
62125,0
62126,0
62127,-2
62128,-4
62129,0
62130,0
62131,-10
62132,-4
62133,-6
62134,-4
62135,0
62136,-4
62137,-4
62138,-4
62139,0
62140,0
62141,0
62142,0
62143,0
62144,-4
62145,-4
62146,10
62147,-4
62148,0
62149,0
62150,-4
62151,-4
62152,-4
62153,0
62154,0
62155,0
62156,-4
62157,0
62158,0
62159,0
62160,-4
62161,0
62162,0
62163,0
62164,-4
62165,0
62166,0
62167,0
62168,6
62169,0
62170,0
62171,0
62172,2
62173,0
62174,0
62175,0
62176,6
62177,0
62178,4
62179,0
62180,-4
62181,2
62182,4
62183,2
62184,0
62185,0
62186,0
62187,-6
62188,2
62189,6
62190,0
62191,0
62192,4
62193,0
62194,20
62195,2
62196,0
62197,-12
62198,0
62199,-4
62200,2
62201,0
62202,2
62203,0
62204,2
62205,0
62206,6
62207,2
62208,0
62209,-4
62210,0
62211,0
62212,-4
62213,0
62214,-4
62215,0
62216,0
62217,-4
62218,6
62219,-4
62220,0
62221,-4
62222,0
62223,-4
62224,0
62225,0
62226,0
62227,-2
62228,-4
62229,4
62230,-4
62231,-4
62232,0
62233,0
62234,14
62235,-4
62236,0
62237,-4
62238,-4
62239,0
62240,-4
62241,-28
62242,-4
62243,-4
62244,-4
62245,-4
62246,-6
62247,-4
62248,-6
62249,-4
62250,-6
62251,-4
62252,-4
62253,0
62254,-4
62255,-4
62256,-4
62257,10
62258,0
62259,0
62260,4
62261,0
62262,0
62263,-4
62264,0
62265,-4
62266,-4
62267,0
62268,0
62269,0
62270,0
62271,0
62272,0
62273,0
62274,2
62275,0
62276,0
62277,0
62278,2
62279,2
62280,4
62281,0
62282,0
62283,6
62284,0
62285,0
62286,0
62287,4
62288,-6
62289,4
62290,2
62291,0
62292,0
62293,4
62294,0
62295,-10
62296,0
62297,2
62298,-2
62299,2
62300,0
62301,0
62302,4
62303,0
62304,0
62305,-4
62306,0
62307,4
62308,0
62309,0
62310,0
62311,0
62312,2
62313,0
62314,0
62315,0
62316,0
62317,0
62318,0
62319,0
62320,-4
62321,0
62322,0
62323,-2
62324,-4
62325,0
62326,0
62327,-4
62328,-12
62329,0
62330,4
62331,-4
62332,0
62333,-4
62334,0
62335,0
62336,0
62337,-4
62338,-6
62339,0
62340,-4
62341,4
62342,0
62343,0
62344,0
62345,0
62346,-4
62347,-4
62348,0
62349,-4
62350,-4
62351,6
62352,-4
62353,0
62354,-4
62355,2
62356,0
62357,4
62358,0
62359,0
62360,0
62361,0
62362,2
62363,0
62364,2
62365,0
62366,-4
62367,-4
62368,6
62369,2
62370,4
62371,0
62372,0
62373,-6
62374,-16
62375,-32
62376,-42
62377,-34
62378,-28
62379,-10
62380,6
62381,4
62382,18
62383,14
62384,14
62385,20
62386,18
62387,10
62388,10
62389,4
62390,-4
62391,-10
62392,-8
62393,-6
62394,0
62395,-4
62396,0
62397,4
62398,2
62399,4
62400,6
62401,6
62402,6
62403,2
62404,-4
62405,0
62406,0
62407,6
62408,0
62409,0
62410,0
62411,-4
62412,0
62413,0
62414,0
62415,0
62416,4
62417,6
62418,0
62419,6
62420,6
62421,4
62422,0
62423,10
62424,4
62425,6
62426,0
62427,2
62428,4
62429,2
62430,2
62431,-6
62432,4
62433,20
62434,0
62435,-10
62436,0
62437,0
62438,-4
62439,-4
62440,0
62441,-4
62442,-16
62443,-4
62444,-20
62445,-4
62446,-6
62447,0
62448,-4
62449,-6
62450,-6
62451,-4
62452,-4
62453,0
62454,-4
62455,0
62456,0
62457,-6
62458,0
62459,-4
62460,-4
62461,-18
62462,-6
62463,-4
62464,-4
62465,0
62466,0
62467,0
62468,0
62469,0
62470,24
62471,0
62472,6
62473,0
62474,0
62475,0
62476,0
62477,4
62478,2
62479,2
62480,2
62481,0
62482,-4
62483,0
62484,0
62485,-4
62486,-4
62487,2
62488,4
62489,2
62490,0
62491,2
62492,0
62493,6
62494,2
62495,0
62496,18
62497,6
62498,0
62499,0
62500,0
62501,0
62502,6
62503,4
62504,2
62505,4
62506,10
62507,0
62508,-6
62509,0
62510,0
62511,10
62512,4
62513,6
62514,2
62515,0
62516,0
62517,0
62518,0
62519,0
62520,0
62521,2
62522,0
62523,-4
62524,0
62525,-4
62526,-4
62527,-6
62528,-4
62529,0
62530,-4
62531,-4
62532,-4
62533,0
62534,-4
62535,0
62536,-4
62537,0
62538,-6
62539,0
62540,-10
62541,0
62542,0
62543,-6
62544,-4
62545,0
62546,-4
62547,0
62548,-6
62549,-4
62550,0
62551,0
62552,-4
62553,-4
62554,-4
62555,20
62556,0
62557,0
62558,0
62559,0
62560,0
62561,0
62562,0
62563,0
62564,-4
62565,0
62566,4
62567,0
62568,0
62569,0
62570,0
62571,0
62572,0
62573,0
62574,2
62575,0
62576,-4
62577,-4
62578,0
62579,6
62580,2
62581,0
62582,0
62583,0
62584,-4
62585,0
62586,2
62587,-10
62588,6
62589,16
62590,0
62591,10
62592,0
62593,2
62594,4
62595,-14
62596,0
62597,4
62598,18
62599,0
62600,0
62601,0
62602,0
62603,0
62604,0
62605,6
62606,0
62607,-4
62608,2
62609,4
62610,0
62611,0
62612,-4
62613,0
62614,0
62615,6
62616,0
62617,0
62618,0
62619,0
62620,0
62621,0
62622,2
62623,0
62624,-4
62625,-4
62626,-4
62627,10
62628,0
62629,0
62630,-4
62631,0
62632,-4
62633,0
62634,0
62635,0
62636,0
62637,0
62638,-4
62639,0
62640,-4
62641,-4
62642,0
62643,0
62644,-4
62645,6
62646,0
62647,-4
62648,-10
62649,-4
62650,2
62651,-4
62652,0
62653,4
62654,-4
62655,0
62656,-4
62657,-4
62658,10
62659,-4
62660,-6
62661,10
62662,0
62663,0
62664,2
62665,4
62666,0
62667,2
62668,4
62669,2
62670,2
62671,6
62672,2
62673,6
62674,0
62675,0
62676,0
62677,0
62678,0
62679,0
62680,0
62681,0
62682,4
62683,-4
62684,2
62685,4
62686,2
62687,0
62688,-4
62689,4
62690,4
62691,2
62692,-10
62693,0
62694,6
62695,0
62696,4
62697,-6
62698,0
62699,6
62700,-10
62701,2
62702,0
62703,4
62704,2
62705,0
62706,0
62707,-12
62708,2
62709,-14
62710,0
62711,0
62712,0
62713,2
62714,0
62715,-4
62716,0
62717,0
62718,0
62719,0
62720,0
62721,0
62722,2
62723,-8
62724,0
62725,0
62726,0
62727,-4
62728,-4
62729,-4
62730,18
62731,-4
62732,0
62733,-4
62734,-4
62735,0
62736,-4
62737,-4
62738,-4
62739,-4
62740,-4
62741,-4
62742,-4
62743,-2
62744,-4
62745,-4
62746,-4
62747,0
62748,0
62749,-4
62750,-10
62751,6
62752,-4
62753,4
62754,0
62755,0
62756,0
62757,0
62758,-4
62759,-4
62760,6
62761,0
62762,0
62763,0
62764,-4
62765,0
62766,16
62767,0
62768,-4
62769,4
62770,2
62771,0
62772,2
62773,0
62774,2
62775,0
62776,0
62777,0
62778,0
62779,0
62780,2
62781,14
62782,2
62783,0
62784,0
62785,4
62786,0
62787,6
62788,0
62789,-6
62790,0
62791,2
62792,0
62793,-6
62794,2
62795,4
62796,12
62797,0
62798,6
62799,0
62800,6
62801,6
62802,0
62803,0
62804,-4
62805,-22
62806,-4
62807,-4
62808,6
62809,0
62810,0
62811,-14
62812,2
62813,0
62814,24
62815,0
62816,24
62817,-4
62818,0
62819,0
62820,14
62821,0
62822,0
62823,0
62824,-4
62825,0
62826,-4
62827,-4
62828,0
62829,-4
62830,0
62831,0
62832,-24
62833,-4
62834,-4
62835,0
62836,-6
62837,-6
62838,-4
62839,-8
62840,0
62841,-2
62842,-6
62843,0
62844,-4
62845,-4
62846,-4
62847,-4
62848,-4
62849,4
62850,0
62851,-4
62852,-4
62853,-4
62854,0
62855,0
62856,-4
62857,-4
62858,2
62859,0
62860,10
62861,-4
62862,0
62863,0
62864,-14
62865,4
62866,4
62867,2
62868,-4
62869,-4
62870,2
62871,0
62872,0
62873,0
62874,4
62875,4
62876,0
62877,0
62878,0
62879,6
62880,0
62881,4
62882,-4
62883,0
62884,0
62885,0
62886,2
62887,-8
62888,4
62889,2
62890,2
62891,2
62892,0
62893,0
62894,10
62895,0
62896,-4
62897,6
62898,6
62899,4
62900,0
62901,16
62902,2
62903,0
62904,0
62905,-4
62906,0
62907,0
62908,2
62909,6
62910,0
62911,0
62912,6
62913,2
62914,0
62915,0
62916,0
62917,-4
62918,2
62919,6
62920,-4
62921,-4
62922,0
62923,-4
62924,-6
62925,-4
62926,0
62927,-4
62928,-4
62929,-4
62930,-4
62931,0
62932,0
62933,-4
62934,0
62935,0
62936,0
62937,0
62938,-2
62939,-4
62940,0
62941,-4
62942,-4
62943,-20
62944,-4
62945,-16
62946,-4
62947,0
62948,24
62949,-6
62950,-6
62951,-4
62952,-4
62953,0
62954,-16
62955,-4
62956,0
62957,0
62958,0
62959,24
62960,0
62961,0
62962,0
62963,-4
62964,-4
62965,-14
62966,2
62967,0
62968,-2
62969,0
62970,-4
62971,0
62972,0
62973,0
62974,0
62975,0
62976,0
62977,0
62978,2
62979,2
62980,0
62981,0
62982,0
62983,0
62984,0
62985,10
62986,0
62987,0
62988,0
62989,0
62990,0
62991,0
62992,0
62993,0
62994,0
62995,0
62996,6
62997,0
62998,-4
62999,2
63000,0
63001,-4
63002,2
63003,0
63004,4
63005,0
63006,0
63007,2
63008,-4
63009,0
63010,-4
63011,0
63012,0
63013,0
63014,0
63015,6
63016,0
63017,0
63018,6
63019,0
63020,-4
63021,-14
63022,2
63023,-4
63024,-6
63025,-2
63026,-4
63027,0
63028,28
63029,-14
63030,-4
63031,0
63032,-4
63033,6
63034,-4
63035,2
63036,-4
63037,0
63038,-4
63039,-4
63040,-4
63041,2
63042,-4
63043,-4
63044,-6
63045,-4
63046,-4
63047,-18
63048,-4
63049,-4
63050,-14
63051,0
63052,-4
63053,6
63054,-4
63055,4
63056,-6
63057,-4
63058,-4
63059,0
63060,-4
63061,0
63062,0
63063,0
63064,-4
63065,2
63066,-4
63067,0
63068,0
63069,0
63070,0
63071,2
63072,0
63073,2
63074,-10
63075,0
63076,0
63077,6
63078,0
63079,2
63080,0
63081,2
63082,0
63083,2
63084,6
63085,4
63086,0
63087,2
63088,4
63089,0
63090,-4
63091,-10
63092,4
63093,0
63094,4
63095,0
63096,-4
63097,-4
63098,6
63099,2
63100,0
63101,10
63102,0
63103,0
63104,4
63105,6
63106,0
63107,4
63108,-4
63109,2
63110,0
63111,2
63112,0
63113,0
63114,-4
63115,-4
63116,0
63117,0
63118,-4
63119,2
63120,-4
63121,0
63122,0
63123,-4
63124,0
63125,-4
63126,0
63127,-4
63128,0
63129,-6
63130,-4
63131,-4
63132,-4
63133,-4
63134,4
63135,-4
63136,0
63137,0
63138,-6
63139,0
63140,-4
63141,-4
63142,-4
63143,-4
63144,-4
63145,-4
63146,0
63147,-6
63148,-4
63149,-4
63150,-4
63151,4
63152,-4
63153,-4
63154,-8
63155,4
63156,0
63157,2
63158,-4
63159,-4
63160,0
63161,0
63162,20
63163,4
63164,-4
63165,0
63166,0
63167,-4
63168,0
63169,2
63170,4
63171,-2
63172,0
63173,0
63174,0
63175,0
63176,0
63177,0
63178,0
63179,0
63180,2
63181,0
63182,0
63183,0
63184,2
63185,2
63186,2
63187,2
63188,2
63189,0
63190,0
63191,0
63192,20
63193,0
63194,-12
63195,0
63196,2
63197,4
63198,-6
63199,0
63200,6
63201,0
63202,6
63203,0
63204,2
63205,0
63206,0
63207,0
63208,0
63209,12
63210,2
63211,0
63212,-14
63213,18
63214,-4
63215,-4
63216,-18
63217,0
63218,0
63219,-4
63220,0
63221,0
63222,0
63223,0
63224,-6
63225,-4
63226,0
63227,-4
63228,-10
63229,44
63230,-4
63231,-4
63232,-4
63233,-4
63234,0
63235,2
63236,0
63237,-4
63238,0
63239,0
63240,-4
63241,-4
63242,-4
63243,-14
63244,0
63245,18
63246,-4
63247,-4
63248,-18
63249,-4
63250,0
63251,-20
63252,-4
63253,-4
63254,-8
63255,2
63256,0
63257,0
63258,-4
63259,0
63260,0
63261,0
63262,6
63263,6
63264,0
63265,-4
63266,2
63267,0
63268,0
63269,0
63270,0
63271,-4
63272,-4
63273,0
63274,0
63275,-4
63276,0
63277,0
63278,0
63279,0
63280,0
63281,0
63282,0
63283,2
63284,0
63285,0
63286,0
63287,2
63288,6
63289,6
63290,0
63291,4
63292,2
63293,6
63294,0
63295,-14
63296,0
63297,0
63298,-4
63299,0
63300,0
63301,6
63302,0
63303,0
63304,2
63305,6
63306,0
63307,0
63308,10
63309,0
63310,10
63311,0
63312,0
63313,0
63314,0
63315,18
63316,0
63317,0
63318,-14
63319,4
63320,0
63321,2
63322,0
63323,-4
63324,0
63325,0
63326,6
63327,2
63328,-4
63329,-4
63330,0
63331,-4
63332,0
63333,-4
63334,0
63335,0
63336,20
63337,-4
63338,-6
63339,-18
63340,-4
63341,-4
63342,0
63343,-4
63344,-4
63345,-4
63346,-2
63347,-4
63348,-2
63349,0
63350,-4
63351,0
63352,6
63353,-6
63354,-4
63355,-4
63356,0
63357,-4
63358,-18
63359,0
63360,0
63361,2
63362,0
63363,-4
63364,0
63365,-4
63366,-4
63367,0
63368,0
63369,0
63370,0
63371,10
63372,-4
63373,0
63374,0
63375,-4
63376,0
63377,2
63378,14
63379,0
63380,0
63381,-10
63382,6
63383,0
63384,4
63385,-6
63386,6
63387,0
63388,2
63389,2
63390,0
63391,0
63392,0
63393,2
63394,-14
63395,2
63396,6
63397,24
63398,0
63399,0
63400,-4
63401,2
63402,0
63403,-4
63404,4
63405,0
63406,0
63407,2
63408,0
63409,4
63410,0
63411,-18
63412,0
63413,0
63414,4
63415,-4
63416,0
63417,0
63418,0
63419,-4
63420,0
63421,4
63422,0
63423,-4
63424,0
63425,-4
63426,-6
63427,-4
63428,-4
63429,-4
63430,-4
63431,0
63432,0
63433,-4
63434,2
63435,-4
63436,-4
63437,-6
63438,-4
63439,-4
63440,0
63441,-2
63442,-2
63443,-18
63444,-4
63445,-4
63446,-4
63447,-6
63448,-4
63449,0
63450,-6
63451,0
63452,-4
63453,-4
63454,0
63455,-4
63456,0
63457,18
63458,0
63459,10
63460,-4
63461,0
63462,0
63463,6
63464,2
63465,6
63466,2
63467,0
63468,0
63469,0
63470,0
63471,0
63472,0
63473,0
63474,0
63475,2
63476,0
63477,2
63478,0
63479,0
63480,10
63481,0
63482,2
63483,-8
63484,2
63485,0
63486,0
63487,24
63488,0
63489,4
63490,0
63491,0
63492,2
63493,0
63494,0
63495,-14
63496,0
63497,4
63498,-8
63499,4
63500,0
63501,2
63502,2
63503,0
63504,-4
63505,10
63506,0
63507,6
63508,2
63509,0
63510,-24
63511,0
63512,-4
63513,0
63514,0
63515,6
63516,-4
63517,-14
63518,-2
63519,6
63520,6
63521,0
63522,-2
63523,0
63524,4
63525,-4
63526,0
63527,0
63528,-4
63529,0
63530,0
63531,-4
63532,6
63533,0
63534,-24
63535,0
63536,-14
63537,-4
63538,-6
63539,-4
63540,-4
63541,-4
63542,-4
63543,6
63544,-4
63545,24
63546,0
63547,-4
63548,0
63549,-2
63550,-4
63551,-4
63552,-4
63553,0
63554,-16
63555,6
63556,0
63557,-4
63558,0
63559,-4
63560,0
63561,0
63562,2
63563,-4
63564,10
63565,0
63566,-4
63567,2
63568,0
63569,0
63570,-4
63571,0
63572,-4
63573,0
63574,-4
63575,2
63576,4
63577,0
63578,6
63579,0
63580,4
63581,2
63582,-4
63583,0
63584,-4
63585,0
63586,0
63587,-4
63588,4
63589,0
63590,0
63591,2
63592,2
63593,0
63594,2
63595,0
63596,0
63597,4
63598,0
63599,0
63600,4
63601,0
63602,4
63603,0
63604,10
63605,6
63606,-4
63607,2
63608,-4
63609,2
63610,0
63611,0
63612,-4
63613,-4
63614,-6
63615,-4
63616,0
63617,-2
63618,0
63619,-6
63620,0
63621,0
63622,0
63623,0
63624,-6
63625,-4
63626,0
63627,-4
63628,0
63629,-4
63630,-4
63631,-4
63632,0
63633,-12
63634,-6
63635,0
63636,-4
63637,-4
63638,-6
63639,-8
63640,-4
63641,-10
63642,0
63643,-4
63644,-4
63645,0
63646,0
63647,-4
63648,-4
63649,-4
63650,-4
63651,0
63652,2
63653,-4
63654,0
63655,-4
63656,-6
63657,0
63658,-4
63659,-4
63660,6
63661,-4
63662,0
63663,0
63664,0
63665,0
63666,0
63667,0
63668,0
63669,0
63670,-4
63671,0
63672,-20
63673,0
63674,0
63675,2
63676,0
63677,2
63678,10
63679,0
63680,-6
63681,0
63682,4
63683,-6
63684,0
63685,2
63686,2
63687,0
63688,10
63689,2
63690,0
63691,-4
63692,0
63693,0
63694,0
63695,0
63696,6
63697,0
63698,0
63699,0
63700,-2
63701,-4
63702,0
63703,6
63704,2
63705,0
63706,12
63707,2
63708,0
63709,0
63710,0
63711,-4
63712,0
63713,0
63714,0
63715,0
63716,6
63717,0
63718,0
63719,0
63720,0
63721,2
63722,2
63723,-4
63724,-4
63725,-6
63726,0
63727,0
63728,-6
63729,-4
63730,-38
63731,-4
63732,-4
63733,-4
63734,0
63735,0
63736,0
63737,-4
63738,-8
63739,-4
63740,-4
63741,-4
63742,-4
63743,-4
63744,-4
63745,-10
63746,-4
63747,0
63748,-4
63749,0
63750,0
63751,-6
63752,0
63753,-4
63754,2
63755,0
63756,0
63757,4
63758,0
63759,-4
63760,0
63761,-14
63762,0
63763,-2
63764,0
63765,-4
63766,0
63767,4
63768,6
63769,0
63770,0
63771,0
63772,-4
63773,2
63774,0
63775,0
63776,0
63777,0
63778,10
63779,0
63780,4
63781,2
63782,4
63783,0
63784,4
63785,0
63786,0
63787,6
63788,0
63789,0
63790,2
63791,0
63792,2
63793,10
63794,0
63795,-14
63796,0
63797,-4
63798,-4
63799,0
63800,0
63801,-6
63802,0
63803,0
63804,0
63805,6
63806,0
63807,0
63808,10
63809,2
63810,4
63811,-6
63812,0
63813,-4
63814,0
63815,0
63816,0
63817,0
63818,-4
63819,0
63820,0
63821,-4
63822,2
63823,0
63824,0
63825,14
63826,0
63827,0
63828,0
63829,-4
63830,-4
63831,0
63832,-4
63833,0
63834,-4
63835,0
63836,-4
63837,0
63838,-4
63839,-10
63840,0
63841,-4
63842,0
63843,-4
63844,0
63845,0
63846,-4
63847,-28
63848,-4
63849,0
63850,6
63851,-4
63852,-4
63853,0
63854,0
63855,4
63856,6
63857,0
63858,0
63859,0
63860,-6
63861,0
63862,0
63863,0
63864,0
63865,0
63866,-18
63867,0
63868,4
63869,0
63870,0
63871,0
63872,0
63873,0
63874,-4
63875,-4
63876,0
63877,0
63878,6
63879,0
63880,0
63881,0
63882,0
63883,6
63884,0
63885,4
63886,6
63887,0
63888,0
63889,4
63890,0
63891,0
63892,0
63893,0
63894,0
63895,2
63896,-4
63897,12
63898,0
63899,0
63900,-18
63901,2
63902,6
63903,0
63904,-4
63905,2
63906,-4
63907,-4
63908,0
63909,4
63910,2
63911,-14
63912,0
63913,0
63914,0
63915,-12
63916,-4
63917,6
63918,0
63919,0
63920,0
63921,6
63922,0
63923,0
63924,0
63925,-4
63926,0
63927,-4
63928,0
63929,-10
63930,0
63931,-6
63932,-4
63933,-4
63934,-4
63935,-4
63936,0
63937,0
63938,0
63939,-6
63940,0
63941,0
63942,-4
63943,-28
63944,0
63945,0
63946,-4
63947,-4
63948,-4
63949,0
63950,0
63951,0
63952,0
63953,6
63954,-4
63955,0
63956,-4
63957,-4
63958,0
63959,-4
63960,0
63961,0
63962,-4
63963,0
63964,0
63965,0
63966,-4
63967,0
63968,-8
63969,-4
63970,-4
63971,0
63972,4
63973,0
63974,-4
63975,4
63976,0
63977,0
63978,2
63979,-4
63980,0
63981,0
63982,4
63983,6
63984,0
63985,0
63986,2
63987,6
63988,4
63989,6
63990,0
63991,-4
63992,0
63993,14
63994,0
63995,2
63996,0
63997,0
63998,4
63999,6
64000,4
64001,6
64002,2
64003,4
64004,-6
64005,2
64006,0
64007,-4
64008,-8
64009,0
64010,0
64011,-4
64012,0
64013,0
64014,0
64015,0
64016,18
64017,0
64018,-2
64019,-4
64020,0
64021,0
64022,0
64023,0
64024,2
64025,-4
64026,-4
64027,-4
64028,-4
64029,-4
64030,0
64031,0
64032,-14
64033,-4
64034,-4
64035,0
64036,-4
64037,-4
64038,-6
64039,-4
64040,4
64041,0
64042,0
64043,-6
64044,-4
64045,24
64046,-4
64047,-8
64048,-4
64049,-4
64050,-8
64051,0
64052,0
64053,0
64054,-4
64055,-4
64056,-4
64057,-4
64058,0
64059,4
64060,0
64061,-4
64062,6
64063,0
64064,0
64065,0
64066,-4
64067,0
64068,2
64069,0
64070,-4
64071,0
64072,0
64073,0
64074,0
64075,0
64076,0
64077,0
64078,0
64079,2
64080,6
64081,-4
64082,2
64083,14
64084,0
64085,0
64086,0
64087,0
64088,0
64089,-6
64090,0
64091,6
64092,0
64093,0
64094,0
64095,4
64096,0
64097,-14
64098,0
64099,0
64100,6
64101,6
64102,0
64103,6
64104,0
64105,4
64106,4
64107,14
64108,-4
64109,4
64110,0
64111,10
64112,0
64113,0
64114,0
64115,0
64116,-4
64117,0
64118,-4
64119,-4
64120,0
64121,0
64122,0
64123,-4
64124,-4
64125,-4
64126,-4
64127,-4
64128,0
64129,-4
64130,-4
64131,6
64132,-4
64133,-10
64134,0
64135,0
64136,0
64137,0
64138,0
64139,-4
64140,-4
64141,-4
64142,-2
64143,-4
64144,-8
64145,-4
64146,4
64147,0
64148,0
64149,0
64150,0
64151,0
64152,-8
64153,-6
64154,0
64155,6
64156,-4
64157,0
64158,4
64159,0
64160,-6
64161,-4
64162,0
64163,0
64164,0
64165,0
64166,0
64167,0
64168,6
64169,0
64170,0
64171,0
64172,-4
64173,-4
64174,0
64175,4
64176,0
64177,0
64178,0
64179,2
64180,0
64181,4
64182,2
64183,0
64184,0
64185,0
64186,0
64187,0
64188,0
64189,0
64190,4
64191,0
64192,4
64193,0
64194,0
64195,0
64196,0
64197,0
64198,0
64199,10
64200,6
64201,0
64202,0
64203,6
64204,0
64205,4
64206,-4
64207,0
64208,2
64209,0
64210,-2
64211,-4
64212,0
64213,-4
64214,0
64215,0
64216,0
64217,0
64218,0
64219,-4
64220,0
64221,14
64222,0
64223,-4
64224,-4
64225,0
64226,0
64227,0
64228,-4
64229,-4
64230,-4
64231,-4
64232,0
64233,-4
64234,-4
64235,-4
64236,-8
64237,-6
64238,0
64239,-6
64240,-6
64241,-6
64242,6
64243,0
64244,-4
64245,0
64246,-4
64247,0
64248,10
64249,-4
64250,0
64251,2
64252,-6
64253,-6
64254,-4
64255,0
64256,0
64257,4
64258,-4
64259,0
64260,2
64261,-14
64262,0
64263,0
64264,0
64265,2
64266,0
64267,2
64268,0
64269,0
64270,0
64271,-4
64272,0
64273,0
64274,0
64275,4
64276,0
64277,0
64278,6
64279,0
64280,0
64281,0
64282,0
64283,0
64284,10
64285,0
64286,2
64287,-14
64288,0
64289,0
64290,14
64291,0
64292,0
64293,10
64294,2
64295,4
64296,0
64297,6
64298,6
64299,2
64300,6
64301,-16
64302,0
64303,2
64304,-4
64305,0
64306,0
64307,0
64308,-4
64309,6
64310,-8
64311,0
64312,0
64313,0
64314,0
64315,0
64316,0
64317,0
64318,-4
64319,0
64320,-4
64321,-4
64322,0
64323,0
64324,0
64325,0
64326,-4
64327,0
64328,-4
64329,-4
64330,-4
64331,4
64332,-4
64333,-10
64334,0
64335,-4
64336,-4
64337,-4
64338,-4
64339,-4
64340,-4
64341,0
64342,4
64343,0
64344,-4
64345,0
64346,0
64347,-4
64348,-4
64349,2
64350,0
64351,-6
64352,-4
64353,0
64354,-6
64355,0
64356,0
64357,2
64358,0
64359,-4
64360,0
64361,0
64362,0
64363,0
64364,0
64365,4
64366,-4
64367,0
64368,0
64369,-14
64370,-4
64371,0
64372,0
64373,0
64374,6
64375,0
64376,0
64377,2
64378,0
64379,0
64380,0
64381,2
64382,-6
64383,6
64384,2
64385,0
64386,2
64387,4
64388,6
64389,6
64390,2
64391,6
64392,0
64393,2
64394,0
64395,2
64396,0
64397,2
64398,6
64399,6
64400,2
64401,0
64402,0
64403,0
64404,0
64405,0
64406,0
64407,-4
64408,2
64409,0
64410,2
64411,0
64412,-8
64413,-4
64414,0
64415,-6
64416,-4
64417,-4
64418,-2
64419,0
64420,0
64421,0
64422,4
64423,0
64424,4
64425,-4
64426,0
64427,-4
64428,-4
64429,-4
64430,-4
64431,0
64432,-4
64433,0
64434,0
64435,-4
64436,-4
64437,-4
64438,-4
64439,-4
64440,0
64441,-4
64442,-4
64443,-4
64444,0
64445,-4
64446,-4
64447,-4
64448,0
64449,0
64450,0
64451,-4
64452,-4
64453,2
64454,-4
64455,6
64456,0
64457,-4
64458,6
64459,0
64460,-6
64461,0
64462,-4
64463,0
64464,0
64465,0
64466,0
64467,-4
64468,0
64469,0
64470,0
64471,-6
64472,0
64473,-4
64474,0
64475,4
64476,10
64477,2
64478,0
64479,4
64480,6
64481,0
64482,0
64483,0
64484,-4
64485,2
64486,2
64487,4
64488,0
64489,6
64490,0
64491,6
64492,-8
64493,2
64494,0
64495,6
64496,4
64497,0
64498,-6
64499,0
64500,0
64501,14
64502,0
64503,-4
64504,-4
64505,0
64506,0
64507,-4
64508,0
64509,6
64510,-12
64511,-4
64512,0
64513,0
64514,0
64515,0
64516,0
64517,0
64518,0
64519,0
64520,-4
64521,0
64522,-4
64523,0
64524,-4
64525,-4
64526,0
64527,0
64528,0
64529,-4
64530,-6
64531,-4
64532,-4
64533,0
64534,0
64535,-2
64536,-4
64537,-4
64538,-4
64539,-4
64540,-4
64541,6
64542,0
64543,-4
64544,-4
64545,10
64546,-4
64547,-4
64548,0
64549,-4
64550,0
64551,0
64552,-4
64553,0
64554,-4
64555,-4
64556,0
64557,0
64558,0
64559,6
64560,0
64561,14
64562,0
64563,0
64564,0
64565,0
64566,10
64567,0
64568,0
64569,0
64570,0
64571,-4
64572,4
64573,0
64574,0
64575,0
64576,2
64577,0
64578,2
64579,0
64580,-8
64581,0
64582,-8
64583,6
64584,6
64585,0
64586,10
64587,0
64588,6
64589,2
64590,6
64591,2
64592,4
64593,0
64594,2
64595,0
64596,-4
64597,2
64598,0
64599,0
64600,0
64601,0
64602,-4
64603,0
64604,0
64605,2
64606,4
64607,0
64608,2
64609,10
64610,-4
64611,-4
64612,-4
64613,0
64614,0
64615,0
64616,2
64617,0
64618,0
64619,10
64620,-6
64621,4
64622,0
64623,0
64624,2
64625,0
64626,2
64627,-4
64628,-4
64629,-4
64630,-4
64631,-4
64632,12
64633,-4
64634,-6
64635,4
64636,24
64637,0
64638,0
64639,-4
64640,6
64641,0
64642,0
64643,-4
64644,-10
64645,-4
64646,-4
64647,0
64648,-4
64649,28
64650,-4
64651,-4
64652,-24
64653,-4
64654,0
64655,-18
64656,-4
64657,0
64658,-4
64659,0
64660,-4
64661,-4
64662,0
64663,20
64664,-4
64665,0
64666,-4
64667,4
64668,0
64669,0
64670,0
64671,0
64672,-4
64673,-4
64674,0
64675,2
64676,0
64677,0
64678,0
64679,4
64680,0
64681,0
64682,0
64683,0
64684,-4
64685,0
64686,2
64687,0
64688,6
64689,4
64690,4
64691,0
64692,2
64693,0
64694,4
64695,0
64696,0
64697,2
64698,2
64699,-8
64700,4
64701,6
64702,12
64703,-4
64704,0
64705,6
64706,6
64707,0
64708,2
64709,0
64710,0
64711,0
64712,-6
64713,0
64714,0
64715,0
64716,-4
64717,0
64718,-4
64719,10
64720,-6
64721,0
64722,-2
64723,0
64724,0
64725,0
64726,-4
64727,0
64728,0
64729,-4
64730,0
64731,-4
64732,0
64733,0
64734,0
64735,0
64736,0
64737,-4
64738,-16
64739,-8
64740,0
64741,0
64742,0
64743,-4
64744,-4
64745,-2
64746,0
64747,-4
64748,-4
64749,-4
64750,-4
64751,0
64752,-16
64753,0
64754,0
64755,-6
64756,0
64757,0
64758,0
64759,0
64760,0
64761,2
64762,2
64763,0
64764,0
64765,2
64766,12
64767,-4
64768,0
64769,0
64770,2
64771,4
64772,-4
64773,0
64774,2
64775,2
64776,0
64777,6
64778,0
64779,4
64780,0
64781,-4
64782,0
64783,-4
64784,-10
64785,0
64786,0
64787,0
64788,0
64789,0
64790,6
64791,0
64792,14
64793,-4
64794,0
64795,4
64796,0
64797,0
64798,0
64799,0
64800,0
64801,-4
64802,-4
64803,0
64804,14
64805,0
64806,4
64807,2
64808,10
64809,4
64810,4
64811,0
64812,0
64813,6
64814,0
64815,2
64816,0
64817,0
64818,-4
64819,-4
64820,-10
64821,2
64822,0
64823,0
64824,-4
64825,-4
64826,0
64827,-4
64828,0
64829,0
64830,0
64831,-6
64832,-4
64833,-4
64834,-4
64835,-4
64836,-8
64837,-4
64838,4
64839,-4
64840,-4
64841,0
64842,-4
64843,-4
64844,-4
64845,-4
64846,0
64847,-4
64848,24
64849,-4
64850,-4
64851,6
64852,-4
64853,-4
64854,26
64855,-4
64856,0
64857,-4
64858,-4
64859,0
64860,0
64861,0
64862,0
64863,0
64864,0
64865,0
64866,0
64867,-6
64868,-4
64869,-2
64870,0
64871,0
64872,2
64873,0
64874,0
64875,2
64876,2
64877,2
64878,0
64879,0
64880,4
64881,2
64882,2
64883,2
64884,2
64885,0
64886,10
64887,-14
64888,0
64889,2
64890,-18
64891,0
64892,2
64893,0
64894,6
64895,0
64896,2
64897,-4
64898,0
64899,0
64900,-4
64901,-12
64902,0
64903,0
64904,-4
64905,6
64906,0
64907,0
64908,0
64909,-4
64910,0
64911,2
64912,0
64913,2
64914,-4
64915,0
64916,0
64917,-6
64918,-4
64919,0
64920,0
64921,0
64922,-4
64923,-4
64924,0
64925,-4
64926,0
64927,0
64928,-4
64929,-2
64930,0
64931,-4
64932,0
64933,-4
64934,-4
64935,-4
64936,-4
64937,-4
64938,0
64939,-4
64940,0
64941,-4
64942,0
64943,-4
64944,-4
64945,10
64946,-4
64947,-6
64948,-4
64949,0
64950,-22
64951,0
64952,-4
64953,24
64954,-4
64955,-4
64956,0
64957,2
64958,0
64959,0
64960,0
64961,-4
64962,0
64963,0
64964,-4
64965,2
64966,0
64967,0
64968,0
64969,-4
64970,0
64971,0
64972,6
64973,0
64974,0
64975,-14
64976,0
64977,0
64978,0
64979,0
64980,2
64981,0
64982,0
64983,0
64984,0
64985,-10
64986,0
64987,6
64988,0
64989,4
64990,2
64991,0
64992,0
64993,2
64994,0
64995,0
64996,4
64997,-4
64998,-4
64999,-4
65000,0
65001,6
65002,0
65003,0
65004,-4
65005,-4
65006,0
65007,0
65008,-4
65009,2
65010,0
65011,0
65012,-6
65013,0
65014,0
65015,0
65016,-6
65017,0
65018,-8
65019,0
65020,0
65021,0
65022,-8
65023,0
65024,0
65025,0
65026,0
65027,-4
65028,-4
65029,0
65030,-6
65031,-4
65032,-4
65033,-4
65034,6
65035,-4
65036,-4
65037,2
65038,-4
65039,0
65040,-4
65041,2
65042,-4
65043,0
65044,2
65045,0
65046,4
65047,0
65048,0
65049,-4
65050,-4
65051,2
65052,-4
65053,-4
65054,4
65055,0
65056,-2
65057,4
65058,-4
65059,0
65060,-4
65061,-4
65062,0
65063,-4
65064,0
65065,0
65066,0
65067,0
65068,0
65069,0
65070,0
65071,6
65072,0
65073,-6
65074,-6
65075,0
65076,2
65077,0
65078,0
65079,0
65080,0
65081,0
65082,2
65083,6
65084,0
65085,0
65086,0
65087,0
65088,0
65089,16
65090,2
65091,20
65092,0
65093,-4
65094,0
65095,0
65096,0
65097,2
65098,0
65099,-4
65100,0
65101,2
65102,-4
65103,0
65104,0
65105,0
65106,0
65107,4
65108,4
65109,0
65110,0
65111,0
65112,0
65113,0
65114,6
65115,-4
65116,0
65117,0
65118,0
65119,12
65120,0
65121,10
65122,0
65123,2
65124,-4
65125,0
65126,6
65127,-6
65128,0
65129,-4
65130,-4
65131,-4
65132,0
65133,-6
65134,0
65135,-4
65136,-4
65137,-4
65138,-4
65139,0
65140,-4
65141,0
65142,-4
65143,-4
65144,-4
65145,0
65146,-4
65147,6
65148,-4
65149,-4
65150,6
65151,0
65152,0
65153,0
65154,-4
65155,-4
65156,6
65157,0
65158,0
65159,6
65160,0
65161,4
65162,0
65163,0
65164,0
65165,0
65166,0
65167,0
65168,0
65169,0
65170,0
65171,0
65172,0
65173,0
65174,0
65175,2
65176,0
65177,0
65178,4
65179,0
65180,2
65181,0
65182,2
65183,2
65184,4
65185,0
65186,0
65187,6
65188,0
65189,4
65190,-8
65191,0
65192,0
65193,0
65194,0
65195,4
65196,0
65197,6
65198,-8
65199,4
65200,4
65201,0
65202,2
65203,0
65204,-4
65205,0
65206,0
65207,0
65208,-4
65209,4
65210,0
65211,2
65212,0
65213,0
65214,0
65215,0
65216,0
65217,-6
65218,-4
65219,0
65220,-4
65221,0
65222,0
65223,0
65224,0
65225,-4
65226,-4
65227,-4
65228,0
65229,-4
65230,0
65231,-4
65232,0
65233,-4
65234,-4
65235,6
65236,-4
65237,-2
65238,6
65239,-4
65240,-8
65241,0
65242,-4
65243,-4
65244,-6
65245,-4
65246,0
65247,-4
65248,-4
65249,10
65250,-4
65251,-4
65252,-10
65253,0
65254,0
65255,0
65256,0
65257,0
65258,0
65259,4
65260,0
65261,0
65262,4
65263,0
65264,0
65265,2
65266,0
65267,0
65268,4
65269,0
65270,0
65271,0
65272,0
65273,-4
65274,-4
65275,-4
65276,0
65277,2
65278,-4
65279,0
65280,0
65281,2
65282,0
65283,4
65284,0
65285,0
65286,6
65287,6
65288,0
65289,6
65290,0
65291,2
65292,-10
65293,12
65294,0
65295,-4
65296,0
65297,14
65298,6
65299,0
65300,14
65301,0
65302,2
65303,-4
65304,0
65305,0
65306,4
65307,-14
65308,0
65309,0
65310,-14
65311,0
65312,0
65313,0
65314,0
65315,0
65316,-4
65317,-4
65318,-4
65319,-4
65320,-4
65321,0
65322,-4
65323,0
65324,0
65325,0
65326,0
65327,0
65328,0
65329,0
65330,-4
65331,0
65332,-4
65333,-4
65334,-4
65335,0
65336,0
65337,0
65338,-4
65339,0
65340,-4
65341,0
65342,-2
65343,0
65344,0
65345,0
65346,-2
65347,0
65348,-4
65349,-4
65350,0
65351,-8
65352,-4
65353,-4
65354,0
65355,-6
65356,-4
65357,-12
65358,-4
65359,0
65360,0
65361,-2
65362,0
65363,-14
65364,-4
65365,-4
65366,0
65367,-4
65368,-4
65369,0
65370,0
65371,0
65372,-4
65373,0
65374,0
65375,0
65376,2
65377,0
65378,0
65379,0
65380,0
65381,-4
65382,0
65383,0
65384,0
65385,2
65386,0
65387,0
65388,2
65389,10
65390,0
65391,2
65392,2
65393,0
65394,10
65395,4
65396,2
65397,2
65398,-4
65399,2
65400,2
65401,6
65402,-4
65403,0
65404,2
65405,14
65406,0
65407,2
65408,0
65409,2
65410,0
65411,-22
65412,2
65413,2
65414,0
65415,-4
65416,0
65417,0
65418,-4
65419,-12
65420,-4
65421,0
65422,-8
65423,-4
65424,0
65425,2
65426,-4
65427,-4
65428,-4
65429,-4
65430,-4
65431,0
65432,0
65433,0
65434,-4
65435,6
65436,0
65437,-4
65438,2
65439,0
65440,-4
65441,4
65442,0
65443,-4
65444,-6
65445,-4
65446,6
65447,-4
65448,0
65449,0
65450,0
65451,0
65452,0
65453,-4
65454,-4
65455,0
65456,6
65457,-4
65458,0
65459,0
65460,0
65461,0
65462,0
65463,0
65464,-12
65465,-6
65466,0
65467,0
65468,0
65469,0
65470,0
65471,-4
65472,0
65473,0
65474,0
65475,0
65476,6
65477,0
65478,0
65479,2
65480,0
65481,0
65482,0
65483,2
65484,4
65485,2
65486,4
65487,2
65488,0
65489,-4
65490,2
65491,2
65492,0
65493,4
65494,4
65495,-4
65496,0
65497,6
65498,0
65499,4
65500,-4
65501,-24
65502,0
65503,0
65504,6
65505,0
65506,0
65507,0
65508,20
65509,2
65510,-4
65511,0
65512,2
65513,0
65514,0
65515,0
65516,2
65517,0
65518,0
65519,-4
65520,-8
65521,10
65522,0
65523,0
65524,0
65525,0
65526,0
65527,-4
65528,0
65529,-4
65530,2
65531,0
65532,0
65533,-4
65534,0
65535,0
65536,6
65537,0
65538,-4
65539,-4
65540,-4
65541,-4
65542,0
65543,-4
65544,0
65545,-4
65546,0
65547,-4
65548,-6
65549,0
65550,-6
65551,-4
65552,-4
65553,-4
65554,-6
65555,0
65556,2
65557,0
65558,-28
65559,-4
65560,-6
65561,0
65562,-12
65563,0
65564,0
65565,0
65566,0
65567,0
65568,0
65569,0
65570,0
65571,0
65572,0
65573,0
65574,0
65575,6
65576,0
65577,6
65578,0
65579,0
65580,2
65581,-6
65582,2
65583,0
65584,0
65585,2
65586,2
65587,0
65588,2
65589,0
65590,6
65591,4
65592,-4
65593,-8
65594,0
65595,0
65596,6
65597,2
65598,0
65599,-10
65600,6
65601,0
65602,0
65603,-22
65604,0
65605,4
65606,6
65607,0
65608,0
65609,2
65610,0
65611,0
65612,0
65613,2
65614,0
65615,-4
65616,0
65617,0
65618,-4
65619,-4
65620,2
65621,0
65622,0
65623,0
65624,0
65625,0
65626,-4
65627,0
65628,-4
65629,0
65630,0
65631,-4
65632,0
65633,-4
65634,-4
65635,-4
65636,-6
65637,-4
65638,24
65639,0
65640,0
65641,0
65642,0
65643,-4
65644,0
65645,-4
65646,-4
65647,14
65648,-4
65649,-4
65650,10
65651,0
65652,0
65653,0
65654,-6
65655,2
65656,4
65657,0
65658,4
65659,6
65660,0
65661,4
65662,0
65663,-4
65664,-4
65665,6
65666,0
65667,-4
65668,-4
65669,0
65670,0
65671,0
65672,0
65673,0
65674,0
65675,0
65676,2
65677,0
65678,0
65679,4
65680,2
65681,12
65682,0
65683,0
65684,0
65685,0
65686,0
65687,0
65688,-6
65689,2
65690,0
65691,10
65692,6
65693,0
65694,0
65695,0
65696,2
65697,2
65698,-4
65699,10
65700,-4
65701,0
65702,0
65703,20
65704,4
65705,0
65706,6
65707,12
65708,0
65709,-4
65710,14
65711,0
65712,-12
65713,0
65714,0
65715,0
65716,0
65717,0
65718,-4
65719,2
65720,-4
65721,0
65722,0
65723,0
65724,10
65725,0
65726,-4
65727,0
65728,-8
65729,-2
65730,0
65731,0
65732,-4
65733,-4
65734,0
65735,0
65736,-2
65737,0
65738,0
65739,0
65740,-4
65741,-4
65742,0
65743,-4
65744,-4
65745,-2
65746,0
65747,0
65748,-10
65749,0
65750,-4
65751,-4
65752,0
65753,2
65754,0
65755,-4
65756,-4
65757,0
65758,6
65759,2
65760,-4
65761,0
65762,0
65763,-4
65764,0
65765,0
65766,0
65767,2
65768,4
65769,0
65770,0
65771,0
65772,2
65773,-4
65774,0
65775,2
65776,2
65777,0
65778,2
65779,2
65780,6
65781,2
65782,0
65783,0
65784,0
65785,2
65786,-4
65787,2
65788,-12
65789,2
65790,6
65791,4
65792,0
65793,0
65794,0
65795,6
65796,4
65797,20
65798,0
65799,0
65800,18
65801,-4
65802,2
65803,6
65804,0
65805,0
65806,0
65807,-12
65808,0
65809,0
65810,-6
65811,0
65812,-10
65813,0
65814,0
65815,0
65816,0
65817,4
65818,2
65819,0
65820,2
65821,2
65822,0
65823,0
65824,0
65825,-4
65826,0
65827,-4
65828,-2
65829,0
65830,-4
65831,-4
65832,-4
65833,-4
65834,-4
65835,-4
65836,-4
65837,0
65838,0
65839,0
65840,0
65841,0
65842,-14
65843,0
65844,-4
65845,-4
65846,-4
65847,0
65848,-4
65849,-4
65850,0
65851,-4
65852,-6
65853,0
65854,-4
65855,-4
65856,0
65857,24
65858,-4
65859,0
65860,32
65861,-4
65862,0
65863,4
65864,0
65865,0
65866,0
65867,10
65868,-4
65869,0
65870,6
65871,6
65872,-4
65873,0
65874,2
65875,2
65876,0
65877,-4
65878,0
65879,2
65880,4
65881,0
65882,0
65883,2
65884,4
65885,0
65886,2
65887,0
65888,2
65889,2
65890,24
65891,4
65892,10
65893,0
65894,-4
65895,0
65896,-22
65897,0
65898,10
65899,0
65900,2
65901,-6
65902,12
65903,2
65904,2
65905,14
65906,0
65907,2
65908,-4
65909,10
65910,0
65911,-6
65912,0
65913,-2
65914,10
65915,-6
65916,4
65917,0
65918,4
65919,0
65920,-4
65921,-10
65922,-4
65923,0
65924,0
65925,0
65926,0
65927,0
65928,0
65929,2
65930,-4
65931,-4
65932,-4
65933,0
65934,-8
65935,-4
65936,10
65937,-4
65938,0
65939,0
65940,0
65941,-4
65942,-4
65943,0
65944,0
65945,-4
65946,-4
65947,0
65948,0
65949,-28
65950,0
65951,0
65952,10
65953,0
65954,0
65955,-14
65956,-4
65957,0
65958,0
65959,0
65960,-4
65961,0
65962,0
65963,-4
65964,0
65965,2
65966,0
65967,-4
65968,2
65969,0
65970,0
65971,0
65972,-4
65973,-4
65974,0
65975,0
65976,-4
65977,0
65978,0
65979,0
65980,2
65981,0
65982,2
65983,0
65984,0
65985,0
65986,0
65987,14
65988,0
65989,0
65990,0
65991,-6
65992,0
65993,0
65994,0
65995,14
65996,0
65997,18
65998,0
65999,2
66000,16
66001,0
66002,0
66003,6
66004,0
66005,-4
66006,0
66007,-4
66008,0
66009,2
66010,-6
66011,0
66012,-4
66013,0
66014,0
66015,0
66016,0
66017,2
66018,0
66019,0
66020,0
66021,0
66022,0
66023,0
66024,0
66025,0
66026,-8
66027,0
66028,-4
66029,-4
66030,-4
66031,0
66032,-4
66033,-4
66034,-4
66035,-4
66036,2
66037,0
66038,-6
66039,-4
66040,-4
66041,-4
66042,-8
66043,0
66044,-10
66045,0
66046,-4
66047,0
66048,-4
66049,-4
66050,-4
66051,-6
66052,-4
66053,0
66054,0
66055,0
66056,-4
66057,0
66058,0
66059,0
66060,-18
66061,2
66062,-4
66063,0
66064,0
66065,0
66066,0
66067,-6
66068,0
66069,2
66070,-4
66071,0
66072,0
66073,0
66074,0
66075,2
66076,0
66077,4
66078,0
66079,0
66080,2
66081,0
66082,2
66083,6
66084,10
66085,4
66086,0
66087,-4
66088,2
66089,0
66090,0
66091,2
66092,2
66093,0
66094,4
66095,2
66096,0
66097,4
66098,4
66099,2
66100,-4
66101,-4
66102,6
66103,0
66104,6
66105,0
66106,4
66107,0
66108,-14
66109,0
66110,0
66111,-24
66112,0
66113,0
66114,-6
66115,0
66116,4
66117,2
66118,-4
66119,0
66120,0
66121,4
66122,-6
66123,0
66124,6
66125,10
66126,0
66127,0
66128,0
66129,0
66130,0
66131,-4
66132,-4
66133,0
66134,-4
66135,-4
66136,0
66137,-4
66138,2
66139,-4
66140,-4
66141,-4
66142,-4
66143,6
66144,0
66145,0
66146,-4
66147,-4
66148,0
66149,-4
66150,0
66151,-4
66152,0
66153,0
66154,-4
66155,0
66156,-4
66157,-4
66158,0
66159,0
66160,10
66161,0
66162,6
66163,0
66164,0
66165,0
66166,0
66167,0
66168,-4
66169,-4
66170,0
66171,2
66172,2
66173,0
66174,0
66175,0
66176,2
66177,0
66178,0
66179,0
66180,2
66181,6
66182,0
66183,0
66184,0
66185,0
66186,0
66187,4
66188,2
66189,0
66190,6
66191,6
66192,10
66193,0
66194,4
66195,0
66196,2
66197,-2
66198,-2
66199,0
66200,-8
66201,-4
66202,2
66203,6
66204,0
66205,0
66206,6
66207,16
66208,0
66209,2
66210,0
66211,0
66212,-4
66213,-4
66214,-4
66215,-4
66216,0
66217,0
66218,6
66219,-2
66220,0
66221,2
66222,0
66223,-4
66224,-4
66225,0
66226,0
66227,-4
66228,0
66229,0
66230,-4
66231,0
66232,-10
66233,0
66234,0
66235,-4
66236,-4
66237,-4
66238,0
66239,0
66240,0
66241,-4
66242,0
66243,-4
66244,-4
66245,0
66246,-4
66247,12
66248,-4
66249,-8
66250,0
66251,-4
66252,0
66253,-4
66254,-4
66255,0
66256,-4
66257,-4
66258,0
66259,10
66260,0
66261,-6
66262,0
66263,-4
66264,4
66265,0
66266,0
66267,0
66268,0
66269,-14
66270,0
66271,2
66272,4
66273,4
66274,0
66275,0
66276,-6
66277,-4
66278,0
66279,0
66280,-4
66281,0
66282,-4
66283,4
66284,-4
66285,-4
66286,6
66287,0
66288,-4
66289,2
66290,0
66291,-4
66292,0
66293,2
66294,-4
66295,6
66296,2
66297,4
66298,4
66299,-16
66300,4
66301,-4
66302,10
66303,10
66304,0
66305,-4
66306,0
66307,2
66308,0
66309,0
66310,-4
66311,0
66312,0
66313,4
66314,-6
66315,0
66316,0
66317,-4
66318,4
66319,0
66320,-4
66321,0
66322,0
66323,-4
66324,-4
66325,0
66326,-4
66327,-4
66328,-6
66329,-6
66330,-4
66331,-4
66332,-4
66333,-2
66334,-4
66335,-4
66336,-4
66337,0
66338,0
66339,0
66340,-4
66341,-4
66342,-4
66343,-4
66344,0
66345,0
66346,-4
66347,-4
66348,-8
66349,-4
66350,-2
66351,0
66352,-4
66353,-4
66354,0
66355,-4
66356,4
66357,-8
66358,0
66359,6
66360,-4
66361,-4
66362,-4
66363,0
66364,0
66365,0
66366,0
66367,-4
66368,0
66369,-4
66370,0
66371,6
66372,0
66373,0
66374,-8
66375,-6
66376,0
66377,0
66378,6
66379,-2
66380,2
66381,2
66382,0
66383,10
66384,-4
66385,-4
66386,0
66387,2
66388,-4
66389,2
66390,0
66391,4
66392,2
66393,4
66394,0
66395,0
66396,6
66397,0
66398,-4
66399,0
66400,2
66401,6
66402,4
66403,0
66404,6
66405,-4
66406,2
66407,0
66408,16
66409,2
66410,-4
66411,0
66412,2
66413,-4
66414,-10
66415,0
66416,6
66417,-4
66418,0
66419,2
66420,0
66421,-4
66422,0
66423,0
66424,0
66425,-4
66426,0
66427,0
66428,0
66429,0
66430,-4
66431,0
66432,-4
66433,0
66434,-4
66435,-4
66436,-4
66437,-4
66438,-4
66439,-4
66440,4
66441,-6
66442,-4
66443,0
66444,2
66445,-4
66446,0
66447,-4
66448,-4
66449,-4
66450,-4
66451,-4
66452,-2
66453,2
66454,0
66455,-4
66456,16
66457,-4
66458,2
66459,4
66460,0
66461,0
66462,0
66463,4
66464,0
66465,-4
66466,0
66467,0
66468,0
66469,0
66470,0
66471,0
66472,0
66473,2
66474,0
66475,0
66476,0
66477,30
66478,0
66479,4
66480,0
66481,0
66482,0
66483,0
66484,0
66485,0
66486,6
66487,-6
66488,0
66489,6
66490,2
66491,0
66492,0
66493,0
66494,-4
66495,-4
66496,2
66497,-10
66498,2
66499,2
66500,2
66501,0
66502,-4
66503,10
66504,6
66505,0
66506,-8
66507,0
66508,0
66509,4
66510,0
66511,4
66512,2
66513,0
66514,0
66515,0
66516,4
66517,0
66518,0
66519,0
66520,2
66521,4
66522,2
66523,0
66524,-4
66525,4
66526,4
66527,0
66528,-4
66529,-6
66530,-4
66531,0
66532,-4
66533,0
66534,0
66535,-4
66536,-10
66537,0
66538,0
66539,-14
66540,-6
66541,-4
66542,-6
66543,-4
66544,0
66545,-6
66546,-4
66547,-4
66548,-4
66549,-8
66550,-4
66551,-4
66552,14
66553,-4
66554,0
66555,-4
66556,0
66557,-4
66558,-4
66559,0
66560,-4
66561,14
66562,0
66563,0
66564,-4
66565,-2
66566,0
66567,-6
66568,-4
66569,0
66570,0
66571,0
66572,0
66573,0
66574,2
66575,0
66576,-4
66577,0
66578,6
66579,2
66580,0
66581,0
66582,0
66583,0
66584,4
66585,-4
66586,0
66587,0
66588,0
66589,0
66590,4
66591,10
66592,0
66593,2
66594,0
66595,0
66596,10
66597,0
66598,14
66599,0
66600,4
66601,-4
66602,0
66603,0
66604,6
66605,0
66606,2
66607,-4
66608,6
66609,0
66610,2
66611,-22
66612,2
66613,-4
66614,0
66615,0
66616,0
66617,2
66618,0
66619,0
66620,-4
66621,0
66622,-4
66623,0
66624,-6
66625,-4
66626,0
66627,-4
66628,0
66629,-4
66630,4
66631,-4
66632,0
66633,0
66634,0
66635,-4
66636,0
66637,-4
66638,-4
66639,0
66640,-4
66641,-4
66642,-4
66643,0
66644,0
66645,-4
66646,-4
66647,-2
66648,-4
66649,0
66650,-4
66651,0
66652,0
66653,6
66654,0
66655,-4
66656,6
66657,0
66658,4
66659,-4
66660,-2
66661,-4
66662,0
66663,0
66664,0
66665,0
66666,0
66667,-4
66668,-4
66669,-4
66670,-4
66671,0
66672,4
66673,-4
66674,0
66675,0
66676,0
66677,0
66678,0
66679,4
66680,4
66681,0
66682,2
66683,0
66684,4
66685,0
66686,0
66687,2
66688,0
66689,0
66690,0
66691,0
66692,6
66693,2
66694,0
66695,0
66696,0
66697,-4
66698,2
66699,0
66700,-12
66701,4
66702,2
66703,-4
66704,0
66705,0
66706,4
66707,0
66708,2
66709,0
66710,-12
66711,0
66712,10
66713,0
66714,0
66715,0
66716,-12
66717,0
66718,0
66719,-6
66720,-4
66721,0
66722,-4
66723,0
66724,0
66725,-4
66726,-4
66727,-4
66728,0
66729,0
66730,0
66731,-4
66732,0
66733,-4
66734,0
66735,-4
66736,-4
66737,-4
66738,-4
66739,0
66740,0
66741,-4
66742,-6
66743,10
66744,-4
66745,0
66746,-4
66747,-8
66748,-4
66749,-4
66750,0
66751,-4
66752,-4
66753,0
66754,0
66755,4
66756,0
66757,-4
66758,0
66759,-4
66760,-4
66761,-4
66762,-4
66763,-12
66764,0
66765,0
66766,-4
66767,0
66768,0
66769,0
66770,0
66771,16
66772,-14
66773,-4
66774,0
66775,0
66776,4
66777,2
66778,0
66779,0
66780,-4
66781,0
66782,2
66783,2
66784,-4
66785,0
66786,2
66787,-4
66788,4
66789,6
66790,0
66791,6
66792,0
66793,2
66794,0
66795,2
66796,0
66797,0
66798,6
66799,4
66800,0
66801,0
66802,2
66803,0
66804,4
66805,2
66806,0
66807,0
66808,14
66809,2
66810,2
66811,4
66812,6
66813,0
66814,-4
66815,0
66816,0
66817,-4
66818,2
66819,0
66820,0
66821,-14
66822,-10
66823,0
66824,0
66825,2
66826,0
66827,0
66828,0
66829,0
66830,-2
66831,-8
66832,-4
66833,0
66834,-4
66835,0
66836,0
66837,0
66838,0
66839,0
66840,0
66841,-4
66842,0
66843,-4
66844,-4
66845,0
66846,-4
66847,0
66848,0
66849,-4
66850,0
66851,-4
66852,-8
66853,2
66854,-4
66855,-4
66856,0
66857,0
66858,0
66859,0
66860,10
66861,0
66862,-14
66863,2
66864,0
66865,-4
66866,-4
66867,-4
66868,-2
66869,6
66870,0
66871,0
66872,-4
66873,0
66874,2
66875,0
66876,0
66877,4
66878,0
66879,0
66880,0
66881,0
66882,0
66883,4
66884,2
66885,0
66886,0
66887,0
66888,2
66889,6
66890,6
66891,2
66892,0
66893,4
66894,2
66895,0
66896,2
66897,0
66898,0
66899,4
66900,-4
66901,0
66902,0
66903,4
66904,10
66905,0
66906,0
66907,14
66908,0
66909,0
66910,6
66911,-4
66912,0
66913,0
66914,10
66915,4
66916,0
66917,0
66918,-4
66919,0
66920,-4
66921,0
66922,4
66923,0
66924,0
66925,2
66926,-4
66927,-6
66928,-4
66929,-4
66930,0
66931,0
66932,0
66933,0
66934,-4
66935,0
66936,0
66937,0
66938,2
66939,-2
66940,-20
66941,0
66942,-4
66943,-4
66944,-6
66945,0
66946,-4
66947,-8
66948,-4
66949,0
66950,-4
66951,-4
66952,0
66953,-6
66954,-4
66955,-6
66956,-4
66957,-4
66958,-4
66959,6
66960,0
66961,0
66962,0
66963,0
66964,-4
66965,0
66966,0
66967,0
66968,0
66969,2
66970,0
66971,0
66972,0
66973,0
66974,2
66975,24
66976,6
66977,4
66978,6
66979,4
66980,0
66981,-4
66982,0
66983,10
66984,2
66985,2
66986,6
66987,0
66988,0
66989,0
66990,0
66991,6
66992,0
66993,0
66994,0
66995,-10
66996,0
66997,0
66998,0
66999,20
67000,0
67001,0
67002,6
67003,0
67004,2
67005,6
67006,4
67007,0
67008,0
67009,10
67010,-4
67011,0
67012,0
67013,4
67014,0
67015,0
67016,-4
67017,0
67018,0
67019,-4
67020,4
67021,0
67022,-4
67023,6
67024,-14
67025,0
67026,2
67027,0
67028,0
67029,-2
67030,-4
67031,-4
67032,0
67033,-10
67034,-4
67035,-4
67036,-4
67037,-4
67038,0
67039,-4
67040,-4
67041,-4
67042,-4
67043,-10
67044,-4
67045,-24
67046,-4
67047,-4
67048,-4
67049,-4
67050,-4
67051,0
67052,-4
67053,0
67054,-8
67055,-4
67056,0
67057,-4
67058,-4
67059,-4
67060,-4
67061,-4
67062,0
67063,0
67064,6
67065,-4
67066,0
67067,0
67068,-4
67069,0
67070,2
67071,2
67072,0
67073,2
67074,0
67075,0
67076,-4
67077,4
67078,0
67079,0
67080,0
67081,14
67082,-4
67083,-8
67084,0
67085,0
67086,0
67087,0
67088,2
67089,0
67090,0
67091,4
67092,4
67093,2
67094,0
67095,2
67096,6
67097,0
67098,14
67099,6
67100,0
67101,12
67102,2
67103,6
67104,-4
67105,2
67106,6
67107,0
67108,10
67109,-4
67110,-4
67111,6
67112,0
67113,2
67114,0
67115,2
67116,0
67117,0
67118,0
67119,2
67120,2
67121,0
67122,0
67123,0
67124,6
67125,-4
67126,-4
67127,-4
67128,0
67129,-4
67130,-4
67131,-4
67132,0
67133,0
67134,-2
67135,-4
67136,0
67137,-2
67138,-4
67139,-4
67140,-4
67141,-4
67142,-4
67143,0
67144,-4
67145,0
67146,-4
67147,-4
67148,-4
67149,-4
67150,10
67151,0
67152,-4
67153,0
67154,2
67155,-4
67156,0
67157,0
67158,0
67159,6
67160,2
67161,2
67162,0
67163,0
67164,0
67165,0
67166,0
67167,0
67168,0
67169,2
67170,0
67171,2
67172,0
67173,2
67174,2
67175,0
67176,0
67177,4
67178,0
67179,2
67180,4
67181,4
67182,2
67183,2
67184,4
67185,2
67186,2
67187,10
67188,0
67189,2
67190,-6
67191,0
67192,2
67193,0
67194,6
67195,0
67196,0
67197,4
67198,0
67199,6
67200,4
67201,0
67202,0
67203,10
67204,0
67205,0
67206,2
67207,6
67208,4
67209,6
67210,0
67211,-4
67212,-4
67213,0
67214,0
67215,10
67216,6
67217,0
67218,2
67219,-4
67220,0
67221,-6
67222,0
67223,-8
67224,2
67225,10
67226,-4
67227,-4
67228,-4
67229,0
67230,-4
67231,-4
67232,-4
67233,-4
67234,-4
67235,0
67236,-4
67237,-6
67238,0
67239,-4
67240,0
67241,-4
67242,-6
67243,-4
67244,-4
67245,-4
67246,-4
67247,-4
67248,-4
67249,0
67250,0
67251,-4
67252,0
67253,-4
67254,2
67255,0
67256,0
67257,-4
67258,-4
67259,2
67260,0
67261,0
67262,6
67263,-4
67264,0
67265,0
67266,0
67267,2
67268,0
67269,-4
67270,4
67271,0
67272,0
67273,0
67274,0
67275,-4
67276,0
67277,-2
67278,0
67279,-4
67280,0
67281,4
67282,0
67283,2
67284,0
67285,6
67286,6
67287,0
67288,2
67289,2
67290,0
67291,4
67292,6
67293,-10
67294,4
67295,0
67296,0
67297,4
67298,0
67299,6
67300,0
67301,6
67302,-4
67303,2
67304,0
67305,-22
67306,6
67307,6
67308,6
67309,0
67310,6
67311,0
67312,0
67313,0
67314,0
67315,2
67316,0
67317,0
67318,0
67319,0
67320,0
67321,10
67322,-6
67323,18
67324,0
67325,-8
67326,-4
67327,0
67328,-4
67329,-4
67330,-4
67331,-4
67332,0
67333,-4
67334,0
67335,4
67336,-4
67337,-6
67338,0
67339,-4
67340,0
67341,-10
67342,0
67343,0
67344,0
67345,-4
67346,0
67347,-4
67348,-4
67349,-4
67350,-4
67351,0
67352,16
67353,-4
67354,0
67355,2
67356,-4
67357,0
67358,-4
67359,0
67360,0
67361,6
67362,0
67363,0
67364,-4
67365,-4
67366,-4
67367,0
67368,0
67369,0
67370,6
67371,-4
67372,0
67373,0
67374,-4
67375,0
67376,6
67377,2
67378,6
67379,2
67380,0
67381,0
67382,2
67383,2
67384,-4
67385,-4
67386,-6
67387,0
67388,-2
67389,0
67390,6
67391,0
67392,0
67393,0
67394,4
67395,0
67396,0
67397,4
67398,2
67399,2
67400,6
67401,2
67402,0
67403,0
67404,-4
67405,2
67406,10
67407,4
67408,2
67409,-4
67410,-10
67411,0
67412,6
67413,4
67414,10
67415,0
67416,0
67417,0
67418,-8
67419,0
67420,-4
67421,0
67422,0
67423,-4
67424,2
67425,0
67426,0
67427,2
67428,0
67429,-4
67430,0
67431,0
67432,0
67433,0
67434,-4
67435,-2
67436,-4
67437,0
67438,0
67439,-4
67440,0
67441,-4
67442,2
67443,-4
67444,-4
67445,0
67446,-4
67447,-4
67448,0
67449,2
67450,-4
67451,-4
67452,-14
67453,-6
67454,-4
67455,-24
67456,-4
67457,-4
67458,6
67459,0
67460,0
67461,2
67462,0
67463,-4
67464,0
67465,-4
67466,0
67467,-4
67468,0
67469,0
67470,2
67471,0
67472,0
67473,-4
67474,0
67475,-20
67476,0
67477,0
67478,0
67479,0
67480,2
67481,4
67482,0
67483,2
67484,0
67485,0
67486,0
67487,0
67488,-2
67489,2
67490,2
67491,0
67492,6
67493,0
67494,-4
67495,6
67496,0
67497,0
67498,4
67499,0
67500,0
67501,6
67502,0
67503,0
67504,0
67505,10
67506,4
67507,0
67508,10
67509,-4
67510,-4
67511,-4
67512,0
67513,0
67514,0
67515,0
67516,-14
67517,10
67518,0
67519,0
67520,0
67521,0
67522,0
67523,-6
67524,18
67525,-4
67526,0
67527,0
67528,0
67529,-4
67530,0
67531,0
67532,0
67533,-2
67534,-4
67535,0
67536,0
67537,-4
67538,0
67539,0
67540,0
67541,-4
67542,0
67543,-4
67544,6
67545,-16
67546,0
67547,0
67548,-4
67549,2
67550,-4
67551,-4
67552,-4
67553,0
67554,-4
67555,0
67556,0
67557,-4
67558,0
67559,-4
67560,16
67561,0
67562,0
67563,-4
67564,14
67565,0
67566,0
67567,0
67568,2
67569,-4
67570,0
67571,-2
67572,2
67573,4
67574,6
67575,2
67576,0
67577,0
67578,0
67579,0
67580,0
67581,4
67582,0
67583,4
67584,0
67585,2
67586,0
67587,6
67588,4
67589,0
67590,-4
67591,6
67592,6
67593,20
67594,4
67595,4
67596,24
67597,0
67598,2
67599,0
67600,-10
67601,0
67602,2
67603,0
67604,0
67605,6
67606,0
67607,-14
67608,4
67609,0
67610,4
67611,0
67612,0
67613,4
67614,0
67615,0
67616,-4
67617,0
67618,0
67619,2
67620,-4
67621,18
67622,-4
67623,6
67624,0
67625,-4
67626,0
67627,-4
67628,0
67629,0
67630,0
67631,0
67632,-4
67633,0
67634,0
67635,-4
67636,0
67637,2
67638,-4
67639,-4
67640,14
67641,-4
67642,-6
67643,-6
67644,0
67645,-4
67646,-4
67647,-4
67648,0
67649,-4
67650,6
67651,-4
67652,0
67653,0
67654,-4
67655,-4
67656,18
67657,-4
67658,0
67659,-4
67660,0
67661,0
67662,0
67663,0
67664,-4
67665,4
67666,0
67667,0
67668,2
67669,0
67670,6
67671,0
67672,0
67673,-4
67674,-4
67675,4
67676,-4
67677,2
67678,0
67679,0
67680,0
67681,0
67682,4
67683,0
67684,0
67685,0
67686,2
67687,4
67688,0
67689,6
67690,0
67691,0
67692,6
67693,2
67694,0
67695,0
67696,4
67697,4
67698,0
67699,-4
67700,-4
67701,2
67702,-6
67703,0
67704,2
67705,-8
67706,4
67707,-4
67708,6
67709,0
67710,0
67711,6
67712,0
67713,0
67714,0
67715,-22
67716,0
67717,4
67718,-4
67719,0
67720,2
67721,0
67722,0
67723,0
67724,0
67725,0
67726,-6
67727,0
67728,-4
67729,0
67730,0
67731,-4
67732,-4
67733,0
67734,-4
67735,0
67736,0
67737,0
67738,-4
67739,-4
67740,0
67741,-4
67742,-4
67743,-4
67744,-4
67745,-6
67746,-4
67747,-4
67748,-6
67749,-4
67750,-4
67751,-4
67752,-4
67753,-4
67754,0
67755,-6
67756,0
67757,0
67758,-4
67759,-4
67760,4
67761,0
67762,0
67763,2
67764,-4
67765,0
67766,0
67767,0
67768,0
67769,0
67770,0
67771,-4
67772,0
67773,-4
67774,0
67775,-4
67776,0
67777,2
67778,0
67779,-2
67780,0
67781,0
67782,0
67783,-4
67784,0
67785,4
67786,2
67787,2
67788,0
67789,4
67790,0
67791,2
67792,0
67793,4
67794,-10
67795,0
67796,0
67797,4
67798,4
67799,4
67800,2
67801,0
67802,0
67803,0
67804,-6
67805,0
67806,2
67807,6
67808,2
67809,0
67810,4
67811,0
67812,0
67813,0
67814,0
67815,0
67816,0
67817,0
67818,-4
67819,0
67820,0
67821,2
67822,0
67823,0
67824,6
67825,2
67826,0
67827,0
67828,0
67829,0
67830,-4
67831,0
67832,0
67833,-4
67834,2
67835,-4
67836,-4
67837,0
67838,-4
67839,-2
67840,-4
67841,-4
67842,-4
67843,-2
67844,-16
67845,-4
67846,0
67847,0
67848,-4
67849,-2
67850,-10
67851,-4
67852,-4
67853,-14
67854,-4
67855,0
67856,4
67857,2
67858,4
67859,0
67860,0
67861,0
67862,-14
67863,0
67864,-4
67865,6
67866,0
67867,0
67868,0
67869,0
67870,0
67871,0
67872,0
67873,0
67874,4
67875,4
67876,-4
67877,6
67878,0
67879,2
67880,0
67881,6
67882,0
67883,6
67884,0
67885,6
67886,6
67887,-4
67888,-6
67889,0
67890,6
67891,0
67892,6
67893,-8
67894,0
67895,0
67896,0
67897,0
67898,0
67899,-2
67900,-4
67901,2
67902,6
67903,4
67904,6
67905,-4
67906,-4
67907,-4
67908,0
67909,-8
67910,-4
67911,2
67912,10
67913,0
67914,6
67915,0
67916,0
67917,-4
67918,-4
67919,0
67920,0
67921,-4
67922,-4
67923,0
67924,14
67925,0
67926,2
67927,-4
67928,0
67929,-4
67930,-4
67931,0
67932,0
67933,0
67934,-4
67935,-4
67936,-8
67937,-4
67938,-22
67939,0
67940,2
67941,2
67942,-4
67943,-4
67944,-4
67945,0
67946,-4
67947,-6
67948,-4
67949,10
67950,-4
67951,0
67952,0
67953,0
67954,-4
67955,0
67956,-4
67957,4
67958,0
67959,-2
67960,-4
67961,0
67962,0
67963,4
67964,0
67965,0
67966,2
67967,-10
67968,0
67969,0
67970,-4
67971,0
67972,-4
67973,0
67974,0
67975,0
67976,-4
67977,-18
67978,0
67979,0
67980,0
67981,2
67982,0
67983,0
67984,4
67985,2
67986,0
67987,0
67988,0
67989,0
67990,0
67991,-4
67992,2
67993,4
67994,0
67995,0
67996,0
67997,0
67998,0
67999,0
68000,4
68001,-14
68002,6
68003,0
68004,0
68005,0
68006,2
68007,0
68008,-4
68009,0
68010,0
68011,-10
68012,2
68013,-6
68014,0
68015,0
68016,6
68017,4
68018,2
68019,-4
68020,0
68021,-4
68022,0
68023,0
68024,0
68025,2
68026,0
68027,0
68028,-6
68029,4
68030,0
68031,0
68032,-4
68033,-4
68034,0
68035,0
68036,-4
68037,4
68038,-6
68039,-4
68040,2
68041,-4
68042,-6
68043,0
68044,0
68045,-6
68046,0
68047,-4
68048,10
68049,-4
68050,-4
68051,-4
68052,-4
68053,-4
68054,-4
68055,-4
68056,-6
68057,-4
68058,-4
68059,-4
68060,-4
68061,0
68062,-4
68063,-4
68064,4
68065,0
68066,0
68067,0
68068,0
68069,6
68070,0
68071,2
68072,6
68073,0
68074,-14
68075,-4
68076,2
68077,0
68078,2
68079,0
68080,0
68081,2
68082,-4
68083,0
68084,0
68085,2
68086,0
68087,0
68088,2
68089,0
68090,0
68091,4
68092,0
68093,0
68094,-4
68095,0
68096,-8
68097,2
68098,0
68099,0
68100,2
68101,0
68102,0
68103,-8
68104,4
68105,0
68106,10
68107,0
68108,-4
68109,0
68110,6
68111,0
68112,-4
68113,0
68114,0
68115,0
68116,0
68117,4
68118,0
68119,0
68120,6
68121,-4
68122,0
68123,0
68124,2
68125,0
68126,0
68127,0
68128,0
68129,0
68130,0
68131,-4
68132,0
68133,-4
68134,28
68135,-4
68136,0
68137,-4
68138,0
68139,0
68140,-4
68141,-4
68142,0
68143,0
68144,-4
68145,0
68146,0
68147,4
68148,0
68149,2
68150,-4
68151,-4
68152,18
68153,-4
68154,-4
68155,6
68156,-4
68157,-4
68158,14
68159,-4
68160,4
68161,0
68162,-4
68163,6
68164,-4
68165,0
68166,-4
68167,-4
68168,2
68169,-4
68170,0
68171,0
68172,2
68173,0
68174,0
68175,0
68176,0
68177,0
68178,2
68179,0
68180,6
68181,2
68182,4
68183,4
68184,2
68185,0
68186,0
68187,4
68188,0
68189,-4
68190,0
68191,0
68192,6
68193,12
68194,0
68195,0
68196,0
68197,0
68198,0
68199,4
68200,2
68201,4
68202,6
68203,0
68204,0
68205,0
68206,0
68207,0
68208,0
68209,0
68210,0
68211,-4
68212,0
68213,0
68214,0
68215,0
68216,-4
68217,0
68218,0
68219,0
68220,0
68221,4
68222,0
68223,0
68224,-4
68225,2
68226,0
68227,0
68228,0
68229,0
68230,-4
68231,0
68232,-4
68233,0
68234,-4
68235,0
68236,-4
68237,0
68238,-4
68239,0
68240,-4
68241,0
68242,0
68243,-8
68244,-4
68245,-4
68246,-4
68247,-4
68248,-2
68249,-4
68250,-4
68251,0
68252,0
68253,-4
68254,-4
68255,0
68256,0
68257,-4
68258,-4
68259,-4
68260,14
68261,0
68262,-4
68263,0
68264,-4
68265,2
68266,0
68267,0
68268,0
68269,0
68270,6
68271,0
68272,0
68273,0
68274,0
68275,0
68276,0
68277,0
68278,4
68279,0
68280,0
68281,0
68282,2
68283,0
68284,0
68285,2
68286,2
68287,2
68288,6
68289,2
68290,2
68291,10
68292,0
68293,0
68294,2
68295,0
68296,4
68297,4
68298,20
68299,4
68300,-4
68301,0
68302,0
68303,2
68304,0
68305,2
68306,0
68307,0
68308,2
68309,2
68310,2
68311,0
68312,2
68313,18
68314,0
68315,0
68316,0
68317,0
68318,0
68319,0
68320,0
68321,-4
68322,6
68323,2
68324,2
68325,0
68326,0
68327,0
68328,0
68329,-4
68330,0
68331,-4
68332,-4
68333,-4
68334,-4
68335,-4
68336,-4
68337,0
68338,-4
68339,-6
68340,0
68341,0
68342,-6
68343,0
68344,0
68345,-6
68346,-4
68347,-4
68348,-4
68349,-4
68350,0
68351,-4
68352,0
68353,-4
68354,-4
68355,-4
68356,0
68357,-4
68358,0
68359,0
68360,2
68361,0
68362,0
68363,-4
68364,0
68365,-6
68366,0
68367,0
68368,0
68369,-4
68370,0
68371,0
68372,2
68373,0
68374,0
68375,10
68376,0
68377,0
68378,-4
68379,0
68380,0
68381,0
68382,2
68383,0
68384,0
68385,2
68386,0
68387,0
68388,4
68389,0
68390,2
68391,0
68392,6
68393,0
68394,-14
68395,6
68396,0
68397,0
68398,-4
68399,0
68400,2
68401,-4
68402,-2
68403,0
68404,-4
68405,4
68406,4
68407,-4
68408,-4
68409,0
68410,0
68411,0
68412,18
68413,0
68414,4
68415,0
68416,0
68417,0
68418,0
68419,4
68420,-4
68421,-4
68422,2
68423,0
68424,0
68425,0
68426,0
68427,0
68428,0
68429,0
68430,-4
68431,0
68432,-4
68433,-4
68434,-4
68435,-4
68436,-6
68437,-4
68438,-4
68439,0
68440,0
68441,-4
68442,4
68443,-4
68444,-6
68445,0
68446,-4
68447,-6
68448,-4
68449,-4
68450,-4
68451,6
68452,-4
68453,-4
68454,-12
68455,0
68456,-4
68457,2
68458,0
68459,0
68460,2
68461,0
68462,2
68463,0
68464,0
68465,2
68466,2
68467,-4
68468,-4
68469,0
68470,4
68471,-4
68472,2
68473,0
68474,0
68475,6
68476,14
68477,-14
68478,0
68479,-4
68480,4
68481,4
68482,4
68483,0
68484,-4
68485,-6
68486,-4
68487,-8
68488,4
68489,0
68490,4
68491,0
68492,6
68493,10
68494,0
68495,-4
68496,0
68497,0
68498,4
68499,0
68500,0
68501,-4
68502,0
68503,0
68504,10
68505,0
68506,4
68507,6
68508,-4
68509,0
68510,0
68511,10
68512,0
68513,-4
68514,0
68515,-10
68516,0
68517,0
68518,0
68519,0
68520,0
68521,-4
68522,0
68523,0
68524,0
68525,-4
68526,-4
68527,0
68528,0
68529,-4
68530,-4
68531,-4
68532,-4
68533,-4
68534,-4
68535,-4
68536,-4
68537,-4
68538,-4
68539,0
68540,0
68541,-4
68542,0
68543,-4
68544,-4
68545,-4
68546,0
68547,-6
68548,-6
68549,-4
68550,-4
68551,-4
68552,0
68553,-4
68554,4
68555,2
68556,-4
68557,0
68558,-4
68559,0
68560,0
68561,-4
68562,-16
68563,0
68564,-8
68565,0
68566,0
68567,-4
68568,0
68569,2
68570,-4
68571,-4
68572,0
68573,2
68574,-4
68575,0
68576,0
68577,0
68578,0
68579,0
68580,2
68581,-4
68582,4
68583,0
68584,4
68585,0
68586,0
68587,4
68588,0
68589,6
68590,10
68591,0
68592,2
68593,6
68594,0
68595,2
68596,-6
68597,2
68598,0
68599,6
68600,0
68601,0
68602,6
68603,-4
68604,2
68605,4
68606,4
68607,0
68608,4
68609,6
68610,2
68611,0
68612,-8
68613,-4
68614,4
68615,0
68616,-4
68617,0
68618,0
68619,2
68620,6
68621,-4
68622,-6
68623,0
68624,0
68625,0
68626,0
68627,0
68628,-4
68629,-6
68630,-4
68631,-4
68632,-4
68633,-4
68634,0
68635,-4
68636,-4
68637,-4
68638,-4
68639,12
68640,-10
68641,-4
68642,0
68643,-4
68644,-4
68645,-4
68646,0
68647,0
68648,0
68649,4
68650,-4
68651,0
68652,-4
68653,0
68654,4
68655,0
68656,-4
68657,-4
68658,0
68659,-4
68660,2
68661,-14
68662,0
68663,2
68664,0
68665,0
68666,0
68667,0
68668,-4
68669,0
68670,0
68671,4
68672,0
68673,0
68674,0
68675,0
68676,0
68677,0
68678,0
68679,4
68680,0
68681,0
68682,0
68683,0
68684,2
68685,-4
68686,0
68687,-4
68688,-6
68689,0
68690,2
68691,0
68692,-4
68693,2
68694,2
68695,0
68696,0
68697,0
68698,0
68699,4
68700,0
68701,-4
68702,0
68703,0
68704,0
68705,0
68706,4
68707,-6
68708,6
68709,-4
68710,0
68711,-4
68712,-4
68713,0
68714,0
68715,14
68716,0
68717,0
68718,0
68719,0
68720,0
68721,0
68722,0
68723,0
68724,4
68725,-4
68726,-10
68727,0
68728,-4
68729,-4
68730,0
68731,0
68732,0
68733,-4
68734,0
68735,-4
68736,0
68737,-4
68738,-12
68739,-4
68740,0
68741,-4
68742,0
68743,-4
68744,-4
68745,-4
68746,0
68747,-4
68748,0
68749,-4
68750,-4
68751,-4
68752,0
68753,-6
68754,0
68755,0
68756,-8
68757,0
68758,-4
68759,6
68760,-4
68761,0
68762,-4
68763,-4
68764,-4
68765,0
68766,0
68767,-12
68768,6
68769,0
68770,-4
68771,0
68772,-4
68773,0
68774,2
68775,4
68776,-4
68777,2
68778,0
68779,2
68780,2
68781,4
68782,0
68783,0
68784,0
68785,2
68786,0
68787,4
68788,0
68789,0
68790,4
68791,0
68792,0
68793,10
68794,2
68795,6
68796,0
68797,0
68798,6
68799,0
68800,6
68801,6
68802,0
68803,-6
68804,-4
68805,4
68806,-6
68807,0
68808,4
68809,6
68810,-4
68811,0
68812,0
68813,-4
68814,-4
68815,0
68816,-10
68817,-4
68818,0
68819,0
68820,0
68821,6
68822,-4
68823,0
68824,0
68825,0
68826,0
68827,0
68828,0
68829,-4
68830,-4
68831,0
68832,-4
68833,0
68834,0
68835,0
68836,-4
68837,0
68838,0
68839,0
68840,0
68841,-4
68842,-4
68843,-4
68844,0
68845,-4
68846,-6
68847,-4
68848,-4
68849,-4
68850,-4
68851,-4
68852,10
68853,0
68854,-4
68855,-6
68856,-4
68857,-4
68858,-4
68859,0
68860,-4
68861,4
68862,0
68863,-4
68864,0
68865,-4
68866,0
68867,0
68868,0
68869,0
68870,10
68871,0
68872,0
68873,0
68874,0
68875,0
68876,2
68877,-4
68878,4
68879,0
68880,0
68881,0
68882,0
68883,0
68884,0
68885,0
68886,-6
68887,6
68888,4
68889,0
68890,-4
68891,0
68892,6
68893,0
68894,0
68895,0
68896,0
68897,0
68898,0
68899,-4
68900,0
68901,4
68902,0
68903,-4
68904,0
68905,-6
68906,0
68907,2
68908,0
68909,0
68910,-4
68911,0
68912,-10
68913,0
68914,0
68915,0
68916,0
68917,6
68918,0
68919,-6
68920,0
68921,0
68922,-4
68923,2
68924,0
68925,0
68926,-4
68927,0
68928,6
68929,-4
68930,0
68931,-4
68932,-4
68933,0
68934,-4
68935,4
68936,0
68937,0
68938,-4
68939,-4
68940,0
68941,-4
68942,0
68943,0
68944,0
68945,0
68946,-4
68947,-8
68948,-4
68949,-4
68950,-4
68951,0
68952,6
68953,0
68954,-6
68955,-4
68956,-4
68957,-6
68958,-4
68959,0
68960,0
68961,0
68962,0
68963,-4
68964,0
68965,0
68966,0
68967,0
68968,-4
68969,2
68970,0
68971,-4
68972,0
68973,-4
68974,-2
68975,0
68976,0
68977,0
68978,0
68979,4
68980,2
68981,0
68982,0
68983,0
68984,4
68985,4
68986,0
68987,0
68988,6
68989,0
68990,0
68991,0
68992,-10
68993,0
68994,0
68995,6
68996,2
68997,4
68998,4
68999,0
69000,2
69001,4
69002,4
69003,0
69004,4
69005,2
69006,6
69007,-4
69008,4
69009,-18
69010,0
69011,-4
69012,2
69013,0
69014,0
69015,0
69016,-4
69017,0
69018,0
69019,0
69020,0
69021,0
69022,-4
69023,0
69024,2
69025,-10
69026,0
69027,0
69028,0
69029,0
69030,0
69031,0
69032,-4
69033,-4
69034,-4
69035,-4
69036,0
69037,0
69038,0
69039,0
69040,0
69041,-4
69042,6
69043,-2
69044,-4
69045,0
69046,-4
69047,-4
69048,10
69049,-4
69050,-4
69051,0
69052,-4
69053,-4
69054,0
69055,0
69056,-4
69057,-4
69058,6
69059,0
69060,0
69061,0
69062,-4
69063,0
69064,2
69065,-4
69066,0
69067,0
69068,0
69069,0
69070,0
69071,0
69072,-4
69073,0
69074,-4
69075,0
69076,0
69077,-4
69078,0
69079,4
69080,2
69081,0
69082,0
69083,0
69084,0
69085,4
69086,0
69087,2
69088,4
69089,0
69090,0
69091,-4
69092,0
69093,6
69094,4
69095,0
69096,0
69097,0
69098,0
69099,4
69100,2
69101,0
69102,-4
69103,6
69104,-16
69105,6
69106,-4
69107,6
69108,10
69109,0
69110,0
69111,-4
69112,4
69113,-4
69114,0
69115,0
69116,0
69117,0
69118,0
69119,0
69120,-4
69121,0
69122,0
69123,0
69124,-4
69125,-4
69126,0
69127,-4
69128,-4
69129,0
69130,0
69131,-4
69132,-4
69133,10
69134,-4
69135,2
69136,-6
69137,-4
69138,-12
69139,0
69140,-4
69141,0
69142,0
69143,-4
69144,-4
69145,-6
69146,4
69147,-4
69148,-4
69149,6
69150,-4
69151,-6
69152,-4
69153,0
69154,-4
69155,0
69156,-6
69157,-4
69158,-8
69159,0
69160,0
69161,-2
69162,-4
69163,-4
69164,6
69165,0
69166,-4
69167,2
69168,-6
69169,0
69170,0
69171,-4
69172,0
69173,0
69174,0
69175,0
69176,0
69177,0
69178,0
69179,0
69180,0
69181,0
69182,0
69183,0
69184,0
69185,0
69186,0
69187,0
69188,0
69189,0
69190,0
69191,2
69192,0
69193,0
69194,2
69195,0
69196,0
69197,0
69198,6
69199,4
69200,-4
69201,2
69202,2
69203,0
69204,0
69205,0
69206,4
69207,0
69208,0
69209,0
69210,0
69211,-14
69212,0
69213,2
69214,4
69215,-4
69216,0
69217,14
69218,4
69219,0
69220,0
69221,0
69222,-4
69223,4
69224,0
69225,-4
69226,0
69227,0
69228,0
69229,0
69230,-4
69231,-4
69232,0
69233,-4
69234,-2
69235,0
69236,-4
69237,-4
69238,-2
69239,-8
69240,-6
69241,-12
69242,-4
69243,-6
69244,-4
69245,-4
69246,0
69247,-4
69248,0
69249,0
69250,-4
69251,-4
69252,0
69253,0
69254,-4
69255,0
69256,-4
69257,-4
69258,0
69259,0
69260,2
69261,-12
69262,0
69263,-4
69264,0
69265,-4
69266,0
69267,0
69268,-4
69269,0
69270,2
69271,14
69272,0
69273,0
69274,0
69275,0
69276,2
69277,2
69278,0
69279,2
69280,2
69281,0
69282,0
69283,2
69284,4
69285,4
69286,0
69287,4
69288,0
69289,6
69290,-14
69291,10
69292,0
69293,2
69294,2
69295,0
69296,2
69297,0
69298,0
69299,0
69300,2
69301,4
69302,18
69303,0
69304,2
69305,-4
69306,2
69307,-4
69308,0
69309,6
69310,0
69311,6
69312,0
69313,0
69314,0
69315,0
69316,-6
69317,0
69318,0
69319,0
69320,0
69321,0
69322,0
69323,0
69324,0
69325,0
69326,0
69327,0
69328,0
69329,0
69330,0
69331,0
69332,-4
69333,-4
69334,-4
69335,-4
69336,-4
69337,0
69338,-10
69339,-4
69340,0
69341,-4
69342,-6
69343,20
69344,0
69345,-6
69346,-2
69347,-4
69348,-4
69349,-4
69350,-6
69351,-4
69352,-4
69353,10
69354,-4
69355,-4
69356,0
69357,-4
69358,0
69359,0
69360,4
69361,-4
69362,2
69363,-4
69364,2
69365,0
69366,-4
69367,4
69368,0
69369,0
69370,0
69371,0
69372,0
69373,0
69374,0
69375,14
69376,0
69377,-4
69378,0
69379,2
69380,0
69381,0
69382,0
69383,-4
69384,0
69385,0
69386,0
69387,0
69388,-4
69389,0
69390,0
69391,0
69392,2
69393,14
69394,0
69395,6
69396,2
69397,-4
69398,0
69399,14
69400,0
69401,0
69402,2
69403,0
69404,0
69405,10
69406,-20
69407,0
69408,0
69409,-4
69410,-8
69411,0
69412,0
69413,4
69414,0
69415,0
69416,0
69417,0
69418,-12
69419,-16
69420,2
69421,0
69422,-4
69423,-4
69424,6
69425,-6
69426,0
69427,0
69428,0
69429,-4
69430,-4
69431,0
69432,-4
69433,-4
69434,-4
69435,-4
69436,0
69437,-4
69438,-4
69439,-4
69440,2
69441,0
69442,-4
69443,-4
69444,-16
69445,-4
69446,-4
69447,-4
69448,-4
69449,2
69450,-4
69451,-4
69452,0
69453,-4
69454,-4
69455,0
69456,0
69457,-2
69458,-4
69459,-4
69460,0
69461,-4
69462,10
69463,0
69464,-4
69465,0
69466,0
69467,-4
69468,0
69469,0
69470,-4
69471,0
69472,6
69473,0
69474,0
69475,0
69476,0
69477,2
69478,0
69479,-4
69480,4
69481,0
69482,0
69483,0
69484,0
69485,0
69486,2
69487,14
69488,0
69489,6
69490,4
69491,4
69492,4
69493,6
69494,4
69495,4
69496,0
69497,0
69498,-14
69499,2
69500,-6
69501,2
69502,0
69503,-14
69504,0
69505,4
69506,-8
69507,4
69508,0
69509,6
69510,4
69511,0
69512,0
69513,-4
69514,0
69515,-6
69516,0
69517,0
69518,0
69519,0
69520,2
69521,-4
69522,0
69523,0
69524,6
69525,-4
69526,2
69527,10
69528,0
69529,0
69530,0
69531,0
69532,0
69533,-4
69534,0
69535,-16
69536,0
69537,2
69538,-4
69539,-4
69540,-14
69541,2
69542,-4
69543,-4
69544,-4
69545,0
69546,-4
69547,0
69548,0
69549,-4
69550,-4
69551,-4
69552,-4
69553,-4
69554,0
69555,-4
69556,-4
69557,0
69558,-4
69559,6
69560,0
69561,0
69562,0
69563,0
69564,-4
69565,-4
69566,0
69567,0
69568,2
69569,0
69570,-4
69571,4
69572,0
69573,0
69574,0
69575,2
69576,0
69577,0
69578,0
69579,0
69580,2
69581,0
69582,0
69583,0
69584,0
69585,0
69586,0
69587,0
69588,0
69589,-2
69590,18
69591,20
69592,0
69593,0
69594,4
69595,0
69596,-12
69597,12
69598,0
69599,0
69600,0
69601,12
69602,0
69603,0
69604,-4
69605,2
69606,2
69607,-6
69608,0
69609,-4
69610,2
69611,10
69612,0
69613,0
69614,-22
69615,2
69616,0
69617,-4
69618,4
69619,0
69620,0
69621,0
69622,-4
69623,0
69624,-4
69625,-4
69626,-4
69627,-4
69628,0
69629,0
69630,-4
69631,0
69632,-4
69633,-4
69634,-4
69635,-4
69636,-6
69637,-4
69638,-4
69639,-4
69640,-4
69641,-4
69642,0
69643,-4
69644,-4
69645,-4
69646,-4
69647,0
69648,-4
69649,-4
69650,-4
69651,-4
69652,0
69653,-4
69654,0
69655,0
69656,0
69657,-4
69658,0
69659,-4
69660,-14
69661,0
69662,0
69663,-6
69664,0
69665,4
69666,-4
69667,0
69668,0
69669,0
69670,0
69671,0
69672,2
69673,-4
69674,-8
69675,6
69676,2
69677,0
69678,-4
69679,4
69680,6
69681,0
69682,-4
69683,0
69684,2
69685,0
69686,0
69687,4
69688,2
69689,4
69690,6
69691,-10
69692,6
69693,2
69694,4
69695,0
69696,4
69697,10
69698,-4
69699,0
69700,-8
69701,4
69702,0
69703,6
69704,0
69705,0
69706,-14
69707,-4
69708,0
69709,6
69710,0
69711,0
69712,0
69713,10
69714,0
69715,-14
69716,0
69717,0
69718,0
69719,0
69720,2
69721,-4
69722,0
69723,4
69724,0
69725,0
69726,-4
69727,0
69728,-4
69729,0
69730,-4
69731,-4
69732,-4
69733,-4
69734,0
69735,-4
69736,0
69737,-4
69738,-4
69739,0
69740,-22
69741,-22
69742,-6
69743,-4
69744,-4
69745,-4
69746,0
69747,-4
69748,-8
69749,0
69750,10
69751,0
69752,0
69753,0
69754,0
69755,6
69756,0
69757,-4
69758,0
69759,-4
69760,0
69761,4
69762,0
69763,0
69764,-18
69765,0
69766,2
69767,-4
69768,0
69769,0
69770,-10
69771,0
69772,0
69773,0
69774,2
69775,0
69776,0
69777,0
69778,0
69779,0
69780,2
69781,0
69782,0
69783,0
69784,0
69785,0
69786,0
69787,4
69788,4
69789,-8
69790,0
69791,0
69792,0
69793,0
69794,4
69795,0
69796,0
69797,0
69798,0
69799,0
69800,0
69801,0
69802,18
69803,0
69804,2
69805,-8
69806,4
69807,0
69808,4
69809,2
69810,0
69811,-4
69812,0
69813,0
69814,-4
69815,0
69816,-6
69817,0
69818,0
69819,-4
69820,0
69821,0
69822,0
69823,0
69824,-6
69825,0
69826,0
69827,0
69828,0
69829,0
69830,-4
69831,-4
69832,-4
69833,-4
69834,-4
69835,-4
69836,0
69837,0
69838,-4
69839,-4
69840,0
69841,-2
69842,-4
69843,0
69844,16
69845,0
69846,-4
69847,0
69848,-4
69849,-8
69850,-4
69851,0
69852,26
69853,0
69854,-4
69855,0
69856,-4
69857,-4
69858,0
69859,0
69860,0
69861,0
69862,0
69863,0
69864,6
69865,-4
69866,-4
69867,-4
69868,-4
69869,0
69870,0
69871,0
69872,0
69873,0
69874,0
69875,-4
69876,0
69877,2
69878,0
69879,-4
69880,4
69881,4
69882,2
69883,6
69884,0
69885,2
69886,6
69887,0
69888,0
69889,2
69890,-4
69891,0
69892,0
69893,2
69894,10
69895,4
69896,4
69897,6
69898,0
69899,0
69900,4
69901,2
69902,-4
69903,2
69904,-4
69905,4
69906,0
69907,-4
69908,0
69909,0
69910,-4
69911,10
69912,4
69913,-4
69914,-4
69915,0
69916,-4
69917,-4
69918,0
69919,0
69920,0
69921,-4
69922,-4
69923,10
69924,0
69925,-4
69926,6
69927,0
69928,4
69929,0
69930,-4
69931,-6
69932,0
69933,0
69934,-4
69935,-4
69936,-4
69937,-12
69938,-4
69939,-4
69940,2
69941,-4
69942,0
69943,-4
69944,-4
69945,-4
69946,0
69947,0
69948,-18
69949,0
69950,-4
69951,-4
69952,6
69953,0
69954,-4
69955,-24
69956,0
69957,-6
69958,6
69959,2
69960,0
69961,-4
69962,0
69963,0
69964,6
69965,-4
69966,0
69967,-4
69968,0
69969,0
69970,0
69971,-4
69972,0
69973,0
69974,0
69975,0
69976,-4
69977,0
69978,0
69979,0
69980,2
69981,0
69982,0
69983,0
69984,0
69985,-6
69986,2
69987,-10
69988,6
69989,4
69990,0
69991,10
69992,-4
69993,2
69994,4
69995,6
69996,0
69997,4
69998,12
69999,0
70000,4
70001,6
70002,-14
70003,0
70004,0
70005,4
70006,0
70007,2
70008,-4
70009,-14
70010,0
70011,2
70012,2
70013,2
70014,0
70015,-14
70016,0
70017,0
70018,-4
70019,6
70020,-4
70021,0
70022,-4
70023,0
70024,0
70025,0
70026,-2
70027,6
70028,0
70029,0
70030,2
70031,-4
70032,-4
70033,0
70034,0
70035,0
70036,-2
70037,-4
70038,-4
70039,-14
70040,0
70041,-4
70042,0
70043,-4
70044,0
70045,-4
70046,0
70047,-4
70048,-4
70049,-4
70050,-4
70051,-4
70052,0
70053,-14
70054,-4
70055,-4
70056,10
70057,-4
70058,-4
70059,14
70060,0
70061,0
70062,-8
70063,-4
70064,0
70065,-4
70066,-4
70067,-4
70068,0
70069,2
70070,4
70071,-4
70072,0
70073,-6
70074,0
70075,0
70076,0
70077,4
70078,0
70079,0
70080,-4
70081,0
70082,30
70083,0
70084,0
70085,0
70086,16
70087,0
70088,0
70089,14
70090,0
70091,0
70092,4
70093,2
70094,0
70095,0
70096,0
70097,4
70098,0
70099,0
70100,-4
70101,2
70102,0
70103,4
70104,6
70105,0
70106,-4
70107,6
70108,6
70109,0
70110,0
70111,0
70112,4
70113,0
70114,0
70115,-4
70116,0
70117,0
70118,-4
70119,0
70120,0
70121,2
70122,-4
70123,10
70124,-4
70125,6
70126,-4
70127,0
70128,0
70129,0
70130,-4
70131,0
70132,-4
70133,0
70134,-4
70135,-4
70136,-4
70137,-4
70138,0
70139,-4
70140,0
70141,0
70142,0
70143,-6
70144,0
70145,-4
70146,-4
70147,2
70148,-4
70149,-4
70150,-4
70151,-24
70152,0
70153,-4
70154,6
70155,0
70156,0
70157,-4
70158,0
70159,0
70160,-4
70161,-6
70162,0
70163,0
70164,-4
70165,0
70166,0
70167,0
70168,0
70169,-4
70170,0
70171,-4
70172,0
70173,-4
70174,0
70175,0
70176,-4
70177,0
70178,10
70179,0
70180,2
70181,2
70182,4
70183,2
70184,10
70185,2
70186,-4
70187,0
70188,0
70189,10
70190,2
70191,6
70192,0
70193,0
70194,0
70195,2
70196,-4
70197,14
70198,2
70199,0
70200,6
70201,0
70202,0
70203,14
70204,0
70205,0
70206,0
70207,0
70208,2
70209,6
70210,2
70211,0
70212,0
70213,6
70214,0
70215,-4
70216,0
70217,-6
70218,-4
70219,-4
70220,-4
70221,12
70222,0
70223,0
70224,10
70225,0
70226,10
70227,0
70228,0
70229,0
70230,-4
70231,2
70232,-4
70233,0
70234,0
70235,-6
70236,-4
70237,-4
70238,-4
70239,-4
70240,0
70241,4
70242,-4
70243,-4
70244,-6
70245,4
70246,-4
70247,-6
70248,-4
70249,20
70250,-4
70251,-4
70252,-4
70253,-6
70254,0
70255,0
70256,-6
70257,-4
70258,0
70259,0
70260,2
70261,2
70262,0
70263,0
70264,-4
70265,18
70266,0
70267,0
70268,0
70269,16
70270,0
70271,0
70272,6
70273,0
70274,2
70275,4
70276,0
70277,0
70278,0
70279,0
70280,2
70281,6
70282,2
70283,0
70284,0
70285,0
70286,2
70287,0
70288,4
70289,0
70290,-4
70291,6
70292,10
70293,0
70294,4
70295,-4
70296,-4
70297,2
70298,2
70299,2
70300,0
70301,0
70302,-4
70303,0
70304,0
70305,6
70306,6
70307,0
70308,0
70309,6
70310,-8
70311,12
70312,-4
70313,0
70314,2
70315,0
70316,2
70317,0
70318,0
70319,-18
70320,-4
70321,0
70322,0
70323,0
70324,0
70325,0
70326,-4
70327,0
70328,0
70329,0
70330,4
70331,-4
70332,-4
70333,-4
70334,-4
70335,0
70336,-4
70337,-4
70338,-4
70339,-4
70340,-24
70341,0
70342,0
70343,0
70344,-4
70345,2
70346,0
70347,-4
70348,0
70349,0
70350,-6
70351,-4
70352,-4
70353,-4
70354,-4
70355,-4
70356,0
70357,-6
70358,-4
70359,-4
70360,0
70361,-4
70362,-22
70363,0
70364,0
70365,0
70366,-4
70367,-4
70368,0
70369,0
70370,0
70371,0
70372,-4
70373,0
70374,0
70375,0
70376,0
70377,4
70378,0
70379,0
70380,0
70381,0
70382,0
70383,6
70384,2
70385,2
70386,0
70387,0
70388,0
70389,4
70390,0
70391,6
70392,-8
70393,0
70394,6
70395,0
70396,4
70397,0
70398,0
70399,0
70400,4
70401,0
70402,4
70403,-14
70404,4
70405,0
70406,6
70407,2
70408,0
70409,2
70410,6
70411,0
70412,2
70413,-4
70414,0
70415,-4
70416,0
70417,2
70418,0
70419,0
70420,0
70421,4
70422,0
70423,0
70424,0
70425,0
70426,-2
70427,2
70428,0
70429,-4
70430,6
70431,-4
70432,-14
70433,0
70434,0
70435,0
70436,-4
70437,-4
70438,-4
70439,6
70440,0
70441,-4
70442,0
70443,-4
70444,14
70445,-4
70446,10
70447,-4
70448,-4
70449,0
70450,-4
70451,0
70452,-4
70453,-4
70454,-12
70455,0
70456,-4
70457,-4
70458,-4
70459,-4
70460,-24
70461,0
70462,0
70463,6
70464,0
70465,-4
70466,0
70467,4
70468,6
70469,0
70470,0
70471,0
70472,0
70473,-4
70474,0
70475,0
70476,0
70477,4
70478,-10
70479,24
70480,0
70481,-4
70482,0
70483,0
70484,0
70485,0
70486,0
70487,-14
70488,0
70489,-8
70490,0
70491,4
70492,0
70493,0
70494,0
70495,2
70496,0
70497,0
70498,0
70499,0
70500,0
70501,6
70502,0
70503,0
70504,0
70505,0
70506,2
70507,0
70508,-24
70509,0
70510,0
70511,-4
70512,2
70513,0
70514,-4
70515,0
70516,0
70517,-4
70518,-4
70519,-4
70520,10
70521,-4
70522,0
70523,0
70524,-4
70525,6
70526,6
70527,0
70528,6
70529,10
70530,0
70531,0
70532,-4
70533,-4
70534,-4
70535,0
70536,-4
70537,0
70538,-6
70539,-4
70540,-2
70541,-4
70542,-4
70543,-4
70544,10
70545,0
70546,4
70547,-4
70548,-32
70549,0
70550,-4
70551,-4
70552,-28
70553,-4
70554,0
70555,-6
70556,-4
70557,-4
70558,-4
70559,-4
70560,-4
70561,0
70562,-4
70563,-4
70564,0
70565,0
70566,-4
70567,-4
70568,0
70569,0
70570,0
70571,0
70572,0
70573,2
70574,2
70575,4
70576,-4
70577,0
70578,0
70579,0
70580,2
70581,0
70582,2
70583,0
70584,0
70585,2
70586,2
70587,0
70588,-4
70589,0
70590,0
70591,2
70592,0
70593,0
70594,6
70595,2
70596,0
70597,0
70598,0
70599,10
70600,4
70601,-14
70602,0
70603,0
70604,6
70605,0
70606,4
70607,0
70608,0
70609,0
70610,-4
70611,-6
70612,-4
70613,0
70614,4
70615,0
70616,2
70617,0
70618,-4
70619,6
70620,0
70621,0
70622,0
70623,-4
70624,0
70625,0
70626,0
70627,-6
70628,0
70629,0
70630,-4
70631,0
70632,-4
70633,-4
70634,0
70635,-4
70636,-4
70637,0
70638,-4
70639,-10
70640,-4
70641,-4
70642,-4
70643,0
70644,-4
70645,-4
70646,-4
70647,-4
70648,-4
70649,-2
70650,-4
70651,-4
70652,4
70653,-4
70654,0
70655,-6
70656,0
70657,-2
70658,-4
70659,0
70660,-4
70661,0
70662,6
70663,0
70664,-4
70665,-4
70666,0
70667,0
70668,20
70669,-2
70670,0
70671,0
70672,2
70673,2
70674,0
70675,2
70676,0
70677,0
70678,0
70679,0
70680,-4
70681,4
70682,0
70683,4
70684,0
70685,0
70686,2
70687,10
70688,0
70689,4
70690,2
70691,0
70692,2
70693,0
70694,2
70695,-8
70696,4
70697,0
70698,4
70699,2
70700,-6
70701,2
70702,10
70703,0
70704,6
70705,-8
70706,-4
70707,4
70708,-16
70709,6
70710,0
70711,6
70712,-4
70713,0
70714,0
70715,-4
70716,0
70717,0
70718,0
70719,6
70720,0
70721,0
70722,-4
70723,10
70724,0
70725,0
70726,0
70727,-14
70728,0
70729,-4
70730,0
70731,-4
70732,0
70733,-4
70734,-4
70735,-4
70736,-6
70737,0
70738,0
70739,-4
70740,2
70741,-4
70742,0
70743,0
70744,-4
70745,-6
70746,-4
70747,-4
70748,0
70749,-4
70750,0
70751,-4
70752,-4
70753,0
70754,-6
70755,-4
70756,2
70757,-4
70758,-4
70759,-4
70760,2
70761,-4
70762,0
70763,0
70764,-4
70765,0
70766,0
70767,-4
70768,0
70769,0
70770,0
70771,0
70772,-4
70773,0
70774,-2
70775,0
70776,0
70777,0
70778,14
70779,-2
70780,0
70781,2
70782,4
70783,0
70784,4
70785,2
70786,2
70787,0
70788,0
70789,6
70790,0
70791,0
70792,10
70793,-6
70794,0
70795,6
70796,6
70797,4
70798,0
70799,0
70800,0
70801,-8
70802,0
70803,0
70804,14
70805,4
70806,4
70807,24
70808,6
70809,0
70810,-8
70811,0
70812,0
70813,0
70814,2
70815,0
70816,0
70817,-4
70818,2
70819,0
70820,2
70821,0
70822,0
70823,0
70824,0
70825,6
70826,6
70827,0
70828,0
70829,0
70830,-12
70831,0
70832,0
70833,0
70834,-6
70835,-4
70836,0
70837,-4
70838,-4
70839,-2
70840,-6
70841,-4
70842,-4
70843,2
70844,0
70845,-4
70846,-8
70847,0
70848,-2
70849,-8
70850,-4
70851,-4
70852,0
70853,-20
70854,-4
70855,-4
70856,-6
70857,0
70858,0
70859,2
70860,-4
70861,-4
70862,6
70863,0
70864,0
70865,-4
70866,-4
70867,-4
70868,2
70869,0
70870,0
70871,4
70872,-2
70873,4
70874,0
70875,-4
70876,0
70877,-4
70878,0
70879,0
70880,0
70881,-4
70882,4
70883,0
70884,4
70885,0
70886,0
70887,0
70888,2
70889,2
70890,-6
70891,2
70892,2
70893,0
70894,10
70895,2
70896,2
70897,0
70898,0
70899,0
70900,0
70901,0
70902,2
70903,0
70904,0
70905,-4
70906,-4
70907,0
70908,2
70909,14
70910,-4
70911,0
70912,-4
70913,-4
70914,-4
70915,-14
70916,0
70917,-4
70918,2
70919,0
70920,0
70921,-4
70922,0
70923,0
70924,0
70925,0
70926,0
70927,0
70928,-4
70929,0
70930,-4
70931,0
70932,0
70933,-2
70934,-4
70935,0
70936,0
70937,-4
70938,0
70939,0
70940,-4
70941,-4
70942,-4
70943,-4
70944,-4
70945,-4
70946,-4
70947,0
70948,-2
70949,-4
70950,-16
70951,-4
70952,0
70953,-4
70954,4
70955,-6
70956,0
70957,-4
70958,0
70959,-4
70960,2
70961,2
70962,0
70963,0
70964,-6
70965,0
70966,0
70967,0
70968,0
70969,0
70970,0
70971,0
70972,2
70973,-4
70974,4
70975,2
70976,0
70977,0
70978,-4
70979,-4
70980,0
70981,0
70982,2
70983,0
70984,0
70985,0
70986,0
70987,0
70988,4
70989,0
70990,0
70991,0
70992,2
70993,0
70994,2
70995,0
70996,0
70997,0
70998,10
70999,4
71000,6
71001,-4
71002,2
71003,4
71004,-4
71005,6
71006,2
71007,2
71008,4
71009,-4
71010,2
71011,-4
71012,4
71013,0
71014,0
71015,0
71016,-4
71017,0
71018,0
71019,-4
71020,-4
71021,-4
71022,0
71023,0
71024,0
71025,0
71026,0
71027,0
71028,-8
71029,2
71030,0
71031,-4
71032,0
71033,-4
71034,-4
71035,0
71036,-4
71037,-4
71038,-4
71039,-4
71040,-4
71041,-4
71042,0
71043,0
71044,-4
71045,-22
71046,-4
71047,-6
71048,-10
71049,0
71050,-4
71051,6
71052,-2
71053,2
71054,-4
71055,-4
71056,-6
71057,0
71058,2
71059,-6
71060,-4
71061,0
71062,6
71063,0
71064,-4
71065,2
71066,0
71067,-22
71068,-4
71069,2
71070,0
71071,-4
71072,2
71073,0
71074,0
71075,0
71076,0
71077,0
71078,-4
71079,0
71080,4
71081,4
71082,0
71083,2
71084,0
71085,0
71086,0
71087,0
71088,-6
71089,6
71090,0
71091,2
71092,0
71093,0
71094,0
71095,2
71096,6
71097,0
71098,0
71099,-10
71100,0
71101,4
71102,0
71103,16
71104,2
71105,-4
71106,6
71107,6
71108,0
71109,-4
71110,2
71111,6
71112,0
71113,6
71114,0
71115,0
71116,0
71117,4
71118,0
71119,0
71120,0
71121,0
71122,0
71123,0
71124,-4
71125,0
71126,0
71127,0
71128,-4
71129,0
71130,0
71131,-4
71132,-4
71133,0
71134,-4
71135,-4
71136,0
71137,-4
71138,6
71139,-4
71140,-4
71141,0
71142,-4
71143,4
71144,-6
71145,-6
71146,-6
71147,0
71148,-4
71149,-4
71150,0
71151,-2
71152,0
71153,0
71154,-4
71155,-4
71156,-4
71157,-4
71158,-12
71159,0
71160,2
71161,-4
71162,-4
71163,0
71164,-8
71165,-4
71166,0
71167,0
71168,0
71169,16
71170,-6
71171,-4
71172,0
71173,6
71174,-4
71175,0
71176,0
71177,0
71178,0
71179,-4
71180,0
71181,0
71182,0
71183,2
71184,2
71185,0
71186,2
71187,0
71188,2
71189,6
71190,0
71191,0
71192,0
71193,-4
71194,12
71195,0
71196,0
71197,2
71198,0
71199,2
71200,20
71201,2
71202,6
71203,0
71204,2
71205,14
71206,2
71207,4
71208,4
71209,0
71210,-4
71211,-4
71212,-14
71213,0
71214,-4
71215,10
71216,4
71217,0
71218,-4
71219,0
71220,0
71221,0
71222,-8
71223,-4
71224,16
71225,0
71226,-4
71227,2
71228,0
71229,0
71230,0
71231,-4
71232,-4
71233,-4
71234,0
71235,-4
71236,0
71237,-6
71238,0
71239,0
71240,-16
71241,-4
71242,-6
71243,0
71244,0
71245,-4
71246,-4
71247,-6
71248,-4
71249,0
71250,-4
71251,-4
71252,6
71253,-4
71254,0
71255,4
71256,0
71257,-6
71258,-4
71259,0
71260,0
71261,0
71262,0
71263,-6
71264,-4
71265,0
71266,-4
71267,-4
71268,0
71269,-4
71270,-4
71271,6
71272,-4
71273,0
71274,0
71275,2
71276,0
71277,2
71278,0
71279,2
71280,0
71281,0
71282,2
71283,4
71284,0
71285,2
71286,2
71287,0
71288,4
71289,2
71290,2
71291,2
71292,0
71293,0
71294,6
71295,6
71296,2
71297,0
71298,4
71299,10
71300,4
71301,2
71302,0
71303,-14
71304,4
71305,2
71306,10
71307,4
71308,0
71309,2
71310,4
71311,0
71312,0
71313,2
71314,14
71315,-4
71316,-4
71317,0
71318,-6
71319,0
71320,-4
71321,0
71322,-14
71323,0
71324,-4
71325,0
71326,-2
71327,10
71328,0
71329,-4
71330,0
71331,-4
71332,-4
71333,-4
71334,-4
71335,0
71336,-4
71337,0
71338,-4
71339,-4
71340,-4
71341,-4
71342,-6
71343,0
71344,-4
71345,-4
71346,-12
71347,-4
71348,-6
71349,0
71350,-22
71351,-4
71352,-4
71353,-4
71354,6
71355,0
71356,0
71357,0
71358,0
71359,0
71360,0
71361,0
71362,-4
71363,-4
71364,-4
71365,0
71366,18
71367,0
71368,0
71369,2
71370,-10
71371,-4
71372,0
71373,6
71374,0
71375,-4
71376,-4
71377,0
71378,0
71379,0
71380,0
71381,4
71382,0
71383,0
71384,0
71385,0
71386,0
71387,2
71388,4
71389,4
71390,4
71391,4
71392,0
71393,0
71394,2
71395,4
71396,16
71397,4
71398,2
71399,0
71400,16
71401,4
71402,6
71403,0
71404,-2
71405,6
71406,0
71407,0
71408,6
71409,0
71410,0
71411,0
71412,10
71413,0
71414,0
71415,-6
71416,0
71417,4
71418,0
71419,0
71420,0
71421,0
71422,0
71423,-10
71424,0
71425,0
71426,0
71427,0
71428,-4
71429,-4
71430,-4
71431,12
71432,0
71433,-4
71434,-4
71435,-4
71436,-6
71437,-4
71438,0
71439,0
71440,6
71441,-4
71442,-4
71443,-4
71444,0
71445,-4
71446,-4
71447,2
71448,0
71449,6
71450,-4
71451,-4
71452,-4
71453,-4
71454,0
71455,0
71456,-32
71457,-4
71458,-2
71459,-30
71460,-4
71461,-4
71462,-4
71463,4
71464,2
71465,-6
71466,0
71467,12
71468,0
71469,0
71470,0
71471,0
71472,0
71473,0
71474,0
71475,0
71476,0
71477,-4
71478,6
71479,0
71480,0
71481,2
71482,0
71483,2
71484,4
71485,0
71486,0
71487,-4
71488,0
71489,2
71490,6
71491,6
71492,2
71493,10
71494,-4
71495,0
71496,6
71497,0
71498,4
71499,0
71500,0
71501,-4
71502,4
71503,4
71504,-6
71505,2
71506,2
71507,6
71508,0
71509,0
71510,0
71511,-16
71512,-4
71513,-4
71514,2
71515,0
71516,-4
71517,0
71518,-4
71519,0
71520,0
71521,0
71522,0
71523,0
71524,0
71525,0
71526,0
71527,0
71528,-4
71529,0
71530,0
71531,0
71532,-4
71533,0
71534,0
71535,-4
71536,-4
71537,-4
71538,0
71539,0
71540,6
71541,-4
71542,-4
71543,0
71544,0
71545,10
71546,-4
71547,0
71548,-4
71549,-2
71550,0
71551,0
71552,12
71553,0
71554,-4
71555,0
71556,-4
71557,-6
71558,-4
71559,0
71560,0
71561,0
71562,0
71563,-4
71564,6
71565,-4
71566,0
71567,0
71568,0
71569,-4
71570,0
71571,2
71572,0
71573,0
71574,2
71575,6
71576,2
71577,14
71578,0
71579,-8
71580,0
71581,0
71582,0
71583,0
71584,0
71585,10
71586,0
71587,6
71588,2
71589,0
71590,-6
71591,0
71592,4
71593,2
71594,0
71595,0
71596,0
71597,4
71598,0
71599,2
71600,6
71601,0
71602,2
71603,-8
71604,2
71605,0
71606,0
71607,0
71608,6
71609,0
71610,-2
71611,0
71612,12
71613,0
71614,4
71615,0
71616,0
71617,0
71618,0
71619,-6
71620,0
71621,-4
71622,0
71623,0
71624,2
71625,0
71626,0
71627,0
71628,-10
71629,-2
71630,0
71631,0
71632,0
71633,-6
71634,0
71635,-6
71636,-4
71637,-4
71638,-4
71639,-4
71640,2
71641,0
71642,-4
71643,0
71644,0
71645,-2
71646,0
71647,-4
71648,0
71649,0
71650,-4
71651,-4
71652,0
71653,-4
71654,0
71655,-4
71656,0
71657,0
71658,0
71659,-4
71660,0
71661,-4
71662,0
71663,-4
71664,0
71665,0
71666,0
71667,0
71668,0
71669,0
71670,4
71671,-6
71672,0
71673,0
71674,0
71675,-14
71676,0
71677,-12
71678,0
71679,0
71680,-8
71681,2
71682,2
71683,18
71684,4
71685,2
71686,4
71687,2
71688,-8
71689,-4
71690,4
71691,0
71692,4
71693,0
71694,6
71695,2
71696,0
71697,-4
71698,4
71699,2
71700,-4
71701,0
71702,2
71703,2
71704,-4
71705,0
71706,0
71707,4
71708,10
71709,0
71710,0
71711,-4
71712,0
71713,-4
71714,0
71715,18
71716,0
71717,-4
71718,0
71719,0
71720,0
71721,0
71722,0
71723,0
71724,-4
71725,-4
71726,4
71727,-6
71728,0
71729,0
71730,6
71731,0
71732,6
71733,0
71734,0
71735,0
71736,-40
71737,-6
71738,-4
71739,-4
71740,-4
71741,0
71742,-20
71743,0
71744,0
71745,-4
71746,-4
71747,0
71748,6
71749,-6
71750,0
71751,-4
71752,-4
71753,-4
71754,0
71755,16
71756,-4
71757,0
71758,-18
71759,0
71760,-4
71761,-12
71762,-4
71763,0
71764,6
71765,-4
71766,0
71767,0
71768,-4
71769,4
71770,0
71771,0
71772,0
71773,0
71774,2
71775,0
71776,0
71777,0
71778,0
71779,0
71780,0
71781,0
71782,0
71783,0
71784,2
71785,-4
71786,2
71787,2
71788,0
71789,0
71790,0
71791,-4
71792,4
71793,0
71794,4
71795,6
71796,0
71797,2
71798,6
71799,-4
71800,0
71801,10
71802,4
71803,0
71804,2
71805,0
71806,0
71807,0
71808,10
71809,2
71810,0
71811,6
71812,-4
71813,0
71814,-4
71815,0
71816,-10
71817,0
71818,0
71819,-4
71820,0
71821,0
71822,4
71823,-4
71824,-4
71825,2
71826,0
71827,0
71828,0
71829,0
71830,6
71831,-4
71832,-4
71833,-4
71834,-4
71835,0
71836,-40
71837,6
71838,-4
71839,-4
71840,0
71841,-20
71842,-4
71843,-4
71844,-8
71845,-4
71846,0
71847,0
71848,-4
71849,-4
71850,4
71851,-4
71852,-4
71853,-4
71854,-4
71855,-4
71856,-4
71857,2
71858,-4
71859,0
71860,6
71861,4
71862,0
71863,0
71864,10
71865,-4
71866,-6
71867,2
71868,24
71869,-4
71870,0
71871,0
71872,0
71873,-4
71874,2
71875,0
71876,0
71877,0
71878,2
71879,0
71880,0
71881,4
71882,6
71883,0
71884,0
71885,2
71886,2
71887,6
71888,0
71889,4
71890,4
71891,-4
71892,0
71893,2
71894,0
71895,-4
71896,0
71897,0
71898,0
71899,0
71900,0
71901,0
71902,18
71903,0
71904,-2
71905,0
71906,0
71907,4
71908,12
71909,0
71910,0
71911,6
71912,0
71913,0
71914,-4
71915,12
71916,0
71917,6
71918,-4
71919,0
71920,6
71921,-10
71922,0
71923,0
71924,4
71925,-4
71926,-4
71927,-4
71928,6
71929,0
71930,0
71931,-4
71932,0
71933,-4
71934,0
71935,-4
71936,-4
71937,-8
71938,-4
71939,0
71940,-4
71941,-4
71942,-4
71943,-4
71944,0
71945,-4
71946,0
71947,-4
71948,-4
71949,-4
71950,-4
71951,0
71952,-4
71953,-6
71954,-4
71955,-4
71956,0
71957,2
71958,-4
71959,-4
71960,-4
71961,-4
71962,4
71963,0
71964,-4
71965,-14
71966,0
71967,-18
71968,-4
71969,2
71970,0
71971,-4
71972,0
71973,0
71974,2
71975,10
71976,0
71977,2
71978,0
71979,-4
71980,-4
71981,0
71982,0
71983,4
71984,0
71985,0
71986,0
71987,0
71988,-4
71989,-4
71990,0
71991,4
71992,0
71993,4
71994,0
71995,4
71996,6
71997,0
71998,0
71999,4
72000,0
72001,-4
72002,0
72003,2
72004,2
72005,0
72006,2
72007,0
72008,0
72009,0
72010,10
72011,2
72012,0
72013,-4
72014,10
72015,-4
72016,2
72017,0
72018,-14
72019,2
72020,0
72021,0
72022,0
72023,10
72024,0
72025,-4
72026,-12
72027,-4
72028,-4
72029,0
72030,2
72031,0
72032,0
72033,-4
72034,-4
72035,-4
72036,-4
72037,0
72038,-8
72039,0
72040,-4
72041,-4
72042,-6
72043,-10
72044,-4
72045,0
72046,-4
72047,0
72048,0
72049,-4
72050,-4
72051,-4
72052,-4
72053,-4
72054,0
72055,-4
72056,0
72057,0
72058,-4
72059,0
72060,-4
72061,0
72062,0
72063,0
72064,-24
72065,2
72066,0
72067,-4
72068,6
72069,0
72070,-4
72071,-4
72072,0
72073,-20
72074,0
72075,0
72076,-4
72077,0
72078,0
72079,-4
72080,-4
72081,-4
72082,4
72083,0
72084,6
72085,0
72086,0
72087,4
72088,0
72089,0
72090,6
72091,4
72092,0
72093,2
72094,0
72095,0
72096,0
72097,6
72098,0
72099,10
72100,-4
72101,0
72102,6
72103,2
72104,0
72105,2
72106,2
72107,4
72108,-4
72109,20
72110,2
72111,6
72112,-4
72113,0
72114,2
72115,2
72116,0
72117,0
72118,0
72119,0
72120,0
72121,0
72122,0
72123,-4
72124,0
72125,0
72126,0
72127,0
72128,0
72129,-4
72130,-4
72131,0
72132,0
72133,0
72134,0
72135,-4
72136,0
72137,-4
72138,-4
72139,-4
72140,0
72141,-4
72142,-4
72143,0
72144,-22
72145,-4
72146,-4
72147,0
72148,-4
72149,-4
72150,-4
72151,-6
72152,-4
72153,-8
72154,-4
72155,-4
72156,0
72157,-4
72158,-4
72159,6
72160,-4
72161,-4
72162,0
72163,0
72164,0
72165,0
72166,-4
72167,-4
72168,0
72169,0
72170,10
72171,-6
72172,-4
72173,-4
72174,6
72175,2
72176,4
72177,0
72178,2
72179,-4
72180,-4
72181,0
72182,0
72183,0
72184,0
72185,0
72186,-6
72187,0
72188,2
72189,2
72190,24
72191,2
72192,6
72193,2
72194,4
72195,0
72196,0
72197,6
72198,-4
72199,0
72200,0
72201,4
72202,4
72203,0
72204,-14
72205,0
72206,0
72207,6
72208,4
72209,0
72210,0
72211,-4
72212,6
72213,0
72214,0
72215,6
72216,0
72217,-4
72218,0
72219,0
72220,-4
72221,0
72222,0
72223,0
72224,-4
72225,0
72226,0
72227,-4
72228,-4
72229,14
72230,0
72231,6
72232,-4
72233,-4
72234,-4
72235,0
72236,-2
72237,-2
72238,-4
72239,-4
72240,0
72241,-4
72242,-8
72243,-4
72244,0
72245,0
72246,0
72247,-4
72248,-4
72249,2
72250,-4
72251,-4
72252,-8
72253,-4
72254,0
72255,-4
72256,-6
72257,0
72258,-4
72259,-4
72260,-4
72261,-4
72262,0
72263,0
72264,4
72265,0
72266,0
72267,0
72268,-8
72269,0
72270,0
72271,0
72272,0
72273,-4
72274,2
72275,-4
72276,0
72277,0
72278,-4
72279,0
72280,0
72281,-4
72282,2
72283,0
72284,2
72285,-4
72286,2
72287,0
72288,14
72289,0
72290,0
72291,-4
72292,4
72293,4
72294,0
72295,0
72296,-4
72297,6
72298,0
72299,10
72300,2
72301,0
72302,2
72303,2
72304,2
72305,0
72306,2
72307,4
72308,-4
72309,0
72310,4
72311,-4
72312,4
72313,0
72314,0
72315,0
72316,0
72317,4
72318,0
72319,6
72320,0
72321,0
72322,0
72323,10
72324,0
72325,0
72326,6
72327,0
72328,-4
72329,0
72330,0
72331,0
72332,-4
72333,0
72334,-4
72335,-4
72336,-4
72337,-4
72338,-4
72339,-4
72340,6
72341,-4
72342,-8
72343,-4
72344,24
72345,0
72346,-4
72347,0
72348,-6
72349,-4
72350,-4
72351,-4
72352,-4
72353,-4
72354,-4
72355,-4
72356,-4
72357,-4
72358,0
72359,-4
72360,-4
72361,2
72362,0
72363,2
72364,0
72365,-4
72366,-4
72367,-4
72368,0
72369,-4
72370,0
72371,0
72372,0
72373,0
72374,6
72375,2
72376,0
72377,4
72378,0
72379,0
72380,0
72381,-8
72382,2
72383,0
72384,6
72385,0
72386,-6
72387,0
72388,2
72389,0
72390,-4
72391,0
72392,0
72393,0
72394,6
72395,2
72396,10
72397,4
72398,4
72399,0
72400,0
72401,0
72402,4
72403,0
72404,0
72405,6
72406,6
72407,6
72408,14
72409,2
72410,2
72411,0
72412,-4
72413,0
72414,6
72415,0
72416,0
72417,-24
72418,0
72419,2
72420,-4
72421,16
72422,10
72423,0
72424,-4
72425,-4
72426,0
72427,0
72428,-4
72429,0
72430,0
72431,2
72432,6
72433,0
72434,-4
72435,0
72436,0
72437,-2
72438,0
72439,-4
72440,-4
72441,-4
72442,-6
72443,-6
72444,0
72445,-4
72446,-4
72447,-4
72448,-4
72449,-4
72450,6
72451,0
72452,-4
72453,-4
72454,-6
72455,-4
72456,-4
72457,4
72458,-4
72459,-4
72460,0
72461,-4
72462,2
72463,-16
72464,-4
72465,0
72466,0
72467,0
72468,-4
72469,4
72470,0
72471,-4
72472,0
72473,-4
72474,-4
72475,0
72476,2
72477,4
72478,4
72479,0
72480,0
72481,0
72482,2
72483,0
72484,2
72485,0
72486,6
72487,4
72488,2
72489,0
72490,0
72491,0
72492,4
72493,2
72494,0
72495,2
72496,6
72497,6
72498,2
72499,0
72500,0
72501,6
72502,0
72503,-6
72504,2
72505,0
72506,-6
72507,0
72508,0
72509,6
72510,0
72511,2
72512,-4
72513,-14
72514,0
72515,0
72516,-20
72517,0
72518,20
72519,0
72520,0
72521,-4
72522,0
72523,0
72524,0
72525,0
72526,0
72527,0
72528,0
72529,-4
72530,-4
72531,0
72532,0
72533,-6
72534,-4
72535,0
72536,-4
72537,-4
72538,0
72539,-4
72540,0
72541,0
72542,0
72543,-4
72544,-4
72545,2
72546,-4
72547,2
72548,-4
72549,-4
72550,0
72551,10
72552,0
72553,-4
72554,-4
72555,2
72556,-4
72557,0
72558,-4
72559,-4
72560,-4
72561,-4
72562,0
72563,-4
72564,6
72565,-4
72566,0
72567,-4
72568,-4
72569,0
72570,0
72571,4
72572,0
72573,-4
72574,2
72575,0
72576,0
72577,0
72578,0
72579,0
72580,-4
72581,0
72582,0
72583,2
72584,4
72585,2
72586,0
72587,2
72588,-4
72589,0
72590,0
72591,0
72592,0
72593,0
72594,0
72595,2
72596,4
72597,2
72598,0
72599,4
72600,0
72601,2
72602,4
72603,4
72604,2
72605,-14
72606,-4
72607,0
72608,0
72609,4
72610,2
72611,4
72612,6
72613,-4
72614,0
72615,10
72616,0
72617,0
72618,0
72619,-10
72620,2
72621,0
72622,0
72623,0
72624,0
72625,-4
72626,0
72627,-4
72628,0
72629,10
72630,0
72631,0
72632,-6
72633,-4
72634,0
72635,-4
72636,-4
72637,0
72638,-4
72639,-4
72640,0
72641,-36
72642,0
72643,-4
72644,0
72645,0
72646,-4
72647,-4
72648,-4
72649,-4
72650,-4
72651,-8
72652,0
72653,-4
72654,0
72655,0
72656,-4
72657,-4
72658,-2
72659,0
72660,-2
72661,0
72662,0
72663,0
72664,0
72665,-4
72666,-4
72667,4
72668,0
72669,6
72670,0
72671,0
72672,2
72673,6
72674,0
72675,0
72676,2
72677,-4
72678,-4
72679,-4
72680,-4
72681,-4
72682,-4
72683,-6
72684,2
72685,4
72686,0
72687,0
72688,-4
72689,-10
72690,-14
72691,0
72692,4
72693,4
72694,-4
72695,2
72696,0
72697,0
72698,10
72699,0
72700,-18
72701,0
72702,2
72703,0
72704,2
72705,0
72706,0
72707,6
72708,0
72709,6
72710,14
72711,0
72712,0
72713,0
72714,6
72715,4
72716,0
72717,0
72718,2
72719,0
72720,-14
72721,0
72722,6
72723,0
72724,0
72725,0
72726,6
72727,0
72728,-4
72729,0
72730,4
72731,0
72732,-4
72733,0
72734,-4
72735,-4
72736,0
72737,0
72738,-4
72739,0
72740,0
72741,-4
72742,0
72743,0
72744,-4
72745,-4
72746,-4
72747,-4
72748,-4
72749,-6
72750,0
72751,-4
72752,0
72753,-4
72754,-6
72755,0
72756,-4
72757,-4
72758,-4
72759,-4
72760,-8
72761,0
72762,-4
72763,0
72764,20
72765,0
72766,0
72767,0
72768,0
72769,0
72770,0
72771,0
72772,0
72773,-4
72774,0
72775,0
72776,0
72777,-4
72778,0
72779,0
72780,-4
72781,0
72782,0
72783,0
72784,0
72785,0
72786,0
72787,4
72788,-4
72789,4
72790,0
72791,-14
72792,0
72793,0
72794,0
72795,0
72796,4
72797,2
72798,0
72799,0
72800,0
72801,0
72802,0
72803,0
72804,2
72805,14
72806,2
72807,0
72808,6
72809,-4
72810,0
72811,0
72812,-12
72813,2
72814,0
72815,0
72816,0
72817,2
72818,-14
72819,0
72820,0
72821,0
72822,4
72823,0
72824,2
72825,4
72826,0
72827,-14
72828,-4
72829,0
72830,-4
72831,10
72832,0
72833,-10
72834,-4
72835,-4
72836,-4
72837,-4
72838,-6
72839,-4
72840,-4
72841,0
72842,0
72843,-8
72844,10
72845,-4
72846,-2
72847,0
72848,-4
72849,6
72850,6
72851,-4
72852,0
72853,0
72854,-4
72855,-4
72856,0
72857,0
72858,-4
72859,2
72860,-4
72861,4
72862,-10
72863,0
72864,0
72865,-4
72866,0
72867,0
72868,-4
72869,-4
72870,0
72871,0
72872,0
72873,-4
72874,0
72875,0
72876,0
72877,0
72878,0
72879,0
72880,0
72881,0
72882,0
72883,0
72884,-4
72885,6
72886,4
72887,2
72888,2
72889,0
72890,2
72891,0
72892,-4
72893,-14
72894,-6
72895,0
72896,0
72897,4
72898,0
72899,0
72900,2
72901,0
72902,14
72903,0
72904,14
72905,2
72906,0
72907,0
72908,4
72909,4
72910,0
72911,4
72912,4
72913,-4
72914,4
72915,2
72916,0
72917,-4
72918,-4
72919,12
72920,0
72921,0
72922,0
72923,-4
72924,-4
72925,0
72926,0
72927,0
72928,2
72929,0
72930,0
72931,-4
72932,0
72933,-6
72934,-4
72935,0
72936,-4
72937,0
72938,-18
72939,-4
72940,0
72941,0
72942,6
72943,-4
72944,0
72945,-4
72946,0
72947,-4
72948,4
72949,-4
72950,-4
72951,0
72952,0
72953,0
72954,-4
72955,14
72956,2
72957,-4
72958,-6
72959,-4
72960,-4
72961,20
72962,-4
72963,0
72964,4
72965,0
72966,0
72967,6
72968,0
72969,0
72970,20
72971,0
72972,0
72973,-4
72974,0
72975,4
72976,0
72977,0
72978,0
72979,4
72980,0
72981,0
72982,2
72983,0
72984,2
72985,6
72986,-4
72987,0
72988,0
72989,0
72990,0
72991,0
72992,4
72993,0
72994,0
72995,0
72996,0
72997,6
72998,18
72999,0
73000,2
73001,4
73002,0
73003,-4
73004,2
73005,4
73006,4
73007,6
73008,4
73009,2
73010,2
73011,-4
73012,2
73013,0
73014,0
73015,4
73016,2
73017,0
73018,-6
73019,0
73020,0
73021,0
73022,0
73023,-4
73024,0
73025,0
73026,0
73027,0
73028,2
73029,0
73030,-4
73031,0
73032,0
73033,-4
73034,-4
73035,0
73036,-4
73037,0
73038,-4
73039,-4
73040,-10
73041,-4
73042,-4
73043,-4
73044,-4
73045,-4
73046,0
73047,-14
73048,-4
73049,0
73050,-4
73051,0
73052,-4
73053,-4
73054,-12
73055,-4
73056,-4
73057,26
73058,-4
73059,0
73060,-10
73061,-4
73062,-4
73063,2
73064,-4
73065,0
73066,0
73067,-4
73068,0
73069,0
73070,0
73071,-4
73072,-4
73073,0
73074,0
73075,18
73076,0
73077,0
73078,0
73079,0
73080,0
73081,0
73082,0
73083,0
73084,0
73085,6
73086,2
73087,2
73088,0
73089,0
73090,0
73091,4
73092,-4
73093,4
73094,-4
73095,0
73096,10
73097,6
73098,0
73099,4
73100,0
73101,4
73102,4
73103,0
73104,2
73105,-20
73106,0
73107,0
73108,6
73109,0
73110,0
73111,0
73112,6
73113,0
73114,0
73115,-6
73116,0
73117,0
73118,6
73119,0
73120,0
73121,0
73122,0
73123,6
73124,2
73125,0
73126,-4
73127,0
73128,0
73129,6
73130,0
73131,0
73132,-4
73133,-4
73134,-4
73135,0
73136,-4
73137,-4
73138,-4
73139,-4
73140,-4
73141,-10
73142,-4
73143,-4
73144,-4
73145,-4
73146,0
73147,-6
73148,-4
73149,2
73150,-8
73151,0
73152,-4
73153,-8
73154,-4
73155,2
73156,0
73157,0
73158,2
73159,-4
73160,0
73161,-8
73162,-4
73163,0
73164,0
73165,6
73166,0
73167,6
73168,-4
73169,-14
73170,0
73171,-4
73172,0
73173,2
73174,0
73175,0
73176,2
73177,0
73178,0
73179,0
73180,-4
73181,0
73182,0
73183,2
73184,4
73185,0
73186,0
73187,2
73188,0
73189,0
73190,0
73191,-6
73192,0
73193,-4
73194,-8
73195,0
73196,0
73197,0
73198,0
73199,6
73200,-6
73201,0
73202,2
73203,0
73204,18
73205,2
73206,0
73207,4
73208,-8
73209,4
73210,0
73211,0
73212,-4
73213,-14
73214,4
73215,4
73216,0
73217,2
73218,0
73219,0
73220,4
73221,0
73222,0
73223,0
73224,4
73225,0
73226,0
73227,4
73228,-4
73229,0
73230,0
73231,0
73232,-4
73233,-4
73234,-4
73235,-2
73236,-4
73237,-4
73238,-4
73239,-4
73240,0
73241,24
73242,-4
73243,-4
73244,0
73245,-4
73246,2
73247,-4
73248,-4
73249,-4
73250,-4
73251,24
73252,0
73253,-4
73254,-4
73255,-6
73256,0
73257,-4
73258,-10
73259,0
73260,0
73261,0
73262,-4
73263,-4
73264,2
73265,0
73266,0
73267,-4
73268,0
73269,-4
73270,0
73271,-4
73272,0
73273,0
73274,0
73275,-4
73276,0
73277,0
73278,-4
73279,0
73280,0
73281,-4
73282,0
73283,4
73284,2
73285,0
73286,0
73287,0
73288,-4
73289,2
73290,6
73291,-4
73292,0
73293,0
73294,12
73295,0
73296,0
73297,2
73298,4
73299,0
73300,0
73301,14
73302,0
73303,14
73304,2
73305,-4
73306,0
73307,0
73308,0
73309,20
73310,6
73311,0
73312,-18
73313,0
73314,4
73315,0
73316,-10
73317,0
73318,10
73319,2
73320,0
73321,0
73322,0
73323,-4
73324,0
73325,6
73326,-4
73327,0
73328,-4
73329,0
73330,6
73331,0
73332,2
73333,0
73334,-4
73335,-4
73336,-4
73337,-4
73338,-4
73339,-4
73340,-4
73341,-4
73342,-4
73343,-4
73344,-4
73345,-4
73346,-18
73347,0
73348,-4
73349,-4
73350,0
73351,-4
73352,-4
73353,-4
73354,-4
73355,-4
73356,-14
73357,-4
73358,-4
73359,-4
73360,-2
73361,-4
73362,6
73363,0
73364,0
73365,-4
73366,-4
73367,0
73368,0
73369,0
73370,0
73371,0
73372,0
73373,0
73374,0
73375,0
73376,-4
73377,0
73378,0
73379,0
73380,0
73381,0
73382,0
73383,4
73384,-4
73385,0
73386,0
73387,2
73388,0
73389,0
73390,0
73391,0
73392,2
73393,2
73394,0
73395,0
73396,4
73397,0
73398,0
73399,0
73400,0
73401,0
73402,14
73403,2
73404,10
73405,-10
73406,2
73407,2
73408,0
73409,-6
73410,2
73411,4
73412,0
73413,10
73414,4
73415,0
73416,0
73417,10
73418,-4
73419,-6
73420,0
73421,-4
73422,0
73423,-4
73424,2
73425,0
73426,0
73427,0
73428,0
73429,0
73430,6
73431,0
73432,-8
73433,-4
73434,-6
73435,-4
73436,0
73437,0
73438,0
73439,0
73440,0
73441,-4
73442,0
73443,0
73444,-6
73445,-4
73446,-6
73447,-4
73448,-6
73449,0
73450,4
73451,-4
73452,-4
73453,-22
73454,-4
73455,2
73456,-4
73457,-4
73458,-4
73459,-4
73460,-4
73461,-6
73462,-4
73463,-4
73464,0
73465,16
73466,0
73467,-4
73468,-4
73469,-4
73470,-4
73471,0
73472,0
73473,-4
73474,0
73475,0
73476,4
73477,0
73478,0
73479,0
73480,0
73481,-12
73482,2
73483,0
73484,0
73485,0
73486,0
73487,6
73488,0
73489,-4
73490,0
73491,2
73492,-10
73493,-4
73494,0
73495,-4
73496,4
73497,6
73498,0
73499,0
73500,4
73501,2
73502,0
73503,-4
73504,0
73505,0
73506,6
73507,0
73508,0
73509,10
73510,0
73511,2
73512,-4
73513,4
73514,-4
73515,2
73516,2
73517,-4
73518,0
73519,2
73520,-6
73521,-2
73522,-4
73523,0
73524,-4
73525,0
73526,0
73527,0
73528,-4
73529,2
73530,0
73531,4
73532,0
73533,-4
73534,0
73535,-4
73536,-4
73537,0
73538,0
73539,-4
73540,0
73541,-4
73542,-4
73543,-4
73544,0
73545,-4
73546,-4
73547,0
73548,-4
73549,-4
73550,-4
73551,-4
73552,-10
73553,-4
73554,10
73555,0
73556,0
73557,-4
73558,-4
73559,-2
73560,-4
73561,0
73562,0
73563,-4
73564,-4
73565,0
73566,0
73567,-4
73568,-8
73569,0
73570,0
73571,6
73572,-4
73573,6
73574,-4
73575,0
73576,0
73577,0
73578,0
73579,0
73580,0
73581,0
73582,2
73583,4
73584,2
73585,38
73586,0
73587,0
73588,2
73589,0
73590,0
73591,2
73592,2
73593,2
73594,0
73595,0
73596,0
73597,0
73598,-4
73599,0
73600,0
73601,0
73602,-6
73603,0
73604,-6
73605,4
73606,4
73607,6
73608,0
73609,4
73610,6
73611,-18
73612,0
73613,0
73614,2
73615,-6
73616,0
73617,0
73618,0
73619,4
73620,0
73621,-4
73622,0
73623,-4
73624,0
73625,10
73626,2
73627,0
73628,0
73629,-4
73630,-4
73631,2
73632,2
73633,-10
73634,0
73635,0
73636,0
73637,0
73638,0
73639,0
73640,-2
73641,2
73642,0
73643,-6
73644,2
73645,0
73646,0
73647,-4
73648,-4
73649,-4
73650,-4
73651,-4
73652,-8
73653,-4
73654,0
73655,-4
73656,-4
73657,-4
73658,-14
73659,-4
73660,-4
73661,-4
73662,6
73663,0
73664,-4
73665,0
73666,-4
73667,0
73668,0
73669,0
73670,0
73671,0
73672,-4
73673,0
73674,-4
73675,2
73676,0
73677,0
73678,0
73679,0
73680,-12
73681,0
73682,0
73683,-4
73684,0
73685,10
73686,-4
73687,6
73688,0
73689,2
73690,0
73691,0
73692,0
73693,10
73694,0
73695,0
73696,6
73697,6
73698,0
73699,0
73700,4
73701,2
73702,0
73703,4
73704,0
73705,0
73706,-14
73707,6
73708,0
73709,-4
73710,16
73711,4
73712,-4
73713,-4
73714,-14
73715,4
73716,0
73717,-6
73718,2
73719,-6
73720,2
73721,0
73722,0
73723,0
73724,0
73725,0
73726,2
73727,0
73728,0
73729,-4
73730,0
73731,-4
73732,-4
73733,0
73734,0
73735,-4
73736,-4
73737,-4
73738,-4
73739,-4
73740,-4
73741,-4
73742,-4
73743,-4
73744,-4
73745,-4
73746,4
73747,-2
73748,-6
73749,0
73750,0
73751,-6
73752,0
73753,0
73754,-4
73755,-24
73756,-4
73757,-4
73758,-8
73759,0
73760,0
73761,-14
73762,-4
73763,0
73764,0
73765,-4
73766,0
73767,-4
73768,0
73769,4
73770,0
73771,0
73772,0
73773,0
73774,-4
73775,4
73776,0
73777,6
73778,2
73779,0
73780,4
73781,0
73782,0
73783,4
73784,6
73785,0
73786,4
73787,6
73788,0
73789,6
73790,0
73791,0
73792,0
73793,4
73794,0
73795,6
73796,-12
73797,0
73798,0
73799,-4
73800,18
73801,0
73802,0
73803,0
73804,2
73805,-8
73806,0
73807,0
73808,14
73809,0
73810,-4
73811,-102
73812,-79
73813,-126.126126126126
73814,-66
73815,-38
73816,10
73817,24
73818,46
73819,24
73820,-10
73821,-50
73822,-34
73823,-64
73824,-70
73825,-48
73826,-34
73827,-36
73828,-36
73829,-38
73830,-30
73831,-22
73832,-12
73833,-4
73834,10
73835,18
73836,24
73837,32
73838,36
73839,38
73840,48
73841,56
73842,80
73843,70
73844,54
73845,42
73846,38
73847,36
73848,24
73849,28
73850,14
73851,14
73852,6
73853,6
73854,6
73855,0
73856,6
73857,0
73858,2
73859,-4
73860,0
73861,0
73862,0
73863,6
73864,2
73865,4
73866,0
73867,0
73868,0
73869,-4
73870,-4
73871,0
73872,0
73873,0
73874,-4
73875,6
73876,0
73877,0
73878,-6
73879,0
73880,0
73881,16
73882,6
73883,0
73884,0
73885,2
73886,2
73887,0
73888,4
73889,0
73890,-4
73891,4
73892,-4
73893,2
73894,4
73895,0
73896,0
73897,6
73898,4
73899,2
73900,0
73901,2
73902,12
73903,2
73904,2
73905,4
73906,6
73907,-4
73908,2
73909,2
73910,6
73911,12
73912,6
73913,6
73914,6
73915,2
73916,0
73917,0
73918,-10
73919,4
73920,6
73921,0
73922,2
73923,2
73924,-4
73925,0
73926,6
73927,0
73928,0
73929,0
73930,0
73931,4
73932,4
73933,0
73934,0
73935,0
73936,0
73937,0
73938,-4
73939,0
73940,-14
73941,-4
73942,0
73943,-4
73944,0
73945,0
73946,-4
73947,0
73948,-4
73949,-4
73950,-4
73951,0
73952,4
73953,-4
73954,-4
73955,-4
73956,-6
73957,0
73958,-4
73959,0
73960,0
73961,0
73962,-10
73963,0
73964,0
73965,0
73966,-6
73967,0
73968,0
73969,0
73970,-4
73971,0
73972,0
73973,-4
73974,-4
73975,-4
73976,0
73977,0
73978,-4
73979,0
73980,0
73981,0
73982,-4
73983,0
73984,0
73985,2
73986,0
73987,0
73988,0
73989,2
73990,-4
73991,4
73992,-6
73993,0
73994,0
73995,0
73996,0
73997,2
73998,10
73999,2
74000,-4
74001,0
74002,0
74003,0
74004,0
74005,0
74006,6
74007,0
74008,0
74009,6
74010,0
74011,-4
74012,2
74013,0
74014,2
74015,0
74016,-4
74017,2
74018,0
74019,6
74020,-4
74021,0
74022,-4
74023,0
74024,0
74025,0
74026,0
74027,-4
74028,-4
74029,-10
74030,0
74031,-4
74032,-6
74033,-2
74034,0
74035,-4
74036,0
74037,-2
74038,0
74039,-4
74040,0
74041,-6
74042,-4
74043,0
74044,-4
74045,4
74046,-4
74047,-4
74048,-4
74049,-6
74050,0
74051,-4
74052,-4
74053,-6
74054,6
74055,-4
74056,0
74057,0
74058,-4
74059,-4
74060,0
74061,-4
74062,-4
74063,-2
74064,0
74065,0
74066,-4
74067,0
74068,-4
74069,0
74070,-16
74071,2
74072,-4
74073,0
74074,-4
74075,0
74076,0
74077,0
74078,-4
74079,0
74080,0
74081,0
74082,0
74083,0
74084,0
74085,0
74086,0
74087,2
74088,0
74089,0
74090,2
74091,0
74092,0
74093,0
74094,0
74095,0
74096,-14
74097,-4
74098,2
74099,2
74100,0
74101,-12
74102,-4
74103,0
74104,4
74105,0
74106,2
74107,-4
74108,0
74109,0
74110,4
74111,0
74112,0
74113,-4
74114,-6
74115,10
74116,0
74117,0
74118,-4
74119,0
74120,0
74121,0
74122,0
74123,-4
74124,0
74125,0
74126,0
74127,-2
74128,0
74129,0
74130,-4
74131,-4
74132,0
74133,-4
74134,-6
74135,0
74136,-4
74137,0
74138,-6
74139,0
74140,-4
74141,4
74142,-4
74143,-4
74144,-4
74145,-4
74146,-4
74147,-4
74148,-10
74149,-4
74150,0
74151,0
74152,0
74153,0
74154,-4
74155,-4
74156,0
74157,-4
74158,-4
74159,0
74160,-4
74161,6
74162,-4
74163,-4
74164,6
74165,0
74166,-4
74167,2
74168,-4
74169,4
74170,0
74171,0
74172,-4
74173,0
74174,0
74175,2
74176,0
74177,-4
74178,-4
74179,0
74180,-4
74181,0
74182,0
74183,2
74184,0
74185,0
74186,0
74187,0
74188,4
74189,6
74190,4
74191,4
74192,0
74193,0
74194,6
74195,0
74196,0
74197,4
74198,0
74199,4
74200,0
74201,0
74202,-20
74203,0
74204,12
74205,2
74206,0
74207,0
74208,24
74209,0
74210,0
74211,4
74212,2
74213,-4
74214,0
74215,4
74216,6
74217,2
74218,0
74219,-4
74220,0
74221,0
74222,-4
74223,-16
74224,0
74225,2
74226,-20
74227,0
74228,0
74229,0
74230,0
74231,0
74232,0
74233,0
74234,18
74235,0
74236,-4
74237,-2
74238,0
74239,0
74240,-4
74241,-4
74242,0
74243,0
74244,0
74245,-4
74246,-4
74247,-4
74248,-4
74249,-4
74250,-4
74251,0
74252,-4
74253,-4
74254,-4
74255,-4
74256,-4
74257,-4
74258,-6
74259,-4
74260,4
74261,-4
74262,-4
74263,-4
74264,-20
74265,-4
74266,-4
74267,-6
74268,0
74269,6
74270,0
74271,0
74272,0
74273,0
74274,-4
74275,0
74276,0
74277,-4
74278,0
74279,0
74280,14
74281,0
74282,0
74283,0
74284,4
74285,0
74286,0
74287,2
74288,4
74289,0
74290,0
74291,0
74292,0
74293,0
74294,2
74295,0
74296,0
74297,0
74298,4
74299,2
74300,4
74301,0
74302,0
74303,12
74304,0
74305,6
74306,0
74307,0
74308,0
74309,6
74310,6
74311,2
74312,10
74313,2
74314,-4
74315,-4
74316,14
74317,-4
74318,-4
74319,0
74320,0
74321,-4
74322,0
74323,-4
74324,0
74325,-4
74326,0
74327,-8
74328,0
74329,0
74330,-4
74331,0
74332,0
74333,-4
74334,0
74335,-4
74336,0
74337,-4
74338,4
74339,-4
74340,-4
74341,0
74342,0
74343,-4
74344,0
74345,-4
74346,0
74347,0
74348,-4
74349,-4
74350,0
74351,-4
74352,-8
74353,-4
74354,-4
74355,-4
74356,-4
74357,-4
74358,0
74359,-8
74360,0
74361,0
74362,6
74363,-4
74364,-4
74365,-4
74366,0
74367,0
74368,0
74369,0
74370,0
74371,6
74372,0
74373,0
74374,0
74375,-4
74376,0
74377,0
74378,2
74379,0
74380,0
74381,0
74382,0
74383,-22
74384,4
74385,2
74386,0
74387,0
74388,0
74389,14
74390,0
74391,-4
74392,-10
74393,0
74394,0
74395,-8
74396,0
74397,0
74398,0
74399,0
74400,0
74401,2
74402,4
74403,0
74404,16
74405,0
74406,0
74407,-4
74408,0
74409,2
74410,-6
74411,2
74412,0
74413,-2
74414,12
74415,0
74416,0
74417,2
74418,0
74419,2
74420,0
74421,-24
74422,-4
74423,0
74424,0
74425,0
74426,0
74427,4
74428,0
74429,-4
74430,0
74431,0
74432,0
74433,-4
74434,0
74435,-4
74436,0
74437,0
74438,-4
74439,-4
74440,-4
74441,0
74442,-4
74443,4
74444,0
74445,0
74446,-4
74447,-4
74448,-6
74449,0
74450,-4
74451,0
74452,-4
74453,-14
74454,-4
74455,6
74456,0
74457,0
74458,0
74459,-4
74460,0
74461,-6
74462,6
74463,0
74464,2
74465,-4
74466,2
74467,24
74468,-4
74469,-6
74470,0
74471,0
74472,0
74473,2
74474,-2
74475,0
74476,0
74477,0
74478,0
74479,2
74480,0
74481,0
74482,0
74483,0
74484,0
74485,0
74486,6
74487,2
74488,4
74489,0
74490,-4
74491,0
74492,-4
74493,-6
74494,0
74495,0
74496,0
74497,-4
74498,2
74499,2
74500,0
74501,2
74502,0
74503,10
74504,0
74505,20
74506,6
74507,0
74508,-8
74509,0
74510,0
74511,0
74512,6
74513,-4
74514,0
74515,6
74516,0
74517,0
74518,-4
74519,0
74520,0
74521,2
74522,0
74523,0
74524,0
74525,-4
74526,0
74527,10
74528,0
74529,0
74530,-4
74531,-28
74532,-38
74533,-46
74534,-36
74535,-16
74536,-6
74537,0
74538,16
74539,24
74540,18
74541,-8
74542,0
74543,6
74544,28
74545,0
74546,-16
74547,-14
74548,-14
74549,2
74550,-10
74551,-4
74552,0
74553,0
74554,4
74555,0
74556,6
74557,4
74558,0
74559,12
74560,4
74561,0
74562,-6
74563,-4
74564,-4
74565,-4
74566,4
74567,-4
74568,-4
74569,-4
74570,-4
74571,0
74572,2
74573,4
74574,6
74575,4
74576,4
74577,6
74578,10
74579,6
74580,10
74581,6
74582,10
74583,10
74584,10
74585,10
74586,6
74587,6
74588,6
74589,6
74590,6
74591,6
74592,6
74593,0
74594,4
74595,4
74596,0
74597,-14
74598,0
74599,2
74600,0
74601,4
74602,0
74603,0
74604,0
74605,-2
74606,0
74607,2
74608,10
74609,2
74610,0
74611,10
74612,0
74613,-4
74614,-4
74615,10
74616,0
74617,4
74618,12
74619,-2
74620,-4
74621,2
74622,0
74623,0
74624,0
74625,-4
74626,0
74627,10
74628,-4
74629,-4
74630,0
74631,-4
74632,-4
74633,0
74634,-4
74635,0
74636,0
74637,2
74638,-4
74639,-4
74640,0
74641,0
74642,0
74643,-4
74644,0
74645,0
74646,0
74647,-4
74648,-4
74649,0
74650,0
74651,0
74652,0
74653,0
74654,0
74655,-6
74656,0
74657,-4
74658,6
74659,4
74660,-4
74661,24
74662,0
74663,0
74664,0
74665,2
74666,2
74667,-4
74668,0
74669,2
74670,0
74671,0
74672,6
74673,-4
74674,-4
74675,0
74676,0
74677,2
74678,0
74679,0
74680,0
74681,0
74682,2
74683,0
74684,6
74685,0
74686,0
74687,0
74688,0
74689,6
74690,-4
74691,0
74692,4
74693,2
74694,2
74695,0
74696,0
74697,0
74698,2
74699,2
74700,0
74701,2
74702,14
74703,0
74704,26
74705,0
74706,0
74707,-10
74708,2
74709,0
74710,2
74711,-12
74712,0
74713,2
74714,-4
74715,6
74716,-4
74717,0
74718,-4
74719,0
74720,-4
74721,0
74722,0
74723,-6
74724,0
74725,0
74726,0
74727,-4
74728,0
74729,0
74730,0
74731,0
74732,0
74733,2
74734,0
74735,0
74736,-4
74737,0
74738,0
74739,0
74740,0
74741,-4
74742,-2
74743,-4
74744,0
74745,-4
74746,0
74747,0
74748,2
74749,-4
74750,-4
74751,0
74752,0
74753,-4
74754,-4
74755,0
74756,0
74757,-14
74758,0
74759,-4
74760,-4
74761,-4
74762,0
74763,-6
74764,-6
74765,0
74766,0
74767,2
74768,0
74769,4
74770,-2
74771,-4
74772,-4
74773,0
74774,0
74775,0
74776,0
74777,0
74778,-14
74779,-12
74780,2
74781,4
74782,2
74783,0
74784,0
74785,0
74786,0
74787,4
74788,0
74789,6
74790,0
74791,0
74792,4
74793,4
74794,4
74795,-4
74796,0
74797,-4
74798,-8
74799,-4
74800,-6
74801,-4
74802,-4
74803,-14
74804,0
74805,14
74806,4
74807,4
74808,14
74809,4
74810,2
74811,10
74812,0
74813,0
74814,2
74815,10
74816,-4
74817,-4
74818,0
74819,-4
74820,-4
74821,2
74822,0
74823,6
74824,0
74825,0
74826,6
74827,0
74828,2
74829,6
74830,6
74831,0
74832,0
74833,0
74834,2
74835,-4
74836,-4
74837,0
74838,-4
74839,-4
74840,0
74841,-8
74842,-4
74843,-4
74844,0
74845,-4
74846,-4
74847,-4
74848,-4
74849,-4
74850,0
74851,-4
74852,-4
74853,-4
74854,10
74855,-4
74856,4
74857,0
74858,0
74859,24
74860,-4
74861,0
74862,0
74863,0
74864,-4
74865,6
74866,0
74867,-2
74868,0
74869,0
74870,10
74871,0
74872,0
74873,-4
74874,0
74875,0
74876,0
74877,0
74878,0
74879,2
74880,0
74881,6
74882,0
74883,0
74884,0
74885,0
74886,0
74887,6
74888,4
74889,0
74890,0
74891,0
74892,10
74893,0
74894,-4
74895,0
74896,0
74897,-4
74898,4
74899,2
74900,2
74901,-8
74902,0
74903,0
74904,-8
74905,2
74906,0
74907,2
74908,0
74909,0
74910,-14
74911,0
74912,4
74913,-8
74914,4
74915,0
74916,-4
74917,-14
74918,0
74919,6
74920,0
74921,14
74922,0
74923,0
74924,0
74925,2
74926,-4
74927,6
74928,0
74929,-4
74930,2
74931,-4
74932,-4
74933,4
74934,-4
74935,-4
74936,-4
74937,0
74938,0
74939,-4
74940,-4
74941,0
74942,0
74943,-4
74944,-4
74945,-4
74946,0
74947,-4
74948,-4
74949,-4
74950,-4
74951,0
74952,0
74953,-8
74954,-4
74955,-4
74956,-4
74957,-8
74958,0
74959,-4
74960,-12
74961,0
74962,0
74963,0
74964,0
74965,0
74966,0
74967,16
74968,0
74969,2
74970,0
74971,0
74972,-4
74973,2
74974,0
74975,0
74976,0
74977,0
74978,-4
74979,0
74980,6
74981,4
74982,-6
74983,10
74984,0
74985,0
74986,0
74987,4
74988,0
74989,0
74990,4
74991,0
74992,-2
74993,10
74994,0
74995,2
74996,0
74997,4
74998,2
74999,0
75000,0
75001,0
75002,4
75003,10
75004,2
75005,-18
75006,4
75007,0
75008,24
75009,0
75010,2
75011,12
75012,2
75013,0
75014,6
75015,0
75016,0
75017,-4
75018,10
75019,-4
75020,-20
75021,0
75022,0
75023,0
75024,0
75025,0
75026,6
75027,0
75028,0
75029,0
75030,0
75031,-4
75032,0
75033,-4
75034,0
75035,0
75036,-4
75037,-4
75038,0
75039,-4
75040,-4
75041,0
75042,-10
75043,-4
75044,-4
75045,-4
75046,-4
75047,-4
75048,2
75049,0
75050,10
75051,-4
75052,0
75053,4
75054,0
75055,-6
75056,-4
75057,0
75058,-4
75059,-4
75060,0
75061,2
75062,-4
75063,-4
75064,20
75065,0
75066,0
75067,-4
75068,-4
75069,2
75070,0
75071,0
75072,0
75073,0
75074,0
75075,0
75076,-4
75077,-4
75078,0
75079,0
75080,0
75081,4
75082,0
75083,0
75084,0
75085,0
75086,0
75087,0
75088,2
75089,0
75090,0
75091,6
75092,-4
75093,0
75094,6
75095,4
75096,6
75097,-4
75098,4
75099,4
75100,2
75101,0
75102,2
75103,-22
75104,0
75105,2
75106,0
75107,-14
75108,2
75109,4
75110,-4
75111,0
75112,0
75113,0
75114,0
75115,-4
75116,0
75117,6
75118,0
75119,0
75120,0
75121,18
75122,0
75123,-4
75124,4
75125,4
75126,0
75127,-4
75128,0
75129,0
75130,0
75131,0
75132,0
75133,0
75134,-4
75135,-4
75136,0
75137,-4
75138,-2
75139,-4
75140,0
75141,0
75142,-4
75143,-4
75144,-4
75145,0
75146,-2
75147,0
75148,-4
75149,-4
75150,-4
75151,-4
75152,-4
75153,-4
75154,-4
75155,-4
75156,0
75157,-4
75158,-4
75159,0
75160,0
75161,-4
75162,-4
75163,-4
75164,-4
75165,0
75166,6
75167,2
75168,0
75169,0
75170,0
75171,0
75172,0
75173,2
75174,-4
75175,2
75176,2
75177,0
75178,-4
75179,0
75180,0
75181,0
75182,0
75183,0
75184,0
75185,0
75186,0
75187,0
75188,0
75189,2
75190,0
75191,4
75192,0
75193,-10
75194,0
75195,0
75196,0
75197,0
75198,0
75199,-14
75200,0
75201,0
75202,4
75203,0
75204,-14
75205,0
75206,-4
75207,4
75208,0
75209,10
75210,0
75211,0
75212,18
75213,2
75214,0
75215,6
75216,-4
75217,0
75218,2
75219,0
75220,2
75221,0
75222,14
75223,6
75224,-6
75225,0
75226,0
75227,-16
75228,-4
75229,2
75230,0
75231,10
75232,0
75233,0
75234,-4
75235,2
75236,0
75237,0
75238,-4
75239,-4
75240,-4
75241,0
75242,-4
75243,-4
75244,-4
75245,2
75246,-4
75247,-4
75248,-4
75249,-4
75250,0
75251,-4
75252,0
75253,-4
75254,0
75255,-4
75256,-2
75257,0
75258,-4
75259,0
75260,-6
75261,-6
75262,-4
75263,-4
75264,-4
75265,0
75266,2
75267,-4
75268,-12
75269,-4
75270,-10
75271,0
75272,0
75273,-4
75274,0
75275,0
75276,0
75277,0
75278,0
75279,0
75280,0
75281,0
75282,-10
75283,6
75284,0
75285,0
75286,0
75287,0
75288,0
75289,0
75290,2
75291,0
75292,0
75293,4
75294,0
75295,-8
75296,-14
75297,2
75298,6
75299,2
75300,2
75301,0
75302,14
75303,-4
75304,4
75305,6
75306,0
75307,4
75308,-6
75309,2
75310,0
75311,16
75312,0
75313,-4
75314,-14
75315,-4
75316,0
75317,2
75318,-4
75319,2
75320,0
75321,-4
75322,0
75323,0
75324,0
75325,0
75326,0
75327,-4
75328,4
75329,10
75330,6
75331,0
75332,0
75333,0
75334,0
75335,0
75336,-4
75337,0
75338,-4
75339,0
75340,-4
75341,0
75342,-4
75343,-4
75344,0
75345,-4
75346,-4
75347,-8
75348,2
75349,0
75350,-4
75351,-2
75352,-4
75353,-6
75354,0
75355,-4
75356,-4
75357,-6
75358,0
75359,-4
75360,-6
75361,-4
75362,-4
75363,6
75364,-4
75365,0
75366,-4
75367,0
75368,0
75369,0
75370,-4
75371,-2
75372,6
75373,-2
75374,0
75375,4
75376,0
75377,2
75378,0
75379,0
75380,0
75381,0
75382,-4
75383,-4
75384,0
75385,2
75386,0
75387,4
75388,2
75389,0
75390,0
75391,4
75392,0
75393,2
75394,10
75395,0
75396,4
75397,2
75398,10
75399,2
75400,2
75401,0
75402,2
75403,2
75404,0
75405,0
75406,6
75407,0
75408,4
75409,0
75410,-4
75411,-4
75412,0
75413,6
75414,-4
75415,-4
75416,-2
75417,2
75418,0
75419,0
75420,0
75421,6
75422,0
75423,2
75424,0
75425,0
75426,16
75427,0
75428,0
75429,0
75430,0
75431,0
75432,0
75433,0
75434,4
75435,0
75436,2
75437,0
75438,0
75439,0
75440,0
75441,-4
75442,0
75443,-4
75444,2
75445,-4
75446,0
75447,0
75448,10
75449,-4
75450,-4
75451,0
75452,0
75453,-4
75454,-6
75455,-4
75456,-6
75457,0
75458,-4
75459,10
75460,-4
75461,0
75462,10
75463,-4
75464,0
75465,-16
75466,0
75467,4
75468,0
75469,0
75470,2
75471,-4
75472,0
75473,0
75474,0
75475,0
75476,4
75477,0
75478,0
75479,0
75480,2
75481,20
75482,0
75483,0
75484,0
75485,0
75486,2
75487,4
75488,2
75489,2
75490,-4
75491,0
75492,0
75493,2
75494,0
75495,0
75496,0
75497,4
75498,2
75499,10
75500,4
75501,6
75502,6
75503,0
75504,2
75505,-4
75506,0
75507,4
75508,4
75509,6
75510,0
75511,0
75512,14
75513,6
75514,4
75515,0
75516,2
75517,0
75518,0
75519,0
75520,0
75521,-4
75522,-4
75523,-4
75524,2
75525,-6
75526,0
75527,0
75528,0
75529,0
75530,4
75531,0
75532,-6
75533,0
75534,-14
75535,-4
75536,0
75537,0
75538,0
75539,0
75540,-4
75541,-6
75542,-4
75543,-4
75544,0
75545,-6
75546,-4
75547,0
75548,-4
75549,-4
75550,-4
75551,-4
75552,-4
75553,-4
75554,-4
75555,-4
75556,-4
75557,-4
75558,-4
75559,6
75560,0
75561,0
75562,-4
75563,-4
75564,0
75565,-6
75566,2
75567,0
75568,-4
75569,-4
75570,0
75571,0
75572,0
75573,0
75574,0
75575,0
75576,0
75577,-4
75578,0
75579,0
75580,2
75581,0
75582,0
75583,-4
75584,2
75585,0
75586,2
75587,0
75588,0
75589,0
75590,6
75591,4
75592,10
75593,0
75594,2
75595,0
75596,0
75597,0
75598,6
75599,6
75600,6
75601,0
75602,0
75603,6
75604,0
75605,-14
75606,2
75607,6
75608,0
75609,2
75610,4
75611,-10
75612,2
75613,-4
75614,-8
75615,0
75616,2
75617,0
75618,-4
75619,0
75620,-6
75621,0
75622,2
75623,-16
75624,0
75625,4
75626,0
75627,2
75628,-4
75629,-4
75630,0
75631,0
75632,-4
75633,0
75634,-6
75635,0
75636,-4
75637,-4
75638,0
75639,-6
75640,0
75641,-4
75642,-4
75643,0
75644,-24
75645,-4
75646,-6
75647,-4
75648,-6
75649,-4
75650,-4
75651,-4
75652,-4
75653,-4
75654,-4
75655,-4
75656,-4
75657,-4
75658,2
75659,0
75660,-4
75661,18
75662,-4
75663,-8
75664,6
75665,0
75666,0
75667,-4
75668,0
75669,0
75670,-4
75671,-6
75672,-4
75673,0
75674,0
75675,0
75676,0
75677,0
75678,0
75679,0
75680,4
75681,0
75682,0
75683,-4
75684,0
75685,2
75686,0
75687,-28
75688,0
75689,2
75690,4
75691,6
75692,0
75693,0
75694,-4
75695,2
75696,0
75697,0
75698,-14
75699,2
75700,0
75701,2
75702,0
75703,2
75704,0
75705,2
75706,-4
75707,2
75708,-4
75709,-14
75710,0
75711,4
75712,-8
75713,6
75714,6
75715,4
75716,-8
75717,-4
75718,-4
75719,18
75720,0
75721,0
75722,0
75723,2
75724,0
75725,0
75726,-8
75727,-4
75728,6
75729,4
75730,0
75731,-14
75732,0
75733,0
75734,0
75735,-4
75736,-4
75737,0
75738,-4
75739,-2
75740,-46
75741,-4
75742,-34
75743,-2
75744,0
75745,-6
75746,-6
75747,-6
75748,0
75749,0
75750,-28
75751,-2
75752,-4
75753,-4
75754,-10
75755,-4
75756,12
75757,0
75758,4
75759,0
75760,-4
75761,0
75762,-4
75763,0
75764,2
75765,-6
75766,0
75767,0
75768,-6
75769,2
75770,0
75771,0
75772,0
75773,6
75774,6
75775,-4
75776,0
75777,2
75778,4
75779,0
75780,0
75781,-4
75782,4
75783,-4
75784,4
75785,0
75786,4
75787,0
75788,0
75789,4
75790,2
75791,0
75792,0
75793,0
75794,-6
75795,6
75796,0
75797,0
75798,2
75799,6
75800,0
75801,2
75802,6
75803,-4
75804,2
75805,2
75806,4
75807,6
75808,10
75809,6
75810,0
75811,-4
75812,0
75813,0
75814,-8
75815,0
75816,-4
75817,0
75818,6
75819,4
75820,6
75821,0
75822,4
75823,0
75824,0
75825,0
75826,-4
75827,0
75828,6
75829,-4
75830,-4
75831,0
75832,0
75833,-4
75834,0
75835,-4
75836,-4
75837,-4
75838,0
75839,-6
75840,0
75841,0
75842,-4
75843,-4
75844,0
75845,0
75846,-4
75847,0
75848,-4
75849,0
75850,-4
75851,0
75852,-4
75853,-4
75854,-4
75855,6
75856,0
75857,0
75858,-4
75859,2
75860,-4
75861,0
75862,-4
75863,0
75864,-4
75865,-4
75866,2
75867,0
75868,-4
75869,-4
75870,-4
75871,6
75872,0
75873,0
75874,0
75875,0
75876,4
75877,0
75878,20
75879,0
75880,0
75881,2
75882,0
75883,0
75884,0
75885,2
75886,0
75887,0
75888,0
75889,-10
75890,2
75891,-4
75892,0
75893,0
75894,0
75895,0
75896,4
75897,0
75898,0
75899,0
75900,4
75901,6
75902,0
75903,0
75904,0
75905,0
75906,2
75907,14
75908,0
75909,6
75910,18
75911,-4
75912,2
75913,6
75914,0
75915,6
75916,0
75917,-10
75918,-4
75919,-4
75920,0
75921,0
75922,0
75923,0
75924,-14
75925,0
75926,0
75927,-2
75928,0
75929,0
75930,0
75931,-4
75932,0
75933,-4
75934,-4
75935,0
75936,-4
75937,-4
75938,0
75939,-4
75940,-4
75941,-4
75942,14
75943,-4
75944,-4
75945,-4
75946,-4
75947,0
75948,0
75949,0
75950,-4
75951,-4
75952,-10
75953,-4
75954,-4
75955,-8
75956,0
75957,-4
75958,-4
75959,-4
75960,-6
75961,-6
75962,0
75963,-4
75964,-6
75965,-4
75966,-2
75967,6
75968,-4
75969,0
75970,0
75971,2
75972,0
75973,0
75974,0
75975,0
75976,4
75977,0
75978,0
75979,0
75980,0
75981,-4
75982,-4
75983,0
75984,0
75985,0
75986,0
75987,0
75988,2
75989,4
75990,0
75991,2
75992,0
75993,2
75994,2
75995,6
75996,0
75997,6
75998,10
75999,4
76000,2
76001,4
76002,0
76003,0
76004,0
76005,4
76006,0
76007,4
76008,18
76009,0
76010,4
76011,6
76012,6
76013,2
76014,0
76015,6
76016,0
76017,0
76018,-4
76019,0
76020,0
76021,0
76022,0
76023,0
76024,0
76025,0
76026,6
76027,-4
76028,0
76029,0
76030,0
76031,0
76032,-10
76033,0
76034,0
76035,0
76036,2
76037,-4
76038,0
76039,0
76040,-4
76041,-4
76042,0
76043,-4
76044,-4
76045,-4
76046,-6
76047,0
76048,-4
76049,-6
76050,-4
76051,-4
76052,-6
76053,0
76054,-4
76055,-4
76056,0
76057,-4
76058,-4
76059,6
76060,0
76061,-4
76062,-4
76063,10
76064,0
76065,-4
76066,0
76067,0
76068,0
76069,0
76070,-4
76071,0
76072,0
76073,-4
76074,6
76075,20
76076,0
76077,4
76078,-4
76079,0
76080,-12
76081,0
76082,4
76083,0
76084,0
76085,4
76086,0
76087,0
76088,2
76089,0
76090,4
76091,-4
76092,2
76093,4
76094,0
76095,-8
76096,6
76097,0
76098,0
76099,2
76100,0
76101,0
76102,2
76103,0
76104,2
76105,-4
76106,0
76107,6
76108,4
76109,-4
76110,0
76111,26
76112,4
76113,0
76114,-4
76115,4
76116,0
76117,4
76118,10
76119,4
76120,2
76121,0
76122,-20
76123,-4
76124,0
76125,0
76126,-4
76127,0
76128,2
76129,0
76130,0
76131,0
76132,4
76133,0
76134,-4
76135,0
76136,-4
76137,0
76138,-2
76139,-4
76140,-4
76141,0
76142,-4
76143,-6
76144,-4
76145,0
76146,-4
76147,-4
76148,-4
76149,-6
76150,-4
76151,-4
76152,0
76153,-4
76154,-22
76155,-4
76156,-4
76157,-4
76158,0
76159,-2
76160,0
76161,4
76162,-4
76163,0
76164,6
76165,0
76166,0
76167,0
76168,0
76169,0
76170,0
76171,-4
76172,-4
76173,-4
76174,4
76175,-4
76176,0
76177,-4
76178,0
76179,4
76180,0
76181,-4
76182,0
76183,6
76184,-4
76185,0
76186,-4
76187,0
76188,0
76189,0
76190,0
76191,0
76192,4
76193,-6
76194,2
76195,0
76196,6
76197,2
76198,2
76199,-16
76200,4
76201,10
76202,4
76203,0
76204,4
76205,0
76206,0
76207,2
76208,0
76209,-4
76210,2
76211,2
76212,4
76213,4
76214,0
76215,0
76216,-4
76217,-6
76218,0
76219,0
76220,0
76221,0
76222,0
76223,0
76224,6
76225,6
76226,0
76227,-4
76228,-4
76229,4
76230,0
76231,2
76232,0
76233,0
76234,-4
76235,-4
76236,-4
76237,0
76238,-4
76239,0
76240,6
76241,-4
76242,-4
76243,-4
76244,-4
76245,-4
76246,-4
76247,-4
76248,-4
76249,-4
76250,-4
76251,-4
76252,0
76253,0
76254,-4
76255,10
76256,-4
76257,0
76258,0
76259,0
76260,-18
76261,0
76262,-4
76263,-24
76264,-4
76265,0
76266,0
76267,0
76268,-4
76269,-6
76270,-4
76271,2
76272,0
76273,0
76274,0
76275,0
76276,0
76277,12
76278,0
76279,-4
76280,0
76281,4
76282,0
76283,2
76284,2
76285,2
76286,0
76287,2
76288,0
76289,0
76290,4
76291,0
76292,0
76293,0
76294,2
76295,0
76296,-4
76297,0
76298,0
76299,2
76300,-4
76301,0
76302,2
76303,2
76304,2
76305,0
76306,0
76307,0
76308,-4
76309,10
76310,0
76311,0
76312,0
76313,10
76314,2
76315,0
76316,-4
76317,10
76318,2
76319,0
76320,6
76321,0
76322,-6
76323,0
76324,0
76325,0
76326,0
76327,0
76328,0
76329,0
76330,0
76331,-4
76332,0
76333,0
76334,2
76335,-4
76336,-4
76337,0
76338,-4
76339,0
76340,0
76341,0
76342,0
76343,0
76344,-4
76345,-4
76346,-4
76347,0
76348,0
76349,-4
76350,-4
76351,-4
76352,-2
76353,10
76354,-4
76355,-4
76356,-10
76357,-4
76358,0
76359,16
76360,0
76361,-4
76362,-20
76363,-6
76364,0
76365,0
76366,0
76367,0
76368,0
76369,-4
76370,-4
76371,0
76372,-4
76373,0
76374,0
76375,0
76376,2
76377,4
76378,-4
76379,0
76380,-4
76381,0
76382,0
76383,2
76384,-4
76385,0
76386,0
76387,2
76388,0
76389,0
76390,4
76391,2
76392,0
76393,2
76394,0
76395,0
76396,-4
76397,0
76398,2
76399,0
76400,2
76401,0
76402,-4
76403,0
76404,2
76405,0
76406,4
76407,18
76408,0
76409,6
76410,-10
76411,6
76412,0
76413,10
76414,6
76415,-4
76416,4
76417,4
76418,-4
76419,0
76420,10
76421,0
76422,0
76423,0
76424,0
76425,0
76426,4
76427,0
76428,0
76429,0
76430,-4
76431,0
76432,0
76433,0
76434,2
76435,-4
76436,-4
76437,0
76438,0
76439,-4
76440,-4
76441,0
76442,-4
76443,-4
76444,-4
76445,0
76446,-6
76447,0
76448,0
76449,0
76450,0
76451,0
76452,0
76453,-4
76454,-4
76455,-4
76456,-4
76457,-4
76458,-4
76459,0
76460,-4
76461,-4
76462,-4
76463,2
76464,-4
76465,0
76466,4
76467,6
76468,0
76469,0
76470,0
76471,-4
76472,0
76473,-14
76474,-6
76475,0
76476,4
76477,-4
76478,20
76479,0
76480,0
76481,2
76482,0
76483,-4
76484,-4
76485,2
76486,2
76487,0
76488,0
76489,0
76490,4
76491,0
76492,2
76493,0
76494,4
76495,-10
76496,2
76497,0
76498,0
76499,10
76500,6
76501,24
76502,0
76503,0
76504,6
76505,6
76506,4
76507,0
76508,0
76509,24
76510,0
76511,0
76512,-6
76513,2
76514,-4
76515,0
76516,-10
76517,-4
76518,0
76519,-4
76520,0
76521,-4
76522,0
76523,0
76524,-6
76525,-4
76526,4
76527,0
76528,2
76529,0
76530,0
76531,0
76532,0
76533,-4
76534,0
76535,0
76536,-4
76537,-4
76538,0
76539,-4
76540,-4
76541,0
76542,-2
76543,0
76544,-4
76545,0
76546,-4
76547,-4
76548,0
76549,-4
76550,0
76551,0
76552,-4
76553,0
76554,-4
76555,4
76556,-4
76557,-4
76558,0
76559,-4
76560,-4
76561,-4
76562,4
76563,-4
76564,0
76565,2
76566,2
76567,0
76568,0
76569,0
76570,0
76571,0
76572,0
76573,0
76574,0
76575,0
76576,0
76577,2
76578,0
76579,0
76580,-6
76581,0
76582,0
76583,0
76584,-4
76585,24
76586,2
76587,0
76588,0
76589,2
76590,0
76591,2
76592,-4
76593,0
76594,0
76595,0
76596,-4
76597,2
76598,0
76599,2
76600,6
76601,6
76602,0
76603,0
76604,2
76605,6
76606,4
76607,2
76608,0
76609,0
76610,0
76611,6
76612,10
76613,4
76614,0
76615,4
76616,10
76617,0
76618,0
76619,6
76620,0
76621,0
76622,0
76623,-14
76624,6
76625,0
76626,-4
76627,0
76628,-4
76629,0
76630,0
76631,0
76632,0
76633,-4
76634,2
76635,0
76636,0
76637,-4
76638,0
76639,0
76640,-4
76641,0
76642,0
76643,0
76644,-4
76645,-4
76646,-4
76647,0
76648,-4
76649,-4
76650,-4
76651,-2
76652,-4
76653,-4
76654,-4
76655,6
76656,-2
76657,-8
76658,0
76659,0
76660,24
76661,-4
76662,-4
76663,10
76664,0
76665,0
76666,-6
76667,0
76668,-4
76669,0
76670,0
76671,-6
76672,-4
76673,0
76674,-4
76675,-4
76676,-4
76677,0
76678,14
76679,0
76680,0
76681,0
76682,0
76683,0
76684,4
76685,2
76686,2
76687,0
76688,0
76689,0
76690,2
76691,0
76692,0
76693,2
76694,0
76695,0
76696,2
76697,0
76698,0
76699,0
76700,6
76701,0
76702,4
76703,-6
76704,0
76705,2
76706,0
76707,0
76708,4
76709,18
76710,-4
76711,0
76712,4
76713,0
76714,0
76715,-4
76716,0
76717,0
76718,0
76719,4
76720,2
76721,12
76722,0
76723,0
76724,0
76725,20
76726,0
76727,0
76728,28
76729,4
76730,-4
76731,0
76732,0
76733,0
76734,0
76735,0
76736,0
76737,0
76738,0
76739,0
76740,0
76741,0
76742,-4
76743,-6
76744,0
76745,-4
76746,-4
76747,0
76748,-4
76749,-4
76750,0
76751,-4
76752,-8
76753,-4
76754,0
76755,0
76756,6
76757,0
76758,-4
76759,-4
76760,0
76761,-8
76762,0
76763,0
76764,-14
76765,2
76766,0
76767,2
76768,28
76769,-4
76770,6
76771,-4
76772,6
76773,0
76774,-4
76775,0
76776,0
76777,10
76778,0
76779,0
76780,-4
76781,6
76782,2
76783,-4
76784,0
76785,0
76786,2
76787,4
76788,0
76789,2
76790,4
76791,-6
76792,2
76793,4
76794,-4
76795,0
76796,0
76797,10
76798,-4
76799,4
76800,0
76801,6
76802,2
76803,0
76804,10
76805,0
76806,2
76807,0
76808,14
76809,2
76810,0
76811,-4
76812,0
76813,6
76814,0
76815,6
76816,0
76817,-4
76818,-8
76819,0
76820,0
76821,0
76822,-4
76823,0
76824,4
76825,0
76826,0
76827,0
76828,6
76829,0
76830,0
76831,0
76832,-4
76833,0
76834,-4
76835,0
76836,-4
76837,0
76838,0
76839,-4
76840,-4
76841,4
76842,-4
76843,10
76844,2
76845,0
76846,-4
76847,2
76848,-4
76849,0
76850,-4
76851,0
76852,-4
76853,-4
76854,-6
76855,-4
76856,-4
76857,0
76858,0
76859,-4
76860,0
76861,-4
76862,-4
76863,-4
76864,-4
76865,0
76866,-4
76867,0
76868,-2
76869,0
76870,0
76871,0
76872,0
76873,-4
76874,0
76875,0
76876,0
76877,0
76878,0
76879,6
76880,2
76881,2
76882,-4
76883,4
76884,0
76885,0
76886,-4
76887,4
76888,0
76889,2
76890,2
76891,-4
76892,4
76893,0
76894,0
76895,4
76896,4
76897,0
76898,6
76899,-4
76900,0
76901,2
76902,2
76903,0
76904,0
76905,6
76906,0
76907,-14
76908,0
76909,0
76910,-6
76911,6
76912,-4
76913,-6
76914,-4
76915,0
76916,-12
76917,2
76918,0
76919,6
76920,-4
76921,0
76922,0
76923,10
76924,0
76925,-4
76926,0
76927,0
76928,0
76929,0
76930,-14
76931,0
76932,0
76933,0
76934,0
76935,-4
76936,0
76937,0
76938,-4
76939,0
76940,0
76941,0
76942,-4
76943,0
76944,0
76945,-4
76946,-8
76947,-4
76948,-4
76949,-4
76950,-4
76951,0
76952,-4
76953,-4
76954,-4
76955,0
76956,-4
76957,-4
76958,0
76959,-4
76960,-4
76961,-4
76962,2
76963,0
76964,0
76965,-4
76966,0
76967,0
76968,0
76969,0
76970,0
76971,4
76972,-4
76973,2
76974,0
76975,0
76976,0
76977,-2
76978,14
76979,0
76980,0
76981,2
76982,0
76983,0
76984,0
76985,-2
76986,-4
76987,0
76988,6
76989,4
76990,4
76991,0
76992,0
76993,0
76994,0
76995,-10
76996,2
76997,-4
76998,2
76999,6
77000,6
77001,0
77002,2
77003,-4
77004,4
77005,2
77006,6
77007,0
77008,0
77009,28
77010,0
77011,0
77012,2
77013,0
77014,6
77015,0
77016,2
77017,0
77018,-4
77019,-12
77020,0
77021,6
77022,0
77023,0
77024,14
77025,-4
77026,0
77027,0
77028,2
77029,0
77030,0
77031,-4
77032,0
77033,0
77034,0
77035,0
77036,10
77037,-4
77038,-4
77039,-4
77040,0
77041,0
77042,-4
77043,-6
77044,-4
77045,6
77046,-4
77047,-4
77048,-4
77049,-4
77050,-4
77051,-4
77052,0
77053,-4
77054,0
77055,-4
77056,18
77057,-4
77058,0
77059,-4
77060,-4
77061,-4
77062,0
77063,-4
77064,0
77065,0
77066,-4
77067,0
77068,4
77069,0
77070,0
77071,0
77072,-4
77073,0
77074,0
77075,-4
77076,0
77077,0
77078,4
77079,0
77080,0
77081,0
77082,0
77083,0
77084,-6
77085,0
77086,2
77087,2
77088,4
77089,0
77090,-4
77091,2
77092,12
77093,0
77094,0
77095,0
77096,2
77097,0
77098,6
77099,0
77100,4
77101,4
77102,4
77103,0
77104,-4
77105,6
77106,0
77107,6
77108,-4
77109,0
77110,0
77111,18
77112,2
77113,4
77114,14
77115,2
77116,0
77117,0
77118,-6
77119,0
77120,-4
77121,0
77122,0
77123,0
77124,0
77125,0
77126,0
77127,0
77128,2
77129,0
77130,0
77131,0
77132,0
77133,0
77134,0
77135,-4
77136,-4
77137,0
77138,-4
77139,0
77140,-4
77141,-4
77142,-4
77143,-4
77144,0
77145,-4
77146,0
77147,12
77148,-4
77149,0
77150,-4
77151,-20
77152,-4
77153,-4
77154,0
77155,-4
77156,-2
77157,-4
77158,0
77159,-4
77160,0
77161,-4
77162,28
77163,-4
77164,0
77165,0
77166,-6
77167,-4
77168,-2
77169,-4
77170,0
77171,0
77172,-4
77173,0
77174,0
77175,0
77176,0
77177,0
77178,0
77179,0
77180,0
77181,0
77182,2
77183,-4
77184,0
77185,0
77186,-4
77187,4
77188,16
77189,2
77190,-4
77191,0
77192,4
77193,0
77194,0
77195,0
77196,6
77197,-4
77198,6
77199,2
77200,2
77201,-10
77202,4
77203,-4
77204,0
77205,6
77206,0
77207,0
77208,0
77209,-4
77210,12
77211,6
77212,4
77213,0
77214,-4
77215,2
77216,6
77217,0
77218,-4
77219,0
77220,0
77221,0
77222,0
77223,0
77224,0
77225,-14
77226,10
77227,2
77228,0
77229,0
77230,-18
77231,10
77232,2
77233,-4
77234,0
77235,0
77236,0
77237,-4
77238,-4
77239,0
77240,-4
77241,0
77242,-4
77243,0
77244,0
77245,0
77246,0
77247,-28
77248,4
77249,-4
77250,-4
77251,-4
77252,-4
77253,-4
77254,-4
77255,-4
77256,-10
77257,-4
77258,0
77259,-4
77260,-4
77261,-4
77262,-18
77263,0
77264,-4
77265,-12
77266,-4
77267,2
77268,0
77269,0
77270,-4
77271,0
77272,-4
77273,0
77274,-4
77275,-4
77276,0
77277,0
77278,-4
77279,0
77280,18
77281,4
77282,6
77283,0
77284,0
77285,0
77286,0
77287,0
77288,0
77289,0
77290,2
77291,2
77292,0
77293,2
77294,6
77295,4
77296,-6
77297,2
77298,10
77299,6
77300,2
77301,4
77302,4
77303,0
77304,0
77305,0
77306,-6
77307,0
77308,6
77309,-10
77310,0
77311,-4
77312,0
77313,0
77314,-4
77315,-4
77316,20
77317,0
77318,0
77319,-8
77320,0
77321,0
77322,0
77323,4
77324,0
77325,0
77326,-4
77327,0
77328,-14
77329,0
77330,2
77331,0
77332,-4
77333,-4
77334,-4
77335,0
77336,-4
77337,-4
77338,0
77339,0
77340,0
77341,-4
77342,0
77343,0
77344,6
77345,-4
77346,-4
77347,0
77348,-4
77349,-4
77350,-6
77351,-4
77352,6
77353,-2
77354,-4
77355,-6
77356,-4
77357,6
77358,-4
77359,-4
77360,-18
77361,-4
77362,-4
77363,-4
77364,0
77365,-4
77366,-10
77367,-2
77368,-4
77369,-4
77370,2
77371,-4
77372,-4
77373,-14
77374,0
77375,0
77376,0
77377,0
77378,0
77379,6
77380,0
77381,0
77382,2
77383,0
77384,0
77385,0
77386,4
77387,0
77388,44
77389,0
77390,4
77391,0
77392,0
77393,6
77394,-10
77395,0
77396,0
77397,0
77398,0
77399,0
77400,10
77401,2
77402,12
77403,0
77404,0
77405,-4
77406,4
77407,0
77408,0
77409,0
77410,0
77411,6
77412,6
77413,4
77414,-24
77415,0
77416,2
77417,-4
77418,0
77419,0
77420,-4
77421,0
77422,-4
77423,0
77424,-2
77425,20
77426,24
77427,-4
77428,0
77429,0
77430,-4
77431,0
77432,-10
77433,-4
77434,0
77435,10
77436,0
77437,-10
77438,-4
77439,-4
77440,-4
77441,-4
77442,-10
77443,-6
77444,-4
77445,-4
77446,0
77447,6
77448,-6
77449,-4
77450,0
77451,-4
77452,0
77453,-4
77454,0
77455,0
77456,-4
77457,-4
77458,6
77459,-4
77460,0
77461,10
77462,-4
77463,-4
77464,-10
77465,-6
77466,-4
77467,0
77468,0
77469,0
77470,-8
77471,0
77472,6
77473,0
77474,0
77475,-4
77476,0
77477,2
77478,0
77479,0
77480,0
77481,0
77482,0
77483,0
77484,0
77485,0
77486,2
77487,6
77488,0
77489,0
77490,2
77491,4
77492,2
77493,2
77494,0
77495,14
77496,0
77497,0
77498,0
77499,0
77500,4
77501,0
77502,0
77503,2
77504,4
77505,0
77506,2
77507,2
77508,0
77509,10
77510,4
77511,4
77512,4
77513,0
77514,0
77515,0
77516,0
77517,2
77518,0
77519,2
77520,-22
77521,0
77522,-12
77523,0
77524,0
77525,0
77526,0
77527,0
77528,6
77529,4
77530,-4
77531,10
77532,-6
77533,0
77534,-4
77535,-4
77536,-4
77537,0
77538,-4
77539,-4
77540,-4
77541,-12
77542,0
77543,0
77544,-4
77545,-6
77546,0
77547,0
77548,-22
77549,0
77550,-4
77551,-4
77552,-4
77553,18
77554,6
77555,-4
77556,0
77557,-8
77558,0
77559,0
77560,-4
77561,-4
77562,-4
77563,-4
77564,0
77565,-4
77566,-4
77567,0
77568,-4
77569,10
77570,0
77571,-2
77572,0
77573,2
77574,-2
77575,0
77576,2
77577,0
77578,-4
77579,4
77580,0
77581,2
77582,0
77583,4
77584,0
77585,0
77586,0
77587,0
77588,0
77589,6
77590,0
77591,-4
77592,-4
77593,0
77594,-4
77595,0
77596,0
77597,-6
77598,0
77599,-8
77600,2
77601,6
77602,4
77603,-4
77604,0
77605,2
77606,-18
77607,4
77608,-6
77609,2
77610,0
77611,0
77612,-4
77613,6
77614,0
77615,0
77616,4
77617,0
77618,0
77619,0
77620,-14
77621,0
77622,4
77623,2
77624,0
77625,-10
77626,-6
77627,-4
77628,0
77629,-18
77630,0
77631,0
77632,4
77633,-4
77634,0
77635,0
77636,0
77637,-4
77638,0
77639,0
77640,0
77641,-4
77642,-4
77643,0
77644,-4
77645,0
77646,0
77647,-6
77648,-4
77649,0
77650,-4
77651,-4
77652,-4
77653,-8
77654,0
77655,0
77656,-4
77657,0
77658,-4
77659,0
77660,6
77661,0
77662,0
77663,0
77664,0
77665,0
77666,2
77667,-4
77668,2
77669,0
77670,-20
77671,-4
77672,-10
77673,0
77674,0
77675,0
77676,0
77677,0
77678,-4
77679,0
77680,-2
77681,6
77682,-16
77683,0
77684,0
77685,6
77686,16
77687,2
77688,2
77689,-4
77690,0
77691,0
77692,6
77693,0
77694,4
77695,0
77696,0
77697,4
77698,2
77699,6
77700,2
77701,6
77702,-4
77703,4
77704,0
77705,2
77706,0
77707,14
77708,4
77709,6
77710,-4
77711,0
77712,0
77713,14
77714,0
77715,6
77716,-4
77717,0
77718,4
77719,0
77720,-4
77721,0
77722,0
77723,0
77724,0
77725,2
77726,0
77727,-4
77728,-4
77729,0
77730,-16
77731,0
77732,14
77733,4
77734,0
77735,0
77736,0
77737,0
77738,-6
77739,0
77740,-2
77741,-4
77742,-4
77743,-4
77744,-4
77745,-4
77746,0
77747,0
77748,0
77749,-24
77750,0
77751,-4
77752,2
77753,-4
77754,-4
77755,-20
77756,-4
77757,-4
77758,-4
77759,-14
77760,-4
77761,-4
77762,-6
77763,-4
77764,0
77765,-4
77766,-6
77767,0
77768,-6
77769,-4
77770,0
77771,2
77772,0
77773,0
77774,0
77775,2
77776,0
77777,-2
77778,0
77779,0
77780,2
77781,-2
77782,0
77783,0
77784,0
77785,0
77786,2
77787,4
77788,0
77789,2
77790,0
77791,0
77792,0
77793,-4
77794,0
77795,2
77796,0
77797,2
77798,0
77799,0
77800,-6
77801,6
77802,6
77803,0
77804,0
77805,0
77806,0
77807,0
77808,4
77809,6
77810,0
77811,6
77812,-10
77813,0
77814,4
77815,14
77816,2
77817,0
77818,-4
77819,0
77820,2
77821,-8
77822,0
77823,24
77824,0
77825,0
77826,0
77827,0
77828,-4
77829,2
77830,0
77831,10
77832,0
77833,-4
77834,-4
77835,0
77836,6
77837,0
77838,-4
77839,0
77840,0
77841,-4
77842,-4
77843,-4
77844,-4
77845,-4
77846,-4
77847,-4
77848,-4
77849,2
77850,0
77851,-4
77852,-6
77853,-4
77854,-4
77855,-4
77856,2
77857,-6
77858,-8
77859,-4
77860,0
77861,24
77862,-4
77863,-8
77864,-28
77865,0
77866,0
77867,6
77868,-4
77869,-4
77870,-4
77871,0
77872,0
77873,0
77874,0
77875,0
77876,14
77877,4
77878,0
77879,2
77880,-4
77881,0
77882,2
77883,0
77884,-4
77885,-4
77886,0
77887,6
77888,4
77889,0
77890,2
77891,2
77892,0
77893,2
77894,0
77895,4
77896,0
77897,0
77898,0
77899,0
77900,0
77901,6
77902,-4
77903,4
77904,2
77905,4
77906,4
77907,6
77908,0
77909,0
77910,2
77911,4
77912,0
77913,-4
77914,-4
77915,4
77916,6
77917,-4
77918,-4
77919,2
77920,-10
77921,4
77922,-10
77923,0
77924,0
77925,-6
77926,6
77927,0
77928,0
77929,14
77930,2
77931,2
77932,0
77933,0
77934,-4
77935,0
77936,-4
77937,0
77938,0
77939,-4
77940,0
77941,0
77942,-4
77943,-4
77944,-4
77945,-4
77946,-4
77947,-4
77948,0
77949,0
77950,0
77951,0
77952,-4
77953,4
77954,10
77955,-4
77956,-4
77957,6
77958,-4
77959,-4
77960,-4
77961,2
77962,0
77963,-4
77964,0
77965,-4
77966,0
77967,-4
77968,0
77969,-4
77970,-4
77971,0
77972,0
77973,6
77974,0
77975,-4
77976,-4
77977,0
77978,-6
77979,-4
77980,-4
77981,-4
77982,6
77983,-4
77984,0
77985,0
77986,2
77987,0
77988,6
77989,0
77990,0
77991,0
77992,10
77993,2
77994,-2
77995,4
77996,2
77997,2
77998,4
77999,0
78000,0
78001,0
78002,2
78003,4
78004,0
78005,16
78006,0
78007,0
78008,2
78009,16
78010,4
78011,6
78012,-8
78013,4
78014,2
78015,10
78016,4
78017,4
78018,-4
78019,-4
78020,-4
78021,2
78022,0
78023,-14
78024,0
78025,0
78026,0
78027,-4
78028,-4
78029,0
78030,-8
78031,0
78032,0
78033,10
78034,-4
78035,0
78036,-4
78037,10
78038,-4
78039,0
78040,-4
78041,0
78042,-12
78043,-4
78044,0
78045,6
78046,-4
78047,0
78048,4
78049,-4
78050,-4
78051,-4
78052,-4
78053,0
78054,0
78055,-4
78056,0
78057,0
78058,-4
78059,-2
78060,0
78061,2
78062,-4
78063,0
78064,-6
78065,0
78066,-4
78067,6
78068,-4
78069,-4
78070,-4
78071,-4
78072,-4
78073,0
78074,0
78075,-4
78076,4
78077,-12
78078,0
78079,0
78080,2
78081,0
78082,0
78083,-4
78084,6
78085,-4
78086,-20
78087,2
78088,0
78089,0
78090,-4
78091,0
78092,-4
78093,0
78094,0
78095,0
78096,0
78097,0
78098,0
78099,0
78100,10
78101,0
78102,0
78103,0
78104,0
78105,2
78106,10
78107,0
78108,0
78109,2
78110,0
78111,2
78112,0
78113,6
78114,0
78115,16
78116,0
78117,6
78118,-4
78119,2
78120,0
78121,6
78122,0
78123,6
78124,0
78125,0
78126,0
78127,0
78128,0
78129,-4
78130,4
78131,0
78132,-4
78133,2
78134,0
78135,-4
78136,0
78137,-4
78138,-4
78139,-14
78140,0
78141,-4
78142,-2
78143,-4
78144,-4
78145,-4
78146,-4
78147,-4
78148,0
78149,-4
78150,0
78151,0
78152,-4
78153,-6
78154,-4
78155,-4
78156,0
78157,-4
78158,0
78159,6
78160,-4
78161,-4
78162,-4
78163,0
78164,-4
78165,-4
78166,-4
78167,0
78168,6
78169,-4
78170,-4
78171,24
78172,2
78173,-4
78174,-4
78175,-4
78176,2
78177,4
78178,-16
78179,0
78180,0
78181,6
78182,-10
78183,0
78184,-4
78185,0
78186,0
78187,0
78188,2
78189,4
78190,6
78191,6
78192,0
78193,-4
78194,2
78195,6
78196,0
78197,4
78198,2
78199,-4
78200,0
78201,0
78202,6
78203,4
78204,-14
78205,0
78206,4
78207,-4
78208,2
78209,2
78210,0
78211,18
78212,2
78213,4
78214,6
78215,-6
78216,2
78217,2
78218,0
78219,6
78220,0
78221,0
78222,-6
78223,0
78224,0
78225,0
78226,-4
78227,0
78228,-4
78229,0
78230,0
78231,-4
78232,-8
78233,0
78234,0
78235,0
78236,-4
78237,0
78238,0
78239,0
78240,-4
78241,-4
78242,0
78243,-4
78244,0
78245,-4
78246,-4
78247,0
78248,-6
78249,-8
78250,-4
78251,-4
78252,-4
78253,0
78254,-4
78255,0
78256,0
78257,-4
78258,-16
78259,-4
78260,2
78261,6
78262,-4
78263,0
78264,0
78265,-4
78266,-4
78267,-10
78268,0
78269,0
78270,-4
78271,0
78272,0
78273,0
78274,18
78275,-4
78276,0
78277,2
78278,0
78279,0
78280,0
78281,6
78282,-22
78283,2
78284,4
78285,0
78286,2
78287,4
78288,2
78289,4
78290,2
78291,0
78292,4
78293,0
78294,2
78295,2
78296,6
78297,0
78298,0
78299,0
78300,4
78301,0
78302,0
78303,2
78304,0
78305,0
78306,4
78307,2
78308,2
78309,2
78310,0
78311,4
78312,10
78313,0
78314,4
78315,0
78316,0
78317,0
78318,-4
78319,-6
78320,0
78321,0
78322,12
78323,0
78324,0
78325,10
78326,10
78327,-12
78328,0
78329,0
78330,2
78331,0
78332,-4
78333,0
78334,0
78335,-4
78336,0
78337,0
78338,-4
78339,-4
78340,-4
78341,0
78342,-4
78343,0
78344,12
78345,6
78346,0
78347,6
78348,-4
78349,0
78350,0
78351,4
78352,-4
78353,-4
78354,-4
78355,-4
78356,-6
78357,6
78358,-4
78359,0
78360,0
78361,0
78362,-4
78363,0
78364,0
78365,-4
78366,0
78367,0
78368,-4
78369,16
78370,0
78371,-4
78372,0
78373,0
78374,0
78375,0
78376,0
78377,0
78378,4
78379,0
78380,-4
78381,0
78382,-4
78383,0
78384,12
78385,0
78386,0
78387,0
78388,10
78389,0
78390,0
78391,6
78392,2
78393,2
78394,0
78395,0
78396,0
78397,6
78398,0
78399,-4
78400,10
78401,0
78402,6
78403,0
78404,-4
78405,0
78406,4
78407,0
78408,4
78409,0
78410,18
78411,4
78412,0
78413,-6
78414,0
78415,4
78416,6
78417,4
78418,0
78419,0
78420,-6
78421,0
78422,0
78423,0
78424,10
78425,0
78426,0
78427,-4
78428,-6
78429,4
78430,0
78431,-4
78432,-4
78433,0
78434,20
78435,-4
78436,0
78437,-4
78438,-8
78439,0
78440,-4
78441,0
78442,0
78443,-4
78444,-4
78445,-4
78446,-4
78447,0
78448,0
78449,-4
78450,-4
78451,-4
78452,-4
78453,-4
78454,-6
78455,-4
78456,-4
78457,-4
78458,-4
78459,0
78460,4
78461,-4
78462,-4
78463,-4
78464,-4
78465,4
78466,0
78467,0
78468,0
78469,2
78470,0
78471,0
78472,0
78473,0
78474,-4
78475,0
78476,2
78477,0
78478,0
78479,0
78480,0
78481,-4
78482,0
78483,0
78484,0
78485,0
78486,0
78487,4
78488,0
78489,0
78490,2
78491,0
78492,0
78493,4
78494,-4
78495,0
78496,0
78497,-4
78498,0
78499,2
78500,16
78501,2
78502,4
78503,6
78504,0
78505,2
78506,2
78507,6
78508,0
78509,-4
78510,0
78511,2
78512,6
78513,2
78514,6
78515,6
78516,-4
78517,-4
78518,0
78519,-4
78520,2
78521,0
78522,-12
78523,2
78524,0
78525,-8
78526,0
78527,6
78528,0
78529,4
78530,-4
78531,0
78532,0
78533,6
78534,-4
78535,0
78536,10
78537,0
78538,0
78539,-2
78540,-4
78541,-6
78542,0
78543,0
78544,-4
78545,-4
78546,2
78547,-22
78548,0
78549,-6
78550,2
78551,0
78552,0
78553,-4
78554,-4
78555,2
78556,0
78557,-4
78558,0
78559,-4
78560,-4
78561,0
78562,-4
78563,0
78564,-12
78565,0
78566,-4
78567,-8
78568,-6
78569,0
78570,0
78571,0
78572,0
78573,0
78574,0
78575,0
78576,0
78577,-4
78578,0
78579,-4
78580,2
78581,0
78582,4
78583,0
78584,6
78585,-4
78586,0
78587,0
78588,2
78589,0
78590,0
78591,0
78592,2
78593,4
78594,0
78595,16
78596,0
78597,0
78598,0
78599,0
78600,0
78601,28
78602,0
78603,10
78604,0
78605,0
78606,6
78607,0
78608,-4
78609,4
78610,2
78611,0
78612,0
78613,0
78614,0
78615,16
78616,4
78617,4
78618,6
78619,0
78620,2
78621,0
78622,0
78623,2
78624,0
78625,0
78626,-16
78627,-16
78628,-4
78629,0
78630,2
78631,-4
78632,0
78633,10
78634,0
78635,0
78636,-6
78637,0
78638,-14
78639,0
78640,-2
78641,-4
78642,-4
78643,0
78644,-4
78645,0
78646,0
78647,0
78648,0
78649,-4
78650,0
78651,-4
78652,-4
78653,-4
78654,-4
78655,-4
78656,0
78657,-30
78658,-4
78659,-6
78660,-4
78661,-4
78662,24
78663,0
78664,-4
78665,-18
78666,0
78667,-4
78668,0
78669,0
78670,0
78671,2
78672,-4
78673,0
78674,0
78675,0
78676,-4
78677,0
78678,-4
78679,-10
78680,0
78681,0
78682,4
78683,-4
78684,2
78685,0
78686,0
78687,0
78688,2
78689,0
78690,0
78691,0
78692,2
78693,0
78694,0
78695,2
78696,4
78697,6
78698,0
78699,6
78700,6
78701,4
78702,4
78703,2
78704,0
78705,0
78706,0
78707,4
78708,-4
78709,2
78710,0
78711,-4
78712,0
78713,0
78714,4
78715,18
78716,4
78717,0
78718,-4
78719,-4
78720,0
78721,0
78722,6
78723,0
78724,-16
78725,0
78726,0
78727,0
78728,-4
78729,0
78730,0
78731,0
78732,-4
78733,0
78734,4
78735,2
78736,2
78737,2
78738,-4
78739,0
78740,0
78741,10
78742,-4
78743,-4
78744,0
78745,0
78746,2
78747,-4
78748,-28
78749,18
78750,0
78751,-4
78752,-4
78753,-4
78754,0
78755,2
78756,0
78757,-4
78758,-4
78759,0
78760,0
78761,-4
78762,-2
78763,-4
78764,0
78765,-8
78766,0
78767,-4
78768,0
78769,6
78770,0
78771,0
78772,-4
78773,0
78774,0
78775,0
78776,0
78777,0
78778,-4
78779,-4
78780,6
78781,0
78782,0
78783,0
78784,-4
78785,0
78786,2
78787,0
78788,0
78789,2
78790,6
78791,-4
78792,-4
78793,0
78794,0
78795,0
78796,0
78797,2
78798,0
78799,-4
78800,0
78801,0
78802,0
78803,2
78804,-4
78805,-4
78806,0
78807,-4
78808,0
78809,10
78810,0
78811,2
78812,0
78813,-6
78814,0
78815,4
78816,0
78817,-4
78818,6
78819,0
78820,-14
78821,0
78822,0
78823,0
78824,-4
78825,0
78826,0
78827,-4
78828,0
78829,6
78830,0
78831,2
78832,-4
78833,-16
78834,0
78835,0
78836,2
78837,-4
78838,-4
78839,-4
78840,-6
78841,0
78842,-4
78843,0
78844,0
78845,-4
78846,-4
78847,0
78848,0
78849,-4
78850,0
78851,-4
78852,-8
78853,-4
78854,-4
78855,6
78856,0
78857,-4
78858,2
78859,-4
78860,-4
78861,-22
78862,-4
78863,-4
78864,0
78865,0
78866,-4
78867,-4
78868,0
78869,-4
78870,2
78871,-4
78872,0
78873,0
78874,0
78875,0
78876,-4
78877,0
78878,-4
78879,0
78880,-2
78881,0
78882,6
78883,0
78884,6
78885,2
78886,0
78887,0
78888,2
78889,0
78890,2
78891,2
78892,6
78893,0
78894,0
78895,0
78896,0
78897,-6
78898,2
78899,0
78900,0
78901,2
78902,4
78903,6
78904,0
78905,2
78906,-6
78907,2
78908,16
78909,0
78910,2
78911,0
78912,6
78913,0
78914,-6
78915,0
78916,0
78917,-4
78918,0
78919,4
78920,-4
78921,-14
78922,0
78923,-14
78924,0
78925,0
78926,-4
78927,0
78928,0
78929,0
78930,0
78931,0
78932,2
78933,-4
78934,-4
78935,0
78936,0
78937,0
78938,-4
78939,0
78940,-4
78941,-4
78942,0
78943,-6
78944,0
78945,0
78946,-4
78947,-4
78948,-6
78949,-4
78950,-4
78951,-4
78952,-4
78953,-4
78954,-4
78955,-4
78956,24
78957,-4
78958,10
78959,0
78960,0
78961,0
78962,-8
78963,-4
78964,-4
78965,-6
78966,-4
78967,0
78968,-4
78969,0
78970,0
78971,-4
78972,0
78973,0
78974,0
78975,0
78976,0
78977,0
78978,0
78979,0
78980,4
78981,4
78982,-4
78983,0
78984,-4
78985,-4
78986,2
78987,0
78988,2
78989,0
78990,2
78991,0
78992,6
78993,0
78994,6
78995,0
78996,2
78997,0
78998,2
78999,0
79000,4
79001,-14
79002,2
79003,0
79004,2
79005,0
79006,0
79007,6
79008,2
79009,2
79010,6
79011,6
79012,0
79013,-4
79014,0
79015,4
79016,-4
79017,10
79018,0
79019,-4
79020,2
79021,6
79022,0
79023,0
79024,0
79025,0
79026,-6
79027,6
79028,-4
79029,-4
79030,10
79031,0
79032,0
79033,-4
79034,0
79035,0
79036,-12
79037,-4
79038,0
79039,-4
79040,-4
79041,0
79042,-4
79043,-6
79044,-4
79045,-4
79046,-6
79047,0
79048,0
79049,-4
79050,-4
79051,-4
79052,-4
79053,0
79054,0
79055,-2
79056,-4
79057,10
79058,0
79059,6
79060,0
79061,0
79062,10
79063,-4
79064,0
79065,-28
79066,0
79067,-4
79068,-10
79069,0
79070,0
79071,-4
79072,0
79073,0
79074,-4
79075,-4
79076,6
79077,0
79078,2
79079,-4
79080,-4
79081,0
79082,0
79083,0
79084,0
79085,0
79086,4
79087,0
79088,0
79089,4
79090,0
79091,0
79092,0
79093,2
79094,0
79095,0
79096,0
79097,0
79098,4
79099,0
79100,0
79101,2
79102,-8
79103,2
79104,0
79105,0
79106,0
79107,0
79108,4
79109,4
79110,-4
79111,-6
79112,0
79113,0
79114,2
79115,10
79116,0
79117,0
79118,2
79119,0
79120,0
79121,6
79122,0
79123,-4
79124,2
79125,6
79126,0
79127,0
79128,4
79129,0
79130,0
79131,-4
79132,-4
79133,0
79134,-4
79135,6
79136,-4
79137,6
79138,-4
79139,0
79140,4
79141,-4
79142,-4
79143,0
79144,0
79145,-4
79146,-4
79147,-4
79148,0
79149,-4
79150,0
79151,0
79152,-4
79153,-4
79154,4
79155,0
79156,-4
79157,-4
79158,-6
79159,0
79160,0
79161,-8
79162,0
79163,0
79164,-4
79165,0
79166,-4
79167,0
79168,-8
79169,2
79170,0
79171,2
79172,0
79173,0
79174,0
79175,0
79176,0
79177,0
79178,-4
79179,-4
79180,0
79181,0
79182,2
79183,0
79184,0
79185,0
79186,4
79187,6
79188,4
79189,0
79190,0
79191,-4
79192,0
79193,0
79194,0
79195,-8
79196,-4
79197,6
79198,-4
79199,6
79200,2
79201,0
79202,6
79203,4
79204,4
79205,0
79206,18
79207,0
79208,14
79209,2
79210,-4
79211,2
79212,6
79213,-4
79214,18
79215,0
79216,6
79217,10
79218,0
79219,-4
79220,0
79221,12
79222,0
79223,12
79224,0
79225,0
79226,-4
79227,6
79228,-18
79229,0
79230,-4
79231,0
79232,-4
79233,2
79234,0
79235,10
79236,2
79237,-14
79238,-4
79239,0
79240,0
79241,-4
79242,0
79243,0
79244,-4
79245,0
79246,0
79247,10
79248,-4
79249,-6
79250,-4
79251,-4
79252,0
79253,0
79254,0
79255,-4
79256,0
79257,-4
79258,0
79259,-4
79260,-4
79261,-20
79262,-4
79263,-4
79264,14
79265,2
79266,-4
79267,20
79268,0
79269,0
79270,-4
79271,-4
79272,0
79273,-4
79274,-4
79275,-4
79276,-4
79277,0
79278,0
79279,0
79280,0
79281,2
79282,0
79283,4
79284,4
79285,-4
79286,2
79287,-4
79288,0
79289,0
79290,2
79291,-4
79292,0
79293,4
79294,4
79295,0
79296,0
79297,6
79298,0
79299,0
79300,-4
79301,2
79302,-4
79303,0
79304,2
79305,0
79306,0
79307,2
79308,0
79309,0
79310,0
79311,-4
79312,-4
79313,2
79314,20
79315,2
79316,2
79317,0
79318,-14
79319,0
79320,0
79321,0
79322,-4
79323,0
79324,-4
79325,-4
79326,0
79327,0
79328,2
79329,0
79330,0
79331,10
79332,0
79333,-4
79334,0
79335,0
79336,16
79337,-4
79338,-4
79339,0
79340,0
79341,-4
79342,-4
79343,-4
79344,0
79345,0
79346,0
79347,-4
79348,-4
79349,-4
79350,-4
79351,-4
79352,-4
79353,-4
79354,-4
79355,-4
79356,10
79357,0
79358,-4
79359,-4
79360,-4
79361,-4
79362,-4
79363,24
79364,4
79365,-4
79366,-18
79367,-4
79368,0
79369,4
79370,0
79371,0
79372,0
79373,0
79374,-6
79375,0
79376,0
79377,0
79378,0
79379,0
79380,0
79381,18
79382,-4
79383,0
79384,-4
79385,4
79386,0
79387,0
79388,0
79389,-4
79390,2
79391,0
79392,0
79393,0
79394,0
79395,0
79396,-4
79397,2
79398,0
79399,0
79400,6
79401,4
79402,-6
79403,0
79404,2
79405,10
79406,0
79407,0
79408,6
79409,0
79410,0
79411,14
79412,0
79413,0
79414,-4
79415,6
79416,0
79417,-4
79418,10
79419,0
79420,0
79421,-6
79422,0
79423,2
79424,0
79425,-4
79426,0
79427,0
79428,-4
79429,0
79430,-4
79431,10
79432,0
79433,-4
79434,-14
79435,0
79436,-4
79437,0
79438,-4
79439,-4
79440,4
79441,0
79442,-4
79443,0
79444,2
79445,-4
79446,-4
79447,-4
79448,0
79449,0
79450,0
79451,0
79452,0
79453,0
79454,0
79455,-4
79456,-4
79457,6
79458,-2
79459,-6
79460,0
79461,0
79462,0
79463,-4
79464,0
79465,0
79466,0
79467,0
79468,-16
79469,-4
79470,-4
79471,-6
79472,0
79473,0
79474,0
79475,0
79476,-6
79477,-4
79478,6
79479,0
79480,2
79481,0
79482,0
79483,0
79484,0
79485,0
79486,-4
79487,0
79488,14
79489,0
79490,-4
79491,0
79492,0
79493,0
79494,2
79495,4
79496,6
79497,0
79498,0
79499,-8
79500,0
79501,2
79502,4
79503,-14
79504,0
79505,0
79506,0
79507,10
79508,2
79509,6
79510,0
79511,2
79512,12
79513,0
79514,0
79515,0
79516,0
79517,4
79518,0
79519,10
79520,-4
79521,0
79522,2
79523,0
79524,6
79525,2
79526,0
79527,4
79528,0
79529,0
79530,0
79531,2
79532,0
79533,-4
79534,4
79535,-4
79536,-4
79537,-4
79538,-4
79539,-4
79540,0
79541,-4
79542,0
79543,-4
79544,-12
79545,-4
79546,-4
79547,0
79548,-4
79549,-4
79550,-4
79551,-4
79552,0
79553,-4
79554,-4
79555,-6
79556,-4
79557,2
79558,-4
79559,-4
79560,0
79561,-4
79562,-34
79563,-4
79564,0
79565,6
79566,4
79567,-6
79568,6
79569,-4
79570,0
79571,-4
79572,0
79573,6
79574,0
79575,0
79576,6
79577,0
79578,2
79579,0
79580,6
79581,-2
79582,0
79583,-10
79584,-4
79585,4
79586,0
79587,0
79588,0
79589,0
79590,2
79591,0
79592,0
79593,2
79594,-4
79595,2
79596,0
79597,0
79598,2
79599,6
79600,-4
79601,6
79602,2
79603,10
79604,2
79605,0
79606,2
79607,-20
79608,0
79609,0
79610,0
79611,0
79612,16
79613,0
79614,2
79615,10
79616,2
79617,6
79618,2
79619,0
79620,0
79621,2
79622,0
79623,0
79624,0
79625,-4
79626,0
79627,0
79628,0
79629,-4
79630,0
79631,2
79632,0
79633,0
79634,0
79635,-4
79636,0
79637,0
79638,0
79639,0
79640,-4
79641,-4
79642,0
79643,0
79644,-4
79645,-4
79646,-4
79647,-4
79648,-10
79649,-4
79650,0
79651,-14
79652,-4
79653,-4
79654,-4
79655,-4
79656,0
79657,-4
79658,-4
79659,0
79660,-4
79661,0
79662,6
79663,0
79664,0
79665,-6
79666,6
79667,-4
79668,-4
79669,-4
79670,-4
79671,0
79672,2
79673,10
79674,0
79675,-4
79676,0
79677,-4
79678,4
79679,0
79680,6
79681,0
79682,2
79683,0
79684,0
79685,0
79686,0
79687,16
79688,0
79689,0
79690,0
79691,0
79692,0
79693,0
79694,0
79695,0
79696,-10
79697,0
79698,0
79699,0
79700,0
79701,4
79702,-4
79703,2
79704,6
79705,10
79706,0
79707,0
79708,12
79709,0
79710,0
79711,16
79712,2
79713,0
79714,0
79715,6
79716,24
79717,-4
79718,0
79719,0
79720,12
79721,0
79722,0
79723,2
79724,0
79725,12
79726,0
79727,0
79728,0
79729,0
79730,0
79731,-4
79732,0
79733,0
79734,0
79735,0
79736,0
79737,0
79738,0
79739,0
79740,0
79741,0
79742,0
79743,-4
79744,0
79745,18
79746,2
79747,-6
79748,-4
79749,-6
79750,0
79751,-4
79752,2
79753,0
79754,2
79755,-4
79756,-4
79757,-4
79758,-4
79759,-10
79760,0
79761,-4
79762,-4
79763,-4
79764,0
79765,0
79766,-4
79767,0
79768,-14
79769,0
79770,0
79771,6
79772,0
79773,0
79774,0
79775,2
79776,0
79777,0
79778,0
79779,0
79780,0
79781,0
79782,0
79783,0
79784,-4
79785,0
79786,0
79787,0
79788,-4
79789,0
79790,0
79791,0
79792,-4
79793,2
79794,2
79795,0
79796,10
79797,2
79798,0
79799,2
79800,0
79801,2
79802,4
79803,4
79804,-18
79805,2
79806,0
79807,0
79808,2
79809,2
79810,0
79811,0
79812,-10
79813,2
79814,0
79815,-4
79816,0
79817,0
79818,4
79819,6
79820,4
79821,2
79822,-6
79823,2
79824,-4
79825,0
79826,0
79827,10
79828,16
79829,0
79830,-4
79831,0
79832,-6
79833,-4
79834,-12
79835,0
79836,2
79837,-4
79838,-4
79839,-8
79840,0
79841,-4
79842,0
79843,-6
79844,0
79845,-6
79846,0
79847,-4
79848,0
79849,-6
79850,-4
79851,0
79852,0
79853,-4
79854,0
79855,0
79856,0
79857,0
79858,28
79859,-4
79860,-22
79861,0
79862,-4
79863,4
79864,-4
79865,-4
79866,-22
79867,-4
79868,-4
79869,-4
79870,2
79871,0
79872,4
79873,0
79874,-6
79875,0
79876,0
79877,0
79878,6
79879,0
79880,-4
79881,0
79882,0
79883,0
79884,4
79885,2
79886,0
79887,0
79888,0
79889,0
79890,0
79891,0
79892,4
79893,0
79894,-2
79895,0
79896,4
79897,0
79898,-4
79899,6
79900,4
79901,0
79902,-4
79903,6
79904,0
79905,6
79906,0
79907,0
79908,-16
79909,2
79910,-4
79911,0
79912,2
79913,4
79914,-16
79915,0
79916,2
79917,0
79918,2
79919,2
79920,-2
79921,6
79922,0
79923,0
79924,0
79925,0
79926,2
79927,0
79928,0
79929,-4
79930,0
79931,0
79932,-4
79933,0
79934,-4
79935,-4
79936,0
79937,0
79938,-4
79939,-4
79940,-4
79941,-4
79942,-4
79943,-4
79944,-4
79945,-8
79946,0
79947,-6
79948,0
79949,0
79950,-4
79951,0
79952,-4
79953,0
79954,-4
79955,0
79956,0
79957,-4
79958,-10
79959,-4
79960,-4
79961,0
79962,-4
79963,0
79964,14
79965,0
79966,-4
79967,4
79968,-4
79969,4
79970,2
79971,-8
79972,0
79973,-2
79974,-4
79975,10
79976,0
79977,-4
79978,0
79979,-4
79980,0
79981,0
79982,0
79983,0
79984,0
79985,0
79986,-2
79987,-4
79988,0
79989,0
79990,2
79991,4
79992,2
79993,2
79994,0
79995,4
79996,2
79997,0
79998,-4
79999,10
80000,-10
80001,0
80002,4
80003,6
80004,4
80005,-16
80006,14
80007,2
80008,0
80009,0
80010,6
80011,4
80012,0
80013,-20
80014,0
80015,0
80016,0
80017,6
80018,0
80019,2
80020,-6
80021,0
80022,0
80023,6
80024,0
80025,0
80026,0
80027,0
80028,0
80029,2
80030,-4
80031,2
80032,-4
80033,0
80034,0
80035,0
80036,4
80037,0
80038,-4
80039,6
80040,0
80041,0
80042,0
80043,-4
80044,-4
80045,-4
80046,-4
80047,0
80048,0
80049,0
80050,-4
80051,-4
80052,-10
80053,-4
80054,0
80055,-4
80056,-4
80057,-4
80058,-4
80059,-4
80060,0
80061,-4
80062,-4
80063,-4
80064,-4
80065,-4
80066,-6
80067,-4
80068,-4
80069,2
80070,-14
80071,0
80072,2
80073,0
80074,0
80075,0
80076,-4
80077,-4
80078,0
80079,0
80080,-4
80081,-4
80082,0
80083,0
80084,2
80085,-4
80086,0
80087,0
80088,4
80089,-4
80090,2
80091,2
80092,2
80093,0
80094,0
80095,4
80096,0
80097,-4
80098,0
80099,0
80100,0
80101,0
80102,10
80103,0
80104,2
80105,0
80106,2
80107,-14
80108,2
80109,-6
80110,0
80111,0
80112,2
80113,-16
80114,4
80115,0
80116,2
80117,6
80118,0
80119,2
80120,-4
80121,-4
80122,0
80123,0
80124,-4
80125,0
80126,0
80127,0
80128,2
80129,0
80130,0
80131,-4
80132,0
80133,2
80134,0
80135,-4
80136,0
80137,2
80138,2
80139,-4
80140,0
80141,-4
80142,-4
80143,-4
80144,-4
80145,-4
80146,6
80147,0
80148,-4
80149,0
80150,-4
80151,0
80152,-4
80153,-4
80154,0
80155,-2
80156,-4
80157,-4
80158,0
80159,0
80160,-4
80161,-4
80162,2
80163,0
80164,-4
80165,-6
80166,-4
80167,-4
80168,-4
80169,-6
80170,0
80171,0
80172,-6
80173,0
80174,0
80175,0
80176,0
80177,0
80178,6
80179,0
80180,0
80181,0
80182,0
80183,-4
80184,0
80185,-8
80186,0
80187,0
80188,0
80189,0
80190,0
80191,4
80192,2
80193,0
80194,0
80195,-4
80196,0
80197,2
80198,0
80199,-4
80200,2
80201,2
80202,4
80203,0
80204,0
80205,2
80206,0
80207,0
80208,-4
80209,4
80210,2
80211,0
80212,2
80213,0
80214,-12
80215,4
80216,0
80217,0
80218,2
80219,0
80220,0
80221,-6
80222,0
80223,0
80224,0
80225,0
80226,0
80227,0
80228,-4
80229,2
80230,2
80231,0
80232,-6
80233,0
80234,-4
80235,-12
80236,-4
80237,0
80238,0
80239,-4
80240,-4
80241,0
80242,-4
80243,0
80244,0
80245,-4
80246,32
80247,-6
80248,-4
80249,-4
80250,-4
80251,0
80252,0
80253,0
80254,-4
80255,-6
80256,-6
80257,2
80258,0
80259,-4
80260,0
80261,0
80262,0
80263,-4
80264,0
80265,0
80266,-4
80267,4
80268,-4
80269,0
80270,2
80271,0
80272,0
80273,-4
80274,0
80275,-4
80276,-4
80277,2
80278,-2
80279,0
80280,-4
80281,0
80282,0
80283,0
80284,0
80285,0
80286,0
80287,2
80288,2
80289,0
80290,0
80291,2
80292,2
80293,0
80294,0
80295,0
80296,10
80297,-8
80298,2
80299,-4
80300,-4
80301,0
80302,0
80303,0
80304,2
80305,14
80306,-14
80307,2
80308,2
80309,0
80310,-8
80311,0
80312,0
80313,0
80314,10
80315,0
80316,0
80317,0
80318,4
80319,-4
80320,6
80321,0
80322,2
80323,0
80324,0
80325,4
80326,0
80327,0
80328,0
80329,0
80330,10
80331,0
80332,0
80333,10
80334,-14
80335,0
80336,4
80337,0
80338,0
80339,0
80340,0
80341,-4
80342,0
80343,0
80344,-4
80345,-4
80346,0
80347,-4
80348,0
80349,24
80350,0
80351,-4
80352,0
80353,-6
80354,0
80355,-4
80356,0
80357,-2
80358,0
80359,-4
80360,-6
80361,-4
80362,0
80363,0
80364,0
80365,0
80366,0
80367,-4
80368,-4
80369,0
80370,0
80371,2
80372,-4
80373,0
80374,-4
80375,0
80376,0
80377,0
80378,0
80379,-4
80380,0
80381,0
80382,0
80383,0
80384,4
80385,0
80386,-10
80387,0
80388,4
80389,-4
80390,0
80391,0
80392,0
80393,2
80394,-4
80395,4
80396,6
80397,6
80398,0
80399,10
80400,-4
80401,6
80402,0
80403,2
80404,6
80405,4
80406,0
80407,-6
80408,0
80409,4
80410,0
80411,14
80412,0
80413,2
80414,4
80415,6
80416,4
80417,4
80418,10
80419,0
80420,0
80421,0
80422,-6
80423,0
80424,-4
80425,0
80426,0
80427,-4
80428,-14
80429,0
80430,0
80431,4
80432,-4
80433,2
80434,0
80435,-4
80436,12
80437,0
80438,2
80439,-4
80440,0
80441,-6
80442,2
80443,-4
80444,0
80445,0
80446,0
80447,-4
80448,-4
80449,0
80450,0
80451,-4
80452,0
80453,-4
80454,-4
80455,0
80456,-4
80457,-4
80458,-4
80459,-4
80460,0
80461,-4
80462,0
80463,-4
80464,0
80465,-4
80466,-4
80467,-4
80468,-8
80469,-4
80470,0
80471,0
80472,-4
80473,0
80474,10
80475,0
80476,-4
80477,0
80478,0
80479,0
80480,-4
80481,0
80482,0
80483,0
80484,-4
80485,0
80486,6
80487,-4
80488,0
80489,0
80490,0
80491,0
80492,0
80493,6
80494,0
80495,0
80496,0
80497,0
80498,4
80499,6
80500,2
80501,2
80502,6
80503,6
80504,0
80505,0
80506,2
80507,0
80508,6
80509,0
80510,-14
80511,2
80512,0
80513,0
80514,0
80515,0
80516,0
80517,-4
80518,0
80519,0
80520,2
80521,4
80522,0
80523,-4
80524,0
80525,6
80526,0
80527,0
80528,0
80529,0
80530,0
80531,2
80532,0
80533,-4
80534,0
80535,0
80536,-2
80537,14
80538,0
80539,-4
80540,-4
80541,0
80542,-4
80543,-4
80544,-4
80545,-4
80546,-4
80547,0
80548,0
80549,0
80550,-6
80551,-4
80552,0
80553,-4
80554,2
80555,2
80556,0
80557,6
80558,-4
80559,-4
80560,-4
80561,10
80562,0
80563,-6
80564,10
80565,0
80566,0
80567,2
80568,0
80569,-4
80570,-4
80571,0
80572,-4
80573,0
80574,0
80575,0
80576,2
80577,0
80578,0
80579,2
80580,6
80581,4
80582,6
80583,-8
80584,-16
80585,0
80586,0
80587,-4
80588,0
80589,-4
80590,2
80591,0
80592,0
80593,2
80594,2
80595,4
80596,0
80597,-4
80598,0
80599,0
80600,0
80601,0
80602,0
80603,2
80604,0
80605,4
80606,12
80607,2
80608,0
80609,4
80610,2
80611,0
80612,0
80613,10
80614,2
80615,0
80616,0
80617,14
80618,-4
80619,0
80620,2
80621,-10
80622,-4
80623,0
80624,-6
80625,0
80626,0
80627,2
80628,0
80629,-4
80630,0
80631,0
80632,-4
80633,-6
80634,-4
80635,-4
80636,2
80637,0
80638,0
80639,-4
80640,0
80641,0
80642,-4
80643,-4
80644,-4
80645,0
80646,-4
80647,0
80648,-4
80649,0
80650,0
80651,-4
80652,6
80653,-4
80654,-4
80655,6
80656,-4
80657,-4
80658,-4
80659,0
80660,-4
80661,-4
80662,4
80663,0
80664,0
80665,4
80666,-4
80667,0
80668,-4
80669,0
80670,4
80671,0
80672,-4
80673,0
80674,-6
80675,-4
80676,6
80677,-4
80678,0
80679,0
80680,4
80681,0
80682,0
80683,0
80684,0
80685,-6
80686,0
80687,-4
80688,0
80689,2
80690,2
80691,2
80692,0
80693,-4
80694,0
80695,0
80696,2
80697,0
80698,2
80699,0
80700,0
80701,6
80702,0
80703,0
80704,2
80705,0
80706,0
80707,2
80708,0
80709,0
80710,4
80711,-18
80712,0
80713,0
80714,-4
80715,0
80716,0
80717,6
80718,-6
80719,-4
80720,-4
80721,0
80722,6
80723,-4
80724,6
80725,0
80726,-6
80727,0
80728,-4
80729,0
80730,0
80731,0
80732,10
80733,-4
80734,-4
80735,4
80736,0
80737,6
80738,18
80739,-4
80740,0
80741,4
80742,0
80743,0
80744,-4
80745,-4
80746,-4
80747,-4
80748,0
80749,0
80750,-4
80751,-6
80752,0
80753,0
80754,-4
80755,0
80756,0
80757,0
80758,0
80759,0
80760,4
80761,-4
80762,-8
80763,-4
80764,0
80765,-6
80766,0
80767,-4
80768,0
80769,2
80770,0
80771,0
80772,4
80773,0
80774,-4
80775,0
80776,-14
80777,0
80778,0
80779,0
80780,0
80781,0
80782,0
80783,-4
80784,2
80785,18
80786,0
80787,0
80788,0
80789,2
80790,2
80791,0
80792,0
80793,4
80794,6
80795,2
80796,0
80797,0
80798,-2
80799,0
80800,-4
80801,0
80802,0
80803,4
80804,6
80805,2
80806,2
80807,0
80808,2
80809,2
80810,-18
80811,4
80812,0
80813,10
80814,0
80815,4
80816,-16
80817,0
80818,-4
80819,6
80820,4
80821,-4
80822,4
80823,0
80824,0
80825,0
80826,0
80827,2
80828,0
80829,0
80830,0
80831,0
80832,6
80833,0
80834,0
80835,0
80836,-10
80837,-4
80838,0
80839,-4
80840,10
80841,-2
80842,-6
80843,0
80844,-6
80845,-4
80846,-4
80847,-4
80848,-4
80849,-4
80850,0
80851,0
80852,0
80853,-6
80854,-4
80855,-4
80856,0
80857,-4
80858,-4
80859,-4
80860,-4
80861,-4
80862,-4
80863,0
80864,-4
80865,-4
80866,0
80867,-6
80868,0
80869,-4
80870,0
80871,6
80872,-4
80873,-2
80874,0
80875,6
80876,0
80877,0
80878,0
80879,0
80880,0
80881,10
80882,0
80883,0
80884,-4
80885,0
80886,0
80887,0
80888,0
80889,0
80890,0
80891,0
80892,0
80893,0
80894,4
80895,0
80896,0
80897,2
80898,0
80899,10
80900,4
80901,4
80902,0
80903,4
80904,0
80905,0
80906,0
80907,-4
80908,0
80909,12
80910,0
80911,6
80912,0
80913,2
80914,0
80915,4
80916,0
80917,2
80918,-4
80919,4
80920,-4
80921,0
80922,4
80923,0
80924,0
80925,0
80926,20
80927,0
80928,0
80929,0
80930,6
80931,0
80932,6
80933,-4
80934,0
80935,0
80936,6
80937,0
80938,0
80939,0
80940,-4
80941,0
80942,-4
80943,-8
80944,-4
80945,-4
80946,-4
80947,-4
80948,-4
80949,-4
80950,0
80951,-6
80952,0
80953,-4
80954,-4
80955,-4
80956,0
80957,-2
80958,4
80959,0
80960,-4
80961,0
80962,-4
80963,-4
80964,-6
80965,4
80966,-4
80967,0
80968,6
80969,-4
80970,4
80971,-4
80972,-4
80973,0
80974,-4
80975,0
80976,-4
80977,-4
80978,-4
80979,-4
80980,0
80981,0
80982,0
80983,-4
80984,0
80985,-18
80986,0
80987,14
80988,-20
80989,0
80990,0
80991,0
80992,0
80993,0
80994,2
80995,0
80996,-8
80997,0
80998,0
80999,0
81000,2
81001,0
81002,0
81003,2
81004,0
81005,0
81006,0
81007,-4
81008,-6
81009,0
81010,6
81011,0
81012,0
81013,-6
81014,0
81015,0
81016,-4
81017,-4
81018,0
81019,0
81020,6
81021,0
81022,4
81023,-4
81024,0
81025,0
81026,-4
81027,0
81028,6
81029,-6
81030,0
81031,0
81032,0
81033,4
81034,0
81035,-12
81036,-4
81037,2
81038,6
81039,0
81040,0
81041,0
81042,-4
81043,-4
81044,0
81045,-12
81046,0
81047,-4
81048,0
81049,0
81050,2
81051,0
81052,-4
81053,-4
81054,-4
81055,-4
81056,0
81057,-4
81058,-4
81059,-14
81060,-4
81061,-16
81062,-4
81063,-4
81064,-20
81065,-4
81066,-4
81067,0
81068,-4
81069,-4
81070,0
81071,0
81072,0
81073,2
81074,0
81075,4
81076,0
81077,0
81078,0
81079,4
81080,0
81081,0
81082,0
81083,0
81084,0
81085,0
81086,0
81087,0
81088,0
81089,2
81090,2
81091,6
81092,2
81093,2
81094,4
81095,0
81096,0
81097,2
81098,0
81099,0
81100,2
81101,-8
81102,0
81103,4
81104,4
81105,0
81106,0
81107,4
81108,0
81109,-8
81110,2
81111,6
81112,-4
81113,4
81114,0
81115,-12
81116,2
81117,6
81118,-4
81119,0
81120,-4
81121,0
81122,-14
81123,-4
81124,0
81125,0
81126,6
81127,0
81128,0
81129,0
81130,-4
81131,0
81132,-4
81133,4
81134,0
81135,-4
81136,0
81137,0
81138,0
81139,0
81140,0
81141,0
81142,0
81143,0
81144,-4
81145,0
81146,0
81147,-4
81148,0
81149,-4
81150,-4
81151,-4
81152,0
81153,-4
81154,-4
81155,-4
81156,-4
81157,0
81158,0
81159,-6
81160,0
81161,-4
81162,0
81163,-4
81164,-14
81165,0
81166,-4
81167,-18
81168,0
81169,-4
81170,6
81171,0
81172,0
81173,-6
81174,0
81175,0
81176,0
81177,-4
81178,0
81179,0
81180,0
81181,-4
81182,0
81183,0
81184,0
81185,2
81186,2
81187,4
81188,0
81189,2
81190,-2
81191,0
81192,0
81193,-4
81194,0
81195,0
81196,0
81197,2
81198,2
81199,0
81200,0
81201,6
81202,0
81203,0
81204,0
81205,0
81206,-4
81207,0
81208,0
81209,4
81210,0
81211,20
81212,0
81213,0
81214,10
81215,0
81216,0
81217,-6
81218,0
81219,0
81220,0
81221,-12
81222,0
81223,0
81224,0
81225,0
81226,0
81227,6
81228,4
81229,-4
81230,-10
81231,0
81232,0
81233,0
81234,0
81235,0
81236,0
81237,0
81238,0
81239,-4
81240,0
81241,0
81242,-4
81243,0
81244,-4
81245,-4
81246,0
81247,-4
81248,-4
81249,0
81250,-4
81251,0
81252,-4
81253,-4
81254,-4
81255,0
81256,-4
81257,0
81258,0
81259,-2
81260,-6
81261,0
81262,0
81263,18
81264,0
81265,0
81266,-10
81267,-4
81268,-4
81269,6
81270,0
81271,2
81272,-4
81273,-4
81274,-2
81275,0
81276,10
81277,0
81278,0
81279,-4
81280,0
81281,0
81282,0
81283,0
81284,0
81285,0
81286,0
81287,0
81288,0
81289,0
81290,4
81291,0
81292,0
81293,0
81294,0
81295,0
81296,4
81297,-4
81298,0
81299,6
81300,0
81301,0
81302,0
81303,6
81304,2
81305,2
81306,0
81307,0
81308,-4
81309,0
81310,-8
81311,0
81312,0
81313,-6
81314,0
81315,0
81316,10
81317,0
81318,0
81319,0
81320,6
81321,0
81322,0
81323,10
81324,2
81325,-6
81326,0
81327,-4
81328,2
81329,-4
81330,0
81331,0
81332,-4
81333,0
81334,0
81335,0
81336,-2
81337,0
81338,0
81339,0
81340,0
81341,-4
81342,-4
81343,-4
81344,0
81345,-4
81346,0
81347,0
81348,-4
81349,-4
81350,0
81351,0
81352,-4
81353,0
81354,-4
81355,0
81356,0
81357,0
81358,12
81359,0
81360,0
81361,0
81362,0
81363,-4
81364,-4
81365,4
81366,0
81367,0
81368,0
81369,-4
81370,0
81371,6
81372,0
81373,0
81374,0
81375,0
81376,-14
81377,0
81378,0
81379,0
81380,0
81381,-4
81382,0
81383,0
81384,0
81385,0
81386,0
81387,0
81388,0
81389,-4
81390,0
81391,0
81392,0
81393,0
81394,0
81395,0
81396,0
81397,0
81398,0
81399,2
81400,4
81401,0
81402,0
81403,4
81404,2
81405,0
81406,4
81407,-4
81408,0
81409,2
81410,2
81411,2
81412,0
81413,0
81414,0
81415,-4
81416,-4
81417,0
81418,2
81419,2
81420,2
81421,-8
81422,0
81423,2
81424,10
81425,0
81426,-12
81427,0
81428,0
81429,0
81430,0
81431,-4
81432,0
81433,2
81434,-4
81435,-4
81436,0
81437,0
81438,0
81439,0
81440,-4
81441,-4
81442,-4
81443,-4
81444,-4
81445,0
81446,-4
81447,-4
81448,10
81449,0
81450,0
81451,0
81452,-4
81453,-4
81454,-4
81455,-4
81456,-20
81457,-4
81458,-4
81459,0
81460,-8
81461,0
81462,0
81463,-4
81464,0
81465,-4
81466,0
81467,0
81468,0
81469,6
81470,0
81471,0
81472,-4
81473,0
81474,0
81475,-4
81476,0
81477,0
81478,0
81479,-4
81480,0
81481,0
81482,0
81483,0
81484,0
81485,0
81486,-4
81487,-4
81488,-4
81489,0
81490,-4
81491,0
81492,0
81493,0
81494,0
81495,2
81496,0
81497,0
81498,0
81499,2
81500,0
81501,0
81502,0
81503,0
81504,10
81505,2
81506,2
81507,0
81508,0
81509,0
81510,0
81511,0
81512,0
81513,-6
81514,-6
81515,0
81516,0
81517,0
81518,0
81519,4
81520,-4
81521,2
81522,0
81523,0
81524,-14
81525,0
81526,10
81527,0
81528,0
81529,-4
81530,0
81531,-4
81532,0
81533,-6
81534,-4
81535,0
81536,0
81537,0
81538,-2
81539,-4
81540,0
81541,-4
81542,0
81543,0
81544,0
81545,-4
81546,0
81547,0
81548,-4
81549,0
81550,-22
81551,-4
81552,-6
81553,-4
81554,-4
81555,-6
81556,0
81557,-4
81558,-4
81559,-4
81560,-4
81561,-4
81562,-4
81563,-4
81564,2
81565,-4
81566,-4
81567,-4
81568,-4
81569,0
81570,-4
81571,-4
81572,0
81573,-4
81574,0
81575,0
81576,0
81577,-4
81578,4
81579,2
81580,10
81581,2
81582,-2
81583,0
81584,0
81585,0
81586,0
81587,0
81588,0
81589,0
81590,2
81591,2
81592,-4
81593,0
81594,0
81595,10
81596,0
81597,0
81598,0
81599,2
81600,0
81601,0
81602,-10
81603,2
81604,0
81605,-10
81606,4
81607,2
81608,-8
81609,0
81610,4
81611,2
81612,0
81613,10
81614,2
81615,0
81616,0
81617,4
81618,-4
81619,0
81620,0
81621,0
81622,2
81623,0
81624,0
81625,10
81626,0
81627,4
81628,6
81629,-12
81630,-4
81631,0
81632,4
81633,0
81634,-4
81635,0
81636,0
81637,6
81638,0
81639,2
81640,0
81641,0
81642,0
81643,-4
81644,-4
81645,0
81646,-4
81647,-4
81648,-4
81649,18
81650,-4
81651,0
81652,-4
81653,-6
81654,-2
81655,0
81656,-4
81657,0
81658,-4
81659,0
81660,0
81661,0
81662,0
81663,-10
81664,-4
81665,0
81666,-4
81667,-4
81668,4
81669,2
81670,-4
81671,0
81672,2
81673,0
81674,0
81675,18
81676,0
81677,0
81678,-4
81679,-4
81680,0
81681,0
81682,-4
81683,0
81684,0
81685,-4
81686,0
81687,0
81688,6
81689,0
81690,0
81691,0
81692,0
81693,0
81694,0
81695,0
81696,0
81697,2
81698,4
81699,0
81700,2
81701,0
81702,0
81703,-8
81704,0
81705,0
81706,4
81707,0
81708,0
81709,-10
81710,0
81711,10
81712,2
81713,-4
81714,6
81715,2
81716,0
81717,2
81718,4
81719,0
81720,0
81721,-6
81722,0
81723,0
81724,2
81725,0
81726,4
81727,0
81728,0
81729,0
81730,0
81731,0
81732,-2
81733,4
81734,-4
81735,0
81736,-4
81737,-4
81738,0
81739,0
81740,-4
81741,-4
81742,0
81743,0
81744,-4
81745,0
81746,-4
81747,-4
81748,-4
81749,-4
81750,0
81751,-4
81752,0
81753,0
81754,-4
81755,0
81756,-4
81757,-4
81758,0
81759,6
81760,-4
81761,0
81762,-4
81763,0
81764,0
81765,10
81766,-4
81767,0
81768,-4
81769,0
81770,-4
81771,0
81772,0
81773,-4
81774,0
81775,0
81776,0
81777,18
81778,0
81779,0
81780,2
81781,0
81782,0
81783,0
81784,-4
81785,0
81786,0
81787,0
81788,0
81789,0
81790,-4
81791,0
81792,0
81793,0
81794,0
81795,0
81796,0
81797,0
81798,0
81799,0
81800,0
81801,-4
81802,0
81803,0
81804,6
81805,4
81806,0
81807,-2
81808,0
81809,0
81810,0
81811,10
81812,4
81813,0
81814,2
81815,-6
81816,-4
81817,6
81818,4
81819,2
81820,6
81821,0
81822,0
81823,-4
81824,2
81825,0
81826,2
81827,0
81828,0
81829,-4
81830,0
81831,0
81832,6
81833,0
81834,-4
81835,0
81836,0
81837,0
81838,0
81839,0
81840,0
81841,-4
81842,0
81843,-4
81844,0
81845,0
81846,0
81847,0
81848,-2
81849,-4
81850,-4
81851,0
81852,0
81853,0
81854,0
81855,-4
81856,0
81857,-4
81858,-4
81859,-4
81860,10
81861,0
81862,0
81863,-2
81864,-4
81865,0
81866,-4
81867,0
81868,-6
81869,0
81870,0
81871,-4
81872,6
81873,-4
81874,0
81875,-14
81876,0
81877,0
81878,0
81879,4
81880,0
81881,0
81882,0
81883,-2
81884,0
81885,0
81886,0
81887,0
81888,0
81889,0
81890,6
81891,4
81892,6
81893,0
81894,0
81895,0
81896,0
81897,0
81898,0
81899,0
81900,-4
81901,4
81902,6
81903,2
81904,0
81905,0
81906,0
81907,0
81908,0
81909,-6
81910,2
81911,-4
81912,0
81913,0
81914,10
81915,-4
81916,0
81917,0
81918,-18
81919,2
81920,2
81921,-4
81922,-8
81923,0
81924,0
81925,4
81926,0
81927,0
81928,0
81929,-12
81930,0
81931,4
81932,0
81933,0
81934,0
81935,0
81936,-4
81937,0
81938,2
81939,0
81940,-4
81941,0
81942,0
81943,0
81944,0
81945,2
81946,-4
81947,-12
81948,-6
81949,-4
81950,0
81951,-4
81952,-4
81953,4
81954,-4
81955,0
81956,-4
81957,-8
81958,0
81959,0
81960,-4
81961,0
81962,-4
81963,-4
81964,0
81965,4
81966,-4
81967,0
81968,-4
81969,0
81970,0
81971,0
81972,-4
81973,0
81974,0
81975,0
81976,0
81977,-4
81978,0
81979,14
81980,0
81981,0
81982,-4
81983,2
81984,4
81985,0
81986,0
81987,0
81988,-4
81989,0
81990,0
81991,4
81992,0
81993,0
81994,0
81995,0
81996,2
81997,0
81998,2
81999,2
82000,0
82001,10
82002,0
82003,0
82004,2
82005,6
82006,4
82007,0
82008,0
82009,6
82010,0
82011,0
82012,-4
82013,-4
82014,18
82015,4
82016,0
82017,-10
82018,0
82019,2
82020,2
82021,12
82022,0
82023,-4
82024,-6
82025,0
82026,10
82027,0
82028,0
82029,0
82030,0
82031,0
82032,6
82033,0
82034,0
82035,0
82036,2
82037,-4
82038,-4
82039,-4
82040,0
82041,0
82042,-4
82043,-4
82044,0
82045,0
82046,0
82047,0
82048,-4
82049,-4
82050,0
82051,0
82052,0
82053,0
82054,-4
82055,-4
82056,0
82057,0
82058,-6
82059,-4
82060,0
82061,2
82062,-4
82063,-4
82064,0
82065,0
82066,0
82067,6
82068,-4
82069,0
82070,-4
82071,0
82072,0
82073,-4
82074,0
82075,0
82076,-4
82077,-8
82078,2
82079,2
82080,0
82081,-8
82082,0
82083,0
82084,2
82085,0
82086,0
82087,0
82088,6
82089,0
82090,0
82091,2
82092,-2
82093,6
82094,6
82095,0
82096,0
82097,0
82098,6
82099,0
82100,0
82101,2
82102,0
82103,18
82104,0
82105,4
82106,0
82107,-8
82108,-4
82109,2
82110,-4
82111,0
82112,2
82113,4
82114,0
82115,4
82116,2
82117,6
82118,0
82119,0
82120,0
82121,-4
82122,-4
82123,0
82124,-4
82125,0
82126,0
82127,0
82128,-4
82129,0
82130,0
82131,0
82132,0
82133,-4
82134,0
82135,-12
82136,0
82137,0
82138,-4
82139,0
82140,0
82141,0
82142,0
82143,-4
82144,4
82145,-4
82146,-4
82147,-4
82148,0
82149,2
82150,-8
82151,-4
82152,0
82153,0
82154,-4
82155,-4
82156,-4
82157,-4
82158,2
82159,0
82160,0
82161,0
82162,-4
82163,-4
82164,-4
82165,6
82166,0
82167,0
82168,0
82169,0
82170,-4
82171,0
82172,-4
82173,-4
82174,-4
82175,0
82176,0
82177,0
82178,0
82179,-4
82180,0
82181,0
82182,-6
82183,0
82184,-4
82185,2
82186,0
82187,0
82188,0
82189,0
82190,0
82191,0
82192,0
82193,0
82194,0
82195,0
82196,0
82197,2
82198,6
82199,0
82200,0
82201,2
82202,4
82203,0
82204,4
82205,4
82206,0
82207,2
82208,0
82209,0
82210,0
82211,-4
82212,4
82213,0
82214,10
82215,-4
82216,0
82217,-4
82218,0
82219,2
82220,-4
82221,0
82222,0
82223,0
82224,-4
82225,0
82226,-8
82227,0
82228,-4
82229,0
82230,0
82231,0
82232,-4
82233,2
82234,0
82235,0
82236,0
82237,-4
82238,0
82239,0
82240,0
82241,0
82242,0
82243,-4
82244,-4
82245,-4
82246,0
82247,-4
82248,0
82249,0
82250,0
82251,-4
82252,0
82253,0
82254,-4
82255,-4
82256,4
82257,0
82258,-4
82259,4
82260,0
82261,-14
82262,0
82263,0
82264,-4
82265,-4
82266,-4
82267,-4
82268,0
82269,0
82270,0
82271,-4
82272,-4
82273,14
82274,0
82275,-6
82276,0
82277,0
82278,-4
82279,0
82280,0
82281,-12
82282,-4
82283,-4
82284,0
82285,0
82286,0
82287,0
82288,-4
82289,0
82290,-4
82291,4
82292,0
82293,0
82294,0
82295,0
82296,0
82297,0
82298,0
82299,2
82300,0
82301,0
82302,0
82303,0
82304,0
82305,6
82306,2
82307,2
82308,0
82309,0
82310,0
82311,2
82312,0
82313,-12
82314,0
82315,0
82316,0
82317,2
82318,0
82319,-6
82320,0
82321,0
82322,0
82323,0
82324,0
82325,0
82326,0
82327,4
82328,0
82329,0
82330,0
82331,0
82332,0
82333,0
82334,0
82335,4
82336,2
82337,0
82338,0
82339,0
82340,0
82341,0
82342,-4
82343,0
82344,0
82345,-4
82346,0
82347,14
82348,-4
82349,0
82350,0
82351,-4
82352,0
82353,0
82354,-4
82355,-4
82356,0
82357,0
82358,0
82359,0
82360,-4
82361,-4
82362,-4
82363,-4
82364,-4
82365,6
82366,0
82367,-4
82368,16
82369,-4
82370,0
82371,0
82372,0
82373,0
82374,-6
82375,-4
82376,6
82377,0
82378,0
82379,0
82380,0
82381,0
82382,0
82383,-4
82384,0
82385,0
82386,0
82387,0
82388,0
82389,0
82390,0
82391,-4
82392,0
82393,2
82394,4
82395,0
82396,0
82397,0
82398,0
82399,0
82400,0
82401,0
82402,2
82403,2
82404,2
82405,0
82406,2
82407,0
82408,4
82409,0
82410,2
82411,6
82412,10
82413,0
82414,0
82415,-6
82416,0
82417,4
82418,-4
82419,0
82420,0
82421,4
82422,0
82423,-4
82424,0
82425,6
82426,0
82427,0
82428,-12
82429,4
82430,2
82431,6
82432,-4
82433,0
82434,0
82435,0
82436,0
82437,0
82438,0
82439,0
82440,0
82441,-4
82442,0
82443,0
82444,0
82445,-4
82446,-4
82447,0
82448,-4
82449,-4
82450,-4
82451,0
82452,-4
82453,0
82454,-4
82455,-6
82456,-4
82457,6
82458,-4
82459,0
82460,0
82461,0
82462,4
82463,-4
82464,0
82465,-4
82466,2
82467,-4
82468,-4
82469,0
82470,2
82471,0
82472,0
82473,-4
82474,0
82475,0
82476,0
82477,0
82478,0
82479,0
82480,0
82481,0
82482,-4
82483,0
82484,0
82485,-12
82486,2
82487,0
82488,0
82489,0
82490,2
82491,2
82492,0
82493,-4
82494,2
82495,0
82496,0
82497,0
82498,0
82499,2
82500,2
82501,-6
82502,14
82503,0
82504,0
82505,6
82506,0
82507,2
82508,0
82509,0
82510,0
82511,6
82512,0
82513,4
82514,10
82515,0
82516,2
82517,6
82518,0
82519,0
82520,10
82521,-4
82522,-4
82523,0
82524,18
82525,-2
82526,4
82527,0
82528,2
82529,0
82530,0
82531,0
82532,-4
82533,0
82534,-10
82535,0
82536,-4
82537,10
82538,0
82539,0
82540,0
82541,0
82542,-4
82543,0
82544,0
82545,-4
82546,0
82547,-4
82548,-4
82549,-4
82550,-22
82551,0
82552,0
82553,-4
82554,6
82555,-6
82556,0
82557,0
82558,0
82559,6
82560,-4
82561,-14
82562,-4
82563,-4
82564,10
82565,0
82566,-4
82567,-4
82568,-16
82569,0
82570,0
82571,-4
82572,2
82573,0
82574,0
82575,4
82576,0
82577,0
82578,-6
82579,0
82580,0
82581,0
82582,0
82583,-2
82584,0
82585,0
82586,0
82587,0
82588,6
82589,-6
82590,0
82591,2
82592,0
82593,0
82594,0
82595,0
82596,0
82597,0
82598,2
82599,2
82600,-6
82601,0
82602,0
82603,-4
82604,-2
82605,0
82606,2
82607,2
82608,2
82609,0
82610,2
82611,0
82612,4
82613,0
82614,6
82615,0
82616,0
82617,0
82618,-4
82619,6
82620,2
82621,0
82622,0
82623,-12
82624,0
82625,-4
82626,0
82627,4
82628,0
82629,0
82630,0
82631,0
82632,0
82633,0
82634,-12
82635,0
82636,-4
82637,0
82638,0
82639,0
82640,0
82641,-4
82642,-4
82643,-4
82644,0
82645,-4
82646,-4
82647,0
82648,-4
82649,0
82650,-4
82651,-4
82652,0
82653,0
82654,0
82655,-4
82656,-4
82657,-4
82658,0
82659,-4
82660,0
82661,6
82662,-2
82663,4
82664,-4
82665,-4
82666,0
82667,0
82668,0
82669,4
82670,0
82671,0
82672,-4
82673,-14
82674,0
82675,0
82676,0
82677,0
82678,0
82679,0
82680,0
82681,0
82682,-10
82683,4
82684,0
82685,2
82686,0
82687,0
82688,2
82689,0
82690,2
82691,2
82692,0
82693,2
82694,2
82695,0
82696,0
82697,4
82698,0
82699,0
82700,0
82701,0
82702,0
82703,-4
82704,2
82705,2
82706,0
82707,0
82708,-2
82709,0
82710,0
82711,0
82712,0
82713,2
82714,0
82715,-6
82716,4
82717,0
82718,-6
82719,0
82720,0
82721,-4
82722,-6
82723,0
82724,0
82725,16
82726,0
82727,0
82728,0
82729,-4
82730,0
82731,-4
82732,-6
82733,0
82734,0
82735,-10
82736,-8
82737,0
82738,-4
82739,0
82740,0
82741,-4
82742,-4
82743,0
82744,-4
82745,-4
82746,-4
82747,6
82748,-4
82749,0
82750,-4
82751,0
82752,-4
82753,-6
82754,-2
82755,-4
82756,0
82757,-4
82758,0
82759,0
82760,0
82761,0
82762,-4
82763,-4
82764,0
82765,2
82766,0
82767,-4
82768,-4
82769,0
82770,0
82771,-4
82772,0
82773,0
82774,-4
82775,0
82776,0
82777,0
82778,0
82779,-4
82780,-4
82781,-4
82782,0
82783,0
82784,0
82785,0
82786,0
82787,0
82788,4
82789,6
82790,0
82791,0
82792,0
82793,10
82794,0
82795,0
82796,0
82797,0
82798,0
82799,0
82800,0
82801,0
82802,0
82803,0
82804,4
82805,0
82806,2
82807,0
82808,0
82809,0
82810,6
82811,0
82812,-6
82813,0
82814,0
82815,6
82816,-4
82817,0
82818,0
82819,2
82820,0
82821,0
82822,-4
82823,6
82824,0
82825,0
82826,0
82827,-4
82828,-4
82829,0
82830,0
82831,0
82832,0
82833,0
82834,6
82835,0
82836,2
82837,0
82838,0
82839,0
82840,0
82841,0
82842,-4
82843,0
82844,-4
82845,-4
82846,-4
82847,-4
82848,-6
82849,-4
82850,0
82851,-4
82852,-6
82853,-4
82854,-4
82855,-4
82856,0
82857,-4
82858,-4
82859,-4
82860,-4
82861,-4
82862,-4
82863,0
82864,0
82865,0
82866,-4
82867,0
82868,-4
82869,-4
82870,-4
82871,-6
82872,0
82873,0
82874,0
82875,0
82876,-4
82877,-4
82878,-6
82879,0
82880,-4
82881,0
82882,0
82883,-4
82884,0
82885,0
82886,-4
82887,0
82888,-4
82889,0
82890,0
82891,0
82892,0
82893,0
82894,0
82895,0
82896,-6
82897,4
82898,0
82899,-6
82900,0
82901,-8
82902,0
82903,6
82904,0
82905,2
82906,0
82907,4
82908,0
82909,0
82910,0
82911,0
82912,10
82913,0
82914,2
82915,2
82916,4
82917,2
82918,0
82919,0
82920,0
82921,-4
82922,0
82923,0
82924,0
82925,14
82926,0
82927,2
82928,4
82929,-4
82930,0
82931,0
82932,0
82933,0
82934,0
82935,4
82936,-4
82937,-8
82938,0
82939,0
82940,0
82941,-4
82942,-4
82943,-4
82944,-4
82945,-4
82946,-4
82947,0
82948,-4
82949,0
82950,0
82951,0
82952,-4
82953,-16
82954,2
82955,0
82956,0
82957,-4
82958,-4
82959,-2
82960,0
82961,0
82962,0
82963,0
82964,0
82965,-4
82966,0
82967,-8
82968,-4
82969,-4
82970,-4
82971,0
82972,-4
82973,0
82974,0
82975,-4
82976,0
82977,0
82978,0
82979,0
82980,-4
82981,0
82982,0
82983,0
82984,0
82985,0
82986,0
82987,0
82988,0
82989,-14
82990,-4
82991,2
82992,0
82993,0
82994,0
82995,0
82996,0
82997,0
82998,-4
82999,2
83000,0
83001,0
83002,0
83003,0
83004,0
83005,0
83006,0
83007,0
83008,-4
83009,0
83010,2
83011,0
83012,0
83013,0
83014,0
83015,0
83016,0
83017,-4
83018,0
83019,0
83020,0
83021,-4
83022,-2
83023,0
83024,4
83025,0
83026,0
83027,0
83028,0
83029,-4
83030,0
83031,2
83032,0
83033,0
83034,0
83035,2
83036,0
83037,2
83038,-4
83039,0
83040,-4
83041,-4
83042,0
83043,0
83044,0
83045,-4
83046,-4
83047,-4
83048,-4
83049,0
83050,0
83051,-4
83052,0
83053,-4
83054,0
83055,0
83056,-4
83057,0
83058,0
83059,-4
83060,-4
83061,0
83062,-4
83063,-4
83064,6
83065,-4
83066,0
83067,-4
83068,-4
83069,0
83070,-6
83071,0
83072,-4
83073,0
83074,-6
83075,0
83076,-4
83077,0
83078,-12
83079,-4
83080,0
83081,-4
83082,4
83083,0
83084,0
83085,16
83086,-6
83087,0
83088,0
83089,0
83090,0
83091,0
83092,2
83093,0
83094,2
83095,0
83096,2
83097,10
83098,0
83099,0
83100,0
83101,0
83102,0
83103,0
83104,0
83105,2
83106,0
83107,0
83108,2
83109,-14
83110,0
83111,-4
83112,0
83113,4
83114,0
83115,0
83116,2
83117,2
83118,0
83119,2
83120,10
83121,0
83122,0
83123,0
83124,-4
83125,0
83126,4
83127,-4
83128,0
83129,6
83130,-4
83131,-4
83132,0
83133,-4
83134,0
83135,-14
83136,-4
83137,-4
83138,-4
83139,0
83140,-4
83141,0
83142,-4
83143,0
83144,0
83145,-4
83146,0
83147,-4
83148,-4
83149,-4
83150,-4
83151,4
83152,0
83153,10
83154,0
83155,-4
83156,-4
83157,-4
83158,0
83159,0
83160,0
83161,2
83162,-4
83163,0
83164,0
83165,-4
83166,-6
83167,-2
83168,-4
83169,-6
83170,0
83171,-4
83172,0
83173,-4
83174,0
83175,0
83176,0
83177,-4
83178,0
83179,0
83180,0
83181,0
83182,2
83183,0
83184,0
83185,0
83186,0
83187,-4
83188,2
83189,0
83190,4
83191,0
83192,2
83193,2
83194,0
83195,0
83196,0
83197,0
83198,0
83199,0
83200,4
83201,-8
83202,0
83203,6
83204,6
83205,4
83206,0
83207,0
83208,0
83209,0
83210,-2
83211,0
83212,-6
83213,0
83214,2
83215,0
83216,-8
83217,0
83218,2
83219,0
83220,12
83221,0
83222,-4
83223,-4
83224,-8
83225,0
83226,0
83227,0
83228,-8
83229,0
83230,0
83231,0
83232,0
83233,0
83234,0
83235,0
83236,0
83237,-4
83238,-6
83239,0
83240,0
83241,-4
83242,0
83243,-4
83244,0
83245,-4
83246,2
83247,-4
83248,-4
83249,-4
83250,-6
83251,0
83252,0
83253,-6
83254,-4
83255,-4
83256,-4
83257,-2
83258,-4
83259,0
83260,0
83261,0
83262,-10
83263,-4
83264,-4
83265,-4
83266,-12
83267,-4
83268,0
83269,0
83270,-14
83271,0
83272,0
83273,-4
83274,0
83275,0
83276,0
83277,-4
83278,0
83279,0
83280,0
83281,0
83282,-4
83283,0
83284,0
83285,0
83286,0
83287,0
83288,0
83289,0
83290,0
83291,-4
83292,0
83293,0
83294,0
83295,0
83296,0
83297,0
83298,0
83299,0
83300,2
83301,-4
83302,0
83303,0
83304,2
83305,0
83306,4
83307,0
83308,-4
83309,0
83310,2
83311,-10
83312,0
83313,0
83314,6
83315,0
83316,2
83317,-4
83318,0
83319,2
83320,-2
83321,6
83322,0
83323,0
83324,0
83325,6
83326,2
83327,-12
83328,0
83329,0
83330,0
83331,0
83332,0
83333,-6
83334,0
83335,0
83336,0
83337,-4
83338,0
83339,0
83340,0
83341,-4
83342,0
83343,0
83344,-4
83345,0
83346,0
83347,-4
83348,0
83349,0
83350,-4
83351,-4
83352,0
83353,-4
83354,2
83355,0
83356,0
83357,0
83358,4
83359,0
83360,-4
83361,0
83362,-4
83363,-4
83364,0
83365,-4
83366,16
83367,0
83368,-4
83369,-12
83370,-4
83371,0
83372,2
83373,-4
83374,0
83375,-4
83376,0
83377,0
83378,0
83379,-4
83380,0
83381,0
83382,0
83383,-4
83384,0
83385,0
83386,0
83387,0
83388,0
83389,0
83390,-4
83391,0
83392,4
83393,0
83394,0
83395,0
83396,0
83397,0
83398,0
83399,0
83400,2
83401,0
83402,0
83403,0
83404,-4
83405,-4
83406,4
83407,0
83408,0
83409,-6
83410,0
83411,2
83412,0
83413,0
83414,0
83415,4
83416,16
83417,0
83418,2
83419,6
83420,4
83421,0
83422,0
83423,10
83424,-4
83425,0
83426,-4
83427,0
83428,0
83429,-16
83430,0
83431,4
83432,0
83433,0
83434,0
83435,0
83436,0
83437,0
83438,-4
83439,0
83440,0
83441,0
83442,-4
83443,-4
83444,0
83445,0
83446,-6
83447,-4
83448,0
83449,0
83450,-4
83451,-4
83452,0
83453,-4
83454,-4
83455,0
83456,10
83457,-4
83458,0
83459,0
83460,0
83461,0
83462,-4
83463,-4
83464,0
83465,0
83466,4
83467,0
83468,0
83469,-4
83470,-4
83471,-4
83472,-4
83473,0
83474,0
83475,-4
83476,0
83477,-4
83478,0
83479,0
83480,0
83481,0
83482,-4
83483,0
83484,0
83485,0
83486,0
83487,0
83488,-4
83489,0
83490,0
83491,0
83492,0
83493,0
83494,0
83495,4
83496,0
83497,0
83498,4
83499,0
83500,2
83501,0
83502,2
83503,6
83504,0
83505,0
83506,0
83507,0
83508,-4
83509,4
83510,0
83511,10
83512,2
83513,-4
83514,-4
83515,0
83516,-4
83517,6
83518,0
83519,0
83520,6
83521,0
83522,-4
83523,0
83524,6
83525,-4
83526,-4
83527,0
83528,-14
83529,0
83530,0
83531,0
83532,-4
83533,0
83534,0
83535,0
83536,0
83537,-4
83538,-4
83539,0
83540,0
83541,0
83542,0
83543,-4
83544,0
83545,-4
83546,-4
83547,0
83548,2
83549,-4
83550,-4
83551,-4
83552,-4
83553,0
83554,0
83555,-4
83556,0
83557,-4
83558,0
83559,-4
83560,0
83561,0
83562,-4
83563,0
83564,-4
83565,-4
83566,-4
83567,-20
83568,-4
83569,0
83570,14
83571,0
83572,-4
83573,0
83574,0
83575,0
83576,-12
83577,0
83578,0
83579,0
83580,-4
83581,0
83582,0
83583,0
83584,0
83585,0
83586,0
83587,-4
83588,0
83589,0
83590,0
83591,-4
83592,0
83593,0
83594,-4
83595,0
83596,0
83597,0
83598,6
83599,0
83600,6
83601,2
83602,0
83603,0
83604,0
83605,0
83606,2
83607,0
83608,0
83609,0
83610,0
83611,0
83612,0
83613,-4
83614,0
83615,0
83616,-6
83617,0
83618,0
83619,-4
83620,0
83621,0
83622,0
83623,0
83624,0
83625,0
83626,0
83627,0
83628,0
83629,0
83630,-10
83631,10
83632,0
83633,0
83634,0
83635,-4
83636,0
83637,0
83638,-6
83639,0
83640,0
83641,0
83642,-4
83643,0
83644,-4
83645,0
83646,0
83647,0
83648,0
83649,0
83650,0
83651,0
83652,0
83653,-4
83654,0
83655,-4
83656,-4
83657,-4
83658,0
83659,-4
83660,0
83661,-4
83662,0
83663,0
83664,-4
83665,0
83666,-4
83667,0
83668,4
83669,-4
83670,0
83671,0
83672,0
83673,0
83674,-4
83675,-4
83676,0
83677,0
83678,0
83679,0
83680,0
83681,0
83682,0
83683,10
83684,-4
83685,4
83686,0
83687,0
83688,0
83689,0
83690,-4
83691,0
83692,-4
83693,0
83694,0
83695,0
83696,0
83697,0
83698,0
83699,0
83700,0
83701,0
83702,4
83703,0
83704,6
83705,0
83706,6
83707,6
83708,0
83709,0
83710,0
83711,0
83712,-4
83713,2
83714,4
83715,0
83716,4
83717,0
83718,2
83719,0
83720,0
83721,6
83722,0
83723,0
83724,-4
83725,6
83726,0
83727,4
83728,0
83729,0
83730,0
83731,0
83732,0
83733,2
83734,0
83735,16
83736,-4
83737,0
83738,0
83739,-4
83740,0
83741,0
83742,0
83743,0
83744,0
83745,0
83746,0
83747,0
83748,-4
83749,0
83750,0
83751,0
83752,0
83753,-4
83754,-10
83755,-4
83756,-4
83757,-4
83758,-4
83759,-4
83760,-4
83761,-4
83762,-4
83763,-4
83764,0
83765,0
83766,0
83767,6
83768,-4
83769,-4
83770,0
83771,-4
83772,0
83773,0
83774,0
83775,0
83776,0
83777,2
83778,0
83779,0
83780,0
83781,0
83782,-4
83783,-4
83784,0
83785,0
83786,0
83787,0
83788,0
83789,0
83790,-4
83791,2
83792,4
83793,0
83794,2
83795,2
83796,0
83797,0
83798,4
83799,6
83800,2
83801,-4
83802,0
83803,-4
83804,4
83805,0
83806,2
83807,0
83808,0
83809,0
83810,0
83811,6
83812,2
83813,0
83814,0
83815,0
83816,6
83817,14
83818,2
83819,0
83820,2
83821,0
83822,0
83823,0
83824,-4
83825,0
83826,0
83827,0
83828,0
83829,-4
83830,0
83831,0
83832,0
83833,-4
83834,0
83835,0
83836,-2
83837,0
83838,-4
83839,0
83840,0
83841,0
83842,0
83843,-4
83844,0
83845,0
83846,0
83847,0
83848,-4
83849,0
83850,0
83851,-4
83852,-4
83853,-4
83854,-4
83855,0
83856,0
83857,2
83858,0
83859,-4
83860,-4
83861,0
83862,-4
83863,0
83864,0
83865,0
83866,0
83867,-4
83868,0
83869,4
83870,0
83871,2
83872,-12
83873,-2
83874,0
83875,-2
83876,-4
83877,-4
83878,0
83879,0
83880,-4
83881,0
83882,0
83883,0
83884,0
83885,2
83886,0
83887,0
83888,4
83889,0
83890,-4
83891,0
83892,0
83893,0
83894,2
83895,0
83896,2
83897,0
83898,0
83899,0
83900,4
83901,0
83902,0
83903,0
83904,0
83905,0
83906,-10
83907,0
83908,0
83909,0
83910,0
83911,0
83912,0
83913,0
83914,0
83915,0
83916,10
83917,0
83918,2
83919,14
83920,0
83921,0
83922,-10
83923,6
83924,2
83925,0
83926,0
83927,0
83928,0
83929,0
83930,0
83931,0
83932,0
83933,-4
83934,0
83935,0
83936,0
83937,0
83938,0
83939,0
83940,-4
83941,0
83942,0
83943,0
83944,0
83945,-2
83946,-4
83947,-4
83948,0
83949,0
83950,0
83951,-4
83952,0
83953,-4
83954,0
83955,0
83956,-10
83957,-4
83958,-4
83959,0
83960,-4
83961,-4
83962,0
83963,-4
83964,0
83965,-22
83966,0
83967,0
83968,2
83969,-4
83970,0
83971,-4
83972,-4
83973,0
83974,-6
83975,0
83976,2
83977,0
83978,-4
83979,0
83980,0
83981,0
83982,0
83983,0
83984,0
83985,2
83986,-6
83987,0
83988,0
83989,0
83990,0
83991,0
83992,0
83993,0
83994,0
83995,0
83996,0
83997,0
83998,4
83999,-8
84000,0
84001,2
84002,0
84003,2
84004,0
84005,0
84006,4
84007,2
84008,0
84009,0
84010,0
84011,2
84012,-10
84013,0
84014,-4
84015,0
84016,0
84017,4
84018,6
84019,0
84020,4
84021,10
84022,0
84023,0
84024,-4
84025,-8
84026,0
84027,-10
84028,0
84029,0
84030,14
84031,6
84032,0
84033,0
84034,-4
84035,2
84036,0
84037,0
84038,0
84039,0
84040,-4
84041,-4
84042,0
84043,0
84044,0
84045,-4
84046,-4
84047,-4
84048,0
84049,0
84050,10
84051,0
84052,16
84053,-4
84054,-4
84055,-4
84056,0
84057,0
84058,-4
84059,0
84060,-14
84061,-2
84062,6
84063,-4
84064,0
84065,-6
84066,-4
84067,0
84068,-4
84069,-14
84070,0
84071,0
84072,-4
84073,0
84074,0
84075,0
84076,-4
84077,0
84078,2
84079,0
84080,0
84081,0
84082,-4
84083,2
84084,0
84085,0
84086,2
84087,0
84088,0
84089,0
84090,0
84091,0
84092,2
84093,2
84094,-4
84095,0
84096,0
84097,10
84098,0
84099,0
84100,2
84101,0
84102,0
84103,0
84104,0
84105,-4
84106,4
84107,2
84108,2
84109,0
84110,0
84111,2
84112,0
84113,0
84114,-10
84115,-4
84116,0
84117,0
84118,2
84119,-10
84120,0
84121,0
84122,0
84123,-6
84124,0
84125,2
84126,0
84127,0
84128,0
84129,0
84130,0
84131,0
84132,0
84133,2
84134,-6
84135,0
84136,0
84137,0
84138,0
84139,-4
84140,0
84141,0
84142,0
84143,0
84144,-4
84145,0
84146,-4
84147,0
84148,-4
84149,0
84150,0
84151,0
84152,0
84153,0
84154,0
84155,-12
84156,-4
84157,-4
84158,-4
84159,-4
84160,0
84161,-4
84162,0
84163,-4
84164,0
84165,-18
84166,0
84167,-4
84168,20
84169,0
84170,-4
84171,6
84172,0
84173,0
84174,-4
84175,0
84176,-4
84177,14
84178,0
84179,0
84180,0
84181,0
84182,0
84183,0
84184,-12
84185,0
84186,0
84187,0
84188,0
84189,-4
84190,0
84191,-4
84192,0
84193,0
84194,0
84195,4
84196,0
84197,0
84198,0
84199,0
84200,2
84201,2
84202,0
84203,0
84204,2
84205,6
84206,2
84207,4
84208,4
84209,0
84210,0
84211,0
84212,6
84213,2
84214,0
84215,2
84216,0
84217,0
84218,-4
84219,0
84220,0
84221,0
84222,4
84223,0
84224,0
84225,0
84226,0
84227,0
84228,0
84229,-8
84230,0
84231,0
84232,0
84233,4
84234,0
84235,0
84236,-8
84237,2
84238,2
84239,0
84240,4
84241,0
84242,0
84243,0
84244,0
84245,0
84246,-4
84247,-4
84248,0
84249,-4
84250,-4
84251,-4
84252,-4
84253,0
84254,0
84255,0
84256,-4
84257,-4
84258,-4
84259,-2
84260,0
84261,-4
84262,-4
84263,0
84264,0
84265,0
84266,0
84267,0
84268,0
84269,-8
84270,-4
84271,-4
84272,0
84273,0
84274,0
84275,-4
84276,6
84277,0
84278,0
84279,-4
84280,0
84281,-4
84282,0
84283,0
84284,0
84285,-14
84286,0
84287,-4
84288,0
84289,0
84290,0
84291,0
84292,0
84293,0
84294,0
84295,0
84296,0
84297,2
84298,-4
84299,0
84300,0
84301,-6
84302,0
84303,0
84304,0
84305,0
84306,-8
84307,0
84308,-2
84309,6
84310,4
84311,4
84312,10
84313,0
84314,0
84315,0
84316,0
84317,0
84318,16
84319,0
84320,0
84321,-4
84322,0
84323,0
84324,0
84325,6
84326,0
84327,0
84328,0
84329,0
84330,0
84331,0
84332,0
84333,-4
84334,0
84335,0
84336,-6
84337,6
84338,12
84339,0
84340,-4
84341,0
84342,-4
84343,0
84344,0
84345,0
84346,0
84347,0
84348,-4
84349,-4
84350,0
84351,0
84352,-4
84353,-8
84354,0
84355,-4
84356,-4
84357,-4
84358,-4
84359,0
84360,0
84361,0
84362,-4
84363,0
84364,-4
84365,-12
84366,-4
84367,0
84368,-12
84369,-4
84370,0
84371,-10
84372,-4
84373,0
84374,0
84375,0
84376,0
84377,-4
84378,0
84379,0
84380,-4
84381,0
84382,0
84383,0
84384,-6
84385,-4
84386,0
84387,2
84388,0
84389,0
84390,0
84391,0
84392,4
84393,0
84394,0
84395,-4
84396,0
84397,2
84398,0
84399,2
84400,0
84401,0
84402,-4
84403,-8
84404,0
84405,-4
84406,0
84407,4
84408,0
84409,0
84410,0
84411,6
84412,0
84413,-4
84414,0
84415,0
84416,0
84417,4
84418,-4
84419,0
84420,0
84421,2
84422,6
84423,-4
84424,0
84425,0
84426,-4
84427,0
84428,-10
84429,0
84430,0
84431,0
84432,4
84433,-4
84434,4
84435,0
84436,0
84437,0
84438,0
84439,0
84440,-4
84441,-4
84442,0
84443,0
84444,2
84445,-4
84446,0
84447,0
84448,-4
84449,-4
84450,-8
84451,-4
84452,0
84453,0
84454,-4
84455,0
84456,-2
84457,-4
84458,0
84459,-4
84460,0
84461,0
84462,-4
84463,-4
84464,-6
84465,-2
84466,0
84467,-4
84468,0
84469,0
84470,-4
84471,-4
84472,0
84473,-4
84474,6
84475,-4
84476,0
84477,0
84478,2
84479,-4
84480,0
84481,-4
84482,0
84483,0
84484,6
84485,2
84486,0
84487,2
84488,6
84489,0
84490,0
84491,0
84492,2
84493,0
84494,2
84495,0
84496,0
84497,0
84498,0
84499,2
84500,2
84501,0
84502,-4
84503,0
84504,4
84505,0
84506,0
84507,4
84508,4
84509,-4
84510,0
84511,0
84512,2
84513,2
84514,0
84515,6
84516,0
84517,0
84518,0
84519,4
84520,0
84521,-4
84522,6
84523,-4
84524,0
84525,-4
84526,0
84527,0
84528,0
84529,4
84530,0
84531,0
84532,0
84533,0
84534,0
84535,0
84536,0
84537,0
84538,-4
84539,0
84540,0
84541,0
84542,0
84543,0
84544,0
84545,0
84546,-4
84547,0
84548,-4
84549,0
84550,0
84551,-8
84552,0
84553,-4
84554,-2
84555,-4
84556,-12
84557,-4
84558,-16
84559,-4
84560,0
84561,0
84562,-4
84563,-4
84564,0
84565,-4
84566,-10
84567,0
84568,-4
84569,0
84570,0
84571,-4
84572,12
84573,0
84574,4
84575,-4
84576,0
84577,-4
84578,0
84579,-10
84580,-4
84581,0
84582,0
84583,-8
84584,0
84585,0
84586,2
84587,0
84588,0
84589,0
84590,-4
84591,-4
84592,0
84593,0
84594,0
84595,0
84596,2
84597,0
84598,0
84599,-6
84600,2
84601,0
84602,0
84603,0
84604,0
84605,0
84606,0
84607,0
84608,0
84609,0
84610,0
84611,0
84612,0
84613,0
84614,0
84615,4
84616,-4
84617,0
84618,2
84619,-4
84620,6
84621,0
84622,0
84623,-4
84624,0
84625,0
84626,0
84627,2
84628,-4
84629,0
84630,0
84631,-6
84632,-6
84633,0
84634,0
84635,0
84636,6
84637,2
84638,-6
84639,0
84640,-4
84641,-4
84642,0
84643,-4
84644,0
84645,0
84646,0
84647,0
84648,0
84649,-4
84650,-4
84651,0
84652,0
84653,0
84654,-4
84655,-4
84656,0
84657,0
84658,0
84659,0
84660,6
84661,0
84662,0
84663,0
84664,0
84665,-4
84666,0
84667,-4
84668,-4
84669,-4
84670,0
84671,0
84672,2
84673,0
84674,0
84675,0
84676,-18
84677,-4
84678,-4
84679,0
84680,0
84681,0
84682,0
84683,2
84684,0
84685,0
84686,0
84687,0
84688,0
84689,0
84690,0
84691,0
84692,2
84693,2
84694,0
84695,0
84696,4
84697,0
84698,0
84699,0
84700,-4
84701,0
84702,0
84703,0
84704,0
84705,2
84706,-8
84707,2
84708,0
84709,2
84710,0
84711,-8
84712,0
84713,16
84714,2
84715,0
84716,0
84717,2
84718,2
84719,2
84720,0
84721,2
84722,-4
84723,0
84724,0
84725,4
84726,0
84727,0
84728,0
84729,0
84730,0
84731,0
84732,0
84733,0
84734,0
84735,0
84736,0
84737,0
84738,0
84739,0
84740,0
84741,0
84742,0
84743,-4
84744,-4
84745,0
84746,-4
84747,0
84748,0
84749,0
84750,-4
84751,-4
84752,-4
84753,-4
84754,0
84755,0
84756,-4
84757,0
84758,0
84759,-4
84760,-4
84761,-2
84762,-4
84763,-2
84764,-4
84765,14
84766,-4
84767,0
84768,-8
84769,0
84770,-4
84771,-8
84772,0
84773,0
84774,-4
84775,0
84776,-4
84777,-4
84778,0
84779,4
84780,-4
84781,0
84782,-4
84783,2
84784,-4
84785,2
84786,2
84787,0
84788,0
84789,0
84790,0
84791,0
84792,2
84793,2
84794,0
84795,0
84796,0
84797,2
84798,0
84799,2
84800,0
84801,6
84802,0
84803,2
84804,0
84805,0
84806,0
84807,-8
84808,0
84809,-4
84810,0
84811,0
84812,0
84813,0
84814,2
84815,0
84816,0
84817,0
84818,-4
84819,4
84820,4
84821,-14
84822,0
84823,2
84824,-4
84825,0
84826,0
84827,6
84828,0
84829,0
84830,-4
84831,0
84832,0
84833,-4
84834,0
84835,-8
84836,0
84837,0
84838,0
84839,0
84840,0
84841,0
84842,0
84843,-4
84844,0
84845,-4
84846,-4
84847,0
84848,0
84849,0
84850,-4
84851,-4
84852,0
84853,0
84854,0
84855,0
84856,-4
84857,-4
84858,-4
84859,-4
84860,0
84861,0
84862,14
84863,-4
84864,-14
84865,0
84866,0
84867,-14
84868,0
84869,0
84870,16
84871,-4
84872,0
84873,0
84874,0
84875,0
84876,0
84877,-4
84878,0
84879,0
84880,0
84881,0
84882,0
84883,0
84884,2
84885,0
84886,0
84887,0
84888,-14
84889,0
84890,-4
84891,0
84892,0
84893,0
84894,0
84895,0
84896,0
84897,0
84898,0
84899,0
84900,0
84901,0
84902,0
84903,-6
84904,0
84905,0
84906,0
84907,2
84908,0
84909,6
84910,6
84911,0
84912,0
84913,0
84914,2
84915,-4
84916,4
84917,0
84918,4
84919,6
84920,0
84921,0
84922,4
84923,6
84924,0
84925,0
84926,-8
84927,0
84928,-4
84929,0
84930,0
84931,0
84932,0
84933,-4
84934,4
84935,0
84936,6
84937,0
84938,0
84939,-4
84940,0
84941,0
84942,0
84943,0
84944,0
84945,0
84946,-4
84947,-4
84948,0
84949,-4
84950,0
84951,-4
84952,0
84953,6
84954,6
84955,0
84956,0
84957,-4
84958,-4
84959,-4
84960,0
84961,-4
84962,-4
84963,0
84964,-4
84965,-4
84966,0
84967,0
84968,-4
84969,0
84970,0
84971,-4
84972,0
84973,0
84974,-4
84975,12
84976,0
84977,-4
84978,0
84979,2
84980,0
84981,0
84982,0
84983,0
84984,0
84985,0
84986,0
84987,0
84988,-4
84989,0
84990,0
84991,0
84992,0
84993,6
84994,0
84995,0
84996,0
84997,0
84998,0
84999,0
85000,4
85001,2
85002,0
85003,0
85004,0
85005,0
85006,0
85007,2
85008,0
85009,2
85010,0
85011,6
85012,0
85013,6
85014,0
85015,6
85016,2
85017,0
85018,0
85019,-4
85020,0
85021,4
85022,4
85023,-4
85024,-4
85025,6
85026,-2
85027,2
85028,-6
85029,0
85030,0
85031,0
85032,0
85033,2
85034,0
85035,0
85036,-4
85037,0
85038,0
85039,-8
85040,0
85041,0
85042,0
85043,0
85044,-4
85045,0
85046,-2
85047,-4
85048,-4
85049,-4
85050,0
85051,0
85052,-4
85053,0
85054,0
85055,0
85056,0
85057,0
85058,0
85059,0
85060,0
85061,0
85062,0
85063,0
85064,0
85065,0
85066,10
85067,-4
85068,0
85069,-4
85070,0
85071,0
85072,-4
85073,-4
85074,-4
85075,0
85076,0
85077,6
85078,0
85079,0
85080,0
85081,0
85082,0
85083,0
85084,-2
85085,0
85086,0
85087,4
85088,2
85089,0
85090,0
85091,0
85092,2
85093,0
85094,0
85095,0
85096,-4
85097,0
85098,2
85099,0
85100,0
85101,4
85102,0
85103,4
85104,2
85105,2
85106,0
85107,0
85108,2
85109,0
85110,2
85111,0
85112,10
85113,0
85114,0
85115,0
85116,0
85117,4
85118,10
85119,0
85120,0
85121,2
85122,-10
85123,0
85124,0
85125,-4
85126,4
85127,-4
85128,-10
85129,0
85130,0
85131,-14
85132,10
85133,0
85134,0
85135,6
85136,0
85137,0
85138,0
85139,2
85140,0
85141,0
85142,0
85143,-4
85144,0
85145,0
85146,-4
85147,0
85148,-6
85149,0
85150,0
85151,0
85152,0
85153,-2
85154,-4
85155,0
85156,-4
85157,-4
85158,-4
85159,0
85160,0
85161,-4
85162,-4
85163,-4
85164,-4
85165,0
85166,-4
85167,0
85168,-4
85169,0
85170,-4
85171,-4
85172,0
85173,4
85174,0
85175,0
85176,-4
85177,0
85178,-4
85179,0
85180,0
85181,-14
85182,-4
85183,0
85184,0
85185,0
85186,2
85187,0
85188,0
85189,0
85190,0
85191,0
85192,0
85193,0
85194,2
85195,2
85196,0
85197,0
85198,2
85199,0
85200,-2
85201,0
85202,0
85203,0
85204,0
85205,2
85206,-4
85207,4
85208,0
85209,0
85210,-10
85211,0
85212,0
85213,0
85214,0
85215,2
85216,-8
85217,0
85218,0
85219,-4
85220,2
85221,0
85222,0
85223,10
85224,0
85225,0
85226,4
85227,0
85228,0
85229,0
85230,-4
85231,-2
85232,2
85233,4
85234,0
85235,0
85236,0
85237,-4
85238,0
85239,0
85240,-6
85241,2
85242,2
85243,-4
85244,0
85245,2
85246,-4
85247,0
85248,-6
85249,0
85250,-4
85251,4
85252,0
85253,0
85254,0
85255,-4
85256,-4
85257,-4
85258,-4
85259,10
85260,-10
85261,-4
85262,0
85263,0
85264,-4
85265,0
85266,0
85267,-4
85268,0
85269,-4
85270,-4
85271,-4
85272,0
85273,-4
85274,0
85275,-4
85276,0
85277,0
85278,0
85279,-4
85280,0
85281,0
85282,0
85283,0
85284,0
85285,0
85286,4
85287,0
85288,0
85289,0
85290,0
85291,0
85292,0
85293,0
85294,0
85295,2
85296,2
85297,0
85298,0
85299,0
85300,0
85301,0
85302,0
85303,2
85304,2
85305,0
85306,4
85307,6
85308,6
85309,0
85310,0
85311,0
85312,0
85313,0
85314,2
85315,-14
85316,0
85317,0
85318,6
85319,-4
85320,0
85321,0
85322,2
85323,0
85324,0
85325,0
85326,4
85327,0
85328,0
85329,2
85330,0
85331,-4
85332,0
85333,0
85334,0
85335,0
85336,0
85337,0
85338,0
85339,0
85340,0
85341,0
85342,0
85343,-4
85344,-4
85345,0
85346,0
85347,0
85348,-4
85349,2
85350,0
85351,0
85352,0
85353,0
85354,-4
85355,-4
85356,-4
85357,-4
85358,0
85359,-4
85360,0
85361,-4
85362,-4
85363,0
85364,0
85365,-4
85366,-4
85367,0
85368,-4
85369,-4
85370,-4
85371,0
85372,-4
85373,0
85374,-4
85375,0
85376,-4
85377,0
85378,-10
85379,0
85380,0
85381,0
85382,0
85383,0
85384,0
85385,4
85386,0
85387,0
85388,0
85389,0
85390,0
85391,-4
85392,0
85393,0
85394,0
85395,0
85396,0
85397,0
85398,0
85399,0
85400,0
85401,0
85402,0
85403,0
85404,0
85405,0
85406,6
85407,2
85408,0
85409,2
85410,0
85411,0
85412,4
85413,0
85414,-8
85415,0
85416,2
85417,12
85418,0
85419,0
85420,-4
85421,0
85422,0
85423,0
85424,0
85425,0
85426,-4
85427,2
85428,0
85429,2
85430,0
85431,0
85432,0
85433,-4
85434,0
85435,-4
85436,-4
85437,0
85438,0
85439,-4
85440,0
85441,-4
85442,0
85443,0
85444,0
85445,0
85446,0
85447,0
85448,0
85449,-4
85450,-4
85451,-4
85452,-4
85453,-4
85454,0
85455,0
85456,0
85457,-4
85458,-4
85459,16
85460,0
85461,0
85462,-4
85463,0
85464,-4
85465,-14
85466,0
85467,0
85468,6
85469,0
85470,-4
85471,-4
85472,0
85473,-4
85474,0
85475,0
85476,-4
85477,-4
85478,-4
85479,0
85480,0
85481,0
85482,0
85483,0
85484,0
85485,0
85486,0
85487,2
85488,0
85489,0
85490,0
85491,0
85492,0
85493,2
85494,2
85495,4
85496,2
85497,0
85498,0
85499,4
85500,2
85501,2
85502,2
85503,2
85504,2
85505,2
85506,0
85507,0
85508,0
85509,6
85510,0
85511,6
85512,0
85513,-4
85514,2
85515,0
85516,0
85517,2
85518,4
85519,-4
85520,0
85521,0
85522,0
85523,0
85524,0
85525,0
85526,0
85527,0
85528,2
85529,0
85530,0
85531,0
85532,0
85533,4
85534,-4
85535,0
85536,0
85537,6
85538,-4
85539,0
85540,0
85541,0
85542,0
85543,0
85544,0
85545,0
85546,0
85547,-4
85548,-4
85549,2
85550,0
85551,0
85552,-4
85553,0
85554,-4
85555,-2
85556,-4
85557,-4
85558,0
85559,0
85560,-8
85561,0
85562,0
85563,2
85564,-4
85565,-4
85566,0
85567,-4
85568,-4
85569,0
85570,-4
85571,0
85572,0
85573,0
85574,-4
85575,0
85576,-4
85577,-4
85578,2
85579,-4
85580,0
85581,-4
85582,-4
85583,0
85584,0
85585,0
85586,0
85587,2
85588,0
85589,2
85590,0
85591,0
85592,0
85593,4
85594,0
85595,4
85596,0
85597,0
85598,0
85599,2
85600,0
85601,0
85602,0
85603,0
85604,0
85605,0
85606,0
85607,2
85608,0
85609,0
85610,0
85611,2
85612,0
85613,2
85614,0
85615,6
85616,0
85617,0
85618,4
85619,2
85620,0
85621,2
85622,6
85623,0
85624,0
85625,0
85626,2
85627,2
85628,2
85629,0
85630,-4
85631,0
85632,0
85633,0
85634,-6
85635,0
85636,-4
85637,-4
85638,0
85639,0
85640,0
85641,-4
85642,-4
85643,0
85644,-4
85645,-4
85646,0
85647,0
85648,0
85649,0
85650,-2
85651,0
85652,-4
85653,-4
85654,0
85655,0
85656,-4
85657,-4
85658,-4
85659,-4
85660,0
85661,0
85662,2
85663,0
85664,0
85665,-4
85666,0
85667,0
85668,0
85669,0
85670,0
85671,-4
85672,-4
85673,0
85674,0
85675,0
85676,2
85677,-4
85678,0
85679,0
85680,0
85681,0
85682,0
85683,0
85684,0
85685,0
85686,0
85687,-4
85688,-4
85689,0
85690,0
85691,0
85692,2
85693,0
85694,-4
85695,4
85696,2
85697,4
85698,0
85699,0
85700,0
85701,0
85702,0
85703,0
85704,4
85705,6
85706,0
85707,0
85708,-8
85709,0
85710,0
85711,0
85712,10
85713,2
85714,0
85715,0
85716,0
85717,0
85718,10
85719,0
85720,0
85721,0
85722,-6
85723,0
85724,2
85725,0
85726,-6
85727,0
85728,0
85729,0
85730,-2
85731,2
85732,0
85733,0
85734,0
85735,0
85736,0
85737,0
85738,0
85739,0
85740,0
85741,-4
85742,-4
85743,-10
85744,0
85745,-4
85746,0
85747,-6
85748,-4
85749,-4
85750,0
85751,-4
85752,-4
85753,0
85754,0
85755,0
85756,-4
85757,0
85758,-4
85759,-4
85760,-2
85761,0
85762,-4
85763,-4
85764,-6
85765,-4
85766,0
85767,-4
85768,-14
85769,-4
85770,0
85771,-4
85772,-4
85773,-4
85774,0
85775,0
85776,-4
85777,0
85778,0
85779,-4
85780,0
85781,0
85782,0
85783,0
85784,-4
85785,0
85786,0
85787,0
85788,0
85789,0
85790,0
85791,0
85792,0
85793,0
85794,0
85795,0
85796,0
85797,2
85798,0
85799,0
85800,2
85801,0
85802,2
85803,6
85804,6
85805,4
85806,0
85807,0
85808,0
85809,0
85810,0
85811,0
85812,2
85813,2
85814,0
85815,0
85816,10
85817,2
85818,0
85819,0
85820,0
85821,0
85822,0
85823,6
85824,0
85825,-4
85826,0
85827,10
85828,-4
85829,0
85830,0
85831,-4
85832,0
85833,0
85834,4
85835,6
85836,-4
85837,0
85838,0
85839,0
85840,2
85841,0
85842,-4
85843,0
85844,0
85845,0
85846,0
85847,-4
85848,0
85849,-4
85850,0
85851,0
85852,-4
85853,-4
85854,-4
85855,0
85856,-4
85857,2
85858,-4
85859,-4
85860,-4
85861,-4
85862,-4
85863,0
85864,-4
85865,0
85866,0
85867,16
85868,0
85869,0
85870,6
85871,-4
85872,-4
85873,0
85874,0
85875,0
85876,0
85877,0
85878,0
85879,0
85880,4
85881,0
85882,0
85883,4
85884,-4
85885,-4
85886,-4
85887,0
85888,0
85889,0
85890,-14
85891,-4
85892,0
85893,0
85894,0
85895,-4
85896,2
85897,0
85898,0
85899,0
85900,0
85901,-6
85902,0
85903,0
85904,0
85905,0
85906,4
85907,-4
85908,4
85909,0
85910,0
85911,0
85912,2
85913,0
85914,2
85915,0
85916,0
85917,0
85918,6
85919,2
85920,0
85921,-4
85922,2
85923,0
85924,-4
85925,4
85926,0
85927,0
85928,-10
85929,0
85930,2
85931,-6
85932,-4
85933,-4
85934,6
85935,-4
85936,-10
85937,0
85938,-4
85939,0
85940,-4
85941,0
85942,0
85943,-4
85944,-4
85945,-4
85946,0
85947,0
85948,-4
85949,0
85950,0
85951,-4
85952,-4
85953,-4
85954,0
85955,0
85956,0
85957,-4
85958,-6
85959,-4
85960,0
85961,-4
85962,-2
85963,0
85964,0
85965,-6
85966,0
85967,-4
85968,-2
85969,0
85970,0
85971,-4
85972,-4
85973,0
85974,6
85975,0
85976,0
85977,0
85978,-4
85979,-4
85980,0
85981,0
85982,0
85983,0
85984,0
85985,0
85986,0
85987,0
85988,0
85989,0
85990,0
85991,0
85992,0
85993,0
85994,2
85995,2
85996,2
85997,0
85998,2
85999,0
86000,0
86001,0
86002,0
86003,0
86004,0
86005,2
86006,0
86007,6
86008,6
86009,0
86010,4
86011,2
86012,0
86013,-4
86014,0
86015,0
86016,4
86017,0
86018,0
86019,-4
86020,2
86021,2
86022,-4
86023,-4
86024,0
86025,0
86026,-4
86027,0
86028,0
86029,0
86030,0
86031,0
86032,0
86033,-4
86034,0
86035,2
86036,0
86037,0
86038,0
86039,0
86040,-4
86041,-4
86042,0
86043,-4
86044,0
86045,0
86046,0
86047,0
86048,-4
86049,-4
86050,4
86051,-10
86052,-4
86053,0
86054,0
86055,0
86056,0
86057,-4
86058,-4
86059,-4
86060,-4
86061,0
86062,-4
86063,0
86064,-4
86065,0
86066,10
86067,0
86068,0
86069,-8
86070,-4
86071,2
86072,0
86073,-2
86074,0
86075,-4
86076,0
86077,-4
86078,-4
86079,0
86080,0
86081,6
86082,0
86083,-4
86084,0
86085,0
86086,0
86087,0
86088,0
86089,0
86090,0
86091,0
86092,0
86093,0
86094,0
86095,0
86096,0
86097,0
86098,2
86099,0
86100,6
86101,4
86102,-4
86103,4
86104,-4
86105,4
86106,2
86107,0
86108,-6
86109,0
86110,0
86111,0
86112,0
86113,10
86114,0
86115,-6
86116,0
86117,0
86118,0
86119,0
86120,0
86121,-4
86122,0
86123,0
86124,-4
86125,0
86126,0
86127,0
86128,6
86129,0
86130,0
86131,4
86132,0
86133,0
86134,4
86135,0
86136,-4
86137,0
86138,0
86139,0
86140,2
86141,0
86142,0
86143,0
86144,-4
86145,0
86146,0
86147,0
86148,-4
86149,0
86150,0
86151,-4
86152,0
86153,-4
86154,0
86155,0
86156,4
86157,-4
86158,-4
86159,-4
86160,-4
86161,0
86162,0
86163,0
86164,0
86165,-4
86166,-4
86167,0
86168,-2
86169,0
86170,-4
86171,-4
86172,-4
86173,-4
86174,10
86175,-4
86176,0
86177,0
86178,-4
86179,6
86180,0
86181,0
86182,-2
86183,0
86184,0
86185,0
86186,0
86187,0
86188,12
86189,0
86190,0
86191,-4
86192,0
86193,0
86194,6
86195,0
86196,0
86197,0
86198,2
86199,0
86200,0
86201,0
86202,0
86203,2
86204,6
86205,4
86206,0
86207,0
86208,6
86209,0
86210,10
86211,4
86212,0
86213,0
86214,0
86215,0
86216,0
86217,-4
86218,0
86219,0
86220,6
86221,0
86222,0
86223,0
86224,0
86225,-2
86226,0
86227,6
86228,0
86229,6
86230,0
86231,0
86232,0
86233,0
86234,0
86235,0
86236,0
86237,0
86238,-4
86239,0
86240,-4
86241,0
86242,0
86243,0
86244,0
86245,0
86246,-2
86247,0
86248,0
86249,-4
86250,0
86251,-4
86252,0
86253,0
86254,-14
86255,-4
86256,0
86257,-4
86258,-4
86259,-4
86260,-4
86261,0
86262,0
86263,0
86264,-6
86265,0
86266,2
86267,-4
86268,-4
86269,2
86270,-4
86271,0
86272,-4
86273,-4
86274,0
86275,0
86276,18
86277,-4
86278,-4
86279,0
86280,-14
86281,4
86282,0
86283,0
86284,0
86285,0
86286,0
86287,0
86288,0
86289,0
86290,0
86291,0
86292,0
86293,0
86294,0
86295,-16
86296,0
86297,0
86298,0
86299,0
86300,0
86301,0
86302,0
86303,-6
86304,2
86305,0
86306,2
86307,0
86308,2
86309,-4
86310,0
86311,0
86312,0
86313,0
86314,0
86315,0
86316,10
86317,0
86318,0
86319,4
86320,0
86321,-4
86322,-4
86323,6
86324,0
86325,0
86326,-8
86327,2
86328,0
86329,0
86330,4
86331,-4
86332,0
86333,0
86334,0
86335,6
86336,-4
86337,0
86338,2
86339,0
86340,0
86341,4
86342,0
86343,2
86344,-4
86345,0
86346,0
86347,0
86348,0
86349,-4
86350,0
86351,0
86352,-4
86353,16
86354,0
86355,-4
86356,0
86357,-4
86358,-4
86359,-4
86360,0
86361,-4
86362,0
86363,0
86364,-2
86365,0
86366,0
86367,-4
86368,-4
86369,-4
86370,-4
86371,0
86372,0
86373,-4
86374,0
86375,6
86376,0
86377,0
86378,0
86379,0
86380,-4
86381,-8
86382,0
86383,-4
86384,6
86385,0
86386,0
86387,2
86388,0
86389,0
86390,0
86391,0
86392,0
86393,4
86394,0
86395,0
86396,0
86397,0
86398,2
86399,0
86400,2
86401,0
86402,0
86403,0
86404,0
86405,0
86406,0
86407,4
86408,4
86409,0
86410,2
86411,0
86412,0
86413,6
86414,0
86415,0
86416,0
86417,0
86418,4
86419,2
86420,0
86421,6
86422,0
86423,2
86424,0
86425,-4
86426,-4
86427,0
86428,0
86429,0
86430,0
86431,0
86432,-4
86433,0
86434,4
86435,0
86436,0
86437,2
86438,0
86439,-4
86440,-4
86441,0
86442,4
86443,2
86444,0
86445,0
86446,-4
86447,0
86448,-4
86449,0
86450,-4
86451,-4
86452,-4
86453,-4
86454,-4
86455,0
86456,-4
86457,0
86458,-4
86459,0
86460,0
86461,-4
86462,0
86463,-4
86464,0
86465,-4
86466,0
86467,0
86468,-4
86469,0
86470,-4
86471,-4
86472,0
86473,0
86474,0
86475,0
86476,0
86477,0
86478,0
86479,0
86480,0
86481,0
86482,0
86483,0
86484,2
86485,0
86486,0
86487,0
86488,-4
86489,0
86490,0
86491,0
86492,0
86493,0
86494,0
86495,0
86496,0
86497,6
86498,0
86499,0
86500,0
86501,0
86502,0
86503,0
86504,0
86505,0
86506,2
86507,0
86508,0
86509,0
86510,4
86511,-4
86512,0
86513,0
86514,0
86515,0
86516,2
86517,-6
86518,2
86519,0
86520,6
86521,2
86522,-4
86523,-2
86524,-8
86525,0
86526,-4
86527,2
86528,0
86529,0
86530,2
86531,-18
86532,0
86533,0
86534,0
86535,-4
86536,0
86537,0
86538,0
86539,0
86540,-4
86541,-4
86542,4
86543,6
86544,0
86545,0
86546,0
86547,0
86548,0
86549,-4
86550,-4
86551,0
86552,-16
86553,-4
86554,2
86555,-16
86556,0
86557,-4
86558,-4
86559,0
86560,-4
86561,-4
86562,-4
86563,-4
86564,0
86565,-4
86566,-4
86567,0
86568,-4
86569,0
86570,-2
86571,0
86572,-4
86573,2
86574,-4
86575,0
86576,0
86577,0
86578,0
86579,2
86580,0
86581,0
86582,0
86583,0
86584,2
86585,0
86586,2
86587,0
86588,0
86589,0
86590,0
86591,0
86592,0
86593,0
86594,0
86595,0
86596,0
86597,4
86598,0
86599,-4
86600,0
86601,-8
86602,4
86603,0
86604,-4
86605,10
86606,0
86607,-4
86608,4
86609,0
86610,0
86611,0
86612,-10
86613,0
86614,0
86615,0
86616,0
86617,-4
86618,0
86619,4
86620,-10
86621,0
86622,0
86623,4
86624,0
86625,2
86626,2
86627,6
86628,0
86629,0
86630,0
86631,6
86632,0
86633,4
86634,0
86635,2
86636,0
86637,0
86638,4
86639,-10
86640,0
86641,0
86642,0
86643,-4
86644,0
86645,0
86646,-4
86647,0
86648,0
86649,-4
86650,0
86651,0
86652,0
86653,-4
86654,0
86655,-4
86656,10
86657,0
86658,-4
86659,-4
86660,0
86661,-4
86662,0
86663,-4
86664,-4
86665,-14
86666,0
86667,-4
86668,0
86669,-4
86670,-4
86671,0
86672,0
86673,0
86674,-6
86675,0
86676,-4
86677,0
86678,0
86679,2
86680,0
86681,0
86682,-4
86683,0
86684,2
86685,2
86686,0
86687,-4
86688,0
86689,0
86690,0
86691,0
86692,0
86693,-4
86694,0
86695,0
86696,0
86697,0
86698,0
86699,6
86700,-4
86701,-4
86702,4
86703,0
86704,2
86705,0
86706,6
86707,-2
86708,2
86709,0
86710,0
86711,0
86712,0
86713,6
86714,0
86715,-4
86716,2
86717,2
86718,-6
86719,6
86720,0
86721,4
86722,0
86723,0
86724,0
86725,-6
86726,0
86727,0
86728,-8
86729,0
86730,-4
86731,-4
86732,0
86733,0
86734,0
86735,-4
86736,0
86737,-10
86738,0
86739,0
86740,2
86741,2
86742,0
86743,0
86744,-4
86745,-4
86746,0
86747,0
86748,-4
86749,2
86750,-6
86751,-4
86752,-4
86753,0
86754,0
86755,-4
86756,0
86757,-4
86758,-4
86759,-4
86760,0
86761,-2
86762,-4
86763,2
86764,0
86765,0
86766,-4
86767,-4
86768,-4
86769,0
86770,-4
86771,0
86772,0
86773,-4
86774,0
86775,0
86776,0
86777,0
86778,0
86779,-4
86780,0
86781,-10
86782,0
86783,0
86784,0
86785,0
86786,0
86787,4
86788,-14
86789,-12
86790,0
86791,0
86792,0
86793,0
86794,2
86795,0
86796,-14
86797,6
86798,4
86799,0
86800,6
86801,2
86802,0
86803,-4
86804,0
86805,0
86806,0
86807,0
86808,6
86809,4
86810,0
86811,-4
86812,0
86813,0
86814,0
86815,14
86816,0
86817,0
86818,0
86819,0
86820,0
86821,0
86822,0
86823,2
86824,-10
86825,0
86826,0
86827,0
86828,6
86829,0
86830,2
86831,0
86832,0
86833,0
86834,0
86835,0
86836,2
86837,0
86838,0
86839,0
86840,0
86841,-2
86842,0
86843,0
86844,0
86845,-4
86846,0
86847,0
86848,0
86849,-2
86850,0
86851,0
86852,-4
86853,0
86854,0
86855,-4
86856,0
86857,0
86858,-4
86859,-4
86860,-4
86861,2
86862,-4
86863,-4
86864,0
86865,-2
86866,0
86867,0
86868,-4
86869,0
86870,-14
86871,-4
86872,-4
86873,-4
86874,-4
86875,0
86876,0
86877,16
86878,0
86879,-4
86880,0
86881,0
86882,2
86883,2
86884,0
86885,-4
86886,0
86887,0
86888,0
86889,-4
86890,0
86891,0
86892,0
86893,0
86894,2
86895,0
86896,0
86897,0
86898,0
86899,0
86900,2
86901,0
86902,2
86903,0
86904,0
86905,0
86906,2
86907,0
86908,0
86909,0
86910,0
86911,0
86912,0
86913,0
86914,0
86915,2
86916,-4
86917,0
86918,0
86919,4
86920,0
86921,0
86922,6
86923,6
86924,0
86925,0
86926,2
86927,0
86928,0
86929,4
86930,0
86931,0
86932,0
86933,0
86934,-4
86935,0
86936,0
86937,0
86938,0
86939,0
86940,-4
86941,0
86942,0
86943,0
86944,0
86945,0
86946,-4
86947,0
86948,0
86949,0
86950,-4
86951,-4
86952,0
86953,-4
86954,6
86955,-14
86956,-6
86957,0
86958,-4
86959,-6
86960,-2
86961,0
86962,0
86963,0
86964,0
86965,-4
86966,-4
86967,-14
86968,0
86969,0
86970,-14
86971,0
86972,-4
86973,-14
86974,-4
86975,0
86976,0
86977,0
86978,0
86979,4
86980,0
86981,0
86982,0
86983,0
86984,0
86985,0
86986,0
86987,0
86988,0
86989,4
86990,0
86991,0
86992,0
86993,0
86994,0
86995,0
86996,4
86997,0
86998,0
86999,0
87000,0
87001,0
87002,2
87003,0
87004,0
87005,-6
87006,0
87007,0
87008,0
87009,10
87010,0
87011,0
87012,0
87013,0
87014,0
87015,-8
87016,0
87017,0
87018,-14
87019,0
87020,0
87021,0
87022,0
87023,2
87024,0
87025,-8
87026,0
87027,0
87028,0
87029,0
87030,0
87031,2
87032,0
87033,0
87034,0
87035,-2
87036,4
87037,-4
87038,0
87039,0
87040,0
87041,0
87042,0
87043,0
87044,0
87045,-4
87046,0
87047,0
87048,-4
87049,0
87050,0
87051,0
87052,-4
87053,-4
87054,-4
87055,0
87056,0
87057,0
87058,-4
87059,0
87060,0
87061,0
87062,2
87063,-4
87064,0
87065,-4
87066,-18
87067,0
87068,0
87069,6
87070,-4
87071,0
87072,-4
87073,0
87074,-4
87075,-8
87076,0
87077,-4
87078,-14
87079,0
87080,0
87081,0
87082,0
87083,-4
87084,0
87085,0
87086,0
87087,0
87088,0
87089,0
87090,0
87091,0
87092,0
87093,-4
87094,0
87095,0
87096,0
87097,0
87098,0
87099,0
87100,0
87101,0
87102,0
87103,2
87104,0
87105,0
87106,0
87107,10
87108,0
87109,4
87110,0
87111,0
87112,2
87113,0
87114,-4
87115,0
87116,-4
87117,4
87118,-6
87119,0
87120,0
87121,0
87122,2
87123,0
87124,0
87125,2
87126,-4
87127,0
87128,0
87129,10
87130,2
87131,0
87132,0
87133,0
87134,0
87135,4
87136,0
87137,-4
87138,0
87139,0
87140,0
87141,-4
87142,0
87143,-4
87144,-4
87145,0
87146,-4
87147,0
87148,-22
87149,-2
87150,0
87151,-4
87152,0
87153,-4
87154,0
87155,0
87156,0
87157,10
87158,-4
87159,-4
87160,0
87161,0
87162,-4
87163,-4
87164,-2
87165,0
87166,0
87167,-6
87168,10
87169,-4
87170,0
87171,-4
87172,-16
87173,0
87174,-4
87175,4
87176,2
87177,0
87178,0
87179,0
87180,0
87181,0
87182,2
87183,0
87184,-4
87185,6
87186,0
87187,14
87188,0
87189,0
87190,0
87191,2
87192,0
87193,0
87194,0
87195,0
87196,2
87197,0
87198,0
87199,0
87200,-4
87201,0
87202,-4
87203,0
87204,0
87205,4
87206,2
87207,0
87208,0
87209,0
87210,2
87211,-4
87212,6
87213,0
87214,0
87215,0
87216,0
87217,4
87218,0
87219,6
87220,0
87221,6
87222,0
87223,4
87224,0
87225,-4
87226,-4
87227,-10
87228,0
87229,0
87230,0
87231,2
87232,0
87233,-2
87234,0
87235,2
87236,0
87237,0
87238,0
87239,0
87240,0
87241,2
87242,0
87243,0
87244,0
87245,0
87246,-4
87247,0
87248,0
87249,0
87250,0
87251,-4
87252,-4
87253,-6
87254,-4
87255,-4
87256,0
87257,-4
87258,-14
87259,-4
87260,12
87261,-4
87262,-4
87263,-4
87264,0
87265,0
87266,0
87267,-4
87268,-22
87269,-4
87270,-4
87271,18
87272,-4
87273,-4
87274,-2
87275,0
87276,-4
87277,0
87278,-4
87279,0
87280,0
87281,4
87282,0
87283,-4
87284,0
87285,0
87286,-4
87287,0
87288,0
87289,0
87290,0
87291,0
87292,0
87293,0
87294,0
87295,0
87296,2
87297,0
87298,0
87299,0
87300,0
87301,0
87302,-4
87303,0
87304,0
87305,0
87306,0
87307,0
87308,-4
87309,2
87310,0
87311,0
87312,0
87313,4
87314,4
87315,0
87316,2
87317,-4
87318,10
87319,0
87320,4
87321,16
87322,0
87323,0
87324,4
87325,0
87326,-4
87327,-4
87328,0
87329,0
87330,0
87331,-4
87332,0
87333,0
87334,0
87335,0
87336,14
87337,0
87338,-4
87339,0
87340,0
87341,0
87342,0
87343,0
87344,-4
87345,0
87346,-2
87347,0
87348,0
87349,-4
87350,0
87351,6
87352,0
87353,0
87354,0
87355,0
87356,-4
87357,0
87358,-4
87359,-4
87360,-4
87361,-4
87362,0
87363,-4
87364,-4
87365,-4
87366,0
87367,-20
87368,-4
87369,0
87370,-10
87371,0
87372,-4
87373,2
87374,0
87375,0
87376,-4
87377,-4
87378,0
87379,-4
87380,0
87381,0
87382,0
87383,-4
87384,0
87385,0
87386,0
87387,4
87388,-4
87389,4
87390,-4
87391,-4
87392,0
87393,-4
87394,0
87395,0
87396,2
87397,0
87398,0
87399,0
87400,2
87401,-8
87402,2
87403,6
87404,0
87405,-4
87406,0
87407,0
87408,4
87409,18
87410,0
87411,0
87412,0
87413,0
87414,0
87415,0
87416,0
87417,-4
87418,0
87419,0
87420,10
87421,2
87422,0
87423,-4
87424,4
87425,-4
87426,0
87427,2
87428,0
87429,0
87430,0
87431,4
87432,0
87433,0
87434,0
87435,2
87436,-4
87437,0
87438,0
87439,0
87440,0
87441,0
87442,-4
87443,0
87444,0
87445,-4
87446,-4
87447,-4
87448,-4
87449,-4
87450,-4
87451,-4
87452,-4
87453,0
87454,0
87455,0
87456,-4
87457,-4
87458,-6
87459,-6
87460,-8
87461,0
87462,0
87463,4
87464,0
87465,16
87466,-4
87467,-4
87468,-4
87469,-4
87470,-4
87471,0
87472,0
87473,-4
87474,-4
87475,0
87476,0
87477,2
87478,0
87479,-4
87480,0
87481,-4
87482,0
87483,0
87484,0
87485,0
87486,0
87487,0
87488,0
87489,0
87490,0
87491,0
87492,0
87493,0
87494,0
87495,0
87496,0
87497,2
87498,2
87499,0
87500,0
87501,4
87502,0
87503,0
87504,2
87505,10
87506,10
87507,0
87508,0
87509,0
87510,0
87511,10
87512,0
87513,0
87514,0
87515,0
87516,2
87517,0
87518,0
87519,6
87520,0
87521,4
87522,-2
87523,0
87524,2
87525,0
87526,-4
87527,0
87528,2
87529,-12
87530,0
87531,0
87532,2
87533,-4
87534,0
87535,-4
87536,0
87537,0
87538,0
87539,-4
87540,0
87541,0
87542,0
87543,0
87544,-4
87545,0
87546,0
87547,-4
87548,-4
87549,-4
87550,0
87551,-4
87552,0
87553,-4
87554,-4
87555,-4
87556,0
87557,0
87558,0
87559,-4
87560,-4
87561,0
87562,-4
87563,-4
87564,-2
87565,-4
87566,-4
87567,-4
87568,0
87569,4
87570,-2
87571,-4
87572,-4
87573,0
87574,-4
87575,0
87576,-6
87577,0
87578,0
87579,0
87580,-4
87581,0
87582,-14
87583,0
87584,0
87585,0
87586,0
87587,0
87588,0
87589,0
87590,0
87591,2
87592,0
87593,0
87594,0
87595,0
87596,0
87597,0
87598,0
87599,0
87600,0
87601,4
87602,0
87603,4
87604,10
87605,0
87606,0
87607,4
87608,-10
87609,0
87610,-8
87611,0
87612,0
87613,6
87614,0
87615,-14
87616,0
87617,4
87618,0
87619,0
87620,0
87621,10
87622,-4
87623,-4
87624,0
87625,0
87626,0
87627,0
87628,-4
87629,0
87630,0
87631,0
87632,0
87633,-12
87634,10
87635,0
87636,0
87637,4
87638,-4
87639,0
87640,0
87641,0
87642,0
87643,0
87644,0
87645,0
87646,0
87647,-4
87648,0
87649,-4
87650,0
87651,-4
87652,0
87653,-4
87654,-4
87655,-4
87656,0
87657,0
87658,-4
87659,0
87660,0
87661,-4
87662,-4
87663,0
87664,0
87665,-4
87666,-4
87667,0
87668,-6
87669,-4
87670,-4
87671,-4
87672,-4
87673,0
87674,0
87675,-6
87676,0
87677,0
87678,4
87679,0
87680,-4
87681,0
87682,0
87683,-4
87684,0
87685,2
87686,0
87687,0
87688,-4
87689,0
87690,0
87691,2
87692,0
87693,0
87694,0
87695,4
87696,0
87697,0
87698,-4
87699,0
87700,0
87701,2
87702,0
87703,2
87704,0
87705,0
87706,0
87707,0
87708,0
87709,-4
87710,2
87711,0
87712,2
87713,0
87714,0
87715,0
87716,0
87717,-4
87718,4
87719,0
87720,10
87721,0
87722,0
87723,6
87724,0
87725,0
87726,0
87727,2
87728,0
87729,0
87730,2
87731,0
87732,0
87733,0
87734,0
87735,0
87736,0
87737,0
87738,4
87739,-4
87740,-4
87741,0
87742,0
87743,2
87744,0
87745,0
87746,0
87747,0
87748,-4
87749,0
87750,-4
87751,-4
87752,-4
87753,-12
87754,0
87755,-4
87756,-4
87757,0
87758,0
87759,-4
87760,-4
87761,-8
87762,-4
87763,0
87764,0
87765,4
87766,-4
87767,-4
87768,0
87769,0
87770,0
87771,-4
87772,0
87773,2
87774,0
87775,0
87776,0
87777,6
87778,0
87779,0
87780,0
87781,4
87782,0
87783,0
87784,0
87785,2
87786,-8
87787,0
87788,0
87789,-14
87790,0
87791,0
87792,0
87793,0
87794,2
87795,0
87796,0
87797,2
87798,4
87799,2
87800,0
87801,2
87802,0
87803,0
87804,0
87805,0
87806,0
87807,0
87808,2
87809,6
87810,0
87811,-4
87812,0
87813,0
87814,0
87815,2
87816,0
87817,0
87818,-4
87819,-14
87820,2
87821,0
87822,-4
87823,0
87824,0
87825,6
87826,2
87827,0
87828,0
87829,-4
87830,0
87831,0
87832,2
87833,0
87834,0
87835,0
87836,0
87837,2
87838,-4
87839,-10
87840,12
87841,0
87842,0
87843,0
87844,0
87845,0
87846,0
87847,0
87848,0
87849,0
87850,0
87851,12
87852,-4
87853,-4
87854,-4
87855,6
87856,0
87857,-4
87858,-4
87859,-6
87860,-6
87861,-4
87862,-4
87863,0
87864,-4
87865,-4
87866,0
87867,-4
87868,0
87869,-8
87870,-4
87871,-4
87872,4
87873,0
87874,-4
87875,0
87876,-4
87877,0
87878,0
87879,0
87880,0
87881,-4
87882,0
87883,-4
87884,-4
87885,0
87886,0
87887,0
87888,0
87889,0
87890,0
87891,-4
87892,0
87893,-4
87894,0
87895,2
87896,0
87897,0
87898,0
87899,-4
87900,0
87901,2
87902,0
87903,2
87904,0
87905,6
87906,0
87907,0
87908,0
87909,2
87910,6
87911,2
87912,0
87913,6
87914,0
87915,0
87916,0
87917,-6
87918,0
87919,0
87920,0
87921,2
87922,0
87923,0
87924,0
87925,-2
87926,0
87927,4
87928,0
87929,0
87930,-12
87931,0
87932,0
87933,0
87934,0
87935,-4
87936,0
87937,2
87938,-4
87939,0
87940,0
87941,0
87942,-4
87943,2
87944,-4
87945,0
87946,0
87947,-4
87948,0
87949,-4
87950,-4
87951,0
87952,0
87953,-4
87954,0
87955,0
87956,0
87957,-14
87958,-4
87959,-4
87960,-4
87961,-4
87962,0
87963,-4
87964,0
87965,-14
87966,-4
87967,-4
87968,0
87969,-4
87970,-4
87971,0
87972,-4
87973,-4
87974,-4
87975,0
87976,-4
87977,-4
87978,0
87979,0
87980,0
87981,0
87982,-4
87983,0
87984,0
87985,0
87986,2
87987,0
87988,0
87989,0
87990,0
87991,0
87992,0
87993,-2
87994,-4
87995,0
87996,0
87997,0
87998,0
87999,4
88000,0
88001,0
88002,0
88003,0
88004,0
88005,0
88006,0
88007,0
88008,2
88009,2
88010,-8
88011,0
88012,0
88013,0
88014,-4
88015,0
88016,0
88017,10
88018,0
88019,0
88020,0
88021,0
88022,-4
88023,2
88024,4
88025,-4
88026,4
88027,0
88028,-4
88029,0
88030,0
88031,0
88032,-12
88033,6
88034,0
88035,0
88036,0
88037,0
88038,0
88039,6
88040,6
88041,0
88042,-4
88043,0
88044,-4
88045,0
88046,0
88047,-4
88048,0
88049,14
88050,0
88051,0
88052,0
88053,-14
88054,0
88055,10
88056,0
88057,-4
88058,-4
88059,-4
88060,-14
88061,0
88062,0
88063,0
88064,6
88065,-4
88066,-4
88067,-4
88068,-4
88069,6
88070,-4
88071,-4
88072,-4
88073,-4
88074,0
88075,-4
88076,0
88077,0
88078,-4
88079,-4
88080,0
88081,0
88082,2
88083,0
88084,0
88085,2
88086,0
88087,0
88088,0
88089,-6
88090,0
88091,0
88092,0
88093,0
88094,0
88095,6
88096,0
88097,0
88098,0
88099,0
88100,0
88101,0
88102,0
88103,0
88104,4
88105,0
88106,0
88107,0
88108,4
88109,4
88110,0
88111,0
88112,0
88113,0
88114,0
88115,0
88116,10
88117,-4
88118,2
88119,-4
88120,6
88121,0
88122,0
88123,6
88124,6
88125,-4
88126,-4
88127,0
88128,0
88129,0
88130,2
88131,0
88132,-10
88133,0
88134,0
88135,0
88136,6
88137,0
88138,-4
88139,4
88140,0
88141,-4
88142,-2
88143,0
88144,0
88145,0
88146,0
88147,-4
88148,0
88149,0
88150,0
88151,-6
88152,-4
88153,-4
88154,-4
88155,-4
88156,-4
88157,-4
88158,-4
88159,6
88160,0
88161,-2
88162,2
88163,0
88164,-4
88165,-4
88166,-4
88167,0
88168,0
88169,-4
88170,-12
88171,-4
88172,0
88173,-4
88174,-4
88175,-4
88176,4
88177,0
88178,0
88179,0
88180,0
88181,0
88182,-4
88183,-4
88184,0
88185,-4
88186,4
88187,0
88188,2
88189,0
88190,0
88191,0
88192,0
88193,0
88194,-4
88195,0
88196,0
88197,0
88198,0
88199,6
88200,0
88201,0
88202,0
88203,0
88204,0
88205,0
88206,2
88207,-4
88208,4
88209,6
88210,0
88211,-4
88212,10
88213,4
88214,0
88215,-6
88216,0
88217,0
88218,6
88219,0
88220,0
88221,-6
88222,0
88223,4
88224,0
88225,12
88226,0
88227,0
88228,-4
88229,-4
88230,0
88231,0
88232,0
88233,0
88234,0
88235,0
88236,4
88237,0
88238,0
88239,0
88240,-4
88241,0
88242,0
88243,2
88244,6
88245,0
88246,0
88247,0
88248,0
88249,-4
88250,0
88251,0
88252,-4
88253,0
88254,-4
88255,-4
88256,-4
88257,0
88258,-4
88259,-4
88260,-4
88261,0
88262,-4
88263,-4
88264,2
88265,-4
88266,-4
88267,0
88268,0
88269,6
88270,0
88271,-4
88272,-6
88273,0
88274,-4
88275,6
88276,-4
88277,0
88278,0
88279,-4
88280,0
88281,0
88282,0
88283,2
88284,0
88285,0
88286,-6
88287,0
88288,0
88289,0
88290,4
88291,0
88292,0
88293,0
88294,-4
88295,0
88296,2
88297,0
88298,0
88299,0
88300,0
88301,6
88302,0
88303,0
88304,0
88305,0
88306,0
88307,2
88308,0
88309,0
88310,4
88311,0
88312,0
88313,0
88314,-2
88315,0
88316,0
88317,0
88318,0
88319,0
88320,6
88321,0
88322,0
88323,6
88324,0
88325,2
88326,6
88327,-4
88328,2
88329,0
88330,-4
88331,0
88332,0
88333,0
88334,2
88335,2
88336,0
88337,0
88338,0
88339,-6
88340,-10
88341,6
88342,0
88343,4
88344,0
88345,-4
88346,-2
88347,-4
88348,0
88349,0
88350,-4
88351,0
88352,0
88353,0
88354,0
88355,-6
88356,0
88357,-8
88358,-4
88359,-4
88360,-4
88361,-4
88362,-4
88363,0
88364,0
88365,0
88366,-4
88367,0
88368,-4
88369,-4
88370,0
88371,0
88372,0
88373,0
88374,0
88375,0
88376,0
88377,0
88378,0
88379,0
88380,0
88381,-4
88382,2
88383,0
88384,0
88385,0
88386,0
88387,-10
88388,0
88389,0
88390,0
88391,0
88392,0
88393,0
88394,0
88395,10
88396,0
88397,6
88398,0
88399,2
88400,2
88401,0
88402,0
88403,0
88404,0
88405,0
88406,2
88407,-4
88408,0
88409,2
88410,0
88411,0
88412,0
88413,0
88414,0
88415,0
88416,2
88417,0
88418,0
88419,0
88420,2
88421,4
88422,-4
88423,6
88424,0
88425,0
88426,0
88427,-4
88428,0
88429,-8
88430,2
88431,6
88432,0
88433,0
88434,0
88435,0
88436,0
88437,-4
88438,0
88439,-2
88440,-4
88441,0
88442,0
88443,0
88444,0
88445,-4
88446,0
88447,-4
88448,0
88449,-4
88450,-4
88451,0
88452,-4
88453,-4
88454,-4
88455,0
88456,-4
88457,-4
88458,0
88459,0
88460,-2
88461,-4
88462,-4
88463,-14
88464,-4
88465,-4
88466,0
88467,-4
88468,0
88469,-4
88470,0
88471,0
88472,-8
88473,0
88474,0
88475,0
88476,0
88477,2
88478,0
88479,0
88480,0
88481,0
88482,2
88483,0
88484,0
88485,0
88486,-4
88487,0
88488,0
88489,2
88490,0
88491,-4
88492,0
88493,0
88494,0
88495,0
88496,-4
88497,0
88498,0
88499,0
88500,0
88501,0
88502,4
88503,10
88504,0
88505,2
88506,0
88507,-4
88508,2
88509,0
88510,2
88511,6
88512,6
88513,-6
88514,0
88515,0
88516,2
88517,-10
88518,0
88519,0
88520,0
88521,0
88522,0
88523,0
88524,-10
88525,2
88526,0
88527,4
88528,-4
88529,0
88530,6
88531,0
88532,0
88533,-4
88534,0
88535,0
88536,18
88537,0
88538,-4
88539,0
88540,-4
88541,0
88542,0
88543,-4
88544,0
88545,0
88546,10
88547,-4
88548,0
88549,0
88550,-4
88551,0
88552,-4
88553,0
88554,-4
88555,-14
88556,0
88557,0
88558,-4
88559,0
88560,-4
88561,-4
88562,0
88563,-4
88564,-4
88565,-4
88566,-4
88567,-4
88568,-4
88569,-4
88570,0
88571,-4
88572,2
88573,0
88574,0
88575,-4
88576,2
