index,CH1_Voltage(mV)
11,4
12,2
13,6
14,0
15,0
16,-8
17,6
18,2
19,0
20,8
21,2
22,0
23,4
24,-4
25,10
26,0
27,0
28,-8
29,0
30,8
31,0
32,0
33,0
34,0
35,2
36,0
37,0
38,0
39,-4
40,0
41,0
42,-4
43,-4
44,0
45,0
46,-4
47,-4
48,0
49,10
50,2
51,-4
52,0
53,4
54,0
55,0
56,0
57,-4
58,-4
59,-4
60,0
61,-4
62,-4
63,0
64,-4
65,0
66,-4
67,-4
68,-4
69,0
70,0
71,0
72,2
73,0
74,0
75,0
76,-4
77,0
78,0
79,-4
80,0
81,0
82,0
83,0
84,0
85,0
86,-4
87,4
88,0
89,4
90,-4
91,-4
92,0
93,0
94,0
95,0
96,0
97,0
98,0
99,2
100,-4
101,0
102,4
103,0
104,-4
105,-4
106,0
107,0
108,2
109,0
110,-4
111,-10
112,0
113,0
114,0
115,0
116,0
117,-4
118,0
119,0
120,0
121,0
122,2
123,4
124,-4
125,6
126,0
127,0
128,0
129,0
130,0
131,-10
132,-4
133,0
134,-4
135,-4
136,6
137,0
138,0
139,0
140,-4
141,0
142,0
143,-4
144,-4
145,0
146,-4
147,0
148,0
149,0
150,-4
151,0
152,-4
153,0
154,0
155,-4
156,0
157,-4
158,-4
159,0
160,-4
161,0
162,0
163,0
164,-4
165,0
166,-4
167,0
168,-4
169,0
170,-4
171,-6
172,-4
173,0
174,2
175,0
176,0
177,-4
178,-4
179,-4
180,0
181,0
182,0
183,-4
184,0
185,0
186,0
187,0
188,0
189,0
190,-14
191,-4
192,0
193,0
194,0
195,2
196,2
197,0
198,6
199,4
200,2
201,0
202,0
203,0
204,0
205,0
206,0
207,0
208,6
209,0
210,0
211,0
212,0
213,0
214,2
215,-4
216,4
217,2
218,0
219,-8
220,2
221,0
222,0
223,0
224,2
225,0
226,6
227,0
228,0
229,4
230,0
231,0
232,0
233,0
234,-4
235,-8
236,0
237,-4
238,2
239,-4
240,-4
241,2
242,0
243,6
244,-4
245,0
246,0
247,-4
248,-4
249,0
250,0
251,0
252,0
253,-4
254,-4
255,0
256,0
257,-4
258,-4
259,0
260,0
261,0
262,0
263,-4
264,-4
265,-4
266,-4
267,0
268,-4
269,-4
270,0
271,0
272,0
273,-4
274,4
275,10
276,0
277,0
278,0
279,0
280,0
281,-12
282,0
283,2
284,0
285,0
286,-8
287,0
288,0
289,0
290,0
291,0
292,-4
293,0
294,4
295,2
296,0
297,-4
298,0
299,4
300,0
301,0
302,0
303,-4
304,0
305,0
306,0
307,0
308,4
309,0
310,0
311,0
312,0
313,-4
314,0
315,4
316,0
317,4
318,-4
319,-4
320,0
321,0
322,-8
323,0
324,0
325,-4
326,-4
327,0
328,0
329,0
330,6
331,0
332,0
333,0
334,0
335,-4
336,0
337,0
338,0
339,0
340,0
341,-4
342,0
343,2
344,0
345,0
346,0
347,-4
348,-4
349,-4
350,-4
351,-4
352,-4
353,-4
354,0
355,-4
356,0
357,0
358,0
359,-4
360,-4
361,-4
362,-4
363,8
364,0
365,0
366,0
367,-4
368,0
369,0
370,-4
371,0
372,-4
373,2
374,0
375,0
376,0
377,-4
378,0
379,4
380,0
381,0
382,0
383,0
384,-4
385,0
386,0
387,0
388,0
389,0
390,0
391,0
392,-4
393,0
394,0
395,0
396,0
397,0
398,2
399,0
400,0
401,0
402,0
403,0
404,0
405,0
406,0
407,4
408,10
409,6
410,0
411,0
412,4
413,0
414,2
415,0
416,0
417,0
418,0
419,0
420,6
421,10
422,0
423,0
424,6
425,2
426,0
427,6
428,4
429,0
430,0
431,0
432,-4
433,0
434,0
435,0
436,0
437,0
438,0
439,0
440,0
441,0
442,0
443,8
444,0
445,0
446,-4
447,0
448,-4
449,-4
450,0
451,0
452,0
453,0
454,-4
455,-4
456,-4
457,-4
458,-8
459,-4
460,-4
461,0
462,0
463,0
464,0
465,-4
466,0
467,-6
468,-4
469,0
470,0
471,-4
472,0
473,0
474,0
475,-4
476,0
477,-16
478,0
479,10
480,-4
481,0
482,0
483,0
484,0
485,0
486,0
487,0
488,0
489,0
490,0
491,-4
492,-4
493,0
494,-10
495,4
496,0
497,0
498,0
499,0
500,-4
501,2
502,0
503,0
504,6
505,0
506,0
507,0
508,4
509,0
510,0
511,0
512,-6
513,0
514,4
515,0
516,-8
517,0
518,0
519,-6
520,0
521,0
522,6
523,0
524,2
525,-4
526,-16
527,0
528,6
529,0
530,0
531,0
532,-4
533,0
534,0
535,-6
536,0
537,-10
538,0
539,0
540,2
541,-4
542,0
543,0
544,0
545,0
546,-4
547,0
548,-4
549,-4
550,-4
551,-4
552,4
553,0
554,-8
555,-14
556,-4
557,0
558,0
559,4
560,0
561,-4
562,-4
563,-4
564,-4
565,4
566,0
567,-4
568,-16
569,-4
570,-4
571,6
572,0
573,0
574,-4
575,0
576,-4
577,6
578,0
579,2
580,0
581,0
582,-4
583,0
584,0
585,-4
586,0
587,0
588,0
589,0
590,0
591,-4
592,-4
593,-4
594,0
595,0
596,0
597,0
598,2
599,0
600,6
601,0
602,0
603,0
604,0
605,-4
606,2
607,6
608,2
609,0
610,-4
611,0
612,0
613,0
614,0
615,0
616,-8
617,0
618,0
619,0
620,6
621,2
622,0
623,6
624,0
625,6
626,-4
627,0
628,6
629,0
630,6
631,-4
632,0
633,0
634,2
635,0
636,2
637,-4
638,0
639,0
640,-4
641,2
642,6
643,-4
644,-4
645,2
646,-4
647,0
648,-4
649,-4
650,0
651,0
652,-4
653,-4
654,0
655,0
656,0
657,0
658,-14
659,-4
660,-4
661,-10
662,-4
663,0
664,10
665,0
666,4
667,0
668,-4
669,0
670,0
671,-4
672,-4
673,-4
674,0
675,0
676,0
677,0
678,-4
679,-4
680,6
681,2
682,0
683,0
684,0
685,0
686,-4
687,0
688,0
689,0
690,0
691,0
692,-4
693,0
694,0
695,0
696,0
697,0
698,8
699,4
700,0
701,0
702,0
703,-4
704,0
705,-4
706,0
707,6
708,2
709,0
710,0
711,-4
712,4
713,0
714,0
715,0
716,6
717,-4
718,6
719,0
720,0
721,6
722,0
723,4
724,-6
725,0
726,0
727,0
728,-4
729,0
730,0
731,-4
732,0
733,0
734,0
735,0
736,0
737,0
738,-4
739,0
740,-4
741,0
742,0
743,0
744,-4
745,0
746,0
747,0
748,-4
749,0
750,0
751,0
752,-4
753,-4
754,0
755,0
756,0
757,10
758,-4
759,0
760,0
761,0
762,0
763,-4
764,-4
765,0
766,0
767,0
768,-4
769,0
770,-4
771,-4
772,2
773,0
774,-4
775,0
776,0
777,0
778,0
779,0
780,-4
781,0
782,0
783,0
784,0
785,0
786,0
787,0
788,-8
789,-6
790,0
791,-4
792,0
793,0
794,0
795,6
796,6
797,2
798,0
799,0
800,0
801,-4
802,0
803,4
804,-4
805,0
806,0
807,0
808,2
809,0
810,14
811,0
812,8
813,0
814,0
815,0
816,-4
817,0
818,0
819,4
820,14
821,0
822,-4
823,0
824,0
825,0
826,0
827,-8
828,0
829,2
830,0
831,10
832,0
833,0
834,-4
835,-4
836,0
837,-4
838,0
839,0
840,-6
841,0
842,0
843,0
844,0
845,-4
846,0
847,-4
848,-4
849,0
850,-4
851,0
852,0
853,0
854,0
855,4
856,0
857,-4
858,-4
859,-14
860,0
861,-4
862,-4
863,-4
864,-4
865,0
866,0
867,0
868,0
869,0
870,-4
871,0
872,0
873,-4
874,0
875,0
876,0
877,0
878,0
879,-4
880,0
881,0
882,-4
883,6
884,0
885,0
886,0
887,-4
888,2
889,0
890,0
891,0
892,0
893,0
894,0
895,4
896,0
897,2
898,0
899,0
900,0
901,0
902,0
903,0
904,2
905,-8
906,0
907,0
908,0
909,10
910,0
911,0
912,0
913,2
914,2
915,2
916,4
917,0
918,0
919,0
920,-16
921,2
922,4
923,-4
924,6
925,0
926,0
927,2
928,0
929,0
930,0
931,-4
932,0
933,0
934,2
935,-4
936,0
937,-4
938,0
939,0
940,0
941,-4
942,0
943,-4
944,0
945,-6
946,-4
947,-4
948,0
949,-4
950,0
951,-4
952,-4
953,-4
954,0
955,0
956,0
957,0
958,0
959,-4
960,-4
961,0
962,0
963,0
964,0
965,-4
966,-4
967,-4
968,-4
969,0
970,-4
971,0
972,-4
973,0
974,4
975,2
976,0
977,0
978,-4
979,-4
980,0
981,6
982,0
983,0
984,0
985,0
986,-4
987,6
988,-8
989,0
990,0
991,0
992,0
993,0
994,0
995,0
996,0
997,0
998,4
999,-4
1000,0
1001,0
1002,0
1003,0
1004,0
1005,-8
1006,4
1007,4
1008,0
1009,0
1010,0
1011,0
1012,2
1013,0
1014,0
1015,0
1016,0
1017,0
1018,2
1019,0
1020,8
1021,0
1022,0
1023,0
1024,0
1025,0
1026,0
1027,0
1028,0
1029,4
1030,0
1031,-4
1032,-4
1033,0
1034,0
1035,2
1036,-4
1037,0
1038,-4
1039,0
1040,-6
1041,0
1042,-4
1043,0
1044,0
1045,0
1046,4
1047,-4
1048,2
1049,-4
1050,-4
1051,0
1052,0
1053,0
1054,-4
1055,-8
1056,-4
1057,-4
1058,-4
1059,-4
1060,-4
1061,-4
1062,0
1063,-4
1064,0
1065,0
1066,-4
1067,0
1068,0
1069,-4
1070,-4
1071,-4
1072,2
1073,0
1074,0
1075,0
1076,8
1077,0
1078,0
1079,0
1080,0
1081,0
1082,0
1083,0
1084,0
1085,0
1086,-8
1087,-4
1088,0
1089,0
1090,0
1091,0
1092,0
1093,0
1094,4
1095,0
1096,0
1097,0
1098,0
1099,2
1100,0
1101,2
1102,-4
1103,0
1104,8
1105,-4
1106,0
1107,-4
1108,0
1109,2
1110,0
1111,0
1112,0
1113,0
1114,4
1115,0
1116,-4
1117,0
1118,0
1119,0
1120,6
1121,0
1122,2
1123,-8
1124,0
1125,-4
1126,0
1127,-4
1128,0
1129,0
1130,0
1131,0
1132,-8
1133,-4
1134,0
1135,0
1136,0
1137,0
1138,6
1139,-4
1140,-4
1141,0
1142,6
1143,6
1144,-4
1145,0
1146,0
1147,2
1148,-4
1149,2
1150,0
1151,0
1152,0
1153,-4
1154,10
1155,0
1156,0
1157,-4
1158,-4
1159,-4
1160,-4
1161,-8
1162,0
1163,0
1164,0
1165,-4
1166,0
1167,-4
1168,-4
1169,-4
1170,-4
1171,-6
1172,-4
1173,0
1174,0
1175,0
1176,0
1177,-4
1178,0
1179,0
1180,0
1181,0
1182,0
1183,0
1184,-4
1185,0
1186,0
1187,0
1188,0
1189,0
1190,0
1191,-8
1192,0
1193,0
1194,-4
1195,2
1196,0
1197,0
1198,6
1199,0
1200,0
1201,0
1202,0
1203,0
1204,0
1205,0
1206,0
1207,0
1208,-4
1209,4
1210,6
1211,0
1212,-4
1213,4
1214,0
1215,0
1216,0
1217,0
1218,4
1219,2
1220,4
1221,0
1222,-16
1223,0
1224,2
1225,0
1226,0
1227,0
1228,0
1229,0
1230,4
1231,0
1232,0
1233,0
1234,-4
1235,-4
1236,0
1237,-4
1238,-4
1239,-6
1240,0
1241,0
1242,0
1243,-4
1244,0
1245,0
1246,0
1247,0
1248,-4
1249,-4
1250,0
1251,-4
1252,0
1253,-4
1254,-4
1255,-4
1256,0
1257,-4
1258,0
1259,-4
1260,-12
1261,0
1262,-4
1263,0
1264,-4
1265,-8
1266,0
1267,-4
1268,-4
1269,-4
1270,-4
1271,-4
1272,0
1273,2
1274,-4
1275,0
1276,0
1277,-14
1278,0
1279,-4
1280,-4
1281,0
1282,0
1283,0
1284,0
1285,0
1286,-4
1287,0
1288,-4
1289,0
1290,0
1291,0
1292,0
1293,0
1294,0
1295,0
1296,0
1297,2
1298,0
1299,0
1300,0
1301,0
1302,4
1303,0
1304,0
1305,0
1306,0
1307,0
1308,0
1309,2
1310,0
1311,4
1312,0
1313,-4
1314,0
1315,4
1316,0
1317,10
1318,4
1319,0
1320,0
1321,0
1322,0
1323,0
1324,-14
1325,0
1326,0
1327,0
1328,-4
1329,0
1330,0
1331,-4
1332,0
1333,0
1334,0
1335,0
1336,0
1337,0
1338,0
1339,0
1340,0
1341,0
1342,0
1343,0
1344,0
1345,0
1346,0
1347,0
1348,-4
1349,0
1350,0
1351,-6
1352,-4
1353,6
1354,0
1355,0
1356,-4
1357,-4
1358,-4
1359,-4
1360,-4
1361,0
1362,-4
1363,0
1364,0
1365,-4
1366,0
1367,-4
1368,0
1369,0
1370,-4
1371,-4
1372,-4
1373,0
1374,-4
1375,-4
1376,0
1377,0
1378,4
1379,0
1380,-4
1381,0
1382,-4
1383,0
1384,0
1385,0
1386,0
1387,0
1388,0
1389,-4
1390,0
1391,-4
1392,-4
1393,0
1394,0
1395,4
1396,0
1397,0
1398,0
1399,0
1400,0
1401,2
1402,0
1403,0
1404,0
1405,0
1406,2
1407,0
1408,0
1409,4
1410,0
1411,2
1412,4
1413,4
1414,10
1415,0
1416,6
1417,0
1418,0
1419,6
1420,4
1421,6
1422,0
1423,4
1424,4
1425,4
1426,6
1427,0
1428,0
1429,-14
1430,0
1431,0
1432,0
1433,4
1434,0
1435,-4
1436,0
1437,2
1438,0
1439,0
1440,0
1441,0
1442,0
1443,0
1444,0
1445,0
1446,0
1447,-4
1448,-4
1449,-4
1450,-4
1451,-4
1452,-4
1453,-4
1454,0
1455,0
1456,0
1457,-4
1458,-4
1459,-4
1460,0
1461,-4
1462,-4
1463,-4
1464,-4
1465,-4
1466,-4
1467,-4
1468,0
1469,0
1470,-4
1471,2
1472,-4
1473,-4
1474,4
1475,0
1476,0
1477,-4
1478,0
1479,0
1480,0
1481,-4
1482,0
1483,-4
1484,0
1485,0
1486,0
1487,0
1488,4
1489,0
1490,-4
1491,0
1492,0
1493,0
1494,2
1495,-10
1496,0
1497,0
1498,0
1499,2
1500,0
1501,0
1502,0
1503,0
1504,0
1505,6
1506,-4
1507,0
1508,4
1509,0
1510,-4
1511,8
1512,14
1513,0
1514,0
1515,-4
1516,0
1517,0
1518,0
1519,2
1520,0
1521,0
1522,6
1523,0
1524,0
1525,10
1526,-4
1527,0
1528,6
1529,0
1530,6
1531,0
1532,0
1533,0
1534,0
1535,0
1536,0
1537,0
1538,6
1539,0
1540,0
1541,0
1542,0
1543,0
1544,-4
1545,0
1546,0
1547,0
1548,0
1549,-4
1550,0
1551,0
1552,0
1553,0
1554,-4
1555,-4
1556,0
1557,0
1558,-4
1559,-4
1560,-4
1561,0
1562,0
1563,0
1564,-4
1565,6
1566,-4
1567,0
1568,-4
1569,0
1570,-4
1571,-4
1572,0
1573,0
1574,0
1575,0
1576,0
1577,-6
1578,-4
1579,0
1580,-4
1581,10
1582,0
1583,0
1584,0
1585,0
1586,0
1587,0
1588,2
1589,0
1590,0
1591,0
1592,0
1593,0
1594,0
1595,6
1596,2
1597,0
1598,0
1599,0
1600,0
1601,0
1602,0
1603,2
1604,-4
1605,0
1606,0
1607,-4
1608,0
1609,0
1610,6
1611,2
1612,0
1613,-4
1614,0
1615,0
1616,0
1617,10
1618,0
1619,4
1620,0
1621,0
1622,0
1623,2
1624,6
1625,0
1626,-4
1627,4
1628,0
1629,-4
1630,0
1631,-4
1632,-4
1633,-4
1634,0
1635,0
1636,0
1637,0
1638,0
1639,10
1640,8
1641,0
1642,2
1643,0
1644,0
1645,-4
1646,0
1647,0
1648,0
1649,-4
1650,0
1651,0
1652,-4
1653,0
1654,2
1655,-4
1656,0
1657,0
1658,-4
1659,-4
1660,-4
1661,0
1662,-4
1663,0
1664,-6
1665,-4
1666,-4
1667,0
1668,0
1669,0
1670,0
1671,0
1672,-8
1673,0
1674,0
1675,0
1676,0
1677,0
1678,-4
1679,0
1680,0
1681,0
1682,0
1683,0
1684,0
1685,0
1686,0
1687,0
1688,6
1689,2
1690,2
1691,-4
1692,-4
1693,0
1694,0
1695,0
1696,4
1697,2
1698,4
1699,4
1700,0
1701,0
1702,0
1703,0
1704,0
1705,0
1706,0
1707,6
1708,0
1709,-4
1710,0
1711,0
1712,4
1713,0
1714,10
1715,0
1716,6
1717,0
1718,0
1719,-8
1720,0
1721,0
1722,4
1723,-4
1724,0
1725,0
1726,6
1727,2
1728,0
1729,10
1730,0
1731,0
1732,0
1733,0
1734,0
1735,0
1736,-4
1737,0
1738,0
1739,0
1740,0
1741,-4
1742,0
1743,0
1744,0
1745,0
1746,-4
1747,0
1748,-4
1749,-4
1750,0
1751,0
1752,-4
1753,-4
1754,0
1755,-4
1756,-4
1757,-4
1758,0
1759,-4
1760,-4
1761,-4
1762,-4
1763,-4
1764,0
1765,0
1766,0
1767,-4
1768,0
1769,-4
1770,0
1771,0
1772,0
1773,0
1774,0
1775,0
1776,0
1777,0
1778,0
1779,0
1780,0
1781,0
1782,0
1783,0
1784,-4
1785,0
1786,0
1787,0
1788,-4
1789,2
1790,4
1791,0
1792,0
1793,0
1794,0
1795,0
1796,0
1797,0
1798,0
1799,0
1800,0
1801,0
1802,0
1803,0
1804,4
1805,-4
1806,0
1807,0
1808,0
1809,2
1810,4
1811,4
1812,8
1813,2
1814,0
1815,6
1816,0
1817,2
1818,6
1819,2
1820,0
1821,0
1822,-4
1823,0
1824,0
1825,6
1826,0
1827,0
1828,0
1829,-4
1830,-4
1831,0
1832,0
1833,0
1834,0
1835,8
1836,0
1837,-8
1838,0
1839,0
1840,0
1841,0
1842,0
1843,0
1844,0
1845,-4
1846,0
1847,0
1848,-4
1849,-4
1850,0
1851,0
1852,-4
1853,-4
1854,-4
1855,-4
1856,0
1857,-4
1858,0
1859,0
1860,-4
1861,0
1862,-12
1863,0
1864,0
1865,6
1866,-4
1867,-4
1868,0
1869,-4
1870,-6
1871,-4
1872,0
1873,-4
1874,0
1875,0
1876,-4
1877,0
1878,0
1879,0
1880,0
1881,0
1882,0
1883,0
1884,0
1885,-4
1886,0
1887,-4
1888,0
1889,0
1890,2
1891,0
1892,0
1893,0
1894,2
1895,0
1896,0
1897,0
1898,0
1899,0
1900,-4
1901,0
1902,-4
1903,0
1904,-4
1905,0
1906,4
1907,0
1908,0
1909,0
1910,4
1911,0
1912,0
1913,-6
1914,2
1915,-12
1916,0
1917,-4
1918,0
1919,0
1920,0
1921,6
1922,0
1923,6
1924,8
1925,0
1926,0
1927,2
1928,0
1929,0
1930,4
1931,0
1932,0
1933,0
1934,0
1935,2
1936,-4
1937,2
1938,0
1939,0
1940,0
1941,0
1942,0
1943,4
1944,0
1945,0
1946,0
1947,0
1948,0
1949,0
1950,-4
1951,0
1952,0
1953,-4
1954,-4
1955,-4
1956,0
1957,0
1958,-4
1959,-4
1960,-4
1961,0
1962,-4
1963,14
1964,0
1965,0
1966,0
1967,-4
1968,0
1969,0
1970,6
1971,-4
1972,0
1973,-4
1974,-4
1975,0
1976,8
1977,0
1978,-4
1979,-14
1980,0
1981,0
1982,0
1983,0
1984,0
1985,0
1986,0
1987,-4
1988,0
1989,0
1990,0
1991,0
1992,0
1993,0
1994,0
1995,0
1996,0
1997,0
1998,0
1999,0
2000,0
2001,0
2002,-6
2003,-4
2004,2
2005,0
2006,0
2007,0
2008,0
2009,6
2010,0
2011,0
2012,0
2013,-4
2014,-6
2015,0
2016,-4
2017,0
2018,0
2019,8
2020,0
2021,0
2022,4
2023,0
2024,0
2025,0
2026,4
2027,0
2028,0
2029,-16
2030,0
2031,0
2032,0
2033,0
2034,0
2035,-4
2036,0
2037,-4
2038,0
2039,-4
2040,6
2041,0
2042,2
2043,0
2044,0
2045,0
2046,0
2047,-4
2048,-4
2049,0
2050,0
2051,-4
2052,0
2053,2
2054,0
2055,-12
2056,0
2057,-8
2058,-4
2059,-4
2060,0
2061,0
2062,0
2063,0
2064,-12
2065,0
2066,4
2067,-4
2068,0
2069,0
2070,0
2071,0
2072,-4
2073,-4
2074,-8
2075,-4
2076,-4
2077,-4
2078,-14
2079,0
2080,0
2081,-4
2082,0
2083,0
2084,0
2085,-4
2086,0
2087,0
2088,0
2089,0
2090,-4
2091,-4
2092,-4
2093,8
2094,0
2095,6
2096,0
2097,0
2098,0
2099,4
2100,0
2101,0
2102,0
2103,0
2104,0
2105,0
2106,0
2107,0
2108,-4
2109,0
2110,0
2111,2
2112,0
2113,0
2114,0
2115,0
2116,0
2117,0
2118,-4
2119,0
2120,2
2121,-4
2122,0
2123,0
2124,0
2125,-4
2126,0
2127,0
2128,4
2129,2
2130,0
2131,0
2132,-10
2133,-4
2134,0
2135,-4
2136,0
2137,4
2138,-4
2139,-4
2140,0
2141,2
2142,0
2143,0
2144,0
2145,-10
2146,-4
2147,0
2148,-4
2149,0
2150,-4
2151,0
2152,0
2153,0
2154,0
2155,0
2156,-4
2157,-4
2158,-6
2159,-4
2160,0
2161,-4
2162,0
2163,0
2164,-4
2165,0
2166,-4
2167,0
2168,-4
2169,0
2170,0
2171,-4
2172,0
2173,2
2174,0
2175,-4
2176,-4
2177,0
2178,0
2179,0
2180,0
2181,0
2182,0
2183,0
2184,-4
2185,0
2186,-4
2187,0
2188,0
2189,0
2190,0
2191,0
2192,-4
2193,6
2194,0
2195,0
2196,0
2197,0
2198,0
2199,4
2200,2
2201,0
2202,0
2203,0
2204,-6
2205,0
2206,0
2207,0
2208,0
2209,0
2210,6
2211,2
2212,0
2213,0
2214,0
2215,-8
2216,4
2217,-4
2218,0
2219,0
2220,-4
2221,0
2222,0
2223,-4
2224,0
2225,0
2226,0
2227,-8
2228,0
2229,0
2230,0
2231,4
2232,-4
2233,0
2234,0
2235,0
2236,0
2237,0
2238,0
2239,-4
2240,0
2241,-4
2242,-4
2243,0
2244,0
2245,-4
2246,0
2247,0
2248,0
2249,0
2250,0
2251,-24
2252,-4
2253,-4
2254,-4
2255,0
2256,0
2257,0
2258,0
2259,0
2260,0
2261,-4
2262,0
2263,-12
2264,-4
2265,-4
2266,-4
2267,0
2268,-4
2269,-4
2270,-4
2271,0
2272,0
2273,-4
2274,4
2275,-4
2276,0
2277,0
2278,0
2279,-4
2280,0
2281,0
2282,4
2283,0
2284,0
2285,0
2286,0
2287,0
2288,0
2289,-8
2290,0
2291,0
2292,0
2293,0
2294,0
2295,0
2296,0
2297,2
2298,0
2299,2
2300,0
2301,6
2302,-4
2303,0
2304,0
2305,0
2306,4
2307,0
2308,0
2309,0
2310,0
2311,0
2312,0
2313,0
2314,2
2315,0
2316,0
2317,0
2318,0
2319,0
2320,-8
2321,-4
2322,0
2323,0
2324,0
2325,0
2326,0
2327,6
2328,0
2329,0
2330,4
2331,4
2332,0
2333,0
2334,0
2335,0
2336,0
2337,8
2338,0
2339,0
2340,4
2341,0
2342,0
2343,2
2344,0
2345,0
2346,-4
2347,0
2348,0
2349,0
2350,-4
2351,-4
2352,-4
2353,0
2354,-4
2355,0
2356,-4
2357,-4
2358,-4
2359,0
2360,0
2361,0
2362,0
2363,0
2364,6
2365,0
2366,-14
2367,-4
2368,0
2369,0
2370,-4
2371,-4
2372,-4
2373,0
2374,-4
2375,4
2376,0
2377,-4
2378,-4
2379,0
2380,0
2381,0
2382,0
2383,0
2384,0
2385,0
2386,0
2387,0
2388,0
2389,0
2390,0
2391,0
2392,2
2393,0
2394,0
2395,0
2396,6
2397,0
2398,0
2399,2
2400,-4
2401,0
2402,0
2403,0
2404,0
2405,0
2406,2
2407,-4
2408,2
2409,0
2410,10
2411,0
2412,0
2413,0
2414,0
2415,0
2416,0
2417,2
2418,6
2419,0
2420,0
2421,0
2422,0
2423,0
2424,4
2425,-6
2426,-4
2427,-4
2428,0
2429,0
2430,0
2431,0
2432,0
2433,0
2434,0
2435,0
2436,-4
2437,0
2438,0
2439,0
2440,0
2441,0
2442,0
2443,0
2444,-6
2445,-4
2446,0
2447,0
2448,-4
2449,-4
2450,0
2451,0
2452,0
2453,-4
2454,0
2455,-4
2456,4
2457,0
2458,0
2459,4
2460,0
2461,0
2462,-4
2463,-4
2464,0
2465,-4
2466,0
2467,0
2468,0
2469,0
2470,0
2471,10
2472,-4
2473,0
2474,6
2475,0
2476,0
2477,0
2478,0
2479,0
2480,0
2481,-4
2482,0
2483,-4
2484,0
2485,0
2486,0
2487,-4
2488,0
2489,0
2490,0
2491,0
2492,0
2493,0
2494,0
2495,0
2496,0
2497,0
2498,0
2499,0
2500,0
2501,0
2502,4
2503,-4
2504,2
2505,-6
2506,4
2507,-4
2508,0
2509,0
2510,2
2511,2
2512,-4
2513,2
2514,0
2515,6
2516,0
2517,10
2518,0
2519,0
2520,0
2521,0
2522,0
2523,-4
2524,0
2525,0
2526,0
2527,-8
2528,0
2529,-4
2530,-4
2531,2
2532,-4
2533,0
2534,8
2535,10
2536,0
2537,0
2538,0
2539,0
2540,-4
2541,-4
2542,0
2543,-4
2544,0
2545,0
2546,-4
2547,0
2548,0
2549,0
2550,-4
2551,0
2552,0
2553,-4
2554,0
2555,-6
2556,0
2557,-4
2558,0
2559,-4
2560,-4
2561,0
2562,0
2563,-4
2564,0
2565,-4
2566,0
2567,0
2568,0
2569,-4
2570,0
2571,0
2572,0
2573,-4
2574,0
2575,-4
2576,-4
2577,0
2578,2
2579,0
2580,0
2581,0
2582,4
2583,0
2584,0
2585,0
2586,2
2587,0
2588,0
2589,0
2590,0
2591,0
2592,2
2593,0
2594,0
2595,0
2596,0
2597,0
2598,0
2599,0
2600,0
2601,2
2602,4
2603,-4
2604,0
2605,0
2606,4
2607,4
2608,0
2609,4
2610,4
2611,0
2612,0
2613,0
2614,6
2615,0
2616,0
2617,0
2618,0
2619,4
2620,0
2621,0
2622,0
2623,6
2624,0
2625,4
2626,-8
2627,0
2628,0
2629,-4
2630,6
2631,-4
2632,0
2633,0
2634,0
2635,0
2636,0
2637,-8
2638,-4
2639,0
2640,0
2641,-4
2642,0
2643,0
2644,0
2645,0
2646,-4
2647,0
2648,0
2649,-4
2650,-4
2651,-4
2652,0
2653,8
2654,0
2655,-4
2656,0
2657,0
2658,-4
2659,0
2660,-4
2661,-6
2662,2
2663,-4
2664,-4
2665,-4
2666,-4
2667,0
2668,0
2669,0
2670,-4
2671,0
2672,0
2673,0
2674,-4
2675,-4
2676,0
2677,0
2678,-4
2679,0
2680,-4
2681,0
2682,0
2683,4
2684,0
2685,0
2686,0
2687,0
2688,0
2689,0
2690,0
2691,0
2692,0
2693,0
2694,0
2695,-4
2696,0
2697,0
2698,0
2699,0
2700,0
2701,0
2702,6
2703,0
2704,0
2705,0
2706,2
2707,4
2708,0
2709,0
2710,-4
2711,0
2712,0
2713,0
2714,0
2715,0
2716,0
2717,0
2718,10
2719,2
2720,0
2721,0
2722,0
2723,0
2724,0
2725,0
2726,0
2727,0
2728,-8
2729,0
2730,0
2731,0
2732,2
2733,-4
2734,0
2735,0
2736,0
2737,0
2738,0
2739,0
2740,-4
2741,-4
2742,4
2743,-4
2744,0
2745,0
2746,-4
2747,0
2748,0
2749,0
2750,0
2751,-4
2752,6
2753,0
2754,0
2755,0
2756,-4
2757,0
2758,0
2759,-4
2760,0
2761,-4
2762,0
2763,-4
2764,0
2765,-4
2766,-4
2767,0
2768,-4
2769,0
2770,4
2771,-4
2772,-4
2773,0
2774,0
2775,-4
2776,4
2777,-6
2778,0
2779,-4
2780,0
2781,0
2782,-4
2783,0
2784,0
2785,0
2786,0
2787,0
2788,0
2789,0
2790,0
2791,2
2792,-4
2793,0
2794,2
2795,-4
2796,-4
2797,0
2798,0
2799,0
2800,0
2801,0
2802,-6
2803,-4
2804,-4
2805,0
2806,-4
2807,2
2808,2
2809,0
2810,2
2811,0
2812,0
2813,0
2814,2
2815,0
2816,0
2817,-4
2818,0
2819,0
2820,2
2821,0
2822,6
2823,0
2824,-4
2825,0
2826,0
2827,4
2828,0
2829,2
2830,-14
2831,0
2832,0
2833,-10
2834,4
2835,0
2836,-4
2837,0
2838,-6
2839,-4
2840,0
2841,0
2842,-4
2843,0
2844,0
2845,0
2846,0
2847,-4
2848,0
2849,0
2850,0
2851,0
2852,-4
2853,0
2854,-4
2855,-4
2856,0
2857,-4
2858,-4
2859,-4
2860,-4
2861,-4
2862,0
2863,-4
2864,-4
2865,-4
2866,0
2867,6
2868,0
2869,0
2870,4
2871,0
2872,0
2873,2
2874,0
2875,0
2876,-8
2877,0
2878,0
2879,0
2880,0
2881,6
2882,0
2883,0
2884,0
2885,0
2886,0
2887,0
2888,0
2889,0
2890,0
2891,0
2892,0
2893,0
2894,-4
2895,0
2896,0
2897,-4
2898,0
2899,4
2900,0
2901,0
2902,0
2903,0
2904,0
2905,0
2906,-6
2907,-4
2908,0
2909,0
2910,4
2911,0
2912,-14
2913,14
2914,0
2915,0
2916,2
2917,0
2918,0
2919,8
2920,0
2921,6
2922,6
2923,0
2924,4
2925,0
2926,0
2927,0
2928,0
2929,6
2930,0
2931,-4
2932,0
2933,0
2934,0
2935,0
2936,0
2937,0
2938,-4
2939,14
2940,4
2941,-4
2942,-4
2943,0
2944,0
2945,-8
2946,-4
2947,0
2948,-4
2949,0
2950,-4
2951,-4
2952,0
2953,-4
2954,-4
2955,-4
2956,2
2957,8
2958,0
2959,-4
2960,-4
2961,-4
2962,-4
2963,-4
2964,-4
2965,0
2966,-4
2967,0
2968,0
2969,0
2970,0
2971,-4
2972,-4
2973,-4
2974,-4
2975,0
2976,0
2977,0
2978,0
2979,0
2980,0
2981,0
2982,0
2983,-4
2984,-4
2985,-4
2986,-4
2987,0
2988,0
2989,0
2990,0
2991,0
2992,0
2993,0
2994,0
2995,0
2996,0
2997,0
2998,0
2999,0
3000,0
3001,0
3002,0
3003,0
3004,0
3005,10
3006,0
3007,2
3008,0
3009,0
3010,0
3011,2
3012,0
3013,0
3014,-14
3015,0
3016,0
3017,0
3018,4
3019,0
3020,0
3021,0
3022,-4
3023,4
3024,0
3025,0
3026,0
3027,0
3028,0
3029,0
3030,0
3031,0
3032,-4
3033,0
3034,0
3035,0
3036,0
3037,0
3038,0
3039,-10
3040,4
3041,-4
3042,-4
3043,-4
3044,6
3045,0
3046,0
3047,-4
3048,0
3049,-4
3050,-4
3051,-4
3052,-4
3053,-6
3054,0
3055,-4
3056,-4
3057,-4
3058,10
3059,0
3060,-4
3061,-12
3062,-4
3063,-4
3064,-4
3065,-4
3066,0
3067,-4
3068,-4
3069,-4
3070,-4
3071,-4
3072,0
3073,-4
3074,-4
3075,0
3076,-4
3077,0
3078,0
3079,0
3080,0
3081,-4
3082,0
3083,0
3084,0
3085,-4
3086,0
3087,-4
3088,-4
3089,0
3090,0
3091,0
3092,2
3093,0
3094,0
3095,0
3096,0
3097,0
3098,4
3099,0
3100,2
3101,0
3102,2
3103,0
3104,0
3105,0
3106,0
3107,0
3108,-4
3109,0
3110,0
3111,0
3112,0
3113,0
3114,0
3115,2
3116,0
3117,4
3118,0
3119,0
3120,4
3121,0
3122,0
3123,0
3124,0
3125,0
3126,2
3127,-4
3128,-4
3129,0
3130,6
3131,0
3132,8
3133,4
3134,0
3135,0
3136,0
3137,0
3138,0
3139,0
3140,0
3141,0
3142,-4
3143,2
3144,0
3145,6
3146,-4
3147,0
3148,0
3149,0
3150,0
3151,0
3152,-4
3153,0
3154,0
3155,-4
3156,-4
3157,-4
3158,0
3159,-6
3160,-4
3161,0
3162,0
3163,-4
3164,0
3165,-8
3166,-4
3167,-8
3168,-4
3169,-4
3170,0
3171,-4
3172,-4
3173,0
3174,-4
3175,0
3176,0
3177,0
3178,0
3179,0
3180,0
3181,0
3182,-4
3183,0
3184,-4
3185,0
3186,0
3187,0
3188,0
3189,0
3190,0
3191,0
3192,2
3193,0
3194,-4
3195,0
3196,0
3197,0
3198,0
3199,0
3200,0
3201,0
3202,0
3203,0
3204,0
3205,2
3206,0
3207,0
3208,0
3209,0
3210,10
3211,0
3212,4
3213,0
3214,0
3215,0
3216,0
3217,0
3218,0
3219,0
3220,2
3221,0
3222,0
3223,0
3224,0
3225,0
3226,0
3227,-4
3228,0
3229,-4
3230,2
3231,0
3232,0
3233,-4
3234,0
3235,0
3236,0
3237,0
3238,0
3239,0
3240,-4
3241,-4
3242,4
3243,2
3244,6
3245,0
3246,0
3247,-4
3248,0
3249,0
3250,0
3251,-4
3252,0
3253,-4
3254,-4
3255,0
3256,0
3257,-4
3258,0
3259,-4
3260,-8
3261,-4
3262,0
3263,-4
3264,0
3265,-4
3266,-4
3267,-4
3268,0
3269,-4
3270,0
3271,0
3272,0
3273,-4
3274,0
3275,0
3276,-4
3277,-4
3278,10
3279,0
3280,0
3281,-4
3282,-12
3283,0
3284,0
3285,-4
3286,0
3287,0
3288,0
3289,0
3290,0
3291,0
3292,0
3293,-4
3294,-4
3295,0
3296,0
3297,2
3298,0
3299,0
3300,0
3301,4
3302,4
3303,-6
3304,0
3305,0
3306,2
3307,2
3308,0
3309,0
3310,0
3311,2
3312,0
3313,0
3314,0
3315,0
3316,0
3317,0
3318,6
3319,2
3320,2
3321,4
3322,6
3323,0
3324,2
3325,2
3326,2
3327,-4
3328,2
3329,0
3330,0
3331,4
3332,0
3333,0
3334,-4
3335,0
3336,-4
3337,0
3338,-4
3339,-4
3340,0
3341,-4
3342,0
3343,0
3344,0
3345,0
3346,-4
3347,0
3348,0
3349,0
3350,-4
3351,-4
3352,-4
3353,-6
3354,-4
3355,-4
3356,-4
3357,-4
3358,-4
3359,-4
3360,-4
3361,-4
3362,-4
3363,-4
3364,10
3365,0
3366,-4
3367,0
3368,0
3369,0
3370,-4
3371,-4
3372,0
3373,-4
3374,0
3375,0
3376,2
3377,2
3378,0
3379,0
3380,0
3381,-4
3382,0
3383,6
3384,0
3385,0
3386,-6
3387,0
3388,0
3389,0
3390,0
3391,-4
3392,0
3393,0
3394,0
3395,8
3396,2
3397,0
3398,0
3399,0
3400,0
3401,4
3402,0
3403,-4
3404,6
3405,4
3406,0
3407,0
3408,4
3409,0
3410,4
3411,4
3412,0
3413,0
3414,2
3415,-4
3416,0
3417,0
3418,2
3419,0
3420,0
3421,2
3422,-4
3423,4
3424,0
3425,0
3426,2
3427,8
3428,0
3429,0
3430,8
3431,0
3432,0
3433,-4
3434,0
3435,0
3436,0
3437,0
3438,-4
3439,6
3440,2
3441,0
3442,6
3443,0
3444,0
3445,0
3446,0
3447,-4
3448,0
3449,-4
3450,0
3451,-4
3452,-4
3453,0
3454,6
3455,0
3456,-4
3457,-4
3458,2
3459,0
3460,-4
3461,0
3462,0
3463,-4
3464,-4
3465,-4
3466,-4
3467,-14
3468,0
3469,0
3470,-16
3471,-4
3472,2
3473,4
3474,-4
3475,-4
3476,-8
3477,-4
3478,0
3479,-4
3480,-4
3481,0
3482,0
3483,0
3484,6
3485,6
3486,0
3487,0
3488,0
3489,-4
3490,0
3491,0
3492,-4
3493,14
3494,-4
3495,-4
3496,0
3497,0
3498,4
3499,0
3500,0
3501,0
3502,0
3503,4
3504,0
3505,4
3506,0
3507,0
3508,0
3509,0
3510,0
3511,2
3512,0
3513,0
3514,0
3515,0
3516,0
3517,0
3518,4
3519,0
3520,2
3521,0
3522,0
3523,10
3524,4
3525,-4
3526,0
3527,0
3528,-4
3529,6
3530,0
3531,0
3532,0
3533,-4
3534,2
3535,-4
3536,0
3537,0
3538,2
3539,0
3540,-8
3541,-4
3542,0
3543,-4
3544,0
3545,0
3546,-4
3547,-4
3548,-4
3549,-4
3550,14
3551,-4
3552,-4
3553,0
3554,-4
3555,-4
3556,0
3557,0
3558,-4
3559,-8
3560,-4
3561,-4
3562,-4
3563,0
3564,0
3565,-4
3566,-8
3567,-4
3568,0
3569,0
3570,-4
3571,0
3572,-4
3573,0
3574,0
3575,0
3576,-4
3577,-4
3578,0
3579,0
3580,0
3581,-4
3582,-4
3583,0
3584,0
3585,0
3586,0
3587,0
3588,0
3589,0
3590,0
3591,0
3592,0
3593,0
3594,-14
3595,-4
3596,0
3597,0
3598,0
3599,0
3600,0
3601,2
3602,0
3603,0
3604,0
3605,8
3606,0
3607,0
3608,0
3609,0
3610,0
3611,-4
3612,-4
3613,0
3614,-4
3615,0
3616,-8
3617,0
3618,-4
3619,0
3620,0
3621,0
3622,0
3623,0
3624,0
3625,-14
3626,2
3627,-4
3628,2
3629,2
3630,4
3631,-4
3632,0
3633,0
3634,0
3635,-14
3636,0
3637,0
3638,-4
3639,0
3640,0
3641,0
3642,-4
3643,0
3644,6
3645,0
3646,-4
3647,0
3648,-4
3649,0
3650,0
3651,-4
3652,2
3653,0
3654,0
3655,6
3656,0
3657,-4
3658,0
3659,0
3660,-8
3661,-4
3662,-4
3663,-4
3664,-4
3665,-4
3666,-4
3667,-4
3668,0
3669,-4
3670,-4
3671,0
3672,0
3673,-4
3674,0
3675,-4
3676,0
3677,2
3678,-4
3679,4
3680,-14
3681,0
3682,-4
3683,-4
3684,0
3685,0
3686,0
3687,0
3688,0
3689,0
3690,0
3691,0
3692,6
3693,0
3694,0
3695,0
3696,0
3697,0
3698,0
3699,0
3700,6
3701,0
3702,-4
3703,0
3704,0
3705,0
3706,0
3707,2
3708,0
3709,0
3710,0
3711,0
3712,0
3713,0
3714,0
3715,4
3716,0
3717,4
3718,0
3719,-4
3720,0
3721,4
3722,2
3723,0
3724,8
3725,0
3726,2
3727,6
3728,-4
3729,0
3730,2
3731,0
3732,-4
3733,0
3734,0
3735,0
3736,0
3737,0
3738,0
3739,0
3740,0
3741,0
3742,0
3743,6
3744,0
3745,0
3746,-4
3747,-4
3748,0
3749,-4
3750,-4
3751,0
3752,0
3753,0
3754,0
3755,-4
3756,-4
3757,0
3758,0
3759,0
3760,0
3761,0
3762,-4
3763,-4
3764,0
3765,-4
3766,0
3767,10
3768,0
3769,-4
3770,0
3771,0
3772,0
3773,-4
3774,0
3775,0
3776,0
3777,0
3778,0
3779,0
3780,0
3781,-14
3782,0
3783,0
3784,4
3785,-8
3786,0
3787,0
3788,0
3789,-4
3790,0
3791,-4
3792,0
3793,0
3794,0
3795,0
3796,6
3797,0
3798,4
3799,2
3800,0
3801,4
3802,0
3803,0
3804,0
3805,0
3806,4
3807,6
3808,0
3809,0
3810,0
3811,0
3812,2
3813,0
3814,0
3815,0
3816,0
3817,0
3818,4
3819,0
3820,0
3821,0
3822,4
3823,2
3824,2
3825,4
3826,4
3827,-4
3828,0
3829,-6
3830,0
3831,4
3832,0
3833,-8
3834,0
3835,0
3836,0
3837,6
3838,0
3839,2
3840,0
3841,0
3842,-4
3843,0
3844,2
3845,6
3846,-4
3847,0
3848,0
3849,0
3850,0
3851,-4
3852,-4
3853,-4
3854,0
3855,-4
3856,-4
3857,-4
3858,0
3859,-4
3860,-4
3861,6
3862,-4
3863,-4
3864,0
3865,0
3866,-4
3867,-4
3868,0
3869,0
3870,0
3871,-4
3872,0
3873,0
3874,0
3875,-4
3876,-4
3877,0
3878,-14
3879,0
3880,0
3881,0
3882,6
3883,0
3884,0
3885,-4
3886,-4
3887,0
3888,4
3889,0
3890,0
3891,0
3892,0
3893,0
3894,-4
3895,0
3896,-14
3897,0
3898,0
3899,4
3900,0
3901,0
3902,4
3903,6
3904,0
3905,0
3906,-6
3907,0
3908,2
3909,-12
3910,4
3911,2
3912,2
3913,-4
3914,4
3915,0
3916,8
3917,2
3918,-4
3919,6
3920,0
3921,-4
3922,6
3923,2
3924,-4
3925,6
3926,0
3927,4
3928,-4
3929,0
3930,2
3931,-4
3932,0
3933,0
3934,-8
3935,-4
3936,-4
3937,-4
3938,0
3939,-4
3940,6
3941,-4
3942,-4
3943,0
3944,4
3945,-6
3946,0
3947,-4
3948,0
3949,-4
3950,0
3951,-4
3952,-4
3953,0
3954,-4
3955,0
3956,2
3957,0
3958,-4
3959,-4
3960,-4
3961,-4
3962,0
3963,6
3964,0
3965,0
3966,-4
3967,-4
3968,0
3969,-4
3970,0
3971,-16
3972,-4
3973,-4
3974,0
3975,0
3976,-4
3977,6
3978,0
3979,0
3980,6
3981,-4
3982,-8
3983,0
3984,0
3985,0
3986,0
3987,0
3988,0
3989,-4
3990,0
3991,0
3992,0
3993,0
3994,0
3995,0
3996,0
3997,0
3998,0
3999,0
4000,0
4001,0
4002,0
4003,0
4004,-4
4005,0
4006,0
4007,2
4008,0
4009,0
4010,6
4011,0
4012,-8
4013,0
4014,-4
4015,0
4016,0
4017,0
4018,-4
4019,0
4020,2
4021,0
4022,4
4023,0
4024,14
4025,0
4026,0
4027,6
4028,0
4029,0
4030,0
4031,0
4032,0
4033,0
4034,0
4035,0
4036,-4
4037,0
4038,0
4039,0
4040,-4
4041,-8
4042,0
4043,0
4044,-4
4045,0
4046,0
4047,-4
4048,-4
4049,-4
4050,-4
4051,-6
4052,-4
4053,-4
4054,0
4055,0
4056,0
4057,0
4058,-4
4059,-6
4060,-4
4061,-4
4062,6
4063,0
4064,0
4065,0
4066,0
4067,-4
4068,0
4069,0
4070,-4
4071,0
4072,0
4073,-4
4074,-4
4075,0
4076,-4
4077,0
4078,-4
4079,8
4080,0
4081,0
4082,0
4083,-4
4084,0
4085,0
4086,0
4087,0
4088,0
4089,0
4090,-4
4091,4
4092,2
4093,0
4094,0
4095,-4
4096,0
4097,2
4098,0
4099,0
4100,0
4101,-4
4102,6
4103,-4
4104,-6
4105,4
4106,0
4107,4
4108,4
4109,0
4110,2
4111,2
4112,0
4113,0
4114,0
4115,10
4116,0
4117,0
4118,0
4119,-4
4120,0
4121,0
4122,0
4123,4
4124,0
4125,2
4126,0
4127,2
4128,4
4129,2
4130,10
4131,0
4132,-8
4133,0
4134,0
4135,0
4136,0
4137,0
4138,-4
4139,0
4140,0
4141,0
4142,-4
4143,0
4144,0
4145,-4
4146,-4
4147,0
4148,-4
4149,-4
4150,0
4151,0
4152,-4
4153,0
4154,24
4155,0
4156,-4
4157,0
4158,-4
4159,0
4160,-4
4161,0
4162,-4
4163,-4
4164,0
4165,-4
4166,-4
4167,-4
4168,-4
4169,-4
4170,0
4171,0
4172,-4
4173,0
4174,-4
4175,4
4176,-4
4177,0
4178,4
4179,-10
4180,0
4181,-6
4182,0
4183,2
4184,0
4185,0
4186,0
4187,0
4188,0
4189,2
4190,0
4191,0
4192,0
4193,6
4194,0
4195,0
4196,0
4197,0
4198,0
4199,-4
4200,0
4201,0
4202,0
4203,10
4204,0
4205,10
4206,0
4207,0
4208,0
4209,0
4210,0
4211,-6
4212,2
4213,0
4214,2
4215,0
4216,2
4217,0
4218,-12
4219,0
4220,0
4221,-4
4222,6
4223,0
4224,-8
4225,0
4226,0
4227,-4
4228,-16
4229,0
4230,0
4231,0
4232,0
4233,4
4234,-4
4235,-4
4236,-4
4237,0
4238,0
4239,0
4240,0
4241,0
4242,-4
4243,-4
4244,0
4245,-4
4246,6
4247,-4
4248,-4
4249,0
4250,0
4251,0
4252,-4
4253,-4
4254,-4
4255,-4
4256,-4
4257,-4
4258,-4
4259,0
4260,-4
4261,0
4262,-4
4263,-4
4264,0
4265,-4
4266,-4
4267,-4
4268,0
4269,-4
4270,-4
4271,-4
4272,0
4273,0
4274,-4
4275,0
4276,0
4277,0
4278,-4
4279,0
4280,-4
4281,0
4282,-4
4283,0
4284,0
4285,-4
4286,0
4287,0
4288,0
4289,-4
4290,0
4291,0
4292,-4
4293,0
4294,0
4295,-4
4296,0
4297,0
4298,4
4299,0
4300,0
4301,0
4302,2
4303,0
4304,4
4305,0
4306,0
4307,-4
4308,-4
4309,0
4310,2
4311,4
4312,0
4313,14
4314,6
4315,0
4316,-4
4317,-4
4318,4
4319,0
4320,-4
4321,0
4322,0
4323,-4
4324,0
4325,0
4326,0
4327,0
4328,0
4329,-4
4330,0
4331,0
4332,0
4333,0
4334,0
4335,14
4336,-8
4337,2
4338,0
4339,0
4340,4
4341,0
4342,0
4343,6
4344,0
4345,2
4346,0
4347,0
4348,-4
4349,-4
4350,-4
4351,0
4352,-4
4353,-4
4354,0
4355,0
4356,0
4357,2
4358,-4
4359,-4
4360,-4
4361,-4
4362,-4
4363,0
4364,6
4365,-4
4366,-4
4367,-4
4368,0
4369,0
4370,0
4371,-4
4372,0
4373,-4
4374,-4
4375,-4
4376,-4
4377,0
4378,-4
4379,4
4380,0
4381,0
4382,0
4383,0
4384,6
4385,0
4386,0
4387,0
4388,0
4389,0
4390,0
4391,0
4392,0
4393,0
4394,0
4395,0
4396,0
4397,0
4398,0
4399,0
4400,0
4401,0
4402,0
4403,0
4404,0
4405,0
4406,-6
4407,0
4408,0
4409,2
4410,0
4411,2
4412,10
4413,0
4414,0
4415,-4
4416,0
4417,2
4418,0
4419,6
4420,0
4421,0
4422,2
4423,-12
4424,0
4425,-4
4426,4
4427,-4
4428,0
4429,0
4430,2
4431,0
4432,-4
4433,0
4434,0
4435,0
4436,0
4437,0
4438,6
4439,4
4440,-10
4441,-4
4442,4
4443,0
4444,0
4445,0
4446,4
4447,-4
4448,0
4449,0
4450,0
4451,-4
4452,0
4453,-4
4454,-4
4455,0
4456,-4
4457,-4
4458,0
4459,6
4460,-4
4461,-4
4462,0
4463,0
4464,0
4465,-4
4466,-4
4467,0
4468,0
4469,0
4470,-4
4471,0
4472,-4
4473,0
4474,-4
4475,0
4476,-6
4477,-4
4478,-14
4479,0
4480,0
4481,0
4482,0
4483,0
4484,0
4485,0
4486,-4
4487,0
4488,0
4489,0
4490,0
4491,0
4492,-4
4493,-4
4494,0
4495,0
4496,0
4497,0
4498,0
4499,0
4500,0
4501,0
4502,0
4503,0
4504,0
4505,4
4506,0
4507,0
4508,0
4509,0
4510,0
4511,0
4512,0
4513,0
4514,0
4515,0
4516,2
4517,0
4518,0
4519,0
4520,0
4521,-4
4522,10
4523,0
4524,0
4525,10
4526,0
4527,-4
4528,-4
4529,0
4530,0
4531,2
4532,0
4533,6
4534,0
4535,0
4536,0
4537,0
4538,-4
4539,0
4540,0
4541,4
4542,0
4543,-4
4544,0
4545,0
4546,-4
4547,0
4548,-4
4549,-4
4550,0
4551,-4
4552,-4
4553,0
4554,-4
4555,-4
4556,-4
4557,0
4558,0
4559,-4
4560,0
4561,-4
4562,-4
4563,-4
4564,-4
4565,-4
4566,-4
4567,-4
4568,-4
4569,-4
4570,-4
4571,-4
4572,10
4573,-4
4574,0
4575,0
4576,0
4577,0
4578,2
4579,-4
4580,0
4581,-4
4582,0
4583,0
4584,0
4585,0
4586,0
4587,0
4588,8
4589,-4
4590,0
4591,0
4592,0
4593,-4
4594,6
4595,-4
4596,4
4597,0
4598,0
4599,2
4600,4
4601,0
4602,-4
4603,4
4604,2
4605,2
4606,0
4607,0
4608,0
4609,2
4610,0
4611,-4
4612,0
4613,0
4614,-4
4615,0
4616,4
4617,0
4618,0
4619,2
4620,0
4621,10
4622,0
4623,0
4624,-10
4625,0
4626,-4
4627,0
4628,-6
4629,-4
4630,-4
4631,14
4632,0
4633,0
4634,-4
4635,0
4636,0
4637,0
4638,0
4639,-4
4640,0
4641,0
4642,0
4643,0
4644,0
4645,0
4646,0
4647,0
4648,0
4649,-4
4650,-4
4651,-4
4652,-4
4653,-4
4654,-4
4655,0
4656,2
4657,-4
4658,0
4659,6
4660,-4
4661,-4
4662,-12
4663,0
4664,0
4665,-4
4666,-4
4667,-4
4668,0
4669,-4
4670,0
4671,-6
4672,-4
4673,0
4674,0
4675,-4
4676,0
4677,-4
4678,0
4679,0
4680,-4
4681,0
4682,0
4683,0
4684,18
4685,-4
4686,0
4687,-4
4688,-4
4689,0
4690,0
4691,0
4692,0
4693,-4
4694,0
4695,2
4696,0
4697,0
4698,2
4699,0
4700,0
4701,2
4702,0
4703,0
4704,0
4705,0
4706,0
4707,-4
4708,0
4709,6
4710,0
4711,4
4712,-8
4713,0
4714,0
4715,0
4716,-4
4717,0
4718,0
4719,0
4720,0
4721,0
4722,-4
4723,0
4724,0
4725,4
4726,-4
4727,0
4728,0
4729,10
4730,0
4731,0
4732,0
4733,6
4734,0
4735,0
4736,0
4737,0
4738,0
4739,-4
4740,0
4741,0
4742,0
4743,-4
4744,0
4745,0
4746,-4
4747,0
4748,0
4749,-4
4750,0
4751,-4
4752,0
4753,0
4754,-8
4755,0
4756,-4
4757,0
4758,-6
4759,0
4760,0
4761,-4
4762,-4
4763,0
4764,0
4765,2
4766,-4
4767,-4
4768,0
4769,8
4770,0
4771,-4
4772,22
4773,0
4774,-4
4775,-4
4776,0
4777,0
4778,-4
4779,0
4780,-4
4781,0
4782,0
4783,6
4784,0
4785,0
4786,0
4787,-4
4788,-14
4789,0
4790,0
4791,4
4792,2
4793,-4
4794,0
4795,-4
4796,-4
4797,0
4798,-4
4799,4
4800,0
4801,0
4802,6
4803,0
4804,0
4805,8
4806,0
4807,0
4808,-4
4809,0
4810,0
4811,0
4812,0
4813,0
4814,0
4815,0
4816,2
4817,0
4818,0
4819,0
4820,0
4821,-4
4822,-4
4823,0
4824,-4
4825,-4
4826,0
4827,0
4828,-8
4829,0
4830,2
4831,10
4832,0
4833,0
4834,-4
4835,0
4836,0
4837,0
4838,-10
4839,2
4840,0
4841,6
4842,6
4843,0
4844,0
4845,2
4846,-4
4847,0
4848,-4
4849,-4
4850,0
4851,-4
4852,-4
4853,-4
4854,0
4855,22
4856,0
4857,-8
4858,0
4859,6
4860,4
4861,-4
4862,0
4863,2
4864,0
4865,-4
4866,-4
4867,-4
4868,-16
4869,0
4870,-4
4871,0
4872,-4
4873,-4
4874,-4
4875,0
4876,-4
4877,0
4878,0
4879,0
4880,-14
4881,-4
4882,-4
4883,0
4884,0
4885,0
4886,-10
4887,0
4888,0
4889,10
4890,0
4891,6
4892,-4
4893,0
4894,0
4895,-4
4896,6
4897,2
4898,0
4899,2
4900,0
4901,0
4902,0
4903,0
4904,0
4905,0
4906,4
4907,0
4908,0
4909,2
4910,0
4911,4
4912,0
4913,2
4914,0
4915,0
4916,0
4917,0
4918,0
4919,0
4920,-4
4921,0
4922,0
4923,0
4924,-4
4925,0
4926,0
4927,0
4928,-4
4929,0
4930,-4
4931,0
4932,-4
4933,0
4934,6
4935,0
4936,-4
4937,0
4938,6
4939,0
4940,-4
4941,-4
4942,6
4943,0
4944,0
4945,0
4946,0
4947,0
4948,2
4949,-4
4950,0
4951,-4
4952,-4
4953,0
4954,-4
4955,0
4956,0
4957,-4
4958,0
4959,0
4960,4
4961,0
4962,-4
4963,0
4964,-4
4965,0
4966,0
4967,0
4968,0
4969,-4
4970,0
4971,2
4972,0
4973,-4
4974,-4
4975,0
4976,2
4977,0
4978,0
4979,0
4980,0
4981,-4
4982,0
4983,-4
4984,0
4985,0
4986,0
4987,0
4988,0
4989,0
4990,6
4991,0
4992,0
4993,4
4994,0
4995,-4
4996,-4
4997,0
4998,0
4999,0
5000,0
5001,6
5002,0
5003,0
5004,0
5005,0
5006,-6
5007,4
5008,0
5009,0
5010,0
5011,4
5012,2
5013,-6
5014,6
5015,0
5016,0
5017,-16
5018,2
5019,-6
5020,2
5021,0
5022,0
5023,2
5024,0
5025,0
5026,-8
5027,0
5028,2
5029,-6
5030,0
5031,0
5032,-4
5033,0
5034,0
5035,-14
5036,6
5037,14
5038,0
5039,0
5040,-4
5041,-4
5042,-4
5043,4
5044,4
5045,0
5046,2
5047,10
5048,0
5049,0
5050,-4
5051,-4
5052,-4
5053,0
5054,-4
5055,-4
5056,8
5057,-4
5058,-4
5059,0
5060,-4
5061,0
5062,4
5063,0
5064,0
5065,6
5066,-4
5067,-4
5068,-4
5069,-4
5070,0
5071,0
5072,-18
5073,-4
5074,0
5075,-8
5076,0
5077,0
5078,-4
5079,0
5080,-4
5081,0
5082,0
5083,6
5084,0
5085,0
5086,0
5087,-4
5088,0
5089,0
5090,0
5091,0
5092,0
5093,0
5094,0
5095,4
5096,0
5097,0
5098,-4
5099,0
5100,0
5101,4
5102,0
5103,6
5104,0
5105,0
5106,0
5107,0
5108,0
5109,0
5110,0
5111,2
5112,2
5113,0
5114,2
5115,0
5116,0
5117,0
5118,0
5119,0
5120,0
5121,0
5122,-4
5123,-4
5124,6
5125,0
5126,0
5127,4
5128,0
5129,0
5130,0
5131,2
5132,6
5133,18
5134,-4
5135,0
5136,0
5137,0
5138,0
5139,0
5140,-4
5141,-4
5142,0
5143,0
5144,-4
5145,0
5146,6
5147,0
5148,0
5149,-4
5150,-4
5151,-4
5152,0
5153,0
5154,-4
5155,-4
5156,-4
5157,0
5158,-4
5159,-4
5160,-4
5161,0
5162,-4
5163,0
5164,-4
5165,-4
5166,-4
5167,-4
5168,-16
5169,-4
5170,0
5171,-4
5172,-4
5173,-4
5174,2
5175,-4
5176,-4
5177,10
5178,0
5179,0
5180,0
5181,0
5182,2
5183,0
5184,0
5185,0
5186,0
5187,4
5188,0
5189,0
5190,0
5191,0
5192,14
5193,0
5194,0
5195,0
5196,0
5197,0
5198,0
5199,0
5200,0
5201,14
5202,0
5203,0
5204,0
5205,0
5206,0
5207,0
5208,-4
5209,-4
5210,0
5211,0
5212,-12
5213,0
5214,0
5215,0
5216,2
5217,0
5218,2
5219,0
5220,8
5221,0
5222,0
5223,4
5224,2
5225,0
5226,6
5227,0
5228,0
5229,0
5230,4
5231,-4
5232,6
5233,0
5234,-4
5235,0
5236,-4
5237,-4
5238,6
5239,0
5240,0
5241,0
5242,0
5243,-8
5244,0
5245,14
5246,-4
5247,-4
5248,-4
5249,0
5250,0
5251,-4
5252,-4
5253,-4
5254,-4
5255,-4
5256,-4
5257,-4
5258,2
5259,0
5260,0
5261,-4
5262,-4
5263,-4
5264,0
5265,0
5266,0
5267,-6
5268,-4
5269,0
5270,-4
5271,-4
5272,0
5273,0
5274,0
5275,-4
5276,0
5277,0
5278,0
5279,-6
5280,0
5281,0
5282,0
5283,0
5284,0
5285,0
5286,0
5287,-4
5288,0
5289,-8
5290,0
5291,0
5292,0
5293,-4
5294,0
5295,0
5296,-4
5297,6
5298,0
5299,0
5300,0
5301,0
5302,0
5303,-4
5304,0
5305,0
5306,2
5307,0
5308,-4
5309,0
5310,0
5311,2
5312,2
5313,0
5314,6
5315,0
5316,0
5317,14
5318,0
5319,-14
5320,0
5321,0
5322,0
5323,-4
5324,0
5325,2
5326,-4
5327,0
5328,0
5329,6
5330,0
5331,0
5332,-4
5333,0
5334,0
5335,-8
5336,2
5337,4
5338,0
5339,0
5340,-4
5341,6
5342,0
5343,-12
5344,0
5345,-8
5346,2
5347,0
5348,0
5349,-4
5350,0
5351,-4
5352,0
5353,-4
5354,-4
5355,0
5356,0
5357,0
5358,2
5359,0
5360,0
5361,-4
5362,-4
5363,-4
5364,0
5365,0
5366,0
5367,-4
5368,0
5369,0
5370,0
5371,0
5372,0
5373,-4
5374,-4
5375,-4
5376,-4
5377,2
5378,2
5379,0
5380,0
5381,0
5382,0
5383,0
5384,2
5385,0
5386,0
5387,0
5388,0
5389,0
5390,0
5391,0
5392,-4
5393,0
5394,6
5395,0
5396,-4
5397,-4
5398,0
5399,0
5400,0
5401,0
5402,6
5403,2
5404,4
5405,10
5406,0
5407,6
5408,-4
5409,0
5410,-4
5411,6
5412,2
5413,-8
5414,4
5415,0
5416,0
5417,0
5418,0
5419,0
5420,0
5421,0
5422,0
5423,0
5424,-4
5425,-4
5426,0
5427,-4
5428,-4
5429,0
5430,0
5431,-8
5432,0
5433,2
5434,0
5435,0
5436,0
5437,0
5438,2
5439,0
5440,-4
5441,-4
5442,0
5443,-4
5444,0
5445,0
5446,0
5447,-4
5448,0
5449,-4
5450,-4
5451,-4
5452,0
5453,-4
5454,-4
5455,-4
5456,0
5457,-4
5458,0
5459,0
5460,0
5461,-4
5462,-4
5463,-4
5464,0
5465,-4
5466,0
5467,0
5468,0
5469,0
5470,-4
5471,0
5472,0
5473,0
5474,-4
5475,-4
5476,4
5477,0
5478,0
5479,0
5480,-8
5481,2
5482,-4
5483,-4
5484,0
5485,-4
5486,0
5487,0
5488,-4
5489,-4
5490,2
5491,0
5492,0
5493,0
5494,0
5495,0
5496,0
5497,0
5498,0
5499,0
5500,0
5501,4
5502,0
5503,0
5504,-4
5505,0
5506,4
5507,4
5508,0
5509,0
5510,-4
5511,0
5512,0
5513,0
5514,0
5515,0
5516,-4
5517,0
5518,0
5519,0
5520,6
5521,0
5522,6
5523,0
5524,18
5525,0
5526,0
5527,6
5528,0
5529,0
5530,6
5531,0
5532,2
5533,0
5534,-4
5535,0
5536,0
5537,-4
5538,4
5539,-8
5540,0
5541,0
5542,0
5543,-4
5544,0
5545,0
5546,-4
5547,-4
5548,0
5549,0
5550,-6
5551,0
5552,-4
5553,0
5554,-4
5555,18
5556,0
5557,0
5558,0
5559,-4
5560,-4
5561,-4
5562,0
5563,0
5564,-4
5565,0
5566,-4
5567,0
5568,0
5569,0
5570,10
5571,0
5572,-4
5573,6
5574,0
5575,-4
5576,0
5577,0
5578,-4
5579,-8
5580,0
5581,0
5582,0
5583,0
5584,0
5585,0
5586,-4
5587,4
5588,0
5589,0
5590,0
5591,0
5592,0
5593,0
5594,0
5595,0
5596,0
5597,-4
5598,0
5599,0
5600,4
5601,0
5602,0
5603,4
5604,10
5605,0
5606,2
5607,0
5608,0
5609,0
5610,0
5611,0
5612,8
5613,0
5614,0
5615,0
5616,0
5617,2
5618,0
5619,-8
5620,0
5621,-4
5622,6
5623,-4
5624,2
5625,8
5626,6
5627,0
5628,-4
5629,-4
5630,0
5631,0
5632,0
5633,0
5634,0
5635,0
5636,-4
5637,8
5638,0
5639,-4
5640,0
5641,-4
5642,0
5643,0
5644,0
5645,0
5646,-4
5647,6
5648,-4
5649,0
5650,-4
5651,-4
5652,-4
5653,-4
5654,-4
5655,-4
5656,0
5657,-4
5658,0
5659,-4
5660,0
5661,-4
5662,-4
5663,0
5664,-4
5665,-4
5666,0
5667,0
5668,-4
5669,0
5670,-4
5671,4
5672,0
5673,-4
5674,4
5675,0
5676,0
5677,4
5678,0
5679,0
5680,-4
5681,-4
5682,0
5683,0
5684,-4
5685,0
5686,0
5687,0
5688,0
5689,0
5690,0
5691,0
5692,0
5693,0
5694,0
5695,0
5696,0
5697,0
5698,14
5699,-8
5700,0
5701,0
5702,2
5703,2
5704,0
5705,0
5706,0
5707,0
5708,-4
5709,-8
5710,8
5711,-4
5712,0
5713,6
5714,2
5715,2
5716,-4
5717,0
5718,0
5719,0
5720,0
5721,2
5722,0
5723,0
5724,0
5725,0
5726,-4
5727,-4
5728,-8
5729,-6
5730,-4
5731,4
5732,0
5733,-4
5734,0
5735,0
5736,-6
5737,6
5738,0
5739,0
5740,2
5741,0
5742,-4
5743,0
5744,8
5745,0
5746,0
5747,0
5748,-4
5749,0
5750,-4
5751,0
5752,0
5753,0
5754,-4
5755,0
5756,0
5757,-4
5758,8
5759,14
5760,-4
5761,-6
5762,-4
5763,-4
5764,-4
5765,6
5766,-4
5767,-4
5768,6
5769,-4
5770,0
5771,-4
5772,-4
5773,0
5774,0
5775,0
5776,-4
5777,0
5778,-4
5779,0
5780,2
5781,-4
5782,-4
5783,0
5784,0
5785,0
5786,-4
5787,6
5788,0
5789,0
5790,0
5791,0
5792,0
5793,0
5794,-8
5795,0
5796,0
5797,0
5798,2
5799,0
5800,0
5801,0
5802,2
5803,0
5804,0
5805,2
5806,0
5807,-4
5808,-4
5809,6
5810,-4
5811,-4
5812,0
5813,0
5814,0
5815,0
5816,0
5817,0
5818,0
5819,0
5820,14
5821,0
5822,0
5823,-4
5824,6
5825,-4
5826,0
5827,6
5828,0
5829,0
5830,0
5831,-8
5832,0
5833,6
5834,0
5835,0
5836,-4
5837,6
5838,0
5839,0
5840,-4
5841,0
5842,0
5843,-4
5844,4
5845,0
5846,0
5847,0
5848,0
5849,0
5850,-4
5851,0
5852,-4
5853,0
5854,-4
5855,0
5856,-4
5857,0
5858,-4
5859,0
5860,0
5861,0
5862,-4
5863,-4
5864,0
5865,2
5866,-4
5867,0
5868,-4
5869,0
5870,0
5871,-8
5872,2
5873,-4
5874,-8
5875,-4
5876,-4
5877,-4
5878,0
5879,0
5880,0
5881,2
5882,-4
5883,0
5884,0
5885,0
5886,0
5887,0
5888,0
5889,-4
5890,-4
5891,0
5892,0
5893,0
5894,0
5895,-4
5896,0
5897,4
5898,0
5899,0
5900,0
5901,6
5902,4
5903,2
5904,0
5905,4
5906,0
5907,0
5908,4
5909,0
5910,2
5911,0
5912,6
5913,0
5914,0
5915,0
5916,0
5917,-8
5918,2
5919,6
5920,0
5921,2
5922,0
5923,6
5924,0
5925,0
5926,0
5927,-4
5928,0
5929,0
5930,0
5931,-4
5932,4
5933,0
5934,0
5935,0
5936,-4
5937,-4
5938,-8
5939,0
5940,0
5941,0
5942,0
5943,-4
5944,0
5945,0
5946,10
5947,-4
5948,-4
5949,0
5950,-4
5951,0
5952,0
5953,0
5954,-4
5955,-4
5956,0
5957,-4
5958,-4
5959,0
5960,0
5961,-4
5962,-4
5963,-4
5964,-4
5965,-4
5966,-4
5967,-22
5968,0
5969,-4
5970,0
5971,-4
5972,-4
5973,0
5974,0
5975,0
5976,0
5977,-4
5978,-14
5979,0
5980,4
5981,-4
5982,0
5983,0
5984,0
5985,0
5986,4
5987,10
5988,0
5989,0
5990,-4
5991,0
5992,0
5993,0
5994,0
5995,0
5996,0
5997,0
5998,6
5999,-6
6000,2
6001,0
6002,4
6003,0
6004,0
6005,2
6006,0
6007,0
6008,0
6009,0
6010,-4
6011,0
6012,-4
6013,2
6014,2
6015,-4
6016,0
6017,0
6018,6
6019,0
6020,0
6021,-4
6022,0
6023,2
6024,-12
6025,2
6026,0
6027,0
6028,0
6029,0
6030,0
6031,-20
6032,0
6033,-14
6034,0
6035,0
6036,0
6037,0
6038,0
6039,0
6040,0
6041,0
6042,-4
6043,-4
6044,0
6045,0
6046,0
6047,0
6048,-4
6049,-6
6050,0
6051,0
6052,-4
6053,-4
6054,0
6055,-4
6056,0
6057,-4
6058,0
6059,0
6060,0
6061,-4
6062,-4
6063,0
6064,-14
6065,-4
6066,-6
6067,0
6068,0
6069,0
6070,6
6071,-4
6072,-4
6073,-4
6074,0
6075,0
6076,-4
6077,0
6078,0
6079,-4
6080,-4
6081,0
6082,-4
6083,0
6084,2
6085,0
6086,0
6087,0
6088,0
6089,0
6090,4
6091,0
6092,0
6093,0
6094,0
6095,-4
6096,0
6097,0
6098,4
6099,0
6100,4
6101,0
6102,0
6103,0
6104,0
6105,-4
6106,-4
6107,0
6108,4
6109,-6
6110,4
6111,0
6112,2
6113,-4
6114,0
6115,0
6116,-10
6117,0
6118,0
6119,0
6120,4
6121,0
6122,0
6123,0
6124,0
6125,0
6126,0
6127,14
6128,0
6129,-4
6130,-4
6131,0
6132,0
6133,8
6134,2
6135,0
6136,-4
6137,0
6138,0
6139,-4
6140,14
6141,0
6142,-4
6143,-4
6144,0
6145,0
6146,-10
6147,0
6148,-4
6149,-4
6150,0
6151,-4
6152,-4
6153,-8
6154,-4
6155,6
6156,6
6157,-4
6158,10
6159,0
6160,-4
6161,0
6162,-4
6163,-8
6164,0
6165,-4
6166,-4
6167,0
6168,-4
6169,-4
6170,-8
6171,0
6172,0
6173,-4
6174,-6
6175,-4
6176,0
6177,0
6178,-8
6179,0
6180,0
6181,-4
6182,0
6183,0
6184,0
6185,0
6186,0
6187,-4
6188,2
6189,-4
6190,0
6191,-4
6192,0
6193,0
6194,0
6195,-4
6196,0
6197,0
6198,0
6199,0
6200,0
6201,2
6202,0
6203,-4
6204,0
6205,-4
6206,0
6207,2
6208,6
6209,2
6210,2
6211,6
6212,0
6213,-4
6214,2
6215,0
6216,0
6217,10
6218,0
6219,6
6220,-4
6221,0
6222,-8
6223,0
6224,0
6225,0
6226,4
6227,0
6228,0
6229,6
6230,0
6231,0
6232,4
6233,0
6234,-8
6235,0
6236,0
6237,0
6238,0
6239,0
6240,2
6241,6
6242,0
6243,-4
6244,0
6245,0
6246,0
6247,0
6248,0
6249,0
6250,-4
6251,-4
6252,-4
6253,-4
6254,-4
6255,-4
6256,0
6257,-4
6258,0
6259,-4
6260,0
6261,-4
6262,-4
6263,-4
6264,-4
6265,0
6266,0
6267,-8
6268,0
6269,-6
6270,0
6271,0
6272,-4
6273,0
6274,0
6275,0
6276,-4
6277,-8
6278,6
6279,-4
6280,6
6281,0
6282,-4
6283,0
6284,0
6285,-4
6286,-4
6287,0
6288,0
6289,0
6290,0
6291,0
6292,6
6293,0
6294,0
6295,-4
6296,0
6297,0
6298,0
6299,2
6300,6
6301,-4
6302,0
6303,0
6304,0
6305,0
6306,0
6307,2
6308,0
6309,2
6310,0
6311,0
6312,4
6313,2
6314,-4
6315,-14
6316,6
6317,0
6318,-8
6319,2
6320,-4
6321,-4
6322,4
6323,4
6324,0
6325,0
6326,0
6327,0
6328,8
6329,0
6330,0
6331,0
6332,10
6333,0
6334,0
6335,6
6336,0
6337,0
6338,0
6339,0
6340,0
6341,0
6342,0
6343,0
6344,-4
6345,-4
6346,4
6347,-12
6348,-4
6349,0
6350,0
6351,-4
6352,-4
6353,0
6354,0
6355,-4
6356,-4
6357,0
6358,-4
6359,-4
6360,-4
6361,-4
6362,0
6363,-4
6364,-4
6365,0
6366,-4
6367,-4
6368,0
6369,4
6370,0
6371,0
6372,6
6373,-4
6374,-4
6375,-4
6376,0
6377,-4
6378,6
6379,-4
6380,0
6381,0
6382,0
6383,-4
6384,-4
6385,4
6386,0
6387,0
6388,0
6389,2
6390,-4
6391,0
6392,-8
6393,-4
6394,0
6395,0
6396,0
6397,0
6398,-4
6399,0
6400,-4
6401,0
6402,0
6403,0
6404,-4
6405,2
6406,0
6407,0
6408,2
6409,0
6410,4
6411,-4
6412,0
6413,4
6414,14
6415,0
6416,4
6417,0
6418,0
6419,6
6420,6
6421,0
6422,0
6423,-4
6424,0
6425,4
6426,6
6427,-4
6428,0
6429,2
6430,-4
6431,0
6432,0
6433,18
6434,0
6435,-4
6436,-14
6437,10
6438,-14
6439,-4
6440,2
6441,-4
6442,0
6443,-4
6444,0
6445,0
6446,0
6447,0
6448,0
6449,-4
6450,-4
6451,-4
6452,-4
6453,0
6454,-4
6455,-4
6456,0
6457,0
6458,-4
6459,0
6460,0
6461,-4
6462,-4
6463,0
6464,-4
6465,-4
6466,-4
6467,0
6468,0
6469,-4
6470,-6
6471,-4
6472,2
6473,-4
6474,0
6475,-18
6476,0
6477,0
6478,0
6479,0
6480,0
6481,0
6482,-4
6483,0
6484,-4
6485,2
6486,0
6487,0
6488,0
6489,-4
6490,6
6491,0
6492,-4
6493,-4
6494,0
6495,0
6496,2
6497,0
6498,4
6499,4
6500,0
6501,0
6502,-4
6503,0
6504,0
6505,-4
6506,0
6507,0
6508,4
6509,4
6510,0
6511,0
6512,0
6513,4
6514,-4
6515,2
6516,2
6517,10
6518,0
6519,0
6520,0
6521,-4
6522,0
6523,-4
6524,2
6525,0
6526,0
6527,0
6528,0
6529,-4
6530,6
6531,0
6532,0
6533,-4
6534,-4
6535,4
6536,-14
6537,0
6538,0
6539,-4
6540,0
6541,-4
6542,-4
6543,0
6544,6
6545,0
6546,0
6547,0
6548,-4
6549,0
6550,-4
6551,-4
6552,-4
6553,0
6554,-4
6555,0
6556,0
6557,0
6558,-4
6559,0
6560,-4
6561,0
6562,0
6563,-4
6564,-4
6565,0
6566,-4
6567,-4
6568,-4
6569,0
6570,-4
6571,-4
6572,-4
6573,-4
6574,-22
6575,0
6576,0
6577,4
6578,-4
6579,-4
6580,4
6581,0
6582,0
6583,6
6584,0
6585,4
6586,-4
6587,6
6588,2
6589,0
6590,0
6591,0
6592,0
6593,0
6594,4
6595,-4
6596,2
6597,0
6598,0
6599,0
6600,0
6601,0
6602,2
6603,0
6604,2
6605,0
6606,-4
6607,0
6608,-4
6609,4
6610,-14
6611,0
6612,0
6613,4
6614,4
6615,0
6616,0
6617,0
6618,0
6619,2
6620,-4
6621,-6
6622,0
6623,4
6624,14
6625,0
6626,0
6627,0
6628,0
6629,-4
6630,0
6631,10
6632,0
6633,0
6634,0
6635,-12
6636,0
6637,0
6638,0
6639,6
6640,0
6641,2
6642,0
6643,0
6644,0
6645,0
6646,-4
6647,0
6648,-4
6649,-4
6650,0
6651,-4
6652,0
6653,0
6654,-4
6655,0
6656,-4
6657,0
6658,6
6659,-4
6660,14
6661,-4
6662,0
6663,-4
6664,-4
6665,-4
6666,-4
6667,0
6668,0
6669,-4
6670,-4
6671,0
6672,-4
6673,0
6674,-4
6675,-4
6676,-4
6677,0
6678,-14
6679,0
6680,2
6681,0
6682,-4
6683,0
6684,0
6685,-6
6686,-4
6687,0
6688,0
6689,-4
6690,4
6691,0
6692,0
6693,0
6694,4
6695,0
6696,0
6697,0
6698,4
6699,0
6700,0
6701,-4
6702,0
6703,0
6704,0
6705,-4
6706,0
6707,0
6708,0
6709,-4
6710,2
6711,-10
6712,0
6713,4
6714,0
6715,-8
6716,-4
6717,2
6718,-4
6719,0
6720,-8
6721,0
6722,-4
6723,0
6724,0
6725,-4
6726,-4
6727,-6
6728,6
6729,-4
6730,0
6731,8
6732,-4
6733,-4
6734,0
6735,-14
6736,0
6737,0
6738,2
6739,-4
6740,0
6741,0
6742,0
6743,0
6744,-4
6745,-4
6746,0
6747,-4
6748,2
6749,0
6750,-4
6751,-4
6752,0
6753,-4
6754,0
6755,-4
6756,0
6757,-4
6758,-4
6759,0
6760,0
6761,-4
6762,0
6763,-4
6764,0
6765,0
6766,0
6767,-4
6768,-4
6769,0
6770,0
6771,22
6772,0
6773,-4
6774,22
6775,-4
6776,0
6777,-8
6778,0
6779,-4
6780,8
6781,0
6782,0
6783,-4
6784,0
6785,0
6786,0
6787,6
6788,2
6789,0
6790,0
6791,0
6792,0
6793,-4
6794,0
6795,-4
6796,0
6797,0
6798,0
6799,0
6800,0
6801,0
6802,0
6803,0
6804,0
6805,0
6806,-4
6807,-4
6808,0
6809,0
6810,0
6811,-4
6812,0
6813,6
6814,0
6815,0
6816,0
6817,6
6818,0
6819,0
6820,0
6821,6
6822,-4
6823,0
6824,4
6825,8
6826,2
6827,2
6828,-8
6829,0
6830,0
6831,0
6832,10
6833,4
6834,-4
6835,0
6836,0
6837,0
6838,2
6839,0
6840,-8
6841,0
6842,0
6843,0
6844,0
6845,0
6846,-4
6847,0
6848,0
6849,0
6850,0
6851,0
6852,-4
6853,0
6854,-4
6855,-4
6856,-8
6857,-4
6858,0
6859,0
6860,-4
6861,-4
6862,-4
6863,-4
6864,-4
6865,0
6866,-4
6867,-4
6868,-4
6869,0
6870,-4
6871,10
6872,0
6873,-4
6874,-4
6875,0
6876,0
6877,6
6878,-4
6879,0
6880,6
6881,-4
6882,-4
6883,6
6884,0
6885,0
6886,18
6887,-4
6888,2
6889,0
6890,0
6891,0
6892,6
6893,-4
6894,0
6895,0
6896,-4
6897,0
6898,4
6899,0
6900,0
6901,6
6902,0
6903,4
6904,0
6905,4
6906,-4
6907,0
6908,2
6909,0
6910,0
6911,0
6912,0
6913,8
6914,0
6915,2
6916,2
6917,0
6918,2
6919,0
6920,0
6921,-14
6922,0
6923,0
6924,-4
6925,0
6926,0
6927,-4
6928,-4
6929,0
6930,-4
6931,10
6932,-4
6933,0
6934,2
6935,-4
6936,0
6937,0
6938,0
6939,0
6940,0
6941,-4
6942,0
6943,0
6944,0
6945,0
6946,0
6947,0
6948,-4
6949,0
6950,0
6951,8
6952,0
6953,-4
6954,-4
6955,0
6956,-4
6957,-4
6958,-4
6959,-4
6960,-4
6961,-4
6962,-4
6963,0
6964,0
6965,-4
6966,-4
6967,0
6968,-4
6969,0
6970,0
6971,14
6972,0
6973,-4
6974,0
6975,-4
6976,-4
6977,-4
6978,6
6979,-4
6980,0
6981,0
6982,-4
6983,0
6984,-4
6985,0
6986,0
6987,0
6988,0
6989,-4
6990,-14
6991,-4
6992,0
6993,0
6994,0
6995,0
6996,0
6997,0
6998,0
6999,28
7000,0
7001,2
7002,0
7003,6
7004,0
7005,0
7006,-4
7007,0
7008,0
7009,0
7010,4
7011,0
7012,0
7013,0
7014,6
7015,0
7016,0
7017,4
7018,0
7019,0
7020,10
7021,0
7022,-4
7023,10
7024,4
7025,0
7026,-4
7027,4
7028,0
7029,-4
7030,-4
7031,2
7032,0
7033,-8
7034,-4
7035,0
7036,4
7037,0
7038,-4
7039,0
7040,0
7041,-4
7042,-4
7043,0
7044,0
7045,0
7046,0
7047,0
7048,0
7049,0
7050,-4
7051,-4
7052,-6
7053,0
7054,-6
7055,0
7056,-4
7057,-4
7058,0
7059,-4
7060,-4
7061,-4
7062,-10
7063,-4
7064,-4
7065,0
7066,0
7067,-4
7068,0
7069,0
7070,-4
7071,-4
7072,0
7073,0
7074,-4
7075,0
7076,0
7077,0
7078,-4
7079,0
7080,-6
7081,0
7082,4
7083,-12
7084,0
7085,0
7086,6
7087,0
7088,0
7089,0
7090,0
7091,-14
7092,2
7093,0
7094,0
7095,-4
7096,0
7097,0
7098,0
7099,4
7100,0
7101,0
7102,0
7103,0
7104,0
7105,4
7106,0
7107,0
7108,18
7109,-4
7110,0
7111,0
7112,-6
7113,2
7114,14
7115,0
7116,0
7117,-12
7118,0
7119,10
7120,0
7121,-4
7122,0
7123,0
7124,0
7125,-6
7126,2
7127,0
7128,0
7129,0
7130,0
7131,-4
7132,6
7133,0
7134,10
7135,0
7136,0
7137,-4
7138,-18
7139,0
7140,0
7141,0
7142,0
7143,-4
7144,0
7145,4
7146,0
7147,0
7148,-4
7149,0
7150,0
7151,-4
7152,0
7153,0
7154,0
7155,-4
7156,-4
7157,0
7158,0
7159,0
7160,-4
7161,0
7162,-6
7163,0
7164,-4
7165,0
7166,-4
7167,-6
7168,0
7169,-4
7170,-4
7171,-4
7172,-4
7173,-4
7174,-4
7175,-4
7176,0
7177,6
7178,-4
7179,-4
7180,0
7181,4
7182,0
7183,0
7184,0
7185,4
7186,-4
7187,0
7188,0
7189,0
7190,0
7191,2
7192,4
7193,-4
7194,0
7195,0
7196,0
7197,0
7198,-4
7199,0
7200,2
7201,2
7202,0
7203,-4
7204,2
7205,-4
7206,4
7207,0
7208,-4
7209,0
7210,0
7211,-4
7212,6
7213,-4
7214,0
7215,0
7216,0
7217,0
7218,-14
7219,2
7220,6
7221,2
7222,0
7223,0
7224,10
7225,4
7226,-4
7227,6
7228,0
7229,-4
7230,0
7231,-4
7232,0
7233,0
7234,16
7235,0
7236,0
7237,0
7238,2
7239,0
7240,0
7241,0
7242,-4
7243,0
7244,0
7245,0
7246,-4
7247,0
7248,0
7249,0
7250,0
7251,0
7252,-4
7253,-4
7254,0
7255,0
7256,6
7257,-4
7258,-4
7259,0
7260,-4
7261,-4
7262,0
7263,-16
7264,0
7265,-4
7266,0
7267,-4
7268,-4
7269,0
7270,0
7271,0
7272,-16
7273,-4
7274,0
7275,-14
7276,-4
7277,-4
7278,10
7279,0
7280,0
7281,0
7282,0
7283,-4
7284,0
7285,0
7286,0
7287,0
7288,0
7289,0
7290,0
7291,0
7292,2
7293,0
7294,-8
7295,0
7296,2
7297,-4
7298,2
7299,0
7300,0
7301,0
7302,2
7303,0
7304,0
7305,0
7306,0
7307,0
7308,-4
7309,0
7310,-4
7311,0
7312,0
7313,-6
7314,2
7315,0
7316,2
7317,0
7318,0
7319,0
7320,-4
7321,0
7322,0
7323,-4
7324,0
7325,6
7326,-6
7327,0
7328,6
7329,2
7330,-8
7331,0
7332,0
7333,6
7334,0
7335,10
7336,0
7337,0
7338,0
7339,0
7340,-6
7341,-4
7342,2
7343,-14
7344,-4
7345,0
7346,0
7347,0
7348,0
7349,-4
7350,0
7351,-4
7352,-4
7353,0
7354,-4
7355,-4
7356,-4
7357,0
7358,0
7359,-4
7360,-4
7361,0
7362,-4
7363,-4
7364,6
7365,-4
7366,0
7367,-4
7368,-4
7369,-4
7370,0
7371,0
7372,0
7373,-6
7374,-4
7375,-4
7376,-4
7377,2
7378,-4
7379,-4
7380,0
7381,0
7382,2
7383,6
7384,0
7385,-4
7386,0
7387,0
7388,0
7389,0
7390,0
7391,0
7392,0
7393,0
7394,0
7395,0
7396,2
7397,0
7398,-28
7399,0
7400,-4
7401,0
7402,2
7403,6
7404,10
7405,0
7406,-6
7407,6
7408,0
7409,4
7410,-4
7411,-4
7412,0
7413,0
7414,0
7415,10
7416,0
7417,4
7418,-4
7419,10
7420,0
7421,0
7422,6
7423,2
7424,0
7425,-4
7426,2
7427,6
7428,-4
7429,10
7430,0
7431,0
7432,-4
7433,0
7434,0
7435,0
7436,0
7437,2
7438,0
7439,0
7440,0
7441,0
7442,-4
7443,0
7444,0
7445,2
7446,0
7447,0
7448,-4
7449,-4
7450,0
7451,-4
7452,0
7453,0
7454,0
7455,-4
7456,-4
7457,0
7458,0
7459,0
7460,0
7461,-4
7462,-4
7463,-4
7464,-4
7465,0
7466,0
7467,-4
7468,-6
7469,-4
7470,-16
7471,-4
7472,0
7473,0
7474,0
7475,-4
7476,-4
7477,0
7478,-4
7479,0
7480,0
7481,-4
7482,-4
7483,0
7484,-4
7485,0
7486,0
7487,-14
7488,0
7489,0
7490,0
7491,18
7492,-4
7493,0
7494,0
7495,0
7496,0
7497,0
7498,4
7499,0
7500,0
7501,0
7502,0
7503,0
7504,0
7505,4
7506,0
7507,0
7508,-4
7509,0
7510,-4
7511,0
7512,4
7513,0
7514,0
7515,2
7516,0
7517,0
7518,0
7519,0
7520,-8
7521,0
7522,0
7523,4
7524,0
7525,0
7526,4
7527,-4
7528,0
7529,6
7530,4
7531,4
7532,0
7533,-4
7534,0
7535,4
7536,0
7537,0
7538,0
7539,0
7540,0
7541,0
7542,0
7543,0
7544,0
7545,-4
7546,2
7547,0
7548,-4
7549,-4
7550,0
7551,-4
7552,0
7553,0
7554,6
7555,-4
7556,-6
7557,0
7558,0
7559,0
7560,4
7561,-4
7562,-4
7563,-4
7564,-4
7565,-4
7566,-4
7567,0
7568,-4
7569,-4
7570,-4
7571,0
7572,-4
7573,0
7574,-4
7575,0
7576,-6
7577,0
7578,-4
7579,2
7580,14
7581,0
7582,0
7583,-16
7584,0
7585,0
7586,0
7587,2
7588,-4
7589,-4
7590,-4
7591,0
7592,-4
7593,4
7594,0
7595,0
7596,0
7597,0
7598,0
7599,0
7600,-4
7601,0
7602,4
7603,4
7604,10
7605,0
7606,-14
7607,6
7608,2
7609,-8
7610,0
7611,8
7612,4
7613,0
7614,2
7615,0
7616,-4
7617,0
7618,18
7619,0
7620,6
7621,2
7622,4
7623,0
7624,2
7625,0
7626,0
7627,0
7628,0
7629,0
7630,0
7631,0
7632,6
7633,0
7634,0
7635,4
7636,-10
7637,0
7638,-4
7639,4
7640,0
7641,0
7642,0
7643,-4
7644,-8
7645,-4
7646,0
7647,0
7648,-4
7649,0
7650,-4
7651,-4
7652,0
7653,-8
7654,-4
7655,-4
7656,0
7657,-4
7658,0
7659,0
7660,-4
7661,-4
7662,-4
7663,-4
7664,-4
7665,-4
7666,-4
7667,-4
7668,-4
7669,0
7670,0
7671,-4
7672,-4
7673,0
7674,0
7675,0
7676,-4
7677,0
7678,-4
7679,0
7680,0
7681,0
7682,-4
7683,0
7684,0
7685,2
7686,0
7687,0
7688,0
7689,0
7690,0
7691,0
7692,4
7693,4
7694,0
7695,-4
7696,0
7697,-4
7698,0
7699,4
7700,0
7701,2
7702,2
7703,6
7704,2
7705,-4
7706,0
7707,0
7708,-14
7709,-4
7710,0
7711,0
7712,0
7713,0
7714,0
7715,4
7716,10
7717,-4
7718,0
7719,-12
7720,0
7721,0
7722,6
7723,2
7724,0
7725,2
7726,2
7727,0
7728,6
7729,0
7730,0
7731,0
7732,2
7733,-4
7734,0
7735,0
7736,2
7737,0
7738,0
7739,-4
7740,0
7741,0
7742,-4
7743,-14
7744,8
7745,0
7746,6
7747,-4
7748,-4
7749,0
7750,0
7751,0
7752,-4
7753,0
7754,0
7755,-8
7756,0
7757,2
7758,-4
7759,-4
7760,-4
7761,10
7762,-4
7763,-4
7764,-4
7765,-4
7766,-4
7767,0
7768,0
7769,-4
7770,0
7771,0
7772,4
7773,-4
7774,0
7775,-4
7776,-4
7777,-4
7778,8
7779,-4
7780,0
7781,0
7782,10
7783,0
7784,-4
7785,0
7786,0
7787,0
7788,2
7789,-16
7790,-4
7791,0
7792,0
7793,0
7794,-4
7795,0
7796,-4
7797,0
7798,0
7799,2
7800,0
7801,0
7802,-4
7803,6
7804,0
7805,4
7806,0
7807,0
7808,0
7809,0
7810,0
7811,0
7812,0
7813,2
7814,4
7815,0
7816,0
7817,0
7818,0
7819,0
7820,0
7821,10
7822,0
7823,0
7824,2
7825,-4
7826,22
7827,0
7828,4
7829,0
7830,8
7831,0
7832,-4
7833,6
7834,2
7835,-4
7836,2
7837,0
7838,14
7839,6
7840,4
7841,-4
7842,-4
7843,0
7844,6
7845,0
7846,0
7847,-4
7848,0
7849,0
7850,-4
7851,0
7852,0
7853,0
7854,-4
7855,0
7856,-4
7857,-4
7858,-4
7859,-4
7860,0
7861,-14
7862,-6
7863,0
7864,0
7865,-4
7866,0
7867,-4
7868,-4
7869,0
7870,-4
7871,-4
7872,-4
7873,0
7874,-4
7875,0
7876,0
7877,-8
7878,6
7879,-4
7880,2
7881,6
7882,0
7883,0
7884,0
7885,0
7886,0
7887,-4
7888,0
7889,4
7890,0
7891,0
7892,-4
7893,0
7894,0
7895,0
7896,0
7897,0
7898,0
7899,6
7900,0
7901,18
7902,0
7903,0
7904,0
7905,-4
7906,0
7907,-4
7908,2
7909,-4
7910,-12
7911,-4
7912,0
7913,-4
7914,14
7915,2
7916,0
7917,0
7918,0
7919,0
7920,0
7921,0
7922,0
7923,4
7924,0
7925,0
7926,2
7927,2
7928,0
7929,-8
7930,-4
7931,4
7932,4
7933,0
7934,0
7935,-6
7936,0
7937,0
7938,-4
7939,0
7940,0
7941,0
7942,-4
7943,0
7944,0
7945,0
7946,2
7947,0
7948,0
7949,0
7950,-4
7951,0
7952,0
7953,0
7954,0
7955,0
7956,-4
7957,0
7958,-4
7959,0
7960,-4
7961,-4
7962,-4
7963,-4
7964,0
7965,-4
7966,0
7967,0
7968,2
7969,-4
7970,0
7971,-4
7972,-4
7973,10
7974,0
7975,-4
7976,0
7977,-16
7978,0
7979,0
7980,6
7981,-4
7982,-4
7983,-4
7984,-4
7985,-4
7986,0
7987,-4
7988,-4
7989,-8
7990,0
7991,0
7992,0
7993,2
7994,-4
7995,-4
7996,0
7997,-4
7998,0
7999,0
8000,0
8001,0
8002,-4
8003,0
8004,0
8005,0
8006,0
8007,0
8008,0
8009,0
8010,0
8011,6
8012,-4
8013,0
8014,0
8015,0
8016,6
8017,0
8018,0
8019,-4
8020,2
8021,-4
8022,0
8023,6
8024,0
8025,-4
8026,0
8027,2
8028,-14
8029,0
8030,0
8031,0
8032,20
8033,0
8034,4
8035,0
8036,0
8037,-4
8038,2
8039,2
8040,10
8041,-4
8042,2
8043,0
8044,0
8045,0
8046,0
8047,0
8048,-4
8049,-4
8050,6
8051,0
8052,4
8053,0
8054,-4
8055,-4
8056,-4
8057,0
8058,0
8059,-4
8060,0
8061,-4
8062,-4
8063,0
8064,-4
8065,-4
8066,4
8067,-4
8068,-4
8069,-4
8070,0
8071,2
8072,-4
8073,-4
8074,0
8075,-4
8076,-4
8077,-4
8078,-12
8079,0
8080,-4
8081,0
8082,4
8083,-4
8084,0
8085,0
8086,-4
8087,0
8088,0
8089,0
8090,0
8091,0
8092,2
8093,-4
8094,0
8095,0
8096,4
8097,0
8098,0
8099,2
8100,6
8101,0
8102,0
8103,0
8104,4
8105,2
8106,2
8107,6
8108,0
8109,0
8110,4
8111,-4
8112,0
8113,6
8114,0
8115,-10
8116,0
8117,-4
8118,-4
8119,0
8120,-4
8121,-4
8122,0
8123,-4
8124,-8
8125,0
8126,0
8127,-4
8128,4
8129,-4
8130,4
8131,8
8132,0
8133,0
8134,2
8135,0
8136,0
8137,6
8138,0
8139,4
8140,14
8141,-4
8142,2
8143,-4
8144,0
8145,0
8146,0
8147,0
8148,0
8149,-14
8150,0
8151,-4
8152,0
8153,0
8154,-4
8155,0
8156,-4
8157,-4
8158,-4
8159,0
8160,0
8161,-4
8162,-4
8163,-4
8164,-4
8165,-4
8166,0
8167,0
8168,0
8169,4
8170,0
8171,2
8172,-4
8173,-4
8174,-4
8175,-4
8176,0
8177,0
8178,0
8179,0
8180,0
8181,-4
8182,4
8183,0
8184,0
8185,0
8186,-4
8187,0
8188,0
8189,-4
8190,0
8191,0
8192,2
8193,0
8194,0
8195,-4
8196,0
8197,-4
8198,0
8199,4
8200,0
8201,0
8202,0
8203,0
8204,0
8205,0
8206,-4
8207,0
8208,0
8209,0
8210,0
8211,0
8212,4
8213,0
8214,-4
8215,6
8216,0
8217,0
8218,-22
8219,2
8220,10
8221,0
8222,0
8223,-6
8224,-12
8225,4
8226,0
8227,4
8228,4
8229,0
8230,0
8231,0
8232,2
8233,0
8234,2
8235,10
8236,0
8237,0
8238,-4
8239,0
8240,0
8241,0
8242,-4
8243,-4
8244,0
8245,8
8246,-4
8247,0
8248,0
8249,0
8250,-4
8251,6
8252,0
8253,0
8254,0
8255,0
8256,-4
8257,0
8258,0
8259,0
8260,0
8261,-4
8262,0
8263,-4
8264,-4
8265,-4
8266,-4
8267,-6
8268,-4
8269,0
8270,0
8271,-4
8272,-4
8273,-4
8274,-4
8275,0
8276,-4
8277,-4
8278,0
8279,4
8280,8
8281,0
8282,-4
8283,-4
8284,0
8285,-8
8286,0
8287,0
8288,0
8289,0
8290,0
8291,0
8292,2
8293,0
8294,4
8295,-4
8296,0
8297,0
8298,0
8299,0
8300,-8
8301,0
8302,0
8303,0
8304,0
8305,0
8306,0
8307,0
8308,8
8309,0
8310,-4
8311,0
8312,0
8313,0
8314,0
8315,2
8316,-4
8317,0
8318,2
8319,10
8320,2
8321,4
8322,0
8323,0
8324,0
8325,10
8326,6
8327,6
8328,-4
8329,0
8330,0
8331,-4
8332,-8
8333,0
8334,0
8335,2
8336,6
8337,0
8338,0
8339,-4
8340,0
8341,-4
8342,0
8343,0
8344,0
8345,0
8346,-4
8347,0
8348,0
8349,-4
8350,0
8351,0
8352,-4
8353,-4
8354,0
8355,0
8356,-4
8357,0
8358,-4
8359,-4
8360,0
8361,-4
8362,0
8363,0
8364,-4
8365,6
8366,-4
8367,-4
8368,-4
8369,0
8370,0
8371,-4
8372,0
8373,-4
8374,-4
8375,-4
8376,-4
8377,0
8378,-4
8379,-4
8380,0
8381,0
8382,-8
8383,-4
8384,6
8385,0
8386,0
8387,0
8388,0
8389,4
8390,2
8391,-4
8392,0
8393,0
8394,0
8395,0
8396,0
8397,0
8398,0
8399,0
8400,2
8401,4
8402,0
8403,2
8404,0
8405,0
8406,0
8407,0
8408,0
8409,-10
8410,0
8411,0
8412,2
8413,-4
8414,0
8415,-10
8416,0
8417,0
8418,-8
8419,-4
8420,10
8421,0
8422,0
8423,6
8424,0
8425,4
8426,0
8427,4
8428,0
8429,2
8430,18
8431,0
8432,4
8433,2
8434,0
8435,4
8436,0
8437,0
8438,-18
8439,-6
8440,0
8441,-4
8442,0
8443,0
8444,0
8445,-4
8446,-4
8447,0
8448,0
8449,2
8450,-4
8451,0
8452,0
8453,0
8454,-4
8455,0
8456,-4
8457,0
8458,0
8459,0
8460,-16
8461,-24
8462,0
8463,-4
8464,0
8465,-4
8466,-4
8467,0
8468,-4
8469,-4
8470,-4
8471,0
8472,0
8473,-4
8474,0
8475,0
8476,-4
8477,-4
8478,0
8479,-14
8480,6
8481,-4
8482,-4
8483,0
8484,0
8485,0
8486,-4
8487,0
8488,0
8489,0
8490,-4
8491,0
8492,2
8493,2
8494,0
8495,-4
8496,0
8497,0
8498,0
8499,0
8500,0
8501,0
8502,0
8503,0
8504,0
8505,0
8506,2
8507,2
8508,0
8509,-4
8510,0
8511,-4
8512,0
8513,2
8514,0
8515,-12
8516,0
8517,0
8518,4
8519,0
8520,0
8521,4
8522,-4
8523,2
8524,4
8525,0
8526,-4
8527,2
8528,0
8529,-4
8530,0
8531,-20
8532,-52
8533,-85.7142857142857
8534,-78.8235294117647
8535,-84
8536,-24
8537,14
8538,56
8539,78
8540,70
8541,52
8542,32
8543,28
8544,24
8545,24
8546,0
8547,-24
8548,-48
8549,-70
8550,-72
8551,-42
8552,-20
8553,-4
8554,6
8555,10
8556,10
8557,6
8558,0
8559,0
8560,4
8561,4
8562,-4
8563,10
8564,10
8565,14
8566,18
8567,22
8568,2
8569,22
8570,18
8571,16
8572,14
8573,18
8574,6
8575,10
8576,6
8577,8
8578,0
8579,6
8580,4
8581,2
8582,0
8583,0
8584,-4
8585,0
8586,0
8587,14
8588,6
8589,-4
8590,-4
8591,-4
8592,10
8593,-4
8594,0
8595,-4
8596,0
8597,2
8598,0
8599,0
8600,0
8601,0
8602,0
8603,0
8604,2
8605,0
8606,0
8607,0
8608,0
8609,0
8610,-4
8611,-4
8612,-4
8613,0
8614,6
8615,0
8616,0
8617,2
8618,0
8619,-12
8620,0
8621,-4
8622,0
8623,4
8624,-14
8625,0
8626,0
8627,-4
8628,4
8629,-4
8630,4
8631,-14
8632,2
8633,0
8634,0
8635,4
8636,0
8637,8
8638,2
8639,0
8640,0
8641,-4
8642,0
8643,0
8644,0
8645,2
8646,0
8647,2
8648,0
8649,0
8650,0
8651,4
8652,0
8653,0
8654,-4
8655,0
8656,-4
8657,-4
8658,0
8659,0
8660,0
8661,2
8662,-4
8663,0
8664,-4
8665,-4
8666,0
8667,-4
8668,2
8669,-4
8670,-4
8671,0
8672,-4
8673,2
8674,-4
8675,-4
8676,-4
8677,-4
8678,-4
8679,0
8680,0
8681,0
8682,-4
8683,10
8684,0
8685,20
8686,0
8687,0
8688,0
8689,0
8690,0
8691,0
8692,-4
8693,0
8694,0
8695,0
8696,-4
8697,0
8698,-4
8699,0
8700,2
8701,2
8702,0
8703,4
8704,0
8705,0
8706,0
8707,0
8708,0
8709,0
8710,-4
8711,0
8712,2
8713,0
8714,2
8715,0
8716,-4
8717,-12
8718,0
8719,0
8720,-4
8721,0
8722,2
8723,-8
8724,2
8725,0
8726,0
8727,0
8728,0
8729,-4
8730,2
8731,0
8732,0
8733,-4
8734,0
8735,-4
8736,-4
8737,-4
8738,0
8739,-4
8740,-8
8741,0
8742,0
8743,-4
8744,0
8745,0
8746,0
8747,0
8748,0
8749,-4
8750,-4
8751,0
8752,-4
8753,6
8754,-4
8755,0
8756,-4
8757,0
8758,-4
8759,0
8760,-4
8761,-4
8762,-4
8763,-4
8764,0
8765,-4
8766,-4
8767,-6
8768,0
8769,-4
8770,0
8771,0
8772,-4
8773,0
8774,0
8775,-4
8776,-4
8777,-12
8778,-4
8779,-4
8780,0
8781,0
8782,0
8783,0
8784,0
8785,0
8786,0
8787,0
8788,-4
8789,-4
8790,0
8791,0
8792,2
8793,6
8794,0
8795,0
8796,0
8797,0
8798,0
8799,0
8800,0
8801,4
8802,0
8803,0
8804,4
8805,-4
8806,0
8807,0
8808,0
8809,0
8810,0
8811,6
8812,4
8813,0
8814,4
8815,0
8816,4
8817,0
8818,14
8819,0
8820,6
8821,0
8822,-4
8823,0
8824,0
8825,-4
8826,-4
8827,0
8828,0
8829,-4
8830,0
8831,0
8832,0
8833,-14
8834,0
8835,-8
8836,0
8837,0
8838,0
8839,-4
8840,-12
8841,0
8842,-4
8843,0
8844,0
8845,0
8846,0
8847,-8
8848,0
8849,-4
8850,0
8851,0
8852,0
8853,0
8854,0
8855,-4
8856,0
8857,0
8858,0
8859,-4
8860,-4
8861,-4
8862,0
8863,0
8864,-4
8865,-4
8866,0
8867,-4
8868,0
8869,-4
8870,0
8871,0
8872,-4
8873,18
8874,-4
8875,-4
8876,20
8877,-4
8878,0
8879,16
8880,-4
8881,0
8882,-4
8883,-4
8884,0
8885,0
8886,-8
8887,0
8888,0
8889,0
8890,0
8891,0
8892,0
8893,6
8894,0
8895,0
8896,14
8897,0
8898,-4
8899,-4
8900,0
8901,0
8902,0
8903,0
8904,0
8905,-14
8906,2
8907,2
8908,0
8909,0
8910,0
8911,0
8912,2
8913,-4
8914,0
8915,4
8916,-4
8917,0
8918,0
8919,2
8920,0
8921,2
8922,0
8923,0
8924,6
8925,6
8926,2
8927,4
8928,0
8929,8
8930,-4
8931,-4
8932,0
8933,10
8934,0
8935,2
8936,0
8937,-16
8938,2
8939,4
8940,-4
8941,0
8942,0
8943,0
8944,4
8945,6
8946,0
8947,0
8948,0
8949,0
8950,-4
8951,0
8952,-4
8953,-4
8954,0
8955,0
8956,0
8957,0
8958,-4
8959,-4
8960,0
8961,0
8962,-4
8963,-4
8964,0
8965,-6
8966,0
8967,0
8968,-4
8969,-14
8970,0
8971,-4
8972,-4
8973,0
8974,0
8975,0
8976,0
8977,-4
8978,-4
8979,-4
8980,-4
8981,-4
8982,-4
8983,4
8984,0
8985,-4
8986,-4
8987,14
8988,0
8989,-4
8990,0
8991,0
8992,0
8993,0
8994,-4
8995,0
8996,0
8997,0
8998,0
8999,0
9000,-4
9001,0
9002,0
9003,4
9004,-4
9005,-8
9006,-20
9007,-22
9008,-18
9009,-18
9010,-8
9011,-4
9012,6
9013,6
9014,10
9015,14
9016,16
9017,14
9018,14
9019,10
9020,10
9021,10
9022,8
9023,6
9024,4
9025,6
9026,6
9027,10
9028,0
9029,2
9030,0
9031,-6
9032,-4
9033,-8
9034,-8
9035,-6
9036,-8
9037,2
9038,-4
9039,-4
9040,-6
9041,-4
9042,-4
9043,-4
9044,2
9045,2
9046,8
9047,2
9048,0
9049,4
9050,0
9051,0
9052,0
9053,-4
9054,0
9055,0
9056,0
9057,0
9058,-4
9059,-4
9060,-4
9061,0
9062,-4
9063,0
9064,-4
9065,2
9066,-4
9067,-8
9068,0
9069,0
9070,-4
9071,0
9072,0
9073,0
9074,0
9075,0
9076,6
9077,2
9078,-4
9079,0
9080,0
9081,0
9082,0
9083,-14
9084,6
9085,4
9086,4
9087,-8
9088,0
9089,-4
9090,0
9091,6
9092,-4
9093,2
9094,0
9095,0
9096,-10
9097,0
9098,2
9099,0
9100,0
9101,2
9102,0
9103,0
9104,0
9105,0
9106,10
9107,0
9108,4
9109,-4
9110,0
9111,0
9112,0
9113,2
9114,22
9115,6
9116,10
9117,0
9118,-6
9119,0
9120,10
9121,2
9122,10
9123,0
9124,0
9125,0
9126,6
9127,4
9128,-4
9129,-4
9130,0
9131,0
9132,0
9133,-8
9134,0
9135,0
9136,-4
9137,8
9138,0
9139,0
9140,-4
9141,-10
9142,0
9143,-4
9144,-4
9145,0
9146,0
9147,0
9148,0
9149,2
9150,0
9151,0
9152,-4
9153,0
9154,-4
9155,0
9156,0
9157,-4
9158,0
9159,0
9160,-4
9161,-4
9162,-4
9163,0
9164,-4
9165,-4
9166,0
9167,-4
9168,0
9169,-4
9170,-4
9171,0
9172,-4
9173,-4
9174,10
9175,-4
9176,-4
9177,-22
9178,-4
9179,-4
9180,0
9181,0
9182,0
9183,2
9184,-4
9185,-4
9186,0
9187,4
9188,-4
9189,0
9190,0
9191,0
9192,0
9193,0
9194,2
9195,-4
9196,0
9197,0
9198,0
9199,0
9200,6
9201,2
9202,0
9203,4
9204,0
9205,0
9206,0
9207,0
9208,0
9209,0
9210,0
9211,0
9212,0
9213,0
9214,0
9215,6
9216,0
9217,2
9218,0
9219,-8
9220,0
9221,0
9222,4
9223,0
9224,-8
9225,0
9226,0
9227,10
9228,-4
9229,4
9230,4
9231,8
9232,-4
9233,-4
9234,6
9235,0
9236,-14
9237,0
9238,0
9239,0
9240,0
9241,0
9242,0
9243,0
9244,0
9245,0
9246,-4
9247,10
9248,0
9249,0
9250,-4
9251,-14
9252,0
9253,0
9254,-6
9255,-4
9256,-4
9257,-4
9258,-4
9259,-8
9260,-4
9261,-4
9262,-4
9263,0
9264,0
9265,0
9266,-4
9267,0
9268,-4
9269,4
9270,-4
9271,-4
9272,-4
9273,2
9274,-4
9275,0
9276,6
9277,-4
9278,-4
9279,0
9280,0
9281,0
9282,0
9283,0
9284,0
9285,2
9286,0
9287,0
9288,6
9289,0
9290,0
9291,0
9292,-4
9293,-4
9294,4
9295,-4
9296,0
9297,0
9298,0
9299,0
9300,6
9301,0
9302,0
9303,-4
9304,0
9305,2
9306,0
9307,0
9308,4
9309,4
9310,0
9311,-10
9312,0
9313,0
9314,0
9315,4
9316,2
9317,4
9318,0
9319,0
9320,6
9321,0
9322,0
9323,-10
9324,2
9325,4
9326,6
9327,4
9328,2
9329,4
9330,0
9331,-4
9332,2
9333,-14
9334,0
9335,-4
9336,0
9337,-12
9338,6
9339,0
9340,0
9341,10
9342,-4
9343,2
9344,0
9345,0
9346,-4
9347,-4
9348,0
9349,4
9350,-4
9351,-4
9352,-4
9353,0
9354,-4
9355,-4
9356,0
9357,-4
9358,-4
9359,0
9360,-4
9361,-20
9362,0
9363,-4
9364,-4
9365,-4
9366,-4
9367,-4
9368,0
9369,0
9370,-4
9371,0
9372,-6
9373,-4
9374,-4
9375,0
9376,0
9377,-4
9378,4
9379,-4
9380,-4
9381,-4
9382,-4
9383,0
9384,-4
9385,0
9386,-4
9387,-4
9388,0
9389,-4
9390,0
9391,2
9392,0
9393,0
9394,4
9395,0
9396,0
9397,-4
9398,-4
9399,-4
9400,10
9401,0
9402,4
9403,6
9404,0
9405,0
9406,-4
9407,0
9408,4
9409,0
9410,-4
9411,0
9412,6
9413,4
9414,0
9415,0
9416,0
9417,-14
9418,-8
9419,0
9420,0
9421,0
9422,8
9423,0
9424,0
9425,0
9426,0
9427,4
9428,-4
9429,0
9430,6
9431,4
9432,-6
9433,0
9434,0
9435,4
9436,2
9437,0
9438,4
9439,0
9440,-4
9441,0
9442,-4
9443,0
9444,-10
9445,-4
9446,-14
9447,0
9448,2
9449,-8
9450,0
9451,0
9452,0
9453,0
9454,-4
9455,-4
9456,-4
9457,-4
9458,-4
9459,-4
9460,0
9461,0
9462,0
9463,0
9464,-4
9465,-4
9466,0
9467,0
9468,-4
9469,0
9470,0
9471,0
9472,-4
9473,-4
9474,-4
9475,0
9476,0
9477,0
9478,2
9479,2
9480,-4
9481,-4
9482,6
9483,2
9484,0
9485,0
9486,-4
9487,0
9488,-10
9489,6
9490,6
9491,0
9492,-4
9493,0
9494,-8
9495,0
9496,18
9497,0
9498,-10
9499,-4
9500,0
9501,6
9502,0
9503,0
9504,0
9505,0
9506,0
9507,4
9508,8
9509,0
9510,2
9511,0
9512,0
9513,0
9514,0
9515,0
9516,0
9517,2
9518,-4
9519,-12
9520,4
9521,-8
9522,0
9523,0
9524,6
9525,0
9526,0
9527,2
9528,4
9529,2
9530,0
9531,-14
9532,-4
9533,-4
9534,-4
9535,0
9536,-4
9537,0
9538,0
9539,10
9540,0
9541,0
9542,0
9543,0
9544,-4
9545,-4
9546,-4
9547,0
9548,-4
9549,-6
9550,-4
9551,0
9552,-4
9553,-4
9554,-4
9555,0
9556,-14
9557,-4
9558,-4
9559,0
9560,-4
9561,-8
9562,0
9563,-4
9564,-4
9565,-4
9566,-4
9567,-8
9568,-4
9569,-4
9570,-4
9571,-4
9572,0
9573,-4
9574,-6
9575,0
9576,0
9577,-4
9578,-4
9579,-4
9580,0
9581,16
9582,0
9583,0
9584,-4
9585,0
9586,-8
9587,-4
9588,-4
9589,-4
9590,0
9591,0
9592,2
9593,6
9594,2
9595,0
9596,0
9597,0
9598,-4
9599,0
9600,0
9601,0
9602,0
9603,0
9604,2
9605,0
9606,6
9607,6
9608,0
9609,0
9610,2
9611,4
9612,-12
9613,0
9614,4
9615,0
9616,0
9617,6
9618,-4
9619,0
9620,20
9621,0
9622,10
9623,0
9624,0
9625,0
9626,0
9627,-4
9628,0
9629,10
9630,0
9631,0
9632,-4
9633,2
9634,6
9635,8
9636,0
9637,6
9638,2
9639,-4
9640,0
9641,2
9642,-4
9643,2
9644,0
9645,2
9646,-4
9647,-4
9648,-4
9649,-4
9650,0
9651,-4
9652,0
9653,-4
9654,-4
9655,0
9656,-4
9657,-8
9658,-4
9659,-4
9660,0
9661,-4
9662,0
9663,-4
9664,0
9665,-4
9666,-4
9667,0
9668,-4
9669,0
9670,0
9671,-4
9672,-4
9673,-4
9674,0
9675,-4
9676,0
9677,0
9678,6
9679,4
9680,0
9681,-4
9682,0
9683,0
9684,-4
9685,0
9686,0
9687,-4
9688,0
9689,0
9690,-4
9691,0
9692,0
9693,-4
9694,2
9695,10
9696,0
9697,0
9698,14
9699,-4
9700,0
9701,4
9702,4
9703,0
9704,0
9705,4
9706,0
9707,0
9708,0
9709,0
9710,0
9711,0
9712,6
9713,0
9714,6
9715,0
9716,0
9717,6
9718,6
9719,4
9720,0
9721,0
9722,10
9723,0
9724,6
9725,10
9726,-4
9727,-4
9728,8
9729,4
9730,0
9731,-4
9732,0
9733,0
9734,0
9735,0
9736,0
9737,0
9738,0
9739,10
9740,-4
9741,0
9742,0
9743,0
9744,-4
9745,0
9746,0
9747,4
9748,0
9749,0
9750,0
9751,0
9752,-4
9753,0
9754,0
9755,0
9756,0
9757,-4
9758,0
9759,0
9760,-4
9761,2
9762,2
9763,-4
9764,-4
9765,-6
9766,-4
9767,0
9768,0
9769,0
9770,-4
9771,-4
9772,-4
9773,-4
9774,-4
9775,-4
9776,-4
9777,-6
9778,0
9779,-4
9780,-6
9781,0
9782,0
9783,0
9784,0
9785,0
9786,-4
9787,-4
9788,0
9789,-4
9790,0
9791,0
9792,-14
9793,0
9794,0
9795,0
9796,0
9797,0
9798,-4
9799,-4
9800,0
9801,0
9802,4
9803,0
9804,0
9805,0
9806,0
9807,0
9808,4
9809,0
9810,4
9811,6
9812,2
9813,-14
9814,0
9815,0
9816,0
9817,0
9818,0
9819,-4
9820,0
9821,14
9822,0
9823,0
9824,10
9825,0
9826,0
9827,-4
9828,2
9829,-4
9830,0
9831,-4
9832,-4
9833,0
9834,0
9835,0
9836,8
9837,0
9838,0
9839,0
9840,0
9841,-4
9842,-4
9843,0
9844,18
9845,6
9846,-4
9847,0
9848,-4
9849,0
9850,-4
9851,0
9852,-4
9853,-6
9854,-4
9855,-4
9856,-4
9857,-4
9858,-4
9859,0
9860,-8
9861,0
9862,0
9863,0
9864,0
9865,0
9866,0
9867,0
9868,0
9869,6
9870,-4
9871,-4
9872,-4
9873,-12
9874,0
9875,0
9876,8
9877,0
9878,0
9879,-8
9880,-4
9881,0
9882,0
9883,0
9884,0
9885,8
9886,0
9887,0
9888,-4
9889,0
9890,-4
9891,0
9892,-4
9893,-4
9894,0
9895,0
9896,0
9897,0
9898,0
9899,-4
9900,0
9901,-4
9902,-4
9903,4
9904,0
9905,0
9906,2
9907,0
9908,2
9909,-4
9910,6
9911,0
9912,0
9913,2
9914,14
9915,0
9916,0
9917,0
9918,0
9919,0
9920,6
9921,4
9922,4
9923,0
9924,-4
9925,4
9926,6
9927,0
9928,0
9929,-4
9930,4
9931,0
9932,10
9933,-4
9934,0
9935,-8
9936,0
9937,0
9938,-4
9939,-4
9940,-4
9941,0
9942,0
9943,0
9944,0
9945,6
9946,0
9947,-4
9948,0
9949,-8
9950,0
9951,-4
9952,0
9953,4
9954,0
9955,0
9956,-4
9957,0
9958,0
9959,-4
9960,0
9961,-4
9962,-4
9963,0
9964,-4
9965,-4
9966,0
9967,0
9968,0
9969,-4
9970,6
9971,-4
9972,0
9973,0
9974,-4
9975,6
9976,0
9977,-4
9978,0
9979,-4
9980,-4
9981,0
9982,0
9983,-4
9984,0
9985,0
9986,6
9987,0
9988,0
9989,0
9990,0
9991,0
9992,0
9993,0
9994,6
9995,0
9996,-4
9997,-4
9998,0
9999,0
10000,0
10001,0
10002,0
10003,0
10004,4
10005,0
10006,0
10007,0
10008,4
10009,0
10010,0
10011,0
10012,0
10013,-4
10014,0
10015,6
10016,0
10017,0
10018,4
10019,0
10020,0
10021,0
10022,-4
10023,2
10024,0
10025,0
10026,0
10027,2
10028,6
10029,4
10030,0
10031,-4
10032,10
10033,0
10034,0
10035,2
10036,0
10037,0
10038,10
10039,0
10040,-4
10041,-4
10042,-4
10043,-4
10044,-4
10045,0
10046,-4
10047,0
10048,6
10049,0
10050,-4
10051,-4
10052,0
10053,-4
10054,-4
10055,-4
10056,0
10057,-4
10058,-4
10059,-4
10060,-4
10061,-4
10062,0
10063,-4
10064,0
10065,-6
10066,-4
10067,0
10068,-4
10069,-4
10070,-4
10071,0
10072,0
10073,-4
10074,0
10075,-16
10076,-4
10077,0
10078,0
10079,0
10080,0
10081,0
10082,-8
10083,0
10084,-4
10085,6
10086,0
10087,-4
10088,-4
10089,0
10090,0
10091,0
10092,0
10093,0
10094,0
10095,0
10096,-4
10097,0
10098,0
10099,0
10100,0
10101,0
10102,2
10103,0
10104,0
10105,2
10106,0
10107,0
10108,0
10109,4
10110,0
10111,2
10112,0
10113,0
10114,0
10115,0
10116,0
10117,8
10118,2
10119,4
10120,0
10121,-8
10122,0
10123,2
10124,-8
10125,6
10126,0
10127,6
10128,0
10129,2
10130,-4
10131,-16
10132,0
10133,0
10134,0
10135,0
10136,0
10137,0
10138,6
10139,0
10140,0
10141,-4
10142,0
10143,0
10144,0
10145,0
10146,0
10147,0
10148,0
10149,0
10150,-4
10151,0
10152,0
10153,-4
10154,0
10155,0
10156,-4
10157,0
10158,-4
10159,0
10160,-4
10161,-4
10162,-4
10163,-4
10164,0
10165,-4
10166,-4
10167,0
10168,-4
10169,0
10170,-4
10171,-4
10172,-4
10173,-4
10174,-8
10175,-4
10176,0
10177,-8
10178,0
10179,-4
10180,-4
10181,0
10182,-4
10183,4
10184,0
10185,-4
10186,0
10187,0
10188,0
10189,0
10190,0
10191,0
10192,0
10193,2
10194,0
10195,4
10196,2
10197,0
10198,-4
10199,0
10200,2
10201,0
10202,0
10203,0
10204,2
10205,2
10206,8
10207,0
10208,0
10209,0
10210,0
10211,0
10212,0
10213,0
10214,-6
10215,0
10216,0
10217,-4
10218,4
10219,0
10220,4
10221,2
10222,0
10223,10
10224,0
10225,0
10226,2
10227,6
10228,0
10229,8
10230,0
10231,-6
10232,0
10233,2
10234,0
10235,-14
10236,0
10237,-4
10238,-4
10239,0
10240,0
10241,-4
10242,0
10243,2
10244,0
10245,0
10246,0
10247,-4
10248,-4
10249,-4
10250,0
10251,-4
10252,0
10253,-4
10254,-4
10255,-4
10256,0
10257,0
10258,-16
10259,2
10260,-4
10261,0
10262,0
10263,-4
10264,0
10265,0
10266,-4
10267,-4
10268,0
10269,0
10270,-8
10271,-4
10272,-4
10273,-4
10274,-4
10275,-8
10276,2
10277,-4
10278,0
10279,6
10280,0
10281,-4
10282,-4
10283,4
10284,0
10285,0
10286,0
10287,6
10288,0
10289,0
10290,0
10291,-4
10292,4
10293,0
10294,0
10295,0
10296,0
10297,0
10298,0
10299,6
10300,0
10301,0
10302,0
10303,0
10304,0
10305,0
10306,0
10307,0
10308,0
10309,0
10310,0
10311,0
10312,4
10313,0
10314,0
10315,0
10316,0
10317,0
10318,0
10319,0
10320,-4
10321,0
10322,4
10323,0
10324,0
10325,0
10326,0
10327,0
10328,6
10329,0
10330,-4
10331,0
10332,6
10333,0
10334,0
10335,4
10336,0
10337,0
10338,0
10339,0
10340,0
10341,0
10342,0
10343,0
10344,-4
10345,0
10346,0
10347,0
10348,-4
10349,6
10350,0
10351,-4
10352,0
10353,2
10354,0
10355,0
10356,0
10357,-4
10358,-4
10359,0
10360,-4
10361,-4
10362,-4
10363,-4
10364,0
10365,-4
10366,0
10367,-4
10368,-4
10369,2
10370,-4
10371,-4
10372,-4
10373,-4
10374,0
10375,-6
10376,0
10377,0
10378,0
10379,0
10380,0
10381,2
10382,-4
10383,0
10384,0
10385,0
10386,0
10387,0
10388,-4
10389,4
10390,0
10391,0
10392,0
10393,2
10394,0
10395,0
10396,-8
10397,0
10398,2
10399,0
10400,0
10401,6
10402,0
10403,-14
10404,0
10405,0
10406,0
10407,4
10408,0
10409,4
10410,0
10411,0
10412,0
10413,0
10414,0
10415,0
10416,0
10417,4
10418,0
10419,2
10420,0
10421,2
10422,4
10423,14
10424,0
10425,4
10426,6
10427,0
10428,2
10429,-4
10430,-4
10431,-4
10432,0
10433,0
10434,0
10435,0
10436,8
10437,0
10438,-4
10439,0
10440,10
10441,10
10442,0
10443,0
10444,0
10445,4
10446,0
10447,0
10448,0
10449,0
10450,0
10451,10
10452,-4
10453,0
10454,0
10455,-4
10456,0
10457,0
10458,0
10459,-4
10460,-4
10461,0
10462,-4
10463,-4
10464,-4
10465,-4
10466,-4
10467,0
10468,-4
10469,-4
10470,0
10471,-4
10472,-4
10473,-20
10474,-4
10475,-4
10476,-22
10477,-4
10478,-4
10479,0
10480,0
10481,0
10482,4
10483,2
10484,-4
10485,8
10486,0
10487,-4
10488,2
10489,0
10490,0
10491,0
10492,0
10493,0
10494,14
10495,0
10496,0
10497,-4
10498,0
10499,0
10500,2
10501,4
10502,6
10503,0
10504,0
10505,0
10506,2
10507,10
10508,0
10509,4
10510,2
10511,0
10512,4
10513,0
10514,6
10515,0
10516,-4
10517,4
10518,0
10519,0
10520,0
10521,2
10522,6
10523,0
10524,0
10525,0
10526,4
10527,0
10528,0
10529,-4
10530,2
10531,0
10532,-8
10533,0
10534,0
10535,-4
10536,-4
10537,10
10538,0
10539,0
10540,0
10541,-4
10542,0
10543,0
10544,0
10545,0
10546,0
10547,-4
10548,-8
10549,0
10550,0
10551,-4
10552,-4
10553,0
10554,-4
10555,-4
10556,0
10557,-4
10558,0
10559,-4
10560,-4
10561,0
10562,-4
10563,0
10564,-4
10565,-4
10566,-4
10567,0
10568,0
10569,-4
10570,-4
10571,-4
10572,-6
10573,0
10574,-4
10575,0
10576,0
10577,0
10578,-4
10579,0
10580,-4
10581,-4
10582,0
10583,4
10584,10
10585,0
10586,-4
10587,-4
10588,0
10589,-4
10590,4
10591,2
10592,0
10593,0
10594,0
10595,0
10596,0
10597,-4
10598,0
10599,0
10600,0
10601,6
10602,2
10603,0
10604,0
10605,2
10606,4
10607,-4
10608,0
10609,0
10610,0
10611,6
10612,-8
10613,6
10614,0
10615,2
10616,-14
10617,0
10618,0
10619,0
10620,0
10621,0
10622,0
10623,0
10624,-4
10625,0
10626,0
10627,2
10628,16
10629,2
10630,0
10631,-8
10632,0
10633,-4
10634,-4
10635,0
10636,0
10637,2
10638,2
10639,0
10640,2
10641,0
10642,0
10643,0
10644,6
10645,-4
10646,0
10647,-4
10648,-8
10649,0
10650,0
10651,0
10652,-8
10653,0
10654,0
10655,-4
10656,-4
10657,-4
10658,0
10659,0
10660,0
10661,0
10662,0
10663,0
10664,-4
10665,-4
10666,0
10667,-4
10668,-4
10669,-4
10670,-4
10671,-4
10672,-4
10673,-4
10674,0
10675,-4
10676,6
10677,-4
10678,0
10679,6
10680,0
10681,-8
10682,-4
10683,0
10684,0
10685,-4
10686,0
10687,-8
10688,0
10689,0
10690,0
10691,0
10692,0
10693,2
10694,0
10695,0
10696,0
10697,0
10698,0
10699,0
10700,0
10701,-6
10702,0
10703,-4
10704,0
10705,4
10706,0
10707,0
10708,0
10709,0
10710,2
10711,-14
10712,0
10713,0
10714,10
10715,4
10716,0
10717,2
10718,0
10719,4
10720,0
10721,-8
10722,0
10723,2
10724,0
10725,0
10726,4
10727,-14
10728,-4
10729,0
10730,-8
10731,4
10732,4
10733,0
10734,0
10735,0
10736,0
10737,0
10738,0
10739,4
10740,2
10741,-4
10742,-4
10743,0
10744,4
10745,0
10746,-4
10747,-4
10748,-4
10749,0
10750,-4
10751,-4
10752,-4
10753,-4
10754,-4
10755,-4
10756,-4
10757,-4
10758,0
10759,-4
10760,-4
10761,6
10762,-4
10763,0
10764,-4
10765,-4
10766,-4
10767,-4
10768,0
10769,-4
10770,-4
10771,-10
10772,-4
10773,-6
10774,0
10775,0
10776,-4
10777,10
10778,0
10779,0
10780,4
10781,-4
10782,0
10783,0
10784,10
10785,0
10786,0
10787,2
10788,0
10789,0
10790,-4
10791,0
10792,2
10793,0
10794,-4
10795,0
10796,0
10797,6
10798,6
10799,0
10800,0
10801,0
10802,0
10803,0
10804,6
10805,4
10806,-4
10807,0
10808,4
10809,6
10810,0
10811,0
10812,2
10813,2
10814,-4
10815,6
10816,4
10817,-8
10818,0
10819,4
10820,0
10821,0
10822,2
10823,0
10824,4
10825,4
10826,-4
10827,2
10828,6
10829,4
10830,4
10831,0
10832,-4
10833,8
10834,0
10835,0
10836,0
10837,0
10838,2
10839,0
10840,-12
10841,-8
10842,-4
10843,0
10844,-4
10845,-4
10846,-4
10847,4
10848,0
10849,-4
10850,-4
10851,-4
10852,-8
10853,0
10854,0
10855,0
10856,0
10857,0
10858,0
10859,0
10860,-4
10861,-8
10862,0
10863,0
10864,-4
10865,-4
10866,-4
10867,2
10868,-4
10869,-4
10870,-4
10871,10
10872,0
10873,-4
10874,-4
10875,0
10876,0
10877,-4
10878,-4
10879,-4
10880,0
10881,0
10882,6
10883,0
10884,0
10885,-4
10886,-4
10887,-4
10888,0
10889,0
10890,2
10891,0
10892,0
10893,0
10894,0
10895,-4
10896,0
10897,2
10898,0
10899,0
10900,0
10901,0
10902,4
10903,0
10904,2
10905,-4
10906,2
10907,4
10908,4
10909,0
10910,0
10911,4
10912,4
10913,8
10914,2
10915,-4
10916,2
10917,0
10918,-4
10919,2
10920,0
10921,-8
10922,0
10923,0
10924,0
10925,0
10926,4
10927,-14
10928,0
10929,-4
10930,10
10931,0
10932,0
10933,-4
10934,-4
10935,-4
10936,2
10937,0
10938,-4
10939,6
10940,0
10941,-4
10942,-4
10943,0
10944,6
10945,0
10946,0
10947,-4
10948,-4
10949,-4
10950,0
10951,0
10952,0
10953,-4
10954,-4
10955,0
10956,-4
10957,-4
10958,16
10959,-4
10960,-4
10961,-4
10962,-4
10963,-4
10964,-4
10965,0
10966,-4
10967,-4
10968,0
10969,-4
10970,-4
10971,-6
10972,-4
10973,-4
10974,0
10975,0
10976,-6
10977,-4
10978,0
10979,6
10980,0
10981,0
10982,0
10983,-14
10984,0
10985,-4
10986,0
10987,-4
10988,0
10989,0
10990,6
10991,2
10992,0
10993,-4
10994,2
10995,0
10996,-4
10997,6
10998,0
10999,2
11000,0
11001,-4
11002,-4
11003,0
11004,2
11005,0
11006,0
11007,0
11008,0
11009,4
11010,10
11011,0
11012,4
11013,0
11014,0
11015,0
11016,2
11017,0
11018,0
11019,0
11020,0
11021,-4
11022,0
11023,8
11024,0
11025,0
11026,4
11027,-16
11028,0
11029,0
11030,-4
11031,0
11032,-4
11033,4
11034,6
11035,0
11036,0
11037,0
11038,8
11039,0
11040,-4
11041,0
11042,-4
11043,0
11044,0
11045,-4
11046,0
11047,0
11048,0
11049,0
11050,0
11051,-4
11052,-4
11053,0
11054,0
11055,0
11056,-4
11057,-4
11058,-4
11059,-4
11060,-4
11061,-4
11062,-4
11063,-4
11064,-4
11065,0
11066,-4
11067,-4
11068,6
11069,-4
11070,0
11071,10
11072,-4
11073,-4
11074,-4
11075,-4
11076,0
11077,-4
11078,-4
11079,-4
11080,-4
11081,6
11082,-4
11083,-4
11084,0
11085,2
11086,-4
11087,-4
11088,0
11089,0
11090,-4
11091,10
11092,-4
11093,0
11094,-4
11095,2
11096,0
11097,0
11098,-4
11099,0
11100,0
11101,0
11102,0
11103,0
11104,6
11105,0
11106,0
11107,2
11108,0
11109,0
11110,0
11111,10
11112,2
11113,0
11114,0
11115,-4
11116,4
11117,-6
11118,0
11119,0
11120,0
11121,0
11122,2
11123,-12
11124,0
11125,0
11126,2
11127,-4
11128,0
11129,0
11130,0
11131,-4
11132,-4
11133,0
11134,-4
11135,2
11136,0
11137,0
11138,0
11139,8
11140,0
11141,0
11142,-8
11143,0
11144,0
11145,-4
11146,-4
11147,-4
11148,0
11149,0
11150,2
11151,-4
11152,0
11153,0
11154,-4
11155,-4
11156,0
11157,-4
11158,-4
11159,-4
11160,-4
11161,-4
11162,-4
11163,0
11164,0
11165,4
11166,-4
11167,-4
11168,0
11169,-4
11170,-4
11171,-4
11172,-4
11173,-4
11174,0
11175,-4
11176,0
11177,-4
11178,-4
11179,-4
11180,0
11181,-4
11182,-4
11183,-4
11184,-4
11185,0
11186,-4
11187,0
11188,0
11189,6
11190,-4
11191,0
11192,4
11193,0
11194,0
11195,0
11196,0
11197,0
11198,0
11199,0
11200,0
11201,-4
11202,2
11203,0
11204,0
11205,0
11206,0
11207,0
11208,0
11209,-4
11210,-4
11211,-4
11212,0
11213,0
11214,0
11215,-4
11216,0
11217,-6
11218,0
11219,4
11220,-4
11221,4
11222,0
11223,2
11224,14
11225,0
11226,2
11227,-4
11228,8
11229,0
11230,0
11231,-14
11232,0
11233,-4
11234,-4
11235,0
11236,0
11237,-10
11238,0
11239,0
11240,0
11241,0
11242,0
11243,0
11244,0
11245,2
11246,-4
11247,-4
11248,4
11249,0
11250,0
11251,0
11252,0
11253,0
11254,-4
11255,-4
11256,0
11257,-4
11258,0
11259,-4
11260,-10
11261,0
11262,-4
11263,0
11264,-4
11265,-4
11266,-4
11267,0
11268,-4
11269,0
11270,-4
11271,-4
11272,0
11273,-4
11274,0
11275,-8
11276,-4
11277,-4
11278,-10
11279,0
11280,-4
11281,-6
11282,0
11283,-4
11284,0
11285,-4
11286,-4
11287,0
11288,-4
11289,0
11290,0
11291,0
11292,0
11293,0
11294,0
11295,0
11296,6
11297,-12
11298,0
11299,0
11300,-4
11301,0
11302,0
11303,0
11304,0
11305,0
11306,-4
11307,0
11308,0
11309,-4
11310,6
11311,0
11312,0
11313,0
11314,4
11315,0
11316,0
11317,0
11318,6
11319,-4
11320,0
11321,0
11322,2
11323,2
11324,0
11325,-4
11326,-8
11327,6
11328,0
11329,6
11330,0
11331,-4
11332,6
11333,8
11334,-4
11335,0
11336,2
11337,-4
11338,0
11339,-4
11340,0
11341,0
11342,0
11343,-4
11344,0
11345,-4
11346,2
11347,0
11348,0
11349,-4
11350,0
11351,0
11352,-4
11353,-4
11354,2
11355,-4
11356,-4
11357,-4
11358,0
11359,-4
11360,-6
11361,0
11362,-4
11363,-4
11364,-4
11365,-6
11366,-4
11367,-4
11368,4
11369,0
11370,0
11371,2
11372,-4
11373,0
11374,0
11375,-4
11376,0
11377,-4
11378,0
11379,-4
11380,-4
11381,-14
11382,-4
11383,-4
11384,-4
11385,18
11386,0
11387,0
11388,0
11389,0
11390,-8
11391,4
11392,0
11393,0
11394,0
11395,0
11396,0
11397,0
11398,0
11399,0
11400,0
11401,2
11402,0
11403,0
11404,0
11405,2
11406,0
11407,2
11408,0
11409,0
11410,0
11411,0
11412,0
11413,0
11414,-4
11415,0
11416,0
11417,4
11418,4
11419,4
11420,0
11421,0
11422,4
11423,-4
11424,0
11425,6
11426,10
11427,6
11428,4
11429,0
11430,10
11431,0
11432,0
11433,2
11434,4
11435,0
11436,-4
11437,-12
11438,0
11439,0
11440,0
11441,2
11442,0
11443,0
11444,0
11445,-4
11446,0
11447,0
11448,-4
11449,-4
11450,0
11451,-10
11452,0
11453,-4
11454,-4
11455,-4
11456,-4
11457,-4
11458,-4
11459,-4
11460,-4
11461,-4
11462,-4
11463,0
11464,-4
11465,0
11466,-4
11467,0
11468,0
11469,0
11470,0
11471,0
11472,-4
11473,-4
11474,0
11475,0
11476,-4
11477,-4
11478,-4
11479,-4
11480,-4
11481,0
11482,-4
11483,0
11484,0
11485,0
11486,-8
11487,0
11488,8
11489,2
11490,0
11491,0
11492,0
11493,2
11494,0
11495,0
11496,0
11497,-4
11498,0
11499,0
11500,-4
11501,0
11502,2
11503,6
11504,0
11505,0
11506,0
11507,0
11508,0
11509,-4
11510,-4
11511,2
11512,-4
11513,10
11514,0
11515,0
11516,2
11517,6
11518,4
11519,0
11520,-14
11521,-4
11522,0
11523,0
11524,10
11525,0
11526,0
11527,-8
11528,-4
11529,0
11530,0
11531,0
11532,2
11533,4
11534,4
11535,0
11536,0
11537,0
11538,0
11539,0
11540,0
11541,0
11542,0
11543,2
11544,-4
11545,0
11546,0
11547,-4
11548,0
11549,0
11550,4
11551,-4
11552,0
11553,0
11554,0
11555,0
11556,-4
11557,-4
11558,-4
11559,-4
11560,-4
11561,-4
11562,0
11563,-4
11564,-4
11565,0
11566,-8
11567,-4
11568,0
11569,-4
11570,-4
11571,-4
11572,-4
11573,0
11574,2
11575,-4
11576,0
11577,-4
11578,0
11579,0
11580,0
11581,0
11582,0
11583,6
11584,0
11585,0
11586,0
11587,0
11588,6
11589,0
11590,0
11591,0
11592,0
11593,0
11594,0
11595,0
11596,-4
11597,0
11598,4
11599,0
11600,4
11601,2
11602,0
11603,0
11604,0
11605,2
11606,18
11607,0
11608,2
11609,0
11610,0
11611,2
11612,0
11613,0
11614,0
11615,-4
11616,4
11617,4
11618,0
11619,0
11620,2
11621,8
11622,0
11623,8
11624,0
11625,0
11626,10
11627,-4
11628,0
11629,-4
11630,6
11631,0
11632,-4
11633,0
11634,-12
11635,0
11636,0
11637,0
11638,0
11639,0
11640,0
11641,0
11642,0
11643,0
11644,6
11645,-4
11646,0
11647,0
11648,0
11649,0
11650,0
11651,0
11652,0
11653,0
11654,0
11655,-4
11656,-4
11657,0
11658,-6
11659,-4
11660,0
11661,0
11662,0
11663,-4
11664,-4
11665,6
11666,0
11667,-4
11668,-4
11669,-4
11670,0
11671,0
11672,-4
11673,-4
11674,-4
11675,-20
11676,-4
11677,0
11678,-12
11679,-4
11680,-8
11681,-4
11682,0
11683,0
11684,0
11685,2
11686,0
11687,6
11688,0
11689,0
11690,2
11691,0
11692,0
11693,2
11694,-4
11695,0
11696,0
11697,0
11698,0
11699,2
11700,0
11701,0
11702,0
11703,0
11704,0
11705,0
11706,-4
11707,0
11708,0
11709,0
11710,0
11711,10
11712,0
11713,0
11714,4
11715,2
11716,0
11717,0
11718,2
11719,-8
11720,-4
11721,0
11722,-14
11723,2
11724,2
11725,4
11726,0
11727,2
11728,18
11729,2
11730,0
11731,6
11732,0
11733,0
11734,0
11735,-4
11736,0
11737,2
11738,0
11739,0
11740,16
11741,-4
11742,20
11743,-4
11744,0
11745,-4
11746,0
11747,-4
11748,0
11749,0
11750,-4
11751,0
11752,0
11753,-4
11754,0
11755,0
11756,-4
11757,-4
11758,0
11759,-4
11760,0
11761,-4
11762,-4
11763,-4
11764,-4
11765,-4
11766,0
11767,-4
11768,-6
11769,0
11770,-6
11771,-4
11772,-18
11773,0
11774,-4
11775,0
11776,-4
11777,6
11778,0
11779,-4
11780,4
11781,-4
11782,-4
11783,0
11784,6
11785,-4
11786,0
11787,0
11788,-4
11789,0
11790,-4
11791,0
11792,0
11793,0
11794,0
11795,4
11796,0
11797,0
11798,0
11799,0
11800,4
11801,-22
11802,4
11803,0
11804,2
11805,2
11806,0
11807,0
11808,-4
11809,0
11810,2
11811,2
11812,0
11813,0
11814,0
11815,0
11816,0
11817,4
11818,10
11819,-4
11820,-20
11821,0
11822,2
11823,0
11824,0
11825,0
11826,4
11827,16
11828,2
11829,6
11830,10
11831,0
11832,0
11833,-4
11834,0
11835,0
11836,10
11837,0
11838,-6
11839,-4
11840,0
11841,0
11842,2
11843,-4
11844,0
11845,0
11846,-4
11847,-4
11848,-4
11849,2
11850,-4
11851,-6
11852,0
11853,-4
11854,-4
11855,-4
11856,-4
11857,0
11858,0
11859,-4
11860,-4
11861,-4
11862,0
11863,-4
11864,0
11865,0
11866,-4
11867,0
11868,0
11869,-4
11870,0
11871,0
11872,-4
11873,-8
11874,0
11875,0
11876,24
11877,-4
11878,-6
11879,22
11880,-4
11881,0
11882,2
11883,0
11884,2
11885,0
11886,0
11887,0
11888,0
11889,6
11890,0
11891,-4
11892,4
11893,0
11894,0
11895,0
11896,14
11897,6
11898,0
11899,0
11900,0
11901,0
11902,0
11903,0
11904,0
11905,0
11906,4
11907,0
11908,2
11909,0
11910,6
11911,0
11912,0
11913,0
11914,0
11915,0
11916,0
11917,0
11918,2
11919,0
11920,0
11921,-4
11922,0
11923,0
11924,0
11925,4
11926,-16
11927,-4
11928,0
11929,-12
11930,2
11931,0
11932,6
11933,0
11934,-4
11935,-4
11936,0
11937,-4
11938,0
11939,4
11940,0
11941,0
11942,-4
11943,2
11944,0
11945,-6
11946,0
11947,0
11948,0
11949,0
11950,0
11951,0
11952,-4
11953,0
11954,0
11955,0
11956,0
11957,-4
11958,-4
11959,-4
11960,0
11961,-4
11962,-4
11963,-4
11964,0
11965,0
11966,0
11967,-8
11968,-4
11969,0
11970,-4
11971,0
11972,-4
11973,0
11974,0
11975,-10
11976,-4
11977,-4
11978,-4
11979,-4
11980,0
11981,-4
11982,-4
11983,0
11984,4
11985,4
11986,0
11987,-8
11988,0
11989,0
11990,0
11991,10
11992,-16
11993,0
11994,0
11995,0
11996,0
11997,2
11998,0
11999,0
12000,2
12001,0
12002,0
12003,4
12004,4
12005,0
12006,0
12007,0
12008,0
12009,4
12010,0
12011,2
12012,4
12013,-4
12014,2
12015,2
12016,0
12017,0
12018,0
12019,4
12020,0
12021,0
12022,-8
12023,0
12024,0
12025,0
12026,0
12027,4
12028,18
12029,4
12030,2
12031,8
12032,4
12033,0
12034,-4
12035,4
12036,0
12037,6
12038,0
12039,0
12040,-4
12041,6
12042,-4
12043,0
12044,0
12045,0
12046,-10
12047,0
12048,8
12049,-4
12050,8
12051,2
12052,0
12053,0
12054,-4
12055,0
12056,-4
12057,-4
12058,-4
12059,2
12060,-4
12061,-4
12062,2
12063,-4
12064,-22
12065,-4
12066,-4
12067,-4
12068,-4
12069,0
12070,-4
12071,-4
12072,22
12073,-4
12074,0
12075,0
12076,0
12077,0
12078,0
12079,0
12080,2
12081,0
12082,0
12083,-4
12084,0
12085,0
12086,2
12087,0
12088,-6
12089,0
12090,0
12091,0
12092,0
12093,0
12094,-4
12095,0
12096,0
12097,2
12098,4
12099,0
12100,0
12101,0
12102,0
12103,0
12104,0
12105,0
12106,0
12107,2
12108,0
12109,0
12110,2
12111,0
12112,0
12113,0
12114,2
12115,10
12116,0
12117,4
12118,4
12119,-4
12120,0
12121,0
12122,2
12123,0
12124,0
12125,0
12126,0
12127,-14
12128,0
12129,2
12130,-6
12131,2
12132,0
12133,-6
12134,0
12135,-4
12136,2
12137,0
12138,-6
12139,0
12140,0
12141,0
12142,0
12143,0
12144,0
12145,0
12146,-4
12147,-4
12148,-4
12149,0
12150,0
12151,0
12152,-4
12153,0
12154,0
12155,0
12156,-4
12157,0
12158,0
12159,0
12160,-4
12161,0
12162,-4
12163,0
12164,4
12165,-16
12166,2
12167,-4
12168,-4
12169,0
12170,-14
12171,-4
12172,0
12173,2
12174,-4
12175,-4
12176,-4
12177,0
12178,0
12179,14
12180,-4
12181,0
12182,0
12183,2
12184,0
12185,-4
12186,0
12187,0
12188,0
12189,-4
12190,4
12191,0
12192,0
12193,0
12194,-4
12195,0
12196,0
12197,0
12198,0
12199,8
12200,0
12201,0
12202,10
12203,0
12204,0
12205,2
12206,0
12207,0
12208,2
12209,2
12210,-4
12211,0
12212,2
12213,0
12214,0
12215,4
12216,-4
12217,2
12218,0
12219,0
12220,0
12221,8
12222,0
12223,-14
12224,0
12225,0
12226,-4
12227,0
12228,0
12229,6
12230,0
12231,4
12232,-6
12233,-4
12234,0
12235,-4
12236,-20
12237,0
12238,10
12239,0
12240,0
12241,0
12242,0
12243,-4
12244,-4
12245,-4
12246,0
12247,0
12248,0
12249,0
12250,0
12251,0
12252,0
12253,0
12254,0
12255,0
12256,-4
12257,-4
12258,0
12259,-4
12260,-4
12261,-4
12262,-4
12263,-4
12264,0
12265,-4
12266,-6
12267,-4
12268,0
12269,-4
12270,-4
12271,0
12272,0
12273,0
12274,0
12275,-20
12276,0
12277,0
12278,8
12279,0
12280,0
12281,-14
12282,0
12283,-4
12284,0
12285,-4
12286,0
12287,-22
12288,-4
12289,-4
12290,16
12291,-4
12292,0
12293,0
12294,0
12295,0
12296,0
12297,-4
12298,-8
12299,0
12300,0
12301,0
12302,2
12303,0
12304,0
12305,0
12306,0
12307,4
12308,0
12309,6
12310,0
12311,-10
12312,0
12313,0
12314,4
12315,-4
12316,0
12317,0
12318,0
12319,0
12320,0
12321,0
12322,6
12323,2
12324,0
12325,10
12326,0
12327,0
12328,2
12329,2
12330,0
12331,6
12332,-4
12333,2
12334,-4
12335,-14
12336,-4
12337,0
12338,0
12339,6
12340,0
12341,0
12342,0
12343,-4
12344,-4
12345,0
12346,-4
12347,0
12348,2
12349,0
12350,0
12351,0
12352,0
12353,-4
12354,-4
12355,-4
12356,0
12357,-4
12358,0
12359,-8
12360,-4
12361,0
12362,0
12363,-4
12364,0
12365,0
12366,-4
12367,-4
12368,0
12369,0
12370,-4
12371,-4
12372,-8
12373,0
12374,-8
12375,0
12376,0
12377,0
12378,0
12379,0
12380,-4
12381,0
12382,-4
12383,-4
12384,0
12385,-4
12386,-8
12387,0
12388,0
12389,4
12390,0
12391,0
12392,0
12393,0
12394,-4
12395,2
12396,2
12397,0
12398,18
12399,0
12400,-4
12401,6
12402,0
12403,0
12404,0
12405,0
12406,0
12407,0
12408,0
12409,-4
12410,0
12411,-4
12412,0
12413,0
12414,0
12415,0
12416,0
12417,2
12418,4
12419,6
12420,0
12421,0
12422,-4
12423,4
12424,-22
12425,2
12426,0
12427,10
12428,0
12429,-4
12430,0
12431,0
12432,0
12433,-8
12434,0
12435,0
12436,0
12437,0
12438,0
12439,0
12440,0
12441,8
12442,0
12443,-4
12444,6
12445,0
12446,2
12447,0
12448,0
12449,0
12450,-4
12451,0
12452,0
12453,0
12454,-4
12455,0
12456,-4
12457,0
12458,0
12459,0
12460,0
12461,-4
12462,-4
12463,-4
12464,-4
12465,0
12466,-4
12467,-4
12468,0
12469,-8
12470,-4
12471,0
12472,-4
12473,0
12474,0
12475,0
12476,10
12477,-4
12478,-4
12479,4
12480,0
12481,-4
12482,4
12483,0
12484,0
12485,0
12486,-4
12487,0
12488,0
12489,-4
12490,0
12491,0
12492,0
12493,0
12494,-4
12495,0
12496,0
12497,2
12498,4
12499,4
12500,0
12501,-4
12502,0
12503,4
12504,4
12505,0
12506,0
12507,0
12508,4
12509,0
12510,2
12511,0
12512,0
12513,-4
12514,4
12515,-12
12516,-4
12517,0
12518,6
12519,0
12520,0
12521,0
12522,0
12523,8
12524,0
12525,-4
12526,14
12527,-4
12528,0
12529,6
12530,4
12531,4
12532,10
12533,-4
12534,0
12535,0
12536,6
12537,0
12538,-4
12539,0
12540,0
12541,0
12542,6
12543,0
12544,0
12545,0
12546,14
12547,-4
12548,6
12549,0
12550,2
12551,-4
12552,2
12553,-4
12554,0
12555,-4
12556,0
12557,-4
12558,-4
12559,-4
12560,0
12561,0
12562,0
12563,-4
12564,-4
12565,-4
12566,-4
12567,-4
12568,0
12569,-4
12570,-4
12571,-14
12572,0
12573,0
12574,0
12575,-4
12576,-4
12577,-4
12578,-8
12579,0
12580,0
12581,-16
12582,-4
12583,0
12584,-4
12585,0
12586,-4
12587,0
12588,0
12589,0
12590,-14
12591,-4
12592,0
12593,16
12594,0
12595,-8
12596,0
12597,0
12598,0
12599,2
12600,2
12601,-4
12602,0
12603,0
12604,0
12605,0
12606,2
12607,0
12608,0
12609,2
12610,-4
12611,0
12612,-8
12613,4
12614,0
12615,0
12616,8
12617,0
12618,4
12619,2
12620,0
12621,0
12622,-8
12623,4
12624,0
12625,2
12626,-4
12627,-4
12628,0
12629,-4
12630,0
12631,-6
12632,0
12633,0
12634,0
12635,4
12636,0
12637,0
12638,0
12639,0
12640,0
12641,0
12642,0
12643,0
12644,2
12645,0
12646,-4
12647,-4
12648,6
12649,0
12650,0
12651,-4
12652,0
12653,0
12654,0
12655,0
12656,0
12657,0
12658,0
12659,0
12660,0
12661,0
12662,-4
12663,0
12664,0
12665,-4
12666,2
12667,-4
12668,-6
12669,4
12670,-4
12671,0
12672,4
12673,-4
12674,0
12675,-4
12676,0
12677,0
12678,-4
12679,0
12680,0
12681,0
12682,0
12683,0
12684,4
12685,18
12686,-4
12687,0
12688,-4
12689,6
12690,0
12691,2
12692,0
12693,0
12694,-12
12695,0
12696,0
12697,6
12698,-4
12699,0
12700,2
12701,0
12702,-4
12703,0
12704,0
12705,2
12706,4
12707,0
12708,-4
12709,0
12710,0
12711,0
12712,-4
12713,2
12714,-4
12715,0
12716,2
12717,24
12718,0
12719,-4
12720,0
12721,0
12722,-4
12723,0
12724,0
12725,4
12726,0
12727,10
12728,4
12729,0
12730,-8
12731,0
12732,0
12733,-4
12734,-8
12735,-4
12736,-4
12737,14
12738,0
12739,8
12740,-4
12741,0
12742,0
12743,0
12744,10
12745,-4
12746,6
12747,8
12748,8
12749,0
12750,-4
12751,0
12752,-4
12753,-4
12754,-4
12755,0
12756,0
12757,0
12758,0
12759,-32
12760,0
12761,-4
12762,0
12763,-4
12764,0
12765,4
12766,-4
12767,-4
12768,-4
12769,-4
12770,-4
12771,-4
12772,-4
12773,-4
12774,-4
12775,0
12776,-4
12777,-4
12778,-4
12779,0
12780,6
12781,2
12782,-4
12783,-4
12784,-14
12785,0
12786,0
12787,10
12788,0
12789,0
12790,-4
12791,0
12792,0
12793,4
12794,2
12795,0
12796,0
12797,-4
12798,0
12799,2
12800,-4
12801,0
12802,0
12803,0
12804,0
12805,2
12806,0
12807,16
12808,0
12809,0
12810,10
12811,-4
12812,0
12813,6
12814,0
12815,2
12816,0
12817,0
12818,6
12819,6
12820,-4
12821,10
12822,0
12823,0
12824,2
12825,8
12826,0
12827,0
12828,0
12829,-20
12830,0
12831,0
12832,4
12833,0
12834,0
12835,6
12836,8
12837,0
12838,6
12839,0
12840,0
12841,0
12842,-16
12843,0
12844,2
12845,6
12846,-4
12847,-4
12848,0
12849,4
12850,0
12851,-6
12852,0
12853,0
12854,-4
12855,0
12856,-4
12857,-4
12858,-6
12859,-4
12860,0
12861,-4
12862,-4
12863,0
12864,-4
12865,0
12866,-4
12867,0
12868,-4
12869,-4
12870,-4
12871,-4
12872,-4
12873,-16
12874,-4
12875,-4
12876,0
12877,0
12878,0
12879,-4
12880,0
12881,0
12882,-10
12883,0
12884,0
12885,0
12886,-6
12887,0
12888,4
12889,0
12890,0
12891,-10
12892,6
12893,-4
12894,-4
12895,0
12896,0
12897,0
12898,0
12899,-4
12900,0
12901,-4
12902,0
12903,0
12904,0
12905,2
12906,0
12907,0
12908,18
12909,0
12910,22
12911,-6
12912,-4
12913,4
12914,6
12915,4
12916,4
12917,4
12918,-4
12919,0
12920,0
12921,4
12922,-4
12923,0
12924,2
12925,0
12926,0
12927,0
12928,14
12929,0
12930,0
12931,0
12932,0
12933,4
12934,0
12935,14
12936,0
12937,2
12938,0
12939,0
12940,0
12941,0
12942,-4
12943,0
12944,0
12945,-14
12946,-4
12947,0
12948,-4
12949,-4
12950,0
12951,0
12952,-10
12953,-4
12954,-6
12955,-4
12956,-4
12957,-4
12958,0
12959,0
12960,-4
12961,-4
12962,-4
12963,-4
12964,0
12965,0
12966,-4
12967,-8
12968,-4
12969,-4
12970,0
12971,0
12972,0
12973,4
12974,0
12975,-4
12976,2
12977,0
12978,4
12979,0
12980,0
12981,-8
12982,-4
12983,0
12984,0
12985,22
12986,0
12987,0
12988,0
12989,-4
12990,0
12991,0
12992,0
12993,0
12994,0
12995,0
12996,18
12997,0
12998,0
12999,-8
13000,0
13001,0
13002,0
13003,0
13004,0
13005,4
13006,0
13007,0
13008,4
13009,0
13010,0
13011,0
13012,0
13013,0
13014,0
13015,2
13016,2
13017,10
13018,6
13019,0
13020,14
13021,0
13022,0
13023,14
13024,0
13025,0
13026,24
13027,0
13028,-4
13029,6
13030,6
13031,0
13032,6
13033,14
13034,0
13035,-4
13036,-4
13037,4
13038,-4
13039,0
13040,-4
13041,4
13042,0
13043,0
13044,0
13045,-4
13046,-4
13047,14
13048,0
13049,0
13050,0
13051,0
13052,0
13053,0
13054,2
13055,-4
13056,0
13057,8
13058,-4
13059,0
13060,-4
13061,-4
13062,-4
13063,-4
13064,-4
13065,-4
13066,6
13067,0
13068,-4
13069,-4
13070,-4
13071,0
13072,0
13073,0
13074,-4
13075,-4
13076,0
13077,-4
13078,-4
13079,-6
13080,-6
13081,-4
13082,0
13083,2
13084,-4
13085,-4
13086,-4
13087,0
13088,-16
13089,0
13090,0
13091,0
13092,0
13093,0
13094,0
13095,-8
13096,4
13097,0
13098,2
13099,0
13100,6
13101,0
13102,6
13103,0
13104,0
13105,0
13106,2
13107,-4
13108,0
13109,6
13110,0
13111,0
13112,-6
13113,0
13114,0
13115,0
13116,0
13117,0
13118,4
13119,0
13120,-4
13121,0
13122,0
13123,8
13124,0
13125,0
13126,0
13127,0
13128,-4
13129,-8
13130,0
13131,-4
13132,8
13133,0
13134,-4
13135,-4
13136,0
13137,0
13138,4
13139,0
13140,0
13141,0
13142,-14
13143,0
13144,4
13145,6
13146,0
13147,0
13148,-4
13149,0
13150,0
13151,-4
13152,-4
13153,0
13154,0
13155,0
13156,0
13157,-44
13158,-4
13159,2
13160,-4
13161,0
13162,6
13163,0
13164,-4
13165,0
13166,-4
13167,-4
13168,-4
13169,-4
13170,-22
13171,0
13172,-4
13173,-4
13174,-4
13175,24
13176,-4
13177,-4
13178,24
13179,-4
13180,0
13181,-10
13182,-4
13183,-4
13184,-4
13185,0
13186,-4
13187,0
13188,-4
13189,0
13190,-4
13191,0
13192,0
13193,-4
13194,0
13195,0
13196,0
13197,0
13198,0
13199,2
13200,0
13201,0
13202,2
13203,0
13204,4
13205,0
13206,0
13207,-4
13208,0
13209,8
13210,0
13211,4
13212,0
13213,0
13214,0
13215,0
13216,6
13217,4
13218,0
13219,-4
13220,-4
13221,-4
13222,0
13223,0
13224,4
13225,0
13226,0
13227,0
13228,10
13229,0
13230,-4
13231,10
13232,2
13233,0
13234,0
13235,-8
13236,-4
13237,0
13238,-4
13239,-4
13240,0
13241,-4
13242,-4
13243,0
13244,0
13245,4
13246,0
13247,0
13248,0
13249,-4
13250,0
13251,-4
13252,-4
13253,6
13254,0
13255,0
13256,-4
13257,-4
13258,0
13259,-4
13260,-4
13261,-4
13262,-6
13263,-4
13264,6
13265,0
13266,0
13267,-4
13268,-4
13269,-4
13270,0
13271,-4
13272,0
13273,-4
13274,0
13275,-10
13276,-4
13277,-4
13278,-4
13279,0
13280,-4
13281,0
13282,-4
13283,-14
13284,0
13285,-4
13286,-4
13287,0
13288,0
13289,0
13290,-4
13291,0
13292,2
13293,-4
13294,0
13295,0
13296,0
13297,0
13298,0
13299,0
13300,-14
13301,-4
13302,0
13303,0
13304,0
13305,0
13306,0
13307,6
13308,4
13309,4
13310,0
13311,0
13312,0
13313,6
13314,0
13315,8
13316,4
13317,0
13318,6
13319,0
13320,6
13321,0
13322,0
13323,0
13324,-4
13325,0
13326,0
13327,0
13328,-4
13329,-14
13330,0
13331,0
13332,0
13333,-4
13334,10
13335,0
13336,0
13337,0
13338,-4
13339,0
13340,0
13341,-6
13342,-8
13343,-4
13344,0
13345,0
13346,0
13347,-4
13348,-4
13349,-4
13350,0
13351,-4
13352,0
13353,-4
13354,0
13355,-4
13356,-4
13357,0
13358,-4
13359,0
13360,-4
13361,-4
13362,-4
13363,-4
13364,-16
13365,4
13366,-4
13367,0
13368,0
13369,-4
13370,-4
13371,-4
13372,-4
13373,0
13374,-4
13375,0
13376,0
13377,0
13378,-4
13379,-6
13380,-4
13381,-4
13382,8
13383,-4
13384,-4
13385,-4
13386,6
13387,0
13388,-4
13389,0
13390,0
13391,0
13392,2
13393,0
13394,10
13395,-4
13396,6
13397,0
13398,-4
13399,0
13400,0
13401,-4
13402,6
13403,2
13404,6
13405,0
13406,0
13407,0
13408,0
13409,2
13410,2
13411,-4
13412,0
13413,2
13414,0
13415,0
13416,-8
13417,-4
13418,0
13419,-4
13420,0
13421,0
13422,6
13423,-4
13424,0
13425,0
13426,0
13427,10
13428,2
13429,0
13430,0
13431,10
13432,0
13433,0
13434,0
13435,-8
13436,-4
13437,0
13438,-4
13439,0
13440,0
13441,0
13442,0
13443,0
13444,-4
13445,0
13446,0
13447,-4
13448,0
13449,0
13450,-4
13451,0
13452,0
13453,-4
13454,-4
13455,-4
13456,-4
13457,-4
13458,0
13459,-4
13460,6
13461,4
13462,0
13463,-4
13464,0
13465,0
13466,0
13467,-4
13468,-4
13469,-8
13470,0
13471,0
13472,-4
13473,-4
13474,-4
13475,0
13476,-4
13477,4
13478,-6
13479,-4
13480,-8
13481,-4
13482,-4
13483,0
13484,2
13485,0
13486,0
13487,-14
13488,0
13489,10
13490,-4
13491,2
13492,0
13493,0
13494,0
13495,0
13496,0
13497,0
13498,0
13499,-4
13500,-4
13501,0
13502,0
13503,0
13504,2
13505,0
13506,0
13507,0
13508,0
13509,0
13510,0
13511,0
13512,6
13513,0
13514,0
13515,0
13516,0
13517,10
13518,4
13519,6
13520,0
13521,-8
13522,0
13523,0
13524,2
13525,0
13526,0
13527,0
13528,6
13529,-4
13530,4
13531,0
13532,-4
13533,0
13534,-4
13535,-8
13536,0
13537,0
13538,0
13539,0
13540,0
13541,-14
13542,0
13543,-8
13544,0
13545,-4
13546,-4
13547,0
13548,0
13549,-4
13550,-4
13551,0
13552,0
13553,0
13554,-6
13555,-4
13556,-4
13557,-4
13558,8
13559,-4
13560,-4
13561,-4
13562,-4
13563,0
13564,-4
13565,-4
13566,-4
13567,-6
13568,-8
13569,0
13570,-4
13571,-4
13572,-4
13573,6
13574,-4
13575,-4
13576,-4
13577,-4
13578,0
13579,-4
13580,0
13581,-6
13582,-4
13583,-4
13584,0
13585,-4
13586,0
13587,-4
13588,0
13589,0
13590,0
13591,0
13592,2
13593,-8
13594,0
13595,0
13596,0
13597,6
13598,4
13599,0
13600,6
13601,10
13602,-4
13603,0
13604,0
13605,2
13606,0
13607,0
13608,0
13609,0
13610,10
13611,0
13612,-4
13613,0
13614,-4
13615,0
13616,2
13617,4
13618,6
13619,2
13620,4
13621,0
13622,22
13623,2
13624,-22
13625,0
13626,0
13627,20
13628,0
13629,-4
13630,10
13631,0
13632,2
13633,0
13634,0
13635,6
13636,-4
13637,0
13638,0
13639,-8
13640,0
13641,0
13642,0
13643,2
13644,0
13645,0
13646,0
13647,-16
13648,6
13649,0
13650,0
13651,-4
13652,6
13653,0
13654,-6
13655,-4
13656,-4
13657,0
13658,-4
13659,2
13660,0
13661,0
13662,0
13663,-4
13664,-6
13665,-4
13666,0
13667,0
13668,-4
13669,-4
13670,0
13671,0
13672,0
13673,0
13674,0
13675,-4
13676,-4
13677,0
13678,-4
13679,0
13680,0
13681,0
13682,-4
13683,-4
13684,-4
13685,0
13686,-4
13687,10
13688,0
13689,0
13690,0
13691,0
13692,0
13693,0
13694,4
13695,4
13696,0
13697,0
13698,0
13699,0
13700,0
13701,0
13702,0
13703,0
13704,4
13705,0
13706,4
13707,0
13708,0
13709,0
13710,0
13711,4
13712,-4
13713,0
13714,6
13715,8
13716,0
13717,4
13718,4
13719,0
13720,0
13721,0
13722,0
13723,0
13724,2
13725,0
13726,4
13727,-16
13728,0
13729,0
13730,-4
13731,-8
13732,0
13733,-4
13734,2
13735,2
13736,4
13737,0
13738,0
13739,0
13740,0
13741,0
13742,0
13743,0
13744,0
13745,-6
13746,0
13747,0
13748,-4
13749,6
13750,0
13751,-4
13752,0
13753,-4
13754,0
13755,-4
13756,0
13757,0
13758,0
13759,0
13760,0
13761,-4
13762,0
13763,-4
13764,0
13765,0
13766,0
13767,0
13768,0
13769,0
13770,10
13771,18
13772,-4
13773,-4
13774,-4
13775,0
13776,0
13777,20
13778,0
13779,0
13780,8
13781,0
13782,0
13783,4
13784,0
13785,0
13786,6
13787,0
13788,0
13789,0
13790,0
13791,0
13792,0
13793,0
13794,0
13795,0
13796,6
13797,0
13798,0
13799,0
13800,0
13801,0
13802,0
13803,0
13804,0
13805,4
13806,4
13807,4
13808,0
13809,0
13810,0
13811,0
13812,0
13813,2
13814,14
13815,10
13816,0
13817,0
13818,2
13819,0
13820,10
13821,2
13822,0
13823,0
13824,0
13825,0
13826,0
13827,0
13828,-8
13829,0
13830,0
13831,-14
13832,4
13833,0
13834,0
13835,-14
13836,0
13837,-4
13838,6
13839,0
13840,0
13841,6
13842,0
13843,0
13844,-4
13845,0
13846,-6
13847,0
13848,0
13849,0
13850,0
13851,2
13852,2
13853,0
13854,-4
13855,-4
13856,6
13857,-4
13858,-4
13859,0
13860,-4
13861,-4
13862,-4
13863,-8
13864,-4
13865,4
13866,-14
13867,0
13868,-4
13869,-8
13870,-4
13871,-16
13872,-4
13873,-4
13874,-4
13875,-16
13876,0
13877,0
13878,-4
13879,14
13880,-4
13881,-4
13882,0
13883,6
13884,-4
13885,2
13886,0
13887,-4
13888,0
13889,6
13890,0
13891,0
13892,10
13893,-14
13894,0
13895,0
13896,0
13897,0
13898,-4
13899,0
13900,-4
13901,4
13902,0
13903,6
13904,4
13905,0
13906,0
13907,0
13908,2
13909,0
13910,0
13911,0
13912,0
13913,-6
13914,2
13915,2
13916,0
13917,10
13918,6
13919,-12
13920,0
13921,0
13922,-14
13923,0
13924,-14
13925,0
13926,0
13927,14
13928,0
13929,0
13930,-4
13931,0
13932,2
13933,-4
13934,-4
13935,-14
13936,4
13937,0
13938,-8
13939,2
13940,-4
13941,6
13942,0
13943,0
13944,0
13945,0
13946,-4
13947,0
13948,0
13949,-4
13950,0
13951,8
13952,-4
13953,0
13954,-4
13955,0
13956,0
13957,0
13958,-4
13959,0
13960,0
13961,0
13962,0
13963,4
13964,-4
13965,0
13966,0
13967,-4
13968,-4
13969,6
13970,-4
13971,0
13972,-4
13973,0
13974,0
13975,0
13976,6
13977,0
13978,-6
13979,-6
13980,-4
13981,-4
13982,-4
13983,2
13984,0
13985,0
13986,-4
13987,0
13988,4
13989,0
13990,10
13991,-4
13992,0
13993,0
13994,-4
13995,0
13996,0
13997,0
13998,0
13999,0
14000,-4
14001,-10
14002,0
14003,0
14004,0
14005,0
14006,0
14007,2
14008,4
14009,2
14010,0
14011,0
14012,0
14013,-12
14014,0
14015,0
14016,0
14017,0
14018,0
14019,0
14020,0
14021,0
14022,6
14023,6
14024,0
14025,6
14026,0
14027,0
14028,-8
14029,0
14030,2
14031,6
14032,14
14033,0
14034,0
14035,0
14036,0
14037,0
14038,14
14039,0
14040,0
14041,2
14042,0
14043,0
14044,-4
14045,-4
14046,-4
14047,0
14048,0
14049,-4
14050,0
14051,0
14052,0
14053,0
14054,0
14055,-4
14056,-4
14057,0
14058,-4
14059,0
14060,-4
14061,0
14062,-4
14063,-4
14064,-4
14065,0
14066,-4
14067,-16
14068,-4
14069,-4
14070,-4
14071,-4
14072,0
14073,2
14074,-4
14075,0
14076,-4
14077,-4
14078,-4
14079,0
14080,-4
14081,-4
14082,0
14083,0
14084,-4
14085,6
14086,-4
14087,-4
14088,0
14089,0
14090,0
14091,4
14092,0
14093,2
14094,-14
14095,0
14096,-4
14097,0
14098,2
14099,2
14100,0
14101,4
14102,-4
14103,0
14104,2
14105,4
14106,2
14107,0
14108,0
14109,4
14110,0
14111,0
14112,0
14113,6
14114,0
14115,2
14116,0
14117,0
14118,6
14119,0
14120,0
14121,2
14122,0
14123,0
14124,0
14125,0
14126,0
14127,0
14128,-4
14129,-4
14130,4
14131,-20
14132,0
14133,-4
14134,-8
14135,-4
14136,0
14137,4
14138,-4
14139,0
14140,0
14141,10
14142,-4
14143,-4
14144,-4
14145,0
14146,4
14147,-4
14148,0
14149,0
14150,-4
14151,6
14152,-4
14153,0
14154,0
14155,0
14156,-4
14157,-4
14158,0
14159,-4
14160,0
14161,-4
14162,-4
14163,-8
14164,-4
14165,-4
14166,-4
14167,-4
14168,2
14169,0
14170,0
14171,-4
14172,0
14173,0
14174,-4
14175,-4
14176,-4
14177,-16
14178,0
14179,2
14180,-6
14181,-4
14182,0
14183,-14
14184,-4
14185,4
14186,0
14187,0
14188,0
14189,0
14190,0
14191,-4
14192,0
14193,0
14194,2
14195,-4
14196,2
14197,-4
14198,0
14199,0
14200,0
14201,0
14202,0
14203,0
14204,0
14205,0
14206,4
14207,0
14208,0
14209,6
14210,0
14211,6
14212,2
14213,-4
14214,2
14215,0
14216,0
14217,2
14218,4
14219,0
14220,-12
14221,22
14222,-4
14223,0
14224,10
14225,0
14226,6
14227,6
14228,4
14229,0
14230,4
14231,0
14232,4
14233,2
14234,2
14235,0
14236,0
14237,10
14238,0
14239,-8
14240,0
14241,2
14242,-10
14243,-14
14244,0
14245,0
14246,0
14247,0
14248,0
14249,0
14250,0
14251,0
14252,0
14253,0
14254,-4
14255,4
14256,0
14257,-4
14258,-4
14259,-4
14260,0
14261,-4
14262,0
14263,-4
14264,-4
14265,0
14266,0
14267,-4
14268,0
14269,-4
14270,0
14271,-4
14272,4
14273,-4
14274,8
14275,0
14276,-4
14277,-4
14278,-4
14279,0
14280,4
14281,-6
14282,0
14283,0
14284,4
14285,0
14286,0
14287,0
14288,0
14289,0
14290,0
14291,0
14292,0
14293,2
14294,-18
14295,2
14296,0
14297,0
14298,-4
14299,0
14300,0
14301,6
14302,-4
14303,-8
14304,0
14305,0
14306,0
14307,4
14308,2
14309,6
14310,0
14311,6
14312,10
14313,0
14314,14
14315,0
14316,10
14317,0
14318,4
14319,-6
14320,4
14321,0
14322,0
14323,-4
14324,0
14325,0
14326,-14
14327,2
14328,0
14329,-4
14330,0
14331,6
14332,6
14333,10
14334,0
14335,0
14336,-4
14337,2
14338,0
14339,4
14340,0
14341,2
14342,10
14343,14
14344,0
14345,-4
14346,-8
14347,0
14348,0
14349,2
14350,0
14351,-8
14352,0
14353,2
14354,0
14355,0
14356,0
14357,0
14358,0
14359,-4
14360,0
14361,0
14362,-6
14363,6
14364,-4
14365,0
14366,0
14367,2
14368,-8
14369,-4
14370,-4
14371,-4
14372,0
14373,-4
14374,4
14375,-4
14376,-4
14377,4
14378,0
14379,-4
14380,-4
14381,-4
14382,0
14383,0
14384,0
14385,0
14386,0
14387,-4
14388,0
14389,-4
14390,2
14391,-4
14392,0
14393,0
14394,0
14395,0
14396,0
14397,-4
14398,0
14399,0
14400,0
14401,0
14402,2
14403,0
14404,0
14405,0
14406,0
14407,0
14408,0
14409,0
14410,4
14411,2
14412,2
14413,-6
14414,0
14415,0
14416,0
14417,-4
14418,0
14419,0
14420,4
14421,-4
14422,0
14423,4
14424,-4
14425,0
14426,-4
14427,2
14428,0
14429,2
14430,0
14431,-20
14432,0
14433,0
14434,-4
14435,-4
14436,0
14437,0
14438,0
14439,0
14440,0
14441,-4
14442,0
14443,0
14444,0
14445,6
14446,0
14447,10
14448,-4
14449,0
14450,6
14451,0
14452,-4
14453,0
14454,0
14455,-4
14456,-4
14457,0
14458,-4
14459,0
14460,-4
14461,-4
14462,0
14463,0
14464,0
14465,0
14466,-4
14467,-6
14468,-4
14469,-4
14470,0
14471,-6
14472,0
14473,16
14474,-4
14475,0
14476,-4
14477,-4
14478,0
14479,-22
14480,0
14481,-4
14482,0
14483,0
14484,-8
14485,-4
14486,0
14487,-4
14488,0
14489,-4
14490,0
14491,0
14492,0
14493,-4
14494,-4
14495,0
14496,-4
14497,0
14498,0
14499,0
14500,0
14501,4
14502,0
14503,0
14504,0
14505,4
14506,-4
14507,0
14508,0
14509,0
14510,4
14511,4
14512,0
14513,6
14514,0
14515,2
14516,0
14517,4
14518,4
14519,4
14520,0
14521,6
14522,0
14523,0
14524,2
14525,0
14526,0
14527,4
14528,-10
14529,4
14530,4
14531,-12
14532,0
14533,0
14534,0
14535,2
14536,0
14537,0
14538,4
14539,0
14540,-8
14541,-4
14542,0
14543,0
14544,0
14545,0
14546,-4
14547,0
14548,-4
14549,0
14550,-4
14551,0
14552,0
14553,0
14554,0
14555,0
14556,0
14557,-4
14558,-12
14559,-4
14560,-4
14561,0
14562,-4
14563,8
14564,0
14565,-6
14566,-4
14567,0
14568,0
14569,-4
14570,-4
14571,0
14572,-4
14573,-4
14574,14
14575,-4
14576,6
14577,0
14578,0
14579,-4
14580,-4
14581,-4
14582,0
14583,-4
14584,0
14585,-4
14586,-14
14587,-4
14588,0
14589,0
14590,0
14591,-4
14592,0
14593,0
14594,0
14595,0
14596,0
14597,0
14598,0
14599,0
14600,-4
14601,2
14602,4
14603,2
14604,0
14605,0
14606,0
14607,2
14608,-4
14609,2
14610,6
14611,0
14612,0
14613,10
14614,0
14615,0
14616,0
14617,0
14618,-10
14619,2
14620,14
14621,0
14622,10
14623,0
14624,0
14625,4
14626,2
14627,0
14628,0
14629,-16
14630,0
14631,-4
14632,-8
14633,2
14634,-4
14635,-4
14636,-4
14637,0
14638,6
14639,0
14640,-4
14641,4
14642,-4
14643,-4
14644,0
14645,0
14646,-6
14647,-4
14648,-4
14649,0
14650,-4
14651,4
14652,0
14653,-4
14654,0
14655,0
14656,-4
14657,0
14658,-8
14659,0
14660,-6
14661,-4
14662,-4
14663,-4
14664,-4
14665,-4
14666,0
14667,-4
14668,-4
14669,0
14670,-4
14671,-4
14672,-4
14673,-4
14674,-4
14675,-4
14676,0
14677,-4
14678,-8
14679,-4
14680,0
14681,0
14682,-4
14683,0
14684,2
14685,0
14686,0
14687,-4
14688,0
14689,-4
14690,0
14691,-4
14692,0
14693,0
14694,0
14695,6
14696,-4
14697,0
14698,0
14699,2
14700,6
14701,0
14702,0
14703,-4
14704,0
14705,2
14706,0
14707,0
14708,0
14709,-4
14710,0
14711,4
14712,0
14713,0
14714,0
14715,-4
14716,6
14717,0
14718,4
14719,0
14720,6
14721,0
14722,0
14723,-14
14724,2
14725,-8
14726,0
14727,0
14728,-14
14729,0
14730,0
14731,-14
14732,0
14733,0
14734,-8
14735,0
14736,-4
14737,-4
14738,0
14739,0
14740,0
14741,0
14742,0
14743,0
14744,0
14745,-4
14746,0
14747,6
14748,-4
14749,0
14750,0
14751,-4
14752,0
14753,4
14754,-4
14755,0
14756,-4
14757,-4
14758,-4
14759,-4
14760,-4
14761,-4
14762,-4
14763,-4
14764,0
14765,-4
14766,0
14767,-4
14768,-6
14769,-4
14770,2
14771,0
14772,-4
14773,4
14774,-4
14775,-4
14776,-4
14777,-4
14778,-4
14779,0
14780,0
14781,-4
14782,0
14783,0
14784,-4
14785,-4
14786,0
14787,-24
14788,2
14789,0
14790,0
14791,0
14792,6
14793,0
14794,0
14795,0
14796,0
14797,0
14798,0
14799,22
14800,0
14801,0
14802,-4
14803,0
14804,0
14805,2
14806,0
14807,0
14808,0
14809,0
14810,2
14811,0
14812,0
14813,0
14814,-4
14815,-10
14816,2
14817,0
14818,0
14819,0
14820,6
14821,0
14822,0
14823,0
14824,0
14825,0
14826,0
14827,-22
14828,2
14829,0
14830,14
14831,0
14832,-4
14833,2
14834,-4
14835,0
14836,0
14837,-16
14838,2
14839,14
14840,0
14841,-4
14842,-4
14843,0
14844,0
14845,-14
14846,0
14847,0
14848,-4
14849,0
14850,-4
14851,-4
14852,-4
14853,-4
14854,0
14855,-4
14856,0
14857,0
14858,-4
14859,-4
14860,-4
14861,0
14862,-4
14863,0
14864,8
14865,6
14866,8
14867,-4
14868,-4
14869,-4
14870,-4
14871,-4
14872,0
14873,0
14874,-12
14875,0
14876,-4
14877,-4
14878,-4
14879,-8
14880,0
14881,6
14882,-10
14883,-4
14884,0
14885,-4
14886,0
14887,-4
14888,-4
14889,-4
14890,22
14891,0
14892,-4
14893,0
14894,0
14895,0
14896,-4
14897,0
14898,0
14899,2
14900,0
14901,0
14902,0
14903,-4
14904,-4
14905,0
14906,0
14907,0
14908,0
14909,0
14910,0
14911,4
14912,2
14913,0
14914,0
14915,0
14916,0
14917,6
14918,0
14919,2
14920,8
14921,-4
14922,10
14923,0
14924,0
14925,0
14926,-4
14927,0
14928,4
14929,18
14930,0
14931,2
14932,0
14933,-4
14934,4
14935,-4
14936,-22
14937,0
14938,-4
14939,0
14940,0
14941,0
14942,0
14943,0
14944,-10
14945,-4
14946,0
14947,0
14948,-16
14949,-4
14950,6
14951,0
14952,10
14953,-4
14954,0
14955,-4
14956,2
14957,4
14958,-4
14959,0
14960,-4
14961,-4
14962,0
14963,0
14964,18
14965,0
14966,-4
14967,6
14968,-4
14969,0
14970,0
14971,-22
14972,0
14973,0
14974,-4
14975,-4
14976,-4
14977,0
14978,-4
14979,-4
14980,0
14981,-8
14982,0
14983,0
14984,0
14985,-4
14986,0
14987,0
14988,0
14989,0
14990,0
14991,0
14992,0
14993,-4
14994,0
14995,-4
14996,0
14997,0
14998,2
14999,-4
15000,0
15001,6
15002,0
15003,0
15004,-6
15005,2
15006,4
15007,0
15008,0
15009,4
15010,2
15011,-4
15012,-6
15013,0
15014,0
15015,0
15016,0
15017,0
15018,2
15019,0
15020,-4
15021,0
15022,-4
15023,0
15024,0
15025,-8
15026,0
15027,0
15028,6
15029,0
15030,4
15031,-14
15032,-4
15033,4
15034,14
15035,0
15036,0
15037,2
15038,0
15039,0
15040,0
15041,0
15042,0
15043,0
15044,0
15045,0
15046,4
15047,0
15048,0
15049,-4
15050,0
15051,-4
15052,-4
15053,2
15054,-4
15055,-4
15056,0
15057,0
15058,0
15059,-4
15060,0
15061,-8
15062,-30
15063,0
15064,0
15065,0
15066,0
15067,0
15068,0
15069,-4
15070,-4
15071,-4
15072,0
15073,2
15074,-4
15075,-4
15076,0
15077,-4
15078,-4
15079,4
15080,-4
15081,-4
15082,0
15083,-10
15084,-4
15085,0
15086,4
15087,-4
15088,2
15089,8
15090,-4
15091,0
15092,-4
15093,-4
15094,0
15095,-6
15096,4
15097,4
15098,0
15099,0
15100,6
15101,6
15102,0
15103,0
15104,2
15105,0
15106,0
15107,0
15108,4
15109,4
15110,2
15111,6
15112,-6
15113,-8
15114,0
15115,2
15116,0
15117,0
15118,4
15119,6
15120,0
15121,0
15122,0
15123,0
15124,0
15125,2
15126,0
15127,18
15128,0
15129,4
15130,0
15131,0
15132,0
15133,0
15134,0
15135,0
15136,-6
15137,0
15138,0
15139,16
15140,-4
15141,0
15142,-6
15143,0
15144,0
15145,4
15146,0
15147,-4
15148,-4
15149,-4
15150,0
15151,0
15152,-4
15153,0
15154,0
15155,-4
15156,0
15157,0
15158,-4
15159,-4
15160,-4
15161,-36
15162,0
15163,-10
15164,-4
15165,0
15166,-4
15167,-4
15168,0
15169,-6
15170,-4
15171,-4
15172,0
15173,-4
15174,-10
15175,-4
15176,-8
15177,0
15178,-4
15179,6
15180,-4
15181,0
15182,-4
15183,-4
15184,-4
15185,4
15186,-4
15187,-4
15188,4
15189,4
15190,6
15191,0
15192,0
15193,0
15194,0
15195,0
15196,-4
15197,2
15198,0
15199,4
15200,0
15201,0
15202,14
15203,-8
15204,4
15205,0
15206,2
15207,0
15208,0
15209,0
15210,0
15211,0
15212,0
15213,0
15214,6
15215,0
15216,-4
15217,0
15218,0
15219,2
15220,6
15221,0
15222,0
15223,0
15224,-14
15225,0
15226,10
15227,0
15228,0
15229,-10
15230,0
15231,-4
15232,-6
15233,-4
15234,-4
15235,0
15236,-4
15237,0
15238,0
15239,2
15240,0
15241,0
15242,-14
15243,0
15244,2
15245,24
15246,0
15247,-4
15248,-6
15249,0
15250,0
15251,4
15252,0
15253,0
15254,-4
15255,0
15256,0
15257,-4
15258,-4
15259,0
15260,-4
15261,-4
15262,-4
15263,-4
15264,0
15265,-4
15266,-4
15267,-4
15268,0
15269,-4
15270,0
15271,-4
15272,-4
15273,-4
15274,-4
15275,0
15276,-4
15277,-4
15278,-8
15279,0
15280,-4
15281,-4
15282,-4
15283,0
15284,-4
15285,-4
15286,0
15287,-4
15288,0
15289,0
15290,0
15291,-4
15292,0
15293,-4
15294,0
15295,-4
15296,0
15297,2
15298,0
15299,0
15300,0
15301,0
15302,2
15303,0
15304,2
15305,0
15306,0
15307,0
15308,4
15309,2
15310,0
15311,4
15312,0
15313,0
15314,-4
15315,6
15316,0
15317,14
15318,0
15319,0
15320,4
15321,0
15322,0
15323,-4
15324,0
15325,14
15326,0
15327,4
15328,0
15329,0
15330,0
15331,10
15332,0
15333,6
15334,4
15335,0
15336,0
15337,-4
15338,0
15339,0
15340,14
15341,-4
15342,0
15343,-4
15344,2
15345,0
15346,0
15347,0
15348,-8
15349,0
15350,2
15351,6
15352,0
15353,0
15354,0
15355,0
15356,4
15357,0
15358,0
15359,-4
15360,-4
15361,-4
15362,-4
15363,-6
15364,-4
15365,0
15366,-4
15367,6
15368,-4
15369,0
15370,-4
15371,-4
15372,-4
15373,-4
15374,-4
15375,-4
15376,0
15377,6
15378,0
15379,0
15380,14
15381,-4
15382,-4
15383,22
15384,-4
15385,0
15386,0
15387,0
15388,-4
15389,-4
15390,0
15391,0
15392,10
15393,6
15394,0
15395,24
15396,0
15397,-8
15398,0
15399,0
15400,0
15401,2
15402,0
15403,0
15404,0
15405,0
15406,0
15407,0
15408,0
15409,2
15410,-4
15411,0
15412,-4
15413,2
15414,-12
15415,0
15416,-4
15417,6
15418,6
15419,2
15420,0
15421,4
15422,0
15423,0
15424,0
15425,0
15426,0
15427,-4
15428,6
15429,6
15430,-4
15431,0
15432,-4
15433,-4
15434,-4
15435,0
15436,0
15437,0
15438,0
15439,2
15440,0
15441,0
15442,0
15443,0
15444,2
15445,0
15446,0
15447,0
15448,-8
15449,0
15450,0
15451,20
15452,0
15453,2
15454,0
15455,-4
15456,0
15457,-4
15458,-4
15459,0
15460,0
15461,-6
15462,-4
15463,22
15464,-4
15465,-4
15466,-8
15467,0
15468,-4
15469,-4
15470,0
15471,-8
15472,18
15473,-4
15474,0
15475,6
15476,-4
15477,0
15478,-4
15479,-4
15480,-4
15481,-8
15482,0
15483,-4
15484,8
15485,0
15486,-4
15487,0
15488,-4
15489,2
15490,0
15491,-4
15492,0
15493,0
15494,0
15495,0
15496,8
15497,0
15498,6
15499,0
15500,-4
15501,0
15502,0
15503,0
15504,-20
15505,4
15506,0
15507,0
15508,-4
15509,2
15510,4
15511,0
15512,-4
15513,0
15514,0
15515,0
15516,-4
15517,0
15518,6
15519,0
15520,0
15521,0
15522,-4
15523,4
15524,14
15525,0
15526,0
15527,0
15528,0
15529,0
15530,-4
15531,-8
15532,-4
15533,0
15534,0
15535,0
15536,0
15537,2
15538,-4
15539,-4
15540,0
15541,0
15542,-4
15543,0
15544,0
15545,0
15546,-12
15547,-4
15548,-4
15549,0
15550,4
15551,0
15552,0
15553,0
15554,0
15555,0
15556,2
15557,-4
15558,-4
15559,0
15560,-4
15561,-4
15562,0
15563,10
15564,-6
15565,6
15566,6
15567,0
15568,-4
15569,-4
15570,-6
15571,0
15572,-4
15573,-4
15574,-4
15575,-4
15576,0
15577,6
15578,-4
15579,0
15580,0
15581,0
15582,0
15583,-6
15584,0
15585,0
15586,-4
15587,-4
15588,0
15589,0
15590,-4
15591,0
15592,0
15593,0
15594,4
15595,0
15596,14
15597,0
15598,0
15599,-4
15600,-4
15601,-4
15602,0
15603,0
15604,0
15605,2
15606,0
15607,2
15608,0
15609,2
15610,0
15611,0
15612,6
15613,0
15614,0
15615,0
15616,0
15617,0
15618,0
15619,4
15620,0
15621,4
15622,14
15623,0
15624,0
15625,0
15626,-4
15627,-4
15628,6
15629,0
15630,2
15631,-4
15632,-22
15633,0
15634,-4
15635,0
15636,4
15637,0
15638,0
15639,2
15640,0
15641,0
15642,8
15643,-4
15644,0
15645,2
15646,0
15647,-4
15648,0
15649,0
15650,0
15651,0
15652,-4
15653,0
15654,0
15655,-4
15656,-4
15657,0
15658,0
15659,0
15660,-4
15661,-22
15662,-4
15663,0
15664,0
15665,-4
15666,-4
15667,-14
15668,-4
15669,-4
15670,4
15671,-4
15672,0
15673,-4
15674,0
15675,-4
15676,4
15677,-4
15678,0
15679,10
15680,0
15681,-8
15682,-4
15683,-4
15684,0
15685,0
15686,-4
15687,-4
15688,6
15689,0
15690,-8
15691,0
15692,0
15693,-14
15694,0
15695,0
15696,0
15697,-16
15698,0
15699,0
15700,4
15701,0
15702,0
15703,0
15704,0
15705,0
15706,0
15707,0
15708,0
15709,0
15710,4
15711,2
15712,-4
15713,10
15714,0
15715,10
15716,0
15717,-4
15718,0
15719,0
15720,-10
15721,4
15722,0
15723,18
15724,0
15725,-14
15726,4
15727,6
15728,-14
15729,4
15730,0
15731,4
15732,-8
15733,6
15734,0
15735,-4
15736,10
15737,0
15738,6
15739,-6
15740,2
15741,-14
15742,-4
15743,0
15744,0
15745,0
15746,-4
15747,0
15748,0
15749,0
15750,0
15751,-4
15752,0
15753,0
15754,0
15755,0
15756,0
15757,0
15758,0
15759,0
15760,-14
15761,-4
15762,0
15763,0
15764,-4
15765,-4
15766,-4
15767,-4
15768,0
15769,-4
15770,0
15771,-4
15772,-6
15773,-4
15774,0
15775,-4
15776,-4
15777,-4
15778,0
15779,-4
15780,0
15781,-4
15782,0
15783,-4
15784,-4
15785,0
15786,-8
15787,0
15788,0
15789,0
15790,0
15791,0
15792,0
15793,0
15794,0
15795,0
15796,6
15797,0
15798,2
15799,6
15800,6
15801,0
15802,4
15803,0
15804,0
15805,-20
15806,4
15807,0
15808,0
15809,0
15810,0
15811,0
15812,-14
15813,-8
15814,0
15815,10
15816,-14
15817,10
15818,4
15819,2
15820,18
15821,0
15822,0
15823,0
15824,-4
15825,4
15826,10
15827,0
15828,0
15829,18
15830,-4
15831,0
15832,-10
15833,4
15834,0
15835,-4
15836,-8
15837,-4
15838,-4
15839,14
15840,2
15841,0
15842,0
15843,-4
15844,0
15845,-4
15846,-8
15847,0
15848,0
15849,2
15850,0
15851,-14
15852,2
15853,-4
15854,0
15855,-8
15856,-4
15857,0
15858,0
15859,0
15860,-4
15861,0
15862,-4
15863,0
15864,-4
15865,-6
15866,-4
15867,18
15868,-4
15869,0
15870,-4
15871,0
15872,0
15873,-4
15874,-4
15875,-4
15876,-4
15877,0
15878,-8
15879,0
15880,-4
15881,-8
15882,-8
15883,0
15884,-4
15885,0
15886,4
15887,0
15888,0
15889,0
15890,10
15891,0
15892,-4
15893,0
15894,0
15895,0
15896,0
15897,4
15898,0
15899,2
15900,-4
15901,0
15902,2
15903,-4
15904,0
15905,0
15906,0
15907,0
15908,0
15909,0
15910,4
15911,0
15912,-4
15913,0
15914,6
15915,0
15916,0
15917,4
15918,0
15919,6
15920,0
15921,0
15922,-4
15923,0
15924,0
15925,-4
15926,2
15927,6
15928,14
15929,0
15930,0
15931,0
15932,-4
15933,-4
15934,6
15935,-4
15936,6
15937,0
15938,4
15939,0
15940,0
15941,0
15942,-4
15943,-4
15944,0
15945,0
15946,-14
15947,0
15948,0
15949,-6
15950,-4
15951,-4
15952,0
15953,0
15954,0
15955,-4
15956,0
15957,-4
15958,0
15959,-4
15960,0
15961,0
15962,-4
15963,0
15964,-22
15965,-4
15966,-4
15967,0
15968,0
15969,-4
15970,-4
15971,-4
15972,-4
15973,0
15974,-4
15975,-4
15976,-4
15977,-4
15978,0
15979,4
15980,-4
15981,0
15982,6
15983,0
15984,0
15985,-4
15986,6
15987,0
15988,0
15989,4
15990,0
15991,4
15992,0
15993,0
15994,0
15995,0
15996,0
15997,0
15998,4
15999,0
16000,0
16001,-4
16002,0
16003,0
16004,-4
16005,0
16006,0
16007,-4
16008,0
16009,4
16010,0
16011,6
16012,0
16013,0
16014,-8
16015,6
16016,0
16017,4
16018,0
16019,0
16020,0
16021,6
16022,14
16023,0
16024,0
16025,-16
16026,2
16027,8
16028,0
16029,0
16030,0
16031,0
16032,0
16033,0
16034,-12
16035,0
16036,-4
16037,-4
16038,0
16039,0
16040,-12
16041,0
16042,0
16043,14
16044,0
16045,14
16046,-4
16047,0
16048,-4
16049,0
16050,-4
16051,-4
16052,-4
16053,0
16054,0
16055,-4
16056,0
16057,-4
16058,-4
16059,0
16060,-4
16061,-4
16062,-4
16063,0
16064,-4
16065,-4
16066,0
16067,-4
16068,0
16069,-4
16070,-4
16071,-4
16072,-4
16073,2
16074,-4
16075,-4
16076,-4
16077,0
16078,0
16079,-4
16080,-4
16081,-8
16082,-4
16083,-4
16084,-4
16085,-4
16086,0
16087,0
16088,-4
16089,2
16090,-4
16091,0
16092,0
16093,-4
16094,0
16095,0
16096,-4
16097,0
16098,0
16099,0
16100,0
16101,0
16102,8
16103,0
16104,4
16105,0
16106,0
16107,0
16108,0
16109,0
16110,0
16111,-4
16112,0
16113,0
16114,0
16115,0
16116,0
16117,0
16118,2
16119,0
16120,0
16121,0
16122,0
16123,0
16124,0
16125,0
16126,0
16127,2
16128,2
16129,4
16130,6
16131,0
16132,4
16133,-4
16134,-4
16135,0
16136,0
16137,0
16138,0
16139,0
16140,14
16141,0
16142,-4
16143,6
16144,-4
16145,-4
16146,0
16147,0
16148,0
16149,4
16150,2
16151,6
16152,0
16153,-4
16154,-4
16155,-4
16156,0
16157,-4
16158,0
16159,-6
16160,-4
16161,-4
16162,-4
16163,-4
16164,0
16165,-6
16166,-22
16167,0
16168,0
16169,-4
16170,-4
16171,-4
16172,-4
16173,-4
16174,0
16175,-4
16176,-4
16177,-4
16178,0
16179,0
16180,-4
16181,0
16182,-4
16183,-4
16184,-4
16185,0
16186,0
16187,0
16188,0
16189,0
16190,0
16191,2
16192,0
16193,2
16194,0
16195,0
16196,0
16197,0
16198,0
16199,4
16200,4
16201,0
16202,4
16203,0
16204,0
16205,8
16206,0
16207,-4
16208,0
16209,2
16210,0
16211,0
16212,0
16213,0
16214,0
16215,-4
16216,4
16217,4
16218,0
16219,-4
16220,0
16221,2
16222,0
16223,0
16224,0
16225,0
16226,2
16227,0
16228,10
16229,0
16230,2
16231,0
16232,24
16233,0
16234,-4
16235,6
16236,0
16237,-4
16238,0
16239,10
16240,0
16241,-4
16242,-4
16243,0
16244,0
16245,-4
16246,0
16247,0
16248,4
16249,-4
16250,0
16251,0
16252,4
16253,0
16254,-4
16255,-14
16256,0
16257,0
16258,-4
16259,0
16260,-4
16261,-4
16262,-4
16263,-4
16264,-4
16265,-4
16266,-4
16267,-4
16268,-4
16269,0
16270,-4
16271,0
16272,-4
16273,-4
16274,-4
16275,0
16276,0
16277,0
16278,0
16279,0
16280,-4
16281,0
16282,2
16283,0
16284,-4
16285,4
16286,0
16287,0
16288,0
16289,-4
16290,0
16291,0
16292,-4
16293,0
16294,0
16295,0
16296,0
16297,4
16298,-4
16299,0
16300,-4
16301,0
16302,0
16303,0
16304,-4
16305,2
16306,0
16307,6
16308,0
16309,0
16310,0
16311,0
16312,0
16313,-4
16314,0
16315,0
16316,0
16317,6
16318,-6
16319,4
16320,6
16321,-4
16322,-4
16323,2
16324,0
16325,0
16326,0
16327,-14
16328,0
16329,2
16330,0
16331,-6
16332,4
16333,0
16334,-8
16335,0
16336,0
16337,0
16338,-22
16339,0
16340,0
16341,0
16342,10
16343,4
16344,0
16345,0
16346,4
16347,0
16348,0
16349,-4
16350,-4
16351,0
16352,8
16353,0
16354,2
16355,0
16356,0
16357,-4
16358,-4
16359,-4
16360,34
16361,-4
16362,-4
16363,0
16364,-4
16365,-6
16366,-4
16367,-4
16368,-4
16369,0
16370,0
16371,0
16372,-4
16373,-4
16374,-4
16375,-4
16376,-4
16377,-4
16378,-8
16379,0
16380,-4
16381,8
16382,-4
16383,0
16384,4
16385,4
16386,-4
16387,4
16388,10
16389,0
16390,0
16391,0
16392,0
16393,6
16394,4
16395,2
16396,0
16397,0
16398,0
16399,0
16400,0
16401,-12
16402,2
16403,4
16404,0
16405,0
16406,2
16407,0
16408,6
16409,0
16410,2
16411,2
16412,6
16413,2
16414,2
16415,4
16416,-4
16417,0
16418,0
16419,0
16420,0
16421,0
16422,0
16423,0
16424,-4
16425,6
16426,16
16427,0
16428,0
16429,6
16430,4
16431,0
16432,-4
16433,-6
16434,0
16435,0
16436,-14
16437,6
16438,0
16439,0
16440,0
16441,2
16442,0
16443,0
16444,10
16445,4
16446,0
16447,0
16448,0
16449,10
16450,-4
16451,8
16452,0
16453,0
16454,10
16455,-4
16456,-4
16457,0
16458,-4
16459,0
16460,-4
16461,-4
16462,-4
16463,-14
16464,-4
16465,-4
16466,4
16467,-6
16468,0
16469,0
16470,-4
16471,-4
16472,0
16473,-4
16474,0
16475,0
16476,-4
16477,0
16478,0
16479,-4
16480,6
16481,-4
16482,0
16483,-4
16484,-4
16485,0
16486,-4
16487,-4
16488,8
16489,2
16490,0
16491,0
16492,0
16493,0
16494,-4
16495,0
16496,-4
16497,4
16498,0
16499,0
16500,0
16501,2
16502,2
16503,0
16504,0
16505,0
16506,4
16507,0
16508,0
16509,6
16510,6
16511,0
16512,0
16513,8
16514,2
16515,-4
16516,0
16517,0
16518,0
16519,0
16520,6
16521,0
16522,0
16523,2
16524,8
16525,0
16526,14
16527,0
16528,0
16529,0
16530,0
16531,0
16532,0
16533,2
16534,6
16535,6
16536,4
16537,0
16538,4
16539,2
16540,4
16541,0
16542,0
16543,0
16544,0
16545,0
16546,2
16547,0
16548,0
16549,0
16550,0
16551,-4
16552,0
16553,0
16554,0
16555,-6
16556,0
16557,-4
16558,-4
16559,-4
16560,-4
16561,0
16562,0
16563,-4
16564,10
16565,-4
16566,0
16567,0
16568,4
16569,-4
16570,4
16571,-4
16572,-4
16573,-4
16574,-4
16575,6
16576,-4
16577,-6
16578,-4
16579,0
16580,-4
16581,-4
16582,-4
16583,2
16584,-4
16585,0
16586,-4
16587,18
16588,4
16589,-4
16590,0
16591,-4
16592,0
16593,2
16594,-4
16595,4
16596,0
16597,0
16598,0
16599,6
16600,0
16601,0
16602,0
16603,0
16604,6
16605,6
16606,4
16607,0
16608,4
16609,0
16610,2
16611,0
16612,-10
16613,2
16614,-10
16615,0
16616,0
16617,2
16618,2
16619,0
16620,24
16621,4
16622,0
16623,0
16624,0
16625,-4
16626,-4
16627,-4
16628,0
16629,4
16630,0
16631,-4
16632,4
16633,-4
16634,14
16635,0
16636,0
16637,2
16638,2
16639,2
16640,10
16641,0
16642,-6
16643,4
16644,0
16645,0
16646,-4
16647,0
16648,0
16649,0
16650,0
16651,-4
16652,0
16653,-4
16654,-4
16655,-4
16656,-4
16657,-4
16658,0
16659,0
16660,-4
16661,-4
16662,14
16663,0
16664,10
16665,0
16666,-6
16667,-4
16668,4
16669,-4
16670,-4
16671,-4
16672,0
16673,-4
16674,-4
16675,6
16676,0
16677,0
16678,-4
16679,-4
16680,2
16681,-4
16682,0
16683,-4
16684,-4
16685,-4
16686,0
16687,-12
16688,0
16689,0
16690,4
16691,0
16692,0
16693,6
16694,0
16695,-4
16696,4
16697,0
16698,0
16699,0
16700,0
16701,0
16702,0
16703,-4
16704,-4
16705,0
16706,4
16707,0
16708,0
16709,6
16710,0
16711,2
16712,0
16713,2
16714,0
16715,0
16716,4
16717,0
16718,6
16719,0
16720,6
16721,0
16722,-4
16723,-8
16724,0
16725,-4
16726,0
16727,2
16728,4
16729,0
16730,0
16731,0
16732,8
16733,10
16734,2
16735,0
16736,-4
16737,-10
16738,4
16739,-4
16740,6
16741,0
16742,0
16743,6
16744,-4
16745,0
16746,2
16747,0
16748,-4
16749,-4
16750,0
16751,0
16752,0
16753,0
16754,0
16755,0
16756,-4
16757,0
16758,-4
16759,0
16760,0
16761,0
16762,-4
16763,-4
16764,-4
16765,0
16766,0
16767,-4
16768,-4
16769,-4
16770,-4
16771,-4
16772,-4
16773,-4
16774,0
16775,0
16776,-4
16777,0
16778,-4
16779,0
16780,-4
16781,0
16782,-4
16783,-8
16784,4
16785,-4
16786,0
16787,-4
16788,0
16789,0
16790,0
16791,0
16792,0
16793,0
16794,0
16795,2
16796,2
16797,0
16798,0
16799,0
16800,-4
16801,0
16802,-8
16803,0
16804,0
16805,0
16806,4
16807,2
16808,0
16809,2
16810,0
16811,0
16812,0
16813,0
16814,0
16815,-4
16816,4
16817,0
16818,0
16819,0
16820,2
16821,2
16822,0
16823,0
16824,0
16825,0
16826,0
16827,4
16828,6
16829,-4
16830,0
16831,-4
16832,10
16833,6
16834,4
16835,16
16836,0
16837,2
16838,0
16839,0
16840,-4
16841,-14
16842,0
16843,0
16844,0
16845,0
16846,0
16847,0
16848,0
16849,-4
16850,0
16851,0
16852,4
16853,0
16854,0
16855,0
16856,-4
16857,4
16858,0
16859,4
16860,2
16861,-4
16862,0
16863,6
16864,-8
16865,-4
16866,-4
16867,4
16868,0
16869,0
16870,0
16871,-4
16872,0
16873,-8
16874,0
16875,0
16876,-4
16877,0
16878,0
16879,-4
16880,-4
16881,-4
16882,-6
16883,0
16884,0
16885,8
16886,0
16887,0
16888,0
16889,0
16890,0
16891,0
16892,-4
16893,0
16894,4
16895,0
16896,4
16897,0
16898,0
16899,0
16900,0
16901,-4
16902,0
16903,4
16904,2
16905,2
16906,6
16907,0
16908,4
16909,2
16910,4
16911,0
16912,2
16913,0
16914,4
16915,0
16916,6
16917,0
16918,2
16919,0
16920,6
16921,2
16922,0
16923,0
16924,0
16925,2
16926,0
16927,10
16928,0
16929,0
16930,-4
16931,8
16932,0
16933,0
16934,-6
16935,0
16936,0
16937,-8
16938,6
16939,-4
16940,-6
16941,0
16942,-4
16943,0
16944,0
16945,0
16946,-4
16947,-6
16948,2
16949,2
16950,-8
16951,4
16952,-4
16953,0
16954,0
16955,0
16956,0
16957,-4
16958,0
16959,-4
16960,-4
16961,-4
16962,-4
16963,0
16964,-10
16965,-4
16966,-4
16967,-8
16968,0
16969,0
16970,-4
16971,-4
16972,4
16973,2
16974,2
16975,0
16976,10
16977,-4
16978,-8
16979,-4
16980,-4
16981,6
16982,0
16983,-6
16984,0
16985,-4
16986,2
16987,0
16988,-22
16989,0
16990,-4
16991,0
16992,10
16993,0
16994,0
16995,-4
16996,-4
16997,0
16998,0
16999,0
17000,0
17001,0
17002,6
17003,2
17004,-4
17005,-12
17006,6
17007,2
17008,0
17009,0
17010,-8
17011,0
17012,-4
17013,-8
17014,2
17015,0
17016,0
17017,0
17018,2
17019,0
17020,0
17021,0
17022,-12
17023,20
17024,6
17025,2
17026,6
17027,0
17028,6
17029,-10
17030,4
17031,6
17032,0
17033,0
17034,0
17035,0
17036,-8
17037,0
17038,0
17039,6
17040,0
17041,0
17042,0
17043,14
17044,-4
17045,2
17046,0
17047,0
17048,0
17049,0
17050,4
17051,-4
17052,0
17053,-4
17054,0
17055,10
17056,0
17057,-4
17058,-4
17059,-4
17060,-4
17061,-4
17062,-4
17063,0
17064,-4
17065,-4
17066,-4
17067,0
17068,0
17069,-4
17070,-4
17071,-4
17072,-4
17073,-4
17074,0
17075,-4
17076,-4
17077,6
17078,-4
17079,-4
17080,0
17081,-4
17082,0
17083,0
17084,-10
17085,0
17086,0
17087,0
17088,0
17089,-4
17090,0
17091,24
17092,0
17093,0
17094,0
17095,-14
17096,0
17097,0
17098,14
17099,0
17100,0
17101,0
17102,0
17103,0
17104,14
17105,0
17106,0
17107,2
17108,8
17109,-4
17110,2
17111,4
17112,-8
17113,0
17114,0
17115,6
17116,0
17117,0
17118,-4
17119,10
17120,0
17121,0
17122,0
17123,0
17124,0
17125,6
17126,0
17127,0
17128,0
17129,4
17130,0
17131,14
17132,-4
17133,0
17134,-6
17135,-4
17136,0
17137,2
17138,0
17139,4
17140,0
17141,10
17142,-4
17143,0
17144,-22
17145,-10
17146,-4
17147,0
17148,-4
17149,0
17150,0
17151,0
17152,-4
17153,-10
17154,0
17155,-4
17156,0
17157,-4
17158,0
17159,0
17160,-4
17161,-4
17162,-4
17163,0
17164,0
17165,10
17166,-6
17167,0
17168,0
17169,-22
17170,2
17171,6
17172,0
17173,-4
17174,0
17175,0
17176,-4
17177,-4
17178,0
17179,-4
17180,-4
17181,-8
17182,-4
17183,-4
17184,-4
17185,0
17186,-26
17187,0
17188,2
17189,4
17190,0
17191,0
17192,2
17193,0
17194,6
17195,6
17196,0
17197,-4
17198,-4
17199,0
17200,2
17201,4
17202,0
17203,0
17204,0
17205,-8
17206,6
17207,0
17208,0
17209,2
17210,-4
17211,-8
17212,0
17213,10
17214,10
17215,0
17216,0
17217,2
17218,10
17219,0
17220,2
17221,-6
17222,0
17223,0
17224,0
17225,-4
17226,0
17227,6
17228,0
17229,4
17230,0
17231,-10
17232,0
17233,0
17234,0
17235,0
17236,-4
17237,0
17238,6
17239,0
17240,0
17241,0
17242,0
17243,0
17244,0
17245,0
17246,0
17247,0
17248,0
17249,-4
17250,-4
17251,0
17252,0
17253,4
17254,0
17255,18
17256,-4
17257,0
17258,-4
17259,-4
17260,0
17261,-4
17262,-4
17263,0
17264,-4
17265,0
17266,0
17267,0
17268,-4
17269,0
17270,-4
17271,-4
17272,0
17273,-8
17274,-4
17275,-4
17276,-4
17277,-4
17278,-4
17279,-4
17280,-4
17281,0
17282,-4
17283,-4
17284,-8
17285,-4
17286,0
17287,0
17288,0
17289,-4
17290,0
17291,-4
17292,0
17293,-4
17294,-4
17295,0
17296,0
17297,4
17298,0
17299,6
17300,0
17301,0
17302,4
17303,2
17304,0
17305,-4
17306,6
17307,0
17308,0
17309,0
17310,4
17311,0
17312,6
17313,0
17314,0
17315,14
17316,0
17317,0
17318,0
17319,-4
17320,-6
17321,2
17322,0
17323,0
17324,0
17325,-16
17326,0
17327,14
17328,0
17329,0
17330,0
17331,-6
17332,0
17333,-4
17334,0
17335,-4
17336,4
17337,-4
17338,-4
17339,0
17340,2
17341,0
17342,0
17343,0
17344,0
17345,0
17346,0
17347,0
17348,0
17349,6
17350,2
17351,0
17352,-4
17353,-4
17354,-8
17355,0
17356,-4
17357,-4
17358,-4
17359,0
17360,-4
17361,-4
17362,-4
17363,-4
17364,-4
17365,-4
17366,-4
17367,-4
17368,0
17369,-4
17370,-6
17371,-8
17372,6
17373,-4
17374,-16
17375,0
17376,-4
17377,-4
17378,-4
17379,0
17380,0
17381,-6
17382,-4
17383,-4
17384,-4
17385,0
17386,0
17387,0
17388,-4
17389,0
17390,0
17391,0
17392,10
17393,0
17394,0
17395,0
17396,0
17397,0
17398,0
17399,6
17400,2
17401,-4
17402,20
17403,4
17404,4
17405,0
17406,0
17407,6
17408,0
17409,0
17410,20
17411,0
17412,0
17413,6
17414,0
17415,-4
17416,0
17417,0
17418,-4
17419,2
17420,6
17421,2
17422,0
17423,8
17424,-4
17425,0
17426,-8
17427,0
17428,0
17429,24
17430,0
17431,2
17432,0
17433,0
17434,-4
17435,4
17436,6
17437,0
17438,-4
17439,-4
17440,0
17441,0
17442,0
17443,10
17444,0
17445,0
17446,0
17447,-16
17448,0
17449,-4
17450,-4
17451,-4
17452,10
17453,0
17454,0
17455,-4
17456,0
17457,0
17458,0
17459,0
17460,0
17461,0
17462,0
17463,0
17464,-4
17465,-4
17466,-4
17467,0
17468,-4
17469,6
17470,-4
17471,-6
17472,-4
17473,-4
17474,-4
17475,0
17476,0
17477,-8
17478,0
17479,0
17480,0
17481,0
17482,2
17483,-4
17484,0
17485,-4
17486,6
17487,0
17488,0
17489,-4
17490,0
17491,-4
17492,0
17493,0
17494,-4
17495,0
17496,-4
17497,0
17498,0
17499,0
17500,0
17501,0
17502,0
17503,2
17504,0
17505,0
17506,14
17507,0
17508,0
17509,6
17510,2
17511,2
17512,0
17513,4
17514,0
17515,0
17516,0
17517,10
17518,6
17519,0
17520,6
17521,18
17522,4
17523,0
17524,0
17525,-14
17526,0
17527,-12
17528,0
17529,0
17530,-6
17531,2
17532,4
17533,-4
17534,10
17535,2
17536,-4
17537,14
17538,-4
17539,6
17540,-4
17541,-4
17542,0
17543,0
17544,0
17545,0
17546,0
17547,4
17548,6
17549,-4
17550,-4
17551,-4
17552,-4
17553,4
17554,0
17555,0
17556,0
17557,6
17558,-4
17559,-4
17560,-12
17561,-4
17562,-4
17563,-4
17564,0
17565,-4
17566,-4
17567,-6
17568,0
17569,-4
17570,-4
17571,-4
17572,-4
17573,0
17574,-4
17575,-4
17576,-4
17577,-4
17578,-4
17579,-4
17580,4
17581,-4
17582,-4
17583,-4
17584,-4
17585,0
17586,4
17587,0
17588,0
17589,-4
17590,0
17591,0
17592,-4
17593,-8
17594,0
17595,0
17596,0
17597,0
17598,0
17599,0
17600,0
17601,2
17602,4
17603,0
17604,0
17605,0
17606,2
17607,0
17608,0
17609,0
17610,-8
17611,4
17612,4
17613,0
17614,0
17615,0
17616,0
17617,0
17618,2
17619,0
17620,6
17621,-4
17622,-4
17623,0
17624,0
17625,10
17626,0
17627,-12
17628,0
17629,4
17630,-4
17631,2
17632,6
17633,-14
17634,0
17635,4
17636,14
17637,-4
17638,2
17639,2
17640,0
17641,0
17642,0
17643,0
17644,0
17645,0
17646,-4
17647,6
17648,0
17649,0
17650,-4
17651,0
17652,0
17653,0
17654,0
17655,2
17656,-4
17657,0
17658,-4
17659,-4
17660,-4
17661,-4
17662,0
17663,0
17664,0
17665,-4
17666,-4
17667,-4
17668,-4
17669,0
17670,0
17671,-4
17672,-4
17673,-4
17674,-4
17675,0
17676,0
17677,-4
17678,-4
17679,-4
17680,-4
17681,0
17682,-4
17683,0
17684,0
17685,-4
17686,0
17687,-4
17688,0
17689,6
17690,0
17691,-12
17692,0
17693,0
17694,-4
17695,6
17696,-12
17697,6
17698,0
17699,0
17700,0
17701,2
17702,0
17703,0
17704,0
17705,0
17706,0
17707,4
17708,0
17709,2
17710,4
17711,0
17712,2
17713,0
17714,0
17715,0
17716,-6
17717,-6
17718,-4
17719,6
17720,0
17721,0
17722,6
17723,2
17724,0
17725,0
17726,-6
17727,0
17728,4
17729,0
17730,0
17731,4
17732,0
17733,0
17734,0
17735,-4
17736,2
17737,0
17738,-8
17739,2
17740,0
17741,6
17742,-4
17743,0
17744,14
17745,-4
17746,-4
17747,0
17748,-4
17749,0
17750,-4
17751,10
17752,6
17753,-4
17754,0
17755,0
17756,2
17757,-4
17758,0
17759,0
17760,-4
17761,-4
17762,0
17763,0
17764,-8
17765,-4
17766,6
17767,0
17768,-24
17769,0
17770,-4
17771,-6
17772,0
17773,6
17774,-4
17775,-4
17776,-20
17777,-4
17778,-8
17779,0
17780,0
17781,-4
17782,2
17783,0
17784,-16
17785,0
17786,-4
17787,4
17788,4
17789,-4
17790,6
17791,0
17792,-14
17793,0
17794,4
17795,0
17796,0
17797,0
17798,0
17799,-4
17800,0
17801,0
17802,2
17803,-4
17804,0
17805,0
17806,6
17807,0
17808,0
17809,0
17810,0
17811,0
17812,-4
17813,0
17814,0
17815,0
17816,6
17817,0
17818,0
17819,-12
17820,0
17821,4
17822,-4
17823,10
17824,10
17825,0
17826,0
17827,0
17828,-4
17829,0
17830,0
17831,6
17832,0
17833,0
17834,14
17835,4
17836,-4
17837,0
17838,-8
17839,0
17840,6
17841,0
17842,0
17843,0
17844,0
17845,6
17846,-4
17847,0
17848,-4
17849,0
17850,6
17851,6
17852,0
17853,-4
17854,4
17855,-4
17856,-4
17857,0
17858,0
17859,-4
17860,0
17861,-6
17862,0
17863,-4
17864,-4
17865,-4
17866,-4
17867,-4
17868,-4
17869,0
17870,-4
17871,-4
17872,-8
17873,-4
17874,6
17875,-6
17876,-4
17877,0
17878,-4
17879,0
17880,14
17881,0
17882,0
17883,-14
17884,-4
17885,-4
17886,0
17887,-4
17888,-4
17889,-4
17890,-4
17891,0
17892,0
17893,4
17894,2
17895,0
17896,0
17897,0
17898,0
17899,4
17900,2
17901,0
17902,0
17903,-18
17904,0
17905,0
17906,0
17907,0
17908,0
17909,0
17910,6
17911,0
17912,2
17913,-4
17914,-4
17915,0
17916,2
17917,0
17918,0
17919,4
17920,4
17921,0
17922,6
17923,4
17924,0
17925,8
17926,2
17927,0
17928,4
17929,2
17930,0
17931,6
17932,0
17933,6
17934,-4
17935,-4
17936,-8
17937,0
17938,-4
17939,6
17940,2
17941,0
17942,2
17943,2
17944,0
17945,0
17946,0
17947,0
17948,0
17949,-4
17950,-4
17951,0
17952,-4
17953,-4
17954,0
17955,0
17956,0
17957,-4
17958,0
17959,0
17960,-4
17961,0
17962,-4
17963,-4
17964,-12
17965,-4
17966,0
17967,-4
17968,0
17969,-4
17970,-6
17971,-8
17972,0
17973,-4
17974,-4
17975,18
17976,0
17977,-4
17978,-4
17979,10
17980,-4
17981,0
17982,8
17983,0
17984,0
17985,14
17986,0
17987,0
17988,-4
17989,0
17990,-4
17991,0
17992,2
17993,0
17994,2
17995,0
17996,-8
17997,-4
17998,0
17999,0
18000,-16
18001,0
18002,14
18003,0
18004,0
18005,-4
18006,0
18007,0
18008,4
18009,2
18010,0
18011,0
18012,4
18013,6
18014,0
18015,-8
18016,0
18017,0
18018,-4
18019,0
18020,4
18021,6
18022,0
18023,0
18024,4
18025,0
18026,0
18027,0
18028,4
18029,24
18030,-4
18031,-4
18032,-8
18033,2
18034,4
18035,-4
18036,0
18037,0
18038,4
18039,-4
18040,0
18041,2
18042,0
18043,14
18044,0
18045,0
18046,0
18047,0
18048,0
18049,0
18050,0
18051,0
18052,-4
18053,-4
18054,-4
18055,-4
18056,-4
18057,0
18058,0
18059,-4
18060,0
18061,-4
18062,-4
18063,-4
18064,-4
18065,-4
18066,-4
18067,-4
18068,0
18069,-4
18070,0
18071,-4
18072,-4
18073,0
18074,-4
18075,0
18076,-6
18077,-4
18078,-4
18079,0
18080,-4
18081,10
18082,-8
18083,0
18084,18
18085,-4
18086,0
18087,-4
18088,0
18089,-4
18090,-6
18091,0
18092,10
18093,0
18094,0
18095,0
18096,4
18097,0
18098,0
18099,0
18100,-4
18101,0
18102,0
18103,-4
18104,0
18105,0
18106,2
18107,0
18108,6
18109,4
18110,4
18111,2
18112,0
18113,4
18114,6
18115,0
18116,0
18117,-4
18118,6
18119,6
18120,2
18121,4
18122,2
18123,10
18124,6
18125,0
18126,0
18127,2
18128,-4
18129,0
18130,0
18131,14
18132,0
18133,4
18134,14
18135,0
18136,0
18137,0
18138,-14
18139,-4
18140,0
18141,0
18142,0
18143,-4
18144,-8
18145,2
18146,4
18147,-14
18148,-4
18149,0
18150,0
18151,-4
18152,-4
18153,-4
18154,0
18155,0
18156,-4
18157,-4
18158,0
18159,0
18160,0
18161,-4
18162,-4
18163,-4
18164,0
18165,-4
18166,0
18167,0
18168,-4
18169,0
18170,-4
18171,-4
18172,-4
18173,-4
18174,0
18175,-4
18176,-4
18177,-4
18178,-4
18179,0
18180,-4
18181,10
18182,-4
18183,2
18184,-4
18185,0
18186,-4
18187,0
18188,-8
18189,0
18190,0
18191,-4
18192,0
18193,0
18194,-4
18195,-4
18196,2
18197,-14
18198,0
18199,6
18200,0
18201,0
18202,0
18203,0
18204,0
18205,2
18206,2
18207,0
18208,0
18209,0
18210,2
18211,0
18212,0
18213,0
18214,0
18215,-4
18216,0
18217,6
18218,2
18219,0
18220,0
18221,0
18222,-4
18223,0
18224,-4
18225,-4
18226,0
18227,-6
18228,0
18229,-4
18230,8
18231,0
18232,0
18233,-4
18234,0
18235,6
18236,4
18237,-8
18238,0
18239,0
18240,4
18241,0
18242,4
18243,0
18244,0
18245,0
18246,-4
18247,6
18248,0
18249,-6
18250,0
18251,0
18252,0
18253,0
18254,0
18255,0
18256,-4
18257,-4
18258,0
18259,0
18260,0
18261,-4
18262,-4
18263,2
18264,-4
18265,-4
18266,0
18267,-4
18268,0
18269,0
18270,-4
18271,0
18272,-4
18273,0
18274,0
18275,0
18276,24
18277,-4
18278,-22
18279,0
18280,2
18281,0
18282,-4
18283,0
18284,0
18285,-4
18286,0
18287,-16
18288,-4
18289,-4
18290,14
18291,0
18292,-14
18293,0
18294,0
18295,0
18296,0
18297,0
18298,0
18299,-4
18300,6
18301,0
18302,2
18303,0
18304,0
18305,0
18306,6
18307,0
18308,0
18309,0
18310,0
18311,6
18312,0
18313,0
18314,-4
18315,-4
18316,0
18317,0
18318,-4
18319,0
18320,0
18321,0
18322,0
18323,-4
18324,0
18325,0
18326,0
18327,0
18328,0
18329,0
18330,16
18331,2
18332,2
18333,0
18334,-14
18335,2
18336,4
18337,2
18338,-4
18339,-4
18340,0
18341,0
18342,-4
18343,14
18344,0
18345,0
18346,0
18347,0
18348,-4
18349,0
18350,0
18351,-14
18352,2
18353,0
18354,0
18355,0
18356,0
18357,0
18358,-4
18359,-4
18360,-6
18361,-4
18362,-4
18363,0
18364,-4
18365,-4
18366,0
18367,0
18368,0
18369,-4
18370,0
18371,-4
18372,-4
18373,0
18374,-4
18375,-4
18376,-4
18377,-4
18378,-4
18379,6
18380,0
18381,0
18382,-6
18383,0
18384,0
18385,0
18386,-4
18387,-4
18388,-4
18389,-4
18390,0
18391,-14
18392,-4
18393,-4
18394,0
18395,0
18396,0
18397,0
18398,0
18399,-4
18400,0
18401,2
18402,0
18403,-4
18404,0
18405,0
18406,2
18407,0
18408,0
18409,0
18410,4
18411,-4
18412,0
18413,0
18414,-14
18415,-4
18416,2
18417,0
18418,0
18419,0
18420,-4
18421,0
18422,0
18423,4
18424,-4
18425,0
18426,2
18427,2
18428,0
18429,0
18430,4
18431,-10
18432,4
18433,6
18434,-6
18435,0
18436,0
18437,0
18438,-4
18439,-4
18440,-4
18441,-4
18442,0
18443,-8
18444,-4
18445,-4
18446,0
18447,0
18448,-8
18449,-4
18450,-8
18451,0
18452,-4
18453,2
18454,4
18455,2
18456,-4
18457,-4
18458,0
18459,0
18460,-4
18461,0
18462,-4
18463,0
18464,-4
18465,-4
18466,0
18467,-4
18468,0
18469,-4
18470,-4
18471,-4
18472,0
18473,-4
18474,-4
18475,-4
18476,0
18477,0
18478,-4
18479,-20
18480,-4
18481,-4
18482,6
18483,-4
18484,0
18485,-6
18486,-4
18487,-4
18488,-4
18489,-4
18490,0
18491,-4
18492,0
18493,-4
18494,-4
18495,0
18496,0
18497,0
18498,-4
18499,0
18500,0
18501,-4
18502,0
18503,2
18504,0
18505,0
18506,0
18507,2
18508,4
18509,2
18510,6
18511,-4
18512,10
18513,0
18514,2
18515,0
18516,0
18517,4
18518,-4
18519,0
18520,0
18521,2
18522,2
18523,10
18524,4
18525,0
18526,0
18527,-4
18528,0
18529,-4
18530,6
18531,0
18532,0
18533,-4
18534,0
18535,0
18536,0
18537,10
18538,2
18539,0
18540,0
18541,-4
18542,4
18543,0
18544,10
18545,0
18546,0
18547,-4
18548,-4
18549,-4
18550,0
18551,0
18552,-4
18553,0
18554,0
18555,-4
18556,0
18557,0
18558,-4
18559,-4
18560,0
18561,-4
18562,-4
18563,0
18564,-4
18565,-4
18566,-4
18567,0
18568,-4
18569,0
18570,0
18571,-4
18572,-4
18573,0
18574,-4
18575,0
18576,-4
18577,-4
18578,-4
18579,0
18580,-4
18581,-20
18582,0
18583,-4
18584,24
18585,-4
18586,-4
18587,0
18588,-4
18589,0
18590,-4
18591,0
18592,6
18593,0
18594,-4
18595,-4
18596,0
18597,4
18598,-4
18599,0
18600,4
18601,0
18602,0
18603,0
18604,0
18605,0
18606,0
18607,2
18608,0
18609,0
18610,0
18611,-4
18612,0
18613,0
18614,0
18615,0
18616,0
18617,6
18618,2
18619,-4
18620,2
18621,6
18622,18
18623,2
18624,0
18625,0
18626,0
18627,2
18628,0
18629,-22
18630,2
18631,4
18632,14
18633,2
18634,-4
18635,-4
18636,0
18637,-4
18638,-4
18639,0
18640,0
18641,2
18642,0
18643,0
18644,0
18645,0
18646,0
18647,0
18648,0
18649,6
18650,-4
18651,-4
18652,0
18653,6
18654,-4
18655,0
18656,0
18657,0
18658,-4
18659,-4
18660,0
18661,-4
18662,2
18663,-4
18664,-4
18665,6
18666,-4
18667,8
18668,-4
18669,18
18670,-4
18671,-4
18672,6
18673,-4
18674,-4
18675,-4
18676,-4
18677,-4
18678,0
18679,4
18680,-4
18681,0
18682,0
18683,0
18684,-4
18685,-4
18686,2
18687,6
18688,0
18689,0
18690,4
18691,0
18692,0
18693,0
18694,4
18695,0
18696,0
18697,0
18698,-14
18699,0
18700,0
18701,-8
18702,6
18703,2
18704,0
18705,-4
18706,0
18707,6
18708,0
18709,0
18710,0
18711,0
18712,0
18713,0
18714,-6
18715,10
18716,0
18717,6
18718,0
18719,0
18720,2
18721,0
18722,22
18723,0
18724,0
18725,0
18726,-4
18727,0
18728,2
18729,0
18730,0
18731,0
18732,-14
18733,0
18734,0
18735,6
18736,0
18737,0
18738,0
18739,6
18740,0
18741,0
18742,8
18743,0
18744,0
18745,0
18746,-16
18747,0
18748,2
18749,-6
18750,0
18751,0
18752,0
18753,0
18754,0
18755,0
18756,0
18757,0
18758,-4
18759,0
18760,0
18761,-4
18762,2
18763,0
18764,-4
18765,0
18766,-4
18767,-4
18768,0
18769,0
18770,-4
18771,-4
18772,-4
18773,-4
18774,-4
18775,0
18776,-4
18777,0
18778,-4
18779,-4
18780,-4
18781,-4
18782,0
18783,0
18784,-4
18785,-4
18786,0
18787,0
18788,0
18789,-4
18790,-4
18791,0
18792,0
18793,-4
18794,0
18795,0
18796,0
18797,0
18798,0
18799,4
18800,4
18801,-4
18802,0
18803,0
18804,0
18805,6
18806,0
18807,6
18808,2
18809,0
18810,0
18811,0
18812,0
18813,0
18814,0
18815,0
18816,6
18817,0
18818,0
18819,0
18820,0
18821,6
18822,2
18823,-4
18824,-4
18825,0
18826,0
18827,-4
18828,0
18829,2
18830,8
18831,0
18832,0
18833,-4
18834,0
18835,0
18836,0
18837,8
18838,0
18839,-4
18840,0
18841,0
18842,0
18843,0
18844,0
18845,2
18846,0
18847,-4
18848,6
18849,0
18850,-16
18851,4
18852,0
18853,-6
18854,0
18855,2
18856,4
18857,-4
18858,0
18859,0
18860,0
18861,-4
18862,-4
18863,-4
18864,-4
18865,0
18866,0
18867,-4
18868,-6
18869,-4
18870,-4
18871,-4
18872,-8
18873,-4
18874,-4
18875,0
18876,0
18877,-4
18878,-4
18879,-4
18880,-4
18881,-8
18882,-4
18883,-4
18884,-14
18885,0
18886,0
18887,0
18888,0
18889,-4
18890,4
18891,0
18892,-4
18893,0
18894,-20
18895,6
18896,0
18897,-4
18898,0
18899,0
18900,0
18901,0
18902,0
18903,2
18904,4
18905,0
18906,0
18907,-6
18908,0
18909,0
18910,2
18911,0
18912,0
18913,4
18914,0
18915,0
18916,0
18917,0
18918,6
18919,0
18920,0
18921,0
18922,-4
18923,0
18924,0
18925,0
18926,-4
18927,0
18928,-4
18929,0
18930,0
18931,2
18932,24
18933,-4
18934,4
18935,2
18936,-4
18937,0
18938,-4
18939,10
18940,0
18941,0
18942,0
18943,6
18944,-4
18945,4
18946,-4
18947,-4
18948,0
18949,-4
18950,0
18951,0
18952,0
18953,0
18954,0
18955,0
18956,0
18957,0
18958,-4
18959,-4
18960,-4
18961,-4
18962,-4
18963,2
18964,0
18965,-4
18966,-8
18967,0
18968,-4
18969,-4
18970,0
18971,-16
18972,0
18973,4
18974,0
18975,-14
18976,0
18977,0
18978,-4
18979,0
18980,0
18981,-6
18982,-6
18983,-4
18984,-4
18985,0
18986,-4
18987,0
18988,-8
18989,0
18990,0
18991,-4
18992,0
18993,-4
18994,0
18995,0
18996,0
18997,4
18998,-4
18999,0
19000,-16
19001,0
19002,-4
19003,0
19004,-4
19005,0
19006,2
19007,0
19008,0
19009,0
19010,0
19011,0
19012,0
19013,4
19014,0
19015,0
19016,0
19017,2
19018,4
19019,2
19020,4
19021,2
19022,-4
19023,0
19024,6
19025,0
19026,6
19027,0
19028,0
19029,0
19030,0
19031,10
19032,0
19033,6
19034,14
19035,0
19036,2
19037,2
19038,-4
19039,0
19040,0
19041,6
19042,0
19043,0
19044,0
19045,0
19046,0
19047,0
19048,-4
19049,0
19050,-4
19051,0
19052,0
19053,-4
19054,-12
19055,0
19056,0
19057,0
19058,-4
19059,0
19060,0
19061,0
19062,0
19063,0
19064,0
19065,0
19066,-4
19067,-4
19068,-4
19069,-4
19070,0
19071,-4
19072,-4
19073,-6
19074,0
19075,-4
19076,-22
19077,0
19078,-4
19079,-4
19080,0
19081,0
19082,0
19083,0
19084,-4
19085,-4
19086,6
19087,0
19088,0
19089,-4
19090,-4
19091,0
19092,22
19093,0
19094,-4
19095,2
19096,0
19097,0
19098,0
19099,2
19100,0
19101,0
19102,-4
19103,2
19104,0
19105,-4
19106,2
19107,-4
19108,6
19109,0
19110,0
19111,-10
19112,0
19113,0
19114,2
19115,2
19116,0
19117,-4
19118,-10
19119,0
19120,0
19121,0
19122,4
19123,0
19124,0
19125,0
19126,0
19127,0
19128,2
19129,0
19130,-8
19131,0
19132,0
19133,2
19134,0
19135,0
19136,2
19137,-4
19138,0
19139,0
19140,-4
19141,0
19142,0
19143,-4
19144,0
19145,0
19146,2
19147,0
19148,0
19149,0
19150,0
19151,-4
19152,0
19153,0
19154,6
19155,0
19156,0
19157,0
19158,0
19159,-4
19160,4
19161,-4
19162,-4
19163,-4
19164,-4
19165,-4
19166,0
19167,0
19168,-4
19169,-4
19170,0
19171,0
19172,-4
19173,0
19174,4
19175,0
19176,0
19177,0
19178,-4
19179,-4
19180,4
19181,-24
19182,0
19183,0
19184,-4
19185,-24
19186,0
19187,0
19188,6
19189,4
19190,-4
19191,2
19192,0
19193,-4
19194,0
19195,-14
19196,4
19197,4
19198,2
19199,0
19200,4
19201,2
19202,-4
19203,-4
19204,0
19205,-20
19206,-4
19207,0
19208,0
19209,0
19210,0
19211,0
19212,2
19213,0
19214,4
19215,4
19216,0
19217,6
19218,0
19219,2
19220,0
19221,6
19222,4
19223,2
19224,-14
19225,-4
19226,0
19227,10
19228,0
19229,4
19230,0
19231,0
19232,4
19233,0
19234,-16
19235,2
19236,0
19237,-4
19238,0
19239,0
19240,-4
19241,-4
19242,0
19243,-4
19244,0
19245,6
19246,0
19247,-4
19248,0
19249,0
19250,0
19251,-4
19252,0
19253,6
19254,4
19255,0
19256,0
19257,-4
19258,0
19259,0
19260,0
19261,-12
19262,-4
19263,0
19264,-4
19265,28
19266,-4
19267,-4
19268,-4
19269,0
19270,-4
19271,-14
19272,-4
19273,0
19274,-4
19275,0
19276,0
19277,10
19278,-4
19279,-6
19280,-8
19281,2
19282,0
19283,-4
19284,-4
19285,-4
19286,-4
19287,0
19288,0
19289,22
19290,0
19291,0
19292,-10
19293,0
19294,0
19295,-4
19296,0
19297,0
19298,-4
19299,0
19300,6
19301,0
19302,0
19303,0
19304,-4
19305,0
19306,0
19307,0
19308,0
19309,2
19310,0
19311,4
19312,4
19313,0
19314,2
19315,-10
19316,0
19317,0
19318,0
19319,6
19320,0
19321,-8
19322,0
19323,6
19324,2
19325,0
19326,0
19327,4
19328,0
19329,6
19330,0
19331,0
19332,0
19333,0
19334,2
19335,6
19336,0
19337,4
19338,6
19339,0
19340,-4
19341,0
19342,8
19343,0
19344,0
19345,4
19346,4
19347,0
19348,10
19349,0
19350,-4
19351,0
19352,0
19353,0
19354,8
19355,-4
19356,0
19357,6
19358,-4
19359,-4
19360,0
19361,-4
19362,-4
19363,-4
19364,-4
19365,-4
19366,28
19367,-4
19368,0
19369,-4
19370,0
19371,-4
19372,-4
19373,-4
19374,-4
19375,-4
19376,0
19377,-4
19378,0
19379,0
19380,0
19381,-4
19382,-4
19383,0
19384,0
19385,-6
19386,-4
19387,0
19388,-4
19389,0
19390,4
19391,0
19392,0
19393,-4
19394,0
19395,0
19396,6
19397,4
19398,0
19399,4
19400,0
19401,8
19402,0
19403,6
19404,0
19405,0
19406,-4
19407,0
19408,-4
19409,-4
19410,0
19411,-4
19412,2
19413,0
19414,-4
19415,-4
19416,4
19417,6
19418,0
19419,0
19420,0
19421,2
19422,6
19423,0
19424,4
19425,0
19426,0
19427,2
19428,4
19429,0
19430,6
19431,0
19432,0
19433,0
19434,-4
19435,-4
19436,0
19437,-4
19438,0
19439,0
19440,0
19441,-8
19442,-4
19443,-4
19444,0
19445,0
19446,-4
19447,0
19448,-4
19449,0
19450,-4
19451,0
19452,-4
19453,-4
19454,0
19455,10
19456,-4
19457,0
19458,-8
19459,-4
19460,0
19461,-4
19462,-4
19463,-8
19464,-4
19465,0
19466,0
19467,0
19468,-4
19469,10
19470,0
19471,-4
19472,0
19473,0
19474,-14
19475,0
19476,-4
19477,-4
19478,-8
19479,0
19480,-4
19481,-4
19482,0
19483,-4
19484,-4
19485,-4
19486,0
19487,2
19488,-4
19489,0
19490,4
19491,-4
19492,-4
19493,0
19494,-4
19495,-4
19496,0
19497,0
19498,0
19499,0
19500,6
19501,0
19502,0
19503,0
19504,0
19505,0
19506,0
19507,0
19508,0
19509,0
19510,0
19511,0
19512,4
19513,0
19514,4
19515,0
19516,0
19517,6
19518,0
19519,4
19520,14
19521,2
19522,2
19523,0
19524,4
19525,-12
19526,0
19527,0
19528,0
19529,0
19530,0
19531,6
19532,10
19533,0
19534,-4
19535,0
19536,0
19537,2
19538,4
19539,-14
19540,-4
19541,0
19542,0
19543,0
19544,0
19545,-4
19546,-4
19547,6
19548,-14
19549,0
19550,-4
19551,-4
19552,0
19553,-4
19554,-4
19555,0
19556,0
19557,0
19558,0
19559,0
19560,0
19561,0
19562,-4
19563,-4
19564,-4
19565,0
19566,-4
19567,-4
19568,0
19569,-4
19570,-4
19571,-4
19572,-4
19573,-4
19574,0
19575,-4
19576,-4
19577,-22
19578,-4
19579,18
19580,0
19581,-4
19582,-22
19583,-4
19584,-4
19585,4
19586,-4
19587,-4
19588,-6
19589,-4
19590,0
19591,-8
19592,0
19593,2
19594,0
19595,0
19596,-14
19597,-22
19598,0
19599,0
19600,4
19601,0
19602,0
19603,-4
19604,-4
19605,-4
19606,0
19607,0
19608,2
19609,4
19610,0
19611,0
19612,0
19613,0
19614,0
19615,0
19616,-4
19617,-4
19618,4
19619,0
19620,0
19621,0
19622,0
19623,2
19624,-4
19625,10
19626,4
19627,0
19628,0
19629,0
19630,0
19631,0
19632,2
19633,-4
19634,0
19635,0
19636,0
19637,-4
19638,6
19639,0
19640,0
19641,0
19642,-4
19643,10
19644,0
19645,0
19646,-4
19647,0
19648,0
19649,0
19650,0
19651,0
19652,0
19653,-4
19654,0
19655,0
19656,0
19657,-4
19658,0
19659,0
19660,0
19661,0
19662,0
19663,-4
19664,-4
19665,-4
19666,-4
19667,2
19668,20
19669,10
19670,0
19671,-4
19672,-4
19673,0
19674,0
19675,-4
19676,-4
19677,-4
19678,0
19679,0
19680,-4
19681,-4
19682,-4
19683,-4
19684,0
19685,0
19686,-4
19687,10
19688,-4
19689,0
19690,-4
19691,0
19692,0
19693,0
19694,0
19695,0
19696,-4
19697,0
19698,0
19699,0
19700,0
19701,0
19702,4
19703,2
19704,0
19705,0
19706,0
19707,0
19708,0
19709,0
19710,0
19711,0
19712,0
19713,0
19714,0
19715,0
19716,0
19717,-4
19718,4
19719,-4
19720,20
19721,6
19722,2
19723,2
19724,0
19725,0
19726,-14
19727,4
19728,6
19729,0
19730,-12
19731,0
19732,0
19733,6
19734,4
19735,0
19736,8
19737,-4
19738,0
19739,6
19740,8
19741,0
19742,-4
19743,0
19744,10
19745,0
19746,0
19747,0
19748,0
19749,-4
19750,-4
19751,0
19752,-4
19753,-4
19754,-4
19755,-4
19756,0
19757,0
19758,0
19759,-4
19760,-4
19761,-4
19762,0
19763,-4
19764,-4
19765,0
19766,-4
19767,-4
19768,0
19769,0
19770,0
19771,-4
19772,-4
19773,6
19774,0
19775,0
19776,-4
19777,-4
19778,-4
19779,-4
19780,-4
19781,-4
19782,-4
19783,0
19784,-4
19785,0
19786,-4
19787,-4
19788,0
19789,-16
19790,0
19791,0
19792,0
19793,0
19794,0
19795,-4
19796,4
19797,-4
19798,0
19799,-4
19800,18
19801,0
19802,0
19803,-4
19804,2
19805,0
19806,-4
19807,0
19808,0
19809,0
19810,0
19811,-4
19812,0
19813,0
19814,2
19815,0
19816,0
19817,0
19818,0
19819,0
19820,0
19821,0
19822,2
19823,0
19824,4
19825,0
19826,0
19827,6
19828,0
19829,0
19830,0
19831,4
19832,6
19833,0
19834,0
19835,0
19836,0
19837,0
19838,-4
19839,0
19840,0
19841,0
19842,10
19843,0
19844,18
19845,0
19846,-4
19847,2
19848,0
19849,-10
19850,-4
19851,0
19852,16
19853,-8
19854,0
19855,0
19856,0
19857,-4
19858,-4
19859,-4
19860,-4
19861,-4
19862,0
19863,0
19864,4
19865,-4
19866,-4
19867,-4
19868,-4
19869,-4
19870,0
19871,-4
19872,0
19873,-4
19874,-4
19875,-4
19876,-4
19877,6
19878,-4
19879,4
19880,0
19881,0
19882,0
19883,-4
19884,0
19885,-4
19886,0
19887,6
19888,0
19889,-4
19890,0
19891,22
19892,0
19893,0
19894,0
19895,4
19896,-16
19897,-10
19898,0
19899,0
19900,6
19901,0
19902,-4
19903,0
19904,0
19905,0
19906,0
19907,0
19908,-4
19909,2
19910,2
19911,0
19912,2
19913,0
19914,0
19915,2
19916,0
19917,2
19918,0
19919,0
19920,0
19921,0
19922,6
19923,0
19924,0
19925,-4
19926,0
19927,2
19928,0
19929,0
19930,0
19931,0
19932,0
19933,4
19934,2
19935,10
19936,0
19937,4
19938,14
19939,4
19940,0
19941,0
19942,0
19943,0
19944,2
19945,18
19946,-4
19947,2
19948,-4
19949,-4
19950,0
19951,0
19952,0
19953,0
19954,0
19955,-4
19956,0
19957,6
19958,0
19959,0
19960,-4
19961,-4
19962,0
19963,0
19964,-4
19965,-4
19966,-4
19967,0
19968,-4
19969,-4
19970,0
19971,-4
19972,-12
19973,0
19974,0
19975,0
19976,-4
19977,-4
19978,0
19979,-4
19980,-4
19981,-4
19982,-16
19983,0
19984,0
19985,-4
19986,-4
19987,0
19988,-4
19989,10
19990,0
19991,0
19992,-4
19993,-4
19994,0
19995,0
19996,0
19997,-4
19998,0
19999,0
20000,-4
20001,0
20002,0
20003,4
20004,0
20005,0
20006,0
20007,-4
20008,-4
20009,0
20010,0
20011,0
20012,0
20013,4
20014,0
20015,-4
20016,0
20017,0
20018,0
20019,0
20020,0
20021,0
20022,0
20023,6
20024,-4
20025,2
20026,6
20027,0
20028,6
20029,0
20030,6
20031,-4
20032,2
20033,6
20034,10
20035,4
20036,0
20037,6
20038,2
20039,-4
20040,0
20041,10
20042,0
20043,0
20044,0
20045,0
20046,0
20047,2
20048,4
20049,0
20050,0
20051,0
20052,0
20053,0
20054,-4
20055,0
20056,0
20057,-8
20058,0
20059,-4
20060,0
20061,0
20062,-4
20063,-4
20064,0
20065,0
20066,0
20067,0
20068,0
20069,-4
20070,-4
20071,-14
20072,2
20073,0
20074,0
20075,0
20076,0
20077,-4
20078,0
20079,0
20080,0
20081,4
20082,-4
20083,-4
20084,0
20085,0
20086,0
20087,-8
20088,-4
20089,0
20090,-4
20091,0
20092,0
20093,0
20094,-4
20095,0
20096,0
20097,0
20098,0
20099,0
20100,0
20101,0
20102,-4
20103,0
20104,4
20105,0
20106,0
20107,0
20108,4
20109,0
20110,2
20111,4
20112,2
20113,6
20114,6
20115,0
20116,0
20117,4
20118,0
20119,-4
20120,0
20121,8
20122,2
20123,4
20124,0
20125,0
20126,-4
20127,4
20128,0
20129,-4
20130,-14
20131,0
20132,0
20133,-4
20134,-4
20135,-4
20136,0
20137,0
20138,-4
20139,0
20140,-4
20141,0
20142,0
20143,0
20144,-4
20145,0
20146,0
20147,0
20148,0
20149,0
20150,-4
20151,0
20152,0
20153,0
20154,0
20155,6
20156,-6
20157,-4
20158,-4
20159,-4
20160,0
20161,-4
20162,0
20163,0
20164,-4
20165,0
20166,-4
20167,-4
20168,-4
20169,-4
20170,-4
20171,0
20172,18
20173,0
20174,0
20175,8
20176,-4
20177,0
20178,-8
20179,-4
20180,0
20181,-4
20182,0
20183,4
20184,-4
20185,-4
20186,-4
20187,-4
20188,-4
20189,0
20190,-6
20191,-4
20192,0
20193,0
20194,0
20195,0
20196,-4
20197,0
20198,0
20199,0
20200,-4
20201,0
20202,0
20203,0
20204,2
20205,0
20206,0
20207,6
20208,0
20209,2
20210,4
20211,0
20212,0
20213,-4
20214,0
20215,0
20216,0
20217,-4
20218,0
20219,2
20220,0
20221,0
20222,4
20223,0
20224,0
20225,6
20226,0
20227,0
20228,0
20229,6
20230,0
20231,0
20232,-16
20233,-4
20234,0
20235,8
20236,4
20237,-4
20238,2
20239,-4
20240,-4
20241,-4
20242,-14
20243,0
20244,10
20245,0
20246,0
20247,0
20248,0
20249,4
20250,0
20251,0
20252,0
20253,-4
20254,0
20255,-4
20256,-12
20257,0
20258,0
20259,0
20260,0
20261,-4
20262,-4
20263,-4
20264,0
20265,-4
20266,0
20267,-4
20268,-4
20269,-4
20270,-4
20271,0
20272,-4
20273,0
20274,6
20275,-4
20276,-14
20277,-4
20278,0
20279,-4
20280,-4
20281,-4
20282,-4
20283,0
20284,-4
20285,6
20286,0
20287,0
20288,4
20289,-4
20290,0
20291,4
20292,0
20293,0
20294,-4
20295,0
20296,0
20297,0
20298,-4
20299,0
20300,0
20301,0
20302,6
20303,-16
20304,0
20305,0
20306,6
20307,0
20308,0
20309,0
20310,0
20311,2
20312,2
20313,0
20314,0
20315,-4
20316,0
20317,0
20318,0
20319,0
20320,-4
20321,6
20322,0
20323,2
20324,18
20325,4
20326,0
20327,0
20328,4
20329,0
20330,0
20331,-6
20332,-14
20333,4
20334,0
20335,0
20336,-4
20337,0
20338,4
20339,0
20340,-4
20341,-4
20342,-4
20343,4
20344,-4
20345,-4
20346,0
20347,0
20348,-4
20349,0
20350,0
20351,0
20352,0
20353,0
20354,0
20355,0
20356,0
20357,10
20358,0
20359,0
20360,0
20361,0
20362,-4
20363,-4
20364,0
20365,0
20366,0
20367,-4
20368,-4
20369,0
20370,0
20371,-4
20372,-4
20373,-6
20374,-4
20375,0
20376,-4
20377,0
20378,-4
20379,-4
20380,0
20381,-4
20382,6
20383,-4
20384,-4
20385,-8
20386,0
20387,2
20388,0
20389,0
20390,0
20391,-4
20392,4
20393,0
20394,-4
20395,4
20396,0
20397,0
20398,2
20399,0
20400,-4
20401,6
20402,-4
20403,0
20404,-4
20405,0
20406,0
20407,2
20408,0
20409,0
20410,2
20411,0
20412,0
20413,4
20414,-4
20415,2
20416,0
20417,0
20418,0
20419,4
20420,2
20421,0
20422,0
20423,2
20424,0
20425,0
20426,10
20427,-4
20428,0
20429,-4
20430,0
20431,0
20432,0
20433,0
20434,0
20435,0
20436,0
20437,-4
20438,0
20439,0
20440,-22
20441,0
20442,-4
20443,6
20444,0
20445,0
20446,0
20447,2
20448,0
20449,0
20450,6
20451,0
20452,0
20453,0
20454,0
20455,0
20456,0
20457,0
20458,-4
20459,0
20460,-4
20461,0
20462,0
20463,-4
20464,0
20465,-4
20466,-4
20467,-4
20468,-4
20469,-4
20470,0
20471,-4
20472,-4
20473,-4
20474,0
20475,-4
20476,0
20477,-4
20478,0
20479,0
20480,-4
20481,-4
20482,0
20483,0
20484,-4
20485,0
20486,-4
20487,-8
20488,0
20489,4
20490,0
20491,-8
20492,0
20493,-4
20494,0
20495,0
20496,0
20497,0
20498,0
20499,-6
20500,0
20501,10
20502,-4
20503,-4
20504,0
20505,0
20506,0
20507,6
20508,0
20509,0
20510,0
20511,0
20512,0
20513,0
20514,2
20515,0
20516,6
20517,0
20518,0
20519,6
20520,0
20521,2
20522,2
20523,-4
20524,0
20525,2
20526,0
20527,-10
20528,-4
20529,0
20530,0
20531,0
20532,0
20533,-24
20534,0
20535,0
20536,-4
20537,0
20538,4
20539,0
20540,6
20541,-4
20542,0
20543,-8
20544,0
20545,0
20546,-4
20547,-4
20548,0
20549,0
20550,-4
20551,10
20552,0
20553,2
20554,0
20555,0
20556,0
20557,6
20558,-4
20559,0
20560,0
20561,0
20562,0
20563,-4
20564,4
20565,-4
20566,-4
20567,-4
20568,0
20569,-4
20570,-4
20571,-4
20572,0
20573,-18
20574,0
20575,0
20576,-4
20577,0
20578,-4
20579,0
20580,-4
20581,-4
20582,0
20583,-4
20584,-4
20585,0
20586,-4
20587,0
20588,0
20589,-4
20590,-4
20591,8
20592,0
20593,2
20594,0
20595,-8
20596,0
20597,0
20598,-4
20599,-14
20600,0
20601,2
20602,0
20603,0
20604,0
20605,0
20606,-4
20607,-14
20608,0
20609,2
20610,2
20611,0
20612,0
20613,0
20614,2
20615,0
20616,0
20617,2
20618,2
20619,0
20620,4
20621,-12
20622,0
20623,0
20624,0
20625,0
20626,0
20627,0
20628,-4
20629,0
20630,0
20631,0
20632,0
20633,-4
20634,4
20635,2
20636,0
20637,0
20638,0
20639,0
20640,6
20641,-4
20642,-4
20643,10
20644,0
20645,0
20646,10
20647,0
20648,0
20649,-4
20650,0
20651,-4
20652,-4
20653,0
20654,-4
20655,2
20656,0
20657,0
20658,0
20659,6
20660,-4
20661,0
20662,-4
20663,0
20664,0
20665,0
20666,0
20667,-4
20668,20
20669,-4
20670,0
20671,4
20672,-4
20673,-4
20674,0
20675,0
20676,0
20677,0
20678,6
20679,-4
20680,-8
20681,0
20682,-4
20683,-6
20684,-8
20685,-4
20686,0
20687,-4
20688,-4
20689,0
20690,-4
20691,2
20692,0
20693,0
20694,0
20695,0
20696,-4
20697,0
20698,-4
20699,2
20700,2
20701,0
20702,0
20703,0
20704,4
20705,0
20706,0
20707,0
20708,-4
20709,0
20710,0
20711,2
20712,2
20713,4
20714,0
20715,0
20716,-4
20717,0
20718,4
20719,0
20720,0
20721,6
20722,0
20723,2
20724,0
20725,0
20726,-14
20727,0
20728,0
20729,2
20730,0
20731,2
20732,-4
20733,-8
20734,4
20735,0
20736,-4
20737,0
20738,0
20739,-4
20740,10
20741,-4
20742,0
20743,6
20744,2
20745,0
20746,0
20747,-4
20748,-4
20749,-12
20750,-4
20751,14
20752,-4
20753,0
20754,0
20755,-4
20756,0
20757,0
20758,-4
20759,0
20760,0
20761,0
20762,-4
20763,0
20764,-4
20765,0
20766,-4
20767,-4
20768,-4
20769,0
20770,-4
20771,-4
20772,-4
20773,-4
20774,-4
20775,0
20776,-4
20777,-4
20778,-4
20779,-4
20780,0
20781,-4
20782,0
20783,0
20784,0
20785,-4
20786,-8
20787,0
20788,0
20789,2
20790,0
20791,0
20792,0
20793,0
20794,0
20795,0
20796,0
20797,6
20798,-8
20799,0
20800,-4
20801,-4
20802,4
20803,-4
20804,0
20805,4
20806,2
20807,0
20808,2
20809,0
20810,0
20811,-4
20812,2
20813,0
20814,0
20815,0
20816,0
20817,-6
20818,6
20819,0
20820,0
20821,0
20822,0
20823,0
20824,4
20825,-4
20826,2
20827,0
20828,0
20829,0
20830,0
20831,-8
20832,4
20833,4
20834,-4
20835,6
20836,0
20837,-4
20838,6
20839,-4
20840,0
20841,0
20842,10
20843,0
20844,14
20845,0
20846,0
20847,-4
20848,0
20849,-4
20850,4
20851,0
20852,0
20853,6
20854,-4
20855,0
20856,4
20857,0
20858,-4
20859,-4
20860,0
20861,-4
20862,-4
20863,-4
20864,-4
20865,10
20866,0
20867,6
20868,-4
20869,-4
20870,-4
20871,0
20872,-4
20873,-8
20874,-4
20875,0
20876,-4
20877,-22
20878,0
20879,-8
20880,0
20881,0
20882,6
20883,0
20884,-4
20885,0
20886,-4
20887,-4
20888,0
20889,0
20890,0
20891,-4
20892,0
20893,-4
20894,0
20895,0
20896,0
20897,0
20898,0
20899,0
20900,0
20901,-4
20902,4
20903,0
20904,0
20905,0
20906,0
20907,-4
20908,0
20909,2
20910,0
20911,0
20912,-4
20913,2
20914,2
20915,0
20916,0
20917,0
20918,0
20919,6
20920,4
20921,0
20922,0
20923,6
20924,2
20925,0
20926,0
20927,0
20928,10
20929,2
20930,4
20931,4
20932,0
20933,6
20934,-4
20935,0
20936,-4
20937,0
20938,10
20939,0
20940,0
20941,4
20942,10
20943,0
20944,-4
20945,-4
20946,-4
20947,-4
20948,0
20949,0
20950,0
20951,0
20952,0
20953,-4
20954,0
20955,0
20956,-4
20957,0
20958,-4
20959,0
20960,0
20961,0
20962,0
20963,0
20964,-4
20965,-4
20966,-4
20967,-4
20968,-4
20969,-8
20970,0
20971,-4
20972,-6
20973,-8
20974,-4
20975,-8
20976,-8
20977,0
20978,-4
20979,0
20980,0
20981,0
20982,-8
20983,0
20984,-4
20985,-6
20986,-4
20987,0
20988,6
20989,-4
20990,0
20991,0
20992,-14
20993,0
20994,6
20995,0
20996,0
20997,-4
20998,4
20999,0
21000,0
21001,0
21002,2
21003,-4
21004,-4
21005,0
21006,0
21007,-4
21008,0
21009,0
21010,-4
21011,2
21012,2
21013,0
21014,4
21015,6
21016,2
21017,-4
21018,0
21019,6
21020,-8
21021,6
21022,0
21023,0
21024,0
21025,0
21026,4
21027,0
21028,0
21029,0
21030,10
21031,2
21032,-4
21033,-14
21034,0
21035,0
21036,6
21037,0
21038,0
21039,0
21040,6
21041,0
21042,0
21043,-4
21044,0
21045,0
21046,0
21047,0
21048,0
21049,6
21050,0
21051,2
21052,-4
21053,-4
21054,4
21055,0
21056,0
21057,0
21058,-4
21059,-4
21060,-4
21061,0
21062,0
21063,0
21064,-4
21065,-4
21066,-4
21067,-4
21068,0
21069,-4
21070,-4
21071,-4
21072,-8
21073,0
21074,-4
21075,0
21076,-4
21077,-4
21078,-4
21079,-4
21080,-4
21081,-4
21082,0
21083,-4
21084,0
21085,-6
21086,-4
21087,0
21088,0
21089,-4
21090,-4
21091,0
21092,-4
21093,-4
21094,0
21095,0
21096,-6
21097,0
21098,-4
21099,0
21100,0
21101,2
21102,2
21103,0
21104,-4
21105,14
21106,0
21107,0
21108,2
21109,0
21110,0
21111,2
21112,0
21113,4
21114,8
21115,0
21116,2
21117,0
21118,6
21119,0
21120,4
21121,6
21122,-12
21123,6
21124,4
21125,0
21126,0
21127,0
21128,2
21129,6
21130,0
21131,-6
21132,2
21133,6
21134,0
21135,0
21136,6
21137,0
21138,4
21139,0
21140,0
21141,-4
21142,0
21143,0
21144,10
21145,0
21146,0
21147,0
21148,0
21149,0
21150,0
21151,0
21152,-14
21153,0
21154,4
21155,0
21156,-4
21157,0
21158,0
21159,0
21160,-4
21161,-4
21162,-4
21163,0
21164,0
21165,-4
21166,0
21167,-4
21168,-4
21169,-4
21170,-4
21171,-4
21172,-4
21173,-6
21174,0
21175,-4
21176,0
21177,0
21178,-4
21179,-4
21180,-4
21181,10
21182,-4
21183,0
21184,6
21185,-6
21186,-4
21187,-16
21188,0
21189,2
21190,-4
21191,0
21192,-4
21193,8
21194,-4
21195,0
21196,0
21197,-4
21198,0
21199,-4
21200,6
21201,0
21202,0
21203,0
21204,0
21205,0
21206,0
21207,0
21208,0
21209,-4
21210,4
21211,0
21212,0
21213,0
21214,0
21215,4
21216,0
21217,0
21218,-4
21219,2
21220,-4
21221,0
21222,6
21223,2
21224,2
21225,0
21226,0
21227,0
21228,0
21229,0
21230,2
21231,-22
21232,4
21233,-4
21234,10
21235,0
21236,2
21237,8
21238,-4
21239,-4
21240,4
21241,-6
21242,0
21243,-4
21244,0
21245,-6
21246,0
21247,0
21248,0
21249,0
21250,-6
21251,2
21252,-4
21253,6
21254,-8
21255,0
21256,0
21257,2
21258,-10
21259,-4
21260,0
21261,-4
21262,-4
21263,0
21264,-4
21265,-6
21266,-4
21267,-4
21268,-8
21269,0
21270,-4
21271,0
21272,0
21273,-6
21274,-4
21275,0
21276,-4
21277,0
21278,-4
21279,-4
21280,-4
21281,0
21282,-4
21283,-4
21284,-4
21285,-4
21286,0
21287,0
21288,-4
21289,-4
21290,0
21291,0
21292,6
21293,0
21294,4
21295,0
21296,0
21297,-10
21298,-4
21299,-4
21300,0
21301,0
21302,0
21303,0
21304,0
21305,0
21306,0
21307,0
21308,0
21309,0
21310,0
21311,4
21312,4
21313,0
21314,0
21315,0
21316,2
21317,0
21318,0
21319,6
21320,2
21321,2
21322,0
21323,8
21324,4
21325,0
21326,-4
21327,0
21328,0
21329,0
21330,0
21331,4
21332,6
21333,4
21334,0
21335,-4
21336,0
21337,4
21338,0
21339,4
21340,0
21341,0
21342,0
21343,0
21344,-4
21345,0
21346,0
21347,-8
21348,0
21349,10
21350,-4
21351,-8
21352,0
21353,-4
21354,-4
21355,0
21356,2
21357,-8
21358,0
21359,0
21360,-4
21361,-4
21362,-4
21363,0
21364,-4
21365,-4
21366,0
21367,-4
21368,-4
21369,0
21370,-4
21371,-4
21372,-4
21373,-4
21374,-4
21375,-6
21376,4
21377,-4
21378,-4
21379,-4
21380,-4
21381,-4
21382,-22
21383,0
21384,4
21385,22
21386,-4
21387,0
21388,-14
21389,2
21390,0
21391,2
21392,0
21393,0
21394,0
21395,-4
21396,0
21397,0
21398,-4
21399,0
21400,-4
21401,0
21402,4
21403,-18
21404,0
21405,0
21406,2
21407,0
21408,0
21409,2
21410,0
21411,0
21412,-4
21413,0
21414,6
21415,4
21416,-6
21417,4
21418,4
21419,0
21420,0
21421,0
21422,-4
21423,-4
21424,0
21425,0
21426,0
21427,-4
21428,4
21429,10
21430,0
21431,4
21432,0
21433,0
21434,0
21435,0
21436,6
21437,2
21438,2
21439,0
21440,0
21441,0
21442,-16
21443,0
21444,0
21445,0
21446,-4
21447,2
21448,-20
21449,0
21450,0
21451,-14
21452,0
21453,0
21454,0
21455,0
21456,-4
21457,-4
21458,0
21459,-4
21460,-4
21461,-4
21462,0
21463,0
21464,-4
21465,0
21466,-4
21467,-4
21468,-4
21469,-4
21470,-4
21471,0
21472,-4
21473,-4
21474,0
21475,-4
21476,0
21477,-4
21478,-4
21479,0
21480,-4
21481,18
21482,-4
21483,-4
21484,24
21485,0
21486,-4
21487,0
21488,0
21489,0
21490,2
21491,-4
21492,0
21493,8
21494,0
21495,0
21496,-4
21497,0
21498,0
21499,-4
21500,0
21501,2
21502,4
21503,0
21504,0
21505,0
21506,-4
21507,0
21508,-4
21509,0
21510,0
21511,0
21512,0
21513,0
21514,4
21515,-4
21516,4
21517,-4
21518,0
21519,4
21520,6
21521,-4
21522,4
21523,4
21524,0
21525,0
21526,2
21527,0
21528,0
21529,2
21530,0
21531,2
21532,0
21533,0
21534,14
21535,-4
21536,0
21537,4
21538,0
21539,-4
21540,0
21541,6
21542,-4
21543,-4
21544,-4
21545,-4
21546,0
21547,0
21548,2
21549,0
21550,0
21551,-4
21552,0
21553,-4
21554,-4
21555,0
21556,0
21557,-4
21558,0
21559,0
21560,-4
21561,0
21562,-4
21563,-4
21564,0
21565,-4
21566,-10
21567,4
21568,-4
21569,-4
21570,-8
21571,-4
21572,0
21573,-4
21574,0
21575,-4
21576,-4
21577,-4
21578,-4
21579,0
21580,4
21581,-4
21582,0
21583,-8
21584,-4
21585,-4
21586,0
21587,-6
21588,-4
21589,4
21590,2
21591,-4
21592,-4
21593,0
21594,4
21595,0
21596,-4
21597,0
21598,-4
21599,6
21600,0
21601,2
21602,0
21603,2
21604,0
21605,-4
21606,20
21607,0
21608,-14
21609,0
21610,0
21611,0
21612,2
21613,0
21614,6
21615,0
21616,-4
21617,-8
21618,0
21619,-4
21620,4
21621,0
21622,-4
21623,4
21624,2
21625,0
21626,0
21627,2
21628,-6
21629,0
21630,-8
21631,4
21632,4
21633,10
21634,4
21635,0
21636,-14
21637,4
21638,0
21639,-8
21640,-4
21641,0
21642,0
21643,8
21644,0
21645,0
21646,0
21647,0
21648,-4
21649,0
21650,-8
21651,0
21652,2
21653,-4
21654,0
21655,10
21656,0
21657,0
21658,0
21659,0
21660,0
21661,-4
21662,0
21663,-4
21664,0
21665,-4
21666,0
21667,0
21668,-4
21669,0
21670,0
21671,-4
21672,-4
21673,-4
21674,-4
21675,-4
21676,-4
21677,-4
21678,-4
21679,0
21680,-4
21681,-4
21682,-6
21683,0
21684,0
21685,0
21686,-4
21687,0
21688,-4
21689,-4
21690,0
21691,0
21692,0
21693,0
21694,10
21695,0
21696,0
21697,0
21698,16
21699,0
21700,0
21701,-8
21702,2
21703,-4
21704,0
21705,0
21706,4
21707,0
21708,8
21709,0
21710,4
21711,4
21712,0
21713,-4
21714,0
21715,2
21716,4
21717,0
21718,6
21719,0
21720,0
21721,2
21722,0
21723,8
21724,4
21725,4
21726,10
21727,-4
21728,2
21729,14
21730,0
21731,0
21732,0
21733,4
21734,-4
21735,-14
21736,0
21737,4
21738,-4
21739,0
21740,0
21741,4
21742,2
21743,0
21744,10
21745,-4
21746,0
21747,0
21748,-24
21749,0
21750,-4
21751,-8
21752,-4
21753,0
21754,0
21755,0
21756,4
21757,-4
21758,0
21759,0
21760,0
21761,0
21762,-4
21763,-4
21764,-4
21765,0
21766,-4
21767,0
21768,0
21769,-4
21770,-4
21771,-4
21772,0
21773,-4
21774,-4
21775,2
21776,10
21777,-4
21778,0
21779,24
21780,0
21781,0
21782,-4
21783,-4
21784,-4
21785,-4
21786,-4
21787,0
21788,-4
21789,0
21790,0
21791,-4
21792,-4
21793,-4
21794,-4
21795,18
21796,0
21797,0
21798,0
21799,0
21800,-4
21801,-4
21802,10
21803,0
21804,4
21805,-4
21806,-4
21807,0
21808,2
21809,2
21810,4
21811,0
21812,0
21813,0
21814,0
21815,0
21816,0
21817,4
21818,6
21819,2
21820,0
21821,0
21822,0
21823,0
21824,4
21825,8
21826,2
21827,-12
21828,0
21829,6
21830,0
21831,-14
21832,0
21833,0
21834,18
21835,2
21836,0
21837,0
21838,-4
21839,0
21840,0
21841,10
21842,0
21843,0
21844,4
21845,6
21846,0
21847,2
21848,-4
21849,0
21850,0
21851,-6
21852,-4
21853,0
21854,0
21855,0
21856,0
21857,0
21858,-4
21859,0
21860,-10
21861,-4
21862,0
21863,-4
21864,-4
21865,-8
21866,-4
21867,0
21868,-4
21869,-4
21870,-8
21871,0
21872,-4
21873,-4
21874,0
21875,-4
21876,-4
21877,-4
21878,-4
21879,-4
21880,0
21881,-4
21882,-4
21883,0
21884,-4
21885,-4
21886,-8
21887,0
21888,-4
21889,-8
21890,0
21891,2
21892,-4
21893,-4
21894,0
21895,0
21896,-18
21897,6
21898,0
21899,0
21900,0
21901,0
21902,0
21903,0
21904,10
21905,0
21906,0
21907,0
21908,-4
21909,4
21910,4
21911,0
21912,0
21913,2
21914,4
21915,-10
21916,0
21917,0
21918,0
21919,0
21920,6
21921,0
21922,0
21923,0
21924,-4
21925,0
21926,0
21927,0
21928,2
21929,0
21930,14
21931,0
21932,4
21933,0
21934,0
21935,6
21936,6
21937,6
21938,6
21939,-4
21940,-4
21941,0
21942,-4
21943,-18
21944,0
21945,-4
21946,-4
21947,0
21948,0
21949,2
21950,-4
21951,-4
21952,0
21953,-4
21954,0
21955,-4
21956,0
21957,-4
21958,0
21959,-4
21960,0
21961,-4
21962,-4
21963,-4
21964,-4
21965,-4
21966,-4
21967,0
21968,-4
21969,0
21970,-4
21971,0
21972,0
21973,-4
21974,6
21975,-4
21976,-4
21977,-4
21978,-4
21979,-4
21980,-4
21981,-4
21982,0
21983,-4
21984,-4
21985,-22
21986,-4
21987,-4
21988,6
21989,0
21990,-4
21991,-4
21992,-4
21993,0
21994,0
21995,0
21996,0
21997,0
21998,-4
21999,0
22000,0
22001,0
22002,0
22003,0
22004,2
22005,0
22006,0
22007,0
22008,2
22009,-4
22010,0
22011,0
22012,0
22013,4
22014,4
22015,2
22016,0
22017,0
22018,0
22019,-8
22020,0
22021,10
22022,0
22023,0
22024,4
22025,2
22026,0
22027,0
22028,0
22029,-4
22030,0
22031,4
22032,-14
22033,0
22034,6
22035,0
22036,0
22037,2
22038,0
22039,2
22040,0
22041,-4
22042,-8
22043,0
22044,-4
22045,0
22046,2
22047,0
22048,0
22049,0
22050,-4
22051,0
22052,0
22053,0
22054,0
22055,-4
22056,2
22057,0
22058,0
22059,0
22060,-10
22061,0
22062,-4
22063,0
22064,-4
22065,-4
22066,-6
22067,0
22068,0
22069,0
22070,0
22071,-6
22072,0
22073,-8
22074,-4
22075,-6
22076,-4
22077,0
22078,-4
22079,0
22080,-4
22081,-4
22082,20
22083,0
22084,0
22085,-8
22086,-4
22087,-4
22088,0
22089,-4
22090,0
22091,6
22092,0
22093,-4
22094,2
22095,-4
22096,0
22097,4
22098,-4
22099,4
22100,-4
22101,0
22102,0
22103,6
22104,-4
22105,2
22106,0
22107,-4
22108,0
22109,0
22110,0
22111,0
22112,0
22113,14
22114,0
22115,0
22116,4
22117,-4
22118,0
22119,0
22120,0
22121,2
22122,0
22123,-4
22124,2
22125,0
22126,10
22127,4
22128,4
22129,2
22130,0
22131,0
22132,-22
22133,4
22134,0
22135,0
22136,-20
22137,0
22138,-4
22139,2
22140,14
22141,0
22142,0
22143,0
22144,0
22145,6
22146,0
22147,0
22148,8
22149,-6
22150,-4
22151,4
22152,0
22153,18
22154,-14
22155,6
22156,0
22157,-8
22158,10
22159,-4
22160,0
22161,-4
22162,0
22163,0
22164,0
22165,0
22166,-6
22167,0
22168,-4
22169,-8
22170,-8
22171,0
22172,0
22173,-4
22174,-4
22175,0
22176,-4
22177,-4
22178,0
22179,-4
22180,0
22181,-4
22182,0
22183,0
22184,-4
22185,0
22186,-4
22187,4
22188,-4
22189,-4
22190,-8
22191,0
22192,0
22193,0
22194,0
22195,-16
22196,-4
22197,0
22198,0
22199,0
22200,0
22201,0
22202,0
22203,0
22204,0
22205,-4
22206,0
22207,0
22208,0
22209,0
22210,2
22211,4
22212,2
22213,2
22214,0
22215,0
22216,2
22217,-6
22218,0
22219,0
22220,0
22221,2
22222,0
22223,-4
22224,4
22225,0
22226,0
22227,2
22228,4
22229,0
22230,-6
22231,4
22232,6
22233,4
22234,4
22235,0
22236,-12
22237,0
22238,0
22239,6
22240,0
22241,0
22242,0
22243,-16
22244,0
22245,-4
22246,0
22247,0
22248,0
22249,0
22250,0
22251,-10
22252,0
22253,0
22254,-4
22255,-4
22256,0
22257,0
22258,0
22259,0
22260,-4
22261,0
22262,0
22263,0
22264,0
22265,-4
22266,-4
22267,-6
22268,0
22269,-4
22270,-4
22271,-8
22272,-4
22273,-4
22274,-4
22275,-14
22276,0
22277,-4
22278,0
22279,-4
22280,10
22281,-4
22282,0
22283,0
22284,2
22285,-4
22286,0
22287,-4
22288,-4
22289,0
22290,0
22291,0
22292,0
22293,0
22294,-6
22295,0
22296,-4
22297,6
22298,0
22299,0
22300,4
22301,0
22302,6
22303,0
22304,0
22305,0
22306,0
22307,0
22308,0
22309,0
22310,0
22311,0
22312,2
22313,0
22314,2
22315,0
22316,8
22317,-8
22318,0
22319,2
22320,0
22321,0
22322,0
22323,0
22324,4
22325,0
22326,0
22327,4
22328,4
22329,0
22330,4
22331,0
22332,-6
22333,2
22334,-4
22335,8
22336,0
22337,0
22338,0
22339,16
22340,-4
22341,0
22342,4
22343,-4
22344,2
22345,0
22346,0
22347,0
22348,-4
22349,0
22350,-4
22351,-4
22352,0
22353,-4
22354,0
22355,0
22356,0
22357,0
22358,4
22359,0
22360,-4
22361,-4
22362,0
22363,-6
22364,0
22365,-4
22366,4
22367,-4
22368,-8
22369,-4
22370,0
22371,-4
22372,0
22373,-4
22374,0
22375,-4
22376,0
22377,-4
22378,0
22379,4
22380,-4
22381,0
22382,-4
22383,-4
22384,-4
22385,-4
22386,-4
22387,-8
22388,-4
22389,0
22390,-4
22391,-4
22392,0
22393,0
22394,0
22395,4
22396,0
22397,-4
22398,0
22399,0
22400,0
22401,0
22402,0
22403,0
22404,8
22405,4
22406,0
22407,8
22408,28
22409,4
22410,-4
22411,10
22412,2
22413,4
22414,4
22415,2
22416,10
22417,4
22418,-12
22419,6
22420,-4
22421,0
22422,6
22423,0
22424,14
22425,4
22426,4
22427,0
22428,4
22429,-8
22430,0
22431,4
22432,0
22433,0
22434,-4
22435,10
22436,4
22437,6
22438,18
22439,6
22440,0
22441,0
22442,0
22443,0
22444,14
22445,0
22446,0
22447,2
22448,-4
22449,0
22450,-8
22451,-4
22452,0
22453,-4
22454,-4
22455,-4
22456,-4
22457,0
22458,0
22459,0
22460,-4
22461,-4
22462,0
22463,0
22464,-4
22465,0
22466,-8
22467,-4
22468,-10
22469,-4
22470,-4
22471,-4
22472,0
22473,-4
22474,2
22475,-4
22476,0
22477,-4
22478,0
22479,-4
22480,-4
22481,-4
22482,0
22483,-4
22484,-4
22485,-4
22486,-4
22487,-4
22488,-4
22489,0
22490,4
22491,0
22492,-4
22493,20
22494,-4
22495,4
22496,0
22497,0
22498,0
22499,4
22500,2
22501,4
22502,0
22503,0
22504,0
22505,0
22506,0
22507,2
22508,0
22509,0
22510,0
22511,10
22512,0
22513,2
22514,0
22515,0
22516,0
22517,4
22518,0
22519,0
22520,-8
22521,-4
22522,6
22523,0
22524,2
22525,0
22526,-10
22527,-12
22528,4
22529,4
22530,4
22531,0
22532,0
22533,10
22534,0
22535,0
22536,0
22537,0
22538,-4
22539,-4
22540,-14
22541,0
22542,2
22543,0
22544,-4
22545,-12
22546,0
22547,0
22548,0
22549,0
22550,0
22551,-4
22552,0
22553,8
22554,-4
22555,-4
22556,-4
22557,0
22558,0
22559,0
22560,0
22561,0
22562,-4
22563,0
22564,0
22565,0
22566,0
22567,-4
22568,0
22569,-4
22570,-14
22571,-24
22572,0
22573,-4
22574,-4
22575,-4
22576,0
22577,0
22578,-4
22579,0
22580,0
22581,-4
22582,0
22583,0
22584,0
22585,-4
22586,-4
22587,0
22588,0
22589,6
22590,0
22591,0
22592,-8
22593,0
22594,0
22595,-4
22596,0
22597,0
22598,0
22599,0
22600,0
22601,0
22602,0
22603,0
22604,0
22605,0
22606,4
22607,0
22608,4
22609,0
22610,6
22611,0
22612,2
22613,0
22614,0
22615,0
22616,0
22617,-4
22618,0
22619,6
22620,0
22621,0
22622,6
22623,0
22624,0
22625,8
22626,0
22627,0
22628,0
22629,2
22630,-22
22631,0
22632,-4
22633,0
22634,0
22635,0
22636,-4
22637,0
22638,4
22639,10
22640,0
22641,0
22642,0
22643,2
22644,0
22645,0
22646,4
22647,0
22648,0
22649,0
22650,0
22651,0
22652,-4
22653,6
22654,0
22655,-8
22656,0
22657,0
22658,-4
22659,-4
22660,-4
22661,0
22662,0
22663,-4
22664,-4
22665,-4
22666,-4
22667,-4
22668,-4
22669,-4
22670,-4
22671,-4
22672,14
22673,-4
22674,-6
22675,-8
22676,-4
22677,-4
22678,-14
22679,-4
22680,-4
22681,-4
22682,2
22683,0
22684,-4
22685,-8
22686,-4
22687,0
22688,-4
22689,0
22690,0
22691,10
22692,-4
22693,-4
22694,0
22695,-4
22696,0
22697,0
22698,0
22699,-4
22700,0
22701,0
22702,-4
22703,0
22704,0
22705,0
22706,4
22707,0
22708,0
22709,0
22710,6
22711,4
22712,4
22713,4
22714,6
22715,0
22716,0
22717,0
22718,0
22719,0
22720,0
22721,0
22722,2
22723,2
22724,4
22725,0
22726,2
22727,0
22728,0
22729,-4
22730,4
22731,-4
22732,0
22733,2
22734,0
22735,8
22736,0
22737,0
22738,0
22739,-4
22740,-4
22741,0
22742,-6
22743,0
22744,2
22745,4
22746,8
22747,-4
22748,0
22749,0
22750,0
22751,-6
22752,-4
22753,-4
22754,6
22755,-12
22756,0
22757,0
22758,0
22759,0
22760,-4
22761,0
22762,-4
22763,-4
22764,-4
22765,0
22766,-4
22767,0
22768,0
22769,0
22770,-4
22771,-8
22772,0
22773,-4
22774,-8
22775,-4
22776,0
22777,0
22778,-4
22779,-8
22780,-4
22781,0
22782,-10
22783,-4
22784,0
22785,-4
22786,8
22787,-4
22788,-6
22789,0
22790,-20
22791,-4
22792,0
22793,6
22794,0
22795,0
22796,0
22797,0
22798,0
22799,0
22800,0
22801,0
22802,0
22803,0
22804,0
22805,0
22806,0
22807,18
22808,2
22809,-4
22810,0
22811,2
22812,-4
22813,0
22814,4
22815,0
22816,0
22817,8
22818,4
22819,0
22820,0
22821,0
22822,-4
22823,4
22824,6
22825,0
22826,8
22827,-4
22828,0
22829,2
22830,0
22831,-10
22832,0
22833,0
22834,2
22835,0
22836,0
22837,-4
22838,0
22839,-4
22840,6
22841,0
22842,-4
22843,2
22844,14
22845,0
22846,0
22847,0
22848,0
22849,0
22850,2
22851,-4
22852,-4
22853,0
22854,0
22855,0
22856,-8
22857,0
22858,-4
22859,-4
22860,0
22861,-4
22862,-4
22863,0
22864,0
22865,-4
22866,-4
22867,-4
22868,-8
22869,-4
22870,-4
22871,-4
22872,0
22873,0
22874,-4
22875,-4
22876,0
22877,-4
22878,2
22879,0
22880,-4
22881,-4
22882,24
22883,0
22884,-4
22885,0
22886,-4
22887,-4
22888,6
22889,-4
22890,-4
22891,2
22892,0
22893,0
22894,-6
22895,0
22896,10
22897,0
22898,-4
22899,0
22900,0
22901,6
22902,0
22903,0
22904,-16
22905,0
22906,0
22907,0
22908,0
22909,0
22910,0
22911,2
22912,0
22913,0
22914,0
22915,0
22916,2
22917,2
22918,0
22919,0
22920,0
22921,0
22922,0
22923,0
22924,2
22925,0
22926,10
22927,8
22928,6
22929,0
22930,-14
22931,2
22932,-4
22933,2
22934,0
22935,4
22936,-4
22937,4
22938,-4
22939,0
22940,-6
22941,0
22942,0
22943,-4
22944,0
22945,6
22946,0
22947,-4
22948,-4
22949,0
22950,-4
22951,2
22952,0
22953,-4
22954,0
22955,0
22956,-4
22957,-6
22958,-4
22959,-8
22960,0
22961,0
22962,-4
22963,-4
22964,0
22965,0
22966,0
22967,0
22968,-4
22969,0
22970,-4
22971,-4
22972,-4
22973,-4
22974,-4
22975,0
22976,-4
22977,-4
22978,-4
22979,0
22980,-4
22981,6
22982,-4
22983,-6
22984,-4
22985,-4
22986,0
22987,-4
22988,0
22989,-8
22990,18
22991,0
22992,6
22993,0
22994,0
22995,0
22996,-4
22997,-4
22998,2
22999,-6
23000,-4
23001,0
23002,6
23003,0
23004,0
23005,0
23006,0
23007,0
23008,0
23009,0
23010,0
23011,0
23012,-4
23013,0
23014,4
23015,2
23016,-4
23017,0
23018,0
23019,4
23020,-12
23021,4
23022,6
23023,6
23024,4
23025,4
23026,0
23027,4
23028,0
23029,0
23030,0
23031,0
23032,-14
23033,2
23034,0
23035,0
23036,0
23037,0
23038,-4
23039,0
23040,0
23041,0
23042,-6
23043,0
23044,0
23045,0
23046,0
23047,0
23048,0
23049,6
23050,0
23051,0
23052,6
23053,-4
23054,0
23055,0
23056,0
23057,8
23058,4
23059,0
23060,0
23061,0
23062,0
23063,-4
23064,-4
23065,-4
23066,-4
23067,-4
23068,0
23069,-6
23070,-4
23071,0
23072,-4
23073,-4
23074,-4
23075,-4
23076,4
23077,-6
23078,-4
23079,-4
23080,0
23081,-4
23082,0
23083,0
23084,-4
23085,-4
23086,0
23087,0
23088,0
23089,0
23090,0
23091,-4
23092,-4
23093,0
23094,0
23095,0
23096,4
23097,0
23098,0
23099,-4
23100,0
23101,-4
23102,0
23103,4
23104,0
23105,0
23106,0
23107,0
23108,-4
23109,6
23110,-4
23111,4
23112,0
23113,0
23114,0
23115,0
23116,-4
23117,0
23118,2
23119,-14
23120,2
23121,0
23122,0
23123,2
23124,-8
23125,0
23126,0
23127,2
23128,0
23129,-14
23130,0
23131,-4
23132,0
23133,0
23134,0
23135,-4
23136,6
23137,6
23138,6
23139,-4
23140,8
23141,0
23142,-4
23143,0
23144,-14
23145,0
23146,-14
23147,0
23148,0
23149,-4
23150,-4
23151,-4
23152,-4
23153,0
23154,0
23155,-4
23156,0
23157,-8
23158,0
23159,2
23160,0
23161,0
23162,-4
23163,0
23164,-4
23165,-4
23166,0
23167,0
23168,0
23169,-4
23170,-4
23171,-4
23172,-4
23173,0
23174,0
23175,-4
23176,-4
23177,6
23178,-4
23179,0
23180,-4
23181,-4
23182,4
23183,-4
23184,-4
23185,-8
23186,-4
23187,-4
23188,-4
23189,-4
23190,-4
23191,-4
23192,-14
23193,0
23194,-4
23195,0
23196,-4
23197,0
23198,0
23199,0
23200,0
23201,0
23202,0
23203,4
23204,0
23205,4
23206,0
23207,0
23208,10
23209,2
23210,-4
23211,0
23212,0
23213,0
23214,-4
23215,0
23216,2
23217,0
23218,0
23219,-8
23220,6
23221,0
23222,4
23223,0
23224,6
23225,4
23226,2
23227,6
23228,0
23229,2
23230,6
23231,0
23232,0
23233,0
23234,0
23235,0
23236,10
23237,0
23238,4
23239,0
23240,0
23241,2
23242,0
23243,8
23244,0
23245,0
23246,-4
23247,14
23248,0
23249,0
23250,0
23251,0
23252,-4
23253,-4
23254,6
23255,-10
23256,0
23257,0
23258,0
23259,-4
23260,0
23261,-4
23262,0
23263,0
23264,0
23265,-4
23266,-4
23267,0
23268,-4
23269,-4
23270,0
23271,-4
23272,0
23273,-4
23274,-4
23275,-6
23276,-22
23277,-4
23278,-6
23279,0
23280,-4
23281,-4
23282,-4
23283,0
23284,-4
23285,-4
23286,-4
23287,-4
23288,18
23289,-4
23290,-4
23291,0
23292,-4
23293,0
23294,0
23295,14
23296,0
23297,0
23298,8
23299,4
23300,0
23301,-4
23302,0
23303,0
23304,0
23305,6
23306,-4
23307,0
23308,0
23309,0
23310,0
23311,0
23312,0
23313,0
23314,24
23315,0
23316,10
23317,0
23318,2
23319,2
23320,0
23321,0
23322,0
23323,0
23324,2
23325,0
23326,8
23327,0
23328,14
23329,2
23330,0
23331,4
23332,10
23333,-4
23334,0
23335,4
23336,16
23337,0
23338,0
23339,0
23340,-4
23341,0
23342,0
23343,0
23344,-4
23345,0
23346,-4
23347,8
23348,0
23349,0
23350,0
23351,-4
23352,-4
23353,6
23354,-4
23355,0
23356,0
23357,0
23358,0
23359,-8
23360,0
23361,-4
23362,0
23363,0
23364,-4
23365,0
23366,0
23367,-4
23368,0
23369,0
23370,-4
23371,-4
23372,0
23373,-4
23374,-4
23375,-4
23376,-4
23377,0
23378,0
23379,0
23380,-4
23381,-4
23382,-4
23383,0
23384,-10
23385,-4
23386,0
23387,-8
23388,-4
23389,0
23390,8
23391,-4
23392,0
23393,0
23394,-4
23395,0
23396,-4
23397,4
23398,0
23399,-4
23400,0
23401,10
23402,0
23403,0
23404,0
23405,4
23406,0
23407,4
23408,0
23409,0
23410,0
23411,0
23412,6
23413,4
23414,-4
23415,0
23416,0
23417,4
23418,0
23419,4
23420,0
23421,0
23422,4
23423,2
23424,2
23425,-6
23426,0
23427,2
23428,0
23429,10
23430,0
23431,-6
23432,6
23433,-4
23434,10
23435,0
23436,-4
23437,-4
23438,6
23439,0
23440,0
23441,6
23442,0
23443,0
23444,0
23445,0
23446,8
23447,0
23448,0
23449,0
23450,-4
23451,4
23452,-4
23453,0
23454,0
23455,-4
23456,-4
23457,0
23458,0
23459,0
23460,10
23461,2
23462,-4
23463,0
23464,-8
23465,0
23466,-4
23467,-4
23468,-4
23469,0
23470,-4
23471,-8
23472,-8
23473,0
23474,-4
23475,-4
23476,-4
23477,-4
23478,-4
23479,6
23480,-4
23481,-6
23482,-4
23483,0
23484,-4
23485,-4
23486,-4
23487,0
23488,0
23489,0
23490,4
23491,0
23492,2
23493,6
23494,0
23495,-4
23496,0
23497,2
23498,0
23499,0
23500,0
23501,0
23502,-4
23503,0
23504,0
23505,-4
23506,-4
23507,14
23508,0
23509,0
23510,0
23511,0
23512,0
23513,0
23514,4
23515,0
23516,0
23517,0
23518,0
23519,4
23520,-12
23521,0
23522,0
23523,4
23524,4
23525,0
23526,2
23527,-4
23528,0
23529,2
23530,0
23531,6
23532,0
23533,-8
23534,0
23535,0
23536,0
23537,0
23538,0
23539,0
23540,2
23541,-6
23542,2
23543,0
23544,-6
23545,2
23546,-4
23547,-4
23548,0
23549,-4
23550,0
23551,-4
23552,-4
23553,-4
23554,0
23555,0
23556,2
23557,-4
23558,0
23559,0
23560,-4
23561,0
23562,-4
23563,-4
23564,0
23565,-4
23566,-4
23567,-4
23568,-8
23569,-4
23570,6
23571,0
23572,0
23573,0
23574,0
23575,-4
23576,-4
23577,-4
23578,0
23579,-4
23580,-22
23581,-4
23582,-8
23583,-4
23584,0
23585,-8
23586,-4
23587,0
23588,-6
23589,0
23590,0
23591,-4
23592,0
23593,0
23594,-4
23595,-4
23596,-4
23597,0
23598,0
23599,-4
23600,0
23601,0
23602,-4
23603,2
23604,0
23605,0
23606,0
23607,0
23608,0
23609,4
23610,0
23611,0
23612,4
23613,0
23614,2
23615,2
23616,0
23617,0
23618,0
23619,6
23620,6
23621,0
23622,0
23623,10
23624,6
23625,4
23626,-4
23627,-8
23628,6
23629,0
23630,-20
23631,2
23632,14
23633,0
23634,0
23635,4
23636,4
23637,0
23638,6
23639,2
23640,0
23641,0
23642,10
23643,2
23644,0
23645,-8
23646,0
23647,4
23648,-8
23649,-8
23650,6
23651,0
23652,0
23653,-4
23654,-4
23655,0
23656,0
23657,-4
23658,0
23659,6
23660,0
23661,0
23662,-4
23663,-4
23664,0
23665,-4
23666,-4
23667,-8
23668,0
23669,-4
23670,-4
23671,-4
23672,-4
23673,4
23674,0
23675,-4
23676,-4
23677,18
23678,-8
23679,-4
23680,-4
23681,-4
23682,10
23683,-4
23684,-4
23685,0
23686,-4
23687,0
23688,-4
23689,-18
23690,0
23691,-4
23692,-4
23693,0
23694,0
23695,-6
23696,0
23697,0
23698,0
23699,0
23700,0
23701,-12
23702,0
23703,4
23704,0
23705,-4
23706,0
23707,0
23708,0
23709,2
23710,0
23711,0
23712,2
23713,0
23714,10
23715,0
23716,0
23717,0
23718,4
23719,4
23720,0
23721,2
23722,0
23723,0
23724,-8
23725,4
23726,-4
23727,2
23728,0
23729,0
23730,4
23731,0
23732,2
23733,4
23734,0
23735,24
23736,0
23737,2
23738,-4
23739,-4
23740,0
23741,-4
23742,-4
23743,0
23744,0
23745,-8
23746,0
23747,0
23748,6
23749,-4
23750,0
23751,-8
23752,0
23753,16
23754,0
23755,-4
23756,0
23757,2
23758,0
23759,0
23760,-14
23761,-4
23762,-4
23763,-4
23764,0
23765,-4
23766,0
23767,0
23768,0
23769,0
23770,-4
23771,-4
23772,0
23773,0
23774,-4
23775,0
23776,-6
23777,-4
23778,-4
23779,0
23780,-8
23781,-4
23782,-4
23783,0
23784,-4
23785,-4
23786,-4
23787,-4
23788,-8
23789,-4
23790,0
23791,6
23792,-4
23793,-4
23794,0
23795,-4
23796,4
23797,0
23798,0
23799,0
23800,0
23801,4
23802,0
23803,0
23804,0
23805,0
23806,0
23807,2
23808,0
23809,0
23810,0
23811,2
23812,0
23813,0
23814,0
23815,0
23816,6
23817,4
23818,0
23819,0
23820,0
23821,6
23822,6
23823,0
23824,0
23825,2
23826,4
23827,4
23828,0
23829,0
23830,-6
23831,4
23832,0
23833,2
23834,6
23835,4
23836,-14
23837,0
23838,0
23839,6
23840,0
23841,0
23842,0
23843,10
23844,0
23845,-4
23846,0
23847,-14
23848,0
23849,0
23850,0
23851,0
23852,0
23853,-4
23854,0
23855,0
23856,0
23857,0
23858,0
23859,0
23860,0
23861,-4
23862,-4
23863,0
23864,0
23865,-4
23866,-4
23867,-4
23868,-4
23869,-8
23870,-4
23871,-4
23872,-4
23873,-4
23874,0
23875,-4
23876,-4
23877,-4
23878,-4
23879,0
23880,-4
23881,-4
23882,-4
23883,0
23884,0
23885,-4
23886,6
23887,-4
23888,-4
23889,-6
23890,0
23891,-4
23892,-4
23893,-4
23894,-4
23895,6
23896,0
23897,0
23898,0
23899,0
23900,6
23901,0
23902,0
23903,-4
23904,4
23905,0
23906,0
23907,0
23908,0
23909,-4
23910,-22
23911,0
23912,0
23913,-4
23914,0
23915,2
23916,0
23917,6
23918,0
23919,10
23920,4
23921,6
23922,4
23923,0
23924,0
23925,18
23926,0
23927,0
23928,0
23929,0
23930,2
23931,2
23932,6
23933,0
23934,0
23935,-4
23936,0
23937,0
23938,6
23939,-12
23940,0
23941,-4
23942,0
23943,0
23944,0
23945,10
23946,0
23947,0
23948,4
23949,-4
23950,-4
23951,6
23952,0
23953,6
23954,-4
23955,0
23956,-4
23957,-4
23958,-4
23959,0
23960,4
23961,0
23962,0
23963,-4
23964,4
23965,-4
23966,-4
23967,0
23968,0
23969,-4
23970,-4
23971,-4
23972,-4
23973,-4
23974,-4
23975,0
23976,-4
23977,0
23978,0
23979,-4
23980,-24
23981,-4
23982,22
23983,0
23984,-4
23985,24
23986,0
23987,0
23988,6
23989,-4
23990,0
23991,-4
23992,0
23993,0
23994,0
23995,0
23996,6
23997,2
23998,0
23999,0
24000,0
24001,-4
24002,0
24003,0
24004,0
24005,0
24006,0
24007,0
24008,4
24009,2
24010,-4
24011,0
24012,0
24013,0
24014,0
24015,0
24016,2
24017,0
24018,6
24019,0
24020,0
24021,6
24022,6
24023,0
24024,6
24025,2
24026,2
24027,6
24028,-4
24029,4
24030,0
24031,0
24032,4
24033,0
24034,6
24035,0
24036,0
24037,6
24038,4
24039,0
24040,0
24041,0
24042,-4
24043,-4
24044,0
24045,0
24046,6
24047,0
24048,0
24049,10
24050,-20
24051,2
24052,-4
24053,0
24054,6
24055,-4
24056,0
24057,-4
24058,-4
24059,2
24060,0
24061,-4
24062,0
24063,0
24064,0
24065,0
24066,0
24067,-4
24068,-4
24069,-4
24070,0
24071,-4
24072,-8
24073,-4
24074,0
24075,-8
24076,0
24077,-4
24078,6
24079,0
24080,-4
24081,-8
24082,-4
24083,0
24084,-18
24085,0
24086,0
24087,10
24088,0
24089,-4
24090,-4
24091,-4
24092,0
24093,-4
24094,-4
24095,0
24096,0
24097,0
24098,-4
24099,0
24100,0
24101,0
24102,6
24103,0
24104,6
24105,2
24106,0
24107,0
24108,0
24109,0
24110,0
24111,2
24112,0
24113,4
24114,4
24115,0
24116,2
24117,0
24118,0
24119,4
24120,0
24121,0
24122,2
24123,-6
24124,6
24125,0
24126,-10
24127,0
24128,0
24129,14
24130,0
24131,10
24132,6
24133,6
24134,0
24135,0
24136,2
24137,-4
24138,0
24139,-4
24140,-14
24141,0
24142,-4
24143,-4
24144,0
24145,0
24146,2
24147,2
24148,0
24149,0
24150,0
24151,4
24152,0
24153,0
24154,6
24155,-8
24156,-8
24157,4
24158,0
24159,0
24160,-8
24161,-4
24162,0
24163,-4
24164,-4
24165,-4
24166,-4
24167,-4
24168,0
24169,0
24170,-4
24171,0
24172,-4
24173,4
24174,-4
24175,-4
24176,6
24177,0
24178,-4
24179,-20
24180,-4
24181,-4
24182,0
24183,2
24184,-4
24185,-4
24186,0
24187,0
24188,0
24189,0
24190,-4
24191,0
24192,-4
24193,2
24194,0
24195,2
24196,0
24197,0
24198,8
24199,-4
24200,-4
24201,-4
24202,0
24203,4
24204,6
24205,0
24206,0
24207,0
24208,0
24209,0
24210,2
24211,0
24212,0
24213,0
24214,2
24215,0
24216,0
24217,0
24218,2
24219,0
24220,4
24221,0
24222,2
24223,0
24224,0
24225,0
24226,4
24227,2
24228,0
24229,0
24230,6
24231,2
24232,0
24233,-4
24234,0
24235,0
24236,10
24237,0
24238,0
24239,-4
24240,2
24241,-4
24242,0
24243,-12
24244,0
24245,-4
24246,0
24247,4
24248,0
24249,0
24250,0
24251,0
24252,-6
24253,0
24254,-4
24255,-8
24256,10
24257,-4
24258,-4
24259,2
24260,0
24261,0
24262,-4
24263,-4
24264,0
24265,-4
24266,0
24267,-4
24268,-4
24269,-4
24270,6
24271,0
24272,-4
24273,0
24274,6
24275,-4
24276,0
24277,-4
24278,-4
24279,0
24280,0
24281,-4
24282,-8
24283,0
24284,-4
24285,-6
24286,-4
24287,-4
24288,-12
24289,-4
24290,4
24291,-4
24292,-4
24293,0
24294,4
24295,0
24296,0
24297,0
24298,0
24299,6
24300,18
24301,0
24302,-4
24303,2
24304,0
24305,0
24306,4
24307,8
24308,-4
24309,-4
24310,4
24311,4
24312,2
24313,0
24314,0
24315,0
24316,0
24317,0
24318,0
24319,0
24320,0
24321,2
24322,4
24323,0
24324,0
24325,-6
24326,4
24327,2
24328,0
24329,0
24330,6
24331,0
24332,-10
24333,0
24334,0
24335,10
24336,0
24337,0
24338,-8
24339,0
24340,0
24341,-4
24342,10
24343,-4
24344,0
24345,6
24346,2
24347,0
24348,6
24349,0
24350,0
24351,0
24352,-4
24353,-4
24354,0
24355,0
24356,0
24357,-4
24358,-6
24359,0
24360,-14
24361,2
24362,-4
24363,0
24364,0
24365,-4
24366,0
24367,-4
24368,-4
24369,0
24370,-4
24371,0
24372,-4
24373,-4
24374,0
24375,-8
24376,-4
24377,0
24378,0
24379,-8
24380,0
24381,0
24382,-4
24383,0
24384,10
24385,0
24386,0
24387,8
24388,-4
24389,0
24390,-4
24391,0
24392,0
24393,-6
24394,0
24395,0
24396,-4
24397,0
24398,0
24399,0
24400,0
24401,0
24402,0
24403,0
24404,4
24405,0
24406,-4
24407,0
24408,0
24409,0
24410,0
24411,0
24412,4
24413,6
24414,2
24415,0
24416,0
24417,0
24418,-4
24419,-4
24420,0
24421,0
24422,2
24423,0
24424,0
24425,0
24426,0
24427,-8
24428,14
24429,0
24430,0
24431,6
24432,0
24433,2
24434,6
24435,4
24436,-4
24437,-4
24438,4
24439,0
24440,-4
24441,4
24442,-4
24443,0
24444,2
24445,-4
24446,2
24447,0
24448,4
24449,-10
24450,10
24451,-4
24452,0
24453,-8
24454,0
24455,0
24456,-4
24457,-4
24458,0
24459,4
24460,0
24461,-4
24462,0
24463,0
24464,0
24465,-4
24466,-4
24467,0
24468,-4
24469,0
24470,-4
24471,0
24472,-4
24473,-4
24474,-4
24475,-34
24476,-72.8571428571429
24477,-81.1764705882353
24478,-82.8571428571429
24479,-24
24480,22
24481,42
24482,56
24483,48
24484,46
24485,28
24486,28
24487,20
24488,8
24489,-8
24490,-34
24491,-52
24492,-64
24493,-82
24494,-50
24495,-22
24496,-14
24497,2
24498,0
24499,0
24500,4
24501,14
24502,24
24503,30
24504,30
24505,32
24506,30
24507,30
24508,24
24509,24
24510,24
24511,18
24512,14
24513,14
24514,10
24515,10
24516,14
24517,8
24518,4
24519,4
24520,0
24521,6
24522,0
24523,0
24524,0
24525,4
24526,6
24527,0
24528,0
24529,8
24530,2
24531,0
24532,0
24533,6
24534,0
24535,6
24536,10
24537,6
24538,0
24539,0
24540,0
24541,-4
24542,-8
24543,0
24544,-4
24545,4
24546,0
24547,10
24548,0
24549,0
24550,-4
24551,-4
24552,6
24553,0
24554,0
24555,0
24556,2
24557,-4
24558,0
24559,0
24560,2
24561,4
24562,-8
24563,0
24564,-4
24565,-4
24566,0
24567,0
24568,-4
24569,0
24570,-4
24571,-4
24572,-18
24573,2
24574,-4
24575,0
24576,6
24577,-4
24578,0
24579,0
24580,-6
24581,0
24582,0
24583,0
24584,-4
24585,-4
24586,0
24587,-4
24588,6
24589,0
24590,-4
24591,-4
24592,0
24593,0
24594,-4
24595,0
24596,0
24597,0
24598,2
24599,-4
24600,4
24601,14
24602,0
24603,-4
24604,4
24605,4
24606,0
24607,0
24608,-8
24609,0
24610,20
24611,2
24612,0
24613,0
24614,0
24615,0
24616,10
24617,4
24618,0
24619,0
24620,0
24621,0
24622,0
24623,-8
24624,0
24625,4
24626,4
24627,0
24628,0
24629,0
24630,10
24631,0
24632,-6
24633,0
24634,0
24635,-4
24636,-4
24637,0
24638,0
24639,0
24640,0
24641,0
24642,0
24643,0
24644,0
24645,-4
24646,0
24647,16
24648,0
24649,0
24650,0
24651,0
24652,2
24653,0
24654,-4
24655,0
24656,-4
24657,2
24658,0
24659,0
24660,0
24661,-4
24662,-4
24663,-4
24664,0
24665,-4
24666,20
24667,-4
24668,-4
24669,0
24670,-4
24671,-4
24672,-4
24673,6
24674,0
24675,0
24676,0
24677,-4
24678,0
24679,0
24680,-8
24681,-4
24682,-4
24683,-4
24684,0
24685,4
24686,-4
24687,0
24688,-4
24689,-4
24690,0
24691,4
24692,0
24693,2
24694,0
24695,-8
24696,-4
24697,14
24698,-4
24699,-4
24700,0
24701,0
24702,0
24703,-4
24704,10
24705,2
24706,0
24707,-4
24708,0
24709,0
24710,0
24711,0
24712,2
24713,0
24714,4
24715,2
24716,0
24717,6
24718,2
24719,0
24720,10
24721,0
24722,2
24723,0
24724,0
24725,6
24726,2
24727,6
24728,2
24729,0
24730,0
24731,0
24732,0
24733,0
24734,0
24735,-4
24736,8
24737,0
24738,14
24739,0
24740,2
24741,-8
24742,0
24743,0
24744,0
24745,-4
24746,0
24747,0
24748,0
24749,0
24750,0
24751,0
24752,0
24753,0
24754,-8
24755,0
24756,4
24757,-4
24758,0
24759,0
24760,0
24761,0
24762,0
24763,0
24764,-4
24765,-4
24766,-4
24767,-4
24768,0
24769,0
24770,0
24771,-4
24772,-4
24773,-4
24774,-4
24775,0
24776,-4
24777,0
24778,0
24779,0
24780,-4
24781,0
24782,-4
24783,-4
24784,-4
24785,-6
24786,-4
24787,0
24788,4
24789,-4
24790,-4
24791,-4
24792,0
24793,0
24794,2
24795,0
24796,-4
24797,-4
24798,-20
24799,0
24800,0
24801,-4
24802,0
24803,0
24804,2
24805,0
24806,0
24807,0
24808,0
24809,0
24810,-4
24811,-4
24812,0
24813,6
24814,0
24815,0
24816,2
24817,4
24818,0
24819,0
24820,2
24821,0
24822,6
24823,0
24824,2
24825,0
24826,0
24827,0
24828,0
24829,-6
24830,0
24831,16
24832,0
24833,0
24834,-8
24835,0
24836,0
24837,6
24838,6
24839,-4
24840,0
24841,0
24842,6
24843,-6
24844,0
24845,-4
24846,-8
24847,-4
24848,0
24849,0
24850,0
24851,-6
24852,0
24853,0
24854,-4
24855,4
24856,0
24857,6
24858,-4
24859,-4
24860,-4
24861,0
24862,-4
24863,-4
24864,0
24865,-4
24866,-4
24867,-4
24868,-4
24869,-4
24870,-4
24871,-6
24872,4
24873,0
24874,0
24875,-4
24876,0
24877,-4
24878,0
24879,-4
24880,14
24881,-4
24882,-4
24883,-4
24884,6
24885,-4
24886,0
24887,0
24888,0
24889,0
24890,-4
24891,0
24892,2
24893,-4
24894,6
24895,0
24896,-4
24897,0
24898,0
24899,6
24900,-4
24901,-8
24902,2
24903,0
24904,-4
24905,0
24906,-4
24907,0
24908,0
24909,0
24910,0
24911,8
24912,2
24913,-4
24914,0
24915,2
24916,0
24917,0
24918,0
24919,2
24920,0
24921,0
24922,2
24923,0
24924,0
24925,0
24926,0
24927,0
24928,0
24929,0
24930,-4
24931,0
24932,-4
24933,0
24934,0
24935,0
24936,0
24937,-4
24938,4
24939,8
24940,-4
24941,0
24942,4
24943,-14
24944,0
24945,0
24946,-4
24947,0
24948,0
24949,0
24950,6
24951,0
24952,0
24953,0
24954,0
24955,-4
24956,-8
24957,0
24958,0
24959,0
24960,0
24961,-4
24962,0
24963,0
24964,-4
24965,-4
24966,-4
24967,-4
24968,-4
24969,0
24970,-4
24971,22
24972,0
24973,0
24974,-4
24975,0
24976,-4
24977,-4
24978,-4
24979,2
24980,-4
24981,6
24982,-4
24983,0
24984,0
24985,-4
24986,0
24987,-4
24988,0
24989,4
24990,-8
24991,0
24992,-8
24993,4
24994,4
24995,0
24996,-4
24997,4
24998,0
24999,2
25000,-4
25001,0
25002,0
25003,0
25004,6
25005,0
25006,4
25007,0
25008,14
25009,0
25010,0
25011,2
25012,-8
25013,0
25014,0
25015,4
25016,0
25017,0
25018,0
25019,0
25020,0
25021,-4
25022,4
25023,2
25024,-14
25025,0
25026,4
25027,2
25028,2
25029,0
25030,10
25031,0
25032,6
25033,-4
25034,6
25035,0
25036,14
25037,0
25038,0
25039,2
25040,0
25041,-4
25042,0
25043,0
25044,0
25045,10
25046,0
25047,18
25048,-4
25049,0
25050,-4
25051,-4
25052,-4
25053,-8
25054,-12
25055,-8
25056,-6
25057,0
25058,6
25059,8
25060,10
25061,6
25062,6
25063,6
25064,6
25065,6
25066,6
25067,0
25068,6
25069,0
25070,0
25071,-4
25072,2
25073,-4
25074,-4
25075,-4
25076,-6
25077,-8
25078,-4
25079,-4
25080,0
25081,0
25082,-4
25083,24
25084,-4
25085,0
25086,-8
25087,-4
25088,0
25089,6
25090,-4
25091,-4
25092,-6
25093,-4
25094,-4
25095,-4
25096,0
25097,-6
25098,0
25099,0
25100,0
25101,4
25102,0
25103,-20
25104,2
25105,2
25106,6
25107,6
25108,0
25109,4
25110,0
25111,6
25112,2
25113,2
25114,0
25115,6
25116,6
25117,4
25118,0
25119,2
25120,-4
25121,0
25122,0
25123,0
25124,-4
25125,4
25126,4
25127,6
25128,6
25129,0
25130,2
25131,4
25132,4
25133,0
25134,24
25135,0
25136,0
25137,-6
25138,0
25139,-4
25140,0
25141,16
25142,0
25143,2
25144,0
25145,0
25146,0
25147,-4
25148,-4
25149,0
25150,0
25151,0
25152,-4
25153,-4
25154,0
25155,0
25156,-4
25157,-4
25158,0
25159,0
25160,-4
25161,-4
25162,0
25163,10
25164,-4
25165,-4
25166,-4
25167,0
25168,-4
25169,-4
25170,2
25171,-4
25172,-4
25173,-4
25174,-4
25175,-14
25176,-4
25177,0
25178,-4
25179,-4
25180,-4
25181,-4
25182,-6
25183,-4
25184,-4
25185,-4
25186,-4
25187,-4
25188,-4
25189,-4
25190,0
25191,6
25192,-4
25193,0
25194,0
25195,0
25196,0
25197,0
25198,0
25199,-4
25200,0
25201,2
25202,2
25203,0
25204,0
25205,2
25206,0
25207,0
25208,0
25209,14
25210,-16
25211,0
25212,4
25213,0
25214,0
25215,6
25216,0
25217,4
25218,6
25219,6
25220,-4
25221,0
25222,0
25223,0
25224,0
25225,-4
25226,2
25227,-12
25228,0
25229,10
25230,0
25231,-20
25232,0
25233,6
25234,-20
25235,2
25236,4
25237,6
25238,0
25239,4
25240,0
25241,0
25242,-4
25243,8
25244,0
25245,2
25246,-4
25247,0
25248,2
25249,6
25250,0
25251,0
25252,-8
25253,0
25254,-4
25255,0
25256,0
25257,0
25258,2
25259,0
25260,0
25261,-4
25262,-8
25263,-8
25264,-4
25265,-4
25266,-4
25267,-4
25268,0
25269,0
25270,-4
25271,0
25272,0
25273,0
25274,0
25275,0
25276,-4
25277,-4
25278,-4
25279,-4
25280,0
25281,0
25282,-4
25283,0
25284,-8
25285,-4
25286,0
25287,-6
25288,0
25289,-4
25290,4
25291,0
25292,0
25293,0
25294,10
25295,-4
25296,0
25297,-4
25298,0
25299,4
25300,0
25301,0
25302,-6
25303,0
25304,0
25305,0
25306,0
25307,-4
25308,2
25309,0
25310,0
25311,0
25312,0
25313,6
25314,0
25315,0
25316,4
25317,0
25318,6
25319,-4
25320,0
25321,4
25322,0
25323,2
25324,2
25325,22
25326,6
25327,8
25328,2
25329,4
25330,0
25331,0
25332,0
25333,4
25334,0
25335,4
25336,0
25337,4
25338,-4
25339,10
25340,-4
25341,0
25342,-4
25343,0
25344,-4
25345,4
25346,0
25347,0
25348,0
25349,0
25350,-8
25351,-12
25352,0
25353,2
25354,0
25355,6
25356,0
25357,0
25358,-4
25359,0
25360,0
25361,0
25362,-4
25363,-4
25364,-4
25365,0
25366,0
25367,-4
25368,-4
25369,-4
25370,-4
25371,-4
25372,-4
25373,-4
25374,-4
25375,0
25376,4
25377,-4
25378,-4
25379,-4
25380,-4
25381,0
25382,-4
25383,-4
25384,0
25385,-4
25386,10
25387,0
25388,-4
25389,18
25390,0
25391,0
25392,-4
25393,0
25394,0
25395,-4
25396,-4
25397,0
25398,0
25399,0
25400,0
25401,4
25402,0
25403,-4
25404,0
25405,0
25406,0
25407,0
25408,0
25409,0
25410,0
25411,0
25412,0
25413,0
25414,0
25415,0
25416,2
25417,-4
25418,0
25419,-4
25420,2
25421,6
25422,-4
25423,6
25424,6
25425,0
25426,6
25427,2
25428,-4
25429,6
25430,0
25431,-18
25432,0
25433,14
25434,0
25435,4
25436,6
25437,0
25438,4
25439,4
25440,2
25441,4
25442,0
25443,-6
25444,0
25445,0
25446,6
25447,4
25448,0
25449,2
25450,0
25451,0
25452,-4
25453,0
25454,6
25455,-4
25456,0
25457,0
25458,-4
25459,0
25460,-4
25461,0
25462,-4
25463,-4
25464,-4
25465,-4
25466,0
25467,0
25468,4
25469,-4
25470,-6
25471,-4
25472,-4
25473,-4
25474,-4
25475,-4
25476,-4
25477,-6
25478,-4
25479,0
25480,-4
25481,0
25482,-4
25483,0
25484,-4
25485,0
25486,-4
25487,-4
25488,-8
25489,4
25490,0
25491,-4
25492,-4
25493,-12
25494,0
25495,0
25496,-4
25497,0
25498,-4
25499,0
25500,-4
25501,-8
25502,0
25503,0
25504,0
25505,-6
25506,0
25507,0
25508,0
25509,0
25510,0
25511,0
25512,0
25513,0
25514,0
25515,0
25516,2
25517,2
25518,-10
25519,0
25520,10
25521,2
25522,0
25523,0
25524,0
25525,0
25526,-8
25527,2
25528,0
25529,4
25530,0
25531,14
25532,4
25533,-4
25534,0
25535,4
25536,-4
25537,2
25538,-4
25539,4
25540,14
25541,0
25542,0
25543,0
25544,0
25545,0
25546,-14
25547,0
25548,0
25549,4
25550,0
25551,0
25552,0
25553,0
25554,-4
25555,2
25556,-4
25557,-4
25558,0
25559,4
25560,0
25561,-4
25562,0
25563,-4
25564,0
25565,-4
25566,0
25567,-4
25568,14
25569,-4
25570,24
25571,0
25572,0
25573,0
25574,0
25575,0
25576,-20
25577,-4
25578,0
25579,-4
25580,0
25581,0
25582,-4
25583,6
25584,-4
25585,0
25586,-4
25587,-4
25588,-4
25589,0
25590,0
25591,-4
25592,0
25593,0
25594,4
25595,-16
25596,0
25597,0
25598,0
25599,0
25600,-4
25601,0
25602,0
25603,10
25604,0
25605,0
25606,4
25607,0
25608,-4
25609,-4
25610,-4
25611,0
25612,0
25613,-4
25614,2
25615,0
25616,2
25617,4
25618,2
25619,0
25620,6
25621,4
25622,6
25623,10
25624,0
25625,0
25626,2
25627,0
25628,6
25629,4
25630,0
25631,0
25632,0
25633,0
25634,0
25635,4
25636,22
25637,0
25638,2
25639,6
25640,0
25641,2
25642,4
25643,0
25644,0
25645,4
25646,0
25647,-4
25648,0
25649,-4
25650,-4
25651,6
25652,-20
25653,0
25654,-6
25655,-4
25656,0
25657,0
25658,0
25659,0
25660,0
25661,0
25662,-4
25663,-4
25664,0
25665,-4
25666,-4
25667,-4
25668,-4
25669,-4
25670,0
25671,-4
25672,0
25673,-4
25674,-4
25675,0
25676,-6
25677,-4
25678,-4
25679,6
25680,-4
25681,-4
25682,-4
25683,10
25684,-4
25685,2
25686,-4
25687,-6
25688,0
25689,0
25690,-6
25691,0
25692,-4
25693,-4
25694,0
25695,0
25696,-4
25697,-18
25698,-4
25699,0
25700,0
25701,2
25702,0
25703,-4
25704,-4
25705,-4
25706,2
25707,4
25708,0
25709,0
25710,0
25711,0
25712,4
25713,0
25714,0
25715,0
25716,0
25717,6
25718,4
25719,2
25720,4
25721,-4
25722,2
25723,4
25724,6
25725,0
25726,6
25727,0
25728,0
25729,0
25730,14
25731,2
25732,-4
25733,4
25734,0
25735,0
25736,0
25737,-12
25738,0
25739,0
25740,0
25741,0
25742,6
25743,0
25744,2
25745,2
25746,0
25747,-4
25748,-4
25749,6
25750,0
25751,0
25752,0
25753,-4
25754,0
25755,-4
25756,-6
25757,2
25758,0
25759,-4
25760,2
25761,2
25762,-4
25763,-4
25764,0
25765,0
25766,-4
25767,-4
25768,-4
25769,-4
25770,0
25771,4
25772,-4
25773,-4
25774,-8
25775,-4
25776,-6
25777,-4
25778,-4
25779,-4
25780,-16
25781,-4
25782,-4
25783,0
25784,-4
25785,-4
25786,0
25787,-8
25788,-4
25789,-4
25790,-4
25791,16
25792,-4
25793,-4
25794,0
25795,0
25796,0
25797,0
25798,0
25799,0
25800,-4
25801,0
25802,0
25803,0
25804,0
25805,14
25806,0
25807,-4
25808,0
25809,0
25810,-4
25811,0
25812,0
25813,0
25814,2
25815,2
25816,0
25817,0
25818,0
25819,4
25820,2
25821,0
25822,2
25823,0
25824,2
25825,4
25826,6
25827,2
25828,0
25829,0
25830,0
25831,6
25832,0
25833,0
25834,6
25835,0
25836,0
25837,-4
25838,0
25839,2
25840,0
25841,-4
25842,0
25843,-4
25844,-6
25845,10
25846,0
25847,-4
25848,-4
25849,0
25850,10
25851,0
25852,0
25853,0
25854,-8
25855,-4
25856,-4
25857,0
25858,0
25859,0
25860,0
25861,0
25862,0
25863,0
25864,-4
25865,0
25866,6
25867,22
25868,-4
25869,0
25870,-4
25871,0
25872,-4
25873,-4
25874,0
25875,-4
25876,-6
25877,-4
25878,0
25879,-4
25880,-4
25881,-4
25882,-4
25883,-4
25884,0
25885,0
25886,-4
25887,-4
25888,4
25889,0
25890,-4
25891,-8
25892,-4
25893,0
25894,0
25895,0
25896,0
25897,-14
25898,0
25899,0
25900,0
25901,0
25902,-4
25903,0
25904,6
25905,0
25906,0
25907,0
25908,0
25909,0
25910,0
25911,0
25912,2
25913,0
25914,0
25915,0
25916,6
25917,4
25918,0
25919,2
25920,0
25921,4
25922,4
25923,4
25924,0
25925,4
25926,-4
25927,4
25928,0
25929,0
25930,0
25931,-14
25932,0
25933,-14
25934,0
25935,2
25936,0
25937,-4
25938,0
25939,0
25940,2
25941,0
25942,0
25943,-4
25944,0
25945,0
25946,2
25947,-4
25948,-8
25949,0
25950,0
25951,0
25952,0
25953,6
25954,0
25955,0
25956,-8
25957,6
25958,-4
25959,0
25960,-4
25961,-4
25962,-4
25963,0
25964,0
25965,-4
25966,-4
25967,-4
25968,-8
25969,-4
25970,0
25971,-4
25972,4
25973,6
25974,-4
25975,-4
25976,0
25977,0
25978,-4
25979,-4
25980,-6
25981,-4
25982,-4
25983,-4
25984,0
25985,-4
25986,-4
25987,8
25988,-4
25989,0
25990,0
25991,-4
25992,0
25993,4
25994,0
25995,0
25996,10
25997,0
25998,0
25999,0
26000,0
26001,2
26002,0
26003,2
26004,-4
26005,0
26006,0
26007,0
26008,0
26009,-4
26010,-4
26011,-4
26012,2
26013,4
26014,0
26015,0
26016,2
26017,0
26018,6
26019,0
26020,24
26021,6
26022,10
26023,-12
26024,-8
26025,0
26026,2
26027,0
26028,2
26029,0
26030,0
26031,2
26032,0
26033,0
26034,0
26035,4
26036,0
26037,0
26038,-14
26039,0
26040,2
26041,10
26042,0
26043,0
26044,0
26045,-8
26046,-4
26047,-14
26048,0
26049,0
26050,10
26051,-6
26052,0
26053,0
26054,-4
26055,-4
26056,0
26057,0
26058,0
26059,0
26060,-4
26061,0
26062,-4
26063,-4
26064,0
26065,-4
26066,-4
26067,-4
26068,-4
26069,-4
26070,0
26071,-4
26072,-4
26073,0
26074,-4
26075,2
26076,0
26077,0
26078,0
26079,6
26080,0
26081,-4
26082,-8
26083,0
26084,0
26085,-4
26086,-4
26087,-4
26088,-4
26089,-4
26090,6
26091,0
26092,0
26093,0
26094,-22
26095,0
26096,2
26097,0
26098,6
26099,-4
26100,0
26101,0
26102,0
26103,8
26104,0
26105,0
26106,14
26107,-4
26108,0
26109,0
26110,0
26111,0
26112,0
26113,0
26114,4
26115,0
26116,0
26117,-6
26118,4
26119,-8
26120,6
26121,4
26122,0
26123,2
26124,6
26125,2
26126,6
26127,0
26128,0
26129,0
26130,-10
26131,0
26132,2
26133,0
26134,-12
26135,0
26136,0
26137,-4
26138,0
26139,4
26140,14
26141,2
26142,-4
26143,0
26144,16
26145,0
26146,0
26147,0
26148,-4
26149,0
26150,0
26151,0
26152,0
26153,4
26154,4
26155,-10
26156,0
26157,0
26158,4
26159,0
26160,0
26161,0
26162,0
26163,0
26164,0
26165,0
26166,-4
26167,-6
26168,-4
26169,-8
26170,0
26171,-4
26172,-4
26173,-8
26174,0
26175,-4
26176,-4
26177,0
26178,-4
26179,-4
26180,-4
26181,-4
26182,-4
26183,2
26184,-4
26185,-4
26186,-6
26187,0
26188,0
26189,0
26190,-4
26191,0
26192,4
26193,0
26194,0
26195,0
26196,-4
26197,-4
26198,-4
26199,-4
26200,4
26201,0
26202,0
26203,-4
26204,0
26205,2
26206,-4
26207,0
26208,0
26209,0
26210,0
26211,0
26212,0
26213,-4
26214,0
26215,0
26216,0
26217,28
26218,4
26219,4
26220,-10
26221,-4
26222,-4
26223,2
26224,22
26225,2
26226,2
26227,0
26228,0
26229,0
26230,0
26231,-4
26232,0
26233,-4
26234,0
26235,4
26236,-6
26237,-4
26238,0
26239,6
26240,0
26241,6
26242,2
26243,0
26244,6
26245,0
26246,-4
26247,-4
26248,0
26249,-4
26250,0
26251,0
26252,0
26253,-8
26254,0
26255,0
26256,-4
26257,0
26258,2
26259,2
26260,0
26261,0
26262,0
26263,-4
26264,-4
26265,-4
26266,-4
26267,-4
26268,-4
26269,0
26270,18
26271,-4
26272,18
26273,0
26274,-4
26275,-4
26276,-4
26277,-4
26278,-4
26279,-4
26280,0
26281,10
26282,-4
26283,24
26284,-4
26285,0
26286,-4
26287,-4
26288,-4
26289,0
26290,-6
26291,-4
26292,10
26293,0
26294,-4
26295,-4
26296,0
26297,0
26298,0
26299,-4
26300,6
26301,4
26302,-14
26303,0
26304,-4
26305,0
26306,-4
26307,-4
26308,4
26309,6
26310,0
26311,0
26312,0
26313,0
26314,0
26315,0
26316,0
26317,0
26318,2
26319,0
26320,2
26321,6
26322,4
26323,2
26324,0
26325,0
26326,4
26327,0
26328,6
26329,0
26330,2
26331,4
26332,0
26333,0
26334,4
26335,-4
26336,4
26337,6
26338,2
26339,14
26340,0
26341,0
26342,0
26343,-4
26344,0
26345,-4
26346,0
26347,0
26348,0
26349,6
26350,0
26351,0
26352,0
26353,-16
26354,0
26355,-4
26356,4
26357,-6
26358,-4
26359,0
26360,-4
26361,0
26362,0
26363,0
26364,0
26365,0
26366,4
26367,-4
26368,0
26369,-4
26370,-4
26371,0
26372,0
26373,-4
26374,0
26375,-4
26376,-4
26377,-4
26378,-6
26379,0
26380,-4
26381,0
26382,-4
26383,0
26384,-4
26385,-4
26386,-4
26387,-8
26388,-4
26389,-4
26390,-4
26391,-4
26392,0
26393,0
26394,-16
26395,0
26396,-4
26397,-4
26398,-4
26399,0
26400,0
26401,0
26402,-4
26403,0
26404,0
26405,-4
26406,0
26407,0
26408,0
26409,2
26410,0
26411,0
26412,0
26413,2
26414,0
26415,6
26416,2
26417,2
26418,0
26419,0
26420,2
26421,10
26422,0
26423,4
26424,-4
26425,0
26426,8
26427,6
26428,6
26429,14
26430,0
26431,0
26432,0
26433,0
26434,0
26435,0
26436,6
26437,0
26438,10
26439,0
26440,0
26441,6
26442,2
26443,0
26444,0
26445,10
26446,0
26447,8
26448,0
26449,0
26450,-14
26451,0
26452,6
26453,0
26454,0
26455,0
26456,-4
26457,2
26458,-4
26459,-4
26460,0
26461,0
26462,-4
26463,-4
26464,0
26465,2
26466,0
26467,-4
26468,-6
26469,-4
26470,-4
26471,-10
26472,0
26473,-4
26474,-4
26475,0
26476,-4
26477,-8
26478,0
26479,-4
26480,0
26481,0
26482,10
26483,-4
26484,-4
26485,-4
26486,-4
26487,-22
26488,-4
26489,-4
26490,2
26491,-4
26492,0
26493,4
26494,0
26495,0
26496,-14
26497,-4
26498,0
26499,4
26500,0
26501,0
26502,4
26503,4
26504,6
26505,-4
26506,0
26507,0
26508,14
26509,0
26510,0
26511,0
26512,6
26513,6
26514,0
26515,4
26516,-4
26517,0
26518,4
26519,0
26520,2
26521,4
26522,0
26523,0
26524,0
26525,0
26526,0
26527,2
26528,-14
26529,4
26530,16
26531,4
26532,0
26533,2
26534,8
26535,0
26536,-4
26537,10
26538,0
26539,0
26540,10
26541,0
26542,0
26543,-4
26544,-14
26545,0
26546,0
26547,0
26548,2
26549,0
26550,2
26551,-4
26552,0
26553,4
26554,-6
26555,0
26556,0
26557,-4
26558,4
26559,0
26560,-4
26561,-4
26562,0
26563,-4
26564,-4
26565,-4
26566,-4
26567,0
26568,-8
26569,0
26570,-6
26571,-4
26572,-4
26573,0
26574,-4
26575,0
26576,0
26577,0
26578,2
26579,0
26580,-4
26581,-4
26582,-4
26583,-8
26584,-4
26585,-4
26586,-4
26587,0
26588,0
26589,-6
26590,-4
26591,-4
26592,-4
26593,0
26594,4
26595,6
26596,0
26597,-4
26598,-4
26599,0
26600,0
26601,0
26602,0
26603,0
26604,0
26605,0
26606,2
26607,-8
26608,4
26609,0
26610,0
26611,0
26612,0
26613,0
26614,2
26615,0
26616,0
26617,4
26618,-14
26619,6
26620,0
26621,2
26622,0
26623,0
26624,2
26625,0
26626,0
26627,10
26628,0
26629,0
26630,2
26631,-14
26632,2
26633,10
26634,0
26635,0
26636,6
26637,4
26638,0
26639,14
26640,4
26641,4
26642,6
26643,0
26644,0
26645,0
26646,10
26647,0
26648,0
26649,-4
26650,0
26651,0
26652,0
26653,-4
26654,0
26655,-4
26656,-4
26657,0
26658,0
26659,-14
26660,-4
26661,0
26662,-4
26663,0
26664,0
26665,-4
26666,20
26667,-4
26668,-4
26669,-4
26670,0
26671,-4
26672,0
26673,0
26674,0
26675,-4
26676,-4
26677,-4
26678,-4
26679,0
26680,0
26681,-4
26682,-4
26683,-4
26684,-4
26685,-4
26686,-4
26687,-4
26688,-6
26689,0
26690,-4
26691,8
26692,-4
26693,0
26694,4
26695,0
26696,0
26697,0
26698,0
26699,0
26700,0
26701,0
26702,0
26703,0
26704,0
26705,0
26706,-4
26707,0
26708,0
26709,4
26710,2
26711,-4
26712,0
26713,0
26714,0
26715,0
26716,-8
26717,4
26718,2
26719,2
26720,0
26721,0
26722,6
26723,0
26724,-4
26725,-4
26726,0
26727,0
26728,4
26729,2
26730,0
26731,0
26732,6
26733,0
26734,0
26735,10
26736,2
26737,4
26738,-12
26739,0
26740,0
26741,6
26742,6
26743,-4
26744,4
26745,10
26746,0
26747,-4
26748,0
26749,14
26750,0
26751,0
26752,-4
26753,10
26754,0
26755,-10
26756,0
26757,0
26758,0
26759,-4
26760,0
26761,6
26762,0
26763,0
26764,0
26765,0
26766,-4
26767,0
26768,-4
26769,-4
26770,0
26771,-4
26772,0
26773,-4
26774,-6
26775,0
26776,0
26777,-4
26778,0
26779,0
26780,-4
26781,-4
26782,0
26783,-4
26784,-4
26785,0
26786,-4
26787,-4
26788,-4
26789,-4
26790,6
26791,-4
26792,0
26793,6
26794,0
26795,-4
26796,4
26797,0
26798,-4
26799,0
26800,0
26801,-4
26802,4
26803,0
26804,2
26805,0
26806,0
26807,-4
26808,-4
26809,0
26810,0
26811,0
26812,8
26813,6
26814,6
26815,0
26816,0
26817,2
26818,-4
26819,0
26820,0
26821,2
26822,-6
26823,2
26824,0
26825,4
26826,2
26827,4
26828,2
26829,10
26830,0
26831,0
26832,16
26833,0
26834,10
26835,4
26836,0
26837,6
26838,2
26839,0
26840,6
26841,-4
26842,0
26843,2
26844,6
26845,0
26846,4
26847,0
26848,0
26849,0
26850,8
26851,6
26852,-4
26853,-4
26854,0
26855,4
26856,0
26857,0
26858,0
26859,0
26860,-4
26861,4
26862,0
26863,-4
26864,-4
26865,0
26866,-4
26867,-6
26868,-4
26869,0
26870,-4
26871,0
26872,-8
26873,0
26874,0
26875,0
26876,-4
26877,-8
26878,-4
26879,-10
26880,-4
26881,0
26882,-14
26883,-4
26884,0
26885,0
26886,0
26887,0
26888,24
26889,-4
26890,0
26891,-4
26892,-4
26893,-4
26894,-4
26895,-14
26896,-4
26897,-4
26898,0
26899,6
26900,0
26901,2
26902,0
26903,-8
26904,0
26905,-4
26906,0
26907,2
26908,0
26909,-4
26910,0
26911,0
26912,0
26913,2
26914,4
26915,0
26916,0
26917,4
26918,0
26919,0
26920,-4
26921,0
26922,4
26923,0
26924,0
26925,0
26926,-10
26927,4
26928,-4
26929,0
26930,0
26931,2
26932,0
26933,4
26934,0
26935,-4
26936,4
26937,6
26938,0
26939,0
26940,14
26941,2
26942,6
26943,-4
26944,-10
26945,0
26946,0
26947,0
26948,0
26949,0
26950,0
26951,-4
26952,-4
26953,0
26954,-4
26955,0
26956,0
26957,0
26958,-4
26959,0
26960,0
26961,0
26962,0
26963,-4
26964,-4
26965,-4
26966,-8
26967,-4
26968,-4
26969,-4
26970,0
26971,0
26972,-4
26973,-4
26974,0
26975,-4
26976,-4
26977,-14
26978,-4
26979,-4
26980,-4
26981,-4
26982,0
26983,-4
26984,0
26985,0
26986,-4
26987,0
26988,0
26989,-4
26990,4
26991,-4
26992,-4
26993,-8
26994,-4
26995,-4
26996,0
26997,0
26998,2
26999,0
27000,0
27001,-4
27002,2
27003,0
27004,2
27005,0
27006,0
27007,0
27008,0
27009,0
27010,2
27011,0
27012,0
27013,0
27014,-4
27015,0
27016,0
27017,0
27018,0
27019,6
27020,6
27021,0
27022,6
27023,0
27024,0
27025,4
27026,4
27027,4
27028,6
27029,2
27030,2
27031,-22
27032,0
27033,10
27034,0
27035,0
27036,0
27037,14
27038,6
27039,0
27040,4
27041,-10
27042,0
27043,4
27044,0
27045,-4
27046,4
27047,0
27048,0
27049,-4
27050,0
27051,0
27052,0
27053,0
27054,-4
27055,0
27056,0
27057,-4
27058,-10
27059,0
27060,-6
27061,-4
27062,0
27063,-4
27064,0
27065,-4
27066,0
27067,24
27068,-4
27069,-4
27070,0
27071,-4
27072,0
27073,14
27074,-8
27075,-4
27076,-4
27077,0
27078,-4
27079,-4
27080,0
27081,-4
27082,-4
27083,-4
27084,-4
27085,-4
27086,-6
27087,-4
27088,-4
27089,-4
27090,0
27091,-4
27092,-4
27093,-12
27094,-4
27095,0
27096,0
27097,0
27098,0
27099,0
27100,0
27101,0
27102,-4
27103,0
27104,0
27105,0
27106,4
27107,4
27108,0
27109,2
27110,0
27111,0
27112,-4
27113,-34
27114,0
27115,6
27116,2
27117,0
27118,2
27119,8
27120,0
27121,-12
27122,4
27123,2
27124,-4
27125,0
27126,6
27127,-8
27128,0
27129,4
27130,0
27131,0
27132,6
27133,4
27134,0
27135,0
27136,0
27137,0
27138,0
27139,4
27140,2
27141,-6
27142,2
27143,-4
27144,-4
27145,10
27146,0
27147,0
27148,0
27149,-4
27150,0
27151,-4
27152,0
27153,0
27154,-16
27155,0
27156,0
27157,0
27158,0
27159,-4
27160,0
27161,-4
27162,0
27163,0
27164,0
27165,-4
27166,0
27167,0
27168,0
27169,0
27170,-4
27171,0
27172,-26
27173,-6
27174,0
27175,-14
27176,0
27177,0
27178,4
27179,0
27180,-4
27181,-4
27182,0
27183,6
27184,0
27185,-4
27186,0
27187,-4
27188,-6
27189,-4
27190,-4
27191,0
27192,-22
27193,0
27194,0
27195,-6
27196,-4
27197,0
27198,0
27199,0
27200,0
27201,-4
27202,0
27203,0
27204,0
27205,0
27206,4
27207,0
27208,0
27209,0
27210,0
27211,2
27212,2
27213,0
27214,0
27215,0
27216,4
27217,2
27218,2
27219,4
27220,4
27221,0
27222,2
27223,6
27224,6
27225,10
27226,0
27227,2
27228,2
27229,10
27230,-6
27231,0
27232,4
27233,4
27234,2
27235,0
27236,0
27237,-4
27238,8
27239,-4
27240,-8
27241,-4
27242,2
27243,2
27244,-12
27245,0
27246,0
27247,-18
27248,0
27249,0
27250,0
27251,0
27252,0
27253,-4
27254,-4
27255,0
27256,0
27257,-4
27258,0
27259,0
27260,0
27261,0
27262,-4
27263,-4
27264,0
27265,-8
27266,0
27267,-4
27268,-4
27269,-4
27270,0
27271,-4
27272,-4
27273,0
27274,0
27275,-8
27276,6
27277,0
27278,-4
27279,-16
27280,-4
27281,0
27282,-4
27283,-4
27284,-4
27285,-6
27286,0
27287,-4
27288,6
27289,0
27290,-4
27291,2
27292,6
27293,0
27294,-4
27295,-4
27296,6
27297,-4
27298,-6
27299,0
27300,0
27301,-4
27302,-4
27303,0
27304,0
27305,-4
27306,0
27307,0
27308,0
27309,0
27310,4
27311,0
27312,0
27313,0
27314,4
27315,0
27316,0
27317,0
27318,4
27319,0
27320,0
27321,0
27322,0
27323,0
27324,4
27325,10
27326,0
27327,4
27328,-4
27329,0
27330,4
27331,-4
27332,6
27333,4
27334,2
27335,4
27336,0
27337,0
27338,-4
27339,0
27340,6
27341,4
27342,0
27343,-4
27344,6
27345,0
27346,0
27347,8
27348,0
27349,18
27350,0
27351,0
27352,0
27353,6
27354,10
27355,0
27356,-4
27357,0
27358,0
27359,0
27360,10
27361,0
27362,0
27363,0
27364,-4
27365,-4
27366,-4
27367,0
27368,0
27369,-4
27370,-4
27371,0
27372,-4
27373,-4
27374,0
27375,-18
27376,-4
27377,-4
27378,-8
27379,-4
27380,-4
27381,-8
27382,0
27383,0
27384,-4
27385,10
27386,-4
27387,-4
27388,0
27389,-4
27390,-4
27391,-8
27392,0
27393,-4
27394,0
27395,8
27396,-4
27397,4
27398,-4
27399,-18
27400,0
27401,0
27402,0
27403,0
27404,0
27405,0
27406,2
27407,0
27408,0
27409,0
27410,0
27411,-4
27412,-4
27413,0
27414,0
27415,-4
27416,2
27417,0
27418,0
27419,0
27420,0
27421,0
27422,-4
27423,6
27424,6
27425,-12
27426,6
27427,4
27428,10
27429,0
27430,0
27431,-22
27432,4
27433,4
27434,6
27435,14
27436,0
27437,0
27438,0
27439,0
27440,2
27441,0
27442,-8
27443,0
27444,0
27445,6
27446,0
27447,0
27448,0
27449,0
27450,-4
27451,0
27452,0
27453,0
27454,0
27455,0
27456,8
27457,0
27458,0
27459,4
27460,0
27461,0
27462,-4
27463,0
27464,0
27465,-4
27466,0
27467,0
27468,-4
27469,0
27470,0
27471,-8
27472,0
27473,0
27474,-4
27475,0
27476,-4
27477,-4
27478,6
27479,-4
27480,-4
27481,18
27482,0
27483,-4
27484,-4
27485,0
27486,-4
27487,0
27488,-4
27489,0
27490,-4
27491,-4
27492,-4
27493,-4
27494,0
27495,-4
27496,-4
27497,0
27498,-4
27499,0
27500,0
27501,-16
27502,-8
27503,0
27504,0
27505,0
27506,2
27507,0
27508,0
27509,-4
27510,-4
27511,0
27512,0
27513,0
27514,-4
27515,0
27516,0
27517,0
27518,0
27519,4
27520,2
27521,0
27522,2
27523,4
27524,0
27525,0
27526,4
27527,6
27528,4
27529,0
27530,0
27531,0
27532,10
27533,0
27534,6
27535,2
27536,0
27537,-6
27538,14
27539,0
27540,0
27541,6
27542,0
27543,0
27544,2
27545,-12
27546,0
27547,0
27548,0
27549,0
27550,-4
27551,0
27552,0
27553,0
27554,0
27555,0
27556,0
27557,-8
27558,-14
27559,-4
27560,0
27561,0
27562,0
27563,0
27564,0
27565,0
27566,-4
27567,0
27568,-4
27569,-8
27570,0
27571,-26
27572,-4
27573,2
27574,-4
27575,-4
27576,0
27577,-4
27578,0
27579,4
27580,0
27581,-4
27582,-4
27583,-14
27584,0
27585,-4
27586,-4
27587,-4
27588,4
27589,-4
27590,-4
27591,0
27592,0
27593,0
27594,0
27595,10
27596,0
27597,0
27598,0
27599,-8
27600,0
27601,0
27602,0
27603,0
27604,-4
27605,0
27606,-4
27607,-4
27608,0
27609,0
27610,0
27611,-4
27612,-4
27613,2
27614,0
27615,0
27616,4
27617,2
27618,2
27619,2
27620,-4
27621,6
27622,0
27623,6
27624,2
27625,0
27626,0
27627,2
27628,4
27629,0
27630,10
27631,0
27632,4
27633,0
27634,2
27635,4
27636,4
27637,6
27638,0
27639,0
27640,-4
27641,0
27642,0
27643,0
27644,-8
27645,0
27646,-4
27647,0
27648,2
27649,0
27650,0
27651,-4
27652,-4
27653,0
27654,2
27655,0
27656,-4
27657,6
27658,4
27659,0
27660,0
27661,0
27662,0
27663,-4
27664,0
27665,-4
27666,-4
27667,0
27668,0
27669,-4
27670,-4
27671,-4
27672,-4
27673,18
27674,0
27675,0
27676,-4
27677,0
27678,0
27679,0
27680,-4
27681,-4
27682,0
27683,-4
27684,0
27685,0
27686,-4
27687,0
27688,-4
27689,-4
27690,-8
27691,0
27692,0
27693,4
27694,-24
27695,-4
27696,0
27697,0
27698,-4
27699,-4
27700,0
27701,0
27702,0
27703,0
27704,0
27705,2
27706,0
27707,-4
27708,0
27709,0
27710,0
27711,4
27712,0
27713,0
27714,0
27715,0
27716,4
27717,0
27718,0
27719,0
27720,4
27721,6
27722,0
27723,10
27724,-4
27725,0
27726,0
27727,0
27728,10
27729,-4
27730,4
27731,10
27732,0
27733,0
27734,2
27735,14
27736,4
27737,2
27738,0
27739,0
27740,0
27741,-4
27742,-8
27743,0
27744,2
27745,0
27746,0
27747,0
27748,-8
27749,0
27750,0
27751,0
27752,0
27753,-4
27754,0
27755,-4
27756,-4
27757,-4
27758,0
27759,4
27760,-4
27761,4
27762,-4
27763,-4
27764,0
27765,0
27766,-4
27767,0
27768,0
27769,-4
27770,4
27771,-4
27772,-4
27773,-4
27774,-4
27775,4
27776,-4
27777,-4
27778,-4
27779,-8
27780,-4
27781,2
27782,-4
27783,10
27784,0
27785,0
27786,-4
27787,-4
27788,-8
27789,0
27790,0
27791,-4
27792,-4
27793,-4
27794,0
27795,0
27796,-4
27797,6
27798,-4
27799,0
27800,0
27801,0
27802,0
27803,-4
27804,0
27805,-4
27806,0
27807,0
27808,0
27809,4
27810,0
27811,0
27812,0
27813,0
27814,0
27815,6
27816,2
27817,0
27818,-4
27819,0
27820,6
27821,4
27822,0
27823,-4
27824,-4
27825,6
27826,0
27827,0
27828,6
27829,0
27830,0
27831,-4
27832,0
27833,0
27834,0
27835,14
27836,0
27837,0
27838,-14
27839,0
27840,0
27841,10
27842,0
27843,0
27844,-4
27845,-4
27846,0
27847,-4
27848,0
27849,-4
27850,0
27851,0
27852,-4
27853,0
27854,-4
27855,-4
27856,-12
27857,6
27858,0
27859,10
27860,2
27861,0
27862,0
27863,-4
27864,-4
27865,0
27866,0
27867,0
27868,10
27869,-4
27870,-6
27871,-4
27872,2
27873,4
27874,4
27875,-4
27876,-4
27877,-4
27878,-4
27879,0
27880,-4
27881,0
27882,-4
27883,-4
27884,-4
27885,-4
27886,-4
27887,-4
27888,0
27889,-4
27890,-8
27891,0
27892,0
27893,-4
27894,4
27895,-4
27896,-4
27897,-4
27898,-4
27899,0
27900,-6
27901,-4
27902,0
27903,0
27904,4
27905,0
27906,0
27907,0
27908,-4
27909,0
27910,-4
27911,0
27912,0
27913,0
27914,0
27915,0
27916,0
27917,4
27918,10
27919,-4
27920,-4
27921,-4
27922,2
27923,10
27924,0
27925,0
27926,-4
27927,0
27928,-4
27929,0
27930,2
27931,0
27932,14
27933,6
27934,4
27935,0
27936,2
27937,-12
27938,2
27939,-4
27940,2
27941,-4
27942,6
27943,-4
27944,0
27945,0
27946,-4
27947,6
27948,0
27949,0
27950,10
27951,-4
27952,-4
27953,0
27954,0
27955,-4
27956,0
27957,-10
27958,-4
27959,2
27960,-4
27961,0
27962,0
27963,-4
27964,-12
27965,0
27966,0
27967,-4
27968,0
27969,-4
27970,0
27971,6
27972,-4
27973,4
27974,-4
27975,-18
27976,-6
27977,0
27978,-4
27979,-6
27980,0
27981,-4
27982,18
27983,-4
27984,-4
27985,-4
27986,-4
27987,0
27988,-4
27989,-12
27990,0
27991,-6
27992,6
27993,-4
27994,0
27995,-4
27996,-16
27997,0
27998,-14
27999,0
28000,0
28001,-4
28002,2
28003,0
28004,0
28005,6
28006,0
28007,0
28008,-4
28009,0
28010,0
28011,-4
28012,8
28013,2
28014,0
28015,0
28016,2
28017,0
28018,4
28019,0
28020,2
28021,0
28022,6
28023,0
28024,0
28025,0
28026,10
28027,6
28028,6
28029,0
28030,0
28031,4
28032,0
28033,0
28034,2
28035,0
28036,0
28037,6
28038,0
28039,6
28040,0
28041,0
28042,0
28043,-4
28044,0
28045,0
28046,14
28047,0
28048,4
28049,0
28050,-4
28051,0
28052,2
28053,4
28054,0
28055,0
28056,2
28057,0
28058,0
28059,0
28060,0
28061,0
28062,0
28063,-8
28064,-4
28065,-4
28066,0
28067,6
28068,-4
28069,-4
28070,-4
28071,-4
28072,0
28073,0
28074,-4
28075,-4
28076,-8
28077,-4
28078,-4
28079,-4
28080,0
28081,-4
28082,-4
28083,-8
28084,-4
28085,-4
28086,0
28087,-4
28088,0
28089,-4
28090,0
28091,-4
28092,-4
28093,-4
28094,0
28095,-12
28096,0
28097,0
28098,-4
28099,0
28100,0
28101,0
28102,0
28103,-4
28104,-4
28105,0
28106,0
28107,2
28108,0
28109,0
28110,0
28111,0
28112,0
28113,6
28114,4
28115,0
28116,0
28117,6
28118,4
28119,0
28120,0
28121,0
28122,8
28123,0
28124,0
28125,0
28126,0
28127,-6
28128,4
28129,2
28130,8
28131,6
28132,2
28133,-14
28134,0
28135,-4
28136,0
28137,0
28138,0
28139,0
28140,6
28141,4
28142,10
28143,0
28144,0
28145,6
28146,0
28147,2
28148,0
28149,0
28150,0
28151,-20
28152,10
28153,4
28154,0
28155,-4
28156,0
28157,-4
28158,0
28159,0
28160,0
28161,2
28162,0
28163,-4
28164,4
28165,-4
28166,0
28167,-4
28168,-4
28169,4
28170,-4
28171,-4
28172,-8
28173,0
28174,-4
28175,0
28176,0
28177,0
28178,-4
28179,0
28180,10
28181,6
28182,-4
28183,-4
28184,-4
28185,24
28186,-4
28187,0
28188,22
28189,-4
28190,0
28191,6
28192,0
28193,-4
28194,2
28195,0
28196,0
28197,28
28198,0
28199,0
28200,0
28201,0
28202,-4
28203,0
28204,-8
28205,0
28206,0
28207,0
28208,0
28209,16
28210,2
28211,0
28212,0
28213,0
28214,2
28215,0
28216,0
28217,2
28218,6
28219,-6
28220,0
28221,6
28222,0
28223,2
28224,2
28225,2
28226,0
28227,0
28228,6
28229,6
28230,0
28231,0
28232,0
28233,4
28234,2
28235,0
28236,2
28237,4
28238,10
28239,0
28240,2
28241,8
28242,0
28243,0
28244,4
28245,-16
28246,0
28247,-4
28248,0
28249,4
28250,0
28251,0
28252,0
28253,-4
28254,-4
28255,-6
28256,-4
28257,0
28258,0
28259,-4
28260,-4
28261,0
28262,-4
28263,0
28264,0
28265,0
28266,-4
28267,-4
28268,0
28269,0
28270,-4
28271,-4
28272,0
28273,-4
28274,-6
28275,-4
28276,-4
28277,-4
28278,-4
28279,0
28280,0
28281,-4
28282,0
28283,-4
28284,0
28285,-4
28286,0
28287,-6
28288,-4
28289,0
28290,-12
28291,0
28292,0
28293,-4
28294,0
28295,-4
28296,0
28297,-4
28298,-4
28299,-4
28300,2
28301,-4
28302,0
28303,0
28304,0
28305,0
28306,0
28307,0
28308,14
28309,0
28310,0
28311,0
28312,0
28313,0
28314,0
28315,2
28316,2
28317,8
28318,0
28319,0
28320,4
28321,0
28322,0
28323,6
28324,4
28325,0
28326,0
28327,0
28328,0
28329,4
28330,0
28331,4
28332,6
28333,0
28334,-8
28335,0
28336,0
28337,6
28338,0
28339,4
28340,10
28341,0
28342,0
28343,-4
28344,0
28345,6
28346,4
28347,0
28348,4
28349,0
28350,6
28351,0
28352,0
28353,0
28354,-4
28355,-4
28356,-4
28357,0
28358,0
28359,2
28360,-4
28361,0
28362,0
28363,-4
28364,0
28365,0
28366,-4
28367,-4
28368,-6
28369,0
28370,0
28371,-4
28372,-4
28373,-4
28374,0
28375,0
28376,0
28377,0
28378,-4
28379,0
28380,-4
28381,-4
28382,-4
28383,-4
28384,0
28385,-4
28386,-8
28387,0
28388,4
28389,6
28390,-4
28391,0
28392,4
28393,0
28394,-4
28395,0
28396,0
28397,-4
28398,24
28399,0
28400,0
28401,0
28402,0
28403,-14
28404,0
28405,0
28406,0
28407,0
28408,2
28409,4
28410,0
28411,0
28412,0
28413,0
28414,0
28415,0
28416,0
28417,2
28418,6
28419,2
28420,0
28421,0
28422,4
28423,6
28424,0
28425,-4
28426,0
28427,0
28428,4
28429,0
28430,0
28431,0
28432,0
28433,0
28434,4
28435,2
28436,10
28437,0
28438,6
28439,6
28440,0
28441,0
28442,4
28443,0
28444,0
28445,-4
28446,10
28447,0
28448,-4
28449,0
28450,-6
28451,2
28452,0
28453,0
28454,4
28455,0
28456,10
28457,0
28458,0
28459,-4
28460,-4
28461,0
28462,-4
28463,-4
28464,0
28465,-4
28466,-4
28467,0
28468,-4
28469,0
28470,0
28471,-4
28472,-4
28473,0
28474,-14
28475,0
28476,-8
28477,-4
28478,0
28479,0
28480,-4
28481,-4
28482,-4
28483,-8
28484,0
28485,-4
28486,-4
28487,-4
28488,-12
28489,-4
28490,0
28491,6
28492,0
28493,-4
28494,-4
28495,6
28496,0
28497,0
28498,0
28499,-4
28500,0
28501,0
28502,-4
28503,0
28504,0
28505,6
28506,0
28507,0
28508,0
28509,0
28510,0
28511,6
28512,-4
28513,4
28514,0
28515,0
28516,0
28517,0
28518,2
28519,2
28520,0
28521,0
28522,4
28523,-12
28524,0
28525,0
28526,-12
28527,6
28528,0
28529,2
28530,-8
28531,6
28532,0
28533,4
28534,2
28535,10
28536,-4
28537,4
28538,0
28539,-4
28540,0
28541,6
28542,2
28543,0
28544,2
28545,-4
28546,0
28547,0
28548,0
28549,-4
28550,0
28551,0
28552,-4
28553,18
28554,0
28555,0
28556,0
28557,6
28558,-8
28559,0
28560,0
28561,-4
28562,-4
28563,0
28564,-4
28565,0
28566,-4
28567,0
28568,-4
28569,0
28570,-4
28571,0
28572,0
28573,-8
28574,-4
28575,0
28576,0
28577,-4
28578,0
28579,-4
28580,-8
28581,-10
28582,-4
28583,-4
28584,-4
28585,0
28586,0
28587,-4
28588,-4
28589,0
28590,-4
28591,-4
28592,-4
28593,2
28594,0
28595,0
28596,0
28597,-4
28598,0
28599,0
28600,0
28601,0
28602,0
28603,0
28604,0
28605,0
28606,6
28607,0
28608,0
28609,2
28610,14
28611,0
28612,0
28613,6
28614,0
28615,2
28616,0
28617,4
28618,2
28619,-4
28620,2
28621,6
28622,0
28623,0
28624,0
28625,4
28626,6
28627,-4
28628,2
28629,4
28630,0
28631,-8
28632,0
28633,0
28634,6
28635,0
28636,0
28637,4
28638,0
28639,0
28640,-4
28641,14
28642,0
28643,2
28644,-12
28645,0
28646,0
28647,0
28648,2
28649,-8
28650,0
28651,-4
28652,0
28653,0
28654,0
28655,0
28656,2
28657,0
28658,6
28659,0
28660,0
28661,-4
28662,-4
28663,0
28664,-4
28665,0
28666,0
28667,0
28668,-4
28669,-4
28670,-4
28671,-4
28672,-4
28673,-4
28674,-4
28675,-4
28676,-4
28677,-6
28678,-4
28679,0
28680,-6
28681,-4
28682,-6
28683,0
28684,14
28685,-4
28686,-4
28687,0
28688,-4
28689,0
28690,-4
28691,-4
28692,-8
28693,0
28694,0
28695,0
28696,6
28697,0
28698,0
28699,0
28700,0
28701,4
28702,4
28703,0
28704,0
28705,0
28706,0
28707,0
28708,2
28709,-4
28710,0
28711,0
28712,6
28713,0
28714,0
28715,-8
28716,6
28717,0
28718,0
28719,0
28720,-6
28721,-4
28722,4
28723,0
28724,0
28725,0
28726,0
28727,4
28728,0
28729,6
28730,0
28731,0
28732,-10
28733,0
28734,14
28735,2
28736,6
28737,0
28738,2
28739,4
28740,-6
28741,0
28742,0
28743,10
28744,0
28745,0
28746,0
28747,14
28748,0
28749,0
28750,2
28751,0
28752,0
28753,-4
28754,0
28755,-4
28756,2
28757,-4
28758,0
28759,0
28760,0
28761,0
28762,-4
28763,-4
28764,-4
28765,0
28766,-4
28767,-4
28768,0
28769,-4
28770,-4
28771,0
28772,-4
28773,0
28774,-4
28775,0
28776,0
28777,-4
28778,-4
28779,-4
28780,0
28781,-4
28782,4
28783,-4
28784,-4
28785,-4
28786,10
28787,0
28788,-4
28789,-4
28790,-4
28791,-4
28792,0
28793,-4
28794,-4
28795,0
28796,0
28797,-4
28798,-4
28799,2
28800,0
28801,0
28802,0
28803,0
28804,2
28805,0
28806,-4
28807,2
28808,0
28809,-4
28810,2
28811,0
28812,0
28813,2
28814,0
28815,0
28816,-4
28817,0
28818,4
28819,4
28820,-8
28821,0
28822,-8
28823,0
28824,-4
28825,0
28826,4
28827,2
28828,-8
28829,-4
28830,2
28831,0
28832,4
28833,4
28834,2
28835,6
28836,-4
28837,2
28838,2
28839,18
28840,0
28841,0
28842,10
28843,2
28844,0
28845,-4
28846,4
28847,0
28848,10
28849,0
28850,-4
28851,0
28852,0
28853,0
28854,-4
28855,0
28856,-8
28857,0
28858,0
28859,-4
28860,-4
28861,0
28862,-4
28863,0
28864,-4
28865,0
28866,-4
28867,-4
28868,-4
28869,-4
28870,-10
28871,-4
28872,6
28873,0
28874,0
28875,-4
28876,0
28877,-4
28878,-10
28879,-4
28880,-4
28881,0
28882,-4
28883,-8
28884,0
28885,-4
28886,-4
28887,0
28888,-8
28889,-4
28890,0
28891,2
28892,2
28893,0
28894,-4
28895,-4
28896,6
28897,-4
28898,0
28899,0
28900,0
28901,0
28902,0
28903,0
28904,0
28905,2
28906,0
28907,0
28908,8
28909,6
28910,0
28911,-4
28912,6
28913,0
28914,4
28915,2
28916,4
28917,0
28918,0
28919,0
28920,4
28921,0
28922,0
28923,4
28924,6
28925,2
28926,4
28927,4
28928,4
28929,0
28930,6
28931,4
28932,0
28933,0
28934,0
28935,-14
28936,0
28937,0
28938,-16
28939,0
28940,0
28941,8
28942,2
28943,0
28944,-4
28945,4
28946,-4
28947,0
28948,0
28949,4
28950,0
28951,-4
28952,-4
28953,0
28954,0
28955,2
28956,-4
28957,-4
28958,-4
28959,0
28960,10
28961,0
28962,-4
28963,4
28964,-4
28965,0
28966,0
28967,-4
28968,0
28969,0
28970,-4
28971,-4
28972,0
28973,-4
28974,-4
28975,-4
28976,0
28977,-4
28978,-4
28979,-4
28980,4
28981,-4
28982,-4
28983,-4
28984,0
28985,-4
28986,-4
28987,-10
28988,-6
28989,0
28990,8
28991,0
28992,-4
28993,-8
28994,0
28995,0
28996,0
28997,-4
28998,-4
28999,0
29000,0
29001,0
29002,0
29003,0
29004,0
29005,0
29006,0
29007,0
29008,0
29009,0
29010,0
29011,-4
29012,0
29013,4
29014,-36
29015,10
29016,4
29017,0
29018,0
29019,4
29020,0
29021,0
29022,0
29023,0
29024,2
29025,6
29026,-4
29027,0
29028,2
29029,-4
29030,2
29031,10
29032,2
29033,0
29034,-4
29035,6
29036,2
29037,2
29038,2
29039,0
29040,6
29041,-8
29042,0
29043,4
29044,-8
29045,0
29046,0
29047,6
29048,6
29049,6
29050,0
29051,0
29052,10
29053,-4
29054,0
29055,0
29056,10
29057,0
29058,-4
29059,0
29060,2
29061,2
29062,0
29063,0
29064,0
29065,0
29066,0
29067,-4
29068,-4
29069,0
29070,-4
29071,-4
29072,-4
29073,4
29074,-4
29075,-4
29076,-22
29077,0
29078,-6
29079,0
29080,-4
29081,-4
29082,-4
29083,0
29084,-4
29085,-4
29086,-4
29087,-4
29088,-6
29089,-4
29090,-6
29091,0
29092,-6
29093,4
29094,0
29095,-6
29096,-4
29097,-4
29098,-6
29099,-4
29100,2
29101,2
29102,-4
29103,0
29104,-4
29105,0
29106,0
29107,0
29108,0
29109,2
29110,-4
29111,6
29112,-4
29113,0
29114,0
29115,0
29116,2
29117,0
29118,0
29119,0
29120,0
29121,2
29122,0
29123,-10
29124,4
29125,0
29126,6
29127,4
29128,0
29129,6
29130,2
29131,2
29132,-10
29133,0
29134,0
29135,0
29136,-16
29137,0
29138,2
29139,0
29140,0
29141,2
29142,6
29143,0
29144,4
29145,2
29146,-8
29147,-4
29148,0
29149,4
29150,0
29151,0
29152,0
29153,0
29154,0
29155,0
29156,0
29157,0
29158,-4
29159,4
29160,-4
29161,-4
29162,0
29163,0
29164,-4
29165,-4
29166,-4
29167,0
29168,0
29169,2
29170,-4
29171,-4
29172,0
29173,0
29174,-4
29175,-4
29176,6
29177,-8
29178,-6
29179,10
29180,-6
29181,0
29182,-4
29183,-4
29184,-4
29185,-4
29186,-4
29187,0
29188,0
29189,-6
29190,-4
29191,-4
29192,-4
29193,-4
29194,-4
29195,-6
29196,-4
29197,-4
29198,0
29199,0
29200,0
29201,20
29202,0
29203,-4
29204,-14
29205,0
29206,-14
29207,0
29208,-4
29209,0
29210,4
29211,0
29212,0
29213,0
29214,0
29215,2
29216,0
29217,2
29218,0
29219,0
29220,2
29221,4
29222,0
29223,-4
29224,0
29225,0
29226,0
29227,-14
29228,2
29229,0
29230,0
29231,2
29232,0
29233,0
29234,2
29235,8
29236,0
29237,2
29238,4
29239,24
29240,0
29241,4
29242,6
29243,2
29244,6
29245,6
29246,0
29247,4
29248,-4
29249,0
29250,6
29251,0
29252,0
29253,-4
29254,-4
29255,-10
29256,2
29257,0
29258,0
29259,2
29260,0
29261,-6
29262,0
29263,0
29264,-4
29265,-4
29266,-4
29267,0
29268,-8
29269,-4
29270,0
29271,0
29272,-4
29273,-4
29274,-4
29275,-4
29276,-4
29277,14
29278,-4
29279,-4
29280,-4
29281,-4
29282,-4
29283,-4
29284,-4
29285,4
29286,-4
29287,0
29288,10
29289,0
29290,-4
29291,-4
29292,0
29293,-4
29294,22
29295,0
29296,-4
29297,-4
29298,0
29299,-6
29300,0
29301,-4
29302,0
29303,0
29304,0
29305,-4
29306,0
29307,-4
29308,0
29309,0
29310,10
29311,0
29312,0
29313,-4
29314,0
29315,0
29316,2
29317,4
29318,0
29319,2
29320,0
29321,0
29322,0
29323,4
29324,0
29325,0
29326,6
29327,-4
29328,-4
29329,6
29330,-4
29331,-4
29332,2
29333,6
29334,0
29335,6
29336,0
29337,0
29338,-22
29339,0
29340,-4
29341,10
29342,0
29343,0
29344,-4
29345,-4
29346,2
29347,-4
29348,4
29349,0
29350,2
29351,10
29352,0
29353,0
29354,8
29355,0
29356,-4
29357,0
29358,-4
29359,0
29360,0
29361,-6
29362,4
29363,-4
29364,-4
29365,0
29366,-4
29367,0
29368,-4
29369,-4
29370,0
29371,0
29372,-4
29373,-4
29374,-4
29375,0
29376,0
29377,0
29378,0
29379,-4
29380,-4
29381,-4
29382,0
29383,-4
29384,-4
29385,0
29386,-4
29387,4
29388,-6
29389,-4
29390,6
29391,-4
29392,0
29393,-12
29394,0
29395,0
29396,-4
29397,0
29398,0
29399,0
29400,-4
29401,0
29402,0
29403,0
29404,0
29405,0
29406,-4
29407,0
29408,8
29409,14
29410,0
29411,0
29412,0
29413,4
29414,0
29415,0
29416,0
29417,2
29418,0
29419,6
29420,0
29421,2
29422,2
29423,-4
29424,2
29425,-4
29426,-4
29427,0
29428,2
29429,0
29430,-4
29431,-8
29432,0
29433,0
29434,4
29435,2
29436,-4
29437,-8
29438,-4
29439,0
29440,0
29441,4
29442,0
29443,6
29444,6
29445,0
29446,2
29447,4
29448,0
29449,-4
29450,0
29451,22
29452,-6
29453,0
29454,-6
29455,0
29456,0
29457,0
29458,-4
29459,-4
29460,0
29461,6
29462,-4
29463,4
29464,-4
29465,0
29466,0
29467,-4
29468,0
29469,-4
29470,-4
29471,-4
29472,-4
29473,-6
29474,-4
29475,0
29476,-4
29477,-6
29478,0
29479,0
29480,-4
29481,-4
29482,-4
29483,10
29484,-4
29485,-8
29486,-4
29487,-4
29488,-30
29489,0
29490,6
29491,10
29492,0
29493,-4
29494,-14
29495,0
29496,0
29497,2
29498,0
29499,2
29500,0
29501,0
29502,18
29503,10
29504,0
29505,0
29506,14
29507,6
29508,0
29509,0
29510,0
29511,0
29512,0
29513,2
29514,0
29515,0
29516,4
29517,0
29518,4
29519,6
29520,0
29521,-4
29522,0
29523,4
29524,0
29525,0
29526,-4
29527,0
29528,0
29529,6
29530,2
29531,2
29532,0
29533,0
29534,4
29535,0
29536,-4
29537,0
29538,0
29539,0
29540,-6
29541,-10
29542,0
29543,0
29544,2
29545,14
29546,6
29547,0
29548,14
29549,0
29550,10
29551,4
29552,0
29553,0
29554,0
29555,4
29556,0
29557,-4
29558,2
29559,0
29560,0
29561,0
29562,6
29563,0
29564,-4
29565,-4
29566,-4
29567,-4
29568,0
29569,-4
29570,-4
29571,-4
29572,-4
29573,-4
29574,0
29575,0
29576,0
29577,-4
29578,-4
29579,0
29580,0
29581,-4
29582,6
29583,-4
29584,-4
29585,-4
29586,28
29587,0
29588,-4
29589,-4
29590,0
29591,-4
29592,-4
29593,0
29594,-4
29595,0
29596,0
29597,0
29598,-4
29599,0
29600,-4
29601,0
29602,0
29603,0
29604,0
29605,0
29606,0
29607,0
29608,2
29609,0
29610,-4
29611,-4
29612,2
29613,0
29614,0
29615,2
29616,2
29617,4
29618,0
29619,0
29620,10
29621,0
29622,0
29623,10
29624,2
29625,0
29626,0
29627,-12
29628,2
29629,0
29630,0
29631,0
29632,2
29633,0
29634,0
29635,-24
29636,4
29637,0
29638,-12
29639,4
29640,4
29641,6
29642,0
29643,0
29644,0
29645,-14
29646,0
29647,0
29648,0
29649,0
29650,-8
29651,-4
29652,0
29653,0
29654,0
29655,0
29656,0
29657,0
29658,-4
29659,0
29660,0
29661,-4
29662,0
29663,0
29664,-4
29665,0
29666,0
29667,0
29668,0
29669,-4
29670,0
29671,0
29672,-4
29673,0
29674,-4
29675,-4
29676,-4
29677,-4
29678,0
29679,-4
29680,2
29681,-4
29682,-8
29683,-4
29684,-4
29685,-4
29686,-6
29687,0
29688,0
29689,-8
29690,-4
29691,0
29692,-4
29693,-4
29694,0
29695,0
29696,6
29697,-4
29698,0
29699,-4
29700,0
29701,-4
29702,0
29703,0
29704,-4
29705,2
29706,0
29707,6
29708,0
29709,-4
29710,-4
29711,0
29712,4
29713,4
29714,0
29715,0
29716,-4
29717,0
29718,0
29719,2
29720,-4
29721,0
29722,0
29723,-8
29724,0
29725,2
29726,0
29727,0
29728,0
29729,6
29730,2
29731,0
29732,0
29733,2
29734,6
29735,0
29736,0
29737,-8
29738,6
29739,0
29740,0
29741,0
29742,0
29743,0
29744,-8
29745,0
29746,0
29747,2
29748,-4
29749,-4
29750,0
29751,-4
29752,0
29753,0
29754,0
29755,6
29756,-4
29757,4
29758,0
29759,0
29760,10
29761,0
29762,0
29763,0
29764,0
29765,0
29766,2
29767,4
29768,-4
29769,0
29770,-4
29771,-6
29772,-4
29773,-4
29774,-4
29775,0
29776,-4
29777,0
29778,0
29779,0
29780,-4
29781,-4
29782,-4
29783,-4
29784,0
29785,-4
29786,0
29787,-4
29788,6
29789,0
29790,-4
29791,0
29792,-4
29793,0
29794,2
29795,0
29796,-4
29797,0
29798,0
29799,0
29800,0
29801,0
29802,0
29803,2
29804,-4
29805,0
29806,0
29807,0
29808,6
29809,-4
29810,6
29811,0
29812,0
29813,2
29814,0
29815,0
29816,6
29817,0
29818,0
29819,4
29820,0
29821,4
29822,4
29823,0
29824,2
29825,0
29826,4
29827,0
29828,2
29829,6
29830,6
29831,4
29832,2
29833,2
29834,4
29835,4
29836,14
29837,2
29838,4
29839,4
29840,0
29841,0
29842,4
29843,-4
29844,6
29845,0
29846,-4
29847,4
29848,6
29849,0
29850,2
29851,-4
29852,0
29853,6
29854,0
29855,-4
29856,0
29857,0
29858,0
29859,-14
29860,0
29861,0
29862,0
29863,-4
29864,-4
29865,-4
29866,2
29867,-6
29868,-4
29869,-4
29870,6
29871,-4
29872,-4
29873,-4
29874,0
29875,-4
29876,-4
29877,0
29878,0
29879,-4
29880,2
29881,4
29882,-8
29883,0
29884,-4
29885,-4
29886,-4
29887,-14
29888,-4
29889,-4
29890,0
29891,28
29892,0
29893,0
29894,0
29895,6
29896,6
29897,0
29898,0
29899,0
29900,14
29901,0
29902,4
29903,0
29904,0
29905,0
29906,0
29907,0
29908,6
29909,0
29910,0
29911,-22
29912,4
29913,0
29914,6
29915,14
29916,-4
29917,2
29918,0
29919,2
29920,6
29921,4
29922,2
29923,0
29924,6
29925,2
29926,0
29927,2
29928,0
29929,2
29930,-14
29931,0
29932,-6
29933,0
29934,0
29935,0
29936,14
29937,-4
29938,0
29939,4
29940,6
29941,0
29942,6
29943,2
29944,6
29945,6
29946,0
29947,-10
29948,4
29949,8
29950,0
29951,10
29952,4
29953,-4
29954,0
29955,10
29956,0
29957,6
29958,-4
29959,6
29960,6
29961,-4
29962,-14
29963,-4
29964,0
29965,-4
29966,-4
29967,6
29968,-4
29969,0
29970,-4
29971,0
29972,-4
29973,-4
29974,-6
29975,-4
29976,-4
29977,-4
29978,0
29979,-4
29980,-4
29981,-4
29982,-4
29983,18
29984,-4
29985,0
29986,0
29987,4
29988,-4
29989,0
29990,0
29991,-4
29992,-6
29993,-8
29994,-4
29995,0
29996,0
29997,-20
29998,0
29999,-10
30000,0
30001,0
30002,0
30003,-4
30004,-4
30005,0
30006,-4
30007,0
30008,-4
30009,0
30010,0
30011,0
30012,-4
30013,0
30014,0
30015,0
30016,0
30017,0
30018,2
30019,-4
30020,-14
30021,0
30022,-4
30023,0
30024,0
30025,-4
30026,0
30027,0
30028,0
30029,8
30030,0
30031,0
30032,2
30033,0
30034,0
30035,2
30036,0
30037,0
30038,-8
30039,0
30040,0
30041,4
30042,0
30043,0
30044,2
30045,-8
30046,0
30047,0
30048,-8
30049,0
30050,-14
30051,0
30052,0
30053,0
30054,0
30055,2
30056,-4
30057,0
30058,0
30059,-4
30060,0
30061,-4
30062,-4
30063,0
30064,-14
30065,-4
30066,0
30067,-4
30068,-4
30069,-6
30070,-4
30071,-4
30072,0
30073,-4
30074,-4
30075,0
30076,-4
30077,0
30078,-4
30079,-4
30080,-4
30081,2
30082,-4
30083,0
30084,-4
30085,-4
30086,-10
30087,-4
30088,0
30089,-6
30090,-4
30091,-4
30092,-14
30093,0
30094,0
30095,-6
30096,4
30097,-4
30098,0
30099,-4
30100,-4
30101,0
30102,0
30103,0
30104,0
30105,-4
30106,0
30107,0
30108,0
30109,0
30110,0
30111,6
30112,0
30113,0
30114,0
30115,0
30116,0
30117,0
30118,4
30119,2
30120,4
30121,0
30122,-4
30123,0
30124,0
30125,2
30126,-14
30127,4
30128,2
30129,0
30130,2
30131,0
30132,2
30133,0
30134,0
30135,2
30136,6
30137,8
30138,0
30139,4
30140,0
30141,2
30142,4
30143,0
30144,8
30145,2
30146,-4
30147,-4
30148,-4
30149,0
30150,0
30151,8
30152,0
30153,0
30154,0
30155,0
30156,0
30157,-4
30158,0
30159,-4
30160,-4
30161,0
30162,6
30163,-4
30164,-4
30165,-4
30166,-4
30167,-4
30168,-4
30169,0
30170,-4
30171,-4
30172,-4
30173,6
30174,-4
30175,-4
30176,-4
30177,0
30178,6
30179,0
30180,24
30181,-4
30182,0
30183,2
30184,-4
30185,0
30186,-4
30187,-4
30188,14
30189,-4
30190,6
30191,-4
30192,-4
30193,0
30194,-6
30195,-4
30196,0
30197,-4
30198,0
30199,-4
30200,0
30201,6
30202,-4
30203,0
30204,0
30205,2
30206,0
30207,-8
30208,2
30209,4
30210,0
30211,2
30212,0
30213,4
30214,0
30215,-4
30216,-4
30217,0
30218,0
30219,0
30220,0
30221,4
30222,-4
30223,4
30224,0
30225,0
30226,0
30227,0
30228,2
30229,6
30230,4
30231,-4
30232,-8
30233,2
30234,2
30235,-4
30236,-8
30237,-4
30238,4
30239,-8
30240,0
30241,-4
30242,-4
30243,8
30244,-4
30245,0
30246,6
30247,4
30248,2
30249,-14
30250,0
30251,0
30252,8
30253,0
30254,0
30255,-4
30256,0
30257,-4
30258,0
30259,0
30260,-6
30261,0
30262,0
30263,0
30264,-4
30265,4
30266,-4
30267,0
30268,0
30269,-4
30270,-4
30271,-4
30272,6
30273,-4
30274,2
30275,-4
30276,-4
30277,-4
30278,6
30279,-4
30280,-4
30281,-4
30282,-4
30283,0
30284,-6
30285,0
30286,-4
30287,18
30288,6
30289,0
30290,0
30291,-22
30292,0
30293,0
30294,-4
30295,-8
30296,-4
30297,0
30298,0
30299,-4
30300,0
30301,0
30302,0
30303,4
30304,6
30305,0
30306,4
30307,2
30308,-14
30309,0
30310,2
30311,2
30312,32
30313,-4
30314,0
30315,6
30316,0
30317,0
30318,4
30319,0
30320,0
30321,0
30322,0
30323,-14
30324,0
30325,0
30326,6
30327,0
30328,4
30329,6
30330,2
30331,6
30332,0
30333,6
30334,0
30335,-14
30336,0
30337,0
30338,-6
30339,0
30340,0
30341,-4
30342,-14
30343,0
30344,4
30345,-4
30346,-6
30347,6
30348,0
30349,-18
30350,0
30351,0
30352,4
30353,0
30354,0
30355,-16
30356,4
30357,6
30358,-4
30359,-4
30360,0
30361,-8
30362,0
30363,-4
30364,10
30365,-4
30366,-4
30367,-4
30368,-4
30369,-4
30370,0
30371,-6
30372,0
30373,-36
30374,6
30375,-4
30376,-4
30377,-4
30378,-4
30379,-4
30380,2
30381,-4
30382,-4
30383,-4
30384,-4
30385,-4
30386,-4
30387,-4
30388,-4
30389,-4
30390,-6
30391,-4
30392,-6
30393,0
30394,0
30395,0
30396,-6
30397,0
30398,0
30399,0
30400,0
30401,0
30402,0
30403,10
30404,8
30405,2
30406,-4
30407,0
30408,0
30409,6
30410,-4
30411,2
30412,30
30413,-24
30414,2
30415,-4
30416,-4
30417,4
30418,6
30419,2
30420,2
30421,0
30422,0
30423,-8
30424,6
30425,0
30426,4
30427,0
30428,0
30429,6
30430,0
30431,4
30432,2
30433,-16
30434,0
30435,18
30436,0
30437,2
30438,-10
30439,0
30440,-4
30441,-4
30442,0
30443,-4
30444,4
30445,-22
30446,0
30447,0
30448,-6
30449,0
30450,0
30451,0
30452,0
30453,0
30454,-4
30455,-4
30456,0
30457,-4
30458,-16
30459,10
30460,0
30461,-4
30462,-4
30463,6
30464,-4
30465,0
30466,-4
30467,-4
30468,0
30469,-14
30470,-8
30471,0
30472,-4
30473,-4
30474,4
30475,6
30476,4
30477,-4
30478,-4
30479,-8
30480,0
30481,-4
30482,-4
30483,-4
30484,0
30485,-4
30486,-4
30487,-4
30488,0
30489,-4
30490,0
30491,0
30492,0
30493,-4
30494,-4
30495,24
30496,0
30497,-4
30498,10
30499,-4
30500,6
30501,0
30502,0
30503,-4
30504,0
30505,0
30506,-14
30507,0
30508,4
30509,-4
30510,0
30511,0
30512,0
30513,0
30514,0
30515,0
30516,0
30517,0
30518,0
30519,4
30520,6
30521,2
30522,0
30523,0
30524,0
30525,14
30526,-4
30527,0
30528,0
30529,0
30530,0
30531,0
30532,0
30533,0
30534,-14
30535,0
30536,-4
30537,0
30538,4
30539,-4
30540,14
30541,0
30542,0
30543,10
30544,0
30545,0
30546,-4
30547,-6
30548,0
30549,-4
30550,-4
30551,-10
30552,-4
30553,0
30554,-4
30555,0
30556,0
30557,-4
30558,0
30559,0
30560,-4
30561,-4
30562,-4
30563,0
30564,0
30565,-4
30566,-4
30567,-4
30568,-4
30569,0
30570,0
30571,-8
30572,0
30573,-10
30574,-4
30575,-4
30576,-4
30577,0
30578,-4
30579,-4
30580,-4
30581,-6
30582,-4
30583,-4
30584,4
30585,-4
30586,4
30587,-4
30588,-4
30589,-4
30590,-4
30591,-6
30592,-4
30593,0
30594,-8
30595,0
30596,0
30597,0
30598,0
30599,0
30600,-6
30601,0
30602,-4
30603,2
30604,0
30605,0
30606,0
30607,0
30608,0
30609,0
30610,0
30611,0
30612,10
30613,-4
30614,0
30615,-4
30616,4
30617,0
30618,0
30619,2
30620,-4
30621,-8
30622,2
30623,-6
30624,0
30625,0
30626,4
30627,0
30628,0
30629,0
30630,2
30631,2
30632,0
30633,0
30634,4
30635,0
30636,-14
30637,4
30638,0
30639,2
30640,0
30641,-4
30642,0
30643,4
30644,4
30645,-4
30646,4
30647,0
30648,2
30649,14
30650,0
30651,0
30652,0
30653,-4
30654,0
30655,-4
30656,0
30657,-4
30658,0
30659,2
30660,-4
30661,0
30662,-4
30663,0
30664,-4
30665,0
30666,-4
30667,0
30668,0
30669,-4
30670,-4
30671,-24
30672,0
30673,-18
30674,0
30675,0
30676,-6
30677,0
30678,-4
30679,-4
30680,-4
30681,-4
30682,-4
30683,-4
30684,-4
30685,0
30686,10
30687,-4
30688,-4
30689,-6
30690,-4
30691,-4
30692,14
30693,0
30694,-4
30695,4
30696,2
30697,0
30698,2
30699,-4
30700,-4
30701,0
30702,0
30703,0
30704,0
30705,0
30706,0
30707,0
30708,0
30709,0
30710,6
30711,0
30712,0
30713,0
30714,0
30715,0
30716,0
30717,0
30718,0
30719,0
30720,0
30721,0
30722,0
30723,2
30724,4
30725,-14
30726,6
30727,4
30728,0
30729,6
30730,4
30731,-4
30732,-4
30733,0
30734,0
30735,-4
30736,0
30737,0
30738,6
30739,0
30740,-4
30741,10
30742,2
30743,0
30744,-6
30745,-4
30746,2
30747,4
30748,14
30749,0
30750,6
30751,-4
30752,0
30753,0
30754,-4
30755,0
30756,0
30757,0
30758,-6
30759,0
30760,-4
30761,0
30762,-4
30763,0
30764,-4
30765,0
30766,0
30767,-4
30768,0
30769,-4
30770,0
30771,0
30772,-4
30773,-4
30774,-4
30775,14
30776,-14
30777,-6
30778,-4
30779,-4
30780,-4
30781,-4
30782,-8
30783,-6
30784,-4
30785,-4
30786,0
30787,0
30788,-4
30789,-4
30790,0
30791,-14
30792,0
30793,-4
30794,18
30795,-4
30796,0
30797,-6
30798,2
30799,0
30800,0
30801,-6
30802,-4
30803,0
30804,-4
30805,0
30806,0
30807,-4
30808,0
30809,0
30810,-4
30811,-4
30812,0
30813,0
30814,0
30815,0
30816,0
30817,0
30818,-4
30819,0
30820,0
30821,0
30822,4
30823,4
30824,-4
30825,4
30826,0
30827,-4
30828,-4
30829,8
30830,-12
30831,4
30832,2
30833,-14
30834,2
30835,0
30836,0
30837,-8
30838,0
30839,6
30840,-4
30841,6
30842,6
30843,-4
30844,0
30845,0
30846,2
30847,0
30848,-4
30849,-4
30850,0
30851,0
30852,0
30853,0
30854,4
30855,0
30856,10
30857,0
30858,0
30859,-4
30860,-4
30861,0
30862,-4
30863,0
30864,-4
30865,-6
30866,-4
30867,0
30868,-4
30869,0
30870,0
30871,0
30872,-4
30873,0
30874,-4
30875,-4
30876,-4
30877,4
30878,-4
30879,-4
30880,0
30881,-4
30882,0
30883,-26
30884,0
30885,-4
30886,-4
30887,-28
30888,0
30889,-4
30890,18
30891,-4
30892,-6
30893,0
30894,-4
30895,0
30896,0
30897,2
30898,-4
30899,0
30900,-4
30901,-4
30902,-4
30903,-4
30904,-4
30905,-18
30906,0
30907,14
30908,0
30909,0
30910,0
30911,0
30912,0
30913,0
30914,0
30915,0
30916,6
30917,0
30918,4
30919,2
30920,0
30921,0
30922,0
30923,6
30924,10
30925,4
30926,0
30927,0
30928,0
30929,6
30930,0
30931,2
30932,0
30933,0
30934,2
30935,0
30936,6
30937,0
30938,4
30939,4
30940,-4
30941,0
30942,-4
30943,6
30944,0
30945,-4
30946,0
30947,-4
30948,0
30949,-4
30950,4
30951,18
30952,0
30953,0
30954,0
30955,0
30956,-10
30957,0
30958,2
30959,-4
30960,0
30961,-4
30962,0
30963,0
30964,-4
30965,-4
30966,0
30967,0
30968,0
30969,-4
30970,-4
30971,-4
30972,0
30973,0
30974,8
30975,4
30976,-4
30977,-6
30978,10
30979,-6
30980,0
30981,-4
30982,0
30983,-4
30984,-4
30985,-4
30986,-8
30987,-4
30988,-4
30989,-6
30990,-4
30991,-4
30992,-4
30993,-4
30994,-4
30995,-10
30996,-4
30997,0
30998,6
30999,-4
31000,2
31001,0
31002,0
31003,-14
31004,6
31005,0
31006,2
31007,0
31008,0
31009,6
31010,0
31011,0
31012,0
31013,0
31014,0
31015,0
31016,2
31017,0
31018,0
31019,0
31020,2
31021,0
31022,2
31023,0
31024,0
31025,0
31026,6
31027,-4
31028,-4
31029,10
31030,4
31031,2
31032,0
31033,0
31034,-4
31035,4
31036,-4
31037,0
31038,4
31039,18
31040,0
31041,2
31042,-8
31043,0
31044,4
31045,6
31046,0
31047,0
31048,0
31049,0
31050,0
31051,2
31052,-14
31053,-4
31054,4
31055,-4
31056,0
31057,-4
31058,0
31059,0
31060,0
31061,0
31062,0
31063,-12
31064,-4
31065,0
31066,-4
31067,0
31068,-4
31069,-4
31070,0
31071,-4
31072,0
31073,-4
31074,-4
31075,-4
31076,0
31077,-4
31078,-4
31079,-8
31080,0
31081,-4
31082,-4
31083,-4
31084,-4
31085,-4
31086,-4
31087,-4
31088,0
31089,-4
31090,-4
31091,-4
31092,0
31093,-4
31094,0
31095,-4
31096,0
31097,0
31098,-8
31099,-4
31100,22
31101,0
31102,0
31103,0
31104,0
31105,0
31106,0
31107,4
31108,0
31109,-4
31110,0
31111,-8
31112,-4
31113,0
31114,0
31115,6
31116,-6
31117,0
31118,0
31119,2
31120,4
31121,2
31122,0
31123,4
31124,0
31125,0
31126,0
31127,0
31128,-4
31129,0
31130,2
31131,-4
31132,-8
31133,0
31134,2
31135,6
31136,0
31137,0
31138,-4
31139,2
31140,0
31141,6
31142,0
31143,4
31144,8
31145,0
31146,2
31147,0
31148,0
31149,0
31150,-4
31151,-4
31152,0
31153,0
31154,0
31155,0
31156,0
31157,0
31158,-4
31159,-4
31160,0
31161,4
31162,-4
31163,0
31164,0
31165,-8
31166,-10
31167,0
31168,-4
31169,-4
31170,-4
31171,-4
31172,0
31173,0
31174,-4
31175,0
31176,0
31177,-4
31178,0
31179,-4
31180,-4
31181,4
31182,-4
31183,-4
31184,-4
31185,0
31186,-4
31187,-6
31188,0
31189,-8
31190,0
31191,-4
31192,-4
31193,6
31194,-4
31195,-4
31196,-6
31197,-4
31198,0
31199,-4
31200,-4
31201,0
31202,-4
31203,-4
31204,0
31205,-4
31206,0
31207,0
31208,-4
31209,0
31210,0
31211,0
31212,6
31213,-4
31214,10
31215,6
31216,0
31217,0
31218,0
31219,4
31220,6
31221,2
31222,10
31223,-8
31224,4
31225,4
31226,6
31227,-4
31228,2
31229,4
31230,4
31231,4
31232,2
31233,14
31234,0
31235,6
31236,2
31237,14
31238,0
31239,0
31240,6
31241,-4
31242,6
31243,0
31244,10
31245,0
31246,0
31247,6
31248,0
31249,4
31250,-4
31251,0
31252,0
31253,0
31254,0
31255,-4
31256,0
31257,0
31258,-4
31259,0
31260,0
31261,0
31262,0
31263,8
31264,0
31265,-4
31266,-4
31267,-4
31268,-4
31269,-4
31270,-10
31271,0
31272,0
31273,-6
31274,0
31275,-4
31276,-8
31277,2
31278,-4
31279,-4
31280,-4
31281,0
31282,-4
31283,-26
31284,-4
31285,0
31286,-4
31287,-4
31288,2
31289,-8
31290,-4
31291,0
31292,4
31293,-4
31294,0
31295,-4
31296,-6
31297,0
31298,0
31299,0
31300,-4
31301,0
31302,-4
31303,0
31304,0
31305,-4
31306,-4
31307,0
31308,0
31309,-4
31310,0
31311,0
31312,2
31313,0
31314,-4
31315,2
31316,0
31317,0
31318,0
31319,4
31320,6
31321,0
31322,0
31323,-12
31324,0
31325,-8
31326,0
31327,10
31328,4
31329,2
31330,6
31331,0
31332,0
31333,0
31334,6
31335,4
31336,0
31337,0
31338,0
31339,-4
31340,10
31341,4
31342,0
31343,6
31344,0
31345,0
31346,4
31347,-4
31348,0
31349,0
31350,0
31351,-6
31352,0
31353,2
31354,-4
31355,-4
31356,0
31357,0
31358,4
31359,0
31360,0
31361,-4
31362,0
31363,0
31364,0
31365,-4
31366,-4
31367,0
31368,-4
31369,-4
31370,-6
31371,-4
31372,-8
31373,0
31374,-4
31375,-10
31376,-4
31377,0
31378,-8
31379,-4
31380,-22
31381,-4
31382,0
31383,0
31384,-6
31385,-4
31386,-8
31387,-4
31388,-4
31389,-8
31390,2
31391,-4
31392,0
31393,2
31394,0
31395,0
31396,-4
31397,0
31398,-4
31399,-4
31400,0
31401,-16
31402,2
31403,0
31404,0
31405,0
31406,0
31407,0
31408,0
31409,4
31410,0
31411,-4
31412,0
31413,0
31414,-4
31415,0
31416,0
31417,4
31418,4
31419,0
31420,0
31421,-4
31422,2
31423,-4
31424,8
31425,4
31426,0
31427,2
31428,2
31429,-8
31430,0
31431,0
31432,-4
31433,0
31434,0
31435,2
31436,14
31437,4
31438,2
31439,-4
31440,-8
31441,0
31442,0
31443,-4
31444,-12
31445,-4
31446,0
31447,-4
31448,0
31449,0
31450,0
31451,2
31452,-8
31453,0
31454,0
31455,2
31456,0
31457,0
31458,-14
31459,0
31460,0
31461,4
31462,-4
31463,6
31464,0
31465,-4
31466,-4
31467,0
31468,-4
31469,-4
31470,2
31471,10
31472,0
31473,-4
31474,0
31475,-6
31476,0
31477,-4
31478,0
31479,-4
31480,-4
31481,-4
31482,-4
31483,0
31484,-4
31485,-4
31486,-8
31487,-4
31488,-4
31489,-4
31490,-8
31491,0
31492,-4
31493,-4
31494,0
31495,6
31496,0
31497,0
31498,0
31499,24
31500,-4
31501,-8
31502,0
31503,0
31504,0
31505,0
31506,0
31507,0
31508,0
31509,-4
31510,0
31511,0
31512,6
31513,0
31514,8
31515,0
31516,0
31517,0
31518,0
31519,10
31520,0
31521,6
31522,0
31523,2
31524,-8
31525,6
31526,4
31527,2
31528,0
31529,0
31530,4
31531,0
31532,-4
31533,2
31534,2
31535,4
31536,4
31537,0
31538,-14
31539,2
31540,6
31541,4
31542,2
31543,-4
31544,4
31545,10
31546,0
31547,-4
31548,0
31549,2
31550,0
31551,20
31552,0
31553,0
31554,4
31555,0
31556,0
31557,0
31558,0
31559,0
31560,0
31561,2
31562,6
31563,0
31564,-4
31565,-4
31566,-4
31567,0
31568,-4
31569,-6
31570,-4
31571,0
31572,-4
31573,0
31574,-4
31575,-6
31576,-4
31577,-6
31578,0
31579,8
31580,0
31581,8
31582,0
31583,10
31584,-4
31585,-4
31586,0
31587,-4
31588,0
31589,-4
31590,-4
31591,-4
31592,-4
31593,0
31594,4
31595,0
31596,4
31597,0
31598,0
31599,-8
31600,-4
31601,-4
31602,0
31603,0
31604,0
31605,0
31606,-4
31607,0
31608,-12
31609,0
31610,0
31611,0
31612,6
31613,2
31614,0
31615,0
31616,0
31617,0
31618,0
31619,-4
31620,2
31621,-8
31622,0
31623,0
31624,-8
31625,0
31626,0
31627,6
31628,0
31629,-8
31630,6
31631,14
31632,0
31633,10
31634,0
31635,0
31636,4
31637,10
31638,6
31639,4
31640,8
31641,-4
31642,0
31643,4
31644,0
31645,-4
31646,0
31647,10
31648,0
31649,0
31650,8
31651,0
31652,-4
31653,0
31654,-12
31655,18
31656,-4
31657,2
31658,-4
31659,0
31660,0
31661,0
31662,0
31663,-4
31664,-4
31665,8
31666,-4
31667,0
31668,0
31669,-4
31670,-4
31671,-6
31672,-4
31673,0
31674,-4
31675,-4
31676,0
31677,-4
31678,0
31679,-6
31680,-4
31681,0
31682,0
31683,6
31684,0
31685,-4
31686,0
31687,0
31688,0
31689,-4
31690,-4
31691,-14
31692,-4
31693,-4
31694,-8
31695,0
31696,-4
31697,-4
31698,0
31699,0
31700,-4
31701,-4
31702,-4
31703,0
31704,0
31705,0
31706,-4
31707,0
31708,-14
31709,0
31710,0
31711,2
31712,0
31713,-8
31714,0
31715,2
31716,0
31717,0
31718,0
31719,-4
31720,0
31721,0
31722,0
31723,2
31724,0
31725,6
31726,0
31727,0
31728,2
31729,2
31730,0
31731,4
31732,0
31733,0
31734,0
31735,4
31736,10
31737,0
31738,4
31739,0
31740,0
31741,4
31742,6
31743,0
31744,-4
31745,0
31746,10
31747,0
31748,0
31749,-4
31750,0
31751,6
31752,0
31753,0
31754,0
31755,2
31756,0
31757,-4
31758,-4
31759,0
31760,0
31761,0
31762,-4
31763,2
31764,2
31765,0
31766,-4
31767,-4
31768,-4
31769,0
31770,-4
31771,-4
31772,0
31773,-4
31774,-4
31775,-4
31776,-4
31777,-4
31778,-4
31779,-4
31780,-4
31781,-4
31782,-14
31783,0
31784,-4
31785,-4
31786,-4
31787,-18
31788,-4
31789,0
31790,14
31791,4
31792,-4
31793,-4
31794,0
31795,-4
31796,6
31797,-4
31798,-4
31799,0
31800,-4
31801,0
31802,0
31803,0
31804,0
31805,0
31806,0
31807,0
31808,0
31809,0
31810,0
31811,-4
31812,4
31813,0
31814,0
31815,0
31816,0
31817,-4
31818,-4
31819,2
31820,0
31821,0
31822,0
31823,0
31824,4
31825,-6
31826,0
31827,14
31828,4
31829,0
31830,4
31831,6
31832,-4
31833,0
31834,2
31835,2
31836,4
31837,0
31838,-4
31839,2
31840,0
31841,2
31842,0
31843,0
31844,0
31845,10
31846,0
31847,0
31848,6
31849,-24
31850,-4
31851,6
31852,-18
31853,2
31854,0
31855,-4
31856,4
31857,0
31858,0
31859,0
31860,-4
31861,0
31862,-4
31863,0
31864,-4
31865,10
31866,4
31867,-4
31868,0
31869,-4
31870,0
31871,0
31872,-4
31873,0
31874,-8
31875,0
31876,-4
31877,-6
31878,-4
31879,14
31880,-4
31881,-20
31882,0
31883,0
31884,-4
31885,-4
31886,0
31887,-4
31888,0
31889,-4
31890,0
31891,-4
31892,-8
31893,0
31894,0
31895,-4
31896,-4
31897,0
31898,-4
31899,0
31900,0
31901,0
31902,8
31903,0
31904,0
31905,0
31906,0
31907,0
31908,0
31909,0
31910,0
31911,0
31912,0
31913,-4
31914,-4
31915,4
31916,0
31917,0
31918,-4
31919,0
31920,2
31921,0
31922,0
31923,0
31924,4
31925,4
31926,0
31927,2
31928,0
31929,4
31930,2
31931,14
31932,0
31933,-8
31934,0
31935,4
31936,0
31937,2
31938,0
31939,2
31940,8
31941,0
31942,0
31943,0
31944,0
31945,0
31946,2
31947,10
31948,0
31949,2
31950,0
31951,0
31952,0
31953,10
31954,0
31955,0
31956,0
31957,-4
31958,0
31959,14
31960,-4
31961,10
31962,0
31963,-6
31964,-4
31965,-4
31966,-4
31967,-4
31968,0
31969,0
31970,0
31971,-4
31972,2
31973,0
31974,-8
31975,-20
31976,-6
31977,0
31978,-4
31979,0
31980,-4
31981,-4
31982,6
31983,0
31984,0
31985,-4
31986,-4
31987,0
31988,0
31989,-8
31990,-4
31991,0
31992,-8
31993,6
31994,-4
31995,0
31996,-22
31997,2
31998,0
31999,-10
32000,0
32001,0
32002,0
32003,0
32004,0
32005,0
32006,0
32007,0
32008,-4
32009,2
32010,2
32011,0
32012,0
32013,0
32014,4
32015,6
32016,4
32017,-4
32018,0
32019,4
32020,2
32021,0
32022,0
32023,0
32024,0
32025,0
32026,0
32027,0
32028,0
32029,0
32030,2
32031,-4
32032,0
32033,-4
32034,0
32035,0
32036,0
32037,0
32038,0
32039,6
32040,-18
32041,0
32042,6
32043,0
32044,-4
32045,0
32046,0
32047,0
32048,2
32049,-4
32050,0
32051,4
32052,0
32053,0
32054,-6
32055,4
32056,0
32057,-4
32058,0
32059,0
32060,10
32061,0
32062,0
32063,-4
32064,-4
32065,-4
32066,-4
32067,0
32068,-4
32069,0
32070,-4
32071,-4
32072,0
32073,0
32074,-4
32075,0
32076,-4
32077,-4
32078,-4
32079,-4
32080,0
32081,-4
32082,-4
32083,-4
32084,0
32085,-4
32086,0
32087,0
32088,0
32089,4
32090,0
32091,0
32092,10
32093,0
32094,0
32095,18
32096,0
32097,-4
32098,10
32099,0
32100,-4
32101,0
32102,18
32103,0
32104,0
32105,0
32106,-4
32107,-4
32108,-14
32109,0
32110,0
32111,0
32112,0
32113,-4
32114,-4
32115,2
32116,0
32117,-4
32118,6
32119,0
32120,0
32121,0
32122,0
32123,8
32124,2
32125,-4
32126,0
32127,-4
32128,2
32129,0
32130,6
32131,2
32132,0
32133,2
32134,18
32135,0
32136,4
32137,0
32138,0
32139,-14
32140,2
32141,0
32142,6
32143,2
32144,-4
32145,6
32146,10
32147,-4
32148,6
32149,6
32150,0
32151,10
32152,0
32153,-4
32154,0
32155,0
32156,0
32157,2
32158,0
32159,-4
32160,10
32161,0
32162,0
32163,-8
32164,-4
32165,-4
32166,0
32167,0
32168,0
32169,-4
32170,-4
32171,0
32172,0
32173,0
32174,-6
32175,-4
32176,0
32177,-4
32178,-4
32179,0
32180,-6
32181,0
32182,-4
32183,-4
32184,-4
32185,-4
32186,4
32187,-4
32188,-4
32189,-4
32190,10
32191,-4
32192,-4
32193,0
32194,8
32195,0
32196,-4
32197,-4
32198,28
32199,0
32200,-4
32201,0
32202,-6
32203,0
32204,4
32205,0
32206,0
32207,0
32208,0
32209,0
32210,0
32211,4
32212,0
32213,0
32214,0
32215,0
32216,0
32217,0
32218,0
32219,-4
32220,0
32221,4
32222,-4
32223,-4
32224,6
32225,0
32226,2
32227,-4
32228,0
32229,6
32230,14
32231,2
32232,0
32233,0
32234,0
32235,4
32236,10
32237,0
32238,2
32239,14
32240,4
32241,0
32242,0
32243,0
32244,-10
32245,4
32246,0
32247,0
32248,10
32249,-4
32250,6
32251,0
32252,2
32253,0
32254,0
32255,0
32256,-4
32257,4
32258,0
32259,-14
32260,8
32261,0
32262,0
32263,-4
32264,0
32265,0
32266,0
32267,-12
32268,0
32269,-4
32270,-4
32271,-4
32272,-4
32273,0
32274,-4
32275,-6
32276,-8
32277,-4
32278,0
32279,-4
32280,-4
32281,-4
32282,2
32283,-4
32284,-4
32285,-4
32286,-4
32287,0
32288,-4
32289,0
32290,-4
32291,-4
32292,4
32293,-4
32294,-4
32295,-6
32296,6
32297,0
32298,-4
32299,0
32300,-4
32301,10
32302,0
32303,0
32304,0
32305,0
32306,0
32307,-4
32308,0
32309,4
32310,0
32311,0
32312,0
32313,-4
32314,8
32315,6
32316,6
32317,0
32318,0
32319,0
32320,0
32321,0
32322,10
32323,2
32324,8
32325,0
32326,0
32327,0
32328,0
32329,2
32330,2
32331,0
32332,2
32333,4
32334,0
32335,14
32336,0
32337,0
32338,0
32339,0
32340,0
32341,-4
32342,0
32343,-4
32344,6
32345,4
32346,0
32347,2
32348,10
32349,-4
32350,6
32351,0
32352,8
32353,0
32354,2
32355,-4
32356,0
32357,-4
32358,0
32359,-4
32360,0
32361,-4
32362,0
32363,0
32364,0
32365,-4
32366,-4
32367,0
32368,2
32369,-4
32370,0
32371,0
32372,-4
32373,0
32374,0
32375,4
32376,0
32377,-4
32378,0
32379,0
32380,-8
32381,-14
32382,-4
32383,0
32384,-16
32385,0
32386,-4
32387,0
32388,0
32389,-4
32390,0
32391,8
32392,0
32393,0
32394,8
32395,-4
32396,0
32397,0
32398,6
32399,2
32400,-8
32401,0
32402,0
32403,0
32404,0
32405,0
32406,0
32407,-4
32408,-4
32409,0
32410,0
32411,0
32412,0
32413,0
32414,0
32415,0
32416,6
32417,0
32418,-4
32419,2
32420,0
32421,-4
32422,0
32423,2
32424,0
32425,-8
32426,2
32427,4
32428,2
32429,-8
32430,0
32431,-16
32432,4
32433,2
32434,-4
32435,0
32436,0
32437,4
32438,0
32439,10
32440,0
32441,-4
32442,-4
32443,6
32444,0
32445,-4
32446,-16
32447,6
32448,-4
32449,-8
32450,0
32451,6
32452,4
32453,0
32454,18
32455,-16
32456,0
32457,0
32458,0
32459,-4
32460,0
32461,0
32462,6
32463,0
32464,0
32465,0
32466,0
32467,-4
32468,0
32469,0
32470,-4
32471,-6
32472,0
32473,-4
32474,-4
32475,-4
32476,6
32477,-4
32478,-4
32479,2
32480,-8
32481,-4
32482,0
32483,-8
32484,-4
32485,0
32486,-8
32487,-4
32488,-4
32489,-14
32490,-4
32491,-4
32492,-8
32493,-4
32494,-4
32495,0
32496,-4
32497,0
32498,0
32499,-4
32500,0
32501,-4
32502,-8
32503,0
32504,0
32505,-4
32506,0
32507,6
32508,0
32509,0
32510,2
32511,0
32512,0
32513,4
32514,-4
32515,2
32516,0
32517,0
32518,2
32519,0
32520,2
32521,0
32522,0
32523,2
32524,0
32525,6
32526,0
32527,0
32528,0
32529,4
32530,0
32531,0
32532,0
32533,0
32534,-16
32535,0
32536,18
32537,4
32538,4
32539,0
32540,0
32541,0
32542,10
32543,0
32544,-4
32545,16
32546,-4
32547,-4
32548,0
32549,0
32550,0
32551,2
32552,0
32553,0
32554,0
32555,0
32556,-4
32557,0
32558,0
32559,-4
32560,0
32561,4
32562,0
32563,0
32564,0
32565,-4
32566,-4
32567,0
32568,-4
32569,-4
32570,-4
32571,0
32572,-4
32573,-4
32574,-4
32575,6
32576,-4
32577,-4
32578,16
32579,-4
32580,-4
32581,0
32582,0
32583,-4
32584,-18
32585,-4
32586,-4
32587,-4
32588,6
32589,-4
32590,-4
32591,0
32592,0
32593,0
32594,-4
32595,0
32596,-4
32597,-4
32598,-4
32599,0
32600,-4
32601,0
32602,0
32603,-4
32604,0
32605,0
32606,6
32607,0
32608,0
32609,0
32610,-4
32611,-4
32612,-4
32613,0
32614,0
32615,0
32616,6
32617,-4
32618,0
32619,4
32620,4
32621,0
32622,0
32623,0
32624,4
32625,8
32626,0
32627,0
32628,4
32629,10
32630,0
32631,2
32632,0
32633,0
32634,2
32635,0
32636,0
32637,0
32638,4
32639,2
32640,-4
32641,-6
32642,0
32643,2
32644,18
32645,0
32646,-4
32647,4
32648,-4
32649,4
32650,-4
32651,0
32652,-22
32653,-4
32654,0
32655,0
32656,4
32657,0
32658,-4
32659,2
32660,0
32661,0
32662,0
32663,4
32664,0
32665,-4
32666,-4
32667,0
32668,0
32669,-4
32670,-4
32671,2
32672,-4
32673,0
32674,-4
32675,6
32676,0
32677,-4
32678,0
32679,14
32680,0
32681,0
32682,-4
32683,-4
32684,-4
32685,2
32686,-4
32687,0
32688,-4
32689,0
32690,-6
32691,-8
32692,-4
32693,-12
32694,-4
32695,0
32696,6
32697,0
32698,0
32699,-4
32700,0
32701,0
32702,0
32703,-4
32704,4
32705,0
32706,0
32707,4
32708,6
32709,0
32710,-4
32711,0
32712,0
32713,-4
32714,-4
32715,0
32716,10
32717,0
32718,0
32719,0
32720,0
32721,0
32722,0
32723,0
32724,0
32725,4
32726,4
32727,0
32728,-4
32729,0
32730,0
32731,2
32732,4
32733,0
32734,0
32735,-8
32736,2
32737,-22
32738,0
32739,0
32740,10
32741,6
32742,4
32743,-8
32744,0
32745,0
32746,-4
32747,-4
32748,2
32749,0
32750,0
32751,6
32752,0
32753,0
32754,6
32755,0
32756,8
32757,0
32758,6
32759,0
32760,-4
32761,2
32762,0
32763,-4
32764,-4
32765,-4
32766,0
32767,0
32768,0
32769,0
32770,-4
32771,-4
32772,-4
32773,-4
32774,0
32775,-4
32776,-8
32777,-4
32778,-4
32779,-4
32780,-8
32781,-4
32782,0
32783,-4
32784,-4
32785,-4
32786,0
32787,-4
32788,0
32789,0
32790,0
32791,0
32792,-4
32793,-4
32794,0
32795,-6
32796,-4
32797,-4
32798,4
32799,0
32800,0
32801,-4
32802,0
32803,0
32804,0
32805,2
32806,0
32807,4
32808,0
32809,18
32810,-4
32811,2
32812,2
32813,0
32814,0
32815,0
32816,0
32817,2
32818,-4
32819,0
32820,2
32821,0
32822,6
32823,-4
32824,0
32825,0
32826,4
32827,0
32828,0
32829,4
32830,6
32831,0
32832,-8
32833,10
32834,0
32835,2
32836,6
32837,2
32838,4
32839,-6
32840,0
32841,0
32842,2
32843,0
32844,4
32845,4
32846,8
32847,0
32848,0
32849,6
32850,0
32851,4
32852,0
32853,0
32854,6
32855,0
32856,-8
32857,0
32858,-4
32859,0
32860,-4
32861,0
32862,-4
32863,-14
32864,2
32865,-4
32866,-4
32867,-4
32868,0
32869,0
32870,0
32871,-4
32872,-4
32873,-4
32874,0
32875,-4
32876,-4
32877,0
32878,-4
32879,0
32880,14
32881,-4
32882,0
32883,-6
32884,0
32885,-4
32886,-8
32887,-4
32888,-4
32889,-4
32890,0
32891,-4
32892,0
32893,0
32894,0
32895,-6
32896,-4
32897,-4
32898,-8
32899,0
32900,-4
32901,0
32902,0
32903,0
32904,0
32905,0
32906,0
32907,0
32908,2
32909,2
32910,-4
32911,2
32912,4
32913,0
32914,0
32915,0
32916,0
32917,0
32918,0
32919,-4
32920,4
32921,0
32922,0
32923,6
32924,6
32925,0
32926,0
32927,0
32928,4
32929,0
32930,6
32931,0
32932,0
32933,4
32934,10
32935,0
32936,0
32937,0
32938,10
32939,0
32940,0
32941,0
32942,-4
32943,0
32944,-4
32945,0
32946,0
32947,0
32948,16
32949,-4
32950,0
32951,2
32952,-4
32953,0
32954,0
32955,0
32956,0
32957,0
32958,0
32959,6
32960,0
32961,-4
32962,-4
32963,4
32964,-4
32965,0
32966,-4
32967,-4
32968,0
32969,-4
32970,-4
32971,2
32972,-4
32973,-4
32974,2
32975,-4
32976,0
32977,-4
32978,-4
32979,-4
32980,-4
32981,0
32982,-4
32983,-4
32984,16
32985,-4
32986,-4
32987,0
32988,-4
32989,-4
32990,-4
32991,-22
32992,-4
32993,-4
32994,0
32995,-4
32996,-4
32997,0
32998,0
32999,-4
33000,-14
33001,-4
33002,-4
33003,0
33004,0
33005,0
33006,0
33007,-4
33008,-4
33009,2
33010,2
33011,0
33012,0
33013,0
33014,0
33015,0
33016,0
33017,0
33018,0
33019,0
33020,0
33021,-8
33022,0
33023,10
33024,-12
33025,2
33026,8
33027,-12
33028,10
33029,6
33030,4
33031,6
33032,2
33033,4
33034,0
33035,-4
33036,0
33037,-8
33038,0
33039,0
33040,2
33041,14
33042,0
33043,0
33044,-20
33045,-4
33046,6
33047,-14
33048,0
33049,0
33050,-8
33051,0
33052,10
33053,0
33054,0
33055,0
33056,2
33057,4
33058,0
33059,24
33060,-4
33061,4
33062,-6
33063,-4
33064,0
33065,0
33066,2
33067,-4
33068,-4
33069,-4
33070,0
33071,8
33072,-4
33073,42
33074,0
33075,-4
33076,4
33077,-16
33078,4
33079,2
33080,-4
33081,0
33082,-4
33083,0
33084,-4
33085,-4
33086,-4
33087,-4
33088,2
33089,-4
33090,8
33091,-4
33092,-8
33093,-16
33094,-4
33095,-4
33096,0
33097,2
33098,-4
33099,-4
33100,-4
33101,0
33102,-4
33103,0
33104,-4
33105,2
33106,-18
33107,0
33108,0
33109,6
33110,0
33111,0
33112,0
33113,-6
33114,2
33115,6
33116,0
33117,2
33118,6
33119,-6
33120,-4
33121,8
33122,0
33123,0
33124,0
33125,0
33126,0
33127,0
33128,4
33129,-14
33130,4
33131,6
33132,0
33133,0
33134,0
33135,0
33136,2
33137,0
33138,2
33139,-4
33140,10
33141,0
33142,0
33143,-22
33144,0
33145,0
33146,2
33147,0
33148,0
33149,-4
33150,0
33151,0
33152,0
33153,10
33154,2
33155,0
33156,0
33157,0
33158,0
33159,-4
33160,-10
33161,-4
33162,0
33163,4
33164,0
33165,0
33166,-8
33167,10
33168,-4
33169,0
33170,0
33171,-4
33172,-4
33173,-4
33174,0
33175,0
33176,-4
33177,-4
33178,-16
33179,0
33180,-8
33181,-4
33182,0
33183,-4
33184,-4
33185,-4
33186,-4
33187,-4
33188,0
33189,-8
33190,-4
33191,0
33192,-8
33193,0
33194,-4
33195,4
33196,0
33197,0
33198,-4
33199,-4
33200,2
33201,6
33202,0
33203,-4
33204,0
33205,0
33206,0
33207,0
33208,-4
33209,-4
33210,2
33211,0
33212,0
33213,0
33214,4
33215,0
33216,2
33217,6
33218,2
33219,6
33220,0
33221,0
33222,2
33223,6
33224,0
33225,2
33226,-4
33227,2
33228,0
33229,14
33230,0
33231,6
33232,0
33233,0
33234,0
33235,0
33236,0
33237,0
33238,0
33239,-6
33240,0
33241,0
33242,2
33243,0
33244,4
33245,-4
33246,0
33247,-4
33248,0
33249,-4
33250,0
33251,0
33252,0
33253,-4
33254,-4
33255,0
33256,0
33257,0
33258,0
33259,-4
33260,-8
33261,14
33262,-4
33263,0
33264,0
33265,-4
33266,-4
33267,0
33268,0
33269,-4
33270,6
33271,0
33272,-4
33273,-4
33274,-4
33275,-4
33276,-4
33277,0
33278,4
33279,14
33280,-4
33281,0
33282,-4
33283,-4
33284,-4
33285,-4
33286,2
33287,-4
33288,-4
33289,-4
33290,-4
33291,-8
33292,-4
33293,-4
33294,-8
33295,-4
33296,-4
33297,-4
33298,6
33299,0
33300,0
33301,0
33302,-4
33303,-4
33304,0
33305,-4
33306,-4
33307,-4
33308,-4
33309,0
33310,0
33311,2
33312,-4
33313,0
33314,0
33315,-4
33316,0
33317,-4
33318,0
33319,0
33320,2
33321,4
33322,-4
33323,2
33324,0
33325,10
33326,0
33327,0
33328,2
33329,2
33330,10
33331,2
33332,6
33333,-8
33334,6
33335,0
33336,-12
33337,0
33338,-4
33339,0
33340,4
33341,6
33342,0
33343,4
33344,0
33345,14
33346,0
33347,0
33348,6
33349,0
33350,0
33351,8
33352,0
33353,0
33354,0
33355,-12
33356,0
33357,0
33358,0
33359,-4
33360,-4
33361,0
33362,0
33363,0
33364,0
33365,-4
33366,8
33367,4
33368,-4
33369,0
33370,-4
33371,-4
33372,-4
33373,-4
33374,-4
33375,10
33376,6
33377,-4
33378,0
33379,-4
33380,-6
33381,-4
33382,6
33383,0
33384,4
33385,0
33386,0
33387,-4
33388,0
33389,0
33390,0
33391,-4
33392,-4
33393,4
33394,-4
33395,0
33396,0
33397,0
33398,4
33399,-4
33400,-4
33401,0
33402,0
33403,-4
33404,-4
33405,0
33406,0
33407,6
33408,0
33409,0
33410,-8
33411,6
33412,0
33413,0
33414,0
33415,-4
33416,0
33417,0
33418,0
33419,0
33420,0
33421,6
33422,14
33423,0
33424,0
33425,0
33426,-4
33427,2
33428,0
33429,2
33430,6
33431,4
33432,0
33433,0
33434,4
33435,0
33436,0
33437,4
33438,4
33439,0
33440,-4
33441,24
33442,0
33443,4
33444,8
33445,-4
33446,0
33447,-10
33448,-4
33449,0
33450,-4
33451,0
33452,-4
33453,0
33454,0
33455,0
33456,-4
33457,0
33458,-8
33459,-4
33460,0
33461,-4
33462,0
33463,0
33464,2
33465,-4
33466,0
33467,0
33468,-4
33469,0
33470,6
33471,-4
33472,6
33473,-4
33474,0
33475,-4
33476,-4
33477,0
33478,0
33479,-4
33480,0
33481,-4
33482,-4
33483,-4
33484,0
33485,4
33486,-4
33487,8
33488,-4
33489,0
33490,28
33491,0
33492,0
33493,0
33494,-4
33495,-4
33496,-22
33497,0
33498,-4
33499,2
33500,0
33501,6
33502,0
33503,0
33504,0
33505,2
33506,-4
33507,-4
33508,0
33509,0
33510,0
33511,0
33512,0
33513,-4
33514,0
33515,0
33516,4
33517,4
33518,4
33519,0
33520,6
33521,0
33522,0
33523,4
33524,0
33525,0
33526,4
33527,6
33528,0
33529,4
33530,0
33531,10
33532,0
33533,0
33534,0
33535,10
33536,0
33537,0
33538,0
33539,2
33540,14
33541,2
33542,0
33543,-8
33544,0
33545,0
33546,-4
33547,10
33548,0
33549,0
33550,0
33551,2
33552,-8
33553,0
33554,0
33555,0
33556,0
33557,0
33558,0
33559,-4
33560,-4
33561,-4
33562,-4
33563,0
33564,0
33565,2
33566,0
33567,0
33568,4
33569,0
33570,-4
33571,-4
33572,-4
33573,-4
33574,-4
33575,-4
33576,-4
33577,-4
33578,-4
33579,0
33580,0
33581,4
33582,-4
33583,-4
33584,-4
33585,-8
33586,-4
33587,6
33588,-4
33589,-4
33590,-8
33591,0
33592,0
33593,0
33594,0
33595,2
33596,-4
33597,-14
33598,-4
33599,-4
33600,-8
33601,-4
33602,6
33603,0
33604,-4
33605,0
33606,0
33607,0
33608,0
33609,-4
33610,0
33611,0
33612,0
33613,0
33614,0
33615,0
33616,-4
33617,0
33618,0
33619,2
33620,-4
33621,2
33622,-4
33623,0
33624,0
33625,0
33626,-4
33627,2
33628,-16
33629,0
33630,0
33631,6
33632,6
33633,0
33634,0
33635,0
33636,4
33637,0
33638,0
33639,-4
33640,0
33641,2
33642,-4
33643,-6
33644,-4
33645,-4
33646,18
33647,0
33648,0
33649,6
33650,6
33651,0
33652,0
33653,2
33654,0
33655,0
33656,2
33657,0
33658,0
33659,0
33660,-4
33661,0
33662,-4
33663,0
33664,0
33665,0
33666,0
33667,0
33668,0
33669,0
33670,-4
33671,-4
33672,0
33673,-6
33674,-4
33675,0
33676,-4
33677,0
33678,-4
33679,0
33680,2
33681,0
33682,2
33683,0
33684,-4
33685,0
33686,-4
33687,-4
33688,0
33689,-4
33690,-20
33691,0
33692,0
33693,8
33694,0
33695,0
33696,-14
33697,0
33698,-4
33699,-4
33700,0
33701,-4
33702,0
33703,-14
33704,0
33705,0
33706,4
33707,0
33708,0
33709,0
33710,6
33711,4
33712,0
33713,2
33714,0
33715,0
33716,0
33717,0
33718,0
33719,0
33720,10
33721,0
33722,2
33723,-4
33724,0
33725,0
33726,-4
33727,0
33728,2
33729,18
33730,6
33731,4
33732,0
33733,-8
33734,0
33735,0
33736,10
33737,2
33738,6
33739,-4
33740,0
33741,0
33742,6
33743,-4
33744,0
33745,-4
33746,14
33747,-4
33748,-6
33749,0
33750,-4
33751,0
33752,-4
33753,0
33754,0
33755,0
33756,-4
33757,-4
33758,6
33759,0
33760,0
33761,-4
33762,0
33763,0
33764,0
33765,0
33766,0
33767,0
33768,0
33769,0
33770,-4
33771,-4
33772,-4
33773,-4
33774,-4
33775,0
33776,4
33777,2
33778,-4
33779,-8
33780,0
33781,-4
33782,-4
33783,4
33784,4
33785,0
33786,-4
33787,-4
33788,-4
33789,-4
33790,0
33791,14
33792,0
33793,-4
33794,14
33795,0
33796,0
33797,-4
33798,0
33799,0
33800,0
33801,0
33802,-8
33803,0
33804,-4
33805,0
33806,0
33807,0
33808,-20
33809,2
33810,0
33811,-4
33812,0
33813,0
33814,0
33815,0
33816,0
33817,4
33818,0
33819,4
33820,0
33821,0
33822,2
33823,6
33824,-4
33825,-4
33826,4
33827,0
33828,0
33829,-4
33830,8
33831,2
33832,4
33833,-4
33834,-22
33835,2
33836,0
33837,8
33838,0
33839,0
33840,-8
33841,0
33842,4
33843,0
33844,4
33845,0
33846,-4
33847,-4
33848,0
33849,2
33850,4
33851,0
33852,-8
33853,0
33854,0
33855,6
33856,0
33857,0
33858,14
33859,0
33860,0
33861,2
33862,0
33863,0
33864,0
33865,0
33866,-4
33867,-4
33868,-4
33869,0
33870,-4
33871,-4
33872,-4
33873,0
33874,0
33875,-6
33876,-4
33877,-4
33878,-4
33879,-4
33880,-4
33881,-4
33882,-6
33883,-4
33884,0
33885,0
33886,-4
33887,-4
33888,0
33889,-4
33890,-16
33891,-4
33892,-4
33893,-8
33894,0
33895,0
33896,-16
33897,-4
33898,0
33899,2
33900,0
33901,-4
33902,0
33903,10
33904,0
33905,0
33906,0
33907,6
33908,0
33909,2
33910,0
33911,-4
33912,0
33913,0
33914,0
33915,0
33916,-4
33917,0
33918,0
33919,0
33920,0
33921,0
33922,0
33923,0
33924,0
33925,0
33926,0
33927,0
33928,0
33929,0
33930,0
33931,0
33932,2
33933,0
33934,0
33935,18
33936,0
33937,-14
33938,0
33939,-4
33940,4
33941,4
33942,0
33943,14
33944,2
33945,-4
33946,8
33947,0
33948,2
33949,0
33950,0
33951,4
33952,0
33953,4
33954,0
33955,-4
33956,-4
33957,0
33958,24
33959,-4
33960,-4
33961,0
33962,-4
33963,0
33964,0
33965,0
33966,-4
33967,0
33968,0
33969,0
33970,0
33971,0
33972,0
33973,-4
33974,0
33975,0
33976,-4
33977,0
33978,-4
33979,-4
33980,-4
33981,-4
33982,-4
33983,-4
33984,-4
33985,-12
33986,-4
33987,-4
33988,-4
33989,-8
33990,0
33991,-4
33992,-8
33993,-4
33994,0
33995,-4
33996,-8
33997,-4
33998,0
33999,-4
34000,-4
34001,0
34002,0
34003,0
34004,6
34005,0
34006,-4
34007,6
34008,0
34009,0
34010,4
34011,0
34012,2
34013,2
34014,0
34015,0
34016,-4
34017,2
34018,-4
34019,2
34020,-4
34021,0
34022,0
34023,-8
34024,0
34025,10
34026,0
34027,2
34028,0
34029,0
34030,0
34031,6
34032,0
34033,0
34034,0
34035,0
34036,-4
34037,2
34038,4
34039,-22
34040,4
34041,0
34042,6
34043,6
34044,6
34045,-4
34046,2
34047,-4
34048,0
34049,10
34050,0
34051,0
34052,-4
34053,-22
34054,-4
34055,2
34056,0
34057,8
34058,0
34059,-4
34060,2
34061,0
34062,-4
34063,0
34064,0
34065,-4
34066,-4
34067,-4
34068,0
34069,-4
34070,0
34071,0
34072,0
34073,-12
34074,0
34075,-4
34076,-4
34077,0
34078,-4
34079,-4
34080,0
34081,0
34082,-4
34083,0
34084,-4
34085,0
34086,6
34087,-4
34088,0
34089,-4
34090,-4
34091,-4
34092,-4
34093,0
34094,4
34095,0
34096,-6
34097,-4
34098,4
34099,0
34100,-4
34101,-4
34102,0
34103,-4
34104,0
34105,-4
34106,-4
34107,4
34108,0
34109,0
34110,0
34111,-4
34112,-4
34113,2
34114,2
34115,-4
34116,0
34117,0
34118,2
34119,0
34120,0
34121,0
34122,0
34123,-8
34124,4
34125,-8
34126,6
34127,0
34128,0
34129,2
34130,-4
34131,10
34132,0
34133,0
34134,0
34135,0
34136,-8
34137,4
34138,10
34139,0
34140,6
34141,6
34142,0
34143,6
34144,-4
34145,4
34146,0
34147,-4
34148,-14
34149,-4
34150,-4
34151,14
34152,0
34153,0
34154,6
34155,-4
34156,2
34157,10
34158,0
34159,6
34160,-4
34161,0
34162,-4
34163,2
34164,0
34165,0
34166,-4
34167,0
34168,-4
34169,4
34170,-4
34171,0
34172,-4
34173,-4
34174,0
34175,6
34176,-4
34177,-4
34178,-6
34179,-4
34180,-4
34181,-4
34182,-4
34183,-4
34184,-4
34185,-4
34186,16
34187,0
34188,-8
34189,-4
34190,0
34191,18
34192,0
34193,-6
34194,22
34195,-4
34196,0
34197,2
34198,0
34199,-4
34200,-4
34201,-4
34202,-4
34203,0
34204,0
34205,0
34206,-4
34207,0
34208,0
34209,0
34210,4
34211,14
34212,0
34213,-4
34214,-4
34215,4
34216,-4
34217,0
34218,6
34219,0
34220,2
34221,6
34222,0
34223,0
34224,0
34225,0
34226,0
34227,6
34228,-8
34229,0
34230,0
34231,0
34232,0
34233,10
34234,14
34235,2
34236,2
34237,2
34238,0
34239,0
34240,0
34241,18
34242,0
34243,4
34244,-8
34245,0
34246,0
34247,-4
34248,-4
34249,0
34250,0
34251,-4
34252,-4
34253,0
34254,0
34255,4
34256,0
34257,-4
34258,0
34259,0
34260,0
34261,-4
34262,-4
34263,-4
34264,0
34265,0
34266,0
34267,0
34268,-4
34269,-4
34270,-4
34271,-4
34272,-4
34273,0
34274,0
34275,-4
34276,0
34277,-4
34278,0
34279,-4
34280,-4
34281,-4
34282,-4
34283,-14
34284,8
34285,0
34286,0
34287,-4
34288,-4
34289,-4
34290,-22
34291,0
34292,0
34293,14
34294,-6
34295,0
34296,-4
34297,-4
34298,0
34299,-6
34300,0
34301,0
34302,0
34303,4
34304,0
34305,0
34306,0
34307,0
34308,2
34309,0
34310,0
34311,0
34312,0
34313,2
34314,0
34315,0
34316,0
34317,-4
34318,22
34319,0
34320,6
34321,0
34322,0
34323,4
34324,-4
34325,0
34326,0
34327,0
34328,-4
34329,-14
34330,4
34331,4
34332,6
34333,0
34334,0
34335,2
34336,0
34337,6
34338,0
34339,0
34340,-8
34341,4
34342,2
34343,-4
34344,0
34345,0
34346,0
34347,0
34348,4
34349,2
34350,-14
34351,-4
34352,14
34353,4
34354,0
34355,0
34356,0
34357,2
34358,4
34359,0
34360,6
34361,2
34362,0
34363,-8
34364,4
34365,0
34366,0
34367,0
34368,-4
34369,0
34370,-4
34371,-4
34372,-4
34373,-4
34374,2
34375,-4
34376,-4
34377,0
34378,-4
34379,-4
34380,-4
34381,-4
34382,-4
34383,0
34384,0
34385,-8
34386,-4
34387,-4
34388,0
34389,-14
34390,0
34391,-4
34392,-22
34393,0
34394,0
34395,-24
34396,0
34397,-4
34398,-4
34399,0
34400,0
34401,0
34402,0
34403,0
34404,-14
34405,-4
34406,0
34407,0
34408,-4
34409,22
34410,-4
34411,4
34412,0
34413,0
34414,2
34415,0
34416,4
34417,0
34418,0
34419,0
34420,0
34421,0
34422,0
34423,0
34424,2
34425,0
34426,16
34427,0
34428,4
34429,-4
34430,-14
34431,0
34432,0
34433,6
34434,0
34435,4
34436,2
34437,0
34438,6
34439,14
34440,2
34441,0
34442,0
34443,0
34444,0
34445,-4
34446,2
34447,-4
34448,0
34449,-4
34450,0
34451,2
34452,-4
34453,-4
34454,0
34455,0
34456,0
34457,0
34458,-4
34459,-4
34460,-4
34461,0
34462,-4
34463,0
34464,0
34465,2
34466,4
34467,-4
34468,0
34469,0
34470,0
34471,0
34472,0
34473,0
34474,0
34475,-4
34476,-6
34477,-4
34478,-4
34479,0
34480,-8
34481,-4
34482,-6
34483,-4
34484,-4
34485,0
34486,-6
34487,-4
34488,0
34489,-4
34490,-4
34491,0
34492,0
34493,-4
34494,0
34495,-4
34496,-4
34497,0
34498,0
34499,0
34500,0
34501,0
34502,6
34503,0
34504,0
34505,-20
34506,14
34507,0
34508,0
34509,0
34510,0
34511,0
34512,0
34513,18
34514,0
34515,0
34516,0
34517,4
34518,0
34519,0
34520,0
34521,0
34522,0
34523,0
34524,0
34525,4
34526,-4
34527,0
34528,0
34529,0
34530,0
34531,4
34532,4
34533,0
34534,-4
34535,0
34536,-8
34537,0
34538,0
34539,0
34540,2
34541,-4
34542,14
34543,-4
34544,-4
34545,-10
34546,-4
34547,4
34548,0
34549,0
34550,0
34551,-14
34552,0
34553,8
34554,-4
34555,0
34556,0
34557,0
34558,-4
34559,-4
34560,0
34561,-4
34562,0
34563,0
34564,-4
34565,0
34566,6
34567,-4
34568,-4
34569,-4
34570,-4
34571,-4
34572,-4
34573,-4
34574,0
34575,0
34576,0
34577,0
34578,-4
34579,-4
34580,-4
34581,-4
34582,-4
34583,-4
34584,-4
34585,-4
34586,-26
34587,-4
34588,0
34589,-4
34590,0
34591,0
34592,-4
34593,-4
34594,-4
34595,0
34596,2
34597,0
34598,2
34599,0
34600,0
34601,0
34602,0
34603,0
34604,0
34605,0
34606,0
34607,0
34608,0
34609,2
34610,-14
34611,-4
34612,-4
34613,4
34614,0
34615,0
34616,0
34617,0
34618,0
34619,0
34620,2
34621,0
34622,0
34623,0
34624,2
34625,0
34626,0
34627,-4
34628,2
34629,0
34630,2
34631,-4
34632,-4
34633,0
34634,2
34635,2
34636,2
34637,4
34638,2
34639,2
34640,6
34641,18
34642,0
34643,0
34644,-8
34645,-4
34646,0
34647,0
34648,0
34649,-4
34650,-4
34651,0
34652,0
34653,-4
34654,8
34655,0
34656,-4
34657,-6
34658,0
34659,-4
34660,-4
34661,-4
34662,0
34663,0
34664,-4
34665,0
34666,-14
34667,0
34668,-4
34669,6
34670,0
34671,0
34672,0
34673,-4
34674,-4
34675,0
34676,-4
34677,-4
34678,-4
34679,0
34680,0
34681,0
34682,-4
34683,6
34684,0
34685,-4
34686,-4
34687,-4
34688,-22
34689,-4
34690,-4
34691,-4
34692,0
34693,-4
34694,0
34695,0
34696,-4
34697,-4
34698,-4
34699,0
34700,0
34701,-4
34702,-4
34703,0
34704,2
34705,0
34706,4
34707,0
34708,0
34709,0
34710,0
34711,-6
34712,0
34713,-4
34714,0
34715,-4
34716,0
34717,0
34718,0
34719,6
34720,0
34721,0
34722,-4
34723,0
34724,0
34725,0
34726,0
34727,2
34728,0
34729,2
34730,0
34731,0
34732,0
34733,14
34734,24
34735,0
34736,4
34737,4
34738,2
34739,0
34740,-4
34741,4
34742,4
34743,18
34744,6
34745,0
34746,-8
34747,0
34748,0
34749,-6
34750,-4
34751,-4
34752,-8
34753,-4
34754,0
34755,0
34756,-4
34757,0
34758,-4
34759,0
34760,-4
34761,0
34762,0
34763,0
34764,-4
34765,6
34766,0
34767,2
34768,-4
34769,-4
34770,0
34771,-4
34772,-8
34773,-4
34774,0
34775,-4
34776,0
34777,-4
34778,-4
34779,-4
34780,0
34781,-4
34782,-4
34783,-26
34784,0
34785,-4
34786,-4
34787,8
34788,-4
34789,-6
34790,-4
34791,-6
34792,-6
34793,0
34794,0
34795,-4
34796,0
34797,-4
34798,4
34799,28
34800,0
34801,-4
34802,-4
34803,-6
34804,0
34805,-4
34806,-4
34807,-4
34808,0
34809,0
34810,0
34811,-4
34812,-4
34813,0
34814,0
34815,0
34816,4
34817,0
34818,6
34819,0
34820,2
34821,0
34822,0
34823,0
34824,10
34825,4
34826,0
34827,0
34828,10
34829,0
34830,2
34831,6
34832,-4
34833,0
34834,0
34835,8
34836,0
34837,0
34838,0
34839,10
34840,0
34841,4
34842,8
34843,0
34844,0
34845,10
34846,6
34847,2
34848,-8
34849,2
34850,4
34851,6
34852,0
34853,6
34854,0
34855,0
34856,0
34857,-4
34858,6
34859,0
34860,-4
34861,6
34862,2
34863,-4
34864,0
34865,0
34866,0
34867,10
34868,-14
34869,0
34870,-4
34871,-4
34872,-4
34873,0
34874,6
34875,-8
34876,-4
34877,0
34878,-4
34879,-4
34880,0
34881,-4
34882,-4
34883,0
34884,-4
34885,-4
34886,0
34887,-4
34888,0
34889,0
34890,-4
34891,-4
34892,-4
34893,-4
34894,0
34895,0
34896,-4
34897,0
34898,0
34899,0
34900,0
34901,0
34902,0
34903,0
34904,10
34905,-4
34906,0
34907,-4
34908,-4
34909,0
34910,0
34911,-4
34912,0
34913,0
34914,6
34915,0
34916,0
34917,2
34918,4
34919,2
34920,0
34921,0
34922,6
34923,6
34924,0
34925,24
34926,-4
34927,10
34928,0
34929,-16
34930,-4
34931,2
34932,4
34933,6
34934,0
34935,0
34936,-14
34937,0
34938,-14
34939,0
34940,0
34941,16
34942,4
34943,0
34944,4
34945,0
34946,-4
34947,0
34948,-14
34949,0
34950,0
34951,2
34952,0
34953,0
34954,0
34955,0
34956,-4
34957,-4
34958,-8
34959,0
34960,-10
34961,-4
34962,0
34963,4
34964,0
34965,-4
34966,0
34967,-4
34968,0
34969,0
34970,0
34971,0
34972,-4
34973,-4
34974,-4
34975,10
34976,-4
34977,6
34978,0
34979,-14
34980,-8
34981,-4
34982,0
34983,0
34984,-4
34985,-4
34986,-20
34987,-4
34988,-8
34989,-4
34990,-6
34991,0
34992,-4
34993,0
34994,-6
34995,-6
34996,0
34997,-14
34998,0
34999,2
35000,0
35001,0
35002,6
35003,-4
35004,0
35005,6
35006,0
35007,2
35008,0
35009,0
35010,-4
35011,0
35012,-4
35013,2
35014,4
35015,2
35016,0
35017,0
35018,0
35019,0
35020,0
35021,-4
35022,0
35023,0
35024,0
35025,0
35026,0
35027,6
35028,0
35029,0
35030,-4
35031,2
35032,8
35033,0
35034,0
35035,2
35036,6
35037,2
35038,0
35039,0
35040,-14
35041,0
35042,0
35043,-14
35044,0
35045,0
35046,-8
35047,2
35048,-4
35049,0
35050,18
35051,0
35052,8
35053,0
35054,0
35055,24
35056,10
35057,10
35058,2
35059,-4
35060,0
35061,0
35062,0
35063,0
35064,0
35065,0
35066,0
35067,0
35068,0
35069,0
35070,0
35071,-4
35072,0
35073,0
35074,0
35075,-4
35076,-6
35077,0
35078,0
35079,0
35080,-18
35081,0
35082,-6
35083,-4
35084,2
35085,0
35086,0
35087,0
35088,-4
35089,0
35090,0
35091,-4
35092,-4
35093,0
35094,0
35095,0
35096,-4
35097,0
35098,0
35099,-8
35100,0
35101,-4
35102,0
35103,6
35104,0
35105,-4
35106,0
35107,0
35108,0
35109,2
35110,-4
35111,0
35112,0
35113,0
35114,0
35115,0
35116,0
35117,0
35118,0
35119,0
35120,0
35121,0
35122,0
35123,6
35124,2
35125,0
35126,-8
35127,6
35128,0
35129,-4
35130,-4
35131,10
35132,0
35133,6
35134,14
35135,2
35136,0
35137,8
35138,0
35139,2
35140,6
35141,-4
35142,6
35143,-12
35144,6
35145,0
35146,-8
35147,0
35148,-4
35149,4
35150,-4
35151,0
35152,10
35153,0
35154,0
35155,0
35156,0
35157,-8
35158,-4
35159,0
35160,0
35161,0
35162,0
35163,-4
35164,-4
35165,-4
35166,0
35167,-12
35168,-4
35169,0
35170,-4
35171,-4
35172,-4
35173,0
35174,-4
35175,-4
35176,6
35177,-4
35178,0
35179,0
35180,-4
35181,0
35182,-4
35183,2
35184,6
35185,4
35186,0
35187,-22
35188,0
35189,-4
35190,0
35191,0
35192,-8
35193,0
35194,-4
35195,-4
35196,0
35197,0
35198,2
35199,-4
35200,0
35201,-4
35202,0
35203,-20
35204,0
35205,0
35206,0
35207,0
35208,-4
35209,-4
35210,-10
35211,0
35212,0
35213,0
35214,0
35215,0
35216,0
35217,0
35218,0
35219,0
35220,0
35221,0
35222,0
35223,6
35224,2
35225,0
35226,2
35227,0
35228,2
35229,2
35230,2
35231,4
35232,6
35233,-8
35234,6
35235,-4
35236,0
35237,0
35238,0
35239,20
35240,0
35241,0
35242,-14
35243,0
35244,4
35245,8
35246,4
35247,-4
35248,6
35249,10
35250,0
35251,2
35252,0
35253,0
35254,0
35255,0
35256,0
35257,0
35258,0
35259,-8
35260,-4
35261,0
35262,-4
35263,0
35264,-4
35265,-4
35266,0
35267,-8
35268,-8
35269,4
35270,0
35271,0
35272,-4
35273,0
35274,-4
35275,0
35276,-4
35277,0
35278,-4
35279,-4
35280,-4
35281,-4
35282,-4
35283,2
35284,-4
35285,-22
35286,-4
35287,-4
35288,-4
35289,-4
35290,0
35291,6
35292,0
35293,-4
35294,0
35295,-6
35296,-4
35297,-4
35298,0
35299,0
35300,6
35301,0
35302,0
35303,0
35304,24
35305,-4
35306,0
35307,0
35308,0
35309,0
35310,0
35311,16
35312,4
35313,0
35314,0
35315,0
35316,0
35317,0
35318,0
35319,-4
35320,0
35321,0
35322,0
35323,18
35324,0
35325,0
35326,0
35327,-4
35328,2
35329,0
35330,6
35331,6
35332,-4
35333,2
35334,0
35335,0
35336,-4
35337,6
35338,0
35339,0
35340,0
35341,6
35342,-8
35343,0
35344,2
35345,-12
35346,4
35347,0
35348,0
35349,-4
35350,0
35351,-4
35352,2
35353,0
35354,0
35355,0
35356,0
35357,0
35358,0
35359,2
35360,0
35361,-4
35362,0
35363,0
35364,0
35365,0
35366,0
35367,8
35368,0
35369,-4
35370,0
35371,0
35372,-6
35373,-4
35374,-4
35375,-4
35376,0
35377,-4
35378,-4
35379,-4
35380,0
35381,-4
35382,0
35383,0
35384,-6
35385,0
35386,0
35387,-4
35388,0
35389,18
35390,-4
35391,-4
35392,-20
35393,0
35394,-6
35395,18
35396,-4
35397,-4
35398,10
35399,-4
35400,-4
35401,0
35402,0
35403,-4
35404,0
35405,0
35406,0
35407,0
35408,0
35409,0
35410,0
35411,0
35412,0
35413,-4
35414,-8
35415,0
35416,0
35417,0
35418,-4
35419,6
35420,0
35421,4
35422,2
35423,0
35424,2
35425,0
35426,2
35427,4
35428,0
35429,0
35430,10
35431,4
35432,0
35433,0
35434,-4
35435,0
35436,4
35437,4
35438,4
35439,2
35440,6
35441,2
35442,0
35443,-14
35444,-4
35445,0
35446,-6
35447,4
35448,2
35449,0
35450,-4
35451,0
35452,6
35453,0
35454,18
35455,-4
35456,0
35457,-4
35458,0
35459,-4
35460,-10
35461,-4
35462,0
35463,0
35464,0
35465,-4
35466,-6
35467,-4
35468,-4
35469,0
35470,-4
35471,-4
35472,0
35473,-4
35474,-4
35475,0
35476,-4
35477,-4
35478,-4
35479,-4
35480,-4
35481,-4
35482,10
35483,-4
35484,0
35485,-4
35486,-4
35487,0
35488,0
35489,-4
35490,-6
35491,-4
35492,-4
35493,4
35494,0
35495,0
35496,0
35497,-4
35498,0
35499,-4
35500,-4
35501,0
35502,-4
35503,0
35504,0
35505,0
35506,0
35507,0
35508,0
35509,0
35510,4
35511,0
35512,0
35513,0
35514,0
35515,0
35516,0
35517,0
35518,-4
35519,0
35520,0
35521,4
35522,2
35523,0
35524,4
35525,0
35526,0
35527,0
35528,-6
35529,-4
35530,0
35531,0
35532,6
35533,2
35534,0
35535,0
35536,0
35537,4
35538,0
35539,4
35540,10
35541,0
35542,6
35543,10
35544,0
35545,0
35546,0
35547,4
35548,-4
35549,-4
35550,-4
35551,0
35552,0
35553,0
35554,0
35555,6
35556,0
35557,0
35558,-4
35559,-4
35560,2
35561,0
35562,0
35563,6
35564,-4
35565,0
35566,-14
35567,0
35568,0
35569,0
35570,-4
35571,-4
35572,-6
35573,-4
35574,0
35575,-4
35576,0
35577,-12
35578,-4
35579,-22
35580,-4
35581,0
35582,-4
35583,-4
35584,-4
35585,-4
35586,-4
35587,10
35588,-4
35589,-4
35590,-4
35591,0
35592,-6
35593,-4
35594,-6
35595,0
35596,-4
35597,-4
35598,0
35599,6
35600,0
35601,-4
35602,0
35603,6
35604,0
35605,0
35606,-4
35607,-4
35608,0
35609,-8
35610,-4
35611,0
35612,0
35613,0
35614,0
35615,4
35616,0
35617,0
35618,0
35619,0
35620,0
35621,0
35622,0
35623,4
35624,0
35625,0
35626,0
35627,6
35628,0
35629,0
35630,0
35631,2
35632,4
35633,2
35634,-6
35635,-4
35636,2
35637,0
35638,0
35639,0
35640,0
35641,4
35642,-6
35643,4
35644,2
35645,10
35646,0
35647,0
35648,-4
35649,14
35650,-4
35651,2
35652,0
35653,-4
35654,0
35655,0
35656,10
35657,-14
35658,0
35659,0
35660,0
35661,18
35662,0
35663,2
35664,-4
35665,-4
35666,0
35667,0
35668,0
35669,-4
35670,0
35671,-4
35672,0
35673,-4
35674,-4
35675,0
35676,-4
35677,24
35678,-4
35679,0
35680,-4
35681,0
35682,-4
35683,-4
35684,8
35685,4
35686,0
35687,0
35688,-4
35689,-4
35690,0
35691,0
35692,-4
35693,-4
35694,-8
35695,-4
35696,0
35697,0
35698,0
35699,0
35700,0
35701,0
35702,0
35703,0
35704,2
35705,-4
35706,0
35707,0
35708,2
35709,0
35710,0
35711,4
35712,0
35713,0
35714,14
35715,0
35716,0
35717,8
35718,0
35719,0
35720,0
35721,4
35722,0
35723,4
35724,0
35725,-4
35726,0
35727,0
35728,0
35729,0
35730,4
35731,-4
35732,0
35733,-4
35734,0
35735,0
35736,6
35737,2
35738,6
35739,4
35740,0
35741,0
35742,0
35743,0
35744,0
35745,4
35746,0
35747,6
35748,-12
35749,0
35750,0
35751,4
35752,0
35753,10
35754,0
35755,0
35756,0
35757,0
35758,0
35759,10
35760,-4
35761,-4
35762,0
35763,0
35764,0
35765,-4
35766,-4
35767,0
35768,0
35769,-4
35770,0
35771,-10
35772,-4
35773,0
35774,0
35775,0
35776,0
35777,0
35778,-4
35779,-4
35780,-4
35781,-14
35782,0
35783,-22
35784,-4
35785,-4
35786,-4
35787,0
35788,-14
35789,0
35790,-4
35791,-4
35792,-4
35793,-4
35794,-4
35795,-4
35796,-4
35797,-4
35798,0
35799,0
35800,-4
35801,0
35802,-6
35803,0
35804,0
35805,4
35806,0
35807,0
35808,14
35809,0
35810,18
35811,-4
35812,0
35813,-4
35814,-4
35815,0
35816,-4
35817,-20
35818,0
35819,0
35820,0
35821,-4
35822,6
35823,-4
35824,4
35825,-8
35826,0
35827,0
35828,0
35829,0
35830,0
35831,0
35832,4
35833,0
35834,0
35835,0
35836,0
35837,0
35838,0
35839,2
35840,10
35841,0
35842,4
35843,-8
35844,2
35845,0
35846,0
35847,0
35848,-4
35849,2
35850,-10
35851,0
35852,0
35853,0
35854,-14
35855,0
35856,0
35857,0
35858,4
35859,0
35860,-4
35861,-4
35862,4
35863,0
35864,0
35865,0
35866,2
35867,-4
35868,0
35869,0
35870,0
35871,-4
35872,0
35873,0
35874,2
35875,-12
35876,-4
35877,-4
35878,-4
35879,0
35880,-4
35881,-4
35882,-4
35883,0
35884,0
35885,-4
35886,0
35887,0
35888,0
35889,-4
35890,2
35891,-4
35892,-4
35893,-4
35894,0
35895,-4
35896,0
35897,-4
35898,0
35899,-4
35900,0
35901,0
35902,0
35903,0
35904,0
35905,0
35906,16
35907,-4
35908,0
35909,0
35910,0
35911,-16
35912,-4
35913,4
35914,0
35915,-4
35916,-4
35917,0
35918,2
35919,6
35920,0
35921,2
35922,0
35923,2
35924,14
35925,4
35926,-4
35927,0
35928,4
35929,2
35930,4
35931,0
35932,24
35933,0
35934,6
35935,0
35936,0
35937,-4
35938,0
35939,0
35940,0
35941,4
35942,4
35943,-16
35944,2
35945,0
35946,-12
35947,-4
35948,0
35949,-4
35950,-4
35951,0
35952,10
35953,0
35954,0
35955,4
35956,0
35957,0
35958,-4
35959,0
35960,6
35961,0
35962,0
35963,0
35964,6
35965,0
35966,-4
35967,-4
35968,-4
35969,-4
35970,0
35971,0
35972,0
35973,0
35974,-14
35975,0
35976,10
35977,-4
35978,0
35979,0
35980,0
35981,-4
35982,6
35983,-6
35984,-4
35985,-4
35986,-4
35987,10
35988,-4
35989,-4
35990,-4
35991,0
35992,6
35993,0
35994,-4
35995,-12
35996,-4
35997,-4
35998,-4
35999,0
36000,-4
36001,4
36002,0
36003,-8
36004,0
36005,0
36006,0
36007,0
36008,-4
36009,0
36010,2
36011,0
36012,0
36013,0
36014,0
36015,0
36016,0
36017,2
36018,2
36019,0
36020,0
36021,0
36022,0
36023,0
36024,0
36025,0
36026,-4
36027,0
36028,4
36029,2
36030,0
36031,0
36032,2
36033,2
36034,0
36035,2
36036,0
36037,4
36038,0
36039,0
36040,0
36041,0
36042,22
36043,0
36044,0
36045,0
36046,0
36047,0
36048,8
36049,-6
36050,4
36051,2
36052,0
36053,0
36054,-4
36055,0
36056,-14
36057,10
36058,0
36059,0
36060,0
36061,0
36062,0
36063,0
36064,-8
36065,-4
36066,-4
36067,0
36068,0
36069,0
36070,0
36071,-4
36072,-4
36073,-4
36074,-4
36075,-4
36076,-4
36077,-4
36078,-4
36079,0
36080,0
36081,-4
36082,0
36083,-4
36084,2
36085,-8
36086,-4
36087,0
36088,-4
36089,-4
36090,-4
36091,0
36092,-4
36093,2
36094,-6
36095,-4
36096,0
36097,0
36098,0
36099,0
36100,4
36101,-4
36102,-4
36103,-4
36104,6
36105,0
36106,0
36107,0
36108,0
36109,-4
36110,0
36111,0
36112,0
36113,0
36114,0
36115,0
36116,0
36117,0
36118,-4
36119,4
36120,0
36121,6
36122,2
36123,0
36124,4
36125,0
36126,0
36127,2
36128,-4
36129,6
36130,-6
36131,0
36132,4
36133,6
36134,4
36135,-4
36136,2
36137,0
36138,0
36139,0
36140,6
36141,8
36142,-4
36143,0
36144,6
36145,0
36146,0
36147,4
36148,-4
36149,0
36150,0
36151,-4
36152,0
36153,4
36154,2
36155,0
36156,6
36157,10
36158,0
36159,-4
36160,4
36161,0
36162,4
36163,-4
36164,2
36165,0
36166,0
36167,0
36168,-4
36169,-4
36170,-4
36171,0
36172,-4
36173,-4
36174,0
36175,-4
36176,-4
36177,-4
36178,-4
36179,-4
36180,-4
36181,-4
36182,-4
36183,-4
36184,0
36185,0
36186,0
36187,0
36188,-6
36189,-4
36190,-4
36191,-4
36192,0
36193,-4
36194,-4
36195,0
36196,18
36197,-4
36198,0
36199,-4
36200,-14
36201,0
36202,-4
36203,0
36204,-4
36205,0
36206,0
36207,0
36208,0
36209,0
36210,4
36211,0
36212,14
36213,8
36214,0
36215,0
36216,0
36217,4
36218,2
36219,0
36220,0
36221,-4
36222,0
36223,0
36224,0
36225,0
36226,0
36227,8
36228,-4
36229,6
36230,-10
36231,2
36232,2
36233,8
36234,0
36235,0
36236,6
36237,0
36238,6
36239,0
36240,-4
36241,10
36242,6
36243,6
36244,2
36245,-4
36246,0
36247,0
36248,-8
36249,-4
36250,0
36251,0
36252,20
36253,4
36254,0
36255,0
36256,0
36257,0
36258,0
36259,0
36260,0
36261,-4
36262,-4
36263,0
36264,0
36265,0
36266,0
36267,0
36268,-4
36269,4
36270,-4
36271,0
36272,0
36273,-4
36274,0
36275,-4
36276,-4
36277,-4
36278,0
36279,-4
36280,0
36281,0
36282,-4
36283,-4
36284,-4
36285,0
36286,-16
36287,-4
36288,-4
36289,-4
36290,24
36291,0
36292,-4
36293,10
36294,-4
36295,0
36296,-4
36297,-4
36298,0
36299,0
36300,8
36301,-4
36302,-4
36303,-4
36304,-14
36305,0
36306,0
36307,0
36308,0
36309,0
36310,-4
36311,0
36312,0
36313,4
36314,4
36315,2
36316,-4
36317,0
36318,0
36319,4
36320,0
36321,0
36322,0
36323,6
36324,0
36325,0
36326,0
36327,-4
36328,0
36329,2
36330,0
36331,-12
36332,4
36333,2
36334,4
36335,0
36336,2
36337,6
36338,0
36339,2
36340,0
36341,0
36342,0
36343,2
36344,0
36345,6
36346,0
36347,0
36348,0
36349,10
36350,-4
36351,0
36352,10
36353,2
36354,-4
36355,-4
36356,0
36357,-4
36358,0
36359,0
36360,0
36361,0
36362,0
36363,-4
36364,0
36365,-8
36366,6
36367,0
36368,-4
36369,-4
36370,0
36371,-4
36372,-4
36373,0
36374,-4
36375,-4
36376,-4
36377,-4
36378,-4
36379,0
36380,-4
36381,4
36382,-4
36383,-4
36384,-4
36385,0
36386,-4
36387,6
36388,0
36389,0
36390,-4
36391,-4
36392,0
36393,-4
36394,-4
36395,-14
36396,0
36397,0
36398,-4
36399,-4
36400,-4
36401,0
36402,0
36403,-4
36404,0
36405,0
36406,8
36407,4
36408,0
36409,0
36410,0
36411,2
36412,-4
36413,0
36414,4
36415,0
36416,0
36417,0
36418,0
36419,0
36420,0
36421,0
36422,6
36423,0
36424,4
36425,0
36426,4
36427,-4
36428,0
36429,0
36430,2
36431,0
36432,-4
36433,0
36434,0
36435,0
36436,0
36437,-4
36438,0
36439,10
36440,0
36441,0
36442,-14
36443,0
36444,0
36445,8
36446,0
36447,0
36448,-4
36449,4
36450,0
36451,0
36452,0
36453,0
36454,0
36455,-4
36456,0
36457,0
36458,0
36459,0
36460,0
36461,-4
36462,0
36463,0
36464,0
36465,-4
36466,-4
36467,8
36468,-4
36469,0
36470,-4
36471,0
36472,0
36473,-4
36474,-4
36475,-4
36476,-4
36477,-4
36478,0
36479,-4
36480,-4
36481,0
36482,-4
36483,-4
36484,0
36485,-4
36486,-4
36487,8
36488,-4
36489,0
36490,-4
36491,-4
36492,2
36493,-4
36494,-8
36495,-4
36496,-4
36497,-4
36498,0
36499,-4
36500,-4
36501,10
36502,0
36503,-8
36504,0
36505,-4
36506,0
36507,0
36508,0
36509,0
36510,0
36511,-4
36512,0
36513,2
36514,0
36515,0
36516,0
36517,2
36518,0
36519,0
36520,0
36521,0
36522,0
36523,2
36524,0
36525,2
36526,0
36527,4
36528,0
36529,4
36530,6
36531,0
36532,0
36533,2
36534,2
36535,6
36536,0
36537,0
36538,-4
36539,0
36540,0
36541,10
36542,0
36543,0
36544,0
36545,0
36546,-4
36547,0
36548,-8
36549,0
36550,0
36551,6
36552,-4
36553,0
36554,0
36555,-4
36556,6
36557,0
36558,10
36559,-4
36560,0
36561,0
36562,-4
36563,0
36564,0
36565,-6
36566,4
36567,-4
36568,-4
36569,0
36570,0
36571,-4
36572,0
36573,-4
36574,-4
36575,-4
36576,0
36577,-4
36578,-4
36579,-4
36580,-4
36581,0
36582,0
36583,-4
36584,4
36585,6
36586,-4
36587,0
36588,-6
36589,-4
36590,4
36591,-4
36592,-4
36593,-8
36594,-4
36595,-4
36596,0
36597,-4
36598,0
36599,0
36600,-12
36601,0
36602,-4
36603,0
36604,2
36605,0
36606,-4
36607,0
36608,0
36609,0
36610,-4
36611,0
36612,-18
36613,-16
36614,0
36615,0
36616,-4
36617,0
36618,0
36619,4
36620,0
36621,0
36622,0
36623,0
36624,0
36625,8
36626,0
36627,4
36628,0
36629,-4
36630,0
36631,0
36632,2
36633,0
36634,0
36635,6
36636,-4
36637,0
36638,0
36639,2
36640,-8
36641,0
36642,0
36643,0
36644,-4
36645,0
36646,0
36647,0
36648,0
36649,0
36650,6
36651,0
36652,2
36653,0
36654,0
36655,-4
36656,0
36657,0
36658,2
36659,0
36660,0
36661,0
36662,-4
36663,-4
36664,0
36665,0
36666,0
36667,0
36668,0
36669,-4
36670,-4
36671,-4
36672,-4
36673,-6
36674,0
36675,0
36676,-4
36677,-4
36678,0
36679,0
36680,-4
36681,-4
36682,-4
36683,-4
36684,-4
36685,-4
36686,0
36687,0
36688,0
36689,-4
36690,6
36691,-4
36692,0
36693,2
36694,0
36695,-4
36696,0
36697,0
36698,-4
36699,18
36700,0
36701,0
36702,2
36703,0
36704,0
36705,-4
36706,0
36707,0
36708,2
36709,2
36710,0
36711,0
36712,0
36713,0
36714,4
36715,0
36716,0
36717,-4
36718,0
36719,0
36720,0
36721,0
36722,0
36723,8
36724,2
36725,-12
36726,-4
36727,0
36728,-4
36729,2
36730,8
36731,0
36732,4
36733,4
36734,0
36735,0
36736,0
36737,0
36738,0
36739,2
36740,0
36741,0
36742,0
36743,-14
36744,0
36745,-4
36746,-4
36747,0
36748,0
36749,0
36750,10
36751,2
36752,6
36753,-4
36754,6
36755,0
36756,0
36757,0
36758,0
36759,-4
36760,0
36761,-10
36762,0
36763,0
36764,-4
36765,0
36766,-4
36767,0
36768,-4
36769,0
36770,-4
36771,0
36772,-4
36773,-4
36774,0
36775,-28
36776,0
36777,-4
36778,0
36779,10
36780,-4
36781,0
36782,-6
36783,2
36784,-4
36785,-4
36786,-4
36787,0
36788,-4
36789,-4
36790,-4
36791,0
36792,24
36793,-4
36794,0
36795,0
36796,4
36797,-4
36798,18
36799,0
36800,0
36801,4
36802,0
36803,0
36804,0
36805,-4
36806,0
36807,10
36808,0
36809,2
36810,-18
36811,-4
36812,0
36813,0
36814,0
36815,0
36816,0
36817,0
36818,0
36819,6
36820,0
36821,-4
36822,0
36823,4
36824,2
36825,-4
36826,4
36827,2
36828,6
36829,0
36830,4
36831,6
36832,4
36833,0
36834,4
36835,0
36836,0
36837,10
36838,0
36839,6
36840,0
36841,4
36842,6
36843,-4
36844,0
36845,-4
36846,0
36847,0
36848,4
36849,8
36850,0
36851,0
36852,10
36853,0
36854,-4
36855,2
36856,0
36857,0
36858,-4
36859,-6
36860,-4
36861,-4
36862,-4
36863,0
36864,-12
36865,0
36866,0
36867,0
36868,-4
36869,0
36870,-4
36871,0
36872,0
36873,-36
36874,0
36875,0
36876,0
36877,-4
36878,-4
36879,0
36880,-4
36881,0
36882,-4
36883,-4
36884,-4
36885,-4
36886,-4
36887,-18
36888,-4
36889,-18
36890,0
36891,-4
36892,2
36893,-4
36894,0
36895,-4
36896,0
36897,-4
36898,-4
36899,6
36900,-4
36901,0
36902,-22
36903,-4
36904,0
36905,0
36906,0
36907,-4
36908,0
36909,-4
36910,0
36911,0
36912,6
36913,0
36914,0
36915,0
36916,0
36917,0
36918,2
36919,0
36920,0
36921,-4
36922,0
36923,4
36924,4
36925,-4
36926,6
36927,6
36928,-4
36929,0
36930,0
36931,0
36932,-4
36933,4
36934,0
36935,0
36936,0
36937,0
36938,2
36939,0
36940,0
36941,0
36942,0
36943,0
36944,0
36945,0
36946,6
36947,-20
36948,0
36949,-4
36950,4
36951,-14
36952,0
36953,0
36954,0
36955,6
36956,-4
36957,0
36958,-4
36959,6
36960,0
36961,-14
36962,-4
36963,-4
36964,0
36965,2
36966,0
36967,0
36968,0
36969,-4
36970,-4
36971,-4
36972,-4
36973,-4
36974,-4
36975,-4
36976,-4
36977,-4
36978,-4
36979,-4
36980,-4
36981,-4
36982,-4
36983,-4
36984,0
36985,-4
36986,-4
36987,0
36988,-4
36989,-6
36990,-4
36991,0
36992,0
36993,-4
36994,-4
36995,-4
36996,0
36997,-4
36998,4
36999,18
37000,0
37001,-4
37002,-14
37003,0
37004,0
37005,0
37006,0
37007,0
37008,0
37009,-4
37010,0
37011,4
37012,-4
37013,0
37014,-18
37015,0
37016,0
37017,0
37018,0
37019,2
37020,0
37021,0
37022,-8
37023,6
37024,8
37025,6
37026,2
37027,-4
37028,0
37029,0
37030,0
37031,2
37032,10
37033,2
37034,10
37035,-4
37036,0
37037,0
37038,22
37039,0
37040,-8
37041,0
37042,8
37043,0
37044,4
37045,2
37046,6
37047,8
37048,4
37049,0
37050,-4
37051,14
37052,-4
37053,10
37054,0
37055,-4
37056,-4
37057,0
37058,0
37059,0
37060,-4
37061,0
37062,-4
37063,4
37064,4
37065,0
37066,0
37067,0
37068,-4
37069,0
37070,0
37071,0
37072,0
37073,-4
37074,-4
37075,-4
37076,0
37077,-10
37078,-4
37079,-4
37080,0
37081,0
37082,4
37083,-4
37084,-4
37085,-8
37086,-4
37087,-4
37088,-6
37089,-4
37090,-4
37091,-4
37092,-4
37093,0
37094,4
37095,-4
37096,-4
37097,4
37098,-8
37099,0
37100,0
37101,0
37102,0
37103,-4
37104,0
37105,-8
37106,0
37107,0
37108,0
37109,4
37110,0
37111,0
37112,0
37113,-4
37114,6
37115,0
37116,4
37117,0
37118,0
37119,2
37120,4
37121,2
37122,-8
37123,0
37124,0
37125,4
37126,0
37127,0
37128,0
37129,4
37130,0
37131,4
37132,6
37133,2
37134,0
37135,0
37136,-4
37137,0
37138,2
37139,2
37140,-4
37141,0
37142,2
37143,10
37144,4
37145,-4
37146,-4
37147,0
37148,0
37149,2
37150,0
37151,2
37152,2
37153,-4
37154,2
37155,0
37156,0
37157,-8
37158,14
37159,0
37160,0
37161,0
37162,0
37163,-4
37164,0
37165,0
37166,0
37167,-4
37168,0
37169,0
37170,0
37171,-4
37172,-4
37173,0
37174,-4
37175,0
37176,-4
37177,-4
37178,0
37179,-4
37180,-4
37181,4
37182,-4
37183,-4
37184,-4
37185,4
37186,0
37187,0
37188,0
37189,0
37190,-4
37191,-4
37192,-4
37193,2
37194,-8
37195,-4
37196,0
37197,-4
37198,0
37199,0
37200,6
37201,-4
37202,0
37203,0
37204,2
37205,0
37206,0
37207,0
37208,0
37209,-4
37210,0
37211,0
37212,0
37213,0
37214,0
37215,0
37216,0
37217,4
37218,2
37219,0
37220,0
37221,0
37222,4
37223,0
37224,0
37225,0
37226,0
37227,0
37228,10
37229,-12
37230,10
37231,0
37232,4
37233,2
37234,0
37235,0
37236,-4
37237,4
37238,2
37239,0
37240,0
37241,0
37242,-4
37243,-4
37244,0
37245,10
37246,0
37247,0
37248,-4
37249,10
37250,-4
37251,-4
37252,10
37253,0
37254,4
37255,0
37256,0
37257,0
37258,0
37259,-4
37260,0
37261,0
37262,-4
37263,-4
37264,0
37265,4
37266,0
37267,0
37268,0
37269,0
37270,0
37271,0
37272,10
37273,-6
37274,0
37275,-4
37276,0
37277,-4
37278,-4
37279,-4
37280,-4
37281,0
37282,-4
37283,-8
37284,0
37285,0
37286,-4
37287,-4
37288,-4
37289,-6
37290,-4
37291,-4
37292,0
37293,-4
37294,0
37295,0
37296,-16
37297,0
37298,0
37299,2
37300,0
37301,0
37302,0
37303,0
37304,0
37305,0
37306,0
37307,0
37308,0
37309,2
37310,-4
37311,0
37312,0
37313,0
37314,0
37315,0
37316,6
37317,-4
37318,-4
37319,2
37320,0
37321,0
37322,-10
37323,6
37324,0
37325,2
37326,6
37327,0
37328,0
37329,-4
37330,-10
37331,0
37332,0
37333,4
37334,0
37335,2
37336,0
37337,0
37338,0
37339,0
37340,0
37341,10
37342,0
37343,0
37344,2
37345,18
37346,0
37347,0
37348,0
37349,-4
37350,0
37351,6
37352,-14
37353,0
37354,20
37355,0
37356,-4
37357,0
37358,0
37359,0
37360,18
37361,-4
37362,0
37363,-4
37364,0
37365,0
37366,0
37367,0
37368,0
37369,0
37370,-4
37371,2
37372,-6
37373,0
37374,-4
37375,-4
37376,-4
37377,0
37378,-4
37379,-4
37380,0
37381,-4
37382,-4
37383,0
37384,-4
37385,0
37386,2
37387,0
37388,-4
37389,0
37390,-4
37391,-4
37392,0
37393,0
37394,0
37395,-8
37396,-4
37397,-4
37398,2
37399,0
37400,0
37401,-4
37402,0
37403,4
37404,-4
37405,0
37406,0
37407,0
37408,0
37409,0
37410,2
37411,-4
37412,0
37413,0
37414,4
37415,0
37416,0
37417,0
37418,0
37419,-4
37420,0
37421,0
37422,0
37423,0
37424,0
37425,4
37426,10
37427,0
37428,4
37429,4
37430,4
37431,0
37432,-8
37433,2
37434,6
37435,0
37436,-4
37437,0
37438,4
37439,2
37440,22
37441,2
37442,2
37443,14
37444,6
37445,4
37446,6
37447,4
37448,0
37449,4
37450,-14
37451,0
37452,0
37453,-4
37454,0
37455,-4
37456,-14
37457,-4
37458,6
37459,0
37460,0
37461,0
37462,10
37463,0
37464,8
37465,0
37466,-8
37467,0
37468,2
37469,-4
37470,-4
37471,0
37472,-4
37473,0
37474,0
37475,-4
37476,0
37477,-4
37478,0
37479,-4
37480,-14
37481,0
37482,-4
37483,-4
37484,-4
37485,0
37486,0
37487,-4
37488,-4
37489,-4
37490,18
37491,-4
37492,-4
37493,6
37494,0
37495,0
37496,-22
37497,-4
37498,0
37499,0
37500,-4
37501,0
37502,-4
37503,-4
37504,-14
37505,0
37506,0
37507,-4
37508,0
37509,-4
37510,0
37511,0
37512,0
37513,0
37514,0
37515,0
37516,0
37517,0
37518,2
37519,4
37520,0
37521,0
37522,0
37523,0
37524,0
37525,0
37526,2
37527,0
37528,-4
37529,0
37530,4
37531,6
37532,-4
37533,8
37534,0
37535,0
37536,14
37537,0
37538,0
37539,0
37540,0
37541,0
37542,0
37543,14
37544,2
37545,0
37546,-16
37547,0
37548,2
37549,6
37550,0
37551,0
37552,0
37553,-4
37554,-4
37555,-4
37556,0
37557,0
37558,-4
37559,0
37560,-8
37561,-4
37562,0
37563,0
37564,-4
37565,-4
37566,-4
37567,0
37568,-4
37569,0
37570,0
37571,-4
37572,-4
37573,-4
37574,-4
37575,0
37576,6
37577,0
37578,-4
37579,0
37580,0
37581,-10
37582,-4
37583,-4
37584,0
37585,0
37586,-14
37587,-4
37588,0
37589,0
37590,0
37591,-4
37592,-8
37593,-4
37594,-4
37595,-4
37596,0
37597,0
37598,-4
37599,0
37600,0
37601,4
37602,-4
37603,0
37604,0
37605,-4
37606,0
37607,0
37608,0
37609,-4
37610,0
37611,0
37612,0
37613,0
37614,0
37615,0
37616,2
37617,0
37618,0
37619,6
37620,0
37621,0
37622,4
37623,2
37624,6
37625,0
37626,0
37627,2
37628,0
37629,2
37630,6
37631,0
37632,22
37633,4
37634,-4
37635,0
37636,0
37637,6
37638,2
37639,6
37640,-4
37641,0
37642,4
37643,0
37644,0
37645,10
37646,2
37647,0
37648,0
37649,14
37650,0
37651,0
37652,6
37653,0
37654,-4
37655,0
37656,-4
37657,0
37658,0
37659,0
37660,2
37661,0
37662,-4
37663,0
37664,0
37665,-4
37666,-4
37667,0
37668,-4
37669,0
37670,0
37671,-4
37672,0
37673,-4
37674,-4
37675,-6
37676,-8
37677,-4
37678,-4
37679,-4
37680,-4
37681,-4
37682,-14
37683,-4
37684,-4
37685,0
37686,-4
37687,6
37688,-4
37689,-4
37690,-4
37691,4
37692,-4
37693,0
37694,-6
37695,0
37696,0
37697,-4
37698,0
37699,-4
37700,0
37701,0
37702,-4
37703,10
37704,0
37705,0
37706,-4
37707,-4
37708,4
37709,-4
37710,0
37711,0
37712,0
37713,2
37714,0
37715,0
37716,0
37717,-4
37718,0
37719,0
37720,2
37721,0
37722,0
37723,0
37724,0
37725,-8
37726,0
37727,-8
37728,0
37729,2
37730,2
37731,2
37732,0
37733,6
37734,0
37735,4
37736,2
37737,4
37738,0
37739,2
37740,0
37741,-8
37742,4
37743,4
37744,0
37745,-4
37746,2
37747,2
37748,-8
37749,-4
37750,-4
37751,0
37752,-4
37753,0
37754,4
37755,0
37756,0
37757,-4
37758,0
37759,0
37760,4
37761,0
37762,-4
37763,0
37764,-4
37765,2
37766,0
37767,0
37768,-4
37769,-6
37770,-4
37771,0
37772,8
37773,-4
37774,-4
37775,-4
37776,-4
37777,-4
37778,-4
37779,2
37780,0
37781,-4
37782,-4
37783,-12
37784,-4
37785,-6
37786,-4
37787,-4
37788,0
37789,-4
37790,0
37791,-4
37792,10
37793,0
37794,0
37795,4
37796,0
37797,-4
37798,0
37799,-4
37800,-4
37801,0
37802,0
37803,0
37804,0
37805,0
37806,-4
37807,0
37808,0
37809,-4
37810,-4
37811,0
37812,-4
37813,0
37814,0
37815,0
37816,0
37817,0
37818,0
37819,4
37820,0
37821,2
37822,6
37823,0
37824,2
37825,-4
37826,0
37827,6
37828,2
37829,6
37830,8
37831,0
37832,0
37833,4
37834,2
37835,0
37836,0
37837,0
37838,-4
37839,0
37840,0
37841,0
37842,-4
37843,0
37844,0
37845,0
37846,6
37847,4
37848,0
37849,0
37850,6
37851,8
37852,-8
37853,-4
37854,0
37855,0
37856,0
37857,-4
37858,0
37859,0
37860,6
37861,-4
37862,-6
37863,-4
37864,10
37865,0
37866,2
37867,0
37868,0
37869,0
37870,-8
37871,0
37872,-4
37873,-4
37874,-4
37875,0
37876,-4
37877,-4
37878,0
37879,-18
37880,-14
37881,-4
37882,0
37883,-4
37884,-4
37885,6
37886,0
37887,-4
37888,-4
37889,-6
37890,-4
37891,-4
37892,-8
37893,-4
37894,-4
37895,0
37896,0
37897,0
37898,-8
37899,-4
37900,4
37901,0
37902,-8
37903,-4
37904,-14
37905,0
37906,0
37907,0
37908,-4
37909,0
37910,0
37911,-4
37912,0
37913,0
37914,0
37915,0
37916,-14
37917,-4
37918,2
37919,0
37920,0
37921,0
37922,0
37923,0
37924,2
37925,0
37926,0
37927,4
37928,0
37929,0
37930,2
37931,0
37932,6
37933,4
37934,2
37935,0
37936,-4
37937,0
37938,0
37939,0
37940,18
37941,0
37942,0
37943,-8
37944,2
37945,6
37946,6
37947,0
37948,0
37949,0
37950,10
37951,0
37952,0
37953,-4
37954,0
37955,2
37956,0
37957,0
37958,0
37959,0
37960,-4
37961,-4
37962,0
37963,0
37964,-4
37965,0
37966,-4
37967,0
37968,0
37969,2
37970,0
37971,0
37972,-4
37973,-4
37974,2
37975,-4
37976,0
37977,-6
37978,-4
37979,-4
37980,0
37981,0
37982,14
37983,-4
37984,-4
37985,0
37986,0
37987,-4
37988,0
37989,-4
37990,-4
37991,-8
37992,0
37993,0
37994,-14
37995,-4
37996,-4
37997,-14
37998,-4
37999,0
38000,0
38001,0
38002,-4
38003,0
38004,0
38005,0
38006,-4
38007,0
38008,-4
38009,0
38010,0
38011,-4
38012,0
38013,0
38014,4
38015,-4
38016,0
38017,2
38018,0
38019,0
38020,0
38021,0
38022,0
38023,0
38024,0
38025,0
38026,6
38027,0
38028,4
38029,2
38030,0
38031,0
38032,0
38033,2
38034,6
38035,0
38036,0
38037,2
38038,2
38039,0
38040,0
38041,0
38042,10
38043,0
38044,0
38045,6
38046,-6
38047,0
38048,-4
38049,-4
38050,0
38051,0
38052,6
38053,-4
38054,0
38055,0
38056,14
38057,0
38058,2
38059,-8
38060,0
38061,-8
38062,-4
38063,0
38064,0
38065,0
38066,0
38067,0
38068,2
38069,0
38070,-4
38071,-4
38072,-4
38073,-4
38074,-4
38075,-4
38076,-4
38077,-4
38078,0
38079,-6
38080,0
38081,-4
38082,0
38083,-4
38084,-4
38085,0
38086,0
38087,-4
38088,0
38089,0
38090,-4
38091,-4
38092,-4
38093,10
38094,-4
38095,-4
38096,-14
38097,-4
38098,-4
38099,-4
38100,0
38101,-4
38102,4
38103,0
38104,0
38105,0
38106,0
38107,0
38108,0
38109,0
38110,0
38111,0
38112,0
38113,0
38114,4
38115,0
38116,2
38117,0
38118,0
38119,0
38120,4
38121,0
38122,2
38123,0
38124,0
38125,0
38126,-4
38127,0
38128,0
38129,0
38130,0
38131,0
38132,8
38133,4
38134,0
38135,0
38136,4
38137,0
38138,0
38139,14
38140,4
38141,0
38142,-6
38143,-4
38144,0
38145,-4
38146,6
38147,-4
38148,2
38149,0
38150,-4
38151,-4
38152,0
38153,0
38154,0
38155,-4
38156,0
38157,0
38158,0
38159,0
38160,0
38161,-4
38162,-4
38163,-4
38164,-4
38165,4
38166,0
38167,0
38168,-6
38169,0
38170,-4
38171,0
38172,-4
38173,-6
38174,-4
38175,0
38176,-4
38177,0
38178,-4
38179,-4
38180,0
38181,-4
38182,-4
38183,-6
38184,-4
38185,0
38186,-4
38187,-18
38188,-4
38189,-4
38190,0
38191,-4
38192,0
38193,-4
38194,-4
38195,-4
38196,0
38197,0
38198,-4
38199,0
38200,2
38201,-16
38202,-4
38203,-4
38204,-4
38205,-4
38206,0
38207,0
38208,0
38209,0
38210,-4
38211,0
38212,-4
38213,4
38214,0
38215,0
38216,-4
38217,-4
38218,0
38219,2
38220,0
38221,0
38222,0
38223,0
38224,0
38225,0
38226,0
38227,2
38228,4
38229,6
38230,0
38231,4
38232,10
38233,0
38234,0
38235,0
38236,0
38237,0
38238,-4
38239,0
38240,4
38241,24
38242,0
38243,4
38244,-4
38245,0
38246,0
38247,0
38248,4
38249,-4
38250,0
38251,0
38252,10
38253,0
38254,6
38255,0
38256,0
38257,-4
38258,0
38259,0
38260,0
38261,-4
38262,0
38263,0
38264,0
38265,0
38266,0
38267,-4
38268,0
38269,0
38270,-4
38271,-4
38272,0
38273,-4
38274,-8
38275,-4
38276,-4
38277,-4
38278,-4
38279,-4
38280,-4
38281,-4
38282,0
38283,-4
38284,0
38285,-4
38286,-4
38287,-4
38288,20
38289,-4
38290,20
38291,-4
38292,-4
38293,0
38294,-4
38295,-4
38296,16
38297,2
38298,-4
38299,-4
38300,0
38301,0
38302,-4
38303,-4
38304,0
38305,0
38306,0
38307,-4
38308,-4
38309,0
38310,0
38311,10
38312,0
38313,0
38314,-4
38315,0
38316,0
38317,0
38318,6
38319,0
38320,6
38321,4
38322,0
38323,0
38324,0
38325,0
38326,0
38327,0
38328,0
38329,2
38330,0
38331,4
38332,-4
38333,6
38334,6
38335,2
38336,0
38337,0
38338,0
38339,0
38340,6
38341,0
38342,0
38343,-6
38344,0
38345,0
38346,6
38347,6
38348,2
38349,-4
38350,6
38351,-4
38352,0
38353,-14
38354,0
38355,0
38356,-4
38357,0
38358,-4
38359,0
38360,0
38361,0
38362,0
38363,0
38364,0
38365,0
38366,0
38367,0
38368,0
38369,-4
38370,-4
38371,-4
38372,-4
38373,-4
38374,-4
38375,-4
38376,-4
38377,-4
38378,-4
38379,0
38380,-4
38381,0
38382,0
38383,-4
38384,0
38385,-4
38386,-4
38387,0
38388,10
38389,-4
38390,-6
38391,0
38392,-4
38393,-8
38394,-4
38395,-4
38396,2
38397,-14
38398,-4
38399,-4
38400,0
38401,-10
38402,0
38403,-4
38404,-4
38405,-4
38406,0
38407,0
38408,-4
38409,0
38410,6
38411,0
38412,-4
38413,2
38414,2
38415,0
38416,4
38417,0
38418,0
38419,6
38420,0
38421,-4
38422,0
38423,4
38424,-4
38425,6
38426,0
38427,0
38428,4
38429,0
38430,0
38431,4
38432,0
38433,0
38434,0
38435,-4
38436,10
38437,0
38438,4
38439,0
38440,2
38441,0
38442,-4
38443,0
38444,0
38445,4
38446,0
38447,4
38448,0
38449,0
38450,0
38451,2
38452,0
38453,4
38454,0
38455,-4
38456,0
38457,0
38458,0
38459,0
38460,-4
38461,-4
38462,-4
38463,0
38464,0
38465,-4
38466,0
38467,0
38468,-4
38469,-4
38470,0
38471,0
38472,-4
38473,-4
38474,-4
38475,16
38476,0
38477,-4
38478,-4
38479,-4
38480,-4
38481,14
38482,-4
38483,-6
38484,16
38485,0
38486,-4
38487,-4
38488,0
38489,-4
38490,-6
38491,0
38492,-4
38493,4
38494,-4
38495,0
38496,0
38497,-4
38498,0
38499,-4
38500,2
38501,0
38502,-4
38503,0
38504,0
38505,0
38506,-4
38507,0
38508,0
38509,2
38510,0
38511,0
38512,0
38513,0
38514,0
38515,-4
38516,-12
38517,0
38518,10
38519,0
38520,0
38521,0
38522,0
38523,-4
38524,0
38525,4
38526,-6
38527,-6
38528,0
38529,2
38530,-4
38531,0
38532,4
38533,2
38534,0
38535,6
38536,0
38537,-10
38538,0
38539,16
38540,0
38541,4
38542,4
38543,0
38544,0
38545,-12
38546,0
38547,-4
38548,10
38549,-4
38550,0
38551,-4
38552,-4
38553,0
38554,0
38555,0
38556,0
38557,-4
38558,0
38559,6
38560,-4
38561,-4
38562,-4
38563,0
38564,0
38565,0
38566,-4
38567,0
38568,6
38569,0
38570,-4
38571,0
38572,-4
38573,-4
38574,-4
38575,-4
38576,-4
38577,-4
38578,-8
38579,-4
38580,-4
38581,-4
38582,0
38583,-4
38584,-6
38585,0
38586,-4
38587,-4
38588,24
38589,-4
38590,0
38591,-4
38592,0
38593,-4
38594,-4
38595,6
38596,0
38597,-4
38598,6
38599,-4
38600,-4
38601,0
38602,-8
38603,0
38604,10
38605,0
38606,0
38607,0
38608,0
38609,4
38610,0
38611,4
38612,0
38613,0
38614,0
38615,0
38616,0
38617,0
38618,-4
38619,0
38620,2
38621,0
38622,-4
38623,6
38624,-8
38625,0
38626,0
38627,0
38628,0
38629,2
38630,0
38631,0
38632,6
38633,0
38634,0
38635,0
38636,0
38637,0
38638,0
38639,2
38640,0
38641,4
38642,0
38643,4
38644,2
38645,6
38646,4
38647,0
38648,0
38649,0
38650,10
38651,0
38652,0
38653,-8
38654,0
38655,-8
38656,0
38657,0
38658,0
38659,0
38660,0
38661,0
38662,-4
38663,0
38664,0
38665,0
38666,-4
38667,-8
38668,0
38669,0
38670,0
38671,0
38672,0
38673,-4
38674,36
38675,0
38676,0
38677,-6
38678,0
38679,-4
38680,0
38681,-4
38682,-4
38683,-4
38684,-4
38685,-4
38686,-4
38687,0
38688,-4
38689,-4
38690,-4
38691,-8
38692,-4
38693,0
38694,-4
38695,0
38696,10
38697,0
38698,-4
38699,-8
38700,-14
38701,-4
38702,2
38703,-4
38704,0
38705,0
38706,0
38707,2
38708,0
38709,0
38710,-4
38711,0
38712,0
38713,0
38714,-4
38715,0
38716,0
38717,-6
38718,0
38719,-4
38720,4
38721,0
38722,0
38723,4
38724,-12
38725,0
38726,0
38727,-6
38728,0
38729,6
38730,0
38731,24
38732,0
38733,6
38734,2
38735,0
38736,0
38737,0
38738,14
38739,4
38740,0
38741,0
38742,2
38743,4
38744,4
38745,-4
38746,6
38747,10
38748,0
38749,2
38750,0
38751,-4
38752,-4
38753,0
38754,-4
38755,0
38756,-4
38757,18
38758,6
38759,4
38760,0
38761,-4
38762,0
38763,-4
38764,-4
38765,0
38766,0
38767,0
38768,0
38769,-4
38770,-4
38771,-4
38772,0
38773,-4
38774,-4
38775,-4
38776,-4
38777,-4
38778,6
38779,-4
38780,-4
38781,-4
38782,10
38783,-4
38784,0
38785,0
38786,-4
38787,0
38788,0
38789,0
38790,-4
38791,0
38792,-14
38793,-4
38794,0
38795,8
38796,-4
38797,-4
38798,-4
38799,0
38800,-4
38801,0
38802,-4
38803,-4
38804,18
38805,-4
38806,0
38807,0
38808,0
38809,0
38810,0
38811,-8
38812,0
38813,0
38814,0
38815,0
38816,0
38817,0
38818,-22
38819,0
38820,0
38821,0
38822,-4
38823,0
38824,-4
38825,0
38826,4
38827,6
38828,-4
38829,0
38830,6
38831,0
38832,6
38833,2
38834,4
38835,2
38836,0
38837,0
38838,0
38839,0
38840,0
38841,2
38842,2
38843,10
38844,0
38845,2
38846,10
38847,0
38848,0
38849,4
38850,0
38851,4
38852,2
38853,-16
38854,0
38855,0
38856,-4
38857,0
38858,0
38859,0
38860,4
38861,6
38862,-4
38863,-4
38864,0
38865,-8
38866,0
38867,0
38868,0
38869,-4
38870,-4
38871,-4
38872,-4
38873,-4
38874,-4
38875,0
38876,-4
38877,0
38878,0
38879,-4
38880,0
38881,-4
38882,-4
38883,0
38884,-4
38885,0
38886,0
38887,-4
38888,-4
38889,-4
38890,4
38891,0
38892,-4
38893,2
38894,0
38895,2
38896,0
38897,0
38898,0
38899,-4
38900,-4
38901,2
38902,-4
38903,0
38904,-4
38905,-4
38906,-4
38907,0
38908,2
38909,2
38910,2
38911,0
38912,0
38913,18
38914,0
38915,0
38916,0
38917,-4
38918,0
38919,-4
38920,6
38921,-4
38922,0
38923,0
38924,0
38925,-4
38926,-4
38927,0
38928,2
38929,4
38930,6
38931,0
38932,6
38933,0
38934,4
38935,4
38936,0
38937,0
38938,2
38939,-20
38940,0
38941,4
38942,0
38943,0
38944,-4
38945,6
38946,0
38947,0
38948,-4
38949,0
38950,0
38951,0
38952,-14
38953,0
38954,0
38955,0
38956,-6
38957,6
38958,0
38959,4
38960,-4
38961,0
38962,0
38963,-6
38964,0
38965,0
38966,0
38967,-4
38968,0
38969,0
38970,0
38971,0
38972,-4
38973,0
38974,0
38975,-30
38976,-4
38977,0
38978,-4
38979,-4
38980,0
38981,0
38982,0
38983,-8
38984,-4
38985,14
38986,0
38987,0
38988,0
38989,-8
38990,0
38991,0
38992,0
38993,-8
38994,-4
38995,-4
38996,-4
38997,-4
38998,-4
38999,-4
39000,0
39001,10
39002,0
39003,2
39004,6
39005,-4
39006,0
39007,-12
39008,-4
39009,-8
39010,0
39011,0
39012,0
39013,2
39014,-4
39015,0
39016,2
39017,-4
39018,0
39019,2
39020,0
39021,0
39022,2
39023,-8
39024,0
39025,14
39026,0
39027,0
39028,0
39029,0
39030,0
39031,0
39032,6
39033,0
39034,0
39035,0
39036,0
39037,18
39038,0
39039,4
39040,0
39041,6
39042,0
39043,4
39044,0
39045,0
39046,4
39047,0
39048,0
39049,0
39050,0
39051,0
39052,-12
39053,2
39054,6
39055,0
39056,0
39057,0
39058,0
39059,6
39060,-4
39061,-4
39062,4
39063,-4
39064,-4
39065,2
39066,-4
39067,-4
39068,0
39069,0
39070,-4
39071,0
39072,-4
39073,0
39074,-4
39075,-4
39076,-4
39077,-4
39078,-4
39079,-4
39080,0
39081,-4
39082,0
39083,-4
39084,-4
39085,-4
39086,-4
39087,-4
39088,-6
39089,0
39090,10
39091,0
39092,-4
39093,-4
39094,0
39095,0
39096,-4
39097,-4
39098,-4
39099,8
39100,4
39101,4
39102,6
39103,0
39104,0
39105,0
39106,-16
39107,4
39108,0
39109,0
39110,0
39111,0
39112,0
39113,4
39114,-14
39115,0
39116,0
39117,4
39118,4
39119,0
39120,2
39121,0
39122,0
39123,-4
39124,0
39125,14
39126,0
39127,0
39128,2
39129,2
39130,0
39131,0
39132,0
39133,0
39134,6
39135,0
39136,0
39137,0
39138,0
39139,0
39140,-4
39141,0
39142,2
39143,6
39144,2
39145,0
39146,0
39147,-6
39148,0
39149,4
39150,-4
39151,-8
39152,0
39153,0
39154,0
39155,0
39156,0
39157,0
39158,24
39159,0
39160,-4
39161,0
39162,0
39163,-4
39164,0
39165,-4
39166,-4
39167,0
39168,0
39169,0
39170,0
39171,-4
39172,0
39173,-4
39174,-4
39175,-4
39176,0
39177,-6
39178,0
39179,0
39180,-4
39181,0
39182,-4
39183,-4
39184,-4
39185,0
39186,-4
39187,-4
39188,0
39189,-4
39190,0
39191,6
39192,-4
39193,-4
39194,6
39195,-4
39196,-4
39197,0
39198,-4
39199,-4
39200,6
39201,0
39202,-4
39203,4
39204,-4
39205,0
39206,0
39207,0
39208,0
39209,0
39210,0
39211,2
39212,-4
39213,0
39214,0
39215,0
39216,8
39217,-4
39218,0
39219,4
39220,-26
39221,0
39222,0
39223,0
39224,0
39225,0
39226,0
39227,6
39228,0
39229,0
39230,0
39231,0
39232,4
39233,0
39234,6
39235,2
39236,0
39237,0
39238,-14
39239,2
39240,-14
39241,0
39242,2
39243,-4
39244,0
39245,0
39246,0
39247,2
39248,-4
39249,0
39250,-4
39251,0
39252,-12
39253,-4
39254,2
39255,4
39256,2
39257,0
39258,-4
39259,0
39260,4
39261,4
39262,0
39263,0
39264,0
39265,0
39266,-4
39267,0
39268,-4
39269,8
39270,-4
39271,0
39272,0
39273,-4
39274,-4
39275,-4
39276,0
39277,0
39278,-4
39279,0
39280,-4
39281,-4
39282,0
39283,0
39284,-4
39285,0
39286,0
39287,-14
39288,-4
39289,-4
39290,-4
39291,-4
39292,0
39293,-4
39294,-4
39295,-4
39296,0
39297,0
39298,0
39299,0
39300,0
39301,-4
39302,0
39303,-4
39304,0
39305,-4
39306,0
39307,0
39308,0
39309,0
39310,0
39311,14
39312,0
39313,0
39314,0
39315,0
39316,0
39317,2
39318,0
39319,0
39320,4
39321,0
39322,0
39323,-4
39324,0
39325,4
39326,0
39327,0
39328,4
39329,6
39330,-8
39331,-4
39332,4
39333,0
39334,0
39335,0
39336,2
39337,0
39338,0
39339,2
39340,0
39341,0
39342,6
39343,2
39344,0
39345,6
39346,0
39347,0
39348,0
39349,18
39350,0
39351,0
39352,6
39353,-4
39354,0
39355,-4
39356,-4
39357,0
39358,0
39359,2
39360,0
39361,0
39362,0
39363,-4
39364,0
39365,0
39366,6
39367,-4
39368,0
39369,-6
39370,0
39371,0
39372,0
39373,-4
39374,0
39375,-4
39376,0
39377,-4
39378,-8
39379,-4
39380,0
39381,2
39382,-4
39383,0
39384,-4
39385,-4
39386,-4
39387,0
39388,0
39389,-4
39390,-8
39391,-4
39392,0
39393,10
39394,-4
39395,-4
39396,4
39397,0
39398,2
39399,22
39400,-4
39401,-4
39402,-4
39403,-4
39404,0
39405,0
39406,-8
39407,0
39408,0
39409,-4
39410,-16
39411,0
39412,4
39413,0
39414,0
39415,0
39416,-4
39417,4
39418,2
39419,6
39420,-4
39421,0
39422,0
39423,2
39424,0
39425,0
39426,6
39427,0
39428,2
39429,0
39430,0
39431,0
39432,6
39433,-8
39434,6
39435,8
39436,0
39437,0
39438,0
39439,0
39440,0
39441,0
39442,0
39443,2
39444,18
39445,6
39446,2
39447,-8
39448,0
39449,0
39450,0
39451,8
39452,0
39453,0
39454,-4
39455,2
39456,0
39457,6
39458,-4
39459,-4
39460,0
39461,-4
39462,0
39463,-4
39464,-4
39465,4
39466,0
39467,6
39468,-4
39469,0
39470,-4
39471,0
39472,-4
39473,-4
39474,0
39475,-4
39476,0
39477,-4
39478,-4
39479,6
39480,-4
39481,-4
39482,0
39483,-4
39484,-4
39485,-4
39486,-10
39487,-6
39488,0
39489,-4
39490,0
39491,0
39492,-4
39493,-4
39494,0
39495,-4
39496,2
39497,6
39498,-4
39499,-4
39500,10
39501,2
39502,-4
39503,-4
39504,0
39505,-16
39506,0
39507,-4
39508,-4
39509,-4
39510,0
39511,0
39512,2
39513,0
39514,0
39515,0
39516,0
39517,-4
39518,0
39519,0
39520,0
39521,0
39522,0
39523,4
39524,0
39525,0
39526,4
39527,-4
39528,0
39529,0
39530,-4
39531,0
39532,0
39533,10
39534,2
39535,-8
39536,0
39537,4
39538,4
39539,2
39540,2
39541,0
39542,2
39543,-4
39544,6
39545,0
39546,6
39547,2
39548,0
39549,4
39550,10
39551,-4
39552,0
39553,-12
39554,0
39555,-22
39556,0
39557,0
39558,0
39559,0
39560,-4
39561,-8
39562,-4
39563,-4
39564,0
39565,0
39566,0
39567,0
39568,-4
39569,0
39570,-4
39571,-4
39572,-4
39573,-4
39574,-4
39575,-4
39576,-8
39577,-4
39578,-4
39579,-4
39580,-4
39581,0
39582,-4
39583,-4
39584,-4
39585,-4
39586,-4
39587,-4
39588,4
39589,0
39590,0
39591,-4
39592,0
39593,-4
39594,-4
39595,0
39596,0
39597,0
39598,0
39599,0
39600,-4
39601,-4
39602,10
39603,2
39604,0
39605,0
39606,0
39607,0
39608,-4
39609,0
39610,-10
39611,0
39612,0
39613,4
39614,0
39615,2
39616,0
39617,0
39618,0
39619,0
39620,4
39621,-4
39622,4
39623,0
39624,6
39625,0
39626,4
39627,6
39628,0
39629,-4
39630,0
39631,2
39632,2
39633,2
39634,0
39635,2
39636,-4
39637,4
39638,-8
39639,6
39640,14
39641,2
39642,0
39643,0
39644,4
39645,4
39646,6
39647,6
39648,0
39649,-4
39650,0
39651,0
39652,0
39653,-4
39654,0
39655,-4
39656,0
39657,0
39658,0
39659,0
39660,-4
39661,-10
39662,-4
39663,0
39664,0
39665,0
39666,0
39667,0
39668,0
39669,0
39670,-4
39671,0
39672,-4
39673,0
39674,0
39675,0
39676,-4
39677,24
39678,-4
39679,-4
39680,-4
39681,-4
39682,-4
39683,0
39684,-8
39685,-4
39686,0
39687,0
39688,-4
39689,-4
39690,0
39691,0
39692,-6
39693,-4
39694,-4
39695,0
39696,0
39697,0
39698,-4
39699,-4
39700,-4
39701,-4
39702,0
39703,0
39704,-14
39705,0
39706,0
39707,6
39708,-6
39709,4
39710,0
39711,0
39712,0
39713,0
39714,4
39715,0
39716,0
39717,0
39718,0
39719,0
39720,0
39721,0
39722,0
39723,0
39724,0
39725,2
39726,4
39727,2
39728,6
39729,0
39730,0
39731,0
39732,0
39733,2
39734,-8
39735,4
39736,0
39737,0
39738,0
39739,6
39740,0
39741,6
39742,0
39743,4
39744,0
39745,-4
39746,0
39747,-4
39748,0
39749,2
39750,-4
39751,-4
39752,2
39753,0
39754,16
39755,0
39756,0
39757,-8
39758,0
39759,0
39760,0
39761,0
39762,-14
39763,-4
39764,0
39765,-4
39766,-4
39767,2
39768,0
39769,4
39770,-4
39771,-4
39772,-4
39773,0
39774,0
39775,0
39776,0
39777,-4
39778,0
39779,0
39780,0
39781,0
39782,0
39783,-4
39784,0
39785,0
39786,-4
39787,0
39788,-4
39789,-14
39790,-4
39791,14
39792,-4
39793,0
39794,6
39795,-4
39796,-4
39797,0
39798,0
39799,-4
39800,-20
39801,0
39802,-4
39803,-14
39804,-4
39805,6
39806,0
39807,-4
39808,0
39809,0
39810,0
39811,14
39812,0
39813,0
39814,-4
39815,0
39816,0
39817,0
39818,0
39819,0
39820,0
39821,6
39822,2
39823,0
39824,0
39825,0
39826,0
39827,-4
39828,0
39829,6
39830,0
39831,-4
39832,0
39833,0
39834,2
39835,0
39836,0
39837,4
39838,0
39839,-4
39840,0
39841,0
39842,0
39843,0
39844,0
39845,6
39846,0
39847,-6
39848,-4
39849,2
39850,2
39851,8
39852,0
39853,0
39854,-8
39855,0
39856,0
39857,4
39858,-4
39859,0
39860,-8
39861,0
39862,0
39863,0
39864,0
39865,0
39866,-4
39867,-4
39868,0
39869,0
39870,0
39871,-4
39872,-8
39873,0
39874,-4
39875,0
39876,0
39877,-4
39878,-4
39879,0
39880,6
39881,0
39882,-4
39883,0
39884,-6
39885,-4
39886,0
39887,-4
39888,-4
39889,-8
39890,-4
39891,-4
39892,-4
39893,-4
39894,-4
39895,-4
39896,-4
39897,0
39898,0
39899,6
39900,0
39901,-4
39902,0
39903,-4
39904,0
39905,0
39906,-4
39907,-4
39908,0
39909,0
39910,2
39911,-4
39912,0
39913,0
39914,14
39915,-4
39916,0
39917,2
39918,-8
39919,0
39920,0
39921,2
39922,0
39923,6
39924,0
39925,2
39926,0
39927,0
39928,4
39929,4
39930,6
39931,6
39932,0
39933,0
39934,2
39935,0
39936,6
39937,-6
39938,4
39939,2
39940,-4
39941,4
39942,2
39943,0
39944,-4
39945,0
39946,0
39947,-4
39948,0
39949,-4
39950,10
39951,4
39952,-4
39953,0
39954,0
39955,-4
39956,0
39957,0
39958,-14
39959,6
39960,0
39961,-4
39962,0
39963,0
39964,0
39965,-4
39966,-6
39967,2
39968,0
39969,-4
39970,-4
39971,-4
39972,0
39973,0
39974,-4
39975,-4
39976,0
39977,0
39978,-4
39979,-4
39980,0
39981,4
39982,0
39983,0
39984,-6
39985,0
39986,-6
39987,8
39988,-4
39989,-4
39990,0
39991,-4
39992,-4
39993,24
39994,0
39995,-4
39996,-20
39997,0
39998,-4
39999,-4
40000,0
40001,-4
40002,4
40003,0
40004,-4
40005,-4
40006,0
40007,0
40008,0
40009,-4
40010,2
40011,10
40012,0
40013,0
40014,0
40015,0
40016,-4
40017,22
40018,4
40019,0
40020,6
40021,0
40022,0
40023,0
40024,0
40025,6
40026,4
40027,0
40028,0
40029,2
40030,0
40031,0
40032,-4
40033,4
40034,6
40035,0
40036,0
40037,0
40038,10
40039,0
40040,10
40041,0
40042,-4
40043,0
40044,0
40045,2
40046,0
40047,2
40048,-4
40049,0
40050,0
40051,0
40052,10
40053,0
40054,-4
40055,0
40056,8
40057,0
40058,0
40059,2
40060,-4
40061,-8
40062,0
40063,0
40064,0
40065,0
40066,-4
40067,4
40068,6
40069,-4
40070,-4
40071,0
40072,-4
40073,-4
40074,-4
40075,0
40076,0
40077,-4
40078,0
40079,-8
40080,0
40081,0
40082,2
40083,-4
40084,-4
40085,0
40086,-4
40087,-4
40088,0
40089,-4
40090,-4
40091,-4
40092,-20
40093,0
40094,0
40095,10
40096,0
40097,-4
40098,-8
40099,-4
40100,0
40101,-6
40102,0
40103,-4
40104,-16
40105,0
40106,0
40107,-4
40108,4
40109,0
40110,2
40111,0
40112,-4
40113,0
40114,-4
40115,2
40116,0
40117,-4
40118,-4
40119,0
40120,-10
40121,2
40122,0
40123,0
40124,2
40125,0
40126,0
40127,0
40128,0
40129,10
40130,0
40131,4
40132,2
40133,0
40134,2
40135,0
40136,4
40137,0
40138,2
40139,0
40140,4
40141,0
40142,-20
40143,6
40144,0
40145,14
40146,4
40147,0
40148,-4
40149,0
40150,-4
40151,0
40152,-4
40153,0
40154,8
40155,0
40156,6
40157,0
40158,0
40159,0
40160,4
40161,10
40162,0
40163,2
40164,4
40165,-4
40166,2
40167,-4
40168,-4
40169,0
40170,0
40171,0
40172,-4
40173,-4
40174,-4
40175,-4
40176,-4
40177,-4
40178,-4
40179,-8
40180,-4
40181,-4
40182,-6
40183,0
40184,-4
40185,-4
40186,-4
40187,-4
40188,0
40189,-6
40190,-4
40191,4
40192,0
40193,0
40194,10
40195,-4
40196,0
40197,-4
40198,0
40199,0
40200,6
40201,0
40202,0
40203,-4
40204,2
40205,0
40206,0
40207,2
40208,0
40209,-10
40210,-4
40211,-4
40212,0
40213,-4
40214,0
40215,0
40216,-4
40217,6
40218,0
40219,0
40220,0
40221,4
40222,6
40223,0
40224,0
40225,6
40226,4
40227,0
40228,0
40229,0
40230,0
40231,0
40232,4
40233,0
40234,10
40235,0
40236,0
40237,2
40238,0
40239,14
40240,0
40241,-8
40242,0
40243,0
40244,0
40245,0
40246,4
40247,2
40248,-4
40249,4
40250,0
40251,0
40252,-4
40253,0
40254,-6
40255,0
40256,4
40257,-4
40258,0
40259,0
40260,0
40261,0
40262,0
40263,0
40264,0
40265,10
40266,0
40267,0
40268,0
40269,0
40270,0
40271,-4
40272,-4
40273,-4
40274,-4
40275,-4
40276,0
40277,-4
40278,-4
40279,-4
40280,6
40281,-4
40282,0
40283,-4
40284,-8
40285,0
40286,-4
40287,-4
40288,6
40289,-4
40290,-4
40291,-4
40292,-6
40293,0
40294,0
40295,-6
40296,-4
40297,0
40298,-6
40299,-4
40300,0
40301,2
40302,0
40303,-4
40304,-4
40305,0
40306,4
40307,2
40308,0
40309,0
40310,0
40311,-4
40312,4
40313,0
40314,0
40315,-4
40316,0
40317,-8
40318,0
40319,0
40320,0
40321,4
40322,0
40323,2
40324,0
40325,4
40326,0
40327,10
40328,6
40329,0
40330,-4
40331,-4
40332,6
40333,0
40334,4
40335,0
40336,10
40337,-10
40338,0
40339,0
40340,0
40341,-8
40342,0
40343,-4
40344,6
40345,-8
40346,6
40347,0
40348,2
40349,8
40350,0
40351,0
40352,0
40353,2
40354,0
40355,-4
40356,0
40357,14
40358,0
40359,0
40360,6
40361,0
40362,-4
40363,0
40364,0
40365,0
40366,-4
40367,-4
40368,0
40369,0
40370,0
40371,0
40372,-4
40373,-4
40374,0
40375,-4
40376,0
40377,-4
40378,-4
40379,-4
40380,0
40381,-4
40382,4
40383,-4
40384,0
40385,0
40386,0
40387,0
40388,-4
40389,0
40390,0
40391,-4
40392,-4
40393,-4
40394,-4
40395,-4
40396,-4
40397,-4
40398,-4
40399,-4
40400,-4
40401,0
40402,0
40403,-4
40404,-8
40405,0
40406,0
40407,0
40408,0
40409,0
40410,0
40411,0
40412,0
40413,0
40414,-4
40415,-4
40416,0
40417,0
40418,0
40419,-4
40420,2
40421,-4
40422,2
40423,-4
40424,0
40425,8
40426,0
40427,10
40428,6
40429,0
40430,0
40431,6
40432,0
40433,0
40434,0
40435,2
40436,18
40437,-4
40438,4
40439,0
40440,0
40441,2
40442,0
40443,-8
40444,0
40445,0
40446,0
40447,-4
40448,-4
40449,4
40450,14
40451,-4
40452,-4
40453,0
40454,0
40455,2
40456,0
40457,0
40458,-4
40459,2
40460,0
40461,0
40462,-4
40463,0
40464,-4
40465,-4
40466,-4
40467,0
40468,0
40469,-4
40470,-4
40471,2
40472,0
40473,-4
40474,-4
40475,-4
40476,0
40477,-4
40478,-4
40479,0
40480,-4
40481,-4
40482,-6
40483,-4
40484,-4
40485,0
40486,-4
40487,-4
40488,-4
40489,4
40490,-4
40491,-4
40492,-4
40493,-4
40494,-16
40495,-4
40496,-4
40497,0
40498,-4
40499,-6
40500,-4
40501,0
40502,-4
40503,0
40504,0
40505,-4
40506,-4
40507,-4
40508,-8
40509,0
40510,0
40511,0
40512,-14
40513,0
40514,0
40515,2
40516,0
40517,0
40518,2
40519,0
40520,0
40521,0
40522,0
40523,0
40524,2
40525,-12
40526,0
40527,0
40528,0
40529,0
40530,0
40531,0
40532,4
40533,14
40534,0
40535,4
40536,0
40537,0
40538,0
40539,0
40540,0
40541,0
40542,-4
40543,10
40544,0
40545,0
40546,4
40547,0
40548,0
40549,0
40550,0
40551,-6
40552,14
40553,-4
40554,2
40555,0
40556,0
40557,0
40558,0
40559,10
40560,0
40561,-4
40562,8
40563,0
40564,0
40565,0
40566,0
40567,-4
40568,-4
40569,2
40570,-4
40571,0
40572,-4
40573,-4
40574,0
40575,-4
40576,-4
40577,0
40578,0
40579,0
40580,-4
40581,-4
40582,-4
40583,-14
40584,-4
40585,-4
40586,0
40587,0
40588,-4
40589,-4
40590,0
40591,-4
40592,-4
40593,-4
40594,-4
40595,-4
40596,0
40597,-4
40598,-4
40599,-4
40600,0
40601,0
40602,0
40603,10
40604,-4
40605,0
40606,0
40607,0
40608,-4
40609,-10
40610,0
40611,-4
40612,-6
40613,0
40614,0
40615,0
40616,2
40617,0
40618,0
40619,6
40620,0
40621,4
40622,0
40623,4
40624,4
40625,0
40626,0
40627,4
40628,-8
40629,4
40630,-4
40631,0
40632,14
40633,4
40634,0
40635,0
40636,2
40637,-4
40638,0
40639,6
40640,0
40641,-10
40642,0
40643,4
40644,4
40645,6
40646,0
40647,0
40648,16
40649,6
40650,4
40651,0
40652,0
40653,-4
40654,6
40655,0
40656,-4
40657,0
40658,0
40659,0
40660,0
40661,0
40662,0
40663,0
40664,2
40665,0
40666,-4
40667,-4
40668,6
40669,-4
40670,0
40671,-4
40672,-4
40673,-4
40674,-4
40675,-4
40676,0
40677,-4
40678,-4
40679,-4
40680,-4
40681,0
40682,0
40683,-4
40684,0
40685,-4
40686,0
40687,-16
40688,-8
40689,0
40690,18
40691,-4
40692,-4
40693,-4
40694,-4
40695,0
40696,-4
40697,-4
40698,-4
40699,0
40700,0
40701,0
40702,20
40703,-4
40704,0
40705,0
40706,0
40707,0
40708,0
40709,2
40710,0
40711,0
40712,4
40713,0
40714,0
40715,0
40716,-4
40717,0
40718,-4
40719,6
40720,4
40721,0
40722,-4
40723,0
40724,4
40725,2
40726,-8
40727,0
40728,-4
40729,8
40730,4
40731,0
40732,6
40733,0
40734,0
40735,0
40736,2
40737,0
40738,0
40739,0
40740,6
40741,0
40742,0
40743,6
40744,-4
40745,0
40746,-4
40747,-4
40748,0
40749,0
40750,6
40751,-4
40752,-4
40753,0
40754,18
40755,2
40756,0
40757,6
40758,0
40759,0
40760,-4
40761,6
40762,0
40763,-16
40764,-4
40765,0
40766,-4
40767,0
40768,0
40769,0
40770,0
40771,-4
40772,0
40773,-4
40774,0
40775,-4
40776,-8
40777,-4
40778,0
40779,-20
40780,-4
40781,0
40782,0
40783,-4
40784,0
40785,-4
40786,-4
40787,-4
40788,0
40789,-4
40790,-4
40791,24
40792,-4
40793,0
40794,-4
40795,0
40796,-6
40797,0
40798,-8
40799,0
40800,0
40801,0
40802,-4
40803,10
40804,-4
40805,-6
40806,0
40807,0
40808,4
40809,0
40810,6
40811,0
40812,0
40813,0
40814,0
40815,2
40816,0
40817,0
40818,0
40819,0
40820,0
40821,0
40822,-4
40823,0
40824,2
40825,2
40826,0
40827,0
40828,0
40829,2
40830,0
40831,2
40832,4
40833,0
40834,0
40835,0
40836,0
40837,0
40838,-12
40839,0
40840,-16
40841,0
40842,4
40843,2
40844,0
40845,0
40846,-8
40847,2
40848,0
40849,-4
40850,10
40851,-4
40852,0
40853,0
40854,0
40855,0
40856,0
40857,-4
40858,0
40859,-4
40860,0
40861,-4
40862,-4
40863,8
40864,0
40865,-4
40866,4
40867,0
40868,-10
40869,-4
40870,0
40871,0
40872,-4
40873,0
40874,-4
40875,0
40876,-4
40877,0
40878,-4
40879,-4
40880,0
40881,0
40882,0
40883,-4
40884,-4
40885,-4
40886,-4
40887,0
40888,-4
40889,-4
40890,0
40891,-8
40892,0
40893,0
40894,10
40895,-4
40896,-4
40897,10
40898,-4
40899,0
40900,6
40901,0
40902,-4
40903,0
40904,-4
40905,0
40906,0
40907,6
40908,0
40909,0
40910,0
40911,0
40912,0
40913,0
40914,-8
40915,14
40916,0
40917,0
40918,0
40919,2
40920,0
40921,0
40922,-4
40923,0
40924,0
40925,0
40926,0
40927,0
40928,2
40929,0
40930,0
40931,0
40932,2
40933,0
40934,4
40935,0
40936,0
40937,0
40938,-6
40939,0
40940,0
40941,0
40942,-12
40943,4
40944,2
40945,0
40946,0
40947,4
40948,-4
40949,14
40950,6
40951,2
40952,0
40953,4
40954,-4
40955,10
40956,0
40957,0
40958,14
40959,-4
40960,8
40961,0
40962,0
40963,-4
40964,0
40965,-8
40966,-4
40967,0
40968,0
40969,-4
40970,-4
40971,-4
40972,-4
40973,0
40974,-4
40975,-4
40976,-4
40977,6
40978,-8
40979,0
40980,6
40981,-4
40982,6
40983,-4
40984,-4
40985,-4
40986,0
40987,-4
40988,-4
40989,0
40990,-4
40991,-4
40992,-4
40993,10
40994,-4
40995,0
40996,-4
40997,0
40998,-4
40999,6
41000,0
41001,0
41002,-4
41003,-8
41004,-4
41005,-8
41006,0
41007,0
41008,14
41009,0
41010,6
41011,-4
41012,0
41013,-4
41014,0
41015,0
41016,2
41017,0
41018,0
41019,0
41020,4
41021,0
41022,0
41023,0
41024,2
41025,0
41026,2
41027,0
41028,2
41029,0
41030,2
41031,-4
41032,6
41033,0
41034,6
41035,10
41036,0
41037,6
41038,2
41039,-14
41040,0
41041,-8
41042,0
41043,0
41044,-4
41045,0
41046,0
41047,-8
41048,8
41049,4
41050,0
41051,-4
41052,0
41053,-4
41054,0
41055,0
41056,-4
41057,0
41058,0
41059,0
41060,0
41061,0
41062,6
41063,0
41064,0
41065,0
41066,0
41067,-4
41068,0
41069,0
41070,4
41071,0
41072,0
41073,0
41074,-4
41075,0
41076,-4
41077,-4
41078,-4
41079,0
41080,-6
41081,0
41082,4
41083,-4
41084,0
41085,0
41086,0
41087,-4
41088,-4
41089,-4
41090,-4
41091,-4
41092,14
41093,-4
41094,0
41095,0
41096,-4
41097,-4
41098,0
41099,0
41100,-4
41101,-4
41102,0
41103,0
41104,10
41105,-4
41106,-4
41107,0
41108,0
41109,0
41110,0
41111,0
41112,-22
41113,0
41114,0
41115,0
41116,0
41117,0
41118,-4
41119,0
41120,0
41121,0
41122,-4
41123,0
41124,0
41125,0
41126,0
41127,0
41128,4
41129,0
41130,4
41131,8
41132,0
41133,0
41134,4
41135,-6
41136,0
41137,0
41138,2
41139,0
41140,0
41141,-8
41142,0
41143,0
41144,0
41145,0
41146,4
41147,-4
41148,4
41149,2
41150,0
41151,-4
41152,2
41153,0
41154,0
41155,0
41156,0
41157,0
41158,4
41159,6
41160,10
41161,0
41162,-4
41163,0
41164,0
41165,-10
41166,0
41167,-4
41168,0
41169,0
41170,0
41171,0
41172,0
41173,0
41174,-4
41175,0
41176,-4
41177,0
41178,-4
41179,-4
41180,-20
41181,-4
41182,-4
41183,0
41184,-4
41185,-4
41186,-4
41187,0
41188,0
41189,-4
41190,18
41191,-4
41192,10
41193,0
41194,0
41195,10
41196,-4
41197,-4
41198,-8
41199,0
41200,0
41201,-4
41202,0
41203,0
41204,-4
41205,0
41206,-4
41207,0
41208,0
41209,0
41210,-4
41211,4
41212,0
41213,0
41214,2
41215,0
41216,0
41217,-4
41218,0
41219,0
41220,2
41221,0
41222,0
41223,0
41224,2
41225,4
41226,0
41227,0
41228,2
41229,4
41230,2
41231,-4
41232,-4
41233,6
41234,0
41235,2
41236,0
41237,0
41238,0
41239,0
41240,6
41241,0
41242,-4
41243,6
41244,0
41245,0
41246,-8
41247,0
41248,0
41249,0
41250,8
41251,-4
41252,0
41253,6
41254,0
41255,0
41256,0
41257,4
41258,0
41259,0
41260,-4
41261,0
41262,0
41263,0
41264,-4
41265,-4
41266,0
41267,-4
41268,0
41269,-4
41270,-4
41271,0
41272,-4
41273,0
41274,0
41275,0
41276,0
41277,0
41278,-4
41279,-4
41280,-4
41281,0
41282,0
41283,-4
41284,-4
41285,0
41286,0
41287,-4
41288,-4
41289,0
41290,-4
41291,-6
41292,-4
41293,-4
41294,-8
41295,0
41296,-4
41297,18
41298,0
41299,0
41300,-4
41301,0
41302,2
41303,-4
41304,0
41305,0
41306,0
41307,2
41308,0
41309,0
41310,0
41311,0
41312,0
41313,6
41314,0
41315,0
41316,0
41317,2
41318,0
41319,4
41320,0
41321,6
41322,0
41323,0
41324,4
41325,2
41326,0
41327,-4
41328,8
41329,2
41330,0
41331,2
41332,0
41333,0
41334,6
41335,0
41336,-12
41337,0
41338,6
41339,2
41340,0
41341,0
41342,0
41343,0
41344,0
41345,6
41346,4
41347,2
41348,10
41349,0
41350,0
41351,-4
41352,6
41353,0
41354,0
41355,-4
41356,-4
41357,-4
41358,-16
41359,6
41360,-6
41361,0
41362,0
41363,0
41364,-4
41365,0
41366,10
41367,0
41368,6
41369,-8
41370,-4
41371,0
41372,-4
41373,-4
41374,-4
41375,0
41376,0
41377,0
41378,-4
41379,-4
41380,-16
41381,-4
41382,-6
41383,-4
41384,-8
41385,-8
41386,0
41387,16
41388,2
41389,0
41390,-4
41391,-4
41392,-4
41393,0
41394,4
41395,-4
41396,-6
41397,0
41398,0
41399,0
41400,-4
41401,-4
41402,2
41403,2
41404,0
41405,0
41406,-4
41407,-4
41408,0
41409,0
41410,0
41411,-4
41412,0
41413,0
41414,0
41415,0
41416,0
41417,6
41418,0
41419,0
41420,28
41421,0
41422,0
41423,0
41424,0
41425,0
41426,2
41427,0
41428,2
41429,2
41430,0
41431,0
41432,2
41433,0
41434,-4
41435,-4
41436,8
41437,0
41438,-4
41439,0
41440,0
41441,0
41442,0
41443,2
41444,0
41445,14
41446,0
41447,0
41448,0
41449,0
41450,0
41451,-4
41452,0
41453,0
41454,-4
41455,0
41456,-4
41457,0
41458,-4
41459,14
41460,-14
41461,0
41462,0
41463,0
41464,0
41465,0
41466,6
41467,0
41468,-4
41469,0
41470,0
41471,-8
41472,-4
41473,-4
41474,-4
41475,0
41476,0
41477,0
41478,-4
41479,6
41480,0
41481,-4
41482,-4
41483,-4
41484,-4
41485,-4
41486,0
41487,-6
41488,-4
41489,0
41490,0
41491,-4
41492,-4
41493,-4
41494,-4
41495,-8
41496,-4
41497,-4
41498,-4
41499,0
41500,0
41501,-4
41502,0
41503,-6
41504,0
41505,0
41506,0
41507,0
41508,0
41509,0
41510,0
41511,0
41512,0
41513,0
41514,0
41515,2
41516,-4
41517,0
41518,4
41519,0
41520,6
41521,2
41522,0
41523,0
41524,0
41525,2
41526,0
41527,-6
41528,6
41529,-6
41530,0
41531,0
41532,0
41533,0
41534,0
41535,4
41536,0
41537,0
41538,2
41539,-4
41540,-4
41541,-8
41542,0
41543,0
41544,0
41545,-8
41546,0
41547,0
41548,6
41549,6
41550,0
41551,0
41552,-4
41553,0
41554,2
41555,0
41556,0
41557,0
41558,0
41559,2
41560,0
41561,0
41562,-4
41563,0
41564,0
41565,16
41566,0
41567,0
41568,0
41569,-6
41570,-4
41571,0
41572,0
41573,-8
41574,0
41575,-4
41576,0
41577,0
41578,0
41579,0
41580,-4
41581,-4
41582,-4
41583,0
41584,-4
41585,-4
41586,0
41587,-4
41588,-4
41589,-4
41590,0
41591,-8
41592,-4
41593,-4
41594,-4
41595,-10
41596,-4
41597,0
41598,0
41599,4
41600,0
41601,-4
41602,-4
41603,-4
41604,0
41605,-4
41606,-14
41607,0
41608,0
41609,-4
41610,4
41611,0
41612,0
41613,0
41614,6
41615,0
41616,8
41617,0
41618,2
41619,0
41620,0
41621,0
41622,0
41623,0
41624,4
41625,0
41626,0
41627,0
41628,0
41629,-4
41630,0
41631,-4
41632,4
41633,0
41634,4
41635,10
41636,2
41637,0
41638,0
41639,0
41640,-4
41641,0
41642,0
41643,-14
41644,0
41645,0
41646,0
41647,10
41648,2
41649,0
41650,-4
41651,4
41652,2
41653,0
41654,10
41655,0
41656,6
41657,0
41658,0
41659,8
41660,14
41661,0
41662,0
41663,2
41664,6
41665,0
41666,-4
41667,-4
41668,0
41669,0
41670,6
41671,-4
41672,-4
41673,0
41674,-4
41675,-4
41676,-4
41677,0
41678,0
41679,0
41680,-4
41681,-6
41682,-4
41683,0
41684,-4
41685,-4
41686,0
41687,0
41688,-4
41689,-4
41690,-4
41691,0
41692,-4
41693,0
41694,-4
41695,-4
41696,-4
41697,0
41698,-4
41699,0
41700,-4
41701,10
41702,0
41703,-4
41704,-8
41705,-4
41706,6
41707,6
41708,-4
41709,0
41710,-4
41711,-4
41712,0
41713,-4
41714,-4
41715,18
41716,0
41717,0
41718,4
41719,-4
41720,2
41721,0
41722,2
41723,2
41724,0
41725,6
41726,0
41727,0
41728,0
41729,0
41730,0
41731,0
41732,-4
41733,0
41734,0
41735,2
41736,4
41737,6
41738,6
41739,2
41740,18
41741,2
41742,-14
41743,0
41744,0
41745,8
41746,0
41747,2
41748,0
41749,-4
41750,2
41751,0
41752,0
41753,0
41754,0
41755,-8
41756,2
41757,-4
41758,2
41759,0
41760,0
41761,4
41762,-4
41763,0
41764,0
41765,0
41766,-4
41767,0
41768,0
41769,0
41770,-4
41771,-4
41772,-4
41773,-4
41774,0
41775,0
41776,0
41777,-4
41778,0
41779,0
41780,-8
41781,0
41782,-4
41783,-4
41784,-6
41785,-4
41786,-4
41787,-4
41788,-4
41789,0
41790,10
41791,-4
41792,-6
41793,-4
41794,0
41795,0
41796,0
41797,4
41798,6
41799,0
41800,-4
41801,0
41802,0
41803,0
41804,-4
41805,0
41806,6
41807,-4
41808,0
41809,-4
41810,-4
41811,0
41812,0
41813,-4
41814,0
41815,0
41816,0
41817,4
41818,-4
41819,0
41820,2
41821,2
41822,0
41823,0
41824,0
41825,4
41826,0
41827,4
41828,0
41829,4
41830,10
41831,0
41832,4
41833,-4
41834,0
41835,4
41836,6
41837,-4
41838,-8
41839,0
41840,0
41841,0
41842,14
41843,-4
41844,2
41845,0
41846,-6
41847,0
41848,4
41849,0
41850,0
41851,6
41852,0
41853,0
41854,0
41855,-6
41856,0
41857,0
41858,-4
41859,0
41860,0
41861,0
41862,-4
41863,0
41864,0
41865,0
41866,2
41867,0
41868,-8
41869,2
41870,0
41871,0
41872,0
41873,-4
41874,-4
41875,-4
41876,-4
41877,-4
41878,-4
41879,0
41880,6
41881,-4
41882,0
41883,-14
41884,-4
41885,-4
41886,-4
41887,-4
41888,-4
41889,-4
41890,0
41891,16
41892,0
41893,-4
41894,-4
41895,0
41896,0
41897,-4
41898,-4
41899,0
41900,6
41901,-4
41902,0
41903,0
41904,0
41905,-4
41906,10
41907,0
41908,-4
41909,0
41910,0
41911,0
41912,0
41913,0
41914,4
41915,0
41916,0
41917,0
41918,0
41919,0
41920,30
41921,4
41922,2
41923,2
41924,0
41925,2
41926,0
41927,0
41928,0
41929,0
41930,-8
41931,0
41932,0
41933,-14
41934,0
41935,0
41936,10
41937,4
41938,0
41939,-8
41940,0
41941,0
41942,0
41943,8
41944,2
41945,6
41946,4
41947,14
41948,0
41949,0
41950,6
41951,0
41952,6
41953,0
41954,-4
41955,0
41956,4
41957,0
41958,0
41959,0
41960,10
41961,0
41962,0
41963,0
41964,0
41965,-4
41966,0
41967,10
41968,0
41969,0
41970,0
41971,0
41972,-4
41973,-4
41974,0
41975,-4
41976,0
41977,-4
41978,0
41979,0
41980,-6
41981,-4
41982,0
41983,0
41984,-4
41985,-4
41986,-4
41987,-4
41988,-4
41989,10
41990,-4
41991,-16
41992,0
41993,-4
41994,0
41995,2
41996,0
41997,0
41998,-4
41999,0
42000,0
42001,-4
42002,-4
42003,0
42004,-4
42005,0
42006,-4
42007,4
42008,0
42009,0
42010,-4
42011,0
42012,6
42013,2
42014,-4
42015,-4
42016,8
42017,-4
42018,-20
42019,-90
42020,-85.7142857142857
42021,-85.7142857142857
42022,-64
42023,-16
42024,28
42025,66
42026,84
42027,74
42028,56
42029,42
42030,28
42031,10
42032,-22
42033,-54
42034,-100
42035,-64
42036,-58
42037,-30
42038,-14
42039,-4
42040,18
42041,6
42042,10
42043,14
42044,16
42045,18
42046,22
42047,38
42048,36
42049,36
42050,28
42051,24
42052,24
42053,24
42054,20
42055,18
42056,0
42057,14
42058,6
42059,6
42060,14
42061,0
42062,6
42063,4
42064,6
42065,0
42066,0
42067,-4
42068,-4
42069,-4
42070,-4
42071,-4
42072,-4
42073,-4
42074,-4
42075,-4
42076,-4
42077,-4
42078,0
42079,0
42080,-4
42081,-4
42082,-4
42083,-6
42084,-6
42085,-16
42086,-4
42087,-4
42088,-4
42089,0
42090,0
42091,-4
42092,-4
42093,-4
42094,14
42095,0
42096,0
42097,-6
42098,0
42099,0
42100,-8
42101,4
42102,0
42103,4
42104,0
42105,0
42106,0
42107,4
42108,0
42109,0
42110,2
42111,0
42112,0
42113,0
42114,4
42115,6
42116,8
42117,4
42118,0
42119,0
42120,2
42121,2
42122,0
42123,2
42124,4
42125,4
42126,-4
42127,0
42128,2
42129,6
42130,0
42131,0
42132,2
42133,4
42134,4
42135,-14
42136,-4
42137,2
42138,-4
42139,4
42140,0
42141,2
42142,-12
42143,6
42144,0
42145,4
42146,0
42147,-4
42148,8
42149,2
42150,0
42151,-4
42152,10
42153,0
42154,0
42155,4
42156,0
42157,-16
42158,-4
42159,0
42160,0
42161,0
42162,10
42163,-4
42164,0
42165,6
42166,-6
42167,0
42168,0
42169,0
42170,0
42171,-4
42172,0
42173,-4
42174,0
42175,-4
42176,-4
42177,-4
42178,0
42179,0
42180,0
42181,-4
42182,-4
42183,0
42184,-4
42185,-4
42186,-4
42187,-4
42188,-4
42189,6
42190,0
42191,-4
42192,-4
42193,-16
42194,0
42195,-4
42196,2
42197,-8
42198,0
42199,0
42200,-4
42201,0
42202,-6
42203,-4
42204,-4
42205,0
42206,0
42207,0
42208,0
42209,-4
42210,0
42211,4
42212,-4
42213,0
42214,0
42215,0
42216,0
42217,0
42218,0
42219,2
42220,-4
42221,0
42222,4
42223,2
42224,0
42225,6
42226,-4
42227,0
42228,6
42229,2
42230,0
42231,0
42232,0
42233,4
42234,4
42235,2
42236,0
42237,10
42238,14
42239,0
42240,0
42241,6
42242,0
42243,0
42244,6
42245,0
42246,0
42247,-4
42248,-4
42249,0
42250,6
42251,0
42252,6
42253,0
42254,0
42255,-4
42256,0
42257,2
42258,2
42259,0
42260,2
42261,0
42262,-12
42263,-4
42264,-4
42265,0
42266,-14
42267,0
42268,0
42269,-4
42270,-4
42271,0
42272,0
42273,-4
42274,-4
42275,-4
42276,-4
42277,6
42278,-4
42279,-4
42280,-4
42281,0
42282,-4
42283,-4
42284,-4
42285,0
42286,4
42287,-8
42288,-4
42289,-4
42290,0
42291,0
42292,-4
42293,0
42294,-4
42295,-4
42296,0
42297,0
42298,-6
42299,-4
42300,0
42301,-8
42302,-4
42303,2
42304,0
42305,0
42306,0
42307,0
42308,6
42309,0
42310,0
42311,-12
42312,0
42313,0
42314,0
42315,0
42316,2
42317,0
42318,0
42319,14
42320,0
42321,0
42322,4
42323,0
42324,0
42325,0
42326,10
42327,4
42328,-8
42329,6
42330,0
42331,-8
42332,0
42333,-4
42334,0
42335,4
42336,4
42337,0
42338,0
42339,0
42340,0
42341,-4
42342,0
42343,0
42344,0
42345,6
42346,4
42347,0
42348,0
42349,0
42350,0
42351,2
42352,0
42353,0
42354,0
42355,0
42356,10
42357,-4
42358,0
42359,4
42360,2
42361,-8
42362,0
42363,0
42364,-4
42365,0
42366,0
42367,-4
42368,-4
42369,2
42370,2
42371,-4
42372,-4
42373,-4
42374,0
42375,-4
42376,0
42377,0
42378,-4
42379,0
42380,-6
42381,-4
42382,0
42383,-4
42384,0
42385,-4
42386,-4
42387,-4
42388,-4
42389,-4
42390,-14
42391,-4
42392,-28
42393,-4
42394,0
42395,0
42396,-4
42397,-4
42398,-4
42399,0
42400,0
42401,4
42402,0
42403,0
42404,-4
42405,0
42406,-4
42407,0
42408,0
42409,0
42410,-4
42411,-4
42412,0
42413,-4
42414,0
42415,0
42416,2
42417,0
42418,-4
42419,-4
42420,0
42421,-4
42422,2
42423,0
42424,4
42425,4
42426,-10
42427,2
42428,-10
42429,8
42430,0
42431,-4
42432,-8
42433,-8
42434,2
42435,0
42436,-10
42437,0
42438,2
42439,0
42440,0
42441,2
42442,4
42443,10
42444,0
42445,4
42446,10
42447,-4
42448,6
42449,-4
42450,0
42451,0
42452,6
42453,-4
42454,2
42455,0
42456,10
42457,0
42458,0
42459,0
42460,0
42461,-4
42462,0
42463,-8
42464,0
42465,0
42466,0
42467,0
42468,-4
42469,0
42470,6
42471,-4
42472,-4
42473,-4
42474,-4
42475,0
42476,-8
42477,-4
42478,-4
42479,-4
42480,0
42481,-4
42482,-4
42483,0
42484,-4
42485,-4
42486,-4
42487,-8
42488,0
42489,0
42490,0
42491,-4
42492,-4
42493,-4
42494,-4
42495,-4
42496,-4
42497,4
42498,-4
42499,-4
42500,-18
42501,-4
42502,0
42503,0
42504,0
42505,-4
42506,-4
42507,0
42508,-4
42509,-4
42510,0
42511,0
42512,-4
42513,0
42514,-4
42515,0
42516,0
42517,2
42518,-4
42519,0
42520,0
42521,0
42522,0
42523,0
42524,0
42525,0
42526,0
42527,4
42528,0
42529,0
42530,-8
42531,0
42532,2
42533,0
42534,0
42535,6
42536,2
42537,0
42538,0
42539,4
42540,-8
42541,4
42542,-4
42543,6
42544,4
42545,0
42546,0
42547,4
42548,-4
42549,4
42550,0
42551,10
42552,0
42553,0
42554,0
42555,0
42556,0
42557,-14
42558,0
42559,0
42560,0
42561,0
42562,0
42563,0
42564,0
42565,0
42566,0
42567,0
42568,0
42569,0
42570,6
42571,0
42572,0
42573,-4
42574,-4
42575,-4
42576,-4
42577,-4
42578,-8
42579,0
42580,-4
42581,0
42582,-6
42583,0
42584,-4
42585,6
42586,-4
42587,2
42588,-10
42589,0
42590,-4
42591,6
42592,-4
42593,0
42594,-4
42595,-4
42596,8
42597,-4
42598,-4
42599,6
42600,-4
42601,0
42602,-4
42603,-8
42604,0
42605,0
42606,-4
42607,-4
42608,0
42609,0
42610,0
42611,0
42612,0
42613,-4
42614,-22
42615,-38
42616,-38
42617,-28
42618,-16
42619,-6
42620,8
42621,14
42622,24
42623,24
42624,24
42625,20
42626,14
42627,18
42628,10
42629,8
42630,6
42631,6
42632,4
42633,0
42634,0
42635,-4
42636,-4
42637,-4
42638,-8
42639,-4
42640,0
42641,-4
42642,4
42643,6
42644,0
42645,4
42646,6
42647,8
42648,-4
42649,6
42650,8
42651,10
42652,0
42653,0
42654,2
42655,0
42656,0
42657,-4
42658,-4
42659,0
42660,-4
42661,0
42662,0
42663,0
42664,10
42665,0
42666,2
42667,6
42668,6
42669,6
42670,2
42671,-4
42672,-4
42673,-6
42674,2
42675,0
42676,0
42677,-4
42678,-4
42679,-4
42680,0
42681,-4
42682,2
42683,-4
42684,-8
42685,0
42686,-4
42687,-4
42688,0
42689,-4
42690,0
42691,-4
42692,0
42693,-4
42694,-4
42695,0
42696,-4
42697,-4
42698,0
42699,-4
42700,0
42701,0
42702,4
42703,-4
42704,-4
42705,-4
42706,-4
42707,-4
42708,-4
42709,0
42710,-4
42711,0
42712,0
42713,0
42714,0
42715,-14
42716,-16
42717,-4
42718,0
42719,0
42720,0
42721,4
42722,-4
42723,28
42724,2
42725,0
42726,0
42727,0
42728,2
42729,0
42730,6
42731,0
42732,0
42733,6
42734,0
42735,0
42736,0
42737,0
42738,0
42739,4
42740,0
42741,2
42742,2
42743,14
42744,0
42745,2
42746,0
42747,4
42748,4
42749,-4
42750,-4
42751,2
42752,4
42753,6
42754,0
42755,0
42756,-14
42757,2
42758,0
42759,14
42760,0
42761,10
42762,-4
42763,-4
42764,-4
42765,0
42766,-4
42767,0
42768,0
42769,0
42770,0
42771,4
42772,-4
42773,0
42774,-4
42775,-8
42776,0
42777,-4
42778,0
42779,0
42780,-4
42781,-4
42782,-4
42783,-4
42784,-4
42785,-4
42786,-4
42787,-4
42788,-8
42789,-8
42790,0
42791,-4
42792,0
42793,-12
42794,0
42795,-4
42796,6
42797,0
42798,-4
42799,-10
42800,-4
42801,-4
42802,6
42803,0
42804,-4
42805,0
42806,0
42807,-4
42808,-4
42809,-4
42810,-4
42811,-4
42812,0
42813,-6
42814,6
42815,0
42816,0
42817,0
42818,0
42819,4
42820,6
42821,2
42822,4
42823,0
42824,2
42825,6
42826,0
42827,6
42828,2
42829,0
42830,0
42831,-4
42832,0
42833,0
42834,2
42835,0
42836,4
42837,6
42838,0
42839,-4
42840,4
42841,4
42842,0
42843,2
42844,0
42845,0
42846,10
42847,0
42848,0
42849,4
42850,2
42851,4
42852,4
42853,-6
42854,0
42855,-4
42856,0
42857,4
42858,0
42859,-4
42860,0
42861,-4
42862,0
42863,-14
42864,0
42865,-4
42866,-4
42867,0
42868,-4
42869,0
42870,0
42871,0
42872,4
42873,-4
42874,-4
42875,0
42876,0
42877,-6
42878,-4
42879,-4
42880,-4
42881,0
42882,-4
42883,-4
42884,0
42885,-4
42886,-4
42887,-6
42888,-4
42889,0
42890,0
42891,0
42892,-4
42893,-4
42894,-4
42895,-6
42896,-4
42897,0
42898,-4
42899,0
42900,0
42901,-4
42902,0
42903,0
42904,0
42905,-4
42906,2
42907,0
42908,0
42909,4
42910,0
42911,0
42912,0
42913,0
42914,0
42915,0
42916,2
42917,-4
42918,0
42919,4
42920,0
42921,0
42922,0
42923,2
42924,4
42925,0
42926,0
42927,2
42928,0
42929,4
42930,4
42931,4
42932,6
42933,0
42934,0
42935,4
42936,6
42937,0
42938,0
42939,4
42940,-14
42941,0
42942,-14
42943,0
42944,4
42945,-8
42946,2
42947,4
42948,-4
42949,0
42950,0
42951,-6
42952,0
42953,0
42954,4
42955,0
42956,0
42957,0
42958,-4
42959,0
42960,2
42961,0
42962,-4
42963,0
42964,8
42965,0
42966,2
42967,0
42968,0
42969,0
42970,0
42971,0
42972,-4
42973,0
42974,-4
42975,-4
42976,-4
42977,0
42978,-4
42979,-4
42980,-4
42981,-4
42982,-4
42983,-4
42984,0
42985,-4
42986,-4
42987,-4
42988,-4
42989,0
42990,-8
42991,-4
42992,-4
42993,-4
42994,2
42995,-4
42996,0
42997,-4
42998,-4
42999,0
43000,0
43001,0
43002,0
43003,0
43004,-16
43005,0
43006,2
43007,2
43008,0
43009,0
43010,-4
43011,2
43012,0
43013,4
43014,0
43015,0
43016,-16
43017,0
43018,0
43019,0
43020,0
43021,0
43022,0
43023,0
43024,0
43025,2
43026,2
43027,0
43028,4
43029,2
43030,0
43031,0
43032,4
43033,2
43034,0
43035,0
43036,8
43037,0
43038,4
43039,0
43040,0
43041,0
43042,0
43043,0
43044,14
43045,2
43046,2
43047,8
43048,0
43049,2
43050,-4
43051,0
43052,0
43053,0
43054,10
43055,4
43056,-4
43057,0
43058,-4
43059,2
43060,0
43061,0
43062,-16
43063,2
43064,8
43065,2
43066,0
43067,-4
43068,-4
43069,-6
43070,-4
43071,0
43072,0
43073,0
43074,-4
43075,-4
43076,-4
43077,-4
43078,0
43079,0
43080,-4
43081,0
43082,8
43083,4
43084,-4
43085,-4
43086,-4
43087,-4
43088,0
43089,-4
43090,-4
43091,0
43092,-4
43093,0
43094,0
43095,-4
43096,-4
43097,-4
43098,-4
43099,4
43100,-4
43101,-4
43102,0
43103,-12
43104,-4
43105,-4
43106,2
43107,-8
43108,0
43109,0
43110,0
43111,0
43112,0
43113,-4
43114,0
43115,0
43116,0
43117,0
43118,0
43119,0
43120,0
43121,0
43122,4
43123,2
43124,0
43125,2
43126,0
43127,2
43128,0
43129,0
43130,2
43131,14
43132,2
43133,0
43134,-8
43135,0
43136,6
43137,0
43138,0
43139,0
43140,0
43141,10
43142,0
43143,-4
43144,4
43145,6
43146,0
43147,-14
43148,0
43149,0
43150,8
43151,0
43152,2
43153,0
43154,-8
43155,0
43156,-6
43157,0
43158,0
43159,2
43160,0
43161,-4
43162,0
43163,0
43164,0
43165,0
43166,0
43167,-4
43168,-4
43169,-4
43170,6
43171,-4
43172,-8
43173,-4
43174,0
43175,-8
43176,-4
43177,-4
43178,-4
43179,-4
43180,-6
43181,0
43182,-4
43183,-14
43184,-4
43185,-4
43186,-4
43187,0
43188,-4
43189,-4
43190,-4
43191,-22
43192,0
43193,0
43194,-4
43195,-6
43196,6
43197,-4
43198,-4
43199,0
43200,-4
43201,-4
43202,0
43203,0
43204,-4
43205,-6
43206,0
43207,0
43208,-4
43209,0
43210,-4
43211,0
43212,-4
43213,-4
43214,-4
43215,0
43216,0
43217,0
43218,-4
43219,2
43220,4
43221,2
43222,0
43223,0
43224,6
43225,6
43226,2
43227,0
43228,2
43229,2
43230,0
43231,6
43232,0
43233,0
43234,-8
43235,6
43236,4
43237,-4
43238,8
43239,-6
43240,2
43241,0
43242,0
43243,0
43244,0
43245,2
43246,0
43247,-4
43248,0
43249,2
43250,6
43251,0
43252,2
43253,0
43254,0
43255,-10
43256,0
43257,4
43258,0
43259,0
43260,0
43261,0
43262,0
43263,4
43264,2
43265,0
43266,0
43267,-4
43268,0
43269,-4
43270,0
43271,0
43272,0
43273,0
43274,-4
43275,0
43276,0
43277,-4
43278,-4
43279,4
43280,-6
43281,0
43282,-4
43283,-4
43284,0
43285,-4
43286,-4
43287,-4
43288,-4
43289,-6
43290,-4
43291,0
43292,-4
43293,-4
43294,-4
43295,4
43296,-4
43297,0
43298,-4
43299,4
43300,0
43301,-4
43302,0
43303,-4
43304,0
43305,-4
43306,0
43307,2
43308,4
43309,-4
43310,0
43311,0
43312,-4
43313,0
43314,10
43315,0
43316,0
43317,0
43318,0
43319,-4
43320,0
43321,2
43322,0
43323,0
43324,0
43325,0
43326,0
43327,0
43328,4
43329,8
43330,0
43331,2
43332,0
43333,0
43334,6
43335,4
43336,6
43337,0
43338,0
43339,0
43340,-4
43341,4
43342,-8
43343,4
43344,6
43345,-14
43346,0
43347,0
43348,-4
43349,0
43350,2
43351,6
43352,-6
43353,0
43354,0
43355,6
43356,2
43357,10
43358,0
43359,0
43360,-4
43361,0
43362,0
43363,0
43364,-4
43365,0
43366,4
43367,-4
43368,0
43369,6
43370,6
43371,0
43372,0
43373,0
43374,-4
43375,-4
43376,0
43377,0
43378,0
43379,-4
43380,0
43381,0
43382,2
43383,-4
43384,-4
43385,-6
43386,-4
43387,-4
43388,0
43389,0
43390,0
43391,-4
43392,0
43393,-4
43394,-4
43395,-6
43396,-4
43397,-4
43398,0
43399,-4
43400,-4
43401,0
43402,2
43403,0
43404,0
43405,-4
43406,0
43407,0
43408,-4
43409,2
43410,0
43411,-4
43412,0
43413,0
43414,-4
43415,0
43416,4
43417,0
43418,0
43419,0
43420,0
43421,0
43422,0
43423,0
43424,0
43425,-4
43426,2
43427,4
43428,-4
43429,4
43430,6
43431,6
43432,2
43433,2
43434,2
43435,0
43436,4
43437,2
43438,0
43439,0
43440,0
43441,0
43442,0
43443,0
43444,-12
43445,6
43446,4
43447,10
43448,2
43449,0
43450,4
43451,16
43452,0
43453,0
43454,0
43455,4
43456,0
43457,0
43458,6
43459,0
43460,0
43461,0
43462,0
43463,0
43464,0
43465,0
43466,0
43467,-4
43468,0
43469,0
43470,-4
43471,0
43472,0
43473,0
43474,-4
43475,2
43476,-4
43477,0
43478,0
43479,0
43480,4
43481,-4
43482,0
43483,-4
43484,-4
43485,0
43486,-4
43487,-4
43488,-4
43489,-4
43490,-4
43491,0
43492,-4
43493,0
43494,-4
43495,-4
43496,-4
43497,-4
43498,0
43499,0
43500,0
43501,-4
43502,2
43503,6
43504,0
43505,0
43506,0
43507,-4
43508,0
43509,0
43510,-4
43511,0
43512,-4
43513,0
43514,0
43515,0
43516,10
43517,0
43518,0
43519,-10
43520,-4
43521,2
43522,6
43523,0
43524,0
43525,0
43526,0
43527,6
43528,10
43529,-4
43530,10
43531,0
43532,0
43533,0
43534,6
43535,2
43536,18
43537,6
43538,2
43539,4
43540,0
43541,-4
43542,4
43543,2
43544,0
43545,4
43546,0
43547,-10
43548,0
43549,6
43550,6
43551,-4
43552,-4
43553,0
43554,-18
43555,4
43556,2
43557,6
43558,10
43559,0
43560,0
43561,0
43562,0
43563,0
43564,0
43565,0
43566,-4
43567,0
43568,0
43569,0
43570,-4
43571,-4
43572,-4
43573,-4
43574,-4
43575,-4
43576,0
43577,-4
43578,-32
43579,-4
43580,-16
43581,-4
43582,0
43583,0
43584,-8
43585,-4
43586,-18
43587,-4
43588,0
43589,0
43590,0
43591,-8
43592,-4
43593,-4
43594,-4
43595,0
43596,-4
43597,10
43598,-4
43599,-4
43600,-4
43601,0
43602,-4
43603,0
43604,-4
43605,0
43606,0
43607,0
43608,8
43609,-4
43610,0
43611,0
43612,0
43613,0
43614,0
43615,0
43616,0
43617,0
43618,0
43619,0
43620,0
43621,0
43622,0
43623,0
43624,2
43625,6
43626,6
43627,0
43628,6
43629,6
43630,0
43631,0
43632,14
43633,6
43634,-4
43635,0
43636,2
43637,0
43638,4
43639,-12
43640,0
43641,4
43642,4
43643,0
43644,0
43645,0
43646,8
43647,0
43648,2
43649,-4
43650,0
43651,0
43652,0
43653,10
43654,0
43655,0
43656,-12
43657,0
43658,0
43659,-4
43660,0
43661,4
43662,0
43663,0
43664,-4
43665,0
43666,0
43667,0
43668,0
43669,0
43670,0
43671,0
43672,0
43673,-4
43674,0
43675,-4
43676,-4
43677,0
43678,-4
43679,-4
43680,-4
43681,-4
43682,-4
43683,0
43684,-4
43685,-20
43686,-8
43687,-4
43688,-4
43689,-4
43690,-4
43691,-4
43692,-4
43693,-4
43694,-4
43695,-4
43696,0
43697,-4
43698,0
43699,-4
43700,0
43701,0
43702,2
43703,-14
43704,0
43705,-4
43706,0
43707,0
43708,0
43709,0
43710,0
43711,-4
43712,0
43713,0
43714,4
43715,0
43716,0
43717,0
43718,-4
43719,-4
43720,0
43721,0
43722,0
43723,0
43724,0
43725,0
43726,0
43727,0
43728,0
43729,0
43730,0
43731,6
43732,0
43733,0
43734,14
43735,0
43736,0
43737,4
43738,2
43739,0
43740,0
43741,0
43742,0
43743,0
43744,4
43745,0
43746,10
43747,-4
43748,2
43749,-4
43750,-8
43751,0
43752,2
43753,-4
43754,-4
43755,0
43756,0
43757,0
43758,6
43759,0
43760,0
43761,-4
43762,0
43763,6
43764,-4
43765,0
43766,6
43767,8
43768,-4
43769,-4
43770,0
43771,6
43772,-4
43773,4
43774,-4
43775,-4
43776,0
43777,-4
43778,-4
43779,0
43780,-4
43781,0
43782,0
43783,-4
43784,-8
43785,-4
43786,-4
43787,4
43788,0
43789,0
43790,4
43791,-4
43792,-6
43793,0
43794,2
43795,0
43796,0
43797,-4
43798,0
43799,-4
43800,-4
43801,-16
43802,-4
43803,0
43804,0
43805,-4
43806,0
43807,-4
43808,0
43809,0
43810,0
43811,0
43812,-4
43813,-4
43814,0
43815,2
43816,4
43817,2
43818,0
43819,-4
43820,0
43821,-4
43822,-4
43823,0
43824,0
43825,6
43826,2
43827,0
43828,0
43829,0
43830,0
43831,6
43832,4
43833,0
43834,10
43835,4
43836,0
43837,10
43838,2
43839,0
43840,6
43841,0
43842,0
43843,0
43844,0
43845,2
43846,4
43847,6
43848,-4
43849,0
43850,0
43851,18
43852,2
43853,0
43854,0
43855,0
43856,0
43857,0
43858,0
43859,4
43860,0
43861,0
43862,0
43863,-4
43864,0
43865,-14
43866,2
43867,10
43868,0
43869,0
43870,0
43871,-4
43872,0
43873,-4
43874,0
43875,0
43876,0
43877,0
43878,-4
43879,0
43880,0
43881,2
43882,-4
43883,0
43884,0
43885,-4
43886,-4
43887,0
43888,-4
43889,-4
43890,-4
43891,-4
43892,0
43893,-4
43894,-4
43895,0
43896,0
43897,0
43898,0
43899,-10
43900,-4
43901,-4
43902,-6
43903,0
43904,0
43905,0
43906,0
43907,0
43908,0
43909,0
43910,-8
43911,8
43912,0
43913,0
43914,0
43915,2
43916,-4
43917,0
43918,-4
43919,0
43920,-4
43921,0
43922,-4
43923,0
43924,0
43925,0
43926,0
43927,4
43928,2
43929,0
43930,4
43931,-4
43932,6
43933,0
43934,4
43935,0
43936,2
43937,4
43938,6
43939,2
43940,0
43941,-4
43942,2
43943,0
43944,0
43945,0
43946,6
43947,8
43948,4
43949,0
43950,6
43951,0
43952,-4
43953,0
43954,0
43955,0
43956,2
43957,2
43958,-12
43959,0
43960,0
43961,0
43962,-4
43963,0
43964,0
43965,0
43966,0
43967,4
43968,0
43969,0
43970,0
43971,0
43972,-4
43973,-4
43974,-4
43975,-4
43976,0
43977,-4
43978,-4
43979,0
43980,-4
43981,-4
43982,0
43983,-4
43984,-4
43985,-4
43986,0
43987,-4
43988,0
43989,0
43990,-4
43991,0
43992,-4
43993,2
43994,-4
43995,-4
43996,-6
43997,-12
43998,-4
43999,-4
44000,-8
44001,0
44002,-4
44003,-4
44004,-14
44005,0
44006,-4
44007,0
44008,-4
44009,0
44010,0
44011,0
44012,0
44013,0
44014,0
44015,0
44016,8
44017,18
44018,0
44019,0
44020,4
44021,-4
44022,0
44023,0
44024,4
44025,4
44026,0
44027,0
44028,2
44029,4
44030,4
44031,0
44032,0
44033,0
44034,0
44035,0
44036,-4
44037,-4
44038,4
44039,0
44040,0
44041,2
44042,0
44043,14
44044,0
44045,0
44046,10
44047,6
44048,0
44049,10
44050,0
44051,0
44052,0
44053,2
44054,0
44055,0
44056,-14
44057,0
44058,-4
44059,0
44060,0
44061,2
44062,0
44063,-16
44064,-4
44065,0
44066,8
44067,0
44068,0
44069,0
44070,-4
44071,-4
44072,-4
44073,-4
44074,-12
44075,-6
44076,-4
44077,-4
44078,0
44079,4
44080,-8
44081,-4
44082,-4
44083,0
44084,-4
44085,-6
44086,-4
44087,-4
44088,0
44089,-8
44090,-4
44091,0
44092,-4
44093,-4
44094,0
44095,-4
44096,0
44097,2
44098,0
44099,6
44100,0
44101,-4
44102,0
44103,0
44104,-4
44105,-4
44106,-4
44107,0
44108,-4
44109,6
44110,-4
44111,0
44112,-4
44113,4
44114,6
44115,0
44116,0
44117,-4
44118,0
44119,-4
44120,0
44121,0
44122,2
44123,4
44124,4
44125,4
44126,2
44127,0
44128,0
44129,4
44130,0
44131,-4
44132,0
44133,0
44134,0
44135,6
44136,4
44137,2
44138,0
44139,0
44140,0
44141,0
44142,0
44143,0
44144,0
44145,0
44146,0
44147,2
44148,0
44149,14
44150,0
44151,0
44152,0
44153,6
44154,0
44155,4
44156,4
44157,-4
44158,8
44159,0
44160,0
44161,-4
44162,-4
44163,6
44164,0
44165,-14
44166,-4
44167,0
44168,6
44169,0
44170,0
44171,0
44172,2
44173,0
44174,-4
44175,-4
44176,0
44177,-6
44178,-4
44179,-34
44180,-4
44181,0
44182,0
44183,-4
44184,0
44185,-4
44186,-4
44187,-4
44188,-4
44189,-4
44190,18
44191,0
44192,-4
44193,-4
44194,-4
44195,-4
44196,-4
44197,-4
44198,-4
44199,-4
44200,-6
44201,0
44202,-4
44203,0
44204,0
44205,0
44206,0
44207,0
44208,-4
44209,0
44210,0
44211,-4
44212,0
44213,4
44214,0
44215,0
44216,0
44217,6
44218,0
44219,0
44220,0
44221,0
44222,0
44223,4
44224,0
44225,0
44226,2
44227,4
44228,4
44229,4
44230,4
44231,4
44232,0
44233,0
44234,2
44235,2
44236,0
44237,0
44238,0
44239,0
44240,-4
44241,2
44242,0
44243,0
44244,18
44245,2
44246,-4
44247,-4
44248,0
44249,0
44250,6
44251,-10
44252,0
44253,2
44254,0
44255,0
44256,0
44257,-14
44258,0
44259,-4
44260,0
44261,20
44262,0
44263,0
44264,-4
44265,0
44266,0
44267,0
44268,0
44269,0
44270,4
44271,-4
44272,0
44273,0
44274,-4
44275,0
44276,0
44277,2
44278,-4
44279,-4
44280,0
44281,0
44282,-8
44283,0
44284,6
44285,-4
44286,-4
44287,-14
44288,-6
44289,-4
44290,4
44291,-4
44292,-4
44293,-4
44294,0
44295,10
44296,0
44297,-4
44298,-4
44299,14
44300,-4
44301,0
44302,0
44303,10
44304,0
44305,-4
44306,4
44307,0
44308,0
44309,0
44310,0
44311,0
44312,0
44313,0
44314,-4
44315,2
44316,4
44317,0
44318,6
44319,0
44320,-4
44321,0
44322,0
44323,0
44324,-4
44325,0
44326,6
44327,-8
44328,0
44329,0
44330,2
44331,0
44332,0
44333,0
44334,0
44335,10
44336,2
44337,0
44338,6
44339,0
44340,0
44341,6
44342,4
44343,0
44344,14
44345,0
44346,0
44347,0
44348,0
44349,0
44350,6
44351,4
44352,-4
44353,0
44354,0
44355,2
44356,10
44357,0
44358,-14
44359,0
44360,0
44361,0
44362,-4
44363,0
44364,0
44365,0
44366,-4
44367,0
44368,0
44369,0
44370,-4
44371,-8
44372,0
44373,-4
44374,-4
44375,0
44376,-4
44377,0
44378,-4
44379,-4
44380,-4
44381,-4
44382,0
44383,0
44384,-4
44385,0
44386,0
44387,-4
44388,-4
44389,-4
44390,-4
44391,-4
44392,-4
44393,0
44394,-4
44395,0
44396,0
44397,0
44398,-4
44399,0
44400,-4
44401,-8
44402,-4
44403,-4
44404,0
44405,4
44406,-4
44407,0
44408,0
44409,-4
44410,0
44411,0
44412,0
44413,2
44414,4
44415,4
44416,-4
44417,0
44418,2
44419,0
44420,0
44421,0
44422,4
44423,0
44424,0
44425,0
44426,2
44427,0
44428,0
44429,2
44430,0
44431,6
44432,0
44433,0
44434,0
44435,0
44436,2
44437,0
44438,0
44439,4
44440,2
44441,6
44442,2
44443,18
44444,0
44445,0
44446,4
44447,2
44448,0
44449,6
44450,0
44451,0
44452,0
44453,-4
44454,2
44455,0
44456,2
44457,0
44458,2
44459,4
44460,0
44461,2
44462,0
44463,0
44464,0
44465,0
44466,-4
44467,0
44468,0
44469,0
44470,-4
44471,-4
44472,-4
44473,0
44474,-4
44475,-4
44476,-4
44477,-6
44478,0
44479,-4
44480,-4
44481,-4
44482,-4
44483,-4
44484,-4
44485,-4
44486,-6
44487,-4
44488,-14
44489,-4
44490,-8
44491,-4
44492,-4
44493,-4
44494,-4
44495,-4
44496,0
44497,-4
44498,0
44499,-4
44500,-4
44501,-4
44502,-4
44503,6
44504,0
44505,0
44506,4
44507,-4
44508,0
44509,-4
44510,0
44511,-4
44512,6
44513,0
44514,4
44515,0
44516,0
44517,4
44518,2
44519,0
44520,0
44521,2
44522,0
44523,2
44524,0
44525,0
44526,2
44527,0
44528,-4
44529,0
44530,0
44531,6
44532,0
44533,0
44534,2
44535,4
44536,0
44537,4
44538,-8
44539,-12
44540,4
44541,0
44542,6
44543,-4
44544,0
44545,0
44546,8
44547,0
44548,6
44549,2
44550,-8
44551,0
44552,-4
44553,4
44554,-10
44555,0
44556,0
44557,8
44558,2
44559,2
44560,10
44561,-4
44562,-4
44563,0
44564,0
44565,0
44566,10
44567,-4
44568,0
44569,0
44570,0
44571,-4
44572,0
44573,0
44574,0
44575,-4
44576,0
44577,0
44578,-4
44579,-4
44580,-4
44581,-6
44582,0
44583,0
44584,-4
44585,0
44586,-6
44587,-6
44588,-4
44589,0
44590,0
44591,-4
44592,-6
44593,-4
44594,-4
44595,-8
44596,0
44597,-4
44598,-4
44599,8
44600,0
44601,0
44602,-4
44603,-8
44604,0
44605,0
44606,0
44607,0
44608,6
44609,-4
44610,-4
44611,0
44612,-4
44613,4
44614,0
44615,0
44616,0
44617,4
44618,2
44619,0
44620,-4
44621,0
44622,0
44623,2
44624,0
44625,-4
44626,4
44627,4
44628,2
44629,0
44630,0
44631,10
44632,0
44633,4
44634,0
44635,2
44636,6
44637,0
44638,0
44639,0
44640,4
44641,0
44642,0
44643,6
44644,-4
44645,0
44646,0
44647,6
44648,0
44649,0
44650,0
44651,10
44652,4
44653,0
44654,0
44655,-8
44656,4
44657,6
44658,4
44659,0
44660,4
44661,-4
44662,0
44663,0
44664,0
44665,0
44666,8
44667,-6
44668,-4
44669,-4
44670,0
44671,2
44672,0
44673,-4
44674,6
44675,0
44676,-4
44677,-4
44678,0
44679,0
44680,0
44681,-4
44682,0
44683,0
44684,-6
44685,-8
44686,-4
44687,0
44688,-4
44689,-4
44690,-4
44691,-4
44692,-4
44693,0
44694,-4
44695,-6
44696,-4
44697,-4
44698,8
44699,0
44700,0
44701,-8
44702,0
44703,0
44704,-4
44705,-14
44706,-4
44707,-4
44708,-4
44709,0
44710,-6
44711,0
44712,6
44713,0
44714,-4
44715,2
44716,4
44717,0
44718,0
44719,2
44720,0
44721,0
44722,6
44723,0
44724,-28
44725,0
44726,2
44727,0
44728,6
44729,0
44730,2
44731,2
44732,0
44733,0
44734,2
44735,0
44736,6
44737,2
44738,2
44739,0
44740,0
44741,0
44742,0
44743,10
44744,2
44745,0
44746,2
44747,0
44748,-4
44749,2
44750,0
44751,0
44752,0
44753,-4
44754,0
44755,0
44756,-4
44757,0
44758,4
44759,-4
44760,0
44761,0
44762,0
44763,0
44764,0
44765,0
44766,0
44767,0
44768,0
44769,-4
44770,0
44771,-4
44772,4
44773,-4
44774,0
44775,0
44776,-4
44777,0
44778,-4
44779,-4
44780,0
44781,-4
44782,-4
44783,-22
44784,0
44785,-4
44786,-4
44787,-16
44788,0
44789,0
44790,0
44791,-4
44792,0
44793,0
44794,-4
44795,-4
44796,-4
44797,0
44798,8
44799,0
44800,-4
44801,-4
44802,-4
44803,0
44804,2
44805,0
44806,-14
44807,0
44808,6
44809,0
44810,-4
44811,0
44812,0
44813,0
44814,18
44815,0
44816,0
44817,-4
44818,0
44819,0
44820,0
44821,0
44822,4
44823,0
44824,0
44825,4
44826,0
44827,6
44828,2
44829,0
44830,2
44831,4
44832,4
44833,8
44834,0
44835,2
44836,0
44837,-8
44838,0
44839,0
44840,0
44841,-14
44842,0
44843,-20
44844,0
44845,-4
44846,10
44847,0
44848,0
44849,0
44850,0
44851,0
44852,0
44853,-4
44854,0
44855,-4
44856,0
44857,0
44858,-4
44859,0
44860,0
44861,-14
44862,-14
44863,0
44864,0
44865,0
44866,0
44867,-6
44868,0
44869,0
44870,-4
44871,0
44872,-4
44873,0
44874,0
44875,-4
44876,0
44877,-4
44878,0
44879,0
44880,0
44881,0
44882,2
44883,-4
44884,4
44885,0
44886,-4
44887,-4
44888,0
44889,-4
44890,-4
44891,-4
44892,-4
44893,-4
44894,2
44895,0
44896,0
44897,-8
44898,0
44899,-4
44900,-4
44901,0
44902,0
44903,0
44904,-18
44905,-4
44906,0
44907,0
44908,4
44909,0
44910,0
44911,0
44912,0
44913,0
44914,10
44915,0
44916,0
44917,0
44918,0
44919,0
44920,0
44921,0
44922,-4
44923,0
44924,0
44925,0
44926,2
44927,0
44928,0
44929,2
44930,0
44931,0
44932,0
44933,0
44934,0
44935,4
44936,0
44937,0
44938,0
44939,0
44940,0
44941,0
44942,0
44943,0
44944,6
44945,-8
44946,0
44947,0
44948,-4
44949,2
44950,0
44951,0
44952,6
44953,0
44954,2
44955,6
44956,0
44957,0
44958,0
44959,6
44960,0
44961,0
44962,0
44963,0
44964,0
44965,-4
44966,0
44967,-4
44968,0
44969,-6
44970,0
44971,0
44972,-4
44973,-4
44974,0
44975,0
44976,0
44977,0
44978,-4
44979,-4
44980,0
44981,-4
44982,-10
44983,0
44984,0
44985,-10
44986,-6
44987,-4
44988,0
44989,-6
44990,0
44991,-4
44992,0
44993,-4
44994,-4
44995,2
44996,0
44997,-4
44998,-4
44999,-8
45000,-6
45001,-4
45002,-4
45003,2
45004,-4
45005,0
45006,2
45007,0
45008,4
45009,0
45010,0
45011,0
45012,0
45013,-4
45014,0
45015,4
45016,0
45017,-14
45018,0
45019,0
45020,2
45021,0
45022,0
45023,0
45024,0
45025,0
45026,4
45027,2
45028,0
45029,0
45030,2
45031,0
45032,10
45033,0
45034,0
45035,0
45036,6
45037,6
45038,0
45039,8
45040,0
45041,0
45042,-12
45043,4
45044,6
45045,0
45046,-4
45047,0
45048,-4
45049,0
45050,6
45051,2
45052,-4
45053,0
45054,-4
45055,6
45056,0
45057,6
45058,0
45059,0
45060,-4
45061,0
45062,2
45063,-4
45064,-4
45065,-8
45066,0
45067,-4
45068,0
45069,-14
45070,0
45071,0
45072,14
45073,0
45074,0
45075,0
45076,-4
45077,-4
45078,-4
45079,0
45080,-4
45081,-20
45082,-4
45083,0
45084,0
45085,-4
45086,0
45087,-6
45088,-4
45089,-4
45090,-4
45091,4
45092,-4
45093,-4
45094,-4
45095,10
45096,-4
45097,-4
45098,-4
45099,0
45100,0
45101,10
45102,-4
45103,0
45104,-4
45105,-4
45106,0
45107,22
45108,0
45109,0
45110,14
45111,2
45112,4
45113,-4
45114,2
45115,0
45116,10
45117,0
45118,-4
45119,0
45120,0
45121,-4
45122,0
45123,4
45124,0
45125,0
45126,10
45127,0
45128,-4
45129,-12
45130,6
45131,-10
45132,0
45133,2
45134,4
45135,0
45136,0
45137,8
45138,4
45139,4
45140,0
45141,0
45142,0
45143,0
45144,-8
45145,-4
45146,0
45147,2
45148,-6
45149,0
45150,0
45151,0
45152,-4
45153,-14
45154,2
45155,0
45156,0
45157,0
45158,2
45159,0
45160,10
45161,2
45162,0
45163,0
45164,0
45165,-14
45166,0
45167,-4
45168,-4
45169,6
45170,0
45171,0
45172,-6
45173,0
45174,-4
45175,0
45176,0
45177,-4
45178,0
45179,0
45180,0
45181,-16
45182,-4
45183,-4
45184,0
45185,0
45186,-4
45187,-4
45188,0
45189,-4
45190,-4
45191,-4
45192,-4
45193,-4
45194,0
45195,-4
45196,-4
45197,-4
45198,0
45199,-4
45200,-4
45201,-14
45202,0
45203,0
45204,-6
45205,-4
45206,0
45207,-4
45208,0
45209,-4
45210,6
45211,0
45212,0
45213,0
45214,0
45215,0
45216,0
45217,0
45218,0
45219,0
45220,0
45221,0
45222,2
45223,0
45224,0
45225,0
45226,4
45227,4
45228,0
45229,0
45230,-8
45231,0
45232,0
45233,0
45234,2
45235,0
45236,2
45237,4
45238,4
45239,6
45240,6
45241,22
45242,0
45243,6
45244,0
45245,0
45246,-4
45247,-4
45248,-4
45249,6
45250,0
45251,6
45252,-4
45253,-4
45254,0
45255,-4
45256,-12
45257,0
45258,-4
45259,-4
45260,-4
45261,0
45262,0
45263,-4
45264,0
45265,0
45266,-4
45267,-14
45268,-4
45269,0
45270,6
45271,8
45272,-4
45273,-4
45274,0
45275,0
45276,-4
45277,0
45278,0
45279,-4
45280,0
45281,0
45282,-8
45283,0
45284,0
45285,4
45286,-4
45287,-4
45288,-4
45289,-10
45290,-4
45291,-4
45292,0
45293,0
45294,-4
45295,-4
45296,4
45297,-4
45298,-4
45299,-8
45300,-4
45301,-4
45302,-4
45303,0
45304,-4
45305,0
45306,-12
45307,-4
45308,8
45309,0
45310,0
45311,0
45312,0
45313,-4
45314,-8
45315,0
45316,4
45317,0
45318,0
45319,2
45320,0
45321,0
45322,0
45323,0
45324,2
45325,0
45326,0
45327,0
45328,-4
45329,2
45330,0
45331,0
45332,2
45333,4
45334,0
45335,6
45336,2
45337,2
45338,0
45339,0
45340,0
45341,0
45342,10
45343,0
45344,4
45345,6
45346,0
45347,0
45348,-4
45349,-4
45350,2
45351,10
45352,-4
45353,0
45354,-4
45355,-8
45356,2
45357,0
45358,0
45359,0
45360,0
45361,0
45362,0
45363,0
45364,0
45365,0
45366,-4
45367,-4
45368,2
45369,0
45370,0
45371,0
45372,0
45373,-4
45374,-4
45375,0
45376,-4
45377,-4
45378,-4
45379,-4
45380,0
45381,-4
45382,0
45383,-6
45384,-12
45385,-4
45386,-4
45387,-4
45388,-4
45389,-4
45390,0
45391,-4
45392,0
45393,-4
45394,0
45395,0
45396,0
45397,-4
45398,0
45399,6
45400,-4
45401,0
45402,0
45403,2
45404,0
45405,0
45406,0
45407,-4
45408,0
45409,0
45410,0
45411,0
45412,0
45413,-4
45414,-4
45415,4
45416,0
45417,0
45418,0
45419,0
45420,0
45421,0
45422,0
45423,0
45424,0
45425,0
45426,4
45427,0
45428,0
45429,4
45430,0
45431,4
45432,6
45433,4
45434,4
45435,-14
45436,0
45437,0
45438,0
45439,8
45440,-14
45441,0
45442,0
45443,0
45444,0
45445,4
45446,2
45447,0
45448,0
45449,0
45450,0
45451,0
45452,0
45453,0
45454,0
45455,2
45456,0
45457,6
45458,0
45459,-4
45460,0
45461,0
45462,0
45463,0
45464,0
45465,0
45466,0
45467,0
45468,0
45469,-4
45470,0
45471,-4
45472,-4
45473,0
45474,-4
45475,-4
45476,0
45477,-12
45478,-4
45479,-4
45480,0
45481,0
45482,4
45483,0
45484,-4
45485,0
45486,-6
45487,-6
45488,-6
45489,0
45490,0
45491,8
45492,0
45493,-4
45494,0
45495,6
45496,-4
45497,0
45498,-8
45499,0
45500,-4
45501,0
45502,0
45503,0
45504,-4
45505,-4
45506,0
45507,-4
45508,0
45509,0
45510,0
45511,0
45512,0
45513,-6
45514,0
45515,0
45516,0
45517,-4
45518,0
45519,0
45520,0
45521,0
45522,-4
45523,2
45524,0
45525,0
45526,0
45527,0
45528,0
45529,0
45530,0
45531,0
45532,6
45533,0
45534,0
45535,0
45536,2
45537,2
45538,6
45539,0
45540,0
45541,0
45542,0
45543,-6
45544,4
45545,0
45546,10
45547,0
45548,6
45549,0
45550,0
45551,0
45552,-4
45553,10
45554,-4
45555,2
45556,0
45557,0
45558,0
45559,0
45560,-10
45561,0
45562,-4
45563,-10
45564,-4
45565,-4
45566,4
45567,0
45568,0
45569,2
45570,-4
45571,0
45572,0
45573,0
45574,0
45575,-4
45576,-4
45577,-4
45578,-4
45579,-4
45580,-4
45581,0
45582,6
45583,0
45584,0
45585,0
45586,0
45587,0
45588,14
45589,-4
45590,-4
45591,-8
45592,-4
45593,-4
45594,0
45595,-4
45596,0
45597,-4
45598,-4
45599,-4
45600,-4
45601,-8
45602,-4
45603,-4
45604,2
45605,0
45606,10
45607,-4
45608,-4
45609,0
45610,-4
45611,0
45612,-14
45613,0
45614,0
45615,0
45616,0
45617,0
45618,4
45619,0
45620,0
45621,0
45622,0
45623,0
45624,0
45625,0
45626,0
45627,2
45628,0
45629,0
45630,2
45631,0
45632,10
45633,0
45634,0
45635,0
45636,-4
45637,6
45638,14
45639,0
45640,0
45641,-4
45642,0
45643,-4
45644,0
45645,0
45646,14
45647,0
45648,0
45649,0
45650,0
45651,2
45652,4
45653,6
45654,0
45655,-4
45656,-4
45657,0
45658,0
45659,0
45660,-10
45661,0
45662,0
45663,0
45664,4
45665,0
45666,0
45667,0
45668,0
45669,0
45670,0
45671,-6
45672,0
45673,2
45674,0
45675,-4
45676,0
45677,-4
45678,-10
45679,-4
45680,-4
45681,0
45682,-4
45683,0
45684,-4
45685,0
45686,10
45687,-4
45688,-4
45689,-4
45690,0
45691,-4
45692,-4
45693,-4
45694,-4
45695,-4
45696,-4
45697,-6
45698,0
45699,0
45700,-4
45701,0
45702,-4
45703,0
45704,0
45705,0
45706,0
45707,0
45708,-4
45709,-4
45710,4
45711,-4
45712,-4
45713,0
45714,-4
45715,18
45716,2
45717,0
45718,0
45719,-4
45720,0
45721,-4
45722,0
45723,0
45724,4
45725,0
45726,0
45727,0
45728,0
45729,0
45730,0
45731,0
45732,6
45733,0
45734,0
45735,0
45736,-8
45737,0
45738,0
45739,4
45740,0
45741,0
45742,-4
45743,0
45744,6
45745,-4
45746,6
45747,-4
45748,-10
45749,0
45750,0
45751,6
45752,0
45753,0
45754,6
45755,0
45756,0
45757,0
45758,2
45759,-4
45760,0
45761,0
45762,-4
45763,0
45764,6
45765,-4
45766,0
45767,0
45768,-4
45769,0
45770,0
45771,0
45772,0
45773,0
45774,-4
45775,-4
45776,0
45777,-4
45778,-4
45779,0
45780,0
45781,0
45782,-4
45783,-4
45784,0
45785,-4
45786,0
45787,-6
45788,0
45789,-4
45790,-4
45791,-4
45792,0
45793,0
45794,0
45795,14
45796,-4
45797,0
45798,-4
45799,-16
45800,0
45801,-4
45802,4
45803,-4
45804,4
45805,4
45806,-4
45807,-4
45808,0
45809,-4
45810,0
45811,-4
45812,-4
45813,14
45814,-4
45815,2
45816,0
45817,-4
45818,-4
45819,-4
45820,-4
45821,-4
45822,0
45823,0
45824,2
45825,0
45826,0
45827,6
45828,0
45829,0
45830,0
45831,0
45832,-4
45833,0
45834,0
45835,0
45836,0
45837,-4
45838,0
45839,0
45840,0
45841,0
45842,-16
45843,0
45844,-8
45845,2
45846,0
45847,-8
45848,0
45849,0
45850,0
45851,0
45852,0
45853,0
45854,2
45855,-4
45856,0
45857,-4
45858,0
45859,-8
45860,0
45861,0
45862,0
45863,0
45864,-4
45865,0
45866,-4
45867,-8
45868,-4
45869,0
45870,0
45871,0
45872,2
45873,-4
45874,0
45875,-4
45876,0
45877,0
45878,0
45879,-4
45880,0
45881,-4
45882,0
45883,-4
45884,0
45885,0
45886,-4
45887,-4
45888,-4
45889,0
45890,0
45891,8
45892,0
45893,0
45894,0
45895,-16
45896,-4
45897,0
45898,6
45899,0
45900,-4
45901,-22
45902,-4
45903,0
45904,4
45905,0
45906,0
45907,6
45908,-4
45909,-4
45910,0
45911,2
45912,-4
45913,0
45914,0
45915,0
45916,0
45917,0
45918,0
45919,0
45920,-6
45921,0
45922,0
45923,0
45924,-4
45925,0
45926,0
45927,0
45928,6
45929,0
45930,-4
45931,10
45932,4
45933,-4
45934,-6
45935,2
45936,-4
45937,0
45938,4
45939,10
45940,-18
45941,4
45942,0
45943,0
45944,-6
45945,4
45946,0
45947,4
45948,10
45949,0
45950,0
45951,0
45952,0
45953,0
45954,0
45955,-4
45956,4
45957,0
45958,4
45959,-4
45960,2
45961,0
45962,-4
45963,6
45964,10
45965,0
45966,0
45967,-8
45968,2
45969,-4
45970,0
45971,0
45972,0
45973,-4
45974,0
45975,-4
45976,-4
45977,0
45978,-4
45979,0
45980,-8
45981,6
45982,-4
45983,6
45984,-4
45985,-4
45986,0
45987,-4
45988,-4
45989,-6
45990,-4
45991,0
45992,0
45993,-4
45994,-4
45995,-4
45996,-4
45997,-6
45998,-6
45999,-4
46000,-4
46001,-4
46002,0
46003,0
46004,-4
46005,0
46006,0
46007,4
46008,0
46009,0
46010,0
46011,0
46012,0
46013,0
46014,-4
46015,0
46016,0
46017,0
46018,0
46019,0
46020,0
46021,0
46022,0
46023,4
46024,-6
46025,0
46026,0
46027,0
46028,-8
46029,0
46030,4
46031,0
46032,0
46033,0
46034,-4
46035,0
46036,-4
46037,0
46038,0
46039,6
46040,0
46041,-14
46042,0
46043,0
46044,0
46045,-4
46046,4
46047,0
46048,0
46049,0
46050,6
46051,0
46052,8
46053,-4
46054,2
46055,0
46056,14
46057,2
46058,14
46059,-4
46060,0
46061,-4
46062,-8
46063,0
46064,2
46065,-4
46066,-4
46067,0
46068,0
46069,2
46070,0
46071,0
46072,0
46073,0
46074,-4
46075,-4
46076,-4
46077,0
46078,4
46079,0
46080,-34
46081,-28
46082,-4
46083,-6
46084,-4
46085,2
46086,-4
46087,0
46088,0
46089,-4
46090,-4
46091,-14
46092,0
46093,16
46094,-4
46095,0
46096,-8
46097,0
46098,0
46099,-4
46100,-16
46101,-6
46102,-4
46103,0
46104,-12
46105,0
46106,-4
46107,-4
46108,-4
46109,-4
46110,0
46111,0
46112,0
46113,0
46114,0
46115,-4
46116,-4
46117,-4
46118,0
46119,4
46120,0
46121,-4
46122,-4
46123,0
46124,0
46125,2
46126,0
46127,0
46128,4
46129,0
46130,0
46131,0
46132,6
46133,0
46134,4
46135,0
46136,14
46137,0
46138,0
46139,2
46140,0
46141,0
46142,0
46143,0
46144,6
46145,0
46146,-12
46147,0
46148,-4
46149,4
46150,-4
46151,6
46152,0
46153,0
46154,4
46155,6
46156,6
46157,0
46158,8
46159,0
46160,-4
46161,-6
46162,-4
46163,0
46164,0
46165,-4
46166,0
46167,0
46168,0
46169,0
46170,0
46171,0
46172,0
46173,-4
46174,-4
46175,-4
46176,-4
46177,-4
46178,-4
46179,0
46180,0
46181,0
46182,0
46183,-4
46184,0
46185,8
46186,-4
46187,-4
46188,-4
46189,-4
46190,-4
46191,0
46192,-4
46193,0
46194,-16
46195,0
46196,0
46197,-22
46198,-4
46199,-4
46200,0
46201,-4
46202,-4
46203,0
46204,6
46205,0
46206,0
46207,18
46208,0
46209,0
46210,-4
46211,0
46212,0
46213,4
46214,-14
46215,2
46216,0
46217,6
46218,0
46219,0
46220,0
46221,0
46222,0
46223,-4
46224,4
46225,0
46226,0
46227,2
46228,2
46229,0
46230,0
46231,4
46232,0
46233,0
46234,0
46235,4
46236,0
46237,2
46238,4
46239,6
46240,4
46241,0
46242,10
46243,2
46244,2
46245,2
46246,0
46247,4
46248,-4
46249,0
46250,4
46251,2
46252,4
46253,0
46254,0
46255,4
46256,0
46257,0
46258,0
46259,0
46260,4
46261,0
46262,0
46263,0
46264,-4
46265,-4
46266,6
46267,-4
46268,0
46269,0
46270,0
46271,0
46272,0
46273,-4
46274,0
46275,4
46276,0
46277,2
46278,0
46279,0
46280,-4
46281,0
46282,-8
46283,-4
46284,2
46285,-4
46286,-4
46287,-4
46288,-4
46289,0
46290,-4
46291,0
46292,16
46293,0
46294,-8
46295,-4
46296,-4
46297,0
46298,-4
46299,-4
46300,0
46301,0
46302,-6
46303,-18
46304,0
46305,0
46306,0
46307,0
46308,0
46309,0
46310,2
46311,-4
46312,0
46313,0
46314,0
46315,4
46316,0
46317,-4
46318,0
46319,0
46320,0
46321,-6
46322,0
46323,6
46324,0
46325,0
46326,0
46327,2
46328,0
46329,0
46330,0
46331,2
46332,6
46333,2
46334,2
46335,4
46336,-12
46337,8
46338,0
46339,0
46340,4
46341,0
46342,0
46343,0
46344,0
46345,0
46346,6
46347,10
46348,6
46349,0
46350,6
46351,0
46352,0
46353,4
46354,0
46355,0
46356,0
46357,6
46358,0
46359,-4
46360,-4
46361,0
46362,0
46363,0
46364,2
46365,8
46366,-4
46367,0
46368,0
46369,0
46370,4
46371,0
46372,-4
46373,-4
46374,0
46375,0
46376,0
46377,0
46378,0
46379,0
46380,0
46381,-4
46382,4
46383,0
46384,0
46385,0
46386,0
46387,-4
46388,0
46389,-4
46390,-4
46391,-4
46392,0
46393,6
46394,-4
46395,4
46396,0
46397,0
46398,-4
46399,8
46400,-4
46401,-4
46402,0
46403,-4
46404,0
46405,-4
46406,0
46407,0
46408,-8
46409,-4
46410,0
46411,-6
46412,-4
46413,0
46414,0
46415,0
46416,0
46417,0
46418,0
46419,0
46420,0
46421,0
46422,-4
46423,0
46424,0
46425,0
46426,0
46427,4
46428,4
46429,-4
46430,4
46431,0
46432,0
46433,0
46434,0
46435,0
46436,-4
46437,-4
46438,0
46439,-8
46440,-8
46441,0
46442,4
46443,10
46444,0
46445,-4
46446,-8
46447,0
46448,0
46449,0
46450,18
46451,0
46452,0
46453,0
46454,-4
46455,0
46456,0
46457,0
46458,0
46459,0
46460,-4
46461,0
46462,-10
46463,-4
46464,0
46465,0
46466,0
46467,0
46468,-4
46469,0
46470,0
46471,0
46472,0
46473,-4
46474,-4
46475,0
46476,-4
46477,0
46478,-4
46479,6
46480,-4
46481,-4
46482,-4
46483,0
46484,-4
46485,0
46486,0
46487,4
46488,0
46489,-8
46490,4
46491,-6
46492,0
46493,0
46494,-4
46495,-4
46496,6
46497,-4
46498,0
46499,0
46500,10
46501,-4
46502,0
46503,0
46504,6
46505,0
46506,0
46507,6
46508,0
46509,0
46510,0
46511,0
46512,0
46513,0
46514,0
46515,6
46516,0
46517,0
46518,0
46519,0
46520,0
46521,0
46522,0
46523,0
46524,0
46525,0
46526,0
46527,6
46528,0
46529,0
46530,0
46531,4
46532,0
46533,0
46534,-4
46535,0
46536,4
46537,0
46538,-4
46539,0
46540,0
46541,0
46542,6
46543,4
46544,4
46545,0
46546,0
46547,6
46548,10
46549,4
46550,0
46551,0
46552,-4
46553,2
46554,0
46555,-4
46556,6
46557,0
46558,0
46559,0
46560,6
46561,0
46562,0
46563,0
46564,-4
46565,-4
46566,0
46567,0
46568,0
46569,0
46570,0
46571,6
46572,0
46573,0
46574,0
46575,0
46576,0
46577,0
46578,-4
46579,4
46580,-4
46581,-4
46582,-4
46583,0
46584,-4
46585,-4
46586,-4
46587,-4
46588,0
46589,-4
46590,0
46591,0
46592,0
46593,-4
46594,0
46595,-4
46596,4
46597,-4
46598,-4
46599,-4
46600,-4
46601,0
46602,4
46603,0
46604,0
46605,0
46606,10
46607,-4
46608,0
46609,0
46610,-4
46611,0
46612,4
46613,-4
46614,0
46615,0
46616,0
46617,0
46618,-18
46619,0
46620,-4
46621,2
46622,0
46623,0
46624,2
46625,-4
46626,0
46627,-10
46628,2
46629,0
46630,0
46631,0
46632,0
46633,2
46634,4
46635,0
46636,0
46637,0
46638,10
46639,0
46640,0
46641,-4
46642,0
46643,2
46644,14
46645,0
46646,0
46647,6
46648,0
46649,-4
46650,-8
46651,10
46652,0
46653,2
46654,-4
46655,-4
46656,0
46657,-4
46658,0
46659,4
46660,2
46661,-4
46662,0
46663,0
46664,0
46665,-4
46666,0
46667,0
46668,0
46669,0
46670,0
46671,0
46672,0
46673,-4
46674,-4
46675,4
46676,0
46677,-4
46678,0
46679,-4
46680,6
46681,6
46682,-4
46683,0
46684,0
46685,-4
46686,-8
46687,-4
46688,-4
46689,0
46690,0
46691,2
46692,0
46693,-4
46694,-4
46695,-14
46696,0
46697,-4
46698,-18
46699,-4
46700,0
46701,0
46702,0
46703,0
46704,4
46705,0
46706,0
46707,-4
46708,-4
46709,6
46710,0
46711,0
46712,0
46713,0
46714,-4
46715,0
46716,2
46717,0
46718,0
46719,0
46720,-4
46721,-4
46722,4
46723,0
46724,-6
46725,-4
46726,0
46727,0
46728,4
46729,0
46730,2
46731,2
46732,2
46733,6
46734,6
46735,0
46736,-14
46737,4
46738,0
46739,2
46740,-4
46741,0
46742,0
46743,0
46744,0
46745,0
46746,0
46747,-10
46748,0
46749,0
46750,0
46751,-4
46752,-4
46753,0
46754,0
46755,-8
46756,0
46757,-4
46758,0
46759,0
46760,-10
46761,0
46762,2
46763,0
46764,0
46765,0
46766,-4
46767,0
46768,-4
46769,0
46770,4
46771,0
46772,-4
46773,-4
46774,0
46775,0
46776,0
46777,-4
46778,-4
46779,0
46780,-4
46781,-6
46782,-8
46783,0
46784,0
46785,0
46786,-4
46787,-4
46788,-4
46789,4
46790,-4
46791,0
46792,0
46793,0
46794,0
46795,-4
46796,0
46797,0
46798,-4
46799,-4
46800,-8
46801,-4
46802,0
46803,-4
46804,8
46805,4
46806,0
46807,-14
46808,-4
46809,-4
46810,0
46811,0
46812,0
46813,0
46814,0
46815,0
46816,0
46817,0
46818,0
46819,0
46820,0
46821,0
46822,2
46823,0
46824,0
46825,0
46826,0
46827,0
46828,0
46829,0
46830,0
46831,0
46832,0
46833,6
46834,0
46835,0
46836,8
46837,0
46838,0
46839,2
46840,0
46841,2
46842,4
46843,10
46844,0
46845,6
46846,0
46847,0
46848,0
46849,10
46850,6
46851,0
46852,10
46853,0
46854,0
46855,0
46856,-8
46857,2
46858,0
46859,0
46860,10
46861,0
46862,0
46863,0
46864,2
46865,0
46866,-8
46867,2
46868,-4
46869,-4
46870,-12
46871,0
46872,0
46873,-4
46874,0
46875,0
46876,-4
46877,-4
46878,-4
46879,0
46880,0
46881,0
46882,-4
46883,0
46884,-4
46885,0
46886,0
46887,-4
46888,-4
46889,-4
46890,0
46891,0
46892,-22
46893,-4
46894,-4
46895,-4
46896,-4
46897,-4
46898,0
46899,-4
46900,-4
46901,0
46902,0
46903,0
46904,0
46905,0
46906,0
46907,-4
46908,-8
46909,2
46910,0
46911,4
46912,0
46913,6
46914,-4
46915,0
46916,-4
46917,6
46918,-4
46919,0
46920,0
46921,0
46922,-4
46923,0
46924,0
46925,0
46926,0
46927,-4
46928,0
46929,2
46930,4
46931,0
46932,6
46933,2
46934,0
46935,0
46936,2
46937,0
46938,0
46939,4
46940,2
46941,0
46942,4
46943,0
46944,0
46945,0
46946,4
46947,0
46948,0
46949,-4
46950,-4
46951,4
46952,0
46953,2
46954,10
46955,0
46956,-4
46957,0
46958,-4
46959,-4
46960,0
46961,0
46962,6
46963,8
46964,0
46965,0
46966,-4
46967,0
46968,2
46969,0
46970,0
46971,0
46972,0
46973,-4
46974,-4
46975,0
46976,-4
46977,-4
46978,0
46979,-4
46980,-4
46981,0
46982,-4
46983,0
46984,0
46985,0
46986,-4
46987,-4
46988,2
46989,-4
46990,0
46991,0
46992,-4
46993,-4
46994,-4
46995,0
46996,0
46997,-4
46998,-4
46999,0
47000,0
47001,-4
47002,-4
47003,-8
47004,0
47005,-4
47006,0
47007,0
47008,10
47009,-4
47010,0
47011,0
47012,2
47013,-4
47014,0
47015,0
47016,-4
47017,0
47018,-4
47019,0
47020,0
47021,-4
47022,0
47023,0
47024,4
47025,6
47026,0
47027,6
47028,0
47029,0
47030,-4
47031,2
47032,0
47033,2
47034,2
47035,0
47036,0
47037,0
47038,2
47039,0
47040,0
47041,0
47042,4
47043,0
47044,10
47045,-4
47046,6
47047,20
47048,2
47049,0
47050,-8
47051,-4
47052,0
47053,4
47054,-14
47055,-4
47056,0
47057,-4
47058,0
47059,6
47060,0
47061,-4
47062,-4
47063,-4
47064,0
47065,0
47066,0
47067,-10
47068,4
47069,-8
47070,0
47071,6
47072,2
47073,0
47074,0
47075,-4
47076,0
47077,0
47078,0
47079,10
47080,0
47081,-4
47082,0
47083,0
47084,-14
47085,2
47086,0
47087,-8
47088,-4
47089,0
47090,0
47091,2
47092,-4
47093,-4
47094,-4
47095,0
47096,-4
47097,0
47098,0
47099,0
47100,0
47101,-4
47102,0
47103,0
47104,-4
47105,0
47106,-4
47107,-4
47108,0
47109,10
47110,0
47111,-4
47112,0
47113,0
47114,0
47115,4
47116,0
47117,0
47118,2
47119,-4
47120,0
47121,-4
47122,0
47123,0
47124,0
47125,6
47126,0
47127,0
47128,-4
47129,0
47130,0
47131,0
47132,0
47133,0
47134,-10
47135,-12
47136,-4
47137,2
47138,0
47139,2
47140,0
47141,-4
47142,0
47143,14
47144,0
47145,10
47146,0
47147,4
47148,0
47149,-4
47150,0
47151,4
47152,-12
47153,0
47154,-4
47155,-4
47156,-4
47157,0
47158,-4
47159,0
47160,2
47161,0
47162,0
47163,0
47164,0
47165,2
47166,0
47167,0
47168,0
47169,-4
47170,0
47171,0
47172,0
47173,0
47174,0
47175,-4
47176,0
47177,-4
47178,0
47179,0
47180,6
47181,-4
47182,-8
47183,0
47184,-4
47185,-4
47186,0
47187,0
47188,0
47189,-4
47190,-4
47191,-4
47192,-4
47193,-4
47194,-4
47195,0
47196,-4
47197,-4
47198,-4
47199,0
47200,-4
47201,4
47202,0
47203,0
47204,-8
47205,0
47206,0
47207,-6
47208,-4
47209,-4
47210,0
47211,-4
47212,0
47213,-4
47214,0
47215,-4
47216,0
47217,0
47218,-16
47219,0
47220,0
47221,-20
47222,0
47223,0
47224,0
47225,-28
47226,-4
47227,2
47228,0
47229,0
47230,10
47231,0
47232,0
47233,0
47234,0
47235,0
47236,0
47237,0
47238,6
47239,0
47240,0
47241,0
47242,0
47243,10
47244,0
47245,-4
47246,-4
47247,0
47248,4
47249,0
47250,-4
47251,0
47252,-14
47253,0
47254,-4
47255,4
47256,-4
47257,0
47258,-8
47259,0
47260,0
47261,-4
47262,0
47263,2
47264,-4
47265,-4
47266,-4
47267,0
47268,0
47269,0
47270,0
47271,0
47272,-4
47273,-4
47274,0
47275,-4
47276,-4
47277,0
47278,-4
47279,0
47280,-4
47281,-4
47282,-4
47283,-4
47284,0
47285,0
47286,-4
47287,0
47288,-4
47289,0
47290,-4
47291,-4
47292,0
47293,-8
47294,-4
47295,2
47296,-4
47297,0
47298,0
47299,4
47300,0
47301,0
47302,-6
47303,0
47304,0
47305,0
47306,-4
47307,2
47308,0
47309,-4
47310,0
47311,0
47312,0
47313,-4
47314,0
47315,0
47316,0
47317,-4
47318,-4
47319,0
47320,0
47321,0
47322,0
47323,0
47324,0
47325,0
47326,0
47327,4
47328,0
47329,0
47330,2
47331,0
47332,0
47333,0
47334,-10
47335,-8
47336,2
47337,2
47338,6
47339,2
47340,-12
47341,-10
47342,0
47343,0
47344,0
47345,0
47346,-4
47347,-4
47348,-4
47349,6
47350,0
47351,10
47352,0
47353,0
47354,2
47355,-4
47356,0
47357,6
47358,18
47359,0
47360,2
47361,-4
47362,0
47363,0
47364,-8
47365,0
47366,0
47367,0
47368,-4
47369,0
47370,0
47371,0
47372,0
47373,0
47374,0
47375,-4
47376,0
47377,0
47378,0
47379,0
47380,0
47381,0
47382,-4
47383,0
47384,-4
47385,0
47386,-4
47387,0
47388,-6
47389,-4
47390,-4
47391,-4
47392,-4
47393,-4
47394,-4
47395,-4
47396,0
47397,0
47398,0
47399,0
47400,-4
47401,-4
47402,-4
47403,-4
47404,-4
47405,6
47406,-4
47407,0
47408,-4
47409,0
47410,0
47411,0
47412,-4
47413,-4
47414,0
47415,0
47416,0
47417,0
47418,2
47419,0
47420,-4
47421,-4
47422,0
47423,0
47424,0
47425,0
47426,0
47427,0
47428,0
47429,0
47430,0
47431,0
47432,0
47433,0
47434,6
47435,0
47436,0
47437,2
47438,4
47439,-4
47440,6
47441,0
47442,10
47443,0
47444,0
47445,2
47446,2
47447,0
47448,-10
47449,2
47450,6
47451,-4
47452,2
47453,8
47454,-4
47455,0
47456,4
47457,8
47458,0
47459,4
47460,0
47461,0
47462,-4
47463,0
47464,14
47465,0
47466,6
47467,-4
47468,0
47469,0
47470,-4
47471,0
47472,0
47473,0
47474,-4
47475,-4
47476,-4
47477,-4
47478,-4
47479,-4
47480,0
47481,0
47482,0
47483,0
47484,-4
47485,-4
47486,-4
47487,-4
47488,-4
47489,0
47490,-4
47491,-4
47492,-4
47493,-4
47494,-4
47495,0
47496,-4
47497,0
47498,-4
47499,-4
47500,6
47501,4
47502,0
47503,-4
47504,6
47505,0
47506,0
47507,-4
47508,0
47509,0
47510,0
47511,4
47512,0
47513,0
47514,4
47515,0
47516,0
47517,0
47518,0
47519,0
47520,-4
47521,4
47522,0
47523,0
47524,6
47525,0
47526,0
47527,0
47528,2
47529,0
47530,0
47531,4
47532,0
47533,6
47534,4
47535,0
47536,0
47537,-8
47538,6
47539,2
47540,0
47541,0
47542,0
47543,4
47544,6
47545,2
47546,0
47547,6
47548,2
47549,2
47550,0
47551,0
47552,2
47553,0
47554,0
47555,0
47556,6
47557,6
47558,-4
47559,4
47560,0
47561,0
47562,0
47563,0
47564,0
47565,0
47566,0
47567,-4
47568,0
47569,0
47570,-4
47571,0
47572,0
47573,0
47574,-4
47575,4
47576,-4
47577,0
47578,0
47579,0
47580,0
47581,-32
47582,-4
47583,-4
47584,-4
47585,0
47586,0
47587,-4
47588,-4
47589,0
47590,-4
47591,0
47592,-4
47593,0
47594,0
47595,0
47596,-6
47597,14
47598,0
47599,-4
47600,2
47601,-4
47602,-4
47603,4
47604,-4
47605,-4
47606,-4
47607,-4
47608,0
47609,0
47610,6
47611,0
47612,2
47613,0
47614,0
47615,0
47616,0
47617,-4
47618,0
47619,0
47620,0
47621,-4
47622,-4
47623,0
47624,4
47625,-4
47626,0
47627,0
47628,0
47629,0
47630,-4
47631,0
47632,0
47633,0
47634,0
47635,0
47636,0
47637,0
47638,4
47639,2
47640,0
47641,0
47642,0
47643,8
47644,2
47645,2
47646,-4
47647,0
47648,0
47649,0
47650,2
47651,4
47652,2
47653,0
47654,-4
47655,0
47656,0
47657,6
47658,0
47659,0
47660,0
47661,0
47662,-8
47663,6
47664,-14
47665,0
47666,-4
47667,0
47668,0
47669,0
47670,0
47671,-4
47672,10
47673,0
47674,0
47675,-4
47676,-4
47677,-4
47678,-4
47679,-4
47680,-4
47681,-4
47682,0
47683,0
47684,-4
47685,-4
47686,0
47687,-4
47688,-4
47689,0
47690,0
47691,-4
47692,-4
47693,0
47694,-4
47695,0
47696,0
47697,-4
47698,0
47699,-4
47700,0
47701,-6
47702,0
47703,0
47704,0
47705,0
47706,2
47707,2
47708,0
47709,0
47710,0
47711,0
47712,-6
47713,0
47714,0
47715,-4
47716,6
47717,-4
47718,0
47719,0
47720,0
47721,0
47722,0
47723,0
47724,2
47725,0
47726,0
47727,0
47728,0
47729,0
47730,0
47731,4
47732,6
47733,0
47734,0
47735,0
47736,0
47737,4
47738,0
47739,0
47740,2
47741,0
47742,0
47743,0
47744,0
47745,0
47746,0
47747,10
47748,-4
47749,0
47750,8
47751,0
47752,2
47753,2
47754,8
47755,0
47756,0
47757,-12
47758,0
47759,-4
47760,0
47761,-4
47762,-8
47763,8
47764,0
47765,0
47766,4
47767,0
47768,-4
47769,0
47770,0
47771,0
47772,8
47773,-4
47774,0
47775,-4
47776,0
47777,4
47778,0
47779,-4
47780,0
47781,0
47782,0
47783,-4
47784,0
47785,0
47786,0
47787,0
47788,0
47789,0
47790,0
47791,10
47792,0
47793,-4
47794,-4
47795,0
47796,0
47797,0
47798,0
47799,-4
47800,0
47801,0
47802,0
47803,2
47804,0
47805,0
47806,-14
47807,-4
47808,-4
47809,0
47810,-4
47811,0
47812,0
47813,-4
47814,0
47815,6
47816,0
47817,2
47818,0
47819,0
47820,2
47821,-4
47822,0
47823,0
47824,2
47825,0
47826,0
47827,0
47828,2
47829,0
47830,0
47831,0
47832,6
47833,0
47834,0
47835,0
47836,4
47837,2
47838,0
47839,0
47840,2
47841,0
47842,-8
47843,4
47844,-14
47845,6
47846,-4
47847,0
47848,2
47849,0
47850,10
47851,-4
47852,0
47853,8
47854,-4
47855,0
47856,2
47857,4
47858,2
47859,4
47860,0
47861,0
47862,4
47863,0
47864,4
47865,0
47866,8
47867,0
47868,-4
47869,0
47870,0
47871,0
47872,0
47873,4
47874,0
47875,0
47876,0
47877,0
47878,0
47879,2
47880,0
47881,-4
47882,-4
47883,0
47884,-4
47885,0
47886,0
47887,-4
47888,-4
47889,4
47890,0
47891,-4
47892,10
47893,-4
47894,-4
47895,0
47896,4
47897,0
47898,0
47899,0
47900,0
47901,0
47902,2
47903,0
47904,0
47905,0
47906,2
47907,6
47908,0
47909,0
47910,0
47911,4
47912,0
47913,0
47914,-4
47915,0
47916,0
47917,0
47918,0
47919,0
47920,0
47921,2
47922,0
47923,0
47924,0
47925,0
47926,6
47927,2
47928,0
47929,-4
47930,2
47931,2
47932,-8
47933,0
47934,10
47935,6
47936,6
47937,2
47938,4
47939,8
47940,0
47941,0
47942,0
47943,0
47944,2
47945,0
47946,2
47947,0
47948,0
47949,14
47950,4
47951,2
47952,10
47953,0
47954,4
47955,6
47956,-22
47957,0
47958,-4
47959,0
47960,-6
47961,0
47962,0
47963,0
47964,6
47965,0
47966,0
47967,6
47968,0
47969,4
47970,-4
47971,0
47972,0
47973,0
47974,0
47975,0
47976,0
47977,0
47978,-4
47979,4
47980,0
47981,0
47982,-4
47983,-4
47984,4
47985,-6
47986,0
47987,0
47988,-4
47989,0
47990,-4
47991,-4
47992,0
47993,6
47994,-4
47995,0
47996,-4
47997,-4
47998,0
47999,0
48000,-8
48001,-4
48002,0
48003,0
48004,6
48005,4
48006,4
48007,0
48008,0
48009,0
48010,0
48011,-4
48012,-4
48013,-4
48014,-8
48015,2
48016,0
48017,2
48018,0
48019,0
48020,0
48021,-8
48022,-4
48023,-10
48024,4
48025,-4
48026,0
48027,-4
48028,0
48029,0
48030,0
48031,0
48032,-4
48033,0
48034,-4
48035,0
48036,-8
48037,0
48038,0
48039,0
48040,2
48041,0
48042,0
48043,-4
48044,0
48045,6
48046,0
48047,0
48048,14
48049,0
48050,4
48051,0
48052,0
48053,0
48054,0
48055,-4
48056,-4
48057,-4
48058,0
48059,0
48060,8
48061,-4
48062,0
48063,-4
48064,0
48065,6
48066,0
48067,2
48068,0
48069,0
48070,10
48071,-4
48072,0
48073,0
48074,0
48075,-4
48076,0
48077,2
48078,-4
48079,18
48080,2
48081,2
48082,0
48083,0
48084,0
48085,-4
48086,-4
48087,-4
48088,0
48089,-4
48090,0
48091,-4
48092,0
48093,-10
48094,-4
48095,-12
48096,0
48097,0
48098,6
48099,0
48100,0
48101,4
48102,0
48103,0
48104,0
48105,-4
48106,0
48107,0
48108,4
48109,-4
48110,0
48111,0
48112,0
48113,0
48114,-4
48115,-12
48116,0
48117,0
48118,10
48119,0
48120,0
48121,-4
48122,-4
48123,0
48124,0
48125,0
48126,10
48127,0
48128,0
48129,4
48130,-4
48131,0
48132,0
48133,-4
48134,4
48135,-4
48136,0
48137,-4
48138,10
48139,2
48140,-4
48141,8
48142,0
48143,0
48144,0
48145,0
48146,0
48147,0
48148,6
48149,4
48150,0
48151,0
48152,0
48153,-6
48154,0
48155,-4
48156,4
48157,-4
48158,0
48159,0
48160,0
48161,4
48162,0
48163,0
48164,-4
48165,8
48166,0
48167,0
48168,0
48169,0
48170,-8
48171,-4
48172,0
48173,2
48174,-4
48175,0
48176,0
48177,0
48178,-4
48179,0
48180,0
48181,-4
48182,0
48183,0
48184,4
48185,0
48186,-4
48187,0
48188,-4
48189,0
48190,-4
48191,-4
48192,0
48193,-6
48194,0
48195,0
48196,-4
48197,0
48198,-6
48199,-4
48200,-4
48201,-8
48202,-4
48203,-4
48204,-4
48205,-6
48206,-4
48207,-4
48208,0
48209,-4
48210,-16
48211,0
48212,0
48213,0
48214,-4
48215,-4
48216,0
48217,10
48218,0
48219,0
48220,0
48221,0
48222,0
48223,-4
48224,0
48225,0
48226,0
48227,0
48228,0
48229,0
48230,-4
48231,6
48232,0
48233,0
48234,0
48235,-4
48236,0
48237,0
48238,8
48239,2
48240,2
48241,-14
48242,0
48243,0
48244,-14
48245,0
48246,0
48247,0
48248,0
48249,0
48250,10
48251,6
48252,0
48253,0
48254,-4
48255,-4
48256,0
48257,10
48258,-4
48259,0
48260,-4
48261,-8
48262,0
48263,0
48264,0
48265,6
48266,0
48267,-4
48268,-4
48269,0
48270,8
48271,0
48272,0
48273,0
48274,-4
48275,-4
48276,-4
48277,0
48278,0
48279,-4
48280,-4
48281,-4
48282,0
48283,-4
48284,0
48285,-4
48286,0
48287,-4
48288,-4
48289,-4
48290,-4
48291,-4
48292,0
48293,-12
48294,-4
48295,-4
48296,0
48297,-4
48298,0
48299,-4
48300,-4
48301,0
48302,0
48303,0
48304,-4
48305,0
48306,0
48307,-14
48308,0
48309,-4
48310,-4
48311,0
48312,18
48313,-4
48314,-14
48315,0
48316,0
48317,0
48318,0
48319,0
48320,2
48321,0
48322,0
48323,0
48324,4
48325,0
48326,0
48327,0
48328,0
48329,2
48330,0
48331,0
48332,0
48333,2
48334,0
48335,-4
48336,0
48337,0
48338,0
48339,0
48340,2
48341,0
48342,0
48343,0
48344,0
48345,0
48346,-4
48347,0
48348,0
48349,0
48350,6
48351,18
48352,0
48353,0
48354,0
48355,4
48356,0
48357,0
48358,-4
48359,-4
48360,0
48361,0
48362,0
48363,-6
48364,-4
48365,0
48366,-4
48367,0
48368,0
48369,0
48370,0
48371,-4
48372,2
48373,-4
48374,-4
48375,4
48376,-4
48377,0
48378,0
48379,0
48380,-6
48381,-4
48382,-4
48383,-4
48384,-8
48385,0
48386,2
48387,-4
48388,-4
48389,0
48390,-4
48391,0
48392,0
48393,-4
48394,0
48395,0
48396,0
48397,-24
48398,0
48399,-4
48400,-18
48401,-4
48402,-4
48403,6
48404,-4
48405,0
48406,2
48407,-4
48408,2
48409,-12
48410,0
48411,0
48412,6
48413,-4
48414,0
48415,-4
48416,0
48417,0
48418,0
48419,0
48420,-4
48421,0
48422,-4
48423,0
48424,-4
48425,0
48426,0
48427,-4
48428,2
48429,-4
48430,0
48431,0
48432,0
48433,0
48434,2
48435,2
48436,0
48437,-4
48438,0
48439,2
48440,0
48441,0
48442,0
48443,8
48444,4
48445,10
48446,2
48447,-4
48448,-12
48449,0
48450,0
48451,6
48452,0
48453,0
48454,6
48455,2
48456,-4
48457,-4
48458,0
48459,0
48460,8
48461,0
48462,0
48463,0
48464,0
48465,0
48466,8
48467,0
48468,-4
48469,0
48470,-4
48471,-4
48472,0
48473,-4
48474,4
48475,-4
48476,0
48477,-4
48478,0
48479,0
48480,-4
48481,-4
48482,-4
48483,-4
48484,-4
48485,0
48486,-4
48487,0
48488,-4
48489,-4
48490,0
48491,0
48492,6
48493,-4
48494,-4
48495,-4
48496,-4
48497,-4
48498,-4
48499,-14
48500,0
48501,0
48502,-4
48503,0
48504,-4
48505,4
48506,0
48507,-4
48508,-4
48509,0
48510,6
48511,0
48512,0
48513,-4
48514,-4
48515,0
48516,-4
48517,0
48518,0
48519,0
48520,0
48521,-4
48522,-4
48523,0
48524,0
48525,-4
48526,0
48527,0
48528,0
48529,0
48530,0
48531,0
48532,-8
48533,0
48534,-4
48535,0
48536,0
48537,8
48538,0
48539,0
48540,0
48541,4
48542,4
48543,0
48544,-10
48545,0
48546,2
48547,-4
48548,0
48549,0
48550,0
48551,0
48552,0
48553,0
48554,0
48555,0
48556,0
48557,4
48558,0
48559,0
48560,0
48561,-4
48562,-4
48563,-4
48564,0
48565,6
48566,-4
48567,0
48568,0
48569,0
48570,0
48571,0
48572,0
48573,0
48574,-4
48575,-8
48576,0
48577,-4
48578,0
48579,0
48580,-4
48581,0
48582,-4
48583,-4
48584,-4
48585,0
48586,-4
48587,0
48588,-4
48589,0
48590,-4
48591,0
48592,-4
48593,0
48594,-4
48595,0
48596,-4
48597,-4
48598,-4
48599,-4
48600,22
48601,0
48602,0
48603,-14
48604,0
48605,0
48606,0
48607,0
48608,-4
48609,0
48610,0
48611,0
48612,4
48613,0
48614,-14
48615,0
48616,0
48617,-4
48618,0
48619,0
48620,0
48621,0
48622,-4
48623,0
48624,0
48625,0
48626,2
48627,4
48628,0
48629,0
48630,0
48631,0
48632,0
48633,0
48634,8
48635,0
48636,0
48637,6
48638,0
48639,0
48640,4
48641,-4
48642,6
48643,0
48644,8
48645,2
48646,0
48647,-4
48648,0
48649,0
48650,0
48651,-4
48652,2
48653,0
48654,0
48655,0
48656,0
48657,-4
48658,0
48659,0
48660,-4
48661,0
48662,-4
48663,6
48664,8
48665,0
48666,0
48667,0
48668,-8
48669,10
48670,10
48671,0
48672,0
48673,0
48674,-4
48675,0
48676,0
48677,0
48678,0
48679,-4
48680,-4
48681,0
48682,-4
48683,0
48684,0
48685,-4
48686,-4
48687,-4
48688,-4
48689,0
48690,-4
48691,0
48692,-4
48693,-4
48694,-14
48695,0
48696,-6
48697,-4
48698,0
48699,-4
48700,0
48701,-4
48702,6
48703,-4
48704,0
48705,-8
48706,0
48707,0
48708,0
48709,0
48710,6
48711,0
48712,0
48713,-4
48714,-4
48715,0
48716,14
48717,0
48718,0
48719,-4
48720,0
48721,0
48722,0
48723,0
48724,0
48725,2
48726,0
48727,0
48728,2
48729,0
48730,0
48731,0
48732,4
48733,0
48734,8
48735,-4
48736,0
48737,6
48738,2
48739,2
48740,0
48741,-8
48742,-8
48743,0
48744,0
48745,4
48746,10
48747,0
48748,0
48749,-10
48750,0
48751,0
48752,6
48753,4
48754,0
48755,0
48756,0
48757,0
48758,2
48759,0
48760,0
48761,0
48762,0
48763,0
48764,0
48765,0
48766,0
48767,0
48768,-4
48769,-4
48770,0
48771,0
48772,-4
48773,-4
48774,0
48775,0
48776,0
48777,-4
48778,-4
48779,-4
48780,-4
48781,-4
48782,-4
48783,-4
48784,0
48785,0
48786,0
48787,14
48788,-4
48789,-4
48790,0
48791,0
48792,4
48793,-4
48794,0
48795,0
48796,-4
48797,0
48798,-4
48799,-4
48800,-4
48801,-4
48802,0
48803,-4
48804,6
48805,0
48806,0
48807,-4
48808,0
48809,0
48810,0
48811,-4
48812,0
48813,0
48814,0
48815,0
48816,0
48817,0
48818,0
48819,0
48820,0
48821,2
48822,-4
48823,0
48824,-4
48825,0
48826,0
48827,-4
48828,0
48829,0
48830,4
48831,0
48832,2
48833,0
48834,0
48835,0
48836,0
48837,0
48838,-4
48839,0
48840,10
48841,4
48842,2
48843,0
48844,0
48845,-12
48846,0
48847,0
48848,10
48849,0
48850,0
48851,-10
48852,0
48853,0
48854,-4
48855,-4
48856,0
48857,0
48858,-16
48859,0
48860,-4
48861,0
48862,0
48863,0
48864,0
48865,0
48866,-4
48867,0
48868,-4
48869,0
48870,0
48871,-4
48872,-4
48873,0
48874,-4
48875,-4
48876,0
48877,0
48878,-4
48879,0
48880,0
48881,-4
48882,6
48883,0
48884,-4
48885,-4
48886,0
48887,-4
48888,0
48889,-4
48890,0
48891,-4
48892,0
48893,0
48894,0
48895,10
48896,0
48897,-4
48898,0
48899,0
48900,-4
48901,-4
48902,0
48903,0
48904,0
48905,0
48906,-4
48907,6
48908,0
48909,0
48910,0
48911,0
48912,0
48913,-4
48914,0
48915,-6
48916,0
48917,-14
48918,0
48919,0
48920,0
48921,0
48922,-4
48923,-4
48924,10
48925,2
48926,0
48927,0
48928,0
48929,0
48930,0
48931,0
48932,0
48933,4
48934,0
48935,0
48936,0
48937,0
48938,6
48939,0
48940,0
48941,0
48942,0
48943,0
48944,0
48945,0
48946,4
48947,-10
48948,0
48949,0
48950,-4
48951,0
48952,-4
48953,4
48954,0
48955,0
48956,0
48957,0
48958,0
48959,6
48960,-4
48961,4
48962,0
48963,0
48964,0
48965,-4
48966,0
48967,0
48968,0
48969,0
48970,0
48971,0
48972,0
48973,0
48974,-4
48975,0
48976,0
48977,-4
48978,0
48979,-4
48980,0
48981,6
48982,-4
48983,-4
48984,0
48985,0
48986,-4
48987,-4
48988,-4
48989,-4
48990,-4
48991,0
48992,0
48993,-4
48994,0
48995,0
48996,0
48997,-4
48998,-4
48999,-4
49000,-4
49001,-4
49002,6
49003,0
49004,0
49005,0
49006,14
49007,0
49008,0
49009,-4
49010,0
49011,0
49012,0
49013,0
49014,0
49015,0
49016,0
49017,0
49018,0
49019,-8
49020,0
49021,0
49022,-14
49023,6
49024,0
49025,0
49026,10
49027,4
49028,-4
49029,0
49030,0
49031,-8
49032,0
49033,-8
49034,0
49035,0
49036,0
49037,0
49038,0
49039,16
49040,0
49041,0
49042,0
49043,0
49044,-8
49045,0
49046,0
49047,0
49048,-4
49049,6
49050,-16
49051,0
49052,-4
49053,6
49054,6
49055,0
49056,4
49057,0
49058,0
49059,-8
49060,0
49061,0
49062,0
49063,0
49064,0
49065,4
49066,0
49067,-4
49068,0
49069,0
49070,0
49071,-4
49072,0
49073,0
49074,0
49075,0
49076,0
49077,0
49078,0
49079,0
49080,-4
49081,-4
49082,0
49083,-14
49084,-4
49085,0
49086,-4
49087,-4
49088,-4
49089,6
49090,-4
49091,0
49092,-4
49093,0
49094,4
49095,-4
49096,10
49097,0
49098,-4
49099,8
49100,0
49101,-4
49102,6
49103,-4
49104,-4
49105,0
49106,0
49107,0
49108,-4
49109,0
49110,-8
49111,-4
49112,0
49113,0
49114,-4
49115,0
49116,0
49117,0
49118,0
49119,4
49120,0
49121,0
49122,2
49123,-16
49124,2
49125,0
49126,-4
49127,0
49128,0
49129,0
49130,0
49131,0
49132,0
49133,0
49134,4
49135,0
49136,6
49137,0
49138,0
49139,0
49140,2
49141,-6
49142,2
49143,0
49144,0
49145,0
49146,0
49147,0
49148,-4
49149,0
49150,0
49151,0
49152,4
49153,0
49154,0
49155,-4
49156,2
49157,-4
49158,0
49159,0
49160,0
49161,0
49162,0
49163,2
49164,0
49165,-4
49166,0
49167,-6
49168,0
49169,0
49170,-4
49171,4
49172,0
49173,0
49174,0
49175,0
49176,0
49177,0
49178,-4
49179,0
49180,-4
49181,-4
49182,-4
49183,0
49184,-4
49185,4
49186,0
49187,0
49188,0
49189,-4
49190,0
49191,2
49192,0
49193,0
49194,0
49195,-4
49196,-4
49197,-4
49198,6
49199,0
49200,0
49201,-14
49202,-4
49203,4
49204,-14
49205,0
49206,0
49207,-4
49208,0
49209,0
49210,-4
49211,-6
49212,-4
49213,0
49214,0
49215,0
49216,0
49217,0
49218,0
49219,0
49220,2
49221,0
49222,0
49223,0
49224,0
49225,2
49226,0
49227,0
49228,0
49229,0
49230,0
49231,0
49232,0
49233,0
49234,6
49235,-8
49236,6
49237,8
49238,0
49239,2
49240,6
49241,0
49242,0
49243,0
49244,0
49245,0
49246,0
49247,0
49248,-14
49249,0
49250,6
49251,0
49252,2
49253,0
49254,0
49255,14
49256,-4
49257,0
49258,-8
49259,0
49260,6
49261,0
49262,0
49263,0
49264,6
49265,0
49266,0
49267,-4
49268,0
49269,0
49270,-4
49271,-8
49272,0
49273,0
49274,0
49275,0
49276,0
49277,-4
49278,-4
49279,0
49280,0
49281,0
49282,-4
49283,0
49284,0
49285,0
49286,-8
49287,-4
49288,0
49289,-4
49290,-4
49291,0
49292,-4
49293,0
49294,0
49295,-14
49296,-4
49297,-4
49298,0
49299,-4
49300,-8
49301,-4
49302,-4
49303,0
49304,-4
49305,-4
49306,-4
49307,0
49308,0
49309,0
49310,-4
49311,-4
49312,0
49313,0
49314,-4
49315,-8
49316,0
49317,-4
49318,-4
49319,0
49320,0
49321,-4
49322,-4
49323,0
49324,0
49325,0
49326,0
49327,0
49328,0
49329,0
49330,0
49331,0
49332,2
49333,0
49334,-4
49335,0
49336,0
49337,0
49338,2
49339,0
49340,-8
49341,0
49342,0
49343,10
49344,0
49345,2
49346,0
49347,-4
49348,0
49349,0
49350,2
49351,10
49352,2
49353,-4
49354,0
49355,0
49356,2
49357,2
49358,0
49359,0
49360,-4
49361,0
49362,0
49363,0
49364,0
49365,-4
49366,0
49367,-4
49368,0
49369,4
49370,0
49371,-4
49372,-4
49373,0
49374,0
49375,0
49376,-4
49377,0
49378,-4
49379,-4
49380,0
49381,-4
49382,0
49383,0
49384,0
49385,0
49386,-4
49387,0
49388,0
49389,0
49390,14
49391,-4
49392,0
49393,14
49394,0
49395,-4
49396,0
49397,-4
49398,0
49399,-4
49400,0
49401,-16
49402,-4
49403,-4
49404,0
49405,-4
49406,-4
49407,-4
49408,-4
49409,-4
49410,0
49411,0
49412,0
49413,0
49414,0
49415,0
49416,0
49417,0
49418,2
49419,2
49420,-4
49421,0
49422,0
49423,0
49424,0
49425,0
49426,0
49427,0
49428,6
49429,2
49430,0
49431,2
49432,0
49433,0
49434,0
49435,0
49436,0
49437,4
49438,0
49439,4
49440,0
49441,0
49442,0
49443,0
49444,0
49445,0
49446,4
49447,0
49448,0
49449,0
49450,0
49451,0
49452,0
49453,-4
49454,0
49455,-4
49456,0
49457,-10
49458,0
49459,0
49460,0
49461,0
49462,0
49463,-4
49464,0
49465,0
49466,0
49467,0
49468,-4
49469,-4
49470,-4
49471,-4
49472,0
49473,0
49474,0
49475,0
49476,-4
49477,-4
49478,-4
49479,-4
49480,0
49481,-4
49482,-4
49483,8
49484,0
49485,0
49486,-4
49487,0
49488,0
49489,-4
49490,-4
49491,16
49492,0
49493,0
49494,-4
49495,8
49496,-4
49497,0
49498,-4
49499,0
49500,-4
49501,0
49502,-4
49503,0
49504,0
49505,0
49506,-4
49507,-14
49508,0
49509,-4
49510,0
49511,0
49512,-4
49513,0
49514,0
49515,0
49516,0
49517,0
49518,0
49519,0
49520,0
49521,0
49522,-6
49523,0
49524,0
49525,0
49526,0
49527,14
49528,0
49529,0
49530,0
49531,4
49532,-4
49533,0
49534,0
49535,-4
49536,0
49537,2
49538,4
49539,4
49540,0
49541,0
49542,4
49543,0
49544,0
49545,0
49546,-12
49547,0
49548,0
49549,0
49550,10
49551,0
49552,2
49553,0
49554,2
49555,0
49556,-4
49557,0
49558,-4
49559,-4
49560,0
49561,0
49562,-6
49563,-4
49564,0
49565,0
49566,0
49567,0
49568,0
49569,0
49570,-4
49571,2
49572,0
49573,0
49574,-6
49575,0
49576,-4
49577,0
49578,0
49579,0
49580,-4
49581,0
49582,-4
49583,0
49584,0
49585,0
49586,-4
49587,0
49588,-4
49589,0
49590,0
49591,-4
49592,0
49593,0
49594,0
49595,-4
49596,-4
49597,-4
49598,0
49599,0
49600,-4
49601,0
49602,0
49603,-4
49604,-4
49605,0
49606,0
49607,0
49608,-14
49609,-4
49610,6
49611,0
49612,0
49613,0
49614,0
49615,2
49616,0
49617,0
49618,0
49619,0
49620,0
49621,0
49622,0
49623,-4
49624,0
49625,-12
49626,-10
49627,0
49628,0
49629,0
49630,0
49631,0
49632,0
49633,0
49634,0
49635,0
49636,0
49637,0
49638,0
49639,-8
49640,0
49641,0
49642,0
49643,0
49644,4
49645,4
49646,0
49647,2
49648,-10
49649,-4
49650,0
49651,-10
49652,0
49653,0
49654,6
49655,0
49656,0
49657,-4
49658,-8
49659,0
49660,-8
49661,0
49662,0
49663,0
49664,-4
49665,0
49666,0
49667,0
49668,0
49669,0
49670,0
49671,0
49672,0
49673,0
49674,0
49675,-4
49676,-4
49677,0
49678,-4
49679,-4
49680,0
49681,0
49682,0
49683,-4
49684,0
49685,-4
49686,-4
49687,0
49688,0
49689,2
49690,0
49691,0
49692,-14
49693,-4
49694,-4
49695,2
49696,0
49697,0
49698,-4
49699,-4
49700,0
49701,0
49702,0
49703,-6
49704,-4
49705,0
49706,0
49707,-4
49708,0
49709,-4
49710,0
49711,-14
49712,0
49713,0
49714,-4
49715,0
49716,0
49717,4
49718,0
49719,-4
49720,0
49721,-4
49722,0
49723,0
49724,-4
49725,0
49726,0
49727,2
49728,2
49729,4
49730,-4
49731,0
49732,-4
49733,4
49734,0
49735,0
49736,2
49737,0
49738,0
49739,6
49740,6
49741,0
49742,2
49743,6
49744,0
49745,6
49746,0
49747,10
49748,0
49749,0
49750,0
49751,0
49752,0
49753,-4
49754,6
49755,0
49756,0
49757,-4
49758,2
49759,0
49760,-4
49761,0
49762,0
49763,-4
49764,0
49765,0
49766,0
49767,0
49768,0
49769,0
49770,0
49771,-4
49772,0
49773,0
49774,0
49775,-4
49776,-4
49777,-4
49778,0
49779,0
49780,-4
49781,0
49782,0
49783,-4
49784,0
49785,0
49786,-4
49787,-4
49788,0
49789,0
49790,-4
49791,0
49792,0
49793,6
49794,-4
49795,-4
49796,0
49797,0
49798,0
49799,0
49800,0
49801,0
49802,0
49803,-4
49804,-4
49805,0
49806,4
49807,-4
49808,0
49809,-4
49810,2
49811,-4
49812,14
49813,0
49814,2
49815,0
49816,0
49817,0
49818,0
49819,0
49820,0
49821,0
49822,2
49823,0
49824,6
49825,0
49826,0
49827,0
49828,0
49829,0
49830,-12
49831,0
49832,6
49833,-4
49834,0
49835,-4
49836,2
49837,0
49838,0
49839,2
49840,14
49841,0
49842,2
49843,0
49844,2
49845,0
49846,4
49847,0
49848,2
49849,2
49850,16
49851,2
49852,0
49853,-4
49854,0
49855,-4
49856,6
49857,-12
49858,0
49859,6
49860,-4
49861,2
49862,0
49863,0
49864,0
49865,0
49866,0
49867,0
49868,0
49869,-4
49870,2
49871,-4
49872,-4
49873,0
49874,0
49875,0
49876,0
49877,0
49878,0
49879,-4
49880,-6
49881,-4
49882,22
49883,10
49884,-4
49885,4
49886,-4
49887,0
49888,0
49889,0
49890,-10
49891,-4
49892,-4
49893,0
49894,0
49895,0
49896,-4
49897,0
49898,0
49899,0
49900,-4
49901,0
49902,-4
49903,6
49904,0
49905,0
49906,-4
49907,0
49908,0
49909,0
49910,0
49911,0
49912,0
49913,0
49914,0
49915,0
49916,0
49917,0
49918,0
49919,0
49920,0
49921,0
49922,0
49923,-4
49924,0
49925,0
49926,0
49927,0
49928,0
49929,0
49930,0
49931,0
49932,0
49933,0
49934,4
49935,0
49936,2
49937,4
49938,8
49939,0
49940,0
49941,0
49942,0
49943,0
49944,-4
49945,0
49946,6
49947,0
49948,0
49949,0
49950,0
49951,0
49952,2
49953,0
49954,0
49955,0
49956,-6
49957,0
49958,0
49959,8
49960,0
49961,0
49962,-4
49963,-4
49964,0
49965,0
49966,0
49967,-4
49968,0
49969,0
49970,0
49971,0
49972,2
49973,-6
49974,0
49975,0
49976,-4
49977,-4
49978,0
49979,0
49980,-4
49981,0
49982,-4
49983,0
49984,0
49985,-4
49986,0
49987,0
49988,-4
49989,0
49990,0
49991,6
49992,-4
49993,-4
49994,-4
49995,-4
49996,-4
49997,0
49998,0
49999,0
50000,0
50001,-4
50002,0
50003,-4
50004,0
50005,0
50006,14
50007,0
50008,0
50009,-14
50010,0
50011,0
50012,0
50013,0
50014,0
50015,0
50016,0
50017,0
50018,0
50019,-8
50020,-12
50021,0
50022,0
50023,0
50024,2
50025,0
50026,0
50027,4
50028,0
50029,4
50030,0
50031,0
50032,0
50033,2
50034,-4
50035,0
50036,0
50037,0
50038,2
50039,-4
50040,0
50041,6
50042,8
50043,0
50044,4
50045,2
50046,0
50047,0
50048,2
50049,-12
50050,-4
50051,4
50052,0
50053,10
50054,0
50055,0
50056,-4
50057,10
50058,0
50059,-4
50060,-14
50061,0
50062,0
50063,10
50064,0
50065,-4
50066,0
50067,0
50068,-4
50069,-4
50070,-4
50071,0
50072,0
50073,0
50074,0
50075,6
50076,-4
50077,-4
50078,0
50079,-4
50080,0
50081,0
50082,0
50083,0
50084,-4
50085,0
50086,0
50087,-4
50088,0
50089,-4
50090,0
50091,0
50092,-6
50093,-4
50094,-4
50095,-4
50096,0
50097,4
50098,-4
50099,-4
50100,-6
50101,-4
50102,-4
50103,0
50104,-4
50105,-4
50106,0
50107,-10
50108,0
50109,0
50110,0
50111,2
50112,0
50113,0
50114,0
50115,0
50116,0
50117,-4
50118,0
50119,0
50120,0
50121,-4
50122,-4
50123,-4
50124,0
50125,0
50126,0
50127,0
50128,0
50129,-10
50130,0
50131,-4
50132,0
50133,2
50134,-8
50135,0
50136,0
50137,0
50138,0
50139,-8
50140,2
50141,10
50142,0
50143,-8
50144,0
50145,0
50146,4
50147,-8
50148,2
50149,0
50150,-8
50151,0
50152,0
50153,0
50154,0
50155,0
50156,0
50157,-4
50158,-4
50159,2
50160,0
50161,0
50162,0
50163,0
50164,-4
50165,-4
50166,0
50167,8
50168,0
50169,0
50170,0
50171,0
50172,0
50173,0
50174,0
50175,0
50176,2
50177,0
50178,0
50179,-4
50180,0
50181,0
50182,0
50183,0
50184,-4
50185,-4
50186,-4
50187,0
50188,0
50189,-4
50190,-4
50191,-4
50192,0
50193,0
50194,-4
50195,0
50196,-4
50197,-4
50198,-4
50199,-4
50200,0
50201,0
50202,2
50203,0
50204,-4
50205,-4
50206,0
50207,0
50208,-4
50209,0
50210,0
50211,0
50212,-4
50213,-4
50214,0
50215,0
50216,8
50217,-4
50218,0
50219,-4
50220,2
50221,-4
50222,0
50223,0
50224,0
50225,0
50226,0
50227,0
50228,0
50229,0
50230,0
50231,0
50232,0
50233,0
50234,0
50235,0
50236,0
50237,2
50238,0
50239,0
50240,2
50241,0
50242,4
50243,0
50244,-4
50245,0
50246,2
50247,0
50248,0
50249,4
50250,4
50251,0
50252,0
50253,10
50254,4
50255,0
50256,0
50257,-4
50258,0
50259,0
50260,-4
50261,4
50262,0
50263,0
50264,-8
50265,0
50266,0
50267,0
50268,0
50269,0
50270,0
50271,0
50272,0
50273,0
50274,0
50275,0
50276,0
50277,0
50278,0
50279,0
50280,-4
50281,-4
50282,-4
50283,-8
50284,0
50285,0
50286,-4
50287,-4
50288,0
50289,-4
50290,-4
50291,0
50292,-4
50293,-4
50294,-4
50295,-6
50296,0
50297,0
50298,-4
50299,-4
50300,-8
50301,-4
50302,0
50303,-4
50304,-4
50305,-4
50306,0
50307,14
50308,-4
50309,0
50310,0
50311,-4
50312,-4
50313,0
50314,-4
50315,0
50316,0
50317,0
50318,0
50319,2
50320,0
50321,0
50322,2
50323,0
50324,0
50325,0
50326,2
50327,0
50328,0
50329,0
50330,0
50331,0
50332,0
50333,2
50334,2
50335,-6
50336,0
50337,0
50338,4
50339,2
50340,4
50341,0
50342,-4
50343,0
50344,0
50345,4
50346,0
50347,0
50348,8
50349,0
50350,0
50351,0
50352,4
50353,0
50354,0
50355,-8
50356,0
50357,-4
50358,0
50359,0
50360,0
50361,0
50362,6
50363,-4
50364,0
50365,0
50366,-4
50367,-4
50368,-8
50369,-4
50370,2
50371,0
50372,0
50373,0
50374,0
50375,0
50376,0
50377,0
50378,-4
50379,0
50380,0
50381,-4
50382,-4
50383,0
50384,0
50385,0
50386,0
50387,-4
50388,0
50389,0
50390,-4
50391,0
50392,0
50393,0
50394,0
50395,0
50396,-4
50397,0
50398,6
50399,-4
50400,0
50401,-4
50402,0
50403,-4
50404,4
50405,0
50406,0
50407,0
50408,0
50409,0
50410,-6
50411,0
50412,0
50413,-4
50414,-4
50415,2
50416,-4
50417,0
50418,0
50419,0
50420,0
50421,0
50422,2
50423,0
50424,0
50425,0
50426,-4
50427,0
50428,2
50429,0
50430,0
50431,0
50432,0
50433,0
50434,0
50435,0
50436,6
50437,0
50438,0
50439,4
50440,0
50441,4
50442,0
50443,0
50444,0
50445,0
50446,0
50447,0
50448,16
50449,0
50450,0
50451,-4
50452,4
50453,6
50454,-8
50455,-4
50456,0
50457,0
50458,10
50459,4
50460,4
50461,0
50462,-4
50463,0
50464,2
50465,0
50466,0
50467,0
50468,0
50469,2
50470,0
50471,0
50472,-4
50473,-4
50474,-8
50475,-4
50476,-4
50477,0
50478,-4
50479,0
50480,-4
50481,0
50482,-4
50483,-4
50484,-4
50485,0
50486,6
50487,6
50488,0
50489,-4
50490,0
50491,-4
50492,-4
50493,-4
50494,-4
50495,4
50496,-4
50497,0
50498,4
50499,-4
50500,-4
50501,-4
50502,-4
50503,0
50504,-4
50505,-4
50506,-4
50507,-6
50508,0
50509,0
50510,-4
50511,0
50512,0
50513,0
50514,0
50515,0
50516,0
50517,0
50518,0
50519,0
50520,0
50521,0
50522,-4
50523,0
50524,0
50525,2
50526,2
50527,0
50528,0
50529,0
50530,0
50531,0
50532,-4
50533,0
50534,0
50535,4
50536,0
50537,2
50538,-4
50539,2
50540,2
50541,0
50542,10
50543,0
50544,0
50545,0
50546,0
50547,-8
50548,0
50549,0
50550,10
50551,2
50552,0
50553,-6
50554,-4
50555,-4
50556,0
50557,-4
50558,0
50559,0
50560,0
50561,4
50562,0
50563,0
50564,6
50565,0
50566,0
50567,0
50568,-4
50569,-4
50570,-8
50571,-4
50572,0
50573,0
50574,0
50575,-4
50576,-4
50577,-4
50578,0
50579,0
50580,0
50581,-4
50582,-4
50583,0
50584,0
50585,-4
50586,0
50587,-4
50588,2
50589,-4
50590,0
50591,-4
50592,-4
50593,0
50594,0
50595,-4
50596,-4
50597,-4
50598,0
50599,0
50600,0
50601,-4
50602,-8
50603,-4
50604,-4
50605,-6
50606,0
50607,-4
50608,-4
50609,0
50610,-4
50611,-4
50612,0
50613,-4
50614,-4
50615,0
50616,-4
50617,0
50618,6
50619,0
50620,0
50621,0
50622,4
50623,0
50624,2
50625,-4
50626,0
50627,0
50628,2
50629,2
50630,0
50631,0
50632,0
50633,6
50634,4
50635,0
50636,0
50637,0
50638,0
50639,4
50640,2
50641,10
50642,-4
50643,0
50644,0
50645,0
50646,0
50647,0
50648,0
50649,4
50650,0
50651,0
50652,0
50653,0
50654,6
50655,4
50656,4
50657,0
50658,0
50659,4
50660,2
50661,-4
50662,0
50663,-4
50664,0
50665,0
50666,0
50667,0
50668,-4
50669,-4
50670,14
50671,-4
50672,0
50673,0
50674,0
50675,-4
50676,0
50677,-4
50678,0
50679,-4
50680,0
50681,0
50682,-4
50683,-4
50684,0
50685,0
50686,0
50687,0
50688,-4
50689,-4
50690,-4
50691,0
50692,0
50693,-4
50694,-6
50695,-4
50696,-4
50697,0
50698,-4
50699,6
50700,0
50701,0
50702,-4
50703,0
50704,-4
50705,-14
50706,0
50707,2
50708,6
50709,-4
50710,0
50711,0
50712,0
50713,0
50714,0
50715,-4
50716,-4
50717,0
50718,0
50719,0
50720,0
50721,0
50722,0
50723,0
50724,0
50725,-4
50726,0
50727,0
50728,0
50729,0
50730,2
50731,0
50732,0
50733,4
50734,0
50735,0
50736,0
50737,0
50738,2
50739,4
50740,0
50741,0
50742,4
50743,0
50744,-8
50745,0
50746,14
50747,0
50748,2
50749,0
50750,2
50751,0
50752,-14
50753,0
50754,0
50755,-8
50756,-4
50757,0
50758,-4
50759,0
50760,0
50761,0
50762,0
50763,0
50764,0
50765,0
50766,0
50767,0
50768,0
50769,-4
50770,0
50771,-4
50772,-4
50773,0
50774,0
50775,0
50776,0
50777,0
50778,-4
50779,0
50780,-4
50781,0
50782,0
50783,14
50784,0
50785,0
50786,0
50787,0
50788,-4
50789,-4
50790,-4
50791,0
50792,0
50793,-4
50794,10
50795,0
50796,0
50797,-4
50798,0
50799,-4
50800,-4
50801,0
50802,-4
50803,2
50804,0
50805,-4
50806,-4
50807,-4
50808,-4
50809,0
50810,6
50811,0
50812,0
50813,-4
50814,0
50815,-4
50816,0
50817,0
50818,0
50819,-4
50820,0
50821,0
50822,0
50823,-4
50824,0
50825,0
50826,0
50827,0
50828,0
50829,0
50830,0
50831,2
50832,6
50833,2
50834,-4
50835,0
50836,0
50837,2
50838,0
50839,2
50840,0
50841,0
50842,0
50843,0
50844,0
50845,4
50846,0
50847,-4
50848,0
50849,2
50850,4
50851,-4
50852,0
50853,0
50854,-4
50855,2
50856,0
50857,0
50858,0
50859,2
50860,6
50861,0
50862,0
50863,-4
50864,0
50865,-4
50866,-4
50867,0
50868,-6
50869,0
50870,0
50871,0
50872,2
50873,0
50874,-4
50875,0
50876,-4
50877,0
50878,0
50879,-4
50880,-4
50881,2
50882,28
50883,0
50884,-4
50885,0
50886,-4
50887,-4
50888,0
50889,-4
50890,-4
50891,-4
50892,-4
50893,-4
50894,0
50895,0
50896,-4
50897,-4
50898,0
50899,0
50900,-6
50901,0
50902,-4
50903,-8
50904,0
50905,-4
50906,-4
50907,2
50908,0
50909,-4
50910,-4
50911,0
50912,0
50913,0
50914,0
50915,0
50916,0
50917,-4
50918,0
50919,0
50920,0
50921,0
50922,-4
50923,0
50924,0
50925,0
50926,6
50927,0
50928,0
50929,0
50930,0
50931,-4
50932,4
50933,0
50934,4
50935,0
50936,0
50937,-4
50938,0
50939,0
50940,4
50941,2
50942,2
50943,0
50944,0
50945,6
50946,0
50947,10
50948,0
50949,0
50950,-4
50951,0
50952,2
50953,6
50954,-8
50955,0
50956,0
50957,2
50958,0
50959,0
50960,-8
50961,0
50962,0
50963,-4
50964,2
50965,0
50966,2
50967,0
50968,-4
50969,0
50970,-4
50971,0
50972,0
50973,0
50974,0
50975,0
50976,-4
50977,0
50978,0
50979,-4
50980,0
50981,0
50982,-4
50983,0
50984,0
50985,-4
50986,0
50987,0
50988,0
50989,0
50990,-4
50991,0
50992,0
50993,-4
50994,-4
50995,-14
50996,-4
50997,-4
50998,0
50999,-4
51000,-6
51001,-4
51002,0
51003,0
51004,-10
51005,-4
51006,0
51007,4
51008,-4
51009,0
51010,6
51011,0
51012,0
51013,0
51014,-4
51015,0
51016,-4
51017,0
51018,0
51019,0
51020,-4
51021,0
51022,0
51023,2
51024,0
51025,0
51026,0
51027,0
51028,2
51029,0
51030,0
51031,2
51032,0
51033,6
51034,0
51035,0
51036,-4
51037,4
51038,2
51039,0
51040,0
51041,0
51042,6
51043,4
51044,0
51045,4
51046,0
51047,0
51048,0
51049,-4
51050,-4
51051,0
51052,2
51053,-6
51054,0
51055,4
51056,0
51057,-12
51058,2
51059,0
51060,10
51061,0
51062,0
51063,-4
51064,0
51065,0
51066,-4
51067,0
51068,0
51069,0
51070,0
51071,0
51072,0
51073,2
51074,0
51075,0
51076,-4
51077,-4
51078,-4
51079,-4
51080,-4
51081,-4
51082,-4
51083,0
51084,0
51085,2
51086,0
51087,-4
51088,-4
51089,-4
51090,-4
51091,0
51092,0
51093,0
51094,0
51095,-4
51096,0
51097,-4
51098,-4
51099,-4
51100,4
51101,0
51102,0
51103,-4
51104,0
51105,-4
51106,-4
51107,4
51108,-4
51109,0
51110,-4
51111,0
51112,0
51113,0
51114,0
51115,-4
51116,0
51117,0
51118,-4
51119,0
51120,0
51121,0
51122,2
51123,0
51124,4
51125,0
51126,-4
51127,2
51128,0
51129,0
51130,0
51131,6
51132,2
51133,2
51134,0
51135,0
51136,0
51137,0
51138,0
51139,6
51140,0
51141,0
51142,0
51143,0
51144,0
51145,0
51146,0
51147,2
51148,8
51149,4
51150,0
51151,0
51152,-4
51153,0
51154,2
51155,0
51156,-4
51157,0
51158,-4
51159,0
51160,0
51161,-4
51162,-4
51163,0
51164,0
51165,0
51166,0
51167,0
51168,0
51169,-4
51170,0
51171,4
51172,0
51173,0
51174,0
51175,0
51176,0
51177,-4
51178,0
51179,-4
51180,-4
51181,-4
51182,-4
51183,0
51184,-4
51185,0
51186,0
51187,0
51188,0
51189,0
51190,-4
51191,-6
51192,-4
51193,-4
51194,-8
51195,0
51196,-4
51197,0
51198,2
51199,0
51200,-4
51201,-10
51202,0
51203,-4
51204,14
51205,0
51206,0
51207,0
51208,0
51209,0
51210,6
51211,-4
51212,0
51213,-4
51214,0
51215,-4
51216,0
51217,0
51218,0
51219,-4
51220,0
51221,0
51222,0
51223,0
51224,-4
51225,0
51226,-4
51227,6
51228,4
51229,2
51230,0
51231,0
51232,4
51233,0
51234,0
51235,6
51236,0
51237,0
51238,0
51239,4
51240,4
51241,0
51242,0
51243,2
51244,4
51245,0
51246,0
51247,0
51248,-10
51249,0
51250,4
51251,6
51252,0
51253,0
51254,6
51255,0
51256,0
51257,0
51258,14
51259,0
51260,0
51261,0
51262,8
51263,0
51264,0
51265,-4
51266,0
51267,4
51268,0
51269,0
51270,0
51271,0
51272,0
51273,0
51274,0
51275,-6
51276,-4
51277,-4
51278,-4
51279,0
51280,-4
51281,-4
51282,0
51283,-4
51284,0
51285,10
51286,0
51287,-4
51288,0
51289,6
51290,-4
51291,0
51292,-4
51293,-4
51294,-4
51295,-4
51296,-4
51297,-4
51298,-4
51299,0
51300,0
51301,-4
51302,-4
51303,-4
51304,-4
51305,-4
51306,4
51307,-14
51308,0
51309,0
51310,-4
51311,0
51312,0
51313,10
51314,0
51315,-4
51316,-6
51317,0
51318,6
51319,0
51320,0
51321,0
51322,0
51323,0
51324,0
51325,0
51326,4
51327,2
51328,0
51329,0
51330,0
51331,2
51332,0
51333,0
51334,0
51335,0
51336,0
51337,0
51338,0
51339,0
51340,2
51341,2
51342,-4
51343,0
51344,0
51345,-8
51346,0
51347,-8
51348,0
51349,4
51350,10
51351,0
51352,0
51353,6
51354,0
51355,0
51356,-4
51357,-4
51358,0
51359,0
51360,-4
51361,4
51362,0
51363,-8
51364,2
51365,4
51366,-8
51367,0
51368,4
51369,-4
51370,-4
51371,-4
51372,0
51373,0
51374,-4
51375,0
51376,-4
51377,0
51378,0
51379,0
51380,-4
51381,-4
51382,-4
51383,-4
51384,0
51385,-4
51386,-4
51387,0
51388,-4
51389,0
51390,-4
51391,-4
51392,-4
