index,CH1_Voltage(mV)
1,8
2,0
3,16
4,24
5,8
6,0
7,-8
8,0
9,8
10,8
11,0
12,0
13,0
14,8
15,0
16,0
17,0
18,0
19,0
20,0
21,8
22,8
23,0
24,8
25,8
26,8
27,0
28,0
29,0
30,0
31,8
32,0
33,0
34,8
35,0
36,0
37,0
38,-8
39,0
40,8
41,8
42,0
43,8
44,0
45,0
46,0
47,0
48,-8
49,0
50,0
51,0
52,8
53,0
54,0
55,0
56,0
57,8
58,0
59,8
60,8
61,0
62,8
63,-8
64,0
65,8
66,16
67,8
68,0
69,8
70,0
71,0
72,8
73,-8
74,0
75,0
76,8
77,0
78,0
79,0
80,0
81,8
82,0
83,24
84,0
85,-8
86,24
87,0
88,0
89,-8
90,8
91,8
92,0
93,0
94,0
95,0
96,-8
97,8
98,0
99,8
100,-16
101,0
102,0
103,0
104,-8
105,0
106,0
107,8
108,0
109,0
110,8
111,-8
112,0
113,0
114,8
115,0
116,-8
117,0
118,0
119,0
120,0
121,-8
122,0
123,8
124,8
125,0
126,-8
127,0
128,-8
129,0
130,0
131,8
132,0
133,0
134,-8
135,0
136,0
137,8
138,0
139,-8
140,0
141,0
142,-8
143,0
144,8
145,0
146,0
147,8
148,0
149,0
150,-8
151,8
152,0
153,0
154,8
155,8
156,0
157,8
158,0
159,0
160,0
161,8
162,0
163,8
164,0
165,0
166,8
167,0
168,8
169,8
170,0
171,8
172,8
173,16
174,-8
175,-8
176,8
177,0
178,8
179,8
180,0
181,0
182,8
183,-8
184,0
185,0
186,0
187,0
188,8
189,0
190,0
191,8
192,0
193,0
194,0
195,0
196,0
197,0
198,8
199,8
200,8
201,0
202,8
203,8
204,8
205,0
206,8
207,8
208,0
209,8
210,8
211,0
212,0
213,0
214,8
215,0
216,0
217,8
218,0
219,8
220,16
221,0
222,0
223,8
224,8
225,8
226,8
227,8
228,8
229,8
230,16
231,8
232,0
233,8
234,8
235,8
236,0
237,0
238,8
239,24
240,8
241,8
242,0
243,0
244,0
245,0
246,8
247,8
248,8
249,8
250,8
251,8
252,0
253,8
254,0
255,8
256,0
257,0
258,8
259,8
260,24
261,0
262,16
263,8
264,8
265,16
266,24
267,8
268,8
269,8
270,16
271,8
272,8
273,16
274,16
275,16
276,8
277,8
278,16
279,0
280,0
281,8
282,8
283,8
284,16
285,0
286,8
287,8
288,8
289,0
290,0
291,0
292,8
293,0
294,8
295,8
296,0
297,-8
298,24
299,8
300,8
301,0
302,0
303,8
304,16
305,8
306,8
307,0
308,8
309,8
310,8
311,8
312,8
313,8
314,8
315,8
316,8
317,8
318,16
319,0
320,0
321,8
322,0
323,8
324,0
325,0
326,8
327,0
328,0
329,0
330,0
331,24
332,0
333,8
334,16
335,0
336,0
337,8
338,0
339,8
340,8
341,8
342,0
343,8
344,8
345,8
346,8
347,8
348,0
349,0
350,0
351,-8
352,0
353,0
354,-8
355,0
356,8
357,0
358,0
359,0
360,0
361,8
362,0
363,0
364,8
365,8
366,8
367,0
368,0
369,8
370,0
371,0
372,0
373,0
374,8
375,0
376,0
377,8
378,0
379,0
380,8
381,16
382,8
383,8
384,8
385,8
386,8
387,0
388,-8
389,0
390,0
391,8
392,0
393,0
394,0
395,0
396,-8
397,8
398,-8
399,0
400,-8
401,8
402,0
403,0
404,0
405,-8
406,0
407,0
408,0
409,0
410,0
411,0
412,8
413,0
414,0
415,8
416,-8
417,8
418,8
419,0
420,8
421,8
422,8
423,-8
424,0
425,0
426,0
427,0
428,0
429,8
430,8
431,8
432,0
433,8
434,8
435,8
436,8
437,0
438,0
439,0
440,8
441,-8
442,8
443,8
444,-8
445,-8
446,0
447,8
448,8
449,0
450,8
451,0
452,8
453,0
454,8
455,-8
456,-8
457,0
458,8
459,8
460,0
461,0
462,0
463,8
464,0
465,-8
466,0
467,8
468,-8
469,8
470,0
471,8
472,0
473,0
474,8
475,24
476,-8
477,0
478,8
479,0
480,0
481,0
482,0
483,0
484,-8
485,0
486,8
487,0
488,0
489,-8
490,0
491,0
492,-16
493,0
494,8
495,24
496,8
497,8
498,8
499,0
500,0
501,8
502,8
503,0
504,0
505,0
506,0
507,8
508,0
509,8
510,0
511,0
512,0
513,-8
514,-16
515,8
516,0
517,0
518,0
519,8
520,0
521,0
522,8
523,0
524,0
525,0
526,24
527,0
528,8
529,0
530,0
531,0
532,0
533,8
534,8
535,0
536,0
537,-8
538,0
539,0
540,0
541,0
542,0
543,8
544,8
545,0
546,0
547,8
548,0
549,8
550,8
551,0
552,0
553,0
554,0
555,8
556,0
557,24
558,0
559,0
560,0
561,0
562,0
563,0
564,0
565,0
566,0
567,-8
568,0
569,0
570,8
571,0
572,8
573,16
574,8
575,8
576,0
577,0
578,8
579,0
580,0
581,8
582,8
583,0
584,8
585,0
586,-8
587,8
588,0
589,0
590,0
591,0
592,-8
593,8
594,-8
595,-8
596,0
597,0
598,8
599,8
600,8
601,0
602,0
603,0
604,8
605,-8
606,0
607,0
608,0
609,8
610,8
611,8
612,8
613,0
614,0
615,0
616,-8
617,-8
618,0
619,8
620,0
621,-8
622,8
623,0
624,8
625,8
626,8
627,0
628,8
629,0
630,0
631,-8
632,-8
633,0
634,8
635,8
636,0
637,8
638,0
639,0
640,8
641,8
642,8
643,0
644,16
645,-8
646,8
647,0
648,8
649,16
650,0
651,0
652,0
653,0
654,0
655,0
656,8
657,0
658,0
659,24
660,8
661,8
662,8
663,0
664,0
665,8
666,0
667,8
668,0
669,8
670,0
671,0
672,8
673,8
674,8
675,8
676,-8
677,-8
678,8
679,0
680,0
681,0
682,0
683,8
684,-8
685,8
686,0
687,8
688,0
689,-8
690,0
691,0
692,0
693,0
694,0
695,8
696,-8
697,8
698,0
699,0
700,8
701,0
702,8
703,0
704,8
705,0
706,0
707,8
708,8
709,24
710,0
711,0
712,8
713,0
714,0
715,0
716,8
717,8
718,0
719,8
720,0
721,0
722,0
723,0
724,8
725,0
726,8
727,0
728,0
729,0
730,8
731,8
732,0
733,8
734,0
735,0
736,0
737,0
738,8
739,0
740,0
741,0
742,8
743,0
744,8
745,8
746,8
747,8
748,24
749,0
750,-8
751,0
752,8
753,0
754,8
755,0
756,8
757,8
758,-8
759,8
760,16
761,8
762,8
763,-8
764,0
765,8
766,8
767,8
768,0
769,8
770,8
771,0
772,8
773,16
774,8
775,0
776,8
777,8
778,8
779,8
780,8
781,16
782,0
783,0
784,0
785,0
786,8
787,0
788,0
789,8
790,8
791,0
792,0
793,8
794,0
795,8
796,0
797,8
798,0
799,0
800,8
801,8
802,-8
803,8
804,0
805,0
806,0
807,0
808,0
809,8
810,8
811,8
812,0
813,8
814,0
815,8
816,8
817,0
818,0
819,0
820,0
821,8
822,-8
823,0
824,8
825,8
826,-8
827,8
828,0
829,0
830,0
831,0
832,0
833,8
834,0
835,0
836,0
837,0
838,0
839,0
840,0
841,8
842,0
843,-8
844,24
845,0
846,8
847,8
848,0
849,0
850,0
851,8
852,16
853,0
854,8
855,0
856,-8
857,8
858,0
859,0
860,0
861,8
862,0
863,24
864,0
865,0
866,0
867,8
868,8
869,0
870,8
871,0
872,8
873,0
874,0
875,8
876,0
877,0
878,0
879,8
880,8
881,0
882,0
883,8
884,8
885,24
886,8
887,24
888,8
889,0
890,0
891,-8
892,8
893,0
894,0
895,0
896,0
897,8
898,0
899,0
900,8
901,0
902,0
903,8
904,8
905,0
906,-8
907,8
908,0
909,8
910,8
911,0
912,0
913,0
914,8
915,0
916,0
917,8
918,0
919,8
920,8
921,0
922,8
923,0
924,8
925,-8
926,-8
927,0
928,0
929,0
930,8
931,0
932,8
933,8
934,0
935,0
936,0
937,8
938,8
939,0
940,0
941,0
942,0
943,8
944,0
945,24
946,0
947,8
948,0
949,0
950,0
951,0
952,-8
953,0
954,0
955,0
956,0
957,0
958,0
959,0
960,0
961,0
962,-8
963,8
964,-8
965,-8
966,8
967,0
968,8
969,-8
970,8
971,0
972,0
973,0
974,8
975,0
976,8
977,0
978,8
979,0
980,8
981,0
982,0
983,0
984,0
985,8
986,0
987,0
988,0
989,0
990,0
991,8
992,0
993,24
994,0
995,-8
996,0
997,0
998,0
999,-8
1000,0
1001,0
1002,0
1003,8
1004,0
1005,0
1006,8
1007,0
1008,0
1009,8
1010,8
1011,0
1012,0
1013,8
1014,0
1015,-8
1016,0
1017,0
1018,0
1019,-8
1020,0
1021,0
1022,-8
1023,-8
1024,-8
1025,8
1026,8
1027,0
1028,-8
1029,0
1030,0
1031,8
1032,0
1033,8
1034,0
1035,0
1036,0
1037,-8
1038,8
1039,8
1040,0
1041,8
1042,0
1043,0
1044,8
1045,0
1046,8
1047,-8
1048,-8
1049,8
1050,0
1051,8
1052,-8
1053,-8
1054,0
1055,0
1056,0
1057,0
1058,0
1059,0
1060,0
1061,0
1062,0
1063,0
1064,8
1065,-8
1066,0
1067,0
1068,-8
1069,-8
1070,0
1071,0
1072,0
1073,0
1074,8
1075,0
1076,0
1077,0
1078,0
1079,24
1080,0
1081,8
1082,8
1083,0
1084,-8
1085,0
1086,8
1087,0
1088,0
1089,8
1090,0
1091,0
1092,0
1093,-8
1094,8
1095,0
1096,0
1097,0
1098,0
1099,0
1100,0
1101,0
1102,8
1103,-8
1104,0
1105,0
1106,-8
1107,8
1108,8
1109,0
1110,0
1111,8
1112,-8
1113,0
1114,8
1115,0
1116,8
1117,8
1118,16
1119,0
1120,0
1121,8
1122,8
1123,0
1124,0
1125,-8
1126,8
1127,0
1128,0
1129,0
1130,0
1131,8
1132,-8
1133,8
1134,8
1135,8
1136,16
1137,0
1138,8
1139,0
1140,0
1141,0
1142,0
1143,-8
1144,8
1145,8
1146,8
1147,0
1148,8
1149,8
1150,0
1151,8
1152,8
1153,8
1154,0
1155,0
1156,0
1157,0
1158,0
1159,0
1160,0
1161,0
1162,0
1163,0
1164,0
1165,8
1166,0
1167,0
1168,0
1169,0
1170,0
1171,0
1172,8
1173,0
1174,0
1175,8
1176,0
1177,0
1178,0
1179,0
1180,16
1181,-8
1182,0
1183,0
1184,0
1185,0
1186,-8
1187,-8
1188,0
1189,8
1190,0
1191,-8
1192,8
1193,8
1194,0
1195,8
1196,0
1197,0
1198,8
1199,0
1200,8
1201,0
1202,8
1203,0
1204,0
1205,8
1206,8
1207,8
1208,0
1209,8
1210,0
1211,0
1212,8
1213,0
1214,8
1215,8
1216,0
1217,0
1218,0
1219,0
1220,0
1221,8
1222,0
1223,0
1224,-8
1225,8
1226,0
1227,0
1228,0
1229,8
1230,0
1231,0
1232,0
1233,0
1234,8
1235,0
1236,8
1237,8
1238,8
1239,0
1240,-8
1241,8
1242,-8
1243,8
1244,0
1245,0
1246,-8
1247,0
1248,0
1249,8
1250,8
1251,0
1252,8
1253,8
1254,0
1255,8
1256,8
1257,0
1258,0
1259,8
1260,-8
1261,0
1262,8
1263,8
1264,8
1265,0
1266,0
1267,8
1268,8
1269,0
1270,8
1271,0
1272,8
1273,24
1274,0
1275,0
1276,8
1277,-8
1278,8
1279,8
1280,8
1281,8
1282,8
1283,0
1284,0
1285,-8
1286,0
1287,0
1288,8
1289,16
1290,0
1291,0
1292,8
1293,0
1294,-16
1295,0
1296,16
1297,8
1298,0
1299,0
1300,0
1301,16
1302,8
1303,8
1304,8
1305,0
1306,8
1307,0
1308,24
1309,8
1310,0
1311,0
1312,0
1313,0
1314,8
1315,8
1316,0
1317,8
1318,0
1319,0
1320,8
1321,0
1322,8
1323,0
1324,0
1325,0
1326,0
1327,0
1328,0
1329,0
1330,-8
1331,0
1332,0
1333,8
1334,0
1335,0
1336,0
1337,0
1338,0
1339,-8
1340,0
1341,8
1342,0
1343,8
1344,8
1345,0
1346,0
1347,0
1348,0
1349,8
1350,8
1351,8
1352,8
1353,0
1354,8
1355,0
1356,8
1357,0
1358,8
1359,8
1360,8
1361,-8
1362,0
1363,8
1364,0
1365,8
1366,0
1367,8
1368,0
1369,0
1370,0
1371,0
1372,0
1373,0
1374,0
1375,8
1376,8
1377,8
1378,0
1379,8
1380,0
1381,0
1382,0
1383,8
1384,0
1385,0
1386,8
1387,0
1388,0
1389,0
1390,0
1391,0
1392,8
1393,0
1394,8
1395,8
1396,0
1397,8
1398,0
1399,8
1400,0
1401,0
1402,0
1403,8
1404,0
1405,8
1406,0
1407,0
1408,8
1409,-8
1410,0
1411,0
1412,8
1413,0
1414,8
1415,16
1416,0
1417,0
1418,8
1419,0
1420,8
1421,8
1422,0
1423,8
1424,8
1425,0
1426,0
1427,0
1428,8
1429,-8
1430,8
1431,0
1432,0
1433,0
1434,0
1435,16
1436,8
1437,16
1438,0
1439,0
1440,8
1441,0
1442,8
1443,8
1444,0
1445,0
1446,-8
1447,8
1448,16
1449,8
1450,0
1451,0
1452,8
1453,24
1454,8
1455,0
1456,8
1457,8
1458,0
1459,8
1460,0
1461,0
1462,8
1463,0
1464,0
1465,8
1466,0
1467,-8
1468,8
1469,8
1470,0
1471,8
1472,8
1473,-8
1474,0
1475,0
1476,0
1477,8
1478,8
1479,8
1480,8
1481,0
1482,8
1483,8
1484,8
1485,0
1486,0
1487,0
1488,0
1489,0
1490,24
1491,8
1492,0
1493,8
1494,0
1495,0
1496,-8
1497,0
1498,0
1499,-8
1500,0
1501,0
1502,8
1503,8
1504,0
1505,0
1506,0
1507,0
1508,-8
1509,0
1510,0
1511,0
1512,8
1513,8
1514,0
1515,8
1516,8
1517,0
1518,0
1519,0
1520,8
1521,-8
1522,8
1523,8
1524,0
1525,0
1526,0
1527,8
1528,0
1529,8
1530,8
1531,0
1532,0
1533,0
1534,0
1535,16
1536,0
1537,8
1538,0
1539,8
1540,0
1541,-8
1542,0
1543,-8
1544,-8
1545,-8
1546,0
1547,0
1548,8
1549,0
1550,0
1551,8
1552,0
1553,0
1554,8
1555,0
1556,0
1557,0
1558,0
1559,8
1560,0
1561,8
1562,0
1563,0
1564,0
1565,0
1566,0
1567,8
1568,0
1569,0
1570,-8
1571,0
1572,0
1573,0
1574,8
1575,0
1576,0
1577,16
1578,0
1579,0
1580,0
1581,-8
1582,0
1583,8
1584,-8
1585,-8
1586,0
1587,0
1588,0
1589,0
1590,0
1591,0
1592,0
1593,0
1594,0
1595,0
1596,-8
1597,0
1598,-8
1599,8
1600,0
1601,0
1602,0
1603,0
1604,0
1605,-8
1606,0
1607,-8
1608,0
1609,16
1610,-8
1611,-8
1612,0
1613,16
1614,0
1615,0
1616,0
1617,0
1618,0
1619,0
1620,0
1621,0
1622,8
1623,0
1624,0
1625,-8
1626,0
1627,0
1628,0
1629,0
1630,-8
1631,8
1632,0
1633,-8
1634,8
1635,0
1636,0
1637,0
1638,0
1639,0
1640,8
1641,0
1642,0
1643,-8
1644,0
1645,0
1646,-8
1647,0
1648,0
1649,0
1650,8
1651,8
1652,0
1653,0
1654,0
1655,0
1656,8
1657,0
1658,0
1659,0
1660,0
1661,8
1662,0
1663,0
1664,24
1665,0
1666,16
1667,0
1668,0
1669,0
1670,0
1671,16
1672,16
1673,0
1674,8
1675,8
1676,0
1677,16
1678,0
1679,8
1680,0
1681,8
1682,8
1683,0
1684,0
1685,8
1686,-8
1687,0
1688,0
1689,0
1690,0
1691,0
1692,0
1693,0
1694,0
1695,8
1696,0
1697,0
1698,0
1699,8
1700,0
1701,0
1702,0
1703,0
1704,8
1705,0
1706,8
1707,0
1708,0
1709,8
1710,0
1711,8
1712,0
1713,0
1714,0
1715,0
1716,8
1717,0
1718,0
1719,8
1720,0
1721,8
1722,0
1723,8
1724,8
1725,0
1726,0
1727,0
1728,8
1729,0
1730,8
1731,0
1732,8
1733,8
1734,0
1735,0
1736,8
1737,0
1738,0
1739,0
1740,0
1741,8
1742,0
1743,0
1744,8
1745,0
1746,0
1747,8
1748,0
1749,8
1750,8
1751,0
1752,0
1753,8
1754,0
1755,0
1756,0
1757,8
1758,0
1759,0
1760,8
1761,0
1762,0
1763,-8
1764,0
1765,0
1766,8
1767,0
1768,0
1769,0
1770,0
1771,0
1772,0
1773,0
1774,16
1775,0
1776,8
1777,0
1778,8
1779,24
1780,0
1781,8
1782,8
1783,0
1784,8
1785,0
1786,0
1787,0
1788,0
1789,8
1790,0
1791,-8
1792,8
1793,8
1794,0
1795,8
1796,0
1797,8
1798,0
1799,0
1800,8
1801,0
1802,0
1803,0
1804,0
1805,8
1806,0
1807,0
1808,8
1809,8
1810,8
1811,0
1812,8
1813,8
1814,0
1815,8
1816,8
1817,8
1818,8
1819,0
1820,0
1821,8
1822,0
1823,0
1824,16
1825,8
1826,0
1827,8
1828,8
1829,0
1830,0
1831,0
1832,0
1833,0
1834,0
1835,0
1836,0
1837,8
1838,8
1839,-8
1840,0
1841,8
1842,0
1843,0
1844,0
1845,8
1846,0
1847,-16
1848,8
1849,0
1850,8
1851,0
1852,8
1853,8
1854,0
1855,0
1856,8
1857,8
1858,0
1859,0
1860,16
1861,8
1862,0
1863,8
1864,0
1865,0
1866,24
1867,0
1868,8
1869,0
1870,0
1871,16
1872,0
1873,0
1874,8
1875,0
1876,8
1877,24
1878,8
1879,0
1880,8
1881,8
1882,8
1883,8
1884,0
1885,0
1886,0
1887,0
1888,8
1889,8
1890,0
1891,0
1892,0
1893,0
1894,8
1895,0
1896,0
1897,0
1898,0
1899,0
1900,8
1901,0
1902,0
1903,8
1904,0
1905,8
1906,0
1907,0
1908,8
1909,8
1910,8
1911,8
1912,0
1913,0
1914,0
1915,8
1916,0
1917,8
1918,-16
1919,0
1920,8
1921,0
1922,8
1923,8
1924,0
1925,0
1926,0
1927,0
1928,0
1929,0
1930,0
1931,0
1932,-8
1933,0
1934,-8
1935,8
1936,0
1937,8
1938,0
1939,0
1940,-8
1941,0
1942,-8
1943,0
1944,0
1945,0
1946,0
1947,8
1948,0
1949,8
1950,0
1951,8
1952,0
1953,8
1954,0
1955,0
1956,0
1957,8
1958,8
1959,8
1960,0
1961,0
1962,-8
1963,0
1964,0
1965,8
1966,0
1967,0
1968,-8
1969,0
1970,8
1971,0
1972,0
1973,-8
1974,8
1975,8
1976,0
1977,0
1978,8
1979,0
1980,0
1981,0
1982,0
1983,0
1984,8
1985,-8
1986,0
1987,0
1988,0
1989,0
1990,0
1991,0
1992,8
1993,8
1994,0
1995,8
1996,0
1997,8
1998,0
1999,8
2000,8
2001,0
2002,0
2003,0
2004,0
2005,0
2006,8
2007,0
2008,0
2009,-8
2010,-8
2011,0
2012,-8
2013,0
2014,-8
2015,0
2016,0
2017,0
2018,0
2019,0
2020,0
2021,8
2022,8
2023,-8
2024,0
2025,0
2026,8
2027,0
2028,8
2029,0
2030,0
2031,0
2032,0
2033,8
2034,8
2035,8
2036,0
2037,8
2038,8
2039,0
2040,8
2041,8
2042,-8
2043,8
2044,0
2045,0
2046,8
2047,8
2048,0
2049,0
2050,0
2051,0
2052,0
2053,0
2054,8
2055,8
2056,0
2057,0
2058,0
2059,0
2060,0
2061,8
2062,0
2063,8
2064,0
2065,0
2066,8
2067,0
2068,8
2069,0
2070,0
2071,8
2072,8
2073,8
2074,8
2075,24
2076,8
2077,0
2078,0
2079,8
2080,8
2081,0
2082,0
2083,8
2084,8
2085,0
2086,-8
2087,0
2088,8
2089,0
2090,8
2091,8
2092,0
2093,8
2094,0
2095,8
2096,8
2097,0
2098,8
2099,8
2100,0
2101,8
2102,24
2103,24
2104,0
2105,0
2106,8
2107,0
2108,0
2109,8
2110,0
2111,0
2112,0
2113,0
2114,0
2115,0
2116,8
2117,0
2118,0
2119,0
2120,8
2121,-8
2122,0
2123,0
2124,0
2125,0
2126,8
2127,0
2128,8
2129,0
2130,8
2131,0
2132,-8
2133,8
2134,8
2135,0
2136,-8
2137,8
2138,0
2139,8
2140,-8
2141,0
2142,0
2143,8
2144,8
2145,8
2146,8
2147,0
2148,8
2149,8
2150,8
2151,0
2152,8
2153,0
2154,-8
2155,8
2156,8
2157,8
2158,24
2159,0
2160,0
2161,0
2162,0
2163,8
2164,8
2165,16
2166,0
2167,0
2168,0
2169,0
2170,0
2171,8
2172,0
2173,0
2174,8
2175,0
2176,8
2177,0
2178,0
2179,8
2180,0
2181,0
2182,0
2183,8
2184,8
2185,0
2186,0
2187,0
2188,8
2189,0
2190,0
2191,8
2192,0
2193,0
2194,8
2195,-8
2196,-8
2197,8
2198,8
2199,0
2200,8
2201,0
2202,0
2203,0
2204,0
2205,-8
2206,8
2207,0
2208,0
2209,-8
2210,0
2211,-8
2212,0
2213,0
2214,8
2215,0
2216,8
2217,16
2218,0
2219,0
2220,0
2221,8
2222,0
2223,8
2224,0
2225,0
2226,-8
2227,8
2228,0
2229,24
2230,0
2231,-8
2232,8
2233,-8
2234,-8
2235,-8
2236,8
2237,0
2238,0
2239,-8
2240,-8
2241,0
2242,0
2243,8
2244,0
2245,0
2246,0
2247,8
2248,0
2249,-8
2250,0
2251,0
2252,0
2253,-8
2254,8
2255,8
2256,0
2257,-8
2258,0
2259,8
2260,0
2261,8
2262,0
2263,0
2264,8
2265,8
2266,8
2267,-8
2268,8
2269,8
2270,0
2271,0
2272,0
2273,0
2274,0
2275,8
2276,-8
2277,0
2278,0
2279,0
2280,0
2281,0
2282,0
2283,0
2284,0
2285,0
2286,8
2287,0
2288,-8
2289,0
2290,-8
2291,0
2292,0
2293,0
2294,0
2295,0
2296,-8
2297,0
2298,0
2299,0
2300,0
2301,0
2302,8
2303,0
2304,0
2305,0
2306,-8
2307,0
2308,0
2309,-8
2310,0
2311,0
2312,8
2313,8
2314,0
2315,0
2316,8
2317,0
2318,0
2319,8
2320,0
2321,8
2322,8
2323,0
2324,0
2325,0
2326,0
2327,8
2328,-8
2329,8
2330,8
2331,8
2332,8
2333,8
2334,0
2335,0
2336,8
2337,8
2338,-8
2339,8
2340,0
2341,0
2342,0
2343,0
2344,0
2345,0
2346,8
2347,16
2348,0
2349,8
2350,0
2351,24
2352,0
2353,0
2354,0
2355,-8
2356,8
2357,16
2358,0
2359,0
2360,8
2361,8
2362,0
2363,8
2364,8
2365,8
2366,24
2367,0
2368,0
2369,8
2370,0
2371,0
2372,8
2373,0
2374,0
2375,8
2376,8
2377,0
2378,8
2379,8
2380,0
2381,8
2382,0
2383,0
2384,0
2385,8
2386,0
2387,8
2388,8
2389,0
2390,0
2391,0
2392,0
2393,0
2394,8
2395,0
2396,0
2397,0
2398,16
2399,0
2400,8
2401,0
2402,8
2403,0
2404,0
2405,8
2406,8
2407,0
2408,8
2409,8
2410,0
2411,0
2412,0
2413,8
2414,0
2415,8
2416,8
2417,0
2418,0
2419,8
2420,0
2421,8
2422,8
2423,0
2424,0
2425,0
2426,0
2427,8
2428,0
2429,0
2430,0
2431,0
2432,8
2433,0
2434,8
2435,8
2436,8
2437,8
2438,0
2439,0
2440,-8
2441,0
2442,0
2443,-8
2444,0
2445,0
2446,0
2447,0
2448,8
2449,0
2450,8
2451,0
2452,8
2453,0
2454,24
2455,8
2456,8
2457,0
2458,0
2459,0
2460,0
2461,0
2462,0
2463,8
2464,8
2465,8
2466,0
2467,8
2468,8
2469,0
2470,0
2471,0
2472,0
2473,0
2474,0
2475,0
2476,0
2477,8
2478,0
2479,0
2480,8
2481,8
2482,0
2483,0
2484,0
2485,8
2486,0
2487,8
2488,0
2489,24
2490,8
2491,0
2492,8
2493,8
2494,8
2495,8
2496,8
2497,8
2498,0
2499,8
2500,8
2501,-8
2502,0
2503,0
2504,0
2505,0
2506,0
2507,8
2508,8
2509,8
2510,8
2511,0
2512,8
2513,8
2514,0
2515,0
2516,8
2517,8
2518,8
2519,0
2520,8
2521,8
2522,8
2523,-8
2524,0
2525,0
2526,0
2527,16
2528,0
2529,0
2530,8
2531,8
2532,0
2533,0
2534,0
2535,-8
2536,0
2537,0
2538,0
2539,0
2540,0
2541,0
2542,0
2543,16
2544,0
2545,0
2546,8
2547,0
2548,-8
2549,8
2550,0
2551,8
2552,8
2553,24
2554,0
2555,16
2556,8
2557,0
2558,0
2559,8
2560,8
2561,8
2562,0
2563,0
2564,8
2565,24
2566,8
2567,8
2568,0
2569,0
2570,8
2571,8
2572,8
2573,0
2574,0
2575,0
2576,0
2577,0
2578,0
2579,-16
2580,0
2581,8
2582,-8
2583,0
2584,0
2585,0
2586,0
2587,8
2588,0
2589,0
2590,0
2591,8
2592,8
2593,0
2594,-8
2595,0
2596,0
2597,0
2598,0
2599,8
2600,0
2601,8
2602,8
2603,0
2604,0
2605,8
2606,0
2607,-8
2608,0
2609,0
2610,8
2611,0
2612,0
2613,-8
2614,8
2615,8
2616,0
2617,0
2618,8
2619,-8
2620,0
2621,8
2622,-8
2623,8
2624,0
2625,8
2626,0
2627,0
2628,8
2629,0
2630,8
2631,0
2632,0
2633,8
2634,0
2635,0
2636,8
2637,8
2638,8
2639,0
2640,8
2641,0
2642,0
2643,0
2644,0
2645,8
2646,8
2647,0
2648,8
2649,0
2650,0
2651,8
2652,0
2653,0
2654,24
2655,0
2656,0
2657,8
2658,8
2659,-8
2660,16
2661,8
2662,8
2663,8
2664,8
2665,8
2666,8
2667,0
2668,8
2669,0
2670,8
2671,0
2672,24
2673,0
2674,-8
2675,8
2676,0
2677,8
2678,8
2679,8
2680,0
2681,0
2682,0
2683,8
2684,0
2685,8
2686,8
2687,0
2688,0
2689,0
2690,0
2691,0
2692,-8
2693,0
2694,0
2695,8
2696,-8
2697,8
2698,8
2699,0
2700,0
2701,0
2702,0
2703,8
2704,0
2705,0
2706,0
2707,0
2708,8
2709,0
2710,0
2711,0
2712,0
2713,0
2714,0
2715,0
2716,0
2717,8
2718,0
2719,8
2720,8
2721,0
2722,24
2723,8
2724,0
2725,8
2726,8
2727,8
2728,8
2729,8
2730,0
2731,0
2732,8
2733,0
2734,8
2735,8
2736,8
2737,0
2738,-8
2739,0
2740,0
2741,0
2742,0
2743,0
2744,0
2745,-8
2746,0
2747,8
2748,0
2749,0
2750,8
2751,8
2752,8
2753,0
2754,8
2755,0
2756,0
2757,8
2758,8
2759,8
2760,0
2761,0
2762,0
2763,0
2764,0
2765,0
2766,8
2767,0
2768,8
2769,0
2770,0
2771,0
2772,0
2773,8
2774,0
2775,0
2776,8
2777,0
2778,8
2779,8
2780,0
2781,0
2782,-16
2783,8
2784,0
2785,0
2786,0
2787,-8
2788,8
2789,0
2790,0
2791,0
2792,8
2793,8
2794,0
2795,8
2796,8
2797,8
2798,-8
2799,0
2800,0
2801,0
2802,0
2803,0
2804,0
2805,8
2806,0
2807,0
2808,0
2809,0
2810,0
2811,0
2812,0
2813,8
2814,0
2815,0
2816,0
2817,0
2818,8
2819,0
2820,0
2821,0
2822,0
2823,0
2824,0
2825,8
2826,0
2827,0
2828,0
2829,8
2830,0
2831,0
2832,8
2833,0
2834,0
2835,-8
2836,8
2837,8
2838,0
2839,0
2840,-8
2841,0
2842,-8
2843,-8
2844,8
2845,8
2846,0
2847,-8
2848,0
2849,0
2850,-8
2851,0
2852,0
2853,0
2854,0
2855,-8
2856,8
2857,0
2858,-8
2859,0
2860,8
2861,8
2862,-8
2863,0
2864,-8
2865,8
2866,0
2867,0
2868,0
2869,-8
2870,0
2871,-8
2872,0
2873,0
2874,0
2875,0
2876,-16
2877,0
2878,0
2879,8
2880,0
2881,0
2882,-8
2883,-8
2884,8
2885,8
2886,-8
2887,0
2888,0
2889,-8
2890,8
2891,8
2892,0
2893,0
2894,0
2895,0
2896,8
2897,0
2898,0
2899,0
2900,8
2901,0
2902,8
2903,-8
2904,0
2905,0
2906,0
2907,0
2908,0
2909,0
2910,8
2911,8
2912,8
2913,0
2914,0
2915,8
2916,8
2917,8
2918,0
2919,0
2920,0
2921,8
2922,0
2923,8
2924,0
2925,0
2926,0
2927,8
2928,8
2929,0
2930,0
2931,0
2932,0
2933,0
2934,8
2935,8
2936,8
2937,-8
2938,0
2939,0
2940,-8
2941,0
2942,0
2943,-8
2944,0
2945,0
2946,0
2947,8
2948,0
2949,8
2950,8
2951,0
2952,8
2953,0
2954,0
2955,8
2956,0
2957,8
2958,0
2959,0
2960,-8
2961,0
2962,-8
2963,0
2964,8
2965,-16
2966,0
2967,8
2968,8
2969,0
2970,0
2971,8
2972,8
2973,8
2974,8
2975,-8
2976,0
2977,0
2978,0
2979,0
2980,-8
2981,8
2982,0
2983,0
2984,-8
2985,0
2986,8
2987,0
2988,0
2989,8
2990,0
2991,0
2992,-16
2993,8
2994,0
2995,8
2996,-8
2997,0
2998,0
2999,8
3000,-8
3001,8
3002,0
3003,8
3004,0
3005,8
3006,0
3007,8
3008,8
3009,0
3010,-8
3011,8
3012,16
3013,0
3014,8
3015,0
3016,0
3017,0
3018,8
3019,8
3020,0
3021,8
3022,-8
3023,0
3024,8
3025,0
3026,8
3027,24
3028,8
3029,8
3030,16
3031,8
3032,8
3033,8
3034,8
3035,0
3036,0
3037,0
3038,24
3039,0
3040,8
3041,8
3042,8
3043,8
3044,0
3045,0
3046,0
3047,8
3048,0
3049,0
3050,0
3051,0
3052,8
3053,8
3054,8
3055,8
3056,0
3057,0
3058,0
3059,-8
3060,0
3061,0
3062,0
3063,8
3064,0
3065,8
3066,-8
3067,0
3068,0
3069,0
3070,-16
3071,0
3072,8
3073,-8
3074,-8
3075,8
3076,8
3077,0
3078,-8
3079,8
3080,0
3081,8
3082,0
3083,0
3084,8
3085,0
3086,0
3087,8
3088,0
3089,8
3090,0
3091,8
3092,0
3093,8
3094,0
3095,0
3096,0
3097,0
3098,-8
3099,8
3100,8
3101,-8
3102,8
3103,8
3104,0
3105,-8
3106,8
3107,0
3108,0
3109,-8
3110,0
3111,0
3112,8
3113,-8
3114,-8
3115,8
3116,0
3117,8
3118,0
3119,8
3120,8
3121,0
3122,0
3123,8
3124,8
3125,8
3126,0
3127,8
3128,8
3129,8
3130,8
3131,0
3132,8
3133,8
3134,8
3135,8
3136,0
3137,8
3138,-8
3139,0
3140,8
3141,8
3142,16
3143,0
3144,0
3145,0
3146,0
3147,-8
3148,0
3149,0
3150,8
3151,0
3152,16
3153,8
3154,8
3155,8
3156,0
3157,8
3158,8
3159,8
3160,0
3161,8
3162,0
3163,8
3164,8
3165,16
3166,-8
3167,-8
3168,-8
3169,24
3170,8
3171,8
3172,8
3173,8
3174,0
3175,0
3176,8
3177,8
3178,0
3179,8
3180,8
3181,0
3182,0
3183,0
3184,0
3185,0
3186,0
3187,-8
3188,0
3189,0
3190,8
3191,0
3192,8
3193,24
3194,0
3195,0
3196,0
3197,0
3198,-8
3199,8
3200,8
3201,0
3202,8
3203,0
3204,8
3205,8
3206,8
3207,0
3208,0
3209,8
3210,0
3211,0
3212,0
3213,8
3214,0
3215,8
3216,0
3217,8
3218,0
3219,0
3220,-8
3221,0
3222,8
3223,0
3224,0
3225,0
3226,16
3227,8
3228,0
3229,0
3230,8
3231,8
3232,8
3233,0
3234,8
3235,0
3236,0
3237,0
3238,0
3239,0
3240,16
3241,0
3242,0
3243,16
3244,24
3245,8
3246,0
3247,8
3248,8
3249,8
3250,8
3251,0
3252,8
3253,0
3254,24
3255,8
3256,8
3257,24
3258,0
3259,0
3260,0
3261,0
3262,24
3263,8
3264,24
3265,0
3266,8
3267,8
3268,0
3269,0
3270,0
3271,8
3272,0
3273,0
3274,8
3275,16
3276,8
3277,8
3278,0
3279,8
3280,0
3281,0
3282,8
3283,8
3284,8
3285,0
3286,8
3287,0
3288,0
3289,8
3290,16
3291,0
3292,0
3293,8
3294,0
3295,0
3296,8
3297,8
3298,0
3299,0
3300,8
3301,0
3302,8
3303,0
3304,8
3305,8
3306,24
3307,24
3308,8
3309,0
3310,16
3311,0
3312,0
3313,8
3314,0
3315,8
3316,8
3317,16
3318,0
3319,0
3320,0
3321,8
3322,8
3323,0
3324,0
3325,0
3326,8
3327,8
3328,8
3329,8
3330,0
3331,8
3332,0
3333,16
3334,0
3335,8
3336,8
3337,0
3338,8
3339,8
3340,0
3341,0
3342,8
3343,0
3344,0
3345,0
3346,8
3347,0
3348,8
3349,0
3350,0
3351,0
3352,8
3353,8
3354,24
3355,8
3356,8
3357,0
3358,8
3359,0
3360,0
3361,0
3362,8
3363,24
3364,8
3365,0
3366,0
3367,8
3368,8
3369,0
3370,8
3371,0
3372,8
3373,-8
3374,16
3375,0
3376,0
3377,0
3378,0
3379,8
3380,0
3381,0
3382,24
3383,8
3384,8
3385,0
3386,8
3387,0
3388,0
3389,0
3390,0
3391,8
3392,8
3393,8
3394,8
3395,8
3396,0
3397,0
3398,8
3399,0
3400,24
3401,0
3402,8
3403,24
3404,8
3405,8
3406,8
3407,8
3408,0
3409,0
3410,0
3411,8
3412,0
3413,8
3414,0
3415,-8
3416,0
3417,0
3418,8
3419,0
3420,0
3421,-8
3422,8
3423,8
3424,-16
3425,8
3426,0
3427,0
3428,-8
3429,8
3430,0
3431,0
3432,0
3433,0
3434,0
3435,8
3436,0
3437,8
3438,8
3439,0
3440,-8
3441,8
3442,0
3443,8
3444,0
3445,0
3446,8
3447,16
3448,0
3449,0
3450,0
3451,8
3452,16
3453,8
3454,8
3455,0
3456,8
3457,0
3458,0
3459,8
3460,0
3461,0
3462,24
3463,8
3464,0
3465,8
3466,0
3467,8
3468,0
3469,0
3470,0
3471,8
3472,8
3473,0
3474,8
3475,0
3476,8
3477,8
3478,0
3479,8
3480,8
3481,-8
3482,0
3483,8
3484,-8
3485,0
3486,0
3487,0
3488,8
3489,8
3490,0
3491,8
3492,8
3493,8
3494,0
3495,8
3496,8
3497,0
3498,0
3499,8
3500,0
3501,8
3502,0
3503,16
3504,-8
3505,8
3506,0
3507,0
3508,8
3509,0
3510,0
3511,0
3512,8
3513,0
3514,0
3515,0
3516,-8
3517,8
3518,8
3519,0
3520,0
3521,8
3522,0
3523,8
3524,8
3525,0
3526,0
3527,8
3528,-8
3529,0
3530,0
3531,8
3532,8
3533,0
3534,0
3535,0
3536,0
3537,8
3538,0
3539,0
3540,0
3541,0
3542,0
3543,0
3544,0
3545,0
3546,0
3547,0
3548,8
3549,8
3550,8
3551,0
3552,8
3553,8
3554,8
3555,0
3556,0
3557,0
3558,0
3559,0
3560,0
3561,8
3562,8
3563,0
3564,0
3565,0
3566,8
3567,0
3568,0
3569,8
3570,8
3571,-8
3572,8
3573,8
3574,8
3575,0
3576,16
3577,16
3578,0
3579,8
3580,0
3581,8
3582,8
3583,24
3584,0
3585,8
3586,0
3587,0
3588,0
3589,8
3590,0
3591,0
3592,0
3593,0
3594,8
3595,0
3596,0
3597,8
3598,0
3599,8
3600,0
3601,8
3602,0
3603,0
3604,0
3605,0
3606,8
3607,0
3608,0
3609,0
3610,0
3611,8
3612,-8
3613,8
3614,0
3615,-8
3616,0
3617,0
3618,0
3619,0
3620,0
3621,8
3622,8
3623,0
3624,-8
3625,0
3626,8
3627,8
3628,-8
3629,0
3630,8
3631,8
3632,0
3633,8
3634,8
3635,0
3636,8
3637,0
3638,0
3639,0
3640,8
3641,0
3642,8
3643,0
3644,0
3645,16
3646,8
3647,8
3648,8
3649,0
3650,8
3651,-8
3652,8
3653,8
3654,0
3655,0
3656,-8
3657,-8
3658,8
3659,8
3660,8
3661,0
3662,0
3663,0
3664,8
3665,16
3666,8
3667,0
3668,8
3669,16
3670,0
3671,8
3672,0
3673,0
3674,-8
3675,0
3676,8
3677,8
3678,24
3679,0
3680,8
3681,8
3682,0
3683,0
3684,8
3685,8
3686,0
3687,16
3688,0
3689,8
3690,8
3691,8
3692,8
3693,8
3694,0
3695,0
3696,0
3697,8
3698,0
3699,0
3700,8
3701,-8
3702,8
3703,0
3704,8
3705,8
3706,0
3707,-8
3708,24
3709,8
3710,0
3711,0
3712,0
3713,0
3714,8
3715,8
3716,0
3717,0
3718,8
3719,8
3720,0
3721,0
3722,8
3723,8
3724,0
3725,8
3726,8
3727,8
3728,0
3729,0
3730,0
3731,8
3732,8
3733,0
3734,0
3735,8
3736,0
3737,0
3738,0
3739,8
3740,0
3741,0
3742,-8
3743,0
3744,0
3745,8
3746,0
3747,8
3748,8
3749,0
3750,-8
3751,0
3752,0
3753,8
3754,8
3755,0
3756,8
3757,8
3758,8
3759,0
3760,0
3761,8
3762,8
3763,0
3764,0
3765,8
3766,0
3767,24
3768,24
3769,8
3770,8
3771,8
3772,16
3773,0
3774,8
3775,8
3776,8
3777,0
3778,0
3779,0
3780,8
3781,0
3782,0
3783,8
3784,8
3785,8
3786,0
3787,0
3788,8
3789,0
3790,8
3791,-8
3792,-8
3793,8
3794,0
3795,0
3796,0
3797,8
3798,8
3799,0
3800,0
3801,-8
3802,16
3803,8
3804,0
3805,0
3806,0
3807,8
3808,0
3809,8
3810,8
3811,8
3812,8
3813,0
3814,0
3815,0
3816,0
3817,8
3818,8
3819,0
3820,8
3821,8
3822,8
3823,0
3824,8
3825,-8
3826,-8
3827,-8
3828,-16
3829,0
3830,8
3831,0
3832,0
3833,8
3834,0
3835,-8
3836,0
3837,-8
3838,-8
3839,0
3840,0
3841,8
3842,-8
3843,0
3844,-8
3845,0
3846,0
3847,8
3848,8
3849,-8
3850,-8
3851,-8
3852,0
3853,-8
3854,0
3855,8
3856,0
3857,0
3858,0
3859,8
3860,8
3861,0
3862,-8
3863,8
3864,0
3865,0
3866,8
3867,-8
3868,0
3869,0
3870,0
3871,-8
3872,0
3873,8
3874,8
3875,0
3876,0
3877,-8
3878,0
3879,8
3880,0
3881,0
3882,0
3883,-8
3884,0
3885,-8
3886,8
3887,0
3888,8
3889,8
3890,24
3891,0
3892,8
3893,-8
3894,0
3895,0
3896,8
3897,0
3898,0
3899,8
3900,0
3901,0
3902,-8
3903,0
3904,0
3905,0
3906,8
3907,0
3908,8
3909,0
3910,0
3911,-8
3912,0
3913,8
3914,8
3915,0
3916,0
3917,0
3918,0
3919,8
3920,0
3921,0
3922,8
3923,24
3924,8
3925,0
3926,0
3927,0
3928,8
3929,0
3930,0
3931,0
3932,24
3933,0
3934,0
3935,8
3936,8
3937,8
3938,8
3939,8
3940,0
3941,0
3942,0
3943,0
3944,8
3945,0
3946,8
3947,8
3948,0
3949,0
3950,-8
3951,8
3952,24
3953,8
3954,8
3955,16
3956,8
3957,0
3958,8
3959,0
3960,8
3961,8
3962,8
3963,0
3964,0
3965,0
3966,8
3967,8
3968,0
3969,8
3970,8
3971,8
3972,0
3973,8
3974,8
3975,16
3976,8
3977,0
3978,0
3979,16
3980,8
3981,-8
3982,0
3983,0
3984,0
3985,0
3986,0
3987,8
3988,0
3989,24
3990,8
3991,0
3992,0
3993,16
3994,16
3995,0
3996,8
3997,8
3998,8
3999,8
4000,0
4001,-8
4002,-8
4003,0
4004,16
4005,0
4006,0
4007,0
4008,0
4009,0
4010,0
4011,8
4012,0
4013,0
4014,0
4015,0
4016,8
4017,8
4018,8
4019,8
4020,0
4021,0
4022,8
4023,8
4024,8
4025,0
4026,0
4027,0
4028,0
4029,8
4030,0
4031,0
4032,0
4033,-8
4034,0
4035,-8
4036,0
4037,8
4038,0
4039,0
4040,8
4041,0
4042,0
4043,8
4044,0
4045,8
4046,8
4047,8
4048,16
4049,0
4050,0
4051,8
4052,0
4053,0
4054,0
4055,0
4056,8
4057,0
4058,8
4059,8
4060,8
4061,8
4062,0
4063,0
4064,8
4065,0
4066,8
4067,8
4068,-8
4069,8
4070,8
4071,8
4072,8
4073,8
4074,8
4075,0
4076,0
4077,-8
4078,0
4079,8
4080,0
4081,0
4082,8
4083,0
4084,8
4085,24
4086,0
4087,0
4088,0
4089,0
4090,0
4091,8
4092,8
4093,8
4094,0
4095,-8
4096,0
4097,0
4098,0
4099,0
4100,0
4101,0
4102,-8
4103,0
4104,8
4105,0
4106,-8
4107,8
4108,8
4109,0
4110,-8
4111,0
4112,0
4113,-8
4114,0
4115,0
4116,-8
4117,0
4118,8
4119,8
4120,0
4121,0
4122,0
4123,0
4124,0
4125,-8
4126,-8
4127,8
4128,8
4129,8
4130,0
4131,-8
4132,-8
4133,0
4134,-8
4135,8
4136,-8
4137,8
4138,16
4139,-8
4140,0
4141,-8
4142,8
4143,-8
4144,0
4145,0
4146,0
4147,8
4148,0
4149,0
4150,-8
4151,-8
4152,0
4153,8
4154,0
4155,0
4156,0
4157,0
4158,0
4159,0
4160,0
4161,8
4162,-8
4163,-8
4164,0
4165,0
4166,8
4167,8
4168,8
4169,0
4170,0
4171,0
4172,0
4173,0
4174,8
4175,0
4176,0
4177,0
4178,0
4179,0
4180,8
4181,0
4182,0
4183,-8
4184,0
4185,16
4186,0
4187,-8
4188,0
4189,8
4190,0
4191,0
4192,0
4193,-8
4194,0
4195,0
4196,0
4197,0
4198,0
4199,0
4200,8
4201,8
4202,8
4203,0
4204,8
4205,8
4206,0
4207,0
4208,16
4209,-8
4210,0
4211,8
4212,0
4213,-8
4214,0
4215,0
4216,0
4217,0
4218,0
4219,0
4220,8
4221,0
4222,8
4223,8
4224,-8
4225,0
4226,0
4227,0
4228,8
4229,0
4230,0
4231,0
4232,0
4233,-8
4234,0
4235,-8
4236,0
4237,-8
4238,0
4239,8
4240,-8
4241,8
4242,8
4243,-8
4244,-16
4245,-8
4246,0
4247,0
4248,0
4249,-8
4250,0
4251,8
4252,-8
4253,8
4254,0
4255,0
4256,8
4257,0
4258,8
4259,-8
4260,8
4261,8
4262,8
4263,0
4264,0
4265,0
4266,8
4267,0
4268,0
4269,0
4270,8
4271,8
4272,0
4273,0
4274,0
4275,8
4276,0
4277,0
4278,0
4279,-8
4280,8
4281,24
4282,8
4283,8
4284,0
4285,0
4286,-8
4287,-8
4288,0
4289,0
4290,0
4291,8
4292,8
4293,-8
4294,8
4295,0
4296,0
4297,-8
4298,0
4299,-8
4300,16
4301,8
4302,0
4303,-8
4304,16
4305,8
4306,0
4307,0
4308,0
4309,8
4310,0
4311,0
4312,0
4313,8
4314,8
4315,8
4316,0
4317,-8
4318,0
4319,0
4320,0
4321,8
4322,0
4323,8
4324,0
4325,0
4326,24
4327,8
4328,0
4329,0
4330,-8
4331,0
4332,0
4333,8
4334,0
4335,0
4336,0
4337,0
4338,0
4339,0
4340,-8
4341,0
4342,0
4343,0
4344,8
4345,0
4346,0
4347,8
4348,0
4349,0
4350,0
4351,0
4352,8
4353,0
4354,0
4355,8
4356,0
4357,0
4358,0
4359,-8
4360,8
4361,-8
4362,0
4363,0
4364,8
4365,-8
4366,-8
4367,0
4368,8
4369,0
4370,-8
4371,0
4372,0
4373,-8
4374,8
4375,8
4376,0
4377,0
4378,0
4379,16
4380,0
4381,0
4382,0
4383,0
4384,-8
4385,8
4386,0
4387,0
4388,8
4389,-8
4390,0
4391,0
4392,0
4393,0
4394,0
4395,8
4396,8
4397,8
4398,-8
4399,0
4400,8
4401,0
4402,8
4403,0
4404,0
4405,0
4406,0
4407,0
4408,0
4409,0
4410,-8
4411,-8
4412,-8
4413,0
4414,0
4415,0
4416,0
4417,8
4418,0
4419,0
4420,8
4421,0
4422,8
4423,-8
4424,0
4425,-8
4426,0
4427,0
4428,0
4429,8
4430,-8
4431,8
4432,0
4433,0
4434,0
4435,0
4436,0
4437,8
4438,0
4439,8
4440,8
4441,0
4442,0
4443,0
4444,0
4445,0
4446,16
4447,-8
4448,0
4449,0
4450,0
4451,-8
4452,0
4453,-8
4454,-8
4455,0
4456,-8
4457,8
4458,0
4459,8
4460,0
4461,0
4462,0
4463,-8
4464,0
4465,8
4466,0
4467,-8
4468,8
4469,8
4470,8
4471,0
4472,0
4473,8
4474,0
4475,0
4476,0
4477,8
4478,8
4479,8
4480,-8
4481,-8
4482,8
4483,-8
4484,8
4485,0
4486,0
4487,0
4488,0
4489,0
4490,0
4491,0
4492,0
4493,0
4494,0
4495,0
4496,8
4497,0
4498,0
4499,0
4500,8
4501,0
4502,0
4503,0
4504,-8
4505,8
4506,0
4507,0
4508,0
4509,0
4510,0
4511,0
4512,8
4513,8
4514,0
4515,0
4516,8
4517,0
4518,0
4519,0
4520,0
4521,-8
4522,8
4523,0
4524,0
4525,0
4526,0
4527,0
4528,8
4529,8
4530,0
4531,24
4532,8
4533,0
4534,0
4535,0
4536,8
4537,-8
4538,0
4539,0
4540,0
4541,0
4542,8
4543,0
4544,8
4545,0
4546,0
4547,0
4548,8
4549,0
4550,8
4551,0
4552,0
4553,0
4554,0
4555,8
4556,16
4557,0
4558,8
4559,0
4560,0
4561,0
4562,8
4563,0
4564,8
4565,8
4566,8
4567,0
4568,24
4569,0
4570,8
4571,0
4572,8
4573,0
4574,0
4575,0
4576,0
4577,0
4578,8
4579,0
4580,0
4581,0
4582,-8
4583,-8
4584,-8
4585,8
4586,8
4587,0
4588,0
4589,8
4590,24
4591,8
4592,8
4593,0
4594,0
4595,-8
4596,0
4597,0
4598,0
4599,0
4600,-8
4601,0
4602,0
4603,0
4604,-8
4605,0
4606,8
4607,0
4608,-8
4609,8
4610,0
4611,0
4612,0
4613,0
4614,8
4615,0
4616,8
4617,0
4618,0
4619,0
4620,8
4621,8
4622,8
4623,0
4624,0
4625,0
4626,8
4627,-8
4628,0
4629,0
4630,0
4631,0
4632,0
4633,8
4634,8
4635,8
4636,0
4637,8
4638,0
4639,0
4640,0
4641,8
4642,0
4643,-8
4644,0
4645,8
4646,8
4647,0
4648,8
4649,-8
4650,8
4651,0
4652,0
4653,8
4654,8
4655,0
4656,0
4657,0
4658,8
4659,8
4660,0
4661,0
4662,0
4663,8
4664,-8
4665,24
4666,0
4667,0
4668,0
4669,0
4670,0
4671,0
4672,8
4673,0
4674,8
4675,8
4676,0
4677,0
4678,-8
4679,0
4680,16
4681,-8
4682,0
4683,8
4684,8
4685,0
4686,-8
4687,24
4688,0
4689,0
4690,8
4691,0
4692,0
4693,8
4694,0
4695,0
4696,0
4697,-8
4698,8
4699,8
4700,0
4701,-8
4702,0
4703,0
4704,0
4705,8
4706,8
4707,8
4708,8
4709,0
4710,8
4711,8
4712,8
4713,0
4714,0
4715,8
4716,8
4717,8
4718,0
4719,8
4720,8
4721,0
4722,0
4723,8
4724,-8
4725,8
4726,-8
4727,8
4728,0
4729,8
4730,0
4731,8
4732,8
4733,-8
4734,8
4735,8
4736,0
4737,0
4738,8
4739,0
4740,8
4741,8
4742,0
4743,8
4744,0
4745,8
4746,16
4747,8
4748,0
4749,8
4750,8
4751,0
4752,0
4753,8
4754,8
4755,0
4756,8
4757,8
4758,-8
4759,0
4760,8
4761,0
4762,16
4763,0
4764,0
4765,8
4766,0
4767,0
4768,8
4769,0
4770,0
4771,0
4772,8
4773,8
4774,0
4775,0
4776,8
4777,0
4778,0
4779,8
4780,0
4781,0
4782,8
4783,8
4784,0
4785,0
4786,-8
4787,0
4788,0
4789,8
4790,8
4791,0
4792,0
4793,0
4794,8
4795,8
4796,8
4797,8
4798,0
4799,8
4800,8
4801,0
4802,0
4803,0
4804,0
4805,8
4806,0
4807,0
4808,0
4809,8
4810,0
4811,0
4812,0
4813,0
4814,8
4815,0
4816,8
4817,8
4818,0
4819,0
4820,0
4821,8
4822,0
4823,0
4824,8
4825,0
4826,8
4827,-8
4828,8
4829,24
4830,0
4831,0
4832,8
4833,8
4834,0
4835,0
4836,0
4837,0
4838,-8
4839,0
4840,-8
4841,-8
4842,8
4843,8
4844,8
4845,0
4846,8
4847,0
4848,0
4849,8
4850,0
4851,0
4852,16
4853,0
4854,0
4855,8
4856,0
4857,0
4858,-8
4859,8
4860,16
4861,16
4862,0
4863,24
4864,8
4865,8
4866,8
4867,16
4868,16
4869,0
4870,8
4871,8
4872,8
4873,8
4874,0
4875,8
4876,0
4877,8
4878,16
4879,0
4880,8
4881,8
4882,0
4883,0
4884,8
4885,0
4886,8
4887,16
4888,8
4889,8
4890,0
4891,0
4892,16
4893,8
4894,0
4895,8
4896,16
4897,0
4898,0
4899,0
4900,-8
4901,0
4902,-8
4903,0
4904,8
4905,8
4906,0
4907,0
4908,8
4909,8
4910,8
4911,0
4912,8
4913,16
4914,0
4915,-8
4916,0
4917,8
4918,0
4919,0
4920,16
4921,8
4922,0
4923,8
4924,0
4925,8
4926,0
4927,8
4928,0
4929,8
4930,24
4931,8
4932,8
4933,0
4934,0
4935,0
4936,8
4937,8
4938,0
4939,8
4940,16
4941,0
4942,0
4943,8
4944,8
4945,0
4946,8
4947,8
4948,0
4949,16
4950,0
4951,16
4952,0
4953,0
4954,0
4955,8
4956,0
4957,8
4958,0
4959,-8
4960,8
4961,0
4962,0
4963,8
4964,0
4965,8
4966,0
4967,16
4968,0
4969,0
4970,0
4971,16
4972,0
4973,0
4974,0
4975,8
4976,0
4977,0
4978,8
4979,0
4980,0
4981,0
4982,8
4983,0
4984,8
4985,0
4986,0
4987,0
4988,0
4989,8
4990,8
4991,8
4992,-8
4993,8
4994,16
4995,-8
4996,0
4997,8
4998,16
4999,0
5000,8
5001,0
5002,8
5003,0
5004,0
5005,0
5006,0
5007,0
5008,0
5009,0
5010,0
5011,8
5012,-8
5013,0
5014,-8
5015,8
5016,0
5017,0
5018,0
5019,8
5020,8
5021,0
5022,8
5023,8
5024,0
5025,0
5026,8
5027,0
5028,0
5029,8
5030,8
5031,8
5032,8
5033,16
5034,24
5035,0
5036,0
5037,0
5038,8
5039,0
5040,8
5041,0
5042,8
5043,0
5044,8
5045,8
5046,-8
5047,0
5048,0
5049,0
5050,8
5051,0
5052,0
5053,0
5054,8
5055,0
5056,8
5057,0
5058,16
5059,0
5060,0
5061,24
5062,0
5063,0
5064,0
5065,0
5066,8
5067,0
5068,0
5069,8
5070,-8
5071,0
5072,0
5073,0
5074,8
5075,8
5076,8
5077,0
5078,0
5079,8
5080,8
5081,0
5082,0
5083,0
5084,0
5085,0
5086,8
5087,0
5088,8
5089,8
5090,8
5091,0
5092,0
5093,0
5094,8
5095,8
5096,0
5097,8
5098,0
5099,0
5100,0
5101,0
5102,0
5103,-8
5104,0
5105,0
5106,8
5107,0
5108,0
5109,0
5110,0
5111,0
5112,0
5113,0
5114,0
5115,8
5116,0
5117,0
5118,8
5119,8
5120,8
5121,8
5122,8
5123,0
5124,-8
5125,0
5126,0
5127,0
5128,0
5129,0
5130,0
5131,0
5132,8
5133,8
5134,8
5135,0
5136,0
5137,0
5138,0
5139,0
5140,0
5141,0
5142,0
5143,0
5144,0
5145,0
5146,8
5147,8
5148,0
5149,0
5150,8
5151,0
5152,8
5153,8
5154,0
5155,8
5156,0
5157,0
5158,0
5159,8
5160,8
5161,-8
5162,0
5163,0
5164,8
5165,0
5166,8
5167,0
5168,0
5169,0
5170,8
5171,0
5172,0
5173,0
5174,0
5175,0
5176,0
5177,0
5178,0
5179,0
5180,0
5181,0
5182,0
5183,0
5184,0
5185,8
5186,-8
5187,8
5188,-8
5189,0
5190,0
5191,0
5192,0
5193,0
5194,8
5195,8
5196,0
5197,0
5198,0
5199,0
5200,8
5201,0
5202,8
5203,8
5204,0
5205,8
5206,0
5207,8
5208,8
5209,8
5210,8
5211,0
5212,8
5213,8
5214,0
5215,0
5216,0
5217,8
5218,0
5219,8
5220,8
5221,0
5222,8
5223,8
5224,8
5225,0
5226,0
5227,0
5228,8
5229,0
5230,8
5231,16
5232,8
5233,0
5234,0
5235,0
5236,8
5237,8
5238,0
5239,8
5240,0
5241,0
5242,8
5243,0
5244,8
5245,8
5246,0
5247,0
5248,0
5249,0
5250,0
5251,0
5252,8
5253,0
5254,8
5255,8
5256,8
5257,8
5258,8
5259,8
5260,0
5261,8
5262,16
5263,8
5264,8
5265,8
5266,0
5267,8
5268,0
5269,16
5270,16
5271,0
5272,0
5273,8
5274,8
5275,0
5276,8
5277,0
5278,-8
5279,16
5280,0
5281,0
5282,8
5283,0
5284,-8
5285,16
5286,8
5287,8
5288,0
5289,8
5290,8
5291,8
5292,8
5293,0
5294,0
5295,-8
5296,0
5297,8
5298,8
5299,0
5300,24
5301,0
5302,8
5303,0
5304,0
5305,0
5306,0
5307,0
5308,0
5309,8
5310,0
5311,0
5312,8
5313,8
5314,8
5315,8
5316,0
5317,8
5318,0
5319,8
5320,8
5321,0
5322,8
5323,8
5324,0
5325,0
5326,0
5327,0
5328,8
5329,8
5330,0
5331,0
5332,0
5333,0
5334,-8
5335,8
5336,0
5337,8
5338,0
5339,8
5340,-8
5341,0
5342,8
5343,0
5344,-8
5345,0
5346,0
5347,0
5348,0
5349,8
5350,0
5351,0
5352,8
5353,0
5354,0
5355,0
5356,8
5357,8
5358,-8
5359,8
5360,0
5361,0
5362,0
5363,0
5364,0
5365,8
5366,8
5367,0
5368,0
5369,0
5370,0
5371,-8
5372,0
5373,0
5374,-8
5375,8
5376,0
5377,0
5378,0
5379,0
5380,0
5381,8
5382,0
5383,8
5384,0
5385,8
5386,0
5387,8
5388,0
5389,0
5390,0
5391,0
5392,-8
5393,8
5394,0
5395,0
5396,8
5397,8
5398,8
5399,0
5400,8
5401,8
5402,0
5403,0
5404,0
5405,0
5406,8
5407,0
5408,0
5409,8
5410,0
5411,0
5412,0
5413,8
5414,0
5415,0
5416,0
5417,0
5418,0
5419,8
5420,8
5421,0
5422,8
5423,0
5424,8
5425,0
5426,8
5427,0
5428,0
5429,0
5430,8
5431,0
5432,8
5433,0
5434,16
5435,8
5436,8
5437,0
5438,0
5439,0
5440,0
5441,0
5442,0
5443,0
5444,8
5445,8
5446,-8
5447,-8
5448,0
5449,0
5450,8
5451,0
5452,8
5453,0
5454,0
5455,8
5456,8
5457,8
5458,0
5459,8
5460,0
5461,0
5462,0
5463,0
5464,0
5465,0
5466,0
5467,0
5468,0
5469,0
5470,0
5471,0
5472,8
5473,0
5474,8
5475,8
5476,0
5477,8
5478,0
5479,0
5480,0
5481,0
5482,0
5483,0
5484,8
5485,8
5486,8
5487,0
5488,8
5489,0
5490,0
5491,0
5492,0
5493,0
5494,8
5495,0
5496,0
5497,8
5498,8
5499,0
5500,0
5501,0
5502,8
5503,0
5504,-8
5505,0
5506,8
5507,0
5508,0
5509,0
5510,0
5511,8
5512,0
5513,-8
5514,0
5515,0
5516,0
5517,0
5518,0
5519,-8
5520,-8
5521,0
5522,0
5523,0
5524,0
5525,0
5526,0
5527,8
5528,0
5529,0
5530,8
5531,8
5532,8
5533,-8
5534,0
5535,-8
5536,8
5537,0
5538,0
5539,-8
5540,0
5541,8
5542,0
5543,0
5544,0
5545,8
5546,0
5547,0
5548,8
5549,8
5550,-8
5551,8
5552,0
5553,0
5554,0
5555,0
5556,0
5557,-8
5558,8
5559,-8
5560,0
5561,0
5562,0
5563,0
5564,0
5565,0
5566,-8
5567,-8
5568,0
5569,0
5570,0
5571,0
5572,-8
5573,0
5574,8
5575,8
5576,0
5577,0
5578,0
5579,0
5580,0
5581,0
5582,0
5583,0
5584,0
5585,0
5586,8
5587,0
5588,0
5589,-8
5590,0
5591,-8
5592,0
5593,0
5594,0
5595,0
5596,0
5597,-8
5598,0
5599,0
5600,0
5601,0
5602,0
5603,8
5604,0
5605,0
5606,-8
5607,0
5608,0
5609,0
5610,0
5611,0
5612,8
5613,0
5614,0
5615,0
5616,8
5617,0
5618,8
5619,16
5620,0
5621,8
5622,8
5623,8
5624,0
5625,0
5626,0
5627,-8
5628,0
5629,8
5630,0
5631,0
5632,0
5633,8
5634,0
5635,0
5636,8
5637,-8
5638,0
5639,0
5640,8
5641,0
5642,8
5643,0
5644,-8
5645,8
5646,0
5647,0
5648,8
5649,8
5650,8
5651,8
5652,8
5653,0
5654,8
5655,0
5656,8
5657,8
5658,8
5659,16
5660,0
5661,0
5662,8
5663,-8
5664,0
5665,0
5666,8
5667,0
5668,-8
5669,0
5670,0
5671,0
5672,0
5673,16
5674,0
5675,0
5676,0
5677,8
5678,8
5679,0
5680,0
5681,8
5682,0
5683,0
5684,0
5685,8
5686,0
5687,0
5688,0
5689,0
5690,0
5691,8
5692,-8
5693,0
5694,0
5695,8
5696,0
5697,0
5698,0
5699,0
5700,24
5701,8
5702,24
5703,8
5704,8
5705,8
5706,8
5707,0
5708,8
5709,8
5710,0
5711,0
5712,0
5713,0
5714,0
5715,8
5716,0
5717,8
5718,8
5719,8
5720,0
5721,0
5722,0
5723,0
5724,0
5725,0
5726,8
5727,16
5728,0
5729,8
5730,-8
5731,0
5732,0
5733,0
5734,0
5735,0
5736,0
5737,0
5738,8
5739,0
5740,0
5741,0
5742,0
5743,0
5744,8
5745,0
5746,24
5747,0
5748,0
5749,8
5750,0
5751,8
5752,0
5753,8
5754,8
5755,8
5756,8
5757,8
5758,0
5759,8
5760,0
5761,0
5762,8
5763,0
5764,0
5765,8
5766,8
5767,0
5768,8
5769,8
5770,16
5771,8
5772,16
5773,0
5774,0
5775,-8
5776,8
5777,0
5778,16
5779,0
5780,8
5781,8
5782,0
5783,0
5784,8
5785,16
5786,8
5787,0
5788,8
5789,0
5790,0
5791,8
5792,0
5793,8
5794,8
5795,-8
5796,8
5797,8
5798,0
5799,24
5800,0
5801,8
5802,0
5803,16
5804,8
5805,8
5806,8
5807,0
5808,-8
5809,0
5810,8
5811,8
5812,8
5813,0
5814,8
5815,8
5816,8
5817,-8
5818,24
5819,0
5820,8
5821,0
5822,8
5823,0
5824,8
5825,8
5826,8
5827,8
5828,8
5829,16
5830,8
5831,0
5832,8
5833,8
5834,0
5835,8
5836,8
5837,-8
5838,8
5839,8
5840,0
5841,0
5842,8
5843,0
5844,8
5845,0
5846,0
5847,0
5848,-40
5849,144
5850,392
5851,24
5852,112
5853,96
5854,-24
5855,-40
5856,-120
5857,-104
5858,8
5859,8
5860,-72
5861,-120
5862,-96
5863,-32
5864,-24
5865,-56
5866,-40
5867,-24
5868,0
5869,-8
5870,-8
5871,24
5872,24
5873,8
5874,16
5875,16
5876,8
5877,16
5878,8
5879,0
5880,16
5881,8
5882,0
5883,0
5884,-8
5885,-8
5886,0
5887,0
5888,0
5889,0
5890,0
5891,24
5892,8
5893,16
5894,16
5895,16
5896,16
5897,16
5898,32
5899,16
5900,8
5901,24
5902,24
5903,8
5904,8
5905,24
5906,0
5907,-8
5908,0
5909,0
5910,8
5911,8
5912,-8
5913,0
5914,-8
5915,-16
5916,-8
5917,-8
5918,-8
5919,-8
5920,-8
5921,0
5922,0
5923,-8
5924,-8
5925,0
5926,0
5927,8
5928,8
5929,8
5930,8
5931,0
5932,8
5933,8
5934,0
5935,16
5936,16
5937,8
5938,0
5939,-8
5940,8
5941,0
5942,0
5943,0
5944,8
5945,-8
5946,-8
5947,-8
5948,-8
5949,-8
5950,0
5951,-8
5952,0
5953,-8
5954,0
5955,8
5956,0
5957,8
5958,0
5959,0
5960,-8
5961,-8
5962,8
5963,0
5964,8
5965,0
5966,0
5967,0
5968,0
5969,8
5970,0
5971,16
5972,-16
5973,8
5974,8
5975,8
5976,-16
5977,-8
5978,8
5979,-8
5980,0
5981,-8
5982,0
5983,0
5984,8
5985,0
5986,-8
5987,-8
5988,0
5989,0
5990,0
5991,0
5992,0
5993,0
5994,-8
5995,0
5996,8
5997,8
5998,0
5999,8
6000,0
6001,0
6002,8
6003,0
6004,0
6005,8
6006,0
6007,0
6008,0
6009,0
6010,0
6011,0
6012,0
6013,8
6014,0
6015,-8
6016,0
6017,-8
6018,0
6019,0
6020,0
6021,0
6022,0
6023,0
6024,-8
6025,0
6026,-8
6027,0
6028,8
6029,-8
6030,0
6031,0
6032,0
6033,-8
6034,8
6035,0
6036,0
6037,8
6038,-8
6039,0
6040,0
6041,8
6042,0
6043,0
6044,0
6045,-8
6046,24
6047,0
6048,-8
6049,0
6050,-8
6051,8
6052,0
6053,0
6054,0
6055,0
6056,0
6057,0
6058,8
6059,0
6060,0
6061,0
6062,0
6063,-8
6064,0
6065,0
6066,-8
6067,8
6068,0
6069,0
6070,0
6071,0
6072,0
6073,0
6074,0
6075,0
6076,8
6077,-8
6078,0
6079,0
6080,0
6081,0
6082,0
6083,0
6084,0
6085,-8
6086,8
6087,8
6088,8
6089,0
6090,0
6091,0
6092,0
6093,8
6094,8
6095,0
6096,8
6097,8
6098,8
6099,0
6100,24
6101,0
6102,8
6103,0
6104,8
6105,0
6106,0
6107,0
6108,32
6109,24
6110,80
6111,72
6112,40
6113,40
6114,40
6115,32
6116,24
6117,8
6118,-24
6119,-32
6120,-32
6121,-24
6122,-16
6123,-8
6124,-16
6125,-24
6126,-24
6127,-24
6128,-32
6129,-32
6130,-8
6131,-24
6132,-8
6133,-8
6134,-16
6135,-8
6136,0
6137,-8
6138,-32
6139,-8
6140,-8
6141,-8
6142,0
6143,0
6144,0
6145,0
6146,0
6147,0
6148,0
6149,0
6150,-8
6151,0
6152,0
6153,-8
6154,0
6155,8
6156,0
6157,0
6158,8
6159,8
6160,0
6161,-8
6162,0
6163,0
6164,-8
6165,-8
6166,0
6167,-8
6168,0
6169,0
6170,8
6171,0
6172,0
6173,8
6174,0
6175,8
6176,8
6177,0
6178,8
6179,-8
6180,-8
6181,0
6182,0
6183,0
6184,0
6185,8
6186,0
6187,8
6188,0
6189,0
6190,0
6191,0
6192,24
6193,0
6194,8
6195,0
6196,0
6197,0
6198,0
6199,24
6200,0
6201,8
6202,16
6203,8
6204,16
6205,24
6206,0
6207,8
6208,8
6209,0
6210,0
6211,0
6212,0
6213,8
6214,8
6215,0
6216,8
6217,0
6218,8
6219,0
6220,0
6221,0
6222,8
6223,-8
6224,0
6225,0
6226,8
6227,0
6228,0
6229,-8
6230,0
6231,0
6232,0
6233,-8
6234,0
6235,-8
6236,0
6237,8
6238,-8
6239,-8
6240,0
6241,8
6242,0
6243,0
6244,0
6245,0
6246,0
6247,0
6248,8
6249,-8
6250,0
6251,0
6252,8
6253,8
6254,8
6255,0
6256,-8
6257,0
6258,0
6259,-8
6260,0
6261,8
6262,0
6263,0
6264,0
6265,0
6266,8
6267,0
6268,0
6269,8
6270,0
6271,8
6272,8
6273,0
6274,-8
6275,8
6276,0
6277,0
6278,-8
6279,-8
6280,0
6281,8
6282,-8
6283,0
6284,0
6285,0
6286,0
6287,8
6288,0
6289,8
6290,8
6291,8
6292,-8
6293,0
6294,8
6295,0
6296,0
6297,0
6298,0
6299,8
6300,16
6301,0
6302,-8
6303,0
6304,0
6305,8
6306,0
6307,8
6308,0
6309,0
6310,0
6311,8
6312,0
6313,0
6314,0
6315,0
6316,0
6317,8
6318,0
6319,0
6320,0
6321,0
6322,8
6323,0
6324,16
6325,0
6326,0
6327,0
6328,8
6329,0
6330,8
6331,-8
6332,0
6333,0
6334,0
6335,8
6336,0
6337,8
6338,8
6339,0
6340,8
6341,-8
6342,0
6343,0
6344,-8
6345,8
6346,0
6347,8
6348,0
6349,8
6350,8
6351,-8
6352,0
6353,0
6354,0
6355,0
6356,0
6357,16
6358,8
6359,16
6360,8
6361,8
6362,0
6363,8
6364,8
6365,0
6366,24
6367,8
6368,8
6369,0
6370,0
6371,0
6372,0
6373,0
6374,0
6375,8
6376,0
6377,8
6378,0
6379,0
6380,0
6381,8
6382,0
6383,0
6384,8
6385,0
6386,0
6387,8
6388,-8
6389,0
6390,8
6391,-8
6392,0
6393,0
6394,8
6395,0
6396,0
6397,8
6398,8
6399,0
6400,0
6401,0
6402,0
6403,0
6404,8
6405,0
6406,0
6407,0
6408,0
6409,16
6410,0
6411,16
6412,8
6413,-8
6414,0
6415,8
6416,16
6417,16
6418,0
6419,8
6420,0
6421,8
6422,0
6423,0
6424,0
6425,-8
6426,0
6427,8
6428,8
6429,8
6430,0
6431,0
6432,8
6433,0
6434,0
6435,8
6436,0
6437,16
6438,8
6439,8
6440,0
6441,16
6442,8
6443,0
6444,0
6445,8
6446,8
6447,0
6448,0
6449,8
6450,0
6451,0
6452,8
6453,8
6454,8
6455,8
6456,8
6457,8
6458,0
6459,8
6460,8
6461,0
6462,0
6463,0
6464,0
6465,8
6466,8
6467,0
6468,8
6469,8
6470,8
6471,0
6472,0
6473,0
6474,8
6475,0
6476,0
6477,-8
6478,16
6479,0
6480,8
6481,0
6482,8
6483,0
6484,0
6485,8
6486,16
6487,-8
6488,0
6489,-8
6490,8
6491,0
6492,0
6493,0
6494,0
6495,8
6496,0
6497,-8
6498,-8
6499,8
6500,8
6501,8
6502,0
6503,0
6504,0
6505,8
6506,8
6507,0
6508,8
6509,8
6510,0
6511,8
6512,8
6513,8
6514,8
6515,0
6516,-8
6517,8
6518,0
6519,8
6520,8
6521,8
6522,8
6523,0
6524,0
6525,8
6526,8
6527,0
6528,0
6529,0
6530,0
6531,0
6532,0
6533,-8
6534,8
6535,0
6536,8
6537,0
6538,0
6539,8
6540,0
6541,0
6542,0
6543,0
6544,8
6545,0
6546,0
6547,0
6548,0
6549,8
6550,24
6551,0
6552,8
6553,8
6554,0
6555,8
6556,-8
6557,8
6558,8
6559,0
6560,0
6561,0
6562,0
6563,8
6564,8
6565,0
6566,0
6567,0
6568,8
6569,8
6570,8
6571,-8
6572,8
6573,-8
6574,0
6575,0
6576,0
6577,0
6578,0
6579,8
6580,8
6581,-8
6582,0
6583,0
6584,0
6585,0
6586,8
6587,-8
6588,8
6589,0
6590,0
6591,0
6592,0
6593,0
6594,0
6595,0
6596,0
6597,8
6598,0
6599,0
6600,8
6601,0
6602,0
6603,-8
6604,0
6605,0
6606,0
6607,-8
6608,0
6609,0
6610,8
6611,-8
6612,0
6613,0
6614,8
6615,0
6616,8
6617,8
6618,0
6619,8
6620,0
6621,-8
6622,0
6623,0
6624,0
6625,8
6626,0
6627,0
6628,0
6629,8
6630,0
6631,8
6632,0
6633,0
6634,0
6635,-8
6636,8
6637,8
6638,0
6639,24
6640,8
6641,-16
6642,8
6643,8
6644,8
6645,0
6646,0
6647,0
6648,-8
6649,0
6650,0
6651,0
6652,8
6653,0
6654,0
6655,0
6656,0
6657,-8
6658,0
6659,0
6660,8
6661,0
6662,0
6663,0
6664,0
6665,0
6666,8
6667,0
6668,0
6669,8
6670,8
6671,0
6672,-8
6673,8
6674,-8
6675,0
6676,0
6677,16
6678,8
6679,0
6680,8
6681,-8
6682,-8
6683,0
6684,-8
6685,0
6686,0
6687,0
6688,0
6689,0
6690,8
6691,0
6692,0
6693,0
6694,0
6695,8
6696,8
6697,-8
6698,0
6699,-8
6700,0
6701,0
6702,0
6703,8
6704,0
6705,8
6706,-8
6707,0
6708,16
6709,-8
6710,8
6711,8
6712,0
6713,-8
6714,0
6715,0
6716,0
6717,8
6718,0
6719,8
6720,8
6721,0
6722,8
6723,0
6724,0
6725,0
6726,0
6727,0
6728,0
6729,0
6730,8
6731,0
6732,0
6733,24
6734,0
6735,-8
6736,8
6737,8
6738,0
6739,0
6740,8
6741,16
6742,8
6743,0
6744,0
6745,8
6746,0
6747,8
6748,0
6749,0
6750,8
6751,0
6752,8
6753,8
6754,0
6755,0
6756,8
6757,8
6758,0
6759,8
6760,0
6761,0
6762,0
6763,8
6764,0
6765,0
6766,0
6767,-8
6768,8
6769,0
6770,0
6771,0
6772,8
6773,0
6774,8
6775,0
6776,8
6777,0
6778,8
6779,-8
6780,0
6781,8
6782,8
6783,8
6784,8
6785,8
6786,8
6787,0
6788,0
6789,0
6790,24
6791,0
6792,8
6793,8
6794,-8
6795,0
6796,0
6797,8
6798,8
6799,0
6800,8
6801,0
6802,0
6803,8
6804,-8
6805,8
6806,0
6807,0
6808,8
6809,0
6810,8
6811,0
6812,0
6813,0
6814,8
6815,0
6816,8
6817,0
6818,0
6819,8
6820,0
6821,0
6822,8
6823,0
6824,0
6825,16
6826,0
6827,0
6828,-8
6829,0
6830,16
6831,-16
6832,0
6833,0
6834,-8
6835,-8
6836,0
6837,0
6838,8
6839,0
6840,8
6841,0
6842,0
6843,-8
6844,0
6845,24
6846,8
6847,0
6848,0
6849,0
6850,8
6851,0
6852,0
6853,-8
6854,0
6855,-8
6856,0
6857,-8
6858,0
6859,0
6860,-8
6861,0
6862,8
6863,0
6864,0
6865,-8
6866,-8
6867,0
6868,8
6869,0
6870,-8
6871,0
6872,0
6873,8
6874,8
6875,0
6876,-8
6877,0
6878,-8
6879,0
6880,0
6881,8
6882,0
6883,0
6884,0
6885,0
6886,0
6887,0
6888,0
6889,0
6890,8
6891,-8
6892,-8
6893,8
6894,-16
6895,-8
6896,8
6897,0
6898,0
6899,-8
6900,0
6901,0
6902,0
6903,8
6904,-8
6905,-8
6906,0
6907,0
6908,8
6909,0
6910,8
6911,8
6912,8
6913,0
6914,0
6915,0
6916,24
6917,0
6918,8
6919,0
6920,0
6921,0
6922,0
6923,8
6924,0
6925,0
6926,-8
6927,0
6928,0
6929,8
6930,8
6931,0
6932,8
6933,0
6934,8
6935,0
6936,0
6937,-8
6938,8
6939,8
6940,8
6941,0
6942,0
6943,0
6944,8
6945,8
6946,0
6947,16
6948,-8
6949,8
6950,0
6951,0
6952,-8
6953,0
6954,0
6955,8
6956,8
6957,0
6958,0
6959,0
6960,-8
6961,8
6962,8
6963,8
6964,8
6965,8
6966,-8
6967,8
6968,0
6969,0
6970,-8
6971,-8
6972,0
6973,0
6974,8
6975,8
6976,0
6977,8
6978,16
6979,0
6980,0
6981,-8
6982,8
6983,8
6984,0
6985,8
6986,8
6987,0
6988,8
6989,8
6990,-8
6991,0
6992,8
6993,0
6994,0
6995,8
6996,0
6997,8
6998,8
6999,-8
7000,8
7001,8
7002,8
7003,0
7004,-8
7005,8
7006,8
7007,0
7008,0
7009,0
7010,0
7011,8
7012,8
7013,0
7014,0
7015,8
7016,8
7017,0
7018,8
7019,8
7020,8
7021,0
7022,8
7023,0
7024,0
7025,8
7026,24
7027,8
7028,-8
7029,8
7030,0
7031,8
7032,8
7033,0
7034,0
7035,0
7036,24
7037,0
7038,0
7039,0
7040,8
7041,-8
7042,0
7043,0
7044,0
7045,0
7046,0
7047,-8
7048,8
7049,0
7050,-8
7051,0
7052,0
7053,8
7054,8
7055,0
7056,0
7057,0
7058,0
7059,0
7060,0
7061,8
7062,8
7063,0
7064,8
7065,0
7066,8
7067,-8
7068,0
7069,8
7070,0
7071,8
7072,8
7073,8
7074,8
7075,0
7076,0
7077,0
7078,0
7079,8
7080,8
7081,8
7082,24
7083,8
7084,0
7085,8
7086,0
7087,0
7088,0
7089,8
7090,8
7091,0
7092,0
7093,8
7094,0
7095,8
7096,8
7097,0
7098,8
7099,0
7100,8
7101,8
7102,8
7103,0
7104,0
7105,0
7106,-16
7107,8
7108,8
7109,0
7110,8
7111,8
7112,8
7113,0
7114,0
7115,0
7116,0
7117,0
7118,0
7119,0
7120,0
7121,8
7122,0
7123,8
7124,8
7125,8
7126,16
7127,8
7128,0
7129,0
7130,0
7131,0
7132,8
7133,0
7134,0
7135,0
7136,8
7137,0
7138,0
7139,0
7140,0
7141,0
7142,8
7143,0
7144,8
7145,0
7146,0
7147,0
7148,0
7149,0
7150,0
7151,8
7152,0
7153,0
7154,8
7155,8
7156,0
7157,8
7158,8
7159,0
7160,0
7161,8
7162,8
7163,8
7164,-8
7165,8
7166,0
7167,8
7168,-16
7169,0
7170,0
7171,-8
7172,0
7173,0
7174,0
7175,-8
7176,0
7177,8
7178,0
7179,8
7180,8
7181,0
7182,0
7183,-8
7184,0
7185,8
7186,-8
7187,-8
7188,0
7189,0
7190,8
7191,-8
7192,0
7193,-8
7194,0
7195,8
7196,0
7197,8
7198,0
7199,-8
7200,0
7201,0
7202,8
7203,0
7204,0
7205,-8
7206,8
7207,0
7208,0
7209,8
7210,0
7211,0
7212,8
7213,0
7214,0
7215,0
7216,0
7217,8
7218,0
7219,0
7220,0
7221,8
7222,-8
7223,-8
7224,16
7225,8
7226,-8
7227,0
7228,0
7229,8
7230,0
7231,-8
7232,0
7233,0
7234,8
7235,0
7236,8
7237,-8
7238,0
7239,8
7240,0
7241,0
7242,-8
7243,0
7244,8
7245,0
7246,0
7247,0
7248,-8
7249,8
7250,-8
7251,-16
7252,8
7253,8
7254,8
7255,-8
7256,8
7257,0
7258,0
7259,0
7260,0
7261,0
7262,-8
7263,0
7264,8
7265,8
7266,0
7267,0
7268,0
7269,0
7270,8
7271,0
7272,8
7273,0
7274,8
7275,0
7276,0
7277,-8
7278,0
7279,8
7280,0
7281,0
7282,0
7283,8
7284,8
7285,0
7286,8
7287,0
7288,0
7289,0
7290,-8
7291,0
7292,-8
7293,0
7294,0
7295,-8
7296,8
7297,0
7298,-8
7299,0
7300,0
7301,0
7302,-8
7303,0
7304,16
7305,-8
7306,0
7307,0
7308,0
7309,0
7310,0
7311,8
7312,8
7313,0
7314,8
7315,8
7316,0
7317,0
7318,0
7319,8
7320,-8
7321,8
7322,0
7323,-8
7324,8
7325,0
7326,16
7327,0
7328,-8
7329,8
7330,0
7331,-16
7332,0
7333,8
7334,0
7335,0
7336,-8
7337,8
7338,0
7339,0
7340,-8
7341,8
7342,-8
7343,8
7344,0
7345,0
7346,0
7347,24
7348,0
7349,8
7350,0
7351,0
7352,0
7353,-8
7354,0
7355,0
7356,0
7357,0
7358,0
7359,-8
7360,0
7361,8
7362,0
7363,0
7364,8
7365,0
7366,0
7367,0
7368,0
7369,8
7370,8
7371,-8
7372,8
7373,-24
7374,0
7375,0
7376,-8
7377,8
7378,0
7379,8
7380,-8
7381,0
7382,-8
7383,0
7384,0
7385,-8
7386,8
7387,0
7388,-8
7389,-8
7390,0
7391,-8
7392,0
7393,0
7394,0
7395,0
7396,-8
7397,8
7398,0
7399,-8
7400,-8
7401,-8
7402,0
7403,0
7404,0
7405,0
7406,-8
7407,0
7408,0
7409,0
7410,0
7411,0
7412,0
7413,-8
7414,-8
7415,0
7416,0
7417,0
7418,0
7419,0
7420,0
7421,0
7422,0
7423,0
7424,0
7425,8
7426,0
7427,0
7428,8
7429,0
7430,-8
7431,8
7432,8
7433,-8
7434,0
7435,0
7436,-8
7437,8
7438,0
7439,0
7440,8
7441,-8
7442,0
7443,-8
7444,8
7445,8
7446,0
7447,0
7448,0
7449,-8
7450,-8
7451,-8
7452,0
7453,0
7454,-8
7455,8
7456,8
7457,-8
7458,0
7459,0
7460,0
7461,0
7462,0
7463,-8
7464,-8
7465,0
7466,0
7467,0
7468,-8
7469,0
7470,-8
7471,0
7472,0
7473,0
7474,0
7475,0
7476,0
7477,0
7478,8
7479,0
7480,0
7481,-8
7482,0
7483,8
7484,-8
7485,-8
7486,0
7487,0
7488,8
7489,0
7490,0
7491,0
7492,0
7493,8
7494,0
7495,8
7496,0
7497,0
7498,-8
7499,8
7500,0
7501,8
7502,0
7503,0
7504,8
7505,0
7506,0
7507,8
7508,0
7509,0
7510,0
7511,0
7512,8
7513,0
7514,8
7515,8
7516,8
7517,0
7518,8
7519,8
7520,0
7521,8
7522,8
7523,8
7524,8
7525,8
7526,8
7527,0
7528,8
7529,8
7530,0
7531,8
7532,0
7533,8
7534,8
7535,0
7536,8
7537,8
7538,0
7539,8
7540,0
7541,-8
7542,8
7543,0
7544,0
7545,0
7546,0
7547,0
7548,8
7549,0
7550,16
7551,8
7552,0
7553,0
7554,8
7555,0
7556,0
7557,-8
7558,8
7559,8
7560,0
7561,0
7562,0
7563,0
7564,-8
7565,8
7566,24
7567,8
7568,0
7569,0
7570,0
7571,8
7572,0
7573,0
7574,8
7575,8
7576,8
7577,0
7578,0
7579,0
7580,0
7581,24
7582,0
7583,0
7584,8
7585,8
7586,8
7587,0
7588,8
7589,8
7590,8
7591,0
7592,0
7593,16
7594,8
7595,8
7596,8
7597,8
7598,8
7599,8
7600,0
7601,0
7602,0
7603,8
7604,8
7605,16
7606,0
7607,16
7608,8
7609,8
7610,0
7611,24
7612,8
7613,16
7614,0
7615,0
7616,0
7617,8
7618,8
7619,8
7620,0
7621,8
7622,8
7623,8
7624,8
7625,24
7626,0
7627,0
7628,0
7629,16
7630,0
7631,8
7632,8
7633,0
7634,8
7635,0
7636,8
7637,8
7638,8
7639,0
7640,8
7641,0
7642,0
7643,8
7644,8
7645,16
7646,8
7647,-8
7648,0
7649,24
7650,24
7651,16
7652,0
7653,8
7654,0
7655,8
7656,8
7657,-8
7658,0
7659,0
7660,16
7661,8
7662,8
7663,16
7664,16
7665,0
7666,0
7667,8
7668,0
7669,0
7670,16
7671,8
7672,0
7673,0
7674,8
7675,0
7676,0
7677,0
7678,8
7679,8
7680,0
7681,0
7682,8
7683,0
7684,8
7685,0
7686,0
7687,0
7688,0
7689,8
7690,8
7691,-8
7692,0
7693,8
7694,0
7695,16
7696,0
7697,0
7698,0
7699,8
7700,8
7701,8
7702,0
7703,0
7704,8
7705,0
7706,0
7707,0
7708,0
7709,0
7710,24
7711,8
7712,0
7713,0
7714,8
7715,8
7716,0
7717,8
7718,16
7719,8
7720,8
7721,0
7722,-8
7723,24
7724,0
7725,8
7726,8
7727,0
7728,-8
7729,8
7730,8
7731,0
7732,8
7733,8
7734,-8
7735,8
7736,0
7737,0
7738,0
7739,0
7740,8
7741,0
7742,8
7743,0
7744,0
7745,-8
7746,0
7747,8
7748,8
7749,8
7750,0
7751,8
7752,8
7753,8
7754,-8
7755,0
7756,0
7757,0
7758,8
7759,0
7760,-8
7761,8
7762,0
7763,0
7764,8
7765,0
7766,8
7767,0
7768,0
7769,8
7770,8
7771,8
7772,-8
7773,0
7774,8
7775,24
7776,0
7777,8
7778,-8
7779,0
7780,0
7781,0
7782,0
7783,0
7784,-8
7785,8
7786,-8
7787,0
7788,0
7789,8
7790,-8
7791,0
7792,0
7793,0
7794,8
7795,0
7796,0
7797,0
7798,0
7799,8
7800,8
7801,0
7802,0
7803,8
7804,-8
7805,-8
7806,0
7807,-8
7808,8
7809,8
7810,0
7811,0
7812,8
7813,-8
7814,0
7815,0
7816,8
7817,0
7818,0
7819,0
7820,0
7821,0
7822,8
7823,8
7824,0
7825,0
7826,0
7827,-8
7828,8
7829,-8
7830,8
7831,8
7832,0
7833,0
7834,8
7835,0
7836,0
7837,8
7838,0
7839,0
7840,0
7841,-8
7842,0
7843,0
7844,0
7845,8
7846,0
7847,0
7848,-32
7849,8
7850,0
7851,32
7852,0
7853,8
7854,8
7855,8
7856,0
7857,0
7858,0
7859,0
7860,8
7861,8
7862,8
7863,0
7864,8
7865,0
7866,0
7867,0
7868,24
7869,-8
7870,-8
7871,-40
7872,8
7873,0
7874,8
7875,8
7876,0
7877,0
7878,8
7879,0
7880,-8
7881,8
7882,8
7883,8
7884,-8
7885,-8
7886,0
7887,8
7888,-8
7889,0
7890,-8
7891,0
7892,-16
7893,-8
7894,0
7895,0
7896,0
7897,0
7898,0
7899,0
7900,-8
7901,0
7902,8
7903,-8
7904,8
7905,0
7906,0
7907,-8
7908,0
7909,16
7910,24
7911,0
7912,-8
7913,-8
7914,0
7915,0
7916,-8
7917,0
7918,0
7919,8
7920,0
7921,-8
7922,0
7923,0
7924,8
7925,8
7926,24
7927,-8
7928,-8
7929,0
7930,-8
7931,-16
7932,0
7933,-8
7934,-8
7935,0
7936,0
7937,-8
7938,0
7939,0
7940,0
7941,0
7942,-8
7943,0
7944,24
7945,0
7946,0
7947,-16
7948,8
7949,0
7950,0
7951,0
7952,8
7953,-8
7954,-8
7955,8
7956,16
7957,8
7958,-8
7959,0
7960,8
7961,8
7962,0
7963,-8
7964,8
7965,8
7966,8
7967,0
7968,0
7969,8
7970,24
7971,-8
7972,8
7973,-32
7974,0
7975,-8
7976,8
7977,8
7978,0
7979,-8
7980,0
7981,8
7982,8
7983,0
7984,-8
7985,0
7986,0
7987,0
7988,0
7989,0
7990,0
7991,-8
7992,0
7993,0
7994,0
7995,8
7996,8
7997,8
7998,0
7999,8
8000,-8
8001,8
8002,8
8003,8
8004,0
8005,8
8006,0
8007,8
8008,8
8009,0
8010,0
8011,0
8012,0
8013,-8
8014,8
8015,0
8016,0
8017,8
8018,0
8019,8
8020,24
8021,24
8022,24
8023,0
8024,-8
8025,0
8026,8
8027,0
8028,0
8029,0
8030,0
8031,0
8032,8
8033,0
8034,8
8035,0
8036,8
8037,0
8038,8
8039,8
8040,-8
8041,0
8042,8
8043,8
8044,8
8045,-24
8046,-24
8047,0
8048,0
8049,8
8050,0
8051,0
8052,0
8053,0
8054,8
8055,0
8056,0
8057,8
8058,8
8059,8
8060,0
8061,0
8062,0
8063,0
8064,8
8065,0
8066,8
8067,0
8068,0
8069,8
8070,0
8071,8
8072,0
8073,-8
8074,0
8075,0
8076,0
8077,0
8078,-8
8079,0
8080,-8
8081,0
8082,-8
8083,-8
8084,-8
8085,-8
8086,-8
8087,-8
8088,-8
8089,0
8090,0
8091,0
8092,-8
8093,8
8094,0
8095,8
8096,0
8097,0
8098,0
8099,-8
8100,0
8101,8
8102,-8
8103,8
8104,0
8105,0
8106,-8
8107,24
8108,8
8109,8
8110,0
8111,8
8112,8
8113,8
8114,0
8115,8
8116,0
8117,0
8118,0
8119,0
8120,0
8121,0
8122,8
8123,0
8124,0
8125,0
8126,0
8127,24
8128,0
8129,0
8130,8
8131,0
8132,0
8133,-8
8134,0
8135,0
8136,-8
8137,0
8138,0
8139,0
8140,0
8141,8
8142,0
8143,0
8144,0
8145,0
8146,8
8147,0
8148,-8
8149,0
8150,-8
8151,8
8152,0
8153,-8
8154,0
8155,8
8156,-8
8157,0
8158,0
8159,8
8160,-8
8161,-8
8162,8
8163,0
8164,16
8165,0
8166,0
8167,8
8168,-16
8169,24
8170,0
8171,0
8172,-8
8173,0
8174,-40
8175,0
8176,-8
8177,-8
8178,8
8179,-8
8180,-8
8181,-16
8182,-8
8183,0
8184,0
8185,-8
8186,-8
8187,0
8188,0
8189,8
8190,0
8191,8
8192,-8
8193,0
8194,-8
8195,8
8196,0
8197,0
8198,-8
8199,-8
8200,8
8201,0
8202,0
8203,0
8204,-8
8205,-8
8206,8
8207,0
8208,-8
8209,-8
8210,0
8211,-8
8212,0
8213,8
8214,-8
8215,8
8216,0
8217,0
8218,-8
8219,0
8220,-32
8221,24
8222,-8
8223,16
8224,0
8225,0
8226,-16
8227,0
8228,0
8229,-8
8230,-8
8231,16
8232,-8
8233,0
8234,0
8235,-8
8236,0
8237,8
8238,-8
8239,-8
8240,0
8241,-8
8242,0
8243,8
8244,8
8245,-8
8246,0
8247,-32
8248,0
8249,8
8250,8
8251,0
8252,8
8253,0
8254,24
8255,-24
8256,0
8257,8
8258,0
8259,8
8260,0
8261,8
8262,0
8263,-8
8264,-8
8265,0
8266,8
8267,0
8268,8
8269,-16
8270,0
8271,0
8272,8
8273,8
8274,8
8275,0
8276,0
8277,0
8278,-16
8279,0
8280,24
8281,0
8282,-8
8283,0
8284,8
8285,0
8286,0
8287,0
8288,0
8289,0
8290,8
8291,0
8292,-8
8293,-8
8294,24
8295,0
8296,0
8297,-8
8298,0
8299,8
8300,8
8301,8
8302,0
8303,-8
8304,0
8305,8
8306,0
8307,32
8308,8
8309,0
8310,0
8311,0
8312,32
8313,0
8314,8
8315,0
8316,0
8317,24
8318,0
8319,8
8320,-8
8321,0
8322,8
8323,8
8324,0
8325,0
8326,8
8327,8
8328,8
8329,8
8330,0
8331,8
8332,0
8333,8
8334,0
8335,8
8336,8
8337,-8
8338,0
8339,0
8340,0
8341,8
8342,0
8343,0
8344,8
8345,0
8346,8
8347,0
8348,8
8349,8
8350,8
8351,16
8352,8
8353,8
8354,0
8355,0
8356,8
8357,0
8358,24
8359,-8
8360,8
8361,0
8362,16
8363,8
8364,8
8365,8
8366,0
8367,8
8368,0
8369,8
8370,-8
8371,8
8372,0
8373,0
8374,0
8375,8
8376,0
8377,0
8378,-8
8379,8
8380,0
8381,0
8382,0
8383,8
8384,0
8385,0
8386,0
8387,0
8388,8
8389,-8
8390,0
8391,-8
8392,8
8393,8
8394,0
8395,0
8396,0
8397,24
8398,8
8399,8
8400,8
8401,0
8402,-8
8403,8
8404,8
8405,8
8406,8
8407,8
8408,0
8409,8
8410,0
8411,8
8412,8
8413,8
8414,0
8415,16
8416,0
8417,0
8418,8
8419,8
8420,0
8421,8
8422,8
8423,0
8424,24
8425,16
8426,8
8427,8
8428,8
8429,8
8430,0
8431,-8
8432,0
8433,0
8434,0
8435,8
8436,16
8437,0
8438,8
8439,0
8440,24
8441,8
8442,-8
8443,0
8444,8
8445,0
8446,8
8447,0
8448,8
8449,8
8450,16
8451,0
8452,0
8453,24
8454,0
8455,0
8456,0
8457,8
8458,0
8459,0
8460,0
8461,0
8462,0
8463,-8
8464,0
8465,0
8466,8
8467,0
8468,24
8469,0
8470,8
8471,0
8472,0
8473,24
8474,0
8475,0
8476,8
8477,-8
8478,8
8479,0
8480,0
8481,0
8482,8
8483,24
8484,0
8485,0
8486,-8
8487,-8
8488,0
8489,24
8490,0
8491,8
8492,0
8493,0
8494,0
8495,0
8496,0
8497,0
8498,-8
8499,0
8500,0
8501,-8
8502,8
8503,8
8504,8
8505,8
8506,8
8507,0
8508,0
8509,0
8510,0
8511,0
8512,-8
8513,-16
8514,0
8515,0
8516,0
8517,0
8518,8
8519,0
8520,8
8521,-8
8522,0
8523,8
8524,0
8525,0
8526,16
8527,8
8528,0
8529,8
8530,0
8531,0
8532,8
8533,0
8534,8
8535,0
8536,8
8537,0
8538,0
8539,0
8540,8
8541,8
8542,8
8543,-8
8544,0
8545,-8
8546,16
8547,8
8548,0
8549,0
8550,0
8551,0
8552,0
8553,0
8554,8
8555,0
8556,24
8557,0
8558,8
8559,24
8560,8
8561,0
8562,8
8563,8
8564,8
8565,8
8566,0
8567,8
8568,8
8569,-8
8570,0
8571,0
8572,0
8573,-8
8574,0
8575,0
8576,0
8577,8
8578,8
8579,0
8580,16
8581,8
8582,8
8583,24
8584,0
8585,0
8586,8
8587,8
8588,0
8589,0
8590,0
8591,0
8592,8
8593,0
8594,8
8595,8
8596,0
8597,0
8598,0
8599,0
8600,0
8601,8
8602,24
8603,0
8604,-8
8605,0
8606,8
8607,8
8608,0
8609,0
8610,8
8611,0
8612,8
8613,-8
8614,0
8615,0
8616,0
8617,8
8618,0
8619,0
8620,0
8621,8
8622,8
8623,0
8624,8
8625,0
8626,0
8627,0
8628,0
8629,8
8630,0
8631,0
8632,-8
8633,0
8634,0
8635,0
8636,0
8637,-8
8638,0
8639,0
8640,0
8641,8
8642,8
8643,0
8644,0
8645,8
8646,0
8647,8
8648,0
8649,8
8650,8
8651,0
8652,0
8653,0
8654,-8
8655,24
8656,8
8657,8
8658,0
8659,8
8660,0
8661,0
8662,0
8663,-16
8664,0
8665,8
8666,0
8667,0
8668,-8
8669,-8
8670,0
8671,8
8672,8
8673,0
8674,8
8675,0
8676,0
8677,0
8678,0
8679,8
8680,8
8681,8
8682,0
8683,0
8684,0
8685,0
8686,0
8687,0
8688,-8
8689,8
8690,0
8691,0
8692,0
8693,8
8694,-8
8695,0
8696,0
8697,-8
8698,0
8699,8
8700,0
8701,0
8702,0
8703,0
8704,0
8705,8
8706,8
8707,0
8708,8
8709,8
8710,0
8711,8
8712,0
8713,8
8714,0
8715,0
8716,8
8717,8
8718,-8
8719,8
8720,0
8721,8
8722,0
8723,0
8724,0
8725,8
8726,8
8727,8
8728,8
8729,0
8730,8
8731,0
8732,8
8733,0
8734,0
8735,-8
8736,8
8737,-8
8738,0
8739,0
8740,8
8741,0
8742,0
8743,0
8744,0
8745,8
8746,0
8747,0
8748,8
8749,8
8750,8
8751,0
8752,8
8753,-8
8754,0
8755,8
8756,8
8757,8
8758,0
8759,8
8760,8
8761,0
8762,0
8763,0
8764,0
8765,0
8766,0
8767,-8
8768,8
8769,8
8770,8
8771,24
8772,8
8773,8
8774,0
8775,8
8776,0
8777,0
8778,0
8779,8
8780,0
8781,0
8782,24
8783,8
8784,0
8785,8
8786,0
8787,0
8788,-8
8789,0
8790,0
8791,0
8792,0
8793,0
8794,0
8795,0
8796,-8
8797,0
8798,8
8799,-8
8800,0
8801,8
8802,0
8803,8
8804,8
8805,0
8806,0
8807,0
8808,-8
8809,0
8810,0
8811,0
8812,0
8813,8
8814,-8
8815,0
8816,-8
8817,8
8818,0
8819,-8
8820,0
8821,8
8822,0
8823,-16
8824,0
8825,0
8826,0
8827,-8
8828,0
8829,0
8830,0
8831,0
8832,-8
8833,0
8834,-8
8835,-8
8836,0
8837,-8
8838,0
8839,0
8840,0
8841,0
8842,0
8843,0
8844,-8
8845,0
8846,0
8847,0
8848,8
8849,0
8850,-8
8851,-8
8852,8
8853,0
8854,8
8855,8
8856,0
8857,-8
8858,0
8859,-8
8860,0
8861,0
8862,-8
8863,0
8864,-8
8865,8
8866,-8
8867,-8
8868,0
8869,-8
8870,0
8871,0
8872,0
8873,8
8874,-8
8875,0
8876,0
8877,0
8878,-8
8879,-8
8880,0
8881,-8
8882,0
8883,0
8884,0
8885,0
8886,8
8887,-8
8888,8
8889,-8
8890,8
8891,0
8892,0
8893,8
8894,8
8895,0
8896,0
8897,8
8898,0
8899,0
8900,0
8901,0
8902,0
8903,0
8904,0
8905,0
8906,0
8907,0
8908,0
8909,0
8910,8
8911,8
8912,0
8913,0
8914,0
8915,0
8916,0
8917,8
8918,0
8919,0
8920,0
8921,-8
8922,0
8923,0
8924,8
8925,0
8926,0
8927,8
8928,0
8929,0
8930,0
8931,0
8932,8
8933,-8
8934,8
8935,0
8936,0
8937,0
8938,0
8939,0
8940,0
8941,0
8942,0
8943,0
8944,0
8945,0
8946,8
8947,-8
8948,8
8949,8
8950,0
8951,8
8952,8
8953,0
8954,0
8955,0
8956,-8
8957,0
8958,-8
8959,-8
8960,0
8961,8
8962,8
8963,0
8964,8
8965,0
8966,0
8967,-8
8968,0
8969,8
8970,8
8971,0
8972,8
8973,0
8974,0
8975,0
8976,0
8977,0
8978,0
8979,0
8980,0
8981,0
8982,24
8983,8
8984,16
8985,0
8986,0
8987,16
8988,0
8989,0
8990,0
8991,0
8992,16
8993,0
8994,0
8995,0
8996,8
8997,8
8998,8
8999,0
9000,0
9001,8
9002,16
9003,0
9004,0
9005,8
9006,0
9007,0
9008,0
9009,8
9010,8
9011,0
9012,0
9013,8
9014,0
9015,0
9016,8
9017,24
9018,0
9019,16
9020,8
9021,16
9022,8
9023,0
9024,0
9025,0
9026,8
9027,0
9028,0
9029,0
9030,8
9031,8
9032,0
9033,-8
9034,0
9035,8
9036,0
9037,0
9038,8
9039,8
9040,8
9041,8
9042,0
9043,-8
9044,0
9045,0
9046,8
9047,0
9048,0
9049,8
9050,-8
9051,0
9052,-8
9053,0
9054,0
9055,0
9056,8
9057,8
9058,0
9059,8
9060,8
9061,24
9062,8
9063,8
9064,8
9065,8
9066,16
9067,8
9068,0
9069,0
9070,8
9071,0
9072,16
9073,16
9074,8
9075,0
9076,8
9077,8
9078,0
9079,0
9080,0
9081,0
9082,8
9083,8
9084,16
9085,0
9086,8
9087,0
9088,8
9089,0
9090,0
9091,0
9092,8
9093,0
9094,8
9095,0
9096,0
9097,16
9098,-8
9099,8
9100,0
9101,0
9102,-8
9103,8
9104,8
9105,8
9106,0
9107,8
9108,8
9109,0
9110,8
9111,0
9112,24
9113,8
9114,8
9115,0
9116,0
9117,8
9118,0
9119,24
9120,8
9121,0
9122,0
9123,8
9124,8
9125,0
9126,8
9127,8
9128,0
9129,0
9130,0
9131,8
9132,0
9133,0
9134,8
9135,8
9136,0
9137,8
9138,0
9139,0
9140,-8
9141,-8
9142,0
9143,0
9144,0
9145,0
9146,8
9147,8
9148,8
9149,8
9150,0
9151,0
9152,0
9153,-8
9154,-8
9155,8
9156,8
9157,0
9158,8
9159,24
9160,0
9161,0
9162,8
9163,0
9164,0
9165,8
9166,0
9167,0
9168,0
9169,0
9170,0
9171,0
9172,0
9173,8
9174,0
9175,0
9176,8
9177,0
9178,0
9179,0
9180,0
9181,8
9182,-16
9183,0
9184,8
9185,0
9186,0
9187,8
9188,-8
9189,8
9190,0
9191,0
9192,-8
9193,8
9194,-8
9195,8
9196,0
9197,-8
9198,8
9199,0
9200,8
9201,8
9202,0
9203,0
9204,0
9205,0
9206,0
9207,0
9208,0
9209,0
9210,8
9211,8
9212,8
9213,0
9214,0
9215,0
9216,8
9217,0
9218,8
9219,0
9220,0
9221,0
9222,0
9223,0
9224,0
9225,-8
9226,0
9227,0
9228,-8
9229,-8
9230,-8
9231,8
9232,0
9233,-8
9234,0
9235,8
9236,8
9237,0
9238,0
9239,0
9240,-8
9241,8
9242,0
9243,8
9244,0
9245,0
9246,0
9247,0
9248,8
9249,0
9250,0
9251,0
9252,-8
9253,-8
9254,-8
9255,-8
9256,8
9257,0
9258,0
9259,0
9260,-8
9261,0
9262,-8
9263,8
9264,8
9265,0
9266,-8
9267,0
9268,0
9269,-8
9270,-8
9271,0
9272,-8
9273,-8
9274,-8
9275,-8
9276,0
9277,0
9278,0
9279,0
9280,8
9281,-8
9282,-16
9283,0
9284,0
9285,0
9286,8
9287,0
9288,-8
9289,-8
9290,-8
9291,8
9292,-8
9293,-8
9294,8
9295,8
9296,-16
9297,-8
9298,-8
9299,8
9300,0
9301,-8
9302,-8
9303,-8
9304,0
9305,0
9306,8
9307,-8
9308,0
9309,0
9310,0
9311,0
9312,-8
9313,8
9314,8
9315,0
9316,0
9317,0
9318,0
9319,0
9320,8
9321,0
9322,8
9323,8
9324,0
9325,0
9326,8
9327,8
9328,0
9329,8
9330,8
9331,-8
9332,0
9333,0
9334,-8
9335,0
9336,0
9337,0
9338,8
9339,8
9340,0
9341,0
9342,0
9343,8
9344,0
9345,0
9346,0
9347,0
9348,0
9349,8
9350,0
9351,8
9352,16
9353,0
9354,0
9355,0
9356,0
9357,0
9358,-8
9359,-8
9360,0
9361,-8
9362,0
9363,0
9364,0
9365,-8
9366,0
9367,0
9368,8
9369,8
9370,8
9371,0
9372,0
9373,0
9374,0
9375,-8
9376,0
9377,0
9378,-8
9379,0
9380,0
9381,-8
9382,0
9383,0
9384,0
9385,0
9386,0
9387,0
9388,-8
9389,0
9390,8
9391,0
9392,-8
9393,8
9394,8
9395,0
9396,0
9397,0
9398,0
9399,8
9400,0
9401,0
9402,-8
9403,8
9404,-8
9405,0
9406,8
9407,-8
9408,8
9409,0
9410,8
9411,8
9412,0
9413,-8
9414,0
9415,8
9416,0
9417,0
9418,0
9419,8
9420,0
9421,8
9422,8
9423,0
9424,8
9425,8
9426,8
9427,0
9428,8
9429,0
9430,0
9431,0
9432,0
9433,0
9434,8
9435,0
9436,0
9437,8
9438,8
9439,0
9440,0
9441,8
9442,8
9443,16
9444,8
9445,0
9446,0
9447,0
9448,8
9449,8
9450,8
9451,8
9452,8
9453,0
9454,8
9455,8
9456,0
9457,0
9458,0
9459,0
9460,8
9461,0
9462,8
9463,8
9464,0
9465,8
9466,-8
9467,0
9468,0
9469,0
9470,0
9471,0
9472,0
9473,8
9474,0
9475,8
9476,0
9477,0
9478,8
9479,0
9480,8
9481,0
9482,8
9483,0
9484,0
9485,0
9486,0
9487,-8
9488,0
9489,8
9490,0
9491,0
9492,8
9493,0
9494,-16
9495,0
9496,8
9497,0
9498,0
9499,0
9500,0
9501,8
9502,-16
9503,0
9504,8
9505,0
9506,0
9507,0
9508,-8
9509,8
9510,0
9511,0
9512,8
9513,8
9514,-8
9515,0
9516,8
9517,0
9518,8
9519,-8
9520,-8
9521,0
9522,0
9523,0
9524,0
9525,0
9526,0
9527,0
9528,8
9529,-16
9530,8
9531,0
9532,8
9533,0
9534,0
9535,-8
9536,0
9537,0
9538,8
9539,0
9540,8
9541,8
9542,0
9543,-8
9544,8
9545,0
9546,0
9547,0
9548,0
9549,0
9550,8
9551,0
9552,0
9553,8
9554,-8
9555,0
9556,0
9557,0
9558,0
9559,8
9560,-8
9561,8
9562,-8
9563,0
9564,0
9565,8
9566,-8
9567,-8
9568,0
9569,-8
9570,0
9571,0
9572,0
9573,0
9574,0
9575,-8
9576,8
9577,0
9578,0
9579,0
9580,0
9581,0
9582,0
9583,0
9584,0
9585,-8
9586,-8
9587,0
9588,0
9589,0
9590,0
9591,0
9592,0
9593,0
9594,0
9595,0
9596,0
9597,0
9598,8
9599,8
9600,0
9601,0
9602,0
9603,0
9604,0
9605,0
9606,8
9607,-8
9608,0
9609,-8
9610,8
9611,0
9612,8
9613,0
9614,8
9615,-8
9616,0
9617,8
9618,0
9619,0
9620,8
9621,8
9622,16
9623,-8
9624,8
9625,8
9626,0
9627,0
9628,8
9629,-8
9630,0
9631,8
9632,0
9633,8
9634,0
9635,0
9636,8
9637,0
9638,8
9639,8
9640,0
9641,0
9642,0
9643,8
9644,8
9645,0
9646,8
9647,0
9648,0
9649,0
9650,8
9651,8
9652,8
9653,0
9654,0
9655,0
9656,0
9657,0
9658,0
9659,8
9660,8
9661,8
9662,0
9663,8
9664,8
9665,8
9666,8
9667,0
9668,0
9669,24
9670,24
9671,8
9672,8
9673,8
9674,8
9675,0
9676,8
9677,8
9678,8
9679,0
9680,8
9681,8
9682,8
9683,0
9684,8
9685,8
9686,0
9687,0
9688,24
9689,8
9690,8
9691,8
9692,16
9693,8
9694,8
9695,8
9696,0
9697,0
9698,8
9699,0
9700,8
9701,-8
9702,8
9703,0
9704,0
9705,0
9706,8
9707,16
9708,0
9709,0
9710,0
9711,0
9712,0
9713,0
9714,8
9715,8
9716,0
9717,0
9718,0
9719,0
9720,-8
9721,0
9722,0
9723,0
9724,-8
9725,0
9726,-8
9727,0
9728,0
9729,-8
9730,-8
9731,0
9732,-8
9733,0
9734,0
9735,8
9736,-8
9737,0
9738,0
9739,-8
9740,8
9741,0
9742,-8
9743,0
9744,-8
9745,-8
9746,-8
9747,0
9748,-8
9749,0
9750,0
9751,0
9752,8
9753,0
9754,0
9755,0
9756,8
9757,0
9758,-8
9759,0
9760,0
9761,-8
9762,0
9763,0
9764,-16
9765,0
9766,8
9767,0
9768,0
9769,0
9770,0
9771,8
9772,0
9773,-8
9774,0
9775,0
9776,8
9777,0
9778,8
9779,8
9780,8
9781,0
9782,0
9783,0
9784,0
9785,0
9786,8
9787,0
9788,0
9789,24
9790,8
9791,8
9792,0
9793,8
9794,8
9795,24
9796,0
9797,8
9798,0
9799,0
9800,0
9801,0
9802,0
9803,0
9804,8
9805,0
9806,0
9807,8
9808,0
9809,0
9810,8
9811,0
9812,8
9813,0
9814,0
9815,8
9816,0
9817,0
9818,8
9819,8
9820,0
9821,0
9822,0
9823,0
9824,8
9825,8
9826,8
9827,8
9828,8
9829,8
9830,-8
9831,8
9832,8
9833,8
9834,8
9835,8
9836,16
9837,0
9838,8
9839,8
9840,16
9841,0
9842,16
9843,8
9844,8
9845,16
9846,8
9847,16
9848,8
9849,8
9850,8
9851,16
9852,8
9853,8
9854,0
9855,0
9856,8
9857,0
9858,8
9859,8
9860,8
9861,8
9862,8
9863,24
9864,0
9865,8
9866,8
9867,8
9868,0
9869,0
9870,0
9871,16
9872,0
9873,0
9874,0
9875,0
9876,0
9877,0
9878,8
9879,8
9880,0
9881,0
9882,0
9883,0
9884,8
9885,8
9886,0
9887,8
9888,0
9889,0
9890,8
9891,8
9892,8
9893,8
9894,8
9895,0
9896,0
9897,8
9898,0
9899,8
9900,8
9901,-8
9902,0
9903,0
9904,0
9905,0
9906,8
9907,0
9908,8
9909,0
9910,8
9911,0
9912,0
9913,8
9914,0
9915,0
9916,0
9917,8
9918,8
9919,0
9920,0
9921,0
9922,8
9923,8
9924,0
9925,0
9926,0
9927,0
9928,0
9929,0
9930,8
9931,0
9932,0
9933,0
9934,0
9935,0
9936,-8
9937,-8
9938,8
9939,8
9940,0
9941,0
9942,-8
9943,0
9944,0
9945,8
9946,8
9947,8
9948,0
9949,8
9950,8
9951,0
9952,-8
9953,0
9954,8
9955,-8
9956,0
9957,0
9958,-8
9959,-8
9960,0
9961,0
9962,8
9963,-8
9964,0
9965,-8
9966,0
9967,0
9968,0
9969,0
9970,0
9971,0
9972,-8
9973,0
9974,8
9975,8
9976,8
9977,8
9978,0
9979,8
9980,-8
9981,0
9982,0
9983,0
9984,0
9985,0
9986,0
9987,0
9988,0
9989,0
9990,8
9991,8
9992,16
9993,-8
9994,0
9995,0
9996,8
9997,8
9998,8
9999,0
10000,8
10001,8
10002,8
10003,8
10004,8
10005,0
10006,0
10007,8
10008,8
10009,0
10010,0
10011,8
10012,0
10013,0
10014,-8
10015,0
10016,0
10017,16
10018,0
10019,8
10020,0
10021,8
10022,-8
10023,0
10024,0
10025,0
10026,0
10027,8
10028,8
10029,0
10030,8
10031,8
10032,0
10033,8
10034,0
10035,0
10036,8
10037,0
10038,8
10039,0
10040,8
10041,8
10042,-8
10043,0
10044,0
10045,8
10046,8
10047,0
10048,0
10049,8
10050,0
10051,0
10052,24
10053,8
10054,8
10055,8
10056,-8
10057,0
10058,0
10059,8
10060,0
10061,0
10062,0
10063,8
10064,16
10065,0
10066,8
10067,8
10068,0
10069,8
10070,8
10071,8
10072,0
10073,0
10074,8
10075,8
10076,0
10077,8
10078,0
10079,8
10080,0
10081,0
10082,8
10083,0
10084,8
10085,0
10086,8
10087,0
10088,8
10089,8
10090,0
10091,8
10092,0
10093,8
10094,8
10095,8
10096,0
10097,16
10098,0
10099,0
10100,8
10101,0
10102,8
10103,0
10104,8
10105,8
10106,16
10107,16
10108,0
10109,0
10110,0
10111,8
10112,8
10113,8
10114,0
10115,8
10116,0
10117,8
10118,0
10119,8
10120,0
10121,0
10122,0
10123,24
10124,8
10125,0
10126,0
10127,0
10128,8
10129,0
10130,8
10131,8
10132,0
10133,0
10134,8
10135,0
10136,0
10137,16
10138,0
10139,8
10140,0
10141,0
10142,8
10143,0
10144,8
10145,0
10146,0
10147,8
10148,8
10149,0
10150,24
10151,0
10152,0
10153,8
10154,0
10155,0
10156,8
10157,8
10158,8
10159,0
10160,24
10161,0
10162,0
10163,8
10164,8
10165,0
10166,8
10167,0
10168,8
10169,8
10170,8
10171,0
10172,8
10173,0
10174,0
10175,0
10176,0
10177,0
10178,0
10179,0
10180,0
10181,0
10182,8
10183,8
10184,8
10185,0
10186,0
10187,0
10188,8
10189,8
10190,0
10191,0
10192,0
10193,0
10194,8
10195,0
10196,0
10197,0
10198,0
10199,0
10200,-8
10201,0
10202,8
10203,8
10204,8
10205,0
10206,8
10207,0
10208,0
10209,0
10210,8
10211,-8
10212,0
10213,0
10214,0
10215,8
10216,0
10217,0
10218,-8
10219,8
10220,0
10221,0
10222,8
10223,16
10224,0
10225,8
10226,16
10227,8
10228,0
10229,8
10230,-8
10231,0
10232,0
10233,0
10234,8
10235,0
10236,8
10237,0
10238,8
10239,8
10240,8
10241,8
10242,8
10243,0
10244,0
10245,8
10246,0
10247,8
10248,0
10249,8
10250,8
10251,0
10252,8
10253,8
10254,0
10255,0
10256,-8
10257,8
10258,0
10259,8
10260,8
10261,8
10262,8
10263,8
10264,-8
10265,8
10266,0
10267,8
10268,8
10269,8
10270,-8
10271,-8
10272,8
10273,0
10274,0
10275,0
10276,0
10277,8
10278,0
10279,0
10280,0
10281,0
10282,16
10283,8
10284,8
10285,8
10286,0
10287,8
10288,0
10289,0
10290,0
10291,0
10292,0
10293,8
10294,0
10295,0
10296,8
10297,0
10298,8
10299,0
10300,24
10301,0
10302,0
10303,-8
10304,8
10305,-8
10306,0
10307,8
10308,0
10309,8
10310,0
10311,0
10312,0
10313,0
10314,0
10315,8
10316,0
10317,8
10318,8
10319,8
10320,8
10321,0
10322,8
10323,0
10324,8
10325,0
10326,0
10327,0
10328,0
10329,0
10330,0
10331,0
10332,0
10333,8
10334,8
10335,0
10336,8
10337,-8
10338,-8
10339,0
10340,0
10341,8
10342,0
10343,0
10344,-8
10345,8
10346,0
10347,0
10348,8
10349,0
10350,-8
10351,0
10352,0
10353,0
10354,16
10355,0
10356,8
10357,8
10358,8
10359,0
10360,24
10361,8
10362,0
10363,0
10364,8
10365,0
10366,0
10367,-8
10368,8
10369,0
10370,-8
10371,0
10372,0
10373,0
10374,-8
10375,0
10376,0
10377,0
10378,0
10379,0
10380,8
10381,-8
10382,0
10383,0
10384,8
10385,0
10386,0
10387,0
10388,8
10389,8
10390,8
10391,8
10392,-8
10393,8
10394,0
10395,0
10396,8
10397,0
10398,0
10399,0
10400,8
10401,8
10402,0
10403,8
10404,8
10405,0
10406,8
10407,0
10408,8
10409,0
10410,0
10411,0
10412,8
10413,0
10414,8
10415,0
10416,0
10417,0
10418,8
10419,-8
10420,0
10421,0
10422,8
10423,0
10424,0
10425,8
10426,8
10427,8
10428,8
10429,0
10430,8
10431,0
10432,8
10433,8
10434,0
10435,0
10436,8
10437,0
10438,8
10439,0
10440,0
10441,0
10442,8
10443,0
10444,8
10445,16
10446,0
10447,0
10448,0
10449,0
10450,0
10451,8
10452,8
10453,0
10454,0
10455,8
10456,0
10457,0
10458,8
10459,8
10460,8
10461,8
10462,0
10463,8
10464,0
10465,0
10466,0
10467,0
10468,8
10469,0
10470,0
10471,0
10472,8
10473,0
10474,0
10475,0
10476,0
10477,0
10478,0
10479,0
10480,8
10481,0
10482,0
10483,8
10484,8
10485,8
10486,8
10487,8
10488,8
10489,8
10490,0
10491,8
10492,-8
10493,-8
10494,0
10495,0
10496,8
10497,0
10498,8
10499,8
10500,0
10501,0
10502,0
10503,0
10504,0
10505,0
10506,8
10507,0
10508,8
10509,0
10510,0
10511,0
10512,0
10513,-8
10514,0
10515,0
10516,-8
10517,0
10518,0
10519,0
10520,-8
10521,-8
10522,0
10523,8
10524,8
10525,0
10526,0
10527,0
10528,0
10529,0
10530,8
10531,0
10532,0
10533,8
10534,0
10535,0
10536,0
10537,8
10538,8
10539,0
10540,0
10541,0
10542,0
10543,0
10544,0
10545,0
10546,-8
10547,-8
10548,8
10549,0
10550,-8
10551,8
10552,0
10553,8
10554,0
10555,0
10556,8
10557,0
10558,0
10559,0
10560,8
10561,0
10562,-8
10563,0
10564,-8
10565,0
10566,-8
10567,0
10568,-8
10569,-8
10570,0
10571,8
10572,0
10573,0
10574,0
10575,0
10576,8
10577,0
10578,8
10579,8
10580,0
10581,-8
10582,0
10583,0
10584,0
10585,8
10586,8
10587,0
10588,0
10589,8
10590,0
10591,8
10592,0
10593,0
10594,0
10595,8
10596,0
10597,-8
10598,0
10599,0
10600,0
10601,8
10602,8
10603,8
10604,8
10605,0
10606,0
10607,0
10608,0
10609,8
10610,0
10611,0
10612,8
10613,0
10614,0
10615,8
10616,8
10617,0
10618,0
10619,8
10620,8
10621,0
10622,24
10623,0
10624,8
10625,8
10626,0
10627,8
10628,0
10629,8
10630,0
10631,8
10632,0
10633,0
10634,0
10635,-8
10636,0
10637,0
10638,8
10639,8
10640,0
10641,0
10642,0
10643,24
10644,16
10645,8
10646,0
10647,8
10648,24
10649,0
10650,24
10651,0
10652,0
10653,0
10654,0
10655,8
10656,16
10657,0
10658,8
10659,0
10660,8
10661,0
10662,-8
10663,0
10664,8
10665,0
10666,8
10667,8
10668,0
10669,0
10670,0
10671,8
10672,0
10673,-8
10674,0
10675,0
10676,0
10677,-8
10678,-8
10679,8
10680,8
10681,0
10682,0
10683,0
10684,0
10685,0
10686,0
10687,0
10688,0
10689,0
10690,-8
10691,0
10692,8
10693,0
10694,8
10695,0
10696,0
10697,8
10698,0
10699,8
10700,8
10701,0
10702,8
10703,0
10704,0
10705,8
10706,8
10707,8
10708,8
10709,0
10710,8
10711,8
10712,8
10713,0
10714,0
10715,16
10716,0
10717,24
10718,0
10719,0
10720,0
10721,8
10722,0
10723,8
10724,0
10725,0
10726,0
10727,8
10728,0
10729,8
10730,8
10731,0
10732,8
10733,-8
10734,-8
10735,0
10736,0
10737,0
10738,-8
10739,0
10740,0
10741,-8
10742,0
10743,0
10744,0
10745,8
10746,-8
10747,8
10748,8
10749,-8
10750,0
10751,0
10752,0
10753,8
10754,0
10755,0
10756,0
10757,8
10758,0
10759,8
10760,0
10761,0
10762,24
10763,-8
10764,8
10765,-8
10766,0
10767,0
10768,0
10769,0
10770,0
10771,8
10772,8
10773,0
10774,0
10775,0
10776,0
10777,8
10778,0
10779,0
10780,8
10781,8
10782,0
10783,0
10784,16
10785,8
10786,8
10787,8
10788,8
10789,0
10790,8
10791,0
10792,0
10793,0
10794,0
10795,0
10796,8
10797,0
10798,0
10799,0
10800,0
10801,16
10802,24
10803,8
10804,8
10805,8
10806,0
10807,0
10808,0
10809,0
10810,0
10811,24
10812,8
10813,0
10814,8
10815,0
10816,0
10817,0
10818,8
10819,8
10820,0
10821,0
10822,0
10823,16
10824,16
10825,24
10826,8
10827,-8
10828,-8
10829,0
10830,16
10831,8
10832,16
10833,16
10834,0
10835,0
10836,0
10837,8
10838,0
10839,16
10840,8
10841,0
10842,-8
10843,8
10844,0
10845,0
10846,0
10847,0
10848,0
10849,0
10850,0
10851,0
10852,8
10853,8
10854,0
10855,8
10856,8
10857,8
10858,0
10859,8
10860,0
10861,0
10862,-8
10863,8
10864,8
10865,0
10866,0
10867,0
10868,0
10869,8
10870,8
10871,0
10872,0
10873,-8
10874,-8
10875,0
10876,0
10877,0
10878,0
10879,8
10880,0
10881,8
10882,-8
10883,8
10884,-8
10885,0
10886,0
10887,0
10888,0
10889,16
10890,8
10891,0
10892,0
10893,8
10894,8
10895,0
10896,0
10897,8
10898,0
10899,8
10900,0
10901,0
10902,8
10903,0
10904,0
10905,0
10906,0
10907,8
10908,8
10909,0
10910,-8
10911,8
10912,8
10913,8
10914,0
10915,8
10916,-8
10917,8
10918,0
10919,0
10920,0
10921,8
10922,8
10923,8
10924,8
10925,8
10926,0
10927,0
10928,8
10929,8
10930,8
10931,8
10932,0
10933,0
10934,0
10935,0
10936,8
10937,0
10938,0
10939,8
10940,0
10941,0
10942,0
10943,0
10944,0
10945,8
10946,24
10947,0
10948,0
10949,-8
10950,0
10951,0
10952,0
10953,-8
10954,8
10955,0
10956,0
10957,0
10958,0
10959,8
10960,8
10961,-8
10962,0
10963,0
10964,8
10965,0
10966,0
10967,8
10968,8
10969,8
10970,8
10971,8
10972,8
10973,-8
10974,8
10975,8
10976,0
10977,8
10978,8
10979,0
10980,0
10981,0
10982,0
10983,0
10984,8
10985,8
10986,8
10987,0
10988,0
10989,0
10990,0
10991,8
10992,0
10993,0
10994,0
10995,0
10996,8
10997,8
10998,0
10999,0
11000,-8
11001,8
11002,0
11003,0
11004,-8
11005,8
11006,0
11007,0
11008,-8
11009,8
11010,0
11011,0
11012,24
11013,0
11014,0
11015,8
11016,0
11017,0
11018,-8
11019,0
11020,8
11021,24
11022,24
11023,16
11024,24
11025,0
11026,8
11027,0
11028,0
11029,0
11030,8
11031,-8
11032,8
11033,0
11034,-8
11035,0
11036,0
11037,8
11038,0
11039,8
11040,8
11041,-8
11042,-8
11043,0
11044,0
11045,8
11046,0
11047,8
11048,0
11049,0
11050,0
11051,0
11052,-8
11053,8
11054,0
11055,0
11056,0
11057,0
11058,-8
11059,0
11060,8
11061,24
11062,8
11063,8
11064,0
11065,0
11066,8
11067,8
11068,0
11069,8
11070,0
11071,0
11072,0
11073,0
11074,8
11075,8
11076,8
11077,0
11078,0
11079,0
11080,0
11081,8
11082,0
11083,0
11084,0
11085,-8
11086,0
11087,0
11088,0
11089,0
11090,0
11091,0
11092,0
11093,8
11094,8
11095,8
11096,8
11097,8
11098,8
11099,0
11100,0
11101,0
11102,8
11103,-8
11104,0
11105,0
11106,8
11107,0
11108,8
11109,0
11110,8
11111,8
11112,16
11113,8
11114,0
11115,0
11116,8
11117,16
11118,0
11119,0
11120,8
11121,8
11122,0
11123,8
11124,0
11125,8
11126,0
11127,24
11128,8
11129,8
11130,8
11131,0
11132,0
11133,0
11134,16
11135,0
11136,-8
11137,8
11138,0
11139,8
11140,8
11141,0
11142,0
11143,8
11144,8
11145,0
11146,8
11147,8
11148,0
11149,8
11150,0
11151,0
11152,0
11153,8
11154,8
11155,0
11156,0
11157,-8
11158,8
11159,0
11160,8
11161,8
11162,0
11163,8
11164,-8
11165,8
11166,0
11167,8
11168,0
11169,8
11170,0
11171,0
11172,8
11173,0
11174,8
11175,0
11176,8
11177,8
11178,0
11179,-8
11180,8
11181,8
11182,0
11183,0
11184,0
11185,8
11186,-8
11187,8
11188,-8
11189,8
11190,0
11191,0
11192,0
11193,0
11194,0
11195,0
11196,0
11197,0
11198,0
11199,0
11200,16
11201,0
11202,0
11203,-8
11204,0
11205,0
11206,0
11207,8
11208,8
11209,0
11210,0
11211,8
11212,0
11213,0
11214,8
11215,8
11216,0
11217,0
11218,-8
11219,16
11220,-8
11221,0
11222,0
11223,24
11224,0
11225,8
11226,8
11227,-8
11228,0
11229,0
11230,8
11231,8
11232,0
11233,0
11234,0
11235,0
11236,0
11237,8
11238,-8
11239,24
11240,0
11241,-8
11242,0
11243,8
11244,-8
11245,8
11246,0
11247,8
11248,0
11249,0
11250,0
11251,0
11252,8
11253,8
11254,0
11255,8
11256,-8
11257,8
11258,0
11259,8
11260,0
11261,8
11262,0
11263,8
11264,-8
11265,0
11266,0
11267,0
11268,-8
11269,0
11270,8
11271,0
11272,0
11273,0
11274,-8
11275,0
11276,-8
11277,8
11278,0
11279,0
11280,0
11281,0
11282,0
11283,-8
11284,0
11285,8
11286,0
11287,0
11288,8
11289,0
11290,8
11291,0
11292,8
11293,8
11294,-8
11295,-8
11296,8
11297,0
11298,0
11299,-8
11300,8
11301,-8
11302,8
11303,8
11304,0
11305,0
11306,0
11307,0
11308,0
11309,0
11310,-8
11311,0
11312,0
11313,0
11314,8
11315,0
11316,24
11317,0
11318,8
11319,0
11320,0
11321,0
11322,8
11323,0
11324,8
11325,16
11326,0
11327,16
11328,0
11329,8
11330,0
11331,8
11332,8
11333,8
11334,0
11335,0
11336,8
11337,0
11338,8
11339,8
11340,8
11341,16
11342,0
11343,8
11344,8
11345,8
11346,8
11347,8
11348,0
11349,0
11350,0
11351,8
11352,0
11353,24
11354,8
11355,8
11356,0
11357,8
11358,0
11359,8
11360,0
11361,8
11362,0
11363,0
11364,8
11365,8
11366,0
11367,8
11368,8
11369,0
11370,8
11371,8
11372,0
11373,0
11374,8
11375,0
11376,8
11377,8
11378,8
11379,8
11380,24
11381,16
11382,8
11383,16
11384,0
11385,0
11386,0
11387,8
11388,0
11389,0
11390,8
11391,0
11392,8
11393,8
11394,0
11395,0
11396,0
11397,0
11398,0
11399,8
11400,0
11401,0
11402,8
11403,0
11404,0
11405,0
11406,0
11407,-8
11408,0
11409,8
11410,0
11411,8
11412,8
11413,-8
11414,8
11415,-8
11416,0
11417,0
11418,8
11419,8
11420,-8
11421,0
11422,0
11423,0
11424,-8
11425,0
11426,0
11427,-8
11428,-16
11429,0
11430,-8
11431,0
11432,0
11433,8
11434,0
11435,0
11436,0
11437,0
11438,0
11439,0
11440,0
11441,0
11442,0
11443,0
11444,24
11445,136
11446,308
11447,56
11448,64
11449,96
11450,-232
11451,-80
11452,-112
11453,24
11454,144
11455,-64
11456,-320
11457,-232
11458,-24
11459,8
11460,-24
11461,-80
11462,-56
11463,-56
11464,24
11465,0
11466,-40
11467,24
11468,40
11469,24
11470,8
11471,0
11472,16
11473,0
11474,-8
11475,0
11476,8
11477,0
11478,0
11479,0
11480,0
11481,0
11482,8
11483,-8
11484,0
11485,0
11486,16
11487,0
11488,8
11489,8
11490,24
11491,16
11492,24
11493,8
11494,16
11495,24
11496,24
11497,8
11498,8
11499,0
11500,8
11501,0
11502,0
11503,8
11504,0
11505,-8
11506,0
11507,0
11508,-8
11509,0
11510,8
11511,96
11512,8
11513,-24
11514,-16
11515,-8
11516,-8
11517,-8
11518,-16
11519,-8
11520,0
11521,-16
11522,0
11523,0
11524,8
11525,8
11526,0
11527,0
11528,0
11529,0
11530,8
11531,16
11532,16
11533,24
11534,8
11535,8
11536,0
11537,8
11538,0
11539,0
11540,8
11541,-8
11542,0
11543,8
11544,0
11545,8
11546,0
11547,0
11548,16
11549,-8
11550,0
11551,0
11552,-8
11553,8
11554,0
11555,0
11556,0
11557,0
11558,8
11559,-8
11560,0
11561,0
11562,-8
11563,8
11564,-8
11565,0
11566,0
11567,0
11568,-8
11569,8
11570,24
11571,0
11572,-8
11573,0
11574,0
11575,-8
11576,0
11577,8
11578,0
11579,0
11580,0
11581,0
11582,0
11583,0
11584,8
11585,-8
11586,0
11587,0
11588,0
11589,0
11590,0
11591,0
11592,0
11593,8
11594,0
11595,0
11596,-8
11597,0
11598,8
11599,8
11600,0
11601,0
11602,0
11603,8
11604,8
11605,0
11606,0
11607,24
11608,8
11609,8
11610,0
11611,0
11612,0
11613,-8
11614,0
11615,-8
11616,8
11617,0
11618,-16
11619,8
11620,-8
11621,8
11622,-8
11623,0
11624,8
11625,8
11626,8
11627,-8
11628,0
11629,0
11630,0
11631,0
11632,8
11633,-8
11634,0
11635,0
11636,8
11637,0
11638,0
11639,0
11640,0
11641,0
11642,-8
11643,0
11644,8
11645,8
11646,-8
11647,-8
11648,8
11649,0
11650,8
11651,0
11652,-8
11653,0
11654,8
11655,8
11656,8
11657,8
11658,16
11659,8
11660,8
11661,8
11662,8
11663,8
11664,0
11665,0
11666,0
11667,0
11668,8
11669,0
11670,0
11671,8
11672,0
11673,0
11674,8
11675,0
11676,0
11677,8
11678,0
11679,0
11680,0
11681,8
11682,56
11683,80
11684,56
11685,40
11686,40
11687,24
11688,8
11689,8
11690,-8
11691,-24
11692,-32
11693,-32
11694,-32
11695,-32
11696,-40
11697,-8
11698,0
11699,0
11700,24
11701,24
11702,24
11703,8
11704,0
11705,-8
11706,-24
11707,-24
11708,-16
11709,-16
11710,8
11711,0
11712,16
11713,8
11714,8
11715,24
11716,0
11717,8
11718,8
11719,8
11720,-8
11721,0
11722,8
11723,0
11724,8
11725,0
11726,0
11727,0
11728,-16
11729,-8
11730,0
11731,0
11732,0
11733,0
11734,0
11735,-8
11736,0
11737,0
11738,0
11739,0
11740,8
11741,0
11742,0
11743,0
11744,0
11745,8
11746,8
11747,0
11748,0
11749,8
11750,0
11751,16
11752,0
11753,8
11754,0
11755,0
11756,0
11757,8
11758,16
11759,8
11760,8
11761,8
11762,8
11763,8
11764,8
11765,0
11766,0
11767,0
11768,8
11769,8
11770,0
11771,8
11772,8
11773,0
11774,0
11775,0
11776,0
11777,0
11778,0
11779,8
11780,24
11781,8
11782,0
11783,8
11784,8
11785,0
11786,8
11787,8
11788,0
11789,0
11790,8
11791,0
11792,8
11793,0
11794,8
11795,0
11796,0
11797,0
11798,0
11799,8
11800,0
11801,0
11802,0
11803,16
11804,8
11805,0
11806,0
11807,0
11808,0
11809,0
11810,8
11811,8
11812,0
11813,0
11814,8
11815,8
11816,8
11817,8
11818,8
11819,8
11820,0
11821,16
11822,0
11823,24
11824,24
11825,8
11826,0
11827,0
11828,16
11829,0
11830,8
11831,0
11832,8
11833,0
11834,8
11835,8
11836,0
11837,0
11838,8
11839,0
11840,0
11841,-8
11842,8
11843,8
11844,8
11845,8
11846,24
11847,-8
11848,0
11849,-8
11850,0
11851,0
11852,0
11853,8
11854,8
11855,24
11856,0
11857,8
11858,8
11859,0
11860,0
11861,0
11862,8
11863,8
11864,8
11865,0
11866,0
11867,0
11868,0
11869,24
11870,0
11871,8
11872,0
11873,0
11874,24
11875,16
11876,0
11877,8
11878,8
11879,8
11880,0
11881,0
11882,8
11883,8
11884,8
11885,8
11886,0
11887,0
11888,16
11889,0
11890,0
11891,0
11892,0
11893,8
11894,8
11895,16
11896,0
11897,0
11898,0
11899,0
11900,8
11901,8
11902,0
11903,8
11904,0
11905,0
11906,8
11907,0
11908,8
11909,0
11910,8
11911,8
11912,0
11913,0
11914,8
11915,0
11916,0
11917,8
11918,0
11919,8
11920,8
11921,8
11922,0
11923,0
11924,8
11925,8
11926,0
11927,0
11928,0
11929,0
11930,0
11931,24
11932,0
11933,0
11934,0
11935,0
11936,0
11937,8
11938,0
11939,0
11940,8
11941,8
11942,8
11943,0
11944,0
11945,0
11946,-8
11947,0
11948,-8
11949,-8
11950,8
11951,0
11952,0
11953,0
11954,0
11955,0
11956,0
11957,-8
11958,0
11959,0
11960,0
11961,-8
11962,8
11963,0
11964,8
11965,-8
11966,0
11967,8
11968,0
11969,-8
11970,0
11971,8
11972,0
11973,0
11974,16
11975,-8
11976,0
11977,0
11978,8
11979,0
11980,0
11981,8
11982,8
11983,8
11984,8
11985,0
11986,8
11987,0
11988,8
11989,8
11990,0
11991,8
11992,8
11993,0
11994,0
11995,8
11996,8
11997,0
11998,0
11999,0
12000,8
12001,8
12002,0
12003,8
12004,0
12005,-8
12006,8
12007,0
12008,0
12009,8
12010,0
12011,0
12012,0
12013,0
12014,0
12015,0
12016,0
12017,0
12018,8
12019,0
12020,8
12021,8
12022,0
12023,-8
12024,8
12025,0
12026,8
12027,8
12028,8
12029,-8
12030,0
12031,0
12032,0
12033,8
12034,0
12035,0
12036,-8
12037,-8
12038,0
12039,0
12040,0
12041,0
12042,0
12043,0
12044,0
12045,0
12046,8
12047,0
12048,8
12049,0
12050,8
12051,0
12052,-8
12053,0
12054,0
12055,0
12056,0
12057,0
12058,8
12059,8
12060,0
12061,0
12062,8
12063,8
12064,8
12065,0
12066,8
12067,0
12068,8
12069,0
12070,0
12071,8
12072,8
12073,-8
12074,0
12075,0
12076,8
12077,8
12078,0
12079,-8
12080,-8
12081,0
12082,0
12083,8
12084,0
12085,0
12086,8
12087,8
12088,8
12089,0
12090,8
12091,8
12092,0
12093,24
12094,8
12095,24
12096,0
12097,8
12098,24
12099,8
12100,0
12101,8
12102,0
12103,0
12104,0
12105,0
12106,8
12107,0
12108,0
12109,0
12110,0
12111,0
12112,8
12113,24
12114,8
12115,0
12116,-8
12117,24
12118,0
12119,0
12120,0
12121,0
12122,0
12123,0
12124,0
12125,0
12126,8
12127,16
12128,0
12129,0
12130,0
12131,8
12132,0
12133,8
12134,0
12135,8
12136,0
12137,0
12138,-8
12139,0
12140,0
12141,8
12142,16
12143,0
12144,0
12145,0
12146,0
12147,0
12148,0
12149,8
12150,0
12151,-8
12152,0
12153,0
12154,8
12155,8
12156,0
12157,-8
12158,0
12159,8
12160,8
12161,8
12162,8
12163,16
12164,0
12165,8
12166,24
12167,8
12168,24
12169,8
12170,0
12171,0
12172,0
12173,8
12174,0
12175,0
12176,24
12177,0
12178,8
12179,0
12180,8
12181,8
12182,0
12183,0
12184,0
12185,8
12186,8
12187,8
12188,0
12189,0
12190,8
12191,24
12192,0
12193,8
12194,0
12195,0
12196,0
12197,0
12198,0
12199,8
12200,8
12201,0
12202,0
12203,8
12204,0
12205,24
12206,0
12207,8
12208,0
12209,8
12210,0
12211,8
12212,-8
12213,8
12214,0
12215,-8
12216,0
12217,0
12218,0
12219,0
12220,-8
12221,0
12222,0
12223,8
12224,8
12225,-8
12226,0
12227,0
12228,0
12229,8
12230,-8
12231,0
12232,0
12233,8
12234,0
12235,0
12236,0
12237,0
12238,8
12239,0
12240,-8
12241,-8
12242,0
12243,0
12244,8
12245,-8
12246,0
12247,8
12248,-8
12249,0
12250,8
12251,-8
12252,8
12253,8
12254,8
12255,8
12256,0
12257,8
12258,0
12259,8
12260,0
12261,8
12262,0
12263,8
12264,8
12265,0
12266,8
12267,16
12268,8
12269,8
12270,0
12271,8
12272,0
12273,8
12274,8
12275,8
12276,-8
12277,0
12278,0
12279,0
12280,0
12281,0
12282,8
12283,0
12284,16
12285,0
12286,0
12287,0
12288,0
12289,0
12290,8
12291,8
12292,8
12293,0
12294,24
12295,24
12296,0
12297,8
12298,0
12299,0
12300,0
12301,8
12302,0
12303,0
12304,0
12305,8
12306,0
12307,0
12308,8
12309,16
12310,0
12311,0
12312,8
12313,0
12314,-8
12315,8
12316,0
12317,8
12318,0
12319,0
12320,8
12321,0
12322,8
12323,8
12324,0
12325,8
12326,0
12327,0
12328,8
12329,0
12330,0
12331,0
12332,0
12333,8
12334,0
12335,0
12336,0
12337,8
12338,0
12339,0
12340,0
12341,0
12342,0
12343,8
12344,-16
12345,-8
12346,-8
12347,0
12348,0
12349,8
12350,-8
12351,0
12352,8
12353,0
12354,0
12355,0
12356,8
12357,0
12358,8
12359,0
12360,0
12361,0
12362,-8
12363,0
12364,0
12365,0
12366,0
12367,8
12368,-8
12369,8
12370,0
12371,0
12372,8
12373,0
12374,8
12375,0
12376,0
12377,8
12378,0
12379,0
12380,8
12381,0
12382,0
12383,8
12384,0
12385,8
12386,8
12387,0
12388,16
12389,8
12390,8
12391,0
12392,8
12393,0
12394,8
12395,0
12396,8
12397,8
12398,0
12399,8
12400,0
12401,8
12402,0
12403,0
12404,0
12405,0
12406,0
12407,8
12408,0
12409,8
12410,-8
12411,0
12412,8
12413,8
12414,-8
12415,0
12416,0
12417,8
12418,8
12419,0
12420,0
12421,0
12422,0
12423,0
12424,0
12425,0
12426,-8
12427,-8
12428,8
12429,0
12430,-8
12431,0
12432,8
12433,8
12434,8
12435,0
12436,8
12437,0
12438,-8
12439,-8
12440,24
12441,0
12442,0
12443,0
12444,0
12445,-8
12446,0
12447,-8
12448,8
12449,8
12450,0
12451,8
12452,8
12453,8
12454,8
12455,-8
12456,0
12457,0
12458,0
12459,0
12460,0
12461,0
12462,0
12463,0
12464,0
12465,0
12466,8
12467,24
12468,0
12469,0
12470,0
12471,0
12472,0
12473,0
12474,0
12475,0
12476,8
12477,0
12478,0
12479,-8
12480,0
12481,8
12482,-8
12483,0
12484,-8
12485,0
12486,8
12487,0
12488,8
12489,-8
12490,0
12491,0
12492,8
12493,0
12494,0
12495,0
12496,-8
12497,0
12498,8
12499,0
12500,0
12501,8
12502,24
12503,0
12504,0
12505,0
12506,-8
12507,0
12508,8
12509,0
12510,8
12511,16
12512,8
12513,8
12514,0
12515,0
12516,0
12517,8
12518,0
12519,8
12520,0
12521,8
12522,8
12523,8
12524,0
12525,0
12526,-8
12527,0
12528,0
12529,0
12530,0
12531,16
12532,0
12533,8
12534,0
12535,0
12536,0
12537,0
12538,0
12539,0
12540,8
12541,8
12542,0
12543,0
12544,0
12545,0
12546,8
12547,8
12548,0
12549,0
12550,8
12551,-8
12552,0
12553,-8
12554,0
12555,0
12556,0
12557,0
12558,0
12559,-8
12560,8
12561,0
12562,8
12563,0
12564,0
12565,0
12566,0
12567,0
12568,8
12569,0
12570,8
12571,0
12572,8
12573,0
12574,0
12575,8
12576,8
12577,16
12578,8
12579,0
12580,16
12581,24
12582,8
12583,0
12584,0
12585,0
12586,0
12587,0
12588,0
12589,16
12590,0
12591,8
12592,8
12593,0
12594,8
12595,0
12596,8
12597,0
12598,0
12599,8
12600,8
12601,0
12602,8
12603,0
12604,8
12605,0
12606,0
12607,8
12608,8
12609,8
12610,0
12611,0
12612,0
12613,8
12614,8
12615,8
12616,0
12617,-8
12618,0
12619,8
12620,8
12621,0
12622,0
12623,0
12624,0
12625,0
12626,0
12627,16
12628,8
12629,8
12630,-8
12631,8
12632,0
12633,0
12634,8
12635,0
12636,16
12637,8
12638,8
12639,0
12640,16
12641,0
12642,8
12643,8
12644,0
12645,0
12646,-8
12647,8
12648,16
12649,8
12650,8
12651,8
12652,0
12653,0
12654,-8
12655,8
12656,8
12657,8
12658,-8
12659,0
12660,0
12661,0
12662,-8
12663,0
12664,0
12665,8
12666,0
12667,0
12668,0
12669,0
12670,0
12671,0
12672,-8
12673,0
12674,8
12675,8
12676,8
12677,0
12678,0
12679,0
12680,0
12681,0
12682,-8
12683,8
12684,8
12685,-8
12686,32
12687,0
12688,8
12689,0
12690,8
12691,8
12692,8
12693,8
12694,-8
12695,0
12696,0
12697,0
12698,0
12699,0
12700,0
12701,0
12702,0
12703,8
12704,0
12705,0
12706,8
12707,8
12708,0
12709,8
12710,0
12711,0
12712,8
12713,0
12714,8
12715,0
12716,0
12717,8
12718,16
12719,0
12720,8
12721,8
12722,8
12723,8
12724,8
12725,8
12726,8
12727,0
12728,0
12729,24
12730,8
12731,0
12732,0
12733,8
12734,8
12735,0
12736,8
12737,8
12738,24
12739,0
12740,0
12741,0
12742,0
12743,8
12744,8
12745,0
12746,0
12747,8
12748,16
12749,8
12750,0
12751,8
12752,8
12753,8
12754,0
12755,0
12756,0
12757,8
12758,8
12759,16
12760,8
12761,8
12762,8
12763,0
12764,8
12765,8
12766,8
12767,0
12768,8
12769,0
12770,8
12771,0
12772,0
12773,24
12774,24
12775,0
12776,8
12777,8
12778,0
12779,0
12780,-8
12781,0
12782,8
12783,8
12784,0
12785,0
12786,24
12787,8
12788,0
12789,0
12790,0
12791,0
12792,8
12793,0
12794,0
12795,0
12796,8
12797,0
12798,16
12799,0
12800,8
12801,8
12802,0
12803,16
12804,-8
12805,8
12806,0
12807,8
12808,16
12809,8
12810,8
12811,0
12812,0
12813,8
12814,8
12815,0
12816,0
12817,0
12818,0
12819,8
12820,0
12821,0
12822,0
12823,0
12824,8
12825,0
12826,16
12827,8
12828,-8
12829,8
12830,8
12831,8
12832,8
12833,0
12834,-8
12835,8
12836,0
12837,8
12838,8
12839,8
12840,0
12841,0
12842,-8
12843,0
12844,0
12845,0
12846,8
12847,0
12848,8
12849,8
12850,8
12851,8
12852,8
12853,8
12854,0
12855,16
12856,0
12857,8
12858,8
12859,8
12860,0
12861,16
12862,0
12863,0
12864,0
12865,0
12866,0
12867,8
12868,0
12869,8
12870,0
12871,8
12872,0
12873,-24
12874,8
12875,16
12876,8
12877,8
12878,0
12879,0
12880,8
12881,0
12882,0
12883,0
12884,0
12885,0
12886,8
12887,8
12888,8
12889,0
12890,0
12891,8
12892,0
12893,16
12894,8
12895,8
12896,8
12897,0
12898,8
12899,8
12900,8
12901,-8
12902,8
12903,0
12904,0
12905,0
12906,8
12907,0
12908,0
12909,8
12910,8
12911,8
12912,0
12913,8
12914,0
12915,8
12916,0
12917,8
12918,8
12919,8
12920,0
12921,0
12922,0
12923,0
12924,0
12925,24
12926,8
12927,8
12928,-8
12929,0
12930,8
12931,0
12932,8
12933,0
12934,0
12935,0
12936,0
12937,8
12938,8
12939,8
12940,0
12941,0
12942,32
12943,24
12944,8
12945,8
12946,0
12947,0
12948,-8
12949,8
12950,0
12951,0
12952,0
12953,8
12954,8
12955,8
12956,8
12957,8
12958,8
12959,0
12960,8
12961,0
12962,0
12963,8
12964,-8
12965,8
12966,8
12967,0
12968,-8
12969,8
12970,8
12971,-8
12972,16
12973,0
12974,0
12975,0
12976,8
12977,0
12978,-8
12979,8
12980,0
12981,-8
12982,24
12983,-8
12984,8
12985,0
12986,0
12987,0
12988,8
12989,0
12990,8
12991,0
12992,-8
12993,8
12994,0
12995,-8
12996,-16
12997,0
12998,8
12999,0
13000,0
13001,0
13002,-8
13003,0
13004,0
13005,0
13006,8
13007,0
13008,0
13009,-8
13010,8
13011,0
13012,8
13013,0
13014,8
13015,0
13016,8
13017,8
13018,0
13019,16
13020,8
13021,8
13022,0
13023,0
13024,8
13025,0
13026,0
13027,8
13028,-8
13029,8
13030,8
13031,-8
13032,8
13033,0
13034,-8
13035,0
13036,0
13037,0
13038,-16
13039,8
13040,24
13041,0
13042,8
13043,24
13044,0
13045,16
13046,0
13047,24
13048,8
13049,8
13050,0
13051,8
13052,-8
13053,8
13054,24
13055,8
13056,0
13057,0
13058,8
13059,8
13060,0
13061,0
13062,0
13063,0
13064,24
13065,8
13066,-8
13067,8
13068,0
13069,8
13070,8
13071,8
13072,0
13073,-8
13074,0
13075,0
13076,8
13077,0
13078,8
13079,8
13080,8
13081,0
13082,8
13083,8
13084,8
13085,0
13086,8
13087,0
13088,8
13089,0
13090,0
13091,8
13092,0
13093,8
13094,0
13095,0
13096,8
13097,8
13098,0
13099,-16
13100,0
13101,8
13102,0
13103,8
13104,0
13105,0
13106,8
13107,0
13108,16
13109,0
13110,0
13111,8
13112,0
13113,0
13114,0
13115,-8
13116,0
13117,8
13118,0
13119,0
13120,8
13121,24
13122,8
13123,8
13124,16
13125,0
13126,0
13127,0
13128,8
13129,0
13130,0
13131,8
13132,0
13133,24
13134,0
13135,0
13136,0
13137,-8
13138,0
13139,8
13140,0
13141,0
13142,8
13143,8
13144,0
13145,24
13146,0
13147,8
13148,0
13149,0
13150,0
13151,0
13152,8
13153,8
13154,16
13155,8
13156,-8
13157,24
13158,8
13159,8
13160,8
13161,8
13162,8
13163,0
13164,8
13165,8
13166,8
13167,0
13168,0
13169,0
13170,8
13171,8
13172,0
13173,0
13174,8
13175,8
13176,0
13177,0
13178,8
13179,0
13180,8
13181,8
13182,0
13183,0
13184,0
13185,0
13186,0
13187,0
13188,-8
13189,-8
13190,8
13191,8
13192,8
13193,8
13194,0
13195,8
13196,8
13197,8
13198,8
13199,24
13200,8
13201,0
13202,8
13203,0
13204,0
13205,8
13206,0
13207,0
13208,8
13209,0
13210,0
13211,16
13212,8
13213,0
13214,8
13215,-8
13216,8
13217,8
13218,8
13219,0
13220,8
13221,24
13222,0
13223,8
13224,16
13225,16
13226,0
13227,0
13228,8
13229,0
13230,0
13231,8
13232,16
13233,8
13234,-8
13235,0
13236,0
13237,-8
13238,16
13239,8
13240,0
13241,8
13242,0
13243,0
13244,-8
13245,0
13246,8
13247,0
13248,8
13249,0
13250,0
13251,0
13252,0
13253,0
13254,8
13255,8
13256,16
13257,8
13258,0
13259,-8
13260,0
13261,0
13262,0
13263,0
13264,0
13265,24
13266,0
13267,-8
13268,0
13269,0
13270,8
13271,8
13272,8
13273,0
13274,-8
13275,8
13276,0
13277,0
13278,0
13279,0
13280,0
13281,0
13282,-8
13283,0
13284,0
13285,0
13286,0
13287,8
13288,0
13289,8
13290,-8
13291,-8
13292,-8
13293,0
13294,8
13295,8
13296,0
13297,-8
13298,0
13299,0
13300,0
13301,0
13302,0
13303,0
13304,8
13305,0
13306,0
13307,8
13308,0
13309,8
13310,0
13311,0
13312,0
13313,8
13314,0
13315,8
13316,0
13317,0
13318,0
13319,8
13320,8
13321,0
13322,0
13323,-8
13324,0
13325,8
13326,-8
13327,0
13328,0
13329,24
13330,0
13331,0
13332,-8
13333,0
13334,0
13335,-8
13336,-8
13337,0
13338,0
13339,0
13340,0
13341,0
13342,8
13343,0
13344,0
13345,-8
13346,0
13347,0
13348,-8
13349,0
13350,0
13351,0
13352,0
13353,0
13354,0
13355,8
13356,8
13357,-8
13358,0
13359,0
13360,8
13361,0
13362,0
13363,0
13364,0
13365,-8
13366,0
13367,-8
13368,0
13369,8
13370,0
13371,-8
13372,-24
13373,0
13374,-32
13375,-8
13376,-8
13377,-8
13378,0
13379,0
13380,0
13381,-8
13382,-8
13383,-8
13384,8
13385,0
13386,8
13387,0
13388,8
13389,0
13390,-8
13391,0
13392,8
13393,8
13394,8
13395,0
13396,8
13397,0
13398,0
13399,8
13400,0
13401,0
13402,0
13403,8
13404,0
13405,0
13406,-8
13407,0
13408,0
13409,0
13410,0
13411,8
13412,0
13413,0
13414,24
13415,8
13416,24
13417,0
13418,8
13419,8
13420,8
13421,8
13422,0
13423,0
13424,24
13425,0
13426,0
13427,0
13428,0
13429,-16
13430,0
13431,0
13432,8
13433,-8
13434,8
13435,8
13436,8
13437,0
13438,8
13439,0
13440,0
13441,8
13442,0
13443,8
13444,0
13445,24
13446,0
13447,8
13448,0
13449,8
13450,0
13451,0
13452,0
13453,0
13454,16
13455,24
13456,8
13457,0
13458,-32
13459,8
13460,8
13461,0
13462,8
13463,8
13464,0
13465,8
13466,16
13467,0
13468,16
13469,0
13470,-8
13471,-32
13472,8
13473,8
13474,8
13475,0
13476,0
13477,8
13478,0
13479,8
13480,24
13481,8
13482,8
13483,16
13484,0
13485,8
13486,8
13487,8
13488,8
13489,-8
13490,-16
13491,8
13492,0
13493,24
13494,-8
13495,0
13496,8
13497,0
13498,-8
13499,0
13500,0
13501,8
13502,8
13503,8
13504,8
13505,8
13506,-24
13507,-8
13508,-8
13509,-8
13510,0
13511,0
13512,-8
13513,8
13514,-8
13515,0
13516,-16
13517,-16
13518,-8
13519,-8
13520,0
13521,24
13522,8
13523,0
13524,0
13525,-8
13526,8
13527,0
13528,8
13529,0
13530,0
13531,8
13532,8
13533,0
13534,0
13535,8
13536,-8
13537,0
13538,-8
13539,-8
13540,16
13541,-8
13542,-8
13543,-8
13544,-8
13545,8
13546,0
13547,0
13548,8
13549,0
13550,-8
13551,0
13552,8
13553,0
13554,0
13555,0
13556,0
13557,0
13558,0
13559,0
13560,-8
13561,0
13562,8
13563,0
13564,8
13565,8
13566,0
13567,8
13568,8
13569,0
13570,0
13571,0
13572,0
13573,0
13574,8
13575,0
13576,8
13577,0
13578,8
13579,16
13580,-8
13581,0
13582,0
13583,24
13584,8
13585,0
13586,16
13587,8
13588,8
13589,8
13590,0
13591,-8
13592,8
13593,0
13594,0
13595,8
13596,0
13597,24
13598,8
13599,0
13600,8
13601,8
13602,0
13603,8
13604,0
13605,-8
13606,0
13607,8
13608,16
13609,-8
13610,0
13611,8
13612,16
13613,-8
13614,8
13615,16
13616,0
13617,8
13618,8
13619,0
13620,16
13621,8
13622,0
13623,8
13624,8
13625,8
13626,0
13627,8
13628,8
13629,0
13630,8
13631,-8
13632,0
13633,8
13634,0
13635,0
13636,0
13637,0
13638,8
13639,8
13640,-8
13641,-8
13642,0
13643,8
13644,0
13645,-8
13646,0
13647,0
13648,-8
13649,24
13650,0
13651,-8
13652,0
13653,-8
13654,0
13655,8
13656,0
13657,-8
13658,8
13659,8
13660,8
13661,8
13662,8
13663,-8
13664,8
13665,8
13666,8
13667,0
13668,24
13669,8
13670,0
13671,8
13672,0
13673,0
13674,24
13675,-8
13676,8
13677,0
13678,24
13679,8
13680,8
13681,8
13682,0
13683,0
13684,8
13685,8
13686,8
13687,0
13688,0
13689,-8
13690,0
13691,8
13692,8
13693,8
13694,0
13695,0
13696,0
13697,0
13698,0
13699,8
13700,0
13701,16
13702,8
13703,0
13704,0
13705,8
13706,0
13707,8
13708,0
13709,8
13710,8
13711,0
13712,0
13713,8
13714,8
13715,8
13716,0
13717,0
13718,8
13719,-16
13720,8
13721,0
13722,8
13723,-8
13724,-8
13725,8
13726,0
13727,8
13728,8
13729,0
13730,-8
13731,16
13732,0
13733,0
13734,0
13735,8
13736,0
13737,0
13738,0
13739,0
13740,0
13741,-8
13742,0
13743,0
13744,8
13745,0
13746,0
13747,0
13748,0
13749,-8
13750,0
13751,0
13752,-8
13753,-8
13754,-8
13755,16
13756,8
13757,0
13758,0
13759,8
13760,0
13761,0
13762,0
13763,8
13764,8
13765,0
13766,0
13767,-8
13768,-8
13769,0
13770,8
13771,-8
13772,0
13773,-8
13774,-8
13775,0
13776,0
13777,0
13778,-8
13779,0
13780,0
13781,-8
13782,0
13783,0
13784,-8
13785,-8
13786,0
13787,0
13788,-8
13789,0
13790,0
13791,-8
13792,0
13793,0
13794,8
13795,0
13796,8
13797,8
13798,-8
13799,0
13800,0
13801,-8
13802,-8
13803,0
13804,0
13805,-8
13806,0
13807,8
13808,0
13809,8
13810,0
13811,0
13812,8
13813,24
13814,0
13815,0
13816,-8
13817,8
13818,0
13819,0
13820,0
13821,-8
13822,8
13823,8
13824,8
13825,8
13826,8
13827,-8
13828,8
13829,8
13830,0
13831,0
13832,0
13833,0
13834,-8
13835,8
13836,0
13837,-8
13838,8
13839,8
13840,8
13841,0
13842,-8
13843,8
13844,0
13845,0
13846,0
13847,-8
13848,-8
13849,0
13850,0
13851,0
13852,0
13853,8
13854,0
13855,0
13856,8
13857,8
13858,-8
13859,8
13860,8
13861,0
13862,0
13863,-8
13864,0
13865,0
13866,0
13867,0
13868,8
13869,8
13870,0
13871,0
13872,8
13873,8
13874,0
13875,-16
13876,0
13877,8
13878,8
13879,0
13880,24
13881,0
13882,0
13883,0
13884,-8
13885,0
13886,-8
13887,0
13888,8
13889,-8
13890,0
13891,0
13892,8
13893,8
13894,8
13895,0
13896,0
13897,8
13898,0
13899,8
13900,0
13901,0
13902,0
13903,0
13904,-8
13905,0
13906,8
13907,0
13908,0
13909,8
13910,0
13911,0
13912,0
13913,0
13914,0
13915,-8
13916,8
13917,0
13918,0
13919,0
13920,0
13921,0
13922,0
13923,0
13924,8
13925,0
13926,0
13927,8
13928,0
13929,8
13930,0
13931,0
13932,0
13933,0
13934,8
13935,0
13936,8
13937,-8
13938,0
13939,0
13940,0
13941,0
13942,0
13943,8
13944,0
13945,8
13946,-8
13947,8
13948,8
13949,8
13950,0
13951,0
13952,0
13953,0
13954,8
13955,0
13956,0
13957,0
13958,-8
13959,8
13960,0
13961,0
13962,0
13963,8
13964,0
13965,0
13966,8
13967,8
13968,0
13969,0
13970,0
13971,8
13972,0
13973,8
13974,8
13975,8
13976,8
13977,0
13978,0
13979,0
13980,-8
13981,16
13982,8
13983,-8
13984,0
13985,8
13986,-8
13987,0
13988,0
13989,0
13990,8
13991,0
13992,8
13993,0
13994,0
13995,-8
13996,0
13997,0
13998,8
13999,0
14000,0
14001,24
14002,8
14003,-8
14004,0
14005,8
14006,8
14007,8
14008,8
14009,0
14010,8
14011,0
14012,8
14013,8
14014,8
14015,0
14016,8
14017,0
14018,8
14019,0
14020,0
14021,0
14022,0
14023,0
14024,-8
14025,8
14026,8
14027,0
14028,0
14029,0
14030,8
14031,0
14032,8
14033,0
14034,-8
14035,8
14036,8
14037,8
14038,0
14039,0
14040,0
14041,8
14042,0
14043,16
14044,0
14045,0
14046,16
14047,0
14048,-8
14049,0
14050,8
14051,-8
14052,0
14053,0
14054,0
14055,16
14056,8
14057,8
14058,8
14059,8
14060,16
14061,8
14062,8
14063,8
14064,8
14065,0
14066,0
14067,8
14068,8
14069,0
14070,0
14071,0
14072,8
14073,8
14074,0
14075,0
14076,0
14077,0
14078,0
14079,8
14080,-8
14081,-8
14082,0
14083,0
14084,8
14085,0
14086,8
14087,0
14088,8
14089,24
14090,8
14091,8
14092,8
14093,0
14094,0
14095,8
14096,0
14097,0
14098,0
14099,0
14100,8
14101,0
14102,8
14103,0
14104,8
14105,0
14106,-8
14107,8
14108,0
14109,0
14110,8
14111,8
14112,0
14113,8
14114,0
14115,8
14116,8
14117,8
14118,0
14119,8
14120,8
14121,0
14122,8
14123,0
14124,0
14125,0
14126,0
14127,0
14128,0
14129,-8
14130,-8
14131,0
14132,0
14133,8
14134,0
14135,0
14136,8
14137,0
14138,0
14139,0
14140,0
14141,8
14142,0
14143,0
14144,0
14145,8
14146,8
14147,0
14148,-8
14149,8
14150,0
14151,0
14152,0
14153,0
14154,8
14155,8
14156,8
14157,0
14158,8
14159,-8
14160,8
14161,8
14162,0
14163,0
14164,24
14165,0
14166,8
14167,0
14168,8
14169,8
14170,0
14171,0
14172,0
14173,8
14174,-8
14175,-8
14176,8
14177,8
14178,8
14179,-8
14180,0
14181,0
14182,8
14183,0
14184,8
14185,8
14186,0
14187,16
14188,0
14189,24
14190,0
14191,8
14192,0
14193,0
14194,0
14195,8
14196,0
14197,0
14198,0
14199,8
14200,0
14201,8
14202,0
14203,0
14204,0
14205,8
14206,8
14207,0
14208,0
14209,8
14210,8
14211,0
14212,0
14213,8
14214,0
14215,0
14216,8
14217,8
14218,0
14219,0
14220,0
14221,0
14222,0
14223,8
14224,8
14225,0
14226,-8
14227,0
14228,0
14229,0
14230,8
14231,8
14232,8
14233,0
14234,0
14235,0
14236,8
14237,8
14238,-8
14239,0
14240,0
14241,-8
14242,8
14243,0
14244,0
14245,0
14246,0
14247,0
14248,8
14249,0
14250,0
14251,0
14252,8
14253,0
14254,0
14255,8
14256,0
14257,0
14258,0
14259,8
14260,0
14261,0
14262,8
14263,0
14264,0
14265,8
14266,0
14267,8
14268,0
14269,8
14270,0
14271,0
14272,0
14273,16
14274,8
14275,0
14276,0
14277,8
14278,0
14279,0
14280,8
14281,-8
14282,0
14283,0
14284,0
14285,0
14286,0
14287,0
14288,0
14289,0
14290,0
14291,0
14292,-8
14293,0
14294,0
14295,0
14296,8
14297,0
14298,8
14299,0
14300,-8
14301,8
14302,0
14303,0
14304,8
14305,8
14306,0
14307,0
14308,8
14309,0
14310,8
14311,8
14312,0
14313,0
14314,-16
14315,8
14316,0
14317,8
14318,0
14319,0
14320,0
14321,0
14322,0
14323,8
14324,8
14325,0
14326,0
14327,8
14328,0
14329,-8
14330,0
14331,0
14332,0
14333,8
14334,8
14335,0
14336,0
14337,0
14338,8
14339,8
14340,8
14341,-8
14342,8
14343,16
14344,8
14345,0
14346,8
14347,8
14348,8
14349,8
14350,0
14351,0
14352,0
14353,0
14354,8
14355,0
14356,0
14357,0
14358,24
14359,24
14360,0
14361,8
14362,0
14363,8
14364,8
14365,-8
14366,0
14367,8
14368,0
14369,0
14370,0
14371,0
14372,8
14373,8
14374,0
14375,8
14376,8
14377,8
14378,-8
14379,8
14380,0
14381,8
14382,0
14383,8
14384,8
14385,8
14386,0
14387,-8
14388,0
14389,0
14390,8
14391,-8
14392,0
14393,0
14394,0
14395,0
14396,8
14397,8
14398,0
14399,0
14400,8
14401,-8
14402,0
14403,8
14404,8
14405,0
14406,0
14407,0
14408,8
14409,0
14410,0
14411,0
14412,0
14413,0
14414,0
14415,0
14416,8
14417,8
14418,8
14419,16
14420,0
14421,0
14422,8
14423,0
14424,16
14425,0
14426,0
14427,8
14428,0
14429,16
14430,0
14431,0
14432,-8
14433,0
14434,8
14435,0
14436,0
14437,8
14438,0
14439,0
14440,0
14441,0
14442,0
14443,8
14444,0
14445,8
14446,0
14447,8
14448,0
14449,0
14450,0
14451,8
14452,24
14453,-8
14454,0
14455,8
14456,0
14457,-8
14458,0
14459,8
14460,0
14461,0
14462,0
14463,8
14464,0
14465,8
14466,8
14467,0
14468,8
14469,8
14470,0
14471,8
14472,0
14473,0
14474,0
14475,0
14476,8
14477,0
14478,0
14479,8
14480,8
14481,0
14482,0
14483,8
14484,8
14485,0
14486,0
14487,-8
14488,0
14489,0
14490,0
14491,0
14492,0
14493,0
14494,8
14495,8
14496,-8
14497,8
14498,8
14499,8
14500,0
14501,16
14502,8
14503,0
14504,0
14505,0
14506,8
14507,0
14508,24
14509,0
14510,8
14511,-8
14512,8
14513,8
14514,8
14515,8
14516,-8
14517,16
14518,8
14519,0
14520,0
14521,0
14522,0
14523,0
14524,0
14525,0
14526,8
14527,-8
14528,0
14529,0
14530,8
14531,0
14532,-8
14533,0
14534,-8
14535,8
14536,0
14537,0
14538,0
14539,0
14540,0
14541,0
14542,8
14543,-8
14544,0
14545,8
14546,-8
14547,0
14548,0
14549,16
14550,8
14551,0
14552,0
14553,-8
14554,0
14555,0
14556,0
14557,0
14558,8
14559,8
14560,0
14561,0
14562,-8
14563,-8
14564,0
14565,8
14566,0
14567,0
14568,0
14569,8
14570,0
14571,8
14572,8
14573,0
14574,0
14575,-8
14576,8
14577,8
14578,8
14579,0
14580,8
14581,0
14582,0
14583,0
14584,-8
14585,-8
14586,8
14587,0
14588,-8
14589,-8
14590,0
14591,-8
14592,0
14593,0
14594,0
14595,0
14596,0
14597,0
14598,8
14599,0
14600,8
14601,-8
14602,0
14603,0
14604,0
14605,-8
14606,0
14607,24
14608,0
14609,-8
14610,0
14611,8
14612,0
14613,0
14614,0
14615,0
14616,0
14617,8
14618,0
14619,-8
14620,8
14621,0
14622,0
14623,0
14624,0
14625,0
14626,0
14627,-8
14628,0
14629,0
14630,0
14631,0
14632,0
14633,24
14634,0
14635,0
14636,0
14637,0
14638,0
14639,0
14640,0
14641,0
14642,24
14643,0
14644,8
14645,0
14646,0
14647,0
14648,-8
14649,0
14650,8
14651,0
14652,-8
14653,0
14654,0
14655,0
14656,8
14657,0
14658,0
14659,-8
14660,0
14661,0
14662,8
14663,8
14664,-8
14665,0
14666,0
14667,-8
14668,8
14669,16
14670,0
14671,8
14672,8
14673,0
14674,-8
14675,0
14676,-8
14677,0
14678,0
14679,0
14680,8
14681,8
14682,8
14683,0
14684,0
14685,8
14686,-8
14687,0
14688,8
14689,0
14690,0
14691,0
14692,8
14693,0
14694,0
14695,8
14696,0
14697,0
14698,8
14699,8
14700,8
14701,0
14702,0
14703,0
14704,8
14705,-8
14706,0
14707,8
14708,24
14709,0
14710,0
14711,16
14712,8
14713,8
14714,8
14715,8
14716,8
14717,8
14718,0
14719,8
14720,16
14721,0
14722,8
14723,0
14724,-8
14725,0
14726,8
14727,0
14728,8
14729,0
14730,-8
14731,8
14732,-8
14733,8
14734,0
14735,0
14736,8
14737,24
14738,8
14739,8
14740,8
14741,8
14742,16
14743,8
14744,0
14745,0
14746,16
14747,8
14748,8
14749,16
14750,8
14751,0
14752,0
14753,8
14754,8
14755,8
14756,8
14757,8
14758,0
14759,0
14760,8
14761,8
14762,8
14763,0
14764,8
14765,0
14766,0
14767,0
14768,0
14769,-8
14770,8
14771,0
14772,0
14773,0
14774,0
14775,8
14776,8
14777,-16
14778,0
14779,0
14780,0
14781,0
14782,8
14783,0
14784,8
14785,8
14786,8
14787,8
14788,8
14789,8
14790,0
14791,0
14792,0
14793,0
14794,8
14795,0
14796,0
14797,0
14798,0
14799,0
14800,0
14801,0
14802,0
14803,-8
14804,0
14805,0
14806,0
14807,0
14808,8
14809,0
14810,0
14811,8
14812,0
14813,0
14814,8
14815,0
14816,8
14817,-8
14818,-8
14819,0
14820,0
14821,8
14822,8
14823,0
14824,0
14825,0
14826,0
14827,0
14828,8
14829,0
14830,0
14831,8
14832,8
14833,0
14834,0
14835,0
14836,0
14837,0
14838,8
14839,8
14840,0
14841,0
14842,-8
14843,8
14844,0
14845,0
14846,0
14847,24
14848,24
14849,0
14850,8
14851,0
14852,0
14853,16
14854,0
14855,16
14856,0
14857,0
14858,24
14859,0
14860,8
14861,0
14862,8
14863,0
14864,8
14865,8
14866,16
14867,0
14868,-8
14869,0
14870,8
14871,8
14872,8
14873,0
14874,0
14875,8
14876,0
14877,8
14878,8
14879,8
14880,8
14881,8
14882,0
14883,0
14884,8
14885,0
14886,8
14887,0
14888,8
14889,0
14890,0
14891,0
14892,8
14893,-8
14894,-8
14895,8
14896,16
14897,0
14898,8
14899,0
14900,8
14901,-8
14902,0
14903,-8
14904,0
14905,8
14906,0
14907,0
14908,8
14909,8
14910,0
14911,8
14912,8
14913,8
14914,0
14915,0
14916,0
14917,8
14918,0
14919,8
14920,0
14921,0
14922,0
14923,8
14924,8
14925,16
14926,0
14927,8
14928,8
14929,0
14930,8
14931,0
14932,8
14933,0
14934,8
14935,8
14936,0
14937,0
14938,8
14939,16
14940,0
14941,8
14942,0
14943,0
14944,0
14945,0
14946,0
14947,0
14948,-8
14949,16
14950,0
14951,0
14952,8
14953,0
14954,8
14955,0
14956,8
14957,8
14958,8
14959,0
14960,0
14961,0
14962,8
14963,8
14964,8
14965,0
14966,8
14967,-8
14968,8
14969,0
14970,0
14971,0
14972,0
14973,8
14974,0
14975,0
14976,8
14977,8
14978,16
14979,8
14980,8
14981,0
14982,24
14983,0
14984,8
14985,0
14986,0
14987,8
14988,8
14989,0
14990,0
14991,8
14992,8
14993,0
14994,0
14995,0
14996,0
14997,0
14998,0
14999,8
15000,8
15001,0
15002,0
15003,0
15004,8
15005,16
15006,8
15007,8
15008,24
15009,0
15010,8
15011,0
15012,0
15013,8
15014,8
15015,0
15016,0
15017,8
15018,8
15019,-8
15020,0
15021,0
15022,0
15023,0
15024,8
15025,0
15026,0
15027,0
15028,0
15029,-8
15030,0
15031,-8
15032,0
15033,0
15034,8
15035,0
15036,0
15037,0
15038,0
15039,0
15040,0
15041,8
15042,0
15043,0
15044,8
15045,0
15046,0
15047,8
15048,8
15049,0
15050,-8
15051,0
15052,0
15053,8
15054,0
15055,0
15056,0
15057,0
15058,0
15059,0
15060,0
15061,8
15062,8
15063,8
15064,8
15065,0
15066,0
15067,0
15068,8
15069,0
15070,8
15071,0
15072,0
15073,16
15074,8
15075,8
15076,8
15077,16
15078,8
15079,16
15080,0
15081,24
15082,0
15083,0
15084,0
15085,0
15086,8
15087,8
15088,24
15089,16
15090,8
15091,0
15092,-8
15093,0
15094,0
15095,0
15096,8
15097,0
15098,24
15099,0
15100,-8
15101,0
15102,8
15103,0
15104,8
15105,8
15106,8
15107,0
15108,0
15109,8
15110,-8
15111,0
15112,8
15113,0
15114,8
15115,0
15116,0
15117,-8
15118,16
15119,8
15120,0
15121,0
15122,-8
15123,-8
15124,8
15125,8
15126,16
15127,0
15128,8
15129,8
15130,0
15131,8
15132,8
15133,8
15134,0
15135,0
15136,8
15137,8
15138,8
15139,8
15140,0
15141,0
15142,8
15143,-8
15144,8
15145,-8
15146,8
15147,8
15148,0
15149,8
15150,8
15151,8
15152,8
15153,8
15154,0
15155,8
15156,0
15157,0
15158,0
15159,8
15160,8
15161,-8
15162,0
15163,0
15164,0
15165,8
15166,-8
15167,0
15168,0
15169,16
15170,8
15171,0
15172,8
15173,16
15174,0
15175,16
15176,8
15177,8
15178,8
15179,0
15180,8
15181,8
15182,0
15183,0
15184,8
15185,0
15186,0
15187,8
15188,8
15189,-16
15190,0
15191,0
15192,0
15193,0
15194,0
15195,0
15196,0
15197,8
15198,0
15199,16
15200,8
15201,-8
15202,8
15203,0
15204,0
15205,8
15206,0
15207,-8
15208,8
15209,0
15210,0
15211,0
15212,8
15213,8
15214,0
15215,8
15216,0
15217,8
15218,0
15219,8
15220,8
15221,0
15222,8
15223,0
15224,8
15225,8
15226,8
15227,0
15228,0
15229,0
15230,8
15231,0
15232,8
15233,8
15234,0
15235,0
15236,0
15237,0
15238,0
15239,0
15240,0
15241,0
15242,0
15243,8
15244,0
15245,-8
15246,8
15247,24
15248,0
15249,0
15250,0
15251,-8
15252,8
15253,0
15254,0
15255,-8
15256,8
15257,0
15258,8
15259,0
15260,-8
15261,8
15262,0
15263,0
15264,8
15265,0
15266,0
15267,8
15268,-8
15269,8
15270,8
15271,0
15272,8
15273,8
15274,0
15275,0
15276,0
15277,8
15278,8
15279,0
15280,0
15281,24
15282,16
15283,8
15284,-8
15285,0
15286,8
15287,8
15288,0
15289,-8
15290,0
15291,0
15292,0
15293,0
15294,0
15295,-8
15296,0
15297,8
15298,0
15299,8
15300,8
15301,0
15302,8
15303,-16
15304,0
15305,0
15306,-8
15307,0
15308,0
15309,8
15310,0
15311,8
15312,0
15313,-8
15314,0
15315,8
15316,-8
15317,8
15318,0
15319,-8
15320,0
15321,8
15322,0
15323,0
15324,0
15325,-8
15326,0
15327,0
15328,0
15329,0
15330,0
15331,8
15332,0
15333,-8
15334,-8
15335,-8
15336,0
15337,-8
15338,0
15339,-8
15340,-8
15341,0
15342,-8
15343,8
15344,0
15345,8
15346,0
15347,0
15348,0
15349,0
15350,0
15351,0
15352,0
15353,0
15354,8
15355,0
15356,-8
15357,-8
15358,0
15359,0
15360,-8
15361,-8
15362,-8
15363,0
15364,0
15365,8
15366,0
15367,0
15368,0
15369,8
15370,8
15371,0
15372,-8
15373,-8
15374,0
15375,0
15376,0
15377,0
15378,-8
15379,0
15380,0
15381,0
15382,-8
15383,0
15384,-8
15385,8
15386,-24
15387,8
15388,0
15389,8
15390,0
15391,0
15392,0
15393,0
15394,0
15395,-8
15396,8
15397,0
15398,0
15399,0
15400,0
15401,-8
15402,8
15403,0
15404,0
15405,-8
15406,0
15407,0
15408,-8
15409,0
15410,8
15411,16
15412,0
15413,0
15414,8
15415,0
15416,8
15417,-8
15418,0
15419,-8
15420,-8
15421,-8
15422,-8
15423,-8
15424,8
15425,-8
15426,0
15427,16
15428,0
15429,-8
15430,0
15431,8
15432,0
15433,0
15434,0
15435,0
15436,0
15437,0
15438,0
15439,8
15440,-8
15441,-8
15442,0
15443,0
15444,-8
15445,0
15446,0
15447,0
15448,0
15449,0
15450,0
15451,16
15452,0
15453,8
15454,0
15455,-8
15456,-8
15457,8
15458,8
15459,-8
15460,24
15461,8
15462,0
15463,0
15464,0
15465,0
15466,8
15467,-8
15468,0
15469,0
15470,0
15471,0
15472,0
15473,-8
15474,-8
15475,8
15476,-8
15477,8
15478,0
15479,0
15480,8
15481,0
15482,8
15483,0
15484,0
15485,8
15486,24
15487,0
15488,-8
15489,0
15490,-8
15491,-8
15492,-8
15493,8
15494,0
15495,-8
15496,0
15497,0
15498,8
15499,-8
15500,0
15501,8
15502,8
15503,-8
15504,0
15505,0
15506,8
15507,0
15508,-8
15509,0
15510,0
15511,0
15512,0
15513,0
15514,0
15515,0
15516,8
15517,0
15518,0
15519,8
15520,0
15521,0
15522,-8
15523,8
15524,0
15525,0
15526,0
15527,0
15528,0
15529,0
15530,0
15531,8
15532,0
15533,8
15534,0
15535,-8
15536,8
15537,8
15538,8
15539,0
15540,0
15541,0
15542,8
15543,0
15544,0
15545,8
15546,0
15547,0
15548,8
15549,0
15550,-8
15551,0
15552,0
15553,0
15554,8
15555,0
15556,8
15557,8
15558,8
15559,-8
15560,-8
15561,0
15562,0
15563,8
15564,0
15565,8
15566,0
15567,8
15568,-8
15569,0
15570,8
15571,0
15572,0
15573,0
15574,0
15575,0
15576,0
15577,8
15578,8
15579,0
15580,8
15581,0
15582,0
15583,0
15584,8
15585,0
15586,0
15587,0
15588,0
15589,0
15590,0
15591,0
15592,8
15593,0
15594,24
15595,8
15596,8
15597,8
15598,8
15599,8
15600,0
15601,0
15602,8
15603,0
15604,0
15605,0
15606,8
15607,0
15608,0
15609,8
15610,8
15611,0
15612,0
15613,0
15614,-8
15615,8
15616,0
15617,8
15618,24
15619,8
15620,0
15621,8
15622,8
15623,8
15624,8
15625,0
15626,0
15627,8
15628,0
15629,0
15630,16
15631,8
15632,0
15633,8
15634,0
15635,8
15636,16
15637,8
15638,0
15639,8
15640,0
15641,8
15642,0
15643,0
15644,0
15645,0
15646,16
15647,0
15648,8
15649,8
15650,0
15651,0
15652,0
15653,8
15654,8
15655,8
15656,8
15657,0
15658,8
15659,16
15660,0
15661,0
15662,0
15663,0
15664,8
15665,24
15666,0
15667,8
15668,8
15669,8
15670,16
15671,8
15672,0
15673,0
15674,0
15675,0
15676,0
15677,8
15678,8
15679,0
15680,8
15681,8
15682,-8
15683,0
15684,0
15685,0
15686,0
15687,16
15688,8
15689,8
15690,-8
15691,0
15692,0
15693,8
15694,0
15695,0
15696,0
15697,0
15698,0
15699,8
15700,8
15701,8
15702,0
15703,0
15704,-8
15705,0
15706,0
15707,0
15708,24
15709,8
15710,8
15711,0
15712,0
15713,0
15714,0
15715,0
15716,8
15717,-8
15718,0
15719,0
15720,-8
15721,8
15722,0
15723,0
15724,-8
15725,0
15726,0
15727,8
15728,0
15729,8
15730,0
15731,0
15732,0
15733,0
15734,0
15735,0
15736,0
15737,0
15738,-8
15739,-8
15740,0
15741,0
15742,8
15743,0
15744,0
15745,0
15746,8
15747,0
15748,0
15749,-8
15750,0
15751,0
15752,8
15753,0
15754,0
15755,8
15756,8
15757,0
15758,0
15759,0
15760,0
15761,8
15762,-8
15763,0
15764,8
15765,0
15766,0
15767,8
15768,8
15769,8
15770,8
15771,0
15772,8
15773,24
15774,0
15775,0
15776,8
15777,8
15778,8
15779,8
15780,0
15781,0
15782,8
15783,0
15784,8
15785,0
15786,8
15787,0
15788,0
15789,8
15790,8
15791,0
15792,8
15793,0
15794,0
15795,0
15796,0
15797,8
15798,0
15799,8
15800,-8
15801,-8
15802,0
15803,-8
15804,0
15805,0
15806,0
15807,0
15808,0
15809,0
15810,-8
15811,0
15812,0
15813,0
15814,8
15815,8
15816,0
15817,0
15818,8
15819,0
15820,-8
15821,8
15822,0
15823,8
15824,0
15825,0
15826,0
15827,0
15828,0
15829,0
15830,0
15831,8
15832,8
15833,8
15834,8
15835,8
15836,8
15837,0
15838,8
15839,8
15840,0
15841,0
15842,0
15843,8
15844,0
15845,0
15846,0
15847,8
15848,8
15849,0
15850,0
15851,8
15852,0
15853,8
15854,-8
15855,0
15856,0
15857,0
15858,0
15859,0
15860,8
15861,8
15862,0
15863,8
15864,-8
15865,0
15866,0
15867,0
15868,0
15869,0
15870,16
15871,0
15872,0
15873,0
15874,0
15875,0
15876,0
15877,0
15878,8
15879,0
15880,0
15881,8
15882,8
15883,0
15884,8
15885,8
15886,0
15887,0
15888,16
15889,0
15890,0
15891,0
15892,8
15893,8
15894,-8
15895,0
15896,8
15897,0
15898,0
15899,0
15900,8
15901,0
15902,8
15903,-16
15904,8
15905,8
15906,8
15907,-8
15908,0
15909,0
15910,0
15911,0
15912,0
15913,8
15914,0
15915,0
15916,0
15917,8
15918,8
15919,0
15920,0
15921,8
15922,0
15923,0
15924,8
15925,0
15926,0
15927,0
15928,0
15929,8
15930,8
15931,0
15932,-16
15933,8
15934,0
15935,8
15936,0
15937,8
15938,8
15939,8
15940,8
15941,0
15942,24
15943,8
15944,8
15945,8
15946,0
15947,0
15948,8
15949,8
15950,0
15951,24
15952,8
15953,0
15954,-8
15955,8
15956,0
15957,0
15958,0
15959,8
15960,8
15961,8
15962,0
15963,0
15964,0
15965,0
15966,0
15967,0
15968,8
15969,8
15970,8
15971,0
15972,8
15973,8
15974,0
15975,0
15976,8
15977,0
15978,0
15979,0
15980,0
15981,8
15982,8
15983,0
15984,0
15985,0
15986,0
15987,0
15988,0
15989,0
15990,0
15991,0
15992,-8
15993,-8
15994,0
15995,0
15996,0
15997,0
15998,8
15999,8
16000,0
16001,0
16002,16
16003,0
16004,0
16005,8
16006,8
16007,8
16008,8
16009,8
16010,8
16011,8
16012,8
16013,0
16014,0
16015,0
16016,24
16017,16
16018,8
16019,8
16020,0
16021,8
16022,0
16023,0
16024,8
16025,0
16026,0
16027,8
16028,8
16029,8
16030,0
16031,0
16032,0
16033,0
16034,0
16035,0
16036,8
16037,0
16038,8
16039,16
16040,16
16041,8
16042,0
16043,0
16044,8
16045,0
16046,-8
16047,8
16048,0
16049,8
16050,8
16051,0
16052,-16
16053,8
16054,8
16055,0
16056,16
16057,0
16058,0
16059,8
16060,0
16061,0
16062,0
16063,0
16064,8
16065,0
16066,0
16067,0
16068,0
16069,0
16070,8
16071,-8
16072,8
16073,-8
16074,0
16075,0
16076,0
16077,8
16078,0
16079,0
16080,0
16081,8
16082,8
16083,0
16084,0
16085,0
16086,0
16087,0
16088,0
16089,0
16090,0
16091,0
16092,8
16093,0
16094,0
16095,0
16096,8
16097,-8
16098,0
16099,-8
16100,0
16101,0
16102,0
16103,0
16104,-8
16105,0
16106,8
16107,0
16108,8
16109,0
16110,8
16111,0
16112,0
16113,-8
16114,0
16115,0
16116,-8
16117,8
16118,-8
16119,8
16120,-8
16121,-8
16122,0
16123,0
16124,0
16125,0
16126,-8
16127,8
16128,0
16129,0
16130,-8
16131,0
16132,0
16133,0
16134,8
16135,0
16136,0
16137,8
16138,0
16139,8
16140,0
16141,-8
16142,0
16143,0
16144,8
16145,0
16146,-8
16147,8
16148,0
16149,0
16150,0
16151,0
16152,0
16153,0
16154,8
16155,-8
16156,-8
16157,0
16158,0
16159,8
16160,0
16161,8
16162,0
16163,8
16164,0
16165,16
16166,0
16167,8
16168,8
16169,8
16170,8
16171,0
16172,8
16173,24
16174,0
16175,0
16176,0
16177,8
16178,8
16179,-8
16180,0
16181,-8
16182,8
16183,8
16184,0
16185,0
16186,0
16187,16
16188,-8
16189,0
16190,0
16191,0
16192,0
16193,0
16194,8
16195,8
16196,0
16197,8
16198,0
16199,-8
16200,0
16201,0
16202,0
16203,8
16204,0
16205,8
16206,0
16207,8
16208,0
16209,0
16210,8
16211,8
16212,0
16213,8
16214,8
16215,8
16216,0
16217,0
16218,0
16219,0
16220,-8
16221,8
16222,0
16223,0
16224,0
16225,0
16226,-8
16227,8
16228,8
16229,8
16230,-8
16231,16
16232,0
16233,8
16234,8
16235,8
16236,-8
16237,0
16238,0
16239,0
16240,-8
16241,0
16242,0
16243,-8
16244,8
16245,0
16246,0
16247,0
16248,0
16249,8
16250,0
16251,8
16252,8
16253,8
16254,-8
16255,0
16256,-8
16257,0
16258,-8
16259,0
16260,-16
16261,8
16262,8
16263,-8
16264,-8
16265,-8
16266,0
16267,8
16268,-8
16269,-8
16270,0
16271,8
16272,8
16273,0
16274,0
16275,8
16276,0
16277,8
16278,8
16279,0
16280,0
16281,0
16282,0
16283,0
16284,0
16285,0
16286,0
16287,0
16288,0
16289,0
16290,0
16291,0
16292,0
16293,8
16294,8
16295,0
16296,8
16297,8
16298,8
16299,8
16300,8
16301,0
16302,16
16303,0
16304,0
16305,0
16306,0
16307,8
16308,0
16309,-8
16310,-8
16311,-8
16312,0
16313,-8
16314,0
16315,0
16316,0
16317,8
16318,-8
16319,8
16320,0
16321,0
16322,0
16323,0
16324,-8
16325,0
16326,0
16327,0
16328,8
16329,0
16330,-8
16331,0
16332,0
16333,0
16334,0
16335,0
16336,0
16337,-8
16338,0
16339,0
16340,0
16341,0
16342,8
16343,0
16344,8
16345,0
16346,0
16347,8
16348,8
16349,0
16350,0
16351,0
16352,0
16353,0
16354,0
16355,8
16356,-8
16357,0
16358,0
16359,-8
16360,8
16361,8
16362,0
16363,0
16364,0
16365,0
16366,0
16367,-8
16368,8
16369,8
16370,0
16371,0
16372,8
16373,16
16374,0
16375,0
16376,8
16377,0
16378,0
16379,0
16380,0
16381,0
16382,8
16383,8
16384,0
16385,0
16386,0
16387,-8
16388,0
16389,-8
16390,8
16391,0
16392,0
16393,8
16394,0
16395,0
16396,0
16397,8
16398,0
16399,0
16400,8
16401,8
16402,0
16403,8
16404,8
16405,8
16406,-8
16407,0
16408,8
16409,0
16410,0
16411,0
16412,0
16413,8
16414,8
16415,0
16416,8
16417,8
16418,8
16419,0
16420,0
16421,0
16422,0
16423,0
16424,8
16425,0
16426,8
16427,8
16428,0
16429,8
16430,8
16431,0
16432,0
16433,0
16434,8
16435,-8
16436,-8
16437,0
16438,0
16439,0
16440,16
16441,8
16442,0
16443,0
16444,0
16445,0
16446,8
16447,24
16448,8
16449,8
16450,0
16451,8
16452,0
16453,0
16454,8
16455,0
16456,8
16457,0
16458,0
16459,-8
16460,8
16461,0
16462,0
16463,0
16464,0
16465,0
16466,0
16467,0
16468,0
16469,8
16470,0
16471,0
16472,0
16473,8
16474,0
16475,8
16476,0
16477,0
16478,8
16479,0
16480,8
16481,8
16482,0
16483,0
16484,0
16485,8
16486,8
16487,8
16488,-8
16489,0
16490,-8
16491,-8
16492,0
16493,0
16494,0
16495,8
16496,-8
16497,0
16498,0
16499,8
16500,0
16501,0
16502,0
16503,16
16504,0
16505,0
16506,8
16507,-8
16508,8
16509,0
16510,0
16511,0
16512,0
16513,8
16514,0
16515,-8
16516,-8
16517,8
16518,0
16519,0
16520,0
16521,0
16522,8
16523,8
16524,0
16525,-8
16526,0
16527,0
16528,0
16529,0
16530,8
16531,-8
16532,-8
16533,0
16534,0
16535,0
16536,0
16537,8
16538,0
16539,0
16540,0
16541,0
16542,24
16543,8
16544,0
16545,-8
16546,0
16547,8
16548,8
16549,8
16550,8
16551,-8
16552,0
16553,8
16554,0
16555,0
16556,0
16557,0
16558,0
16559,8
16560,0
16561,8
16562,8
16563,8
16564,-8
16565,0
16566,0
16567,-8
16568,0
16569,0
16570,-8
16571,-8
16572,0
16573,0
16574,0
16575,-8
16576,8
16577,0
16578,8
16579,8
16580,0
16581,0
16582,-8
16583,0
16584,0
16585,8
16586,0
16587,8
16588,0
16589,0
16590,0
16591,0
16592,8
16593,0
16594,24
16595,-8
16596,-8
16597,8
16598,8
16599,0
16600,0
16601,8
16602,0
16603,8
16604,16
16605,8
16606,0
16607,0
16608,0
16609,8
16610,0
16611,8
16612,0
16613,-8
16614,-8
16615,8
16616,0
16617,0
16618,0
16619,0
16620,0
16621,0
16622,0
16623,8
16624,0
16625,0
16626,0
16627,8
16628,0
16629,24
16630,0
16631,-8
16632,8
16633,0
16634,8
16635,8
16636,8
16637,8
16638,8
16639,0
16640,0
16641,0
16642,8
16643,8
16644,0
16645,24
16646,0
16647,0
16648,0
16649,8
16650,8
16651,8
16652,16
16653,8
16654,0
16655,8
16656,0
16657,8
16658,-8
16659,0
16660,8
16661,24
16662,0
16663,0
16664,0
16665,8
16666,0
16667,8
16668,0
16669,0
16670,0
16671,0
16672,8
16673,0
16674,8
16675,8
16676,-8
16677,8
16678,8
16679,0
16680,0
16681,8
16682,8
16683,0
16684,8
16685,8
16686,0
16687,8
16688,0
16689,-8
16690,0
16691,24
16692,8
16693,0
16694,8
16695,0
16696,0
16697,0
16698,8
16699,16
16700,360
16701,96
16702,32
16703,96
16704,0
16705,24
16706,-56
16707,-144
16708,-64
16709,24
16710,-40
16711,-88
16712,-120
16713,-64
16714,-40
16715,-24
16716,-40
16717,-32
16718,-8
16719,-64
16720,-40
16721,8
16722,24
16723,24
16724,24
16725,24
16726,16
16727,8
16728,24
16729,0
16730,80
16731,8
16732,8
16733,0
16734,8
16735,-8
16736,-8
16737,0
16738,0
16739,0
16740,8
16741,8
16742,8
16743,24
16744,24
16745,24
16746,24
16747,24
16748,24
16749,16
16750,16
16751,16
16752,8
16753,8
16754,8
16755,0
16756,8
16757,0
16758,0
16759,8
16760,-8
16761,-8
16762,-8
16763,-8
16764,-8
16765,0
16766,-8
16767,-8
16768,-8
16769,-8
16770,0
16771,8
16772,0
16773,0
16774,0
16775,8
16776,8
16777,8
16778,8
16779,0
16780,16
16781,8
16782,24
16783,24
16784,24
16785,24
16786,0
16787,8
16788,16
16789,8
16790,-8
16791,0
16792,8
16793,0
16794,0
16795,0
16796,0
16797,8
16798,8
16799,8
16800,0
16801,8
16802,0
16803,8
16804,8
16805,0
16806,8
16807,8
16808,0
16809,0
16810,8
16811,0
16812,0
16813,0
16814,0
16815,8
16816,8
16817,0
16818,0
16819,0
16820,0
16821,-8
16822,0
16823,0
16824,8
16825,0
16826,0
16827,-8
16828,-8
16829,0
16830,0
16831,-8
16832,0
16833,0
16834,0
16835,0
16836,0
16837,-8
16838,0
16839,0
16840,0
16841,0
16842,8
16843,0
16844,0
16845,0
16846,8
16847,0
16848,0
16849,0
16850,0
16851,0
16852,0
16853,8
16854,8
16855,0
16856,0
16857,0
16858,8
16859,8
16860,8
16861,8
16862,0
16863,0
16864,8
16865,8
16866,0
16867,0
16868,8
16869,8
16870,0
16871,0
16872,0
16873,8
16874,0
16875,0
16876,8
16877,0
16878,0
16879,0
16880,0
16881,8
16882,0
16883,0
16884,0
16885,8
16886,0
16887,0
16888,-8
16889,0
16890,0
16891,8
16892,8
16893,-8
16894,0
16895,8
16896,0
16897,8
16898,16
16899,0
16900,8
16901,8
16902,0
16903,24
16904,8
16905,8
16906,8
16907,0
16908,0
16909,-8
16910,0
16911,0
16912,-8
16913,0
16914,0
16915,8
16916,0
16917,-8
16918,0
16919,8
16920,0
16921,0
16922,8
16923,0
16924,0
16925,0
16926,8
16927,0
16928,0
16929,8
16930,8
16931,0
16932,8
16933,0
16934,0
16935,0
16936,0
16937,0
16938,0
16939,0
16940,-8
16941,0
16942,0
16943,0
16944,-8
16945,8
16946,0
16947,0
16948,0
16949,0
16950,0
16951,-8
16952,8
16953,0
16954,0
16955,8
16956,8
16957,0
16958,8
16959,8
16960,-8
16961,24
16962,32
16963,80
16964,80
16965,40
16966,40
16967,40
16968,24
16969,24
16970,-8
16971,-16
16972,-32
16973,-32
16974,-24
16975,-8
16976,-16
16977,-8
16978,-8
16979,-24
16980,-32
16981,-24
16982,-32
16983,-16
16984,-24
16985,-8
16986,-8
16987,0
16988,-8
16989,-8
16990,-8
16991,-16
16992,0
16993,-8
16994,0
16995,0
16996,0
16997,8
16998,8
16999,0
17000,0
17001,0
17002,-8
17003,0
17004,0
17005,8
17006,0
17007,-8
17008,-8
17009,0
17010,8
17011,0
17012,0
17013,-8
17014,8
17015,-8
17016,0
17017,-8
17018,0
17019,8
17020,0
17021,0
17022,0
17023,-8
17024,0
17025,8
17026,0
17027,0
17028,8
17029,-8
17030,0
17031,-8
17032,-8
17033,0
17034,-8
17035,0
17036,-8
17037,0
17038,0
17039,0
17040,0
17041,0
17042,8
17043,0
17044,0
17045,0
17046,0
17047,0
17048,8
17049,0
17050,8
17051,-8
17052,-8
17053,0
17054,0
17055,16
17056,0
17057,8
17058,0
17059,8
17060,8
17061,8
17062,0
17063,0
17064,0
17065,16
17066,0
17067,0
17068,8
17069,8
17070,8
17071,0
17072,-8
17073,0
17074,-8
17075,0
17076,0
17077,-8
17078,0
17079,-8
17080,8
17081,8
17082,0
17083,0
17084,0
17085,8
17086,0
17087,0
17088,0
17089,0
17090,8
17091,0
17092,-16
17093,0
17094,8
17095,-16
17096,-8
17097,0
17098,0
17099,-8
17100,0
17101,0
17102,0
17103,8
17104,-8
17105,0
17106,0
17107,8
17108,0
17109,0
17110,0
17111,-8
17112,8
17113,0
17114,0
17115,0
17116,8
17117,8
17118,8
17119,0
17120,-8
17121,0
17122,-8
17123,-8
17124,0
17125,8
17126,-8
17127,0
17128,0
17129,8
17130,8
17131,0
17132,-8
17133,-8
17134,0
17135,0
17136,0
17137,0
17138,0
17139,0
17140,0
17141,-8
17142,0
17143,0
17144,0
17145,0
17146,8
17147,8
17148,0
17149,0
17150,24
17151,0
17152,8
17153,0
17154,8
17155,0
17156,-8
17157,0
17158,8
17159,0
17160,0
17161,8
17162,8
17163,0
17164,0
17165,0
17166,8
17167,0
17168,-8
17169,0
17170,0
17171,8
17172,-8
17173,0
17174,0
17175,0
17176,0
17177,0
17178,8
17179,0
17180,8
17181,8
17182,8
17183,0
17184,0
17185,0
17186,0
17187,0
17188,8
17189,0
17190,-8
17191,8
17192,0
17193,0
17194,0
17195,8
17196,0
17197,0
17198,-8
17199,0
17200,0
17201,0
17202,0
17203,0
17204,0
17205,8
17206,0
17207,8
17208,0
17209,0
17210,0
17211,0
17212,0
17213,0
17214,8
17215,0
17216,0
17217,0
17218,0
17219,0
17220,0
17221,0
17222,0
17223,0
17224,0
17225,-8
17226,0
17227,-8
17228,0
17229,0
17230,8
17231,0
17232,-8
17233,0
17234,-8
17235,8
17236,0
17237,-8
17238,8
17239,-8
17240,0
17241,0
17242,-8
17243,-8
17244,-8
17245,-8
17246,0
17247,0
17248,0
17249,0
17250,8
17251,-8
17252,-8
17253,0
17254,8
17255,8
17256,-8
17257,24
17258,8
17259,0
17260,8
17261,0
17262,8
17263,0
17264,8
17265,16
17266,0
17267,0
17268,0
17269,0
17270,-8
17271,0
17272,-8
17273,0
17274,0
17275,0
17276,8
17277,8
17278,8
17279,8
17280,-16
17281,8
17282,0
17283,0
17284,8
17285,0
17286,0
17287,-8
17288,8
17289,0
17290,0
17291,8
17292,0
17293,0
17294,0
17295,-8
17296,0
17297,0
17298,8
17299,8
17300,0
17301,0
17302,0
17303,0
17304,-8
17305,16
17306,-8
17307,8
17308,8
17309,0
17310,-8
17311,-8
17312,8
17313,0
17314,8
17315,8
17316,0
17317,8
17318,8
17319,8
17320,0
17321,0
17322,8
17323,-8
17324,0
17325,0
17326,0
17327,0
17328,8
17329,0
17330,0
17331,8
17332,-8
17333,0
17334,24
17335,-8
17336,8
17337,0
17338,0
17339,0
17340,0
17341,8
17342,8
17343,0
17344,8
17345,0
17346,16
17347,8
17348,8
17349,8
17350,8
17351,8
17352,0
17353,0
17354,24
17355,8
17356,8
17357,8
17358,0
17359,8
17360,0
17361,-8
17362,0
17363,-8
17364,8
17365,8
17366,8
17367,8
17368,-8
17369,8
17370,8
17371,0
17372,0
17373,0
17374,8
17375,8
17376,8
17377,0
17378,-8
17379,0
17380,0
17381,8
17382,0
17383,0
17384,0
17385,0
17386,8
17387,-8
17388,16
17389,0
17390,8
17391,0
17392,8
17393,8
17394,0
17395,24
17396,0
17397,24
17398,8
17399,8
17400,0
17401,0
17402,0
17403,0
17404,-8
17405,0
17406,0
17407,8
17408,0
17409,-8
17410,8
17411,8
17412,0
17413,0
17414,0
17415,8
17416,-8
17417,0
17418,8
17419,0
17420,0
17421,8
17422,8
17423,-8
17424,-8
17425,-8
17426,0
17427,0
17428,0
17429,0
17430,0
17431,0
17432,8
17433,-8
17434,0
17435,-8
17436,0
17437,-8
17438,0
17439,8
17440,-8
17441,0
17442,0
17443,-8
17444,0
17445,-8
17446,0
17447,0
17448,0
17449,0
17450,-8
17451,0
17452,8
17453,8
17454,0
17455,0
17456,-8
17457,0
17458,8
17459,0
17460,-8
17461,0
17462,0
17463,8
17464,0
17465,8
17466,0
17467,0
17468,8
17469,8
17470,0
17471,0
17472,8
17473,0
17474,0
17475,0
17476,0
17477,-8
17478,0
17479,0
17480,8
17481,0
17482,0
17483,8
17484,-8
17485,0
17486,-8
17487,-8
17488,-8
17489,0
17490,0
17491,8
17492,0
17493,-8
17494,8
17495,0
17496,0
17497,8
17498,0
17499,8
17500,0
17501,0
17502,-8
17503,8
17504,8
17505,8
17506,-8
17507,0
17508,0
17509,0
17510,8
17511,8
17512,-8
17513,8
17514,0
17515,0
17516,-8
17517,8
17518,8
17519,8
17520,0
17521,-8
17522,8
17523,-8
17524,0
17525,0
17526,-8
17527,8
17528,8
17529,-8
17530,-8
17531,-8
17532,0
17533,-8
17534,0
17535,8
17536,-8
17537,-8
17538,0
17539,0
17540,0
17541,0
17542,0
17543,-8
17544,0
17545,0
17546,0
17547,-8
17548,-8
17549,0
17550,0
17551,0
17552,0
17553,0
17554,8
17555,0
17556,0
17557,0
17558,0
17559,-8
17560,0
17561,0
17562,16
17563,0
17564,-8
17565,0
17566,-8
17567,-8
17568,-8
17569,8
17570,0
17571,-8
17572,0
17573,0
17574,8
17575,0
17576,0
17577,0
17578,8
17579,-8
17580,8
17581,0
17582,0
17583,0
17584,0
17585,8
17586,8
17587,0
17588,0
17589,0
17590,0
17591,0
17592,-8
17593,8
17594,0
17595,0
17596,-8
17597,-8
17598,0
17599,-8
17600,-8
17601,8
17602,0
17603,-8
17604,-8
17605,0
17606,0
17607,8
17608,8
17609,0
17610,24
17611,8
17612,0
17613,0
17614,8
17615,8
17616,8
17617,0
17618,0
17619,0
17620,0
17621,0
17622,0
17623,0
17624,-8
17625,0
17626,0
17627,0
17628,0
17629,0
17630,0
17631,0
17632,0
17633,0
17634,8
17635,8
17636,8
17637,0
17638,0
17639,8
17640,0
17641,0
17642,8
17643,-8
17644,8
17645,0
17646,8
17647,8
17648,0
17649,-8
17650,0
17651,8
17652,8
17653,8
17654,0
17655,8
17656,0
17657,0
17658,8
17659,8
17660,0
17661,0
17662,8
17663,8
17664,0
17665,0
17666,8
17667,0
17668,0
17669,0
17670,0
17671,8
17672,0
17673,-8
17674,8
17675,0
17676,0
17677,0
17678,0
17679,0
17680,24
17681,0
17682,8
17683,8
17684,-8
17685,0
17686,0
17687,0
17688,8
17689,0
17690,8
17691,0
17692,0
17693,8
17694,8
17695,8
17696,0
17697,8
17698,-8
17699,24
17700,0
17701,0
17702,0
17703,8
17704,8
17705,0
17706,0
17707,0
17708,0
17709,-8
17710,8
17711,0
17712,8
17713,0
17714,0
17715,0
17716,0
17717,8
17718,8
17719,0
17720,-8
17721,8
17722,0
17723,-8
17724,0
17725,0
17726,-8
17727,8
17728,0
17729,0
17730,0
17731,8
17732,-8
17733,0
17734,0
17735,-8
17736,0
17737,0
17738,0
17739,0
17740,-8
17741,0
17742,8
17743,16
17744,8
17745,8
17746,0
17747,8
17748,0
17749,8
17750,0
17751,-8
17752,-8
17753,0
17754,0
17755,0
17756,-8
17757,0
17758,0
17759,0
17760,0
17761,0
17762,8
17763,0
17764,-8
17765,-8
17766,0
17767,0
17768,0
17769,0
17770,0
17771,8
17772,0
17773,0
17774,0
17775,0
17776,0
17777,0
17778,-8
17779,0
17780,-8
17781,0
17782,0
17783,0
17784,0
17785,0
17786,0
17787,0
17788,-8
17789,0
17790,0
17791,8
17792,8
17793,8
17794,0
17795,0
17796,8
17797,0
17798,0
17799,8
17800,0
17801,24
17802,0
17803,-8
17804,24
17805,0
17806,8
17807,0
17808,-8
17809,0
17810,8
17811,8
17812,-8
17813,8
17814,-8
17815,0
17816,8
17817,0
17818,0
17819,0
17820,0
17821,0
17822,0
17823,0
17824,0
17825,0
17826,8
17827,8
17828,0
17829,-8
17830,8
17831,0
17832,0
17833,0
17834,0
17835,-8
17836,8
17837,0
17838,8
17839,8
17840,8
17841,8
17842,8
17843,0
17844,16
17845,16
17846,0
17847,0
17848,-8
17849,-8
17850,0
17851,24
17852,8
17853,0
17854,0
17855,8
17856,8
17857,16
17858,8
17859,0
17860,8
17861,8
17862,0
17863,8
17864,0
17865,0
17866,8
17867,0
17868,0
17869,0
17870,8
17871,8
17872,0
17873,0
17874,0
17875,0
17876,8
17877,0
17878,8
17879,8
17880,8
17881,0
17882,0
17883,0
17884,0
17885,0
17886,0
17887,8
17888,8
17889,0
17890,0
17891,0
17892,0
17893,0
17894,16
17895,16
17896,8
17897,-8
17898,8
17899,8
17900,0
17901,0
17902,8
17903,8
17904,8
17905,0
17906,8
17907,8
17908,8
17909,-8
17910,0
17911,0
17912,-8
17913,8
17914,8
17915,0
17916,-8
17917,-8
17918,0
17919,0
17920,-16
17921,-8
17922,0
17923,-8
17924,8
17925,8
17926,0
17927,-8
17928,-8
17929,8
17930,0
17931,0
17932,-8
17933,8
17934,-8
17935,0
17936,0
17937,0
17938,0
17939,0
17940,8
17941,0
17942,-8
17943,0
17944,0
17945,0
17946,0
17947,0
17948,-8
17949,8
17950,0
17951,0
17952,8
17953,0
17954,0
17955,8
17956,0
17957,0
17958,8
17959,8
17960,8
17961,8
17962,0
17963,8
17964,8
17965,0
17966,0
17967,-8
17968,0
17969,0
17970,8
17971,0
17972,0
17973,0
17974,0
17975,8
17976,0
17977,8
17978,0
17979,8
17980,0
17981,0
17982,0
17983,-8
17984,8
17985,0
17986,8
17987,8
17988,0
17989,0
17990,8
17991,0
17992,8
17993,8
17994,-8
17995,0
17996,8
17997,8
17998,-8
17999,8
18000,0
18001,8
18002,0
18003,0
18004,0
18005,0
18006,-8
18007,0
18008,-8
18009,-8
18010,0
18011,0
18012,0
18013,0
18014,8
18015,8
18016,0
18017,-8
18018,-8
18019,0
18020,0
18021,0
18022,0
18023,-8
18024,0
18025,0
18026,8
18027,0
18028,0
18029,-8
18030,-8
18031,0
18032,0
18033,0
18034,0
18035,0
18036,0
18037,-8
18038,-8
18039,-8
18040,0
18041,0
18042,0
18043,8
18044,-8
18045,8
18046,-8
18047,0
18048,0
18049,0
18050,0
18051,0
18052,8
18053,0
18054,0
18055,-8
18056,0
18057,0
18058,0
18059,8
18060,8
18061,8
18062,8
18063,0
18064,0
18065,0
18066,-8
18067,8
18068,0
18069,0
18070,0
18071,0
18072,8
18073,-8
18074,0
18075,8
18076,8
18077,-8
18078,-8
18079,0
18080,0
18081,0
18082,8
18083,0
18084,-8
18085,0
18086,8
18087,0
18088,0
18089,8
18090,-8
18091,-8
18092,0
18093,-8
18094,0
18095,-8
18096,-8
18097,0
18098,8
18099,8
18100,-16
18101,0
18102,0
18103,-8
18104,8
18105,0
18106,8
18107,0
18108,0
18109,8
18110,0
18111,0
18112,8
18113,0
18114,8
18115,8
18116,-8
18117,0
18118,-8
18119,-8
18120,0
18121,8
18122,0
18123,8
18124,0
18125,0
18126,0
18127,8
18128,8
18129,8
18130,8
18131,-8
18132,8
18133,8
18134,0
18135,-8
18136,-8
18137,16
18138,0
18139,8
18140,8
18141,0
18142,-8
18143,8
18144,0
18145,8
18146,8
18147,0
18148,0
18149,-8
18150,0
18151,8
18152,8
18153,0
18154,8
18155,-8
18156,8
18157,0
18158,8
18159,8
18160,8
18161,0
18162,0
18163,0
18164,8
18165,0
18166,8
18167,0
18168,-8
18169,-8
18170,0
18171,8
18172,-8
18173,0
18174,0
18175,0
18176,0
18177,8
18178,0
18179,0
18180,8
18181,0
18182,0
18183,8
18184,24
18185,8
18186,8
18187,8
18188,0
18189,8
18190,8
18191,-8
18192,0
18193,0
18194,8
18195,0
18196,-8
18197,8
18198,0
18199,8
18200,0
18201,8
18202,8
18203,0
18204,0
18205,0
18206,0
18207,8
18208,0
18209,8
18210,0
18211,8
18212,8
18213,8
18214,8
18215,0
18216,0
18217,8
18218,0
18219,0
18220,8
18221,0
18222,0
18223,8
18224,8
18225,8
18226,0
18227,0
18228,8
18229,8
18230,0
18231,0
18232,0
18233,0
18234,0
18235,8
18236,8
18237,0
18238,8
18239,8
18240,8
18241,0
18242,0
18243,8
18244,8
18245,-8
18246,-8
18247,8
18248,0
18249,0
18250,-8
18251,8
18252,0
18253,8
18254,0
18255,8
18256,0
18257,0
18258,24
18259,0
18260,24
18261,24
18262,8
18263,0
18264,0
18265,24
18266,0
18267,16
18268,0
18269,0
18270,8
18271,0
18272,0
18273,8
18274,-8
18275,24
18276,8
18277,8
18278,8
18279,0
18280,8
18281,0
18282,8
18283,0
18284,0
18285,0
18286,8
18287,0
18288,8
18289,0
18290,0
18291,8
18292,0
18293,0
18294,8
18295,8
18296,0
18297,8
18298,16
18299,8
18300,8
18301,8
18302,-8
18303,8
18304,16
18305,24
18306,0
18307,8
18308,0
18309,0
18310,24
18311,-8
18312,0
18313,8
18314,24
18315,8
18316,24
18317,16
18318,8
18319,8
18320,0
18321,8
18322,0
18323,16
18324,0
18325,8
18326,0
18327,8
18328,8
18329,8
18330,0
18331,0
18332,8
18333,0
18334,0
18335,0
18336,0
18337,8
18338,8
18339,24
18340,8
18341,8
18342,0
18343,16
18344,8
18345,0
18346,-8
18347,0
18348,0
18349,-8
18350,0
18351,0
18352,0
18353,8
18354,0
18355,0
18356,0
18357,24
18358,0
18359,0
18360,8
18361,-8
18362,0
18363,8
18364,0
18365,0
18366,16
18367,8
18368,8
18369,0
18370,0
18371,0
18372,8
18373,8
18374,8
18375,0
18376,0
18377,0
18378,24
18379,8
18380,0
18381,0
18382,8
18383,0
18384,0
18385,-8
18386,8
18387,16
18388,8
18389,8
18390,24
18391,0
18392,8
18393,8
18394,-8
18395,8
18396,0
18397,8
18398,0
18399,0
18400,0
18401,0
18402,0
18403,8
18404,8
18405,24
18406,16
18407,0
18408,8
18409,0
18410,-8
18411,0
18412,8
18413,0
18414,0
18415,8
18416,0
18417,0
18418,0
18419,8
18420,8
18421,8
18422,8
18423,8
18424,0
18425,0
18426,8
18427,0
18428,0
18429,16
18430,0
18431,-8
18432,8
18433,8
18434,0
18435,0
18436,0
18437,8
18438,0
18439,8
18440,0
18441,0
18442,0
18443,8
18444,0
18445,0
18446,0
18447,0
18448,8
18449,8
18450,0
18451,8
18452,-8
18453,0
18454,0
18455,16
18456,8
18457,0
18458,0
18459,0
18460,0
18461,0
18462,0
18463,0
18464,8
18465,0
18466,8
18467,8
18468,24
18469,8
18470,0
18471,0
18472,8
18473,8
18474,-8
18475,0
18476,0
18477,8
18478,8
18479,8
18480,0
18481,0
18482,8
18483,8
18484,0
18485,8
18486,8
18487,-8
18488,0
18489,-8
18490,8
18491,8
18492,-8
18493,0
18494,-32
18495,0
18496,8
18497,8
18498,-8
18499,0
18500,0
18501,-8
18502,8
18503,0
18504,-8
18505,8
18506,16
18507,24
18508,24
18509,0
18510,8
18511,0
18512,0
18513,8
18514,0
18515,0
18516,0
18517,24
18518,-8
18519,-8
18520,16
18521,16
18522,-8
18523,8
18524,0
18525,8
18526,8
18527,0
18528,8
18529,-16
18530,0
18531,0
18532,-16
18533,-8
18534,-8
18535,0
18536,-8
18537,-8
18538,-8
18539,0
18540,0
18541,0
18542,8
18543,16
18544,8
18545,0
18546,8
18547,0
18548,8
18549,0
18550,8
18551,0
18552,0
18553,0
18554,0
18555,0
18556,8
18557,0
18558,8
18559,8
18560,-8
18561,8
18562,0
18563,0
18564,0
18565,8
18566,0
18567,0
18568,0
18569,8
18570,-8
18571,0
18572,8
18573,0
18574,0
18575,8
18576,0
18577,0
18578,0
18579,8
18580,8
18581,8
18582,8
18583,8
18584,8
18585,0
18586,-8
18587,0
18588,8
18589,0
18590,0
18591,8
18592,0
18593,0
18594,0
18595,0
18596,8
18597,24
18598,24
18599,8
18600,8
18601,0
18602,8
18603,8
18604,8
18605,8
18606,8
18607,24
18608,8
18609,0
18610,0
18611,8
18612,8
18613,8
18614,8
18615,0
18616,0
18617,24
18618,8
18619,0
18620,0
18621,8
18622,0
18623,8
18624,-8
18625,8
18626,8
18627,16
18628,0
18629,8
18630,0
18631,8
18632,0
18633,8
18634,-8
18635,8
18636,8
18637,8
18638,0
18639,0
18640,-8
18641,8
18642,8
18643,8
18644,8
18645,0
18646,8
18647,8
18648,8
18649,-8
18650,8
18651,0
18652,8
18653,0
18654,8
18655,0
18656,0
18657,0
18658,0
18659,0
18660,16
18661,0
18662,0
18663,-8
18664,16
18665,0
18666,0
18667,0
18668,8
18669,0
18670,-8
18671,8
18672,-32
18673,8
18674,0
18675,8
18676,8
18677,8
18678,0
18679,-8
18680,0
18681,8
18682,0
18683,0
18684,0
18685,0
18686,8
18687,0
18688,-8
18689,8
18690,0
18691,8
18692,8
18693,8
18694,16
18695,0
18696,-24
18697,0
18698,8
18699,40
18700,0
18701,0
18702,-8
18703,0
18704,8
18705,8
18706,8
18707,0
18708,8
18709,0
18710,0
18711,8
18712,8
18713,0
18714,8
18715,8
18716,0
18717,8
18718,0
18719,24
18720,8
18721,0
18722,16
18723,0
18724,8
18725,-8
18726,0
18727,0
18728,0
18729,0
18730,0
18731,16
18732,0
18733,0
18734,8
18735,0
18736,0
18737,8
18738,-8
18739,8
18740,0
18741,-8
18742,0
18743,0
18744,0
18745,0
18746,-8
18747,8
18748,0
18749,-8
18750,0
18751,-8
18752,0
18753,0
18754,-8
18755,16
18756,8
18757,8
18758,0
18759,8
18760,8
18761,8
18762,8
18763,16
18764,0
18765,0
18766,8
18767,8
18768,8
18769,8
18770,24
18771,0
18772,8
18773,8
18774,0
18775,16
18776,8
18777,0
18778,16
18779,8
18780,8
18781,8
18782,0
18783,0
18784,0
18785,0
18786,0
18787,0
18788,-8
18789,0
18790,0
18791,0
18792,-8
18793,0
18794,0
18795,0
18796,0
18797,0
18798,0
18799,8
18800,-32
18801,0
18802,0
18803,-8
18804,0
18805,-32
18806,8
18807,8
18808,-8
18809,0
18810,8
18811,0
18812,0
18813,0
18814,0
18815,0
18816,0
18817,0
18818,24
18819,0
18820,0
18821,-8
18822,0
18823,8
18824,8
18825,-8
18826,8
18827,8
18828,8
18829,0
18830,16
18831,0
18832,-8
18833,8
18834,0
18835,-8
18836,-16
18837,0
18838,8
18839,0
18840,8
18841,0
18842,8
18843,8
18844,0
18845,32
18846,0
18847,0
18848,24
18849,0
18850,0
18851,8
18852,0
18853,8
18854,0
18855,0
18856,8
18857,0
18858,8
18859,16
18860,24
18861,0
18862,-8
18863,8
18864,0
18865,16
18866,-8
18867,0
18868,0
18869,0
18870,0
18871,24
18872,0
18873,16
18874,24
18875,-32
18876,0
18877,8
18878,0
18879,8
18880,8
18881,0
18882,0
18883,0
18884,8
18885,0
18886,8
18887,0
18888,-8
18889,0
18890,0
18891,8
18892,8
18893,8
18894,8
18895,-8
18896,0
18897,-8
18898,8
18899,8
18900,8
18901,8
18902,0
18903,0
18904,8
18905,0
18906,-40
18907,8
18908,8
18909,0
18910,8
18911,0
18912,0
18913,8
18914,-16
18915,8
18916,0
18917,8
18918,8
18919,8
18920,0
18921,16
18922,8
18923,-32
18924,0
18925,0
18926,0
18927,8
18928,8
18929,8
18930,8
18931,-8
18932,-16
18933,0
18934,0
18935,-8
18936,8
18937,0
18938,-8
18939,8
18940,8
18941,8
18942,0
18943,-8
18944,0
18945,-8
18946,-8
18947,0
18948,0
18949,8
18950,-8
18951,8
18952,8
18953,0
18954,16
18955,-8
18956,-8
18957,0
18958,-16
18959,0
18960,0
18961,0
18962,0
18963,8
18964,8
18965,24
18966,-8
18967,8
18968,-8
18969,0
18970,0
18971,-16
18972,0
18973,-8
18974,-8
18975,8
18976,0
18977,-8
18978,0
18979,8
18980,0
18981,0
18982,0
18983,0
18984,0
18985,0
18986,0
18987,0
18988,0
18989,-8
18990,0
18991,0
18992,-8
18993,0
18994,-8
18995,0
18996,0
18997,-8
18998,0
18999,0
19000,0
19001,8
19002,0
19003,8
19004,0
19005,-8
19006,0
19007,0
19008,0
19009,-8
19010,8
19011,0
19012,8
19013,0
19014,0
19015,0
19016,8
19017,0
19018,-8
19019,8
19020,24
19021,8
19022,-8
19023,0
19024,0
19025,-8
19026,0
19027,0
19028,-8
19029,-8
19030,8
19031,0
19032,0
19033,0
19034,-8
19035,0
19036,-8
19037,0
19038,8
19039,-8
19040,-8
19041,8
19042,0
19043,0
19044,8
19045,0
19046,-8
19047,-24
19048,0
19049,-8
19050,0
19051,0
19052,8
19053,0
19054,0
19055,0
19056,8
19057,0
19058,8
19059,8
19060,24
19061,0
19062,-8
19063,-8
19064,0
19065,0
19066,0
19067,-8
19068,0
19069,-8
19070,8
19071,8
19072,0
19073,8
19074,0
19075,0
19076,0
19077,8
19078,-8
19079,8
19080,8
19081,0
19082,0
19083,0
19084,0
19085,-8
19086,0
19087,0
19088,0
19089,0
19090,0
19091,8
19092,-8
19093,8
19094,8
19095,0
19096,8
19097,8
19098,8
19099,8
19100,0
19101,8
19102,0
19103,16
19104,0
19105,0
19106,0
19107,16
19108,0
19109,8
19110,8
19111,0
19112,0
19113,0
19114,0
19115,8
19116,0
19117,-8
19118,0
19119,0
19120,-8
19121,0
19122,8
19123,-8
19124,0
19125,0
19126,0
19127,0
19128,8
19129,0
19130,0
19131,8
19132,0
19133,8
19134,0
19135,-8
19136,0
19137,8
19138,0
19139,0
19140,-8
19141,0
19142,8
19143,8
19144,8
19145,8
19146,0
19147,8
19148,0
19149,-8
19150,8
19151,0
19152,8
19153,0
19154,0
19155,0
19156,0
19157,8
19158,0
19159,0
19160,0
19161,0
19162,8
19163,0
19164,0
19165,8
19166,0
19167,0
19168,0
19169,0
19170,8
19171,0
19172,0
19173,0
19174,8
19175,8
19176,24
19177,8
19178,-8
19179,0
19180,8
19181,0
19182,0
19183,8
19184,8
19185,8
19186,0
19187,0
19188,8
19189,0
19190,0
19191,0
19192,0
19193,-8
19194,8
19195,8
19196,8
19197,0
19198,8
19199,0
19200,16
19201,0
19202,0
19203,0
19204,0
19205,-8
19206,-8
19207,0
19208,0
19209,8
19210,0
19211,8
19212,0
19213,0
19214,0
19215,0
19216,24
19217,0
19218,-8
19219,0
19220,0
19221,8
19222,8
19223,8
19224,8
19225,0
19226,8
19227,-8
19228,0
19229,8
19230,0
19231,0
19232,0
19233,8
19234,8
19235,0
19236,0
19237,8
19238,0
19239,0
19240,8
19241,0
19242,8
19243,0
19244,16
19245,0
19246,8
19247,8
19248,0
19249,24
19250,0
19251,8
19252,0
19253,8
19254,8
19255,0
19256,-8
19257,0
19258,0
19259,0
19260,0
19261,0
19262,-8
19263,0
19264,0
19265,0
19266,8
19267,0
19268,0
19269,-16
19270,0
19271,0
19272,0
19273,-8
19274,-8
19275,-8
19276,0
19277,0
19278,-8
19279,0
19280,8
19281,0
19282,0
19283,0
19284,0
19285,0
19286,0
19287,0
19288,0
19289,0
19290,0
19291,0
19292,0
19293,-8
19294,0
19295,8
19296,0
19297,0
19298,0
19299,0
19300,0
19301,0
19302,0
19303,0
19304,0
19305,0
19306,0
19307,-8
19308,0
19309,-8
19310,-8
19311,0
19312,0
19313,8
19314,0
19315,0
19316,0
19317,-8
19318,0
19319,0
19320,-8
19321,0
19322,8
19323,0
19324,-8
19325,0
19326,0
19327,0
19328,0
19329,0
19330,8
19331,-8
19332,0
19333,-8
19334,0
19335,0
19336,0
19337,-8
19338,0
19339,8
19340,0
19341,0
19342,-8
19343,0
19344,-8
19345,8
19346,8
19347,-8
19348,0
19349,0
19350,0
19351,0
19352,8
19353,8
19354,8
19355,0
19356,0
19357,0
19358,-8
19359,0
19360,0
19361,-8
19362,0
19363,0
19364,0
19365,8
19366,0
19367,8
19368,0
19369,8
19370,0
19371,0
19372,0
19373,8
19374,0
19375,0
19376,0
19377,8
19378,0
19379,0
19380,0
19381,8
19382,0
19383,-16
19384,0
19385,0
19386,-8
19387,-8
19388,8
19389,-8
19390,8
19391,8
19392,0
19393,-8
19394,8
19395,0
19396,-16
19397,0
19398,0
19399,0
19400,8
19401,0
19402,0
19403,0
19404,0
19405,0
19406,0
19407,8
19408,0
19409,8
19410,0
19411,0
19412,0
19413,0
19414,0
19415,-8
19416,8
19417,8
19418,0
19419,-8
19420,8
19421,24
19422,-8
19423,-8
19424,0
19425,0
19426,8
19427,0
19428,8
19429,-8
19430,8
19431,-8
19432,0
19433,0
19434,0
19435,0
19436,8
19437,0
19438,8
19439,0
19440,-8
19441,0
19442,0
19443,0
19444,8
19445,-8
19446,0
19447,0
19448,8
19449,0
19450,0
19451,0
19452,0
19453,0
19454,-8
19455,0
19456,0
19457,0
19458,0
19459,8
19460,0
19461,0
19462,0
19463,0
19464,0
19465,0
19466,8
19467,8
19468,0
19469,0
19470,0
19471,0
19472,0
19473,-8
19474,-16
19475,0
19476,0
19477,-8
19478,-8
19479,0
19480,0
19481,0
19482,-8
19483,8
19484,0
19485,-8
19486,0
19487,0
19488,-8
19489,0
19490,0
19491,0
19492,8
19493,8
19494,-8
19495,0
19496,0
19497,0
19498,0
19499,0
19500,0
19501,16
19502,0
19503,-8
19504,8
19505,0
19506,0
19507,0
19508,-8
19509,8
19510,8
19511,-8
19512,8
19513,8
19514,0
19515,-8
19516,8
19517,8
19518,8
19519,-8
19520,0
19521,-8
19522,8
19523,24
19524,8
19525,0
19526,-8
19527,0
19528,8
19529,0
19530,-8
19531,8
19532,8
19533,24
19534,8
19535,-8
19536,0
19537,8
19538,0
19539,0
19540,8
19541,8
19542,0
19543,16
19544,8
19545,8
19546,-8
19547,8
19548,0
19549,8
19550,0
19551,0
19552,-8
19553,0
19554,8
19555,0
19556,-8
19557,0
19558,0
19559,0
19560,0
19561,-8
19562,0
19563,16
19564,8
19565,0
19566,-8
19567,0
19568,0
19569,8
19570,8
19571,0
19572,0
19573,0
19574,0
19575,0
19576,0
19577,0
19578,0
19579,8
19580,0
19581,0
19582,0
19583,0
19584,0
19585,-8
19586,0
19587,0
19588,0
19589,8
19590,0
19591,0
19592,0
19593,0
19594,0
19595,0
19596,0
19597,8
19598,0
19599,0
19600,16
19601,0
19602,8
19603,0
19604,8
19605,8
19606,8
19607,16
19608,8
19609,8
19610,24
19611,8
19612,0
19613,8
19614,8
19615,8
19616,16
19617,0
19618,24
19619,-8
19620,0
19621,0
19622,0
19623,8
19624,0
19625,0
19626,8
19627,8
19628,8
19629,8
19630,0
19631,8
19632,0
19633,0
19634,8
19635,0
19636,8
19637,8
19638,8
19639,0
19640,0
19641,0
19642,8
19643,0
19644,8
19645,-8
19646,8
19647,0
19648,24
19649,8
19650,0
19651,8
19652,0
19653,0
19654,-8
19655,0
19656,0
19657,-8
19658,8
19659,24
19660,0
19661,0
19662,0
19663,0
19664,0
19665,8
19666,0
19667,8
19668,0
19669,0
19670,0
19671,0
19672,0
19673,0
19674,8
19675,-8
19676,0
19677,-8
19678,0
19679,8
19680,0
19681,8
19682,8
19683,8
19684,8
19685,0
19686,0
19687,16
19688,0
19689,8
19690,0
19691,8
19692,0
19693,8
19694,0
19695,0
19696,8
19697,0
19698,8
19699,-8
19700,0
19701,-8
19702,0
19703,0
19704,0
19705,0
19706,-8
19707,0
19708,0
19709,0
19710,0
19711,8
19712,8
19713,8
19714,0
19715,8
19716,0
19717,0
19718,0
19719,-16
19720,-8
19721,8
19722,24
19723,-8
19724,8
19725,0
19726,0
19727,0
19728,16
19729,0
19730,0
19731,8
19732,-8
19733,0
19734,-8
19735,0
19736,0
19737,16
19738,8
19739,0
19740,0
19741,-8
19742,-16
19743,0
19744,0
19745,0
19746,-8
19747,0
19748,0
19749,-8
19750,8
19751,-8
19752,0
19753,-8
19754,-8
19755,-8
19756,0
19757,-8
19758,8
19759,0
19760,0
19761,8
19762,-8
19763,0
19764,0
19765,8
19766,0
19767,0
19768,0
19769,-8
19770,0
19771,-8
19772,8
19773,0
19774,0
19775,0
19776,-8
19777,0
19778,0
19779,0
19780,-8
19781,-8
19782,-8
19783,8
19784,0
19785,0
19786,8
19787,0
19788,8
19789,-8
19790,0
19791,8
19792,8
19793,0
19794,0
19795,-8
19796,0
19797,24
19798,0
19799,0
19800,0
19801,8
19802,0
19803,8
19804,0
19805,8
19806,8
19807,0
19808,8
19809,8
19810,8
19811,0
19812,8
19813,8
19814,8
19815,0
19816,16
19817,8
19818,8
19819,8
19820,8
19821,0
19822,8
19823,8
19824,8
19825,8
19826,0
19827,0
19828,0
19829,0
19830,8
19831,8
19832,8
19833,8
19834,8
19835,16
19836,8
19837,8
19838,8
19839,8
19840,8
19841,8
19842,0
19843,0
19844,0
19845,8
19846,-8
19847,-8
19848,8
19849,0
19850,0
19851,8
19852,0
19853,16
19854,8
19855,0
19856,8
19857,8
19858,0
19859,8
19860,0
19861,0
19862,0
19863,0
19864,0
19865,8
19866,24
19867,0
19868,0
19869,8
19870,0
19871,8
19872,8
19873,0
19874,8
19875,-8
19876,-8
19877,-8
19878,8
19879,8
19880,0
19881,-8
19882,0
19883,0
19884,0
19885,0
19886,0
19887,0
19888,8
19889,0
19890,0
19891,0
19892,0
19893,0
19894,0
19895,0
19896,0
19897,8
19898,0
19899,0
19900,0
19901,8
19902,8
19903,16
19904,8
19905,8
19906,-8
19907,8
19908,0
19909,0
19910,0
19911,0
19912,0
19913,8
19914,-8
19915,16
19916,8
19917,0
19918,-8
19919,8
19920,0
19921,-8
19922,0
19923,0
19924,8
19925,0
19926,0
19927,0
19928,8
19929,0
19930,8
19931,0
19932,16
19933,0
19934,-8
19935,0
19936,0
19937,8
19938,0
19939,8
19940,0
19941,8
19942,0
19943,8
19944,0
19945,-8
19946,8
19947,0
19948,0
19949,0
19950,-8
19951,0
19952,0
19953,0
19954,8
19955,-8
19956,8
19957,0
19958,8
19959,0
19960,0
19961,0
19962,0
19963,0
19964,8
19965,8
19966,0
19967,8
19968,8
19969,0
19970,0
19971,0
19972,8
19973,0
19974,8
19975,0
19976,8
19977,8
19978,0
19979,0
19980,0
19981,0
19982,8
19983,0
19984,0
19985,-8
19986,0
19987,8
19988,0
19989,0
19990,0
19991,0
19992,8
19993,-8
19994,0
19995,-8
19996,0
19997,0
19998,8
19999,8
20000,0
20001,8
20002,-8
20003,-8
20004,0
20005,-8
20006,0
20007,0
20008,0
20009,-8
20010,0
20011,8
20012,8
20013,8
20014,-8
20015,0
20016,-8
20017,-8
20018,0
20019,0
20020,0
20021,-8
20022,8
20023,-8
20024,8
20025,0
20026,0
20027,8
20028,-8
20029,0
20030,0
20031,8
20032,0
20033,0
20034,8
20035,-8
20036,8
20037,0
20038,8
20039,8
20040,8
20041,0
20042,8
20043,8
20044,8
20045,0
20046,8
20047,0
20048,0
20049,0
20050,0
20051,0
20052,0
20053,-8
20054,0
20055,-8
20056,8
20057,0
20058,-8
20059,8
20060,0
20061,-8
20062,0
20063,0
20064,0
20065,0
20066,-8
20067,-8
20068,-8
20069,-8
20070,0
20071,-8
20072,-8
20073,-8
20074,-8
20075,0
20076,-8
20077,0
20078,-8
20079,0
20080,-8
20081,0
20082,0
20083,-8
20084,-24
20085,0
20086,-8
20087,0
20088,0
20089,0
20090,0
20091,-8
20092,0
20093,0
20094,0
20095,0
20096,0
20097,-8
20098,-8
20099,0
20100,-8
20101,0
20102,0
20103,0
20104,-8
20105,-8
20106,-8
20107,-8
20108,8
20109,0
20110,0
20111,8
20112,-8
20113,-8
20114,0
20115,0
20116,0
20117,0
20118,0
20119,-8
20120,0
20121,8
20122,0
20123,-8
20124,-8
20125,0
20126,24
20127,8
20128,0
20129,8
20130,8
20131,0
20132,0
20133,8
20134,0
20135,8
20136,0
20137,0
20138,0
20139,0
20140,0
20141,8
20142,8
20143,8
20144,-8
20145,-8
20146,0
20147,0
20148,0
20149,0
20150,0
20151,0
20152,0
20153,0
20154,8
20155,0
20156,0
20157,0
20158,-8
20159,0
20160,0
20161,8
20162,8
20163,0
20164,8
20165,0
20166,8
20167,0
20168,8
20169,0
20170,0
20171,8
20172,0
20173,8
20174,0
20175,-8
20176,0
20177,8
20178,8
20179,0
20180,0
20181,0
20182,8
20183,8
20184,8
20185,8
20186,8
20187,8
20188,0
20189,0
20190,0
20191,0
20192,0
20193,24
20194,0
20195,0
20196,0
20197,0
20198,0
20199,0
20200,0
20201,-8
20202,0
20203,8
20204,8
20205,-8
20206,8
20207,0
20208,8
20209,8
20210,0
20211,0
20212,0
20213,8
20214,0
20215,8
20216,8
20217,0
20218,0
20219,0
20220,0
20221,8
20222,0
20223,0
20224,0
20225,8
20226,0
20227,0
20228,0
20229,8
20230,8
20231,0
20232,-8
20233,0
20234,0
20235,0
20236,8
20237,0
20238,0
20239,8
20240,-8
20241,0
20242,8
20243,8
20244,0
20245,0
20246,-8
20247,8
20248,0
20249,0
20250,0
20251,0
20252,0
20253,0
20254,0
20255,0
20256,0
20257,0
20258,0
20259,0
20260,0
20261,8
20262,8
20263,0
20264,8
20265,-8
20266,0
20267,0
20268,8
20269,0
20270,0
20271,0
20272,0
20273,0
20274,0
20275,0
20276,0
20277,8
20278,-8
20279,0
20280,8
20281,0
20282,8
20283,8
20284,8
20285,8
20286,0
20287,-8
20288,0
20289,8
20290,0
20291,8
20292,8
20293,8
20294,8
20295,0
20296,0
20297,8
20298,0
20299,0
20300,0
20301,0
20302,0
20303,0
20304,0
20305,0
20306,0
20307,-8
20308,-8
20309,0
20310,0
20311,0
20312,8
20313,0
20314,-8
20315,0
20316,0
20317,0
20318,0
20319,0
20320,0
20321,-8
20322,-8
20323,0
20324,0
20325,0
20326,0
20327,8
20328,0
20329,0
20330,0
20331,0
20332,-8
20333,-8
20334,8
20335,0
20336,0
20337,0
20338,-8
20339,0
20340,8
20341,-8
20342,0
20343,-8
20344,0
20345,0
20346,0
20347,0
20348,0
20349,0
20350,8
20351,8
20352,0
20353,8
20354,8
20355,0
20356,0
20357,-8
20358,0
20359,0
20360,8
20361,0
20362,8
20363,0
20364,0
20365,-8
20366,0
20367,0
20368,-8
20369,-8
20370,-8
20371,0
20372,0
20373,8
20374,8
20375,8
20376,0
20377,8
20378,0
20379,8
20380,-8
20381,0
20382,0
20383,-8
20384,8
20385,8
20386,0
20387,24
20388,8
20389,8
20390,8
20391,0
20392,8
20393,0
20394,0
20395,24
20396,0
20397,8
20398,8
20399,0
20400,-8
20401,8
20402,0
20403,0
20404,0
20405,0
20406,0
20407,8
20408,8
20409,0
20410,0
20411,8
20412,-8
20413,0
20414,-8
20415,8
20416,8
20417,0
20418,0
20419,8
20420,8
20421,8
20422,0
20423,0
20424,8
20425,0
20426,8
20427,8
20428,8
20429,8
20430,8
20431,16
20432,0
20433,8
20434,0
20435,8
20436,0
20437,0
20438,0
20439,0
20440,-8
20441,0
20442,8
20443,-8
20444,8
20445,8
20446,8
20447,0
20448,0
20449,8
20450,0
20451,8
20452,8
20453,0
20454,0
20455,16
20456,8
20457,8
20458,8
20459,8
20460,8
20461,8
20462,8
20463,0
20464,8
20465,0
20466,8
20467,0
20468,0
20469,-8
20470,8
20471,0
20472,8
20473,0
20474,0
20475,0
20476,0
20477,0
20478,0
20479,-8
20480,0
20481,8
20482,8
20483,0
20484,0
20485,0
20486,8
20487,8
20488,8
20489,8
20490,0
20491,8
20492,8
20493,8
20494,0
20495,8
20496,0
20497,8
20498,0
20499,0
20500,16
20501,0
20502,8
20503,0
20504,0
20505,8
20506,0
20507,8
20508,0
20509,8
20510,8
20511,0
20512,0
20513,16
20514,0
20515,8
20516,8
20517,16
20518,0
20519,0
20520,0
20521,8
20522,0
20523,0
20524,8
20525,-8
20526,0
20527,0
20528,0
20529,8
20530,0
20531,0
20532,0
20533,16
20534,0
20535,8
20536,0
20537,0
20538,0
20539,0
20540,8
20541,0
20542,8
20543,0
20544,8
20545,0
20546,16
20547,0
20548,0
20549,-8
20550,0
20551,-8
20552,8
20553,0
20554,0
20555,16
20556,0
20557,0
20558,8
20559,8
20560,0
20561,0
20562,16
20563,16
20564,0
20565,0
20566,0
20567,8
20568,8
20569,16
20570,0
20571,24
20572,0
20573,0
20574,0
20575,0
20576,8
20577,0
20578,8
20579,16
20580,16
20581,8
20582,0
20583,0
20584,0
20585,8
20586,8
20587,0
20588,24
20589,0
20590,0
20591,0
20592,8
20593,0
20594,16
20595,0
20596,0
20597,8
20598,8
20599,0
20600,0
20601,8
20602,8
20603,16
20604,0
20605,0
20606,8
20607,0
20608,0
20609,0
20610,0
20611,8
20612,0
20613,8
20614,0
20615,0
20616,0
20617,8
20618,8
20619,8
20620,8
20621,8
20622,8
20623,8
20624,0
20625,8
20626,0
20627,0
20628,8
20629,-8
20630,0
20631,0
20632,0
20633,8
20634,8
20635,8
20636,8
20637,8
20638,0
20639,0
20640,0
20641,0
20642,0
20643,8
20644,0
20645,8
20646,0
20647,8
20648,8
20649,0
20650,0
20651,0
20652,0
20653,8
20654,8
20655,0
20656,0
20657,8
20658,8
20659,-8
20660,8
20661,0
20662,0
20663,8
20664,8
20665,0
20666,8
20667,0
20668,0
20669,8
20670,8
20671,0
20672,0
20673,-8
20674,8
20675,0
20676,0
20677,0
20678,8
20679,0
20680,0
20681,8
20682,0
20683,0
20684,0
20685,8
20686,0
20687,0
20688,0
20689,0
20690,8
20691,8
20692,0
20693,8
20694,8
20695,0
20696,0
20697,0
20698,0
20699,0
20700,24
20701,0
20702,0
20703,0
20704,0
20705,0
20706,8
20707,0
20708,-8
20709,0
20710,8
20711,0
20712,0
20713,0
20714,0
20715,8
20716,8
20717,0
20718,0
20719,0
20720,0
20721,0
20722,-8
20723,0
20724,0
20725,0
20726,0
20727,8
20728,0
20729,0
20730,8
20731,0
20732,0
20733,0
20734,8
20735,0
20736,-8
20737,-8
20738,0
20739,0
20740,8
20741,0
20742,0
20743,16
20744,0
20745,0
20746,-8
20747,8
20748,8
20749,-8
20750,0
20751,0
20752,0
20753,8
20754,0
20755,8
20756,0
20757,8
20758,0
20759,8
20760,8
20761,0
20762,0
20763,0
20764,0
20765,0
20766,0
20767,-8
20768,16
20769,0
20770,0
20771,-8
20772,8
20773,8
20774,0
20775,8
20776,8
20777,0
20778,0
20779,0
20780,0
20781,0
20782,-8
20783,0
20784,8
20785,0
20786,-8
20787,0
20788,0
20789,0
20790,0
20791,0
20792,-8
20793,0
20794,0
20795,8
20796,8
20797,0
20798,24
20799,8
20800,0
20801,0
20802,0
20803,0
20804,0
20805,16
20806,8
20807,0
20808,0
20809,8
20810,8
20811,0
20812,0
20813,8
20814,0
20815,8
20816,8
20817,0
20818,8
20819,8
20820,8
20821,0
20822,0
20823,-8
20824,0
20825,8
20826,8
20827,8
20828,8
20829,0
20830,8
20831,8
20832,0
20833,0
20834,0
20835,8
20836,8
20837,8
20838,0
20839,8
20840,0
20841,8
20842,24
20843,0
20844,0
20845,0
20846,8
20847,0
20848,8
20849,8
20850,0
20851,0
20852,0
20853,8
20854,0
20855,0
20856,0
20857,8
20858,16
20859,8
20860,8
20861,0
20862,8
20863,8
20864,8
20865,8
20866,8
20867,0
20868,8
20869,8
20870,8
20871,0
20872,0
20873,8
20874,0
20875,0
20876,0
20877,0
20878,0
20879,0
20880,8
20881,0
20882,24
20883,0
20884,8
20885,-16
20886,0
20887,0
20888,8
20889,0
20890,8
20891,8
20892,8
20893,-8
20894,8
20895,0
20896,8
20897,16
20898,0
20899,8
20900,16
20901,8
20902,8
20903,0
20904,-8
20905,0
20906,8
20907,8
20908,8
20909,0
20910,0
20911,16
20912,0
20913,0
20914,8
20915,8
20916,8
20917,0
20918,0
20919,8
20920,8
20921,8
20922,8
20923,8
20924,8
20925,-8
20926,8
20927,0
20928,0
20929,0
20930,8
20931,0
20932,8
20933,8
20934,0
20935,8
20936,0
20937,0
20938,8
20939,8
20940,0
20941,8
20942,0
20943,8
20944,0
20945,0
20946,8
20947,0
20948,0
20949,0
20950,8
20951,0
20952,0
20953,8
20954,8
20955,8
20956,8
20957,-8
20958,8
20959,16
20960,8
20961,8
20962,8
20963,8
20964,8
20965,8
20966,8
20967,8
20968,0
20969,24
20970,0
20971,8
20972,0
20973,16
20974,8
20975,8
20976,8
20977,8
20978,0
20979,8
20980,0
20981,8
20982,8
20983,0
20984,8
20985,8
20986,0
20987,8
20988,8
20989,8
20990,0
20991,0
20992,0
20993,0
20994,0
20995,8
20996,8
20997,0
20998,0
20999,0
21000,8
21001,0
21002,8
21003,0
21004,8
21005,8
21006,8
21007,0
21008,0
21009,8
21010,0
21011,8
21012,0
21013,0
21014,0
21015,0
21016,-8
21017,8
21018,8
21019,0
21020,0
21021,8
21022,0
21023,0
21024,0
21025,0
21026,0
21027,0
21028,8
21029,8
21030,8
21031,8
21032,0
21033,0
21034,0
21035,8
21036,8
21037,0
21038,0
21039,8
21040,0
21041,8
21042,0
21043,24
21044,8
21045,0
21046,0
21047,0
21048,8
21049,8
21050,0
21051,8
21052,8
21053,8
21054,0
21055,0
21056,0
21057,0
21058,8
21059,0
21060,8
21061,8
21062,8
21063,0
21064,0
21065,0
21066,0
21067,8
21068,0
21069,0
21070,0
21071,8
21072,0
21073,8
21074,8
21075,8
21076,8
21077,0
21078,8
21079,8
21080,8
21081,0
21082,8
21083,0
21084,8
21085,0
21086,8
21087,0
21088,8
21089,0
21090,0
21091,8
21092,8
21093,0
21094,0
21095,0
21096,16
21097,8
21098,0
21099,0
21100,8
21101,8
21102,8
21103,8
21104,8
21105,8
21106,8
21107,8
21108,8
21109,8
21110,8
21111,8
21112,8
21113,8
21114,0
21115,0
21116,8
21117,8
21118,8
21119,0
21120,0
21121,24
21122,0
21123,0
21124,8
21125,-8
21126,-8
21127,0
21128,0
21129,0
21130,0
21131,8
21132,0
21133,8
21134,8
21135,0
21136,8
21137,0
21138,8
21139,0
21140,0
21141,8
21142,0
21143,0
21144,8
21145,8
21146,0
21147,0
21148,0
21149,8
21150,0
21151,8
21152,0
21153,8
21154,0
21155,0
21156,0
21157,24
21158,8
21159,0
21160,0
21161,0
21162,8
21163,8
21164,8
21165,0
21166,0
21167,8
21168,16
21169,8
21170,8
21171,8
21172,0
21173,8
21174,8
21175,0
21176,0
21177,8
21178,0
21179,8
21180,-8
21181,0
21182,0
21183,0
21184,8
21185,0
21186,8
21187,0
21188,0
21189,8
21190,8
21191,-8
21192,0
21193,8
21194,0
21195,0
21196,8
21197,0
21198,8
21199,16
21200,8
21201,8
21202,24
21203,8
21204,0
21205,-8
21206,0
21207,0
21208,-8
21209,8
21210,0
21211,8
21212,0
21213,8
21214,8
21215,8
21216,0
21217,0
21218,8
21219,8
21220,-8
21221,8
21222,8
21223,8
21224,8
21225,8
21226,0
21227,0
21228,8
21229,0
21230,0
21231,0
21232,8
21233,8
21234,0
21235,8
21236,8
21237,8
21238,0
21239,8
21240,0
21241,8
21242,0
21243,0
21244,8
21245,0
21246,0
21247,8
21248,8
21249,0
21250,0
21251,8
21252,0
21253,0
21254,0
21255,0
21256,0
21257,16
21258,8
21259,8
21260,8
21261,0
21262,8
21263,0
21264,0
21265,0
21266,0
21267,0
21268,0
21269,0
21270,0
21271,8
21272,0
21273,0
21274,8
21275,8
21276,24
21277,0
21278,0
21279,8
21280,8
21281,0
21282,8
21283,0
21284,8
21285,0
21286,0
21287,8
21288,0
21289,0
21290,0
21291,8
21292,0
21293,8
21294,8
21295,-8
21296,8
21297,8
21298,0
21299,0
21300,0
21301,0
21302,8
21303,0
21304,0
21305,0
21306,8
21307,0
21308,8
21309,8
21310,8
21311,8
21312,8
21313,0
21314,0
21315,0
21316,0
21317,16
21318,0
21319,8
21320,0
21321,0
21322,0
21323,8
21324,0
21325,8
21326,0
21327,0
21328,8
21329,-8
21330,0
21331,8
21332,-8
21333,0
21334,0
21335,0
21336,0
21337,0
21338,8
21339,-8
21340,8
21341,-8
21342,8
21343,0
21344,0
21345,0
21346,-8
21347,0
21348,0
21349,8
21350,0
21351,0
21352,16
21353,0
21354,0
21355,8
21356,0
21357,8
21358,0
21359,0
21360,0
21361,0
21362,0
21363,8
21364,0
21365,0
21366,0
21367,8
21368,8
21369,-8
21370,0
21371,8
21372,0
21373,0
21374,8
21375,0
21376,0
21377,0
21378,0
21379,8
21380,0
21381,8
21382,8
21383,8
21384,0
21385,8
21386,8
21387,-8
21388,24
21389,0
21390,0
21391,0
21392,0
21393,8
21394,8
21395,0
21396,8
21397,0
21398,8
21399,0
21400,0
21401,0
21402,0
21403,0
21404,0
21405,0
21406,0
21407,0
21408,0
21409,0
21410,0
21411,-8
21412,0
21413,0
21414,0
21415,0
21416,-8
21417,8
21418,0
21419,0
21420,0
21421,8
21422,0
21423,8
21424,0
21425,0
21426,-8
21427,0
21428,0
21429,0
21430,0
21431,8
21432,-8
21433,-8
21434,-8
21435,0
21436,0
21437,0
21438,0
21439,8
21440,0
21441,0
21442,0
21443,8
21444,0
21445,8
21446,0
21447,-8
21448,0
21449,8
21450,0
21451,8
21452,8
21453,0
21454,0
21455,0
21456,0
21457,-8
21458,0
21459,0
21460,-8
21461,8
21462,0
21463,0
21464,8
21465,0
21466,8
21467,-8
21468,0
21469,-8
21470,0
21471,8
21472,8
21473,0
21474,0
21475,0
21476,8
21477,8
21478,0
21479,0
21480,8
21481,0
21482,0
21483,0
21484,0
21485,8
21486,0
21487,0
21488,0
21489,0
21490,-16
21491,8
21492,8
21493,8
21494,-8
21495,0
21496,-16
21497,0
21498,8
21499,0
21500,0
21501,0
21502,0
21503,0
21504,0
21505,0
21506,0
21507,0
21508,8
21509,0
21510,0
21511,0
21512,0
21513,0
21514,0
21515,8
21516,8
21517,8
21518,0
21519,0
21520,8
21521,0
21522,0
21523,-8
21524,0
21525,8
21526,0
21527,8
21528,0
21529,8
21530,0
21531,8
21532,8
21533,0
21534,0
21535,0
21536,-8
21537,8
21538,0
21539,0
21540,0
21541,-8
21542,0
21543,0
21544,8
21545,0
21546,0
21547,8
21548,8
21549,8
21550,8
21551,0
21552,0
21553,8
21554,8
21555,8
21556,8
21557,8
21558,0
21559,8
21560,8
21561,-8
21562,0
21563,0
21564,0
21565,8
21566,0
21567,8
21568,0
21569,0
21570,8
21571,8
21572,8
21573,0
21574,0
21575,8
21576,0
21577,0
21578,8
21579,0
21580,8
21581,0
21582,0
21583,8
21584,0
21585,0
21586,8
21587,0
21588,0
21589,0
21590,8
21591,0
21592,0
21593,0
21594,16
21595,8
21596,0
21597,0
21598,-8
21599,0
21600,8
21601,8
21602,0
21603,0
21604,8
21605,0
21606,8
21607,8
21608,8
21609,0
21610,0
21611,0
21612,8
21613,0
21614,0
21615,-8
21616,8
21617,8
21618,8
21619,0
21620,0
21621,8
21622,0
21623,8
21624,-8
21625,0
21626,0
21627,8
21628,0
21629,0
21630,8
21631,-8
21632,0
21633,-8
21634,0
21635,0
21636,8
21637,0
21638,0
21639,8
21640,-8
21641,0
21642,0
21643,8
21644,0
21645,0
21646,-8
21647,0
21648,-8
21649,0
21650,8
21651,8
21652,0
21653,-8
21654,0
21655,8
21656,0
21657,0
21658,0
21659,-8
21660,0
21661,0
21662,0
21663,0
21664,0
21665,0
21666,0
21667,0
21668,-8
21669,0
21670,8
21671,0
21672,0
21673,8
21674,0
21675,8
21676,8
21677,0
21678,8
21679,0
21680,8
21681,0
21682,0
21683,0
21684,0
21685,0
21686,8
21687,0
21688,-8
21689,8
21690,-8
21691,0
21692,0
21693,8
21694,0
21695,0
21696,0
21697,0
21698,0
21699,0
21700,0
21701,0
21702,-8
21703,-8
21704,8
21705,0
21706,0
21707,-8
21708,-8
21709,0
21710,-8
21711,0
21712,0
21713,8
21714,8
21715,8
21716,0
21717,0
21718,0
21719,8
21720,0
21721,0
21722,0
21723,0
21724,8
21725,0
21726,0
21727,8
21728,0
21729,8
21730,-8
21731,0
21732,0
21733,0
21734,0
21735,8
21736,0
21737,0
21738,8
21739,0
21740,0
21741,-8
21742,0
21743,-8
21744,8
21745,0
21746,-8
21747,8
21748,0
21749,-8
21750,0
21751,-8
21752,0
21753,0
21754,-8
21755,0
21756,0
21757,0
21758,-8
21759,0
21760,0
21761,8
21762,0
21763,0
21764,8
21765,8
21766,8
21767,0
21768,0
21769,24
21770,0
21771,0
21772,8
21773,8
21774,0
21775,0
21776,-8
21777,0
21778,0
21779,0
21780,0
21781,0
21782,8
21783,-8
21784,8
21785,0
21786,8
21787,0
21788,0
21789,0
21790,8
21791,0
21792,8
21793,0
21794,8
21795,0
21796,16
21797,0
21798,8
21799,8
21800,0
21801,8
21802,0
21803,8
21804,24
21805,0
21806,0
21807,8
21808,8
21809,8
21810,8
21811,0
21812,8
21813,0
21814,0
21815,8
21816,8
21817,-8
21818,8
21819,0
21820,-8
21821,8
21822,0
21823,0
21824,0
21825,0
21826,0
21827,0
21828,0
21829,8
21830,-8
21831,8
21832,-8
21833,8
21834,0
21835,0
21836,0
21837,8
21838,0
21839,8
21840,-8
21841,8
21842,0
21843,0
21844,8
21845,0
21846,0
21847,16
21848,0
21849,8
21850,8
21851,-8
21852,8
21853,-8
21854,8
21855,8
21856,0
21857,0
21858,8
21859,8
21860,8
21861,0
21862,8
21863,0
21864,-8
21865,0
21866,8
21867,8
21868,0
21869,8
21870,0
21871,8
21872,8
21873,0
21874,0
21875,0
21876,0
21877,8
21878,0
21879,0
21880,-8
21881,0
21882,0
21883,8
21884,-8
21885,8
21886,8
21887,0
21888,8
21889,8
21890,0
21891,8
21892,8
21893,0
21894,-8
21895,0
21896,8
21897,8
21898,8
21899,0
21900,0
21901,0
21902,8
21903,0
21904,0
21905,0
21906,0
21907,0
21908,0
21909,8
21910,8
21911,8
21912,0
21913,8
21914,0
21915,-8
21916,0
21917,8
21918,8
21919,8
21920,0
21921,0
21922,8
21923,0
21924,0
21925,-8
21926,0
21927,-8
21928,8
21929,0
21930,0
21931,0
21932,-8
21933,-8
21934,0
21935,0
21936,0
21937,0
21938,0
21939,0
21940,8
21941,-8
21942,8
21943,0
21944,0
21945,8
21946,8
21947,0
21948,8
21949,0
21950,8
21951,8
21952,0
21953,0
21954,0
21955,0
21956,0
21957,8
21958,0
21959,0
21960,0
21961,0
21962,0
21963,8
21964,0
21965,0
21966,8
21967,0
21968,8
21969,0
21970,-8
21971,0
21972,8
21973,0
21974,8
21975,8
21976,0
21977,0
21978,0
21979,0
21980,-8
21981,8
21982,0
21983,-8
21984,-8
21985,-8
21986,0
21987,0
21988,0
21989,8
21990,0
21991,0
21992,0
21993,0
21994,0
21995,0
21996,0
21997,8
21998,0
21999,0
22000,0
22001,8
22002,-8
22003,8
22004,8
22005,8
22006,0
22007,8
22008,0
22009,8
22010,-8
22011,16
22012,0
22013,0
22014,8
22015,8
22016,8
22017,0
22018,0
22019,0
22020,0
22021,0
22022,-8
22023,0
22024,0
22025,0
22026,16
22027,8
22028,0
22029,0
22030,0
22031,0
22032,0
22033,8
22034,0
22035,0
22036,8
22037,8
22038,0
22039,8
22040,0
22041,0
22042,-8
22043,0
22044,-8
22045,-8
22046,0
22047,0
22048,0
22049,0
22050,0
22051,-8
22052,0
22053,0
22054,0
22055,8
22056,8
22057,-8
22058,0
22059,8
22060,0
22061,0
22062,0
22063,0
22064,0
22065,-8
22066,0
22067,0
22068,0
22069,0
22070,8
22071,24
22072,-8
22073,16
22074,-8
22075,-8
22076,0
22077,8
22078,8
22079,8
22080,0
22081,8
22082,0
22083,0
22084,8
22085,0
22086,8
22087,0
22088,0
22089,0
22090,16
22091,0
22092,0
22093,0
22094,8
22095,8
22096,0
22097,8
22098,0
22099,0
22100,8
22101,0
22102,0
22103,0
22104,8
22105,-8
22106,8
22107,8
22108,0
22109,8
22110,0
22111,16
22112,8
22113,0
22114,0
22115,0
22116,0
22117,0
22118,0
22119,8
22120,0
22121,8
22122,0
22123,0
22124,0
22125,8
22126,8
22127,8
22128,0
22129,8
22130,0
22131,8
22132,0
22133,0
22134,0
22135,0
22136,0
22137,-8
22138,0
22139,-8
22140,0
22141,0
22142,0
22143,0
22144,0
22145,0
22146,0
22147,8
22148,8
22149,8
22150,8
22151,0
22152,0
22153,8
22154,8
22155,0
22156,0
22157,-8
22158,-8
22159,0
22160,16
22161,0
22162,8
22163,0
22164,8
22165,0
22166,8
22167,0
22168,0
22169,0
22170,0
22171,-8
22172,8
22173,8
22174,0
22175,8
22176,8
22177,8
22178,8
22179,8
22180,0
22181,0
22182,-8
22183,0
22184,8
22185,-8
22186,0
22187,0
22188,0
22189,0
22190,8
22191,-8
22192,8
22193,8
22194,0
22195,0
22196,24
22197,8
22198,16
22199,16
22200,0
22201,8
22202,8
22203,8
22204,0
22205,16
22206,0
22207,8
22208,8
22209,-8
22210,8
22211,16
22212,0
22213,16
22214,8
22215,8
22216,8
22217,0
22218,8
22219,8
22220,8
22221,0
22222,8
22223,8
22224,0
22225,8
22226,0
22227,8
22228,0
22229,8
22230,0
22231,8
22232,-8
22233,-8
22234,0
22235,16
22236,8
22237,0
22238,0
22239,-8
22240,8
22241,8
22242,0
22243,8
22244,8
22245,-8
22246,24
22247,-8
22248,0
22249,0
22250,8
22251,8
22252,-8
22253,16
22254,0
22255,-8
22256,8
22257,-8
22258,-8
22259,0
22260,-8
22261,0
22262,0
22263,8
22264,0
22265,8
22266,0
22267,0
22268,8
22269,8
22270,8
22271,0
22272,0
22273,0
22274,0
22275,8
22276,8
22277,-8
22278,8
22279,8
22280,8
22281,0
22282,0
22283,0
22284,8
22285,0
22286,8
22287,0
22288,0
22289,8
22290,0
22291,0
22292,0
22293,0
22294,-8
22295,0
22296,8
22297,0
22298,0
22299,0
22300,0
22301,-8
22302,8
22303,0
22304,8
22305,0
22306,8
22307,24
22308,0
22309,8
22310,0
22311,0
22312,0
22313,0
22314,-8
22315,8
22316,0
22317,0
22318,0
22319,0
22320,0
22321,8
22322,8
22323,8
22324,8
22325,0
22326,8
22327,0
22328,0
22329,0
22330,0
22331,-8
22332,0
22333,0
22334,0
22335,0
22336,8
22337,0
22338,0
22339,8
22340,8
22341,0
22342,0
22343,8
22344,0
22345,8
22346,8
22347,0
22348,8
22349,0
22350,0
22351,8
22352,8
22353,-8
22354,0
22355,0
22356,8
22357,0
22358,-8
22359,8
22360,8
22361,0
22362,0
22363,0
22364,0
22365,-8
22366,0
22367,8
22368,8
22369,8
22370,0
22371,16
22372,0
22373,0
22374,8
22375,0
22376,0
22377,0
22378,0
22379,8
22380,-8
22381,8
22382,0
22383,8
22384,0
22385,0
22386,8
22387,0
22388,0
22389,-8
22390,8
22391,-8
22392,8
22393,8
22394,0
22395,0
22396,-8
22397,8
22398,0
22399,0
22400,8
22401,8
22402,0
22403,0
22404,8
22405,8
22406,0
22407,8
22408,8
22409,8
22410,8
22411,0
22412,0
22413,8
22414,16
22415,8
22416,0
22417,0
22418,0
22419,0
22420,8
22421,0
22422,8
22423,0
22424,8
22425,-8
22426,0
22427,0
22428,0
22429,8
22430,0
22431,-8
22432,0
22433,24
22434,0
22435,8
22436,24
22437,0
22438,0
22439,8
22440,0
22441,0
22442,0
22443,8
22444,0
22445,0
22446,8
22447,0
22448,0
22449,0
22450,8
22451,8
22452,8
22453,8
22454,8
22455,0
22456,0
22457,8
22458,0
22459,8
22460,0
22461,0
22462,8
22463,8
22464,0
22465,0
22466,0
22467,0
22468,8
22469,8
22470,0
22471,0
22472,8
22473,-8
22474,8
22475,24
22476,8
22477,8
22478,8
22479,0
22480,8
22481,-8
22482,0
22483,0
22484,8
22485,8
22486,8
22487,0
22488,0
22489,-16
22490,0
22491,0
22492,0
22493,8
22494,0
22495,-8
22496,0
22497,0
22498,0
22499,0
22500,0
22501,0
22502,0
22503,0
22504,16
22505,8
22506,8
22507,8
22508,0
22509,8
22510,0
22511,8
22512,0
22513,8
22514,0
22515,16
22516,24
22517,8
22518,8
22519,-8
22520,0
22521,8
22522,0
22523,0
22524,0
22525,0
22526,0
22527,0
22528,8
22529,8
22530,0
22531,8
22532,0
22533,0
22534,16
22535,0
22536,8
22537,0
22538,0
22539,8
22540,0
22541,0
22542,0
22543,0
22544,0
22545,0
22546,0
22547,0
22548,0
22549,8
22550,0
22551,8
22552,0
22553,8
22554,0
22555,0
22556,8
22557,0
22558,0
22559,8
22560,0
22561,0
22562,0
22563,8
22564,8
22565,8
22566,0
22567,0
22568,0
22569,8
22570,8
22571,0
22572,0
22573,0
22574,8
22575,0
22576,0
22577,8
22578,0
22579,8
22580,8
22581,-8
22582,8
22583,0
22584,0
22585,-8
22586,0
22587,-8
22588,0
22589,0
22590,-8
22591,0
22592,8
22593,0
22594,0
22595,-8
22596,0
22597,0
22598,8
22599,0
22600,0
22601,8
22602,8
22603,0
22604,0
22605,-8
22606,-8
22607,-8
22608,0
22609,0
22610,0
22611,8
22612,8
22613,0
22614,0
22615,8
22616,8
22617,0
22618,-8
22619,0
22620,0
22621,8
22622,24
22623,0
22624,0
22625,8
22626,0
22627,-8
22628,0
22629,8
22630,-8
22631,-8
22632,8
22633,0
22634,8
22635,-8
22636,0
22637,-8
22638,8
22639,0
22640,0
22641,0
22642,0
22643,0
22644,0
22645,0
22646,0
22647,0
22648,0
22649,8
22650,8
22651,24
22652,0
22653,0
22654,0
22655,0
22656,8
22657,8
22658,-8
22659,8
22660,0
22661,0
22662,8
22663,0
22664,8
22665,0
22666,0
22667,0
22668,8
22669,0
22670,8
22671,8
22672,8
22673,0
22674,8
22675,0
22676,0
22677,0
22678,8
22679,0
22680,0
22681,0
22682,0
22683,0
22684,-8
22685,-8
22686,0
22687,0
22688,8
22689,0
22690,0
22691,-8
22692,0
22693,8
22694,-8
22695,8
22696,8
22697,8
22698,0
22699,-8
22700,0
22701,8
22702,0
22703,0
22704,0
22705,8
22706,8
22707,0
22708,8
22709,0
22710,0
22711,8
22712,8
22713,24
22714,8
22715,8
22716,8
22717,24
22718,8
22719,0
22720,0
22721,8
22722,16
22723,0
22724,8
22725,8
22726,0
22727,-8
22728,8
22729,0
22730,24
22731,8
22732,-8
22733,0
22734,-8
22735,8
22736,0
22737,8
22738,-16
22739,8
22740,0
22741,0
22742,8
22743,352
22744,448
22745,-112
22746,192
22747,-64
22748,-184
22749,-64
22750,24
22751,136
22752,24
22753,-168
22754,-176
22755,-48
22756,24
22757,-32
22758,-88
22759,-56
22760,-32
22761,0
22762,-24
22763,-24
22764,0
22765,24
22766,24
22767,8
22768,0
22769,8
22770,8
22771,0
22772,-8
22773,-8
22774,-8
22775,-40
22776,0
22777,0
22778,-32
22779,0
22780,-8
22781,0
22782,0
22783,0
22784,0
22785,24
22786,8
22787,24
22788,8
22789,8
22790,16
22791,8
22792,24
22793,8
22794,24
22795,24
22796,8
22797,8
22798,24
22799,16
22800,24
22801,16
22802,0
22803,0
22804,8
22805,0
22806,8
22807,0
22808,0
22809,-8
22810,-16
22811,0
22812,-8
22813,-8
22814,0
22815,0
22816,0
22817,8
22818,16
22819,8
22820,8
22821,8
22822,8
22823,16
22824,24
22825,8
22826,16
22827,8
22828,16
22829,8
22830,8
22831,8
22832,0
22833,0
22834,0
22835,8
22836,0
22837,0
22838,0
22839,0
22840,-8
22841,0
22842,8
22843,0
22844,0
22845,-8
22846,0
22847,0
22848,0
22849,8
22850,-8
22851,8
22852,0
22853,0
22854,8
22855,0
22856,8
22857,8
22858,8
22859,0
22860,8
22861,8
22862,-16
22863,8
22864,0
22865,0
22866,0
22867,-8
22868,0
22869,-8
22870,0
22871,0
22872,-8
22873,-8
22874,-8
22875,0
22876,0
22877,8
22878,0
22879,8
22880,0
22881,0
22882,0
22883,0
22884,-8
22885,0
22886,0
22887,0
22888,0
22889,0
22890,-8
22891,0
22892,0
22893,8
22894,8
22895,0
22896,0
22897,8
22898,0
22899,8
22900,8
22901,8
22902,0
22903,0
22904,-8
22905,8
22906,-8
22907,8
22908,-8
22909,0
22910,0
22911,0
22912,0
22913,0
22914,0
22915,0
22916,0
22917,0
22918,-8
22919,0
22920,0
22921,0
22922,-8
22923,0
22924,0
22925,0
22926,0
22927,8
22928,8
22929,0
22930,0
22931,0
22932,0
22933,0
22934,0
22935,0
22936,-8
22937,8
22938,8
22939,0
22940,0
22941,-8
22942,0
22943,0
22944,0
22945,8
22946,0
22947,8
22948,0
22949,0
22950,0
22951,0
22952,16
22953,0
22954,0
22955,0
22956,8
22957,0
22958,8
22959,0
22960,8
22961,0
22962,8
22963,24
22964,32
22965,40
22966,24
22967,8
22968,24
22969,24
22970,-8
22971,-16
22972,-24
22973,-24
22974,-40
22975,-32
22976,-32
22977,-16
22978,-8
22979,-16
22980,-8
22981,24
22982,8
22983,24
22984,16
22985,8
22986,-8
22987,0
22988,-8
22989,-8
22990,-16
22991,0
22992,-8
22993,0
22994,0
22995,8
22996,16
22997,8
22998,24
22999,0
23000,8
23001,0
23002,-8
23003,0
23004,8
23005,0
23006,0
23007,0
23008,8
23009,0
23010,0
23011,8
23012,16
23013,0
23014,8
23015,8
23016,0
23017,0
23018,8
23019,0
23020,0
23021,8
23022,8
23023,0
23024,0
23025,8
23026,8
23027,16
23028,0
23029,8
23030,-8
23031,0
23032,8
23033,0
23034,0
23035,8
23036,0
23037,0
23038,0
23039,0
23040,0
23041,8
23042,0
23043,8
23044,8
23045,8
23046,8
23047,0
23048,0
23049,8
23050,24
23051,0
23052,0
23053,0
23054,0
23055,0
23056,0
23057,0
23058,0
23059,-8
23060,8
23061,0
23062,0
23063,0
23064,8
23065,0
23066,0
23067,0
23068,0
23069,0
23070,8
23071,0
23072,0
23073,0
23074,0
23075,24
23076,8
23077,0
23078,0
23079,-8
23080,0
23081,24
23082,-8
23083,8
23084,0
23085,0
23086,0
23087,-8
23088,8
23089,8
23090,8
23091,8
23092,-8
23093,0
23094,0
23095,0
23096,-8
23097,0
23098,-8
23099,0
23100,0
23101,-8
23102,0
23103,0
23104,-8
23105,8
23106,0
23107,8
23108,0
23109,-8
23110,0
23111,0
23112,0
23113,0
23114,0
23115,8
23116,-8
23117,-8
23118,8
23119,8
23120,24
23121,0
23122,-8
23123,-8
23124,-8
23125,0
23126,8
23127,0
23128,0
23129,-8
23130,0
23131,8
23132,0
23133,8
23134,0
23135,0
23136,0
23137,8
23138,8
23139,0
23140,0
23141,8
23142,0
23143,8
23144,16
23145,8
23146,24
23147,0
23148,0
23149,8
23150,24
23151,24
23152,0
23153,0
23154,16
23155,0
23156,8
23157,0
23158,0
23159,24
23160,8
23161,0
23162,8
23163,8
23164,0
23165,0
23166,0
23167,8
23168,0
23169,0
23170,24
23171,16
23172,-8
23173,0
23174,24
23175,8
23176,8
23177,0
23178,0
23179,0
23180,0
23181,8
23182,0
23183,0
23184,-8
23185,-8
23186,8
23187,0
23188,0
23189,0
23190,-8
23191,0
23192,8
23193,0
23194,0
23195,0
23196,8
23197,-8
23198,8
23199,0
23200,8
23201,16
23202,0
23203,0
23204,0
23205,0
23206,8
23207,0
23208,0
23209,8
23210,0
23211,8
23212,0
23213,0
23214,0
23215,8
23216,8
23217,8
23218,0
23219,0
23220,8
23221,0
23222,-8
23223,0
23224,8
23225,0
23226,0
23227,8
23228,0
23229,0
23230,8
23231,8
23232,0
23233,-8
23234,0
23235,8
23236,8
23237,16
23238,0
23239,0
23240,0
23241,-8
23242,0
23243,0
23244,0
23245,8
23246,8
23247,0
23248,8
23249,8
23250,0
23251,8
23252,0
23253,-8
23254,8
23255,-8
23256,0
23257,-8
23258,0
23259,8
23260,0
23261,0
23262,8
23263,0
23264,0
23265,0
23266,-8
23267,8
23268,0
23269,8
23270,0
23271,8
23272,0
23273,0
23274,0
23275,8
23276,0
23277,8
23278,8
23279,0
23280,0
23281,0
23282,8
23283,-8
23284,0
23285,8
23286,-8
23287,0
23288,8
23289,0
23290,8
23291,0
23292,0
23293,0
23294,0
23295,0
23296,24
23297,24
23298,0
23299,0
23300,0
23301,-8
23302,0
23303,8
23304,8
23305,8
23306,0
23307,8
23308,0
23309,8
23310,0
23311,0
23312,0
23313,0
23314,8
23315,8
23316,0
23317,8
23318,8
23319,8
23320,0
23321,-8
23322,0
23323,0
23324,16
23325,8
23326,0
23327,-8
23328,8
23329,8
23330,0
23331,0
23332,-8
23333,-8
23334,0
23335,8
23336,0
23337,0
23338,0
23339,8
23340,0
23341,0
23342,8
23343,8
23344,0
23345,0
23346,0
23347,8
23348,8
23349,-8
23350,8
23351,0
23352,0
23353,-8
23354,0
23355,0
23356,-8
23357,0
23358,0
23359,24
23360,0
23361,8
23362,0
23363,-8
23364,8
23365,8
23366,0
23367,8
23368,0
23369,24
23370,0
23371,0
23372,0
23373,0
23374,0
23375,0
23376,-8
23377,0
23378,8
23379,0
23380,0
23381,0
23382,8
23383,0
23384,0
23385,8
23386,8
23387,8
23388,-8
23389,8
23390,0
23391,8
23392,8
23393,0
23394,8
23395,0
23396,8
23397,-8
23398,0
23399,0
23400,0
23401,0
23402,-8
23403,0
23404,8
23405,8
23406,-8
23407,8
23408,0
23409,8
23410,0
23411,0
23412,0
23413,0
23414,8
23415,0
23416,0
23417,16
23418,0
23419,0
23420,8
23421,8
23422,0
23423,0
23424,0
23425,0
23426,8
23427,0
23428,8
23429,8
23430,0
23431,0
23432,8
23433,0
23434,0
23435,8
23436,-8
23437,0
23438,-8
23439,0
23440,0
23441,8
23442,8
23443,0
23444,8
23445,0
23446,0
23447,8
23448,8
23449,8
23450,-8
23451,0
23452,8
23453,0
23454,0
23455,0
23456,0
23457,0
23458,0
23459,16
23460,8
23461,0
23462,24
23463,0
23464,0
23465,0
23466,8
23467,0
23468,0
23469,0
23470,0
23471,8
23472,0
23473,0
23474,0
23475,8
23476,8
23477,8
23478,0
23479,-8
23480,0
23481,8
23482,8
23483,0
23484,0
23485,-8
23486,0
23487,0
23488,8
23489,8
23490,8
23491,-8
23492,-8
23493,0
23494,0
23495,8
23496,8
23497,8
23498,0
23499,0
23500,0
23501,0
23502,0
23503,0
23504,-8
23505,0
23506,8
23507,0
23508,16
23509,8
23510,0
23511,0
23512,8
23513,8
23514,0
23515,8
23516,0
23517,0
23518,-8
23519,-8
23520,0
23521,8
23522,0
23523,0
23524,0
23525,8
23526,0
23527,0
23528,0
23529,0
23530,0
23531,-8
23532,8
23533,8
23534,0
23535,8
23536,8
23537,0
23538,0
23539,-8
23540,0
23541,8
23542,0
23543,-8
23544,0
23545,8
23546,-8
23547,8
23548,0
23549,0
23550,0
23551,0
23552,0
23553,0
23554,0
23555,0
23556,-8
23557,0
23558,8
23559,8
23560,0
23561,0
23562,-8
23563,0
23564,0
23565,0
23566,-8
23567,0
23568,0
23569,16
23570,0
23571,0
23572,0
23573,0
23574,0
23575,0
23576,0
23577,0
23578,0
23579,0
23580,8
23581,-8
23582,-8
23583,0
23584,8
23585,0
23586,-16
23587,0
23588,0
23589,-8
23590,0
23591,24
23592,8
23593,0
23594,0
23595,8
23596,0
23597,0
23598,8
23599,0
23600,8
23601,8
23602,8
23603,0
23604,8
23605,0
23606,0
23607,8
23608,8
23609,-8
23610,0
23611,0
23612,-8
23613,0
23614,0
23615,0
23616,-8
23617,0
23618,8
23619,0
23620,0
23621,0
23622,8
23623,8
23624,0
23625,8
23626,0
23627,0
23628,0
23629,0
23630,0
23631,8
23632,8
23633,-8
23634,0
23635,0
23636,0
23637,8
23638,0
23639,0
23640,0
23641,8
23642,0
23643,0
23644,-8
23645,0
23646,0
23647,0
23648,-8
23649,0
23650,0
23651,24
23652,8
23653,8
23654,16
23655,8
23656,0
23657,8
23658,8
23659,0
23660,0
23661,0
23662,0
23663,8
23664,0
23665,8
23666,0
23667,0
23668,-8
23669,0
23670,0
23671,0
23672,0
23673,8
23674,0
23675,-8
23676,0
23677,0
23678,0
23679,8
23680,0
23681,8
23682,8
23683,8
23684,0
23685,0
23686,0
23687,8
23688,8
23689,8
23690,8
23691,-8
23692,8
23693,8
23694,0
23695,8
23696,8
23697,0
23698,0
23699,0
23700,8
23701,0
23702,0
23703,0
23704,8
23705,0
23706,8
23707,0
23708,8
23709,0
23710,8
23711,8
23712,8
23713,0
23714,0
23715,-8
23716,0
23717,-8
23718,0
23719,0
23720,0
23721,8
23722,8
23723,8
23724,-8
23725,0
23726,-8
23727,0
23728,0
23729,0
23730,0
23731,8
23732,0
23733,-8
23734,-8
23735,8
23736,0
23737,0
23738,8
23739,24
23740,8
23741,0
23742,0
23743,8
23744,0
23745,0
23746,24
23747,0
23748,-8
23749,8
23750,-8
23751,8
23752,-8
23753,8
23754,8
23755,0
23756,0
23757,0
23758,0
23759,8
23760,0
23761,8
23762,8
23763,0
23764,0
23765,0
23766,0
23767,0
23768,0
23769,8
23770,8
23771,8
23772,0
23773,0
23774,0
23775,8
23776,8
23777,0
23778,-8
23779,0
23780,-8
23781,8
23782,-8
23783,0
23784,8
23785,0
23786,0
23787,0
23788,8
23789,0
23790,8
23791,0
23792,0
23793,8
23794,8
23795,16
23796,0
23797,8
23798,8
23799,0
23800,0
23801,8
23802,0
23803,0
23804,-8
23805,0
23806,8
23807,-8
23808,8
23809,0
23810,8
23811,8
23812,16
23813,8
23814,0
23815,8
23816,8
23817,0
23818,8
23819,0
23820,8
23821,8
23822,0
23823,8
23824,8
23825,24
23826,0
23827,0
23828,0
23829,8
23830,0
23831,8
23832,0
23833,8
23834,0
23835,0
23836,0
23837,8
23838,8
23839,8
23840,8
23841,8
23842,16
23843,0
23844,8
23845,8
23846,0
23847,0
23848,0
23849,0
23850,0
23851,8
23852,0
23853,0
23854,8
23855,8
23856,0
23857,0
23858,0
23859,8
23860,0
23861,0
23862,8
23863,0
23864,8
23865,0
23866,8
23867,8
23868,0
23869,0
23870,8
23871,8
23872,24
23873,8
23874,0
23875,0
23876,8
23877,0
23878,0
23879,0
23880,8
23881,0
23882,0
23883,8
23884,8
23885,0
23886,0
23887,0
23888,0
23889,0
23890,8
23891,0
23892,0
23893,24
23894,0
23895,8
23896,8
23897,0
23898,-8
23899,24
23900,-8
23901,0
23902,0
23903,8
23904,0
23905,8
23906,0
23907,8
23908,16
23909,0
23910,0
23911,8
23912,0
23913,8
23914,8
23915,0
23916,8
23917,8
23918,-8
23919,8
23920,8
23921,24
23922,-8
23923,0
23924,0
23925,0
23926,0
23927,8
23928,8
23929,0
23930,8
23931,8
23932,0
23933,0
23934,0
23935,8
23936,8
23937,0
23938,8
23939,8
23940,8
23941,8
23942,8
23943,8
23944,8
23945,8
23946,0
23947,0
23948,-8
23949,16
23950,0
23951,8
23952,8
23953,24
23954,8
23955,8
23956,8
23957,0
23958,8
23959,0
23960,0
23961,0
23962,24
23963,24
23964,0
23965,0
23966,8
23967,0
23968,16
23969,8
23970,16
23971,0
23972,8
23973,8
23974,8
23975,8
23976,0
23977,24
23978,0
23979,24
23980,0
23981,24
23982,0
23983,0
23984,0
23985,0
23986,0
23987,24
23988,8
23989,8
23990,8
23991,16
23992,8
23993,8
23994,8
23995,-8
23996,16
23997,0
23998,0
23999,8
24000,16
24001,16
24002,8
24003,0
24004,8
24005,8
24006,8
24007,0
24008,0
24009,0
24010,0
24011,8
24012,0
24013,8
24014,0
24015,16
24016,8
24017,0
24018,-16
24019,0
24020,0
24021,-8
24022,-8
24023,24
24024,0
24025,8
24026,-8
24027,0
24028,0
24029,8
24030,0
24031,0
24032,-8
24033,0
24034,8
24035,0
24036,-8
24037,0
24038,0
24039,8
24040,-8
24041,8
24042,8
24043,0
24044,8
24045,0
24046,8
24047,8
24048,8
24049,8
24050,0
24051,8
24052,0
24053,24
24054,0
24055,16
24056,0
24057,0
24058,0
24059,24
24060,8
24061,0
24062,8
24063,8
24064,0
24065,-8
24066,0
24067,0
24068,16
24069,8
24070,0
24071,8
24072,16
24073,0
24074,8
24075,8
24076,0
24077,0
24078,8
24079,8
24080,8
24081,8
24082,8
24083,8
24084,0
24085,0
24086,0
24087,8
24088,0
24089,8
24090,0
24091,8
24092,8
24093,0
24094,0
24095,8
24096,16
24097,8
24098,0
24099,16
24100,8
24101,24
24102,8
24103,24
24104,0
24105,0
24106,0
24107,0
24108,8
24109,8
24110,0
24111,8
24112,8
24113,8
24114,0
24115,8
24116,16
24117,0
24118,0
24119,0
24120,0
24121,0
24122,0
24123,-8
24124,8
24125,0
24126,-8
24127,0
24128,8
24129,8
24130,0
24131,0
24132,8
24133,0
24134,0
24135,0
24136,0
24137,0
24138,8
24139,0
24140,-8
24141,0
24142,8
24143,0
24144,8
24145,0
24146,8
24147,0
24148,24
24149,0
24150,0
24151,8
24152,0
24153,8
24154,0
24155,8
24156,0
24157,8
24158,0
24159,0
24160,8
24161,0
24162,0
24163,8
24164,0
24165,0
24166,0
24167,8
24168,16
24169,0
24170,0
24171,0
24172,0
24173,-16
24174,24
24175,0
24176,8
24177,8
24178,0
24179,-8
24180,8
24181,0
24182,0
24183,-8
24184,8
24185,0
24186,24
24187,0
24188,0
24189,8
24190,0
24191,0
24192,8
24193,0
24194,16
24195,24
24196,8
24197,8
24198,0
24199,0
24200,8
24201,8
24202,0
24203,0
24204,0
24205,0
24206,0
24207,0
24208,0
24209,8
24210,16
24211,0
24212,8
24213,0
24214,0
24215,8
24216,0
24217,8
24218,8
24219,8
24220,8
24221,0
24222,16
24223,8
24224,8
24225,-16
24226,16
24227,8
24228,8
24229,0
24230,0
24231,8
24232,0
24233,8
24234,0
24235,8
24236,8
24237,0
24238,8
24239,8
24240,0
24241,8
24242,0
24243,0
24244,8
24245,24
24246,8
24247,8
24248,0
24249,16
24250,0
24251,0
24252,0
24253,0
24254,-8
24255,8
24256,0
24257,8
24258,0
24259,8
24260,0
24261,16
24262,0
24263,-8
24264,0
24265,8
24266,0
24267,0
24268,8
24269,0
24270,0
24271,-24
24272,8
24273,8
24274,0
24275,-8
24276,8
24277,0
24278,0
24279,-8
24280,0
24281,-8
24282,0
24283,-8
24284,-8
24285,0
24286,0
24287,-8
24288,0
24289,8
24290,24
24291,0
24292,0
24293,0
24294,-8
24295,8
24296,-8
24297,8
24298,0
24299,0
24300,8
24301,8
24302,0
24303,0
24304,0
24305,0
24306,0
24307,0
24308,8
24309,-8
24310,0
24311,0
24312,0
24313,0
24314,0
24315,0
24316,-8
24317,16
24318,8
24319,8
24320,8
24321,8
24322,-8
24323,8
24324,8
24325,0
24326,0
24327,0
24328,8
24329,0
24330,0
24331,0
24332,0
24333,0
24334,0
24335,8
24336,-8
24337,-8
24338,-8
24339,0
24340,0
24341,-8
24342,0
24343,0
24344,-8
24345,-8
24346,0
24347,-24
24348,0
24349,-8
24350,0
24351,0
24352,0
24353,0
24354,0
24355,0
24356,0
24357,-8
24358,0
24359,0
24360,0
24361,0
24362,8
24363,8
24364,0
24365,0
24366,8
24367,-8
24368,0
24369,0
24370,-16
24371,8
24372,8
24373,0
24374,8
24375,0
24376,0
24377,0
24378,8
24379,8
24380,8
24381,8
24382,0
24383,0
24384,0
24385,-8
24386,24
24387,0
24388,0
24389,-8
24390,-16
24391,8
24392,8
24393,8
24394,-16
24395,8
24396,8
24397,0
24398,0
24399,8
24400,24
24401,0
24402,0
24403,8
24404,0
24405,8
24406,8
24407,0
24408,16
24409,0
24410,0
24411,0
24412,24
24413,0
24414,0
24415,8
24416,8
24417,32
24418,16
24419,0
24420,16
24421,0
24422,8
24423,0
24424,8
24425,0
24426,0
24427,0
24428,0
24429,0
24430,-8
24431,8
24432,8
24433,8
24434,8
24435,0
24436,8
24437,0
24438,0
24439,8
24440,24
24441,0
24442,0
24443,0
24444,0
24445,24
24446,-8
24447,0
24448,0
24449,0
24450,-16
24451,-8
24452,8
24453,-8
24454,8
24455,0
24456,0
24457,8
24458,0
24459,0
24460,0
24461,0
24462,8
24463,8
24464,24
24465,0
24466,-24
24467,0
24468,-8
24469,0
24470,-8
24471,0
24472,0
24473,0
24474,8
24475,-16
24476,8
24477,0
24478,8
24479,0
24480,8
24481,-16
24482,0
24483,-8
24484,8
24485,0
24486,0
24487,-8
24488,0
24489,0
24490,0
24491,0
24492,-8
24493,8
24494,8
24495,0
24496,8
24497,-16
24498,0
24499,0
24500,-32
24501,8
24502,0
24503,0
24504,0
24505,8
24506,0
24507,0
24508,0
24509,-8
24510,0
24511,0
24512,0
24513,0
24514,8
24515,0
24516,0
24517,-8
24518,0
24519,0
24520,0
24521,-8
24522,0
24523,0
24524,8
24525,0
24526,-8
24527,0
24528,0
24529,-8
24530,0
24531,0
24532,-8
24533,0
24534,-8
24535,16
24536,0
24537,-16
24538,0
24539,-8
24540,24
24541,0
24542,-8
24543,0
24544,8
24545,0
24546,8
24547,0
24548,0
24549,0
24550,-24
24551,-8
24552,8
24553,0
24554,-8
24555,-8
24556,0
24557,-8
24558,8
24559,0
24560,-8
24561,0
24562,8
24563,-8
24564,0
24565,-8
24566,-8
24567,0
24568,0
24569,0
24570,8
24571,0
24572,-8
24573,0
24574,0
24575,0
24576,-8
24577,-8
24578,-8
24579,0
24580,0
24581,0
24582,8
24583,-8
24584,-16
24585,-8
24586,0
24587,0
24588,-8
24589,-8
24590,-8
24591,-8
24592,-8
24593,-8
24594,8
24595,0
24596,0
24597,-8
24598,8
24599,0
24600,0
24601,-8
24602,-8
24603,-16
24604,8
24605,0
24606,0
24607,0
24608,0
24609,8
24610,0
24611,-8
24612,8
24613,0
24614,0
24615,-8
24616,-8
24617,-8
24618,0
24619,0
24620,0
24621,0
24622,-16
24623,-8
24624,8
24625,0
24626,0
24627,0
24628,0
24629,0
24630,8
24631,8
24632,0
24633,-8
24634,0
24635,-16
24636,8
24637,0
24638,0
24639,0
24640,8
24641,0
24642,0
24643,8
24644,0
24645,0
24646,0
24647,0
24648,0
24649,8
24650,8
24651,16
24652,-8
24653,0
24654,8
24655,0
24656,0
24657,8
24658,0
24659,0
24660,0
24661,0
24662,0
24663,8
24664,0
24665,0
24666,16
24667,8
24668,0
24669,-8
24670,-8
24671,0
24672,0
24673,8
24674,0
24675,0
24676,8
24677,8
24678,0
24679,8
24680,0
24681,8
24682,0
24683,0
24684,0
24685,0
24686,-8
24687,-8
24688,0
24689,-8
24690,0
24691,0
24692,0
24693,8
24694,0
24695,0
24696,-16
24697,8
24698,8
24699,0
24700,-8
24701,0
24702,0
24703,-8
24704,8
24705,0
24706,8
24707,-8
24708,0
24709,0
24710,8
24711,-8
24712,0
24713,8
24714,0
24715,8
24716,8
24717,0
24718,-8
24719,-8
24720,-8
24721,8
24722,8
24723,0
24724,0
24725,-8
24726,0
24727,0
24728,0
24729,0
24730,8
24731,8
24732,0
24733,0
24734,0
24735,-8
24736,0
24737,0
24738,8
24739,0
24740,-8
24741,0
24742,8
24743,0
24744,-8
24745,8
24746,-8
24747,0
24748,0
24749,-8
24750,8
24751,0
24752,0
24753,0
24754,0
24755,-8
24756,0
24757,8
24758,-8
24759,8
24760,8
24761,8
24762,0
24763,16
24764,8
24765,-8
24766,8
24767,0
24768,8
24769,0
24770,8
24771,-8
24772,-8
24773,-8
24774,0
24775,0
24776,0
24777,-8
24778,8
24779,-8
24780,0
24781,-8
24782,0
24783,0
24784,0
24785,-8
24786,0
24787,-8
24788,0
24789,8
24790,-8
24791,0
24792,8
24793,-8
24794,8
24795,0
24796,8
24797,0
24798,8
24799,0
24800,8
24801,0
24802,0
24803,8
24804,8
24805,-8
24806,8
24807,24
24808,8
24809,0
24810,0
24811,0
24812,-8
24813,8
24814,0
24815,0
24816,8
24817,8
24818,0
24819,0
24820,8
24821,-8
24822,0
24823,0
24824,0
24825,8
24826,0
24827,0
24828,0
24829,-8
24830,8
24831,0
24832,0
24833,0
24834,8
24835,40
24836,0
24837,8
24838,0
24839,8
24840,0
24841,0
24842,0
24843,8
24844,0
24845,0
24846,24
24847,0
24848,0
24849,-8
24850,8
24851,0
24852,0
24853,8
24854,-8
24855,0
24856,0
24857,0
24858,-8
24859,-8
24860,-8
24861,8
24862,0
24863,-24
24864,0
24865,0
24866,0
24867,0
24868,0
24869,8
24870,-8
24871,0
24872,0
24873,-8
24874,0
24875,0
24876,0
24877,0
24878,0
24879,0
24880,-8
24881,-8
24882,-8
24883,24
24884,-8
24885,8
24886,8
24887,-8
24888,0
24889,-8
24890,0
24891,-32
24892,8
24893,-8
24894,0
24895,0
24896,-8
24897,0
24898,0
24899,0
24900,16
24901,0
24902,8
24903,0
24904,8
24905,8
24906,0
24907,-8
24908,0
24909,8
24910,-8
24911,-8
24912,0
24913,0
24914,0
24915,8
24916,0
24917,8
24918,0
24919,0
24920,8
24921,16
24922,8
24923,0
24924,8
24925,-16
24926,0
24927,0
24928,0
24929,-8
24930,-8
24931,-8
24932,0
24933,-8
24934,8
24935,0
24936,24
24937,0
24938,0
24939,8
24940,8
24941,0
24942,0
24943,24
24944,8
24945,0
24946,-32
24947,0
24948,0
24949,-8
24950,8
24951,0
24952,8
24953,8
24954,0
24955,0
24956,16
24957,8
24958,-8
24959,-8
24960,0
24961,0
24962,0
24963,-8
24964,8
24965,0
24966,0
24967,0
24968,0
24969,8
24970,0
24971,0
24972,8
24973,-8
24974,8
24975,8
24976,0
24977,0
24978,0
24979,0
24980,0
24981,8
24982,0
24983,8
24984,-8
24985,8
24986,-8
24987,0
24988,0
24989,0
24990,-8
24991,-8
24992,0
24993,8
24994,0
24995,-8
24996,32
24997,8
24998,8
24999,0
25000,8
25001,-8
25002,0
25003,0
25004,8
25005,0
25006,8
25007,8
25008,0
25009,8
25010,0
25011,-8
25012,0
25013,8
25014,8
25015,0
25016,8
25017,8
25018,0
25019,32
25020,0
25021,-8
25022,0
25023,8
25024,0
25025,0
25026,8
25027,0
25028,0
25029,8
25030,0
25031,0
25032,0
25033,8
25034,0
25035,-8
25036,0
25037,0
25038,0
25039,0
25040,0
25041,-8
25042,0
25043,24
25044,8
25045,8
25046,24
25047,0
25048,0
25049,8
25050,0
25051,24
25052,8
25053,0
25054,8
25055,8
25056,0
25057,0
25058,8
25059,0
25060,0
25061,8
25062,-8
25063,8
25064,8
25065,-8
25066,0
25067,8
25068,0
25069,0
25070,0
25071,8
25072,0
25073,8
25074,0
25075,-8
25076,8
25077,8
25078,-8
25079,8
25080,8
25081,0
25082,0
25083,-8
25084,8
25085,-8
25086,8
25087,0
25088,8
25089,8
25090,8
25091,0
25092,0
25093,0
25094,0
25095,-8
25096,24
25097,0
25098,16
25099,0
25100,0
25101,0
25102,8
25103,0
25104,8
25105,0
25106,0
25107,0
25108,0
25109,0
25110,-8
25111,8
25112,0
25113,-8
25114,0
25115,8
25116,0
25117,-8
25118,0
25119,24
25120,0
25121,0
25122,-8
25123,8
25124,0
25125,0
25126,0
25127,8
25128,-8
25129,-8
25130,0
25131,0
25132,8
25133,8
25134,-8
25135,0
25136,0
25137,0
25138,0
25139,0
25140,0
25141,8
25142,24
25143,0
25144,0
25145,0
25146,-8
25147,0
25148,0
25149,0
25150,8
25151,0
25152,24
25153,0
25154,0
25155,-8
25156,0
25157,0
25158,8
25159,8
25160,-8
25161,-8
25162,-8
25163,8
25164,0
25165,0
25166,0
25167,-8
25168,-8
25169,8
25170,-8
25171,0
25172,0
25173,-8
25174,8
25175,0
25176,0
25177,0
25178,0
25179,-8
25180,0
25181,0
25182,0
25183,-8
25184,0
25185,8
25186,-8
25187,-8
25188,0
25189,0
25190,0
25191,8
25192,-8
25193,0
25194,-8
25195,8
25196,-8
25197,8
25198,-8
25199,0
25200,8
25201,0
25202,-8
25203,0
25204,-8
25205,0
25206,-8
25207,0
25208,0
25209,0
25210,0
25211,0
25212,24
25213,0
25214,0
25215,0
25216,-8
25217,8
25218,0
25219,0
25220,8
25221,0
25222,-8
25223,-8
25224,-8
25225,-8
25226,0
25227,8
25228,0
25229,0
25230,0
25231,8
25232,0
25233,0
25234,0
25235,8
25236,8
25237,0
25238,0
25239,0
25240,8
25241,8
25242,0
25243,8
25244,8
25245,8
25246,8
25247,8
25248,8
25249,8
25250,8
25251,0
25252,8
25253,8
25254,0
25255,8
25256,0
25257,8
25258,24
25259,8
25260,-8
25261,-8
25262,8
25263,-8
25264,0
25265,8
25266,0
25267,8
25268,0
25269,0
25270,8
25271,0
25272,8
25273,8
25274,0
25275,0
25276,0
25277,8
25278,8
25279,0
25280,8
25281,-16
25282,0
25283,0
25284,0
25285,0
25286,0
25287,0
25288,0
25289,0
25290,8
25291,24
25292,8
25293,0
25294,0
25295,0
25296,0
25297,0
25298,0
25299,0
25300,0
25301,0
25302,0
25303,8
25304,0
25305,8
25306,8
25307,8
25308,0
25309,0
25310,0
25311,0
25312,-8
25313,0
25314,8
25315,8
25316,0
25317,0
25318,0
25319,-8
25320,0
25321,8
25322,0
25323,0
25324,0
25325,0
25326,8
25327,0
25328,0
25329,8
25330,0
25331,0
25332,8
25333,-8
25334,0
25335,-8
25336,0
25337,8
25338,0
25339,8
25340,8
25341,0
25342,8
25343,0
25344,0
25345,-8
25346,0
25347,8
25348,0
25349,0
25350,0
25351,0
25352,8
25353,0
25354,0
25355,0
25356,0
25357,0
25358,8
25359,0
25360,0
25361,8
25362,8
25363,0
25364,8
25365,24
25366,0
25367,8
25368,0
25369,0
25370,0
25371,8
25372,-8
25373,0
25374,8
25375,8
25376,-8
25377,0
25378,0
25379,0
25380,0
25381,8
25382,8
25383,-8
25384,0
25385,0
25386,0
25387,0
25388,-8
25389,-8
25390,8
25391,-8
25392,0
25393,0
25394,0
25395,-8
25396,0
25397,0
25398,0
25399,-8
25400,0
25401,0
25402,8
25403,0
25404,8
25405,0
25406,0
25407,8
25408,0
25409,-8
25410,8
25411,-8
25412,0
25413,8
25414,8
25415,8
25416,-8
25417,-8
25418,0
25419,0
25420,-8
25421,8
25422,0
25423,-8
25424,8
25425,0
25426,0
25427,-8
25428,8
25429,0
25430,0
25431,0
25432,0
25433,8
25434,0
25435,8
25436,0
25437,-8
25438,8
25439,-8
25440,0
25441,-8
25442,0
25443,0
25444,8
25445,-8
25446,0
25447,0
25448,8
25449,0
25450,0
25451,0
25452,0
25453,0
25454,8
25455,8
25456,0
25457,-8
25458,0
25459,0
25460,0
25461,0
25462,0
25463,0
25464,-8
25465,0
25466,0
25467,8
25468,0
25469,0
25470,0
25471,0
25472,0
25473,0
25474,0
25475,8
25476,-8
25477,0
25478,0
25479,-8
25480,-8
25481,-8
25482,0
25483,8
25484,-8
25485,16
25486,0
25487,-8
25488,0
25489,-8
25490,-8
25491,8
25492,0
25493,8
25494,8
25495,0
25496,0
25497,8
25498,0
25499,8
25500,8
25501,-8
25502,0
25503,0
25504,0
25505,0
25506,0
25507,0
25508,8
25509,0
25510,-8
25511,8
25512,8
25513,8
25514,8
25515,0
25516,-8
25517,8
25518,8
25519,0
25520,0
25521,0
25522,0
25523,8
25524,0
25525,0
25526,8
25527,8
25528,0
25529,8
25530,0
25531,0
25532,0
25533,8
25534,8
25535,0
25536,0
25537,0
25538,8
25539,8
25540,0
25541,0
25542,0
25543,0
25544,8
25545,0
25546,8
25547,8
25548,8
25549,-8
25550,-8
25551,8
25552,0
25553,8
25554,0
25555,0
25556,8
25557,0
25558,0
25559,8
25560,0
25561,0
25562,0
25563,0
25564,0
25565,0
25566,8
25567,0
25568,8
25569,-8
25570,8
25571,8
25572,8
25573,0
25574,8
25575,0
25576,0
25577,0
25578,0
25579,0
25580,0
25581,8
25582,0
25583,0
25584,0
25585,0
25586,0
25587,0
25588,-8
25589,0
25590,0
25591,0
25592,8
25593,0
25594,0
25595,0
25596,0
25597,0
25598,8
25599,8
25600,0
25601,0
25602,0
25603,-8
25604,0
25605,0
25606,8
25607,0
25608,8
25609,0
25610,-8
25611,8
25612,0
25613,0
25614,0
25615,0
25616,-8
25617,0
25618,0
25619,8
25620,8
25621,0
25622,0
25623,-8
25624,0
25625,0
25626,8
25627,0
25628,-8
25629,0
25630,0
25631,0
25632,0
25633,8
25634,0
25635,8
25636,0
25637,8
25638,0
25639,8
25640,0
25641,0
25642,0
25643,0
25644,0
25645,0
25646,8
25647,0
25648,0
25649,8
25650,0
25651,-8
25652,8
25653,0
25654,0
25655,8
25656,8
25657,0
25658,0
25659,0
25660,0
25661,8
25662,8
25663,8
25664,0
25665,8
25666,0
25667,8
25668,8
25669,0
25670,0
25671,8
25672,0
25673,0
25674,0
25675,8
25676,0
25677,8
25678,0
25679,0
25680,8
25681,0
25682,0
25683,0
25684,0
25685,0
25686,-8
25687,0
25688,-8
25689,0
25690,0
25691,8
25692,0
25693,8
25694,-8
25695,0
25696,0
25697,0
25698,8
25699,0
25700,8
25701,8
25702,8
25703,0
25704,8
25705,0
25706,8
25707,8
25708,0
25709,8
25710,0
25711,8
25712,-8
25713,0
25714,8
25715,8
25716,0
25717,0
25718,8
25719,0
25720,0
25721,-8
25722,0
25723,0
25724,0
25725,0
25726,0
25727,0
25728,0
25729,8
25730,0
25731,8
25732,8
25733,8
25734,0
25735,0
25736,0
25737,8
25738,0
25739,0
25740,8
25741,-8
25742,8
25743,0
25744,0
25745,8
25746,0
25747,0
25748,16
25749,24
25750,0
25751,8
25752,8
25753,8
25754,8
25755,8
25756,8
25757,8
25758,8
25759,0
25760,0
25761,8
25762,0
25763,24
25764,0
25765,16
25766,8
25767,0
25768,0
25769,8
25770,0
25771,8
25772,8
25773,8
25774,8
25775,16
25776,0
25777,0
25778,0
25779,0
25780,0
25781,8
25782,0
25783,0
25784,0
25785,8
25786,0
25787,0
25788,8
25789,0
25790,0
25791,8
25792,8
25793,0
25794,8
25795,24
25796,0
25797,8
25798,0
25799,8
25800,8
25801,24
25802,8
25803,0
25804,8
25805,0
25806,8
25807,0
25808,0
25809,0
25810,8
25811,8
25812,0
25813,0
25814,8
25815,0
25816,8
25817,0
25818,8
25819,0
25820,-8
25821,0
25822,0
25823,-8
25824,0
25825,-8
25826,0
25827,-8
25828,8
25829,0
25830,8
25831,-8
25832,0
25833,-8
25834,-8
25835,-8
25836,0
25837,0
25838,0
25839,0
25840,8
25841,0
25842,-8
25843,0
25844,-8
25845,-8
25846,-8
25847,8
25848,0
25849,-16
25850,0
25851,0
25852,0
25853,0
25854,8
25855,0
25856,0
25857,8
25858,-8
25859,8
25860,0
25861,8
25862,0
25863,-8
25864,0
25865,8
25866,-8
25867,0
25868,-8
25869,8
25870,8
25871,8
25872,0
25873,0
25874,8
25875,0
25876,0
25877,0
25878,0
25879,-8
25880,0
25881,8
25882,-8
25883,0
25884,-16
25885,-8
25886,0
25887,0
25888,8
25889,-8
25890,-8
25891,0
25892,0
25893,0
25894,0
25895,0
25896,-8
25897,0
25898,8
25899,0
25900,0
25901,8
25902,-8
25903,0
25904,0
25905,0
25906,0
25907,-8
25908,0
25909,0
25910,0
25911,0
25912,0
25913,8
25914,8
25915,-8
25916,-8
25917,0
25918,-8
25919,-8
25920,8
25921,0
25922,-8
25923,0
25924,0
25925,0
25926,-8
25927,0
25928,8
25929,-8
25930,-8
25931,8
25932,16
25933,0
25934,0
25935,0
25936,0
25937,0
25938,-8
25939,0
25940,16
25941,-8
25942,8
25943,0
25944,8
25945,0
25946,-8
25947,0
25948,0
25949,-8
25950,8
25951,0
25952,0
25953,0
25954,8
25955,0
25956,0
25957,0
25958,0
25959,8
25960,0
25961,0
25962,0
25963,0
25964,0
25965,0
25966,-8
25967,0
25968,0
25969,0
25970,0
25971,0
25972,0
25973,0
25974,8
25975,0
25976,0
25977,0
25978,0
25979,-8
25980,0
25981,-8
25982,0
25983,8
25984,0
25985,0
25986,0
25987,0
25988,0
25989,0
25990,-8
25991,-8
25992,-8
25993,0
25994,-8
25995,8
25996,0
25997,0
25998,0
25999,0
26000,0
26001,8
26002,8
26003,0
26004,0
26005,-8
26006,0
26007,8
26008,8
26009,8
26010,0
26011,0
26012,8
26013,-8
26014,16
26015,16
26016,8
26017,0
26018,16
26019,8
26020,0
26021,8
26022,0
26023,24
26024,8
26025,0
26026,8
26027,0
26028,0
26029,0
26030,0
26031,0
26032,-8
26033,0
26034,8
26035,8
26036,8
26037,8
26038,8
26039,-8
26040,0
26041,0
26042,0
26043,0
26044,8
26045,8
26046,-8
26047,8
26048,-8
26049,0
26050,8
26051,8
26052,-8
26053,0
26054,8
26055,0
26056,0
26057,-8
26058,0
26059,0
26060,8
26061,0
26062,-8
26063,0
26064,0
26065,8
26066,0
26067,8
26068,24
26069,8
26070,8
26071,8
26072,8
26073,0
26074,0
26075,0
26076,0
26077,8
26078,8
26079,0
26080,8
26081,0
26082,0
26083,0
26084,8
26085,8
26086,0
26087,8
26088,0
26089,0
26090,-8
26091,0
26092,8
26093,-8
26094,8
26095,0
26096,0
26097,0
26098,8
26099,8
26100,0
26101,8
26102,0
26103,0
26104,0
26105,0
26106,0
26107,8
26108,8
26109,0
26110,8
26111,0
26112,-8
26113,0
26114,8
26115,8
26116,8
26117,0
26118,0
26119,0
26120,0
26121,0
26122,0
26123,0
26124,0
26125,8
26126,8
26127,0
26128,0
26129,0
26130,8
26131,0
26132,0
26133,-16
26134,-8
26135,8
26136,0
26137,0
26138,8
26139,0
26140,-8
26141,0
26142,0
26143,8
26144,8
26145,8
26146,-8
26147,8
26148,0
26149,-8
26150,-8
26151,0
26152,0
26153,0
26154,0
26155,-8
26156,0
26157,0
26158,-8
26159,0
26160,0
26161,0
26162,0
26163,0
26164,8
26165,0
26166,0
26167,-8
26168,0
26169,8
26170,0
26171,8
26172,8
26173,0
26174,0
26175,0
26176,0
26177,0
26178,0
26179,0
26180,0
26181,0
26182,0
26183,-8
26184,0
26185,8
26186,-8
26187,8
26188,-8
26189,8
26190,0
26191,0
26192,0
26193,8
26194,8
26195,8
26196,0
26197,0
26198,-8
26199,0
26200,8
26201,0
26202,0
26203,8
26204,8
26205,24
26206,0
26207,8
26208,0
26209,8
26210,0
26211,0
26212,0
26213,8
26214,0
26215,8
26216,8
26217,0
26218,-8
26219,-8
26220,0
26221,0
26222,-8
26223,8
26224,8
26225,0
26226,0
26227,24
26228,0
26229,-8
26230,8
26231,0
26232,-8
26233,8
26234,0
26235,8
26236,0
26237,0
26238,-8
26239,0
26240,0
26241,0
26242,0
26243,0
26244,0
26245,0
26246,8
26247,0
26248,0
26249,0
26250,0
26251,0
26252,8
26253,8
26254,8
26255,0
26256,-8
26257,0
26258,-8
26259,-8
26260,8
26261,8
26262,0
26263,0
26264,8
26265,8
26266,0
26267,0
26268,8
26269,8
26270,0
26271,0
26272,0
26273,-8
26274,-8
26275,8
26276,0
26277,8
26278,8
26279,8
26280,8
26281,-8
26282,24
26283,-8
26284,0
26285,0
26286,-8
26287,0
26288,0
26289,0
26290,0
26291,0
26292,0
26293,0
26294,0
26295,8
26296,8
26297,0
26298,0
26299,0
26300,0
26301,0
26302,8
26303,0
26304,0
26305,0
26306,8
26307,0
26308,8
26309,-8
26310,0
26311,0
26312,0
26313,0
26314,0
26315,24
26316,0
26317,0
26318,0
26319,0
26320,8
26321,0
26322,-8
26323,-8
26324,0
26325,0
26326,-8
26327,8
26328,0
26329,0
26330,0
26331,0
26332,0
26333,0
26334,8
26335,0
26336,8
26337,8
26338,0
26339,0
26340,0
26341,-8
26342,8
26343,0
26344,0
26345,0
26346,0
26347,8
26348,-8
26349,8
26350,8
26351,8
26352,8
26353,8
26354,0
26355,8
26356,0
26357,0
26358,0
26359,0
26360,0
26361,8
26362,0
26363,0
26364,0
26365,0
26366,-8
26367,8
26368,0
26369,0
26370,0
26371,8
26372,0
26373,0
26374,0
26375,0
26376,0
26377,-8
26378,8
26379,0
26380,8
26381,0
26382,0
26383,0
26384,8
26385,0
26386,8
26387,0
26388,0
26389,8
26390,8
26391,8
26392,8
26393,0
26394,8
26395,8
26396,0
26397,0
26398,0
26399,8
26400,8
26401,0
26402,8
26403,0
26404,8
26405,0
26406,8
26407,8
26408,0
26409,8
26410,8
26411,-8
26412,0
26413,0
26414,0
26415,8
26416,8
26417,8
26418,-8
26419,8
26420,8
26421,0
26422,0
26423,8
26424,8
26425,0
26426,0
26427,0
26428,0
26429,0
26430,-8
26431,8
26432,0
26433,0
26434,8
26435,0
26436,0
26437,0
26438,8
26439,0
26440,8
26441,16
26442,0
26443,-16
26444,0
26445,0
26446,0
26447,8
26448,0
26449,0
26450,0
26451,8
26452,8
26453,0
26454,0
26455,8
26456,-8
26457,0
26458,-8
26459,0
26460,0
26461,0
26462,0
26463,0
26464,8
26465,16
26466,8
26467,0
26468,8
26469,0
26470,8
26471,-8
26472,8
26473,0
26474,-8
26475,8
26476,0
26477,0
26478,0
26479,0
26480,0
26481,0
26482,8
26483,0
26484,8
26485,0
26486,0
26487,8
26488,-8
26489,-8
26490,8
26491,8
26492,0
26493,0
26494,8
26495,-8
26496,0
26497,8
26498,-8
26499,0
26500,8
26501,0
26502,0
26503,0
26504,0
26505,8
26506,0
26507,0
26508,0
26509,8
26510,8
26511,0
26512,-8
26513,0
26514,0
26515,0
26516,0
26517,0
26518,0
26519,8
26520,-8
26521,0
26522,-8
26523,-8
26524,-8
26525,0
26526,-8
26527,8
26528,8
26529,-8
26530,0
26531,0
26532,0
26533,-8
26534,0
26535,8
26536,-8
26537,8
26538,0
26539,-8
26540,0
26541,8
26542,0
26543,0
26544,-8
26545,-8
26546,0
26547,0
26548,-8
26549,0
26550,0
26551,-16
26552,-8
26553,-8
26554,8
26555,-24
26556,-8
26557,0
26558,0
26559,0
26560,-8
26561,0
26562,0
26563,8
26564,0
26565,-8
26566,0
26567,-8
26568,-8
26569,8
26570,8
26571,0
26572,0
26573,0
26574,0
26575,8
26576,-8
26577,0
26578,0
26579,0
26580,8
26581,-8
26582,8
26583,8
26584,0
26585,0
26586,0
26587,0
26588,-8
26589,8
26590,0
26591,8
26592,0
26593,0
26594,0
26595,0
26596,0
26597,-8
26598,8
26599,0
26600,-8
26601,-8
26602,0
26603,-8
26604,0
26605,8
26606,8
26607,0
26608,0
26609,8
26610,8
26611,0
26612,-8
26613,8
26614,8
26615,0
26616,8
26617,0
26618,0
26619,0
26620,0
26621,0
26622,8
26623,-8
26624,8
26625,0
26626,8
26627,8
26628,-8
26629,8
26630,-8
26631,0
26632,0
26633,8
26634,0
26635,0
26636,0
26637,8
26638,0
26639,8
26640,0
26641,0
26642,0
26643,-8
26644,8
26645,0
26646,0
26647,8
26648,8
26649,0
26650,0
26651,0
26652,0
26653,8
26654,0
26655,0
26656,0
26657,0
26658,0
26659,24
26660,8
26661,8
26662,0
26663,0
26664,-8
26665,0
26666,-8
26667,-8
26668,0
26669,0
26670,-8
26671,0
26672,-8
26673,0
26674,8
26675,8
26676,8
26677,8
26678,0
26679,0
26680,0
26681,0
26682,8
26683,0
26684,8
26685,0
26686,0
26687,-8
26688,8
26689,8
26690,8
26691,0
26692,-8
26693,0
26694,0
26695,0
26696,-8
26697,8
26698,8
26699,0
26700,8
26701,8
26702,0
26703,8
26704,-8
26705,0
26706,0
26707,0
26708,8
26709,8
26710,16
26711,0
26712,8
26713,0
26714,0
26715,8
26716,0
26717,0
26718,8
26719,8
26720,8
26721,0
26722,0
26723,0
26724,8
26725,0
26726,-8
26727,0
26728,-8
26729,0
26730,0
26731,0
26732,-8
26733,-8
26734,0
26735,-8
26736,0
26737,0
26738,8
26739,-8
26740,8
26741,0
26742,0
26743,0
26744,0
26745,8
26746,0
26747,-8
26748,0
26749,16
26750,0
26751,0
26752,8
26753,-8
26754,0
26755,-8
26756,0
26757,8
26758,0
26759,16
26760,8
26761,0
26762,8
26763,-8
26764,8
26765,0
26766,-8
26767,0
26768,8
26769,0
26770,-8
26771,0
26772,8
26773,0
26774,0
26775,8
26776,0
26777,0
26778,8
26779,8
26780,0
26781,0
26782,8
26783,0
26784,0
26785,0
26786,8
26787,8
26788,0
26789,8
26790,8
26791,8
26792,0
26793,0
26794,8
26795,0
26796,0
26797,0
26798,8
26799,8
26800,-8
26801,8
26802,-8
26803,8
26804,0
26805,0
26806,8
26807,0
26808,8
26809,0
26810,0
26811,0
26812,16
26813,8
26814,8
26815,0
26816,0
26817,0
26818,8
26819,0
26820,8
26821,8
26822,0
26823,8
26824,0
26825,0
26826,8
26827,0
26828,0
26829,8
26830,8
26831,8
26832,0
26833,0
26834,8
26835,0
26836,8
26837,0
26838,-8
26839,-8
26840,8
26841,0
26842,8
26843,8
26844,16
26845,0
26846,0
26847,8
26848,0
26849,8
26850,8
26851,0
26852,0
26853,0
26854,0
26855,0
26856,8
26857,0
26858,0
26859,0
26860,-8
26861,0
26862,8
26863,8
26864,0
26865,8
26866,0
26867,0
26868,0
26869,8
26870,0
26871,8
26872,0
26873,0
26874,0
26875,8
26876,0
26877,0
26878,8
26879,8
26880,0
26881,0
26882,24
26883,0
26884,0
26885,0
26886,0
26887,0
26888,0
26889,0
26890,0
26891,8
26892,0
26893,0
26894,0
26895,8
26896,-8
26897,8
26898,8
26899,0
26900,-8
26901,0
26902,0
26903,8
26904,0
26905,0
26906,0
26907,8
26908,0
26909,0
26910,0
26911,0
26912,8
26913,0
26914,-8
26915,8
26916,0
26917,0
26918,0
26919,0
26920,-8
26921,0
26922,0
26923,8
26924,8
26925,8
26926,8
26927,8
26928,0
26929,8
26930,8
26931,0
26932,8
26933,-8
26934,0
26935,0
26936,0
26937,-8
26938,-8
26939,0
26940,-8
26941,8
26942,0
26943,0
26944,8
26945,8
26946,8
26947,0
26948,8
26949,8
26950,0
26951,0
26952,0
26953,16
26954,0
26955,-8
26956,8
26957,8
26958,8
26959,0
26960,0
26961,-8
26962,8
26963,0
26964,8
26965,0
26966,8
26967,0
26968,8
26969,0
26970,8
26971,8
26972,-8
26973,0
26974,0
26975,0
26976,0
26977,0
26978,8
26979,-8
26980,0
26981,0
26982,8
26983,8
26984,8
26985,0
26986,0
26987,0
26988,0
26989,8
26990,8
26991,8
26992,0
26993,8
26994,0
26995,8
26996,0
26997,8
26998,0
26999,16
27000,8
27001,8
27002,0
27003,0
27004,0
27005,0
27006,8
27007,0
27008,0
27009,0
27010,8
27011,0
27012,16
27013,0
27014,0
27015,0
27016,0
27017,8
27018,8
27019,8
27020,8
27021,8
27022,0
27023,0
27024,8
27025,0
27026,0
27027,8
27028,0
27029,8
27030,0
27031,8
27032,0
27033,0
27034,0
27035,0
27036,8
27037,0
27038,8
27039,24
27040,0
27041,0
27042,8
27043,8
27044,8
27045,0
27046,8
27047,8
27048,8
27049,8
27050,0
27051,8
27052,8
27053,16
27054,0
27055,8
27056,0
27057,0
27058,0
27059,8
27060,8
27061,8
27062,0
27063,0
27064,0
27065,8
27066,0
27067,0
27068,8
27069,8
27070,8
27071,8
27072,-8
27073,24
27074,8
27075,0
27076,0
27077,0
27078,8
27079,8
27080,-8
27081,0
27082,0
27083,8
27084,0
27085,8
27086,8
27087,0
27088,8
27089,0
27090,8
27091,0
27092,0
27093,-8
27094,0
27095,8
27096,0
27097,8
27098,-8
27099,8
27100,0
27101,0
27102,0
27103,0
27104,0
27105,0
27106,-8
27107,24
27108,0
27109,0
27110,0
27111,8
27112,0
27113,24
27114,0
27115,0
27116,-8
27117,0
27118,8
27119,0
27120,8
27121,0
27122,0
27123,0
27124,8
27125,-8
27126,0
27127,0
27128,0
27129,0
27130,-8
27131,-8
27132,0
27133,0
27134,0
27135,-8
27136,0
27137,0
27138,8
27139,0
27140,0
27141,-8
27142,0
27143,0
27144,0
27145,0
27146,0
27147,0
27148,8
27149,0
27150,0
27151,0
27152,-8
27153,8
27154,0
27155,0
27156,0
27157,0
27158,0
27159,8
27160,0
27161,0
27162,0
27163,8
27164,0
27165,8
27166,-8
27167,0
27168,-8
27169,-8
27170,-8
27171,8
27172,-8
27173,-8
27174,-8
27175,0
27176,0
27177,0
27178,8
27179,8
27180,0
27181,-8
27182,8
27183,0
27184,8
27185,0
27186,0
27187,0
27188,0
27189,0
27190,0
27191,-8
27192,0
27193,8
27194,0
27195,0
27196,0
27197,0
27198,0
27199,8
27200,-8
27201,0
27202,8
27203,8
27204,-8
27205,-8
27206,0
27207,8
27208,0
27209,0
27210,8
27211,8
27212,0
27213,8
27214,0
27215,0
27216,8
27217,-8
27218,0
27219,0
27220,0
27221,0
27222,16
27223,8
27224,0
27225,8
27226,8
27227,0
27228,8
27229,8
27230,0
27231,0
27232,0
27233,0
27234,0
27235,0
27236,8
27237,8
27238,-8
27239,8
27240,0
27241,0
27242,0
27243,0
27244,0
27245,0
27246,0
27247,0
27248,0
27249,8
27250,0
27251,0
27252,0
27253,8
27254,-8
27255,0
27256,0
27257,0
27258,0
27259,0
27260,-8
27261,0
27262,0
27263,-8
27264,0
27265,8
27266,0
27267,8
27268,0
27269,0
27270,-8
27271,-8
27272,0
27273,8
27274,0
27275,0
27276,0
27277,0
27278,-8
27279,8
27280,8
27281,0
27282,-8
27283,0
27284,8
27285,-8
27286,0
27287,0
27288,-8
27289,-8
27290,0
27291,-8
27292,0
27293,0
27294,0
27295,-8
27296,0
27297,-8
27298,0
27299,-8
27300,-8
27301,0
27302,-16
27303,0
27304,-8
27305,0
27306,0
27307,0
27308,0
27309,24
27310,8
27311,0
27312,8
27313,8
27314,0
27315,8
27316,0
27317,0
27318,0
27319,-8
27320,0
27321,0
27322,8
27323,0
27324,0
27325,16
27326,16
27327,8
27328,0
27329,8
27330,0
27331,-8
27332,0
27333,0
27334,8
27335,0
27336,8
27337,0
27338,0
27339,0
27340,0
27341,0
27342,8
27343,0
27344,8
27345,8
27346,0
27347,0
27348,0
27349,-8
27350,-8
27351,8
27352,0
27353,0
27354,8
27355,0
27356,0
27357,8
27358,8
27359,0
27360,0
27361,8
27362,0
27363,8
27364,16
27365,8
27366,8
27367,0
27368,0
27369,0
27370,8
27371,0
27372,-8
27373,0
27374,8
27375,0
27376,8
27377,8
27378,0
27379,0
27380,0
27381,0
27382,0
27383,8
27384,8
27385,8
27386,8
27387,0
27388,0
27389,0
27390,0
27391,0
27392,8
27393,0
27394,8
27395,16
27396,0
27397,8
27398,0
27399,0
27400,0
27401,0
27402,8
27403,8
27404,0
27405,0
27406,0
27407,0
27408,0
27409,8
27410,16
27411,24
27412,0
27413,8
27414,8
27415,0
27416,0
27417,0
27418,0
27419,0
27420,16
27421,8
27422,0
27423,0
27424,8
27425,24
27426,8
27427,8
27428,8
27429,0
27430,8
27431,8
27432,0
27433,24
27434,0
27435,-8
27436,8
27437,24
27438,8
27439,0
27440,0
27441,0
27442,8
27443,0
27444,8
27445,-8
27446,0
27447,8
27448,8
27449,8
27450,0
27451,0
27452,0
27453,8
27454,0
27455,-8
27456,8
27457,8
27458,0
27459,0
27460,0
27461,8
27462,0
27463,8
27464,0
27465,0
27466,8
27467,8
27468,0
27469,-8
27470,8
27471,8
27472,8
27473,8
27474,0
27475,-8
27476,0
27477,24
27478,0
27479,8
27480,0
27481,8
27482,0
27483,0
27484,8
27485,0
27486,-8
27487,0
27488,0
27489,8
27490,0
27491,8
27492,8
27493,8
27494,8
27495,0
27496,8
27497,0
27498,8
27499,8
27500,0
27501,0
27502,8
27503,0
27504,8
27505,0
27506,0
27507,8
27508,8
27509,0
27510,8
27511,8
27512,8
27513,8
27514,0
27515,8
27516,0
27517,8
27518,0
27519,0
27520,24
27521,8
27522,8
27523,0
27524,0
27525,8
27526,0
27527,16
27528,-8
27529,0
27530,8
27531,0
27532,0
27533,0
27534,0
27535,0
27536,0
27537,8
27538,8
27539,8
27540,8
27541,8
27542,0
27543,0
27544,0
27545,0
27546,8
27547,24
27548,0
27549,0
27550,0
27551,-8
27552,8
27553,0
27554,8
27555,0
27556,8
27557,8
27558,8
27559,0
27560,8
27561,0
27562,0
27563,8
27564,8
27565,8
27566,8
27567,0
27568,0
27569,8
27570,0
27571,0
27572,8
27573,8
27574,8
27575,-8
27576,8
27577,0
27578,0
27579,0
27580,0
27581,16
27582,8
27583,8
27584,8
27585,0
27586,-16
27587,8
27588,0
27589,8
27590,8
27591,0
27592,0
27593,0
27594,8
27595,0
27596,0
27597,0
27598,-8
27599,8
27600,8
27601,0
27602,24
27603,0
27604,0
27605,0
27606,8
27607,0
27608,-8
27609,0
27610,8
27611,0
27612,0
27613,0
27614,0
27615,8
27616,8
27617,0
27618,0
27619,0
27620,8
27621,0
27622,0
27623,0
27624,0
27625,8
27626,8
27627,8
27628,0
27629,0
27630,8
27631,0
27632,0
27633,0
27634,24
27635,8
27636,24
27637,0
27638,0
27639,0
27640,8
27641,8
27642,0
27643,24
27644,0
27645,8
27646,0
27647,0
27648,8
27649,0
27650,0
27651,0
27652,8
27653,8
27654,0
27655,8
27656,8
27657,8
27658,0
27659,0
27660,0
27661,0
27662,24
27663,0
27664,0
27665,0
27666,0
27667,8
27668,8
27669,0
27670,0
27671,8
27672,8
27673,8
27674,8
27675,8
27676,0
27677,0
27678,8
27679,8
27680,0
27681,8
27682,8
27683,16
27684,8
27685,0
27686,0
27687,8
27688,8
27689,0
27690,-8
27691,8
27692,0
27693,16
27694,-8
27695,8
27696,8
27697,0
27698,0
27699,8
27700,0
27701,8
27702,8
27703,0
27704,0
27705,0
27706,0
27707,0
27708,8
27709,0
27710,0
27711,8
27712,8
27713,0
27714,0
27715,0
27716,8
27717,8
27718,0
27719,8
27720,8
27721,8
27722,8
27723,0
27724,0
27725,0
27726,0
27727,0
27728,0
27729,0
27730,0
27731,0
27732,0
27733,0
27734,-8
27735,0
27736,0
27737,0
27738,0
27739,-8
27740,0
27741,0
27742,0
27743,0
27744,0
27745,-16
27746,-8
27747,-8
27748,0
27749,0
27750,-8
27751,8
27752,0
27753,0
27754,8
27755,-8
27756,8
27757,0
27758,8
27759,0
27760,0
27761,0
27762,16
27763,0
27764,8
27765,8
27766,-8
27767,0
27768,8
27769,0
27770,0
27771,0
27772,-8
27773,8
27774,8
27775,0
27776,-8
27777,8
27778,0
27779,0
27780,-8
27781,0
27782,0
27783,0
27784,0
27785,0
27786,0
27787,0
27788,0
27789,8
27790,0
27791,0
27792,0
27793,0
27794,-8
27795,0
27796,0
27797,0
27798,0
27799,0
27800,0
27801,0
27802,0
27803,0
27804,24
27805,0
27806,-16
27807,8
27808,8
27809,8
27810,16
27811,-8
27812,0
27813,0
27814,-8
27815,0
27816,0
27817,16
27818,8
27819,-8
27820,8
27821,8
27822,0
27823,0
27824,8
27825,0
27826,0
27827,0
27828,0
27829,0
27830,8
27831,-8
27832,8
27833,-8
27834,0
27835,0
27836,0
27837,0
27838,0
27839,-8
27840,0
27841,-8
27842,0
27843,8
27844,-8
27845,0
27846,8
27847,0
27848,0
27849,24
27850,-8
27851,0
27852,0
27853,0
27854,8
27855,0
27856,8
27857,0
27858,0
27859,0
27860,8
27861,0
27862,8
27863,16
27864,0
27865,8
27866,0
27867,8
27868,0
27869,8
27870,0
27871,0
27872,0
27873,8
27874,8
27875,8
27876,0
27877,8
27878,0
27879,8
27880,0
27881,0
27882,0
27883,0
27884,8
27885,0
27886,0
27887,0
27888,0
27889,0
27890,0
27891,0
27892,0
27893,0
27894,8
27895,8
27896,8
27897,0
27898,8
27899,8
27900,0
27901,0
27902,0
27903,0
27904,8
27905,0
27906,0
27907,-8
27908,0
27909,-8
27910,8
27911,0
27912,0
27913,0
27914,8
27915,0
27916,8
27917,0
27918,8
27919,0
27920,-8
27921,0
27922,8
27923,0
27924,0
27925,8
27926,-8
27927,8
27928,0
27929,-8
27930,0
27931,0
27932,8
27933,0
27934,0
27935,-8
27936,8
27937,8
27938,8
27939,8
27940,0
27941,0
27942,0
27943,0
27944,8
27945,0
27946,8
27947,8
27948,0
27949,-8
27950,0
27951,-8
27952,0
27953,8
27954,8
27955,0
27956,-8
27957,0
27958,0
27959,8
27960,0
27961,0
27962,-8
27963,8
27964,0
27965,0
27966,8
27967,0
27968,8
27969,16
27970,8
27971,8
27972,-8
27973,0
27974,8
27975,0
27976,16
27977,0
27978,8
27979,8
27980,0
27981,0
27982,0
27983,8
27984,24
27985,0
27986,0
27987,8
27988,0
27989,0
27990,-8
27991,-8
27992,0
27993,-8
27994,0
27995,0
27996,8
27997,8
27998,8
27999,8
28000,8
28001,8
28002,8
28003,0
28004,0
28005,0
28006,16
28007,8
28008,0
28009,0
28010,8
28011,0
28012,0
28013,0
28014,8
28015,8
28016,0
28017,-8
28018,0
28019,-8
28020,8
28021,0
28022,0
28023,0
28024,0
28025,8
28026,0
28027,8
28028,0
28029,8
28030,-8
28031,8
28032,8
28033,0
28034,8
28035,8
28036,8
28037,0
28038,0
28039,0
28040,8
28041,0
28042,0
28043,16
28044,0
28045,0
28046,-8
28047,0
28048,0
28049,0
28050,0
28051,0
28052,0
28053,0
28054,8
28055,0
28056,8
28057,8
28058,0
28059,0
28060,8
28061,0
28062,0
28063,0
28064,8
28065,8
28066,0
28067,0
28068,0
28069,0
28070,0
28071,-8
28072,8
28073,0
28074,0
28075,0
28076,-16
28077,8
28078,0
28079,-8
28080,0
28081,8
28082,8
28083,0
28084,8
28085,0
28086,0
28087,0
28088,0
28089,8
28090,0
28091,8
28092,0
28093,0
28094,8
28095,0
28096,8
28097,24
28098,0
28099,8
28100,8
28101,0
28102,0
28103,0
28104,8
28105,8
28106,8
28107,0
28108,8
28109,0
28110,0
28111,0
28112,0
28113,16
28114,0
28115,8
28116,0
28117,0
28118,16
28119,0
28120,8
28121,8
28122,8
28123,8
28124,0
28125,8
28126,0
28127,8
28128,8
28129,0
28130,0
28131,8
28132,8
28133,0
28134,8
28135,-8
28136,8
28137,0
28138,0
28139,0
28140,8
28141,0
28142,0
28143,8
28144,16
28145,0
28146,0
28147,16
28148,8
28149,0
28150,0
28151,8
28152,8
28153,0
28154,8
28155,0
28156,8
28157,0
28158,0
28159,0
28160,8
28161,0
28162,0
28163,8
28164,8
28165,0
28166,0
28167,8
28168,8
28169,-8
28170,0
28171,0
28172,0
28173,0
28174,0
28175,0
28176,0
28177,0
28178,0
28179,8
28180,0
28181,0
28182,8
28183,8
28184,0
28185,0
28186,8
28187,0
28188,0
28189,0
28190,0
28191,0
28192,0
28193,0
28194,0
28195,0
28196,8
28197,8
28198,8
28199,0
28200,0
28201,8
28202,0
28203,16
28204,0
28205,8
28206,8
28207,-8
28208,0
28209,8
28210,8
28211,0
28212,0
28213,8
28214,0
28215,8
28216,0
28217,0
28218,8
28219,0
28220,8
28221,8
28222,24
28223,16
28224,8
28225,8
28226,8
28227,0
28228,0
28229,8
28230,-8
28231,0
28232,0
28233,0
28234,8
28235,0
28236,8
28237,0
28238,0
28239,0
28240,0
28241,0
28242,0
28243,8
28244,8
28245,8
28246,0
28247,-8
28248,8
28249,-8
28250,0
28251,0
28252,0
28253,8
28254,8
28255,8
28256,0
28257,8
28258,0
28259,8
28260,0
28261,0
28262,8
28263,0
28264,0
28265,0
28266,0
28267,0
28268,8
28269,16
28270,0
28271,-8
28272,8
28273,0
28274,8
28275,8
28276,0
28277,0
28278,8
28279,8
28280,8
28281,0
28282,0
28283,-8
28284,0
28285,8
28286,0
28287,-8
28288,0
28289,0
28290,0
28291,8
28292,8
28293,0
28294,0
28295,0
28296,8
28297,0
28298,0
28299,0
28300,0
28301,0
28302,0
28303,8
28304,0
28305,0
28306,0
28307,8
28308,-8
28309,0
28310,-8
28311,8
28312,8
28313,-8
28314,8
28315,0
28316,0
28317,8
28318,0
28319,-8
28320,0
28321,-8
28322,8
28323,0
28324,8
28325,0
28326,8
28327,-8
28328,-8
28329,8
28330,0
28331,8
28332,0
28333,8
28334,8
28335,0
28336,8
28337,0
28338,0
28339,8
28340,-8
28341,0
28342,8
28343,0
28344,0
28345,0
28346,8
28347,8
28348,0
28349,0
28350,0
28351,0
28352,-8
28353,8
28354,8
28355,8
28356,0
28357,8
28358,8
28359,8
28360,16
28361,16
28362,8
28363,8
28364,0
28365,0
28366,0
28367,0
28368,8
28369,0
28370,8
28371,0
28372,0
28373,8
28374,-8
28375,8
28376,0
28377,0
28378,0
28379,8
28380,8
28381,0
28382,8
28383,0
28384,8
28385,0
28386,8
28387,0
28388,0
28389,8
28390,-8
28391,0
28392,0
28393,8
28394,8
28395,0
28396,0
28397,0
28398,16
28399,0
28400,24
28401,8
28402,8
28403,-8
28404,8
28405,8
28406,-8
28407,8
28408,-8
28409,0
28410,0
28411,8
28412,8
28413,0
28414,0
28415,0
28416,-8
28417,0
28418,8
28419,8
28420,8
28421,0
28422,8
28423,8
28424,0
28425,8
28426,0
28427,0
28428,0
28429,-8
28430,0
28431,16
28432,8
28433,0
28434,8
28435,0
28436,0
28437,0
28438,0
28439,0
28440,0
28441,0
28442,8
28443,0
28444,0
28445,8
28446,-8
28447,0
28448,8
28449,8
28450,0
28451,8
28452,-8
28453,8
28454,0
28455,0
28456,-8
28457,0
28458,0
28459,0
28460,8
28461,8
28462,-8
28463,0
28464,0
28465,8
28466,-8
28467,8
28468,24
28469,0
28470,0
28471,8
28472,0
28473,0
28474,8
28475,0
28476,0
28477,8
28478,0
28479,-8
28480,0
28481,0
28482,8
28483,0
28484,8
28485,0
28486,0
28487,0
28488,0
28489,8
28490,8
28491,0
28492,8
28493,8
28494,8
28495,0
28496,8
28497,8
28498,0
28499,0
28500,0
28501,8
28502,16
28503,0
28504,0
28505,0
28506,0
28507,0
28508,8
28509,24
28510,8
28511,8
28512,8
28513,0
28514,8
28515,8
28516,8
28517,8
28518,0
28519,0
28520,0
28521,0
28522,8
28523,8
28524,8
28525,0
28526,8
28527,-8
28528,0
28529,0
28530,0
28531,0
28532,0
28533,0
28534,8
28535,0
28536,8
28537,0
28538,0
28539,0
28540,0
28541,0
28542,8
28543,0
28544,8
28545,8
28546,8
28547,8
28548,0
28549,0
28550,-8
28551,-8
28552,8
28553,0
28554,0
28555,0
28556,-8
28557,0
28558,8
28559,8
28560,0
28561,0
28562,0
28563,24
28564,-8
28565,-8
28566,0
28567,0
28568,0
28569,8
28570,0
28571,8
28572,8
28573,8
28574,0
28575,0
28576,0
28577,0
28578,0
28579,24
28580,8
28581,0
28582,8
28583,8
28584,8
28585,-8
28586,8
28587,8
28588,8
28589,0
28590,-8
28591,0
28592,8
28593,0
28594,0
28595,8
28596,0
28597,8
28598,16
28599,8
28600,0
28601,8
28602,8
28603,0
28604,0
28605,8
28606,24
28607,0
28608,-8
28609,8
28610,0
28611,0
28612,24
28613,0
28614,-8
28615,8
28616,8
28617,0
28618,-8
28619,0
28620,8
28621,8
28622,0
28623,0
28624,0
28625,0
28626,8
28627,0
28628,8
28629,0
28630,0
28631,-8
28632,8
28633,0
28634,8
28635,0
28636,0
28637,8
28638,-8
28639,-8
28640,0
28641,8
28642,0
28643,0
28644,8
28645,0
28646,0
28647,0
28648,16
28649,0
28650,8
28651,0
28652,8
28653,0
28654,0
28655,0
28656,0
28657,0
28658,-8
28659,0
28660,-8
28661,8
28662,0
28663,0
28664,0
28665,8
28666,8
28667,8
28668,8
28669,8
28670,8
28671,0
28672,0
28673,0
28674,8
28675,8
28676,0
28677,-8
28678,8
28679,0
28680,8
28681,8
28682,0
28683,0
28684,8
28685,-8
28686,0
28687,0
28688,0
28689,0
28690,0
28691,0
28692,0
28693,0
28694,-8
28695,0
28696,0
28697,8
28698,-8
28699,8
28700,0
28701,8
28702,0
28703,0
28704,8
28705,0
28706,8
28707,8
28708,8
28709,0
28710,8
28711,0
28712,8
28713,8
28714,8
28715,8
28716,8
28717,8
28718,0
28719,8
28720,0
28721,8
28722,8
28723,8
28724,-8
28725,0
28726,8
28727,0
28728,8
28729,0
28730,0
28731,8
28732,0
28733,-8
28734,8
28735,8
28736,0
28737,8
28738,0
28739,8
28740,0
28741,16
28742,0
28743,8
28744,0
28745,16
28746,16
28747,0
28748,0
28749,8
28750,0
28751,8
28752,0
28753,0
28754,0
28755,8
28756,8
28757,0
28758,0
28759,0
28760,0
28761,0
28762,8
28763,8
28764,0
28765,0
28766,-8
28767,0
28768,0
28769,0
28770,8
28771,0
28772,0
28773,0
28774,0
28775,8
28776,-8
28777,0
28778,8
28779,-8
28780,0
28781,0
28782,-8
28783,0
28784,-8
28785,0
28786,-8
28787,8
28788,0
28789,0
28790,0
28791,-8
28792,-8
28793,-8
28794,0
28795,-8
28796,-8
28797,0
28798,0
28799,0
28800,8
28801,-8
28802,0
28803,-8
28804,0
28805,8
28806,-8
28807,0
28808,0
28809,0
28810,-8
28811,8
28812,-16
28813,-8
28814,8
28815,0
28816,0
28817,-8
28818,-8
28819,-8
28820,-8
28821,-8
28822,0
28823,-8
28824,8
28825,0
28826,0
28827,0
28828,-8
28829,0
28830,8
28831,-8
28832,-8
28833,-8
28834,0
28835,-8
28836,8
28837,-8
28838,0
28839,0
28840,0
28841,-8
28842,-8
28843,0
28844,0
28845,0
28846,0
28847,0
28848,0
28849,0
28850,0
28851,8
28852,8
28853,-8
28854,8
28855,0
28856,8
28857,-8
28858,0
28859,-8
28860,0
28861,-8
28862,0
28863,0
28864,0
28865,0
28866,0
28867,0
28868,8
28869,0
28870,0
28871,0
28872,0
28873,0
28874,0
28875,0
28876,0
28877,8
28878,8
28879,-8
28880,0
28881,0
28882,0
28883,0
28884,8
28885,0
28886,0
28887,0
28888,-8
28889,0
28890,0
28891,8
28892,8
28893,0
28894,8
28895,-8
28896,8
28897,0
28898,8
28899,0
28900,-8
28901,0
28902,0
28903,-8
28904,0
28905,-8
28906,8
28907,8
28908,-8
28909,0
28910,0
28911,-8
28912,0
28913,0
28914,0
28915,8
28916,0
28917,8
28918,0
28919,8
28920,0
28921,0
28922,8
28923,0
28924,8
28925,16
28926,-8
28927,0
28928,0
28929,0
28930,0
28931,8
28932,0
28933,8
28934,8
28935,8
28936,0
28937,8
28938,8
28939,8
28940,0
28941,0
28942,-8
28943,0
28944,0
28945,8
28946,8
28947,8
28948,0
28949,8
28950,0
28951,0
28952,0
28953,8
28954,8
28955,0
28956,0
28957,8
28958,0
28959,8
28960,-8
28961,8
28962,0
28963,0
28964,8
28965,8
28966,0
28967,0
28968,8
28969,8
28970,0
28971,8
28972,0
28973,8
28974,-8
28975,0
28976,8
28977,0
28978,0
28979,0
28980,0
28981,24
28982,8
28983,0
28984,0
28985,8
28986,0
28987,0
28988,-8
28989,0
28990,-8
28991,0
28992,0
28993,0
28994,0
28995,-8
28996,0
28997,-8
28998,8
28999,0
29000,8
29001,-8
29002,0
29003,0
29004,0
29005,8
29006,0
29007,0
29008,8
29009,8
29010,0
29011,0
29012,0
29013,8
29014,8
29015,8
29016,0
29017,0
29018,8
29019,16
29020,0
29021,0
29022,8
29023,0
29024,24
29025,0
29026,0
29027,0
29028,8
29029,0
29030,0
29031,-8
29032,0
29033,0
29034,0
29035,0
29036,0
29037,0
29038,0
29039,0
29040,0
29041,0
29042,0
29043,0
29044,8
29045,0
29046,8
29047,0
29048,0
29049,-8
29050,8
29051,0
29052,-8
29053,0
29054,8
29055,-8
29056,8
29057,0
29058,0
29059,0
29060,8
29061,0
29062,16
29063,8
29064,0
29065,0
29066,0
29067,0
29068,8
29069,8
29070,-8
29071,-8
29072,0
29073,0
29074,0
29075,-8
29076,0
29077,0
29078,0
29079,-8
29080,0
29081,0
29082,0
29083,0
29084,0
29085,0
29086,8
29087,0
29088,8
29089,0
29090,8
29091,8
29092,0
29093,0
29094,-8
29095,8
29096,8
29097,8
29098,0
29099,0
29100,24
29101,0
29102,-8
29103,0
29104,0
29105,8
29106,0
29107,8
29108,8
29109,0
29110,0
29111,0
29112,8
29113,8
29114,8
29115,8
29116,8
29117,0
29118,0
29119,8
29120,0
29121,8
29122,8
29123,-8
29124,0
29125,0
29126,8
29127,8
29128,0
29129,8
29130,0
29131,0
29132,0
29133,8
29134,0
29135,0
29136,8
29137,0
29138,16
29139,0
29140,0
29141,8
29142,-8
29143,8
29144,8
29145,0
29146,0
29147,-8
29148,0
29149,0
29150,0
29151,0
29152,8
29153,0
29154,0
29155,0
29156,-8
29157,-8
29158,-8
29159,0
29160,0
29161,8
29162,0
29163,8
29164,0
29165,0
29166,8
29167,8
29168,16
29169,8
29170,8
29171,0
29172,0
29173,0
29174,0
29175,0
29176,0
29177,0
29178,8
29179,8
29180,0
29181,0
29182,0
29183,8
29184,0
29185,8
29186,0
29187,0
29188,0
29189,0
29190,0
29191,8
29192,0
29193,0
29194,0
29195,0
29196,-8
29197,8
29198,-8
29199,-8
29200,0
29201,0
29202,8
29203,8
29204,8
29205,8
29206,0
29207,8
29208,0
29209,0
29210,0
29211,8
29212,0
29213,0
29214,0
29215,0
29216,-8
29217,-8
29218,0
29219,8
29220,8
29221,0
29222,0
29223,0
29224,8
29225,0
29226,0
29227,8
29228,0
29229,0
29230,0
29231,0
29232,0
29233,8
29234,8
29235,24
29236,0
29237,8
29238,8
29239,0
29240,8
29241,8
29242,8
29243,8
29244,0
29245,24
29246,0
29247,8
29248,8
29249,0
29250,8
29251,0
29252,8
29253,8
29254,8
29255,0
29256,8
29257,8
29258,-8
29259,8
29260,0
29261,0
29262,0
29263,0
29264,0
29265,8
29266,0
29267,0
29268,8
29269,16
29270,24
29271,0
29272,8
29273,8
29274,0
29275,0
29276,8
29277,8
29278,0
29279,0
29280,8
29281,0
29282,8
29283,8
29284,0
29285,0
29286,0
29287,8
29288,-8
29289,-16
29290,0
29291,8
29292,0
29293,0
29294,8
29295,0
29296,8
29297,-16
29298,8
29299,8
29300,0
29301,8
29302,8
29303,-8
29304,0
29305,0
29306,0
29307,8
29308,8
29309,8
29310,8
29311,8
29312,8
29313,8
29314,0
29315,8
29316,8
29317,0
29318,-8
29319,0
29320,8
29321,8
29322,8
29323,8
29324,0
29325,0
29326,8
29327,8
29328,0
29329,8
29330,0
29331,-8
29332,0
29333,0
29334,-8
29335,0
29336,0
29337,8
29338,0
29339,0
29340,0
29341,0
29342,0
29343,0
29344,8
29345,8
29346,0
29347,0
29348,8
29349,0
29350,0
29351,8
29352,0
29353,0
29354,0
29355,-8
29356,0
29357,0
29358,8
29359,24
29360,0
29361,0
29362,0
29363,0
29364,0
29365,0
29366,-16
29367,0
29368,-8
29369,-8
29370,0
29371,0
29372,0
29373,8
29374,0
29375,0
29376,0
29377,8
29378,-8
29379,8
29380,0
29381,0
29382,-8
29383,0
29384,8
29385,8
29386,0
29387,0
29388,0
29389,-16
29390,0
29391,-8
29392,8
29393,8
29394,8
29395,-8
29396,0
29397,-8
29398,0
29399,0
29400,0
29401,0
29402,-8
29403,8
29404,0
29405,8
29406,0
29407,0
29408,0
29409,0
29410,0
29411,0
29412,-8
29413,0
29414,8
29415,0
29416,0
29417,0
29418,-16
29419,8
29420,0
29421,-8
29422,-8
29423,-8
29424,-8
29425,-8
29426,-16
29427,8
29428,-8
29429,0
29430,8
29431,8
29432,0
29433,0
29434,8
29435,-8
29436,0
29437,0
29438,0
29439,0
29440,-8
29441,-8
29442,0
29443,-8
29444,0
29445,0
29446,0
29447,0
29448,-8
29449,0
29450,0
29451,0
29452,-8
29453,0
29454,0
29455,-8
29456,8
29457,8
29458,0
29459,0
29460,8
29461,8
29462,-8
29463,0
29464,0
29465,0
29466,0
29467,-8
29468,0
29469,0
29470,-8
29471,-8
29472,0
29473,0
29474,-8
29475,-8
29476,0
29477,8
29478,8
29479,-8
29480,-8
29481,0
29482,0
29483,8
29484,-8
29485,8
29486,0
29487,-8
29488,0
29489,0
29490,-8
29491,0
29492,0
29493,-8
29494,8
29495,0
29496,-8
29497,8
29498,-8
29499,0
29500,-8
29501,8
29502,-8
29503,-8
29504,-8
29505,-8
29506,-8
29507,-8
29508,0
29509,0
29510,0
29511,0
29512,8
29513,0
29514,-8
29515,0
29516,8
29517,0
29518,-8
29519,-8
29520,0
29521,-8
29522,8
29523,8
29524,0
29525,-8
29526,-8
29527,0
29528,-8
29529,-8
29530,0
29531,0
29532,0
29533,0
29534,-8
29535,0
29536,-8
29537,8
29538,0
29539,-8
29540,-8
29541,8
29542,0
29543,-8
29544,0
29545,0
29546,16
29547,0
29548,8
29549,0
29550,8
29551,0
29552,0
29553,0
29554,0
29555,0
29556,-8
29557,0
29558,8
29559,0
29560,8
29561,0
29562,0
29563,8
29564,0
29565,0
29566,0
29567,-8
29568,0
29569,0
29570,0
29571,-8
29572,0
29573,0
29574,-8
29575,-8
29576,0
29577,-8
29578,0
29579,8
29580,0
29581,0
29582,-8
29583,-8
29584,0
29585,8
29586,-8
29587,0
29588,0
29589,16
29590,0
29591,0
29592,-8
29593,0
29594,0
29595,0
29596,0
29597,0
29598,0
29599,0
29600,0
29601,-8
29602,0
29603,0
29604,-8
29605,0
29606,-8
29607,-8
29608,-16
29609,0
29610,0
29611,-8
29612,0
29613,0
29614,-8
29615,0
29616,0
29617,0
29618,0
29619,0
29620,0
29621,-8
29622,-8
29623,8
29624,8
29625,0
29626,-8
29627,8
29628,0
29629,0
29630,-8
29631,0
29632,0
29633,0
29634,8
29635,0
29636,0
29637,0
29638,8
29639,8
29640,0
29641,0
29642,0
29643,8
29644,0
29645,8
29646,8
29647,0
29648,0
29649,0
29650,0
29651,0
29652,0
29653,0
29654,0
29655,0
29656,8
29657,0
29658,0
29659,0
29660,8
29661,0
29662,0
29663,0
29664,0
29665,8
29666,8
29667,0
29668,0
29669,16
29670,0
29671,8
29672,0
29673,0
29674,0
29675,0
29676,0
29677,-8
29678,0
29679,8
29680,8
29681,8
29682,0
29683,8
29684,0
29685,0
29686,0
29687,-8
29688,8
29689,0
29690,0
29691,0
29692,0
29693,0
29694,-8
29695,-8
29696,8
29697,8
29698,0
29699,0
29700,0
29701,8
29702,0
29703,0
29704,8
29705,8
29706,8
29707,8
29708,0
29709,8
29710,0
29711,0
29712,0
29713,16
29714,0
29715,0
29716,8
29717,0
29718,0
29719,0
29720,16
29721,0
29722,8
29723,0
29724,8
29725,8
29726,24
29727,0
29728,8
29729,8
29730,0
29731,0
29732,0
29733,0
29734,0
29735,8
29736,0
29737,8
29738,8
29739,24
29740,8
29741,-8
29742,8
29743,0
29744,8
29745,8
29746,0
29747,0
29748,8
29749,8
29750,0
29751,8
29752,0
29753,8
29754,0
29755,0
29756,0
29757,0
29758,8
29759,8
29760,0
29761,0
29762,0
29763,8
29764,8
29765,-8
29766,0
29767,0
29768,8
29769,0
29770,0
29771,8
29772,16
29773,0
29774,0
29775,-8
29776,-8
29777,0
29778,8
29779,0
29780,0
29781,0
29782,8
29783,0
29784,0
29785,8
29786,8
29787,8
29788,0
29789,8
29790,0
29791,0
29792,0
29793,8
29794,0
29795,0
29796,0
29797,0
29798,0
29799,0
29800,0
29801,8
29802,8
29803,0
29804,0
29805,8
29806,8
29807,0
29808,0
29809,0
29810,0
29811,-8
29812,8
29813,0
29814,0
29815,0
29816,8
29817,8
29818,0
29819,-8
29820,0
29821,0
29822,0
29823,8
29824,0
29825,8
29826,8
29827,-8
29828,8
29829,8
29830,0
29831,8
29832,0
29833,-8
29834,0
29835,0
29836,0
29837,0
29838,0
29839,0
29840,8
29841,8
29842,8
29843,0
29844,8
29845,0
29846,0
29847,0
29848,0
29849,8
29850,24
29851,0
29852,0
29853,0
29854,8
29855,8
29856,8
29857,0
29858,0
29859,0
29860,16
29861,8
29862,0
29863,8
29864,0
29865,8
29866,0
29867,0
29868,0
29869,0
29870,8
29871,24
29872,0
29873,0
29874,8
29875,-8
29876,8
29877,8
29878,8
29879,8
29880,8
29881,0
29882,24
29883,0
29884,0
29885,8
29886,0
29887,8
29888,0
29889,8
29890,8
29891,0
29892,8
29893,0
29894,0
29895,0
29896,8
29897,16
29898,8
29899,0
29900,8
29901,24
29902,8
29903,8
29904,8
29905,0
29906,0
29907,0
29908,0
29909,0
29910,8
29911,8
29912,0
29913,8
29914,0
29915,8
29916,8
29917,16
29918,0
29919,-8
29920,8
29921,8
29922,0
29923,8
29924,8
29925,0
29926,0
29927,0
29928,8
29929,0
29930,0
29931,-8
29932,0
29933,8
29934,8
29935,0
29936,0
29937,8
29938,8
29939,0
29940,-8
29941,0
29942,0
29943,0
29944,0
29945,0
29946,-8
29947,0
29948,0
29949,0
29950,0
29951,8
29952,0
29953,8
29954,-8
29955,0
29956,0
29957,8
29958,0
29959,8
29960,0
29961,0
29962,8
29963,0
29964,8
29965,-8
29966,8
29967,0
29968,-8
29969,0
29970,8
29971,0
29972,-8
29973,-8
29974,0
29975,-8
29976,0
29977,8
29978,8
29979,0
29980,0
29981,0
29982,8
29983,0
29984,8
29985,0
29986,-8
29987,-8
29988,0
29989,-8
29990,-8
29991,-8
29992,8
29993,-8
29994,8
29995,0
29996,8
29997,0
29998,0
29999,0
30000,8
30001,0
30002,0
30003,0
30004,0
30005,0
30006,8
30007,8
30008,0
30009,8
30010,0
30011,8
30012,8
30013,0
30014,0
30015,8
30016,8
30017,8
30018,0
30019,0
30020,0
30021,0
30022,8
30023,8
30024,0
30025,24
30026,8
30027,0
30028,-8
30029,0
30030,0
30031,0
30032,8
30033,0
30034,0
30035,8
30036,8
30037,0
30038,0
30039,8
30040,8
30041,0
30042,8
30043,0
30044,8
30045,0
30046,8
30047,0
30048,0
30049,0
30050,8
30051,0
30052,8
30053,8
30054,8
30055,0
30056,8
30057,8
30058,8
30059,0
30060,0
30061,0
30062,8
30063,0
30064,0
30065,0
30066,8
30067,0
30068,0
30069,8
30070,0
30071,0
30072,0
30073,0
30074,8
30075,0
30076,8
30077,8
30078,0
30079,8
30080,0
30081,0
30082,8
30083,0
30084,8
30085,0
30086,0
30087,0
30088,0
30089,8
30090,8
30091,-8
30092,8
30093,-8
30094,0
30095,8
30096,-8
30097,8
30098,0
30099,8
30100,0
30101,8
30102,0
30103,8
30104,0
30105,8
30106,8
30107,0
30108,8
30109,0
30110,8
30111,0
30112,0
30113,8
30114,0
30115,8
30116,0
30117,0
30118,8
30119,0
30120,8
30121,8
30122,-8
30123,0
30124,0
30125,8
30126,0
30127,0
30128,0
30129,8
30130,8
30131,0
30132,0
30133,-8
30134,0
30135,8
30136,8
30137,8
30138,-8
30139,0
30140,0
30141,-8
30142,8
30143,8
30144,0
30145,-8
30146,0
30147,0
30148,-8
30149,0
30150,0
30151,-8
30152,-8
30153,0
30154,0
30155,-8
30156,0
30157,0
30158,8
30159,0
30160,0
30161,0
30162,-8
30163,0
30164,0
30165,0
30166,0
30167,-8
30168,8
30169,0
30170,0
30171,-8
30172,0
30173,8
30174,8
30175,-8
30176,0
30177,-8
30178,8
30179,-8
30180,-8
30181,0
30182,0
30183,-8
30184,-8
30185,8
30186,0
30187,0
30188,0
30189,0
30190,0
30191,8
30192,0
30193,0
30194,0
30195,-8
30196,0
30197,-8
30198,0
30199,-8
30200,8
30201,0
30202,0
30203,0
30204,0
30205,0
30206,-8
30207,0
30208,0
30209,0
30210,0
30211,0
30212,0
30213,-8
30214,0
30215,-8
30216,8
30217,0
30218,0
30219,-8
30220,8
30221,8
30222,0
30223,0
30224,0
30225,0
30226,0
30227,0
30228,0
30229,0
30230,0
30231,-8
30232,-8
30233,0
30234,16
30235,8
30236,-8
30237,24
30238,0
30239,8
30240,0
30241,0
30242,0
30243,0
30244,0
30245,0
30246,0
30247,-8
30248,0
30249,-8
30250,-8
30251,8
30252,0
30253,-8
30254,8
30255,8
30256,8
30257,0
30258,0
30259,0
30260,-8
30261,-8
30262,8
30263,8
30264,0
30265,0
30266,0
30267,-8
30268,-8
30269,-8
30270,0
30271,0
30272,8
30273,-8
30274,0
30275,0
30276,0
30277,8
30278,8
30279,0
30280,0
30281,8
30282,0
30283,8
30284,8
30285,0
30286,0
30287,-8
30288,-8
30289,0
30290,0
30291,-8
30292,8
30293,8
30294,0
30295,0
30296,0
30297,0
30298,8
30299,24
30300,0
30301,-8
30302,0
30303,0
30304,0
30305,8
30306,0
30307,8
30308,0
30309,0
30310,0
30311,0
30312,8
30313,0
30314,8
30315,8
30316,0
30317,8
30318,0
30319,8
30320,8
30321,0
30322,0
30323,8
30324,0
30325,0
30326,0
30327,8
30328,8
30329,8
30330,0
30331,8
30332,16
30333,0
30334,24
30335,8
30336,0
30337,0
30338,8
30339,8
30340,0
30341,0
30342,-8
30343,0
30344,16
30345,0
30346,0
30347,-8
30348,8
30349,0
30350,0
30351,0
30352,8
30353,8
30354,0
30355,0
30356,0
30357,0
30358,0
30359,-8
30360,0
30361,8
30362,0
30363,8
30364,8
30365,0
30366,8
30367,-8
30368,-8
